name,datetime,tempmax,tempmin,temp,feelslikemax,feelslikemin,feelslike,dew,humidity,precip,precipprob,precipcover,windspeed,winddir,sealevelpressure,cloudcover,visibility,solarradiation,solarenergy,uvindex,sunrise,sunset,moonphase,conditions,description,icon,stations
"Penal-Debe, Trinidad, Trinidad And Tobago",2025-04-27,86.2,75.3,80.9,90.7,75.3,83.4,70.9,72.5,0.0,0,0.0,15.0,110.2,1011.9,58.5,7.7,261.7,22.5,9,2025-04-27T05:49:42,2025-04-27T18:17:18,0.0,Partially cloudy,Partly cloudy throughout the day.,partly-cloudy-day,"78970011634,TTPP,TDW00011634"
"Penal-Debe, Trinidad, Trinidad And Tobago",2025-04-28,88.0,76.8,82.1,98.0,76.8,86.6,74.0,77.0,0.0,0,0.0,17.2,106.5,1012.4,61.6,7.5,291.1,25.2,10,2025-04-28T05:49:19,2025-04-28T18:17:24,0.03,Partially cloudy,Partly cloudy throughout the day.,partly-cloudy-day,"78970011634,TTPP,TDW00011634"
"Penal-Debe, Trinidad, Trinidad And Tobago",2025-04-29,89.4,76.8,82.3,102.0,76.8,88.1,75.3,80.1,0.0,0,0.0,16.1,114.9,1012.1,63.2,6.9,269.0,23.3,9,2025-04-29T05:48:56,2025-04-29T18:17:30,0.06,Partially cloudy,Partly cloudy throughout the day.,partly-cloudy-day,"78970011634,3EBY2,TTPP,TDW00011634"
"Penal-Debe, Trinidad, Trinidad And Tobago",2025-04-30,88.0,75.3,81.8,97.0,75.3,85.2,72.1,73.8,0.0,0,0.0,13.9,109.5,1011.2,73.0,6.0,275.7,23.8,10,2025-04-30T05:48:34,2025-04-30T18:17:37,0.1,Partially cloudy,Partly cloudy throughout the day.,partly-cloudy-day,"78970011634,3EBY2,TTPP,TDW00011634"
"Penal-Debe, Trinidad, Trinidad And Tobago",2025-05-01,89.5,76.9,82.3,94.8,76.9,85.5,72.0,72.3,0.0,0,0.0,15.0,107.1,1011.4,63.6,7.0,265.3,22.8,9,2025-05-01T05:48:13,2025-05-01T18:17:44,0.13,Partially cloudy,Partly cloudy throughout the day.,partly-cloudy-day,"78970011634,TTPP,TDW00011634"
"Penal-Debe, Trinidad, Trinidad And Tobago",2025-05-02,89.7,75.3,82.1,102.1,75.3,88.2,74.5,78.4,0.0,0,0.0,13.9,99.4,1011.4,57.3,7.3,251.1,21.8,8,2025-05-02T05:47:52,2025-05-02T18:17:52,0.16,Partially cloudy,Partly cloudy throughout the day.,partly-cloudy-day,"78970011634,TTPP,TDW00011634"
"Penal-Debe, Trinidad, Trinidad And Tobago",2025-05-03,82.6,75.2,79.3,91.3,75.2,82.7,76.0,89.7,0.476,100,8.33,13.9,107.4,1011.8,73.1,5.9,205.7,17.6,7,2025-05-03T05:47:32,2025-05-03T18:18:00,0.2,"Rain, Partially cloudy",Partly cloudy throughout the day with rain in the morning and afternoon.,rain,"78970011634,TTPP,TDW00011634"
"Penal-Debe, Trinidad, Trinidad And Tobago",2025-05-04,89.4,75.4,81.5,100.0,75.4,87.2,76.3,84.8,0.0,0,0.0,15.0,104.1,1012.0,69.1,6.9,174.8,15.1,7,2025-05-04T05:47:13,2025-05-04T18:18:08,0.25,Partially cloudy,Partly cloudy throughout the day.,partly-cloudy-day,"78970011634,TTPP,TDW00011634"
"Penal-Debe, Trinidad, Trinidad And Tobago",2025-05-05,89.5,77.2,82.3,102.5,77.2,88.8,76.7,83.7,0.043,100,8.33,13.9,105.3,1012.3,76.5,6.5,122.9,10.7,4,2025-05-05T05:46:54,2025-05-05T18:18:17,0.26,"Rain, Partially cloudy",Partly cloudy throughout the day with rain in the morning and afternoon.,rain,"78970011634,3EBY2,TTPP,TDW00011634"
"Penal-Debe, Trinidad, Trinidad And Tobago",2025-05-06,89.6,77.1,82.6,102.3,77.1,88.4,75.9,80.9,0.0,0,0.0,18.3,97.1,1011.8,44.5,7.5,277.5,23.9,10,2025-05-06T05:46:36,2025-05-06T18:18:26,0.3,Partially cloudy,Partly cloudy throughout the day.,partly-cloudy-day,"78970011634,3EBY2,TTPP,TDW00011634"
"Penal-Debe, Trinidad, Trinidad And Tobago",2025-05-07,89.5,75.0,82.1,102.3,75.0,88.1,75.1,80.3,0.0,0,0.0,16.1,113.4,1012.0,60.5,7.6,267.9,23.1,9,2025-05-07T05:46:19,2025-05-07T18:18:35,0.33,Partially cloudy,Partly cloudy throughout the day.,partly-cloudy-day,"78970011634,3EBY2,TTPP,TDW00011634"
"Penal-Debe, Trinidad, Trinidad And Tobago",2025-05-08,89.4,77.2,82.6,102.0,77.2,88.7,75.5,80.0,0.0,0,0.0,15.6,103.8,1013.0,71.4,7.2,188.8,16.4,7,2025-05-08T05:46:03,2025-05-08T18:18:45,0.36,Partially cloudy,Partly cloudy throughout the day.,partly-cloudy-day,"78970011634,3EBY2,TTPP,TDW00011634"
"Penal-Debe, Trinidad, Trinidad And Tobago",2025-05-09,87.8,76.9,81.3,99.7,76.9,86.5,76.2,85.0,0.039,100,4.17,15.0,105.5,1013.0,73.4,7.0,240.0,20.8,8,2025-05-09T05:45:47,2025-05-09T18:18:55,0.4,"Rain, Partially cloudy",Partly cloudy throughout the day with late afternoon rain.,rain,"78970011634,3EBY2,TTPP,TDW00011634"
"Penal-Debe, Trinidad, Trinidad And Tobago",2025-05-10,87.6,75.3,80.6,99.9,75.3,85.4,76.1,86.7,0.012,100,4.17,15.0,107.6,1014.8,69.7,6.9,189.3,16.2,7,2025-05-10T05:45:32,2025-05-10T18:19:06,0.43,"Rain, Partially cloudy",Partly cloudy throughout the day with afternoon rain.,rain,"78970011634,3EBY2,TTPP,TDW00011634"
"Penal-Debe, Trinidad, Trinidad And Tobago",2025-05-11,89.3,75.1,81.6,99.9,75.1,86.1,74.6,80.5,0.0,0,0.0,17.2,96.9,1014.5,37.0,8.2,289.3,24.8,10,2025-05-11T05:45:18,2025-05-11T18:19:17,0.47,Partially cloudy,Partly cloudy throughout the day.,partly-cloudy-day,"78970011634,TTPP,TDW00011634"
"Penal-Debe, Trinidad, Trinidad And Tobago",2025-05-12,91.3,74.9,81.9,102.7,74.9,88.1,75.2,80.9,0.0,0,0.0,14.5,113.5,1014.1,47.8,7.8,249.7,21.7,8,2025-05-12T05:45:05,2025-05-12T18:19:28,0.5,Partially cloudy,Partly cloudy throughout the day.,partly-cloudy-day,"78970011634,3EBY2,TTPP,TDW00011634"
"Penal-Debe, Trinidad, Trinidad And Tobago",2025-05-13,89.3,77.0,81.8,102.2,77.0,87.0,76.1,83.7,0.016,100,4.17,17.2,103.4,1012.6,53.6,6.7,242.4,21.1,9,2025-05-13T05:44:53,2025-05-13T18:19:40,0.53,"Rain, Partially cloudy",Partly cloudy throughout the day with afternoon rain.,rain,"78970011634,TTPP,TDW00011634"
"Penal-Debe, Trinidad, Trinidad And Tobago",2025-05-14,82.3,76.8,78.7,92.0,76.8,81.1,76.0,91.5,0.642,100,12.5,13.9,103.0,1012.6,68.4,6.3,242.4,20.9,8,2025-05-14T05:44:41,2025-05-14T18:19:52,0.57,"Rain, Partially cloudy",Partly cloudy throughout the day with rain.,rain,"78970011634,TTPP,TDW00011634"
"Penal-Debe, Trinidad, Trinidad And Tobago",2025-05-15,87.6,76.7,81.9,101.8,76.7,88.5,76.7,85.1,0.039,100,4.17,18.3,97.4,1012.6,55.5,5.9,237.4,20.4,9,2025-05-15T05:44:30,2025-05-15T18:20:04,0.6,"Rain, Partially cloudy",Partly cloudy throughout the day with morning rain.,rain,"78970011634,TTPP,TDW00011634"
"Penal-Debe, Trinidad, Trinidad And Tobago",2025-05-16,87.7,76.8,81.2,101.8,76.8,86.6,76.8,86.9,0.079,100,4.17,16.1,102.2,1012.5,64.6,5.8,221.2,19.2,8,2025-05-16T05:44:20,2025-05-16T18:20:17,0.64,"Rain, Partially cloudy",Partly cloudy throughout the day with afternoon rain.,rain,"78970011634,TTPP,TDW00011634"
"Penal-Debe, Trinidad, Trinidad And Tobago",2025-05-17,86.0,75.4,79.5,99.4,75.4,82.7,76.9,91.9,0.488,100,12.5,16.1,114.5,1012.4,74.3,5.1,216.0,18.8,8,2025-05-17T05:44:11,2025-05-17T18:20:30,0.67,"Rain, Partially cloudy",Partly cloudy throughout the day with rain.,rain,"78970011634,TTPP,TDW00011634"
"Penal-Debe, Trinidad, Trinidad And Tobago",2025-05-18,80.2,73.6,77.0,86.0,73.6,77.2,75.4,95.1,3.564,100,12.5,10.3,100.1,1013.4,77.7,4.2,87.2,7.4,4,2025-05-18T05:44:02,2025-05-18T18:20:43,0.71,"Rain, Partially cloudy",Partly cloudy throughout the day with rain.,rain,"78970011634,3EBY2,TTPP,TDW00011634"
"Penal-Debe, Trinidad, Trinidad And Tobago",2025-05-19,84.4,77.0,78.8,96.6,77.0,81.6,76.6,93.2,0.209,100,12.5,12.8,120.6,1013.4,74.7,5.8,103.2,8.8,3,2025-05-19T05:43:54,2025-05-19T18:20:57,0.74,"Rain, Partially cloudy",Partly cloudy throughout the day with rain.,rain,"78970011634,3EBY2,TTPP,TDW00011634"
"Penal-Debe, Trinidad, Trinidad And Tobago",2025-05-20,85.8,77.1,80.9,98.7,77.1,86.2,77.1,88.7,0.028,100,8.33,15.0,113.4,1013.3,75.4,5.6,151.1,13.0,7,2025-05-20T05:43:47,2025-05-20T18:21:11,0.75,"Rain, Partially cloudy",Partly cloudy throughout the day with rain.,rain,"78970011634,3EBY2,TTPP,TDW00011634"
"Penal-Debe, Trinidad, Trinidad And Tobago",2025-05-21,82.3,75.4,78.9,93.4,75.4,82.4,77.1,94.2,0.079,100,4.17,11.4,106.3,1013.7,70.9,5.3,147.8,12.9,6,2025-05-21T05:43:41,2025-05-21T18:21:25,0.81,"Rain, Partially cloudy",Partly cloudy throughout the day with afternoon rain.,rain,"78970011634,3EBY2,TTPP,TDW00011634"
"Penal-Debe, Trinidad, Trinidad And Tobago",2025-05-22,87.6,76.8,80.0,99.9,76.8,83.2,76.4,89.3,0.24,100,8.33,17.2,104.8,1014.1,74.5,5.5,233.2,20.1,8,2025-05-22T05:43:36,2025-05-22T18:21:39,0.85,"Rain, Partially cloudy",Partly cloudy throughout the day with rain.,rain,"78970011634,3EBY2,TTPP,TDW00011634"
"Penal-Debe, Trinidad, Trinidad And Tobago",2025-05-23,87.5,77.0,80.9,97.5,77.0,85.2,75.9,85.7,0.0,0,0.0,16.1,103.4,1015.2,76.6,6.6,281.5,24.4,9,2025-05-23T05:43:31,2025-05-23T18:21:54,0.88,Partially cloudy,Partly cloudy throughout the day.,partly-cloudy-day,"78970011634,3EBY2,TTPP,TDW00011634"
"Penal-Debe, Trinidad, Trinidad And Tobago",2025-05-24,86.0,76.9,81.6,97.3,76.9,87.2,75.9,83.3,0.012,100,4.17,20.8,103.2,1015.0,48.8,6.1,262.8,22.8,9,2025-05-24T05:43:27,2025-05-24T18:22:09,0.91,"Rain, Partially cloudy",Partly cloudy throughout the day with morning rain.,rain,"78970011634,3EBY2,TTPP,TDW00011634"
"Penal-Debe, Trinidad, Trinidad And Tobago",2025-05-25,85.7,76.8,79.5,98.6,76.8,82.4,76.9,92.0,0.799,100,12.5,17.2,103.7,1015.0,75.5,4.0,109.4,9.4,4,2025-05-25T05:43:24,2025-05-25T18:22:24,0.95,"Rain, Partially cloudy",Partly cloudy throughout the day with rain.,rain,"78970011634,3EBY2,TTPP,TDW00011634"
"Penal-Debe, Trinidad, Trinidad And Tobago",2025-05-26,86.4,77.0,80.9,99.5,77.0,85.9,76.7,87.2,0.079,100,4.17,17.2,100.1,1015.0,51.5,4.6,260.6,22.5,9,2025-05-26T05:43:22,2025-05-26T18:22:39,0.0,"Rain, Partially cloudy",Partly cloudy throughout the day with morning rain.,rain,"78970011634,3EBY2,TTPP,TDW00011634"
"Penal-Debe, Trinidad, Trinidad And Tobago",2025-05-27,82.6,76.8,79.7,92.8,76.8,82.9,76.2,89.3,0.232,100,8.33,13.9,97.1,1015.4,62.7,5.6,189.7,16.2,7,2025-05-27T05:43:20,2025-05-27T18:22:55,0.02,"Rain, Partially cloudy",Partly cloudy throughout the day with rain in the morning and afternoon.,rain,"78970011634,3EBY2,TTPP,TDW00011634"
"Penal-Debe, Trinidad, Trinidad And Tobago",2025-05-28,85.8,74.9,79.8,97.0,74.9,84.0,75.9,88.2,0.051,100,8.33,17.2,96.3,1015.5,78.3,6.3,236.6,20.5,8,2025-05-28T05:43:20,2025-05-28T18:23:10,0.05,"Rain, Partially cloudy",Partly cloudy throughout the day with rain.,rain,"78970011634,TTPP,TDW00011634"
"Penal-Debe, Trinidad, Trinidad And Tobago",2025-05-29,86.0,78.5,81.2,99.5,78.5,86.8,77.6,89.1,0.079,100,4.17,16.1,104.1,1015.3,62.4,7.0,163.4,14.1,5,2025-05-29T05:43:20,2025-05-29T18:23:26,0.08,"Rain, Partially cloudy",Partly cloudy throughout the day with morning rain.,rain,"78970011634,TTPP,TDW00011634"
"Penal-Debe, Trinidad, Trinidad And Tobago",2025-05-30,86.0,77.1,80.8,99.0,77.1,85.2,77.1,88.9,0.354,100,8.33,14.9,93.3,1015.0,76.5,7.4,210.9,18.0,8,2025-05-30T05:43:20,2025-05-30T18:23:42,0.12,"Rain, Partially cloudy",Partly cloudy throughout the day with rain in the morning and afternoon.,rain,"78970011634,3EBY2,TTPP,TDW00011634"
"Penal-Debe, Trinidad, Trinidad And Tobago",2025-05-31,86.2,76.9,80.7,98.7,76.9,85.1,76.8,88.3,0.98,100,8.33,18.3,105.3,1015.1,71.9,4.7,246.8,21.3,8,2025-05-31T05:43:22,2025-05-31T18:23:58,0.15,"Rain, Partially cloudy",Partly cloudy throughout the day with rain.,rain,"78970011634,3EBY2,TTPP,TDW00011634"
"Penal-Debe, Trinidad, Trinidad And Tobago",2025-06-01,84.3,78.6,81.1,97.7,78.6,87.7,77.8,89.6,0.087,100,8.33,18.3,102.5,1016.1,79.8,3.4,195.2,16.9,7,2025-06-01T05:43:24,2025-06-01T18:24:14,0.18,"Rain, Partially cloudy",Partly cloudy throughout the day with rain.,rain,"78970011634,3EBY2,TTPP,TDW00011634"
"Penal-Debe, Trinidad, Trinidad And Tobago",2025-06-02,87.5,78.5,82.1,99.6,78.5,87.9,75.9,82.0,0.512,100,4.17,17.2,98.8,1016.5,65.4,4.2,259.8,22.5,8,2025-06-02T05:43:27,2025-06-02T18:24:31,0.25,"Rain, Partially cloudy",Partly cloudy throughout the day with morning rain.,rain,"78970011634,TTPP,TDW00011634"
"Penal-Debe, Trinidad, Trinidad And Tobago",2025-06-03,87.6,76.7,80.9,97.7,76.7,85.4,75.5,84.4,0.02,100,8.33,15.0,107.2,1014.9,57.8,5.1,275.2,23.8,9,2025-06-03T05:43:31,2025-06-03T18:24:47,0.25,"Rain, Partially cloudy",Partly cloudy throughout the day with rain.,rain,"78970011634,TTPP,TDW00011634"
"Penal-Debe, Trinidad, Trinidad And Tobago",2025-06-04,86.2,75.0,80.4,96.4,75.0,84.3,74.7,83.3,0.161,100,4.17,17.2,94.2,1014.2,53.5,7.2,271.5,23.4,9,2025-06-04T05:43:35,2025-06-04T18:25:03,0.28,"Rain, Partially cloudy",Partly cloudy throughout the day with morning rain.,rain,"78970011634,3EBY2,TTPP,TDW00011634"
"Penal-Debe, Trinidad, Trinidad And Tobago",2025-06-05,86.2,75.2,79.7,97.4,75.2,83.3,75.3,86.8,0.091,100,12.5,16.1,105.3,1014.0,61.7,7.1,212.2,18.4,8,2025-06-05T05:43:40,2025-06-05T18:25:19,0.31,"Rain, Partially cloudy",Partly cloudy throughout the day with rain.,rain,"78970011634,3EBY2,TTPP,TDW00011634"
"Penal-Debe, Trinidad, Trinidad And Tobago",2025-06-06,84.2,76.8,79.7,95.9,76.8,83.4,76.0,89.2,1.567,100,8.33,18.3,100.0,1014.3,76.4,6.5,164.0,14.3,5,2025-06-06T05:43:45,2025-06-06T18:25:35,0.35,"Rain, Partially cloudy",Partly cloudy throughout the day with rain in the morning and afternoon.,rain,"78970011634,3EBY2,TTPP,TDW00011634"
"Penal-Debe, Trinidad, Trinidad And Tobago",2025-06-07,86.1,77.2,80.4,99.2,77.2,85.2,77.2,90.3,0.201,100,8.33,13.9,105.9,1014.3,71.0,5.8,246.3,21.2,9,2025-06-07T05:43:51,2025-06-07T18:25:52,0.38,"Rain, Partially cloudy",Partly cloudy throughout the day with rain.,rain,"78970011634,3EBY2,TTPP,TDW00011634"
"Penal-Debe, Trinidad, Trinidad And Tobago",2025-06-08,86.1,76.8,80.9,99.2,76.8,85.7,76.1,85.9,0.004,100,4.17,20.8,98.1,1014.1,53.0,4.4,260.7,22.4,9,2025-06-08T05:43:58,2025-06-08T18:26:08,0.41,"Rain, Partially cloudy",Partly cloudy throughout the day with morning rain.,rain,"78970011634,3EBY2,TTPP,TDW00011634"
"Penal-Debe, Trinidad, Trinidad And Tobago",2025-06-09,87.8,77.0,80.7,99.5,77.0,84.3,75.7,85.4,0.055,100,8.33,18.3,100.6,1014.0,69.4,4.8,251.8,21.7,9,2025-06-09T05:44:06,2025-06-09T18:26:24,0.45,"Rain, Partially cloudy",Partly cloudy throughout the day with rain.,rain,"78970011634,3EBY2,TTPP,TDW00011634"
"Penal-Debe, Trinidad, Trinidad And Tobago",2025-06-10,80.4,75.0,77.1,87.5,75.0,77.4,75.8,95.8,1.22,100,12.5,18.3,111.0,1014.6,72.5,5.4,128.0,11.1,6,2025-06-10T05:44:14,2025-06-10T18:26:39,0.48,"Rain, Partially cloudy",Partly cloudy throughout the day with rain.,rain,"78970011634,3EBY2,TTPP,TDW00011634"
"Penal-Debe, Trinidad, Trinidad And Tobago",2025-06-11,82.2,75.1,77.4,91.8,75.1,78.7,76.2,96.2,0.276,100,8.33,13.9,113.9,1014.6,75.0,5.0,100.5,8.6,4,2025-06-11T05:44:22,2025-06-11T18:26:55,0.5,"Rain, Partially cloudy",Partly cloudy throughout the day with rain in the morning and afternoon.,rain,"78970011634,3EBY2,TTPP,TDW00011634"
"Penal-Debe, Trinidad, Trinidad And Tobago",2025-06-12,79.4,75.0,76.9,79.4,75.0,76.9,75.4,95.3,5.626,100,12.5,15.0,96.4,1014.6,79.4,5.6,120.1,10.4,5,2025-06-12T05:44:31,2025-06-12T18:27:11,0.55,"Rain, Partially cloudy",Partly cloudy throughout the day with rain.,rain,"78970011634,3EBY2,TTPP,TDW00011634,remote"
"Penal-Debe, Trinidad, Trinidad And Tobago",2025-06-13,85.8,76.8,80.6,96.7,76.8,85.3,76.0,86.3,0.398,100,4.17,23.0,103.7,1014.4,73.2,5.1,105.3,9.0,4,2025-06-13T05:44:41,2025-06-13T18:27:26,0.58,"Rain, Partially cloudy",Partly cloudy throughout the day with morning rain.,rain,"78970011634,3EBY2,TTPP,TDW00011634"
"Penal-Debe, Trinidad, Trinidad And Tobago",2025-06-14,85.8,76.8,80.1,95.0,76.8,83.5,75.2,85.7,0.039,100,4.17,18.3,105.5,1015.9,61.7,5.3,265.9,22.8,9,2025-06-14T05:44:51,2025-06-14T18:27:41,0.62,"Rain, Partially cloudy",Partly cloudy throughout the day with late afternoon rain.,rain,"78970011634,3EBY2,TTPP,TDW00011634"
"Penal-Debe, Trinidad, Trinidad And Tobago",2025-06-15,87.6,75.2,80.7,97.7,75.2,85.2,75.6,85.2,0.039,100,4.17,16.1,104.5,1016.5,35.1,6.8,266.8,22.9,9,2025-06-15T05:45:01,2025-06-15T18:27:56,0.65,"Rain, Partially cloudy",Partly cloudy throughout the day with morning rain.,rain,"78970011634,TTPP,TDW00011634"
"Penal-Debe, Trinidad, Trinidad And Tobago",2025-06-16,87.6,77.2,81.3,99.9,77.2,86.3,76.0,84.3,0.012,100,8.33,17.2,109.4,1015.3,42.5,6.9,239.5,20.6,8,2025-06-16T05:45:12,2025-06-16T18:28:11,0.69,"Rain, Partially cloudy",Partly cloudy throughout the day with rain in the morning and afternoon.,rain,"78970011634,TTPP,TDW00011634"
"Penal-Debe, Trinidad, Trinidad And Tobago",2025-06-17,86.0,76.9,80.8,99.1,76.9,86.5,77.1,88.6,0.043,100,8.33,15.1,108.7,1014.9,72.0,6.7,251.6,21.6,8,2025-06-17T05:45:24,2025-06-17T18:28:25,0.72,"Rain, Partially cloudy",Partly cloudy throughout the day with rain in the morning and afternoon.,rain,"78970011634,3EBY2,TTPP,TDW00011634"
"Penal-Debe, Trinidad, Trinidad And Tobago",2025-06-18,85.9,75.4,79.8,99.0,75.4,83.5,76.8,90.9,0.61,100,12.5,15.0,121.2,1015.2,77.0,6.8,249.2,21.6,8,2025-06-18T05:45:36,2025-06-18T18:28:39,0.75,"Rain, Partially cloudy",Partly cloudy throughout the day with rain.,rain,"78970011634,3EBY2,TTPP,TDW00011634"
"Penal-Debe, Trinidad, Trinidad And Tobago",2025-06-19,84.1,77.0,80.1,95.7,77.0,84.4,77.2,91.0,0.402,100,12.5,15.0,107.1,1015.2,71.0,6.0,177.3,15.1,7,2025-06-19T05:45:48,2025-06-19T18:28:53,0.8,"Rain, Partially cloudy",Partly cloudy throughout the day with rain.,rain,"78970011634,3EBY2,TTPP,TDW00011634"
"Penal-Debe, Trinidad, Trinidad And Tobago",2025-06-20,84.4,75.4,79.7,95.6,75.4,83.6,76.6,90.4,0.512,100,8.33,19.7,105.3,1014.7,62.7,5.4,179.8,15.5,6,2025-06-20T05:46:01,2025-06-20T18:29:06,0.83,"Rain, Partially cloudy",Partly cloudy throughout the day with rain.,rain,"78970011634,3EBY2,TTPP,TDW00011634"
"Penal-Debe, Trinidad, Trinidad And Tobago",2025-06-21,86.0,75.3,80.5,97.1,75.3,85.6,76.4,87.7,0.894,100,8.33,17.2,110.6,1014.4,71.0,6.9,158.6,13.6,6,2025-06-21T05:46:14,2025-06-21T18:29:19,0.87,"Rain, Partially cloudy",Partly cloudy throughout the day with rain in the morning and afternoon.,rain,"78970011634,3EBY2,TTPP,TDW00011634"
"Penal-Debe, Trinidad, Trinidad And Tobago",2025-06-22,84.4,75.8,79.0,94.8,75.8,81.8,76.4,92.0,0.63,100,8.33,13.9,109.0,1013.0,76.0,6.6,201.4,17.2,7,2025-06-22T05:46:27,2025-06-22T18:29:32,0.9,"Rain, Partially cloudy",Partly cloudy throughout the day with rain.,rain,"78970011634,3EBY2,TTPP,TDW00011634"
"Penal-Debe, Trinidad, Trinidad And Tobago",2025-06-23,84.4,75.1,79.0,92.6,75.1,81.8,75.8,90.4,0.118,100,8.33,15.0,113.8,1013.6,75.5,6.3,114.7,10.0,4,2025-06-23T05:46:41,2025-06-23T18:29:44,0.94,"Rain, Partially cloudy",Partly cloudy throughout the day with rain.,rain,"78970011634,3EBY2,TTPP,TDW00011634"
"Penal-Debe, Trinidad, Trinidad And Tobago",2025-06-24,86.0,75.4,81.4,97.5,75.4,87.0,76.3,85.3,0.197,100,4.17,21.9,100.3,1014.4,75.0,5.3,230.3,19.9,8,2025-06-24T05:46:54,2025-06-24T18:29:55,0.97,"Rain, Partially cloudy",Partly cloudy throughout the day with morning rain.,rain,"78970011634,3EBY2,TTPP,TDW00011634"
"Penal-Debe, Trinidad, Trinidad And Tobago",2025-06-25,85.9,78.9,81.1,97.1,78.9,87.0,76.5,86.1,0.047,100,8.33,20.8,104.8,1014.1,72.7,5.3,178.6,15.5,6,2025-06-25T05:47:08,2025-06-25T18:30:06,0.0,"Rain, Partially cloudy",Partly cloudy throughout the day with rain.,rain,"78970011634,TTPP,TDW00011634"
"Penal-Debe, Trinidad, Trinidad And Tobago",2025-06-26,87.7,77.1,82.1,99.5,77.1,87.4,75.4,80.9,0.0,0,0.0,17.2,102.1,1014.0,62.1,6.0,265.2,22.8,8,2025-06-26T05:47:23,2025-06-26T18:30:17,0.04,Partially cloudy,Partly cloudy throughout the day.,partly-cloudy-day,"78970011634,TTPP,TDW00011634"
"Penal-Debe, Trinidad, Trinidad And Tobago",2025-06-27,88.0,75.4,80.7,99.9,75.4,84.9,75.5,84.8,0.079,100,4.17,17.2,107.6,1014.3,64.0,7.0,209.6,18.1,8,2025-06-27T05:47:37,2025-06-27T18:30:27,0.07,"Rain, Partially cloudy",Partly cloudy throughout the day with late afternoon rain.,rain,"78970011634,3EBY2,TTPP,TDW00011634"
"Penal-Debe, Trinidad, Trinidad And Tobago",2025-06-28,89.4,75.1,81.3,102.6,75.1,86.3,75.8,84.6,0.567,100,8.33,9.2,108.6,1013.8,69.1,7.7,240.1,20.8,8,2025-06-28T05:47:52,2025-06-28T18:30:37,0.1,"Rain, Partially cloudy",Partly cloudy throughout the day with rain in the morning and afternoon.,rain,"78970011634,TTPP,TDW00011634"
"Penal-Debe, Trinidad, Trinidad And Tobago",2025-06-29,82.6,75.4,78.3,92.7,75.4,79.7,76.4,94.1,0.788,100,12.5,10.3,98.0,1014.4,78.2,5.9,196.5,17.0,7,2025-06-29T05:48:07,2025-06-29T18:30:46,0.14,"Rain, Partially cloudy",Partly cloudy throughout the day with rain.,rain,"78970011634,TTPP,TDW00011634"
"Penal-Debe, Trinidad, Trinidad And Tobago",2025-06-30,87.7,76.8,81.7,99.7,76.8,86.9,76.2,84.0,0.008,100,4.17,18.3,104.8,1015.0,51.3,7.0,248.3,21.4,8,2025-06-30T05:48:22,2025-06-30T18:30:54,0.17,"Rain, Partially cloudy",Partly cloudy throughout the day with morning rain.,rain,"78970011634,TTPP,TDW00011634"
"Penal-Debe, Trinidad, Trinidad And Tobago",2025-07-01,87.9,75.1,80.9,98.2,75.1,85.2,75.4,84.3,0.0,0,0.0,16.1,117.3,1014.7,49.4,7.1,270.3,23.4,9,2025-07-01T05:48:37,2025-07-01T18:31:02,0.2,Partially cloudy,Partly cloudy throughout the day.,partly-cloudy-day,"78970011634,TTPP,TDW00011634"
"Penal-Debe, Trinidad, Trinidad And Tobago",2025-07-02,87.8,76.8,82.1,100.0,76.8,87.4,75.5,81.2,0.0,0,0.0,18.3,98.4,1015.0,35.7,7.6,237.1,20.5,7,2025-07-02T05:48:52,2025-07-02T18:31:09,0.25,Partially cloudy,Partly cloudy throughout the day.,partly-cloudy-day,"78970011634,TTPP,TDW00011634"
"Penal-Debe, Trinidad, Trinidad And Tobago",2025-07-03,88.0,75.1,81.5,100.0,75.1,87.2,75.4,82.7,0.0,0,0.0,15.0,110.0,1015.1,61.9,7.6,249.2,21.5,8,2025-07-03T05:49:07,2025-07-03T18:31:16,0.27,Partially cloudy,Partly cloudy throughout the day.,partly-cloudy-day,"78970011634,TTPP,TDW00011634"
"Penal-Debe, Trinidad, Trinidad And Tobago",2025-07-04,86.2,76.9,80.6,97.6,76.9,85.2,76.4,87.5,0.032,100,8.33,9.2,151.4,1016.0,75.6,7.5,162.4,14.1,6,2025-07-04T05:49:23,2025-07-04T18:31:22,0.3,"Rain, Partially cloudy",Partly cloudy throughout the day with rain in the morning and afternoon.,rain,"78970011634,TTPP,TDW00011634"
"Penal-Debe, Trinidad, Trinidad And Tobago",2025-07-05,89.5,75.1,81.1,102.6,75.1,86.7,76.0,85.0,0.0,0,0.0,11.4,106.1,1015.9,54.1,7.8,234.1,20.1,7,2025-07-05T05:49:38,2025-07-05T18:31:27,0.33,Partially cloudy,Partly cloudy throughout the day.,partly-cloudy-day,"78970011634,TTPP,TDW00011634"
"Penal-Debe, Trinidad, Trinidad And Tobago",2025-07-06,86.2,75.0,80.0,95.2,75.0,83.6,74.3,83.4,0.024,100,8.33,13.9,100.0,1015.3,45.7,7.9,245.5,21.2,8,2025-07-06T05:49:53,2025-07-06T18:31:32,0.36,"Rain, Partially cloudy",Partly cloudy throughout the day with rain.,rain,"78970011634,TTPP,TDW00011634"
"Penal-Debe, Trinidad, Trinidad And Tobago",2025-07-07,86.2,73.6,79.7,97.8,73.6,84.2,75.5,87.5,0.074,100,8.33,18.3,111.8,1014.8,44.8,7.9,245.6,21.3,8,2025-07-07T05:50:08,2025-07-07T18:31:36,0.4,"Rain, Partially cloudy",Partly cloudy throughout the day with rain.,rain,"78970011634,TTPP,TDW00011634,remote"
"Penal-Debe, Trinidad, Trinidad And Tobago",2025-07-08,84.0,76.7,78.3,95.8,76.7,79.9,76.1,93.0,0.551,100,12.5,16.1,107.7,1015.4,69.7,7.1,57.2,4.9,3,2025-07-08T05:50:24,2025-07-08T18:31:39,0.43,"Rain, Partially cloudy",Partly cloudy throughout the day with rain.,rain,"78970011634,TTPP,TDW00011634"
"Penal-Debe, Trinidad, Trinidad And Tobago",2025-07-09,82.5,75.4,78.4,91.6,75.4,80.2,76.5,94.1,1.771,100,12.5,13.9,91.4,1015.5,63.3,6.4,231.6,20.0,8,2025-07-09T05:50:39,2025-07-09T18:31:41,0.46,"Rain, Partially cloudy",Partly cloudy throughout the day with rain.,rain,"78970011634,TTPP,TDW00011634"
"Penal-Debe, Trinidad, Trinidad And Tobago",2025-07-10,85.8,73.5,79.4,96.9,73.5,83.3,76.1,89.8,0.118,100,4.17,13.9,102.4,1015.1,51.2,7.9,259.7,22.4,9,2025-07-10T05:50:54,2025-07-10T18:31:43,0.5,"Rain, Partially cloudy",Partly cloudy throughout the day with late afternoon rain.,rain,"78970011634,TTPP,TDW00011634"
"Penal-Debe, Trinidad, Trinidad And Tobago",2025-07-11,89.4,75.4,81.6,99.9,75.4,86.8,76.1,84.5,0.039,100,4.17,12.8,110.3,1015.3,63.5,8.0,269.2,23.2,9,2025-07-11T05:51:08,2025-07-11T18:31:44,0.53,"Rain, Partially cloudy",Partly cloudy throughout the day with morning rain.,rain,"78970011634,TTPP,TDW00011634"
"Penal-Debe, Trinidad, Trinidad And Tobago",2025-07-12,88.0,75.1,81.7,100.2,75.1,87.4,76.0,83.6,0.0,0,0.0,17.2,135.4,1015.7,66.8,7.6,185.2,15.9,7,2025-07-12T05:51:23,2025-07-12T18:31:44,0.56,Partially cloudy,Partly cloudy throughout the day.,partly-cloudy-day,"78970011634,TTPP,TDW00011634"
"Penal-Debe, Trinidad, Trinidad And Tobago",2025-07-13,87.6,75.3,81.4,99.9,75.3,87.4,75.7,83.4,0.0,0,0.0,13.9,122.5,1015.5,46.5,7.5,253.2,21.9,8,2025-07-13T05:51:38,2025-07-13T18:31:43,0.6,Partially cloudy,Partly cloudy throughout the day.,partly-cloudy-day,"78970011634,TTPP,TDW00011634"
"Penal-Debe, Trinidad, Trinidad And Tobago",2025-07-14,88.2,75.1,81.3,95.9,75.1,85.1,73.9,79.5,0.0,0,0.0,17.2,110.1,1016.2,26.2,7.3,282.4,24.3,9,2025-07-14T05:51:52,2025-07-14T18:31:42,0.64,Partially cloudy,Partly cloudy throughout the day.,partly-cloudy-day,"78970011634,TTPP,TDW00011634"
"Penal-Debe, Trinidad, Trinidad And Tobago",2025-07-15,87.5,73.3,80.1,101.5,73.3,85.5,75.5,86.2,0.787,100,4.17,11.4,20.3,1014.9,48.2,7.6,244.1,21.1,9,2025-07-15T05:52:06,2025-07-15T18:31:40,0.67,"Rain, Partially cloudy",Partly cloudy throughout the day with late afternoon rain.,rain,"78970011634,TTPP,TDW00011634"
"Penal-Debe, Trinidad, Trinidad And Tobago",2025-07-16,89.6,75.1,81.8,102.6,75.1,87.7,75.5,82.3,0.0,0,0.0,21.9,106.2,1013.8,41.6,8.9,284.6,24.7,9,2025-07-16T05:52:20,2025-07-16T18:31:36,0.71,Partially cloudy,Partly cloudy throughout the day.,partly-cloudy-day,"78970011634,TTPP,TDW00011634"
"Penal-Debe, Trinidad, Trinidad And Tobago",2025-07-17,89.4,75.0,81.7,102.3,75.0,88.0,76.2,84.4,0.004,100,4.17,17.2,89.3,1013.8,39.4,6.9,231.7,20.1,8,2025-07-17T05:52:34,2025-07-17T18:31:33,0.75,"Rain, Partially cloudy",Partly cloudy throughout the day with morning rain.,rain,"78970011634,TTPP,TDW00011634"
"Penal-Debe, Trinidad, Trinidad And Tobago",2025-07-18,84.3,73.3,79.0,96.2,73.3,81.6,75.7,89.9,0.039,100,4.17,16.1,96.1,1014.7,65.1,7.2,144.7,12.5,5,2025-07-18T05:52:47,2025-07-18T18:31:28,0.78,"Rain, Partially cloudy",Partly cloudy throughout the day with afternoon rain.,rain,"78970011634,TTPP,TDW00011634"
"Penal-Debe, Trinidad, Trinidad And Tobago",2025-07-19,89.4,75.3,80.7,104.5,75.3,85.8,76.1,86.6,0.157,100,4.17,16.1,107.6,1014.5,58.9,7.7,211.4,18.2,8,2025-07-19T05:53:00,2025-07-19T18:31:23,0.82,"Rain, Partially cloudy",Partly cloudy throughout the day with late afternoon rain.,rain,"78970011634,TTPP,TDW00011634"
"Penal-Debe, Trinidad, Trinidad And Tobago",2025-07-20,87.9,76.8,81.5,99.4,76.8,86.3,76.0,84.6,0.382,100,4.17,15.0,91.5,1014.7,62.3,7.6,189.2,16.3,7,2025-07-20T05:53:13,2025-07-20T18:31:16,0.85,"Rain, Partially cloudy",Partly cloudy throughout the day with morning rain.,rain,"78970011634,TTPP,TDW00011634"
"Penal-Debe, Trinidad, Trinidad And Tobago",2025-07-21,87.9,75.2,81.4,102.0,75.2,87.2,76.4,85.5,0.0,0,0.0,16.1,96.4,1013.2,51.3,7.9,230.0,19.8,9,2025-07-21T05:53:26,2025-07-21T18:31:09,0.89,Partially cloudy,Partly cloudy throughout the day.,partly-cloudy-day,"78970011634,3EBY2,TTPP,TDW00011634"
"Penal-Debe, Trinidad, Trinidad And Tobago",2025-07-22,87.6,76.8,81.6,101.7,76.8,87.6,76.9,86.3,0.315,100,4.17,12.8,108.8,1012.9,58.4,7.4,268.2,23.0,9,2025-07-22T05:53:38,2025-07-22T18:31:01,0.92,"Rain, Partially cloudy",Partly cloudy throughout the day with afternoon rain.,rain,"78970011634,TTPP,TDW00011634"
"Penal-Debe, Trinidad, Trinidad And Tobago",2025-07-23,88.0,73.5,81.0,102.4,73.5,86.9,77.0,88.1,1.15,100,8.33,13.9,109.2,1014.6,63.1,7.9,216.1,18.6,7,2025-07-23T05:53:50,2025-07-23T18:30:52,0.96,"Rain, Partially cloudy",Partly cloudy throughout the day with rain.,rain,"78970011634,3EBY2,TTPP,TDW00011634"
"Penal-Debe, Trinidad, Trinidad And Tobago",2025-07-24,80.8,75.1,77.6,88.5,75.1,79.1,76.3,95.9,0.905,100,8.33,9.2,98.3,1014.7,67.1,6.0,170.1,14.7,6,2025-07-24T05:54:01,2025-07-24T18:30:43,0.0,"Rain, Partially cloudy",Partly cloudy throughout the day with rain in the morning and afternoon.,rain,"78970011634,TTPP,TDW00011634"
"Penal-Debe, Trinidad, Trinidad And Tobago",2025-07-25,89.5,75.0,80.3,102.3,75.0,84.8,76.1,88.2,0.0,0,0.0,13.9,94.3,1012.5,55.2,6.6,209.0,18.1,7,2025-07-25T05:54:13,2025-07-25T18:30:32,0.03,Partially cloudy,Becoming cloudy in the afternoon.,partly-cloudy-day,"78970011634,TTPP,TDW00011634"
"Penal-Debe, Trinidad, Trinidad And Tobago",2025-07-26,89.4,75.3,81.3,102.6,75.3,87.3,77.0,87.6,0.0,0,0.0,12.8,120.9,1012.6,69.0,7.5,267.4,23.0,9,2025-07-26T05:54:24,2025-07-26T18:30:21,0.06,Partially cloudy,Partly cloudy throughout the day.,partly-cloudy-day,"78970011634,3EBY2,TTPP,TDW00011634"
"Penal-Debe, Trinidad, Trinidad And Tobago",2025-07-27,87.6,77.1,81.2,99.9,77.1,86.8,77.2,88.3,0.315,100,4.17,11.4,110.4,1013.8,59.3,7.9,237.9,20.4,8,2025-07-27T05:54:34,2025-07-27T18:30:09,0.09,"Rain, Partially cloudy",Partly cloudy throughout the day with afternoon rain.,rain,"78970011634,3EBY2,TTPP,TDW00011634"
"Penal-Debe, Trinidad, Trinidad And Tobago",2025-07-28,88.0,76.9,81.8,108.2,76.9,89.4,78.1,89.1,0.331,100,8.33,16.1,102.6,1014.6,53.1,7.2,260.0,22.6,9,2025-07-28T05:54:44,2025-07-28T18:29:56,0.12,"Rain, Partially cloudy",Partly cloudy throughout the day with rain in the morning and afternoon.,rain,"78970011634,3EBY2,TTPP,TDW00011634"
"Penal-Debe, Trinidad, Trinidad And Tobago",2025-07-29,89.7,77.1,82.5,102.4,77.1,88.5,76.5,82.9,0.0,0,0.0,12.8,96.6,1014.5,36.2,6.9,259.7,22.5,9,2025-07-29T05:54:54,2025-07-29T18:29:42,0.16,Partially cloudy,Partly cloudy throughout the day.,partly-cloudy-day,"78970011634,TTPP,TDW00011634"
"Penal-Debe, Trinidad, Trinidad And Tobago",2025-07-30,89.5,73.3,80.9,102.1,73.3,85.2,73.9,80.6,0.0,0,0.0,11.4,104.2,1014.6,29.7,7.2,272.6,23.5,9,2025-07-30T05:55:03,2025-07-30T18:29:28,0.19,Partially cloudy,Partly cloudy throughout the day.,partly-cloudy-day,"78970011634,3EBY2,TTPP,TDW00011634"
"Penal-Debe, Trinidad, Trinidad And Tobago",2025-07-31,87.5,74.9,80.6,101.5,74.9,86.6,75.9,85.8,0.004,100,4.17,13.9,98.5,1015.4,59.3,7.0,261.0,22.3,9,2025-07-31T05:55:12,2025-07-31T18:29:12,0.22,"Rain, Partially cloudy",Partly cloudy throughout the day with morning rain.,rain,"78970011634,TTPP,TDW00011634"
"Penal-Debe, Trinidad, Trinidad And Tobago",2025-08-01,87.8,76.8,81.3,102.5,76.8,87.3,77.1,87.4,0.0,0,0.0,11.4,99.6,1015.7,58.0,7.1,238.9,20.5,9,2025-08-01T05:55:21,2025-08-01T18:28:56,0.25,Partially cloudy,Partly cloudy throughout the day.,partly-cloudy-day,"78970011634,TTPP,TDW00011634"
"Penal-Debe, Trinidad, Trinidad And Tobago",2025-08-02,87.7,77.2,81.5,101.8,77.2,87.1,77.2,87.7,0.358,100,12.5,15.0,114.4,1015.9,51.9,7.4,246.1,21.2,8,2025-08-02T05:55:29,2025-08-02T18:28:39,0.29,"Rain, Partially cloudy",Partly cloudy throughout the day with rain.,rain,"78970011634,TTPP,TDW00011634"
"Penal-Debe, Trinidad, Trinidad And Tobago",2025-08-03,87.8,76.7,81.8,101.6,76.7,87.9,76.6,85.1,0.0,0,0.0,16.1,113.4,1014.6,41.7,8.5,254.4,21.9,8,2025-08-03T05:55:37,2025-08-03T18:28:21,0.32,Partially cloudy,Partly cloudy throughout the day.,partly-cloudy-day,"78970011634,TTPP,TDW00011634"
"Penal-Debe, Trinidad, Trinidad And Tobago",2025-08-04,89.4,76.9,82.4,102.6,76.9,89.1,76.9,84.3,0.161,100,4.17,13.9,102.2,1014.7,48.0,7.4,238.1,20.4,8,2025-08-04T05:55:44,2025-08-04T18:28:03,0.35,"Rain, Partially cloudy",Partly cloudy throughout the day with morning rain.,rain,"78970011634,3EBY2,TTPP,TDW00011634"
"Penal-Debe, Trinidad, Trinidad And Tobago",2025-08-05,88.0,77.2,82.0,102.4,77.2,88.9,77.6,86.9,0.055,100,8.33,15.0,98.7,1015.7,54.5,7.6,186.8,16.0,7,2025-08-05T05:55:51,2025-08-05T18:27:43,0.38,"Rain, Partially cloudy",Partly cloudy throughout the day with rain in the morning and afternoon.,rain,"78970011634,3EBY2,TTPP,TDW00011634"
"Penal-Debe, Trinidad, Trinidad And Tobago",2025-08-06,89.6,76.7,81.5,102.7,76.7,86.5,76.3,84.7,0.083,100,8.33,15.0,106.0,1015.1,64.3,7.1,252.1,21.8,9,2025-08-06T05:55:57,2025-08-06T18:27:23,0.41,"Rain, Partially cloudy",Partly cloudy throughout the day with rain in the morning and afternoon.,rain,"78970011634,3EBY2,TTPP,TDW00011634"
"Penal-Debe, Trinidad, Trinidad And Tobago",2025-08-07,80.3,73.6,76.6,86.5,73.6,76.9,75.0,94.7,1.316,100,12.5,16.1,105.4,1012.9,80.6,6.1,140.7,12.0,6,2025-08-07T05:56:03,2025-08-07T18:27:02,0.45,"Rain, Partially cloudy",Partly cloudy throughout the day with rain.,rain,"78970011634,TTPP,TDW00011634"
"Penal-Debe, Trinidad, Trinidad And Tobago",2025-08-08,87.5,76.9,81.0,102.0,76.9,86.8,77.4,89.4,0.055,100,8.33,13.9,115.7,1012.6,73.1,7.2,219.4,19.0,8,2025-08-08T05:56:09,2025-08-08T18:26:41,0.48,"Rain, Partially cloudy",Partly cloudy throughout the day with rain in the morning and afternoon.,rain,"78970011634,3EBY2,TTPP,TDW00011634"
"Penal-Debe, Trinidad, Trinidad And Tobago",2025-08-09,84.4,76.9,80.4,94.6,76.9,84.9,76.2,87.7,0.54,100,8.33,10.4,287.1,1014.3,75.2,7.3,214.5,18.4,8,2025-08-09T05:56:14,2025-08-09T18:26:19,0.5,"Rain, Partially cloudy",Partly cloudy throughout the day with rain in the morning and afternoon.,rain,"78970011634,3EBY2,TTPP,TDW00011634"
"Penal-Debe, Trinidad, Trinidad And Tobago",2025-08-10,89.5,75.2,81.5,100.2,75.2,86.4,75.4,82.9,0.0,0,0.0,15.0,108.1,1014.4,67.9,8.5,203.8,17.6,8,2025-08-10T05:56:19,2025-08-10T18:25:55,0.55,Partially cloudy,Partly cloudy throughout the day.,partly-cloudy-day,"78970011634,TTPP,TDW00011634"
"Penal-Debe, Trinidad, Trinidad And Tobago",2025-08-11,89.7,75.4,82.6,104.7,75.4,89.6,76.6,83.1,0.0,0,0.0,12.8,115.4,1013.6,57.1,8.0,236.8,20.3,8,2025-08-11T05:56:23,2025-08-11T18:25:32,0.58,Partially cloudy,Partly cloudy throughout the day.,partly-cloudy-day,"78970011634,TTPP,TDW00011634"
"Penal-Debe, Trinidad, Trinidad And Tobago",2025-08-12,89.8,77.2,83.6,105.2,77.2,92.0,76.8,80.5,0.0,0,0.0,16.1,102.9,1012.9,45.7,5.4,242.1,21.0,8,2025-08-12T05:56:27,2025-08-12T18:25:07,0.62,Partially cloudy,Partly cloudy throughout the day.,partly-cloudy-day,"78970011634,3EBY2,TTPP,TDW00011634"
"Penal-Debe, Trinidad, Trinidad And Tobago",2025-08-13,89.7,75.4,82.5,102.6,75.4,88.5,75.5,80.4,0.0,0,0.0,12.8,111.8,1012.2,46.6,7.1,248.8,21.5,9,2025-08-13T05:56:31,2025-08-13T18:24:42,0.66,Partially cloudy,Partly cloudy throughout the day.,partly-cloudy-day,"78970011634,3EBY2,TTPP,TDW00011634"
"Penal-Debe, Trinidad, Trinidad And Tobago",2025-08-14,85.8,75.4,80.7,99.1,75.4,86.8,77.0,88.7,0.012,100,4.17,11.4,117.4,1012.7,53.1,7.4,233.5,20.4,8,2025-08-14T05:56:34,2025-08-14T18:24:16,0.69,"Rain, Partially cloudy",Partly cloudy throughout the day with late afternoon rain.,rain,"78970011634,TTPP,TDW00011634"
"Penal-Debe, Trinidad, Trinidad And Tobago",2025-08-15,86.2,76.8,78.9,99.5,76.8,81.4,76.6,92.8,0.63,100,4.17,6.9,129.0,1013.2,72.2,7.6,250.5,21.6,9,2025-08-15T05:56:36,2025-08-15T18:23:50,0.73,"Rain, Partially cloudy",Partly cloudy throughout the day with afternoon rain.,rain,"78970011634,TTPP,TDW00011634"
"Penal-Debe, Trinidad, Trinidad And Tobago",2025-08-16,87.5,75.0,78.3,102.1,75.0,81.4,76.0,92.7,4.094,100,8.33,15.0,73.3,1012.5,66.8,7.3,255.5,22.1,9,2025-08-16T05:56:39,2025-08-16T18:23:22,0.75,"Rain, Partially cloudy",Partly cloudy throughout the day with rain.,rain,"78970011634,TTPP,TDW00011634"
"Penal-Debe, Trinidad, Trinidad And Tobago",2025-08-17,91.2,75.0,82.1,107.7,75.0,89.6,76.9,85.0,0.0,0,0.0,13.9,139.7,1012.4,52.7,7.5,261.5,22.8,9,2025-08-17T05:56:41,2025-08-17T18:22:55,0.8,Partially cloudy,Partly cloudy throughout the day.,partly-cloudy-day,"78970011634,TTPP,TDW00011634"
"Penal-Debe, Trinidad, Trinidad And Tobago",2025-08-18,91.2,76.8,82.8,104.5,76.8,89.6,76.6,82.4,0.0,0,0.0,13.9,123.6,1013.6,52.8,8.8,267.8,23.0,9,2025-08-18T05:56:42,2025-08-18T18:22:26,0.84,Partially cloudy,Partly cloudy throughout the day.,partly-cloudy-day,"78970011634,TTPP,TDW00011634"
"Penal-Debe, Trinidad, Trinidad And Tobago",2025-08-19,89.7,76.8,82.7,104.5,76.8,89.5,76.4,82.1,0.004,100,4.17,11.4,135.4,1013.7,63.3,8.0,265.1,23.0,9,2025-08-19T05:56:43,2025-08-19T18:21:57,0.87,"Rain, Partially cloudy",Partly cloudy throughout the day with afternoon rain.,rain,"78970011634,TTPP,TDW00011634"
"Penal-Debe, Trinidad, Trinidad And Tobago",2025-08-20,91.1,76.7,82.8,110.0,76.7,90.2,76.7,82.4,0.0,0,0.0,14.5,112.7,1013.0,52.0,6.3,249.6,21.4,8,2025-08-20T05:56:44,2025-08-20T18:21:28,0.91,Partially cloudy,Partly cloudy throughout the day.,partly-cloudy-day,"78970011634,3EBY2,TTPP,TDW00011634"
"Penal-Debe, Trinidad, Trinidad And Tobago",2025-08-21,89.7,76.8,82.0,102.9,76.8,88.7,76.7,84.6,0.039,100,4.17,12.8,124.1,1011.9,62.3,5.6,270.7,23.2,9,2025-08-21T05:56:44,2025-08-21T18:20:57,0.94,"Rain, Partially cloudy",Partly cloudy throughout the day with morning rain.,rain,"78970011634,3EBY2,TTPP,TDW00011634"
"Penal-Debe, Trinidad, Trinidad And Tobago",2025-08-22,89.8,77.2,83.6,105.7,77.2,92.3,77.6,82.8,0.0,0,0.0,12.8,123.5,1012.2,60.0,6.9,251.1,21.7,8,2025-08-22T05:56:45,2025-08-22T18:20:27,0.98,Partially cloudy,Partly cloudy throughout the day.,partly-cloudy-day,"78970011634,TTPP,TDW00011634"
"Penal-Debe, Trinidad, Trinidad And Tobago",2025-08-23,89.5,76.9,82.2,104.7,76.9,88.8,76.6,83.7,0.0,0,0.0,11.4,93.8,1013.4,54.9,7.1,219.9,18.9,8,2025-08-23T05:56:44,2025-08-23T18:19:56,0.0,Partially cloudy,Partly cloudy throughout the day.,partly-cloudy-day,"78970011634,3EBY2,TTPP,TDW00011634"
"Penal-Debe, Trinidad, Trinidad And Tobago",2025-08-24,89.4,75.2,80.9,104.4,75.2,86.9,76.7,87.7,0.004,100,4.17,12.8,112.3,1012.7,61.5,6.6,235.1,20.5,8,2025-08-24T05:56:44,2025-08-24T18:19:24,0.05,"Rain, Partially cloudy",Partly cloudy throughout the day with morning rain.,rain,"78970011634,TTPP,TDW00011634"
"Penal-Debe, Trinidad, Trinidad And Tobago",2025-08-25,89.6,76.3,82.2,108.1,76.3,89.5,77.4,86.1,0.127,100,54.17,11.4,127.3,1013.6,56.8,6.5,233.4,20.3,7,2025-08-25T05:56:43,2025-08-25T18:18:52,0.08,"Rain, Partially cloudy",Partly cloudy throughout the day with a chance of rain throughout the day.,rain,"78970011634,3EBY2,TTPP,TDW00011634"
"Penal-Debe, Trinidad, Trinidad And Tobago",2025-08-26,87.8,77.0,81.0,100.0,77.0,86.7,76.7,87.2,0.162,100,29.17,9.6,120.8,1014.3,40.0,6.3,243.6,20.9,8,2025-08-26T05:56:41,2025-08-26T18:18:19,0.11,"Rain, Partially cloudy",Partly cloudy throughout the day with a chance of rain throughout the day.,rain,"3EBY2,TTPP,TDW00011634"
"Penal-Debe, Trinidad, Trinidad And Tobago",2025-08-27,89.6,77.0,83.1,105.2,77.0,90.5,77.1,83.1,0.06,100,20.83,12.8,138.7,1015.3,58.0,6.0,274.4,23.8,10,2025-08-27T05:56:40,2025-08-27T18:17:46,0.14,"Rain, Partially cloudy",Partly cloudy throughout the day with morning rain.,rain,"TTPP,TDW00011634"
"Penal-Debe, Trinidad, Trinidad And Tobago",2025-08-28,84.2,77.0,80.1,96.1,77.0,85.0,76.9,89.9,0.032,100,20.83,11.4,118.5,1015.9,49.6,6.2,247.4,21.4,8,2025-08-28T05:56:38,2025-08-28T18:17:12,0.17,"Rain, Partially cloudy",Partly cloudy throughout the day with rain in the morning and afternoon.,rain,"TTPP,TDW00011634"
"Penal-Debe, Trinidad, Trinidad And Tobago",2025-08-29,91.4,75.2,81.9,107.8,75.2,89.1,76.6,84.7,0.488,100,58.33,10.3,101.9,1013.1,57.3,6.1,154.1,13.3,6,2025-08-29T05:56:36,2025-08-29T18:16:38,0.21,"Rain, Partially cloudy",Partly cloudy throughout the day with a chance of rain throughout the day.,rain,"TTPP,TDW00011634"
"Penal-Debe, Trinidad, Trinidad And Tobago",2025-08-30,87.7,76.9,80.1,104.9,76.9,84.0,77.4,91.6,0.072,100,37.5,11.4,108.6,1011.6,30.2,6.2,209.5,18.1,7,2025-08-30T05:56:34,2025-08-30T18:16:04,0.24,"Rain, Partially cloudy",Partly cloudy throughout the day with rain.,rain,TTPP
"Penal-Debe, Trinidad, Trinidad And Tobago",2025-08-31,89.5,76.9,81.6,107.8,76.9,88.7,77.8,88.9,0.052,100,41.67,12.8,109.4,1012.9,37.1,5.9,235.8,20.4,9,2025-08-31T05:56:31,2025-08-31T18:15:29,0.25,"Rain, Partially cloudy",Partly cloudy throughout the day with a chance of rain throughout the day.,rain,"3EBY2,TTPP"
"Penal-Debe, Trinidad, Trinidad And Tobago",2025-09-01,85.9,76.9,81.3,101.6,76.9,87.2,77.4,88.4,0.1,100,58.33,11.4,114.2,1013.2,38.2,6.3,248.8,21.6,8,2025-09-01T05:56:28,2025-09-01T18:14:54,0.3,"Rain, Partially cloudy",Partly cloudy throughout the day with a chance of rain throughout the day.,rain,"3EBY2,TTPP"
"Penal-Debe, Trinidad, Trinidad And Tobago",2025-09-02,87.9,75.2,79.5,102.7,75.2,83.3,76.5,91.0,0.181,100,37.5,11.4,116.6,1013.7,50.5,6.1,259.1,22.4,9,2025-09-02T05:56:25,2025-09-02T18:14:18,0.34,"Rain, Partially cloudy",Partly cloudy throughout the day with a chance of rain throughout the day.,rain,"3EBY2,TTPP,TDW00011634"
"Penal-Debe, Trinidad, Trinidad And Tobago",2025-09-03,87.8,75.2,80.7,102.4,75.2,86.7,76.7,88.4,0.225,100,58.33,15.0,112.2,1013.1,47.5,6.3,233.7,20.2,8,2025-09-03T05:56:22,2025-09-03T18:13:42,0.37,"Rain, Partially cloudy",Partly cloudy throughout the day with a chance of rain throughout the day.,rain,"TTPP,TDW00011634"
"Penal-Debe, Trinidad, Trinidad And Tobago",2025-09-04,89.6,77.0,82.2,102.4,77.0,88.4,76.9,84.7,0.25,100,45.83,13.9,106.8,1012.9,48.6,6.2,250.5,21.7,9,2025-09-04T05:56:18,2025-09-04T18:13:06,0.4,"Rain, Partially cloudy",Partly cloudy throughout the day with a chance of rain throughout the day.,rain,"TTPP,TDW00011634"
"Penal-Debe, Trinidad, Trinidad And Tobago",2025-09-05,87.8,77.0,80.6,102.4,77.0,85.0,76.9,88.9,0.172,100,62.5,20.8,120.4,1013.5,57.8,6.2,244.5,21.0,8,2025-09-05T05:56:15,2025-09-05T18:12:30,0.43,"Rain, Partially cloudy",Partly cloudy throughout the day with a chance of rain throughout the day.,rain,"3EBY2,TTPP,TDW00011634"
"Penal-Debe, Trinidad, Trinidad And Tobago",2025-09-06,84.2,75.2,78.1,96.1,75.2,79.9,75.0,90.2,0.435,100,79.17,11.4,118.7,1013.6,69.3,5.8,150.4,12.9,7,2025-09-06T05:56:11,2025-09-06T18:11:53,0.46,"Rain, Partially cloudy",Partly cloudy throughout the day with a chance of rain throughout the day.,rain,"TTPP,TDW00011634"
"Penal-Debe, Trinidad, Trinidad And Tobago",2025-09-07,89.6,75.2,81.4,105.2,75.2,88.2,76.3,85.4,0.044,100,16.67,12.8,119.3,1014.2,51.5,6.2,266.5,23.1,10,2025-09-07T05:56:07,2025-09-07T18:11:16,0.5,"Rain, Partially cloudy",Partly cloudy throughout the day with rain clearing later.,rain,"TTPP,TDW00011634"
"Penal-Debe, Trinidad, Trinidad And Tobago",2025-09-08,89.6,75.2,82.1,102.4,75.2,87.7,75.5,81.7,0.059,100,29.17,9.2,114.4,1014.1,28.1,6.4,255.6,22.1,9,2025-09-08T05:56:02,2025-09-08T18:10:39,0.53,"Rain, Partially cloudy",Partly cloudy throughout the day with rain in the morning and afternoon.,rain,"TTPP,TDW00011634"
"Penal-Debe, Trinidad, Trinidad And Tobago",2025-09-09,86.0,73.4,79.3,97.2,73.4,83.2,76.1,90.3,0.158,100,20.83,10.3,120.5,1014.4,40.0,6.3,244.3,21.0,9,2025-09-09T05:55:58,2025-09-09T18:10:02,0.57,"Rain, Partially cloudy",Partly cloudy throughout the day with rain.,rain,"TTPP,TDW00011634"
"Penal-Debe, Trinidad, Trinidad And Tobago",2025-09-10,89.6,75.2,82.2,105.2,75.2,90.1,77.2,85.7,0.052,100,33.33,15.0,112.5,1013.7,51.6,5.9,238.8,20.7,9,2025-09-10T05:55:54,2025-09-10T18:09:24,0.6,"Rain, Partially cloudy",Partly cloudy throughout the day with rain in the morning and afternoon.,rain,"TTPP,TDW00011634"
"Penal-Debe, Trinidad, Trinidad And Tobago",2025-09-11,89.6,75.2,80.8,105.2,75.2,85.7,77.1,88.9,0.179,100,41.67,11.4,120.0,1012.7,61.5,6.0,212.6,18.2,8,2025-09-11T05:55:49,2025-09-11T18:08:46,0.64,"Rain, Partially cloudy",Partly cloudy throughout the day with a chance of rain throughout the day.,rain,"TTPP,TDW00011634"
"Penal-Debe, Trinidad, Trinidad And Tobago",2025-09-12,87.8,75.2,81.6,105.2,75.2,88.9,77.3,87.5,0.147,100,37.5,10.7,128.5,1012.8,52.8,6.4,241.1,20.7,9,2025-09-12T05:55:45,2025-09-12T18:08:09,0.67,"Rain, Partially cloudy",Partly cloudy throughout the day with a chance of rain throughout the day.,rain,"3EBY2,TTPP,TDW00011634"
"Penal-Debe, Trinidad, Trinidad And Tobago",2025-09-13,89.6,75.2,80.2,108.1,75.2,84.6,76.6,89.1,0.135,100,41.67,12.8,359.8,1011.9,57.7,5.9,249.9,21.4,9,2025-09-13T05:55:40,2025-09-13T18:07:31,0.71,"Rain, Partially cloudy",Partly cloudy throughout the day with a chance of rain throughout the day.,rain,"TTPP,TDW00011634"
"Penal-Debe, Trinidad, Trinidad And Tobago",2025-09-14,86.0,75.2,79.2,99.4,75.2,83.1,76.7,92.4,0.331,100,54.17,11.4,106.5,1012.3,59.3,6.3,219.2,19.1,8,2025-09-14T05:55:35,2025-09-14T18:06:53,0.75,"Rain, Partially cloudy",Partly cloudy throughout the day with a chance of rain throughout the day.,rain,"3EBY2,TTPP,TDW00011634"
"Penal-Debe, Trinidad, Trinidad And Tobago",2025-09-15,89.6,77.0,81.2,105.2,77.0,86.3,76.9,87.3,0.217,100,45.83,11.4,103.4,1012.4,54.0,6.3,227.7,19.7,8,2025-09-15T05:55:31,2025-09-15T18:06:15,0.78,"Rain, Partially cloudy",Partly cloudy throughout the day with a chance of rain throughout the day.,rain,"3EBY2,TTPP,TDW00011634"
"Penal-Debe, Trinidad, Trinidad And Tobago",2025-09-16,86.0,77.0,80.3,99.4,77.0,85.2,77.2,90.4,0.072,100,33.33,8.1,115.0,1011.4,59.7,6.0,250.0,21.4,8,2025-09-16T05:55:26,2025-09-16T18:05:37,0.82,"Rain, Partially cloudy",Partly cloudy throughout the day with rain in the morning and afternoon.,rain,"3EBY2,TTPP,TDW00011634"
"Penal-Debe, Trinidad, Trinidad And Tobago",2025-09-17,87.8,75.2,81.4,105.2,75.2,88.5,77.6,88.6,0.063,100,29.17,16.1,122.6,1010.8,63.1,6.3,259.1,22.3,9,2025-09-17T05:55:21,2025-09-17T18:04:58,0.85,"Rain, Partially cloudy",Partly cloudy throughout the day with rain in the morning and afternoon.,rain,"3EBY2,TTPP,TDW00011634"
"Penal-Debe, Trinidad, Trinidad And Tobago",2025-09-18,91.4,77.0,81.4,105.2,77.0,87.4,77.2,87.8,0.008,100,4.17,12.8,114.3,1011.3,61.2,6.3,231.4,20.0,8,2025-09-18T05:55:17,2025-09-18T18:04:20,0.89,"Rain, Partially cloudy",Partly cloudy throughout the day with afternoon rain.,rain,"3EBY2,TTPP,TDW00011634"
"Penal-Debe, Trinidad, Trinidad And Tobago",2025-09-19,89.6,75.2,82.6,105.2,75.2,90.7,77.4,85.4,0.024,100,16.67,9.2,128.0,1012.6,61.4,6.3,277.6,24.0,9,2025-09-19T05:55:12,2025-09-19T18:03:42,0.92,"Rain, Partially cloudy",Partly cloudy throughout the day with rain in the morning and afternoon.,rain,"3EBY2,TTPP,TDW00011634"
"Penal-Debe, Trinidad, Trinidad And Tobago",2025-09-20,91.4,77.0,83.5,110.9,77.0,92.4,78.0,84.3,0.032,100,25.0,11.4,128.3,1013.6,43.9,6.2,256.7,22.2,9,2025-09-20T05:55:07,2025-09-20T18:03:04,0.96,"Rain, Partially cloudy",Partly cloudy throughout the day with rain in the morning and afternoon.,rain,"3EBY2,TTPP,TDW00011634"
"Penal-Debe, Trinidad, Trinidad And Tobago",2025-09-21,89.6,77.0,83.3,105.2,77.0,91.3,77.2,82.5,0.02,100,12.5,13.9,119.7,1012.7,43.1,6.2,262.3,22.7,9,2025-09-21T05:55:03,2025-09-21T18:02:26,0.0,"Rain, Partially cloudy",Partly cloudy throughout the day with afternoon rain.,rain,"3EBY2,TTPP,TDW00011634"
"Penal-Debe, Trinidad, Trinidad And Tobago",2025-09-22,89.6,75.2,81.5,102.6,75.2,87.3,76.8,86.3,0.052,100,29.17,11.4,114.7,1011.8,42.9,6.1,252.4,21.9,9,2025-09-22T05:54:58,2025-09-22T18:01:48,0.03,"Rain, Partially cloudy",Partly cloudy throughout the day with rain in the morning and afternoon.,rain,"3EBY2,TTPP,TDW00011634"
"Penal-Debe, Trinidad, Trinidad And Tobago",2025-09-23,86.0,77.0,79.0,101.9,77.0,81.0,77.0,93.7,0.162,100,33.33,13.9,101.7,1011.9,54.3,6.3,228.1,19.8,8,2025-09-23T05:54:54,2025-09-23T18:01:10,0.06,"Rain, Partially cloudy",Partly cloudy throughout the day with a chance of rain throughout the day.,rain,"TTPP,TDW00011634"
"Penal-Debe, Trinidad, Trinidad And Tobago",2025-09-24,89.6,77.0,81.9,105.2,77.0,88.7,77.4,86.7,0.0,0,0.0,13.9,126.3,1013.9,56.5,6.4,275.5,23.8,10,2025-09-24T05:54:50,2025-09-24T18:00:33,0.09,Partially cloudy,Partly cloudy throughout the day.,partly-cloudy-day,"3EBY2,TTPP,TDW00011634"
"Penal-Debe, Trinidad, Trinidad And Tobago",2025-09-25,89.6,77.0,83.1,102.6,77.0,90.1,76.9,82.5,0.012,100,8.33,13.9,130.8,1014.4,37.4,6.4,288.2,24.7,9,2025-09-25T05:54:46,2025-09-25T17:59:55,0.13,"Rain, Partially cloudy",Partly cloudy throughout the day with afternoon rain.,rain,"3EBY2,TTPP,TDW00011634"
"Penal-Debe, Trinidad, Trinidad And Tobago",2025-09-26,91.4,77.0,82.1,105.2,77.0,87.6,77.3,86.3,0.024,100,12.5,11.4,116.0,1012.7,40.3,6.2,256.1,22.1,8,2025-09-26T05:54:42,2025-09-26T17:59:18,0.16,"Rain, Partially cloudy",Partly cloudy throughout the day with afternoon rain.,rain,"TTPP,TDW00011634"
"Penal-Debe, Trinidad, Trinidad And Tobago",2025-09-27,89.6,77.0,82.4,105.2,77.0,89.5,77.1,84.7,0.048,100,33.33,12.8,127.9,1011.9,39.0,6.2,250.0,21.6,9,2025-09-27T05:54:38,2025-09-27T17:58:41,0.19,"Rain, Partially cloudy",Partly cloudy throughout the day with rain in the morning and afternoon.,rain,"TTPP,TDW00011634"
"Penal-Debe, Trinidad, Trinidad And Tobago",2025-09-28,89.6,77.0,82.6,102.6,77.0,89.4,76.8,83.4,0.099,100,41.67,13.9,125.1,1013.3,45.5,6.2,243.0,21.0,8,2025-09-28T05:54:35,2025-09-28T17:58:04,0.22,"Rain, Partially cloudy",Partly cloudy throughout the day with a chance of rain throughout the day.,rain,"TTPP,TDW00011634"
"Penal-Debe, Trinidad, Trinidad And Tobago",2025-09-29,89.6,77.0,80.5,102.1,77.0,83.8,75.9,86.7,0.177,100,45.83,11.4,113.2,1013.8,60.0,6.1,216.9,18.8,7,2025-09-29T05:54:32,2025-09-29T17:57:27,0.25,"Rain, Partially cloudy",Partly cloudy throughout the day with a chance of rain throughout the day.,rain,"TTPP,TDW00011634"
"Penal-Debe, Trinidad, Trinidad And Tobago",2025-09-30,89.6,75.2,82.3,105.2,75.2,89.8,77.1,85.0,0.044,100,37.5,11.4,112.6,1013.1,58.2,6.5,251.5,21.7,9,2025-09-30T05:54:28,2025-09-30T17:56:51,0.29,"Rain, Partially cloudy",Partly cloudy throughout the day with a chance of rain throughout the day.,rain,"TTPP,TDW00011634"
"Penal-Debe, Trinidad, Trinidad And Tobago",2025-10-01,91.4,75.2,83.0,107.8,75.2,90.4,76.7,82.3,0.0,0,0.0,10.3,117.9,1013.4,36.3,6.3,283.1,24.4,10,2025-10-01T05:54:26,2025-10-01T17:56:14,0.32,Partially cloudy,Partly cloudy throughout the day.,partly-cloudy-day,"3EBY2,TTPP,TDW00011634"
"Penal-Debe, Trinidad, Trinidad And Tobago",2025-10-02,91.4,75.2,82.6,105.2,75.2,90.3,76.4,82.3,0.004,100,4.17,10.3,139.3,1013.1,50.8,6.3,284.8,24.6,10,2025-10-02T05:54:23,2025-10-02T17:55:39,0.35,"Rain, Partially cloudy",Partly cloudy throughout the day with afternoon rain.,rain,"3EBY2,TTPP,TDW00011634"
"Penal-Debe, Trinidad, Trinidad And Tobago",2025-10-03,91.4,73.4,80.8,107.8,73.4,85.9,76.1,86.5,0.0,0,0.0,10.3,133.5,1011.5,56.0,6.2,283.2,24.4,10,2025-10-03T05:54:21,2025-10-03T17:55:03,0.39,Partially cloudy,Partly cloudy throughout the day.,partly-cloudy-day,"3EBY2,TTPP,TDW00011634"
"Penal-Debe, Trinidad, Trinidad And Tobago",2025-10-04,91.4,75.2,82.0,107.8,75.2,88.7,76.5,84.3,0.0,0,0.0,9.2,137.6,1011.0,50.3,6.2,285.0,24.6,10,2025-10-04T05:54:19,2025-10-04T17:54:28,0.42,Partially cloudy,Partly cloudy throughout the day.,partly-cloudy-day,"TTPP,TDW00011634"
"Penal-Debe, Trinidad, Trinidad And Tobago",2025-10-05,91.4,73.4,81.5,105.1,73.4,87.8,75.9,84.1,0.008,100,8.33,12.8,195.9,1012.0,56.0,6.2,267.8,23.1,9,2025-10-05T05:54:17,2025-10-05T17:53:53,0.45,"Rain, Partially cloudy",Partly cloudy throughout the day with rain in the morning and afternoon.,rain,"3EBY2,TTPP,TDW00011634"
"Penal-Debe, Trinidad, Trinidad And Tobago",2025-10-06,91.4,75.2,82.7,105.1,75.2,89.5,76.0,81.4,0.0,0,0.0,11.4,128.6,1010.6,48.4,6.2,279.9,24.1,10,2025-10-06T05:54:16,2025-10-06T17:53:19,0.5,Partially cloudy,Partly cloudy throughout the day.,partly-cloudy-day,"TTPP,TDW00011634"
"Penal-Debe, Trinidad, Trinidad And Tobago",2025-10-07,89.6,77.0,80.6,98.2,77.0,85.1,75.4,84.8,0.205,100,25.0,8.1,113.9,1010.7,57.0,6.1,219.5,19.0,8,2025-10-07T05:54:15,2025-10-07T17:52:45,0.52,"Rain, Partially cloudy",Partly cloudy throughout the day with rain in the morning and afternoon.,rain,"TTPP,TDW00011634"
"Penal-Debe, Trinidad, Trinidad And Tobago",2025-10-08,89.6,75.2,80.4,105.2,75.2,85.2,76.5,88.6,0.266,100,45.83,11.4,255.4,1010.8,62.7,6.2,226.1,19.6,8,2025-10-08T05:54:15,2025-10-08T17:52:12,0.55,"Rain, Partially cloudy",Partly cloudy throughout the day with a chance of rain throughout the day.,rain,"3EBY2,TTPP,TDW00011634"
"Penal-Debe, Trinidad, Trinidad And Tobago",2025-10-09,91.4,75.2,82.7,107.8,75.2,91.1,77.4,84.9,0.108,100,45.83,10.4,156.4,1011.5,64.2,6.2,257.0,22.3,9,2025-10-09T05:54:15,2025-10-09T17:51:39,0.59,"Rain, Partially cloudy",Partly cloudy throughout the day with a chance of rain throughout the day.,rain,"3EBY2,TTPP,TDW00011634"
"Penal-Debe, Trinidad, Trinidad And Tobago",2025-10-10,86.0,77.0,81.4,99.4,77.0,87.9,76.9,86.5,0.123,100,37.5,11.4,134.7,1012.6,60.5,6.0,240.0,20.6,8,2025-10-10T05:54:15,2025-10-10T17:51:06,0.62,"Rain, Partially cloudy",Partly cloudy throughout the day with a chance of rain throughout the day.,rain,"TTPP,TDW00011634"
"Penal-Debe, Trinidad, Trinidad And Tobago",2025-10-11,89.6,77.0,81.3,105.2,77.0,87.2,77.1,87.5,0.23,100,41.67,13.9,109.6,1011.8,57.9,6.1,209.3,18.2,8,2025-10-11T05:54:16,2025-10-11T17:50:35,0.66,"Rain, Partially cloudy",Partly cloudy throughout the day with rain in the morning and afternoon.,rain,"3EBY2,TTPP,TDW00011634"
"Penal-Debe, Trinidad, Trinidad And Tobago",2025-10-12,87.8,75.2,80.9,102.4,75.2,86.6,77.0,88.6,0.11,100,33.33,9.2,118.7,1010.6,55.1,5.9,232.4,20.1,8,2025-10-12T05:54:17,2025-10-12T17:50:03,0.69,"Rain, Partially cloudy",Partly cloudy throughout the day with a chance of rain throughout the day.,rain,"3EBY2,TTPP,TDW00011634"
"Penal-Debe, Trinidad, Trinidad And Tobago",2025-10-13,86.0,75.2,77.9,99.4,75.2,80.3,75.6,92.9,0.168,100,54.17,9.2,106.1,1010.2,64.2,5.8,215.4,18.5,8,2025-10-13T05:54:18,2025-10-13T17:49:32,0.75,"Rain, Partially cloudy",Partly cloudy throughout the day with a chance of rain throughout the day.,rain,"TTPP,TDW00011634"
"Penal-Debe, Trinidad, Trinidad And Tobago",2025-10-14,89.6,75.2,81.6,105.2,75.2,88.1,76.0,83.5,0.158,100,45.83,10.3,118.4,1009.6,58.9,6.2,222.1,19.2,8,2025-10-14T05:54:20,2025-10-14T17:49:02,0.76,"Rain, Partially cloudy",Partly cloudy throughout the day with a chance of rain throughout the day.,rain,"TTPP,TDW00011634"
"Penal-Debe, Trinidad, Trinidad And Tobago",2025-10-15,87.8,77.0,82.0,102.4,77.0,88.8,76.7,84.5,0.099,100,16.67,11.4,127.2,1009.9,54.7,6.2,244.3,21.1,9,2025-10-15T05:54:23,2025-10-15T17:48:33,0.8,"Rain, Partially cloudy",Partly cloudy throughout the day with rain in the morning and afternoon.,rain,"TTPP,TDW00011634"
"Penal-Debe, Trinidad, Trinidad And Tobago",2025-10-16,91.4,77.0,83.5,105.2,77.0,91.4,77.1,82.1,0.048,100,16.67,10.3,146.9,1010.2,54.1,6.2,249.5,21.5,9,2025-10-16T05:54:26,2025-10-16T17:48:04,0.83,"Rain, Partially cloudy",Partly cloudy throughout the day with rain clearing later.,rain,"TTPP,TDW00011634"
"Penal-Debe, Trinidad, Trinidad And Tobago",2025-10-17,89.6,77.0,83.1,105.2,77.0,91.3,77.4,83.7,0.008,100,8.33,16.4,126.5,1011.7,56.9,6.3,258.7,22.3,9,2025-10-17T05:54:30,2025-10-17T17:47:35,0.87,"Rain, Partially cloudy",Partly cloudy throughout the day with afternoon rain.,rain,"3EBY2,TTPP,TDW00011634"
"Penal-Debe, Trinidad, Trinidad And Tobago",2025-10-18,86.0,77.0,79.8,97.2,77.0,83.1,75.5,87.0,0.552,100,75.0,16.1,94.2,1012.4,62.0,6.2,145.8,12.6,7,2025-10-18T05:54:34,2025-10-18T17:47:08,0.9,"Rain, Partially cloudy",Partly cloudy throughout the day with a chance of rain throughout the day.,rain,"3EBY2,TTPP,TDW00011634"
"Penal-Debe, Trinidad, Trinidad And Tobago",2025-10-19,86.0,71.8,78.3,96.1,71.8,79.6,75.2,90.7,0.644,100,75.0,10.3,91.1,1012.3,64.1,6.0,153.7,13.1,6,2025-10-19T05:54:38,2025-10-19T17:46:41,0.94,"Rain, Partially cloudy",Partly cloudy throughout the day with a chance of rain throughout the day.,rain,"3EBY2,TTPP,TDW00011634"
"Penal-Debe, Trinidad, Trinidad And Tobago",2025-10-20,84.2,75.2,79.0,96.1,75.2,81.8,76.0,90.7,0.284,100,50.0,19.7,106.3,1012.5,56.4,6.0,187.9,16.3,7,2025-10-20T05:54:44,2025-10-20T17:46:15,0.97,"Rain, Partially cloudy",Partly cloudy throughout the day with a chance of rain throughout the day.,rain,"TTPP,TDW00011634"
"Penal-Debe, Trinidad, Trinidad And Tobago",2025-10-21,84.2,75.2,78.6,96.1,75.2,81.9,75.8,91.2,0.319,100,66.67,11.4,128.5,1011.9,59.7,6.3,219.6,19.0,8,2025-10-21T05:54:49,2025-10-21T17:45:49,0.0,"Rain, Partially cloudy",Partly cloudy throughout the day with a chance of rain throughout the day.,rain,"TTPP,TDW00011634"
"Penal-Debe, Trinidad, Trinidad And Tobago",2025-10-22,86.0,71.3,78.8,99.4,71.3,82.2,76.1,91.7,0.096,100,50.0,18.3,128.2,1011.6,61.4,6.1,208.4,18.0,7,2025-10-22T05:54:56,2025-10-22T17:45:25,0.04,"Rain, Partially cloudy",Partly cloudy throughout the day with rain in the morning and afternoon.,rain,"3EBY2,TTPP,TDW00011634"
"Penal-Debe, Trinidad, Trinidad And Tobago",2025-10-23,89.7,77.0,82.0,100.0,77.0,86.9,75.1,80.8,0.06,100,41.67,18.3,140.4,1011.8,56.4,6.2,213.9,18.5,8,2025-10-23T05:55:03,2025-10-23T17:45:01,0.07,"Rain, Partially cloudy",Partly cloudy throughout the day with a chance of rain throughout the day.,rain,"TTPP,TDW00011634"
"Penal-Debe, Trinidad, Trinidad And Tobago",2025-10-24,89.6,74.4,82.1,98.2,74.4,85.9,73.3,76.0,0.008,100,8.33,13.9,135.1,1012.2,40.0,6.3,245.9,21.3,8,2025-10-24T05:55:11,2025-10-24T17:44:38,0.1,"Rain, Partially cloudy",Partly cloudy throughout the day with rain in the morning and afternoon.,rain,"3EBY2,TTPP,TDW00011634"
"Penal-Debe, Trinidad, Trinidad And Tobago",2025-10-25,87.8,77.0,81.6,95.9,77.0,85.1,73.8,78.0,0.087,100,37.5,15.0,111.0,1011.6,40.5,6.9,197.9,17.1,6,2025-10-25T05:55:19,2025-10-25T17:44:16,0.14,"Rain, Partially cloudy",Partly cloudy throughout the day with rain in the morning and afternoon.,rain,"TTPP,TDW00011634"
"Penal-Debe, Trinidad, Trinidad And Tobago",2025-10-26,91.4,77.0,82.6,97.0,77.0,86.1,73.3,75.0,0.0,0,0.0,11.4,126.1,1010.8,46.9,6.2,252.1,21.7,8,2025-10-26T05:55:28,2025-10-26T17:43:54,0.17,Partially cloudy,Partly cloudy throughout the day.,partly-cloudy-day,"TTPP,TDW00011634"
"Penal-Debe, Trinidad, Trinidad And Tobago",2025-10-27,89.6,77.0,82.6,96.4,77.0,86.7,73.3,74.5,0.0,0,0.0,13.9,125.7,1010.6,52.6,6.3,255.4,22.1,9,2025-10-27T05:55:37,2025-10-27T17:43:34,0.2,Partially cloudy,Partly cloudy throughout the day.,partly-cloudy-day,"3EBY2,TTPP,TDW00011634"
"Penal-Debe, Trinidad, Trinidad And Tobago",2025-10-28,89.6,77.0,82.8,98.2,77.0,87.7,74.1,76.1,0.0,0,0.0,10.3,125.7,1012.3,55.0,6.4,264.4,22.8,9,2025-10-28T05:55:47,2025-10-28T17:43:14,0.24,Partially cloudy,Partly cloudy throughout the day.,partly-cloudy-day,"3EBY2,TTPP,TDW00011634"
"Penal-Debe, Trinidad, Trinidad And Tobago",2025-10-29,89.6,77.0,82.4,98.2,77.0,87.2,74.5,78.0,0.02,100,8.33,11.4,130.6,1013.7,58.9,6.7,245.4,21.3,8,2025-10-29T05:55:58,2025-10-29T17:42:56,0.25,"Rain, Partially cloudy",Partly cloudy throughout the day with early morning rain.,rain,"3EBY2,TTPP,TDW00011634"
"Penal-Debe, Trinidad, Trinidad And Tobago",2025-10-30,89.6,75.2,82.2,94.9,75.2,85.9,72.5,73.9,0.131,100,16.67,9.2,115.2,1013.0,41.1,6.4,240.9,20.9,9,2025-10-30T05:56:10,2025-10-30T17:42:38,0.3,"Rain, Partially cloudy",Partly cloudy throughout the day with afternoon rain.,rain,"3EBY2,TTPP,TDW00011634"
"Penal-Debe, Trinidad, Trinidad And Tobago",2025-10-31,86.0,77.0,80.7,95.2,77.0,84.3,74.0,80.4,0.456,100,45.83,11.4,116.3,1012.8,57.2,6.0,193.0,16.7,7,2025-10-31T05:56:22,2025-10-31T17:42:21,0.34,"Rain, Partially cloudy",Partly cloudy throughout the day with a chance of rain throughout the day.,rain,"3EBY2,TTPP,TDW00011634"
"Penal-Debe, Trinidad, Trinidad And Tobago",2025-11-01,86.0,78.8,81.8,97.2,78.8,86.2,74.8,79.9,0.036,100,29.17,17.2,111.9,1012.8,51.7,6.6,232.8,20.0,8,2025-11-01T05:56:35,2025-11-01T17:42:05,0.37,"Rain, Partially cloudy",Partly cloudy throughout the day with rain in the morning and afternoon.,rain,"TTPP,TDW00011634"
"Penal-Debe, Trinidad, Trinidad And Tobago",2025-11-02,87.8,75.2,81.9,94.2,75.2,84.6,71.6,72.0,0.024,100,25.0,18.3,114.5,1013.4,40.5,6.3,242.7,21.0,8,2025-11-02T05:56:48,2025-11-02T17:41:50,0.4,"Rain, Partially cloudy",Partly cloudy throughout the day with morning rain.,rain,"3EBY2,TTPP,TDW00011634"
"Penal-Debe, Trinidad, Trinidad And Tobago",2025-11-03,89.6,75.2,81.7,94.9,75.2,85.4,72.1,73.9,0.008,100,8.33,16.1,114.7,1012.8,44.0,6.2,223.2,19.3,8,2025-11-03T05:57:02,2025-11-03T17:41:36,0.44,"Rain, Partially cloudy",Partly cloudy throughout the day with afternoon rain.,rain,"TTPP,TDW00011634"
"Penal-Debe, Trinidad, Trinidad And Tobago",2025-11-04,82.4,77.0,80.1,92.4,77.0,84.1,75.1,85.1,0.261,100,58.33,4.7,115.8,1013.1,64.4,5.8,161.1,13.8,7,2025-11-04T05:57:17,2025-11-04T17:41:23,0.47,"Rain, Partially cloudy",Partly cloudy throughout the day with a chance of rain throughout the day.,rain,"TTPP,TDW00011634"
"Penal-Debe, Trinidad, Trinidad And Tobago",2025-11-05,89.6,75.2,81.6,102.6,75.2,87.2,75.7,83.1,0.048,100,20.83,11.4,122.2,1013.4,48.2,6.2,224.4,19.4,8,2025-11-05T05:57:33,2025-11-05T17:41:11,0.5,"Rain, Partially cloudy",Partly cloudy throughout the day with rain in the morning and afternoon.,rain,"TTPP,TDW00011634"
"Penal-Debe, Trinidad, Trinidad And Tobago",2025-11-06,89.6,77.0,81.6,102.6,77.0,87.7,76.7,85.6,0.095,100,33.33,15.0,102.6,1012.1,60.1,6.2,218.1,18.8,7,2025-11-06T05:57:49,2025-11-06T17:41:00,0.54,"Rain, Partially cloudy",Partly cloudy throughout the day with a chance of rain throughout the day.,rain,"TTPP,TDW00011634"
"Penal-Debe, Trinidad, Trinidad And Tobago",2025-11-07,87.8,76.5,79.1,102.4,76.5,81.7,76.1,90.7,0.365,100,83.33,12.8,111.0,1011.5,63.8,6.2,179.1,15.7,6,2025-11-07T05:58:06,2025-11-07T17:40:50,0.57,"Rain, Partially cloudy",Partly cloudy throughout the day with a chance of rain throughout the day.,rain,"TTPP,TDW00011634"
"Penal-Debe, Trinidad, Trinidad And Tobago",2025-11-08,87.8,77.0,80.6,102.4,77.0,85.9,76.9,88.8,0.178,100,54.17,15.0,113.9,1011.6,68.3,6.7,214.1,18.5,8,2025-11-08T05:58:23,2025-11-08T17:40:41,0.61,"Rain, Partially cloudy",Partly cloudy throughout the day with a chance of rain throughout the day.,rain,"TTPP,TDW00011634"
"Penal-Debe, Trinidad, Trinidad And Tobago",2025-11-09,87.8,77.0,81.1,100.0,77.0,85.8,76.1,85.2,0.004,100,4.17,18.3,109.8,1012.4,44.6,6.0,232.2,20.1,8,2025-11-09T05:58:42,2025-11-09T17:40:33,0.64,"Rain, Partially cloudy",Partly cloudy throughout the day with early morning rain.,rain,"TTPP,TDW00011634"
"Penal-Debe, Trinidad, Trinidad And Tobago",2025-11-10,87.8,75.2,81.5,100.0,75.2,86.9,75.1,81.8,0.04,100,29.17,17.2,111.5,1012.6,41.1,6.1,201.5,17.3,7,2025-11-10T05:59:01,2025-11-10T17:40:26,0.67,"Rain, Partially cloudy",Partly cloudy throughout the day with rain.,rain,"TTPP,TDW00011634"
"Penal-Debe, Trinidad, Trinidad And Tobago",2025-11-11,86.0,75.2,78.9,97.2,75.2,81.7,75.5,89.5,0.123,100,70.83,17.2,103.6,1012.9,46.7,6.2,212.6,18.3,8,2025-11-11T05:59:20,2025-11-11T17:40:20,0.71,"Rain, Partially cloudy",Partly cloudy throughout the day with a chance of rain throughout the day.,rain,"3EBY2,TTPP,TDW00011634"
"Penal-Debe, Trinidad, Trinidad And Tobago",2025-11-12,87.8,75.2,80.6,97.8,75.2,85.0,74.6,83.0,0.132,100,50.0,12.8,113.2,1012.9,29.5,6.3,232.7,20.0,9,2025-11-12T05:59:41,2025-11-12T17:40:16,0.75,"Rain, Partially cloudy",Partly cloudy throughout the day with rain clearing later.,rain,"3EBY2,TTPP,TDW00011634"
"Penal-Debe, Trinidad, Trinidad And Tobago",2025-11-13,87.8,75.2,80.8,100.0,75.2,85.6,75.0,83.2,0.056,100,45.83,17.2,111.2,1011.8,37.4,6.2,229.3,19.9,8,2025-11-13T06:00:01,2025-11-13T17:40:12,0.78,"Rain, Partially cloudy",Partly cloudy throughout the day with a chance of rain throughout the day.,rain,"TTPP,TDW00011634"
"Penal-Debe, Trinidad, Trinidad And Tobago",2025-11-14,87.8,73.4,80.7,100.0,73.4,85.4,74.7,82.9,0.032,100,29.17,13.9,109.4,1012.1,38.3,6.3,231.4,20.1,8,2025-11-14T06:00:23,2025-11-14T17:40:09,0.81,"Rain, Partially cloudy",Partly cloudy throughout the day with a chance of rain throughout the day.,rain,"3EBY2,TTPP,TDW00011634"
"Penal-Debe, Trinidad, Trinidad And Tobago",2025-11-15,86.0,77.0,80.3,97.2,77.0,84.7,75.7,86.3,0.151,100,50.0,11.0,104.0,1010.8,53.3,6.0,201.3,17.3,7,2025-11-15T06:00:45,2025-11-15T17:40:08,0.84,"Rain, Partially cloudy",Partly cloudy throughout the day with a chance of rain throughout the day.,rain,"3EBY2,TTPP,TDW00011634"
"Penal-Debe, Trinidad, Trinidad And Tobago",2025-11-16,87.8,77.0,81.5,102.4,77.0,86.9,76.6,85.6,0.234,100,50.0,10.3,135.6,1011.4,52.2,6.4,199.3,17.2,7,2025-11-16T06:01:08,2025-11-16T17:40:08,0.88,"Rain, Partially cloudy",Partly cloudy throughout the day with a chance of rain throughout the day.,rain,"3EBY2,TTPP,TDW00011634"
"Penal-Debe, Trinidad, Trinidad And Tobago",2025-11-17,89.6,75.2,81.7,102.6,75.2,88.0,76.7,85.3,0.016,100,16.67,13.9,116.1,1012.9,54.6,6.5,215.4,18.8,8,2025-11-17T06:01:32,2025-11-17T17:40:08,0.91,"Rain, Partially cloudy",Partly cloudy throughout the day with rain in the morning and afternoon.,rain,"TTPP,TDW00011634"
"Penal-Debe, Trinidad, Trinidad And Tobago",2025-11-18,87.8,75.2,80.5,102.4,75.2,85.3,76.1,87.1,0.181,100,25.0,13.9,109.1,1013.2,56.3,6.4,189.2,16.4,7,2025-11-18T06:01:56,2025-11-18T17:40:10,0.95,"Rain, Partially cloudy",Partly cloudy throughout the day with rain.,rain,"TTPP,TDW00011634"
"Penal-Debe, Trinidad, Trinidad And Tobago",2025-11-19,84.2,75.2,77.8,96.1,75.2,80.1,75.2,92.1,0.384,100,91.67,13.9,102.3,1012.0,56.8,5.7,191.7,16.5,7,2025-11-19T06:02:20,2025-11-19T17:40:13,0.98,"Rain, Partially cloudy",Partly cloudy throughout the day with a chance of rain throughout the day.,rain,"TTPP,TDW00011634"
"Penal-Debe, Trinidad, Trinidad And Tobago",2025-11-20,78.8,73.4,76.3,78.8,73.4,76.3,74.0,92.7,0.598,100,75.0,13.9,95.8,1011.8,62.2,5.6,123.9,10.6,6,2025-11-20T06:02:45,2025-11-20T17:40:17,0.0,"Rain, Partially cloudy",Partly cloudy throughout the day with a chance of rain throughout the day.,rain,"3EBY2,TTPP,TDW00011634"
"Penal-Debe, Trinidad, Trinidad And Tobago",2025-11-21,86.0,73.4,79.5,97.2,73.4,83.7,75.1,86.8,0.399,100,54.17,16.1,109.5,1011.3,55.8,6.2,180.8,15.7,7,2025-11-21T06:03:11,2025-11-21T17:40:21,0.05,"Rain, Partially cloudy",Partly cloudy throughout the day with a chance of rain throughout the day.,rain,"TTPP,TDW00011634"
"Penal-Debe, Trinidad, Trinidad And Tobago",2025-11-22,87.8,75.2,80.7,97.8,75.2,85.2,75.7,85.3,0.234,100,54.17,15.0,111.2,1011.1,52.3,6.1,206.4,17.8,8,2025-11-22T06:03:37,2025-11-22T17:40:27,0.08,"Rain, Partially cloudy",Partly cloudy throughout the day with a chance of rain throughout the day.,rain,"TTPP,TDW00011634"
"Penal-Debe, Trinidad, Trinidad And Tobago",2025-11-23,87.8,77.0,80.1,102.4,77.0,84.0,76.3,88.6,0.355,100,54.17,15.0,108.6,1010.6,52.2,6.2,168.0,14.5,6,2025-11-23T06:04:04,2025-11-23T17:40:34,0.12,"Rain, Partially cloudy",Partly cloudy throughout the day with a chance of rain throughout the day.,rain,"TTPP,TDW00011634"
"Penal-Debe, Trinidad, Trinidad And Tobago",2025-11-24,86.0,75.2,78.6,97.2,75.2,80.9,75.3,90.0,0.466,100,83.33,13.9,107.9,1011.0,57.7,6.2,177.0,15.1,8,2025-11-24T06:04:32,2025-11-24T17:40:43,0.15,"Rain, Partially cloudy",Partly cloudy throughout the day with a chance of rain throughout the day.,rain,"TTPP,TDW00011634"
"Penal-Debe, Trinidad, Trinidad And Tobago",2025-11-25,80.6,74.5,76.3,87.1,74.5,76.6,73.7,91.7,0.801,100,79.17,13.9,109.5,1013.2,65.3,5.6,157.0,13.4,7,2025-11-25T06:04:59,2025-11-25T17:40:52,0.18,"Rain, Partially cloudy",Partly cloudy throughout the day with a chance of rain throughout the day.,rain,"3EBY2,TTPP,TDW00011634"
"Penal-Debe, Trinidad, Trinidad And Tobago",2025-11-26,86.0,75.2,80.0,97.2,75.2,84.1,75.2,85.6,0.176,100,45.83,17.2,99.1,1012.1,55.2,6.2,98.5,8.6,5,2025-11-26T06:05:27,2025-11-26T17:41:02,0.22,"Rain, Partially cloudy",Partly cloudy throughout the day with a chance of rain throughout the day.,rain,"TTPP,TDW00011634"
"Penal-Debe, Trinidad, Trinidad And Tobago",2025-11-27,87.8,75.2,80.5,100.0,75.2,85.0,74.6,83.0,0.024,100,25.0,17.2,109.6,1011.2,32.5,6.1,219.5,19.0,8,2025-11-27T06:05:56,2025-11-27T17:41:13,0.25,"Rain, Partially cloudy",Partly cloudy throughout the day with rain in the morning and afternoon.,rain,"TTPP,TDW00011634"
"Penal-Debe, Trinidad, Trinidad And Tobago",2025-11-28,87.8,77.0,80.8,100.0,77.0,85.6,75.5,84.2,0.309,100,45.83,19.7,95.5,1011.3,58.1,6.0,189.6,16.3,7,2025-11-28T06:06:25,2025-11-28T17:41:25,0.25,"Rain, Partially cloudy",Partly cloudy throughout the day with a chance of rain throughout the day.,rain,"TTPP,TDW00011634"
"Penal-Debe, Trinidad, Trinidad And Tobago",2025-11-29,86.0,77.0,81.0,97.2,77.0,85.3,75.2,83.1,0.032,100,20.83,15.0,105.8,1011.0,43.1,6.1,217.5,18.8,8,2025-11-29T06:06:55,2025-11-29T17:41:38,0.32,"Rain, Partially cloudy",Partly cloudy throughout the day with rain in the morning and afternoon.,rain,"TTPP,TDW00011634"
"Penal-Debe, Trinidad, Trinidad And Tobago",2025-11-30,87.8,73.4,80.2,100.0,73.4,85.0,74.8,84.1,0.028,100,29.17,15.5,112.5,1010.4,48.3,6.3,202.2,17.4,7,2025-11-30T06:07:24,2025-11-30T17:41:53,0.35,"Rain, Partially cloudy",Partly cloudy throughout the day with rain.,rain,"3EBY2,TTPP,TDW00011634"
"Penal-Debe, Trinidad, Trinidad And Tobago",2025-12-01,86.0,75.2,80.2,97.2,75.2,84.4,74.6,83.7,0.072,100,37.5,13.9,94.6,1010.9,58.0,6.3,178.7,15.4,6,2025-12-01T06:07:55,2025-12-01T17:42:08,0.39,"Rain, Partially cloudy",Partly cloudy throughout the day with a chance of rain throughout the day.,rain,"3EBY2,TTPP,TDW00011634"
"Penal-Debe, Trinidad, Trinidad And Tobago",2025-12-02,84.2,75.2,78.7,94.2,75.2,81.4,74.8,88.0,0.493,100,66.67,11.4,101.6,1010.3,64.6,6.2,180.3,15.6,6,2025-12-02T06:08:25,2025-12-02T17:42:24,0.42,"Rain, Partially cloudy",Partly cloudy throughout the day with a chance of rain throughout the day.,rain,"TTPP,TDW00011634"
"Penal-Debe, Trinidad, Trinidad And Tobago",2025-12-03,78.8,70.8,76.4,78.8,70.8,76.4,72.7,88.5,0.856,100,83.33,16.1,106.8,1011.6,73.3,5.6,160.0,13.9,6,2025-12-03T06:08:56,2025-12-03T17:42:41,0.46,"Rain, Partially cloudy",Partly cloudy throughout the day with a chance of rain throughout the day.,rain,"3EBY2,TTPP,TDW00011634"
"Penal-Debe, Trinidad, Trinidad And Tobago",2025-12-04,82.4,72.4,77.8,89.5,72.4,79.0,73.5,87.0,0.537,100,91.67,11.4,107.9,1011.8,70.9,5.6,106.1,9.3,4,2025-12-04T06:09:26,2025-12-04T17:42:59,0.5,"Rain, Partially cloudy",Partly cloudy throughout the day with a chance of rain throughout the day.,rain,"3EBY2,TTPP,TDW00011634"
"Penal-Debe, Trinidad, Trinidad And Tobago",2025-12-05,86.0,75.2,79.9,92.0,75.2,82.0,71.6,77.0,0.34,100,41.67,60.1,99.8,1011.6,52.4,6.1,175.9,15.2,6,2025-12-05T06:09:58,2025-12-05T17:43:18,0.52,"Rain, Partially cloudy",Partly cloudy throughout the day with a chance of rain throughout the day.,rain,"TTPP,TDW00011634"
"Penal-Debe, Trinidad, Trinidad And Tobago",2025-12-06,86.0,70.0,78.6,90.6,70.0,80.4,71.3,78.9,0.083,100,25.0,15.0,101.6,1012.6,59.0,5.9,199.9,17.2,7,2025-12-06T06:10:29,2025-12-06T17:43:37,0.56,"Rain, Partially cloudy",Becoming cloudy in the afternoon with rain.,rain,"3EBY2,TTPP,TDW00011634"
"Penal-Debe, Trinidad, Trinidad And Tobago",2025-12-07,82.4,72.9,78.4,89.5,72.9,79.9,73.3,84.5,0.737,100,75.0,18.3,106.0,1012.9,69.3,5.6,140.2,12.2,6,2025-12-07T06:11:00,2025-12-07T17:43:58,0.59,"Rain, Partially cloudy",Partly cloudy throughout the day with a chance of rain throughout the day.,rain,"3EBY2,TTPP,TDW00011634"
"Penal-Debe, Trinidad, Trinidad And Tobago",2025-12-08,86.0,71.6,78.8,93.5,71.6,81.2,72.1,80.5,0.134,100,41.67,13.9,116.1,1013.1,62.6,6.3,216.1,18.7,7,2025-12-08T06:11:32,2025-12-08T17:44:19,0.62,"Rain, Partially cloudy",Partly cloudy throughout the day with a chance of rain throughout the day.,rain,"3EBY2,TTPP,TDW00011634"
"Penal-Debe, Trinidad, Trinidad And Tobago",2025-12-09,84.2,74.9,79.2,86.5,74.9,80.2,69.1,72.7,0.004,100,4.17,15.0,117.6,1013.0,32.9,6.4,238.8,20.6,9,2025-12-09T06:12:04,2025-12-09T17:44:42,0.66,"Rain, Partially cloudy",Partly cloudy throughout the day with late afternoon rain.,rain,"3EBY2,TTPP,TDW00011634"
"Penal-Debe, Trinidad, Trinidad And Tobago",2025-12-10,84.2,73.4,79.3,89.6,73.4,81.2,70.9,76.1,0.087,100,20.83,19.7,110.3,1013.1,31.4,6.4,210.2,18.1,8,2025-12-10T06:12:35,2025-12-10T17:45:04,0.69,"Rain, Partially cloudy",Partly cloudy throughout the day with early morning rain.,rain,"3EBY2,TTPP,TDW00011634"
"Penal-Debe, Trinidad, Trinidad And Tobago",2025-12-11,86.0,72.7,78.6,92.0,72.7,80.6,70.0,75.8,0.0,0,0.0,16.1,111.9,1013.7,30.8,6.4,226.4,19.7,8,2025-12-11T06:13:07,2025-12-11T17:45:28,0.75,Partially cloudy,Partly cloudy throughout the day.,partly-cloudy-day,"3EBY2,TTPP,TDW00011634"
"Penal-Debe, Trinidad, Trinidad And Tobago",2025-12-12,86.0,75.2,79.4,91.0,75.2,81.2,71.5,77.7,0.024,100,16.67,18.3,108.7,1012.2,46.9,5.9,218.2,18.8,7,2025-12-12T06:13:39,2025-12-12T17:45:53,0.75,"Rain, Partially cloudy",Partly cloudy throughout the day with a chance of rain throughout the day.,rain,"3EBY2,TTPP,TDW00011634"
"Penal-Debe, Trinidad, Trinidad And Tobago",2025-12-13,84.2,75.2,78.6,89.6,75.2,80.1,71.6,79.3,0.044,100,33.33,13.9,116.2,1011.9,47.8,6.2,197.9,17.1,7,2025-12-13T06:14:10,2025-12-13T17:46:18,0.79,"Rain, Partially cloudy",Partly cloudy throughout the day with rain.,rain,"TTPP,TDW00011634"
"Penal-Debe, Trinidad, Trinidad And Tobago",2025-12-14,84.2,75.2,79.9,91.0,75.2,82.0,71.4,75.8,0.012,100,12.5,17.2,117.2,1012.3,46.5,6.2,221.6,19.2,8,2025-12-14T06:14:42,2025-12-14T17:46:44,0.82,"Rain, Partially cloudy",Partly cloudy throughout the day with rain.,rain,"TTPP,TDW00011634"
"Penal-Debe, Trinidad, Trinidad And Tobago",2025-12-15,86.0,73.4,79.9,90.6,73.4,81.8,70.9,75.2,0.024,100,20.83,13.9,110.7,1012.3,47.8,6.2,222.2,19.0,8,2025-12-15T06:15:13,2025-12-15T17:47:10,0.85,"Rain, Partially cloudy",Partly cloudy throughout the day with rain clearing later.,rain,"TTPP,TDW00011634"
"Penal-Debe, Trinidad, Trinidad And Tobago",2025-12-16,86.0,74.9,79.5,92.0,74.9,81.8,71.8,77.9,0.048,100,33.33,12.8,108.7,1012.2,59.8,6.6,223.7,19.4,8,2025-12-16T06:15:45,2025-12-16T17:47:37,0.89,"Rain, Partially cloudy",Partly cloudy throughout the day with rain.,rain,"3EBY2,TTPP,TDW00011634"
"Penal-Debe, Trinidad, Trinidad And Tobago",2025-12-17,82.4,69.3,77.6,88.3,69.3,79.1,71.9,82.9,0.048,100,37.5,16.1,105.0,1012.3,66.3,5.9,191.1,16.6,7,2025-12-17T06:16:16,2025-12-17T17:48:05,0.92,"Rain, Partially cloudy",Partly cloudy throughout the day with rain in the morning and afternoon.,rain,"3EBY2,TTPP,TDW00011634"
"Penal-Debe, Trinidad, Trinidad And Tobago",2025-12-18,84.2,73.4,77.9,89.6,73.4,79.4,69.7,76.9,0.032,100,25.0,17.2,108.9,1012.0,51.1,6.3,218.6,18.9,8,2025-12-18T06:16:47,2025-12-18T17:48:33,0.95,"Rain, Partially cloudy",Partly cloudy throughout the day with a chance of rain throughout the day.,rain,"3EBY2,TTPP,TDW00011634"
"Penal-Debe, Trinidad, Trinidad And Tobago",2025-12-19,84.2,68.6,76.4,89.6,68.6,77.6,68.6,77.4,0.08,100,33.33,17.2,101.5,1013.9,59.2,7.7,199.9,17.1,7,2025-12-19T06:17:17,2025-12-19T17:49:02,0.0,"Rain, Partially cloudy",Partly cloudy throughout the day with rain.,rain,"3EBY2,TTPP,TDW00011634,remote"
"Penal-Debe, Trinidad, Trinidad And Tobago",2025-12-20,84.2,70.4,78.2,89.6,70.4,79.9,70.4,77.7,0.119,100,45.83,17.6,109.2,1013.2,48.2,6.4,205.5,17.7,8,2025-12-20T06:17:48,2025-12-20T17:49:31,0.02,"Rain, Partially cloudy",Partly cloudy throughout the day with a chance of rain throughout the day.,rain,"3EBY2,TTPP,TDW00011634"
"Penal-Debe, Trinidad, Trinidad And Tobago",2025-12-21,86.0,73.4,79.3,90.6,73.4,81.1,70.0,74.5,0.016,100,16.67,15.0,99.5,1012.6,30.8,6.2,206.4,17.9,8,2025-12-21T06:18:18,2025-12-21T17:50:01,0.06,"Rain, Partially cloudy",Partly cloudy throughout the day with rain in the morning and afternoon.,rain,"TTPP,TDW00011634"
"Penal-Debe, Trinidad, Trinidad And Tobago",2025-12-22,86.0,75.2,79.4,89.4,75.2,80.5,68.5,70.1,0.004,100,4.17,19.7,100.9,1012.3,39.2,7.0,226.7,19.7,8,2025-12-22T06:18:47,2025-12-22T17:50:31,0.09,"Rain, Partially cloudy",Partly cloudy throughout the day with early morning rain.,rain,"3EBY2,TTPP,TDW00011634,remote"
"Penal-Debe, Trinidad, Trinidad And Tobago",2025-12-23,86.0,71.6,78.1,90.6,71.6,79.3,68.5,73.6,0.048,100,33.33,17.2,113.1,1011.4,50.7,6.2,203.1,17.6,7,2025-12-23T06:19:16,2025-12-23T17:51:01,0.13,"Rain, Partially cloudy",Partly cloudy throughout the day with rain in the morning and afternoon.,rain,"TTPP,TDW00011634"
"Penal-Debe, Trinidad, Trinidad And Tobago",2025-12-24,86.0,73.0,78.6,89.4,73.0,80.0,69.4,74.8,0.02,100,16.67,11.4,104.2,1011.7,33.6,6.1,220.3,19.0,8,2025-12-24T06:19:45,2025-12-24T17:51:32,0.16,"Rain, Partially cloudy",Partly cloudy throughout the day with rain in the morning and afternoon.,rain,"TTPP,TDW00011634"
"Penal-Debe, Trinidad, Trinidad And Tobago",2025-12-25,87.8,69.8,78.6,111.4,69.8,80.8,69.0,74.1,0.012,100,12.5,11.4,75.3,1011.6,41.5,6.2,218.3,18.9,7,2025-12-25T06:20:14,2025-12-25T17:52:03,0.19,"Rain, Partially cloudy",Partly cloudy throughout the day with rain.,rain,"TTPP,TDW00011634"
"Penal-Debe, Trinidad, Trinidad And Tobago",2025-12-26,86.0,71.6,78.2,89.4,71.6,79.6,68.6,73.5,0.06,100,50.0,15.0,111.0,1012.7,48.0,6.2,215.1,18.6,8,2025-12-26T06:20:42,2025-12-26T17:52:34,0.23,"Rain, Partially cloudy",Partly cloudy throughout the day with a chance of rain throughout the day.,rain,"TTPP,TDW00011634"
"Penal-Debe, Trinidad, Trinidad And Tobago",2025-12-27,86.0,73.4,78.9,93.5,73.4,80.6,70.9,77.3,0.34,100,62.5,17.2,112.4,1012.8,66.5,6.1,154.2,13.4,6,2025-12-27T06:21:09,2025-12-27T17:53:06,0.25,"Rain, Partially cloudy",Partly cloudy throughout the day with rain.,rain,"TTPP,TDW00011634"
"Penal-Debe, Trinidad, Trinidad And Tobago",2025-12-28,86.0,73.4,78.3,95.2,73.4,80.6,73.6,85.7,0.702,100,91.67,13.9,105.4,1012.9,67.2,6.4,156.4,13.7,6,2025-12-28T06:21:36,2025-12-28T17:53:38,0.3,"Rain, Partially cloudy",Partly cloudy throughout the day with a chance of rain throughout the day.,rain,"TTPP,TDW00011634"
"Penal-Debe, Trinidad, Trinidad And Tobago",2025-12-29,87.8,75.2,79.6,97.8,75.2,82.7,73.8,83.0,0.617,100,70.83,16.1,104.1,1012.9,53.9,6.2,140.9,12.1,6,2025-12-29T06:22:02,2025-12-29T17:54:10,0.33,"Rain, Partially cloudy",Partly cloudy throughout the day with a chance of rain throughout the day.,rain,"TTPP,TDW00011634"
"Penal-Debe, Trinidad, Trinidad And Tobago",2025-12-30,86.0,75.2,79.7,92.0,75.2,82.5,73.2,81.1,0.08,100,37.5,18.3,115.7,1013.3,53.5,6.2,183.7,15.8,7,2025-12-30T06:22:28,2025-12-30T17:54:42,0.37,"Rain, Partially cloudy",Partly cloudy throughout the day with rain.,rain,"TTPP,TDW00011634"
"Penal-Debe, Trinidad, Trinidad And Tobago",2025-12-31,86.0,75.2,79.5,90.6,75.2,81.3,71.3,76.8,0.052,100,33.33,13.9,110.9,1014.5,37.0,6.2,203.6,17.7,8,2025-12-31T06:22:53,2025-12-31T17:55:15,0.4,"Rain, Partially cloudy",Partly cloudy throughout the day with rain in the morning and afternoon.,rain,"TTPP,TDW00011634"
"Penal-Debe, Trinidad, Trinidad And Tobago",2026-01-01,86.0,73.4,79.0,90.6,73.4,80.9,70.7,76.8,0.02,100,16.67,13.9,108.9,1013.8,33.1,6.2,225.0,19.6,9,2026-01-01T06:23:17,2026-01-01T17:55:47,0.44,"Rain, Partially cloudy",Partly cloudy throughout the day with afternoon rain.,rain,"TTPP,TDW00011634"
"Penal-Debe, Trinidad, Trinidad And Tobago",2026-01-02,86.0,73.4,79.1,91.0,73.4,81.2,71.1,77.5,0.0,0,0.0,16.1,104.1,1012.6,41.2,6.6,239.5,20.7,9,2026-01-02T06:23:41,2026-01-02T17:56:20,0.47,Partially cloudy,Partly cloudy throughout the day.,partly-cloudy-day,"TTPP,TDW00011634,remote"
"Penal-Debe, Trinidad, Trinidad And Tobago",2026-01-03,86.0,75.2,79.8,92.0,75.2,81.7,70.8,75.2,0.02,100,20.83,13.9,104.2,1012.9,48.9,6.2,215.1,18.6,8,2026-01-03T06:24:03,2026-01-03T17:56:52,0.5,"Rain, Partially cloudy",Partly cloudy throughout the day with rain in the morning and afternoon.,rain,"TTPP,TDW00011634"
"Penal-Debe, Trinidad, Trinidad And Tobago",2026-01-04,84.2,75.2,79.0,88.5,75.2,80.7,70.5,76.0,0.052,100,37.5,15.0,108.0,1013.0,39.8,6.2,211.1,18.2,8,2026-01-04T06:24:26,2026-01-04T17:57:24,0.54,"Rain, Partially cloudy",Partly cloudy throughout the day with rain in the morning and afternoon.,rain,"TTPP,TDW00011634"
"Penal-Debe, Trinidad, Trinidad And Tobago",2026-01-05,87.8,71.6,78.8,95.9,71.6,80.6,69.9,75.2,0.016,100,16.67,12.8,113.2,1012.3,41.0,6.2,216.4,18.6,7,2026-01-05T06:24:47,2026-01-05T17:57:57,0.57,"Rain, Partially cloudy",Partly cloudy throughout the day with rain in the morning and afternoon.,rain,"TTPP,TDW00011634"
"Penal-Debe, Trinidad, Trinidad And Tobago",2026-01-06,87.8,71.6,79.1,95.4,71.6,81.2,70.5,76.0,0.036,100,20.83,12.8,107.9,1012.2,56.5,6.4,217.5,18.8,8,2026-01-06T06:25:08,2026-01-06T17:58:29,0.61,"Rain, Partially cloudy",Partly cloudy throughout the day with rain in the morning and afternoon.,rain,"TTPP,TDW00011634"
"Penal-Debe, Trinidad, Trinidad And Tobago",2026-01-07,86.0,71.6,79.0,92.0,71.6,81.0,70.5,76.2,0.024,100,20.83,13.9,99.7,1013.3,56.8,6.2,220.4,19.0,8,2026-01-07T06:25:27,2026-01-07T17:59:01,0.64,"Rain, Partially cloudy",Partly cloudy throughout the day with rain in the morning and afternoon.,rain,"TTPP,TDW00011634"
"Penal-Debe, Trinidad, Trinidad And Tobago",2026-01-08,86.0,73.4,79.8,90.6,73.4,81.7,70.4,74.1,0.0,0,0.0,13.9,108.8,1013.3,33.2,6.2,233.3,20.2,8,2026-01-08T06:25:46,2026-01-08T17:59:33,0.67,Partially cloudy,Partly cloudy throughout the day.,partly-cloudy-day,"TTPP,TDW00011634"
"Penal-Debe, Trinidad, Trinidad And Tobago",2026-01-09,80.6,73.4,77.0,86.2,73.4,77.8,71.6,83.8,0.324,100,66.67,13.9,97.0,1013.2,61.6,6.2,175.2,15.0,7,2026-01-09T06:26:04,2026-01-09T18:00:05,0.7,"Rain, Partially cloudy",Partly cloudy throughout the day with a chance of rain throughout the day.,rain,"TTPP,TDW00011634"
"Penal-Debe, Trinidad, Trinidad And Tobago",2026-01-10,78.8,73.4,75.4,78.8,73.4,75.4,70.9,86.3,0.407,100,79.17,12.8,113.4,1012.8,66.3,6.1,158.5,13.5,7,2026-01-10T06:26:22,2026-01-10T18:00:37,0.75,"Rain, Partially cloudy",Partly cloudy throughout the day with a chance of rain throughout the day.,rain,"TTPP,TDW00011634"
"Penal-Debe, Trinidad, Trinidad And Tobago",2026-01-11,86.0,71.6,78.2,90.6,71.6,79.7,70.5,78.4,0.084,100,50.0,15.0,99.3,1012.5,59.9,6.2,217.9,18.8,8,2026-01-11T06:26:38,2026-01-11T18:01:08,0.77,"Rain, Partially cloudy",Partly cloudy throughout the day with a chance of rain throughout the day.,rain,"TTPP,TDW00011634"
"Penal-Debe, Trinidad, Trinidad And Tobago",2026-01-12,86.0,73.4,77.7,90.6,73.4,79.2,70.6,79.9,0.186,100,45.83,13.9,107.8,1013.3,66.0,6.4,189.1,16.1,7,2026-01-12T06:26:53,2026-01-12T18:01:39,0.8,"Rain, Partially cloudy",Partly cloudy throughout the day with rain.,rain,"TTPP,TDW00011634"
"Penal-Debe, Trinidad, Trinidad And Tobago",2026-01-13,84.2,73.4,77.9,89.6,73.4,79.2,70.9,79.7,0.207,100,54.17,11.4,105.6,1013.0,62.4,6.2,146.6,12.6,6,2026-01-13T06:27:08,2026-01-13T18:02:10,0.83,"Rain, Partially cloudy",Partly cloudy throughout the day with a chance of rain throughout the day.,rain,"TTPP,TDW00011634"
"Penal-Debe, Trinidad, Trinidad And Tobago",2026-01-14,86.0,73.4,78.7,92.0,73.4,81.0,72.2,81.1,0.092,100,50.0,19.7,109.9,1012.4,60.6,6.1,181.9,15.6,7,2026-01-14T06:27:21,2026-01-14T18:02:41,0.86,"Rain, Partially cloudy",Partly cloudy throughout the day with a chance of rain throughout the day.,rain,"TTPP,TDW00011634"
"Penal-Debe, Trinidad, Trinidad And Tobago",2026-01-15,84.2,77.0,79.3,92.5,77.0,81.2,73.7,83.5,0.183,100,54.17,13.9,110.3,1012.3,65.5,6.2,166.0,14.3,6,2026-01-15T06:27:34,2026-01-15T18:03:11,0.9,"Rain, Partially cloudy",Partly cloudy throughout the day with a chance of rain throughout the day.,rain,"TTPP,TDW00011634"
"Penal-Debe, Trinidad, Trinidad And Tobago",2026-01-16,86.0,75.2,78.8,93.5,75.2,80.8,72.8,82.3,0.044,100,37.5,20.8,93.9,1012.8,57.1,5.7,206.6,17.8,8,2026-01-16T06:27:45,2026-01-16T18:03:41,0.93,"Rain, Partially cloudy",Partly cloudy throughout the day with rain.,rain,"TTPP,TDW00011634"
"Penal-Debe, Trinidad, Trinidad And Tobago",2026-01-17,84.2,75.2,79.9,87.4,75.2,81.3,69.2,70.7,0.0,0,0.0,17.2,100.7,1012.8,35.2,6.2,231.9,20.2,8,2026-01-17T06:27:56,2026-01-17T18:04:10,0.96,Partially cloudy,Partly cloudy throughout the day.,partly-cloudy-day,"TTPP,TDW00011634"
"Penal-Debe, Trinidad, Trinidad And Tobago",2026-01-18,86.0,71.6,78.5,89.4,71.6,79.9,69.0,73.8,0.0,0,0.0,13.9,108.3,1012.2,29.2,6.2,244.0,21.1,9,2026-01-18T06:28:05,2026-01-18T18:04:39,0.0,Partially cloudy,Partly cloudy throughout the day.,partly-cloudy-day,"TTPP,TDW00011634"
"Penal-Debe, Trinidad, Trinidad And Tobago",2026-01-19,86.0,73.4,79.9,90.6,73.4,81.4,69.4,71.6,0.0,0,0.0,15.0,107.5,1012.1,30.9,6.2,242.8,20.9,9,2026-01-19T06:28:14,2026-01-19T18:05:08,0.03,Partially cloudy,Partly cloudy throughout the day.,partly-cloudy-day,"TTPP,TDW00011634"
"Penal-Debe, Trinidad, Trinidad And Tobago",2026-01-20,86.0,75.2,80.3,92.0,75.2,82.5,70.8,73.8,0.06,100,37.5,16.1,102.9,1012.0,34.8,6.2,226.8,19.5,8,2026-01-20T06:28:21,2026-01-20T18:05:36,0.07,"Rain, Partially cloudy",Partly cloudy throughout the day with rain.,rain,"TTPP,TDW00011634"
"Penal-Debe, Trinidad, Trinidad And Tobago",2026-01-21,86.0,73.4,78.8,90.6,73.4,80.5,70.2,75.9,0.044,100,37.5,13.9,104.6,1011.5,39.6,6.2,221.9,19.0,8,2026-01-21T06:28:28,2026-01-21T18:06:04,0.1,"Rain, Partially cloudy",Partly cloudy throughout the day with rain.,rain,"TTPP,TDW00011634"
"Penal-Debe, Trinidad, Trinidad And Tobago",2026-01-22,86.0,73.4,78.6,92.0,73.4,80.8,71.9,80.6,0.167,100,54.17,13.9,98.7,1011.5,50.2,6.6,189.1,16.4,7,2026-01-22T06:28:33,2026-01-22T18:06:31,0.14,"Rain, Partially cloudy",Partly cloudy throughout the day with a chance of rain throughout the day.,rain,"TTPP,TDW00011634,remote"
"Penal-Debe, Trinidad, Trinidad And Tobago",2026-01-23,86.0,75.2,79.3,92.0,75.2,81.6,72.1,79.2,0.076,100,50.0,12.8,106.2,1012.3,50.5,6.4,176.9,15.2,7,2026-01-23T06:28:38,2026-01-23T18:06:57,0.17,"Rain, Partially cloudy",Partly cloudy throughout the day with a chance of rain throughout the day.,rain,"TTPP,TDW00011634"
"Penal-Debe, Trinidad, Trinidad And Tobago",2026-01-24,86.0,75.2,79.9,108.0,75.2,82.9,72.7,79.5,0.064,100,50.0,16.1,107.3,1012.7,52.2,6.2,214.2,18.5,8,2026-01-24T06:28:41,2026-01-24T18:07:24,0.21,"Rain, Partially cloudy",Partly cloudy throughout the day with a chance of rain throughout the day.,rain,"TTPP,TDW00011634"
"Penal-Debe, Trinidad, Trinidad And Tobago",2026-01-25,84.2,73.4,78.1,89.6,73.4,79.6,71.7,81.2,0.048,100,33.33,17.2,94.5,1014.6,48.0,6.0,218.0,18.7,8,2026-01-25T06:28:44,2026-01-25T18:07:49,0.24,"Rain, Partially cloudy",Partly cloudy throughout the day with rain.,rain,"3EBY2,TTPP,TDW00011634"
"Penal-Debe, Trinidad, Trinidad And Tobago",2026-01-26,84.2,75.2,78.8,88.5,75.2,80.5,70.8,77.3,0.032,100,33.33,20.8,95.1,1014.8,46.5,6.3,229.1,19.7,8,2026-01-26T06:28:45,2026-01-26T18:08:14,0.25,"Rain, Partially cloudy",Partly cloudy throughout the day with a chance of rain throughout the day.,rain,"3EBY2,TTPP,TDW00011634"
"Penal-Debe, Trinidad, Trinidad And Tobago",2026-01-27,86.0,73.4,79.2,88.4,73.4,80.3,68.3,70.5,0.04,100,25.0,18.3,103.2,1015.2,25.0,6.2,226.0,19.4,8,2026-01-27T06:28:46,2026-01-27T18:08:38,0.31,"Rain, Partially cloudy",Partly cloudy throughout the day with rain in the morning and afternoon.,rain,"3EBY2,TTPP,TDW00011634"
"Penal-Debe, Trinidad, Trinidad And Tobago",2026-01-28,86.0,75.2,79.1,88.4,75.2,79.9,67.4,68.4,0.0,0,0.0,15.0,106.0,1014.7,25.0,6.4,246.9,21.4,9,2026-01-28T06:28:45,2026-01-28T18:09:02,0.35,Partially cloudy,Partly cloudy throughout the day.,partly-cloudy-day,"3EBY2,TTPP,TDW00011634"
"Penal-Debe, Trinidad, Trinidad And Tobago",2026-01-29,87.8,73.7,78.5,93.5,73.7,80.0,71.7,80.4,0.084,100,45.83,13.9,118.3,1014.4,58.5,6.1,219.0,19.0,7,2026-01-29T06:28:43,2026-01-29T18:09:25,0.38,"Rain, Partially cloudy",Partly cloudy throughout the day with a chance of rain throughout the day.,rain,"3EBY2,TTPP,TDW00011634"
"Penal-Debe, Trinidad, Trinidad And Tobago",2026-01-30,84.2,70.6,78.8,91.0,70.6,81.3,73.0,82.8,0.06,100,50.0,16.1,106.6,1013.9,62.9,6.2,197.0,16.9,7,2026-01-30T06:28:40,2026-01-30T18:09:48,0.42,"Rain, Partially cloudy",Partly cloudy throughout the day with a chance of rain throughout the day.,rain,"3EBY2,TTPP,TDW00011634"
"Penal-Debe, Trinidad, Trinidad And Tobago",2026-01-31,86.0,72.2,79.9,93.5,72.2,82.5,72.7,79.4,0.008,100,8.33,16.1,118.9,1013.6,48.3,5.9,222.0,19.2,8,2026-01-31T06:28:36,2026-01-31T18:10:10,0.46,"Rain, Partially cloudy",Partly cloudy throughout the day with rain in the morning and afternoon.,rain,"3EBY2,TTPP,TDW00011634"
"Penal-Debe, Trinidad, Trinidad And Tobago",2026-02-01,86.0,72.9,79.7,92.0,72.9,81.8,71.7,77.2,0.036,100,29.17,17.2,101.9,1013.8,47.3,5.3,233.3,20.3,8,2026-02-01T06:28:32,2026-02-01T18:10:31,0.5,"Rain, Partially cloudy",Partly cloudy throughout the day with rain in the morning and afternoon.,rain,"3EBY2,TTPP,TDW00011634"
"Penal-Debe, Trinidad, Trinidad And Tobago",2026-02-02,87.8,70.0,78.7,92.7,70.0,80.6,70.4,76.6,0.02,100,20.83,15.0,105.3,1015.5,43.7,6.3,248.5,21.5,8,2026-02-02T06:28:26,2026-02-02T18:10:52,0.52,"Rain, Partially cloudy",Partly cloudy throughout the day with afternoon rain.,rain,"3EBY2,TTPP,TDW00011634"
"Penal-Debe, Trinidad, Trinidad And Tobago",2026-02-03,84.2,75.2,79.3,89.6,75.2,81.2,71.4,77.5,0.028,100,20.83,16.1,104.9,1015.1,51.3,6.2,234.1,20.2,8,2026-02-03T06:28:19,2026-02-03T18:11:12,0.56,"Rain, Partially cloudy",Partly cloudy throughout the day with a chance of rain throughout the day.,rain,"TTPP,TDW00011634"
"Penal-Debe, Trinidad, Trinidad And Tobago",2026-02-04,86.0,72.4,78.8,89.4,72.4,80.2,69.7,74.8,0.0,0,0.0,17.2,105.5,1015.6,34.4,6.4,228.5,19.7,8,2026-02-04T06:28:11,2026-02-04T18:11:32,0.59,Partially cloudy,Partly cloudy throughout the day.,partly-cloudy-day,"3EBY2,TTPP,TDW00011634"
"Penal-Debe, Trinidad, Trinidad And Tobago",2026-02-05,86.0,70.0,78.0,89.4,70.0,79.2,68.5,73.7,0.0,0,0.0,15.0,104.1,1014.8,39.6,6.4,245.7,21.2,9,2026-02-05T06:28:02,2026-02-05T18:11:50,0.62,Partially cloudy,Partly cloudy throughout the day.,partly-cloudy-day,"3EBY2,TTPP,TDW00011634"
"Penal-Debe, Trinidad, Trinidad And Tobago",2026-02-06,87.8,71.6,78.7,91.5,71.6,80.1,69.2,74.0,0.012,100,12.5,16.1,103.2,1013.7,29.7,6.4,221.9,19.2,8,2026-02-06T06:27:52,2026-02-06T18:12:09,0.65,"Rain, Partially cloudy",Partly cloudy throughout the day with afternoon rain.,rain,"TTPP,TDW00011634"
"Penal-Debe, Trinidad, Trinidad And Tobago",2026-02-07,87.8,71.8,79.3,91.5,71.8,81.0,69.8,74.0,0.036,100,29.17,16.1,100.8,1014.1,39.8,6.3,225.9,19.5,8,2026-02-07T06:27:42,2026-02-07T18:12:26,0.68,"Rain, Partially cloudy",Partly cloudy throughout the day with rain in the morning and afternoon.,rain,"3EBY2,TTPP,TDW00011634"
"Penal-Debe, Trinidad, Trinidad And Tobago",2026-02-08,87.9,73.4,79.7,92.7,73.4,81.3,69.4,71.9,0.0,0,0.0,11.6,107.9,1015.8,35.0,6.4,264.6,22.7,9,2026-02-08T06:27:30,2026-02-08T18:12:43,0.72,Partially cloudy,Becoming cloudy in the afternoon.,partly-cloudy-day,"3EBY2,TTPP,TDW00011634"
"Penal-Debe, Trinidad, Trinidad And Tobago",2026-02-09,87.8,73.4,79.7,94.2,73.4,82.0,70.8,75.0,0.036,100,25.0,15.0,116.7,1015.3,38.2,6.3,233.0,20.1,8,2026-02-09T06:27:17,2026-02-09T18:12:59,0.75,"Rain, Partially cloudy",Partly cloudy throughout the day with rain in the morning and afternoon.,rain,"3EBY2,TTPP,TDW00011634"
"Penal-Debe, Trinidad, Trinidad And Tobago",2026-02-10,86.0,75.2,79.7,89.4,75.2,81.2,69.4,71.8,0.016,100,16.67,19.7,96.3,1015.6,34.6,5.9,253.4,21.8,9,2026-02-10T06:27:04,2026-02-10T18:13:15,0.78,"Rain, Partially cloudy",Partly cloudy throughout the day with afternoon rain.,rain,"3EBY2,TTPP,TDW00011634"
"Penal-Debe, Trinidad, Trinidad And Tobago",2026-02-11,86.0,73.4,79.4,90.6,73.4,81.0,68.8,71.0,0.012,100,12.5,20.8,105.0,1015.1,42.8,6.3,240.0,20.9,8,2026-02-11T06:26:49,2026-02-11T18:13:30,0.81,"Rain, Partially cloudy",Partly cloudy throughout the day with afternoon rain.,rain,"3EBY2,TTPP,TDW00011634"
"Penal-Debe, Trinidad, Trinidad And Tobago",2026-02-12,86.0,73.4,79.3,90.6,73.4,81.1,70.6,75.8,0.024,100,20.83,17.2,109.1,1014.5,38.9,6.1,249.2,21.5,9,2026-02-12T06:26:33,2026-02-12T18:13:44,0.84,"Rain, Partially cloudy",Partly cloudy throughout the day with rain clearing later.,rain,"TTPP,TDW00011634"
"Penal-Debe, Trinidad, Trinidad And Tobago",2026-02-13,84.2,75.2,79.2,89.6,75.2,81.0,71.4,77.8,0.048,100,50.0,13.9,106.2,1013.7,60.8,5.7,241.4,21.0,9,2026-02-13T06:26:17,2026-02-13T18:13:58,0.88,"Rain, Partially cloudy",Partly cloudy throughout the day with a chance of rain throughout the day.,rain,"TTPP,TDW00011634"
"Penal-Debe, Trinidad, Trinidad And Tobago",2026-02-14,86.0,73.4,79.6,90.6,73.4,81.5,71.1,76.3,0.016,100,12.5,13.9,100.7,1013.3,41.5,6.1,256.5,22.1,9,2026-02-14T06:26:00,2026-02-14T18:14:11,0.91,"Rain, Partially cloudy",Partly cloudy throughout the day with rain in the morning and afternoon.,rain,"TTPP,TDW00011634"
"Penal-Debe, Trinidad, Trinidad And Tobago",2026-02-15,87.8,75.2,79.9,91.5,75.2,81.9,70.5,74.2,0.0,0,0.0,17.5,104.5,1013.6,47.7,6.3,259.5,22.4,9,2026-02-15T06:25:42,2026-02-15T18:14:23,0.94,Partially cloudy,Partly cloudy throughout the day.,partly-cloudy-day,"3EBY2,TTPP,TDW00011634"
"Penal-Debe, Trinidad, Trinidad And Tobago",2026-02-16,87.8,73.4,80.3,90.6,73.4,82.2,69.8,71.7,0.0,0,0.0,16.1,92.1,1014.0,49.9,6.3,261.7,22.8,9,2026-02-16T06:25:23,2026-02-16T18:14:35,0.97,Partially cloudy,Partly cloudy throughout the day.,partly-cloudy-day,"3EBY2,TTPP,TDW00011634"
"Penal-Debe, Trinidad, Trinidad And Tobago",2026-02-17,87.8,75.2,79.9,90.3,75.2,81.4,70.5,74.7,0.032,100,33.33,15.0,113.5,1014.5,40.5,6.2,240.3,20.9,8,2026-02-17T06:25:03,2026-02-17T18:14:46,0.0,"Rain, Partially cloudy",Partly cloudy throughout the day with a chance of rain throughout the day.,rain,"3EBY2,TTPP,TDW00011634"
"Penal-Debe, Trinidad, Trinidad And Tobago",2026-02-18,86.0,75.2,79.7,90.6,75.2,81.6,70.5,74.3,0.044,100,37.5,16.1,101.5,1014.0,45.7,6.1,233.8,20.3,9,2026-02-18T06:24:42,2026-02-18T18:14:57,0.04,"Rain, Partially cloudy",Partly cloudy throughout the day with rain.,rain,"TTPP,TDW00011634"
"Penal-Debe, Trinidad, Trinidad And Tobago",2026-02-19,84.2,75.0,78.6,89.6,75.0,79.9,70.3,76.7,0.044,100,37.5,16.1,111.5,1013.3,58.5,5.6,233.4,20.1,8,2026-02-19T06:24:21,2026-02-19T18:15:07,0.08,"Rain, Partially cloudy",Partly cloudy throughout the day with rain in the morning and afternoon.,rain,"TTPP,TDW00011634"
"Penal-Debe, Trinidad, Trinidad And Tobago",2026-02-20,84.2,75.2,79.0,88.5,75.2,80.6,70.3,75.4,0.06,100,54.17,20.8,96.6,1013.4,57.1,5.9,221.7,19.3,9,2026-02-20T06:23:59,2026-02-20T18:15:16,0.11,"Rain, Partially cloudy",Partly cloudy throughout the day with a chance of rain throughout the day.,rain,"TTPP,TDW00011634"
"Penal-Debe, Trinidad, Trinidad And Tobago",2026-02-21,84.2,73.1,78.8,88.5,73.1,80.5,70.1,75.2,0.016,100,16.67,21.9,91.2,1014.6,39.5,6.3,237.3,20.5,8,2026-02-21T06:23:36,2026-02-21T18:15:25,0.15,"Rain, Partially cloudy",Partly cloudy throughout the day with rain in the morning and afternoon.,rain,"3EBY2,TTPP,TDW00011634"
"Penal-Debe, Trinidad, Trinidad And Tobago",2026-02-22,86.0,71.6,79.1,90.6,71.6,80.8,70.2,75.0,0.0,0,0.0,18.3,99.0,1014.5,28.7,5.7,260.6,22.6,9,2026-02-22T06:23:12,2026-02-22T18:15:33,0.18,Partially cloudy,Partly cloudy throughout the day.,partly-cloudy-day,"3EBY2,TTPP,TDW00011634"
"Penal-Debe, Trinidad, Trinidad And Tobago",2026-02-23,86.0,75.2,79.4,89.4,75.2,80.7,69.4,72.5,0.0,0,0.0,15.0,97.2,1013.3,44.9,4.5,268.3,23.3,9,2026-02-23T06:22:48,2026-02-23T18:15:41,0.22,Partially cloudy,Partly cloudy throughout the day.,partly-cloudy-day,"TTPP,TDW00011634"
"Penal-Debe, Trinidad, Trinidad And Tobago",2026-02-24,86.0,73.4,78.7,88.4,73.4,79.8,67.5,69.5,0.004,100,4.17,17.2,102.4,1013.0,47.5,5.3,259.2,22.4,9,2026-02-24T06:22:23,2026-02-24T18:15:48,0.25,"Rain, Partially cloudy",Partly cloudy throughout the day with afternoon rain.,rain,"TTPP,TDW00011634"
"Penal-Debe, Trinidad, Trinidad And Tobago",2026-02-25,84.2,73.4,79.0,88.5,73.4,80.7,69.0,72.1,0.0,0,0.0,15.0,104.8,1013.6,25.9,6.2,250.3,21.6,9,2026-02-25T06:21:57,2026-02-25T18:15:55,0.29,Partially cloudy,Partly cloudy throughout the day.,partly-cloudy-day,"3EBY2,TTPP,TDW00011634"
"Penal-Debe, Trinidad, Trinidad And Tobago",2026-02-26,84.2,75.2,79.4,88.5,75.2,80.9,69.9,73.5,0.028,100,25.0,19.7,97.9,1014.5,27.7,4.4,245.8,21.3,9,2026-02-26T06:21:31,2026-02-26T18:16:01,0.33,"Rain, Partially cloudy",Partly cloudy throughout the day with rain in the morning and afternoon.,rain,"3EBY2,TTPP,TDW00011634"
"Penal-Debe, Trinidad, Trinidad And Tobago",2026-02-27,83.8,73.4,78.0,87.0,73.4,79.1,68.2,72.4,0.036,100,25.0,19.7,103.4,1014.3,14.9,4.9,250.3,21.7,9,2026-02-27T06:21:04,2026-02-27T18:16:07,0.36,Rain,Clear conditions throughout the day with rain.,rain,"3EBY2,TTPP,TDW00011634"
"Penal-Debe, Trinidad, Trinidad And Tobago",2026-02-28,87.6,71.9,79.2,92.2,71.9,80.6,68.3,70.6,0.0,0,0.0,16.1,115.5,1013.6,15.5,6.6,245.8,21.2,8,2026-02-28T06:20:37,2026-02-28T18:16:12,0.4,Clear,Clear conditions throughout the day.,clear-day,"TTPP,TDW00011634"
"Penal-Debe, Trinidad, Trinidad And Tobago",2026-03-01,89.6,73.7,79.4,95.0,73.7,81.2,69.4,72.6,0.008,100,8.33,17.2,110.2,1013.2,17.3,7.0,266.1,23.0,9,2026-03-01T06:20:09,2026-03-01T18:16:17,0.43,Rain,Clear conditions throughout the day with morning rain.,rain,"TTPP,TDW00011634"
"Penal-Debe, Trinidad, Trinidad And Tobago",2026-03-02,86.3,73.4,78.5,90.1,73.4,79.6,69.2,74.2,0.0,0,0.0,16.1,101.3,1012.6,20.4,7.7,276.1,23.8,10,2026-03-02T06:19:40,2026-03-02T18:16:22,0.47,Partially cloudy,Partly cloudy throughout the day.,partly-cloudy-day,"3EBY2,TTPP,TDW00011634"
"Penal-Debe, Trinidad, Trinidad And Tobago",2026-03-03,84.2,73.0,78.5,88.2,73.0,79.7,69.1,74.2,0.016,100,16.67,18.3,102.9,1012.6,16.3,5.8,230.5,19.8,9,2026-03-03T06:19:11,2026-03-03T18:16:25,0.5,Rain,Clear conditions throughout the day with early morning rain.,rain,"3EBY2,TTPP,TDW00011634"
"Penal-Debe, Trinidad, Trinidad And Tobago",2026-03-04,86.0,71.9,78.9,88.3,71.9,79.6,67.6,69.8,0.0,0,0.0,18.3,94.4,1012.9,18.4,7.0,274.2,23.7,10,2026-03-04T06:18:41,2026-03-04T18:16:29,0.54,Clear,Clear conditions throughout the day.,clear-day,"3EBY2,TTPP,TDW00011634,remote"
"Penal-Debe, Trinidad, Trinidad And Tobago",2026-03-05,85.6,73.2,78.2,88.3,73.2,79.3,68.6,73.8,0.0,0,0.0,18.3,103.6,1012.9,20.6,7.5,270.0,23.4,10,2026-03-05T06:18:11,2026-03-05T18:16:32,0.57,Partially cloudy,Partly cloudy throughout the day.,partly-cloudy-day,"TTPP,TDW00011634"
"Penal-Debe, Trinidad, Trinidad And Tobago",2026-03-06,85.5,73.0,78.9,89.8,73.0,80.4,68.5,71.3,0.008,100,8.33,18.3,100.6,1012.7,17.7,7.9,214.1,18.5,8,2026-03-06T06:17:40,2026-03-06T18:16:35,0.6,Rain,Clear conditions throughout the day with rain in the morning and afternoon.,rain,"TTPP,TDW00011634"
"Penal-Debe, Trinidad, Trinidad And Tobago",2026-03-07,85.6,75.3,79.1,89.1,75.3,80.4,68.8,71.3,0.024,100,20.83,19.7,95.6,1012.4,15.3,7.7,255.1,22.0,8,2026-03-07T06:17:09,2026-03-07T18:16:37,0.63,Rain,Clear conditions throughout the day with afternoon rain.,rain,"TTPP,TDW00011634"
"Penal-Debe, Trinidad, Trinidad And Tobago",2026-03-08,84.5,73.7,78.9,86.6,73.7,79.8,67.7,69.8,0.0,0,0.0,17.2,100.5,1012.5,14.4,7.1,263.3,22.7,9,2026-03-08T06:16:37,2026-03-08T18:16:39,0.67,Clear,Clear conditions throughout the day.,clear-day,"3EBY2,TTPP,TDW00011634"
"Penal-Debe, Trinidad, Trinidad And Tobago",2026-03-09,84.3,73.7,78.8,87.4,73.7,80.1,68.4,71.3,0.008,100,8.33,23.0,99.5,1013.9,15.8,7.6,270.9,23.3,9,2026-03-09T06:16:06,2026-03-09T18:16:41,0.7,Rain,Clear conditions throughout the day with early morning rain.,rain,"TTPP,TDW00011634"
"Penal-Debe, Trinidad, Trinidad And Tobago",2026-03-10,84.2,73.7,78.1,86.6,73.7,78.8,66.9,69.0,0.0,0,0.0,20.8,96.6,1014.0,15.1,7.6,264.4,22.7,9,2026-03-10T06:15:33,2026-03-10T18:16:43,0.73,Clear,Clear conditions throughout the day.,clear-day,"3EBY2,TTPP,TDW00011634"
"Penal-Debe, Trinidad, Trinidad And Tobago",2026-03-11,85.5,73.4,79.3,87.1,73.4,80.4,67.8,68.8,0.012,100,8.33,20.8,108.2,1013.6,14.4,8.0,247.7,21.4,9,2026-03-11T06:15:01,2026-03-11T18:16:44,0.75,Rain,Clear conditions throughout the day with late afternoon rain.,rain,"TTPP,TDW00011634"
"Penal-Debe, Trinidad, Trinidad And Tobago",2026-03-12,86.1,76.5,80.2,89.3,76.5,81.6,67.9,66.6,0.016,100,16.67,17.2,101.4,1013.1,18.4,8.3,226.4,19.7,8,2026-03-12T06:14:28,2026-03-12T18:16:45,0.79,Rain,Clear conditions throughout the day with rain in the morning and afternoon.,rain,"TTPP,TDW00011634"
"Penal-Debe, Trinidad, Trinidad And Tobago",2026-03-13,84.2,75.2,79.5,87.5,75.2,80.9,68.9,70.7,0.02,100,20.83,19.7,99.4,1013.4,19.4,7.7,230.5,19.9,8,2026-03-13T06:13:54,2026-03-13T18:16:45,0.83,Rain,Clear conditions throughout the day with rain in the morning and afternoon.,rain,"TTPP,TDW00011634"
"Penal-Debe, Trinidad, Trinidad And Tobago",2026-03-14,86.1,74.8,79.8,89.0,74.8,81.1,68.4,69.3,0.028,100,25.0,17.2,92.6,1013.7,12.9,6.7,231.7,20.1,9,2026-03-14T06:13:21,2026-03-14T18:16:45,0.86,Rain,Clear conditions throughout the day with rain in the morning and afternoon.,rain,"3EBY2,TTPP,TDW00011634"
"Penal-Debe, Trinidad, Trinidad And Tobago",2026-03-15,86.1,75.0,79.2,92.1,75.0,80.8,71.1,76.9,0.115,100,37.5,18.5,104.9,1013.3,28.3,7.8,204.2,17.6,7,2026-03-15T06:12:47,2026-03-15T18:16:46,0.89,"Rain, Partially cloudy",Partly cloudy throughout the day with rain.,rain,"3EBY2,TTPP,TDW00011634"
"Penal-Debe, Trinidad, Trinidad And Tobago",2026-03-16,84.0,74.8,78.2,87.2,74.8,79.2,69.7,75.7,0.032,100,25.0,20.8,102.8,1014.1,22.1,7.3,237.2,20.5,9,2026-03-16T06:12:13,2026-03-16T18:16:46,0.92,"Rain, Partially cloudy",Partly cloudy throughout the day with rain clearing later.,rain,"3EBY2,TTPP,TDW00011634"
"Penal-Debe, Trinidad, Trinidad And Tobago",2026-03-17,84.3,74.7,78.2,86.8,74.7,79.0,67.9,71.4,0.004,100,4.17,17.2,104.9,1013.8,17.5,7.6,263.8,22.5,10,2026-03-17T06:11:39,2026-03-17T18:16:45,0.96,Rain,Clear conditions throughout the day with afternoon rain.,rain,"3EBY2,TTPP,TDW00011634"
"Penal-Debe, Trinidad, Trinidad And Tobago",2026-03-18,82.7,72.9,76.8,85.6,72.9,77.4,67.9,74.7,0.024,100,20.83,24.2,96.5,1013.3,22.6,6.8,223.1,19.4,8,2026-03-18T06:11:04,2026-03-18T18:16:45,0.0,"Rain, Partially cloudy",Partly cloudy throughout the day with rain in the morning and afternoon.,rain,"TTPP,TDW00011634"
"Penal-Debe, Trinidad, Trinidad And Tobago",2026-03-19,85.6,71.7,77.6,87.3,71.7,78.3,67.3,72.2,0.048,100,45.83,17.2,118.4,1012.3,17.1,8.3,246.7,21.2,8,2026-03-19T06:10:30,2026-03-19T18:16:44,0.02,Rain,Clear conditions throughout the day with a chance of rain throughout the day.,rain,"TTPP,TDW00011634"
"Penal-Debe, Trinidad, Trinidad And Tobago",2026-03-20,84.5,69.6,77.2,86.7,69.6,77.9,66.1,70.5,0.0,0,0.0,18.3,105.3,1011.3,12.9,8.6,287.5,25.1,10,2026-03-20T06:09:55,2026-03-20T18:16:44,0.06,Clear,Clear conditions throughout the day.,clear-day,"TTPP,TDW00011634"
"Penal-Debe, Trinidad, Trinidad And Tobago",2026-03-21,86.3,71.1,78.1,88.6,71.1,78.9,65.9,67.5,0.0,0,0.0,17.2,111.7,1010.8,12.0,9.5,296.9,25.7,10,2026-03-21T06:09:20,2026-03-21T18:16:43,0.09,Clear,Clear conditions throughout the day.,clear-day,"TTPP,TDW00011634"
"Penal-Debe, Trinidad, Trinidad And Tobago",2026-03-22,89.7,69.3,78.7,91.5,69.3,79.7,66.9,69.4,0.0,0,0.0,13.9,114.6,1011.0,14.4,8.1,302.3,26.2,10,2026-03-22T06:08:45,2026-03-22T18:16:42,0.13,Clear,Clear conditions throughout the day.,clear-day,"TTPP,TDW00011634"
"Penal-Debe, Trinidad, Trinidad And Tobago",2026-03-23,89.2,73.4,80.1,94.7,73.4,82.4,70.9,74.5,0.024,100,20.83,17.2,115.5,1011.6,14.9,8.1,271.2,23.6,9,2026-03-23T06:08:10,2026-03-23T18:16:41,0.16,Rain,Clear conditions throughout the day with rain in the morning and afternoon.,rain,"3EBY2,TTPP,TDW00011634"
"Penal-Debe, Trinidad, Trinidad And Tobago",2026-03-24,84.5,76.8,79.4,89.7,76.8,81.1,72.1,78.9,0.02,100,16.67,17.2,101.8,1012.4,15.8,8.5,253.5,22.1,8,2026-03-24T06:07:35,2026-03-24T18:16:40,0.2,Rain,Clear conditions throughout the day with rain in the morning and afternoon.,rain,"3EBY2,TTPP,TDW00011634"
"Penal-Debe, Trinidad, Trinidad And Tobago",2026-03-25,86.3,74.8,79.6,88.9,74.8,80.7,68.1,68.9,0.0,0,0.0,16.1,96.2,1012.0,14.5,8.5,274.1,23.7,10,2026-03-25T06:07:00,2026-03-25T18:16:39,0.25,Clear,Clear conditions throughout the day.,clear-day,"TTPP,TDW00011634"
"Penal-Debe, Trinidad, Trinidad And Tobago",2026-03-26,85.9,75.0,80.0,107.6,75.0,82.5,69.0,70.0,0.008,100,8.33,18.3,109.0,1012.2,18.6,8.3,260.4,22.5,10,2026-03-26T06:06:25,2026-03-26T18:16:38,0.27,Rain,Clear conditions throughout the day with afternoon rain.,rain,"3EBY2,TTPP,TDW00011634"
"Penal-Debe, Trinidad, Trinidad And Tobago",2026-03-27,85.9,75.1,80.1,90.4,75.1,81.5,68.2,67.8,0.0,0,0.0,17.2,110.0,1011.5,32.3,6.3,256.1,22.1,10,2026-03-27T06:05:50,2026-03-27T18:16:37,0.31,Partially cloudy,Partly cloudy throughout the day.,partly-cloudy-day,"3EBY2,TTPP"
"Penal-Debe, Trinidad, Trinidad And Tobago",2026-03-28,85.9,75.1,80.0,89.3,75.1,81.8,69.5,71.1,0.0,0,0.0,17.2,107.9,1012.1,41.2,6.2,248.0,21.3,8,2026-03-28T06:05:15,2026-03-28T18:16:35,0.34,Partially cloudy,Partly cloudy throughout the day.,partly-cloudy-day,TTPP
"Penal-Debe, Trinidad, Trinidad And Tobago",2026-03-29,85.9,76.9,80.5,89.3,76.9,82.2,69.9,70.9,0.04,100,25.0,16.1,106.7,1012.1,31.3,6.2,221.8,19.1,8,2026-03-29T06:04:40,2026-03-29T18:16:34,0.38,"Rain, Partially cloudy",Partly cloudy throughout the day with rain in the morning and afternoon.,rain,TTPP
"Penal-Debe, Trinidad, Trinidad And Tobago",2026-03-30,87.7,76.9,80.6,89.3,76.9,81.8,68.4,67.8,0.02,100,20.83,17.2,105.2,1012.8,26.3,6.2,256.4,22.0,10,2026-03-30T06:04:05,2026-03-30T18:16:33,0.41,"Rain, Partially cloudy",Partly cloudy throughout the day with rain.,rain,"3EBY2,TTPP"
"Penal-Debe, Trinidad, Trinidad And Tobago",2026-03-31,93.1,73.3,80.1,99.0,73.3,81.9,69.1,70.2,0.128,100,37.5,13.9,98.3,1012.6,32.3,6.3,170.4,14.7,7,2026-03-31T06:03:30,2026-03-31T18:16:32,0.45,"Rain, Partially cloudy",Partly cloudy throughout the day with a chance of rain throughout the day.,rain,"3EBY2,TTPP"
"Penal-Debe, Trinidad, Trinidad And Tobago",2026-04-01,84.1,73.3,78.7,87.3,73.3,80.0,68.5,71.6,0.036,100,29.17,15.0,102.0,1011.7,25.2,6.6,153.3,13.1,6,2026-04-01T06:02:56,2026-04-01T18:16:31,0.5,"Rain, Partially cloudy",Partly cloudy throughout the day with rain in the morning and afternoon.,rain,"TTPP,remote"
"Penal-Debe, Trinidad, Trinidad And Tobago",2026-04-02,87.7,72.8,79.6,90.2,72.8,81.0,68.3,70.2,0.024,100,16.67,17.2,100.0,1012.3,30.4,7.9,198.6,17.2,9,2026-04-02T06:02:21,2026-04-02T18:16:30,0.52,"Rain, Partially cloudy",Partly cloudy throughout the day with rain.,rain,"3EBY2,TTPP,remote"
"Penal-Debe, Trinidad, Trinidad And Tobago",2026-04-03,87.7,75.1,80.8,91.3,75.1,82.8,69.2,68.7,0.072,100,25.0,16.1,105.1,1012.6,28.1,6.3,151.2,13.2,7,2026-04-03T06:01:47,2026-04-03T18:16:30,0.55,"Rain, Partially cloudy",Partly cloudy throughout the day with rain in the morning and afternoon.,rain,"3EBY2,TTPP"
"Penal-Debe, Trinidad, Trinidad And Tobago",2026-04-04,85.2,75.1,78.1,89.8,75.1,79.1,71.5,80.5,0.167,100,41.67,16.1,105.6,1013.9,46.3,6.5,242.8,21.0,8,2026-04-04T06:01:13,2026-04-04T18:16:29,0.58,"Rain, Partially cloudy",Partly cloudy throughout the day with rain.,rain,"3EBY2,TTPP,remote"
