name,datetime,tempmax,tempmin,temp,feelslikemax,feelslikemin,feelslike,dew,humidity,precip,precipprob,precipcover,windspeed,winddir,sealevelpressure,cloudcover,visibility,solarradiation,solarenergy,uvindex,sunrise,sunset,moonphase,conditions,description,icon,stations
"Rio Claro-Mayaro, Trinidad, Trinidad And Tobago",2025-04-27,86.2,75.3,80.9,90.7,75.3,83.4,70.9,72.5,0.0,0,0.0,15.0,110.2,1011.9,58.4,7.7,253.2,21.7,8,2025-04-27T05:48:10,2025-04-27T18:16:03,0.0,Partially cloudy,Partly cloudy throughout the day.,partly-cloudy-day,"78970011634,TTPP,TDW00011634"
"Rio Claro-Mayaro, Trinidad, Trinidad And Tobago",2025-04-28,88.0,76.8,82.1,98.0,76.8,86.6,74.0,77.0,0.0,0,0.0,17.2,106.5,1012.4,61.4,7.5,287.5,24.8,9,2025-04-28T05:47:47,2025-04-28T18:16:10,0.03,Partially cloudy,Partly cloudy throughout the day.,partly-cloudy-day,"78970011634,TTPP,TDW00011634"
"Rio Claro-Mayaro, Trinidad, Trinidad And Tobago",2025-04-29,89.4,76.8,82.2,102.0,76.8,87.7,75.1,80.0,0.0,0,0.0,16.1,113.8,1011.7,63.1,6.8,273.6,23.6,9,2025-04-29T05:47:24,2025-04-29T18:16:16,0.06,Partially cloudy,Partly cloudy throughout the day.,partly-cloudy-day,"78970011634,3EBY2,TTPP,TDW00011634"
"Rio Claro-Mayaro, Trinidad, Trinidad And Tobago",2025-04-30,88.0,75.3,81.8,97.0,75.3,85.3,72.1,73.8,0.0,0,0.0,13.9,108.5,1011.1,72.7,5.9,271.4,23.7,9,2025-04-30T05:47:01,2025-04-30T18:16:23,0.1,Partially cloudy,Partly cloudy throughout the day.,partly-cloudy-day,"78970011634,3EBY2,TTPP,TDW00011634"
"Rio Claro-Mayaro, Trinidad, Trinidad And Tobago",2025-05-01,89.5,76.9,82.3,94.8,76.9,85.5,72.0,72.3,0.0,0,0.0,15.0,107.1,1011.4,63.4,7.0,250.5,21.7,9,2025-05-01T05:46:40,2025-05-01T18:16:31,0.13,Partially cloudy,Partly cloudy throughout the day.,partly-cloudy-day,"78970011634,TTPP,TDW00011634"
"Rio Claro-Mayaro, Trinidad, Trinidad And Tobago",2025-05-02,89.7,75.3,82.1,102.1,75.3,88.2,74.5,78.4,0.0,0,0.0,13.9,99.4,1011.4,57.2,7.3,241.8,20.7,9,2025-05-02T05:46:19,2025-05-02T18:16:38,0.16,Partially cloudy,Partly cloudy throughout the day.,partly-cloudy-day,"78970011634,TTPP,TDW00011634"
"Rio Claro-Mayaro, Trinidad, Trinidad And Tobago",2025-05-03,82.6,75.2,79.3,91.3,75.2,82.7,76.0,89.7,0.476,100,8.33,13.9,107.4,1011.8,73.0,5.9,188.1,16.3,7,2025-05-03T05:45:59,2025-05-03T18:16:46,0.2,"Rain, Partially cloudy",Partly cloudy throughout the day with rain in the morning and afternoon.,rain,"78970011634,TTPP,TDW00011634"
"Rio Claro-Mayaro, Trinidad, Trinidad And Tobago",2025-05-04,89.4,75.4,81.5,100.0,75.4,87.2,76.3,84.8,0.0,0,0.0,15.0,104.1,1012.0,68.9,6.9,170.5,14.8,7,2025-05-04T05:45:39,2025-05-04T18:16:55,0.25,Partially cloudy,Partly cloudy throughout the day.,partly-cloudy-day,"78970011634,TTPP,TDW00011634"
"Rio Claro-Mayaro, Trinidad, Trinidad And Tobago",2025-05-05,89.5,77.2,82.2,102.5,77.2,88.6,76.6,83.7,0.043,100,8.33,13.9,104.1,1012.1,76.3,6.4,153.3,13.2,5,2025-05-05T05:45:20,2025-05-05T18:17:04,0.26,"Rain, Partially cloudy",Partly cloudy throughout the day with rain in the morning and afternoon.,rain,"78970011634,3EBY2,TTPP,TDW00011634"
"Rio Claro-Mayaro, Trinidad, Trinidad And Tobago",2025-05-06,89.6,77.1,82.6,102.3,77.1,88.4,75.8,80.9,0.0,0,0.0,18.3,97.4,1011.7,44.2,7.5,270.9,23.4,9,2025-05-06T05:45:02,2025-05-06T18:17:13,0.3,Partially cloudy,Partly cloudy throughout the day.,partly-cloudy-day,"78970011634,3EBY2,TTPP,TDW00011634"
"Rio Claro-Mayaro, Trinidad, Trinidad And Tobago",2025-05-07,89.5,75.0,82.0,102.3,75.0,88.1,75.1,80.4,0.0,0,0.0,16.1,113.4,1011.9,60.0,7.5,255.0,22.1,9,2025-05-07T05:44:45,2025-05-07T18:17:23,0.33,Partially cloudy,Partly cloudy throughout the day.,partly-cloudy-day,"78970011634,3EBY2,TTPP,TDW00011634"
"Rio Claro-Mayaro, Trinidad, Trinidad And Tobago",2025-05-08,89.4,77.2,82.6,102.0,77.2,88.6,75.5,79.7,0.0,0,0.0,15.2,103.1,1012.8,71.0,7.0,211.5,18.3,7,2025-05-08T05:44:28,2025-05-08T18:17:33,0.36,Partially cloudy,Partly cloudy throughout the day.,partly-cloudy-day,"78970011634,3EBY2,TTPP,TDW00011634"
"Rio Claro-Mayaro, Trinidad, Trinidad And Tobago",2025-05-09,87.8,76.9,81.3,99.7,76.9,86.5,76.2,85.0,0.039,100,4.17,15.0,105.3,1012.9,73.1,7.0,224.7,19.6,8,2025-05-09T05:44:13,2025-05-09T18:17:43,0.4,"Rain, Partially cloudy",Partly cloudy throughout the day with late afternoon rain.,rain,"78970011634,3EBY2,TTPP,TDW00011634"
"Rio Claro-Mayaro, Trinidad, Trinidad And Tobago",2025-05-10,87.6,75.3,80.6,99.9,75.3,85.4,76.1,86.7,0.012,100,4.17,15.0,107.0,1014.7,69.3,6.9,180.4,15.5,7,2025-05-10T05:43:58,2025-05-10T18:17:54,0.43,"Rain, Partially cloudy",Partly cloudy throughout the day with afternoon rain.,rain,"78970011634,3EBY2,TTPP,TDW00011634"
"Rio Claro-Mayaro, Trinidad, Trinidad And Tobago",2025-05-11,89.3,75.1,81.6,99.9,75.1,86.1,74.6,80.5,0.0,0,0.0,17.2,96.9,1014.5,36.9,8.2,289.1,25.0,10,2025-05-11T05:43:43,2025-05-11T18:18:05,0.47,Partially cloudy,Partly cloudy throughout the day.,partly-cloudy-day,"78970011634,TTPP,TDW00011634"
"Rio Claro-Mayaro, Trinidad, Trinidad And Tobago",2025-05-12,91.3,74.9,82.0,102.7,74.9,88.4,75.2,80.8,0.0,0,0.0,12.4,109.6,1013.8,47.1,7.7,233.8,20.1,8,2025-05-12T05:43:30,2025-05-12T18:18:16,0.5,Partially cloudy,Partly cloudy throughout the day.,partly-cloudy-day,"78970011634,3EBY2,TTPP,TDW00011634"
"Rio Claro-Mayaro, Trinidad, Trinidad And Tobago",2025-05-13,89.3,77.0,81.8,102.2,77.0,87.0,76.1,83.7,0.016,100,4.17,17.2,103.4,1012.5,53.6,6.7,220.5,19.1,8,2025-05-13T05:43:17,2025-05-13T18:18:28,0.53,"Rain, Partially cloudy",Partly cloudy throughout the day with afternoon rain.,rain,"78970011634,TTPP,TDW00011634"
"Rio Claro-Mayaro, Trinidad, Trinidad And Tobago",2025-05-14,82.3,76.8,78.7,92.0,76.8,81.1,76.0,91.5,0.642,100,12.5,13.9,103.0,1012.6,68.4,6.3,230.0,19.8,8,2025-05-14T05:43:05,2025-05-14T18:18:40,0.57,"Rain, Partially cloudy",Partly cloudy throughout the day with rain.,rain,"78970011634,TTPP,TDW00011634"
"Rio Claro-Mayaro, Trinidad, Trinidad And Tobago",2025-05-15,87.6,76.7,81.9,101.8,76.7,88.5,76.7,85.1,0.039,100,4.17,18.3,97.4,1012.6,55.4,5.9,216.0,18.6,8,2025-05-15T05:42:54,2025-05-15T18:18:53,0.6,"Rain, Partially cloudy",Partly cloudy throughout the day with morning rain.,rain,"78970011634,TTPP,TDW00011634"
"Rio Claro-Mayaro, Trinidad, Trinidad And Tobago",2025-05-16,87.7,76.8,81.2,101.8,76.8,86.6,76.8,86.9,0.079,100,4.17,16.1,102.2,1012.5,64.5,5.8,217.3,18.6,7,2025-05-16T05:42:44,2025-05-16T18:19:06,0.64,"Rain, Partially cloudy",Partly cloudy throughout the day with afternoon rain.,rain,"78970011634,TTPP,TDW00011634"
"Rio Claro-Mayaro, Trinidad, Trinidad And Tobago",2025-05-17,86.0,75.4,79.5,99.4,75.4,82.7,76.9,91.9,0.488,100,12.5,16.1,114.5,1012.4,74.2,5.1,180.0,15.7,7,2025-05-17T05:42:35,2025-05-17T18:19:19,0.67,"Rain, Partially cloudy",Partly cloudy throughout the day with rain.,rain,"78970011634,TTPP,TDW00011634"
"Rio Claro-Mayaro, Trinidad, Trinidad And Tobago",2025-05-18,79.2,73.6,76.9,79.2,73.6,76.9,75.4,95.2,3.564,100,12.5,10.3,97.3,1013.3,77.6,4.2,113.3,10.0,5,2025-05-18T05:42:26,2025-05-18T18:19:32,0.71,"Rain, Partially cloudy",Partly cloudy throughout the day with rain.,rain,"78970011634,3EBY2,TTPP,TDW00011634"
"Rio Claro-Mayaro, Trinidad, Trinidad And Tobago",2025-05-19,84.4,77.0,78.9,96.6,77.0,81.7,76.7,93.3,0.209,100,12.5,12.8,120.1,1013.2,74.4,5.7,99.9,8.7,4,2025-05-19T05:42:18,2025-05-19T18:19:46,0.74,"Rain, Partially cloudy",Partly cloudy throughout the day with rain.,rain,"78970011634,3EBY2,TTPP,TDW00011634"
"Rio Claro-Mayaro, Trinidad, Trinidad And Tobago",2025-05-20,85.8,77.1,80.9,98.7,77.1,86.2,77.2,88.7,0.028,100,8.33,15.0,113.2,1013.2,75.2,5.6,165.7,14.3,8,2025-05-20T05:42:11,2025-05-20T18:20:00,0.75,"Rain, Partially cloudy",Partly cloudy throughout the day with rain.,rain,"78970011634,3EBY2,TTPP,TDW00011634"
"Rio Claro-Mayaro, Trinidad, Trinidad And Tobago",2025-05-21,82.3,75.4,78.8,93.4,75.4,82.3,77.0,94.3,0.079,100,4.17,11.4,104.2,1013.5,70.6,5.2,142.2,12.3,6,2025-05-21T05:42:05,2025-05-21T18:20:14,0.81,"Rain, Partially cloudy",Partly cloudy throughout the day with afternoon rain.,rain,"78970011634,3EBY2,TTPP,TDW00011634"
"Rio Claro-Mayaro, Trinidad, Trinidad And Tobago",2025-05-22,87.6,76.8,80.0,99.9,76.8,83.2,76.4,89.5,0.24,100,8.33,17.2,103.9,1013.8,74.7,5.4,221.7,19.1,8,2025-05-22T05:41:59,2025-05-22T18:20:29,0.85,"Rain, Partially cloudy",Partly cloudy throughout the day with rain.,rain,"78970011634,3EBY2,TTPP,TDW00011634"
"Rio Claro-Mayaro, Trinidad, Trinidad And Tobago",2025-05-23,87.5,77.0,80.9,97.5,77.0,85.2,76.0,85.8,0.0,0,0.0,16.1,102.9,1015.1,76.5,6.5,269.1,23.2,9,2025-05-23T05:41:54,2025-05-23T18:20:44,0.88,Partially cloudy,Partly cloudy throughout the day.,partly-cloudy-day,"78970011634,3EBY2,TTPP,TDW00011634"
"Rio Claro-Mayaro, Trinidad, Trinidad And Tobago",2025-05-24,86.0,76.9,81.7,97.3,76.9,87.4,76.0,83.2,0.012,100,4.17,20.8,101.0,1014.8,48.4,6.1,250.8,21.7,8,2025-05-24T05:41:50,2025-05-24T18:20:59,0.91,"Rain, Partially cloudy",Partly cloudy throughout the day with morning rain.,rain,"78970011634,3EBY2,TTPP,TDW00011634"
"Rio Claro-Mayaro, Trinidad, Trinidad And Tobago",2025-05-25,85.7,76.8,79.5,98.6,76.8,82.6,77.0,92.1,0.799,100,12.5,17.2,103.3,1014.6,76.0,3.9,104.3,9.1,4,2025-05-25T05:41:47,2025-05-25T18:21:14,0.95,"Rain, Partially cloudy",Partly cloudy throughout the day with rain.,rain,"78970011634,3EBY2,TTPP,TDW00011634"
"Rio Claro-Mayaro, Trinidad, Trinidad And Tobago",2025-05-26,86.4,77.0,81.0,99.5,77.0,85.9,76.7,87.3,0.079,100,4.17,17.2,99.6,1014.9,51.6,4.6,253.6,21.8,9,2025-05-26T05:41:45,2025-05-26T18:21:30,0.0,"Rain, Partially cloudy",Partly cloudy throughout the day with morning rain.,rain,"78970011634,3EBY2,TTPP,TDW00011634"
"Rio Claro-Mayaro, Trinidad, Trinidad And Tobago",2025-05-27,82.6,76.8,79.7,92.8,76.8,82.9,76.2,89.4,0.232,100,8.33,13.9,95.4,1015.3,62.5,5.5,213.8,18.3,8,2025-05-27T05:41:43,2025-05-27T18:21:45,0.02,"Rain, Partially cloudy",Partly cloudy throughout the day with rain in the morning and afternoon.,rain,"78970011634,3EBY2,TTPP,TDW00011634"
"Rio Claro-Mayaro, Trinidad, Trinidad And Tobago",2025-05-28,85.8,74.9,79.8,97.0,74.9,84.0,75.9,88.2,0.051,100,8.33,17.2,96.3,1015.5,78.2,6.3,246.5,21.3,8,2025-05-28T05:41:42,2025-05-28T18:22:01,0.05,"Rain, Partially cloudy",Partly cloudy throughout the day with rain.,rain,"78970011634,TTPP,TDW00011634"
"Rio Claro-Mayaro, Trinidad, Trinidad And Tobago",2025-05-29,86.0,78.5,81.2,99.5,78.5,86.8,77.6,89.1,0.079,100,4.17,16.1,104.1,1015.3,62.3,7.0,168.0,14.5,6,2025-05-29T05:41:42,2025-05-29T18:22:17,0.08,"Rain, Partially cloudy",Partly cloudy throughout the day with morning rain.,rain,"78970011634,TTPP,TDW00011634"
"Rio Claro-Mayaro, Trinidad, Trinidad And Tobago",2025-05-30,86.0,77.1,81.0,99.0,77.1,85.6,77.3,89.0,0.354,100,8.33,13.9,94.6,1014.8,76.2,7.4,187.9,16.2,7,2025-05-30T05:41:43,2025-05-30T18:22:33,0.12,"Rain, Partially cloudy",Partly cloudy throughout the day with rain in the morning and afternoon.,rain,"78970011634,3EBY2,TTPP,TDW00011634"
"Rio Claro-Mayaro, Trinidad, Trinidad And Tobago",2025-05-31,86.2,76.9,80.9,98.7,76.9,86.0,77.0,88.4,0.98,100,8.33,18.3,101.2,1014.6,72.5,4.5,241.4,20.8,8,2025-05-31T05:41:44,2025-05-31T18:22:49,0.15,"Rain, Partially cloudy",Partly cloudy throughout the day with rain.,rain,"78970011634,3EBY2,TTPP,TDW00011634"
"Rio Claro-Mayaro, Trinidad, Trinidad And Tobago",2025-06-01,84.3,78.6,81.2,97.7,78.6,88.1,77.9,89.8,0.087,100,8.33,18.3,100.4,1015.8,80.2,3.3,178.8,15.3,6,2025-06-01T05:41:46,2025-06-01T18:23:05,0.18,"Rain, Partially cloudy",Partly cloudy throughout the day with rain.,rain,"78970011634,3EBY2,TTPP,TDW00011634"
"Rio Claro-Mayaro, Trinidad, Trinidad And Tobago",2025-06-02,87.5,78.5,82.1,99.6,78.5,87.9,75.9,82.0,0.512,100,4.17,17.2,98.8,1016.5,65.3,4.2,249.1,21.3,8,2025-06-02T05:41:49,2025-06-02T18:23:22,0.25,"Rain, Partially cloudy",Partly cloudy throughout the day with morning rain.,rain,"78970011634,TTPP,TDW00011634"
"Rio Claro-Mayaro, Trinidad, Trinidad And Tobago",2025-06-03,87.6,76.7,80.9,97.7,76.7,85.4,75.5,84.4,0.02,100,8.33,15.0,107.2,1014.9,57.7,5.1,268.5,23.1,8,2025-06-03T05:41:52,2025-06-03T18:23:38,0.25,"Rain, Partially cloudy",Partly cloudy throughout the day with rain.,rain,"78970011634,TTPP,TDW00011634"
"Rio Claro-Mayaro, Trinidad, Trinidad And Tobago",2025-06-04,86.2,75.0,80.5,96.4,75.0,84.5,74.7,83.1,0.161,100,4.17,17.2,97.1,1013.8,53.2,7.2,265.7,23.2,9,2025-06-04T05:41:57,2025-06-04T18:23:54,0.28,"Rain, Partially cloudy",Partly cloudy throughout the day with morning rain.,rain,"78970011634,3EBY2,TTPP,TDW00011634"
"Rio Claro-Mayaro, Trinidad, Trinidad And Tobago",2025-06-05,86.2,75.2,79.7,97.4,75.2,83.4,75.3,86.8,0.091,100,12.5,16.1,105.1,1013.8,61.8,7.1,204.9,17.8,8,2025-06-05T05:42:01,2025-06-05T18:24:10,0.31,"Rain, Partially cloudy",Partly cloudy throughout the day with rain.,rain,"78970011634,3EBY2,TTPP,TDW00011634"
"Rio Claro-Mayaro, Trinidad, Trinidad And Tobago",2025-06-06,84.2,76.8,79.7,95.9,76.8,83.4,76.0,89.2,1.567,100,8.33,18.3,99.3,1014.2,76.5,6.5,144.8,12.5,6,2025-06-06T05:42:07,2025-06-06T18:24:27,0.35,"Rain, Partially cloudy",Partly cloudy throughout the day with rain in the morning and afternoon.,rain,"78970011634,3EBY2,TTPP,TDW00011634"
"Rio Claro-Mayaro, Trinidad, Trinidad And Tobago",2025-06-07,86.1,77.2,80.4,99.2,77.2,85.2,77.3,90.4,0.201,100,8.33,13.9,105.1,1014.2,70.8,5.8,244.3,21.2,9,2025-06-07T05:42:13,2025-06-07T18:24:43,0.38,"Rain, Partially cloudy",Partly cloudy throughout the day with rain.,rain,"78970011634,3EBY2,TTPP,TDW00011634"
"Rio Claro-Mayaro, Trinidad, Trinidad And Tobago",2025-06-08,86.1,76.8,80.9,99.2,76.8,85.6,76.1,85.9,0.0,0,0.0,20.8,96.9,1014.0,52.8,4.4,265.0,22.9,9,2025-06-08T05:42:20,2025-06-08T18:24:59,0.41,Partially cloudy,Partly cloudy throughout the day.,partly-cloudy-day,"78970011634,3EBY2,TTPP,TDW00011634"
"Rio Claro-Mayaro, Trinidad, Trinidad And Tobago",2025-06-09,87.8,77.0,80.7,99.5,77.0,84.3,75.7,85.5,0.055,100,8.33,18.3,98.5,1013.8,69.2,4.8,238.4,20.5,9,2025-06-09T05:42:27,2025-06-09T18:25:15,0.45,"Rain, Partially cloudy",Partly cloudy throughout the day with rain.,rain,"78970011634,3EBY2,TTPP,TDW00011634"
"Rio Claro-Mayaro, Trinidad, Trinidad And Tobago",2025-06-10,80.4,75.0,77.1,87.5,75.0,77.4,75.8,95.8,1.22,100,12.5,18.3,111.0,1014.5,72.2,5.4,111.1,9.6,4,2025-06-10T05:42:35,2025-06-10T18:25:31,0.48,"Rain, Partially cloudy",Partly cloudy throughout the day with rain.,rain,"78970011634,3EBY2,TTPP,TDW00011634"
"Rio Claro-Mayaro, Trinidad, Trinidad And Tobago",2025-06-11,82.2,75.1,77.4,91.8,75.1,78.6,76.3,96.4,0.276,100,8.33,13.9,111.9,1014.5,75.1,4.9,99.4,8.7,4,2025-06-11T05:42:43,2025-06-11T18:25:47,0.5,"Rain, Partially cloudy",Partly cloudy throughout the day with rain in the morning and afternoon.,rain,"78970011634,3EBY2,TTPP,TDW00011634"
"Rio Claro-Mayaro, Trinidad, Trinidad And Tobago",2025-06-12,78.7,75.0,76.4,78.7,75.0,76.4,75.3,96.3,5.626,100,12.5,15.0,92.0,1014.4,78.0,4.6,123.2,10.8,6,2025-06-12T05:42:52,2025-06-12T18:26:02,0.55,"Rain, Partially cloudy",Partly cloudy throughout the day with rain.,rain,"78970011634,3EBY2,TTPP,TDW00011634,remote"
"Rio Claro-Mayaro, Trinidad, Trinidad And Tobago",2025-06-13,85.8,76.8,80.6,96.7,76.8,85.2,76.0,86.3,0.398,100,4.17,23.0,102.8,1014.3,73.1,5.1,116.6,10.0,5,2025-06-13T05:43:02,2025-06-13T18:26:18,0.58,"Rain, Partially cloudy",Partly cloudy throughout the day with morning rain.,rain,"78970011634,3EBY2,TTPP,TDW00011634"
"Rio Claro-Mayaro, Trinidad, Trinidad And Tobago",2025-06-14,85.8,76.8,80.0,95.0,76.8,83.1,75.1,85.7,0.039,100,4.17,18.3,103.6,1015.7,60.9,5.3,259.8,22.4,8,2025-06-14T05:43:12,2025-06-14T18:26:33,0.62,"Rain, Partially cloudy",Partly cloudy throughout the day with late afternoon rain.,rain,"78970011634,3EBY2,TTPP,TDW00011634"
"Rio Claro-Mayaro, Trinidad, Trinidad And Tobago",2025-06-15,87.6,75.2,80.7,97.7,75.2,85.2,75.6,85.2,0.039,100,4.17,16.1,104.5,1016.5,35.0,6.8,253.4,21.8,8,2025-06-15T05:43:23,2025-06-15T18:26:48,0.65,"Rain, Partially cloudy",Partly cloudy throughout the day with morning rain.,rain,"78970011634,TTPP,TDW00011634"
"Rio Claro-Mayaro, Trinidad, Trinidad And Tobago",2025-06-16,87.6,77.2,81.3,99.9,77.2,86.3,76.0,84.3,0.012,100,8.33,17.2,109.4,1015.3,42.5,6.9,231.9,20.0,8,2025-06-16T05:43:34,2025-06-16T18:27:03,0.69,"Rain, Partially cloudy",Partly cloudy throughout the day with rain in the morning and afternoon.,rain,"78970011634,TTPP,TDW00011634"
"Rio Claro-Mayaro, Trinidad, Trinidad And Tobago",2025-06-17,86.0,76.9,80.8,99.1,76.9,86.5,77.1,88.6,0.043,100,8.33,15.0,108.2,1014.9,71.9,6.7,234.8,20.3,8,2025-06-17T05:43:45,2025-06-17T18:27:17,0.72,"Rain, Partially cloudy",Partly cloudy throughout the day with rain in the morning and afternoon.,rain,"78970011634,3EBY2,TTPP,TDW00011634"
"Rio Claro-Mayaro, Trinidad, Trinidad And Tobago",2025-06-18,85.9,75.4,79.8,99.0,75.4,83.3,76.8,91.0,0.61,100,12.5,15.0,119.9,1015.1,77.0,6.8,244.7,21.2,8,2025-06-18T05:43:57,2025-06-18T18:27:31,0.75,"Rain, Partially cloudy",Partly cloudy throughout the day with rain.,rain,"78970011634,3EBY2,TTPP,TDW00011634"
"Rio Claro-Mayaro, Trinidad, Trinidad And Tobago",2025-06-19,84.1,77.0,80.1,95.7,77.0,83.7,77.2,91.1,0.402,100,12.5,15.0,106.3,1014.9,71.5,5.9,174.4,15.0,7,2025-06-19T05:44:09,2025-06-19T18:27:45,0.8,"Rain, Partially cloudy",Partly cloudy throughout the day with rain.,rain,"78970011634,3EBY2,TTPP,TDW00011634"
"Rio Claro-Mayaro, Trinidad, Trinidad And Tobago",2025-06-20,84.4,75.4,79.6,95.6,75.4,83.3,76.5,90.5,0.512,100,8.33,19.7,105.4,1014.6,62.3,5.3,171.7,14.9,6,2025-06-20T05:44:22,2025-06-20T18:27:58,0.83,"Rain, Partially cloudy",Partly cloudy throughout the day with rain.,rain,"78970011634,3EBY2,TTPP,TDW00011634"
"Rio Claro-Mayaro, Trinidad, Trinidad And Tobago",2025-06-21,86.0,75.3,80.5,97.1,75.3,85.6,76.3,87.6,0.894,100,8.33,17.2,109.7,1014.3,70.9,6.9,180.1,15.4,8,2025-06-21T05:44:35,2025-06-21T18:28:11,0.87,"Rain, Partially cloudy",Partly cloudy throughout the day with rain in the morning and afternoon.,rain,"78970011634,3EBY2,TTPP,TDW00011634"
"Rio Claro-Mayaro, Trinidad, Trinidad And Tobago",2025-06-22,84.4,75.8,78.9,94.8,75.8,81.5,76.4,92.2,0.63,100,8.33,13.9,105.4,1012.7,76.2,6.5,178.4,15.3,6,2025-06-22T05:44:48,2025-06-22T18:28:23,0.9,"Rain, Partially cloudy",Partly cloudy throughout the day with rain.,rain,"78970011634,3EBY2,TTPP,TDW00011634"
"Rio Claro-Mayaro, Trinidad, Trinidad And Tobago",2025-06-23,84.4,75.1,78.9,92.6,75.1,81.4,75.7,90.6,0.118,100,8.33,15.0,110.7,1013.3,75.7,6.2,132.0,11.4,5,2025-06-23T05:45:02,2025-06-23T18:28:36,0.94,"Rain, Partially cloudy",Partly cloudy throughout the day with rain.,rain,"78970011634,3EBY2,TTPP,TDW00011634"
"Rio Claro-Mayaro, Trinidad, Trinidad And Tobago",2025-06-24,86.0,75.4,81.3,97.5,75.4,86.9,76.3,85.3,0.197,100,4.17,21.9,99.8,1014.3,74.8,5.2,214.0,18.4,7,2025-06-24T05:45:16,2025-06-24T18:28:47,0.97,"Rain, Partially cloudy",Partly cloudy throughout the day with morning rain.,rain,"78970011634,3EBY2,TTPP,TDW00011634"
"Rio Claro-Mayaro, Trinidad, Trinidad And Tobago",2025-06-25,85.9,78.9,81.1,97.1,78.9,87.0,76.5,86.1,0.047,100,8.33,20.8,104.8,1014.1,72.6,5.3,164.0,14.0,6,2025-06-25T05:45:30,2025-06-25T18:28:58,0.0,"Rain, Partially cloudy",Partly cloudy throughout the day with rain.,rain,"78970011634,TTPP,TDW00011634"
"Rio Claro-Mayaro, Trinidad, Trinidad And Tobago",2025-06-26,87.7,77.1,82.1,99.5,77.1,87.4,75.4,80.9,0.0,0,0.0,17.2,102.1,1013.9,62.0,6.0,264.0,22.7,8,2025-06-26T05:45:44,2025-06-26T18:29:09,0.04,Partially cloudy,Partly cloudy throughout the day.,partly-cloudy-day,"78970011634,TTPP,TDW00011634"
"Rio Claro-Mayaro, Trinidad, Trinidad And Tobago",2025-06-27,88.0,75.4,80.6,99.9,75.4,84.8,75.4,84.9,0.079,100,4.17,17.2,106.4,1014.2,63.9,6.9,200.0,17.2,8,2025-06-27T05:45:59,2025-06-27T18:29:19,0.07,"Rain, Partially cloudy",Partly cloudy throughout the day with late afternoon rain.,rain,"78970011634,3EBY2,TTPP,TDW00011634"
"Rio Claro-Mayaro, Trinidad, Trinidad And Tobago",2025-06-28,89.4,75.1,81.3,102.6,75.1,86.3,75.8,84.6,0.567,100,8.33,9.2,108.6,1013.8,69.0,7.7,239.8,20.4,7,2025-06-28T05:46:13,2025-06-28T18:29:29,0.1,"Rain, Partially cloudy",Partly cloudy throughout the day with rain in the morning and afternoon.,rain,"78970011634,TTPP,TDW00011634"
"Rio Claro-Mayaro, Trinidad, Trinidad And Tobago",2025-06-29,82.6,75.4,78.3,92.7,75.4,79.7,76.4,94.1,0.788,100,12.5,10.3,98.0,1014.4,78.1,5.9,171.5,15.0,6,2025-06-29T05:46:28,2025-06-29T18:29:38,0.14,"Rain, Partially cloudy",Partly cloudy throughout the day with rain.,rain,"78970011634,TTPP,TDW00011634"
"Rio Claro-Mayaro, Trinidad, Trinidad And Tobago",2025-06-30,87.7,76.8,81.7,99.7,76.8,86.9,76.2,84.0,0.008,100,4.17,18.3,104.8,1015.0,51.2,7.0,243.2,21.0,8,2025-06-30T05:46:43,2025-06-30T18:29:46,0.17,"Rain, Partially cloudy",Partly cloudy throughout the day with morning rain.,rain,"78970011634,TTPP,TDW00011634"
"Rio Claro-Mayaro, Trinidad, Trinidad And Tobago",2025-07-01,87.9,75.1,80.9,98.2,75.1,85.2,75.4,84.3,0.0,0,0.0,16.1,117.3,1014.7,49.3,7.1,270.5,23.2,9,2025-07-01T05:46:58,2025-07-01T18:29:54,0.2,Partially cloudy,Partly cloudy throughout the day.,partly-cloudy-day,"78970011634,TTPP,TDW00011634"
"Rio Claro-Mayaro, Trinidad, Trinidad And Tobago",2025-07-02,87.8,76.8,82.1,100.0,76.8,87.4,75.5,81.2,0.0,0,0.0,18.3,98.4,1015.0,35.6,7.6,238.8,20.7,7,2025-07-02T05:47:14,2025-07-02T18:30:01,0.25,Partially cloudy,Partly cloudy throughout the day.,partly-cloudy-day,"78970011634,TTPP,TDW00011634"
"Rio Claro-Mayaro, Trinidad, Trinidad And Tobago",2025-07-03,88.0,75.1,81.5,100.0,75.1,87.1,75.4,82.7,0.0,0,0.0,15.0,110.0,1015.1,61.7,7.6,249.1,21.3,8,2025-07-03T05:47:29,2025-07-03T18:30:07,0.27,Partially cloudy,Partly cloudy throughout the day.,partly-cloudy-day,"78970011634,TTPP,TDW00011634"
"Rio Claro-Mayaro, Trinidad, Trinidad And Tobago",2025-07-04,86.2,76.9,80.6,97.6,76.9,85.2,76.4,87.5,0.032,100,8.33,9.2,151.4,1016.0,75.4,7.5,142.2,12.3,5,2025-07-04T05:47:44,2025-07-04T18:30:13,0.3,"Rain, Partially cloudy",Partly cloudy throughout the day with rain in the morning and afternoon.,rain,"78970011634,TTPP,TDW00011634"
"Rio Claro-Mayaro, Trinidad, Trinidad And Tobago",2025-07-05,89.5,75.1,81.1,102.6,75.1,86.7,76.0,85.0,0.0,0,0.0,11.4,106.1,1015.9,54.0,7.8,214.8,18.5,7,2025-07-05T05:48:00,2025-07-05T18:30:18,0.33,Partially cloudy,Partly cloudy throughout the day.,partly-cloudy-day,"78970011634,TTPP,TDW00011634"
"Rio Claro-Mayaro, Trinidad, Trinidad And Tobago",2025-07-06,86.2,75.0,80.0,95.2,75.0,83.6,74.3,83.4,0.024,100,8.33,13.9,100.0,1015.3,45.7,7.9,226.2,19.6,8,2025-07-06T05:48:15,2025-07-06T18:30:23,0.36,"Rain, Partially cloudy",Partly cloudy throughout the day with rain.,rain,"78970011634,TTPP,TDW00011634"
"Rio Claro-Mayaro, Trinidad, Trinidad And Tobago",2025-07-07,86.2,73.6,79.7,97.8,73.6,84.3,75.6,87.6,0.074,100,8.33,18.3,111.5,1014.8,44.5,7.9,229.9,19.9,7,2025-07-07T05:48:30,2025-07-07T18:30:27,0.4,"Rain, Partially cloudy",Partly cloudy throughout the day with rain.,rain,"78970011634,TTPP,TDW00011634,remote"
"Rio Claro-Mayaro, Trinidad, Trinidad And Tobago",2025-07-08,84.0,76.7,78.3,95.8,76.7,79.9,76.1,93.0,0.551,100,12.5,16.1,107.7,1015.4,69.6,7.1,64.5,5.7,3,2025-07-08T05:48:45,2025-07-08T18:30:30,0.43,"Rain, Partially cloudy",Partly cloudy throughout the day with rain.,rain,"78970011634,TTPP,TDW00011634"
"Rio Claro-Mayaro, Trinidad, Trinidad And Tobago",2025-07-09,82.5,75.4,78.4,91.6,75.4,80.2,76.5,94.1,1.771,100,12.5,13.9,91.4,1015.5,63.2,6.4,213.0,18.4,7,2025-07-09T05:49:01,2025-07-09T18:30:32,0.46,"Rain, Partially cloudy",Partly cloudy throughout the day with rain.,rain,"78970011634,TTPP,TDW00011634"
"Rio Claro-Mayaro, Trinidad, Trinidad And Tobago",2025-07-10,85.8,73.5,79.4,96.9,73.5,83.3,76.1,89.8,0.118,100,4.17,13.9,102.3,1015.1,51.1,7.9,245.9,21.3,9,2025-07-10T05:49:16,2025-07-10T18:30:34,0.5,"Rain, Partially cloudy",Partly cloudy throughout the day with late afternoon rain.,rain,"78970011634,TTPP,TDW00011634"
"Rio Claro-Mayaro, Trinidad, Trinidad And Tobago",2025-07-11,89.4,75.4,81.6,99.9,75.4,86.8,76.1,84.5,0.039,100,4.17,12.8,110.3,1015.3,63.3,8.0,261.2,22.5,8,2025-07-11T05:49:31,2025-07-11T18:30:34,0.53,"Rain, Partially cloudy",Partly cloudy throughout the day with morning rain.,rain,"78970011634,TTPP,TDW00011634"
"Rio Claro-Mayaro, Trinidad, Trinidad And Tobago",2025-07-12,88.0,75.1,81.7,100.2,75.1,87.4,76.0,83.6,0.0,0,0.0,17.2,135.4,1015.7,66.6,7.6,177.8,15.4,6,2025-07-12T05:49:45,2025-07-12T18:30:34,0.56,Partially cloudy,Partly cloudy throughout the day.,partly-cloudy-day,"78970011634,TTPP,TDW00011634"
"Rio Claro-Mayaro, Trinidad, Trinidad And Tobago",2025-07-13,87.6,75.3,81.4,99.9,75.3,87.4,75.7,83.4,0.0,0,0.0,13.9,122.5,1015.5,46.5,7.5,240.7,21.0,7,2025-07-13T05:50:00,2025-07-13T18:30:34,0.6,Partially cloudy,Partly cloudy throughout the day.,partly-cloudy-day,"78970011634,TTPP,TDW00011634"
"Rio Claro-Mayaro, Trinidad, Trinidad And Tobago",2025-07-14,88.2,75.1,81.3,95.9,75.1,85.1,73.9,79.5,0.0,0,0.0,17.2,110.1,1016.1,26.2,7.3,284.0,24.6,9,2025-07-14T05:50:14,2025-07-14T18:30:32,0.64,Partially cloudy,Partly cloudy throughout the day.,partly-cloudy-day,"78970011634,TTPP,TDW00011634"
"Rio Claro-Mayaro, Trinidad, Trinidad And Tobago",2025-07-15,87.5,73.3,80.1,101.5,73.3,85.5,75.5,86.2,0.787,100,4.17,11.4,20.1,1014.9,48.2,7.6,226.4,19.6,8,2025-07-15T05:50:29,2025-07-15T18:30:30,0.67,"Rain, Partially cloudy",Partly cloudy throughout the day with late afternoon rain.,rain,"78970011634,TTPP,TDW00011634"
"Rio Claro-Mayaro, Trinidad, Trinidad And Tobago",2025-07-16,89.6,75.1,81.8,102.6,75.1,87.7,75.5,82.3,0.0,0,0.0,21.9,106.2,1013.8,41.5,8.9,272.3,23.7,9,2025-07-16T05:50:43,2025-07-16T18:30:27,0.71,Partially cloudy,Partly cloudy throughout the day.,partly-cloudy-day,"78970011634,TTPP,TDW00011634"
"Rio Claro-Mayaro, Trinidad, Trinidad And Tobago",2025-07-17,89.4,75.0,81.7,102.3,75.0,88.0,76.2,84.4,0.004,100,4.17,17.2,89.3,1013.7,39.3,6.9,226.7,19.5,8,2025-07-17T05:50:57,2025-07-17T18:30:23,0.75,"Rain, Partially cloudy",Partly cloudy throughout the day with morning rain.,rain,"78970011634,TTPP,TDW00011634"
"Rio Claro-Mayaro, Trinidad, Trinidad And Tobago",2025-07-18,84.3,73.3,79.0,96.2,73.3,81.6,75.7,89.9,0.039,100,4.17,16.1,96.1,1014.7,65.0,7.2,99.0,8.5,3,2025-07-18T05:51:10,2025-07-18T18:30:18,0.78,"Rain, Partially cloudy",Partly cloudy throughout the day with afternoon rain.,rain,"78970011634,TTPP,TDW00011634"
"Rio Claro-Mayaro, Trinidad, Trinidad And Tobago",2025-07-19,89.4,75.3,80.7,104.5,75.3,85.8,76.1,86.6,0.157,100,4.17,16.1,107.6,1014.5,58.8,7.7,200.2,17.2,8,2025-07-19T05:51:23,2025-07-19T18:30:12,0.82,"Rain, Partially cloudy",Partly cloudy throughout the day with late afternoon rain.,rain,"78970011634,TTPP,TDW00011634"
"Rio Claro-Mayaro, Trinidad, Trinidad And Tobago",2025-07-20,87.9,76.8,81.5,99.4,76.8,86.3,76.0,84.6,0.382,100,4.17,15.0,91.5,1014.7,62.2,7.6,193.1,16.7,7,2025-07-20T05:51:36,2025-07-20T18:30:06,0.85,"Rain, Partially cloudy",Partly cloudy throughout the day with morning rain.,rain,"78970011634,TTPP,TDW00011634"
"Rio Claro-Mayaro, Trinidad, Trinidad And Tobago",2025-07-21,87.9,75.2,81.4,102.0,75.2,87.2,76.4,85.4,0.0,0,0.0,16.1,94.1,1013.1,51.1,7.8,230.2,19.7,8,2025-07-21T05:51:49,2025-07-21T18:29:59,0.89,Partially cloudy,Partly cloudy throughout the day.,partly-cloudy-day,"78970011634,3EBY2,TTPP,TDW00011634"
"Rio Claro-Mayaro, Trinidad, Trinidad And Tobago",2025-07-22,87.6,76.8,81.6,101.7,76.8,87.6,76.9,86.3,0.315,100,4.17,12.8,108.8,1012.9,58.2,7.4,259.3,22.4,8,2025-07-22T05:52:01,2025-07-22T18:29:51,0.92,"Rain, Partially cloudy",Partly cloudy throughout the day with afternoon rain.,rain,"78970011634,TTPP,TDW00011634"
"Rio Claro-Mayaro, Trinidad, Trinidad And Tobago",2025-07-23,88.0,73.5,81.0,102.4,73.5,86.8,77.0,88.1,1.15,100,8.33,13.9,107.5,1014.5,62.9,8.0,182.5,15.9,6,2025-07-23T05:52:14,2025-07-23T18:29:42,0.96,"Rain, Partially cloudy",Partly cloudy throughout the day with rain.,rain,"78970011634,3EBY2,TTPP,TDW00011634"
"Rio Claro-Mayaro, Trinidad, Trinidad And Tobago",2025-07-24,80.8,75.1,77.6,88.5,75.1,79.1,76.3,95.9,0.905,100,8.33,9.2,98.5,1014.6,67.0,6.0,177.2,15.3,6,2025-07-24T05:52:25,2025-07-24T18:29:32,0.0,"Rain, Partially cloudy",Partly cloudy throughout the day with rain in the morning and afternoon.,rain,"78970011634,TTPP,TDW00011634"
"Rio Claro-Mayaro, Trinidad, Trinidad And Tobago",2025-07-25,89.5,75.0,80.3,102.3,75.0,84.8,76.1,88.2,0.0,0,0.0,13.9,94.3,1012.5,55.1,6.6,200.1,17.3,7,2025-07-25T05:52:37,2025-07-25T18:29:21,0.03,Partially cloudy,Becoming cloudy in the afternoon.,partly-cloudy-day,"78970011634,TTPP,TDW00011634"
"Rio Claro-Mayaro, Trinidad, Trinidad And Tobago",2025-07-26,89.4,75.3,81.2,102.6,75.3,87.2,76.9,87.6,0.0,0,0.0,12.8,119.7,1012.4,68.4,7.4,266.2,22.9,9,2025-07-26T05:52:48,2025-07-26T18:29:10,0.06,Partially cloudy,Partly cloudy throughout the day.,partly-cloudy-day,"78970011634,3EBY2,TTPP,TDW00011634"
"Rio Claro-Mayaro, Trinidad, Trinidad And Tobago",2025-07-27,87.6,77.1,81.2,99.9,77.1,86.8,77.2,88.3,0.315,100,4.17,11.4,109.0,1013.7,59.2,7.9,220.0,19.0,7,2025-07-27T05:52:58,2025-07-27T18:28:58,0.09,"Rain, Partially cloudy",Partly cloudy throughout the day with afternoon rain.,rain,"78970011634,3EBY2,TTPP,TDW00011634"
"Rio Claro-Mayaro, Trinidad, Trinidad And Tobago",2025-07-28,88.0,76.9,81.8,108.2,76.9,89.3,78.1,89.1,0.331,100,8.33,16.1,101.3,1014.5,53.0,7.1,247.1,21.2,9,2025-07-28T05:53:09,2025-07-28T18:28:45,0.12,"Rain, Partially cloudy",Partly cloudy throughout the day with rain in the morning and afternoon.,rain,"78970011634,3EBY2,TTPP,TDW00011634"
"Rio Claro-Mayaro, Trinidad, Trinidad And Tobago",2025-07-29,89.7,77.1,82.5,102.4,77.1,88.5,76.5,82.9,0.0,0,0.0,12.8,96.6,1014.5,36.2,6.9,263.5,22.9,9,2025-07-29T05:53:18,2025-07-29T18:28:31,0.16,Partially cloudy,Partly cloudy throughout the day.,partly-cloudy-day,"78970011634,TTPP,TDW00011634"
"Rio Claro-Mayaro, Trinidad, Trinidad And Tobago",2025-07-30,89.5,73.3,80.9,102.1,73.3,85.3,74.0,80.7,0.0,0,0.0,11.4,103.1,1014.5,29.7,7.2,264.0,22.9,8,2025-07-30T05:53:28,2025-07-30T18:28:16,0.19,Partially cloudy,Partly cloudy throughout the day.,partly-cloudy-day,"78970011634,3EBY2,TTPP,TDW00011634"
"Rio Claro-Mayaro, Trinidad, Trinidad And Tobago",2025-07-31,87.5,74.9,80.6,101.5,74.9,86.6,75.9,85.8,0.004,100,4.17,13.9,98.5,1015.4,59.1,7.0,243.3,21.0,8,2025-07-31T05:53:37,2025-07-31T18:28:00,0.22,"Rain, Partially cloudy",Partly cloudy throughout the day with morning rain.,rain,"78970011634,TTPP,TDW00011634"
"Rio Claro-Mayaro, Trinidad, Trinidad And Tobago",2025-08-01,87.8,76.8,81.3,102.5,76.8,87.3,77.1,87.4,0.0,0,0.0,11.4,99.6,1015.7,57.9,7.1,222.2,19.3,8,2025-08-01T05:53:46,2025-08-01T18:27:44,0.25,Partially cloudy,Partly cloudy throughout the day.,partly-cloudy-day,"78970011634,TTPP,TDW00011634"
"Rio Claro-Mayaro, Trinidad, Trinidad And Tobago",2025-08-02,87.7,77.2,81.5,101.8,77.2,87.1,77.2,87.7,0.358,100,12.5,15.0,114.4,1015.8,51.8,7.4,218.3,18.9,7,2025-08-02T05:53:54,2025-08-02T18:27:27,0.29,"Rain, Partially cloudy",Partly cloudy throughout the day with rain.,rain,"78970011634,TTPP,TDW00011634"
"Rio Claro-Mayaro, Trinidad, Trinidad And Tobago",2025-08-03,87.8,76.7,81.8,101.6,76.7,87.9,76.6,85.1,0.0,0,0.0,16.1,113.4,1014.5,41.6,8.5,249.8,21.6,8,2025-08-03T05:54:02,2025-08-03T18:27:09,0.32,Partially cloudy,Partly cloudy throughout the day.,partly-cloudy-day,"78970011634,TTPP,TDW00011634"
"Rio Claro-Mayaro, Trinidad, Trinidad And Tobago",2025-08-04,89.4,76.9,82.5,103.4,76.9,89.3,76.9,84.1,0.161,100,4.17,13.9,100.5,1014.6,47.8,7.4,228.5,19.6,8,2025-08-04T05:54:09,2025-08-04T18:26:50,0.35,"Rain, Partially cloudy",Partly cloudy throughout the day with morning rain.,rain,"78970011634,3EBY2,TTPP,TDW00011634"
"Rio Claro-Mayaro, Trinidad, Trinidad And Tobago",2025-08-05,88.0,77.2,82.0,102.4,77.2,88.5,77.5,86.9,0.055,100,8.33,15.0,97.5,1015.4,54.1,7.6,183.0,15.8,7,2025-08-05T05:54:17,2025-08-05T18:26:31,0.38,"Rain, Partially cloudy",Partly cloudy throughout the day with rain in the morning and afternoon.,rain,"78970011634,3EBY2,TTPP,TDW00011634"
"Rio Claro-Mayaro, Trinidad, Trinidad And Tobago",2025-08-06,89.6,76.7,81.5,102.7,76.7,86.4,76.2,84.8,0.083,100,8.33,15.0,104.9,1015.0,64.0,7.1,250.9,21.6,8,2025-08-06T05:54:23,2025-08-06T18:26:10,0.41,"Rain, Partially cloudy",Partly cloudy throughout the day with rain in the morning and afternoon.,rain,"78970011634,3EBY2,TTPP,TDW00011634"
"Rio Claro-Mayaro, Trinidad, Trinidad And Tobago",2025-08-07,80.3,73.6,76.6,86.5,73.6,76.9,75.0,94.7,1.316,100,12.5,16.1,105.4,1012.9,80.5,6.1,146.7,12.6,6,2025-08-07T05:54:29,2025-08-07T18:25:49,0.45,"Rain, Partially cloudy",Partly cloudy throughout the day with rain.,rain,"78970011634,TTPP,TDW00011634"
"Rio Claro-Mayaro, Trinidad, Trinidad And Tobago",2025-08-08,87.5,76.9,81.0,102.0,76.9,86.7,77.4,89.4,0.055,100,8.33,13.9,115.3,1012.5,73.0,7.1,200.0,17.4,8,2025-08-08T05:54:35,2025-08-08T18:25:27,0.48,"Rain, Partially cloudy",Partly cloudy throughout the day with rain in the morning and afternoon.,rain,"78970011634,3EBY2,TTPP,TDW00011634"
"Rio Claro-Mayaro, Trinidad, Trinidad And Tobago",2025-08-09,84.4,76.9,80.3,94.6,76.9,84.3,76.2,87.9,0.54,100,8.33,10.3,284.7,1014.2,75.1,7.3,217.5,18.9,8,2025-08-09T05:54:41,2025-08-09T18:25:05,0.5,"Rain, Partially cloudy",Partly cloudy throughout the day with rain in the morning and afternoon.,rain,"78970011634,3EBY2,TTPP,TDW00011634"
"Rio Claro-Mayaro, Trinidad, Trinidad And Tobago",2025-08-10,89.5,75.2,81.5,100.2,75.2,86.4,75.4,82.9,0.0,0,0.0,15.0,108.1,1014.4,67.7,8.5,210.9,18.2,8,2025-08-10T05:54:46,2025-08-10T18:24:42,0.55,Partially cloudy,Partly cloudy throughout the day.,partly-cloudy-day,"78970011634,TTPP,TDW00011634"
"Rio Claro-Mayaro, Trinidad, Trinidad And Tobago",2025-08-11,89.7,75.4,82.6,104.7,75.4,89.6,76.6,83.1,0.0,0,0.0,12.8,115.4,1013.6,57.0,8.0,225.5,19.4,8,2025-08-11T05:54:50,2025-08-11T18:24:18,0.58,Partially cloudy,Partly cloudy throughout the day.,partly-cloudy-day,"78970011634,TTPP,TDW00011634"
"Rio Claro-Mayaro, Trinidad, Trinidad And Tobago",2025-08-12,89.8,77.2,83.6,105.2,77.2,92.0,76.8,80.6,0.0,0,0.0,16.1,101.8,1012.8,45.6,5.3,237.0,20.5,9,2025-08-12T05:54:54,2025-08-12T18:23:53,0.62,Partially cloudy,Partly cloudy throughout the day.,partly-cloudy-day,"78970011634,3EBY2,TTPP,TDW00011634"
"Rio Claro-Mayaro, Trinidad, Trinidad And Tobago",2025-08-13,89.7,75.4,82.5,102.6,75.4,88.5,75.5,80.4,0.0,0,0.0,12.8,110.1,1012.1,46.6,7.1,229.8,19.8,9,2025-08-13T05:54:58,2025-08-13T18:23:28,0.66,Partially cloudy,Partly cloudy throughout the day.,partly-cloudy-day,"78970011634,3EBY2,TTPP,TDW00011634"
"Rio Claro-Mayaro, Trinidad, Trinidad And Tobago",2025-08-14,85.8,75.4,80.7,99.1,75.4,86.8,77.0,88.7,0.012,100,4.17,11.4,117.4,1012.7,53.0,7.4,225.1,19.5,7,2025-08-14T05:55:01,2025-08-14T18:23:01,0.69,"Rain, Partially cloudy",Partly cloudy throughout the day with late afternoon rain.,rain,"78970011634,TTPP,TDW00011634"
"Rio Claro-Mayaro, Trinidad, Trinidad And Tobago",2025-08-15,86.2,76.8,78.9,99.5,76.8,81.4,76.6,92.8,0.63,100,4.17,6.9,129.0,1013.2,72.1,7.6,240.8,20.6,9,2025-08-15T05:55:04,2025-08-15T18:22:35,0.73,"Rain, Partially cloudy",Partly cloudy throughout the day with afternoon rain.,rain,"78970011634,TTPP,TDW00011634"
"Rio Claro-Mayaro, Trinidad, Trinidad And Tobago",2025-08-16,87.5,75.0,78.3,102.1,75.0,81.4,76.0,92.7,4.094,100,8.33,15.0,73.3,1012.5,66.7,7.3,257.2,22.4,8,2025-08-16T05:55:07,2025-08-16T18:22:07,0.75,"Rain, Partially cloudy",Partly cloudy throughout the day with rain.,rain,"78970011634,TTPP,TDW00011634"
"Rio Claro-Mayaro, Trinidad, Trinidad And Tobago",2025-08-17,91.2,75.0,82.1,107.7,75.0,89.6,76.9,85.0,0.0,0,0.0,13.9,139.7,1012.4,52.6,7.5,242.7,21.0,9,2025-08-17T05:55:09,2025-08-17T18:21:39,0.8,Partially cloudy,Partly cloudy throughout the day.,partly-cloudy-day,"78970011634,TTPP,TDW00011634"
"Rio Claro-Mayaro, Trinidad, Trinidad And Tobago",2025-08-18,91.2,76.8,82.8,104.5,76.8,89.6,76.6,82.4,0.0,0,0.0,13.9,123.6,1013.6,52.7,8.8,240.2,20.7,8,2025-08-18T05:55:10,2025-08-18T18:21:11,0.84,Partially cloudy,Partly cloudy throughout the day.,partly-cloudy-day,"78970011634,TTPP,TDW00011634"
"Rio Claro-Mayaro, Trinidad, Trinidad And Tobago",2025-08-19,89.7,76.8,82.7,104.5,76.8,89.5,76.4,82.1,0.004,100,4.17,11.4,135.4,1013.7,63.2,8.0,256.4,22.0,9,2025-08-19T05:55:12,2025-08-19T18:20:42,0.87,"Rain, Partially cloudy",Partly cloudy throughout the day with afternoon rain.,rain,"78970011634,TTPP,TDW00011634"
"Rio Claro-Mayaro, Trinidad, Trinidad And Tobago",2025-08-20,91.1,76.7,82.9,110.0,76.7,90.5,76.7,82.4,0.0,0,0.0,14.1,111.2,1012.8,51.9,6.2,238.8,20.5,8,2025-08-20T05:55:13,2025-08-20T18:20:12,0.91,Partially cloudy,Partly cloudy throughout the day.,partly-cloudy-day,"78970011634,3EBY2,TTPP,TDW00011634"
"Rio Claro-Mayaro, Trinidad, Trinidad And Tobago",2025-08-21,89.7,76.8,82.1,102.9,76.8,88.9,76.7,84.6,0.039,100,4.17,12.8,122.2,1011.6,62.2,5.5,258.8,22.4,9,2025-08-21T05:55:13,2025-08-21T18:19:41,0.94,"Rain, Partially cloudy",Partly cloudy throughout the day with morning rain.,rain,"78970011634,3EBY2,TTPP,TDW00011634"
"Rio Claro-Mayaro, Trinidad, Trinidad And Tobago",2025-08-22,89.8,77.2,83.6,105.7,77.2,92.3,77.6,82.8,0.0,0,0.0,12.8,123.5,1012.2,59.9,6.9,245.5,21.2,8,2025-08-22T05:55:14,2025-08-22T18:19:10,0.98,Partially cloudy,Partly cloudy throughout the day.,partly-cloudy-day,"78970011634,TTPP,TDW00011634"
"Rio Claro-Mayaro, Trinidad, Trinidad And Tobago",2025-08-23,89.5,76.9,82.3,104.7,76.9,89.0,76.7,83.7,0.0,0,0.0,11.4,101.6,1013.3,54.8,7.1,202.3,17.4,7,2025-08-23T05:55:14,2025-08-23T18:18:39,0.0,Partially cloudy,Partly cloudy throughout the day.,partly-cloudy-day,"78970011634,3EBY2,TTPP,TDW00011634"
"Rio Claro-Mayaro, Trinidad, Trinidad And Tobago",2025-08-24,89.4,75.2,80.9,104.4,75.2,86.9,76.7,87.7,0.004,100,4.17,12.8,112.3,1012.7,61.3,6.6,221.7,19.2,8,2025-08-24T05:55:13,2025-08-24T18:18:07,0.05,"Rain, Partially cloudy",Partly cloudy throughout the day with morning rain.,rain,"78970011634,TTPP,TDW00011634"
"Rio Claro-Mayaro, Trinidad, Trinidad And Tobago",2025-08-25,89.6,76.8,82.2,108.1,76.8,89.6,77.5,86.2,0.136,100,66.67,11.4,124.5,1013.2,56.4,6.3,222.1,19.2,8,2025-08-25T05:55:13,2025-08-25T18:17:35,0.08,"Rain, Partially cloudy",Partly cloudy throughout the day with a chance of rain throughout the day.,rain,"78970011634,3EBY2,TTPP,TDW00011634"
"Rio Claro-Mayaro, Trinidad, Trinidad And Tobago",2025-08-26,87.8,77.0,81.1,100.0,77.0,86.8,76.7,87.1,0.321,100,83.33,9.3,119.0,1014.2,39.9,6.2,226.0,19.5,8,2025-08-26T05:55:12,2025-08-26T18:17:02,0.11,"Rain, Partially cloudy",Partly cloudy throughout the day with a chance of rain throughout the day.,rain,"3EBY2,TTPP,TDW00011634"
"Rio Claro-Mayaro, Trinidad, Trinidad And Tobago",2025-08-27,89.6,77.0,83.1,105.2,77.0,90.5,77.1,83.1,0.119,100,41.67,12.8,138.7,1015.3,57.9,6.0,269.9,23.3,9,2025-08-27T05:55:10,2025-08-27T18:16:28,0.14,"Rain, Partially cloudy",Partly cloudy throughout the day with a chance of rain throughout the day.,rain,"TTPP,TDW00011634"
"Rio Claro-Mayaro, Trinidad, Trinidad And Tobago",2025-08-28,84.2,77.0,80.1,96.1,77.0,85.0,76.9,89.9,0.136,100,37.5,11.4,118.5,1015.9,49.5,6.2,239.1,20.6,8,2025-08-28T05:55:09,2025-08-28T18:15:54,0.17,"Rain, Partially cloudy",Partly cloudy throughout the day with rain.,rain,"TTPP,TDW00011634"
"Rio Claro-Mayaro, Trinidad, Trinidad And Tobago",2025-08-29,91.4,75.2,81.9,107.8,75.2,89.1,76.6,84.7,0.518,100,87.5,10.3,102.1,1013.1,57.1,6.1,160.5,13.9,5,2025-08-29T05:55:07,2025-08-29T18:15:20,0.21,"Rain, Partially cloudy",Partly cloudy throughout the day with a chance of rain throughout the day.,rain,"TTPP,TDW00011634"
"Rio Claro-Mayaro, Trinidad, Trinidad And Tobago",2025-08-30,87.7,76.9,80.1,104.9,76.9,84.0,77.4,91.6,0.112,100,62.5,11.4,108.6,1011.6,30.2,6.2,205.1,17.6,7,2025-08-30T05:55:05,2025-08-30T18:14:46,0.24,"Rain, Partially cloudy",Partly cloudy throughout the day with a chance of rain throughout the day.,rain,TTPP
"Rio Claro-Mayaro, Trinidad, Trinidad And Tobago",2025-08-31,89.5,76.9,81.5,107.8,76.9,88.3,77.8,89.2,0.084,100,54.17,12.8,108.6,1012.7,36.5,5.8,214.7,18.6,8,2025-08-31T05:55:02,2025-08-31T18:14:11,0.25,"Rain, Partially cloudy",Partly cloudy throughout the day with a chance of rain throughout the day.,rain,"3EBY2,TTPP"
"Rio Claro-Mayaro, Trinidad, Trinidad And Tobago",2025-09-01,85.9,76.9,81.5,101.6,76.9,87.4,77.5,88.2,0.079,100,33.33,11.4,112.4,1013.0,37.6,6.3,246.6,21.3,8,2025-09-01T05:55:00,2025-09-01T18:13:35,0.3,"Rain, Partially cloudy",Partly cloudy throughout the day with a chance of rain throughout the day.,rain,"3EBY2,TTPP"
"Rio Claro-Mayaro, Trinidad, Trinidad And Tobago",2025-09-02,87.9,75.2,79.4,102.7,75.2,83.0,76.5,91.1,0.375,100,41.67,11.4,114.2,1013.5,49.8,6.0,249.2,21.8,8,2025-09-02T05:54:57,2025-09-02T18:12:59,0.34,"Rain, Partially cloudy",Partly cloudy throughout the day with a chance of rain throughout the day.,rain,"3EBY2,TTPP,TDW00011634"
"Rio Claro-Mayaro, Trinidad, Trinidad And Tobago",2025-09-03,87.8,75.2,80.7,102.4,75.2,86.7,76.7,88.4,0.525,100,87.5,15.0,112.2,1013.1,47.4,6.3,240.5,20.7,9,2025-09-03T05:54:54,2025-09-03T18:12:23,0.37,"Rain, Partially cloudy",Partly cloudy throughout the day with a chance of rain throughout the day.,rain,"TTPP,TDW00011634"
"Rio Claro-Mayaro, Trinidad, Trinidad And Tobago",2025-09-04,89.6,77.0,82.2,102.4,77.0,88.4,76.9,84.7,0.387,100,58.33,13.9,106.8,1012.9,48.5,6.2,243.4,21.0,9,2025-09-04T05:54:50,2025-09-04T18:11:47,0.4,"Rain, Partially cloudy",Partly cloudy throughout the day with a chance of rain throughout the day.,rain,"TTPP,TDW00011634"
"Rio Claro-Mayaro, Trinidad, Trinidad And Tobago",2025-09-05,87.8,77.0,80.6,102.4,77.0,85.0,76.9,89.0,0.474,100,75.0,20.8,120.3,1013.4,57.7,6.2,242.2,20.9,8,2025-09-05T05:54:47,2025-09-05T18:11:10,0.43,"Rain, Partially cloudy",Partly cloudy throughout the day with a chance of rain throughout the day.,rain,"3EBY2,TTPP,TDW00011634"
"Rio Claro-Mayaro, Trinidad, Trinidad And Tobago",2025-09-06,84.2,75.2,78.1,96.1,75.2,79.9,75.0,90.2,0.788,100,87.5,11.4,118.7,1013.6,69.1,5.8,123.5,10.7,5,2025-09-06T05:54:43,2025-09-06T18:10:33,0.46,"Rain, Partially cloudy",Partly cloudy throughout the day with a chance of rain throughout the day.,rain,"TTPP,TDW00011634"
"Rio Claro-Mayaro, Trinidad, Trinidad And Tobago",2025-09-07,89.6,75.2,81.4,105.2,75.2,88.2,76.3,85.4,0.178,100,37.5,12.8,119.3,1014.2,51.4,6.2,261.3,22.5,9,2025-09-07T05:54:39,2025-09-07T18:09:56,0.5,"Rain, Partially cloudy",Partly cloudy throughout the day with a chance of rain throughout the day.,rain,"TTPP,TDW00011634"
"Rio Claro-Mayaro, Trinidad, Trinidad And Tobago",2025-09-08,89.6,75.2,82.1,102.4,75.2,87.7,75.5,81.7,0.115,100,33.33,9.2,114.4,1014.1,28.2,6.4,241.3,20.9,8,2025-09-08T05:54:36,2025-09-08T18:09:19,0.53,"Rain, Partially cloudy",Partly cloudy throughout the day with rain in the morning and afternoon.,rain,"TTPP,TDW00011634"
"Rio Claro-Mayaro, Trinidad, Trinidad And Tobago",2025-09-09,86.0,73.4,79.3,97.2,73.4,83.2,76.1,90.3,0.339,100,37.5,10.3,120.5,1014.4,39.9,6.3,233.0,20.2,8,2025-09-09T05:54:31,2025-09-09T18:08:41,0.57,"Rain, Partially cloudy",Partly cloudy throughout the day with rain in the morning and afternoon.,rain,"TTPP,TDW00011634"
"Rio Claro-Mayaro, Trinidad, Trinidad And Tobago",2025-09-10,89.6,75.2,82.2,105.2,75.2,90.1,77.2,85.7,0.139,100,58.33,15.0,112.5,1013.7,51.4,5.9,221.5,19.1,9,2025-09-10T05:54:27,2025-09-10T18:08:04,0.6,"Rain, Partially cloudy",Partly cloudy throughout the day with rain.,rain,"TTPP,TDW00011634"
"Rio Claro-Mayaro, Trinidad, Trinidad And Tobago",2025-09-11,89.6,75.2,80.8,105.2,75.2,85.7,77.1,88.9,0.387,100,70.83,11.4,120.0,1012.7,61.4,6.0,202.4,17.4,7,2025-09-11T05:54:23,2025-09-11T18:07:26,0.64,"Rain, Partially cloudy",Partly cloudy throughout the day with a chance of rain throughout the day.,rain,"TTPP,TDW00011634"
"Rio Claro-Mayaro, Trinidad, Trinidad And Tobago",2025-09-12,88.7,75.2,81.5,105.2,75.2,88.6,77.2,87.3,0.024,100,25.0,10.4,124.3,1012.5,52.5,6.3,224.5,19.4,8,2025-09-12T05:54:19,2025-09-12T18:06:48,0.67,"Rain, Partially cloudy",Partly cloudy throughout the day with rain in the morning and afternoon.,rain,"3EBY2,TTPP,TDW00011634"
"Rio Claro-Mayaro, Trinidad, Trinidad And Tobago",2025-09-13,89.6,75.2,80.2,108.1,75.2,84.6,76.6,89.1,0.116,100,45.83,12.8,359.8,1011.9,57.5,5.9,227.3,19.7,9,2025-09-13T05:54:14,2025-09-13T18:06:10,0.71,"Rain, Partially cloudy",Partly cloudy throughout the day with a chance of rain throughout the day.,rain,"TTPP,TDW00011634"
"Rio Claro-Mayaro, Trinidad, Trinidad And Tobago",2025-09-14,86.0,75.2,79.2,99.4,75.2,83.1,76.7,92.3,0.554,100,75.0,11.4,97.8,1012.0,59.0,6.1,211.1,18.2,8,2025-09-14T05:54:10,2025-09-14T18:05:31,0.75,"Rain, Partially cloudy",Partly cloudy throughout the day with a chance of rain throughout the day.,rain,"3EBY2,TTPP,TDW00011634"
"Rio Claro-Mayaro, Trinidad, Trinidad And Tobago",2025-09-15,89.6,77.0,81.1,105.2,77.0,85.9,76.8,87.4,0.276,100,45.83,11.4,99.6,1012.3,53.4,6.2,202.7,17.3,7,2025-09-15T05:54:05,2025-09-15T18:04:53,0.78,"Rain, Partially cloudy",Partly cloudy throughout the day with a chance of rain throughout the day.,rain,"3EBY2,TTPP,TDW00011634"
"Rio Claro-Mayaro, Trinidad, Trinidad And Tobago",2025-09-16,86.0,77.0,80.2,99.4,77.0,84.8,77.1,90.5,0.068,100,37.5,8.1,111.6,1011.2,59.5,5.9,243.6,21.1,8,2025-09-16T05:54:01,2025-09-16T18:04:15,0.82,"Rain, Partially cloudy",Partly cloudy throughout the day with a chance of rain throughout the day.,rain,"3EBY2,TTPP,TDW00011634"
"Rio Claro-Mayaro, Trinidad, Trinidad And Tobago",2025-09-17,87.8,75.2,81.4,105.2,75.2,88.5,77.6,88.7,0.233,100,41.67,16.1,121.7,1010.6,63.0,6.2,244.9,21.1,9,2025-09-17T05:53:56,2025-09-17T18:03:36,0.85,"Rain, Partially cloudy",Partly cloudy throughout the day with rain.,rain,"3EBY2,TTPP,TDW00011634"
"Rio Claro-Mayaro, Trinidad, Trinidad And Tobago",2025-09-18,91.4,77.0,81.5,105.2,77.0,87.5,77.2,87.7,0.09,100,29.17,12.8,110.2,1011.1,61.0,6.2,244.9,21.2,8,2025-09-18T05:53:52,2025-09-18T18:02:58,0.89,"Rain, Partially cloudy",Partly cloudy throughout the day with rain in the morning and afternoon.,rain,"3EBY2,TTPP,TDW00011634"
"Rio Claro-Mayaro, Trinidad, Trinidad And Tobago",2025-09-19,89.6,75.2,82.6,105.2,75.2,90.7,77.4,85.4,0.044,100,25.0,9.2,123.7,1012.5,61.7,6.2,270.9,23.3,9,2025-09-19T05:53:48,2025-09-19T18:02:20,0.92,"Rain, Partially cloudy",Partly cloudy throughout the day with rain in the morning and afternoon.,rain,"3EBY2,TTPP,TDW00011634"
"Rio Claro-Mayaro, Trinidad, Trinidad And Tobago",2025-09-20,91.4,77.0,83.4,110.9,77.0,92.0,77.9,84.4,0.112,100,41.67,11.4,126.0,1013.4,43.4,6.2,242.4,20.9,8,2025-09-20T05:53:43,2025-09-20T18:01:41,0.96,"Rain, Partially cloudy",Partly cloudy throughout the day with rain in the morning and afternoon.,rain,"3EBY2,TTPP,TDW00011634"
"Rio Claro-Mayaro, Trinidad, Trinidad And Tobago",2025-09-21,89.6,77.0,83.3,105.2,77.0,91.3,77.2,82.5,0.107,100,45.83,13.9,119.6,1012.5,43.1,6.2,252.7,21.6,9,2025-09-21T05:53:39,2025-09-21T18:01:03,0.0,"Rain, Partially cloudy",Partly cloudy throughout the day with a chance of rain throughout the day.,rain,"3EBY2,TTPP,TDW00011634"
"Rio Claro-Mayaro, Trinidad, Trinidad And Tobago",2025-09-22,89.6,75.2,81.5,102.6,75.2,87.4,76.9,86.3,0.17,100,33.33,11.4,113.6,1011.6,42.9,6.1,242.9,20.9,8,2025-09-22T05:53:35,2025-09-22T18:00:25,0.03,"Rain, Partially cloudy",Partly cloudy throughout the day with rain.,rain,"3EBY2,TTPP,TDW00011634"
"Rio Claro-Mayaro, Trinidad, Trinidad And Tobago",2025-09-23,86.0,77.0,79.0,101.9,77.0,81.0,77.0,93.7,0.245,100,41.67,13.9,101.7,1011.9,54.1,6.3,211.7,18.2,7,2025-09-23T05:53:31,2025-09-23T17:59:47,0.06,"Rain, Partially cloudy",Partly cloudy throughout the day with a chance of rain throughout the day.,rain,"TTPP,TDW00011634"
"Rio Claro-Mayaro, Trinidad, Trinidad And Tobago",2025-09-24,89.6,77.0,81.9,105.2,77.0,88.9,77.4,86.7,0.024,100,20.83,13.9,125.2,1013.8,56.4,6.3,273.2,23.5,9,2025-09-24T05:53:27,2025-09-24T17:59:09,0.09,"Rain, Partially cloudy",Partly cloudy throughout the day with rain in the morning and afternoon.,rain,"3EBY2,TTPP,TDW00011634"
"Rio Claro-Mayaro, Trinidad, Trinidad And Tobago",2025-09-25,89.6,77.0,83.0,102.6,77.0,89.9,76.8,82.4,0.0,0,0.0,13.9,126.9,1014.1,37.2,6.3,281.7,24.2,9,2025-09-25T05:53:23,2025-09-25T17:58:31,0.13,Partially cloudy,Partly cloudy throughout the day.,partly-cloudy-day,"3EBY2,TTPP,TDW00011634"
"Rio Claro-Mayaro, Trinidad, Trinidad And Tobago",2025-09-26,91.4,77.0,82.1,105.2,77.0,87.6,77.3,86.3,0.237,100,29.17,11.4,116.0,1012.7,40.2,6.2,240.9,20.8,8,2025-09-26T05:53:19,2025-09-26T17:57:53,0.16,"Rain, Partially cloudy",Partly cloudy throughout the day with rain in the morning and afternoon.,rain,"TTPP,TDW00011634"
"Rio Claro-Mayaro, Trinidad, Trinidad And Tobago",2025-09-27,89.6,77.0,82.4,105.2,77.0,89.5,77.1,84.7,0.256,100,50.0,12.8,127.9,1011.9,39.0,6.2,240.9,20.8,9,2025-09-27T05:53:16,2025-09-27T17:57:16,0.19,"Rain, Partially cloudy",Partly cloudy throughout the day with rain.,rain,"TTPP,TDW00011634"
"Rio Claro-Mayaro, Trinidad, Trinidad And Tobago",2025-09-28,89.6,77.0,82.6,102.6,77.0,89.4,76.8,83.4,0.214,100,62.5,13.9,125.1,1013.3,45.4,6.2,222.0,19.2,8,2025-09-28T05:53:13,2025-09-28T17:56:39,0.22,"Rain, Partially cloudy",Partly cloudy throughout the day with a chance of rain throughout the day.,rain,"TTPP,TDW00011634"
"Rio Claro-Mayaro, Trinidad, Trinidad And Tobago",2025-09-29,89.6,77.0,80.5,102.1,77.0,83.8,75.9,86.7,0.379,100,83.33,11.4,113.2,1013.8,59.9,6.1,189.6,16.3,7,2025-09-29T05:53:10,2025-09-29T17:56:02,0.25,"Rain, Partially cloudy",Partly cloudy throughout the day with a chance of rain throughout the day.,rain,"TTPP,TDW00011634"
"Rio Claro-Mayaro, Trinidad, Trinidad And Tobago",2025-09-30,89.6,75.2,82.3,105.2,75.2,89.8,77.1,85.0,0.076,100,41.67,11.4,112.6,1013.1,58.0,6.5,243.0,21.0,9,2025-09-30T05:53:07,2025-09-30T17:55:25,0.29,"Rain, Partially cloudy",Partly cloudy throughout the day with a chance of rain throughout the day.,rain,"TTPP,TDW00011634"
"Rio Claro-Mayaro, Trinidad, Trinidad And Tobago",2025-10-01,91.4,75.2,83.0,107.8,75.2,90.4,76.7,82.3,0.004,100,4.17,10.3,117.3,1013.3,36.3,6.2,278.9,24.0,9,2025-10-01T05:53:04,2025-10-01T17:54:49,0.32,"Rain, Partially cloudy",Partly cloudy throughout the day with morning rain.,rain,"3EBY2,TTPP,TDW00011634"
"Rio Claro-Mayaro, Trinidad, Trinidad And Tobago",2025-10-02,91.4,75.2,82.6,105.2,75.2,90.2,76.4,82.3,0.0,0,0.0,10.3,137.0,1012.9,50.7,6.2,279.9,24.3,9,2025-10-02T05:53:02,2025-10-02T17:54:13,0.35,Partially cloudy,Partly cloudy throughout the day.,partly-cloudy-day,"3EBY2,TTPP,TDW00011634"
"Rio Claro-Mayaro, Trinidad, Trinidad And Tobago",2025-10-03,91.4,73.4,80.8,107.8,73.4,85.8,76.1,86.4,0.0,0,0.0,10.3,131.3,1011.3,55.8,6.2,275.8,23.7,9,2025-10-03T05:53:00,2025-10-03T17:53:37,0.39,Partially cloudy,Partly cloudy throughout the day.,partly-cloudy-day,"3EBY2,TTPP,TDW00011634"
"Rio Claro-Mayaro, Trinidad, Trinidad And Tobago",2025-10-04,91.4,75.2,82.0,107.8,75.2,88.7,76.5,84.3,0.0,0,0.0,9.2,137.6,1011.0,50.2,6.2,281.0,24.3,10,2025-10-04T05:52:58,2025-10-04T17:53:02,0.42,Partially cloudy,Partly cloudy throughout the day.,partly-cloudy-day,"TTPP,TDW00011634"
"Rio Claro-Mayaro, Trinidad, Trinidad And Tobago",2025-10-05,91.4,73.4,81.5,105.1,73.4,87.8,75.9,84.0,0.115,100,33.33,12.8,192.2,1011.8,55.8,6.2,255.4,22.0,9,2025-10-05T05:52:57,2025-10-05T17:52:27,0.45,"Rain, Partially cloudy",Partly cloudy throughout the day with rain in the morning and afternoon.,rain,"3EBY2,TTPP,TDW00011634"
"Rio Claro-Mayaro, Trinidad, Trinidad And Tobago",2025-10-06,91.4,75.2,82.7,105.1,75.2,89.5,76.0,81.4,0.012,100,12.5,11.4,128.6,1010.6,48.3,6.2,272.2,23.6,9,2025-10-06T05:52:56,2025-10-06T17:51:52,0.5,"Rain, Partially cloudy",Partly cloudy throughout the day with morning rain.,rain,"TTPP,TDW00011634"
"Rio Claro-Mayaro, Trinidad, Trinidad And Tobago",2025-10-07,89.6,77.0,80.6,98.2,77.0,85.1,75.4,84.8,0.52,100,41.67,8.1,113.9,1010.7,56.9,6.1,197.4,17.1,7,2025-10-07T05:52:55,2025-10-07T17:51:18,0.52,"Rain, Partially cloudy",Partly cloudy throughout the day with a chance of rain throughout the day.,rain,"TTPP,TDW00011634"
"Rio Claro-Mayaro, Trinidad, Trinidad And Tobago",2025-10-08,89.6,75.2,80.4,105.2,75.2,85.1,76.5,88.5,0.238,100,58.33,11.4,261.6,1010.6,62.5,6.2,216.2,18.8,8,2025-10-08T05:52:55,2025-10-08T17:50:45,0.55,"Rain, Partially cloudy",Partly cloudy throughout the day with a chance of rain throughout the day.,rain,"3EBY2,TTPP,TDW00011634"
"Rio Claro-Mayaro, Trinidad, Trinidad And Tobago",2025-10-09,91.4,75.2,82.8,107.8,75.2,91.3,77.5,84.9,0.183,100,58.33,10.3,152.7,1011.3,64.0,6.2,251.6,21.7,9,2025-10-09T05:52:55,2025-10-09T17:50:11,0.59,"Rain, Partially cloudy",Partly cloudy throughout the day with a chance of rain throughout the day.,rain,"3EBY2,TTPP,TDW00011634"
"Rio Claro-Mayaro, Trinidad, Trinidad And Tobago",2025-10-10,86.0,77.0,81.4,99.4,77.0,87.9,76.9,86.5,0.333,100,83.33,11.4,134.7,1012.6,60.2,6.0,215.9,18.7,7,2025-10-10T05:52:55,2025-10-10T17:49:39,0.62,"Rain, Partially cloudy",Partly cloudy throughout the day with a chance of rain throughout the day.,rain,"TTPP,TDW00011634"
"Rio Claro-Mayaro, Trinidad, Trinidad And Tobago",2025-10-11,89.6,77.0,81.3,105.2,77.0,87.2,77.1,87.6,0.375,100,58.33,13.9,110.5,1011.7,57.7,6.1,211.2,18.3,8,2025-10-11T05:52:56,2025-10-11T17:49:07,0.66,"Rain, Partially cloudy",Partly cloudy throughout the day with a chance of rain throughout the day.,rain,"3EBY2,TTPP,TDW00011634"
"Rio Claro-Mayaro, Trinidad, Trinidad And Tobago",2025-10-12,87.8,75.2,80.8,102.4,75.2,86.5,77.0,88.7,0.252,100,41.67,9.2,116.6,1010.4,54.8,5.8,214.0,18.6,8,2025-10-12T05:52:58,2025-10-12T17:48:35,0.69,"Rain, Partially cloudy",Partly cloudy throughout the day with a chance of rain throughout the day.,rain,"3EBY2,TTPP,TDW00011634"
"Rio Claro-Mayaro, Trinidad, Trinidad And Tobago",2025-10-13,86.0,75.2,77.9,99.4,75.2,80.3,75.6,92.9,0.294,100,79.17,9.2,106.1,1010.2,64.1,5.8,197.1,16.9,8,2025-10-13T05:53:00,2025-10-13T17:48:04,0.75,"Rain, Partially cloudy",Partly cloudy throughout the day with a chance of rain throughout the day.,rain,"TTPP,TDW00011634"
"Rio Claro-Mayaro, Trinidad, Trinidad And Tobago",2025-10-14,89.6,75.2,81.6,105.2,75.2,88.1,76.0,83.5,0.139,100,37.5,10.3,118.4,1009.6,58.7,6.2,235.6,20.4,8,2025-10-14T05:53:02,2025-10-14T17:47:34,0.76,"Rain, Partially cloudy",Partly cloudy throughout the day with a chance of rain throughout the day.,rain,"TTPP,TDW00011634"
"Rio Claro-Mayaro, Trinidad, Trinidad And Tobago",2025-10-15,87.8,77.0,82.0,102.4,77.0,88.8,76.7,84.5,0.103,100,16.67,11.4,127.2,1009.9,54.6,6.2,241.5,20.8,9,2025-10-15T05:53:05,2025-10-15T17:47:04,0.8,"Rain, Partially cloudy",Partly cloudy throughout the day with rain in the morning and afternoon.,rain,"TTPP,TDW00011634"
"Rio Claro-Mayaro, Trinidad, Trinidad And Tobago",2025-10-16,91.4,77.0,83.5,105.2,77.0,91.4,77.1,82.1,0.004,100,4.17,10.3,146.9,1010.2,53.9,6.2,235.9,20.4,8,2025-10-16T05:53:08,2025-10-16T17:46:35,0.83,"Rain, Partially cloudy",Partly cloudy throughout the day with morning rain.,rain,"TTPP,TDW00011634"
"Rio Claro-Mayaro, Trinidad, Trinidad And Tobago",2025-10-17,89.6,77.0,83.3,105.2,77.0,91.7,77.5,83.5,0.071,100,16.67,14.8,120.4,1011.4,56.7,6.2,244.5,21.1,9,2025-10-17T05:53:12,2025-10-17T17:46:06,0.87,"Rain, Partially cloudy",Partly cloudy throughout the day with rain in the morning and afternoon.,rain,"3EBY2,TTPP,TDW00011634"
"Rio Claro-Mayaro, Trinidad, Trinidad And Tobago",2025-10-18,86.0,77.0,79.9,97.2,77.0,83.5,75.6,87.1,0.999,100,100.0,16.1,93.6,1012.3,61.8,6.2,119.8,10.4,5,2025-10-18T05:53:16,2025-10-18T17:45:38,0.9,"Rain, Partially cloudy",Partly cloudy throughout the day with a chance of rain throughout the day.,rain,"3EBY2,TTPP,TDW00011634"
"Rio Claro-Mayaro, Trinidad, Trinidad And Tobago",2025-10-19,86.0,75.1,78.4,96.1,75.1,79.7,75.4,90.8,0.453,100,83.33,10.3,83.4,1012.2,63.9,6.0,150.1,12.9,6,2025-10-19T05:53:21,2025-10-19T17:45:11,0.94,"Rain, Partially cloudy",Partly cloudy throughout the day with a chance of rain throughout the day.,rain,"3EBY2,TTPP,TDW00011634"
"Rio Claro-Mayaro, Trinidad, Trinidad And Tobago",2025-10-20,84.2,75.2,79.0,96.1,75.2,81.8,76.0,90.7,0.74,100,87.5,19.7,106.3,1012.6,56.2,6.0,171.4,14.9,8,2025-10-20T05:53:27,2025-10-20T17:44:45,0.97,"Rain, Partially cloudy",Partly cloudy throughout the day with a chance of rain throughout the day.,rain,"TTPP,TDW00011634"
"Rio Claro-Mayaro, Trinidad, Trinidad And Tobago",2025-10-21,84.2,75.2,78.6,96.1,75.2,81.9,75.8,91.2,0.194,100,58.33,11.4,128.5,1011.9,59.6,6.3,218.5,18.9,8,2025-10-21T05:53:33,2025-10-21T17:44:19,0.0,"Rain, Partially cloudy",Partly cloudy throughout the day with a chance of rain throughout the day.,rain,"TTPP,TDW00011634"
"Rio Claro-Mayaro, Trinidad, Trinidad And Tobago",2025-10-22,86.0,73.8,79.1,99.4,73.8,82.6,76.4,91.9,0.167,100,54.17,18.3,124.9,1011.3,61.1,6.1,204.4,17.7,7,2025-10-22T05:53:39,2025-10-22T17:43:54,0.04,"Rain, Partially cloudy",Partly cloudy throughout the day with a chance of rain throughout the day.,rain,"3EBY2,TTPP,TDW00011634"
"Rio Claro-Mayaro, Trinidad, Trinidad And Tobago",2025-10-23,89.7,77.0,82.0,100.0,77.0,86.9,75.1,80.8,0.036,100,25.0,18.3,140.4,1011.8,56.2,6.2,227.5,19.6,8,2025-10-23T05:53:47,2025-10-23T17:43:30,0.07,"Rain, Partially cloudy",Partly cloudy throughout the day with rain in the morning and afternoon.,rain,"TTPP,TDW00011634"
"Rio Claro-Mayaro, Trinidad, Trinidad And Tobago",2025-10-24,89.6,76.1,82.2,98.2,76.1,86.3,73.5,76.0,0.115,100,37.5,13.9,131.4,1012.0,39.7,6.2,226.9,19.6,8,2025-10-24T05:53:54,2025-10-24T17:43:07,0.1,"Rain, Partially cloudy",Partly cloudy throughout the day with rain in the morning and afternoon.,rain,"3EBY2,TTPP,TDW00011634"
"Rio Claro-Mayaro, Trinidad, Trinidad And Tobago",2025-10-25,87.8,77.0,81.6,95.9,77.0,85.1,73.8,78.0,0.127,100,41.67,15.0,111.0,1011.6,40.4,6.9,181.2,15.6,6,2025-10-25T05:54:03,2025-10-25T17:42:45,0.14,"Rain, Partially cloudy",Partly cloudy throughout the day with rain.,rain,"TTPP,TDW00011634"
"Rio Claro-Mayaro, Trinidad, Trinidad And Tobago",2025-10-26,91.4,77.0,82.6,97.0,77.0,86.1,73.3,75.0,0.024,100,25.0,11.4,126.1,1010.8,46.8,6.2,237.7,20.6,8,2025-10-26T05:54:12,2025-10-26T17:42:23,0.17,"Rain, Partially cloudy",Partly cloudy throughout the day with rain in the morning and afternoon.,rain,"TTPP,TDW00011634"
"Rio Claro-Mayaro, Trinidad, Trinidad And Tobago",2025-10-27,89.6,77.0,82.5,96.4,77.0,86.3,73.2,74.6,0.016,100,16.67,13.9,121.5,1010.4,52.2,6.2,251.1,21.6,9,2025-10-27T05:54:22,2025-10-27T17:42:02,0.2,"Rain, Partially cloudy",Partly cloudy throughout the day with rain in the morning and afternoon.,rain,"3EBY2,TTPP,TDW00011634"
"Rio Claro-Mayaro, Trinidad, Trinidad And Tobago",2025-10-28,89.6,77.0,82.7,98.2,77.0,87.2,74.0,76.2,0.008,100,8.33,10.3,125.2,1012.0,54.7,6.3,260.4,22.4,9,2025-10-28T05:54:32,2025-10-28T17:41:43,0.24,"Rain, Partially cloudy",Partly cloudy throughout the day with morning rain.,rain,"3EBY2,TTPP,TDW00011634"
"Rio Claro-Mayaro, Trinidad, Trinidad And Tobago",2025-10-29,89.6,77.0,82.4,98.2,77.0,87.2,74.5,77.8,0.075,100,50.0,12.1,131.1,1013.3,59.0,6.6,235.9,20.6,8,2025-10-29T05:54:43,2025-10-29T17:41:24,0.25,"Rain, Partially cloudy",Partly cloudy throughout the day with a chance of rain throughout the day.,rain,"3EBY2,TTPP,TDW00011634"
"Rio Claro-Mayaro, Trinidad, Trinidad And Tobago",2025-10-30,89.6,75.2,82.1,94.9,75.2,85.5,72.4,74.0,0.135,100,54.17,9.2,114.1,1012.8,40.8,6.3,231.6,20.1,8,2025-10-30T05:54:55,2025-10-30T17:41:06,0.3,"Rain, Partially cloudy",Partly cloudy throughout the day with rain.,rain,"3EBY2,TTPP,TDW00011634"
"Rio Claro-Mayaro, Trinidad, Trinidad And Tobago",2025-10-31,86.0,77.0,80.6,95.2,77.0,83.9,73.9,80.5,0.537,100,66.67,11.4,114.3,1012.7,57.0,6.0,183.3,16.0,8,2025-10-31T05:55:07,2025-10-31T17:40:48,0.34,"Rain, Partially cloudy",Partly cloudy throughout the day with a chance of rain throughout the day.,rain,"3EBY2,TTPP,TDW00011634"
"Rio Claro-Mayaro, Trinidad, Trinidad And Tobago",2025-11-01,86.0,78.8,81.8,97.2,78.8,86.2,74.8,79.9,0.174,100,58.33,17.2,111.9,1012.8,51.5,6.6,227.7,19.7,8,2025-11-01T05:55:20,2025-11-01T17:40:32,0.37,"Rain, Partially cloudy",Partly cloudy throughout the day with a chance of rain throughout the day.,rain,"TTPP,TDW00011634"
"Rio Claro-Mayaro, Trinidad, Trinidad And Tobago",2025-11-02,87.8,75.2,81.9,94.2,75.2,84.6,71.5,71.9,0.147,100,58.33,18.3,112.5,1013.2,40.5,6.2,238.9,20.8,8,2025-11-02T05:55:34,2025-11-02T17:40:17,0.4,"Rain, Partially cloudy",Partly cloudy throughout the day with a chance of rain throughout the day.,rain,"3EBY2,TTPP,TDW00011634"
"Rio Claro-Mayaro, Trinidad, Trinidad And Tobago",2025-11-03,89.6,75.2,81.7,94.9,75.2,85.4,72.1,73.9,0.293,100,58.33,16.1,114.7,1012.8,43.9,6.2,202.9,17.5,8,2025-11-03T05:55:48,2025-11-03T17:40:03,0.44,"Rain, Partially cloudy",Partly cloudy throughout the day with rain.,rain,"TTPP,TDW00011634"
"Rio Claro-Mayaro, Trinidad, Trinidad And Tobago",2025-11-04,82.4,77.0,80.1,92.4,77.0,84.1,75.1,85.1,0.25,100,70.83,4.7,115.8,1013.1,64.2,5.8,166.6,14.4,7,2025-11-04T05:56:03,2025-11-04T17:39:50,0.47,"Rain, Partially cloudy",Partly cloudy throughout the day with a chance of rain throughout the day.,rain,"TTPP,TDW00011634"
"Rio Claro-Mayaro, Trinidad, Trinidad And Tobago",2025-11-05,89.6,75.2,81.6,102.6,75.2,87.2,75.7,83.1,0.167,100,58.33,11.4,122.2,1013.4,48.1,6.2,211.0,18.3,8,2025-11-05T05:56:19,2025-11-05T17:39:38,0.5,"Rain, Partially cloudy",Partly cloudy throughout the day with rain.,rain,"TTPP,TDW00011634"
"Rio Claro-Mayaro, Trinidad, Trinidad And Tobago",2025-11-06,89.6,77.0,81.6,102.6,77.0,87.7,76.7,85.6,0.432,100,83.33,15.0,102.6,1012.1,59.9,6.2,207.5,18.0,7,2025-11-06T05:56:35,2025-11-06T17:39:26,0.54,"Rain, Partially cloudy",Partly cloudy throughout the day with a chance of rain throughout the day.,rain,"TTPP,TDW00011634"
"Rio Claro-Mayaro, Trinidad, Trinidad And Tobago",2025-11-07,87.8,76.5,79.1,102.4,76.5,81.7,76.1,90.7,0.69,100,100.0,12.8,111.0,1011.5,63.8,6.2,166.3,14.3,6,2025-11-07T05:56:53,2025-11-07T17:39:16,0.57,"Rain, Partially cloudy",Partly cloudy throughout the day with a chance of rain throughout the day.,rain,"TTPP,TDW00011634"
"Rio Claro-Mayaro, Trinidad, Trinidad And Tobago",2025-11-08,87.8,77.0,80.6,102.4,77.0,85.9,76.9,88.8,0.068,100,50.0,15.0,113.9,1011.6,68.1,6.7,245.7,21.3,8,2025-11-08T05:57:10,2025-11-08T17:39:07,0.61,"Rain, Partially cloudy",Partly cloudy throughout the day with a chance of rain throughout the day.,rain,"TTPP,TDW00011634"
"Rio Claro-Mayaro, Trinidad, Trinidad And Tobago",2025-11-09,87.8,77.0,81.1,100.0,77.0,85.8,76.1,85.2,0.104,100,37.5,18.3,109.8,1012.4,44.6,6.0,221.8,19.1,8,2025-11-09T05:57:29,2025-11-09T17:38:59,0.64,"Rain, Partially cloudy",Partly cloudy throughout the day with rain in the morning and afternoon.,rain,"TTPP,TDW00011634"
"Rio Claro-Mayaro, Trinidad, Trinidad And Tobago",2025-11-10,87.8,75.2,81.5,100.0,75.2,86.9,75.1,81.8,0.127,100,41.67,17.2,111.5,1012.6,41.1,6.1,204.5,17.7,7,2025-11-10T05:57:48,2025-11-10T17:38:52,0.67,"Rain, Partially cloudy",Partly cloudy throughout the day with a chance of rain throughout the day.,rain,"TTPP,TDW00011634"
"Rio Claro-Mayaro, Trinidad, Trinidad And Tobago",2025-11-11,86.0,75.2,79.0,97.2,75.2,81.8,75.5,89.4,0.175,100,70.83,17.2,100.8,1012.8,46.4,6.2,199.4,17.3,7,2025-11-11T05:58:08,2025-11-11T17:38:46,0.71,"Rain, Partially cloudy",Partly cloudy throughout the day with a chance of rain throughout the day.,rain,"3EBY2,TTPP,TDW00011634"
"Rio Claro-Mayaro, Trinidad, Trinidad And Tobago",2025-11-12,87.8,75.2,80.6,97.8,75.2,84.7,74.5,82.8,0.056,100,50.0,13.3,115.2,1012.6,29.1,6.2,246.5,21.4,9,2025-11-12T05:58:28,2025-11-12T17:38:41,0.75,"Rain, Partially cloudy",Partly cloudy throughout the day with rain.,rain,"3EBY2,TTPP,TDW00011634"
"Rio Claro-Mayaro, Trinidad, Trinidad And Tobago",2025-11-13,87.8,75.2,80.8,100.0,75.2,85.6,75.0,83.2,0.084,100,45.83,17.2,111.2,1011.8,37.4,6.2,218.5,19.2,8,2025-11-13T05:58:49,2025-11-13T17:38:37,0.78,"Rain, Partially cloudy",Partly cloudy throughout the day with a chance of rain throughout the day.,rain,"TTPP,TDW00011634"
"Rio Claro-Mayaro, Trinidad, Trinidad And Tobago",2025-11-14,87.8,73.4,80.7,100.0,73.4,85.4,74.7,82.9,0.12,100,45.83,13.9,110.2,1012.0,38.3,6.2,220.8,19.1,8,2025-11-14T05:59:11,2025-11-14T17:38:34,0.81,"Rain, Partially cloudy",Partly cloudy throughout the day with a chance of rain throughout the day.,rain,"3EBY2,TTPP,TDW00011634"
"Rio Claro-Mayaro, Trinidad, Trinidad And Tobago",2025-11-15,86.0,77.0,80.3,97.2,77.0,84.7,75.7,86.3,0.333,100,70.83,11.3,106.7,1010.7,53.2,6.0,189.6,16.5,7,2025-11-15T05:59:33,2025-11-15T17:38:33,0.84,"Rain, Partially cloudy",Partly cloudy throughout the day with a chance of rain throughout the day.,rain,"3EBY2,TTPP,TDW00011634"
"Rio Claro-Mayaro, Trinidad, Trinidad And Tobago",2025-11-16,87.8,77.0,81.6,102.4,77.0,87.3,76.7,85.6,0.395,100,70.83,10.3,129.2,1011.1,52.1,6.3,179.9,15.5,6,2025-11-16T05:59:56,2025-11-16T17:38:32,0.88,"Rain, Partially cloudy",Partly cloudy throughout the day with a chance of rain throughout the day.,rain,"3EBY2,TTPP,TDW00011634"
"Rio Claro-Mayaro, Trinidad, Trinidad And Tobago",2025-11-17,89.6,75.2,81.7,102.6,75.2,88.0,76.7,85.3,0.067,100,33.33,13.9,116.1,1012.9,54.5,6.5,210.3,18.4,7,2025-11-17T06:00:20,2025-11-17T17:38:33,0.91,"Rain, Partially cloudy",Partly cloudy throughout the day with rain in the morning and afternoon.,rain,"TTPP,TDW00011634"
"Rio Claro-Mayaro, Trinidad, Trinidad And Tobago",2025-11-18,87.8,75.2,80.5,102.4,75.2,85.3,76.1,87.1,0.308,100,62.5,13.9,109.1,1013.2,56.2,6.4,175.4,15.2,7,2025-11-18T06:00:44,2025-11-18T17:38:34,0.95,"Rain, Partially cloudy",Partly cloudy throughout the day with rain.,rain,"TTPP,TDW00011634"
"Rio Claro-Mayaro, Trinidad, Trinidad And Tobago",2025-11-19,84.2,75.2,77.8,96.1,75.2,80.1,75.2,92.1,0.583,100,83.33,13.9,102.3,1012.0,56.8,5.7,193.7,16.6,7,2025-11-19T06:01:09,2025-11-19T17:38:37,0.98,"Rain, Partially cloudy",Partly cloudy throughout the day with a chance of rain throughout the day.,rain,"TTPP,TDW00011634"
"Rio Claro-Mayaro, Trinidad, Trinidad And Tobago",2025-11-20,78.8,73.4,76.3,78.8,73.4,76.3,74.1,92.9,0.774,100,70.83,13.9,100.8,1011.6,62.0,5.6,111.5,9.4,5,2025-11-20T06:01:34,2025-11-20T17:38:40,0.0,"Rain, Partially cloudy",Partly cloudy throughout the day with a chance of rain throughout the day.,rain,"3EBY2,TTPP,TDW00011634"
"Rio Claro-Mayaro, Trinidad, Trinidad And Tobago",2025-11-21,86.0,73.4,79.5,97.2,73.4,83.7,75.1,86.8,0.571,100,54.17,16.1,109.5,1011.3,55.6,6.2,159.0,13.9,6,2025-11-21T06:02:00,2025-11-21T17:38:45,0.05,"Rain, Partially cloudy",Partly cloudy throughout the day with a chance of rain throughout the day.,rain,"TTPP,TDW00011634"
"Rio Claro-Mayaro, Trinidad, Trinidad And Tobago",2025-11-22,87.8,75.2,80.7,97.8,75.2,85.2,75.7,85.3,0.147,100,62.5,15.0,111.2,1011.1,52.2,6.1,199.0,17.2,7,2025-11-22T06:02:27,2025-11-22T17:38:51,0.08,"Rain, Partially cloudy",Partly cloudy throughout the day with a chance of rain throughout the day.,rain,"TTPP,TDW00011634"
"Rio Claro-Mayaro, Trinidad, Trinidad And Tobago",2025-11-23,87.8,77.0,80.1,102.4,77.0,84.0,76.3,88.6,0.773,100,83.33,15.0,108.6,1010.6,52.1,6.2,167.4,14.4,6,2025-11-23T06:02:54,2025-11-23T17:38:58,0.12,"Rain, Partially cloudy",Partly cloudy throughout the day with a chance of rain throughout the day.,rain,"TTPP,TDW00011634"
"Rio Claro-Mayaro, Trinidad, Trinidad And Tobago",2025-11-24,86.0,75.2,78.6,97.2,75.2,80.9,75.3,90.0,0.482,100,95.83,13.9,107.9,1011.0,57.6,6.2,162.2,14.0,7,2025-11-24T06:03:21,2025-11-24T17:39:06,0.15,"Rain, Partially cloudy",Partly cloudy throughout the day with a chance of rain throughout the day.,rain,"TTPP,TDW00011634"
"Rio Claro-Mayaro, Trinidad, Trinidad And Tobago",2025-11-25,80.6,75.0,76.4,87.1,75.0,76.7,73.8,91.9,0.586,100,100.0,13.9,105.8,1012.8,65.2,5.5,136.2,11.7,5,2025-11-25T06:03:49,2025-11-25T17:39:15,0.18,"Rain, Partially cloudy",Partly cloudy throughout the day with a chance of rain throughout the day.,rain,"3EBY2,TTPP,TDW00011634"
"Rio Claro-Mayaro, Trinidad, Trinidad And Tobago",2025-11-26,86.0,75.2,80.0,97.2,75.2,84.1,75.2,85.6,0.136,100,41.67,17.2,99.1,1012.1,55.1,6.2,123.5,10.7,5,2025-11-26T06:04:17,2025-11-26T17:39:25,0.22,"Rain, Partially cloudy",Partly cloudy throughout the day with a chance of rain throughout the day.,rain,"TTPP,TDW00011634"
"Rio Claro-Mayaro, Trinidad, Trinidad And Tobago",2025-11-27,87.8,75.2,80.5,100.0,75.2,85.0,74.6,83.0,0.044,100,25.0,17.2,109.6,1011.2,32.5,6.1,213.6,18.6,8,2025-11-27T06:04:46,2025-11-27T17:39:36,0.25,"Rain, Partially cloudy",Partly cloudy throughout the day with rain.,rain,"TTPP,TDW00011634"
"Rio Claro-Mayaro, Trinidad, Trinidad And Tobago",2025-11-28,87.8,77.0,80.8,100.0,77.0,85.6,75.5,84.2,0.434,100,66.67,19.7,95.5,1011.3,57.9,6.0,180.5,15.6,7,2025-11-28T06:05:15,2025-11-28T17:39:48,0.25,"Rain, Partially cloudy",Partly cloudy throughout the day with a chance of rain throughout the day.,rain,"TTPP,TDW00011634"
"Rio Claro-Mayaro, Trinidad, Trinidad And Tobago",2025-11-29,86.0,77.0,81.0,97.2,77.0,85.3,75.2,83.1,0.056,100,29.17,15.0,105.8,1011.0,43.0,6.1,212.1,18.2,8,2025-11-29T06:05:45,2025-11-29T17:40:01,0.32,"Rain, Partially cloudy",Partly cloudy throughout the day with rain in the morning and afternoon.,rain,"TTPP,TDW00011634"
"Rio Claro-Mayaro, Trinidad, Trinidad And Tobago",2025-11-30,87.8,73.4,80.3,100.0,73.4,85.1,74.8,84.0,0.048,100,41.67,14.5,107.8,1010.2,48.2,6.2,189.6,16.5,7,2025-11-30T06:06:15,2025-11-30T17:40:15,0.35,"Rain, Partially cloudy",Partly cloudy throughout the day with rain.,rain,"3EBY2,TTPP,TDW00011634"
"Rio Claro-Mayaro, Trinidad, Trinidad And Tobago",2025-12-01,86.0,75.2,80.3,97.2,75.2,84.5,74.7,83.5,0.132,100,62.5,13.9,99.3,1010.5,57.8,6.2,176.1,15.2,6,2025-12-01T06:06:45,2025-12-01T17:40:30,0.39,"Rain, Partially cloudy",Partly cloudy throughout the day with a chance of rain throughout the day.,rain,"3EBY2,TTPP,TDW00011634"
"Rio Claro-Mayaro, Trinidad, Trinidad And Tobago",2025-12-02,84.2,75.2,78.7,94.2,75.2,81.4,74.8,88.0,0.68,100,91.67,11.4,101.5,1010.3,64.4,6.2,164.4,14.2,6,2025-12-02T06:07:15,2025-12-02T17:40:46,0.42,"Rain, Partially cloudy",Partly cloudy throughout the day with a chance of rain throughout the day.,rain,"TTPP,TDW00011634"
"Rio Claro-Mayaro, Trinidad, Trinidad And Tobago",2025-12-03,78.8,72.5,76.6,78.8,72.5,76.6,73.0,88.7,1.343,100,100.0,16.1,102.4,1011.2,73.5,5.5,154.6,13.4,6,2025-12-03T06:07:46,2025-12-03T17:41:03,0.46,"Rain, Partially cloudy",Partly cloudy throughout the day with a chance of rain throughout the day.,rain,"3EBY2,TTPP,TDW00011634"
"Rio Claro-Mayaro, Trinidad, Trinidad And Tobago",2025-12-04,82.4,75.2,77.9,89.5,75.2,79.1,73.7,87.0,0.705,100,100.0,11.4,107.7,1011.6,70.6,5.5,95.2,8.4,4,2025-12-04T06:08:17,2025-12-04T17:41:21,0.5,"Rain, Partially cloudy",Partly cloudy throughout the day with a chance of rain throughout the day.,rain,"3EBY2,TTPP,TDW00011634"
"Rio Claro-Mayaro, Trinidad, Trinidad And Tobago",2025-12-05,86.0,75.2,79.9,91.9,75.2,82.0,71.6,77.0,0.42,100,66.67,60.5,99.8,1011.6,52.3,6.1,164.2,14.1,6,2025-12-05T06:08:48,2025-12-05T17:41:40,0.52,"Rain, Partially cloudy",Partly cloudy throughout the day with a chance of rain throughout the day.,rain,"TTPP,TDW00011634"
"Rio Claro-Mayaro, Trinidad, Trinidad And Tobago",2025-12-06,86.0,73.3,78.7,90.6,73.3,80.6,71.4,79.0,0.21,100,54.17,15.0,103.5,1012.4,59.5,5.8,184.1,16.0,7,2025-12-06T06:09:20,2025-12-06T17:41:59,0.56,"Rain, Partially cloudy",Becoming cloudy in the afternoon with rain.,rain,"3EBY2,TTPP,TDW00011634"
"Rio Claro-Mayaro, Trinidad, Trinidad And Tobago",2025-12-07,82.4,75.2,78.6,89.5,75.2,80.0,73.5,84.6,0.874,100,100.0,18.3,107.9,1012.7,69.0,5.5,127.3,11.0,5,2025-12-07T06:09:51,2025-12-07T17:42:20,0.59,"Rain, Partially cloudy",Partly cloudy throughout the day with a chance of rain throughout the day.,rain,"3EBY2,TTPP,TDW00011634"
"Rio Claro-Mayaro, Trinidad, Trinidad And Tobago",2025-12-08,86.0,75.2,79.1,93.5,75.2,81.5,72.4,80.5,0.068,100,50.0,13.9,112.5,1012.7,62.6,6.2,216.9,18.6,8,2025-12-08T06:10:23,2025-12-08T17:42:41,0.62,"Rain, Partially cloudy",Partly cloudy throughout the day with a chance of rain throughout the day.,rain,"3EBY2,TTPP,TDW00011634"
"Rio Claro-Mayaro, Trinidad, Trinidad And Tobago",2025-12-09,84.2,75.2,79.3,86.5,75.2,80.3,69.4,73.1,0.068,100,45.83,15.0,114.9,1012.6,32.9,6.3,235.1,20.3,9,2025-12-09T06:10:55,2025-12-09T17:43:03,0.66,"Rain, Partially cloudy",Partly cloudy throughout the day with rain.,rain,"3EBY2,TTPP,TDW00011634"
"Rio Claro-Mayaro, Trinidad, Trinidad And Tobago",2025-12-10,84.2,75.2,79.8,89.6,75.2,81.7,71.1,75.7,0.036,100,16.67,19.7,107.9,1012.6,31.4,6.3,224.2,19.4,8,2025-12-10T06:11:26,2025-12-10T17:43:26,0.69,"Rain, Partially cloudy",Partly cloudy throughout the day with early morning rain.,rain,"3EBY2,TTPP,TDW00011634"
"Rio Claro-Mayaro, Trinidad, Trinidad And Tobago",2025-12-11,86.0,73.4,79.1,91.9,73.4,81.3,70.6,75.9,0.028,100,20.83,16.1,106.7,1012.9,30.8,6.3,219.5,18.8,8,2025-12-11T06:11:58,2025-12-11T17:43:50,0.75,"Rain, Partially cloudy",Partly cloudy throughout the day with rain in the morning and afternoon.,rain,"3EBY2,TTPP,TDW00011634"
"Rio Claro-Mayaro, Trinidad, Trinidad And Tobago",2025-12-12,86.0,75.2,79.6,91.0,75.2,81.6,71.6,77.5,0.056,100,37.5,19.8,106.0,1011.9,46.8,5.9,224.2,19.4,8,2025-12-12T06:12:30,2025-12-12T17:44:14,0.75,"Rain, Partially cloudy",Partly cloudy throughout the day with a chance of rain throughout the day.,rain,"3EBY2,TTPP,TDW00011634"
"Rio Claro-Mayaro, Trinidad, Trinidad And Tobago",2025-12-13,84.2,75.2,78.6,89.6,75.2,80.1,71.6,79.3,0.088,100,50.0,13.9,116.2,1011.9,47.7,6.2,185.3,15.9,7,2025-12-13T06:13:02,2025-12-13T17:44:39,0.79,"Rain, Partially cloudy",Partly cloudy throughout the day with a chance of rain throughout the day.,rain,"TTPP,TDW00011634"
"Rio Claro-Mayaro, Trinidad, Trinidad And Tobago",2025-12-14,84.2,75.2,79.9,91.0,75.2,82.0,71.4,75.8,0.104,100,45.83,17.2,117.2,1012.3,46.3,6.2,205.8,17.7,7,2025-12-14T06:13:33,2025-12-14T17:45:05,0.82,"Rain, Partially cloudy",Partly cloudy throughout the day with a chance of rain throughout the day.,rain,"TTPP,TDW00011634"
"Rio Claro-Mayaro, Trinidad, Trinidad And Tobago",2025-12-15,86.0,73.4,79.9,90.6,73.4,81.8,70.9,75.2,0.072,100,37.5,13.9,110.7,1012.3,47.6,6.2,223.7,19.2,8,2025-12-15T06:14:05,2025-12-15T17:45:32,0.85,"Rain, Partially cloudy",Partly cloudy throughout the day with a chance of rain throughout the day.,rain,"TTPP,TDW00011634"
"Rio Claro-Mayaro, Trinidad, Trinidad And Tobago",2025-12-16,86.0,75.2,79.6,91.9,75.2,81.9,71.9,78.0,0.056,100,50.0,12.8,110.1,1012.0,59.7,6.3,217.9,18.9,8,2025-12-16T06:14:36,2025-12-16T17:45:59,0.89,"Rain, Partially cloudy",Partly cloudy throughout the day with rain.,rain,"3EBY2,TTPP,TDW00011634"
"Rio Claro-Mayaro, Trinidad, Trinidad And Tobago",2025-12-17,82.4,73.1,77.9,88.3,73.1,79.3,72.2,83.1,0.087,100,50.0,16.1,104.6,1011.9,66.7,5.8,182.2,15.7,6,2025-12-17T06:15:07,2025-12-17T17:46:26,0.92,"Rain, Partially cloudy",Partly cloudy throughout the day with a chance of rain throughout the day.,rain,"3EBY2,TTPP,TDW00011634"
"Rio Claro-Mayaro, Trinidad, Trinidad And Tobago",2025-12-18,84.2,73.4,78.1,89.6,73.4,79.7,69.9,76.8,0.036,100,20.83,17.2,106.3,1011.8,50.9,6.2,218.1,18.8,8,2025-12-18T06:15:38,2025-12-18T17:46:54,0.95,"Rain, Partially cloudy",Partly cloudy throughout the day with rain clearing later.,rain,"3EBY2,TTPP,TDW00011634"
"Rio Claro-Mayaro, Trinidad, Trinidad And Tobago",2025-12-19,84.2,71.6,76.8,89.6,71.6,77.8,69.5,78.7,0.08,100,58.33,17.2,95.7,1013.0,59.2,7.3,185.5,16.0,7,2025-12-19T06:16:09,2025-12-19T17:47:23,0.0,"Rain, Partially cloudy",Partly cloudy throughout the day with rain.,rain,"3EBY2,TTPP,TDW00011634,remote"
"Rio Claro-Mayaro, Trinidad, Trinidad And Tobago",2025-12-20,84.2,73.4,78.6,89.6,73.4,80.4,70.7,77.5,0.104,100,75.0,17.4,106.2,1012.7,47.9,6.3,188.4,16.2,7,2025-12-20T06:16:39,2025-12-20T17:47:52,0.02,"Rain, Partially cloudy",Partly cloudy throughout the day with a chance of rain throughout the day.,rain,"3EBY2,TTPP,TDW00011634"
"Rio Claro-Mayaro, Trinidad, Trinidad And Tobago",2025-12-21,86.0,73.4,79.3,90.6,73.4,81.1,70.0,74.5,0.052,100,37.5,15.0,99.5,1012.6,30.8,6.2,196.4,17.1,7,2025-12-21T06:17:09,2025-12-21T17:48:22,0.06,"Rain, Partially cloudy",Partly cloudy throughout the day with a chance of rain throughout the day.,rain,"TTPP,TDW00011634"
"Rio Claro-Mayaro, Trinidad, Trinidad And Tobago",2025-12-22,86.0,75.2,79.5,89.4,75.2,80.8,68.8,70.6,0.016,100,12.5,19.7,98.1,1012.1,38.7,7.0,224.5,19.4,7,2025-12-22T06:17:39,2025-12-22T17:48:52,0.09,"Rain, Partially cloudy",Partly cloudy throughout the day with early morning rain.,rain,"3EBY2,TTPP,TDW00011634,remote"
"Rio Claro-Mayaro, Trinidad, Trinidad And Tobago",2025-12-23,86.0,71.6,78.1,90.6,71.6,79.3,68.5,73.6,0.112,100,54.17,17.2,113.1,1011.4,50.6,6.2,193.8,17.0,7,2025-12-23T06:18:08,2025-12-23T17:49:23,0.13,"Rain, Partially cloudy",Partly cloudy throughout the day with rain.,rain,"TTPP,TDW00011634"
"Rio Claro-Mayaro, Trinidad, Trinidad And Tobago",2025-12-24,86.0,73.0,78.6,89.4,73.0,80.0,69.4,74.8,0.068,100,41.67,11.4,104.2,1011.7,33.6,6.1,206.7,17.9,7,2025-12-24T06:18:37,2025-12-24T17:49:53,0.16,"Rain, Partially cloudy",Partly cloudy throughout the day with a chance of rain throughout the day.,rain,"TTPP,TDW00011634"
"Rio Claro-Mayaro, Trinidad, Trinidad And Tobago",2025-12-25,87.8,69.8,78.6,111.4,69.8,80.8,69.0,74.1,0.08,100,41.67,11.4,75.3,1011.6,41.4,6.2,198.1,17.2,7,2025-12-25T06:19:05,2025-12-25T17:50:24,0.19,"Rain, Partially cloudy",Partly cloudy throughout the day with rain.,rain,"TTPP,TDW00011634"
"Rio Claro-Mayaro, Trinidad, Trinidad And Tobago",2025-12-26,86.0,71.6,78.2,89.4,71.6,79.6,68.6,73.5,0.052,100,33.33,15.0,111.0,1012.7,47.9,6.2,210.3,18.4,7,2025-12-26T06:19:33,2025-12-26T17:50:56,0.23,"Rain, Partially cloudy",Partly cloudy throughout the day with a chance of rain throughout the day.,rain,"TTPP,TDW00011634"
"Rio Claro-Mayaro, Trinidad, Trinidad And Tobago",2025-12-27,86.0,73.4,78.9,93.5,73.4,80.6,70.9,77.3,0.627,100,70.83,17.2,112.4,1012.8,66.4,6.1,140.5,12.1,6,2025-12-27T06:20:00,2025-12-27T17:51:28,0.25,"Rain, Partially cloudy",Partly cloudy throughout the day with rain.,rain,"TTPP,TDW00011634"
"Rio Claro-Mayaro, Trinidad, Trinidad And Tobago",2025-12-28,86.0,73.4,78.3,95.2,73.4,80.6,73.6,85.7,0.943,100,100.0,13.9,105.4,1012.9,67.0,6.4,143.6,12.6,6,2025-12-28T06:20:27,2025-12-28T17:52:00,0.3,"Rain, Partially cloudy",Partly cloudy throughout the day with a chance of rain throughout the day.,rain,"TTPP,TDW00011634"
"Rio Claro-Mayaro, Trinidad, Trinidad And Tobago",2025-12-29,87.8,75.2,79.6,97.8,75.2,82.7,73.8,83.0,0.665,100,79.17,16.1,104.1,1012.9,53.8,6.2,128.0,11.0,7,2025-12-29T06:20:53,2025-12-29T17:52:32,0.33,"Rain, Partially cloudy",Partly cloudy throughout the day with a chance of rain throughout the day.,rain,"TTPP,TDW00011634"
"Rio Claro-Mayaro, Trinidad, Trinidad And Tobago",2025-12-30,86.0,75.2,79.7,91.9,75.2,82.5,73.2,81.1,0.108,100,50.0,18.3,115.7,1013.3,53.4,6.2,182.6,15.8,7,2025-12-30T06:21:19,2025-12-30T17:53:04,0.37,"Rain, Partially cloudy",Partly cloudy throughout the day with a chance of rain throughout the day.,rain,"TTPP,TDW00011634"
"Rio Claro-Mayaro, Trinidad, Trinidad And Tobago",2025-12-31,86.0,75.2,79.5,90.6,75.2,81.3,71.3,76.8,0.044,100,20.83,13.9,110.9,1014.5,37.0,6.2,200.2,17.4,8,2025-12-31T06:21:44,2025-12-31T17:53:36,0.4,"Rain, Partially cloudy",Partly cloudy throughout the day with rain in the morning and afternoon.,rain,"TTPP,TDW00011634"
"Rio Claro-Mayaro, Trinidad, Trinidad And Tobago",2026-01-01,86.0,73.4,79.0,90.6,73.4,80.9,70.7,76.8,0.028,100,25.0,13.9,108.9,1013.8,33.1,6.2,209.5,18.1,8,2026-01-01T06:22:08,2026-01-01T17:54:09,0.44,"Rain, Partially cloudy",Partly cloudy throughout the day with afternoon rain.,rain,"TTPP,TDW00011634"
"Rio Claro-Mayaro, Trinidad, Trinidad And Tobago",2026-01-02,86.0,73.4,79.1,91.0,73.4,81.2,71.2,77.4,0.008,100,8.33,16.1,104.1,1012.6,41.4,6.6,232.6,20.1,8,2026-01-02T06:22:32,2026-01-02T17:54:41,0.47,"Rain, Partially cloudy",Partly cloudy throughout the day with rain in the morning and afternoon.,rain,"TTPP,TDW00011634,remote"
"Rio Claro-Mayaro, Trinidad, Trinidad And Tobago",2026-01-03,86.0,75.2,79.8,91.9,75.2,81.7,70.8,75.2,0.04,100,29.17,13.9,104.2,1012.9,48.7,6.2,208.5,18.1,7,2026-01-03T06:22:55,2026-01-03T17:55:14,0.5,"Rain, Partially cloudy",Partly cloudy throughout the day with a chance of rain throughout the day.,rain,"TTPP,TDW00011634"
"Rio Claro-Mayaro, Trinidad, Trinidad And Tobago",2026-01-04,84.2,75.2,79.0,88.5,75.2,80.7,70.5,76.0,0.064,100,50.0,15.0,108.0,1013.0,39.7,6.2,198.7,17.4,7,2026-01-04T06:23:17,2026-01-04T17:55:46,0.54,"Rain, Partially cloudy",Partly cloudy throughout the day with a chance of rain throughout the day.,rain,"TTPP,TDW00011634"
"Rio Claro-Mayaro, Trinidad, Trinidad And Tobago",2026-01-05,87.8,71.6,78.8,95.9,71.6,80.6,69.9,75.2,0.052,100,25.0,12.8,113.2,1012.3,41.0,6.2,208.5,18.0,7,2026-01-05T06:23:38,2026-01-05T17:56:19,0.57,"Rain, Partially cloudy",Partly cloudy throughout the day with rain in the morning and afternoon.,rain,"TTPP,TDW00011634"
"Rio Claro-Mayaro, Trinidad, Trinidad And Tobago",2026-01-06,87.8,71.6,79.1,95.4,71.6,81.2,70.5,76.0,0.072,100,29.17,12.8,108.0,1012.2,56.4,6.4,205.2,17.7,7,2026-01-06T06:23:58,2026-01-06T17:56:51,0.61,"Rain, Partially cloudy",Partly cloudy throughout the day with rain in the morning and afternoon.,rain,"TTPP,TDW00011634"
"Rio Claro-Mayaro, Trinidad, Trinidad And Tobago",2026-01-07,86.0,71.6,79.0,91.9,71.6,81.0,70.5,76.2,0.032,100,25.0,13.9,99.7,1013.3,56.6,6.2,208.0,18.1,8,2026-01-07T06:24:18,2026-01-07T17:57:24,0.64,"Rain, Partially cloudy",Partly cloudy throughout the day with rain in the morning and afternoon.,rain,"TTPP,TDW00011634"
"Rio Claro-Mayaro, Trinidad, Trinidad And Tobago",2026-01-08,86.0,73.4,79.8,90.6,73.4,81.7,70.4,74.1,0.02,100,20.83,13.9,108.8,1013.3,33.2,6.2,217.5,18.9,8,2026-01-08T06:24:37,2026-01-08T17:57:56,0.67,"Rain, Partially cloudy",Partly cloudy throughout the day with rain.,rain,"TTPP,TDW00011634"
"Rio Claro-Mayaro, Trinidad, Trinidad And Tobago",2026-01-09,80.6,73.4,77.0,86.2,73.4,77.8,71.6,83.8,0.793,100,95.83,13.9,97.0,1013.2,61.5,6.2,170.2,14.9,7,2026-01-09T06:24:55,2026-01-09T17:58:28,0.7,"Rain, Partially cloudy",Partly cloudy throughout the day with a chance of rain throughout the day.,rain,"TTPP,TDW00011634"
"Rio Claro-Mayaro, Trinidad, Trinidad And Tobago",2026-01-10,78.8,73.4,75.4,78.8,73.4,75.4,70.9,86.3,0.648,100,83.33,12.8,112.9,1012.8,66.1,6.1,144.3,12.4,6,2026-01-10T06:25:12,2026-01-10T17:58:59,0.75,"Rain, Partially cloudy",Partly cloudy throughout the day with a chance of rain throughout the day.,rain,"TTPP,TDW00011634"
"Rio Claro-Mayaro, Trinidad, Trinidad And Tobago",2026-01-11,86.0,71.6,78.2,90.6,71.6,79.7,70.5,78.4,0.116,100,62.5,15.0,99.3,1012.5,59.7,6.2,214.0,18.6,8,2026-01-11T06:25:28,2026-01-11T17:59:31,0.77,"Rain, Partially cloudy",Partly cloudy throughout the day with a chance of rain throughout the day.,rain,"TTPP,TDW00011634"
"Rio Claro-Mayaro, Trinidad, Trinidad And Tobago",2026-01-12,86.0,73.4,77.7,90.6,73.4,79.2,70.6,79.9,0.254,100,75.0,13.9,107.8,1013.3,65.8,6.4,167.6,14.5,7,2026-01-12T06:25:43,2026-01-12T18:00:02,0.8,"Rain, Partially cloudy",Partly cloudy throughout the day with a chance of rain throughout the day.,rain,"TTPP,TDW00011634"
"Rio Claro-Mayaro, Trinidad, Trinidad And Tobago",2026-01-13,84.2,73.4,77.9,89.6,73.4,79.2,70.9,79.7,0.261,100,70.83,11.4,105.6,1013.0,62.2,6.2,144.3,12.5,7,2026-01-13T06:25:58,2026-01-13T18:00:33,0.83,"Rain, Partially cloudy",Partly cloudy throughout the day with a chance of rain throughout the day.,rain,"TTPP,TDW00011634"
"Rio Claro-Mayaro, Trinidad, Trinidad And Tobago",2026-01-14,86.0,73.4,78.7,91.9,73.4,81.0,72.2,81.1,0.231,100,91.67,19.7,109.9,1012.4,60.5,6.1,177.2,15.2,7,2026-01-14T06:26:11,2026-01-14T18:01:04,0.86,"Rain, Partially cloudy",Partly cloudy throughout the day with a chance of rain throughout the day.,rain,"TTPP,TDW00011634"
"Rio Claro-Mayaro, Trinidad, Trinidad And Tobago",2026-01-15,84.2,77.0,79.3,92.5,77.0,81.2,73.7,83.5,0.417,100,87.5,13.9,110.3,1012.3,65.3,6.2,157.8,13.7,6,2026-01-15T06:26:24,2026-01-15T18:01:34,0.9,"Rain, Partially cloudy",Partly cloudy throughout the day with a chance of rain throughout the day.,rain,"TTPP,TDW00011634"
"Rio Claro-Mayaro, Trinidad, Trinidad And Tobago",2026-01-16,86.0,75.2,78.8,93.5,75.2,80.8,72.8,82.3,0.16,100,70.83,20.8,93.9,1012.8,57.1,5.7,199.1,17.0,8,2026-01-16T06:26:35,2026-01-16T18:02:04,0.93,"Rain, Partially cloudy",Partly cloudy throughout the day with a chance of rain throughout the day.,rain,"TTPP,TDW00011634"
"Rio Claro-Mayaro, Trinidad, Trinidad And Tobago",2026-01-17,84.2,75.2,79.9,87.4,75.2,81.3,69.2,70.7,0.096,100,62.5,17.2,100.7,1012.8,35.2,6.2,224.4,19.4,8,2026-01-17T06:26:45,2026-01-17T18:02:34,0.96,"Rain, Partially cloudy",Partly cloudy throughout the day with a chance of rain throughout the day.,rain,"TTPP,TDW00011634"
"Rio Claro-Mayaro, Trinidad, Trinidad And Tobago",2026-01-18,86.0,71.6,78.5,89.4,71.6,79.9,69.0,73.8,0.012,100,12.5,13.9,108.2,1012.2,29.2,6.2,239.4,20.6,9,2026-01-18T06:26:55,2026-01-18T18:03:03,0.0,"Rain, Partially cloudy",Partly cloudy throughout the day with rain.,rain,"TTPP,TDW00011634"
"Rio Claro-Mayaro, Trinidad, Trinidad And Tobago",2026-01-19,86.0,73.4,79.9,90.6,73.4,81.4,69.4,71.6,0.02,100,20.83,15.0,107.5,1012.1,30.9,6.2,234.4,20.3,8,2026-01-19T06:27:03,2026-01-19T18:03:32,0.03,"Rain, Partially cloudy",Partly cloudy throughout the day with afternoon rain.,rain,"TTPP,TDW00011634"
"Rio Claro-Mayaro, Trinidad, Trinidad And Tobago",2026-01-20,86.0,75.2,80.3,91.9,75.2,82.5,70.8,73.8,0.072,100,41.67,16.1,102.9,1012.0,34.8,6.2,220.2,19.2,8,2026-01-20T06:27:11,2026-01-20T18:04:00,0.07,"Rain, Partially cloudy",Partly cloudy throughout the day with a chance of rain throughout the day.,rain,"TTPP,TDW00011634"
"Rio Claro-Mayaro, Trinidad, Trinidad And Tobago",2026-01-21,86.0,73.4,78.8,90.6,73.4,80.5,70.2,75.9,0.144,100,70.83,13.9,104.6,1011.5,39.6,6.2,221.5,19.2,8,2026-01-21T06:27:17,2026-01-21T18:04:28,0.1,"Rain, Partially cloudy",Partly cloudy throughout the day with a chance of rain throughout the day.,rain,"TTPP,TDW00011634"
"Rio Claro-Mayaro, Trinidad, Trinidad And Tobago",2026-01-22,86.0,73.4,78.6,91.9,73.4,80.8,71.9,80.6,0.167,100,58.33,13.9,99.2,1011.5,51.0,6.6,170.3,14.7,6,2026-01-22T06:27:22,2026-01-22T18:04:55,0.14,"Rain, Partially cloudy",Partly cloudy throughout the day with a chance of rain throughout the day.,rain,"TTPP,TDW00011634,remote"
"Rio Claro-Mayaro, Trinidad, Trinidad And Tobago",2026-01-23,86.0,75.2,79.3,91.9,75.2,81.5,72.1,79.2,0.132,100,62.5,12.8,106.2,1012.3,50.4,6.4,178.9,15.4,7,2026-01-23T06:27:27,2026-01-23T18:05:22,0.17,"Rain, Partially cloudy",Partly cloudy throughout the day with a chance of rain throughout the day.,rain,"TTPP,TDW00011634"
"Rio Claro-Mayaro, Trinidad, Trinidad And Tobago",2026-01-24,86.0,75.2,79.9,108.0,75.2,82.9,72.7,79.5,0.131,100,58.33,16.1,107.3,1012.7,52.1,6.2,205.4,17.7,8,2026-01-24T06:27:30,2026-01-24T18:05:48,0.21,"Rain, Partially cloudy",Partly cloudy throughout the day with a chance of rain throughout the day.,rain,"TTPP,TDW00011634"
"Rio Claro-Mayaro, Trinidad, Trinidad And Tobago",2026-01-25,84.2,73.4,78.3,89.6,73.4,79.8,71.8,81.0,0.16,100,79.17,17.2,98.6,1014.1,47.6,6.0,213.3,18.3,8,2026-01-25T06:27:32,2026-01-25T18:06:14,0.24,"Rain, Partially cloudy",Partly cloudy throughout the day with a chance of rain throughout the day.,rain,"3EBY2,TTPP,TDW00011634"
"Rio Claro-Mayaro, Trinidad, Trinidad And Tobago",2026-01-26,84.2,75.2,78.8,88.5,75.2,80.5,70.8,77.2,0.108,100,45.83,20.8,95.9,1014.6,46.4,6.2,229.1,19.9,8,2026-01-26T06:27:33,2026-01-26T18:06:39,0.25,"Rain, Partially cloudy",Partly cloudy throughout the day with a chance of rain throughout the day.,rain,"3EBY2,TTPP,TDW00011634"
"Rio Claro-Mayaro, Trinidad, Trinidad And Tobago",2026-01-27,86.0,73.4,79.3,88.4,73.4,80.4,68.4,70.4,0.04,100,29.17,18.3,104.5,1015.0,25.0,6.2,230.6,19.9,8,2026-01-27T06:27:34,2026-01-27T18:07:03,0.31,"Rain, Partially cloudy",Partly cloudy throughout the day with a chance of rain throughout the day.,rain,"3EBY2,TTPP,TDW00011634"
"Rio Claro-Mayaro, Trinidad, Trinidad And Tobago",2026-01-28,86.0,75.2,79.3,88.4,75.2,80.2,67.4,68.0,0.0,0,0.0,15.0,106.9,1014.2,25.0,6.3,239.0,20.9,9,2026-01-28T06:27:33,2026-01-28T18:07:27,0.35,Partially cloudy,Partly cloudy throughout the day.,partly-cloudy-day,"3EBY2,TTPP,TDW00011634"
"Rio Claro-Mayaro, Trinidad, Trinidad And Tobago",2026-01-29,87.8,75.2,78.7,93.5,75.2,80.2,72.0,80.6,0.305,100,83.33,13.9,116.4,1013.9,58.6,6.0,209.8,18.2,8,2026-01-29T06:27:31,2026-01-29T18:07:51,0.38,"Rain, Partially cloudy",Partly cloudy throughout the day with a chance of rain throughout the day.,rain,"3EBY2,TTPP,TDW00011634"
"Rio Claro-Mayaro, Trinidad, Trinidad And Tobago",2026-01-30,84.2,73.6,79.0,91.0,73.6,81.4,73.1,82.8,0.229,100,62.5,16.1,107.5,1013.7,63.3,6.1,191.2,16.4,7,2026-01-30T06:27:28,2026-01-30T18:08:14,0.42,"Rain, Partially cloudy",Partly cloudy throughout the day with a chance of rain throughout the day.,rain,"3EBY2,TTPP,TDW00011634"
"Rio Claro-Mayaro, Trinidad, Trinidad And Tobago",2026-01-31,86.0,76.5,80.1,93.5,76.5,82.6,72.9,79.3,0.02,100,12.5,16.1,118.7,1013.4,48.5,5.8,212.3,18.3,8,2026-01-31T06:27:24,2026-01-31T18:08:36,0.46,"Rain, Partially cloudy",Partly cloudy throughout the day with rain clearing later.,rain,"3EBY2,TTPP,TDW00011634"
"Rio Claro-Mayaro, Trinidad, Trinidad And Tobago",2026-02-01,86.0,76.7,79.8,91.9,76.7,82.0,71.8,77.1,0.044,100,33.33,17.2,100.6,1013.8,46.8,5.3,232.8,20.0,8,2026-02-01T06:27:19,2026-02-01T18:08:57,0.5,"Rain, Partially cloudy",Partly cloudy throughout the day with rain in the morning and afternoon.,rain,"3EBY2,TTPP,TDW00011634"
"Rio Claro-Mayaro, Trinidad, Trinidad And Tobago",2026-02-02,87.8,73.3,79.0,92.7,73.3,80.9,70.6,76.6,0.032,100,29.17,15.0,101.3,1015.1,43.6,6.2,233.3,20.2,8,2026-02-02T06:27:13,2026-02-02T18:09:18,0.52,"Rain, Partially cloudy",Partly cloudy throughout the day with rain in the morning and afternoon.,rain,"3EBY2,TTPP,TDW00011634"
"Rio Claro-Mayaro, Trinidad, Trinidad And Tobago",2026-02-03,84.2,75.2,79.3,89.6,75.2,81.2,71.4,77.5,0.092,100,45.83,16.1,104.9,1015.1,51.1,6.2,237.3,20.5,8,2026-02-03T06:27:06,2026-02-03T18:09:39,0.56,"Rain, Partially cloudy",Partly cloudy throughout the day with a chance of rain throughout the day.,rain,"TTPP,TDW00011634"
"Rio Claro-Mayaro, Trinidad, Trinidad And Tobago",2026-02-04,86.0,73.4,78.9,89.4,73.4,80.3,69.8,74.9,0.032,100,20.83,17.2,105.4,1015.3,34.9,6.3,223.5,19.4,7,2026-02-04T06:26:58,2026-02-04T18:09:58,0.59,"Rain, Partially cloudy",Partly cloudy throughout the day with rain in the morning and afternoon.,rain,"3EBY2,TTPP,TDW00011634"
"Rio Claro-Mayaro, Trinidad, Trinidad And Tobago",2026-02-05,86.0,71.6,78.4,89.4,71.6,79.6,68.7,73.5,0.004,100,4.17,15.0,100.1,1014.3,40.1,6.3,241.0,20.9,8,2026-02-05T06:26:49,2026-02-05T18:10:17,0.62,"Rain, Partially cloudy",Partly cloudy throughout the day with morning rain.,rain,"3EBY2,TTPP,TDW00011634"
"Rio Claro-Mayaro, Trinidad, Trinidad And Tobago",2026-02-06,87.8,71.6,78.7,91.5,71.6,80.1,69.2,74.0,0.04,100,29.17,16.1,103.2,1013.7,29.7,6.4,203.7,17.8,7,2026-02-06T06:26:39,2026-02-06T18:10:36,0.65,"Rain, Partially cloudy",Partly cloudy throughout the day with rain in the morning and afternoon.,rain,"TTPP,TDW00011634"
"Rio Claro-Mayaro, Trinidad, Trinidad And Tobago",2026-02-07,87.8,73.4,79.4,91.5,73.4,81.1,70.0,74.0,0.044,100,29.17,16.1,100.5,1013.9,39.8,6.2,210.1,18.0,8,2026-02-07T06:26:28,2026-02-07T18:10:53,0.68,"Rain, Partially cloudy",Partly cloudy throughout the day with rain in the morning and afternoon.,rain,"3EBY2,TTPP,TDW00011634"
"Rio Claro-Mayaro, Trinidad, Trinidad And Tobago",2026-02-08,87.9,73.4,80.1,92.7,73.4,81.8,69.6,71.6,0.004,100,4.17,11.4,109.1,1015.4,35.0,6.3,252.7,22.0,9,2026-02-08T06:26:16,2026-02-08T18:11:10,0.72,"Rain, Partially cloudy",Becoming cloudy in the afternoon with afternoon rain.,rain,"3EBY2,TTPP,TDW00011634"
"Rio Claro-Mayaro, Trinidad, Trinidad And Tobago",2026-02-09,87.8,73.4,79.8,94.2,73.4,82.1,71.0,75.2,0.064,100,50.0,15.0,115.5,1015.0,38.2,6.3,226.4,19.4,8,2026-02-09T06:26:03,2026-02-09T18:11:27,0.75,"Rain, Partially cloudy",Partly cloudy throughout the day with a chance of rain throughout the day.,rain,"3EBY2,TTPP,TDW00011634"
"Rio Claro-Mayaro, Trinidad, Trinidad And Tobago",2026-02-10,86.0,75.2,79.8,89.4,75.2,81.3,69.5,71.9,0.04,100,33.33,19.7,94.8,1015.3,34.5,5.9,235.6,20.5,8,2026-02-10T06:25:49,2026-02-10T18:11:43,0.78,"Rain, Partially cloudy",Partly cloudy throughout the day with rain in the morning and afternoon.,rain,"3EBY2,TTPP,TDW00011634"
"Rio Claro-Mayaro, Trinidad, Trinidad And Tobago",2026-02-11,86.0,73.4,79.4,90.6,73.4,80.8,68.7,70.7,0.112,100,50.0,20.8,102.0,1014.9,42.7,6.2,222.8,19.2,8,2026-02-11T06:25:34,2026-02-11T18:11:58,0.81,"Rain, Partially cloudy",Partly cloudy throughout the day with rain.,rain,"3EBY2,TTPP,TDW00011634"
"Rio Claro-Mayaro, Trinidad, Trinidad And Tobago",2026-02-12,86.0,73.4,79.3,90.6,73.4,81.1,70.6,75.8,0.096,100,54.17,17.2,109.1,1014.5,38.9,6.1,249.3,21.5,9,2026-02-12T06:25:18,2026-02-12T18:12:12,0.84,"Rain, Partially cloudy",Partly cloudy throughout the day with a chance of rain throughout the day.,rain,"TTPP,TDW00011634"
"Rio Claro-Mayaro, Trinidad, Trinidad And Tobago",2026-02-13,84.2,75.2,79.2,89.6,75.2,81.0,71.4,77.8,0.064,100,54.17,13.9,106.2,1013.7,60.7,5.7,232.5,20.2,8,2026-02-13T06:25:02,2026-02-13T18:12:26,0.88,"Rain, Partially cloudy",Partly cloudy throughout the day with a chance of rain throughout the day.,rain,"TTPP,TDW00011634"
"Rio Claro-Mayaro, Trinidad, Trinidad And Tobago",2026-02-14,86.0,73.4,79.6,90.6,73.4,81.5,71.1,76.3,0.02,100,20.83,13.9,100.7,1013.3,41.5,6.1,251.2,21.8,9,2026-02-14T06:24:44,2026-02-14T18:12:39,0.91,"Rain, Partially cloudy",Partly cloudy throughout the day with a chance of rain throughout the day.,rain,"TTPP,TDW00011634"
"Rio Claro-Mayaro, Trinidad, Trinidad And Tobago",2026-02-15,87.8,75.2,80.0,91.5,75.2,81.7,70.4,73.8,0.008,100,8.33,15.9,100.3,1013.4,47.8,6.2,251.6,21.7,9,2026-02-15T06:24:26,2026-02-15T18:12:52,0.94,"Rain, Partially cloudy",Partly cloudy throughout the day with afternoon rain.,rain,"3EBY2,TTPP,TDW00011634"
"Rio Claro-Mayaro, Trinidad, Trinidad And Tobago",2026-02-16,87.8,73.4,80.3,90.6,73.4,81.9,69.8,71.7,0.0,0,0.0,16.1,91.5,1013.9,49.8,6.2,251.1,21.7,9,2026-02-16T06:24:07,2026-02-16T18:13:04,0.97,Partially cloudy,Partly cloudy throughout the day.,partly-cloudy-day,"3EBY2,TTPP,TDW00011634"
"Rio Claro-Mayaro, Trinidad, Trinidad And Tobago",2026-02-17,87.8,75.2,79.9,90.3,75.2,81.4,70.5,74.7,0.02,100,16.67,15.0,111.9,1014.2,40.5,6.2,236.2,20.5,8,2026-02-17T06:23:47,2026-02-17T18:13:15,0.0,"Rain, Partially cloudy",Partly cloudy throughout the day with rain clearing later.,rain,"3EBY2,TTPP,TDW00011634"
"Rio Claro-Mayaro, Trinidad, Trinidad And Tobago",2026-02-18,86.0,75.2,79.7,90.6,75.2,81.6,70.5,74.3,0.096,100,54.17,16.1,101.5,1014.0,45.7,6.1,227.5,19.7,8,2026-02-18T06:23:26,2026-02-18T18:13:26,0.04,"Rain, Partially cloudy",Partly cloudy throughout the day with a chance of rain throughout the day.,rain,"TTPP,TDW00011634"
"Rio Claro-Mayaro, Trinidad, Trinidad And Tobago",2026-02-19,84.2,75.0,78.6,89.6,75.0,79.9,70.3,76.7,0.204,100,95.83,16.1,111.5,1013.3,58.4,5.6,216.8,18.7,8,2026-02-19T06:23:04,2026-02-19T18:13:36,0.08,"Rain, Partially cloudy",Partly cloudy throughout the day with a chance of rain throughout the day.,rain,"TTPP,TDW00011634"
"Rio Claro-Mayaro, Trinidad, Trinidad And Tobago",2026-02-20,84.2,75.2,79.0,88.5,75.2,80.6,70.3,75.4,0.124,100,58.33,20.8,96.6,1013.4,57.1,5.9,221.3,19.3,8,2026-02-20T06:22:42,2026-02-20T18:13:46,0.11,"Rain, Partially cloudy",Partly cloudy throughout the day with a chance of rain throughout the day.,rain,"TTPP,TDW00011634"
"Rio Claro-Mayaro, Trinidad, Trinidad And Tobago",2026-02-21,84.2,75.2,78.9,88.5,75.2,80.6,70.2,75.2,0.036,100,20.83,21.9,90.6,1014.4,39.5,6.2,231.3,20.0,8,2026-02-21T06:22:19,2026-02-21T18:13:55,0.15,"Rain, Partially cloudy",Partly cloudy throughout the day with a chance of rain throughout the day.,rain,"3EBY2,TTPP,TDW00011634"
"Rio Claro-Mayaro, Trinidad, Trinidad And Tobago",2026-02-22,86.0,71.6,79.1,90.6,71.6,80.8,70.2,75.1,0.028,100,29.17,18.3,97.7,1014.4,28.7,5.6,258.0,22.3,8,2026-02-22T06:21:55,2026-02-22T18:14:04,0.18,"Rain, Partially cloudy",Partly cloudy throughout the day with rain in the morning and afternoon.,rain,"3EBY2,TTPP,TDW00011634"
"Rio Claro-Mayaro, Trinidad, Trinidad And Tobago",2026-02-23,86.0,75.2,79.4,89.4,75.2,80.7,69.4,72.5,0.008,100,8.33,15.0,97.2,1013.3,44.8,4.5,263.2,22.7,9,2026-02-23T06:21:31,2026-02-23T18:14:12,0.22,"Rain, Partially cloudy",Partly cloudy throughout the day with rain in the morning and afternoon.,rain,"TTPP,TDW00011634"
"Rio Claro-Mayaro, Trinidad, Trinidad And Tobago",2026-02-24,86.0,73.4,78.7,88.4,73.4,79.8,67.5,69.5,0.012,100,12.5,17.2,102.4,1013.0,47.4,5.3,258.0,22.1,9,2026-02-24T06:21:05,2026-02-24T18:14:19,0.25,"Rain, Partially cloudy",Partly cloudy throughout the day with afternoon rain.,rain,"TTPP,TDW00011634"
"Rio Claro-Mayaro, Trinidad, Trinidad And Tobago",2026-02-25,84.2,73.4,78.9,88.5,73.4,80.4,68.9,71.9,0.024,100,25.0,15.0,103.0,1013.5,25.9,6.1,230.6,20.0,8,2026-02-25T06:20:39,2026-02-25T18:14:26,0.29,"Rain, Partially cloudy",Partly cloudy throughout the day with rain in the morning and afternoon.,rain,"3EBY2,TTPP,TDW00011634"
"Rio Claro-Mayaro, Trinidad, Trinidad And Tobago",2026-02-26,84.2,75.2,79.4,88.5,75.2,80.9,69.9,73.5,0.044,100,33.33,19.7,95.1,1014.3,27.7,4.4,256.6,22.3,9,2026-02-26T06:20:13,2026-02-26T18:14:33,0.33,"Rain, Partially cloudy",Partly cloudy throughout the day with a chance of rain throughout the day.,rain,"3EBY2,TTPP,TDW00011634"
"Rio Claro-Mayaro, Trinidad, Trinidad And Tobago",2026-02-27,83.8,73.4,78.1,87.0,73.4,79.1,68.2,72.5,0.147,100,54.17,19.7,101.8,1014.1,15.0,4.8,234.0,20.3,8,2026-02-27T06:19:46,2026-02-27T18:14:39,0.36,Rain,Clear conditions throughout the day with a chance of rain throughout the day.,rain,"3EBY2,TTPP,TDW00011634"
"Rio Claro-Mayaro, Trinidad, Trinidad And Tobago",2026-02-28,87.6,71.9,79.2,92.2,71.9,80.7,68.3,70.6,0.036,100,29.17,16.1,115.5,1013.6,15.6,6.6,230.7,19.9,7,2026-02-28T06:19:18,2026-02-28T18:14:44,0.4,Rain,Clear conditions throughout the day with rain.,rain,"TTPP,TDW00011634"
"Rio Claro-Mayaro, Trinidad, Trinidad And Tobago",2026-03-01,89.6,73.7,79.4,95.0,73.7,81.2,69.4,72.6,0.028,100,20.83,17.2,110.2,1013.2,17.4,7.0,267.4,23.1,10,2026-03-01T06:18:50,2026-03-01T18:14:49,0.43,Rain,Clear conditions throughout the day with a chance of rain throughout the day.,rain,"TTPP,TDW00011634"
"Rio Claro-Mayaro, Trinidad, Trinidad And Tobago",2026-03-02,86.3,73.7,78.5,90.1,73.7,79.7,69.3,74.2,0.096,100,41.67,16.1,101.2,1012.4,20.6,7.7,263.2,22.8,9,2026-03-02T06:18:21,2026-03-02T18:14:54,0.47,"Rain, Partially cloudy",Partly cloudy throughout the day with rain.,rain,"3EBY2,TTPP,TDW00011634"
"Rio Claro-Mayaro, Trinidad, Trinidad And Tobago",2026-03-03,84.2,73.0,78.5,88.2,73.0,79.7,69.1,74.0,0.036,100,25.0,18.3,100.7,1012.3,16.4,5.7,240.0,20.6,8,2026-03-03T06:17:51,2026-03-03T18:14:58,0.5,Rain,Clear conditions throughout the day with rain.,rain,"3EBY2,TTPP,TDW00011634"
"Rio Claro-Mayaro, Trinidad, Trinidad And Tobago",2026-03-04,86.0,71.9,78.8,88.3,71.9,79.6,67.5,69.7,0.044,100,29.17,18.3,97.0,1012.8,18.6,6.9,270.1,23.4,10,2026-03-04T06:17:21,2026-03-04T18:15:02,0.54,Rain,Clear conditions throughout the day with rain.,rain,"3EBY2,TTPP,TDW00011634,remote"
"Rio Claro-Mayaro, Trinidad, Trinidad And Tobago",2026-03-05,85.6,73.2,78.2,88.3,73.2,79.3,68.6,73.8,0.044,100,29.17,18.3,103.6,1012.9,20.8,7.5,276.4,23.9,10,2026-03-05T06:16:51,2026-03-05T18:15:05,0.57,"Rain, Partially cloudy",Partly cloudy throughout the day with rain.,rain,"TTPP,TDW00011634"
"Rio Claro-Mayaro, Trinidad, Trinidad And Tobago",2026-03-06,85.5,73.0,78.9,89.8,73.0,80.4,68.5,71.3,0.104,100,62.5,18.3,100.6,1012.7,17.9,7.8,204.5,17.7,7,2026-03-06T06:16:20,2026-03-06T18:15:08,0.6,Rain,Clear conditions throughout the day with a chance of rain throughout the day.,rain,"TTPP,TDW00011634"
"Rio Claro-Mayaro, Trinidad, Trinidad And Tobago",2026-03-07,85.6,75.3,79.1,89.1,75.3,80.4,68.8,71.3,0.138,100,50.0,19.7,95.6,1012.4,15.5,7.7,235.9,20.5,8,2026-03-07T06:15:49,2026-03-07T18:15:11,0.63,Rain,Clear conditions throughout the day with rain.,rain,"TTPP,TDW00011634"
"Rio Claro-Mayaro, Trinidad, Trinidad And Tobago",2026-03-08,84.5,73.7,78.8,86.6,73.7,79.8,67.6,69.8,0.036,100,33.33,17.2,99.5,1012.4,14.5,7.0,255.0,21.9,9,2026-03-08T06:15:17,2026-03-08T18:15:13,0.67,Rain,Clear conditions throughout the day with a chance of rain throughout the day.,rain,"3EBY2,TTPP,TDW00011634"
"Rio Claro-Mayaro, Trinidad, Trinidad And Tobago",2026-03-09,84.3,73.7,78.8,87.4,73.7,80.1,68.4,71.3,0.016,100,16.67,23.0,99.5,1013.9,16.0,7.6,264.4,22.8,9,2026-03-09T06:14:45,2026-03-09T18:15:15,0.7,Rain,Clear conditions throughout the day with a chance of rain throughout the day.,rain,"TTPP,TDW00011634"
"Rio Claro-Mayaro, Trinidad, Trinidad And Tobago",2026-03-10,84.2,73.7,78.1,86.6,73.7,78.8,66.8,68.9,0.012,100,12.5,20.8,97.6,1013.8,15.2,7.6,254.2,22.1,8,2026-03-10T06:14:12,2026-03-10T18:15:17,0.73,Rain,Clear conditions throughout the day with early morning rain.,rain,"3EBY2,TTPP,TDW00011634"
"Rio Claro-Mayaro, Trinidad, Trinidad And Tobago",2026-03-11,85.5,73.4,79.3,87.1,73.4,80.4,67.8,68.8,0.02,100,20.83,20.8,108.2,1013.6,14.5,8.0,234.5,20.3,9,2026-03-11T06:13:39,2026-03-11T18:15:18,0.75,Rain,Clear conditions throughout the day with rain.,rain,"TTPP,TDW00011634"
"Rio Claro-Mayaro, Trinidad, Trinidad And Tobago",2026-03-12,86.1,76.5,80.2,89.3,76.5,81.6,67.9,66.6,0.036,100,37.5,17.2,101.4,1013.1,18.5,8.3,224.6,19.2,8,2026-03-12T06:13:06,2026-03-12T18:15:19,0.79,Rain,Clear conditions throughout the day with a chance of rain throughout the day.,rain,"TTPP,TDW00011634"
"Rio Claro-Mayaro, Trinidad, Trinidad And Tobago",2026-03-13,84.2,75.2,79.5,87.5,75.2,80.9,68.9,70.7,0.052,100,45.83,19.7,99.4,1013.4,19.6,7.7,220.6,19.2,7,2026-03-13T06:12:33,2026-03-13T18:15:20,0.83,Rain,Clear conditions throughout the day with a chance of rain throughout the day.,rain,"TTPP,TDW00011634"
"Rio Claro-Mayaro, Trinidad, Trinidad And Tobago",2026-03-14,86.1,74.8,79.8,89.0,74.8,81.1,68.4,69.0,0.052,100,41.67,17.2,93.2,1013.5,13.1,6.6,217.5,18.9,8,2026-03-14T06:11:59,2026-03-14T18:15:21,0.86,Rain,Clear conditions throughout the day with a chance of rain throughout the day.,rain,"3EBY2,TTPP,TDW00011634"
"Rio Claro-Mayaro, Trinidad, Trinidad And Tobago",2026-03-15,86.2,75.0,79.2,92.1,75.0,80.9,71.0,76.7,0.434,100,62.5,18.3,108.1,1012.8,28.6,7.7,191.6,16.4,6,2026-03-15T06:11:25,2026-03-15T18:15:21,0.89,"Rain, Partially cloudy",Partly cloudy throughout the day with rain.,rain,"3EBY2,TTPP,TDW00011634"
"Rio Claro-Mayaro, Trinidad, Trinidad And Tobago",2026-03-16,84.0,74.8,78.2,87.2,74.8,79.2,69.7,75.7,0.156,100,54.17,20.8,103.7,1013.7,22.3,7.2,239.8,20.7,9,2026-03-16T06:10:50,2026-03-16T18:15:21,0.92,"Rain, Partially cloudy",Partly cloudy throughout the day with a chance of rain throughout the day.,rain,"3EBY2,TTPP,TDW00011634"
"Rio Claro-Mayaro, Trinidad, Trinidad And Tobago",2026-03-17,84.3,74.7,78.1,86.8,74.7,79.0,67.9,71.4,0.072,100,29.17,17.2,105.4,1013.6,17.6,7.6,251.2,21.7,9,2026-03-17T06:10:16,2026-03-17T18:15:21,0.96,Rain,Clear conditions throughout the day with rain.,rain,"3EBY2,TTPP,TDW00011634"
"Rio Claro-Mayaro, Trinidad, Trinidad And Tobago",2026-03-18,82.7,72.9,76.8,85.5,72.9,77.4,67.9,74.7,0.108,100,50.0,24.2,96.5,1013.3,22.7,6.8,211.3,18.1,8,2026-03-18T06:09:41,2026-03-18T18:15:21,0.0,"Rain, Partially cloudy",Partly cloudy throughout the day with rain.,rain,"TTPP,TDW00011634"
"Rio Claro-Mayaro, Trinidad, Trinidad And Tobago",2026-03-19,85.6,71.7,77.6,87.3,71.7,78.3,67.3,72.2,0.103,100,33.33,17.2,118.4,1012.3,17.2,8.3,245.7,21.1,8,2026-03-19T06:09:06,2026-03-19T18:15:21,0.02,Rain,Clear conditions throughout the day with a chance of rain throughout the day.,rain,"TTPP,TDW00011634"
"Rio Claro-Mayaro, Trinidad, Trinidad And Tobago",2026-03-20,84.5,69.6,77.2,86.7,69.6,77.9,66.1,70.5,0.0,0,0.0,18.3,105.3,1011.3,13.1,8.5,276.0,23.8,10,2026-03-20T06:08:31,2026-03-20T18:15:20,0.06,Clear,Clear conditions throughout the day.,clear-day,"TTPP,TDW00011634"
"Rio Claro-Mayaro, Trinidad, Trinidad And Tobago",2026-03-21,86.3,71.1,78.1,88.6,71.1,78.9,65.9,67.5,0.0,0,0.0,17.2,111.7,1010.8,12.1,9.5,289.2,25.0,10,2026-03-21T06:07:56,2026-03-21T18:15:20,0.09,Clear,Clear conditions throughout the day.,clear-day,"TTPP,TDW00011634"
"Rio Claro-Mayaro, Trinidad, Trinidad And Tobago",2026-03-22,89.7,69.3,78.7,91.5,69.3,79.7,66.9,69.4,0.0,0,0.0,13.9,114.6,1011.0,14.5,8.1,286.0,24.7,10,2026-03-22T06:07:21,2026-03-22T18:15:19,0.13,Clear,Clear conditions throughout the day.,clear-day,"TTPP,TDW00011634"
"Rio Claro-Mayaro, Trinidad, Trinidad And Tobago",2026-03-23,89.2,73.4,80.2,94.7,73.4,82.5,71.0,74.6,0.12,100,50.0,17.2,117.0,1011.2,15.0,8.0,254.4,22.1,8,2026-03-23T06:06:46,2026-03-23T18:15:18,0.16,Rain,Clear conditions throughout the day with rain.,rain,"3EBY2,TTPP,TDW00011634"
"Rio Claro-Mayaro, Trinidad, Trinidad And Tobago",2026-03-24,84.5,76.8,79.4,89.7,76.8,81.2,72.1,79.0,0.132,100,45.83,17.2,103.1,1012.1,15.8,8.4,238.1,20.7,8,2026-03-24T06:06:11,2026-03-24T18:15:18,0.2,Rain,Clear conditions throughout the day with a chance of rain throughout the day.,rain,"3EBY2,TTPP,TDW00011634"
"Rio Claro-Mayaro, Trinidad, Trinidad And Tobago",2026-03-25,86.3,74.8,79.6,88.9,74.8,80.7,68.1,68.9,0.008,100,8.33,16.1,96.2,1012.0,14.7,8.5,266.6,23.1,9,2026-03-25T06:05:35,2026-03-25T18:15:17,0.25,Rain,Clear conditions throughout the day with morning rain.,rain,"TTPP,TDW00011634"
"Rio Claro-Mayaro, Trinidad, Trinidad And Tobago",2026-03-26,85.9,75.0,80.0,107.6,75.0,82.4,68.9,69.9,0.024,100,25.0,18.3,109.1,1012.0,18.6,8.3,244.8,21.1,9,2026-03-26T06:05:00,2026-03-26T18:15:16,0.27,Rain,Clear conditions throughout the day with rain in the morning and afternoon.,rain,"3EBY2,TTPP,TDW00011634"
"Rio Claro-Mayaro, Trinidad, Trinidad And Tobago",2026-03-27,85.9,75.1,80.1,90.4,75.1,81.5,68.2,67.7,0.008,100,8.33,17.2,109.1,1011.3,32.3,6.3,247.7,21.3,9,2026-03-27T06:04:25,2026-03-27T18:15:15,0.31,"Rain, Partially cloudy",Partly cloudy throughout the day with afternoon rain.,rain,"3EBY2,TTPP"
"Rio Claro-Mayaro, Trinidad, Trinidad And Tobago",2026-03-28,85.9,75.1,80.0,89.3,75.1,81.8,69.5,71.1,0.036,100,8.33,17.2,107.7,1012.1,41.2,6.2,221.7,19.1,8,2026-03-28T06:03:50,2026-03-28T18:15:14,0.34,"Rain, Partially cloudy",Partly cloudy throughout the day with late afternoon rain.,rain,TTPP
"Rio Claro-Mayaro, Trinidad, Trinidad And Tobago",2026-03-29,85.9,76.9,80.5,89.3,76.9,82.2,69.9,70.9,0.032,100,33.33,16.1,106.6,1012.1,31.3,6.2,205.1,17.8,7,2026-03-29T06:03:14,2026-03-29T18:15:13,0.38,"Rain, Partially cloudy",Partly cloudy throughout the day with rain in the morning and afternoon.,rain,TTPP
"Rio Claro-Mayaro, Trinidad, Trinidad And Tobago",2026-03-30,87.7,76.9,80.5,89.3,76.9,81.7,68.3,67.7,0.0,0,0.0,17.2,104.6,1012.6,26.2,6.2,250.4,21.6,9,2026-03-30T06:02:39,2026-03-30T18:15:12,0.41,Partially cloudy,Partly cloudy throughout the day.,partly-cloudy-day,"3EBY2,TTPP"
"Rio Claro-Mayaro, Trinidad, Trinidad And Tobago",2026-03-31,93.1,73.3,80.0,99.0,73.3,81.8,69.0,70.1,0.12,100,54.17,13.9,97.8,1012.4,32.3,6.3,288.8,25.0,10,2026-03-31T06:02:04,2026-03-31T18:15:12,0.45,"Rain, Partially cloudy",Partly cloudy throughout the day with a chance of rain throughout the day.,rain,"3EBY2,TTPP"
"Rio Claro-Mayaro, Trinidad, Trinidad And Tobago",2026-04-01,84.1,73.3,78.7,87.3,73.3,79.9,68.5,72.0,0.052,100,33.33,15.0,102.0,1011.7,25.7,6.6,230.2,19.9,8,2026-04-01T06:01:29,2026-04-01T18:15:11,0.5,"Rain, Partially cloudy",Partly cloudy throughout the day with a chance of rain throughout the day.,rain,"TTPP,remote"
"Rio Claro-Mayaro, Trinidad, Trinidad And Tobago",2026-04-02,87.7,73.3,79.7,90.2,73.3,81.1,68.4,70.0,0.052,100,41.67,17.2,99.0,1012.2,31.4,7.6,299.9,25.8,10,2026-04-02T06:00:55,2026-04-02T18:15:10,0.52,"Rain, Partially cloudy",Partly cloudy throughout the day with a chance of rain throughout the day.,rain,"3EBY2,TTPP,remote"
"Rio Claro-Mayaro, Trinidad, Trinidad And Tobago",2026-04-03,87.7,75.1,80.8,91.3,75.1,82.7,69.3,68.9,0.076,100,54.17,16.1,104.7,1012.4,28.1,6.2,298.5,25.9,10,2026-04-03T06:00:20,2026-04-03T18:15:10,0.55,"Rain, Partially cloudy",Partly cloudy throughout the day with a chance of rain throughout the day.,rain,"3EBY2,TTPP"
"Rio Claro-Mayaro, Trinidad, Trinidad And Tobago",2026-04-04,82.3,75.1,77.9,87.0,75.1,78.7,71.6,81.2,0.466,100,70.83,16.1,103.2,1013.2,47.3,5.8,274.4,23.6,9,2026-04-04T05:59:46,2026-04-04T18:15:09,0.58,"Rain, Partially cloudy",Partly cloudy throughout the day with a chance of rain throughout the day.,rain,"3EBY2,TTPP,remote"
