name,datetime,tempmax,tempmin,temp,feelslikemax,feelslikemin,feelslike,dew,humidity,precip,precipprob,precipcover,preciptype,snow,snowdepth,windgust,windspeed,winddir,sealevelpressure,cloudcover,visibility,solarradiation,solarenergy,uvindex,severerisk,sunrise,sunset,moonphase,conditions,description,icon,stations
"Chaguanas, Trinidad, Trinidad And Tobago",2025-04-27,86.3,75.3,80.9,90.7,75.3,83.4,70.9,72.5,0,0,0,rain,0,0,18.3,15,110.2,1011.9,60.4,7.8,268.6,23.4,9,10,2025-04-27T05:49:10,2025-04-27T18:17:35,0,Partially cloudy,Partly cloudy throughout the day.,partly-cloudy-day,"78970011634,TTPP,TDW00011634"
"Chaguanas, Trinidad, Trinidad And Tobago",2025-04-28,88.1,76.8,82.2,98.1,76.8,86.7,74,77,0,0,0,,0,0,19.7,17.2,106.5,1012.5,64.1,7.6,298.4,25.6,10,10,2025-04-28T05:48:46,2025-04-28T18:17:42,0.03,Partially cloudy,Partly cloudy throughout the day.,partly-cloudy-day,"78970011634,TTPP,TDW00011634"
"Chaguanas, Trinidad, Trinidad And Tobago",2025-04-29,89.4,76.8,82.2,102,76.8,87.6,75.1,79.9,0,0,0,rain,0,0,19.2,16.1,113.9,1011.6,65.9,6.9,276.3,23.8,9,10,2025-04-29T05:48:23,2025-04-29T18:17:49,0.06,Partially cloudy,Partly cloudy throughout the day.,partly-cloudy-day,"78970011634,3EBY2,TTPP,TDW00011634"
"Chaguanas, Trinidad, Trinidad And Tobago",2025-04-30,88.1,75.3,81.8,97,75.3,85.3,72.1,73.7,0,0,0,rain,0,0,15.2,13.9,107.7,1011.1,75.6,5.9,287.7,24.8,10,30,2025-04-30T05:48:00,2025-04-30T18:17:56,0.1,Partially cloudy,Partly cloudy throughout the day.,partly-cloudy-day,"78970011634,3EBY2,TTPP,TDW00011634"
"Chaguanas, Trinidad, Trinidad And Tobago",2025-05-01,89.5,76.9,82.3,94.8,76.9,85.5,72,72.3,0,0,0,,0,0,17.2,15,107.1,1011.4,66,7.1,262.7,22.6,10,30,2025-05-01T05:47:38,2025-05-01T18:18:04,0.13,Partially cloudy,Partly cloudy throughout the day.,partly-cloudy-day,"78970011634,TTPP,TDW00011634"
"Chaguanas, Trinidad, Trinidad And Tobago",2025-05-02,89.7,75.3,82.1,102,75.3,88.2,74.5,78.4,0,0,0,rain,0,0,15.4,13.9,99.4,1011.4,59.9,7.3,264.9,23,9,30,2025-05-02T05:47:17,2025-05-02T18:18:12,0.16,Partially cloudy,Partly cloudy throughout the day.,partly-cloudy-day,"78970011634,TTPP,TDW00011634"
"Chaguanas, Trinidad, Trinidad And Tobago",2025-05-03,82.7,75.2,79.3,91.4,75.2,82.7,76,89.7,0.476,100,8.33,rain,0,0,17.2,13.9,107.4,1011.8,75.4,5.9,209.6,18,8,30,2025-05-03T05:46:56,2025-05-03T18:18:20,0.2,"Rain, Partially cloudy",Partly cloudy throughout the day with rain in the morning and afternoon.,rain,"78970011634,TTPP,TDW00011634"
"Chaguanas, Trinidad, Trinidad And Tobago",2025-05-04,89.4,75.5,81.5,100,75.5,87.2,76.3,84.8,0,0,0,rain,0,0,15.4,15,104.1,1012,72.2,7,200.4,17.2,7,30,2025-05-04T05:46:37,2025-05-04T18:18:29,0.25,Partially cloudy,Partly cloudy throughout the day.,partly-cloudy-day,"78970011634,TTPP,TDW00011634"
"Chaguanas, Trinidad, Trinidad And Tobago",2025-05-05,89.5,77.3,82.2,102.5,77.3,88.3,76.6,83.8,0.043,100,8.33,rain,0,0,13.6,13.9,103.6,1012,79.3,6.4,164.5,14.2,6,30,2025-05-05T05:46:17,2025-05-05T18:18:38,0.26,"Rain, Partially cloudy",Partly cloudy throughout the day with rain in the morning and afternoon.,rain,"78970011634,3EBY2,TTPP,TDW00011634"
"Chaguanas, Trinidad, Trinidad And Tobago",2025-05-06,89.6,77.1,82.6,102.3,77.1,88.4,75.9,80.9,0,0,0,rain,0,0,16.1,18.3,97.5,1011.7,44.9,7.6,287,24.8,10,30,2025-05-06T05:45:59,2025-05-06T18:18:48,0.3,Partially cloudy,Partly cloudy throughout the day.,partly-cloudy-day,"78970011634,3EBY2,TTPP,TDW00011634"
"Chaguanas, Trinidad, Trinidad And Tobago",2025-05-07,89.5,75,82,102.3,75,88.1,75.1,80.5,0,0,0,rain,0,0,16.1,16.1,113.4,1011.9,62.2,7.6,272.5,23.6,9,30,2025-05-07T05:45:41,2025-05-07T18:18:58,0.33,Partially cloudy,Partly cloudy throughout the day.,partly-cloudy-day,"78970011634,3EBY2,TTPP,TDW00011634"
"Chaguanas, Trinidad, Trinidad And Tobago",2025-05-08,89.4,77.3,82.6,101.9,77.3,88.7,75.4,79.5,0,0,0,rain,0,0,17,15,102.8,1012.7,74.4,7,188,16.1,7,30,2025-05-08T05:45:25,2025-05-08T18:19:08,0.36,Partially cloudy,Partly cloudy throughout the day.,partly-cloudy-day,"78970011634,3EBY2,TTPP,TDW00011634"
"Chaguanas, Trinidad, Trinidad And Tobago",2025-05-09,87.8,76.9,81.3,99.7,76.9,86.5,76.2,85,0.039,100,4.17,rain,0,0,19.2,15,105.2,1012.9,76,7,243.6,21,8,30,2025-05-09T05:45:08,2025-05-09T18:19:19,0.4,"Rain, Partially cloudy",Partly cloudy throughout the day with late afternoon rain.,rain,"78970011634,3EBY2,TTPP,TDW00011634"
"Chaguanas, Trinidad, Trinidad And Tobago",2025-05-10,87.6,75.3,80.6,99.9,75.3,85.4,76.1,86.7,0.012,100,4.17,rain,0,0,19.7,15,106.8,1014.7,71.6,6.9,218.6,18.9,8,30,2025-05-10T05:44:53,2025-05-10T18:19:30,0.43,"Rain, Partially cloudy",Partly cloudy throughout the day with afternoon rain.,rain,"78970011634,3EBY2,TTPP,TDW00011634"
"Chaguanas, Trinidad, Trinidad And Tobago",2025-05-11,89.3,75.1,81.6,99.9,75.1,86.1,74.6,80.5,0,0,0,,0,0,19,17.2,96.9,1014.5,37.7,8.4,300.3,25.9,10,10,2025-05-11T05:44:39,2025-05-11T18:19:41,0.47,Partially cloudy,Partly cloudy throughout the day.,partly-cloudy-day,"78970011634,TTPP,TDW00011634"
"Chaguanas, Trinidad, Trinidad And Tobago",2025-05-12,91.3,74.9,82.1,102.8,74.9,88.5,75.3,80.8,0,0,0,rain,0,0,17,11.5,108.1,1013.6,47.6,7.7,261.8,22.5,9,30,2025-05-12T05:44:25,2025-05-12T18:19:53,0.5,Partially cloudy,Partly cloudy throughout the day.,partly-cloudy-day,"78970011634,3EBY2,TTPP,TDW00011634"
"Chaguanas, Trinidad, Trinidad And Tobago",2025-05-13,89.3,77,81.8,102.2,77,87,76.2,83.7,0.016,100,4.17,rain,0,0,19.5,17.2,103.4,1012.6,54.5,6.8,249.3,21.5,9,30,2025-05-13T05:44:12,2025-05-13T18:20:05,0.53,"Rain, Partially cloudy",Partly cloudy throughout the day with afternoon rain.,rain,"78970011634,TTPP,TDW00011634"
"Chaguanas, Trinidad, Trinidad And Tobago",2025-05-14,82.3,76.8,78.8,92,76.8,81.1,76.1,91.6,0.642,100,12.5,rain,0,0,22.4,13.9,103,1012.6,69.4,6.4,249.1,21.6,8,30,2025-05-14T05:44:00,2025-05-14T18:20:18,0.57,"Rain, Partially cloudy",Partly cloudy throughout the day with rain.,rain,"78970011634,TTPP,TDW00011634"
"Chaguanas, Trinidad, Trinidad And Tobago",2025-05-15,87.6,76.7,81.9,101.8,76.7,88.5,76.8,85.1,0.039,100,4.17,rain,0,0,22.6,18.3,97.4,1012.6,56.7,5.9,239.4,20.7,8,30,2025-05-15T05:43:48,2025-05-15T18:20:31,0.6,"Rain, Partially cloudy",Partly cloudy throughout the day with morning rain.,rain,"78970011634,TTPP,TDW00011634"
"Chaguanas, Trinidad, Trinidad And Tobago",2025-05-16,87.7,76.8,81.3,101.8,76.8,86.6,76.8,86.9,0.079,100,4.17,rain,0,0,20.1,16.1,102.2,1012.5,67,5.8,236.5,20.5,8,30,2025-05-16T05:43:38,2025-05-16T18:20:44,0.64,"Rain, Partially cloudy",Partly cloudy throughout the day with afternoon rain.,rain,"78970011634,TTPP,TDW00011634"
"Chaguanas, Trinidad, Trinidad And Tobago",2025-05-17,86,75.5,79.5,99.4,75.5,82.8,76.9,91.9,0.488,100,12.5,rain,0,0,22.8,16.1,114.5,1012.4,76.2,5.1,226,19.5,8,30,2025-05-17T05:43:28,2025-05-17T18:20:57,0.67,"Rain, Partially cloudy",Partly cloudy throughout the day with rain.,rain,"78970011634,TTPP,TDW00011634"
"Chaguanas, Trinidad, Trinidad And Tobago",2025-05-18,78.9,73.7,76.9,78.9,73.7,76.9,75.4,95.3,3.564,100,12.5,rain,0,0,21.7,10.3,98.3,1013.2,80.4,4.1,110.8,9.6,5,10,2025-05-18T05:43:19,2025-05-18T18:21:11,0.71,"Rain, Partially cloudy",Partly cloudy throughout the day with rain.,rain,"78970011634,3EBY2,TTPP,TDW00011634"
"Chaguanas, Trinidad, Trinidad And Tobago",2025-05-19,84.5,77,78.9,96.6,77,81.8,76.8,93.3,0.209,100,12.5,rain,0,0,19,12.8,119.9,1013.2,77.6,5.7,121.6,10.6,4,10,2025-05-19T05:43:11,2025-05-19T18:21:25,0.74,"Rain, Partially cloudy",Partly cloudy throughout the day with rain.,rain,"78970011634,3EBY2,TTPP,TDW00011634"
"Chaguanas, Trinidad, Trinidad And Tobago",2025-05-20,85.8,77.1,80.9,98.7,77.1,86.2,77.2,88.7,0.028,100,8.33,rain,0,0,20.8,15,113.2,1013.2,78.5,5.6,155.7,13.5,6,30,2025-05-20T05:43:03,2025-05-20T18:21:39,0.75,"Rain, Partially cloudy",Partly cloudy throughout the day with rain.,rain,"78970011634,3EBY2,TTPP,TDW00011634"
"Chaguanas, Trinidad, Trinidad And Tobago",2025-05-21,82.3,75.5,78.9,93.4,75.5,82.3,77.1,94.4,0.079,100,4.17,rain,0,0,20.6,11.4,104.4,1013.4,73.7,5.2,163.6,14.1,6,30,2025-05-21T05:42:57,2025-05-21T18:21:54,0.81,"Rain, Partially cloudy",Partly cloudy throughout the day with afternoon rain.,rain,"78970011634,3EBY2,TTPP,TDW00011634"
"Chaguanas, Trinidad, Trinidad And Tobago",2025-05-22,87.6,76.8,80,99.9,76.8,83.2,76.5,89.6,0.24,100,8.33,rain,0,0,27.7,17.2,104.2,1013.8,77.8,5.4,240.1,20.7,8,30,2025-05-22T05:42:51,2025-05-22T18:22:09,0.85,"Rain, Partially cloudy",Partly cloudy throughout the day with rain.,rain,"78970011634,3EBY2,TTPP,TDW00011634"
"Chaguanas, Trinidad, Trinidad And Tobago",2025-05-23,87.5,77,80.9,97.5,77,85.2,76,85.9,0,0,0,rain,0,0,19.7,16.1,102.7,1015.1,79.1,6.5,289.2,25.1,9,10,2025-05-23T05:42:46,2025-05-23T18:22:24,0.88,Partially cloudy,Partly cloudy throughout the day.,partly-cloudy-day,"78970011634,3EBY2,TTPP,TDW00011634"
"Chaguanas, Trinidad, Trinidad And Tobago",2025-05-24,86,76.9,81.7,97.4,76.9,87.5,76,83.3,0.012,100,4.17,rain,0,0,20.8,20.8,99.9,1014.8,49.7,6.1,267.6,23.4,9,30,2025-05-24T05:42:42,2025-05-24T18:22:39,0.91,"Rain, Partially cloudy",Partly cloudy throughout the day with morning rain.,rain,"78970011634,3EBY2,TTPP,TDW00011634"
"Chaguanas, Trinidad, Trinidad And Tobago",2025-05-25,85.7,76.8,79.6,98.6,76.8,82.7,77.1,92.2,0.799,100,12.5,rain,0,0,35.8,17.2,103.5,1014.5,78.9,3.9,144.1,12.5,5,10,2025-05-25T05:42:39,2025-05-25T18:22:54,0.95,"Rain, Partially cloudy",Partly cloudy throughout the day with rain.,rain,"78970011634,3EBY2,TTPP,TDW00011634"
"Chaguanas, Trinidad, Trinidad And Tobago",2025-05-26,86.5,77,81.1,99.5,77,86.3,76.8,87.2,0.079,100,4.17,rain,0,0,20.4,17.2,99.5,1014.9,53.5,4.6,270,23.2,9,10,2025-05-26T05:42:36,2025-05-26T18:23:10,0,"Rain, Partially cloudy",Partly cloudy throughout the day with morning rain.,rain,"78970011634,3EBY2,TTPP,TDW00011634"
"Chaguanas, Trinidad, Trinidad And Tobago",2025-05-27,82.7,76.8,79.7,92.9,76.8,83,76.3,89.4,0.232,100,8.33,rain,0,0,21.9,13.9,96.3,1015.2,64.8,5.5,196,16.8,6,10,2025-05-27T05:42:34,2025-05-27T18:23:26,0.02,"Rain, Partially cloudy",Partly cloudy throughout the day with rain in the morning and afternoon.,rain,"78970011634,3EBY2,TTPP,TDW00011634"
"Chaguanas, Trinidad, Trinidad And Tobago",2025-05-28,85.8,74.9,79.8,97,74.9,84,75.9,88.2,0.051,100,8.33,rain,0,0,20.6,17.2,96.3,1015.5,80,6.3,248,21.4,8,10,2025-05-28T05:42:33,2025-05-28T18:23:42,0.05,"Rain, Partially cloudy",Partly cloudy throughout the day with rain.,rain,"78970011634,TTPP,TDW00011634"
"Chaguanas, Trinidad, Trinidad And Tobago",2025-05-29,86,78.5,81.2,99.5,78.5,86.8,77.6,89.1,0.079,100,4.17,rain,0,0,20.1,16.1,104.2,1015.3,64.6,7.1,169.5,14.6,5,30,2025-05-29T05:42:33,2025-05-29T18:23:58,0.08,"Rain, Partially cloudy",Partly cloudy throughout the day with morning rain.,rain,"78970011634,TTPP,TDW00011634"
"Chaguanas, Trinidad, Trinidad And Tobago",2025-05-30,86,77.1,81.1,98.9,77.1,86.1,77.4,89,0.354,100,8.33,rain,0,0,19.2,13.9,95.3,1014.7,78.2,7.6,223.8,19.5,8,30,2025-05-30T05:42:33,2025-05-30T18:24:14,0.12,"Rain, Partially cloudy",Partly cloudy throughout the day with rain in the morning and afternoon.,rain,"78970011634,3EBY2,TTPP,TDW00011634"
"Chaguanas, Trinidad, Trinidad And Tobago",2025-05-31,86.3,76.9,81.1,98.6,76.9,86.2,77.1,88.5,0.98,100,8.33,rain,0,0,20.4,18.3,99.3,1014.5,75.4,4.5,250.1,21.7,8,10,2025-05-31T05:42:34,2025-05-31T18:24:31,0.15,"Rain, Partially cloudy",Partly cloudy throughout the day with rain.,rain,"78970011634,3EBY2,TTPP,TDW00011634"
"Chaguanas, Trinidad, Trinidad And Tobago",2025-06-01,84.3,78.6,81.2,97.7,78.6,88.2,77.9,89.8,0.087,100,8.33,rain,0,0,26.2,18.3,99.4,1015.8,82.9,3.3,202.7,17.5,6,30,2025-06-01T05:42:36,2025-06-01T18:24:47,0.18,"Rain, Partially cloudy",Partly cloudy throughout the day with rain.,rain,"78970011634,3EBY2,TTPP,TDW00011634"
"Chaguanas, Trinidad, Trinidad And Tobago",2025-06-02,87.5,78.5,82.1,99.6,78.5,87.9,75.9,82.1,0.512,100,4.17,rain,0,0,21.3,17.2,98.8,1016.5,67.6,4.2,262.1,22.6,8,10,2025-06-02T05:42:39,2025-06-02T18:25:03,0.25,"Rain, Partially cloudy",Partly cloudy throughout the day with morning rain.,rain,"78970011634,TTPP,TDW00011634"
"Chaguanas, Trinidad, Trinidad And Tobago",2025-06-03,87.6,76.7,80.9,97.7,76.7,85.5,75.5,84.4,0.02,100,8.33,rain,0,0,18.1,15,107.2,1014.9,60,5.1,283.4,24.5,9,10,2025-06-03T05:42:42,2025-06-03T18:25:20,0.25,"Rain, Partially cloudy",Partly cloudy throughout the day with rain.,rain,"78970011634,TTPP,TDW00011634"
"Chaguanas, Trinidad, Trinidad And Tobago",2025-06-04,86.3,75,80.6,96.4,75,84.6,74.7,83.1,0.161,100,4.17,rain,0,0,17.2,17.2,98.6,1013.7,54.7,7.3,275.5,23.7,9,10,2025-06-04T05:42:46,2025-06-04T18:25:36,0.28,"Rain, Partially cloudy",Partly cloudy throughout the day with morning rain.,rain,"78970011634,3EBY2,TTPP,TDW00011634"
"Chaguanas, Trinidad, Trinidad And Tobago",2025-06-05,86.3,75.2,79.7,97.5,75.2,83.4,75.3,86.9,0.091,100,12.5,rain,0,0,17.7,16.1,105,1013.7,63.9,7.2,228.5,19.5,9,10,2025-06-05T05:42:51,2025-06-05T18:25:53,0.31,"Rain, Partially cloudy",Partly cloudy throughout the day with rain.,rain,"78970011634,3EBY2,TTPP,TDW00011634"
"Chaguanas, Trinidad, Trinidad And Tobago",2025-06-06,84.2,76.8,79.7,95.9,76.8,83.4,76,89.2,1.567,100,8.33,rain,0,0,18.8,18.3,99.2,1014.2,80.1,6.6,179.5,15.5,6,30,2025-06-06T05:42:56,2025-06-06T18:26:09,0.35,"Rain, Partially cloudy",Partly cloudy throughout the day with rain in the morning and afternoon.,rain,"78970011634,3EBY2,TTPP,TDW00011634"
"Chaguanas, Trinidad, Trinidad And Tobago",2025-06-07,86.1,77.1,80.5,99.2,77.1,85.3,77.3,90.5,0.201,100,8.33,rain,0,0,31.1,13.9,104.8,1014.2,73.2,5.8,263.4,22.7,10,30,2025-06-07T05:43:02,2025-06-07T18:26:26,0.38,"Rain, Partially cloudy",Partly cloudy throughout the day with rain.,rain,"78970011634,3EBY2,TTPP,TDW00011634"
"Chaguanas, Trinidad, Trinidad And Tobago",2025-06-08,86.1,76.8,80.9,99.2,76.8,85.6,76.1,85.9,0,0,0,rain,0,0,22.8,20.8,96.5,1014,53.3,4.4,273.4,23.6,9,10,2025-06-08T05:43:09,2025-06-08T18:26:42,0.41,Partially cloudy,Partly cloudy throughout the day.,partly-cloudy-day,"78970011634,3EBY2,TTPP,TDW00011634"
"Chaguanas, Trinidad, Trinidad And Tobago",2025-06-09,87.8,77,80.7,99.5,77,84.3,75.7,85.6,0.055,100,8.33,rain,0,0,23.7,18.3,98.1,1013.7,71,4.8,261.5,22.7,9,30,2025-06-09T05:43:16,2025-06-09T18:26:58,0.45,"Rain, Partially cloudy",Partly cloudy throughout the day with rain.,rain,"78970011634,3EBY2,TTPP,TDW00011634"
"Chaguanas, Trinidad, Trinidad And Tobago",2025-06-10,80.4,75,77.1,87.5,75,77.4,75.8,95.8,1.22,100,12.5,rain,0,0,22.1,18.3,111.1,1014.6,75.3,5.4,152.2,13,7,30,2025-06-10T05:43:24,2025-06-10T18:27:14,0.48,"Rain, Partially cloudy",Partly cloudy throughout the day with rain.,rain,"78970011634,3EBY2,TTPP,TDW00011634"
"Chaguanas, Trinidad, Trinidad And Tobago",2025-06-11,82.2,75.1,77.4,91.8,75.1,78.6,76.3,96.4,0.276,100,8.33,rain,0,0,21.9,13.9,112,1014.5,77.2,4.8,106.3,9.1,4,30,2025-06-11T05:43:32,2025-06-11T18:27:30,0.5,"Rain, Partially cloudy",Partly cloudy throughout the day with rain in the morning and afternoon.,rain,"78970011634,3EBY2,TTPP,TDW00011634"
"Chaguanas, Trinidad, Trinidad And Tobago",2025-06-12,79.8,75,76.7,79.8,75,76.7,75.3,95.5,5.626,100,12.5,rain,0,0,21.3,15,90.5,1014.4,82.4,5.8,124.8,10.7,5,10,2025-06-12T05:43:41,2025-06-12T18:27:45,0.55,"Rain, Partially cloudy",Partly cloudy throughout the day with rain.,rain,"78970011634,3EBY2,TTPP,TDW00011634,remote"
"Chaguanas, Trinidad, Trinidad And Tobago",2025-06-13,85.8,76.8,80.6,96.7,76.8,85.2,76,86.3,0.398,100,4.17,rain,0,0,21.3,23,102.6,1014.3,76,5.1,115.6,10.1,5,10,2025-06-13T05:43:51,2025-06-13T18:28:01,0.58,"Rain, Partially cloudy",Partly cloudy throughout the day with morning rain.,rain,"78970011634,3EBY2,TTPP,TDW00011634"
"Chaguanas, Trinidad, Trinidad And Tobago",2025-06-14,85.8,76.8,79.9,95,76.8,83,75.1,85.7,0.039,100,4.17,rain,0,0,23.7,18.3,103.3,1015.7,62.7,5.2,267.8,23.2,9,10,2025-06-14T05:44:01,2025-06-14T18:28:16,0.62,"Rain, Partially cloudy",Partly cloudy throughout the day with late afternoon rain.,rain,"78970011634,3EBY2,TTPP,TDW00011634"
"Chaguanas, Trinidad, Trinidad And Tobago",2025-06-15,87.6,75.2,80.8,97.7,75.2,85.2,75.6,85.2,0.039,100,4.17,rain,0,0,19.7,16.1,104.5,1016.5,35.2,6.9,273.5,23.6,9,10,2025-06-15T05:44:11,2025-06-15T18:28:31,0.65,"Rain, Partially cloudy",Partly cloudy throughout the day with morning rain.,rain,"78970011634,TTPP,TDW00011634"
"Chaguanas, Trinidad, Trinidad And Tobago",2025-06-16,87.6,77.3,81.4,99.9,77.3,86.4,76.1,84.3,0.012,100,8.33,rain,0,0,20.1,17.2,109.4,1015.3,43.1,7,248.6,21.3,8,30,2025-06-16T05:44:22,2025-06-16T18:28:46,0.69,"Rain, Partially cloudy",Partly cloudy throughout the day with rain in the morning and afternoon.,rain,"78970011634,TTPP,TDW00011634"
"Chaguanas, Trinidad, Trinidad And Tobago",2025-06-17,86,76.9,80.8,99.1,76.9,86.5,77.1,88.6,0.043,100,8.33,rain,0,0,18.3,15,108,1014.9,73.9,6.7,257,22,8,30,2025-06-17T05:44:33,2025-06-17T18:29:00,0.72,"Rain, Partially cloudy",Partly cloudy throughout the day with rain in the morning and afternoon.,rain,"78970011634,3EBY2,TTPP,TDW00011634"
"Chaguanas, Trinidad, Trinidad And Tobago",2025-06-18,85.9,75.5,79.8,98.9,75.5,83.3,76.8,91,0.61,100,12.5,rain,0,0,21.5,15,120,1015.1,80,6.8,254.9,22,8,30,2025-06-18T05:44:45,2025-06-18T18:29:14,0.75,"Rain, Partially cloudy",Partly cloudy throughout the day with rain.,rain,"78970011634,3EBY2,TTPP,TDW00011634"
"Chaguanas, Trinidad, Trinidad And Tobago",2025-06-19,84.1,77,80,95.7,77,83.6,77.2,91.2,0.402,100,12.5,rain,0,0,23.9,15,106.4,1014.8,74.6,5.9,196,17,8,30,2025-06-19T05:44:57,2025-06-19T18:29:28,0.8,"Rain, Partially cloudy",Partly cloudy throughout the day with rain.,rain,"78970011634,3EBY2,TTPP,TDW00011634"
"Chaguanas, Trinidad, Trinidad And Tobago",2025-06-20,84.5,75.5,79.6,95.6,75.5,83.3,76.5,90.6,0.512,100,8.33,rain,0,0,25.3,19.7,105.4,1014.7,63.1,5.3,198.5,17.1,7,10,2025-06-20T05:45:10,2025-06-20T18:29:41,0.83,"Rain, Partially cloudy",Partly cloudy throughout the day with rain.,rain,"78970011634,3EBY2,TTPP,TDW00011634"
"Chaguanas, Trinidad, Trinidad And Tobago",2025-06-21,86,75.3,80.6,97.3,75.3,85.6,76.3,87.5,0.894,100,8.33,rain,0,0,21.5,17.2,109.3,1014.3,73.9,6.9,181.7,15.7,7,10,2025-06-21T05:45:23,2025-06-21T18:29:54,0.87,"Rain, Partially cloudy",Partly cloudy throughout the day with rain in the morning and afternoon.,rain,"78970011634,3EBY2,TTPP,TDW00011634"
"Chaguanas, Trinidad, Trinidad And Tobago",2025-06-22,84.5,75.8,78.9,94.9,75.8,81.4,76.4,92.2,0.63,100,8.33,rain,0,0,19.2,13.9,104.3,1012.7,78.2,6.5,205.6,17.7,7,10,2025-06-22T05:45:36,2025-06-22T18:30:07,0.9,"Rain, Partially cloudy",Partly cloudy throughout the day with rain.,rain,"78970011634,3EBY2,TTPP,TDW00011634"
"Chaguanas, Trinidad, Trinidad And Tobago",2025-06-23,84.5,75.1,78.8,92.6,75.1,81.4,75.6,90.6,0.118,100,8.33,rain,0,0,22.8,15,109.6,1013.2,78.6,6.2,146.6,12.6,5,30,2025-06-23T05:45:50,2025-06-23T18:30:19,0.94,"Rain, Partially cloudy",Partly cloudy throughout the day with rain.,rain,"78970011634,3EBY2,TTPP,TDW00011634"
"Chaguanas, Trinidad, Trinidad And Tobago",2025-06-24,86,75.5,81.3,97.5,75.5,86.9,76.3,85.3,0.197,100,4.17,rain,0,0,25.3,21.9,99.6,1014.3,76.9,5.2,245,21,8,10,2025-06-24T05:46:04,2025-06-24T18:30:30,0.97,"Rain, Partially cloudy",Partly cloudy throughout the day with morning rain.,rain,"78970011634,3EBY2,TTPP,TDW00011634"
"Chaguanas, Trinidad, Trinidad And Tobago",2025-06-25,85.9,78.9,81.1,97.2,78.9,87,76.5,86.1,0.047,100,8.33,rain,0,0,21.3,20.8,104.8,1014.2,75.8,5.3,196.2,17,6,30,2025-06-25T05:46:18,2025-06-25T18:30:41,0,"Rain, Partially cloudy",Partly cloudy throughout the day with rain.,rain,"78970011634,TTPP,TDW00011634"
"Chaguanas, Trinidad, Trinidad And Tobago",2025-06-26,87.7,77.1,82.1,99.4,77.1,87.4,75.5,80.9,0,0,0,rain,0,0,21.3,17.2,102.1,1014,64,6,267,22.9,8,10,2025-06-26T05:46:32,2025-06-26T18:30:52,0.04,Partially cloudy,Partly cloudy throughout the day.,partly-cloudy-day,"78970011634,TTPP,TDW00011634"
"Chaguanas, Trinidad, Trinidad And Tobago",2025-06-27,88.1,75.5,80.6,99.9,75.5,84.8,75.4,84.9,0.079,100,4.17,rain,0,0,18.1,17.2,106.3,1014.2,66.4,7,233.7,20.1,9,30,2025-06-27T05:46:47,2025-06-27T18:31:02,0.07,"Rain, Partially cloudy",Partly cloudy throughout the day with late afternoon rain.,rain,"78970011634,3EBY2,TTPP,TDW00011634"
"Chaguanas, Trinidad, Trinidad And Tobago",2025-06-28,89.4,75.1,81.3,102.6,75.1,86.3,75.9,84.7,0.567,100,8.33,rain,0,0,15.2,9.2,108.7,1013.9,71,7.8,246.3,21.3,8,30,2025-06-28T05:47:02,2025-06-28T18:31:12,0.1,"Rain, Partially cloudy",Partly cloudy throughout the day with rain in the morning and afternoon.,rain,"78970011634,TTPP,TDW00011634"
"Chaguanas, Trinidad, Trinidad And Tobago",2025-06-29,82.7,75.5,78.3,92.7,75.5,79.7,76.5,94.1,0.788,100,12.5,rain,0,0,22.1,10.3,98,1014.4,80.1,6,205.6,17.7,8,30,2025-06-29T05:47:17,2025-06-29T18:31:20,0.14,"Rain, Partially cloudy",Partly cloudy throughout the day with rain.,rain,"78970011634,TTPP,TDW00011634"
"Chaguanas, Trinidad, Trinidad And Tobago",2025-06-30,87.7,76.8,81.8,99.7,76.8,87,76.2,84,0.008,100,4.17,rain,0,0,20.1,18.3,104.8,1015.1,52.8,7.1,262.7,22.7,8,10,2025-06-30T05:47:32,2025-06-30T18:31:29,0.17,"Rain, Partially cloudy",Partly cloudy throughout the day with morning rain.,rain,"78970011634,TTPP,TDW00011634"
"Chaguanas, Trinidad, Trinidad And Tobago",2025-07-01,87.9,75.1,80.9,98.2,75.1,85.2,75.4,84.3,0,0,0,rain,0,0,16.3,16.1,117.3,1014.8,51.1,7.2,269.9,23.3,9,10,2025-07-01T05:47:47,2025-07-01T18:31:36,0.2,Partially cloudy,Partly cloudy throughout the day.,partly-cloudy-day,"78970011634,TTPP,TDW00011634"
"Chaguanas, Trinidad, Trinidad And Tobago",2025-07-02,87.8,76.8,82.1,100.1,76.8,87.4,75.5,81.2,0,0,0,rain,0,0,17,18.3,98.4,1015,35.9,7.7,240.6,20.7,7,10,2025-07-02T05:48:03,2025-07-02T18:31:44,0.25,Partially cloudy,Partly cloudy throughout the day.,partly-cloudy-day,"78970011634,TTPP,TDW00011634"
"Chaguanas, Trinidad, Trinidad And Tobago",2025-07-03,88.1,75.1,81.5,100,75.1,87.2,75.5,82.7,0,0,0,rain,0,0,15.7,15,110,1015.2,64.2,7.7,256.2,22,8,30,2025-07-03T05:48:18,2025-07-03T18:31:50,0.27,Partially cloudy,Partly cloudy throughout the day.,partly-cloudy-day,"78970011634,TTPP,TDW00011634"
"Chaguanas, Trinidad, Trinidad And Tobago",2025-07-04,86.3,76.9,80.6,97.7,76.9,85.3,76.4,87.5,0.032,100,8.33,rain,0,0,13.9,9.2,151.4,1016,78.4,7.6,166.1,14.4,6,30,2025-07-04T05:48:33,2025-07-04T18:31:56,0.3,"Rain, Partially cloudy",Partly cloudy throughout the day with rain in the morning and afternoon.,rain,"78970011634,TTPP,TDW00011634"
"Chaguanas, Trinidad, Trinidad And Tobago",2025-07-05,89.5,75.1,81.2,102.6,75.1,86.7,76,85,0,0,0,rain,0,0,17.4,11.4,106.1,1016,56.2,7.9,236.7,20.5,8,30,2025-07-05T05:48:49,2025-07-05T18:32:01,0.33,Partially cloudy,Partly cloudy throughout the day.,partly-cloudy-day,"78970011634,TTPP,TDW00011634"
"Chaguanas, Trinidad, Trinidad And Tobago",2025-07-06,86.3,75,80,95.3,75,83.6,74.4,83.4,0.024,100,8.33,rain,0,0,15.9,13.9,100,1015.4,46.5,8,250.1,21.6,8,30,2025-07-06T05:49:04,2025-07-06T18:32:05,0.36,"Rain, Partially cloudy",Partly cloudy throughout the day with rain.,rain,"78970011634,TTPP,TDW00011634"
"Chaguanas, Trinidad, Trinidad And Tobago",2025-07-07,86.3,73.7,79.7,97.9,73.7,84.2,75.5,87.4,0.074,100,8.33,rain,0,0,16.6,18.3,111.2,1014.8,44.7,8,256.7,22.2,8,30,2025-07-07T05:49:20,2025-07-07T18:32:09,0.4,"Rain, Partially cloudy",Partly cloudy throughout the day with rain.,rain,"78970011634,TTPP,TDW00011634,remote"
"Chaguanas, Trinidad, Trinidad And Tobago",2025-07-08,84,76.7,78.3,95.8,76.7,79.9,76.1,93,0.551,100,12.5,rain,0,0,25.9,16.1,107.7,1015.5,71.9,7.3,75.2,6.4,3,30,2025-07-08T05:49:35,2025-07-08T18:32:12,0.43,"Rain, Partially cloudy",Partly cloudy throughout the day with rain.,rain,"78970011634,TTPP,TDW00011634"
"Chaguanas, Trinidad, Trinidad And Tobago",2025-07-09,82.5,75.5,78.4,91.6,75.5,80.2,76.5,94.1,1.771,100,12.5,rain,0,0,16.6,13.9,91.4,1015.5,65.1,6.5,229.1,19.9,8,30,2025-07-09T05:49:50,2025-07-09T18:32:14,0.46,"Rain, Partially cloudy",Partly cloudy throughout the day with rain.,rain,"78970011634,TTPP,TDW00011634"
"Chaguanas, Trinidad, Trinidad And Tobago",2025-07-10,85.8,73.5,79.4,96.9,73.5,83.3,76.1,89.8,0.118,100,4.17,rain,0,0,18.6,13.9,102.5,1015.1,52.3,8,255.4,22,9,30,2025-07-10T05:50:06,2025-07-10T18:32:15,0.5,"Rain, Partially cloudy",Partly cloudy throughout the day with late afternoon rain.,rain,"78970011634,TTPP,TDW00011634"
"Chaguanas, Trinidad, Trinidad And Tobago",2025-07-11,89.4,75.5,81.7,99.9,75.5,86.8,76.1,84.4,0.039,100,4.17,rain,0,0,16.8,12.8,110.3,1015.4,66.3,8.1,270.3,23.2,9,30,2025-07-11T05:50:21,2025-07-11T18:32:16,0.53,"Rain, Partially cloudy",Partly cloudy throughout the day with morning rain.,rain,"78970011634,TTPP,TDW00011634"
"Chaguanas, Trinidad, Trinidad And Tobago",2025-07-12,88.1,75.1,81.7,100.2,75.1,87.4,76,83.6,0,0,0,rain,0,0,18.6,17.2,135.4,1015.7,69.8,7.7,193.5,16.7,7,30,2025-07-12T05:50:36,2025-07-12T18:32:16,0.56,Partially cloudy,Partly cloudy throughout the day.,partly-cloudy-day,"78970011634,TTPP,TDW00011634"
"Chaguanas, Trinidad, Trinidad And Tobago",2025-07-13,87.6,75.3,81.4,99.9,75.3,87.4,75.7,83.4,0,0,0,rain,0,0,13,13.9,122.5,1015.6,47.1,7.6,265.4,22.8,8,10,2025-07-13T05:50:50,2025-07-13T18:32:15,0.6,Partially cloudy,Partly cloudy throughout the day.,partly-cloudy-day,"78970011634,TTPP,TDW00011634"
"Chaguanas, Trinidad, Trinidad And Tobago",2025-07-14,88.3,75.1,81.4,95.9,75.1,85.1,73.9,79.5,0,0,0,,0,0,16.3,17.2,110.1,1016.2,26,7.4,291.9,25.1,9,10,2025-07-14T05:51:05,2025-07-14T18:32:13,0.64,Partially cloudy,Partly cloudy throughout the day.,partly-cloudy-day,"78970011634,TTPP,TDW00011634"
"Chaguanas, Trinidad, Trinidad And Tobago",2025-07-15,87.5,73.3,80.1,101.5,73.3,85.5,75.5,86.2,0.787,100,4.17,rain,0,0,13.2,11.4,20.3,1014.9,48.9,7.7,244.6,21.2,8,30,2025-07-15T05:51:20,2025-07-15T18:32:10,0.67,"Rain, Partially cloudy",Partly cloudy throughout the day with late afternoon rain.,rain,"78970011634,TTPP,TDW00011634"
"Chaguanas, Trinidad, Trinidad And Tobago",2025-07-16,89.6,75.1,81.8,102.6,75.1,87.7,75.6,82.3,0,0,0,rain,0,0,32.2,21.9,106.2,1013.8,41.9,9,294.3,25.4,9,30,2025-07-16T05:51:34,2025-07-16T18:32:07,0.71,Partially cloudy,Partly cloudy throughout the day.,partly-cloudy-day,"78970011634,TTPP,TDW00011634"
"Chaguanas, Trinidad, Trinidad And Tobago",2025-07-17,89.4,75,81.7,102.3,75,88,76.2,84.4,0.004,100,4.17,rain,0,0,19.7,17.2,89.3,1013.8,40.1,7,239.3,20.7,8,30,2025-07-17T05:51:48,2025-07-17T18:32:03,0.75,"Rain, Partially cloudy",Partly cloudy throughout the day with morning rain.,rain,"78970011634,TTPP,TDW00011634"
"Chaguanas, Trinidad, Trinidad And Tobago",2025-07-18,84.3,73.3,79,96.2,73.3,81.6,75.7,89.9,0.039,100,4.17,rain,0,0,18.8,16.1,96.1,1014.8,66.5,7.3,143.4,12.5,4,30,2025-07-18T05:52:02,2025-07-18T18:31:58,0.78,"Rain, Partially cloudy",Partly cloudy throughout the day with afternoon rain.,rain,"78970011634,TTPP,TDW00011634"
"Chaguanas, Trinidad, Trinidad And Tobago",2025-07-19,89.4,75.3,80.8,104.5,75.3,85.9,76.1,86.6,0.157,100,4.17,rain,0,0,16.1,16.1,107.6,1014.5,60.3,7.8,218.1,18.7,8,30,2025-07-19T05:52:15,2025-07-19T18:31:52,0.82,"Rain, Partially cloudy",Partly cloudy throughout the day with late afternoon rain.,rain,"78970011634,TTPP,TDW00011634"
"Chaguanas, Trinidad, Trinidad And Tobago",2025-07-20,87.9,76.8,81.5,99.4,76.8,86.4,76,84.6,0.382,100,4.17,rain,0,0,19.2,15,91.5,1014.8,64.4,7.7,194.2,16.8,7,30,2025-07-20T05:52:28,2025-07-20T18:31:45,0.85,"Rain, Partially cloudy",Partly cloudy throughout the day with morning rain.,rain,"78970011634,TTPP,TDW00011634"
"Chaguanas, Trinidad, Trinidad And Tobago",2025-07-21,87.9,75.2,81.4,102,75.2,87.2,76.4,85.4,0,0,0,rain,0,0,19,16.1,93.4,1013.1,52.3,7.9,240.9,20.7,9,30,2025-07-21T05:52:41,2025-07-21T18:31:38,0.89,Partially cloudy,Partly cloudy throughout the day.,partly-cloudy-day,"78970011634,3EBY2,TTPP,TDW00011634"
"Chaguanas, Trinidad, Trinidad And Tobago",2025-07-22,87.6,76.8,81.6,101.7,76.8,87.6,76.9,86.4,0.315,100,4.17,rain,0,0,15.4,12.8,108.8,1012.9,60.5,7.5,268.5,23.2,9,30,2025-07-22T05:52:54,2025-07-22T18:31:30,0.92,"Rain, Partially cloudy",Partly cloudy throughout the day with afternoon rain.,rain,"78970011634,TTPP,TDW00011634"
"Chaguanas, Trinidad, Trinidad And Tobago",2025-07-23,88.1,73.5,81,102.5,73.5,86.9,77,88.1,1.15,100,8.33,rain,0,0,27.7,13.9,107.4,1014.5,64.7,8.1,225.5,19.3,8,30,2025-07-23T05:53:06,2025-07-23T18:31:20,0.96,"Rain, Partially cloudy",Partly cloudy throughout the day with rain.,rain,"78970011634,3EBY2,TTPP,TDW00011634"
"Chaguanas, Trinidad, Trinidad And Tobago",2025-07-24,80.9,75.1,77.6,88.6,75.1,79.2,76.3,95.8,0.905,100,8.33,rain,0,0,18.8,9.3,98.3,1014.7,69.7,6.1,183.7,15.6,7,30,2025-07-24T05:53:18,2025-07-24T18:31:10,0,"Rain, Partially cloudy",Partly cloudy throughout the day with rain in the morning and afternoon.,rain,"78970011634,TTPP,TDW00011634"
"Chaguanas, Trinidad, Trinidad And Tobago",2025-07-25,89.5,75,80.3,102.4,75,84.8,76.2,88.2,0,0,0,rain,0,0,16.8,13.9,94.3,1012.5,57.1,6.7,223.6,19.4,7,30,2025-07-25T05:53:30,2025-07-25T18:31:00,0.03,Partially cloudy,Becoming cloudy in the afternoon.,partly-cloudy-day,"78970011634,TTPP,TDW00011634"
"Chaguanas, Trinidad, Trinidad And Tobago",2025-07-26,89.4,75.3,81.2,102.6,75.3,87.2,76.9,87.6,0,0,0,rain,0,0,15.9,12.8,119.3,1012.4,70.9,7.5,264,22.7,8,60,2025-07-26T05:53:41,2025-07-26T18:30:48,0.06,Partially cloudy,Partly cloudy throughout the day.,partly-cloudy-day,"78970011634,3EBY2,TTPP,TDW00011634"
"Chaguanas, Trinidad, Trinidad And Tobago",2025-07-27,87.6,77.1,81.2,99.9,77.1,86.9,77.2,88.3,0.315,100,4.17,rain,0,0,18.8,11.4,109.3,1013.7,61.2,8,249.9,21.5,8,30,2025-07-27T05:53:52,2025-07-27T18:30:35,0.09,"Rain, Partially cloudy",Partly cloudy throughout the day with afternoon rain.,rain,"78970011634,3EBY2,TTPP,TDW00011634"
"Chaguanas, Trinidad, Trinidad And Tobago",2025-07-28,88.1,76.9,81.8,108.3,76.9,89.2,78.1,89.1,0.331,100,8.33,rain,0,0,20.4,16.1,101.6,1014.5,53.7,7.2,263.9,22.7,9,60,2025-07-28T05:54:03,2025-07-28T18:30:22,0.12,"Rain, Partially cloudy",Partly cloudy throughout the day with rain in the morning and afternoon.,rain,"78970011634,3EBY2,TTPP,TDW00011634"
"Chaguanas, Trinidad, Trinidad And Tobago",2025-07-29,89.7,77.1,82.6,102.4,77.1,88.5,76.5,82.9,0,0,0,rain,0,0,16.3,12.8,96.6,1014.6,36.3,6.9,283.2,24.3,9,30,2025-07-29T05:54:13,2025-07-29T18:30:08,0.16,Partially cloudy,Partly cloudy throughout the day.,partly-cloudy-day,"78970011634,TTPP,TDW00011634"
"Chaguanas, Trinidad, Trinidad And Tobago",2025-07-30,89.5,73.3,81,102,73.3,85.5,74.1,80.7,0,0,0,rain,0,0,13,11.4,103,1014.6,29.7,7.3,286.7,24.8,9,30,2025-07-30T05:54:23,2025-07-30T18:29:53,0.19,Partially cloudy,Partly cloudy throughout the day.,partly-cloudy-day,"78970011634,3EBY2,TTPP,TDW00011634"
"Chaguanas, Trinidad, Trinidad And Tobago",2025-07-31,87.5,74.9,80.6,101.5,74.9,86.6,75.9,85.8,0.004,100,4.17,rain,0,0,16.8,13.9,98.5,1015.4,61.2,7.1,265.2,22.7,9,30,2025-07-31T05:54:32,2025-07-31T18:29:37,0.22,"Rain, Partially cloudy",Partly cloudy throughout the day with morning rain.,rain,"78970011634,TTPP,TDW00011634"
"Chaguanas, Trinidad, Trinidad And Tobago",2025-08-01,87.8,76.8,81.4,102.5,76.8,87.3,77.1,87.4,0,0,0,rain,0,0,17.2,11.4,99.6,1015.8,59.5,7.2,247.9,21.5,9,30,2025-08-01T05:54:41,2025-08-01T18:29:20,0.25,Partially cloudy,Partly cloudy throughout the day.,partly-cloudy-day,"78970011634,TTPP,TDW00011634"
"Chaguanas, Trinidad, Trinidad And Tobago",2025-08-02,87.7,77.3,81.5,101.8,77.3,87.1,77.3,87.6,0.358,100,12.5,rain,0,0,22.6,15,114.4,1015.9,52.8,7.5,252,21.7,8,30,2025-08-02T05:54:50,2025-08-02T18:29:03,0.29,"Rain, Partially cloudy",Partly cloudy throughout the day with rain.,rain,"78970011634,TTPP,TDW00011634"
"Chaguanas, Trinidad, Trinidad And Tobago",2025-08-03,87.8,76.7,81.8,101.6,76.7,87.9,76.6,85.1,0,0,0,,0,0,19.5,16.1,113.4,1014.6,42.5,8.7,261.3,22.6,9,30,2025-08-03T05:54:58,2025-08-03T18:28:44,0.32,Partially cloudy,Partly cloudy throughout the day.,partly-cloudy-day,"78970011634,TTPP,TDW00011634"
"Chaguanas, Trinidad, Trinidad And Tobago",2025-08-04,89.4,76.9,82.5,104.5,76.9,89.3,76.9,84.1,0.161,100,4.17,rain,0,0,18.1,13.9,99.8,1014.5,48.4,7.5,242.2,20.7,9,30,2025-08-04T05:55:06,2025-08-04T18:28:25,0.35,"Rain, Partially cloudy",Partly cloudy throughout the day with morning rain.,rain,"78970011634,3EBY2,TTPP,TDW00011634"
"Chaguanas, Trinidad, Trinidad And Tobago",2025-08-05,88.1,77.3,82,102.5,77.3,88.5,77.5,86.8,0.055,100,8.33,rain,0,0,17,15,97.6,1015.4,56,7.6,208.5,18,7,30,2025-08-05T05:55:13,2025-08-05T18:28:05,0.38,"Rain, Partially cloudy",Partly cloudy throughout the day with rain in the morning and afternoon.,rain,"78970011634,3EBY2,TTPP,TDW00011634"
"Chaguanas, Trinidad, Trinidad And Tobago",2025-08-06,89.6,76.7,81.5,102.7,76.7,86.4,76.2,84.9,0.083,100,8.33,rain,0,0,19.9,15,105.3,1015,66.8,7.2,260.3,22.5,9,30,2025-08-06T05:55:20,2025-08-06T18:27:45,0.41,"Rain, Partially cloudy",Partly cloudy throughout the day with rain in the morning and afternoon.,rain,"78970011634,3EBY2,TTPP,TDW00011634"
"Chaguanas, Trinidad, Trinidad And Tobago",2025-08-07,80.3,73.7,76.7,86.5,73.7,76.9,75,94.7,1.316,100,12.5,rain,0,0,21,16.1,105.4,1013,82.9,6.1,148.1,12.7,6,30,2025-08-07T05:55:27,2025-08-07T18:27:23,0.45,"Rain, Partially cloudy",Partly cloudy throughout the day with rain.,rain,"78970011634,TTPP,TDW00011634"
"Chaguanas, Trinidad, Trinidad And Tobago",2025-08-08,87.5,76.9,81,102,76.9,86.8,77.3,89.4,0.055,100,8.33,rain,0,0,19.5,13.9,115.2,1012.5,75.9,7.1,232.8,20.1,8,60,2025-08-08T05:55:33,2025-08-08T18:27:01,0.48,"Rain, Partially cloudy",Partly cloudy throughout the day with rain in the morning and afternoon.,rain,"78970011634,3EBY2,TTPP,TDW00011634"
"Chaguanas, Trinidad, Trinidad And Tobago",2025-08-09,84.5,76.9,80.2,94.7,76.9,84.3,76.2,88,0.54,100,8.33,rain,0,0,17.7,10.3,282.1,1014.1,76.8,7.4,224.4,19.6,8,30,2025-08-09T05:55:38,2025-08-09T18:26:38,0.5,"Rain, Partially cloudy",Partly cloudy throughout the day with rain in the morning and afternoon.,rain,"78970011634,3EBY2,TTPP,TDW00011634"
"Chaguanas, Trinidad, Trinidad And Tobago",2025-08-10,89.5,75.2,81.5,100.2,75.2,86.4,75.4,83,0,0,0,rain,0,0,14.3,15,108.1,1014.4,70.8,8.6,204,17.6,7,30,2025-08-10T05:55:44,2025-08-10T18:26:15,0.55,Partially cloudy,Partly cloudy throughout the day.,partly-cloudy-day,"78970011634,TTPP,TDW00011634"
"Chaguanas, Trinidad, Trinidad And Tobago",2025-08-11,89.7,75.5,82.6,104.7,75.5,89.6,76.6,83,0,0,0,rain,0,0,15.9,12.8,115.4,1013.6,58.8,8.2,251.9,21.7,8,60,2025-08-11T05:55:49,2025-08-11T18:25:50,0.58,Partially cloudy,Partly cloudy throughout the day.,partly-cloudy-day,"78970011634,TTPP,TDW00011634"
"Chaguanas, Trinidad, Trinidad And Tobago",2025-08-12,89.9,77.3,83.6,105.2,77.3,92.1,76.9,80.7,0,0,0,rain,0,0,18.1,16.1,101.8,1012.8,46.7,5.3,261.9,22.5,9,30,2025-08-12T05:55:53,2025-08-12T18:25:25,0.62,Partially cloudy,Partly cloudy throughout the day.,partly-cloudy-day,"78970011634,3EBY2,TTPP,TDW00011634"
"Chaguanas, Trinidad, Trinidad And Tobago",2025-08-13,89.7,75.5,82.5,102.6,75.5,88.6,75.6,80.4,0,0,0,rain,0,0,15.4,12.8,109.8,1012.1,47.6,7.2,264.3,22.9,9,30,2025-08-13T05:55:57,2025-08-13T18:25:00,0.66,Partially cloudy,Partly cloudy throughout the day.,partly-cloudy-day,"78970011634,3EBY2,TTPP,TDW00011634"
"Chaguanas, Trinidad, Trinidad And Tobago",2025-08-14,85.8,75.5,80.8,99.1,75.5,86.8,77,88.6,0.012,100,4.17,rain,0,0,14.8,11.4,117.4,1012.8,54.9,7.4,243.7,21,8,30,2025-08-14T05:56:01,2025-08-14T18:24:33,0.69,"Rain, Partially cloudy",Partly cloudy throughout the day with late afternoon rain.,rain,"78970011634,TTPP,TDW00011634"
"Chaguanas, Trinidad, Trinidad And Tobago",2025-08-15,86.3,76.8,78.9,99.5,76.8,81.5,76.6,92.8,0.63,100,4.17,rain,0,0,16.3,6.9,129,1013.3,75,7.7,260,22.3,9,30,2025-08-15T05:56:04,2025-08-15T18:24:06,0.73,"Rain, Partially cloudy",Partly cloudy throughout the day with afternoon rain.,rain,"78970011634,TTPP,TDW00011634"
"Chaguanas, Trinidad, Trinidad And Tobago",2025-08-16,87.5,75,78.4,102.1,75,81.5,76,92.7,4.094,100,8.33,rain,0,0,20.6,15,73.3,1012.5,68.5,7.4,257.7,22.4,8,30,2025-08-16T05:56:07,2025-08-16T18:23:38,0.75,"Rain, Partially cloudy",Partly cloudy throughout the day with rain.,rain,"78970011634,TTPP,TDW00011634"
"Chaguanas, Trinidad, Trinidad And Tobago",2025-08-17,91.2,75,82.2,107.7,75,89.6,76.9,85.1,0,0,0,rain,0,0,19.9,13.9,139.7,1012.4,53.7,7.6,265.3,22.9,9,30,2025-08-17T05:56:10,2025-08-17T18:23:10,0.8,Partially cloudy,Partly cloudy throughout the day.,partly-cloudy-day,"78970011634,TTPP,TDW00011634"
"Chaguanas, Trinidad, Trinidad And Tobago",2025-08-18,91.2,76.8,82.8,104.4,76.8,89.6,76.6,82.3,0,0,0,,0,0,18.6,13.9,123.6,1013.6,54.1,9,267,23.1,9,30,2025-08-18T05:56:12,2025-08-18T18:22:41,0.84,Partially cloudy,Partly cloudy throughout the day.,partly-cloudy-day,"78970011634,TTPP,TDW00011634"
"Chaguanas, Trinidad, Trinidad And Tobago",2025-08-19,89.7,76.8,82.7,104.5,76.8,89.6,76.4,82.1,0.004,100,4.17,rain,0,0,17.2,11.4,135.4,1013.7,64.7,8.2,271.4,23.3,9,60,2025-08-19T05:56:13,2025-08-19T18:22:11,0.87,"Rain, Partially cloudy",Partly cloudy throughout the day with afternoon rain.,rain,"78970011634,TTPP,TDW00011634"
"Chaguanas, Trinidad, Trinidad And Tobago",2025-08-20,91.1,76.7,82.9,109.9,76.7,90.6,76.8,82.3,0,0,0,rain,0,0,18.6,13.9,110.7,1012.8,54.3,6.2,255.7,22,8,60,2025-08-20T05:56:15,2025-08-20T18:21:41,0.91,Partially cloudy,Partly cloudy throughout the day.,partly-cloudy-day,"78970011634,3EBY2,TTPP,TDW00011634"
"Chaguanas, Trinidad, Trinidad And Tobago",2025-08-21,89.7,76.8,82.2,103,76.8,89,76.8,84.6,0.039,100,4.17,rain,0,0,16.1,12.8,121.7,1011.6,64.6,5.4,269.8,23.5,9,60,2025-08-21T05:56:16,2025-08-21T18:21:10,0.94,"Rain, Partially cloudy",Partly cloudy throughout the day with morning rain.,rain,"78970011634,3EBY2,TTPP,TDW00011634"
"Chaguanas, Trinidad, Trinidad And Tobago",2025-08-22,89.9,77.3,83.7,105.7,77.3,92.3,77.6,82.8,0,0,0,rain,0,0,17.7,12.8,123.5,1012.2,61.3,7,251.7,21.7,8,60,2025-08-22T05:56:16,2025-08-22T18:20:39,0.98,Partially cloudy,Partly cloudy throughout the day.,partly-cloudy-day,"78970011634,TTPP,TDW00011634"
"Chaguanas, Trinidad, Trinidad And Tobago",2025-08-23,89.5,76.9,82.3,104.7,76.9,89,76.7,83.7,0,0,0,rain,0,0,15.9,11.4,103.2,1013.2,56.5,7.1,233.6,20.2,8,60,2025-08-23T05:56:17,2025-08-23T18:20:07,0,Partially cloudy,Partly cloudy throughout the day.,partly-cloudy-day,"78970011634,3EBY2,TTPP,TDW00011634"
"Chaguanas, Trinidad, Trinidad And Tobago",2025-08-24,89.4,75.2,80.9,104.4,75.2,86.9,76.7,87.7,0.004,100,4.17,rain,0,0,19.2,12.8,112.3,1012.7,64,6.6,244,21,9,30,2025-08-24T05:56:17,2025-08-24T18:19:35,0.05,"Rain, Partially cloudy",Partly cloudy throughout the day with morning rain.,rain,"78970011634,TTPP,TDW00011634"
"Chaguanas, Trinidad, Trinidad And Tobago",2025-08-25,89.6,77,82.2,108.2,77,89.7,77.5,86.3,0.044,100,33.33,rain,0,0,17.2,11.4,124,1012.9,58.5,6.2,240.8,20.7,7,60,2025-08-25T05:56:16,2025-08-25T18:19:02,0.08,"Rain, Partially cloudy",Partly cloudy throughout the day with a chance of rain throughout the day.,rain,"78970011634,3EBY2,TTPP,TDW00011634"
"Chaguanas, Trinidad, Trinidad And Tobago",2025-08-26,87.8,77,81.1,100,77,87,76.8,87.1,0.139,100,29.17,rain,0,0,18.1,9.2,118.1,1014.2,40.7,6.2,247.4,21.3,8,30,2025-08-26T05:56:16,2025-08-26T18:18:29,0.11,"Rain, Partially cloudy",Partly cloudy throughout the day with a chance of rain throughout the day.,rain,"3EBY2,TTPP,TDW00011634"
"Chaguanas, Trinidad, Trinidad And Tobago",2025-08-27,89.6,77,83.1,105.2,77,90.5,77.1,83.1,0.036,100,12.5,rain,0,0,20.1,12.8,138.7,1015.3,59.6,6,275.1,24,9,60,2025-08-27T05:56:15,2025-08-27T18:17:55,0.14,"Rain, Partially cloudy",Partly cloudy throughout the day with morning rain.,rain,"TTPP,TDW00011634"
"Chaguanas, Trinidad, Trinidad And Tobago",2025-08-28,84.2,77,80.1,96.2,77,85,76.9,89.9,0.055,100,20.83,rain,0,0,17,11.4,118.5,1015.9,52.7,6.2,254.5,22.2,9,60,2025-08-28T05:56:14,2025-08-28T18:17:21,0.17,"Rain, Partially cloudy",Partly cloudy throughout the day with rain.,rain,"TTPP,TDW00011634"
"Chaguanas, Trinidad, Trinidad And Tobago",2025-08-29,91.4,75.2,81.9,107.9,75.2,89.1,76.6,84.7,0.636,100,62.5,rain,0,0,17.7,10.3,101.9,1013.1,60.6,6.1,166.2,14.4,6,30,2025-08-29T05:56:12,2025-08-29T18:16:46,0.21,"Rain, Partially cloudy",Partly cloudy throughout the day with a chance of rain throughout the day.,rain,"TTPP,TDW00011634"
"Chaguanas, Trinidad, Trinidad And Tobago",2025-08-30,87.7,76.9,80.1,104.9,76.9,84,77.4,91.6,0.064,100,20.83,rain,0,0,20.1,11.4,108.6,1011.6,30.2,6.2,223.5,19.3,8,60,2025-08-30T05:56:10,2025-08-30T18:16:11,0.24,"Rain, Partially cloudy",Partly cloudy throughout the day with rain in the morning and afternoon.,rain,TTPP
"Chaguanas, Trinidad, Trinidad And Tobago",2025-08-31,89.5,76.9,81.4,107.8,76.9,88.3,77.8,89.4,0.048,100,45.83,rain,0,0,16.8,12.8,109.7,1012.6,36,5.8,244.6,21.1,9,60,2025-08-31T05:56:08,2025-08-31T18:15:36,0.25,"Rain, Partially cloudy",Partly cloudy throughout the day with a chance of rain throughout the day.,rain,"3EBY2,TTPP"
"Chaguanas, Trinidad, Trinidad And Tobago",2025-09-01,87.3,76.9,81.5,101.6,76.9,87.6,77.5,88.1,0.076,100,41.67,rain,0,0,16.6,11.4,110.9,1012.9,37.1,6.2,253.2,22,8,60,2025-09-01T05:56:06,2025-09-01T18:15:00,0.3,"Rain, Partially cloudy",Partly cloudy throughout the day with a chance of rain throughout the day.,rain,"3EBY2,TTPP"
"Chaguanas, Trinidad, Trinidad And Tobago",2025-09-02,87.9,75.2,79.4,102.8,75.2,82.7,76.4,91.1,0.163,100,33.33,rain,0,0,18.3,11.4,114.7,1013.4,50,6,263.8,22.9,9,60,2025-09-02T05:56:04,2025-09-02T18:14:24,0.34,"Rain, Partially cloudy",Partly cloudy throughout the day with rain.,rain,"3EBY2,TTPP,TDW00011634"
"Chaguanas, Trinidad, Trinidad And Tobago",2025-09-03,87.8,75.2,80.7,102.4,75.2,86.7,76.7,88.4,0.238,100,50,rain,0,0,14.8,15,112.2,1013.1,49.1,6.3,236.7,20.5,7,30,2025-09-03T05:56:01,2025-09-03T18:13:47,0.37,"Rain, Partially cloudy",Partly cloudy throughout the day with a chance of rain throughout the day.,rain,"TTPP,TDW00011634"
"Chaguanas, Trinidad, Trinidad And Tobago",2025-09-04,89.6,77,82.2,102.4,77,88.4,76.9,84.7,0.179,100,50,rain,0,0,14.5,13.9,106.8,1012.9,50.5,6.2,259.9,22.4,9,30,2025-09-04T05:55:58,2025-09-04T18:13:10,0.4,"Rain, Partially cloudy",Partly cloudy throughout the day with a chance of rain throughout the day.,rain,"TTPP,TDW00011634"
"Chaguanas, Trinidad, Trinidad And Tobago",2025-09-05,87.8,77,80.6,102.4,77,85,76.9,89,0.158,100,62.5,rain,0,0,17.2,20.8,120.3,1013.4,59.7,6.1,251.7,21.7,8,30,2025-09-05T05:55:55,2025-09-05T18:12:33,0.43,"Rain, Partially cloudy",Partly cloudy throughout the day with a chance of rain throughout the day.,rain,"3EBY2,TTPP,TDW00011634"
"Chaguanas, Trinidad, Trinidad And Tobago",2025-09-06,84.2,75.2,78.1,96.2,75.2,79.9,75,90.2,0.367,100,58.33,rain,0,0,21.9,11.4,118.7,1013.6,72.6,5.8,179.3,15.5,7,30,2025-09-06T05:55:52,2025-09-06T18:11:56,0.46,"Rain, Partially cloudy",Partly cloudy throughout the day with a chance of rain throughout the day.,rain,"TTPP,TDW00011634"
"Chaguanas, Trinidad, Trinidad And Tobago",2025-09-07,89.6,75.2,81.4,105.2,75.2,88.2,76.3,85.4,0.016,100,4.17,rain,0,0,15.7,12.8,119.3,1014.2,53.3,6.2,266.2,23,10,30,2025-09-07T05:55:49,2025-09-07T18:11:18,0.5,"Rain, Partially cloudy",Partly cloudy throughout the day with early morning rain.,rain,"TTPP,TDW00011634"
"Chaguanas, Trinidad, Trinidad And Tobago",2025-09-08,89.6,75.2,82.1,102.4,75.2,87.7,75.5,81.7,0.079,100,25,rain,0,0,13,9.2,114.4,1014.1,28.2,6.5,265.6,23.1,9,30,2025-09-08T05:55:45,2025-09-08T18:10:41,0.53,"Rain, Partially cloudy",Partly cloudy throughout the day with afternoon rain.,rain,"TTPP,TDW00011634"
"Chaguanas, Trinidad, Trinidad And Tobago",2025-09-09,86,73.4,79.3,97.2,73.4,83.2,76.1,90.3,0.307,100,20.83,rain,0,0,14.8,10.3,120.5,1014.4,41.3,6.3,244.3,21.1,8,30,2025-09-09T05:55:41,2025-09-09T18:10:03,0.57,"Rain, Partially cloudy",Partly cloudy throughout the day with afternoon rain.,rain,"TTPP,TDW00011634"
"Chaguanas, Trinidad, Trinidad And Tobago",2025-09-10,89.6,75.2,82.2,105.2,75.2,90.1,77.2,85.7,0.036,100,16.67,rain,0,0,17,15,112.5,1013.7,54.3,5.9,246.3,21.3,9,60,2025-09-10T05:55:38,2025-09-10T18:09:25,0.6,"Rain, Partially cloudy",Partly cloudy throughout the day with afternoon rain.,rain,"TTPP,TDW00011634"
"Chaguanas, Trinidad, Trinidad And Tobago",2025-09-11,89.6,75.2,80.8,105.2,75.2,85.8,77.1,88.9,0.292,100,54.17,rain,0,0,14.5,11.4,120,1012.7,64.2,6,219.7,18.9,8,30,2025-09-11T05:55:34,2025-09-11T18:08:46,0.64,"Rain, Partially cloudy",Partly cloudy throughout the day with a chance of rain throughout the day.,rain,"TTPP,TDW00011634"
"Chaguanas, Trinidad, Trinidad And Tobago",2025-09-12,89.5,75.2,81.5,105.2,75.2,88.6,77.2,87.3,0.103,100,25,rain,0,0,13.9,10.3,124.2,1012.3,54.8,6.2,244.8,21.2,9,60,2025-09-12T05:55:30,2025-09-12T18:08:08,0.67,"Rain, Partially cloudy",Partly cloudy throughout the day with rain in the morning and afternoon.,rain,"3EBY2,TTPP,TDW00011634"
"Chaguanas, Trinidad, Trinidad And Tobago",2025-09-13,89.6,75.2,80.2,108.2,75.2,84.6,76.6,89.1,0.162,100,33.33,rain,0,0,15.2,12.8,359.8,1012,61.1,5.9,251.8,21.7,9,60,2025-09-13T05:55:26,2025-09-13T18:07:29,0.71,"Rain, Partially cloudy",Partly cloudy throughout the day with a chance of rain throughout the day.,rain,"TTPP,TDW00011634"
"Chaguanas, Trinidad, Trinidad And Tobago",2025-09-14,86,75.2,79.3,99.5,75.2,83.2,76.7,92.2,0.291,100,50,rain,0,0,18.8,11.4,99.8,1011.9,63,6.1,218.4,18.9,8,30,2025-09-14T05:55:22,2025-09-14T18:06:51,0.75,"Rain, Partially cloudy",Partly cloudy throughout the day with a chance of rain throughout the day.,rain,"3EBY2,TTPP,TDW00011634"
"Chaguanas, Trinidad, Trinidad And Tobago",2025-09-15,89.6,77,81,105.2,77,85.9,76.8,87.4,0.286,100,54.17,rain,0,0,14.5,11.4,101,1012.2,56,6.2,238.4,20.7,8,60,2025-09-15T05:55:18,2025-09-15T18:06:12,0.78,"Rain, Partially cloudy",Partly cloudy throughout the day with a chance of rain throughout the day.,rain,"3EBY2,TTPP,TDW00011634"
"Chaguanas, Trinidad, Trinidad And Tobago",2025-09-16,86,77,80.2,99.5,77,84.8,77.1,90.5,0.214,100,41.67,rain,0,0,13.9,8.1,110.8,1011.2,61.8,5.9,251.4,21.7,9,60,2025-09-16T05:55:14,2025-09-16T18:05:33,0.82,"Rain, Partially cloudy",Partly cloudy throughout the day with rain.,rain,"3EBY2,TTPP,TDW00011634"
"Chaguanas, Trinidad, Trinidad And Tobago",2025-09-17,87.8,75.2,81.4,105.2,75.2,88.6,77.6,88.7,0.153,100,25,rain,0,0,13.4,16.1,121.7,1010.6,66.5,6.2,265.3,22.9,9,30,2025-09-17T05:55:10,2025-09-17T18:04:54,0.85,"Rain, Partially cloudy",Partly cloudy throughout the day with rain in the morning and afternoon.,rain,"3EBY2,TTPP,TDW00011634"
"Chaguanas, Trinidad, Trinidad And Tobago",2025-09-18,91.4,77,81.5,105.2,77,87.6,77.2,87.7,0.02,100,12.5,rain,0,0,14.8,12.8,108.9,1011.1,64.9,6.2,241.5,21,8,60,2025-09-18T05:55:06,2025-09-18T18:04:15,0.89,"Rain, Partially cloudy",Partly cloudy throughout the day with afternoon rain.,rain,"3EBY2,TTPP,TDW00011634"
"Chaguanas, Trinidad, Trinidad And Tobago",2025-09-19,89.6,75.2,82.6,105.2,75.2,90.7,77.5,85.4,0.071,100,29.17,rain,0,0,15.4,9.2,123.8,1012.5,65.4,6.2,274.5,23.6,9,60,2025-09-19T05:55:02,2025-09-19T18:03:37,0.92,"Rain, Partially cloudy",Partly cloudy throughout the day with rain in the morning and afternoon.,rain,"3EBY2,TTPP,TDW00011634"
"Chaguanas, Trinidad, Trinidad And Tobago",2025-09-20,91.4,77,83.4,111,77,92,77.9,84.5,0.036,100,25,rain,0,0,16.6,11.4,125.1,1013.3,44.9,6.2,258.5,22.4,9,30,2025-09-20T05:54:58,2025-09-20T18:02:58,0.96,"Rain, Partially cloudy",Partly cloudy throughout the day with rain in the morning and afternoon.,rain,"3EBY2,TTPP,TDW00011634"
"Chaguanas, Trinidad, Trinidad And Tobago",2025-09-21,89.6,77,83.3,105.2,77,91.4,77.1,82.5,0.02,100,20.83,rain,0,0,16.8,13.9,119.9,1012.5,43.9,6.2,269.7,23.4,9,60,2025-09-21T05:54:54,2025-09-21T18:02:19,0,"Rain, Partially cloudy",Partly cloudy throughout the day with afternoon rain.,rain,"3EBY2,TTPP,TDW00011634"
"Chaguanas, Trinidad, Trinidad And Tobago",2025-09-22,89.6,75.2,81.6,102.6,75.2,87.5,76.9,86.3,0.072,100,29.17,rain,0,0,16.3,11.4,113.9,1011.6,43.7,6.1,262.5,22.7,9,30,2025-09-22T05:54:50,2025-09-22T18:01:41,0.03,"Rain, Partially cloudy",Partly cloudy throughout the day with rain.,rain,"3EBY2,TTPP,TDW00011634"
"Chaguanas, Trinidad, Trinidad And Tobago",2025-09-23,86,77,79,102,77,81,77,93.7,0.122,100,33.33,rain,0,0,20.4,13.9,101.7,1012,56.7,6.3,219.7,19,7,60,2025-09-23T05:54:47,2025-09-23T18:01:02,0.06,"Rain, Partially cloudy",Partly cloudy throughout the day with a chance of rain throughout the day.,rain,"TTPP,TDW00011634"
"Chaguanas, Trinidad, Trinidad And Tobago",2025-09-24,89.6,77,82,105.2,77,89,77.4,86.7,0,0,0,,0,0,20.6,13.9,125.2,1013.7,59.5,6.3,274.6,23.8,9,60,2025-09-24T05:54:43,2025-09-24T18:00:24,0.09,Partially cloudy,Partly cloudy throughout the day.,partly-cloudy-day,"3EBY2,TTPP,TDW00011634"
"Chaguanas, Trinidad, Trinidad And Tobago",2025-09-25,89.6,77,83,102.6,77,89.9,76.8,82.4,0.008,100,8.33,rain,0,0,19.2,13.9,126.8,1014,38.7,6.2,288.2,24.8,10,30,2025-09-25T05:54:40,2025-09-25T17:59:46,0.13,"Rain, Partially cloudy",Partly cloudy throughout the day with afternoon rain.,rain,"3EBY2,TTPP,TDW00011634"
"Chaguanas, Trinidad, Trinidad And Tobago",2025-09-26,91.4,77,82.1,105.2,77,87.7,77.3,86.3,0.106,100,20.83,rain,0,0,15.9,11.4,116,1012.7,40.9,6.2,263.8,22.7,9,30,2025-09-26T05:54:36,2025-09-26T17:59:08,0.16,"Rain, Partially cloudy",Partly cloudy throughout the day with afternoon rain.,rain,"TTPP,TDW00011634"
"Chaguanas, Trinidad, Trinidad And Tobago",2025-09-27,89.6,77,82.4,105.2,77,89.5,77.1,84.7,0.048,100,29.17,rain,0,0,18.8,12.8,127.9,1011.9,40.1,6.2,257.7,22.2,9,30,2025-09-27T05:54:33,2025-09-27T17:58:30,0.19,"Rain, Partially cloudy",Partly cloudy throughout the day with rain.,rain,"TTPP,TDW00011634"
"Chaguanas, Trinidad, Trinidad And Tobago",2025-09-28,89.6,77,82.6,102.6,77,89.4,76.8,83.4,0.091,100,33.33,rain,0,0,19.9,13.9,125.1,1013.3,46.9,6.2,245.8,21.1,8,60,2025-09-28T05:54:31,2025-09-28T17:57:52,0.22,"Rain, Partially cloudy",Partly cloudy throughout the day with rain in the morning and afternoon.,rain,"TTPP,TDW00011634"
"Chaguanas, Trinidad, Trinidad And Tobago",2025-09-29,89.6,77,80.5,102.1,77,83.9,75.9,86.7,0.111,100,37.5,rain,0,0,17.9,11.4,113.2,1013.8,62.3,6.1,222.5,19.3,8,30,2025-09-29T05:54:28,2025-09-29T17:57:15,0.25,"Rain, Partially cloudy",Partly cloudy throughout the day with a chance of rain throughout the day.,rain,"TTPP,TDW00011634"
"Chaguanas, Trinidad, Trinidad And Tobago",2025-09-30,89.6,75.2,82.3,105.2,75.2,89.8,77.1,85,0.032,100,25,rain,0,0,15.7,11.4,112.6,1013.2,60.9,6.5,257,22.2,9,60,2025-09-30T05:54:26,2025-09-30T17:56:38,0.29,"Rain, Partially cloudy",Partly cloudy throughout the day with a chance of rain throughout the day.,rain,"TTPP,TDW00011634"
"Chaguanas, Trinidad, Trinidad And Tobago",2025-10-01,91.4,75.2,83,107.9,75.2,90.4,76.7,82.3,0,0,0,rain,0,0,13.2,10.3,117.4,1013.2,36.8,6.2,285.5,24.7,10,60,2025-10-01T05:54:23,2025-10-01T17:56:01,0.32,Partially cloudy,Partly cloudy throughout the day.,partly-cloudy-day,"3EBY2,TTPP,TDW00011634"
"Chaguanas, Trinidad, Trinidad And Tobago",2025-10-02,91.4,75.2,82.6,105.2,75.2,90.2,76.3,82.3,0,0,0,,0,0,13,10.3,136,1012.8,52.9,6.2,285.7,24.7,10,60,2025-10-02T05:54:22,2025-10-02T17:55:24,0.35,Partially cloudy,Partly cloudy throughout the day.,partly-cloudy-day,"3EBY2,TTPP,TDW00011634"
"Chaguanas, Trinidad, Trinidad And Tobago",2025-10-03,91.4,73.4,80.8,107.9,73.4,85.8,76,86.4,0.004,100,4.17,rain,0,0,11.6,10.3,129.5,1011.3,59.4,6.2,281.1,24.3,10,30,2025-10-03T05:54:20,2025-10-03T17:54:48,0.39,"Rain, Partially cloudy",Partly cloudy throughout the day with afternoon rain.,rain,"3EBY2,TTPP,TDW00011634"
"Chaguanas, Trinidad, Trinidad And Tobago",2025-10-04,91.4,75.2,82,107.9,75.2,88.8,76.5,84.3,0,0,0,,0,0,14.3,9.2,137.6,1011,52.4,6.2,279.5,24.1,10,30,2025-10-04T05:54:19,2025-10-04T17:54:13,0.42,Partially cloudy,Partly cloudy throughout the day.,partly-cloudy-day,"TTPP,TDW00011634"
"Chaguanas, Trinidad, Trinidad And Tobago",2025-10-05,91.4,73.4,81.5,105.1,73.4,87.8,75.9,84,0.008,100,8.33,rain,0,0,13.2,12.8,189.6,1011.8,58.8,6.2,275,23.7,9,60,2025-10-05T05:54:18,2025-10-05T17:53:37,0.45,"Rain, Partially cloudy",Partly cloudy throughout the day with afternoon rain.,rain,"3EBY2,TTPP,TDW00011634"
"Chaguanas, Trinidad, Trinidad And Tobago",2025-10-06,91.4,75.2,82.7,105.1,75.2,89.5,76,81.4,0,0,0,rain,0,0,13.4,11.4,128.6,1010.7,49.6,6.2,281,24.2,9,60,2025-10-06T05:54:17,2025-10-06T17:53:02,0.5,Partially cloudy,Partly cloudy throughout the day.,partly-cloudy-day,"TTPP,TDW00011634"
"Chaguanas, Trinidad, Trinidad And Tobago",2025-10-07,89.6,77,80.6,98.3,77,85.1,75.4,84.8,0.445,100,20.83,rain,0,0,20.8,8.1,113.9,1010.7,58.9,6.1,223.1,19.2,8,60,2025-10-07T05:54:17,2025-10-07T17:52:28,0.52,"Rain, Partially cloudy",Partly cloudy throughout the day with rain in the morning and afternoon.,rain,"TTPP,TDW00011634"
"Chaguanas, Trinidad, Trinidad And Tobago",2025-10-08,89.6,75.2,80.4,105.2,75.2,85.2,76.5,88.4,0.291,100,33.33,rain,0,0,15.7,11.4,260.4,1010.6,66.1,6.2,230.5,19.7,9,60,2025-10-08T05:54:17,2025-10-08T17:51:54,0.55,"Rain, Partially cloudy",Partly cloudy throughout the day with rain in the morning and afternoon.,rain,"3EBY2,TTPP,TDW00011634"
"Chaguanas, Trinidad, Trinidad And Tobago",2025-10-09,91.4,75.2,82.9,107.9,75.2,91.4,77.5,84.9,0.036,100,20.83,rain,0,0,18.6,10.3,151.5,1011.1,67.4,6.2,262.7,22.8,9,60,2025-10-09T05:54:18,2025-10-09T17:51:20,0.59,"Rain, Partially cloudy",Partly cloudy throughout the day with a chance of rain throughout the day.,rain,"3EBY2,TTPP,TDW00011634"
"Chaguanas, Trinidad, Trinidad And Tobago",2025-10-10,86,77,81.4,99.5,77,88,76.9,86.5,0.131,100,33.33,rain,0,0,19,11.4,134.7,1012.6,64.5,6,235.2,20.3,8,60,2025-10-10T05:54:19,2025-10-10T17:50:47,0.62,"Rain, Partially cloudy",Partly cloudy throughout the day with a chance of rain throughout the day.,rain,"TTPP,TDW00011634"
"Chaguanas, Trinidad, Trinidad And Tobago",2025-10-11,89.6,77,81.3,105.2,77,87.2,77.1,87.6,0.194,100,41.67,rain,0,0,19.5,13.9,110.8,1011.6,60.7,6.1,213.9,18.4,8,30,2025-10-11T05:54:20,2025-10-11T17:50:14,0.66,"Rain, Partially cloudy",Partly cloudy throughout the day with rain in the morning and afternoon.,rain,"3EBY2,TTPP,TDW00011634"
"Chaguanas, Trinidad, Trinidad And Tobago",2025-10-12,87.8,75.2,80.8,102.4,75.2,86.5,76.9,88.7,0.103,100,29.17,rain,0,0,17.9,9.2,116.7,1010.4,57.7,5.8,245.2,21.3,9,60,2025-10-12T05:54:22,2025-10-12T17:49:42,0.69,"Rain, Partially cloudy",Partly cloudy throughout the day with rain.,rain,"3EBY2,TTPP,TDW00011634"
"Chaguanas, Trinidad, Trinidad And Tobago",2025-10-13,86,75.2,77.9,99.5,75.2,80.3,75.6,92.9,0.258,100,66.67,rain,0,0,16.3,9.2,106.1,1010.2,67.5,5.8,215.2,18.5,8,30,2025-10-13T05:54:24,2025-10-13T17:49:11,0.75,"Rain, Partially cloudy",Partly cloudy throughout the day with a chance of rain throughout the day.,rain,"TTPP,TDW00011634"
"Chaguanas, Trinidad, Trinidad And Tobago",2025-10-14,89.6,75.2,81.6,105.2,75.2,88.1,76,83.5,0.15,100,29.17,rain,0,0,13.4,10.3,118.4,1009.7,61.8,6.2,209.7,18,7,60,2025-10-14T05:54:27,2025-10-14T17:48:40,0.76,"Rain, Partially cloudy",Partly cloudy throughout the day with a chance of rain throughout the day.,rain,"TTPP,TDW00011634"
"Chaguanas, Trinidad, Trinidad And Tobago",2025-10-15,87.8,77,82,102.4,77,88.9,76.7,84.5,0.047,100,12.5,rain,0,0,23,11.4,127.2,1009.9,57.7,6.2,252.2,21.7,9,60,2025-10-15T05:54:30,2025-10-15T17:48:10,0.8,"Rain, Partially cloudy",Partly cloudy throughout the day with rain in the morning and afternoon.,rain,"TTPP,TDW00011634"
"Chaguanas, Trinidad, Trinidad And Tobago",2025-10-16,91.4,77,83.5,105.2,77,91.4,77.1,82.1,0.008,100,4.17,rain,0,0,21.7,10.3,146.9,1010.3,56.9,6.2,241.8,20.8,8,60,2025-10-16T05:54:34,2025-10-16T17:47:40,0.83,"Rain, Partially cloudy",Partly cloudy throughout the day with morning rain.,rain,"TTPP,TDW00011634"
"Chaguanas, Trinidad, Trinidad And Tobago",2025-10-17,89.6,77,83.4,105.2,77,92,77.6,83.4,0.008,100,4.17,rain,0,0,18.3,14,118.3,1011.3,60.1,6.2,262.9,22.7,9,60,2025-10-17T05:54:38,2025-10-17T17:47:12,0.87,"Rain, Partially cloudy",Partly cloudy throughout the day with afternoon rain.,rain,"3EBY2,TTPP,TDW00011634"
"Chaguanas, Trinidad, Trinidad And Tobago",2025-10-18,86,77,80,97.2,77,83.7,75.7,87.1,0.44,100,62.5,rain,0,0,20.4,16.1,94.5,1012.3,65.7,6.2,154,13.3,7,30,2025-10-18T05:54:43,2025-10-18T17:46:43,0.9,"Rain, Partially cloudy",Partly cloudy throughout the day with a chance of rain throughout the day.,rain,"3EBY2,TTPP,TDW00011634"
"Chaguanas, Trinidad, Trinidad And Tobago",2025-10-19,86,76.8,78.5,96.2,76.8,79.8,75.5,90.8,0.552,100,75,rain,0,0,20.1,10.3,78.3,1012.2,67.3,6,161.5,13.9,6,30,2025-10-19T05:54:48,2025-10-19T17:46:16,0.94,"Rain, Partially cloudy",Partly cloudy throughout the day with a chance of rain throughout the day.,rain,"3EBY2,TTPP,TDW00011634"
"Chaguanas, Trinidad, Trinidad And Tobago",2025-10-20,84.2,75.2,79,96.2,75.2,81.9,76,90.7,0.386,100,41.67,rain,0,0,20.8,19.7,106.3,1012.5,59.2,6,194.8,17,8,60,2025-10-20T05:54:54,2025-10-20T17:45:49,0.97,"Rain, Partially cloudy",Partly cloudy throughout the day with rain in the morning and afternoon.,rain,"TTPP,TDW00011634"
"Chaguanas, Trinidad, Trinidad And Tobago",2025-10-21,84.2,75.2,78.6,96.2,75.2,81.9,75.8,91.2,0.258,100,54.17,rain,0,0,19,11.4,128.5,1011.9,62.7,6.3,228.2,19.8,8,30,2025-10-21T05:55:00,2025-10-21T17:45:23,0,"Rain, Partially cloudy",Partly cloudy throughout the day with a chance of rain throughout the day.,rain,"TTPP,TDW00011634"
"Chaguanas, Trinidad, Trinidad And Tobago",2025-10-22,86,75,79.2,99.5,75,82.9,76.6,92,0.135,100,33.33,rain,0,0,23.5,18.3,124.6,1011.2,64.7,6,208.6,18,7,30,2025-10-22T05:55:07,2025-10-22T17:44:58,0.04,"Rain, Partially cloudy",Partly cloudy throughout the day with rain in the morning and afternoon.,rain,"3EBY2,TTPP,TDW00011634"
"Chaguanas, Trinidad, Trinidad And Tobago",2025-10-23,89.7,77,82,100,77,87,75.1,80.8,0.028,100,25,rain,0,0,22.1,18.3,140.4,1011.8,59.1,6.2,229.3,19.7,8,30,2025-10-23T05:55:15,2025-10-23T17:44:33,0.07,"Rain, Partially cloudy",Partly cloudy throughout the day with rain in the morning and afternoon.,rain,"TTPP,TDW00011634"
"Chaguanas, Trinidad, Trinidad And Tobago",2025-10-24,89.6,76.9,82.3,98.3,76.9,86.5,73.5,75.9,0.028,100,16.67,rain,0,0,19.2,13.9,130.6,1011.9,40.5,6.2,240.4,20.6,8,30,2025-10-24T05:55:23,2025-10-24T17:44:10,0.1,"Rain, Partially cloudy",Partly cloudy throughout the day with rain in the morning and afternoon.,rain,"3EBY2,TTPP,TDW00011634"
"Chaguanas, Trinidad, Trinidad And Tobago",2025-10-25,87.8,77,81.6,95.9,77,85.1,73.8,78,0.103,100,25,rain,0,0,17.4,15,111,1011.6,41.7,7,199.7,17.4,7,30,2025-10-25T05:55:32,2025-10-25T17:43:47,0.14,"Rain, Partially cloudy",Partly cloudy throughout the day with rain.,rain,"TTPP,TDW00011634"
"Chaguanas, Trinidad, Trinidad And Tobago",2025-10-26,91.4,77,82.6,97.1,77,86.1,73.3,75,0,0,0,,0,0,19.7,11.4,126.1,1010.8,48,6.2,248.2,21.6,9,30,2025-10-26T05:55:42,2025-10-26T17:43:25,0.17,Partially cloudy,Partly cloudy throughout the day.,partly-cloudy-day,"TTPP,TDW00011634"
"Chaguanas, Trinidad, Trinidad And Tobago",2025-10-27,89.6,77,82.4,96.5,77,86.3,73.2,74.7,0,0,0,rain,0,0,19.2,13.9,120.5,1010.3,54.3,6.2,256.6,22.3,9,30,2025-10-27T05:55:52,2025-10-27T17:43:04,0.2,Partially cloudy,Partly cloudy throughout the day.,partly-cloudy-day,"3EBY2,TTPP,TDW00011634"
"Chaguanas, Trinidad, Trinidad And Tobago",2025-10-28,89.6,77,82.6,98.3,77,87.2,73.9,76.2,0,0,0,,0,0,14.5,10.3,125.9,1011.9,57.6,6.2,265.6,23,9,30,2025-10-28T05:56:02,2025-10-28T17:42:43,0.24,Partially cloudy,Partly cloudy throughout the day.,partly-cloudy-day,"3EBY2,TTPP,TDW00011634"
"Chaguanas, Trinidad, Trinidad And Tobago",2025-10-29,89.6,77,82.5,98.3,77,87.2,74.4,77.7,0,0,0,,0,0,20.6,12.7,130.6,1013.1,60,6.5,249.8,21.6,9,30,2025-10-29T05:56:14,2025-10-29T17:42:24,0.25,Partially cloudy,Partly cloudy throughout the day.,partly-cloudy-day,"3EBY2,TTPP,TDW00011634"
"Chaguanas, Trinidad, Trinidad And Tobago",2025-10-30,89.6,75.2,82,94.9,75.2,85.4,72.4,74.1,0.276,100,20.83,rain,0,0,15.7,9.2,114.7,1012.7,42.4,6.2,239.8,20.7,9,60,2025-10-30T05:56:26,2025-10-30T17:42:06,0.3,"Rain, Partially cloudy",Partly cloudy throughout the day with afternoon rain.,rain,"3EBY2,TTPP,TDW00011634"
"Chaguanas, Trinidad, Trinidad And Tobago",2025-10-31,86,77,80.5,95.2,77,83.9,73.9,80.6,0.381,100,45.83,rain,0,0,16.6,11.4,114.4,1012.7,60.1,6,187.4,16.3,7,30,2025-10-31T05:56:39,2025-10-31T17:41:48,0.34,"Rain, Partially cloudy",Partly cloudy throughout the day with rain in the morning and afternoon.,rain,"3EBY2,TTPP,TDW00011634"
"Chaguanas, Trinidad, Trinidad And Tobago",2025-11-01,86,78.8,81.8,97.2,78.8,86.2,74.8,79.9,0.012,100,12.5,rain,0,0,26.4,17.2,112,1012.8,53.9,6.6,235.8,20.1,8,30,2025-11-01T05:56:52,2025-11-01T17:41:32,0.37,"Rain, Partially cloudy",Partly cloudy throughout the day with afternoon rain.,rain,"TTPP,TDW00011634"
"Chaguanas, Trinidad, Trinidad And Tobago",2025-11-02,87.8,75.2,81.9,94.2,75.2,84.6,71.5,71.8,0.016,100,16.67,rain,0,0,25.9,18.3,112.4,1013.1,41.8,6.2,250.9,21.5,9,10,2025-11-02T05:57:06,2025-11-02T17:41:16,0.4,"Rain, Partially cloudy",Partly cloudy throughout the day with rain in the morning and afternoon.,rain,"3EBY2,TTPP,TDW00011634"
"Chaguanas, Trinidad, Trinidad And Tobago",2025-11-03,89.6,75.2,81.7,94.9,75.2,85.4,72.1,73.9,0,0,0,rain,0,0,19.2,16.1,114.7,1012.8,46.4,6.2,237,20.5,9,10,2025-11-03T05:57:21,2025-11-03T17:41:02,0.44,Partially cloudy,Partly cloudy throughout the day.,partly-cloudy-day,"TTPP,TDW00011634"
"Chaguanas, Trinidad, Trinidad And Tobago",2025-11-04,82.4,77,80.1,92.5,77,84.1,75.1,85.1,0.071,100,33.33,rain,0,0,14.8,4.7,115.8,1013.1,69,5.8,170.5,14.8,7,30,2025-11-04T05:57:36,2025-11-04T17:40:48,0.47,"Rain, Partially cloudy",Partly cloudy throughout the day with a chance of rain throughout the day.,rain,"TTPP,TDW00011634"
"Chaguanas, Trinidad, Trinidad And Tobago",2025-11-05,89.6,75.2,81.6,102.6,75.2,87.2,75.7,83.1,0.036,100,25,rain,0,0,19.5,11.4,122.2,1013.4,50.3,6.2,226.9,19.5,8,30,2025-11-05T05:57:52,2025-11-05T17:40:36,0.5,"Rain, Partially cloudy",Partly cloudy throughout the day with rain in the morning and afternoon.,rain,"TTPP,TDW00011634"
"Chaguanas, Trinidad, Trinidad And Tobago",2025-11-06,89.6,77,81.6,102.6,77,87.7,76.7,85.6,0.072,100,33.33,rain,0,0,19.7,15,102.6,1012.1,63,6.2,220.6,19,8,30,2025-11-06T05:58:09,2025-11-06T17:40:24,0.54,"Rain, Partially cloudy",Partly cloudy throughout the day with rain.,rain,"TTPP,TDW00011634"
"Chaguanas, Trinidad, Trinidad And Tobago",2025-11-07,87.8,76.5,79.1,102.4,76.5,81.7,76.1,90.7,0.344,100,83.33,rain,0,0,18.1,12.8,111,1011.5,65.7,6.2,180.8,15.8,6,30,2025-11-07T05:58:27,2025-11-07T17:40:13,0.57,"Rain, Partially cloudy",Partly cloudy throughout the day with a chance of rain throughout the day.,rain,"TTPP,TDW00011634"
"Chaguanas, Trinidad, Trinidad And Tobago",2025-11-08,87.8,77,80.6,102.4,77,85.9,76.9,88.8,0.064,100,33.33,rain,0,0,21.7,15,113.9,1011.6,71.4,6.7,224.2,19.3,8,30,2025-11-08T05:58:45,2025-11-08T17:40:04,0.61,"Rain, Partially cloudy",Partly cloudy throughout the day with a chance of rain throughout the day.,rain,"TTPP,TDW00011634"
"Chaguanas, Trinidad, Trinidad And Tobago",2025-11-09,87.8,77,81.1,100,77,85.8,76.1,85.2,0,0,0,rain,0,0,23.5,18.3,109.9,1012.4,45.4,6,237.3,20.7,8,30,2025-11-09T05:59:04,2025-11-09T17:39:56,0.64,Partially cloudy,Partly cloudy throughout the day.,partly-cloudy-day,"TTPP,TDW00011634"
"Chaguanas, Trinidad, Trinidad And Tobago",2025-11-10,87.8,75.2,81.5,100,75.2,86.9,75.1,81.8,0.028,100,20.83,rain,0,0,21.9,17.2,111.5,1012.7,42.3,6.1,216.3,18.7,8,10,2025-11-10T05:59:23,2025-11-10T17:39:48,0.67,"Rain, Partially cloudy",Partly cloudy throughout the day with rain in the morning and afternoon.,rain,"TTPP,TDW00011634"
"Chaguanas, Trinidad, Trinidad And Tobago",2025-11-11,86,75.2,79,97.2,75.2,81.8,75.5,89.3,0.084,100,41.67,rain,0,0,21.5,17.2,99.1,1012.8,47.4,6.2,211.6,18.3,8,30,2025-11-11T05:59:43,2025-11-11T17:39:42,0.71,"Rain, Partially cloudy",Partly cloudy throughout the day with a chance of rain throughout the day.,rain,"3EBY2,TTPP,TDW00011634"
"Chaguanas, Trinidad, Trinidad And Tobago",2025-11-12,87.8,75.2,80.6,97.8,75.2,84.8,74.5,82.7,0.044,100,29.17,rain,0,0,18.8,13.8,116.1,1012.5,29.3,6.2,239.2,20.8,9,10,2025-11-12T06:00:04,2025-11-12T17:39:37,0.75,"Rain, Partially cloudy",Partly cloudy throughout the day with rain clearing later.,rain,"3EBY2,TTPP,TDW00011634"
"Chaguanas, Trinidad, Trinidad And Tobago",2025-11-13,87.8,75.2,80.8,100,75.2,85.6,75,83.2,0.02,100,20.83,rain,0,0,16.8,17.2,111.2,1011.8,37.6,6.2,235.6,20.4,8,10,2025-11-13T06:00:25,2025-11-13T17:39:32,0.78,"Rain, Partially cloudy",Partly cloudy throughout the day with a chance of rain throughout the day.,rain,"TTPP,TDW00011634"
"Chaguanas, Trinidad, Trinidad And Tobago",2025-11-14,87.8,73.4,80.7,100,73.4,85.3,74.7,82.8,0.012,100,8.33,rain,0,0,16.6,13.9,110.5,1011.9,39.2,6.2,236.5,20.5,9,10,2025-11-14T06:00:48,2025-11-14T17:39:29,0.81,"Rain, Partially cloudy",Partly cloudy throughout the day with rain in the morning and afternoon.,rain,"3EBY2,TTPP,TDW00011634"
"Chaguanas, Trinidad, Trinidad And Tobago",2025-11-15,86,77,80.3,97.2,77,84.7,75.7,86.3,0.123,100,37.5,rain,0,0,20.8,11.4,108.3,1010.6,55.5,6,203,17.7,8,30,2025-11-15T06:01:10,2025-11-15T17:39:27,0.84,"Rain, Partially cloudy",Partly cloudy throughout the day with rain.,rain,"3EBY2,TTPP,TDW00011634"
"Chaguanas, Trinidad, Trinidad And Tobago",2025-11-16,87.8,77,81.6,102.4,77,87.4,76.7,85.6,0.179,100,41.67,rain,0,0,18.1,10.3,127.6,1011,54.7,6.2,194.6,16.8,7,30,2025-11-16T06:01:34,2025-11-16T17:39:26,0.88,"Rain, Partially cloudy",Partly cloudy throughout the day with a chance of rain throughout the day.,rain,"3EBY2,TTPP,TDW00011634"
"Chaguanas, Trinidad, Trinidad And Tobago",2025-11-17,89.6,75.2,81.7,102.6,75.2,88.1,76.7,85.3,0.04,100,16.67,rain,0,0,17,13.9,116.1,1012.9,57.6,6.5,214.4,18.5,8,30,2025-11-17T06:01:57,2025-11-17T17:39:27,0.91,"Rain, Partially cloudy",Partly cloudy throughout the day with afternoon rain.,rain,"TTPP,TDW00011634"
"Chaguanas, Trinidad, Trinidad And Tobago",2025-11-18,87.8,75.2,80.5,102.4,75.2,85.3,76.1,87.1,0.233,100,33.33,rain,0,0,21.7,13.9,109.2,1013.2,58.6,6.4,196.5,17.1,7,30,2025-11-18T06:02:22,2025-11-18T17:39:28,0.95,"Rain, Partially cloudy",Partly cloudy throughout the day with rain.,rain,"TTPP,TDW00011634"
"Chaguanas, Trinidad, Trinidad And Tobago",2025-11-19,84.2,75.2,77.8,96.2,75.2,80.1,75.2,92.1,0.413,100,70.83,rain,0,0,21,13.9,102.3,1012,58.3,5.7,205.7,17.7,7,30,2025-11-19T06:02:47,2025-11-19T17:39:30,0.98,"Rain, Partially cloudy",Partly cloudy throughout the day with a chance of rain throughout the day.,rain,"TTPP,TDW00011634"
"Chaguanas, Trinidad, Trinidad And Tobago",2025-11-20,78.8,73.4,76.3,78.8,73.4,76.3,74.1,93,0.646,100,79.17,rain,0,0,17.4,13.9,103.3,1011.5,64.4,5.6,109.7,9.4,5,30,2025-11-20T06:03:13,2025-11-20T17:39:34,0,"Rain, Partially cloudy",Partly cloudy throughout the day with a chance of rain throughout the day.,rain,"3EBY2,TTPP,TDW00011634"
"Chaguanas, Trinidad, Trinidad And Tobago",2025-11-21,86,73.4,79.5,97.2,73.4,83.7,75.1,86.8,0.278,100,33.33,rain,0,0,15.4,16.1,109.5,1011.3,59.5,6.2,181.3,15.6,7,30,2025-11-21T06:03:39,2025-11-21T17:39:38,0.05,"Rain, Partially cloudy",Partly cloudy throughout the day with a chance of rain throughout the day.,rain,"TTPP,TDW00011634"
"Chaguanas, Trinidad, Trinidad And Tobago",2025-11-22,87.8,75.2,80.7,97.8,75.2,85.2,75.7,85.3,0.174,100,45.83,rain,0,0,19.9,15,111.2,1011.2,54.8,6.1,214.8,18.6,8,30,2025-11-22T06:04:06,2025-11-22T17:39:44,0.08,"Rain, Partially cloudy",Partly cloudy throughout the day with a chance of rain throughout the day.,rain,"TTPP,TDW00011634"
"Chaguanas, Trinidad, Trinidad And Tobago",2025-11-23,87.8,77,80.1,102.4,77,84,76.3,88.6,0.35,100,54.17,rain,0,0,25.3,15,108.6,1010.6,55.1,6.2,174.6,15.2,6,30,2025-11-23T06:04:33,2025-11-23T17:39:50,0.12,"Rain, Partially cloudy",Partly cloudy throughout the day with a chance of rain throughout the day.,rain,"TTPP,TDW00011634"
"Chaguanas, Trinidad, Trinidad And Tobago",2025-11-24,86,75.2,78.6,97.2,75.2,80.9,75.3,90,0.151,100,58.33,rain,0,0,19.5,13.9,107.9,1011,60.5,6.2,193.6,16.6,8,30,2025-11-24T06:05:00,2025-11-24T17:39:58,0.15,"Rain, Partially cloudy",Partly cloudy throughout the day with a chance of rain throughout the day.,rain,"TTPP,TDW00011634"
"Chaguanas, Trinidad, Trinidad And Tobago",2025-11-25,80.6,75.2,76.4,87.2,75.2,76.7,73.8,91.9,0.359,100,62.5,rain,0,0,21,13.9,106.2,1012.6,67,5.5,148.2,12.7,6,30,2025-11-25T06:05:29,2025-11-25T17:40:07,0.18,"Rain, Partially cloudy",Partly cloudy throughout the day with a chance of rain throughout the day.,rain,"3EBY2,TTPP,TDW00011634"
"Chaguanas, Trinidad, Trinidad And Tobago",2025-11-26,86,75.2,80,97.2,75.2,84.1,75.2,85.6,0.068,100,37.5,rain,0,0,20.1,17.2,99.1,1012.1,58.1,6.2,92.2,8,4,10,2025-11-26T06:05:57,2025-11-26T17:40:17,0.22,"Rain, Partially cloudy",Partly cloudy throughout the day with a chance of rain throughout the day.,rain,"TTPP,TDW00011634"
"Chaguanas, Trinidad, Trinidad And Tobago",2025-11-27,87.8,75.2,80.5,100,75.2,85,74.6,83,0.02,100,20.83,rain,0,0,19.7,17.2,109.7,1011.2,32.7,6.1,224,19.3,8,30,2025-11-27T06:06:26,2025-11-27T17:40:28,0.25,"Rain, Partially cloudy",Partly cloudy throughout the day with rain.,rain,"TTPP,TDW00011634"
"Chaguanas, Trinidad, Trinidad And Tobago",2025-11-28,87.8,77,80.8,100,77,85.6,75.5,84.2,0.408,100,45.83,rain,0,0,16.6,19.7,95.5,1011.4,60.8,6,194.9,16.6,7,30,2025-11-28T06:06:56,2025-11-28T17:40:39,0.25,"Rain, Partially cloudy",Partly cloudy throughout the day with rain.,rain,"TTPP,TDW00011634"
"Chaguanas, Trinidad, Trinidad And Tobago",2025-11-29,86,77,81,97.2,77,85.3,75.2,83.1,0.032,100,29.17,rain,0,0,20.4,15,105.8,1011,44.7,6.1,220.2,19,8,10,2025-11-29T06:07:25,2025-11-29T17:40:52,0.32,"Rain, Partially cloudy",Partly cloudy throughout the day with rain.,rain,"TTPP,TDW00011634"
"Chaguanas, Trinidad, Trinidad And Tobago",2025-11-30,87.8,73.4,80.3,100,73.4,85.1,74.8,84,0.076,100,45.83,rain,0,0,19,13.9,105.4,1010.1,50.4,6.2,203.5,17.6,7,10,2025-11-30T06:07:55,2025-11-30T17:41:06,0.35,"Rain, Partially cloudy",Partly cloudy throughout the day with rain.,rain,"3EBY2,TTPP,TDW00011634"
"Chaguanas, Trinidad, Trinidad And Tobago",2025-12-01,86,75.2,80.4,97.2,75.2,84.8,74.7,83.4,0.04,100,33.33,rain,0,0,15.9,13.9,102.3,1010.3,60.9,6.2,184.7,15.9,6,10,2025-12-01T06:08:26,2025-12-01T17:41:21,0.39,"Rain, Partially cloudy",Partly cloudy throughout the day with a chance of rain throughout the day.,rain,"3EBY2,TTPP,TDW00011634"
"Chaguanas, Trinidad, Trinidad And Tobago",2025-12-02,84.2,75.2,78.7,94.2,75.2,81.4,74.8,87.9,0.41,100,58.33,rain,0,0,16.3,11.4,102.3,1010.3,68.2,6.2,189.4,16.4,6,10,2025-12-02T06:08:57,2025-12-02T17:41:37,0.42,"Rain, Partially cloudy",Partly cloudy throughout the day with a chance of rain throughout the day.,rain,"TTPP,TDW00011634"
"Chaguanas, Trinidad, Trinidad And Tobago",2025-12-03,78.8,73.3,76.7,78.8,73.3,76.7,73.1,88.7,0.864,100,79.17,rain,0,0,27.7,16.1,100.7,1011,76.7,5.4,169.9,14.8,6,10,2025-12-03T06:09:27,2025-12-03T17:41:53,0.46,"Rain, Partially cloudy",Partly cloudy throughout the day with a chance of rain throughout the day.,rain,"3EBY2,TTPP,TDW00011634"
"Chaguanas, Trinidad, Trinidad And Tobago",2025-12-04,82.4,75.2,78,89.5,75.2,79.2,73.8,87.1,0.434,100,83.33,rain,0,0,19.9,11.4,108.3,1011.6,73.9,5.5,137.7,11.9,5,10,2025-12-04T06:09:59,2025-12-04T17:42:11,0.5,"Rain, Partially cloudy",Partly cloudy throughout the day with a chance of rain throughout the day.,rain,"3EBY2,TTPP,TDW00011634"
"Chaguanas, Trinidad, Trinidad And Tobago",2025-12-05,86,75.2,79.9,92,75.2,82,71.6,77,0.095,100,29.17,rain,0,0,21.7,52.7,100.2,1011.6,55.3,6.1,192.1,16.7,6,10,2025-12-05T06:10:30,2025-12-05T17:42:30,0.52,"Rain, Partially cloudy",Partly cloudy throughout the day with a chance of rain throughout the day.,rain,"TTPP,TDW00011634"
"Chaguanas, Trinidad, Trinidad And Tobago",2025-12-06,86,75,78.8,90.6,75,80.7,71.5,79,0.04,100,16.67,rain,0,0,21.3,15,104.4,1012.3,62.4,5.8,210.1,18.3,7,10,2025-12-06T06:11:02,2025-12-06T17:42:49,0.56,"Rain, Partially cloudy",Becoming cloudy in the afternoon with rain.,rain,"3EBY2,TTPP,TDW00011634"
"Chaguanas, Trinidad, Trinidad And Tobago",2025-12-07,82.4,75.2,78.6,89.5,75.2,80.1,73.5,84.6,0.541,100,66.67,rain,0,0,24.2,18.3,108.5,1012.7,72,5.5,145.9,12.7,5,30,2025-12-07T06:11:33,2025-12-07T17:43:10,0.59,"Rain, Partially cloudy",Partly cloudy throughout the day with a chance of rain throughout the day.,rain,"3EBY2,TTPP,TDW00011634"
"Chaguanas, Trinidad, Trinidad And Tobago",2025-12-08,86,75.2,79.3,93.5,75.2,81.7,72.6,80.5,0.036,100,16.67,rain,0,0,18.1,13.9,111.5,1012.6,65.7,6.2,223.5,19.3,8,10,2025-12-08T06:12:05,2025-12-08T17:43:31,0.62,"Rain, Partially cloudy",Partly cloudy throughout the day with rain clearing later.,rain,"3EBY2,TTPP,TDW00011634"
"Chaguanas, Trinidad, Trinidad And Tobago",2025-12-09,84.2,75.2,79.3,86.5,75.2,80.4,69.5,73.3,0,0,0,rain,0,0,21.5,15,114.3,1012.4,33.3,6.2,240.2,20.7,9,10,2025-12-09T06:12:37,2025-12-09T17:43:53,0.66,Partially cloudy,Partly cloudy throughout the day.,partly-cloudy-day,"3EBY2,TTPP,TDW00011634"
"Chaguanas, Trinidad, Trinidad And Tobago",2025-12-10,85.6,75.2,80,89.7,75.2,82.1,71.2,75.5,0.028,100,16.67,rain,0,0,20.6,19.7,107.1,1012.4,31.7,6.2,224.3,19.4,8,10,2025-12-10T06:13:09,2025-12-10T17:44:16,0.69,"Rain, Partially cloudy",Partly cloudy throughout the day with early morning rain.,rain,"3EBY2,TTPP,TDW00011634"
"Chaguanas, Trinidad, Trinidad And Tobago",2025-12-11,86,73.4,79.4,92,73.4,81.8,70.8,76,0,0,0,rain,0,0,17.2,16.1,106.3,1012.4,30.9,6.2,232.9,20.1,8,10,2025-12-11T06:13:41,2025-12-11T17:44:39,0.75,Partially cloudy,Partly cloudy throughout the day.,partly-cloudy-day,"3EBY2,TTPP,TDW00011634"
"Chaguanas, Trinidad, Trinidad And Tobago",2025-12-12,86,75.2,79.7,91,75.2,81.8,71.7,77.4,0.02,100,16.67,rain,0,0,22.6,20.7,104.5,1011.8,47.5,5.8,222.3,19.1,7,10,2025-12-12T06:14:12,2025-12-12T17:45:03,0.75,"Rain, Partially cloudy",Partly cloudy throughout the day with a chance of rain throughout the day.,rain,"3EBY2,TTPP,TDW00011634"
"Chaguanas, Trinidad, Trinidad And Tobago",2025-12-13,84.2,75.2,78.6,89.7,75.2,80.1,71.6,79.3,0.048,100,29.17,rain,0,0,28.9,13.9,116.4,1011.9,48.8,6.2,194.1,16.8,7,10,2025-12-13T06:14:44,2025-12-13T17:45:28,0.79,"Rain, Partially cloudy",Partly cloudy throughout the day with rain in the morning and afternoon.,rain,"TTPP,TDW00011634"
"Chaguanas, Trinidad, Trinidad And Tobago",2025-12-14,84.2,75.2,79.9,91,75.2,82,71.4,75.8,0,0,0,,0,0,21.9,17.2,117.2,1012.3,49,6.2,225,19.4,8,10,2025-12-14T06:15:16,2025-12-14T17:45:54,0.82,Partially cloudy,Partly cloudy throughout the day.,partly-cloudy-day,"TTPP,TDW00011634"
"Chaguanas, Trinidad, Trinidad And Tobago",2025-12-15,86,73.4,79.9,90.6,73.4,81.8,70.9,75.2,0.004,100,4.17,rain,0,0,21.3,13.9,110.7,1012.3,49.9,6.2,227.5,19.5,8,10,2025-12-15T06:15:48,2025-12-15T17:46:20,0.85,"Rain, Partially cloudy",Partly cloudy throughout the day with morning rain.,rain,"TTPP,TDW00011634"
"Chaguanas, Trinidad, Trinidad And Tobago",2025-12-16,86,75.2,79.7,92,75.2,82,72,78.1,0.032,100,29.17,rain,0,0,17.4,12.8,110.8,1011.9,63.4,6.2,223.1,19.3,8,10,2025-12-16T06:16:19,2025-12-16T17:46:47,0.89,"Rain, Partially cloudy",Partly cloudy throughout the day with rain in the morning and afternoon.,rain,"3EBY2,TTPP,TDW00011634"
"Chaguanas, Trinidad, Trinidad And Tobago",2025-12-17,82.4,74.9,78,88.3,74.9,79.5,72.4,83.3,0.02,100,16.67,rain,0,0,27.7,16.1,104.5,1011.6,69.1,5.7,198.3,17.2,7,10,2025-12-17T06:16:50,2025-12-17T17:47:15,0.92,"Rain, Partially cloudy",Partly cloudy throughout the day with afternoon rain.,rain,"3EBY2,TTPP,TDW00011634"
"Chaguanas, Trinidad, Trinidad And Tobago",2025-12-18,84.2,73.4,78.3,89.7,73.4,79.9,69.9,76.7,0.028,100,25,rain,0,0,18.6,17.2,104.9,1011.7,53.4,6.2,225.5,19.4,8,10,2025-12-18T06:17:21,2025-12-18T17:47:43,0.95,"Rain, Partially cloudy",Partly cloudy throughout the day with a chance of rain throughout the day.,rain,"3EBY2,TTPP,TDW00011634"
"Chaguanas, Trinidad, Trinidad And Tobago",2025-12-19,84.2,71.6,77.3,89.7,71.6,78.7,69.6,77.7,0.08,100,37.5,rain,0,0,18.8,17.2,93,1012.5,62.2,7.3,205.3,17.7,7,10,2025-12-19T06:17:52,2025-12-19T17:48:12,0,"Rain, Partially cloudy",Partly cloudy throughout the day with rain.,rain,"3EBY2,TTPP,TDW00011634,remote"
"Chaguanas, Trinidad, Trinidad And Tobago",2025-12-20,84.2,73.4,78.8,89.7,73.4,80.7,70.8,77.4,0.092,100,58.33,rain,0,0,18.6,17.2,105.3,1012.5,50.2,6.2,204.1,17.8,8,10,2025-12-20T06:18:22,2025-12-20T17:48:41,0.02,"Rain, Partially cloudy",Partly cloudy throughout the day with a chance of rain throughout the day.,rain,"3EBY2,TTPP,TDW00011634"
"Chaguanas, Trinidad, Trinidad And Tobago",2025-12-21,86,73.4,79.3,90.6,73.4,81.1,70,74.5,0.02,100,20.83,rain,0,0,21,15,99.5,1012.6,31.3,6.2,211.4,18.1,8,10,2025-12-21T06:18:52,2025-12-21T17:49:11,0.06,"Rain, Partially cloudy",Partly cloudy throughout the day with rain in the morning and afternoon.,rain,"TTPP,TDW00011634"
"Chaguanas, Trinidad, Trinidad And Tobago",2025-12-22,86,75.2,79.6,89.5,75.2,80.9,68.7,70.1,0,0,0,,0,0,21.3,19.7,94.9,1012,39.1,6.9,235.5,20.5,8,10,2025-12-22T06:19:22,2025-12-22T17:49:41,0.09,Partially cloudy,Partly cloudy throughout the day.,partly-cloudy-day,"3EBY2,TTPP,TDW00011634,remote"
"Chaguanas, Trinidad, Trinidad And Tobago",2025-12-23,86,71.6,78.1,90.6,71.6,79.3,68.5,73.6,0.048,100,50,rain,0,0,18.6,17.2,113.2,1011.4,52.4,6.2,211.3,18.2,8,10,2025-12-23T06:19:51,2025-12-23T17:50:11,0.13,"Rain, Partially cloudy",Partly cloudy throughout the day with rain.,rain,"TTPP,TDW00011634"
"Chaguanas, Trinidad, Trinidad And Tobago",2025-12-24,86,73,78.6,89.5,73,80,69.4,74.8,0.024,100,25,rain,0,0,17.9,11.4,104.2,1011.7,33.8,6.1,228.3,19.9,8,10,2025-12-24T06:20:20,2025-12-24T17:50:42,0.16,"Rain, Partially cloudy",Partly cloudy throughout the day with rain in the morning and afternoon.,rain,"TTPP,TDW00011634"
"Chaguanas, Trinidad, Trinidad And Tobago",2025-12-25,87.8,69.8,78.6,111.4,69.8,80.8,69,74.1,0.036,100,37.5,rain,0,0,13.9,11.4,75.3,1011.6,42.7,6.2,227.3,19.7,8,10,2025-12-25T06:20:48,2025-12-25T17:51:13,0.19,"Rain, Partially cloudy",Partly cloudy throughout the day with rain.,rain,"TTPP,TDW00011634"
"Chaguanas, Trinidad, Trinidad And Tobago",2025-12-26,86,71.6,78.2,89.5,71.6,79.6,68.6,73.5,0.028,100,25,rain,0,0,15.9,15,111,1012.7,49.7,6.2,220.4,19.3,8,10,2025-12-26T06:21:16,2025-12-26T17:51:45,0.23,"Rain, Partially cloudy",Partly cloudy throughout the day with a chance of rain throughout the day.,rain,"TTPP,TDW00011634"
"Chaguanas, Trinidad, Trinidad And Tobago",2025-12-27,86,73.4,78.9,93.5,73.4,80.6,70.9,77.3,0.278,100,58.33,rain,0,0,19.2,17.2,112.4,1012.8,69,6.1,163.5,14.1,6,10,2025-12-27T06:21:43,2025-12-27T17:52:17,0.25,"Rain, Partially cloudy",Partly cloudy throughout the day with rain.,rain,"TTPP,TDW00011634"
"Chaguanas, Trinidad, Trinidad And Tobago",2025-12-28,86,73.4,78.3,95.2,73.4,80.6,73.6,85.7,0.797,100,83.33,rain,0,0,19.9,13.9,105.4,1013,69.7,6.4,156.8,13.6,6,10,2025-12-28T06:22:10,2025-12-28T17:52:49,0.3,"Rain, Partially cloudy",Partly cloudy throughout the day with a chance of rain throughout the day.,rain,"TTPP,TDW00011634"
"Chaguanas, Trinidad, Trinidad And Tobago",2025-12-29,87.8,75.2,79.6,97.8,75.2,82.7,73.8,83,0.661,100,75,rain,0,0,24.2,16.1,104.1,1012.9,56.7,6.2,152.8,13.2,7,10,2025-12-29T06:22:36,2025-12-29T17:53:21,0.33,"Rain, Partially cloudy",Partly cloudy throughout the day with a chance of rain throughout the day.,rain,"TTPP,TDW00011634"
"Chaguanas, Trinidad, Trinidad And Tobago",2025-12-30,86,75.2,79.7,92,75.2,82.5,73.2,81.1,0.127,100,33.33,rain,0,0,20.1,18.3,115.7,1013.4,55.5,6.2,198.5,17.3,8,30,2025-12-30T06:23:01,2025-12-30T17:53:53,0.37,"Rain, Partially cloudy",Partly cloudy throughout the day with rain.,rain,"TTPP,TDW00011634"
"Chaguanas, Trinidad, Trinidad And Tobago",2025-12-31,86,75.2,79.5,90.6,75.2,81.3,71.3,76.8,0.024,100,25,rain,0,0,18.3,13.9,110.9,1014.6,37.3,6.2,213.3,18.5,8,10,2025-12-31T06:23:26,2025-12-31T17:54:26,0.4,"Rain, Partially cloudy",Partly cloudy throughout the day with rain in the morning and afternoon.,rain,"TTPP,TDW00011634"
"Chaguanas, Trinidad, Trinidad And Tobago",2026-01-01,86,73.4,79,90.6,73.4,80.9,70.7,76.8,0.008,100,8.33,rain,0,0,15.9,13.9,109,1013.9,33.4,6.2,229.8,19.9,9,10,2026-01-01T06:23:50,2026-01-01T17:54:58,0.44,"Rain, Partially cloudy",Partly cloudy throughout the day with afternoon rain.,rain,"TTPP,TDW00011634"
"Chaguanas, Trinidad, Trinidad And Tobago",2026-01-02,86,73.4,79.1,91,73.4,81.2,71.1,77.4,0.012,100,12.5,rain,0,0,19.5,16.1,104.4,1012.6,41,6.6,234,20.3,8,10,2026-01-02T06:24:14,2026-01-02T17:55:31,0.47,"Rain, Partially cloudy",Partly cloudy throughout the day with afternoon rain.,rain,"TTPP,TDW00011634,remote"
"Chaguanas, Trinidad, Trinidad And Tobago",2026-01-03,86,75.2,79.8,92,75.2,81.7,70.8,75.2,0.024,100,25,rain,0,0,16.6,13.9,104.2,1012.9,51.5,6.2,216.7,18.8,8,10,2026-01-03T06:24:37,2026-01-03T17:56:03,0.5,"Rain, Partially cloudy",Partly cloudy throughout the day with rain in the morning and afternoon.,rain,"TTPP,TDW00011634"
"Chaguanas, Trinidad, Trinidad And Tobago",2026-01-04,84.2,75.2,79,88.5,75.2,80.7,70.5,76,0.024,100,25,rain,0,0,19.2,15,108,1013.1,41.1,6.2,221.4,19.3,8,10,2026-01-04T06:24:59,2026-01-04T17:56:36,0.54,"Rain, Partially cloudy",Partly cloudy throughout the day with rain in the morning and afternoon.,rain,"TTPP,TDW00011634"
"Chaguanas, Trinidad, Trinidad And Tobago",2026-01-05,87.8,71.6,78.8,95.9,71.6,80.6,69.9,75.2,0.008,100,8.33,rain,0,0,16.8,12.8,113.2,1012.3,42.2,6.2,223.9,19.3,8,10,2026-01-05T06:25:20,2026-01-05T17:57:09,0.57,"Rain, Partially cloudy",Partly cloudy throughout the day with afternoon rain.,rain,"TTPP,TDW00011634"
"Chaguanas, Trinidad, Trinidad And Tobago",2026-01-06,87.8,71.6,79.1,95.4,71.6,81.2,70.5,76,0.028,100,25,rain,0,0,13.6,12.8,108,1012.2,59.3,6.4,222.3,19.2,8,10,2026-01-06T06:25:40,2026-01-06T17:57:41,0.61,"Rain, Partially cloudy",Partly cloudy throughout the day with rain in the morning and afternoon.,rain,"TTPP,TDW00011634"
"Chaguanas, Trinidad, Trinidad And Tobago",2026-01-07,86,71.6,79,92,71.6,81,70.5,76.2,0.02,100,20.83,rain,0,0,17,13.9,99.7,1013.3,60.7,6.2,219,18.9,8,10,2026-01-07T06:26:00,2026-01-07T17:58:14,0.64,"Rain, Partially cloudy",Partly cloudy throughout the day with rain in the morning and afternoon.,rain,"TTPP,TDW00011634"
"Chaguanas, Trinidad, Trinidad And Tobago",2026-01-08,86,73.4,79.8,90.6,73.4,81.7,70.4,74.1,0.004,100,4.17,rain,0,0,16.8,13.9,108.8,1013.3,34.3,6.2,235.3,20.3,8,10,2026-01-08T06:26:18,2026-01-08T17:58:46,0.67,"Rain, Partially cloudy",Partly cloudy throughout the day with afternoon rain.,rain,"TTPP,TDW00011634"
"Chaguanas, Trinidad, Trinidad And Tobago",2026-01-09,80.6,73.4,77,86.2,73.4,77.8,71.6,83.8,0.328,100,66.67,rain,0,0,19.5,13.9,97,1013.3,64.2,6.2,169.2,14.5,7,30,2026-01-09T06:26:36,2026-01-09T17:59:18,0.7,"Rain, Partially cloudy",Partly cloudy throughout the day with a chance of rain throughout the day.,rain,"TTPP,TDW00011634"
"Chaguanas, Trinidad, Trinidad And Tobago",2026-01-10,78.8,73.4,75.4,78.8,73.4,75.4,70.9,86.3,0.365,100,91.67,rain,0,0,16.8,12.8,113.1,1012.9,69.4,6.1,150.2,13,6,10,2026-01-10T06:26:53,2026-01-10T17:59:50,0.75,"Rain, Partially cloudy",Partly cloudy throughout the day with a chance of rain throughout the day.,rain,"TTPP,TDW00011634"
"Chaguanas, Trinidad, Trinidad And Tobago",2026-01-11,86,71.6,78.2,90.6,71.6,79.7,70.5,78.4,0.068,100,50,rain,0,0,16.6,15,99.4,1012.6,63.8,6.2,225.3,19.5,8,10,2026-01-11T06:27:09,2026-01-11T18:00:22,0.77,"Rain, Partially cloudy",Partly cloudy throughout the day with rain.,rain,"TTPP,TDW00011634"
"Chaguanas, Trinidad, Trinidad And Tobago",2026-01-12,86,73.4,77.7,90.6,73.4,79.2,70.6,79.9,0.143,100,29.17,rain,0,0,16.3,13.9,107.8,1013.3,69,6.4,194.8,16.8,8,10,2026-01-12T06:27:24,2026-01-12T18:00:53,0.8,"Rain, Partially cloudy",Partly cloudy throughout the day with rain.,rain,"TTPP,TDW00011634"
"Chaguanas, Trinidad, Trinidad And Tobago",2026-01-13,84.2,73.4,77.9,89.7,73.4,79.2,70.9,79.7,0.115,100,58.33,rain,0,0,14.8,11.4,105.6,1013,66.6,6.2,139.1,12,6,10,2026-01-13T06:27:38,2026-01-13T18:01:25,0.83,"Rain, Partially cloudy",Partly cloudy throughout the day with a chance of rain throughout the day.,rain,"TTPP,TDW00011634"
"Chaguanas, Trinidad, Trinidad And Tobago",2026-01-14,86,73.4,78.7,92,73.4,81,72.2,81.1,0.119,100,45.83,rain,0,0,18.1,19.7,109.9,1012.5,62.9,6.1,190,16.3,7,10,2026-01-14T06:27:51,2026-01-14T18:01:56,0.86,"Rain, Partially cloudy",Partly cloudy throughout the day with a chance of rain throughout the day.,rain,"TTPP,TDW00011634"
"Chaguanas, Trinidad, Trinidad And Tobago",2026-01-15,84.2,77,79.3,92.5,77,81.2,73.7,83.5,0.221,100,45.83,rain,0,0,23,13.9,110.3,1012.3,68.4,6.2,170,14.8,6,30,2026-01-15T06:28:03,2026-01-15T18:02:26,0.9,"Rain, Partially cloudy",Partly cloudy throughout the day with rain.,rain,"TTPP,TDW00011634"
"Chaguanas, Trinidad, Trinidad And Tobago",2026-01-16,86,75.2,78.8,93.5,75.2,80.8,72.8,82.3,0.036,100,33.33,rain,0,0,20.8,20.8,93.9,1012.8,58.3,5.7,209.3,18.1,8,10,2026-01-16T06:28:15,2026-01-16T18:02:56,0.93,"Rain, Partially cloudy",Partly cloudy throughout the day with rain in the morning and afternoon.,rain,"TTPP,TDW00011634"
"Chaguanas, Trinidad, Trinidad And Tobago",2026-01-17,84.2,75.2,79.9,87.4,75.2,81.3,69.2,70.7,0.004,100,4.17,rain,0,0,19.9,17.2,100.7,1012.8,35.7,6.2,232.8,20.1,8,10,2026-01-17T06:28:25,2026-01-17T18:03:26,0.96,"Rain, Partially cloudy",Partly cloudy throughout the day with early morning rain.,rain,"TTPP,TDW00011634"
"Chaguanas, Trinidad, Trinidad And Tobago",2026-01-18,86,71.6,78.5,89.5,71.6,79.9,69,73.8,0,0,0,,0,0,17.4,13.9,108.3,1012.2,29.2,6.2,245.1,21.2,9,10,2026-01-18T06:28:34,2026-01-18T18:03:56,0,Partially cloudy,Partly cloudy throughout the day.,partly-cloudy-day,"TTPP,TDW00011634"
"Chaguanas, Trinidad, Trinidad And Tobago",2026-01-19,86,73.4,79.9,90.6,73.4,81.4,69.4,71.6,0,0,0,rain,0,0,15.9,15,107.5,1012.2,31.4,6.2,247.3,21.6,9,10,2026-01-19T06:28:42,2026-01-19T18:04:25,0.03,Partially cloudy,Partly cloudy throughout the day.,partly-cloudy-day,"TTPP,TDW00011634"
"Chaguanas, Trinidad, Trinidad And Tobago",2026-01-20,86,75.2,80.3,92,75.2,82.5,70.8,73.8,0.076,100,33.33,rain,0,0,20.4,16.1,102.9,1012,35.1,6.2,234.7,20.2,9,10,2026-01-20T06:28:49,2026-01-20T18:04:53,0.07,"Rain, Partially cloudy",Partly cloudy throughout the day with rain.,rain,"TTPP,TDW00011634"
"Chaguanas, Trinidad, Trinidad And Tobago",2026-01-21,86,73.4,78.8,90.6,73.4,80.5,70.2,75.9,0.048,100,33.33,rain,0,0,17,13.9,104.7,1011.5,39.8,6.2,217.1,18.7,8,10,2026-01-21T06:28:55,2026-01-21T18:05:21,0.1,"Rain, Partially cloudy",Partly cloudy throughout the day with a chance of rain throughout the day.,rain,"TTPP,TDW00011634"
"Chaguanas, Trinidad, Trinidad And Tobago",2026-01-22,86,73.4,78.7,92,73.4,80.9,71.8,80.3,0.173,100,45.83,rain,0,0,13.6,13.9,98.9,1011.5,51.2,6.5,197.9,17.2,7,10,2026-01-22T06:29:00,2026-01-22T18:05:49,0.14,"Rain, Partially cloudy",Partly cloudy throughout the day with rain.,rain,"TTPP,TDW00011634,remote"
"Chaguanas, Trinidad, Trinidad And Tobago",2026-01-23,86,75.2,79.3,92,75.2,81.6,72.1,79.2,0.076,100,33.33,rain,0,0,15.7,12.8,106.2,1012.3,52.8,6.4,185.9,16.1,7,10,2026-01-23T06:29:04,2026-01-23T18:06:16,0.17,"Rain, Partially cloudy",Partly cloudy throughout the day with rain in the morning and afternoon.,rain,"TTPP,TDW00011634"
"Chaguanas, Trinidad, Trinidad And Tobago",2026-01-24,86,75.2,79.9,108,75.2,82.9,72.7,79.5,0.04,100,41.67,rain,0,0,17,16.1,107.3,1012.7,52.9,6.2,222.8,19.2,8,10,2026-01-24T06:29:07,2026-01-24T18:06:42,0.21,"Rain, Partially cloudy",Partly cloudy throughout the day with a chance of rain throughout the day.,rain,"TTPP,TDW00011634"
"Chaguanas, Trinidad, Trinidad And Tobago",2026-01-25,84.2,73.4,78.3,89.7,73.4,80,71.8,80.9,0.068,100,45.83,rain,0,0,22.1,17.2,101,1013.8,47.9,6,225.5,19.5,8,10,2026-01-25T06:29:09,2026-01-25T18:07:08,0.24,"Rain, Partially cloudy",Partly cloudy throughout the day with rain.,rain,"3EBY2,TTPP,TDW00011634"
"Chaguanas, Trinidad, Trinidad And Tobago",2026-01-26,84.2,75.2,78.9,88.5,75.2,80.6,70.8,77.1,0.032,100,33.33,rain,0,0,23.3,20.8,96.3,1014.5,47.5,6.2,237.2,20.5,8,10,2026-01-26T06:29:10,2026-01-26T18:07:34,0.25,"Rain, Partially cloudy",Partly cloudy throughout the day with a chance of rain throughout the day.,rain,"3EBY2,TTPP,TDW00011634"
"Chaguanas, Trinidad, Trinidad And Tobago",2026-01-27,86,73.4,79.3,88.4,73.4,80.5,68.4,70.3,0.016,100,16.67,rain,0,0,21.7,18.3,105.1,1014.9,25,6.2,234,20.2,8,10,2026-01-27T06:29:10,2026-01-27T18:07:59,0.31,"Rain, Partially cloudy",Partly cloudy throughout the day with rain in the morning and afternoon.,rain,"3EBY2,TTPP,TDW00011634"
"Chaguanas, Trinidad, Trinidad And Tobago",2026-01-28,86,75.2,79.5,88.4,75.2,80.3,67.4,67.8,0,0,0,rain,0,0,18.3,15,107.5,1014,25,6.2,254.1,21.8,9,10,2026-01-28T06:29:09,2026-01-28T18:08:23,0.35,Partially cloudy,Partly cloudy throughout the day.,partly-cloudy-day,"3EBY2,TTPP,TDW00011634"
"Chaguanas, Trinidad, Trinidad And Tobago",2026-01-29,87.8,75.2,78.8,93.5,75.2,80.3,72.1,80.7,0.084,100,41.67,rain,0,0,15.4,13.9,116.5,1013.6,60.2,6,223.7,19.3,8,10,2026-01-29T06:29:07,2026-01-29T18:08:47,0.38,"Rain, Partially cloudy",Partly cloudy throughout the day with a chance of rain throughout the day.,rain,"3EBY2,TTPP,TDW00011634"
"Chaguanas, Trinidad, Trinidad And Tobago",2026-01-30,84.2,75,79,91,75,81.5,73.2,82.8,0.044,100,37.5,rain,0,0,20.1,16.1,107.9,1013.7,66.1,6.1,189.1,16.2,7,10,2026-01-30T06:29:03,2026-01-30T18:09:10,0.42,"Rain, Partially cloudy",Partly cloudy throughout the day with rain in the morning and afternoon.,rain,"3EBY2,TTPP,TDW00011634"
"Chaguanas, Trinidad, Trinidad And Tobago",2026-01-31,86,77,80.1,93.5,77,82.7,72.9,79.3,0,0,0,rain,0,0,23.3,16.1,119.6,1013.4,51,5.8,221.9,19.1,8,10,2026-01-31T06:28:59,2026-01-31T18:09:32,0.46,Partially cloudy,Partly cloudy throughout the day.,partly-cloudy-day,"3EBY2,TTPP,TDW00011634"
"Chaguanas, Trinidad, Trinidad And Tobago",2026-02-01,86,77,79.9,92,77,82.1,71.9,77.1,0.044,100,29.17,rain,0,0,19.7,17.2,100.6,1013.8,47.7,5.3,238.7,20.7,9,10,2026-02-01T06:28:54,2026-02-01T18:09:54,0.5,"Rain, Partially cloudy",Partly cloudy throughout the day with rain in the morning and afternoon.,rain,"3EBY2,TTPP,TDW00011634"
"Chaguanas, Trinidad, Trinidad And Tobago",2026-02-02,87.8,73.4,79.2,92.8,73.4,81,70.8,76.6,0.016,100,16.67,rain,0,0,18.1,15,102,1014.9,45.6,6.2,251.1,21.9,8,10,2026-02-02T06:28:47,2026-02-02T18:10:15,0.52,"Rain, Partially cloudy",Partly cloudy throughout the day with afternoon rain.,rain,"3EBY2,TTPP,TDW00011634"
"Chaguanas, Trinidad, Trinidad And Tobago",2026-02-03,84.2,75.2,79.3,89.7,75.2,81.2,71.4,77.5,0.016,100,16.67,rain,0,0,19.9,16.1,104.9,1015.2,52.8,6.2,240.6,20.8,8,10,2026-02-03T06:28:40,2026-02-03T18:10:36,0.56,"Rain, Partially cloudy",Partly cloudy throughout the day with rain in the morning and afternoon.,rain,"TTPP,TDW00011634"
"Chaguanas, Trinidad, Trinidad And Tobago",2026-02-04,86,73.4,78.9,89.5,73.4,80.4,69.9,74.9,0,0,0,rain,0,0,22.6,17.2,105.7,1015.3,35.3,6.3,237,20.6,8,10,2026-02-04T06:28:31,2026-02-04T18:10:56,0.59,Partially cloudy,Partly cloudy throughout the day.,partly-cloudy-day,"3EBY2,TTPP,TDW00011634"
"Chaguanas, Trinidad, Trinidad And Tobago",2026-02-05,86,71.6,78.6,89.5,71.6,79.8,68.9,73.5,0,0,0,,0,0,17,15,98.1,1014,40.5,6.2,248.6,21.5,8,10,2026-02-05T06:28:22,2026-02-05T18:11:15,0.62,Partially cloudy,Partly cloudy throughout the day.,partly-cloudy-day,"3EBY2,TTPP,TDW00011634"
"Chaguanas, Trinidad, Trinidad And Tobago",2026-02-06,87.8,71.6,78.7,91.5,71.6,80.1,69.2,74,0.008,100,8.33,rain,0,0,15.2,16.1,103.2,1013.7,29.7,6.4,237.5,20.4,8,10,2026-02-06T06:28:12,2026-02-06T18:11:34,0.65,"Rain, Partially cloudy",Partly cloudy throughout the day with afternoon rain.,rain,"TTPP,TDW00011634"
"Chaguanas, Trinidad, Trinidad And Tobago",2026-02-07,87.8,73.4,79.5,91.5,73.4,81.2,70,73.9,0.024,100,25,rain,0,0,14.3,16.1,100.8,1013.8,41.2,6.2,235,20.3,8,10,2026-02-07T06:28:00,2026-02-07T18:11:52,0.68,"Rain, Partially cloudy",Partly cloudy throughout the day with rain in the morning and afternoon.,rain,"3EBY2,TTPP,TDW00011634"
"Chaguanas, Trinidad, Trinidad And Tobago",2026-02-08,87.9,73.4,80.3,92.8,73.4,82,69.7,71.5,0,0,0,,0,0,17.9,11.4,109.8,1015.2,35,6.2,263.4,22.6,9,10,2026-02-08T06:27:48,2026-02-08T18:12:10,0.72,Partially cloudy,Becoming cloudy in the afternoon.,partly-cloudy-day,"3EBY2,TTPP,TDW00011634"
"Chaguanas, Trinidad, Trinidad And Tobago",2026-02-09,87.8,73.4,79.9,94.2,73.4,82.2,71.1,75.3,0.092,100,33.33,rain,0,0,17.9,15,116.7,1014.9,38.2,6.3,225.3,19.5,8,10,2026-02-09T06:27:35,2026-02-09T18:12:27,0.75,"Rain, Partially cloudy",Partly cloudy throughout the day with rain.,rain,"3EBY2,TTPP,TDW00011634"
"Chaguanas, Trinidad, Trinidad And Tobago",2026-02-10,86,75.2,79.9,89.5,75.2,81.4,69.6,72,0.004,100,4.17,rain,0,0,20.4,19.7,96.2,1015.2,34.4,5.9,262.5,22.5,9,10,2026-02-10T06:27:20,2026-02-10T18:12:43,0.78,"Rain, Partially cloudy",Partly cloudy throughout the day with afternoon rain.,rain,"3EBY2,TTPP,TDW00011634"
"Chaguanas, Trinidad, Trinidad And Tobago",2026-02-11,86,73.4,79.4,90.6,73.4,80.8,68.6,70.6,0.012,100,12.5,rain,0,0,19.5,20.8,101.9,1014.9,43.8,6.2,246.3,21.2,8,10,2026-02-11T06:27:05,2026-02-11T18:12:58,0.81,"Rain, Partially cloudy",Partly cloudy throughout the day with rain.,rain,"3EBY2,TTPP,TDW00011634"
"Chaguanas, Trinidad, Trinidad And Tobago",2026-02-12,86,73.4,79.3,90.6,73.4,81.1,70.6,75.8,0.004,100,4.17,rain,0,0,20.8,17.2,109.1,1014.5,39.4,6.1,252.1,21.7,9,10,2026-02-12T06:26:49,2026-02-12T18:13:13,0.84,"Rain, Partially cloudy",Partly cloudy throughout the day with early morning rain.,rain,"TTPP,TDW00011634"
"Chaguanas, Trinidad, Trinidad And Tobago",2026-02-13,84.2,75.2,79.2,89.7,75.2,81,71.4,77.8,0.02,100,20.83,rain,0,0,21,13.9,106.2,1013.7,62.5,5.7,237.9,20.6,8,10,2026-02-13T06:26:32,2026-02-13T18:13:27,0.88,"Rain, Partially cloudy",Partly cloudy throughout the day with a chance of rain throughout the day.,rain,"TTPP,TDW00011634"
"Chaguanas, Trinidad, Trinidad And Tobago",2026-02-14,86,73.4,79.6,90.6,73.4,81.5,71.1,76.3,0.028,100,20.83,rain,0,0,17.7,13.9,100.7,1013.3,43,6.1,262.2,22.8,9,10,2026-02-14T06:26:14,2026-02-14T18:13:41,0.91,"Rain, Partially cloudy",Partly cloudy throughout the day with rain in the morning and afternoon.,rain,"TTPP,TDW00011634"
"Chaguanas, Trinidad, Trinidad And Tobago",2026-02-15,87.8,75.2,80,91.5,75.2,81.8,70.3,73.7,0,0,0,rain,0,0,18.1,15.1,99.2,1013.3,50,6.2,264.1,22.7,9,10,2026-02-15T06:25:56,2026-02-15T18:13:54,0.94,Partially cloudy,Partly cloudy throughout the day.,partly-cloudy-day,"3EBY2,TTPP,TDW00011634"
"Chaguanas, Trinidad, Trinidad And Tobago",2026-02-16,87.8,73.4,80.2,90.6,73.4,81.9,69.8,71.7,0,0,0,rain,0,0,17.4,16.1,92.3,1013.8,52.6,6.2,270.3,23.4,9,10,2026-02-16T06:25:36,2026-02-16T18:14:06,0.97,Partially cloudy,Partly cloudy throughout the day.,partly-cloudy-day,"3EBY2,TTPP,TDW00011634"
"Chaguanas, Trinidad, Trinidad And Tobago",2026-02-17,87.8,75.2,79.9,90.4,75.2,81.4,70.6,74.8,0.012,100,12.5,rain,0,0,17.7,15,113.2,1014.1,41.3,6.2,245.7,21.1,8,10,2026-02-17T06:25:16,2026-02-17T18:14:18,0,"Rain, Partially cloudy",Partly cloudy throughout the day with rain in the morning and afternoon.,rain,"3EBY2,TTPP,TDW00011634"
"Chaguanas, Trinidad, Trinidad And Tobago",2026-02-18,86,75.2,79.7,90.6,75.2,81.7,70.5,74.3,0.028,100,20.83,rain,0,0,18.1,16.1,101.5,1014,46.2,6.1,244.4,21.3,9,10,2026-02-18T06:24:54,2026-02-18T18:14:30,0.04,"Rain, Partially cloudy",Partly cloudy throughout the day with rain.,rain,"TTPP,TDW00011634"
"Chaguanas, Trinidad, Trinidad And Tobago",2026-02-19,84.2,75,78.6,89.7,75,79.9,70.3,76.7,0.044,100,33.33,rain,0,0,25.3,16.1,111.5,1013.3,59.4,5.6,234.4,20.1,9,10,2026-02-19T06:24:32,2026-02-19T18:14:40,0.08,"Rain, Partially cloudy",Partly cloudy throughout the day with rain in the morning and afternoon.,rain,"TTPP,TDW00011634"
"Chaguanas, Trinidad, Trinidad And Tobago",2026-02-20,84.2,75.2,79,88.5,75.2,80.6,70.3,75.4,0.032,100,29.17,rain,0,0,22.4,20.8,96.6,1013.5,57.6,5.9,235.4,20.4,9,10,2026-02-20T06:24:10,2026-02-20T18:14:50,0.11,"Rain, Partially cloudy",Partly cloudy throughout the day with a chance of rain throughout the day.,rain,"TTPP,TDW00011634"
"Chaguanas, Trinidad, Trinidad And Tobago",2026-02-21,84.2,75.2,78.9,88.5,75.2,80.6,70.2,75.3,0.028,100,20.83,rain,0,0,22.8,21.9,90.6,1014.4,39.7,6.2,249.8,21.7,9,10,2026-02-21T06:23:46,2026-02-21T18:15:00,0.15,"Rain, Partially cloudy",Partly cloudy throughout the day with rain in the morning and afternoon.,rain,"3EBY2,TTPP,TDW00011634"
"Chaguanas, Trinidad, Trinidad And Tobago",2026-02-22,86,71.6,79.1,90.6,71.6,80.8,70.2,75.1,0,0,0,,0,0,23.3,18.3,97.4,1014.4,28.8,5.6,261.6,22.7,9,10,2026-02-22T06:23:22,2026-02-22T18:15:09,0.18,Partially cloudy,Partly cloudy throughout the day.,partly-cloudy-day,"3EBY2,TTPP,TDW00011634"
"Chaguanas, Trinidad, Trinidad And Tobago",2026-02-23,86,75.2,79.4,89.5,75.2,80.7,69.4,72.5,0,0,0,,0,0,19.9,15,97.2,1013.4,46.7,4.4,276.4,23.7,9,10,2026-02-23T06:22:57,2026-02-23T18:15:17,0.22,Partially cloudy,Partly cloudy throughout the day.,partly-cloudy-day,"TTPP,TDW00011634"
"Chaguanas, Trinidad, Trinidad And Tobago",2026-02-24,86,73.4,78.7,88.4,73.4,79.8,67.5,69.5,0,0,0,,0,0,19.9,17.2,102.4,1013,49.2,5.3,256.8,22.2,9,10,2026-02-24T06:22:31,2026-02-24T18:15:25,0.25,Partially cloudy,Partly cloudy throughout the day.,partly-cloudy-day,"TTPP,TDW00011634"
"Chaguanas, Trinidad, Trinidad And Tobago",2026-02-25,84.2,73.4,78.9,88.5,73.4,80.4,68.8,71.9,0,0,0,rain,0,0,19.5,15,102.7,1013.5,25.8,6.1,262.1,22.6,9,10,2026-02-25T06:22:05,2026-02-25T18:15:32,0.29,Partially cloudy,Partly cloudy throughout the day.,partly-cloudy-day,"3EBY2,TTPP,TDW00011634"
"Chaguanas, Trinidad, Trinidad And Tobago",2026-02-26,84.2,75.2,79.3,88.5,75.2,80.9,69.9,73.5,0.024,100,25,rain,0,0,21.9,19.7,94.2,1014.2,27.6,4.4,248.3,21.4,9,10,2026-02-26T06:21:38,2026-02-26T18:15:39,0.33,"Rain, Partially cloudy",Partly cloudy throughout the day with rain in the morning and afternoon.,rain,"3EBY2,TTPP,TDW00011634"
"Chaguanas, Trinidad, Trinidad And Tobago",2026-02-27,83.8,73.4,78.1,87,73.4,79.1,68.3,72.5,0.04,100,25,rain,0,0,21.3,19.7,102.3,1014.1,12.6,4.7,254.6,21.9,9,10,2026-02-27T06:21:10,2026-02-27T18:15:46,0.36,Rain,Clear conditions throughout the day with rain.,rain,"3EBY2,TTPP,TDW00011634"
"Chaguanas, Trinidad, Trinidad And Tobago",2026-02-28,87.6,71.9,79.2,92.2,71.9,80.6,68.3,70.6,0,0,0,,0,0,22.1,16.1,115.5,1013.6,13.4,6.7,247.7,21.4,8,10,2026-02-28T06:20:42,2026-02-28T18:15:52,0.4,Clear,Clear conditions throughout the day.,clear-day,"TTPP,TDW00011634"
"Chaguanas, Trinidad, Trinidad And Tobago",2026-03-01,89.6,73.7,79.4,95,73.7,81.2,69.4,72.6,0.004,100,4.17,rain,0,0,23.5,17.2,110.2,1013.2,14.6,7.1,277.3,24.2,10,10,2026-03-01T06:20:13,2026-03-01T18:15:57,0.43,Rain,Clear conditions throughout the day with early morning rain.,rain,"TTPP,TDW00011634"
"Chaguanas, Trinidad, Trinidad And Tobago",2026-03-02,86.3,73.7,78.6,90.1,73.7,79.7,69.3,74.2,0,0,0,rain,0,0,21.5,16.1,102,1012.4,17.3,7.8,274,23.7,9,10,2026-03-02T06:19:44,2026-03-02T18:16:02,0.47,Clear,Clear conditions throughout the day.,clear-day,"3EBY2,TTPP,TDW00011634"
"Chaguanas, Trinidad, Trinidad And Tobago",2026-03-03,84.2,73,78.5,88.2,73,79.8,69.1,74,0,0,0,,0,0,23.9,18.3,100.5,1012.2,13.8,5.6,248.3,21.3,9,10,2026-03-03T06:19:14,2026-03-03T18:16:07,0.5,Clear,Clear conditions throughout the day.,clear-day,"3EBY2,TTPP,TDW00011634"
"Chaguanas, Trinidad, Trinidad And Tobago",2026-03-04,86,71.9,78.8,88.3,71.9,79.6,67.4,69.6,0,0,0,rain,0,0,22.1,18.3,97.6,1012.8,16.1,6.9,277.9,24.1,10,10,2026-03-04T06:18:44,2026-03-04T18:16:11,0.54,Clear,Clear conditions throughout the day.,clear-day,"3EBY2,TTPP,TDW00011634,remote"
"Chaguanas, Trinidad, Trinidad And Tobago",2026-03-05,85.6,73.2,78.2,88.3,73.2,79.3,68.6,73.9,0,0,0,rain,0,0,21.7,18.3,103.5,1013,17.5,7.7,272,23.5,10,10,2026-03-05T06:18:13,2026-03-05T18:16:15,0.57,Clear,Clear conditions throughout the day.,clear-day,"TTPP,TDW00011634"
"Chaguanas, Trinidad, Trinidad And Tobago",2026-03-06,85.5,73,78.9,89.7,73,80.4,68.5,71.3,0.032,100,25,rain,0,0,21.3,18.3,100.6,1012.7,15,8.1,223.4,19.2,8,10,2026-03-06T06:17:42,2026-03-06T18:16:18,0.6,Rain,Clear conditions throughout the day with rain in the morning and afternoon.,rain,"TTPP,TDW00011634"
"Chaguanas, Trinidad, Trinidad And Tobago",2026-03-07,85.6,75.3,79.1,89,75.3,80.4,68.8,71.3,0.04,100,29.17,rain,0,0,21.5,19.7,95.6,1012.4,13,7.9,253.4,21.8,8,10,2026-03-07T06:17:10,2026-03-07T18:16:21,0.63,Rain,Clear conditions throughout the day with rain in the morning and afternoon.,rain,"TTPP,TDW00011634"
"Chaguanas, Trinidad, Trinidad And Tobago",2026-03-08,84.5,73.7,78.8,86.7,73.7,79.8,67.6,69.7,0,0,0,rain,0,0,21,17.2,98.7,1012.3,12.1,7.2,272.7,23.5,9,10,2026-03-08T06:16:38,2026-03-08T18:16:24,0.67,Clear,Clear conditions throughout the day.,clear-day,"3EBY2,TTPP,TDW00011634"
"Chaguanas, Trinidad, Trinidad And Tobago",2026-03-09,84.3,73.7,78.8,87.4,73.7,80.1,68.4,71.3,0,0,0,,0,0,23.5,23,99.5,1013.9,13.4,7.8,277.6,24,10,10,2026-03-09T06:16:05,2026-03-09T18:16:26,0.7,Clear,Clear conditions throughout the day.,clear-day,"TTPP,TDW00011634"
"Chaguanas, Trinidad, Trinidad And Tobago",2026-03-10,84.2,73.7,78.1,86.6,73.7,78.7,66.8,68.9,0,0,0,,0,0,26.4,20.8,98,1013.8,12.8,7.8,280,24.2,9,10,2026-03-10T06:15:32,2026-03-10T18:16:29,0.73,Clear,Clear conditions throughout the day.,clear-day,"3EBY2,TTPP,TDW00011634"
"Chaguanas, Trinidad, Trinidad And Tobago",2026-03-11,85.5,73.4,79.3,87,73.4,80.4,67.8,68.8,0.004,100,4.17,rain,0,0,26.4,20.8,108.2,1013.6,12.1,8.3,247.7,21.3,9,10,2026-03-11T06:14:59,2026-03-11T18:16:30,0.75,Rain,Clear conditions throughout the day with late afternoon rain.,rain,"TTPP,TDW00011634"
"Chaguanas, Trinidad, Trinidad And Tobago",2026-03-12,86.1,76.5,80.2,89.3,76.5,81.6,67.9,66.7,0.024,100,25,rain,0,0,19.7,17.2,101.4,1013.1,15.9,8.6,236.1,20.3,8,10,2026-03-12T06:14:25,2026-03-12T18:16:32,0.79,Rain,Clear conditions throughout the day with rain.,rain,"TTPP,TDW00011634"
"Chaguanas, Trinidad, Trinidad And Tobago",2026-03-13,84.2,75.2,79.5,87.5,75.2,80.9,68.9,70.6,0.012,100,12.5,rain,0,0,20.8,19.7,99.4,1013.4,16.4,7.9,242.5,20.9,8,10,2026-03-13T06:13:51,2026-03-13T18:16:33,0.83,Rain,Clear conditions throughout the day with rain in the morning and afternoon.,rain,"TTPP,TDW00011634"
"Chaguanas, Trinidad, Trinidad And Tobago",2026-03-14,86.1,74.8,79.8,89,74.8,81.1,68.3,68.8,0.024,100,25,rain,0,0,19.7,17.2,93.5,1013.4,10.9,6.6,248.1,21.2,9,10,2026-03-14T06:13:17,2026-03-14T18:16:34,0.86,Rain,Clear conditions throughout the day with rain in the morning and afternoon.,rain,"3EBY2,TTPP,TDW00011634"
"Chaguanas, Trinidad, Trinidad And Tobago",2026-03-15,87.1,75,79.3,93.2,75,81,71,76.6,0.119,100,33.33,rain,0,0,20.6,18.3,109.6,1012.5,24,7.8,221.4,19.2,7,10,2026-03-15T06:12:43,2026-03-15T18:16:35,0.89,"Rain, Partially cloudy",Partly cloudy throughout the day with rain.,rain,"3EBY2,TTPP,TDW00011634"
"Chaguanas, Trinidad, Trinidad And Tobago",2026-03-16,84,74.8,78.2,87.2,74.8,79.2,69.7,75.8,0.036,100,20.83,rain,0,0,32.2,20.8,104.2,1013.6,18.7,7.3,247.7,21.3,9,10,2026-03-16T06:12:08,2026-03-16T18:16:36,0.92,Rain,Clear conditions throughout the day with rain clearing later.,rain,"3EBY2,TTPP,TDW00011634"
"Chaguanas, Trinidad, Trinidad And Tobago",2026-03-17,84.3,74.7,78.1,86.8,74.7,78.9,67.8,71.4,0,0,0,rain,0,0,25.5,17.2,105.5,1013.6,14.8,7.7,270.4,23.3,10,10,2026-03-17T06:11:33,2026-03-17T18:16:36,0.96,Clear,Clear conditions throughout the day.,clear-day,"3EBY2,TTPP,TDW00011634"
"Chaguanas, Trinidad, Trinidad And Tobago",2026-03-18,82.7,72.9,76.8,85.6,72.9,77.4,67.9,74.7,0.04,100,41.67,rain,0,0,34.4,24.2,96.5,1013.3,19.1,7,236.9,20.5,9,10,2026-03-18T06:10:58,2026-03-18T18:16:36,0,Rain,Clear conditions throughout the day with rain.,rain,"TTPP,TDW00011634"
"Chaguanas, Trinidad, Trinidad And Tobago",2026-03-19,85.6,71.7,77.6,87.2,71.7,78.3,67.3,72.2,0.032,100,33.33,rain,0,0,19.7,17.2,118.5,1012.3,14.6,8.6,257.5,22.3,9,10,2026-03-19T06:10:23,2026-03-19T18:16:36,0.02,Rain,Clear conditions throughout the day with rain clearing later.,rain,"TTPP,TDW00011634"
"Chaguanas, Trinidad, Trinidad And Tobago",2026-03-20,84.5,69.6,77.2,86.8,69.6,77.9,66.1,70.5,0,0,0,rain,0,0,15.7,18.3,105.3,1011.4,10.9,8.9,293.5,25.4,10,10,2026-03-20T06:09:47,2026-03-20T18:16:36,0.06,Clear,Clear conditions throughout the day.,clear-day,"TTPP,TDW00011634"
"Chaguanas, Trinidad, Trinidad And Tobago",2026-03-21,86.3,71.1,78.1,88.7,71.1,78.9,65.9,67.5,0,0,0,,0,0,18.6,17.2,111.7,1010.8,10.1,10,305,26.4,10,10,2026-03-21T06:09:12,2026-03-21T18:16:36,0.09,Clear,Clear conditions throughout the day.,clear-day,"TTPP,TDW00011634"
"Chaguanas, Trinidad, Trinidad And Tobago",2026-03-22,89.7,69.3,78.7,91.5,69.3,79.7,66.9,69.3,0,0,0,,0,0,17,13.9,114.6,1011,12.2,8.3,305.4,26.4,10,10,2026-03-22T06:08:36,2026-03-22T18:16:36,0.13,Clear,Clear conditions throughout the day.,clear-day,"TTPP,TDW00011634"
"Chaguanas, Trinidad, Trinidad And Tobago",2026-03-23,89.2,73.4,80.2,94.6,73.4,82.7,71,74.7,0.048,100,37.5,rain,0,0,16.6,17.2,118,1011,12.6,8.2,268.3,23.1,9,10,2026-03-23T06:08:00,2026-03-23T18:16:36,0.16,Rain,Clear conditions throughout the day with rain.,rain,"3EBY2,TTPP,TDW00011634"
"Chaguanas, Trinidad, Trinidad And Tobago",2026-03-24,84.5,76.8,79.4,89.8,76.8,81.4,72.1,78.9,0.02,100,16.67,rain,0,0,18.3,17.2,103.9,1012,13.2,8.7,265.9,22.9,9,10,2026-03-24T06:07:25,2026-03-24T18:16:35,0.2,Rain,Clear conditions throughout the day with rain in the morning and afternoon.,rain,"3EBY2,TTPP,TDW00011634"
"Chaguanas, Trinidad, Trinidad And Tobago",2026-03-25,86.3,74.8,79.6,89,74.8,80.7,68.1,68.9,0,0,0,,0,0,23.7,16.1,96.2,1012,12.6,8.8,280.2,24.2,10,10,2026-03-25T06:06:49,2026-03-25T18:16:35,0.25,Clear,Clear conditions throughout the day.,clear-day,"TTPP,TDW00011634"
"Chaguanas, Trinidad, Trinidad And Tobago",2026-03-26,85.9,75,79.9,107.6,75,82.2,68.8,69.9,0,0,0,rain,0,0,22.4,18.3,109.2,1011.9,17.3,8.5,273.1,23.6,10,10,2026-03-26T06:06:13,2026-03-26T18:16:34,0.27,Clear,Clear conditions throughout the day.,clear-day,"3EBY2,TTPP,TDW00011634"
"Chaguanas, Trinidad, Trinidad And Tobago",2026-03-27,85.9,75.1,80.1,90.4,75.1,81.5,68.2,67.7,0,0,0,,0,0,19.2,17.2,108.2,1011.2,32.3,6.2,260.9,22.4,10,10,2026-03-27T06:05:37,2026-03-27T18:16:34,0.31,Partially cloudy,Partly cloudy throughout the day.,partly-cloudy-day,"3EBY2,TTPP"
"Chaguanas, Trinidad, Trinidad And Tobago",2026-03-28,85.9,75.1,80,89.3,75.1,81.8,69.5,71.1,0,0,0,rain,0,0,17.7,17.2,108,1012.1,41.2,6.2,273.6,23.8,9,10,2026-03-28T06:05:02,2026-03-28T18:16:34,0.34,Partially cloudy,Partly cloudy throughout the day.,partly-cloudy-day,TTPP
"Chaguanas, Trinidad, Trinidad And Tobago",2026-03-29,85.9,76.9,80.5,89.3,76.9,82.2,69.9,70.9,0.004,100,4.17,rain,0,0,17,16.1,106.8,1012.1,31.3,6.2,245.7,21.4,8,10,2026-03-29T06:04:26,2026-03-29T18:16:33,0.38,"Rain, Partially cloudy",Partly cloudy throughout the day with afternoon rain.,rain,TTPP
"Chaguanas, Trinidad, Trinidad And Tobago",2026-03-30,87.7,76.9,80.4,89.3,76.9,81.5,68.3,67.7,0.008,100,8.33,rain,0,0,17,17.2,104.1,1012.4,26.1,6.2,265.1,23,9,10,2026-03-30T06:03:51,2026-03-30T18:16:33,0.41,"Rain, Partially cloudy",Partly cloudy throughout the day with rain.,rain,"3EBY2,TTPP"
"Chaguanas, Trinidad, Trinidad And Tobago",2026-03-31,93.1,73.3,80,99,73.3,81.6,69,70.1,0.104,100,37.5,rain,0,,13.2,13.9,98.2,1012.3,32.3,6.2,175.7,15.1,8,10,2026-03-31T06:03:15,2026-03-31T18:16:32,0.45,"Rain, Partially cloudy",Partly cloudy throughout the day with rain.,rain,"3EBY2,TTPP"
"Chaguanas, Trinidad, Trinidad And Tobago",2026-04-01,84.1,73.3,78.8,87.3,73.3,80,68.5,71.7,0.028,100,25,rain,0,,16.3,15,102,1011.7,25.8,6.6,167.9,14.5,8,10,2026-04-01T06:02:40,2026-04-01T18:16:32,0.5,"Rain, Partially cloudy",Partly cloudy throughout the day with a chance of rain throughout the day.,rain,"TTPP,remote"
"Chaguanas, Trinidad, Trinidad And Tobago",2026-04-02,87.7,73.3,79.6,90.2,73.3,80.9,68.3,70,0.008,100,8.33,rain,0,,17.7,17.2,99.5,1012,29.1,7.3,247.5,21.3,10,10,2026-04-02T06:02:05,2026-04-02T18:16:32,0.52,"Rain, Partially cloudy",Partly cloudy throughout the day with rain.,rain,"3EBY2,TTPP,remote"
"Chaguanas, Trinidad, Trinidad And Tobago",2026-04-03,87.7,75.1,80.8,91.3,75.1,82.7,69.3,69.1,0.024,100,25,rain,0,,16.8,16.1,104.6,1012.3,28.1,6.1,185.5,16,7,10,2026-04-03T06:01:30,2026-04-03T18:16:32,0.55,"Rain, Partially cloudy",Partly cloudy throughout the day with rain.,rain,"3EBY2,TTPP"
"Chaguanas, Trinidad, Trinidad And Tobago",2026-04-04,85,75.1,78,90,75.1,79,71.5,80.8,0.048,100,25,rain,0,,20.8,16.1,104.3,1012.7,47.9,6.1,187.3,16,7,10,2026-04-04T06:00:55,2026-04-04T18:16:32,0.58,"Rain, Partially cloudy",Partly cloudy throughout the day with rain.,rain,"3EBY2,TTPP,remote"
