name,datetime,humidity,precip,windspeed,winddir,sealevelpressure,cloudcover,visibility,solarradiation,solarenergy,sunrise,sunset,precip_chance,tempmax c,tempmin c,avgtemp c,feelslikemax c,feelslikemin c,avgfeelsliketemp c,dewpoint c
Chaguanas,2005-01-01,92.8,34.0106,10.3,70.7,1013.4,87.1,6.4,194.26875,16.75,23032,64500,1,29.1,24.1,25.4,34.7,24.1,26.2,24.1
Chaguanas,2005-01-02,79.0,6.095999999999999,13.9,39.9,1013.2,64.6,7.8,204.725,17.725,23055,64533,1,32.1,23.1,26.6,34.3,23.1,27.5,22.1
Chaguanas,2005-01-03,81.6,0.508,8.1,63.1,1012.6,55.0,8.3,212.7125,18.4,23078,64565,1,31.8,22.1,25.5,34.0,22.1,26.4,21.8
Chaguanas,2005-01-04,93.3,12.115799999999998,11.4,67.5,1011.6,83.0,6.8,203.375,17.63125,23100,64598,1,29.2,23.1,24.6,33.7,23.1,25.1,23.4
Chaguanas,2005-01-05,83.3,0.7874,4.7,50.9,1012.7,77.8,16.8,196.34375,16.9625,23121,64631,1,31.3,23.7,25.1,33.4,23.7,25.3,21.8
Chaguanas,2005-01-06,83.2,2.0065999999999997,10.3,67.7,1010.8,92.5,9.8,191.0875,16.5375,23141,64663,1,30.2,24.6,26.6,34.7,24.6,27.7,23.3
Chaguanas,2005-01-07,89.7,10.8966,12.8,77.7,1010.8,100.0,5.3,190.05,16.4,23160,64696,1,27.1,24.3,25.7,30.4,24.3,27.4,23.8
Chaguanas,2005-01-08,83.2,8.889999999999999,10.3,70.8,1011.9,90.0,9.6,202.51875,17.4625,23179,64728,1,29.2,24.1,26.0,32.7,24.1,27.2,22.7
Chaguanas,2005-01-09,78.4,0.0,12.8,82.9,1011.6,81.5,9.5,197.95625,17.0875,23197,64760,0,30.1,23.7,27.3,34.3,23.7,29.6,23.1
Chaguanas,2005-01-10,90.8,2.0065999999999997,9.2,80.0,1010.1,68.0,7.2,205.875,17.825,23214,64792,1,29.3,23.8,25.6,34.2,23.8,26.6,23.9
Chaguanas,2005-01-11,91.0,10.998199999999999,10.3,68.7,1011.1,76.3,8.8,215.96875,18.63125,23229,64824,1,31.7,23.8,25.4,37.3,23.8,26.1,23.6
Chaguanas,2005-01-12,87.9,0.0,10.3,45.2,1011.4,35.5,10.0,209.2375,18.0875,23244,64855,0,31.3,24.1,26.1,37.4,24.1,27.2,23.8
Chaguanas,2005-01-13,86.9,11.7094,13.9,63.5,1012.7,82.5,4.5,211.90625,18.3375,23258,64886,1,29.3,24.6,26.9,35.0,24.6,29.6,24.4
Chaguanas,2005-01-14,83.9,8.102599999999999,16.1,60.4,1011.7,88.2,6.3,216.7625,18.75,23271,64917,1,31.1,25.1,27.3,36.7,25.1,29.6,24.3
Chaguanas,2005-01-15,92.1,18.516599999999997,16.1,75.8,1010.8,91.3,5.1,213.50625,18.425,23284,64948,1,29.2,23.1,25.2,33.9,23.1,25.9,23.7
Chaguanas,2005-01-16,95.8,32.9946,5.8,90.0,1010.2,66.7,8.9,213.25,18.4375,23295,64978,1,25.2,23.2,24.2,25.2,23.2,24.2,23.4
Chaguanas,2005-01-17,97.4,0.0,0.0,90.0,1009.6,35.7,8.6,216.7375,18.73125,23305,65008,0,24.8,21.8,22.4,24.8,21.8,22.4,22.1
Chaguanas,2005-01-18,71.0,0.0,13.9,332.4,1010.3,90.0,9.5,220.3375,19.025,23314,65037,0,31.7,26.8,28.9,36.2,29.2,32.5,23.0
Chaguanas,2005-01-19,84.6,10.2108,11.4,291.6,1010.0,90.0,7.0,218.14375,18.8625,23322,65066,1,28.1,24.1,25.8,32.8,24.1,26.5,22.9
Chaguanas,2005-01-20,78.5,0.0,12.8,325.9,1010.6,80.6,9.8,228.18125,19.68125,23329,65095,0,33.1,22.8,26.9,37.8,22.8,28.4,22.6
Chaguanas,2005-01-21,89.1,16.002,16.1,55.5,1012.1,91.4,9.2,219.76874999999998,18.98125,23335,65123,1,26.1,24.2,25.1,26.1,24.2,25.1,23.1
Chaguanas,2005-01-22,93.1,7.518399999999999,10.3,63.2,1012.9,90.0,8.2,214.3375,18.49375,23340,65150,1,27.6,23.8,25.1,31.1,23.8,25.4,23.8
Chaguanas,2005-01-23,75.5,2.0065999999999997,18.3,68.4,1013.3,66.0,11.2,221.075,19.05,23344,65177,1,30.8,24.7,28.0,35.2,24.7,30.3,23.1
Chaguanas,2005-01-24,74.3,0.3048,13.9,80.0,1013.7,64.7,9.2,232.95625,20.1125,23347,65204,1,30.6,22.8,27.7,34.6,22.8,29.9,22.6
Chaguanas,2005-01-25,78.6,0.0,11.4,69.3,1013.2,45.0,10.6,232.93125,20.14375,23348,65229,0,30.7,21.7,25.1,32.4,21.7,25.6,20.8
Chaguanas,2005-01-26,86.4,0.0,16.1,70.0,1013.3,31.3,12.3,228.25625,19.68125,23349,65255,0,31.3,21.1,23.7,34.1,21.1,24.0,20.9
Chaguanas,2005-01-27,70.9,0.0,17.2,61.7,1013.3,48.8,8.8,218.59375,18.825,23349,65280,0,31.3,22.1,27.5,34.7,22.1,29.3,21.4
Chaguanas,2005-01-28,65.5,0.0,11.4,61.7,1011.3,68.9,8.3,222.40625,19.1875,23348,65304,0,32.2,24.7,28.9,35.7,24.7,31.3,21.6
Chaguanas,2005-01-29,74.9,0.0,10.3,36.6,1010.8,62.2,12.1,217.64375,18.7625,23345,65328,0,30.8,22.7,26.2,32.9,22.7,26.9,21.0
Chaguanas,2005-01-30,78.2,0.508,10.3,1.5,1010.5,64.0,9.8,228.8625,19.75625,23342,65351,1,32.3,22.1,25.5,34.0,22.1,26.1,20.8
Chaguanas,2005-01-31,69.3,0.0,10.3,350.1,1010.7,45.7,11.5,237.98125,20.50625,23337,65373,0,33.1,20.1,26.4,33.6,20.1,26.9,19.3
Chaguanas,2005-02-01,77.2,0.0,11.4,9.9,1010.3,34.7,9.5,237.2125,20.45625,23332,65395,0,33.1,19.1,24.4,34.7,19.1,25.1,19.6
Chaguanas,2005-02-02,72.5,0.0,11.4,80.1,1010.1,36.0,10.9,237.0625,20.425,23325,65416,0,32.1,20.1,25.8,33.0,20.1,26.4,19.6
Chaguanas,2005-02-03,77.9,0.0,6.9,31.1,1011.9,83.5,9.2,233.1,20.08125,23318,65437,0,30.1,21.3,25.3,32.0,21.3,26.3,20.9
Chaguanas,2005-02-04,77.9,0.0,9.2,109.5,1013.4,75.7,12.8,230.4875,19.83125,23309,65456,0,31.2,20.1,23.9,32.1,20.1,24.2,19.3
Chaguanas,2005-02-05,78.0,0.0,15.0,67.7,1013.5,79.2,9.1,222.24375,19.1875,23300,65476,0,30.7,22.7,26.4,34.2,22.7,27.8,21.9
Chaguanas,2005-02-06,65.9,0.9905999999999999,13.9,74.6,1011.6,47.3,10.4,225.9875,19.46875,23289,65494,1,31.3,25.3,29.9,35.6,25.3,33.3,22.7
Chaguanas,2005-02-10,77.8,0.0,15.7,71.8,1010.3,83.3,8.7,237.66875000000002,20.51875,23238,65563,0,30.7,25.7,27.8,34.6,25.7,30.2,23.3
Chaguanas,2005-02-11,69.8,0.0,12.8,69.7,1011.6,77.8,9.5,243.94375,21.0875,23222,65578,0,33.1,23.7,29.2,38.2,23.7,31.9,22.7
Chaguanas,2005-02-12,75.7,0.0,11.4,75.0,1012.2,73.3,10.2,236.78125,20.39375,23206,65593,0,32.3,23.1,26.8,34.3,23.1,27.7,21.6
Chaguanas,2005-02-13,70.6,0.0,11.4,94.5,1012.9,77.5,9.5,247.45625,21.375,23189,65607,0,32.1,24.2,28.7,35.9,24.2,30.5,22.4
Chaguanas,2005-02-14,77.5,0.7874,13.9,75.1,1013.8,74.0,11.5,228.31875,19.73125,23171,65620,1,30.8,23.6,26.7,34.2,23.6,27.9,22.2
Chaguanas,2005-02-15,73.5,0.6096,12.8,82.1,1011.2,34.1,8.4,245.60625000000002,21.25,23152,65633,1,32.2,23.1,27.6,36.0,23.1,29.1,21.9
Chaguanas,2005-02-16,74.5,0.508,8.1,64.9,1009.9,49.4,8.9,247.9875,21.41875,23133,65646,1,33.1,21.1,26.8,36.7,21.1,28.3,21.3
Chaguanas,2005-02-17,72.6,0.0,12.8,323.4,1011.0,59.3,7.8,241.34375,20.8625,23112,65657,0,33.1,22.1,27.7,37.2,22.1,29.6,21.9
Chaguanas,2005-02-18,73.6,0.0,12.8,341.2,1012.2,82.4,7.8,244.2625,21.125,23091,65669,0,34.1,22.1,26.9,36.6,22.1,28.0,21.2
Chaguanas,2005-02-19,70.6,0.0,15.0,18.9,1013.2,72.2,8.8,246.68125,21.35,23069,65679,0,33.8,22.3,27.3,37.0,22.3,28.4,20.9
Chaguanas,2005-02-20,74.1,0.0,12.8,15.7,1013.7,52.1,9.5,253.7125,21.93125,23046,65689,0,34.1,21.1,26.8,35.7,21.1,27.6,20.8
Chaguanas,2005-02-21,65.6,0.3048,20.8,9.1,1013.3,61.5,7.7,257.3875,22.21875,23022,65699,1,33.1,22.1,27.7,34.7,22.1,28.4,19.9
Chaguanas,2005-02-22,77.5,0.0,16.1,54.6,1012.8,73.5,6.2,237.5375,20.53125,22998,65707,0,31.1,21.8,25.8,34.3,21.8,26.8,21.3
Chaguanas,2005-02-23,79.1,0.9905999999999999,11.4,46.3,1013.2,71.9,6.9,244.85625,21.15625,22973,65716,1,32.1,23.1,25.8,35.3,23.1,26.5,21.7
Chaguanas,2005-02-24,78.6,0.9905999999999999,16.1,72.2,1013.6,52.5,7.4,238.98125,20.6375,22947,65724,1,32.1,22.1,26.3,35.0,22.1,27.5,21.9
Chaguanas,2005-02-25,79.0,0.0,16.1,76.7,1013.2,64.7,7.2,247.4375,21.43125,22920,65731,0,33.1,24.1,27.5,37.2,24.1,29.3,23.1
Chaguanas,2005-02-26,73.2,0.3048,16.1,65.1,1013.1,65.5,7.9,257.125,22.19375,22893,65738,1,33.1,23.8,27.7,37.2,23.8,29.3,22.1
Chaguanas,2005-02-27,77.1,0.0,13.9,68.9,1012.5,72.0,7.2,247.29375,21.375,22866,65744,0,33.1,22.1,27.2,36.2,22.1,28.6,22.2
Chaguanas,2005-02-28,85.1,7.086600000000001,16.1,70.1,1012.9,48.0,8.1,259.675,22.4625,22837,65750,1,32.1,23.8,26.0,34.5,23.8,26.8,23.0
Chaguanas,2005-03-01,75.9,0.0,15.0,75.8,1013.1,35.3,8.8,255.96875,22.09375,22809,65755,0,33.1,21.1,26.9,37.2,21.1,28.4,21.6
Chaguanas,2005-03-02,62.9,0.0,13.9,76.5,1012.9,40.7,8.7,252.43125,21.81875,22779,65760,0,33.2,24.1,29.5,35.6,24.1,31.4,21.2
Chaguanas,2005-03-03,68.6,0.508,12.8,72.2,1013.3,48.1,9.0,261.51875,22.63125,22749,65765,1,33.1,23.3,28.0,36.2,23.3,29.6,21.3
Chaguanas,2005-03-04,72.7,0.0,12.8,81.8,1013.4,53.2,8.5,247.98125,21.43125,22719,65769,0,32.2,21.6,27.1,34.7,21.6,28.3,21.2
Chaguanas,2005-03-05,77.6,0.0,13.9,84.3,1013.0,72.8,8.7,251.1125,21.625,22688,65773,0,32.7,22.1,26.3,34.7,22.1,27.2,21.5
Chaguanas,2005-03-06,72.8,0.0,12.8,65.9,1014.1,84.4,9.9,257.06875,22.21875,22656,65776,0,33.3,22.1,27.2,36.8,22.1,28.4,21.4
Chaguanas,2005-03-07,61.3,0.0,19.5,64.2,1013.7,51.4,9.9,257.025,22.20625,22624,65779,0,33.3,23.8,30.1,37.3,23.8,32.8,21.6
Chaguanas,2005-03-08,77.5,0.9905999999999999,11.4,52.4,1013.8,73.3,8.1,259.43125,22.41875,22592,65782,1,33.1,22.7,26.4,34.7,22.7,27.3,21.7
Chaguanas,2005-03-09,72.1,0.0,12.8,79.5,1013.0,77.1,8.3,259.66875,22.43125,22560,65784,0,33.8,22.1,27.2,36.1,22.1,28.1,21.0
Chaguanas,2005-03-10,77.3,0.0,12.8,80.5,1012.1,74.5,9.3,244.58125,21.14375,22526,65786,0,33.7,23.2,27.1,36.8,23.2,28.3,22.4
Chaguanas,2005-03-11,83.9,1.4986,12.8,70.0,1012.8,60.7,7.6,247.13750000000002,21.3375,22493,65788,1,32.1,24.1,26.4,38.1,24.1,28.1,23.3
Chaguanas,2005-03-12,65.9,0.0,16.1,128.8,1014.0,39.4,8.3,257.76875,22.24375,22459,65789,0,32.1,22.7,29.0,35.9,22.7,31.2,21.6
Chaguanas,2005-03-13,70.0,0.0,16.1,97.6,1013.2,51.4,8.9,259.16875,22.4,22425,65790,0,33.2,21.1,27.9,37.2,21.1,29.7,21.4
Chaguanas,2005-03-14,62.4,0.0,12.8,79.3,1012.1,33.0,8.6,259.6625,22.41875,22391,65791,0,33.1,23.1,28.5,34.7,23.1,29.4,19.9
Chaguanas,2005-03-15,68.4,0.0,11.4,69.3,1011.7,48.9,9.4,249.7,21.5375,22357,65792,0,34.1,21.2,26.7,36.6,21.2,27.7,19.8
Chaguanas,2005-03-16,66.9,0.0,13.9,64.6,1012.7,52.5,10.5,255.29375,22.03125,22322,65793,0,33.8,21.1,27.0,35.7,21.1,27.8,19.7
Chaguanas,2005-03-17,57.2,0.0,15.0,73.2,1013.3,61.4,7.5,280.08125,24.14375,22287,65793,0,34.1,21.8,29.4,34.7,21.8,30.6,19.4
Chaguanas,2005-03-18,72.3,0.0,11.4,69.4,1013.2,44.4,9.7,276.58125,23.85625,22252,65793,0,32.8,24.3,26.6,35.1,24.3,27.0,20.9
Chaguanas,2005-03-19,72.5,0.0,13.9,78.6,1013.3,67.8,7.5,268.6375,23.18125,22216,65793,0,33.2,23.1,28.1,37.2,23.1,30.1,22.2
Chaguanas,2005-03-20,86.5,0.0,16.1,75.1,1013.5,32.3,7.1,267.8625,23.10625,22181,65793,0,32.8,24.1,25.9,35.4,24.1,26.5,23.2
Chaguanas,2005-03-21,68.8,0.9905999999999999,17.2,74.0,1013.5,40.0,6.6,261.53125,22.60625,22145,65793,1,33.2,24.1,28.7,35.9,24.1,30.4,21.9
Chaguanas,2005-03-22,70.4,0.7874,20.8,66.7,1015.2,50.0,7.0,265.6375,22.91875,22110,65793,1,33.1,24.7,28.9,36.2,24.7,31.7,22.7
Chaguanas,2005-03-23,67.1,0.0,18.3,74.8,1015.8,35.6,7.5,261.8125,22.625,22074,65792,0,33.6,24.3,28.9,35.9,24.3,30.5,21.6
Chaguanas,2005-03-24,68.0,0.0,15.0,75.9,1015.1,41.4,7.9,275.90625,23.825,22038,65792,0,33.1,24.1,28.5,36.5,24.1,30.2,21.5
Chaguanas,2005-03-25,92.6,9.0932,12.8,72.0,1013.7,75.3,6.1,268.4,23.15,22002,65791,1,27.1,24.1,24.9,30.4,24.1,25.1,23.6
Chaguanas,2005-03-26,89.4,10.1854,18.3,62.3,1013.0,67.5,5.8,265.40625,22.89375,21966,65791,1,30.1,23.1,25.2,34.3,23.1,26.1,23.3
Chaguanas,2005-03-27,76.8,3.302,15.0,76.1,1013.1,52.5,9.2,273.1875,23.6125,21931,65790,1,31.3,25.1,27.3,34.4,25.1,28.8,22.7
Chaguanas,2005-03-28,82.7,1.8795999999999997,15.0,65.8,1012.6,74.2,7.6,272.39375,23.525,21895,65790,1,30.3,23.7,26.2,33.9,23.7,27.4,22.8
Chaguanas,2005-03-29,68.4,2.0065999999999997,21.9,67.1,1013.2,60.7,9.0,268.0625,23.15,21859,65789,1,32.1,24.3,28.9,35.9,24.3,31.3,22.2
Chaguanas,2005-03-30,82.0,0.0,17.2,65.2,1013.2,67.3,7.9,270.40625,23.34375,21824,65789,0,31.7,23.8,26.4,34.6,23.8,27.6,22.8
Chaguanas,2005-03-31,82.3,2.9972,17.2,62.6,1012.7,80.0,4.9,251.825,21.79375,21788,65788,1,31.1,24.1,26.9,36.7,24.1,28.7,23.5
Chaguanas,2005-04-01,73.5,0.0,17.2,73.0,1013.4,56.9,6.5,265.15625,22.95,21753,65788,0,32.1,25.6,28.9,36.9,25.6,31.9,23.4
Chaguanas,2005-04-02,76.3,0.0,13.9,72.0,1012.7,46.7,6.6,265.575,22.93125,21718,65788,0,33.1,24.1,28.3,38.2,24.1,30.9,23.4
Chaguanas,2005-04-03,70.4,0.0,17.2,63.4,1013.6,53.1,5.9,269.6125,23.275,21683,65788,0,32.1,26.3,29.6,36.9,26.3,33.6,23.4
Chaguanas,2005-04-04,85.3,0.0,11.4,69.8,1013.9,55.7,6.7,272.5625,23.55625,21648,65788,0,29.3,25.1,26.3,32.3,25.1,26.8,23.5
Chaguanas,2005-04-05,72.9,0.0,21.9,61.3,1013.6,76.7,6.4,268.46875,23.2,21613,65788,0,32.1,24.8,28.4,35.6,24.8,30.6,22.7
Chaguanas,2005-04-06,67.6,0.0,18.3,59.3,1013.6,84.0,6.9,260.45625,22.5,21579,65788,0,32.2,25.2,28.8,35.0,25.2,31.2,21.9
Chaguanas,2005-04-07,69.0,0.0,19.5,56.6,1013.4,68.3,6.8,268.21875,23.1625,21545,65789,0,33.1,25.1,28.6,37.2,25.1,30.8,22.1
Chaguanas,2005-04-08,74.8,0.0,17.2,67.6,1012.4,75.2,6.4,265.01875,22.9125,21511,65789,0,32.7,25.1,28.3,37.3,25.1,30.8,23.2
Chaguanas,2005-04-09,77.4,2.9972,18.3,68.4,1012.5,79.5,6.6,270.33125,23.34375,21478,65790,1,32.1,24.3,27.8,36.9,24.3,29.7,23.2
Chaguanas,2005-04-10,82.2,0.508,17.2,72.0,1011.2,75.7,6.4,268.3,23.21875,21445,65791,1,31.1,24.1,27.0,34.7,24.1,28.6,23.4
Chaguanas,2005-04-11,78.1,0.0,15.0,73.4,1010.3,88.3,6.8,273.4625,23.575,21412,65792,0,34.1,25.1,28.3,42.6,25.1,30.9,23.7
Chaguanas,2005-04-12,77.1,0.0,15.0,79.8,1011.3,85.0,6.9,265.35625,22.88125,21379,65794,0,33.2,25.7,28.7,38.2,25.7,31.6,23.9
Chaguanas,2005-04-13,76.7,0.0,19.5,71.1,1012.3,90.0,6.2,262.10625,22.6375,21347,65795,0,33.1,25.1,28.2,37.2,25.1,30.3,23.4
Chaguanas,2005-04-14,74.4,0.0,18.3,72.7,1012.1,84.8,5.1,248.95,21.5125,21316,65797,0,32.3,25.1,28.4,37.1,25.1,30.3,23.0
Chaguanas,2005-04-15,72.7,0.0,19.5,78.8,1011.8,53.3,5.4,248.51875,21.40625,21285,65799,0,33.1,24.7,28.5,37.2,24.7,30.7,22.7
Chaguanas,2005-04-16,72.0,0.0,17.2,70.3,1013.2,50.0,6.1,261.5125,22.61875,21254,65802,0,33.1,24.1,28.2,35.6,24.1,29.9,22.2
Chaguanas,2005-04-17,71.2,0.0,19.5,65.3,1012.9,61.7,6.7,257.4875,22.2375,21223,65805,0,33.2,22.3,27.7,35.4,22.3,28.9,21.3
Chaguanas,2005-04-18,73.1,0.0,15.0,74.2,1011.4,60.0,7.1,265.80625,22.98125,21194,65808,0,33.1,23.8,28.2,36.2,23.8,30.2,22.4
Chaguanas,2005-04-19,73.1,0.0,16.1,74.1,1011.0,79.0,7.2,252.24375,21.7875,21164,65811,0,34.2,24.7,28.4,38.3,24.7,30.6,22.8
Chaguanas,2005-04-20,76.9,0.0,15.0,70.6,1011.3,88.3,6.9,249.2125,21.53125,21135,65815,0,34.1,25.1,28.3,39.5,25.1,30.9,23.6
Chaguanas,2005-04-21,71.0,0.0,13.9,86.4,1011.0,70.0,6.9,254.03125,21.96875,21107,65819,0,34.1,25.8,29.1,37.4,25.8,31.1,22.7
Chaguanas,2005-04-22,77.6,0.0,17.2,104.9,1010.6,86.3,7.4,262.1875,22.64375,21079,65823,0,33.3,25.1,28.7,39.4,25.1,32.1,24.1
Chaguanas,2005-04-23,76.0,0.0,13.9,92.7,1011.3,76.7,6.7,258.925,22.4125,21052,65828,0,34.1,26.1,29.2,40.7,26.1,32.8,24.2
Chaguanas,2005-04-24,73.3,0.0,16.1,89.0,1011.8,55.8,7.0,257.925,22.25625,21026,65833,0,33.6,25.1,29.1,38.2,25.1,31.9,23.4
Chaguanas,2005-04-25,72.5,0.0,13.9,82.1,1012.5,43.8,5.7,256.63125,22.1375,21000,65838,0,35.1,25.8,29.2,38.7,25.8,31.4,23.1
Chaguanas,2005-04-26,68.5,0.0,13.9,75.4,1012.9,38.8,8.3,263.58125,22.76875,20974,65844,0,34.1,24.1,28.9,37.4,24.1,30.7,21.9
Chaguanas,2005-04-27,67.6,0.0,16.1,71.2,1012.8,40.8,8.9,250.24375,21.5875,20949,65850,0,34.1,22.1,28.4,36.6,22.1,30.1,21.3
Chaguanas,2005-04-28,67.0,0.0,11.4,85.7,1012.4,46.7,8.4,263.5875,22.7875,20925,65856,0,35.1,24.1,28.8,37.8,24.1,30.4,21.4
Chaguanas,2005-04-29,75.1,0.0,15.0,81.7,1012.4,73.5,8.8,238.16666666666666,20.540000000000003,20902,65863,0,34.1,24.1,28.4,37.4,24.1,31.1,23.2
Chaguanas,2005-04-30,79.9,2.0065999999999997,13.9,83.0,1013.7,75.4,8.0,257.8666666666667,22.206666666666667,20879,65870,1,32.8,24.7,27.8,38.1,24.7,30.2,23.8
Chaguanas,2005-05-01,87.8,4.8768,17.2,97.7,1014.4,85.4,8.1,247.73999999999998,21.413333333333334,20857,65878,1,30.1,24.8,26.4,36.3,24.8,28.0,24.2
Chaguanas,2005-05-02,80.9,0.0,9.2,88.2,1013.4,81.3,8.2,234.01333333333332,20.2,20835,65886,0,33.1,23.7,27.6,37.2,23.7,29.9,23.6
Chaguanas,2005-05-03,76.6,0.0,17.2,81.3,1013.0,43.9,8.2,231.70666666666665,19.966666666666665,20815,65894,0,34.1,24.1,28.4,39.5,24.1,31.2,23.4
Chaguanas,2005-05-04,77.9,0.0,20.8,69.6,1013.5,61.7,8.1,241.07999999999998,20.80666666666667,20795,65903,0,32.8,25.1,28.1,37.5,25.1,30.4,23.6
Chaguanas,2005-05-05,79.6,4.0893999999999995,17.2,70.9,1013.6,66.7,7.7,264.29333333333335,22.793333333333333,20775,65912,1,34.1,25.1,28.1,37.4,25.1,30.7,23.9
Chaguanas,2005-05-06,89.5,2.0065999999999997,16.1,73.4,1013.4,79.1,6.1,262.11333333333334,22.613333333333333,20757,65921,1,30.8,24.1,26.3,36.2,24.1,27.9,24.4
Chaguanas,2005-05-07,85.1,2.9972,21.9,73.9,1012.5,75.8,6.6,264.64666666666665,22.826666666666664,20739,65931,1,32.2,24.1,27.5,38.1,24.1,30.1,24.5
Chaguanas,2005-05-08,81.9,1.2953999999999999,13.9,74.5,1012.0,76.3,7.1,235.8,20.346666666666668,20722,65942,1,32.1,25.1,28.0,39.3,25.1,30.8,24.4
Chaguanas,2005-05-09,81.0,3.5813999999999995,15.0,82.7,1011.7,86.7,6.5,250.46666666666667,21.66,20706,65952,1,31.1,24.7,27.7,37.9,24.7,30.2,23.9
Chaguanas,2005-05-10,78.5,0.0,15.0,81.4,1011.7,84.2,6.5,248.47333333333333,21.446666666666665,20690,65963,0,32.7,24.1,28.1,39.2,24.1,31.0,23.7
Chaguanas,2005-05-11,74.8,0.0,16.1,94.3,1011.1,68.3,7.7,268.72,23.173333333333336,20676,65974,0,33.1,24.1,28.4,37.2,24.1,30.9,23.1
Chaguanas,2005-05-12,84.7,6.095999999999999,15.0,83.8,1011.0,60.5,6.9,257.70666666666665,22.253333333333334,20662,65986,1,32.2,24.1,27.6,38.8,24.1,30.6,24.6
Chaguanas,2005-05-13,78.3,2.0065999999999997,16.1,87.2,1010.1,83.3,5.9,262.8666666666667,22.740000000000002,20649,65998,1,32.6,25.6,28.6,38.1,25.6,31.4,24.1
Chaguanas,2005-05-14,83.8,10.8966,16.1,62.1,1009.7,89.2,5.8,232.56666666666666,20.040000000000003,20636,66011,1,32.1,25.1,28.0,38.1,25.1,31.1,24.8
Chaguanas,2005-05-15,92.1,8.407399999999999,12.8,71.7,1009.5,89.2,5.6,233.01333333333332,20.086666666666666,20625,66023,1,30.2,25.1,26.9,37.6,25.1,29.5,25.5
Chaguanas,2005-05-16,95.4,34.0868,13.9,83.5,1010.5,87.8,5.1,243.88666666666668,21.046666666666667,20614,66036,1,29.1,24.7,25.8,35.8,24.7,26.2,24.9
Chaguanas,2005-05-17,79.6,0.3048,12.8,79.2,1010.9,67.3,6.6,252.86,21.813333333333333,20604,66050,1,33.1,24.7,28.4,38.2,24.7,31.3,24.1
Chaguanas,2005-05-18,77.9,0.0,13.9,73.5,1010.1,52.7,7.3,246.94,21.3,20595,66063,0,34.1,23.1,27.9,39.5,23.1,30.4,23.3
Chaguanas,2005-05-19,86.3,11.2014,8.1,223.7,1009.4,68.2,7.7,241.22,20.853333333333335,20587,66077,1,33.1,23.3,27.1,40.7,23.3,30.1,24.4
Chaguanas,2005-05-20,77.7,0.0,11.4,84.0,1010.4,79.1,8.6,253.73999999999998,21.90666666666667,20579,66091,0,34.1,23.8,28.9,40.7,23.8,32.9,24.3
Chaguanas,2005-05-21,77.9,0.0,10.3,81.9,1011.1,90.0,6.1,238.2,20.546666666666667,20572,66106,0,33.1,25.1,28.5,38.2,25.1,31.6,24.0
Chaguanas,2005-05-22,80.8,0.0,15.0,90.2,1011.1,60.8,7.9,227.32666666666668,19.613333333333333,20566,66121,0,33.3,25.1,28.7,40.6,25.1,32.7,24.8
Chaguanas,2005-05-23,75.6,0.0,11.4,86.7,1010.2,40.4,8.7,229.28666666666666,19.8,20561,66136,0,34.1,26.1,29.5,39.6,26.1,33.8,24.4
Chaguanas,2005-05-24,79.6,50.0126,12.8,91.2,1010.7,51.3,8.4,246.92666666666668,21.32,20557,66151,1,33.1,25.1,28.8,39.4,25.1,33.1,24.7
Chaguanas,2005-05-25,79.4,0.0,13.9,80.6,1011.7,61.7,8.3,236.34,20.386666666666667,20553,66166,0,33.1,24.8,28.7,39.4,24.8,32.6,24.6
Chaguanas,2005-05-26,81.7,2.0065999999999997,13.9,83.2,1012.5,73.0,7.5,217.10666666666665,18.71333333333333,20551,66182,1,32.1,25.1,28.3,40.8,25.1,32.1,24.7
Chaguanas,2005-05-27,87.6,14.985999999999999,12.8,74.8,1013.3,73.9,6.5,220.18666666666664,19.040000000000003,20549,66198,1,32.3,25.1,27.6,39.9,25.1,31.0,25.2
Chaguanas,2005-05-28,81.8,1.9811999999999999,13.9,92.0,1012.6,43.0,5.0,215.73999999999998,18.633333333333333,20547,66214,1,33.1,24.7,28.4,39.4,24.7,32.1,24.8
Chaguanas,2005-05-29,88.1,2.5146,15.0,87.6,1012.2,87.1,6.7,199.63333333333333,17.220000000000002,20547,66230,1,29.1,25.7,27.1,34.7,25.7,29.7,24.9
Chaguanas,2005-05-30,86.9,3.8099999999999996,9.2,101.2,1012.2,91.3,5.9,209.70666666666665,18.10666666666667,20547,66246,1,31.1,25.1,27.0,36.7,25.1,29.4,24.6
Chaguanas,2005-05-31,83.4,13.6906,15.0,94.0,1013.0,85.4,5.1,212.6,18.4,20548,66262,1,32.1,25.7,28.0,37.9,25.7,30.7,24.7
Chaguanas,2005-06-01,83.6,8.102599999999999,23.0,83.5,1012.9,83.3,5.3,214.44,18.506666666666668,20550,66278,1,32.6,24.3,27.6,38.8,24.3,30.0,24.3
Chaguanas,2005-06-02,91.0,27.101799999999997,16.1,84.4,1012.3,83.5,5.8,216.22666666666666,18.68,20552,66295,1,29.3,24.1,26.0,35.7,24.1,27.3,24.4
Chaguanas,2005-06-03,94.3,144.0942,8.1,92.2,1011.5,90.8,6.0,231.82000000000002,20.0,20555,66311,1,29.1,24.1,25.6,34.7,24.1,26.3,24.6
Chaguanas,2005-06-04,89.8,6.095999999999999,16.1,102.9,1011.2,91.7,6.6,219.78666666666666,18.98,20559,66328,1,30.1,24.1,26.4,36.3,24.1,28.3,24.6
Chaguanas,2005-06-05,83.8,5.8928,9.2,103.2,1011.6,90.0,8.4,191.91333333333333,16.533333333333335,20564,66344,1,31.1,25.7,28.1,39.3,25.7,31.8,25.0
Chaguanas,2005-06-06,88.4,2.0065999999999997,9.2,88.0,1011.7,90.0,7.8,201.88666666666668,17.453333333333333,20569,66361,1,31.1,25.1,26.9,37.9,25.1,29.2,24.8
Chaguanas,2005-06-07,92.0,14.1986,5.8,152.9,1010.9,90.4,7.6,220.2866666666667,18.98,20575,66377,1,30.1,24.1,25.8,35.2,24.1,26.9,24.4
Chaguanas,2005-06-08,86.9,7.899399999999999,9.2,73.3,1011.2,86.4,7.8,216.25333333333336,18.686666666666667,20581,66393,1,31.1,23.1,26.5,39.3,23.1,28.9,24.0
Chaguanas,2005-06-09,82.0,0.0,15.0,96.3,1012.2,74.1,8.7,226.53333333333333,19.506666666666668,20589,66409,0,32.1,23.1,27.4,38.1,23.1,30.3,23.8
Chaguanas,2005-06-10,84.5,0.7874,8.1,113.6,1011.9,90.0,8.0,214.48666666666668,18.493333333333332,20596,66425,1,32.1,25.1,28.1,39.3,25.1,31.7,25.1
Chaguanas,2005-06-11,78.9,0.0,10.3,100.0,1011.4,89.6,9.7,213.72,18.426666666666666,20604,66441,0,33.2,25.1,28.7,39.4,25.1,31.9,24.3
Chaguanas,2005-06-12,80.3,0.0,13.9,104.7,1011.7,85.0,8.2,225.53333333333333,19.433333333333334,20613,66457,0,33.1,25.1,28.4,39.5,25.1,32.2,24.6
Chaguanas,2005-06-13,92.2,12.877799999999999,13.9,137.5,1011.6,88.3,6.5,202.34,17.433333333333334,20623,66472,1,30.1,25.1,26.4,36.4,25.1,27.7,25.0
Chaguanas,2005-06-14,89.8,13.8938,9.2,96.7,1011.4,77.9,6.8,226.63333333333333,19.533333333333335,20633,66488,1,32.1,24.7,27.2,40.8,24.7,30.3,25.3
Chaguanas,2005-06-15,78.0,0.0,13.9,87.7,1012.3,79.3,8.0,193.14666666666665,16.666666666666668,20643,66503,0,32.3,26.1,29.1,39.2,26.1,33.4,24.7
Chaguanas,2005-06-16,81.0,0.0,16.1,80.7,1013.2,70.4,9.4,209.57333333333332,18.073333333333334,20654,66517,0,33.3,25.8,28.7,40.7,25.8,32.6,24.9
Chaguanas,2005-06-17,80.0,0.0,13.9,84.3,1013.0,40.8,8.6,204.21999999999997,17.626666666666665,20665,66532,0,33.1,25.1,28.8,39.4,25.1,32.7,24.7
Chaguanas,2005-06-18,85.8,4.0893999999999995,13.9,76.6,1013.0,66.1,6.7,192.30666666666667,16.593333333333334,20677,66546,1,32.1,25.8,27.8,38.3,25.8,31.1,25.1
Chaguanas,2005-06-19,89.7,18.7198,15.0,79.4,1012.0,90.5,6.1,193.28,16.7,20689,66560,1,30.1,25.1,27.0,36.3,25.1,29.2,25.1
Chaguanas,2005-06-20,91.5,26.212799999999998,11.4,71.4,1011.9,84.6,5.9,193.84666666666666,16.733333333333334,20702,66573,1,31.1,24.7,26.6,37.9,24.7,28.3,25.0
Chaguanas,2005-06-21,82.2,0.0,17.2,93.5,1013.4,69.2,8.3,208.22,18.013333333333332,20714,66586,0,32.1,24.1,28.1,39.2,24.1,31.8,24.6
Chaguanas,2005-06-22,89.6,2.9972,11.4,81.3,1013.6,78.3,7.1,220.51333333333332,19.040000000000003,20728,66599,1,30.1,24.8,26.1,35.2,24.8,27.2,24.2
Chaguanas,2005-06-23,86.3,2.9972,16.1,90.2,1014.2,76.5,8.3,205.09333333333333,17.69333333333333,20741,66611,1,30.7,24.1,26.6,36.1,24.1,28.3,24.0
Chaguanas,2005-06-24,93.9,0.0,0.0,90.2,1014.6,90.0,7.5,210.9466666666667,18.206666666666667,20755,66622,0,28.8,25.1,26.1,34.9,25.1,26.8,25.1
Chaguanas,2005-06-26,71.7,0.0,17.2,79.1,1012.7,45.0,8.5,221.05333333333334,19.09333333333333,20784,66644,0,32.6,26.1,29.6,38.1,26.1,33.4,23.7
Chaguanas,2005-06-27,80.6,0.9905999999999999,15.0,83.7,1013.0,86.3,7.2,214.66666666666666,18.526666666666664,20798,66654,1,31.1,24.8,28.0,36.7,24.8,31.0,24.2
Chaguanas,2005-06-28,87.9,5.6133999999999995,13.9,90.1,1012.0,88.2,7.2,210.45333333333335,18.12,20813,66664,1,32.1,24.8,27.2,40.8,24.8,30.2,24.9
Chaguanas,2005-06-29,87.3,0.508,13.9,81.9,1012.4,89.1,7.0,195.68666666666667,16.88,20828,66673,1,31.1,24.1,27.1,36.7,24.1,29.6,24.7
Chaguanas,2005-06-30,86.0,18.008599999999998,17.2,75.4,1013.8,90.0,6.0,187.88,16.206666666666667,20843,66681,1,31.8,24.1,27.3,37.3,24.1,29.6,24.5
Chaguanas,2005-07-01,77.9,0.3048,17.2,76.3,1014.2,60.0,6.4,182.46,15.726666666666667,20858,66689,1,33.1,25.1,28.6,39.4,25.1,31.7,24.1
Chaguanas,2005-07-02,76.7,0.0,16.1,72.5,1014.0,51.7,7.0,225.76000000000002,19.459999999999997,20874,66696,0,33.1,24.1,28.3,38.2,24.1,30.9,23.4
Chaguanas,2005-07-03,86.6,2.9972,12.8,352.3,1013.0,72.9,5.9,227.79333333333335,19.686666666666667,20889,66703,1,33.1,23.6,26.8,39.4,23.6,28.5,24.2
Chaguanas,2005-07-04,92.8,18.084799999999998,11.4,158.9,1012.6,92.5,5.9,206.75333333333336,17.84,20904,66709,1,31.1,24.1,25.6,37.9,24.1,26.6,24.3
Chaguanas,2005-07-05,88.2,13.9954,11.4,97.3,1014.1,83.8,7.7,207.7133333333333,17.926666666666666,20920,66714,1,30.1,24.1,26.2,35.2,24.1,27.7,23.9
Chaguanas,2005-07-06,85.0,2.3114,8.1,106.0,1014.8,86.5,7.5,195.76666666666668,16.893333333333334,20935,66718,1,30.1,24.7,26.8,34.7,24.7,28.4,23.9
Chaguanas,2005-07-07,86.4,4.013199999999999,11.4,114.5,1015.2,69.2,7.5,229.92666666666668,19.853333333333335,20951,66722,1,31.1,23.1,26.7,39.3,23.1,29.2,24.1
Chaguanas,2005-07-08,87.3,2.0065999999999997,12.8,87.0,1014.6,82.5,7.6,211.62666666666667,18.240000000000002,20966,66725,1,30.1,23.8,26.1,34.3,23.8,27.3,23.7
Chaguanas,2005-07-09,90.3,2.9972,11.4,91.3,1014.1,89.2,7.4,195.68666666666667,16.84,20981,66727,1,28.3,24.1,25.9,32.8,24.1,27.1,24.1
Chaguanas,2005-07-10,88.7,17.5006,12.8,99.6,1014.7,90.0,5.6,207.02666666666667,17.853333333333335,20997,66729,1,30.3,23.1,25.7,35.3,23.1,26.9,23.5
Chaguanas,2005-07-11,82.6,0.0,18.3,91.3,1014.1,82.5,6.9,211.59333333333333,18.246666666666666,21012,66730,0,31.3,22.7,27.1,36.7,22.7,29.4,23.6
Chaguanas,2005-07-12,77.1,0.0,11.4,97.8,1014.1,56.5,8.3,198.24666666666664,17.086666666666666,21027,66730,0,33.2,24.1,28.0,38.2,24.1,30.1,23.2
Chaguanas,2005-07-13,85.9,0.0,15.0,262.5,1011.5,73.9,6.2,203.84,17.6,21042,66729,0,31.1,22.1,25.9,36.7,22.1,27.4,23.2
Chaguanas,2005-07-14,88.0,117.60199999999999,11.4,93.0,1011.6,94.8,6.5,209.78,18.113333333333333,21056,66727,1,31.1,22.1,26.2,36.7,22.1,27.7,23.8
Chaguanas,2005-07-15,78.5,0.0,17.2,74.0,1012.1,66.5,7.2,194.45333333333335,16.826666666666668,21071,66725,0,32.1,25.1,28.0,36.9,25.1,30.5,23.6
Chaguanas,2005-07-16,75.3,0.3048,11.4,75.1,1012.5,42.9,7.0,216.06,18.586666666666666,21085,66722,1,33.2,24.1,28.4,38.2,24.1,30.9,23.2
Chaguanas,2005-07-17,81.2,0.0,11.4,71.5,1012.7,85.7,6.6,202.02,17.433333333333334,21099,66718,0,32.1,24.6,27.7,38.1,24.6,30.5,24.0
Chaguanas,2005-07-18,90.8,36.8046,15.0,96.3,1013.4,90.5,6.6,225.16666666666666,19.453333333333333,21113,66713,1,29.6,24.1,25.7,34.0,24.1,26.6,24.0
Chaguanas,2005-07-19,85.4,2.9972,12.8,96.1,1012.8,79.1,7.6,205.23999999999998,17.733333333333334,21126,66707,1,31.2,24.1,26.8,37.9,24.1,28.8,23.9
Chaguanas,2005-07-20,87.6,21.1074,11.4,91.7,1013.3,76.1,6.5,237.13333333333333,20.44,21140,66701,1,31.3,24.1,26.9,37.2,24.1,29.2,24.6
Chaguanas,2005-07-21,84.4,1.9811999999999999,16.1,68.9,1013.8,77.1,6.2,225.7133333333333,19.473333333333336,21153,66693,1,31.1,24.7,27.1,35.6,24.7,28.9,24.0
Chaguanas,2005-07-22,82.1,0.3048,11.4,83.8,1014.6,57.7,7.9,218.70666666666665,18.86,21165,66685,1,32.6,23.8,27.6,38.1,23.8,30.4,24.0
Chaguanas,2005-07-23,81.3,0.0,16.1,90.5,1014.3,63.5,7.5,223.15333333333334,19.19333333333333,21178,66676,0,32.2,25.1,28.2,37.9,25.1,31.4,24.4
Chaguanas,2005-07-24,88.1,2.0065999999999997,11.4,85.7,1013.5,83.2,6.8,216.83333333333334,18.7,21190,66666,1,29.1,24.8,26.8,34.7,24.8,29.1,24.6
Chaguanas,2005-07-25,82.5,0.508,9.2,89.9,1013.6,66.1,6.7,204.73999999999998,17.673333333333336,21202,66655,1,32.2,24.1,27.6,39.3,24.1,30.8,24.2
Chaguanas,2005-07-26,89.1,55.0926,8.1,182.7,1014.5,61.4,7.0,231.66,19.986666666666668,21213,66644,1,31.1,24.1,26.6,37.9,24.1,28.2,24.5
Chaguanas,2005-07-27,79.1,0.0,10.3,69.2,1014.4,49.6,9.0,204.00666666666666,17.56,21224,66631,0,33.1,24.1,28.3,39.4,24.1,31.3,23.9
Chaguanas,2005-07-28,77.6,0.3048,10.3,81.9,1013.8,36.4,7.9,199.33333333333334,17.2,21235,66618,1,34.1,24.1,28.7,40.7,24.1,31.9,24.0
Chaguanas,2005-07-29,83.3,7.112,11.4,96.9,1013.9,71.1,7.1,227.15333333333334,19.62,21245,66604,1,32.1,24.3,27.6,38.1,24.3,30.5,24.3
Chaguanas,2005-07-30,78.6,2.0065999999999997,11.4,77.9,1013.3,58.3,7.9,219.94,18.946666666666665,21255,66589,1,32.1,24.8,28.5,39.3,24.8,32.1,24.2
Chaguanas,2005-07-31,86.6,9.906,11.4,1.1,1012.7,88.7,7.8,224.07999999999998,19.3,21264,66574,1,31.7,24.1,26.6,36.4,24.1,27.9,24.0
Chaguanas,2005-08-01,81.1,2.9972,11.4,80.2,1012.9,59.6,8.4,203.1533333333333,17.553333333333335,21273,66557,1,32.1,23.7,27.9,39.3,23.7,31.4,24.2
Chaguanas,2005-08-02,86.7,12.496799999999999,12.8,70.8,1013.6,65.0,7.2,194.17333333333332,16.733333333333334,21282,66540,1,31.1,24.1,26.7,36.7,24.1,28.3,24.1
Chaguanas,2005-08-03,79.5,4.0893999999999995,15.0,63.7,1013.3,50.9,6.9,187.9,16.166666666666668,21290,66522,1,32.1,25.1,28.1,38.5,25.1,30.9,23.9
Chaguanas,2005-08-04,87.3,8.2042,13.9,54.2,1013.3,65.7,5.9,200.67999999999998,17.30666666666667,21298,66503,1,31.3,24.1,27.1,39.3,24.1,29.6,24.7
Chaguanas,2005-08-05,79.4,4.0893999999999995,19.5,56.5,1012.9,77.9,6.4,220.24666666666664,19.06,21306,66483,1,32.1,25.7,28.4,38.1,25.7,31.6,24.3
Chaguanas,2005-08-06,77.4,0.0,16.1,52.0,1012.8,44.6,7.0,239.64,20.71333333333333,21313,66462,0,33.1,24.1,28.4,39.3,24.1,31.4,23.7
Chaguanas,2005-08-07,77.9,0.0,12.8,63.7,1012.4,70.0,8.5,217.22666666666666,18.720000000000002,21319,66441,0,33.1,24.1,28.3,38.2,24.1,31.2,23.7
Chaguanas,2005-08-08,85.7,5.0038,9.2,68.5,1013.4,75.8,7.2,208.37333333333333,18.026666666666664,21326,66419,1,31.6,24.8,27.2,37.5,24.8,29.6,24.4
Chaguanas,2005-08-09,82.0,0.0,12.8,108.3,1013.9,54.2,8.4,211.56,18.233333333333334,21331,66396,0,33.1,23.8,27.7,39.4,23.8,30.7,24.1
Chaguanas,2005-08-10,89.4,42.9006,11.4,259.2,1014.5,70.8,7.5,219.58666666666667,18.92,21337,66373,1,31.1,24.1,25.9,37.9,24.1,27.2,24.0
Chaguanas,2005-08-11,90.1,21.081999999999997,9.2,62.8,1014.2,74.2,7.1,225.7133333333333,19.459999999999997,21342,66349,1,30.1,22.8,25.5,36.3,22.8,26.8,23.7
Chaguanas,2005-08-12,89.6,13.208,9.2,185.9,1013.1,57.1,7.5,220.18666666666667,18.98,21346,66324,1,33.1,23.1,26.6,39.4,23.1,28.6,24.6
Chaguanas,2005-08-13,87.6,9.906,17.2,94.4,1012.3,63.5,8.1,231.18666666666667,19.959999999999997,21351,66298,1,31.1,24.1,26.8,37.9,24.1,29.3,24.4
Chaguanas,2005-08-14,84.3,0.9905999999999999,12.8,84.3,1012.6,70.4,8.4,208.23333333333332,17.973333333333333,21354,66272,1,33.1,24.1,26.8,39.4,24.1,28.5,23.6
Chaguanas,2005-08-15,89.4,10.998199999999999,16.1,77.8,1013.6,82.2,7.0,205.55333333333334,17.746666666666666,21358,66245,1,29.6,23.1,25.9,34.5,23.1,27.4,23.9
Chaguanas,2005-08-16,84.7,0.0,13.9,101.4,1012.8,88.3,8.9,222.27333333333334,19.226666666666667,21361,66217,0,33.1,24.1,27.3,39.4,24.1,30.3,24.4
Chaguanas,2005-08-17,79.1,0.0,10.3,101.6,1012.3,60.4,9.2,221.7866666666667,19.153333333333332,21363,66189,0,33.1,24.1,28.2,39.4,24.1,31.1,23.9
Chaguanas,2005-08-18,77.9,0.0,13.9,92.9,1013.1,67.5,8.9,201.47333333333333,17.373333333333335,21365,66160,0,32.7,23.8,28.1,36.9,23.8,30.7,23.5
Chaguanas,2005-08-19,89.0,7.924799999999999,11.4,172.3,1014.6,75.2,7.6,205.5,17.759999999999998,21367,66131,1,29.7,24.8,26.6,35.4,24.8,28.6,24.6
Chaguanas,2005-08-20,80.5,0.0,11.4,93.1,1014.2,45.0,7.4,193.13333333333333,16.666666666666668,21369,66101,0,33.1,23.7,27.9,39.4,23.7,30.7,23.8
Chaguanas,2005-08-21,82.4,0.0,13.9,64.2,1012.0,63.0,6.4,203.62,17.646666666666665,21370,66070,0,33.1,23.8,27.4,38.2,23.8,29.8,23.8
Chaguanas,2005-08-22,87.4,20.802599999999998,13.9,302.7,1010.6,83.5,7.1,222.33333333333334,19.18,21371,66039,1,32.2,23.7,26.4,38.1,23.7,27.9,23.9
Chaguanas,2005-08-23,79.3,0.0,10.3,75.1,1011.2,47.9,7.2,192.65333333333334,16.66,21371,66007,0,33.1,24.1,28.1,38.2,24.1,31.1,23.8
Chaguanas,2005-08-24,81.8,0.508,13.9,73.8,1012.8,75.0,7.2,208.44,17.993333333333332,21371,65975,1,32.1,24.1,27.6,38.1,24.1,30.2,23.9
Chaguanas,2005-08-25,82.2,0.7874,16.1,91.7,1013.2,67.5,7.7,221.14666666666665,19.053333333333335,21371,65942,1,33.1,25.1,27.5,39.4,25.1,29.6,23.9
Chaguanas,2005-08-26,83.0,0.0,9.2,184.5,1011.6,48.3,8.6,218.76666666666668,18.873333333333335,21370,65909,0,33.1,23.1,27.2,40.7,23.1,30.1,23.8
Chaguanas,2005-08-27,79.5,0.0,11.4,113.2,1011.0,51.8,9.0,228.92000000000002,19.746666666666666,21370,65875,0,33.1,23.1,27.4,39.4,23.1,30.2,23.3
Chaguanas,2005-08-28,79.6,0.508,11.4,98.0,1011.2,46.7,9.0,224.68666666666667,19.38,21368,65841,1,34.1,24.1,28.2,40.7,24.1,31.4,24.1
Chaguanas,2005-08-29,78.2,0.0,10.3,84.7,1011.7,73.8,8.6,214.19333333333333,18.526666666666664,21367,65807,0,33.1,24.6,28.5,40.6,24.6,31.8,24.1
Chaguanas,2005-08-30,81.9,0.0,10.3,72.6,1012.2,75.0,9.1,208.14,17.966666666666665,21365,65772,0,33.1,24.6,27.6,39.4,24.6,29.8,24.0
Chaguanas,2005-08-31,77.5,0.0,18.3,75.0,1011.1,53.5,8.5,213.89333333333335,18.466666666666665,21363,65736,0,33.1,24.1,28.8,39.4,24.1,32.4,24.1
Chaguanas,2005-09-01,86.3,23.9014,12.8,103.5,1011.2,67.9,8.4,221.36,19.113333333333333,21361,65700,1,32.1,24.1,27.4,40.8,24.1,30.8,24.8
Chaguanas,2005-09-02,83.5,2.9972,12.8,106.6,1011.4,42.5,8.2,218.02,18.86,21359,65664,1,32.1,25.1,28.1,39.2,25.1,31.5,24.9
Chaguanas,2005-09-03,78.6,0.508,11.4,106.2,1012.0,43.6,7.1,195.36666666666667,16.87333333333333,21356,65628,1,33.1,24.1,28.4,39.4,24.1,31.2,23.9
Chaguanas,2005-09-04,77.3,0.0,15.0,98.9,1012.2,34.8,8.1,212.52,18.386666666666667,21353,65591,0,34.1,23.1,28.1,39.5,23.1,31.1,23.4
Chaguanas,2005-09-05,81.5,0.0,8.1,98.1,1011.8,66.5,7.5,221.26000000000002,19.12,21350,65554,0,32.1,24.1,27.3,38.1,24.1,29.8,23.7
Chaguanas,2005-09-06,78.6,0.0,12.8,99.5,1011.7,79.0,8.7,205.15333333333334,17.666666666666668,21347,65517,0,33.1,23.8,28.3,39.4,23.8,31.7,23.9
Chaguanas,2005-09-07,76.2,0.0,15.0,100.1,1012.5,57.5,8.3,215.44666666666666,18.60666666666667,21344,65480,0,34.1,25.1,29.0,40.7,25.1,32.3,24.1
Chaguanas,2005-09-08,77.7,0.0,11.4,86.1,1012.4,64.3,8.3,225.11333333333332,19.453333333333333,21341,65442,0,33.3,24.1,28.4,38.2,24.1,31.1,23.7
Chaguanas,2005-09-09,75.3,0.0,16.1,96.4,1012.5,60.4,8.3,224.62,19.386666666666667,21337,65404,0,34.2,25.1,29.1,40.7,25.1,32.3,23.8
Chaguanas,2005-09-10,74.5,0.0,12.8,103.0,1013.0,43.0,7.4,227.13333333333333,19.613333333333333,21333,65366,0,34.3,25.1,29.2,38.6,25.1,32.3,23.7
Chaguanas,2005-09-11,78.7,11.8872,13.9,107.7,1013.5,69.6,7.6,228.41333333333336,19.746666666666666,21329,65328,1,34.1,24.7,28.2,39.5,24.7,30.9,23.8
Chaguanas,2005-09-12,79.0,2.8194,15.0,99.6,1013.7,37.5,8.3,218.59333333333333,18.886666666666667,21326,65289,1,34.1,24.8,28.4,39.5,24.8,31.4,24.1
Chaguanas,2005-09-13,80.2,0.0,10.3,96.1,1013.1,53.9,6.6,207.14666666666665,17.860000000000003,21322,65251,0,33.7,24.1,28.1,39.4,24.1,30.8,23.9
Chaguanas,2005-09-14,78.9,0.0,11.4,99.5,1013.3,47.7,6.6,230.4,19.886666666666667,21318,65212,0,33.1,24.1,28.2,39.4,24.1,31.1,23.8
Chaguanas,2005-09-15,78.0,0.0,19.5,91.2,1013.1,81.7,6.9,224.42000000000002,19.40666666666667,21314,65173,0,33.1,25.1,28.4,38.2,25.1,31.4,23.9
Chaguanas,2005-09-16,78.2,0.0,34.4,67.1,1013.3,90.0,7.9,218.83333333333334,18.92,21310,65135,0,34.1,24.7,28.3,39.5,24.7,31.2,23.9
Chaguanas,2005-09-17,82.2,0.7874,11.4,267.8,1011.6,90.0,8.2,191.88,16.62,21306,65096,1,32.1,23.6,27.3,39.3,23.6,29.9,23.8
Chaguanas,2005-09-18,85.6,2.0065999999999997,13.9,81.3,1010.9,86.7,9.7,194.2133333333333,16.779999999999998,21302,65057,1,32.6,23.1,26.7,38.1,23.1,28.8,23.9
Chaguanas,2005-09-19,89.5,2.9972,6.9,95.6,1011.3,90.0,7.1,211.48,18.28666666666667,21298,65018,1,32.1,24.1,26.6,39.3,24.1,28.7,24.7
Chaguanas,2005-09-20,87.2,15.011399999999998,16.1,65.7,1011.3,85.0,7.3,215.26666666666668,18.633333333333333,21294,64980,1,31.8,24.7,27.2,40.5,24.7,30.3,24.8
Chaguanas,2005-09-21,89.4,59.181999999999995,19.5,302.8,1010.5,90.0,7.1,209.62,18.113333333333333,21290,64941,1,32.3,24.8,26.9,40.9,24.8,29.5,24.9
Chaguanas,2005-09-22,84.7,2.9972,11.4,90.5,1010.7,88.3,6.5,195.94666666666666,16.946666666666665,21286,64902,1,33.1,24.8,28.0,40.7,24.8,31.7,25.0
Chaguanas,2005-09-23,77.6,0.0,12.8,76.5,1011.4,52.1,8.1,208.16,18.026666666666664,21283,64864,0,34.3,25.1,29.0,40.2,25.1,32.6,24.3
Chaguanas,2005-09-24,84.8,0.0,16.1,80.4,1011.9,86.7,7.1,211.36666666666667,18.246666666666666,21279,64825,0,32.3,24.6,27.4,37.9,24.6,29.8,24.4
Chaguanas,2005-09-25,90.6,7.086600000000001,11.4,75.9,1012.1,83.6,7.3,216.24666666666664,18.68,21276,64787,1,31.1,23.7,25.9,37.9,23.7,27.3,24.2
Chaguanas,2005-09-26,82.2,4.5973999999999995,18.3,108.5,1011.5,72.1,7.9,210.36,18.18,21273,64749,1,32.1,23.7,27.6,39.3,23.7,30.3,24.0
Chaguanas,2005-09-27,83.4,0.0,16.1,96.5,1012.2,60.5,7.0,211.12666666666667,18.259999999999998,21270,64711,0,33.1,25.1,27.7,40.7,25.1,30.4,24.4
Chaguanas,2005-09-28,80.2,0.0,13.9,94.0,1012.1,83.8,7.9,222.59333333333333,19.19333333333333,21267,64674,0,33.1,25.1,28.4,39.4,25.1,32.1,24.4
Chaguanas,2005-09-29,81.0,0.0,12.8,98.6,1012.5,81.3,7.0,217.02,18.759999999999998,21264,64636,0,32.8,24.1,27.7,39.3,24.1,30.2,23.9
Chaguanas,2005-09-30,83.5,5.1054,8.1,21.2,1011.4,71.7,8.4,189.32666666666668,16.37333333333333,21262,64599,1,32.1,24.1,27.3,38.1,24.1,29.8,24.1
Chaguanas,2005-10-01,78.0,0.0,12.8,86.2,1010.7,50.6,8.9,213.26000000000002,18.453333333333333,21260,64563,0,33.1,23.1,28.2,39.4,23.1,31.6,23.7
Chaguanas,2005-10-02,77.1,36.093399999999995,9.2,93.3,1010.3,82.0,8.9,198.6,17.166666666666668,21258,64526,1,34.7,23.1,28.4,39.5,23.1,30.8,23.5
Chaguanas,2005-10-03,82.5,2.0065999999999997,10.3,187.2,1009.7,89.6,8.3,200.89333333333335,17.366666666666667,21256,64490,1,34.1,23.1,27.6,40.7,23.1,30.4,24.0
Chaguanas,2005-10-04,86.0,42.9006,13.9,91.8,1009.9,70.4,9.1,202.69333333333333,17.553333333333335,21255,64454,1,35.1,23.8,26.7,40.8,23.8,28.7,23.9
Chaguanas,2005-10-05,83.0,0.0,13.9,49.0,1010.7,85.0,7.7,190.43333333333334,16.453333333333333,21254,64419,0,34.1,23.8,27.6,40.7,23.8,30.8,24.2
Chaguanas,2005-10-06,76.9,0.0,11.4,88.6,1010.8,54.6,8.6,183.51333333333332,15.860000000000001,21253,64384,0,33.1,25.1,28.5,38.2,25.1,31.2,23.7
Chaguanas,2005-10-07,79.9,2.9972,12.8,85.9,1011.3,64.2,8.4,201.23999999999998,17.36,21253,64349,1,33.1,25.7,28.7,40.8,25.7,32.8,24.8
Chaguanas,2005-10-08,82.8,1.4986,11.4,106.4,1012.6,81.3,8.6,191.60666666666665,16.546666666666667,21253,64315,1,33.1,25.1,27.8,39.4,25.1,30.5,24.4
Chaguanas,2005-10-09,78.4,0.0,8.1,123.0,1012.6,88.3,9.2,192.2866666666667,16.64,21254,64281,0,33.1,24.3,28.2,39.3,24.3,30.9,23.7
Chaguanas,2005-10-10,80.1,0.0,9.2,177.8,1011.8,84.2,9.3,193.92000000000002,16.7,21255,64248,0,33.1,22.8,27.8,39.4,22.8,31.1,23.7
Chaguanas,2005-10-11,81.5,0.0,17.2,139.9,1011.3,90.0,8.7,206.79333333333335,17.846666666666668,21256,64216,0,34.1,24.1,27.6,39.4,24.1,29.7,23.8
Chaguanas,2005-10-12,82.4,2.9972,12.8,112.4,1010.8,70.9,10.5,213.56,18.453333333333333,21258,64184,1,34.1,24.1,27.4,39.8,24.1,29.4,23.8
Chaguanas,2005-10-13,83.0,0.0,10.3,114.4,1009.9,79.6,8.5,208.37333333333333,17.986666666666668,21260,64152,0,33.1,24.1,27.9,40.8,24.1,31.3,24.5
Chaguanas,2005-10-14,86.6,0.3048,15.0,102.2,1010.2,60.4,8.7,198.22666666666666,17.133333333333333,21263,64121,1,31.7,24.8,26.8,38.8,24.8,28.4,24.2
Chaguanas,2005-10-15,80.0,0.0,13.9,95.6,1009.5,56.3,8.8,208.76666666666668,18.026666666666664,21266,64091,0,33.1,24.1,28.3,39.3,24.1,31.4,24.2
Chaguanas,2005-10-16,78.0,0.0,11.4,88.8,1010.6,57.5,8.7,211.92000000000002,18.28666666666667,21269,64061,0,34.1,24.1,28.5,40.7,24.1,31.6,23.9
Chaguanas,2005-10-17,82.4,23.114,11.4,94.7,1011.3,90.8,8.6,189.11333333333332,16.38,21274,64032,1,31.1,23.6,26.9,35.6,23.6,29.0,23.5
Chaguanas,2005-10-18,79.9,0.0,11.4,91.8,1011.2,67.5,8.7,181.17333333333332,15.666666666666666,21278,64004,0,33.1,24.1,27.9,39.4,24.1,30.7,23.9
Chaguanas,2005-10-19,76.7,0.0,11.4,103.6,1011.5,39.6,8.9,176.68666666666667,15.22,21284,63977,0,34.1,23.1,28.1,38.4,23.1,30.5,23.2
Chaguanas,2005-10-20,88.2,8.102599999999999,17.2,82.7,1011.0,62.1,8.0,194.84,16.84,21290,63950,1,31.1,24.1,26.3,37.3,24.1,27.9,24.1
Chaguanas,2005-10-21,89.7,24.892,23.0,87.5,1011.0,81.7,7.2,199.64,17.259999999999998,21296,63924,1,30.7,24.1,25.9,36.8,24.1,27.3,24.1
Chaguanas,2005-10-22,83.6,0.0,13.9,98.3,1010.8,90.0,8.4,198.22,17.10666666666667,21303,63898,0,32.1,25.1,27.7,39.3,25.1,30.5,24.6
Chaguanas,2005-10-23,87.5,0.9905999999999999,12.8,93.1,1011.4,90.0,7.6,206.16666666666666,17.846666666666668,21311,63874,1,31.1,24.6,27.1,36.7,24.6,29.6,24.8
Chaguanas,2005-10-24,87.6,11.9126,20.8,92.3,1011.7,85.0,6.8,199.66,17.246666666666666,21319,63850,1,29.1,24.1,26.4,34.7,24.1,27.9,24.1
Chaguanas,2005-10-25,92.0,16.7894,12.8,81.1,1011.9,88.3,5.7,190.53333333333333,16.473333333333336,21328,63827,1,29.1,24.1,25.6,33.7,24.1,26.4,24.1
Chaguanas,2005-10-26,83.2,6.2992,13.9,71.2,1011.6,83.2,9.6,167.65333333333334,14.446666666666667,21337,63805,1,32.2,23.1,27.2,38.1,23.1,29.4,23.8
Chaguanas,2005-10-27,87.0,0.0,6.9,85.7,1010.9,90.9,9.0,184.50666666666666,15.96,21347,63784,0,30.1,23.7,26.7,36.3,23.7,28.9,24.3
Chaguanas,2005-10-28,85.8,4.699,16.1,92.7,1011.0,85.8,7.5,193.20666666666665,16.62666666666667,21358,63763,1,32.2,24.1,27.1,38.3,24.1,29.6,24.3
Chaguanas,2005-10-29,89.3,8.3058,11.4,87.9,1012.0,83.8,7.1,194.86666666666667,16.866666666666667,21369,63744,1,29.7,23.8,25.8,35.4,23.8,27.3,23.9
Chaguanas,2005-10-30,88.7,4.013199999999999,16.1,74.0,1011.9,75.4,7.9,186.98,16.173333333333332,21381,63726,1,31.1,24.1,26.6,38.6,24.1,28.7,24.5
Chaguanas,2005-10-31,85.2,0.0,16.1,84.1,1012.2,65.7,8.5,196.66666666666666,17.006666666666668,21394,63708,0,32.1,24.1,27.2,38.1,24.1,29.9,24.3
Chaguanas,2005-11-01,85.5,0.508,15.0,97.1,1012.8,79.1,7.7,191.38,16.546666666666667,21407,63691,1,30.8,24.2,27.0,37.6,24.2,29.2,24.2
Chaguanas,2005-11-02,82.2,0.9905999999999999,15.0,91.2,1014.0,79.5,8.0,173.06666666666666,14.986666666666668,21421,63676,1,32.1,25.1,27.7,38.1,25.1,30.5,24.3
Chaguanas,2005-11-03,86.0,0.0,17.2,80.1,1013.5,60.0,8.2,197.20666666666665,17.07333333333333,21436,63661,0,32.1,24.1,26.8,38.1,24.1,28.7,24.1
Chaguanas,2005-11-04,87.4,5.6642,15.0,75.9,1011.5,76.1,6.3,189.99333333333334,16.44,21451,63647,1,32.1,23.1,26.2,36.2,23.1,27.5,23.7
Chaguanas,2005-11-05,90.3,38.6842,17.2,75.3,1010.7,85.8,5.3,183.03333333333333,15.8,21467,63635,1,30.1,24.1,26.0,36.3,24.1,27.3,24.2
Chaguanas,2005-11-06,91.6,8.2042,11.4,88.7,1011.0,89.6,6.7,174.18666666666667,15.026666666666667,21484,63623,1,30.3,23.2,25.6,36.3,23.2,26.6,24.0
Chaguanas,2005-11-07,85.2,0.0,11.4,82.3,1011.1,84.5,7.6,197.62666666666667,17.073333333333334,21502,63612,0,30.1,24.1,26.7,36.3,24.1,28.6,23.9
Chaguanas,2005-11-08,87.8,0.3048,15.0,77.6,1010.6,67.5,7.9,178.6,15.453333333333335,21520,63603,1,30.8,24.1,26.3,36.7,24.1,27.7,23.9
Chaguanas,2005-11-09,89.9,9.906,6.9,91.7,1010.5,72.5,6.6,164.91333333333333,14.186666666666667,21538,63594,1,31.3,23.1,26.2,37.9,23.1,27.8,24.2
Chaguanas,2005-11-10,86.0,0.0,12.8,99.9,1010.2,82.5,8.5,153.99333333333334,13.3,21558,63587,0,31.1,24.1,27.0,37.9,24.1,29.6,24.3
Chaguanas,2005-11-11,90.5,24.892,9.2,96.1,1009.8,82.5,7.5,180.42666666666668,15.633333333333333,21578,63580,1,31.1,23.8,25.9,36.7,23.8,27.3,24.2
Chaguanas,2005-11-12,86.0,0.0,11.4,68.9,1009.3,80.0,7.6,184.0,15.926666666666668,21599,63575,0,32.1,24.1,26.9,39.3,24.1,29.4,24.2
Chaguanas,2005-11-13,91.6,45.999399999999994,10.3,94.1,1008.9,78.3,6.0,179.98666666666668,15.54,21620,63571,1,31.3,23.7,25.4,37.1,23.7,26.3,23.9
Chaguanas,2005-11-14,94.6,7.112,11.4,84.0,1009.4,94.6,6.3,174.11333333333332,15.06,21642,63567,1,26.1,23.1,24.8,26.1,23.1,24.8,23.8
Chaguanas,2005-11-15,95.2,30.8864,15.0,85.4,1010.3,90.0,4.5,185.48666666666665,16.006666666666668,21665,63565,1,26.3,24.1,24.8,26.3,24.1,24.8,24.0
Chaguanas,2005-11-16,85.4,3.9115999999999995,19.5,80.3,1010.1,73.3,7.9,202.30666666666667,17.493333333333332,21688,63564,1,30.7,23.1,26.5,35.7,23.1,28.6,23.7
Chaguanas,2005-11-17,86.1,16.9926,12.8,74.3,1008.9,90.0,7.0,188.87333333333333,16.37333333333333,21712,63564,1,31.1,24.1,26.3,36.7,24.1,27.9,23.7
Chaguanas,2005-11-18,87.7,0.9905999999999999,9.2,85.2,1008.6,88.2,7.7,193.83333333333334,16.733333333333334,21736,63565,1,30.1,24.1,26.3,35.2,24.1,28.1,24.0
Chaguanas,2005-11-19,91.7,18.9992,13.9,75.1,1010.5,87.9,7.5,201.33333333333334,17.413333333333334,21761,63568,1,29.1,23.1,24.6,34.7,23.1,24.9,23.2
Chaguanas,2005-11-20,85.5,0.0,13.9,78.3,1010.7,82.1,8.7,198.04,17.160000000000004,21787,63571,0,30.8,23.3,26.5,36.6,23.3,28.4,23.7
Chaguanas,2005-11-21,83.6,2.9972,15.0,76.0,1010.1,76.3,7.9,196.19333333333333,16.973333333333333,21813,63575,1,31.1,24.3,27.3,36.7,24.3,29.6,24.1
Chaguanas,2005-11-22,81.9,0.0,11.4,85.2,1009.4,82.1,10.3,177.23999999999998,15.34,21840,63581,0,32.1,23.1,26.8,36.9,23.1,28.4,23.1
Chaguanas,2005-11-23,79.0,0.0,11.4,71.8,1009.8,77.0,9.3,166.36666666666667,14.386666666666667,21867,63587,0,32.1,24.1,27.5,36.9,24.1,29.4,23.2
Chaguanas,2005-11-24,78.0,0.0,11.4,81.9,1011.3,81.8,10.4,158.68666666666667,13.653333333333334,21894,63595,0,32.1,23.1,27.3,36.0,23.1,29.3,22.8
Chaguanas,2005-11-25,75.7,0.9905999999999999,13.9,30.6,1011.3,69.1,8.9,167.83333333333334,14.526666666666667,21923,63604,1,33.1,22.6,27.6,36.5,22.6,29.3,22.4
Chaguanas,2005-11-26,78.5,0.0,10.3,44.1,1009.7,76.3,9.1,171.2133333333333,14.813333333333333,21951,63613,0,33.1,23.2,26.9,37.2,23.2,28.6,22.6
Chaguanas,2005-11-27,76.0,0.9905999999999999,9.2,329.0,1009.0,89.6,9.3,160.63333333333333,13.866666666666667,21980,63624,1,33.2,21.7,26.7,36.2,21.7,27.9,21.5
Chaguanas,2005-11-28,73.8,0.0,10.3,327.2,1008.4,53.6,9.4,177.37333333333333,15.360000000000001,22009,63636,0,33.1,22.1,26.7,35.0,22.1,27.6,20.9
Chaguanas,2005-11-29,77.9,0.0,4.7,93.2,1009.1,75.0,8.4,187.17999999999998,16.2,22039,63648,0,32.1,20.1,25.6,35.0,20.1,26.6,21.0
Chaguanas,2005-11-30,76.0,0.0,6.9,88.5,1010.1,90.0,8.9,169.57999999999998,14.680000000000001,22069,63662,0,32.3,20.1,25.8,34.3,20.1,26.7,20.7
Chaguanas,2005-12-01,78.0,0.0,9.2,87.8,1010.4,64.1,9.4,177.66666666666666,15.379999999999999,22100,63677,0,34.1,20.8,26.2,37.4,20.8,27.5,21.6
Chaguanas,2005-12-02,87.4,5.1054,9.2,83.5,1011.3,82.1,7.8,184.83333333333334,16.026666666666667,22130,63693,1,29.1,22.7,25.4,33.7,22.7,26.7,23.1
Chaguanas,2005-12-03,88.1,2.3114,17.2,70.4,1011.4,73.8,7.5,172.46,14.813333333333333,22161,63709,1,30.6,22.8,25.3,35.1,22.8,26.1,22.9
Chaguanas,2005-12-04,97.5,89.86519999999999,11.4,66.6,1011.6,96.7,4.7,168.24666666666664,14.520000000000001,22193,63727,1,25.1,23.1,23.7,25.1,23.1,23.7,23.3
Chaguanas,2005-12-05,88.0,24.892,15.0,51.6,1011.2,88.3,7.3,192.00666666666666,16.566666666666666,22224,63745,1,31.1,22.1,25.6,36.7,22.1,27.1,23.3
Chaguanas,2005-12-06,82.4,0.0,13.9,63.8,1010.1,70.0,8.2,198.34,17.146666666666665,22256,63765,0,30.1,23.1,26.2,34.3,23.1,27.6,22.8
Chaguanas,2005-12-07,83.6,4.0893999999999995,13.9,61.9,1010.3,63.0,6.9,167.55333333333334,14.493333333333334,22287,63785,1,30.1,22.1,25.9,34.8,22.1,27.4,22.8
Chaguanas,2005-12-08,89.5,14.884399999999998,20.8,86.3,1011.2,82.2,7.1,164.87333333333333,14.286666666666667,22319,63806,1,29.1,23.6,25.2,32.8,23.6,25.9,23.3
Chaguanas,2005-12-09,77.6,0.9905999999999999,20.8,65.6,1011.6,76.7,7.7,176.17999999999998,15.246666666666668,22351,63828,1,30.1,24.1,26.9,33.4,24.1,28.3,22.4
Chaguanas,2005-12-10,79.2,0.0,23.0,76.3,1011.3,78.8,8.2,183.55333333333334,15.886666666666667,22383,63851,0,29.7,25.1,26.8,33.7,25.1,28.3,22.8
Chaguanas,2005-12-11,78.9,0.0,20.8,56.8,1010.4,81.9,7.6,184.32666666666668,15.953333333333335,22415,63874,0,30.1,23.6,26.8,33.4,23.6,28.2,22.6
Chaguanas,2005-12-12,78.4,0.0,13.9,86.4,1010.5,45.2,7.7,179.58666666666667,15.54,22447,63898,0,32.1,21.1,26.4,35.9,21.1,27.7,21.9
Chaguanas,2005-12-13,80.4,0.0,19.5,91.5,1009.9,48.8,8.1,177.22666666666666,15.326666666666666,22478,63923,0,30.1,22.1,26.5,34.3,22.1,28.2,22.7
Chaguanas,2005-12-14,78.4,0.0,13.9,72.1,1010.1,47.1,8.6,188.40666666666667,16.366666666666667,22510,63949,0,31.2,22.6,26.6,34.9,22.6,28.2,22.2
Chaguanas,2005-12-15,75.8,0.0,15.0,28.6,1010.1,88.3,8.3,200.53333333333333,17.34,22542,63975,0,32.1,22.1,27.1,36.9,22.1,28.8,22.1
Chaguanas,2005-12-16,88.7,3.9878,11.4,100.5,1011.1,82.5,6.3,198.34666666666666,17.16,22573,64002,1,30.1,23.7,25.1,34.3,23.7,25.6,23.0
Chaguanas,2005-12-17,85.9,0.508,10.3,75.5,1013.0,71.9,6.5,198.6,17.146666666666665,22604,64030,1,30.1,23.1,25.6,34.3,23.1,26.9,22.9
Chaguanas,2005-12-18,72.5,0.0,11.4,56.3,1013.7,32.5,8.4,195.64666666666665,16.933333333333334,22635,64058,0,31.1,21.1,26.0,33.1,21.1,26.6,20.2
Chaguanas,2005-12-19,74.3,0.0,16.1,50.0,1012.9,38.7,9.3,191.63333333333333,16.58,22666,64086,0,31.1,21.1,25.9,33.1,21.1,26.8,20.7
Chaguanas,2005-12-20,75.4,0.0,15.0,66.8,1013.1,70.9,8.0,197.17999999999998,17.006666666666668,22697,64115,0,31.1,21.1,25.8,33.1,21.1,26.7,20.7
Chaguanas,2005-12-21,73.5,0.0,16.1,72.6,1013.5,45.4,9.1,185.22,16.026666666666667,22727,64145,0,31.1,21.8,26.1,32.5,21.8,26.8,20.4
Chaguanas,2005-12-22,83.6,0.508,18.3,64.7,1013.8,65.8,6.9,191.72666666666666,16.593333333333334,22756,64175,1,30.2,22.8,25.7,33.4,22.8,26.8,22.4
Chaguanas,2005-12-23,87.8,5.8674,13.9,69.5,1013.2,66.3,7.3,192.52666666666667,16.646666666666665,22786,64205,1,31.1,22.1,25.3,34.7,22.1,26.3,22.9
Chaguanas,2005-12-24,86.0,2.794,18.3,59.7,1012.5,70.9,6.5,186.6,16.14,22815,64236,1,29.1,24.1,25.9,34.7,24.1,27.4,23.3
Chaguanas,2005-12-25,83.7,0.9905999999999999,11.4,66.6,1012.8,58.7,8.0,202.78,17.52,22843,64267,1,31.1,21.1,25.7,35.6,21.1,27.4,22.5
Chaguanas,2005-12-26,76.1,2.9972,16.1,64.1,1012.9,86.3,8.5,202.57333333333332,17.566666666666666,22871,64299,1,30.6,23.7,26.6,33.4,23.7,27.7,21.8
Chaguanas,2005-12-27,75.4,0.0,10.3,23.6,1012.5,81.8,9.3,206.57333333333332,17.866666666666667,22898,64331,0,31.1,20.1,25.2,33.3,20.1,25.9,20.2
Chaguanas,2005-12-28,77.7,0.0,11.4,58.4,1011.4,47.1,8.1,202.35333333333335,17.513333333333332,22925,64363,0,31.6,21.1,25.5,34.7,21.1,26.3,20.9
Chaguanas,2005-12-29,80.1,0.0,10.3,55.6,1011.5,67.5,8.2,184.82000000000002,16.02,22951,64395,0,31.1,20.1,24.5,31.4,20.1,24.9,20.4
Chaguanas,2005-12-30,78.0,0.3048,19.5,64.1,1011.4,67.8,8.4,184.62,16.033333333333335,22977,64427,1,30.1,20.1,25.3,32.7,20.1,26.2,20.7
Chaguanas,2005-12-31,76.9,0.0,13.9,64.1,1012.0,48.8,7.9,200.48666666666668,17.386666666666667,23002,64460,0,30.8,20.8,25.6,33.2,20.8,26.5,20.9
Chaguanas,2006-01-01,88.8,5.1054,16.1,35.8,1011.4,67.4,7.0,194.26875,16.75,23025,64491,1,30.1,21.7,24.7,32.8,21.7,25.3,22.6
Chaguanas,2006-01-02,91.5,2.3114,15.0,50.9,1011.9,88.3,6.2,204.725,17.725,23049,64524,1,27.1,23.2,24.7,30.2,23.2,24.9,23.2
Chaguanas,2006-01-03,85.5,19.1008,16.1,74.3,1011.7,90.0,7.0,212.7125,18.4,23072,64557,1,30.1,23.1,26.0,34.3,23.1,27.5,23.3
Chaguanas,2006-01-04,93.3,24.917399999999997,11.4,77.6,1010.8,87.1,5.9,203.375,17.63125,23094,64589,1,28.1,23.1,24.3,32.1,23.1,24.5,23.2
Chaguanas,2006-01-05,82.1,0.0,11.4,80.1,1010.3,84.8,7.8,196.34375,16.9625,23115,64622,0,31.1,22.2,25.8,33.8,22.2,26.9,22.2
Chaguanas,2006-01-06,78.6,0.0,16.1,62.9,1011.1,81.7,9.1,191.0875,16.5375,23135,64654,0,30.7,20.1,25.1,33.1,20.1,26.0,20.8
Chaguanas,2006-01-07,74.6,0.0,13.9,72.4,1012.5,70.4,9.4,190.05,16.4,23155,64687,0,31.1,21.1,25.7,33.1,21.1,26.3,20.4
Chaguanas,2006-01-08,77.9,0.0,12.8,35.7,1013.3,70.0,8.0,202.51875,17.4625,23174,64719,0,29.7,20.1,25.1,32.1,20.1,25.9,20.6
Chaguanas,2006-01-09,75.5,0.0,16.1,59.4,1012.9,51.7,8.0,197.95625,17.0875,23192,64751,0,31.1,22.7,26.3,33.8,22.7,27.2,21.3
Chaguanas,2006-01-10,80.1,0.3048,13.9,65.8,1012.7,35.7,7.9,205.875,17.825,23209,64783,1,31.1,22.3,25.6,33.8,22.3,26.4,21.7
Chaguanas,2006-01-11,91.3,3.9878,18.3,63.8,1011.9,70.8,6.5,215.96875,18.63125,23225,64815,1,27.6,22.1,24.2,30.3,22.1,24.4,22.7
Chaguanas,2006-01-12,89.9,15.011399999999998,17.2,74.7,1011.6,64.6,6.1,209.2375,18.0875,23240,64847,1,27.7,23.1,25.1,31.6,23.1,25.8,23.3
Chaguanas,2006-01-13,94.6,20.6248,9.2,90.2,1012.1,78.8,5.3,211.90625,18.3375,23254,64878,1,26.1,24.1,25.0,26.1,24.1,25.0,24.1
Chaguanas,2006-01-14,82.4,0.7874,16.1,73.3,1011.8,77.4,7.5,216.7625,18.75,23268,64909,1,29.1,23.8,26.2,32.8,23.8,27.4,22.8
Chaguanas,2006-01-15,82.7,0.0,15.0,70.2,1011.2,40.8,8.2,213.50625,18.425,23280,64940,0,31.1,22.1,25.9,34.7,22.1,27.2,22.4
Chaguanas,2006-01-16,85.5,2.0065999999999997,20.8,79.2,1012.2,75.2,6.8,213.25,18.4375,23291,64970,1,29.7,22.1,25.7,33.8,22.1,26.6,22.9
Chaguanas,2006-01-17,80.0,0.0,16.1,58.3,1013.6,77.9,7.8,216.7375,18.73125,23301,65000,0,30.1,22.7,26.1,33.4,22.7,27.1,22.0
Chaguanas,2006-01-18,90.1,2.0065999999999997,10.3,51.9,1013.4,76.5,6.7,220.3375,19.025,23311,65029,1,30.1,22.1,24.6,32.7,22.1,24.9,22.7
Chaguanas,2006-01-19,76.3,5.08,13.9,334.7,1010.9,75.2,8.5,218.14375,18.8625,23319,65058,1,31.3,21.1,25.7,33.1,21.1,26.4,20.7
Chaguanas,2006-01-20,76.5,0.0,11.4,74.2,1010.2,54.1,8.8,228.18125,19.68125,23326,65087,0,32.1,20.1,26.1,34.3,20.1,27.1,21.2
Chaguanas,2006-01-21,82.3,3.302,19.5,57.0,1011.3,61.7,7.3,219.76874999999998,18.98125,23333,65115,1,30.1,23.1,26.2,34.3,23.1,27.4,22.7
Chaguanas,2006-01-22,79.4,0.6096,25.3,68.5,1011.9,63.3,7.2,214.3375,18.49375,23338,65143,1,30.1,24.1,26.4,33.5,24.1,27.3,22.4
Chaguanas,2006-01-23,77.5,0.3048,19.5,72.1,1011.6,63.0,7.1,221.075,19.05,23342,65170,1,29.8,23.1,26.4,33.2,23.1,27.6,21.9
Chaguanas,2006-01-24,94.0,86.7918,17.2,84.7,1011.4,87.1,4.1,232.95625,20.1125,23345,65196,1,25.1,23.7,24.3,25.1,23.7,24.3,23.2
Chaguanas,2006-01-25,92.5,29.006799999999995,18.3,75.6,1013.0,93.8,5.6,232.93125,20.14375,23347,65222,1,28.1,24.1,24.9,32.1,24.1,25.1,23.6
Chaguanas,2006-01-26,83.2,0.0,16.1,80.1,1013.5,75.4,7.8,228.25625,19.68125,23348,65248,0,30.1,23.7,26.6,35.2,23.7,28.2,23.3
Chaguanas,2006-01-27,87.0,3.5052000000000003,16.1,81.2,1013.8,77.1,6.5,218.59375,18.825,23348,65273,1,29.2,24.6,26.2,34.7,24.6,27.4,23.8
Chaguanas,2006-01-28,79.5,0.508,16.1,37.1,1014.1,72.6,7.3,222.40625,19.1875,23347,65297,1,31.1,23.1,26.6,34.7,23.1,27.9,22.4
Chaguanas,2006-01-29,81.4,0.9905999999999999,13.9,53.2,1013.4,77.4,7.6,217.64375,18.7625,23345,65321,1,30.1,22.8,25.6,33.4,22.8,26.7,22.1
Chaguanas,2006-01-30,77.3,0.0,17.2,74.2,1012.8,52.9,9.5,228.8625,19.75625,23342,65344,0,31.1,22.1,26.1,34.7,22.1,26.9,21.4
Chaguanas,2006-01-31,76.1,0.0,18.3,77.5,1012.4,40.0,8.7,237.98125,20.50625,23338,65367,0,31.1,21.1,26.0,33.8,21.1,26.9,21.1
Chaguanas,2006-02-01,79.5,0.9905999999999999,17.2,84.5,1011.9,55.4,8.3,237.2125,20.45625,23332,65389,1,31.1,23.1,26.5,34.7,23.1,27.8,22.4
Chaguanas,2006-02-02,80.6,0.0,15.0,85.5,1011.6,70.8,8.1,237.0625,20.425,23326,65410,0,30.2,23.8,26.5,33.4,23.8,27.7,22.7
Chaguanas,2006-02-03,69.4,0.0,23.0,75.4,1012.2,86.3,8.6,233.1,20.08125,23319,65431,0,30.2,23.6,26.6,34.3,23.6,27.2,20.2
Chaguanas,2006-02-04,76.1,0.0,16.1,83.9,1012.0,90.0,8.3,230.4875,19.83125,23311,65451,0,30.1,21.1,25.2,32.7,21.1,25.8,20.2
Chaguanas,2006-02-05,80.3,0.9905999999999999,25.3,70.5,1013.1,86.3,7.2,222.24375,19.1875,23301,65470,1,28.8,21.1,24.6,31.7,21.1,25.2,20.7
Chaguanas,2006-02-06,82.6,4.013199999999999,17.2,86.0,1013.0,67.5,7.2,225.9875,19.46875,23291,65489,1,29.1,22.1,24.8,31.4,22.1,25.6,21.4
Chaguanas,2006-02-07,72.7,0.0,17.2,78.0,1012.5,44.6,8.1,236.61249999999998,20.41875,23280,65507,0,30.1,21.1,25.5,32.0,21.1,26.1,19.8
Chaguanas,2006-02-08,77.0,0.0,15.0,81.5,1012.6,38.3,8.6,235.925,20.3625,23268,65525,0,31.1,21.1,25.4,32.1,21.1,26.0,20.6
Chaguanas,2006-02-09,76.7,0.508,18.3,81.7,1014.1,59.6,8.0,242.71875,20.975,23254,65542,1,30.1,23.1,26.1,32.7,23.1,27.1,21.3
Chaguanas,2006-02-10,69.6,0.0,15.0,75.4,1015.3,55.0,9.6,237.66875000000002,20.51875,23240,65558,0,31.1,22.2,26.3,32.7,22.2,27.0,20.0
Chaguanas,2006-02-11,77.5,0.0,18.3,82.2,1014.9,50.0,8.7,243.94375,21.0875,23225,65573,0,30.8,21.1,25.1,32.7,21.1,25.8,20.4
Chaguanas,2006-02-12,81.3,3.9878,16.1,78.4,1014.9,81.7,7.6,236.78125,20.39375,23209,65588,1,29.3,22.1,25.2,32.2,22.1,26.1,21.4
Chaguanas,2006-02-13,82.4,2.9972,18.3,77.2,1015.3,76.1,7.4,247.45625,21.375,23192,65603,1,29.2,22.1,25.3,32.1,22.1,26.1,21.9
Chaguanas,2006-02-14,76.1,0.3048,19.5,70.3,1014.9,42.5,8.8,228.31875,19.73125,23175,65616,1,29.7,22.1,25.7,31.4,22.1,26.3,20.8
Chaguanas,2006-02-15,85.1,2.794,18.3,70.4,1013.8,62.9,6.8,245.60625000000002,21.25,23156,65629,1,28.8,22.1,24.7,31.8,22.1,25.5,21.8
Chaguanas,2006-02-16,80.4,1.9811999999999999,20.8,76.6,1013.5,58.8,7.2,247.9875,21.41875,23137,65642,1,30.1,21.8,25.3,32.7,21.8,26.0,21.4
Chaguanas,2006-02-17,80.3,7.112,13.9,80.9,1012.9,40.4,8.3,241.34375,20.8625,23116,65654,1,30.1,21.1,25.1,32.1,21.1,25.9,21.2
Chaguanas,2006-02-18,79.6,11.2014,10.3,56.4,1013.0,50.4,8.6,244.2625,21.125,23095,65665,1,31.1,20.3,24.6,32.5,20.3,25.1,20.3
Chaguanas,2006-02-19,82.5,5.1054,5.8,344.1,1013.2,61.3,8.6,246.68125,21.35,23073,65676,1,31.7,19.1,24.1,33.0,19.1,24.4,20.4
Chaguanas,2006-02-20,80.3,0.0,16.1,63.3,1013.2,59.2,8.6,253.7125,21.93125,23050,65686,0,30.2,20.1,25.1,33.2,20.1,26.2,21.1
Chaguanas,2006-02-21,92.0,33.502599999999994,19.5,64.4,1013.4,91.7,5.6,257.3875,22.21875,23027,65696,1,27.1,22.8,24.3,30.2,22.8,24.5,22.9
Chaguanas,2006-02-22,78.9,2.0065999999999997,16.1,56.5,1013.5,70.8,7.0,237.5375,20.53125,23003,65705,1,29.3,23.6,25.9,33.3,23.6,27.1,21.9
Chaguanas,2006-02-23,67.9,0.0,19.5,58.6,1013.3,42.5,8.5,244.85625,21.15625,22978,65713,0,30.1,22.1,25.9,30.9,22.1,26.4,19.2
Chaguanas,2006-02-24,84.9,1.2953999999999999,18.3,64.0,1013.5,70.9,6.8,238.98125,20.6375,22952,65721,1,28.1,21.8,24.7,31.4,21.8,25.4,21.9
Chaguanas,2006-02-25,73.0,0.0,16.1,55.3,1013.8,52.9,9.6,247.4375,21.43125,22926,65728,0,31.2,22.1,26.2,33.4,22.1,27.0,20.7
Chaguanas,2006-02-26,71.5,0.0,21.9,59.1,1012.8,41.3,9.6,257.125,22.19375,22899,65735,0,30.1,22.3,26.3,32.0,22.3,26.9,20.4
Chaguanas,2006-02-27,77.5,0.0,13.9,73.4,1014.2,62.4,9.3,247.29375,21.375,22872,65742,0,31.8,20.1,25.7,33.9,20.1,26.7,20.9
Chaguanas,2006-02-28,76.8,0.9905999999999999,17.2,76.2,1014.4,72.2,8.4,259.675,22.4625,22844,65748,1,30.3,23.8,26.4,33.4,23.8,27.6,21.8
Chaguanas,2006-03-01,73.5,0.0,18.3,72.6,1014.6,45.0,8.4,255.96875,22.09375,22815,65753,0,31.1,22.1,26.1,32.7,22.1,26.8,20.6
Chaguanas,2006-03-02,74.3,0.0,20.8,81.4,1014.5,34.2,9.0,252.43125,21.81875,22785,65758,0,31.1,22.7,26.3,33.1,22.7,27.2,21.0
Chaguanas,2006-03-03,76.1,0.0,17.2,84.6,1013.3,46.3,8.4,261.51875,22.63125,22756,65763,0,32.1,23.1,26.7,35.0,23.1,28.0,21.8
Chaguanas,2006-03-04,76.4,0.0,16.1,93.8,1013.4,42.6,7.2,247.98125,21.43125,22725,65767,0,31.1,23.8,26.9,34.7,23.8,28.2,22.1
Chaguanas,2006-03-05,78.1,0.0,15.0,82.1,1013.4,40.9,8.1,251.1125,21.625,22694,65771,0,32.1,23.1,26.4,35.9,23.1,27.6,22.0
Chaguanas,2006-03-06,77.1,0.0,18.3,73.0,1014.1,70.8,8.6,257.06875,22.21875,22663,65774,0,31.1,23.1,26.6,34.7,23.1,27.8,22.0
Chaguanas,2006-03-07,77.1,0.0,18.3,72.6,1013.5,90.0,8.6,257.025,22.20625,22631,65777,0,31.1,23.1,26.5,34.7,23.1,27.8,21.9
Chaguanas,2006-03-08,76.3,0.3048,18.3,93.3,1012.9,84.2,8.7,259.43125,22.41875,22599,65780,1,31.1,23.1,26.4,34.7,23.1,27.6,21.7
Chaguanas,2006-03-09,81.1,0.9905999999999999,13.9,55.5,1013.1,85.0,7.4,259.66875,22.43125,22567,65783,1,32.1,22.1,25.8,35.9,22.1,26.9,22.0
Chaguanas,2006-03-10,73.2,0.0,15.0,69.1,1013.5,69.1,9.1,244.58125,21.14375,22534,65785,0,31.1,22.6,26.4,33.1,22.6,27.3,20.9
Chaguanas,2006-03-11,76.8,3.7845999999999997,21.9,76.9,1014.0,73.8,8.5,247.13750000000002,21.3375,22500,65786,1,31.1,22.8,25.7,33.8,22.8,26.5,21.0
Chaguanas,2006-03-12,71.6,0.0,17.2,79.2,1013.4,85.4,8.7,257.76875,22.24375,22467,65788,0,31.1,20.8,25.7,31.6,20.8,26.0,19.3
Chaguanas,2006-03-13,87.2,17.779999999999998,25.3,74.4,1012.5,84.6,6.3,259.16875,22.4,22433,65789,1,29.1,22.3,24.6,31.4,22.3,25.1,22.2
Chaguanas,2006-03-14,91.8,57.0992,13.9,65.6,1012.0,83.9,4.8,259.6625,22.41875,22399,65790,1,27.1,22.8,24.6,30.2,22.8,24.9,23.1
Chaguanas,2006-03-15,81.1,2.9972,16.1,78.1,1013.0,90.0,5.8,249.7,21.5375,22364,65791,1,30.3,24.1,26.8,35.2,24.1,28.5,23.1
Chaguanas,2006-03-16,73.1,0.0,17.2,76.9,1013.3,80.0,7.2,255.29375,22.03125,22329,65792,0,30.7,24.1,26.8,32.7,24.1,27.9,21.4
Chaguanas,2006-03-17,74.3,0.0,16.1,83.9,1012.6,84.2,8.5,280.08125,24.14375,22294,65792,0,32.3,21.1,26.1,35.0,21.1,26.8,20.6
Chaguanas,2006-03-18,78.7,0.0,13.9,80.0,1011.6,68.3,8.5,276.58125,23.85625,22259,65792,0,31.1,23.1,26.4,33.8,23.1,27.7,22.1
Chaguanas,2006-03-19,82.8,1.2953999999999999,19.5,71.7,1011.4,80.9,7.0,268.6375,23.18125,22224,65792,1,30.2,23.1,26.3,34.1,23.1,27.5,22.8
Chaguanas,2006-03-20,86.1,28.981399999999997,16.1,68.0,1011.9,88.3,5.5,267.8625,23.10625,22189,65792,1,29.1,23.1,25.4,32.8,23.1,26.1,22.8
Chaguanas,2006-03-21,79.6,0.0,16.1,83.5,1012.6,72.2,4.8,261.53125,22.60625,22153,65792,0,30.8,23.1,26.6,34.5,23.1,27.9,22.4
Chaguanas,2006-03-22,79.9,0.7874,18.3,77.8,1012.9,82.5,6.4,265.6375,22.91875,22117,65792,1,31.1,24.1,26.6,34.7,24.1,27.9,22.6
Chaguanas,2006-03-23,73.1,0.0,18.3,83.7,1013.7,51.3,7.1,261.8125,22.625,22082,65792,0,31.1,23.1,26.7,33.1,23.1,27.5,21.1
Chaguanas,2006-03-24,72.2,0.0,17.2,74.3,1012.8,36.3,8.0,275.90625,23.825,22046,65791,0,31.1,21.7,25.9,32.7,21.7,26.6,20.0
Chaguanas,2006-03-25,78.7,0.0,15.0,81.2,1013.0,48.3,8.2,268.4,23.15,22010,65791,0,31.2,21.8,26.4,35.6,21.8,28.2,22.2
Chaguanas,2006-03-26,77.9,0.0,15.0,90.0,1013.8,43.3,6.5,265.40625,22.89375,21974,65790,0,31.3,24.1,27.3,34.7,24.1,28.9,22.8
Chaguanas,2006-03-27,76.6,0.0,18.3,85.0,1014.9,45.8,6.3,273.1875,23.6125,21939,65790,0,31.1,23.7,27.2,35.6,23.7,28.7,22.4
Chaguanas,2006-03-28,74.9,0.0,16.1,84.3,1015.8,64.2,7.3,272.39375,23.525,21903,65789,0,32.1,22.1,26.8,35.0,22.1,27.8,21.6
Chaguanas,2006-03-29,74.9,0.0,13.9,75.0,1014.8,39.5,8.2,268.0625,23.15,21867,65789,0,31.1,21.1,25.9,33.1,21.1,26.7,20.6
Chaguanas,2006-03-30,77.1,0.0,16.1,80.4,1013.8,39.6,7.7,270.40625,23.34375,21832,65788,0,31.1,23.1,26.7,34.0,23.1,27.9,22.0
Chaguanas,2006-03-31,74.0,0.0,16.1,84.9,1014.5,45.4,7.6,251.825,21.79375,21796,65788,0,32.1,23.1,27.0,33.8,23.1,27.9,21.6
Chaguanas,2006-04-01,67.7,0.0,16.1,81.0,1013.7,38.1,6.5,265.15625,22.95,21761,65787,0,31.1,22.1,27.1,33.1,22.1,27.9,20.1
Chaguanas,2006-04-02,74.1,0.0,16.1,66.4,1012.4,57.5,7.6,265.575,22.93125,21726,65787,0,31.1,21.1,26.0,33.8,21.1,26.7,20.5
Chaguanas,2006-04-03,78.9,0.0,16.1,99.0,1012.3,71.7,8.6,269.6125,23.275,21690,65787,0,31.1,21.3,25.9,35.6,21.3,27.2,21.7
Chaguanas,2006-04-04,74.4,0.0,18.3,71.4,1012.4,60.4,8.2,272.5625,23.55625,21656,65787,0,32.1,22.7,27.2,34.7,22.7,28.4,21.8
Chaguanas,2006-04-05,76.9,6.095999999999999,16.1,77.2,1012.1,53.3,7.6,268.46875,23.2,21621,65787,1,31.1,24.1,26.9,33.8,24.1,28.1,22.3
Chaguanas,2006-04-06,78.5,0.0,17.2,84.9,1011.8,78.3,7.6,260.45625,22.5,21587,65787,0,32.1,23.1,26.8,35.9,23.1,28.4,22.4
Chaguanas,2006-04-07,73.9,0.0,20.8,84.0,1012.8,80.0,8.5,268.21875,23.1625,21553,65788,0,32.1,23.8,27.2,35.0,23.8,28.3,21.7
Chaguanas,2006-04-08,71.8,0.0,16.1,77.3,1012.7,84.2,8.0,265.01875,22.9125,21519,65788,0,32.1,22.1,26.6,33.0,22.1,27.3,20.4
Chaguanas,2006-04-09,74.0,0.0,15.0,70.4,1011.8,60.4,7.9,270.33125,23.34375,21485,65789,0,32.1,21.3,26.4,35.0,21.3,27.6,21.0
Chaguanas,2006-04-10,74.1,0.0,23.0,70.0,1010.7,55.4,8.8,268.3,23.21875,21452,65790,0,32.1,22.7,26.8,34.3,22.7,27.8,21.3
Chaguanas,2006-04-11,74.7,0.0,15.0,76.2,1010.7,86.3,7.9,273.4625,23.575,21419,65791,0,32.1,24.1,27.3,35.0,24.1,28.7,22.0
Chaguanas,2006-04-12,75.4,0.0,19.5,80.5,1010.8,80.9,9.2,265.35625,22.88125,21387,65792,0,33.1,24.1,27.5,37.2,24.1,29.2,22.5
Chaguanas,2006-04-13,73.3,0.0,18.3,81.6,1010.1,51.7,8.2,262.10625,22.6375,21354,65794,0,32.1,24.1,27.7,35.0,24.1,29.0,22.0
Chaguanas,2006-04-14,74.5,0.0,15.0,79.4,1009.8,65.8,8.3,248.95,21.5125,21323,65796,0,33.1,23.6,27.6,36.2,23.6,29.1,22.2
Chaguanas,2006-04-15,74.9,0.0,11.4,80.0,1011.1,90.0,9.2,248.51875,21.40625,21291,65798,0,33.1,22.1,26.8,35.4,22.1,27.9,21.6
Chaguanas,2006-04-16,73.2,0.0,13.9,99.6,1013.4,61.8,8.6,261.5125,22.61875,21260,65800,0,33.1,22.1,27.2,36.2,22.1,28.6,21.4
Chaguanas,2006-04-17,73.2,0.0,18.3,73.2,1013.2,77.6,9.1,257.4875,22.2375,21230,65803,0,33.1,22.1,27.1,36.2,22.1,28.2,21.2
Chaguanas,2006-04-18,72.6,0.0,16.1,76.5,1012.0,73.3,8.6,265.80625,22.98125,21200,65806,0,33.1,21.7,27.4,36.2,21.7,28.8,21.6
Chaguanas,2006-04-19,74.9,0.0,16.1,95.3,1011.9,64.6,8.5,252.24375,21.7875,21171,65809,0,34.1,24.1,28.3,38.4,24.1,30.7,23.1
Chaguanas,2006-04-20,77.1,0.0,16.1,100.3,1012.7,49.2,6.4,249.2125,21.53125,21142,65813,0,32.3,24.1,27.9,37.1,24.1,29.8,23.1
Chaguanas,2006-04-21,73.0,0.0,17.2,88.5,1013.9,55.0,6.2,254.03125,21.96875,21113,65817,0,32.8,24.1,28.3,36.9,24.1,30.3,22.7
Chaguanas,2006-04-22,72.5,6.095999999999999,21.9,83.2,1014.2,56.3,7.9,262.1875,22.64375,21085,65821,1,31.3,24.2,27.5,34.7,24.2,28.8,21.8
Chaguanas,2006-04-23,75.6,0.0,16.1,83.2,1012.9,67.9,8.1,258.925,22.4125,21058,65826,0,32.6,22.2,27.1,35.1,22.2,28.4,21.8
Chaguanas,2006-04-24,85.9,16.002,12.8,87.8,1012.7,75.8,7.0,257.925,22.25625,21031,65831,1,30.1,23.7,26.0,33.4,23.7,27.5,23.3
Chaguanas,2006-04-25,76.4,0.0,18.3,87.8,1012.0,64.6,8.8,256.63125,22.1375,21005,65836,0,31.1,22.1,26.7,34.7,22.1,28.2,21.8
Chaguanas,2006-04-26,76.0,0.0,18.3,78.4,1012.3,90.0,8.4,263.58125,22.76875,20980,65842,0,31.3,23.1,26.9,34.7,23.1,28.3,22.0
Chaguanas,2006-04-27,73.8,0.0,27.5,81.2,1012.6,90.0,9.3,250.24375,21.5875,20955,65848,0,33.1,22.1,27.1,36.2,22.1,28.4,21.6
Chaguanas,2006-04-28,77.6,0.9905999999999999,17.2,86.0,1012.2,83.3,8.2,263.5875,22.7875,20930,65854,1,30.1,23.1,26.4,33.4,23.1,27.7,22.1
Chaguanas,2006-04-29,69.7,0.0,13.9,91.9,1010.8,74.2,8.9,238.16666666666666,20.540000000000003,20907,65861,0,32.6,23.1,27.4,34.3,23.1,28.4,20.9
Chaguanas,2006-04-30,74.9,0.0,16.1,85.2,1010.5,88.3,8.9,257.8666666666667,22.206666666666667,20884,65868,0,33.1,22.1,27.3,36.2,22.1,29.0,22.0
Chaguanas,2006-05-01,80.0,0.0,16.1,95.2,1011.0,90.0,8.1,247.73999999999998,21.413333333333334,20861,65875,0,33.1,24.1,27.7,39.4,24.1,29.9,23.6
Chaguanas,2006-05-02,87.9,29.9974,16.1,82.8,1012.0,84.2,7.2,234.01333333333332,20.2,20840,65883,1,30.7,24.6,26.3,36.4,24.6,27.5,24.1
Chaguanas,2006-05-03,80.6,1.778,12.8,90.9,1012.6,90.4,8.1,231.70666666666665,19.966666666666665,20819,65891,1,32.1,24.1,27.4,36.9,24.1,29.6,23.6
Chaguanas,2006-05-04,75.6,0.0,12.8,93.4,1011.7,60.9,8.7,241.07999999999998,20.80666666666667,20799,65900,0,32.1,23.1,27.8,36.9,23.1,29.8,22.8
Chaguanas,2006-05-05,76.2,0.0,15.0,86.9,1011.8,59.6,8.9,264.29333333333335,22.793333333333333,20779,65909,0,33.1,23.8,27.7,37.2,23.8,29.4,22.7
Chaguanas,2006-05-06,74.1,0.0,15.0,89.4,1012.4,60.0,9.2,262.11333333333334,22.613333333333333,20761,65918,0,33.1,23.1,27.9,36.4,23.1,29.6,22.4
Chaguanas,2006-05-07,77.0,0.0,18.3,81.7,1012.8,70.4,8.0,264.64666666666665,22.826666666666664,20743,65928,0,32.1,24.1,27.5,35.9,24.1,29.3,22.8
Chaguanas,2006-05-08,73.4,0.0,18.3,94.0,1011.9,90.0,8.6,235.8,20.346666666666668,20726,65938,0,33.1,21.1,27.3,36.9,21.1,29.3,21.8
Chaguanas,2006-05-09,73.2,0.0,17.2,86.3,1011.7,70.0,8.9,250.46666666666667,21.66,20709,65949,0,34.1,24.7,28.1,38.4,24.7,30.1,22.5
Chaguanas,2006-05-10,73.1,0.0,13.9,89.0,1012.4,43.8,8.9,248.47333333333333,21.446666666666665,20693,65960,0,33.1,23.3,28.1,37.2,23.3,29.8,22.4
Chaguanas,2006-05-11,82.9,0.0,10.3,93.8,1012.6,76.9,8.2,268.72,23.173333333333336,20678,65971,0,30.1,24.1,26.8,35.2,24.1,28.8,23.6
Chaguanas,2006-05-12,80.2,0.0,8.1,100.5,1013.2,91.3,8.4,257.70666666666665,22.253333333333334,20664,65983,0,30.1,25.1,27.6,35.2,25.1,30.2,23.8
Chaguanas,2006-05-13,82.6,0.0,12.8,100.8,1013.7,90.4,7.5,262.8666666666667,22.740000000000002,20651,65995,0,33.1,25.1,27.4,38.2,25.1,29.8,24.1
Chaguanas,2006-05-14,75.4,0.0,15.0,94.3,1014.5,68.8,7.6,232.56666666666666,20.040000000000003,20639,66007,0,33.1,25.8,28.6,38.2,25.8,31.2,23.5
Chaguanas,2006-05-15,73.0,0.0,16.1,86.3,1014.1,72.1,8.2,233.01333333333332,20.086666666666666,20627,66019,0,33.1,24.1,28.1,36.7,24.1,30.1,22.5
Chaguanas,2006-05-16,80.4,2.0065999999999997,13.9,84.5,1012.7,79.2,7.5,243.88666666666668,21.046666666666667,20616,66032,1,32.1,24.1,27.7,39.3,24.1,30.4,23.9
Chaguanas,2006-05-17,86.2,0.0,13.9,78.6,1013.6,55.7,7.7,252.86,21.813333333333333,20606,66046,0,31.7,25.1,27.5,37.9,25.1,30.2,24.8
Chaguanas,2006-05-18,80.2,5.8928,18.3,80.1,1014.9,56.3,7.7,246.94,21.3,20596,66059,1,32.1,24.3,27.9,38.1,24.3,30.2,23.8
Chaguanas,2006-05-19,71.4,0.0,13.9,88.3,1015.5,32.9,8.1,241.22,20.853333333333335,20588,66073,0,33.1,24.1,28.1,35.6,24.1,29.4,21.9
Chaguanas,2006-05-20,73.1,0.3048,19.5,74.7,1014.3,38.3,7.5,253.73999999999998,21.90666666666667,20580,66087,1,33.1,23.1,27.3,35.0,23.1,28.8,21.6
Chaguanas,2006-05-21,73.3,0.3048,19.5,74.4,1013.0,50.8,8.0,238.2,20.546666666666667,20573,66102,1,33.1,24.1,28.1,38.2,24.1,30.6,22.6
Chaguanas,2006-05-22,72.3,0.0,18.3,76.3,1014.5,61.3,7.8,227.32666666666668,19.613333333333333,20567,66116,0,32.1,25.2,28.4,35.9,25.2,30.3,22.6
Chaguanas,2006-05-23,74.5,0.3048,18.3,72.0,1015.8,82.1,7.8,229.28666666666666,19.8,20562,66131,1,33.1,24.1,28.0,35.9,24.1,29.6,22.5
Chaguanas,2006-05-24,72.4,0.0,15.0,79.2,1015.1,53.8,7.8,246.92666666666668,21.32,20557,66147,0,33.1,23.1,28.2,36.3,23.1,29.9,22.2
Chaguanas,2006-05-25,74.1,0.0,13.9,88.1,1013.8,36.3,8.3,236.34,20.386666666666667,20553,66162,0,33.1,23.1,27.8,37.2,23.1,29.9,22.4
Chaguanas,2006-05-26,76.8,0.0,17.2,77.3,1012.8,62.1,7.9,217.10666666666665,18.71333333333333,20550,66177,0,32.8,23.8,27.9,37.4,23.8,30.5,23.2
Chaguanas,2006-05-27,74.5,0.0,17.2,81.9,1012.6,47.9,7.8,220.18666666666664,19.040000000000003,20548,66193,0,33.1,24.1,28.3,37.2,24.1,30.6,23.0
Chaguanas,2006-05-28,75.2,0.508,16.1,74.0,1012.9,80.4,8.2,215.73999999999998,18.633333333333333,20547,66209,1,33.1,25.1,28.1,38.2,25.1,30.2,23.0
Chaguanas,2006-05-29,72.5,0.0,12.8,92.7,1012.6,60.9,7.9,199.63333333333333,17.220000000000002,20546,66225,0,34.1,23.3,27.8,36.0,23.3,29.2,21.9
Chaguanas,2006-05-30,74.2,0.0,13.9,95.0,1012.9,75.0,7.7,209.70666666666665,18.10666666666667,20546,66241,0,32.2,24.1,27.8,35.9,24.1,29.4,22.3
Chaguanas,2006-05-31,72.9,0.0,16.1,91.1,1013.0,57.1,8.1,212.6,18.4,20547,66258,0,34.1,23.7,28.3,37.4,23.7,30.2,22.4
Chaguanas,2006-06-01,72.3,0.0,15.0,88.4,1013.1,59.2,7.0,214.44,18.506666666666668,20549,66274,0,34.1,24.1,28.3,36.6,24.1,30.2,22.4
Chaguanas,2006-06-02,90.1,3.5052000000000003,13.9,93.1,1013.3,85.0,7.3,216.22666666666666,18.68,20551,66290,1,30.1,25.1,26.3,35.2,25.1,27.8,24.6
Chaguanas,2006-06-03,80.8,1.778,15.0,95.5,1012.9,66.7,7.0,231.82000000000002,20.0,20554,66307,1,31.7,25.1,27.9,36.7,25.1,30.7,24.1
Chaguanas,2006-06-04,85.2,9.118599999999999,17.2,86.1,1012.6,72.5,7.0,219.78666666666666,18.98,20558,66323,1,32.7,24.1,27.1,38.0,24.1,29.4,24.2
Chaguanas,2006-06-05,83.9,10.693399999999999,17.2,101.1,1012.4,83.0,6.7,191.91333333333333,16.533333333333335,20562,66340,1,31.1,25.2,27.6,36.7,25.2,30.2,24.5
Chaguanas,2006-06-06,81.4,7.188199999999999,18.3,79.0,1013.4,88.3,6.6,201.88666666666668,17.453333333333333,20567,66356,1,31.1,24.1,27.7,36.7,24.1,30.1,24.0
Chaguanas,2006-06-07,86.0,7.619999999999999,17.2,78.8,1013.4,67.5,6.8,220.2866666666667,18.98,20573,66372,1,31.1,25.1,27.1,36.7,25.1,29.0,24.4
Chaguanas,2006-06-08,82.5,7.924799999999999,17.2,72.8,1012.7,74.1,6.6,216.25333333333336,18.686666666666667,20579,66389,1,31.1,24.1,27.4,36.7,24.1,30.3,24.1
Chaguanas,2006-06-09,75.8,0.3048,17.2,77.3,1012.7,90.0,7.3,226.53333333333333,19.506666666666668,20586,66405,1,32.1,25.1,28.2,36.9,25.1,30.6,23.3
Chaguanas,2006-06-10,77.0,0.0,18.3,74.1,1013.0,90.0,7.1,214.48666666666668,18.493333333333332,20594,66421,0,31.7,24.8,28.1,36.1,24.8,30.1,23.3
Chaguanas,2006-06-11,76.4,0.9905999999999999,17.2,80.7,1013.6,66.7,7.6,213.72,18.426666666666666,20602,66437,1,33.1,24.1,28.1,37.2,24.1,30.2,23.2
Chaguanas,2006-06-12,81.7,2.9972,16.1,74.7,1013.4,73.8,8.0,225.53333333333333,19.433333333333334,20611,66452,1,31.1,24.1,27.1,36.7,24.1,29.0,23.4
Chaguanas,2006-06-13,92.1,21.8948,13.9,83.5,1014.1,80.4,6.1,202.34,17.433333333333334,20620,66468,1,29.6,24.1,25.7,36.2,24.1,26.4,24.3
Chaguanas,2006-06-14,81.7,5.5118,15.0,83.7,1014.4,87.1,7.4,226.63333333333333,19.533333333333335,20630,66483,1,31.1,24.7,27.3,35.6,24.7,29.3,23.7
Chaguanas,2006-06-15,77.0,0.0,16.1,80.3,1013.7,53.3,7.5,193.14666666666665,16.666666666666668,20640,66498,0,32.1,23.1,27.4,35.9,23.1,29.2,22.7
Chaguanas,2006-06-16,80.7,0.0,12.8,89.7,1012.6,45.8,8.5,209.57333333333332,18.073333333333334,20651,66513,0,31.1,23.1,27.1,35.6,23.1,29.1,23.2
Chaguanas,2006-06-17,86.8,10.8966,6.9,59.2,1013.4,90.0,8.2,204.21999999999997,17.626666666666665,20662,66528,1,29.1,24.1,26.3,34.7,24.1,28.0,23.8
Chaguanas,2006-06-18,83.4,0.3048,13.9,77.1,1013.1,78.8,7.6,192.30666666666667,16.593333333333334,20673,66542,1,31.8,23.3,27.2,37.6,23.3,29.8,23.9
Chaguanas,2006-06-19,86.2,0.0,16.1,76.1,1012.7,87.9,6.9,193.28,16.7,20685,66556,0,31.7,23.8,26.8,36.9,23.8,28.9,24.2
Chaguanas,2006-06-20,87.2,16.002,16.1,75.7,1012.8,86.7,6.5,193.84666666666666,16.733333333333334,20698,66569,1,31.1,25.1,27.1,37.6,25.1,29.0,24.6
Chaguanas,2006-06-21,78.8,10.0076,12.8,84.4,1014.1,63.3,8.8,208.22,18.013333333333332,20711,66582,1,32.1,24.7,27.8,36.9,24.7,29.9,23.5
Chaguanas,2006-06-22,79.6,0.3048,11.4,78.8,1014.2,69.2,7.7,220.51333333333332,19.040000000000003,20724,66595,1,32.7,24.1,27.8,38.1,24.1,29.8,23.6
Chaguanas,2006-06-23,82.7,0.8128,13.9,94.4,1013.2,87.1,7.7,205.09333333333333,17.69333333333333,20737,66607,1,31.1,24.1,27.4,36.6,24.1,29.7,24.0
Chaguanas,2006-06-24,84.6,3.5052000000000003,12.8,91.6,1013.4,87.9,7.0,210.9466666666667,18.206666666666667,20751,66619,1,31.1,24.8,27.2,36.7,24.8,29.7,24.3
Chaguanas,2006-06-25,77.7,2.0065999999999997,13.9,81.0,1013.4,62.1,7.3,212.03333333333333,18.273333333333333,20765,66630,1,33.1,24.1,27.8,37.2,24.1,29.8,23.2
Chaguanas,2006-06-26,82.9,1.4986,17.2,75.8,1013.3,70.0,7.6,221.05333333333334,19.09333333333333,20780,66641,1,32.1,24.1,27.4,38.1,24.1,30.2,24.1
Chaguanas,2006-06-27,91.3,49.072799999999994,16.1,82.7,1014.7,90.9,6.3,214.66666666666666,18.526666666666664,20794,66651,1,29.3,25.1,26.5,36.4,25.1,28.3,24.9
Chaguanas,2006-06-28,89.6,28.194000000000003,8.1,89.3,1015.2,90.0,7.1,210.45333333333335,18.12,20809,66661,1,29.1,24.1,26.4,34.7,24.1,28.1,24.4
Chaguanas,2006-06-29,83.9,2.0065999999999997,15.0,81.2,1015.2,88.3,7.0,195.68666666666667,16.88,20824,66670,1,32.1,25.1,27.9,38.1,25.1,30.3,24.6
Chaguanas,2006-06-30,82.7,19.1008,16.1,77.2,1015.0,83.3,6.9,187.88,16.206666666666667,20839,66679,1,32.1,24.1,27.7,38.1,24.1,30.9,24.3
Chaguanas,2006-07-01,89.1,20.802599999999998,20.8,96.0,1015.4,75.4,6.3,182.46,15.726666666666667,20854,66687,1,30.1,24.8,26.8,37.6,24.8,29.1,24.8
Chaguanas,2006-07-02,89.7,10.1092,17.2,91.1,1015.7,79.6,6.7,225.76000000000002,19.459999999999997,20869,66694,1,30.7,25.1,26.9,37.6,25.1,29.2,25.0
Chaguanas,2006-07-03,89.3,22.4028,16.1,86.3,1016.0,87.9,6.5,227.79333333333335,19.686666666666667,20885,66701,1,31.3,24.1,26.6,37.9,24.1,28.8,24.5
Chaguanas,2006-07-04,83.1,0.3048,17.2,73.4,1016.2,94.6,7.5,206.75333333333336,17.84,20900,66707,1,31.2,24.7,27.9,39.3,24.7,31.6,24.7
Chaguanas,2006-07-05,75.7,0.0,17.2,66.5,1016.1,83.3,7.2,207.7133333333333,17.926666666666666,20915,66712,0,31.7,25.8,28.6,36.7,25.8,31.7,23.7
Chaguanas,2006-07-06,75.6,0.0,20.8,63.2,1016.6,76.7,7.7,195.76666666666668,16.893333333333334,20931,66717,0,31.3,26.2,28.7,36.8,26.2,32.6,23.8
Chaguanas,2006-07-07,78.7,5.9944,17.2,73.3,1015.9,77.1,8.2,229.92666666666668,19.853333333333335,20946,66721,1,32.1,24.7,27.8,36.9,24.7,30.0,23.4
Chaguanas,2006-07-08,78.4,0.0,16.1,61.2,1014.5,46.3,8.7,211.62666666666667,18.240000000000002,20962,66724,0,32.8,24.1,28.3,38.8,24.1,31.4,23.9
Chaguanas,2006-07-09,86.1,7.112,15.0,68.7,1012.9,78.3,7.3,195.68666666666667,16.84,20977,66726,1,32.1,24.7,27.7,39.3,24.7,31.1,25.1
Chaguanas,2006-07-10,94.0,50.0126,18.3,74.8,1013.0,91.3,3.9,207.02666666666667,17.853333333333335,20992,66728,1,28.1,24.8,25.9,33.7,24.8,26.9,24.9
Chaguanas,2006-07-11,91.7,56.9214,52.8,48.4,1014.2,90.0,7.0,211.59333333333333,18.246666666666666,21007,66729,1,30.7,24.1,26.0,37.1,24.1,26.9,24.5
Chaguanas,2006-07-12,89.6,47.8028,8.1,42.5,1014.1,82.6,6.4,198.24666666666664,17.086666666666666,21022,66729,1,31.2,23.7,26.4,36.9,23.7,28.3,24.4
Chaguanas,2006-07-13,85.0,3.5052000000000003,17.9,72.1,1013.1,79.2,6.7,203.84,17.6,21037,66728,1,32.1,25.1,27.6,38.1,25.1,30.1,24.6
Chaguanas,2006-07-14,90.9,19.1008,10.3,63.8,1013.6,85.0,7.1,209.78,18.113333333333333,21052,66727,1,29.7,25.1,26.4,35.8,25.1,27.9,24.7
Chaguanas,2006-07-15,82.4,5.8928,18.3,59.4,1014.5,90.0,7.0,194.45333333333335,16.826666666666668,21067,66725,1,31.1,24.1,27.5,37.1,24.1,30.3,24.1
Chaguanas,2006-07-16,80.6,0.0,16.1,44.9,1013.7,73.8,7.2,216.06,18.586666666666666,21081,66722,0,33.1,24.1,27.7,38.2,24.1,29.7,23.7
Chaguanas,2006-07-17,84.6,7.594599999999999,12.8,90.2,1013.1,76.3,8.2,202.02,17.433333333333334,21095,66718,1,31.2,24.1,27.4,37.9,24.1,30.4,24.4
Chaguanas,2006-07-18,85.7,5.9944,12.8,87.9,1014.4,78.8,9.0,225.16666666666666,19.453333333333333,21109,66713,1,31.2,25.8,27.7,37.9,25.8,30.7,25.0
Chaguanas,2006-07-19,82.8,0.8128,13.9,77.1,1015.1,90.0,7.6,205.23999999999998,17.733333333333334,21123,66708,1,31.1,25.1,27.7,37.6,25.1,30.0,24.3
Chaguanas,2006-07-20,77.7,0.0,16.1,79.6,1015.0,85.0,7.4,237.13333333333333,20.44,21136,66702,0,32.2,24.1,27.7,37.1,24.1,29.8,23.2
Chaguanas,2006-07-21,78.7,0.0,11.4,88.6,1014.2,83.3,8.3,225.7133333333333,19.473333333333336,21149,66694,0,32.1,23.1,27.7,39.3,23.1,30.3,23.3
Chaguanas,2006-07-22,81.8,2.0065999999999997,19.5,79.9,1013.9,80.4,7.7,218.70666666666665,18.86,21162,66686,1,32.1,25.1,27.9,38.1,25.1,30.8,24.3
Chaguanas,2006-07-23,78.3,3.5052000000000003,19.5,74.6,1013.7,74.2,7.4,223.15333333333334,19.19333333333333,21174,66678,1,32.1,26.1,28.3,38.1,26.1,31.2,23.9
Chaguanas,2006-07-24,75.5,0.0,18.3,77.5,1012.8,57.1,7.5,216.83333333333334,18.7,21186,66668,0,32.3,26.1,28.8,38.1,26.1,32.1,23.8
Chaguanas,2006-07-25,84.3,2.0065999999999997,16.1,73.8,1011.8,75.4,7.4,204.73999999999998,17.673333333333336,21198,66657,1,30.1,24.1,26.6,35.2,24.1,28.1,23.7
Chaguanas,2006-07-26,90.0,8.102599999999999,8.1,112.0,1011.3,88.8,7.2,231.66,19.986666666666668,21210,66646,1,28.3,24.1,26.2,32.8,24.1,27.8,24.4
Chaguanas,2006-07-27,88.7,13.8938,11.4,98.0,1012.4,84.6,7.6,204.00666666666666,17.56,21221,66634,1,31.2,23.8,26.2,38.7,23.8,28.1,24.1
Chaguanas,2006-07-28,85.3,7.188199999999999,11.4,87.9,1012.7,85.0,6.6,199.33333333333334,17.2,21231,66621,1,32.1,23.7,27.2,38.1,23.7,29.9,24.3
Chaguanas,2006-07-29,86.9,10.1092,15.0,33.9,1013.0,65.0,7.2,227.15333333333334,19.62,21242,66607,1,31.1,24.6,26.7,36.7,24.6,28.3,24.2
Chaguanas,2006-07-30,86.8,26.187399999999997,10.3,167.0,1013.2,76.5,6.7,219.94,18.946666666666665,21252,66592,1,31.3,23.1,26.4,37.2,23.1,28.4,23.9
Chaguanas,2006-07-31,89.5,7.086600000000001,11.4,62.7,1015.2,85.4,6.6,224.07999999999998,19.3,21261,66577,1,30.1,23.8,26.0,35.2,23.8,27.8,24.0
Chaguanas,2006-08-01,79.2,2.0065999999999997,12.8,103.3,1017.0,52.9,10.0,203.1533333333333,17.553333333333335,21271,66560,1,32.7,23.1,27.6,37.3,23.1,29.9,23.2
Chaguanas,2006-08-02,79.2,4.0893999999999995,16.1,89.5,1016.4,43.8,8.7,194.17333333333332,16.733333333333334,21279,66543,1,32.1,24.1,27.7,36.9,24.1,30.0,23.5
Chaguanas,2006-08-03,76.6,0.0,16.1,73.8,1015.2,33.5,8.9,187.9,16.166666666666668,21288,66525,0,33.1,24.1,28.0,36.2,24.1,30.1,23.1
Chaguanas,2006-08-04,76.1,0.0,16.1,79.2,1013.5,35.0,7.8,200.67999999999998,17.30666666666667,21296,66507,0,33.1,23.1,27.3,37.2,23.1,29.1,22.3
Chaguanas,2006-08-05,75.4,0.0,11.4,94.5,1012.4,37.9,8.4,220.24666666666664,19.06,21303,66487,0,33.1,23.1,27.6,38.2,23.1,29.9,22.5
Chaguanas,2006-08-06,74.1,0.0,13.9,89.5,1012.1,36.3,8.5,239.64,20.71333333333333,21311,66467,0,33.1,23.1,27.9,38.2,23.1,30.3,22.6
Chaguanas,2006-08-07,87.2,9.8806,16.1,77.8,1011.1,81.3,7.6,217.22666666666666,18.720000000000002,21317,66446,1,31.1,24.7,27.2,39.3,24.7,29.9,24.8
Chaguanas,2006-08-08,78.8,4.0893999999999995,15.0,78.5,1011.3,54.6,8.1,208.37333333333333,18.026666666666664,21324,66424,1,33.1,24.7,28.3,38.3,24.7,31.1,23.9
Chaguanas,2006-08-09,85.4,1.1176,12.8,81.8,1011.2,71.3,7.2,211.56,18.233333333333334,21330,66401,1,33.1,24.8,27.5,39.5,24.8,30.1,24.7
Chaguanas,2006-08-10,85.1,6.095999999999999,18.3,103.4,1011.7,75.0,7.8,219.58666666666667,18.92,21335,66378,1,32.1,25.1,27.6,39.3,25.1,30.7,24.7
Chaguanas,2006-08-11,80.1,2.9972,13.9,90.3,1012.0,44.6,7.6,225.7133333333333,19.459999999999997,21340,66354,1,33.1,25.1,27.9,39.4,25.1,30.8,24.1
Chaguanas,2006-08-12,86.4,6.7818,11.4,69.0,1012.4,79.6,7.5,220.18666666666667,18.98,21345,66329,1,30.2,24.7,26.6,35.5,24.7,28.2,24.0
Chaguanas,2006-08-13,84.3,7.112,9.2,3.3,1012.0,81.7,8.0,231.18666666666667,19.959999999999997,21349,66304,1,33.6,23.1,26.9,39.4,23.1,28.7,23.7
Chaguanas,2006-08-14,79.3,0.0,9.2,84.8,1012.1,42.5,8.0,208.23333333333332,17.973333333333333,21353,66278,0,34.2,23.1,28.2,40.7,23.1,31.2,23.9
Chaguanas,2006-08-15,85.5,0.9905999999999999,11.4,75.2,1011.9,61.3,7.8,205.55333333333334,17.746666666666666,21356,66251,1,32.1,25.1,27.2,38.1,25.1,29.7,24.5
Chaguanas,2006-08-16,90.5,23.0886,18.3,77.2,1011.8,81.7,5.6,222.27333333333334,19.226666666666667,21359,66223,1,31.1,23.6,25.9,36.7,23.6,26.9,24.2
Chaguanas,2006-08-17,87.8,27.8892,11.4,77.2,1012.2,91.7,7.1,221.7866666666667,19.153333333333332,21362,66195,1,30.2,22.2,26.1,36.3,22.2,27.6,23.7
Chaguanas,2006-08-18,87.6,8.889999999999999,9.2,98.6,1012.4,90.8,7.5,201.47333333333333,17.373333333333335,21364,66167,1,29.1,23.8,26.1,33.7,23.8,27.4,23.8
Chaguanas,2006-08-19,83.6,0.0,9.2,112.4,1012.9,82.3,8.2,205.5,17.759999999999998,21366,66137,0,32.1,23.1,27.1,38.1,23.1,29.6,23.9
Chaguanas,2006-08-20,78.9,0.0,11.4,88.9,1013.5,63.8,8.3,193.13333333333333,16.666666666666668,21368,66107,0,33.2,24.1,28.1,38.1,24.1,30.9,23.7
Chaguanas,2006-08-21,79.3,2.9972,17.9,89.1,1013.8,89.6,8.1,203.62,17.646666666666665,21369,66077,1,33.1,24.3,28.3,38.2,24.3,31.1,24.0
Chaguanas,2006-08-22,87.4,0.7874,9.2,97.0,1013.5,89.6,7.2,222.33333333333334,19.18,21370,66046,1,31.1,24.3,26.8,36.7,24.3,28.9,24.4
Chaguanas,2006-08-23,90.3,49.8094,18.3,75.4,1012.2,94.2,7.1,192.65333333333334,16.66,21370,66014,1,31.1,23.1,25.6,37.9,23.1,27.0,23.8
Chaguanas,2006-08-24,94.3,67.00519999999999,9.2,126.4,1011.3,92.5,5.3,208.44,17.993333333333332,21371,65982,1,28.1,23.1,25.1,33.7,23.1,26.1,24.1
Chaguanas,2006-08-25,92.0,56.108599999999996,16.1,229.9,1012.0,92.2,6.9,221.14666666666665,19.053333333333335,21370,65949,1,27.3,23.1,24.8,30.7,23.1,25.3,23.4
Chaguanas,2006-08-26,86.1,2.0065999999999997,11.4,140.5,1012.0,60.8,7.5,218.76666666666668,18.873333333333335,21370,65916,1,31.8,24.1,26.9,38.5,24.1,28.8,24.2
Chaguanas,2006-08-27,81.2,8.889999999999999,13.9,83.1,1011.6,73.3,8.1,228.92000000000002,19.746666666666666,21369,65883,1,32.1,23.8,27.4,36.9,23.8,29.5,23.6
Chaguanas,2006-08-28,87.5,0.508,9.2,89.2,1012.1,86.7,8.4,224.68666666666667,19.38,21368,65849,1,30.1,23.1,26.3,36.3,23.1,28.2,23.9
Chaguanas,2006-08-29,78.9,0.0,13.9,86.4,1012.9,42.1,8.6,214.19333333333333,18.526666666666664,21367,65814,0,33.1,24.1,28.4,39.4,24.1,31.6,24.0
Chaguanas,2006-08-30,77.9,0.0,13.9,78.6,1013.2,40.8,8.7,208.14,17.966666666666665,21365,65779,0,33.1,24.8,28.3,38.2,24.8,31.1,23.8
Chaguanas,2006-08-31,77.4,0.0,9.2,84.8,1013.4,33.2,8.9,213.89333333333335,18.466666666666665,21363,65744,0,33.2,23.1,27.4,37.2,23.1,29.4,22.7
Chaguanas,2006-09-01,79.8,0.0,11.4,84.3,1012.1,33.3,11.1,221.36,19.113333333333333,21361,65708,0,33.1,22.1,26.9,36.9,22.1,28.4,22.6
Chaguanas,2006-09-02,77.7,0.0,8.1,87.9,1010.7,38.7,9.5,218.02,18.86,21359,65672,0,33.2,21.1,27.2,39.5,21.1,29.2,22.6
Chaguanas,2006-09-03,83.1,0.508,10.3,95.5,1010.0,60.4,7.7,195.36666666666667,16.87333333333333,21356,65636,1,33.1,23.1,27.3,39.4,23.1,29.8,23.9
Chaguanas,2006-09-04,88.5,0.0,16.1,54.8,1010.8,50.6,7.3,212.52,18.386666666666667,21353,65600,0,31.1,23.1,25.8,36.7,23.1,27.1,23.6
Chaguanas,2006-09-05,88.4,30.5054,11.4,88.1,1011.9,81.3,7.6,221.26000000000002,19.12,21351,65563,1,32.1,23.1,26.4,39.3,23.1,28.3,24.2
Chaguanas,2006-09-06,84.5,28.701999999999995,11.4,241.4,1012.8,86.8,8.9,205.15333333333334,17.666666666666668,21347,65525,1,30.1,24.1,26.9,36.3,24.1,29.3,23.9
Chaguanas,2006-09-07,85.5,11.9126,12.8,79.0,1012.2,80.0,7.8,215.44666666666666,18.60666666666667,21344,65488,1,34.1,23.1,26.9,42.1,23.1,29.4,24.1
Chaguanas,2006-09-08,80.2,0.0,12.8,89.9,1012.1,45.8,7.4,225.11333333333332,19.453333333333333,21341,65450,0,32.2,23.6,27.9,38.1,23.6,31.1,23.9
Chaguanas,2006-09-09,76.7,0.0,10.3,86.0,1012.7,53.3,8.3,224.62,19.386666666666667,21337,65412,0,33.2,24.1,28.3,39.3,24.1,31.0,23.6
Chaguanas,2006-09-10,78.0,0.7874,15.0,84.6,1012.6,65.0,8.4,227.13333333333333,19.613333333333333,21333,65374,1,33.1,25.1,28.0,37.2,25.1,30.7,23.6
Chaguanas,2006-09-11,86.9,4.3942,16.1,64.9,1012.5,83.3,8.1,228.41333333333336,19.746666666666666,21330,65336,1,31.1,23.7,26.5,37.9,23.7,28.3,24.1
Chaguanas,2006-09-12,82.9,0.0,11.4,83.0,1012.0,90.0,8.7,218.59333333333333,18.886666666666667,21326,65298,0,32.1,23.7,27.6,38.1,23.7,30.3,24.1
Chaguanas,2006-09-13,91.6,16.814799999999998,10.3,11.2,1012.9,89.6,6.9,207.14666666666665,17.860000000000003,21322,65259,1,31.1,23.8,25.7,37.9,23.8,26.8,24.1
Chaguanas,2006-09-14,90.1,9.906,15.0,80.8,1013.5,88.3,7.4,230.4,19.886666666666667,21318,65221,1,31.1,24.1,26.1,37.9,24.1,27.5,24.2
Chaguanas,2006-09-15,80.0,2.0065999999999997,18.3,78.4,1012.6,55.0,6.3,224.42000000000002,19.40666666666667,21314,65182,1,33.1,25.1,28.4,39.4,25.1,31.3,24.2
Chaguanas,2006-09-16,75.5,0.0,18.3,85.3,1012.2,68.5,7.0,218.83333333333334,18.92,21310,65143,0,32.3,24.6,28.6,37.2,24.6,31.2,23.4
Chaguanas,2006-09-17,75.4,0.0,13.9,89.0,1011.0,75.3,6.6,191.88,16.62,21306,65104,0,33.1,23.8,28.7,38.2,23.8,31.9,23.5
Chaguanas,2006-09-18,79.3,0.0,13.9,102.5,1013.4,55.5,7.7,194.2133333333333,16.779999999999998,21302,65066,0,33.1,25.1,28.6,39.4,25.1,31.8,24.3
Chaguanas,2006-09-19,77.6,0.0,11.4,114.3,1014.2,68.3,8.5,211.48,18.28666666666667,21298,65027,0,33.1,24.1,28.3,38.2,24.1,30.7,23.6
Chaguanas,2006-09-20,82.4,0.0,11.4,107.6,1013.4,77.9,8.6,215.26666666666668,18.633333333333333,21294,64988,0,33.2,23.1,27.5,39.9,23.1,30.3,23.9
Chaguanas,2006-09-21,79.9,0.0,16.1,62.5,1013.0,72.9,8.8,209.62,18.113333333333333,21290,64949,0,33.2,23.2,28.1,40.3,23.2,31.3,23.9
Chaguanas,2006-09-22,76.2,0.0,11.4,73.5,1012.6,67.1,9.4,195.94666666666666,16.946666666666665,21286,64911,0,33.1,24.1,28.2,37.5,24.1,30.6,23.2
Chaguanas,2006-09-23,86.1,4.0893999999999995,13.9,76.8,1011.7,71.7,7.6,208.16,18.026666666666664,21283,64872,1,34.1,23.7,26.7,40.7,23.7,28.3,23.9
Chaguanas,2006-09-24,81.5,0.0,11.4,74.9,1011.9,60.8,9.4,211.36666666666667,18.246666666666666,21279,64834,0,33.1,24.1,28.1,39.4,24.1,31.2,24.3
Chaguanas,2006-09-25,84.8,2.0065999999999997,13.9,54.0,1013.2,73.8,7.9,216.24666666666664,18.68,21276,64796,1,31.8,23.8,27.3,38.2,23.8,30.0,24.4
Chaguanas,2006-09-26,88.8,22.605999999999998,13.9,54.9,1013.6,67.1,7.1,210.36,18.18,21273,64758,1,32.1,24.1,26.4,38.1,24.1,28.1,24.3
Chaguanas,2006-09-27,89.1,11.9126,15.0,54.8,1013.1,80.0,7.3,211.12666666666667,18.259999999999998,21270,64720,1,30.2,23.8,26.3,37.6,23.8,28.2,24.3
Chaguanas,2006-09-28,87.1,5.1054,12.8,81.8,1012.2,80.0,7.2,222.59333333333333,19.19333333333333,21267,64682,1,31.1,24.1,27.0,37.9,24.1,29.5,24.6
Chaguanas,2006-09-29,83.9,0.0,13.9,70.1,1012.0,62.5,6.7,217.02,18.759999999999998,21264,64645,0,32.1,24.1,27.2,39.3,24.1,29.7,24.0
Chaguanas,2006-09-30,86.4,0.0,11.4,85.8,1012.0,90.0,6.5,189.32666666666668,16.37333333333333,21262,64608,0,33.1,24.1,27.3,40.7,24.1,30.2,24.7
Chaguanas,2006-10-01,81.6,0.0,10.3,91.2,1012.1,76.7,6.8,213.26000000000002,18.453333333333333,21259,64571,0,33.1,24.1,28.0,39.4,24.1,30.7,24.3
Chaguanas,2006-10-02,79.5,0.0,11.4,92.9,1011.5,85.4,7.7,198.6,17.166666666666668,21257,64534,0,32.1,24.1,27.8,38.1,24.1,30.1,23.6
Chaguanas,2006-10-03,80.1,0.0,13.9,98.3,1010.9,64.6,9.4,200.89333333333335,17.366666666666667,21256,64498,0,33.1,23.2,27.7,45.9,23.2,30.3,23.6
Chaguanas,2006-10-04,83.9,6.400799999999999,12.8,85.9,1010.3,57.9,8.2,202.69333333333333,17.553333333333335,21254,64462,1,32.2,23.7,27.5,39.3,23.7,30.3,24.3
Chaguanas,2006-10-05,87.6,0.508,15.0,84.9,1010.8,78.8,6.8,190.43333333333334,16.453333333333333,21253,64427,1,30.1,24.1,26.7,36.3,24.1,29.1,24.4
Chaguanas,2006-10-06,85.4,25.603199999999998,13.9,62.1,1011.7,79.6,7.6,183.51333333333332,15.860000000000001,21253,64391,1,32.1,24.1,27.6,40.8,24.1,30.9,24.8
Chaguanas,2006-10-07,94.7,22.9108,15.0,79.6,1012.3,90.0,7.4,201.23999999999998,17.36,21252,64357,1,30.1,23.8,25.3,36.3,23.8,26.0,24.4
Chaguanas,2006-10-08,88.9,0.9905999999999999,17.2,65.3,1011.0,69.1,7.5,191.60666666666665,16.546666666666667,21252,64323,1,32.1,24.1,26.9,39.3,24.1,29.3,24.8
Chaguanas,2006-10-09,90.5,0.3048,13.9,78.2,1011.8,82.1,7.2,192.2866666666667,16.64,21253,64289,1,28.1,24.1,25.6,31.4,24.1,26.4,23.8
Chaguanas,2006-10-10,84.9,0.0,13.9,82.2,1011.9,72.5,8.4,193.92000000000002,16.7,21254,64256,0,33.1,24.1,27.2,39.3,24.1,29.8,24.2
Chaguanas,2006-10-11,86.2,23.9014,10.3,73.4,1011.7,76.7,8.4,206.79333333333335,17.846666666666668,21255,64223,1,33.8,24.6,27.3,41.8,24.6,30.4,24.7
Chaguanas,2006-10-12,86.7,5.1054,10.3,76.9,1011.1,65.8,7.4,213.56,18.453333333333333,21257,64191,1,33.1,25.1,27.4,40.7,25.1,30.3,24.8
Chaguanas,2006-10-13,89.4,4.0893999999999995,11.4,88.4,1009.9,65.4,7.0,208.37333333333333,17.986666666666668,21259,64159,1,31.1,24.1,27.1,39.3,24.1,29.9,25.1
Chaguanas,2006-10-14,86.0,17.5006,15.0,66.9,1009.7,66.7,8.0,198.22666666666666,17.133333333333333,21261,64128,1,32.2,24.1,27.6,38.9,24.1,30.5,24.8
Chaguanas,2006-10-15,82.4,0.0,10.3,85.2,1010.3,67.9,8.5,208.76666666666668,18.026666666666664,21264,64098,0,33.1,24.1,28.2,39.4,24.1,31.8,24.7
Chaguanas,2006-10-16,79.0,0.0,11.4,81.4,1010.7,37.9,9.0,211.92000000000002,18.28666666666667,21268,64068,0,33.1,24.3,28.3,38.2,24.3,31.4,24.1
Chaguanas,2006-10-17,80.8,0.0,9.2,94.5,1009.8,80.0,9.4,189.11333333333332,16.38,21272,64039,0,32.6,24.1,28.0,38.1,24.1,31.2,24.2
Chaguanas,2006-10-18,83.6,0.0,8.1,91.6,1009.4,90.0,8.2,181.17333333333332,15.666666666666666,21277,64010,0,31.1,24.7,27.5,37.9,24.7,29.9,24.3
Chaguanas,2006-10-19,84.8,2.0065999999999997,11.4,104.3,1008.8,72.5,7.9,176.68666666666667,15.22,21282,63982,1,34.1,24.1,27.6,39.5,24.1,30.7,24.6
Chaguanas,2006-10-20,89.7,5.08,11.4,69.7,1009.5,90.4,6.8,194.84,16.84,21287,63955,1,30.1,24.1,26.1,36.3,24.1,27.4,24.2
Chaguanas,2006-10-21,85.7,0.0,10.3,80.5,1012.4,86.7,7.9,199.64,17.259999999999998,21294,63929,0,30.1,25.1,26.9,35.2,25.1,28.9,24.2
Chaguanas,2006-10-22,81.2,0.0,9.2,79.4,1012.5,56.7,9.2,198.22,17.10666666666667,21300,63904,0,33.1,24.1,28.1,38.2,24.1,30.9,24.2
Chaguanas,2006-10-23,93.0,4.8768,11.4,41.9,1011.7,88.3,5.8,206.16666666666666,17.846666666666668,21308,63879,1,29.2,25.1,26.7,35.9,25.1,28.8,25.4
Chaguanas,2006-10-24,87.3,8.407399999999999,9.2,101.0,1011.4,88.1,8.2,199.66,17.246666666666666,21316,63855,1,33.1,24.2,27.6,40.7,24.2,30.7,25.1
Chaguanas,2006-10-25,87.8,2.9972,9.2,94.6,1011.8,90.0,8.3,190.53333333333333,16.473333333333336,21325,63832,1,32.1,24.1,27.1,40.2,24.1,29.6,24.7
Chaguanas,2006-10-26,83.2,0.0,11.4,87.4,1011.6,76.3,8.0,167.65333333333334,14.446666666666667,21334,63809,0,33.1,24.8,28.1,40.8,24.8,31.4,24.7
Chaguanas,2006-10-27,87.7,29.006799999999995,9.2,224.1,1011.0,68.3,8.6,184.50666666666666,15.96,21344,63788,1,33.1,24.1,27.2,39.4,24.1,29.5,24.7
Chaguanas,2006-10-28,93.3,11.8872,18.3,79.4,1011.1,90.8,7.0,193.20666666666665,16.62666666666667,21354,63767,1,29.1,25.1,26.2,34.7,25.1,27.4,24.9
Chaguanas,2006-10-29,97.4,58.92799999999999,11.4,75.3,1011.0,89.6,5.9,194.86666666666667,16.866666666666667,21366,63748,1,26.1,24.7,25.4,26.1,24.7,25.4,25.0
Chaguanas,2006-10-30,90.4,7.086600000000001,13.9,76.6,1009.5,90.0,7.2,186.98,16.173333333333332,21377,63729,1,29.1,24.1,26.6,35.8,24.1,28.6,24.8
Chaguanas,2006-10-31,81.2,2.0065999999999997,12.8,78.5,1009.4,71.7,8.1,196.66666666666666,17.006666666666668,21390,63711,1,32.1,23.1,27.3,38.1,23.1,29.7,23.6
Chaguanas,2006-11-01,82.9,0.0,15.0,87.9,1009.7,65.4,8.0,191.38,16.546666666666667,21403,63694,0,32.3,23.1,27.3,38.2,23.1,29.6,23.8
Chaguanas,2006-11-02,86.9,0.508,11.4,85.6,1010.8,72.2,7.5,173.06666666666666,14.986666666666668,21417,63679,1,31.8,24.1,26.7,37.9,24.1,28.6,24.1
Chaguanas,2006-11-03,87.6,9.0932,13.9,86.9,1010.9,59.6,7.6,197.20666666666665,17.07333333333333,21432,63664,1,32.1,24.1,26.8,38.1,24.1,29.0,24.4
Chaguanas,2006-11-04,87.3,0.0,9.2,100.2,1010.3,46.3,7.5,189.99333333333334,16.44,21447,63650,0,32.1,23.1,26.7,39.3,23.1,28.8,24.1
Chaguanas,2006-11-05,91.3,22.098,11.4,75.1,1009.5,72.6,7.3,183.03333333333333,15.8,21463,63637,1,30.1,23.8,26.3,36.3,23.8,28.6,24.7
Chaguanas,2006-11-06,85.6,0.0,11.4,93.4,1009.8,67.5,8.5,174.18666666666667,15.026666666666667,21479,63625,0,31.1,23.1,26.3,35.6,23.1,27.7,23.4
Chaguanas,2006-11-07,80.4,0.0,12.8,88.0,1010.0,45.4,8.4,197.62666666666667,17.073333333333334,21496,63614,0,32.1,23.1,27.4,36.9,23.1,29.7,23.4
Chaguanas,2006-11-08,83.2,0.0,13.9,74.0,1009.9,39.2,8.3,178.6,15.453333333333335,21514,63604,0,32.1,23.1,27.5,39.3,23.1,30.0,24.1
Chaguanas,2006-11-09,85.9,0.0,13.9,71.4,1011.2,42.5,8.4,164.91333333333333,14.186666666666667,21533,63595,0,33.1,23.8,27.5,39.4,23.8,30.2,24.7
Chaguanas,2006-11-10,91.9,10.413999999999998,16.1,64.1,1012.1,77.1,7.2,153.99333333333334,13.3,21552,63588,1,30.2,23.1,25.9,35.9,23.1,27.4,24.4
Chaguanas,2006-11-11,88.4,0.9905999999999999,15.0,75.1,1011.7,77.1,7.5,180.42666666666668,15.633333333333333,21572,63581,1,31.1,23.1,26.2,36.9,23.1,28.2,23.9
Chaguanas,2006-11-12,91.4,4.013199999999999,11.4,80.7,1011.4,88.8,8.0,184.0,15.926666666666668,21593,63575,1,30.1,23.1,25.9,36.3,23.1,27.3,24.3
Chaguanas,2006-11-13,91.5,7.899399999999999,16.1,246.4,1011.0,83.0,7.2,179.98666666666668,15.54,21614,63571,1,33.1,23.7,25.9,39.4,23.7,26.8,24.2
Chaguanas,2006-11-14,86.6,79.70519999999999,12.8,100.5,1010.3,60.0,8.1,174.11333333333332,15.06,21636,63567,1,33.1,22.7,26.4,38.2,22.7,28.1,23.6
Chaguanas,2006-11-15,86.1,0.0,9.2,111.3,1009.7,54.6,8.7,185.48666666666665,16.006666666666668,21658,63565,0,32.1,24.1,26.9,38.1,24.1,29.2,24.2
Chaguanas,2006-11-16,88.6,4.0893999999999995,12.8,78.6,1010.2,77.7,7.3,202.30666666666667,17.493333333333332,21681,63564,1,32.1,23.1,26.4,38.1,23.1,28.4,24.2
Chaguanas,2006-11-17,92.2,0.0,12.8,80.6,1011.0,83.0,6.5,188.87333333333333,16.37333333333333,21705,63563,0,31.1,23.1,25.3,37.9,23.1,26.6,23.9
Chaguanas,2006-11-18,85.8,18.796,9.2,85.4,1011.6,86.5,7.9,193.83333333333334,16.733333333333334,21729,63564,1,31.3,24.1,26.7,37.2,24.1,28.8,24.0
Chaguanas,2006-11-19,82.6,0.9905999999999999,12.8,95.3,1012.0,59.6,8.8,201.33333333333334,17.413333333333334,21754,63566,1,32.1,24.1,27.4,38.2,24.1,29.6,23.9
Chaguanas,2006-11-20,82.4,0.0,11.4,89.6,1012.8,44.6,10.0,198.04,17.160000000000004,21780,63569,0,32.1,22.8,27.1,36.7,22.8,29.3,23.4
Chaguanas,2006-11-21,91.2,7.112,13.9,88.2,1012.9,74.2,7.2,196.19333333333333,16.973333333333333,21806,63573,1,30.1,23.8,25.7,37.6,23.8,27.2,24.1
Chaguanas,2006-11-22,89.9,1.9811999999999999,16.1,87.6,1012.3,72.2,7.3,177.23999999999998,15.34,21832,63579,1,30.1,22.1,25.8,36.3,22.1,27.7,23.9
Chaguanas,2006-11-23,87.5,2.0065999999999997,9.2,83.5,1010.6,81.7,8.6,166.36666666666667,14.386666666666667,21859,63585,1,31.1,23.1,26.1,36.7,23.1,27.8,23.7
Chaguanas,2006-11-24,85.4,2.0065999999999997,8.1,96.9,1009.9,67.0,8.7,158.68666666666667,13.653333333333334,21887,63592,1,31.3,22.8,26.2,37.7,22.8,28.1,23.4
Chaguanas,2006-11-25,85.1,0.0,9.2,87.6,1010.5,53.9,9.5,167.83333333333334,14.526666666666667,21915,63600,0,31.2,23.8,27.2,36.7,23.8,29.8,24.3
Chaguanas,2006-11-26,85.8,0.0,13.9,79.1,1011.3,67.1,8.9,171.2133333333333,14.813333333333333,21943,63610,0,32.2,24.1,27.4,38.2,24.1,29.9,24.6
Chaguanas,2006-11-27,86.7,0.9905999999999999,13.9,73.2,1010.5,65.8,7.2,160.63333333333333,13.866666666666667,21972,63620,1,32.1,24.1,27.0,38.1,24.1,29.5,24.4
Chaguanas,2006-11-28,91.7,5.7912,17.2,70.5,1010.1,64.6,7.9,177.37333333333333,15.360000000000001,22002,63632,1,31.1,23.7,25.9,37.9,23.7,27.6,24.4
Chaguanas,2006-11-29,85.6,3.6067999999999993,11.4,81.0,1011.0,79.6,7.6,187.17999999999998,16.2,22031,63644,1,31.6,23.1,26.8,37.9,23.1,28.8,23.8
Chaguanas,2006-11-30,86.0,4.013199999999999,13.9,70.0,1011.4,70.0,7.9,169.57999999999998,14.680000000000001,22061,63658,1,31.2,23.1,26.5,35.6,23.1,28.1,23.6
Chaguanas,2006-12-01,86.1,8.889999999999999,11.4,75.3,1010.7,55.7,8.1,177.66666666666666,15.379999999999999,22092,63672,1,31.1,23.1,26.0,35.9,23.1,27.4,23.2
Chaguanas,2006-12-02,85.5,0.3048,26.8,65.7,1010.4,55.0,8.8,184.83333333333334,16.026666666666667,22122,63688,1,32.1,21.2,25.9,36.9,21.2,27.7,23.1
Chaguanas,2006-12-03,90.7,27.9908,9.2,91.2,1010.2,67.9,7.7,172.46,14.813333333333333,22153,63704,1,30.1,22.1,25.6,35.2,22.1,26.9,23.8
Chaguanas,2006-12-04,87.0,0.0,12.8,76.2,1010.5,77.5,8.5,168.24666666666664,14.520000000000001,22184,63722,0,31.1,23.1,26.3,36.2,23.1,28.0,23.7
Chaguanas,2006-12-05,90.3,11.2014,13.9,75.0,1011.3,89.2,6.4,192.00666666666666,16.566666666666666,22215,63740,1,30.3,24.1,26.8,37.6,24.1,28.9,24.9
Chaguanas,2006-12-06,96.9,7.899399999999999,17.2,70.4,1012.4,93.2,5.9,198.34,17.146666666666665,22247,63759,1,27.1,23.1,24.9,30.8,23.1,25.1,24.4
Chaguanas,2006-12-07,89.3,5.0038,15.0,74.9,1012.0,84.3,7.0,167.55333333333334,14.493333333333334,22279,63779,1,32.1,23.1,26.3,38.1,23.1,27.7,24.2
Chaguanas,2006-12-08,86.7,10.8966,16.1,66.2,1011.7,86.7,6.8,164.87333333333333,14.286666666666667,22310,63800,1,31.1,23.8,26.8,36.7,23.8,28.9,24.2
Chaguanas,2006-12-09,87.7,4.3180000000000005,17.2,59.0,1012.4,90.4,6.6,176.17999999999998,15.246666666666668,22342,63822,1,30.1,24.1,26.4,34.7,24.1,27.9,24.1
Chaguanas,2006-12-10,91.5,8.915399999999998,13.9,62.4,1013.1,86.7,5.6,183.55333333333334,15.886666666666667,22374,63844,1,30.2,23.8,26.1,37.9,23.8,27.7,24.5
Chaguanas,2006-12-11,84.5,7.086600000000001,17.2,66.2,1013.2,77.1,7.3,184.32666666666668,15.953333333333335,22406,63867,1,31.1,24.1,26.7,36.7,24.1,28.3,23.7
Chaguanas,2006-12-12,88.7,0.7874,13.9,98.5,1013.6,72.5,7.3,179.58666666666667,15.54,22438,63891,1,28.3,23.1,25.1,32.7,23.1,25.8,23.0
Chaguanas,2006-12-13,85.9,3.8099999999999996,13.9,97.4,1013.2,69.2,8.0,177.22666666666666,15.326666666666666,22470,63916,1,31.1,22.8,25.4,35.6,22.8,26.5,22.8
Chaguanas,2006-12-14,84.5,0.9905999999999999,16.1,85.1,1012.6,78.8,8.0,188.40666666666667,16.366666666666667,22502,63942,1,30.2,22.1,25.6,34.3,22.1,26.7,22.5
Chaguanas,2006-12-15,79.9,0.0,12.8,74.1,1012.3,60.0,8.6,200.53333333333333,17.34,22533,63968,0,32.1,21.1,26.4,36.9,21.1,28.3,22.3
Chaguanas,2006-12-16,87.5,0.0,12.8,91.1,1013.1,88.3,7.9,198.34666666666666,17.16,22565,63995,0,30.6,22.8,25.5,35.2,22.8,26.7,23.1
Chaguanas,2006-12-17,85.3,0.0,16.1,75.5,1013.0,59.6,8.0,198.6,17.146666666666665,22596,64022,0,30.7,22.7,26.2,36.2,22.7,27.9,23.4
Chaguanas,2006-12-18,88.4,2.0065999999999997,13.9,79.2,1012.7,77.9,7.1,195.64666666666665,16.933333333333334,22627,64050,1,30.1,22.1,25.5,36.3,22.1,26.9,23.3
Chaguanas,2006-12-19,87.3,4.0893999999999995,15.0,74.1,1011.8,80.0,7.3,191.63333333333333,16.58,22658,64078,1,30.7,22.6,26.0,35.4,22.6,27.6,23.5
Chaguanas,2006-12-20,91.3,3.7845999999999997,13.9,85.1,1012.8,90.0,7.2,197.17999999999998,17.006666666666668,22688,64107,1,31.1,24.1,26.1,36.7,24.1,27.2,24.4
Chaguanas,2006-12-21,87.1,2.9972,17.2,80.5,1014.2,76.3,8.1,185.22,16.026666666666667,22718,64137,1,31.1,23.6,26.6,36.7,23.6,28.5,24.1
Chaguanas,2006-12-22,93.1,1.778,11.4,78.2,1014.3,87.0,6.4,191.72666666666666,16.593333333333334,22748,64167,1,30.8,23.8,25.9,36.5,23.8,27.4,24.7
Chaguanas,2006-12-23,83.7,10.1092,16.1,80.2,1014.4,81.3,6.7,192.52666666666667,16.646666666666665,22778,64197,1,30.3,24.1,26.9,34.7,24.1,28.8,23.8
Chaguanas,2006-12-24,86.1,0.0,20.8,76.5,1014.4,90.0,6.6,186.6,16.14,22807,64228,0,30.1,23.1,26.1,34.3,23.1,27.6,23.5
Chaguanas,2006-12-25,87.9,1.5748,15.0,64.8,1014.0,73.3,7.3,202.78,17.52,22835,64259,1,30.3,22.1,25.6,35.2,22.1,27.1,23.2
Chaguanas,2006-12-26,84.6,0.3048,16.1,65.3,1014.0,86.7,7.2,202.57333333333332,17.566666666666666,22863,64290,1,30.1,23.1,25.7,33.4,23.1,26.8,22.7
Chaguanas,2006-12-27,83.0,0.0,13.9,81.5,1015.1,49.6,7.8,206.57333333333332,17.866666666666667,22891,64322,0,30.1,21.8,25.9,34.3,21.8,27.4,22.6
Chaguanas,2006-12-28,89.3,4.013199999999999,16.1,81.7,1016.0,58.8,8.6,202.35333333333335,17.513333333333332,22918,64354,1,30.6,23.1,25.4,34.3,23.1,26.3,23.3
Chaguanas,2006-12-29,85.4,0.0,17.2,75.8,1015.6,49.1,8.2,184.82000000000002,16.02,22944,64386,0,30.1,22.1,25.7,34.3,22.1,27.1,22.8
Chaguanas,2006-12-30,92.4,4.5973999999999995,12.8,75.6,1015.3,54.7,7.9,184.62,16.033333333333335,22970,64418,1,29.2,23.1,24.8,32.8,23.1,25.3,23.3
Chaguanas,2006-12-31,85.5,0.0,13.9,71.3,1014.8,43.2,8.3,200.48666666666668,17.386666666666667,22995,64451,0,30.1,22.1,25.8,34.3,22.1,27.2,22.9
Chaguanas,2007-01-01,84.8,0.0,16.1,70.1,1014.6,56.3,7.2,194.26875,16.75,23019,64483,0,31.1,22.8,26.2,35.6,22.8,28.0,23.3
Chaguanas,2007-01-02,79.6,0.0,20.8,65.4,1014.7,40.0,7.3,204.725,17.725,23043,64516,0,30.1,24.1,26.9,34.3,24.1,28.2,22.9
Chaguanas,2007-01-03,76.6,0.0,21.9,65.7,1015.1,40.4,7.6,212.7125,18.4,23066,64549,0,30.1,23.8,26.7,34.3,23.8,27.9,22.1
Chaguanas,2007-01-04,78.9,0.0,18.3,66.5,1014.7,67.9,6.9,203.375,17.63125,23088,64581,0,30.1,22.1,25.9,34.3,22.1,27.1,21.8
Chaguanas,2007-01-05,84.1,0.0,18.3,63.7,1013.4,68.8,7.7,196.34375,16.9625,23110,64614,0,30.6,20.1,25.2,34.3,20.1,26.4,22.0
Chaguanas,2007-01-06,84.2,0.0,15.0,72.6,1013.1,63.0,7.8,191.0875,16.5375,23131,64647,0,30.1,22.1,25.5,33.4,22.1,26.6,22.3
Chaguanas,2007-01-07,84.1,0.3048,12.8,74.8,1013.6,73.3,7.7,190.05,16.4,23150,64679,1,30.2,20.8,25.2,33.7,20.8,26.4,22.0
Chaguanas,2007-01-08,88.1,0.0,11.4,78.7,1013.2,63.8,7.5,202.51875,17.4625,23169,64712,0,29.1,21.1,24.9,33.7,21.1,26.2,22.7
Chaguanas,2007-01-09,85.7,0.0,12.8,77.6,1012.8,44.2,7.2,197.95625,17.0875,23188,64744,0,31.2,22.3,26.5,36.7,22.3,28.5,23.7
Chaguanas,2007-01-10,93.7,4.0893999999999995,13.9,78.9,1013.0,83.3,6.8,205.875,17.825,23205,64776,1,29.1,23.1,25.6,35.8,23.1,27.1,24.4
Chaguanas,2007-01-11,95.3,32.6898,16.1,65.9,1013.7,87.1,5.9,215.96875,18.63125,23221,64808,1,29.1,23.6,25.2,33.7,23.6,25.7,24.3
Chaguanas,2007-01-12,92.8,2.9972,17.2,71.1,1013.1,78.8,7.2,209.2375,18.0875,23237,64839,1,29.1,24.1,25.7,34.1,24.1,26.4,24.3
Chaguanas,2007-01-13,91.5,2.9972,18.3,67.8,1012.3,88.3,7.6,211.90625,18.3375,23251,64871,1,28.3,22.8,24.9,32.7,22.8,25.6,23.4
Chaguanas,2007-01-14,89.8,0.9905999999999999,15.0,70.3,1012.1,84.2,8.0,216.7625,18.75,23264,64902,1,30.1,22.1,25.6,35.2,22.1,26.9,23.7
Chaguanas,2007-01-15,84.2,0.0,16.1,64.2,1012.6,44.2,8.4,213.50625,18.425,23277,64932,0,30.1,23.1,26.3,34.3,23.1,27.8,23.2
Chaguanas,2007-01-16,85.2,0.0,17.2,67.9,1012.4,63.8,7.7,213.25,18.4375,23289,64963,0,30.2,23.1,26.2,35.2,23.1,27.9,23.3
Chaguanas,2007-01-17,87.0,0.9905999999999999,15.0,72.3,1012.2,76.7,7.0,216.7375,18.73125,23299,64993,1,30.6,23.6,26.7,35.9,23.6,28.8,24.2
Chaguanas,2007-01-18,85.1,6.095999999999999,11.4,61.5,1013.3,64.3,6.9,220.3375,19.025,23309,65022,1,31.7,23.1,26.7,36.9,23.1,28.9,23.8
Chaguanas,2007-01-19,85.0,0.0,11.4,65.5,1012.8,33.9,6.9,218.14375,18.8625,23317,65051,0,31.1,21.8,26.3,36.7,21.8,28.2,23.3
Chaguanas,2007-01-20,85.8,0.0,15.0,60.4,1013.7,43.8,7.1,228.18125,19.68125,23325,65080,0,30.3,23.1,26.3,36.3,23.1,28.5,23.6
Chaguanas,2007-01-21,81.8,0.0,16.1,63.1,1014.5,32.5,7.1,219.76874999999998,18.98125,23331,65108,0,31.1,23.1,26.4,34.7,23.1,27.7,22.7
Chaguanas,2007-01-22,83.6,0.0,13.9,66.4,1013.5,57.5,7.8,214.3375,18.49375,23337,65136,0,31.1,22.1,26.3,35.9,22.1,28.2,23.2
Chaguanas,2007-01-23,88.0,0.0,16.1,66.9,1012.8,62.7,7.8,221.075,19.05,23341,65163,0,31.1,23.8,26.2,35.6,23.8,27.9,23.9
Chaguanas,2007-01-24,85.0,0.0,16.1,67.7,1013.3,43.2,7.9,232.95625,20.1125,23345,65190,0,31.1,22.3,26.0,34.9,22.3,27.5,22.9
Chaguanas,2007-01-25,85.6,0.0,17.2,76.4,1013.5,33.6,8.6,232.93125,20.14375,23347,65216,0,31.1,19.8,25.1,35.6,19.8,26.5,22.2
Chaguanas,2007-01-26,84.1,0.0,13.9,81.0,1013.7,46.8,7.9,228.25625,19.68125,23348,65242,0,30.2,21.8,26.1,34.4,21.8,27.7,22.9
Chaguanas,2007-01-27,87.2,0.0,13.9,75.7,1014.9,57.9,8.7,218.59375,18.825,23348,65267,0,30.7,23.1,25.4,34.7,23.1,26.2,22.8
Chaguanas,2007-01-28,84.1,0.0,16.1,74.0,1015.6,66.4,9.0,222.40625,19.1875,23348,65292,0,31.1,21.1,25.3,34.7,21.1,26.5,22.1
Chaguanas,2007-01-29,79.1,0.0,17.2,72.1,1015.4,32.9,8.0,217.64375,18.7625,23346,65315,0,30.2,21.8,25.6,32.0,21.8,26.4,21.2
Chaguanas,2007-01-30,75.6,0.0,11.4,80.7,1014.9,34.3,8.3,228.8625,19.75625,23343,65339,0,30.6,20.1,25.5,32.1,20.1,26.2,20.3
Chaguanas,2007-01-31,77.5,0.0,15.0,72.9,1014.5,40.8,7.9,237.98125,20.50625,23339,65362,0,30.7,20.1,25.1,33.1,20.1,25.9,20.4
Chaguanas,2007-02-01,77.9,0.0,17.2,88.0,1014.9,50.0,8.7,237.2125,20.45625,23334,65384,0,31.1,20.1,25.2,33.1,20.1,25.9,20.8
Chaguanas,2007-02-02,83.6,1.2953999999999999,18.3,71.1,1015.2,70.4,6.9,237.0625,20.425,23328,65405,1,29.7,21.1,24.6,32.8,21.1,25.3,21.4
Chaguanas,2007-02-03,87.3,4.9784,19.5,73.1,1015.7,57.0,6.9,233.1,20.08125,23321,65426,1,29.1,22.1,24.8,32.1,22.1,25.4,22.3
Chaguanas,2007-02-04,74.6,0.0,20.8,77.3,1014.9,30.0,8.8,230.4875,19.83125,23313,65446,0,30.1,21.6,25.7,31.4,21.6,26.2,20.3
Chaguanas,2007-02-05,81.1,0.0,17.2,78.4,1015.5,43.8,7.6,222.24375,19.1875,23304,65466,0,30.1,20.1,24.8,32.7,20.1,25.5,21.0
Chaguanas,2007-02-06,78.7,0.3048,16.1,75.4,1015.7,57.9,7.8,225.9875,19.46875,23294,65485,1,29.2,22.1,24.9,31.4,22.1,25.7,20.8
Chaguanas,2007-02-07,78.2,0.3048,16.1,63.2,1015.1,56.7,8.3,236.61249999999998,20.41875,23283,65503,1,31.1,21.1,25.1,33.1,21.1,25.6,20.6
Chaguanas,2007-02-08,75.9,0.0,16.1,88.3,1014.8,47.8,8.1,235.925,20.3625,23271,65521,0,31.1,20.3,25.5,32.5,20.3,26.1,20.3
Chaguanas,2007-02-09,82.4,0.508,15.0,70.4,1014.9,60.4,7.1,242.71875,20.975,23258,65538,1,30.1,21.1,24.9,32.1,21.1,25.8,21.4
Chaguanas,2007-02-10,76.2,0.0,16.1,72.6,1015.6,33.3,8.3,237.66875000000002,20.51875,23244,65554,0,31.3,21.1,25.9,33.8,21.1,26.9,21.0
Chaguanas,2007-02-11,76.9,0.0,17.2,75.7,1015.7,41.7,8.1,243.94375,21.0875,23229,65570,0,31.2,22.1,26.4,34.7,22.1,27.4,21.6
Chaguanas,2007-02-12,79.1,0.0,21.9,66.0,1014.6,39.1,8.7,236.78125,20.39375,23213,65585,0,30.3,22.1,25.9,33.2,22.1,26.9,21.7
Chaguanas,2007-02-13,72.8,0.0,20.8,62.3,1013.4,39.6,8.8,247.45625,21.375,23197,65599,0,31.3,23.1,26.3,32.5,23.1,26.8,20.6
Chaguanas,2007-02-14,77.4,0.0,16.1,82.8,1013.1,33.3,7.1,228.31875,19.73125,23179,65613,0,31.1,20.1,25.5,33.1,20.1,26.4,20.7
Chaguanas,2007-02-15,76.0,0.0,17.2,77.9,1013.1,47.4,8.2,245.60625000000002,21.25,23161,65627,0,30.3,23.1,26.5,32.9,23.1,27.6,21.7
Chaguanas,2007-02-16,77.1,1.4986,18.3,73.6,1012.6,48.3,7.7,247.9875,21.41875,23141,65639,1,30.8,22.1,26.2,33.8,22.1,27.1,21.7
Chaguanas,2007-02-17,70.9,0.0,16.1,69.6,1013.4,58.6,7.7,241.34375,20.8625,23121,65651,0,31.2,23.8,27.0,33.8,23.8,27.9,21.0
Chaguanas,2007-02-18,74.4,0.0,13.9,79.5,1013.8,39.0,7.3,244.2625,21.125,23100,65663,0,31.7,19.8,24.9,31.3,19.8,25.2,19.3
Chaguanas,2007-02-19,85.1,18.008599999999998,12.8,65.2,1013.9,57.0,7.4,246.68125,21.35,23079,65673,1,30.1,19.1,24.0,32.1,19.1,24.4,21.1
Chaguanas,2007-02-20,81.6,0.508,16.1,79.4,1013.4,50.8,8.7,253.7125,21.93125,23056,65684,1,30.1,21.1,24.8,32.0,21.1,25.4,21.1
Chaguanas,2007-02-21,77.5,0.0,16.1,78.7,1012.7,41.3,8.1,257.3875,22.21875,23033,65693,0,31.1,20.1,24.9,33.1,20.1,25.6,20.3
Chaguanas,2007-02-22,72.4,0.0,15.0,78.5,1013.6,33.2,8.4,237.5375,20.53125,23009,65703,0,31.1,20.1,25.4,31.4,20.1,25.8,19.4
Chaguanas,2007-02-23,78.7,0.0,12.8,88.7,1013.5,41.3,8.2,244.85625,21.15625,22984,65711,0,31.1,21.7,25.8,33.1,21.7,26.8,21.4
Chaguanas,2007-02-24,77.4,0.0,15.0,90.0,1013.5,72.5,7.4,238.98125,20.6375,22959,65719,0,31.1,24.6,27.2,34.7,24.6,28.7,22.7
Chaguanas,2007-02-25,77.2,0.0,16.1,80.9,1014.2,61.7,7.7,247.4375,21.43125,22933,65727,0,32.1,24.1,26.9,35.0,24.1,28.1,22.3
Chaguanas,2007-02-26,77.6,0.0,17.2,84.9,1014.8,62.5,7.4,257.125,22.19375,22906,65734,0,31.1,23.1,26.4,35.7,23.1,27.5,21.8
Chaguanas,2007-02-27,76.9,2.9972,17.2,77.4,1014.3,52.9,7.2,247.29375,21.375,22879,65740,1,30.2,22.1,26.0,32.7,22.1,26.9,21.3
Chaguanas,2007-02-28,78.5,0.0,15.0,80.3,1012.3,52.0,6.4,259.675,22.4625,22851,65746,0,31.1,21.2,25.5,33.1,21.2,26.1,20.8
Chaguanas,2007-03-01,78.5,0.9905999999999999,29.1,83.4,1012.0,59.5,7.7,255.96875,22.09375,22822,65752,1,31.1,21.6,25.8,33.8,21.6,26.9,21.5
Chaguanas,2007-03-02,77.6,0.0,23.0,71.5,1011.9,64.6,6.7,252.43125,21.81875,22793,65757,0,31.1,24.1,26.6,34.7,24.1,27.8,22.2
Chaguanas,2007-03-03,71.6,0.0,18.3,67.9,1012.4,53.8,7.7,261.51875,22.63125,22763,65762,0,31.3,22.1,26.2,32.5,22.1,26.7,20.0
Chaguanas,2007-03-04,72.5,0.0,15.0,86.8,1012.6,52.9,7.0,247.98125,21.43125,22733,65766,0,32.1,22.1,26.4,34.3,22.1,27.2,20.6
Chaguanas,2007-03-05,70.1,0.0,18.3,82.7,1013.3,72.9,7.0,251.1125,21.625,22702,65770,0,31.2,25.1,27.7,34.1,25.1,28.9,21.4
Chaguanas,2007-03-06,70.3,0.0,16.1,85.4,1014.8,31.7,6.5,257.06875,22.21875,22671,65774,0,32.1,22.7,26.5,32.1,22.7,26.8,19.9
Chaguanas,2007-03-07,71.7,0.0,20.8,72.0,1015.3,35.8,6.2,257.025,22.20625,22639,65777,0,31.1,23.3,27.0,33.3,23.3,27.9,21.1
Chaguanas,2007-03-08,75.4,0.7874,18.3,71.0,1014.5,77.0,5.5,259.43125,22.41875,22607,65780,1,31.1,25.1,26.9,33.8,25.1,28.0,22.0
Chaguanas,2007-03-09,73.6,0.0,15.0,81.2,1013.9,55.4,5.9,259.66875,22.43125,22575,65782,0,32.1,24.1,27.1,35.0,24.1,28.3,21.7
Chaguanas,2007-03-10,72.2,0.0,17.2,79.6,1014.0,51.7,5.9,244.58125,21.14375,22542,65784,0,32.1,23.1,26.6,33.6,23.1,27.3,20.7
Chaguanas,2007-03-11,74.6,0.0,18.3,83.4,1013.3,41.3,6.9,247.13750000000002,21.3375,22509,65786,0,31.1,20.1,25.6,32.3,20.1,26.2,20.3
Chaguanas,2007-03-12,85.9,7.112,16.1,81.6,1013.0,64.6,5.8,257.76875,22.24375,22475,65788,1,30.1,22.1,25.2,34.3,22.1,26.2,22.6
Chaguanas,2007-03-13,72.8,0.0,16.1,79.2,1013.6,58.8,6.9,259.16875,22.4,22441,65789,0,31.1,24.1,26.9,32.7,24.1,27.8,21.3
Chaguanas,2007-03-14,73.1,0.0,13.9,78.4,1013.4,75.0,7.6,259.6625,22.41875,22407,65790,0,32.1,21.1,26.2,33.6,21.1,26.9,20.5
Chaguanas,2007-03-15,76.4,0.0,13.9,82.5,1013.0,82.5,7.8,249.7,21.5375,22373,65791,0,32.1,20.8,25.8,34.3,20.8,26.8,20.9
Chaguanas,2007-03-16,72.2,0.0,15.0,83.3,1013.4,65.0,5.3,255.29375,22.03125,22338,65792,0,31.1,22.6,26.7,33.1,22.6,27.4,20.8
Chaguanas,2007-03-17,71.1,0.0,18.3,82.6,1013.8,69.6,4.5,280.08125,24.14375,22303,65792,0,31.1,23.2,26.8,33.1,23.2,27.8,20.8
Chaguanas,2007-03-18,71.3,0.0,16.1,76.5,1013.9,73.3,7.9,276.58125,23.85625,22268,65793,0,32.1,22.1,26.7,33.6,22.1,27.5,20.6
Chaguanas,2007-03-19,75.4,0.0,17.2,71.3,1014.9,86.8,8.0,268.6375,23.18125,22233,65793,0,30.1,23.1,26.4,32.7,23.1,27.4,21.5
Chaguanas,2007-03-20,72.0,0.0,17.2,76.2,1014.3,87.1,7.7,267.8625,23.10625,22197,65793,0,31.6,23.8,27.0,33.9,23.8,27.9,21.2
Chaguanas,2007-03-21,81.1,1.778,13.9,74.7,1013.2,72.1,7.0,261.53125,22.60625,22162,65793,1,30.1,22.1,25.6,32.4,22.1,26.3,21.9
Chaguanas,2007-03-22,78.0,0.0,31.3,67.2,1011.7,59.6,7.4,265.6375,22.91875,22126,65792,0,30.1,22.1,25.8,32.7,22.1,26.7,21.3
Chaguanas,2007-03-23,74.8,2.9972,16.1,80.2,1011.7,64.2,8.3,261.8125,22.625,22091,65792,1,31.1,22.1,26.3,33.4,22.1,27.2,21.1
Chaguanas,2007-03-24,86.6,1.778,16.1,76.7,1012.3,78.8,7.4,275.90625,23.825,22055,65792,1,29.1,23.8,25.4,32.8,23.8,26.2,22.9
Chaguanas,2007-03-25,89.1,3.302,12.8,72.9,1011.8,82.9,6.2,268.4,23.15,22019,65791,1,27.3,23.7,25.2,30.2,23.7,25.5,23.3
Chaguanas,2007-03-26,84.7,7.112,9.2,82.2,1011.6,88.8,7.2,265.40625,22.89375,21983,65791,1,29.1,24.1,26.0,32.1,24.1,27.1,23.1
Chaguanas,2007-03-27,92.9,5.08,11.4,89.1,1011.7,92.1,6.4,273.1875,23.6125,21947,65790,1,28.1,23.1,24.9,32.1,23.1,25.1,23.7
Chaguanas,2007-03-28,77.0,2.794,13.9,90.0,1010.9,75.9,9.0,272.39375,23.525,21912,65790,1,32.1,24.1,27.2,35.0,24.1,28.7,22.4
Chaguanas,2007-03-29,79.2,0.0,15.0,77.2,1010.3,83.5,8.6,268.0625,23.15,21876,65789,0,33.1,22.3,27.3,38.2,22.3,29.6,23.1
Chaguanas,2007-03-30,79.7,0.0,11.4,75.2,1010.1,90.0,8.7,270.40625,23.34375,21840,65789,0,30.1,24.1,27.1,34.3,24.1,28.9,23.1
Chaguanas,2007-03-31,77.3,0.0,11.4,74.0,1010.7,87.9,8.2,251.825,21.79375,21805,65788,0,32.1,22.7,27.2,35.9,22.7,29.0,22.6
Chaguanas,2007-04-01,71.2,0.0,16.1,60.1,1012.4,50.4,9.0,265.15625,22.95,21769,65788,0,32.7,22.1,27.5,33.8,22.1,28.4,21.1
Chaguanas,2007-04-02,75.6,0.0,18.3,77.5,1012.5,73.8,7.2,265.575,22.93125,21734,65788,0,32.1,23.1,27.3,35.9,23.1,29.1,22.3
Chaguanas,2007-04-03,75.6,0.0,16.1,79.9,1012.2,80.0,7.1,269.6125,23.275,21699,65787,0,32.3,24.1,27.4,34.7,24.1,28.7,22.2
Chaguanas,2007-04-04,74.7,0.0,13.9,73.3,1011.5,90.0,7.2,272.5625,23.55625,21664,65787,0,31.1,23.1,26.9,33.8,23.1,28.2,21.7
Chaguanas,2007-04-05,75.7,0.0,15.0,79.2,1011.6,73.3,7.3,268.46875,23.2,21630,65787,0,32.2,22.7,27.2,35.2,22.7,28.6,22.0
Chaguanas,2007-04-06,82.4,13.9954,16.1,81.4,1012.6,67.0,7.7,260.45625,22.5,21595,65787,1,30.2,23.8,26.6,34.4,23.8,28.2,23.2
Chaguanas,2007-04-07,76.7,0.0,17.2,56.5,1014.0,76.1,7.6,268.21875,23.1625,21561,65788,0,31.1,24.1,27.3,33.9,24.1,28.9,22.6
Chaguanas,2007-04-08,75.7,0.0,18.3,58.0,1014.8,70.0,7.2,265.01875,22.9125,21527,65788,0,32.1,24.8,27.7,36.9,24.8,29.4,22.8
Chaguanas,2007-04-09,74.1,0.0,19.5,41.7,1014.5,43.6,7.6,270.33125,23.34375,21493,65789,0,32.1,24.1,27.6,35.0,24.1,29.1,22.2
Chaguanas,2007-04-10,77.1,0.0,16.1,87.1,1013.9,67.4,6.6,268.3,23.21875,21460,65790,0,32.1,23.1,27.1,35.9,23.1,28.6,22.4
Chaguanas,2007-04-11,68.7,0.0,16.1,81.1,1014.0,53.0,7.3,273.4625,23.575,21427,65791,0,32.3,23.1,28.3,35.0,23.1,29.8,21.6
Chaguanas,2007-04-12,74.1,0.0,16.1,84.8,1014.4,69.2,7.9,265.35625,22.88125,21395,65792,0,32.1,24.1,27.8,35.9,24.1,29.4,22.4
Chaguanas,2007-04-13,72.2,0.0,13.9,82.9,1013.5,40.8,7.3,262.10625,22.6375,21362,65794,0,33.1,23.1,27.6,35.0,23.1,28.8,21.6
Chaguanas,2007-04-14,69.4,59.8932,17.2,81.9,1012.7,33.5,6.8,248.95,21.5125,21331,65796,1,33.1,22.6,27.7,35.4,22.6,28.6,20.9
Chaguanas,2007-04-15,73.6,0.0,16.1,83.8,1013.4,71.3,6.3,248.51875,21.40625,21299,65798,0,32.3,22.7,27.3,35.1,22.7,28.7,21.7
Chaguanas,2007-04-16,79.3,0.0,16.1,85.5,1013.2,72.2,7.1,261.5125,22.61875,21268,65800,0,31.1,25.1,27.3,35.6,25.1,29.3,23.3
Chaguanas,2007-04-17,76.5,1.4986,12.8,92.9,1011.3,82.9,7.5,257.4875,22.2375,21238,65803,1,33.1,24.1,27.8,37.2,24.1,29.5,22.9
Chaguanas,2007-04-18,73.5,0.0,16.1,93.8,1010.0,49.6,7.4,265.80625,22.98125,21208,65806,0,33.1,24.8,28.1,37.2,24.8,29.9,22.6
Chaguanas,2007-04-19,75.2,0.0,16.1,100.4,1010.6,75.0,6.3,252.24375,21.7875,21178,65809,0,33.1,24.1,27.9,36.7,24.1,29.6,22.7
Chaguanas,2007-04-20,76.8,0.0,13.9,96.3,1011.7,90.0,5.7,249.2125,21.53125,21149,65812,0,33.1,24.1,28.1,37.2,24.1,30.2,23.1
Chaguanas,2007-04-21,72.4,0.0,16.1,89.7,1012.5,73.3,7.1,254.03125,21.96875,21120,65816,0,33.2,24.7,28.3,36.3,24.7,29.9,22.4
Chaguanas,2007-04-22,72.8,0.0,13.9,96.5,1013.1,60.4,7.8,262.1875,22.64375,21092,65820,0,33.1,23.7,27.8,35.7,23.7,29.1,21.9
Chaguanas,2007-04-23,72.2,0.0,16.1,79.9,1013.5,72.1,7.3,258.925,22.4125,21065,65825,0,33.1,22.1,27.7,35.4,22.1,29.0,21.6
Chaguanas,2007-04-24,71.6,0.0,16.1,76.3,1013.4,77.5,7.6,257.925,22.25625,21038,65830,0,32.1,25.1,28.3,35.0,25.1,30.2,22.4
Chaguanas,2007-04-25,74.2,0.0,17.2,73.0,1013.0,52.5,7.0,256.63125,22.1375,21012,65835,0,32.1,24.1,27.4,35.9,24.1,29.1,22.2
Chaguanas,2007-04-26,69.4,2.9972,16.1,84.4,1012.6,57.8,9.2,263.58125,22.76875,20986,65841,1,33.1,23.1,27.3,33.6,23.1,27.7,20.2
Chaguanas,2007-04-27,74.5,0.9905999999999999,20.8,79.0,1013.0,66.3,8.8,250.24375,21.5875,20961,65846,1,31.1,23.8,26.8,33.4,23.8,28.1,21.7
Chaguanas,2007-04-28,69.3,0.0,18.6,89.5,1013.9,51.7,9.1,263.5875,22.7875,20936,65853,0,32.2,22.1,27.3,33.8,22.1,28.2,20.6
Chaguanas,2007-04-29,70.3,0.0,16.1,86.6,1013.7,70.8,8.0,238.16666666666666,20.540000000000003,20913,65859,0,33.1,22.8,27.4,35.4,22.8,28.6,21.1
Chaguanas,2007-04-30,71.7,0.0,15.0,90.6,1012.7,79.6,7.5,257.8666666666667,22.206666666666667,20890,65866,0,31.8,23.7,27.6,35.1,23.7,29.0,21.7
Chaguanas,2007-05-01,69.5,0.0,17.2,83.4,1012.4,54.2,8.1,247.73999999999998,21.413333333333334,20867,65874,0,33.1,24.1,27.8,35.4,24.1,28.9,21.2
Chaguanas,2007-05-02,67.6,0.0,21.9,74.5,1012.7,55.7,7.6,234.01333333333332,20.2,20845,65882,0,33.1,24.7,28.1,35.4,24.7,29.3,21.1
Chaguanas,2007-05-03,70.4,0.3048,18.3,74.1,1012.7,57.5,8.5,231.70666666666665,19.966666666666665,20824,65890,1,32.1,23.8,27.6,34.3,23.8,28.6,21.2
Chaguanas,2007-05-04,78.9,0.0,13.9,86.4,1012.0,73.3,8.6,241.07999999999998,20.80666666666667,20804,65898,0,33.1,24.1,26.8,36.2,24.1,28.1,22.6
Chaguanas,2007-05-05,71.7,0.7874,15.0,87.0,1010.6,57.9,7.9,264.29333333333335,22.793333333333333,20784,65907,1,33.1,25.1,28.4,36.2,25.1,29.9,22.2
Chaguanas,2007-05-06,73.2,0.0,13.9,90.3,1010.2,67.5,7.8,262.11333333333334,22.613333333333333,20765,65916,0,34.1,25.1,28.7,38.4,25.1,31.1,22.9
Chaguanas,2007-05-07,72.5,0.0,15.0,87.3,1010.4,54.2,7.9,264.64666666666665,22.826666666666664,20747,65926,0,34.1,25.1,28.7,38.4,25.1,30.8,22.8
Chaguanas,2007-05-08,70.7,0.0,17.2,94.8,1011.5,75.0,6.1,235.8,20.346666666666668,20730,65936,0,33.1,25.7,28.7,36.7,25.7,30.9,22.6
Chaguanas,2007-05-09,73.4,0.0,16.1,81.5,1012.6,75.8,8.3,250.46666666666667,21.66,20713,65947,0,32.7,24.6,28.1,36.7,24.6,30.1,22.6
Chaguanas,2007-05-10,68.4,0.0,13.9,95.2,1012.7,63.9,8.1,248.47333333333333,21.446666666666665,20697,65957,0,34.1,22.7,28.2,35.8,22.7,29.3,21.0
Chaguanas,2007-05-11,73.6,0.0,16.1,87.7,1013.4,41.3,8.3,268.72,23.173333333333336,20682,65969,0,35.1,23.7,28.6,38.7,23.7,30.9,22.8
Chaguanas,2007-05-12,72.5,0.0,13.9,90.5,1014.3,40.8,7.0,257.70666666666665,22.253333333333334,20668,65980,0,34.1,25.8,28.9,37.6,25.8,31.2,23.0
Chaguanas,2007-05-13,73.1,0.0,18.3,70.9,1014.0,38.3,7.1,262.8666666666667,22.740000000000002,20655,65992,0,33.3,25.1,28.8,37.7,25.1,31.3,23.1
Chaguanas,2007-05-14,72.0,0.0,17.2,80.7,1013.6,58.3,6.5,232.56666666666666,20.040000000000003,20642,66004,0,33.1,26.1,29.2,38.2,26.1,32.4,23.3
Chaguanas,2007-05-15,71.4,0.0,18.3,70.6,1013.3,83.8,3.3,233.01333333333332,20.086666666666666,20630,66017,0,33.1,25.8,28.8,37.2,25.8,31.1,22.7
Chaguanas,2007-05-16,67.6,0.0,18.3,76.6,1012.4,55.8,4.9,243.88666666666668,21.046666666666667,20619,66030,0,33.1,24.1,28.3,35.5,24.1,29.8,21.3
Chaguanas,2007-05-17,70.1,0.0,17.2,69.1,1012.2,67.1,5.9,252.86,21.813333333333333,20608,66043,0,33.1,25.8,28.9,37.2,25.8,31.7,22.7
Chaguanas,2007-05-18,70.6,0.0,17.2,70.0,1013.1,84.6,4.3,246.94,21.3,20599,66056,0,33.1,26.1,28.9,37.2,26.1,32.1,22.8
Chaguanas,2007-05-19,67.8,0.0,17.2,65.4,1013.8,86.7,4.6,241.22,20.853333333333335,20590,66070,0,33.1,25.1,28.7,36.9,25.1,30.4,21.8
Chaguanas,2007-05-20,69.8,0.0,18.3,70.3,1013.2,58.3,6.6,253.73999999999998,21.90666666666667,20582,66084,0,33.1,23.7,27.8,34.7,23.7,28.8,21.2
Chaguanas,2007-05-21,70.6,0.0,16.1,85.7,1012.3,42.5,7.5,238.2,20.546666666666667,20575,66099,0,33.2,22.7,27.9,36.2,22.7,29.4,21.5
Chaguanas,2007-05-22,75.6,0.0,17.2,92.8,1011.7,57.1,7.1,227.32666666666668,19.613333333333333,20569,66113,0,32.1,23.3,27.5,35.9,23.3,29.3,22.5
Chaguanas,2007-05-23,79.1,0.3048,15.0,89.9,1011.0,54.3,8.0,229.28666666666666,19.8,20563,66128,1,33.1,24.1,27.7,36.7,24.1,30.0,23.3
Chaguanas,2007-05-24,82.1,0.508,16.1,83.3,1011.7,66.7,7.4,246.92666666666668,21.32,20559,66143,1,31.1,24.8,27.8,37.9,24.8,30.5,24.3
Chaguanas,2007-05-25,73.7,0.3048,15.0,93.3,1012.0,69.2,6.7,236.34,20.386666666666667,20555,66159,1,33.1,25.1,28.7,36.2,25.1,31.2,23.1
Chaguanas,2007-05-26,73.3,0.0,15.0,80.1,1012.2,90.0,7.5,217.10666666666665,18.71333333333333,20551,66174,0,34.1,25.1,28.8,37.4,25.1,30.9,23.0
Chaguanas,2007-05-27,70.4,0.0,16.1,79.9,1012.3,50.4,7.7,220.18666666666664,19.040000000000003,20549,66190,0,34.1,25.1,29.1,37.4,25.1,31.5,22.7
Chaguanas,2007-05-28,92.9,31.0134,12.8,74.4,1012.9,78.3,5.9,215.73999999999998,18.633333333333333,20548,66206,1,29.1,24.1,25.7,34.7,24.1,26.6,24.4
Chaguanas,2007-05-29,77.7,0.0,12.8,93.4,1012.7,84.8,9.6,199.63333333333333,17.220000000000002,20547,66222,0,33.1,24.7,28.3,40.6,24.7,30.8,23.7
Chaguanas,2007-05-30,82.7,16.9926,15.0,93.1,1013.3,77.9,6.9,209.70666666666665,18.10666666666667,20547,66238,1,32.1,24.1,27.6,38.1,24.1,30.4,24.2
Chaguanas,2007-05-31,81.8,0.0,17.2,76.0,1013.0,64.6,7.4,212.6,18.4,20547,66254,0,33.1,24.1,27.7,38.2,24.1,29.7,23.9
Chaguanas,2007-06-01,92.1,48.513999999999996,13.9,79.6,1013.4,80.4,5.8,214.44,18.506666666666668,20549,66270,1,30.1,24.1,26.1,37.6,24.1,27.4,24.7
Chaguanas,2007-06-02,91.5,13.9954,12.8,80.6,1013.8,73.3,7.2,216.22666666666666,18.68,20551,66287,1,28.2,24.1,25.7,32.8,24.1,26.6,24.2
Chaguanas,2007-06-03,89.8,16.9672,16.1,79.8,1014.4,73.3,6.2,231.82000000000002,20.0,20554,66303,1,30.1,24.3,26.3,35.2,24.3,27.7,24.4
Chaguanas,2007-06-04,89.5,6.400799999999999,15.0,75.9,1016.5,76.3,6.1,219.78666666666666,18.98,20557,66320,1,30.2,24.1,26.0,36.1,24.1,27.2,24.0
Chaguanas,2007-06-05,79.2,0.0,17.2,71.8,1015.5,45.0,7.2,191.91333333333333,16.533333333333335,20561,66336,0,31.3,23.1,27.1,35.6,23.1,28.9,22.8
Chaguanas,2007-06-06,77.0,0.0,17.2,65.8,1013.7,63.3,8.3,201.88666666666668,17.453333333333333,20566,66352,0,32.1,24.1,27.4,35.9,24.1,28.8,22.6
Chaguanas,2007-06-07,90.3,23.875999999999998,13.9,69.6,1012.3,85.0,6.1,220.2866666666667,18.98,20572,66369,1,30.1,23.1,26.2,35.2,23.1,27.8,24.4
Chaguanas,2007-06-08,77.8,0.0,11.4,86.6,1011.6,79.6,9.1,216.25333333333336,18.686666666666667,20578,66385,0,32.2,24.8,28.0,36.1,24.8,30.0,23.4
Chaguanas,2007-06-09,82.1,2.0065999999999997,12.8,82.8,1011.5,80.0,8.1,226.53333333333333,19.506666666666668,20585,66401,1,31.1,24.3,27.4,36.7,24.3,29.7,23.9
Chaguanas,2007-06-10,88.7,2.9972,16.1,86.2,1012.8,83.3,6.8,214.48666666666668,18.493333333333332,20592,66417,1,31.2,24.1,26.0,36.1,24.1,27.0,23.9
Chaguanas,2007-06-11,77.4,0.0,16.1,75.8,1013.4,53.8,7.4,213.72,18.426666666666666,20600,66433,0,31.1,24.1,27.3,34.7,24.1,28.9,22.7
Chaguanas,2007-06-12,78.0,0.0,17.2,68.1,1012.6,39.1,7.9,225.53333333333333,19.433333333333334,20609,66449,0,32.1,23.1,27.2,35.2,23.1,28.7,22.6
Chaguanas,2007-06-13,89.2,6.604,15.0,72.9,1011.5,77.5,7.0,202.34,17.433333333333334,20618,66465,1,30.1,24.1,26.4,35.2,24.1,28.1,24.4
Chaguanas,2007-06-14,90.5,17.0942,16.1,72.4,1012.3,77.5,6.6,226.63333333333333,19.533333333333335,20628,66480,1,27.1,23.1,25.6,30.8,23.1,26.2,23.8
Chaguanas,2007-06-15,77.0,0.0,16.1,71.1,1013.4,63.8,7.3,193.14666666666665,16.666666666666668,20638,66495,0,31.6,25.1,27.9,35.8,25.1,29.9,23.3
Chaguanas,2007-06-16,80.9,3.9878,16.1,75.7,1013.7,54.2,7.3,209.57333333333332,18.073333333333334,20648,66510,1,31.1,24.1,26.7,34.7,24.1,28.2,22.9
Chaguanas,2007-06-17,82.6,2.794,17.2,71.0,1013.5,80.4,8.1,204.21999999999997,17.626666666666665,20659,66525,1,30.8,23.3,26.7,35.2,23.3,28.4,23.3
Chaguanas,2007-06-18,84.1,7.899399999999999,16.1,87.6,1013.6,83.8,7.2,192.30666666666667,16.593333333333334,20671,66539,1,31.1,23.8,26.7,36.7,23.8,28.2,23.6
Chaguanas,2007-06-19,81.7,0.7874,11.4,84.9,1013.9,70.8,8.5,193.28,16.7,20683,66553,1,32.1,24.6,27.7,38.1,24.6,29.8,23.9
Chaguanas,2007-06-20,81.5,1.4986,13.9,68.9,1014.2,60.0,7.8,193.84666666666666,16.733333333333334,20695,66566,1,31.2,24.8,27.6,36.3,24.8,30.1,23.9
Chaguanas,2007-06-21,76.4,0.0,17.2,71.2,1014.3,41.3,7.5,208.22,18.013333333333332,20708,66580,0,32.1,25.1,27.9,35.9,25.1,30.1,23.2
Chaguanas,2007-06-22,70.6,0.0,18.3,69.9,1012.8,54.8,8.3,220.51333333333332,19.040000000000003,20721,66592,0,32.2,25.6,28.3,35.9,25.6,29.9,22.2
Chaguanas,2007-06-23,74.2,0.9905999999999999,16.1,74.4,1011.8,53.8,8.2,205.09333333333333,17.69333333333333,20734,66605,1,32.1,24.1,27.6,35.0,24.1,29.3,22.3
Chaguanas,2007-06-24,81.2,10.8966,17.2,70.3,1012.6,75.0,7.8,210.9466666666667,18.206666666666667,20748,66617,1,32.1,25.1,27.4,36.9,25.1,29.2,23.7
Chaguanas,2007-06-25,91.3,19.1008,11.4,88.8,1014.7,88.3,6.8,212.03333333333333,18.273333333333333,20762,66628,1,29.1,23.1,25.4,34.7,23.1,26.1,23.9
Chaguanas,2007-06-26,82.4,0.0,16.1,85.3,1014.2,54.6,6.4,221.05333333333334,19.09333333333333,20776,66639,0,32.1,23.8,27.2,36.9,23.8,29.3,23.7
Chaguanas,2007-06-27,76.2,0.3048,13.9,87.8,1013.1,37.5,8.1,214.66666666666666,18.526666666666664,20791,66649,1,31.6,24.1,27.5,34.4,24.1,29.0,22.6
Chaguanas,2007-06-28,87.8,21.1074,17.2,78.9,1014.3,80.0,6.9,210.45333333333335,18.12,20806,66659,1,30.1,24.1,25.9,35.2,24.1,27.0,23.7
Chaguanas,2007-06-29,82.0,4.0893999999999995,12.8,80.0,1015.0,69.2,7.8,195.68666666666667,16.88,20820,66668,1,31.1,24.1,27.2,35.6,24.1,29.2,23.6
Chaguanas,2007-06-30,84.4,2.0065999999999997,13.9,80.8,1015.6,67.4,7.3,187.88,16.206666666666667,20836,66677,1,30.1,24.1,26.9,36.3,24.1,29.2,23.9
Chaguanas,2007-07-01,80.9,2.0065999999999997,13.9,79.0,1016.9,67.9,7.4,182.46,15.726666666666667,20851,66685,1,31.2,25.1,27.8,36.3,25.1,30.3,23.9
Chaguanas,2007-07-02,74.5,0.0,12.8,69.2,1016.6,77.1,6.5,225.76000000000002,19.459999999999997,20866,66693,0,31.3,24.2,27.6,33.8,24.2,29.2,22.3
Chaguanas,2007-07-03,77.4,0.508,10.3,77.8,1015.3,50.0,7.3,227.79333333333335,19.686666666666667,20881,66699,1,31.7,23.1,26.7,34.3,23.1,28.0,22.1
Chaguanas,2007-07-04,81.8,3.5052000000000003,16.1,71.6,1014.1,55.5,6.8,206.75333333333336,17.84,20897,66706,1,32.1,23.8,27.2,36.9,23.8,29.4,23.6
Chaguanas,2007-07-05,93.1,32.004,15.0,67.7,1014.4,82.1,5.8,207.7133333333333,17.926666666666666,20912,66711,1,29.2,23.8,25.2,33.7,23.8,25.6,23.9
Chaguanas,2007-07-06,78.1,15.290799999999999,18.3,70.8,1013.9,68.3,7.3,195.76666666666668,16.893333333333334,20928,66716,1,32.1,24.1,27.4,36.9,24.1,29.3,23.1
Chaguanas,2007-07-07,88.0,16.7894,17.2,72.7,1012.5,86.7,7.0,229.92666666666668,19.853333333333335,20943,66720,1,31.3,24.1,26.3,36.8,24.1,27.5,24.0
Chaguanas,2007-07-08,78.5,0.0,18.3,74.9,1012.2,52.9,7.6,211.62666666666667,18.240000000000002,20958,66723,0,31.1,24.1,27.4,36.2,24.1,29.3,23.1
Chaguanas,2007-07-09,87.6,12.420599999999999,15.0,81.8,1013.4,81.7,6.7,195.68666666666667,16.84,20974,66726,1,29.7,24.1,26.2,35.4,24.1,27.2,23.9
Chaguanas,2007-07-10,77.6,0.0,16.1,67.0,1014.0,59.6,8.1,207.02666666666667,17.853333333333335,20989,66728,0,32.1,24.7,27.5,35.9,24.7,29.2,22.9
Chaguanas,2007-07-11,84.1,10.8966,18.3,75.1,1013.0,55.2,6.2,211.59333333333333,18.246666666666666,21004,66729,1,30.8,24.1,26.8,36.9,24.1,28.7,23.8
Chaguanas,2007-07-12,90.7,11.176,16.1,75.5,1013.8,85.0,5.9,198.24666666666664,17.086666666666666,21019,66729,1,31.1,24.1,26.1,36.7,24.1,27.4,24.3
Chaguanas,2007-07-13,78.8,2.0065999999999997,16.1,72.5,1013.8,57.0,7.1,203.84,17.6,21034,66729,1,31.2,24.6,27.5,35.6,24.6,29.4,23.2
Chaguanas,2007-07-14,78.2,0.0,12.8,76.6,1013.3,80.4,7.7,209.78,18.113333333333333,21049,66728,0,32.1,23.1,27.2,35.9,23.1,28.9,22.7
Chaguanas,2007-07-15,78.6,0.0,11.4,88.6,1013.3,90.0,8.0,194.45333333333335,16.826666666666668,21064,66726,0,32.1,24.7,28.3,38.1,24.7,30.9,23.9
Chaguanas,2007-07-16,77.1,0.9905999999999999,18.3,68.8,1012.6,82.1,7.6,216.06,18.586666666666666,21078,66723,1,32.1,24.8,27.9,38.1,24.8,30.4,23.4
Chaguanas,2007-07-17,73.7,0.0,15.0,65.0,1012.4,66.7,7.1,202.02,17.433333333333334,21092,66719,0,32.8,24.1,28.1,36.3,24.1,29.8,22.5
Chaguanas,2007-07-18,84.9,9.906,9.2,81.8,1012.2,89.6,7.5,225.16666666666666,19.453333333333333,21106,66715,1,31.1,23.7,26.9,36.7,23.7,29.1,24.0
Chaguanas,2007-07-19,90.0,33.502599999999994,9.2,119.0,1012.6,92.0,7.1,205.23999999999998,17.733333333333334,21120,66710,1,29.1,24.1,25.8,33.7,24.1,26.7,23.9
Chaguanas,2007-07-20,81.0,0.0,16.1,83.6,1012.2,71.0,7.5,237.13333333333333,20.44,21133,66704,0,31.1,23.7,27.2,36.7,23.7,29.3,23.4
Chaguanas,2007-07-21,77.9,0.0,13.9,83.8,1012.5,49.1,7.2,225.7133333333333,19.473333333333336,21146,66697,0,32.1,24.3,28.0,36.9,24.3,30.4,23.6
Chaguanas,2007-07-22,79.2,0.0,11.4,83.1,1012.3,44.2,8.0,218.70666666666665,18.86,21159,66689,0,32.1,24.1,27.8,38.1,24.1,30.3,23.6
Chaguanas,2007-07-23,77.3,0.0,11.4,80.8,1012.5,41.0,9.1,223.15333333333334,19.19333333333333,21172,66680,0,33.1,24.1,28.0,38.2,24.1,30.3,23.2
Chaguanas,2007-07-24,76.7,0.0,17.2,74.4,1011.7,67.7,7.0,216.83333333333334,18.7,21184,66671,0,32.3,24.1,28.1,37.4,24.1,30.4,23.3
Chaguanas,2007-07-25,85.3,0.7874,18.3,73.5,1012.8,90.0,6.5,204.73999999999998,17.673333333333336,21196,66660,1,31.2,24.1,26.9,36.7,24.1,29.0,24.1
Chaguanas,2007-07-26,79.1,0.9905999999999999,15.0,76.9,1013.4,63.3,7.0,231.66,19.986666666666668,21207,66649,1,32.1,25.1,28.0,38.1,25.1,30.6,23.8
Chaguanas,2007-07-27,77.0,0.0,15.0,76.2,1012.8,60.0,7.1,204.00666666666666,17.56,21219,66637,0,32.8,24.1,28.1,38.1,24.1,30.4,23.3
Chaguanas,2007-07-28,81.8,5.1054,13.9,92.8,1013.0,55.4,8.0,199.33333333333334,17.2,21229,66624,1,32.1,24.1,26.7,35.9,24.1,27.8,22.9
Chaguanas,2007-07-29,90.1,8.407399999999999,11.4,176.6,1013.7,69.2,7.8,227.15333333333334,19.62,21240,66611,1,28.7,23.1,25.0,32.3,23.1,25.3,23.2
Chaguanas,2007-07-30,85.3,23.0886,9.2,245.7,1012.8,63.8,8.6,219.94,18.946666666666665,21250,66596,1,32.2,22.1,25.7,36.8,22.1,27.2,22.8
Chaguanas,2007-07-31,84.4,5.4102,11.4,350.6,1011.7,88.3,7.5,224.07999999999998,19.3,21260,66581,1,31.1,22.1,26.2,35.2,22.1,27.7,23.1
Chaguanas,2007-08-01,92.3,45.1866,15.0,112.5,1011.0,89.2,7.6,203.1533333333333,17.553333333333335,21269,66565,1,32.1,23.1,25.3,38.1,23.1,26.4,23.8
Chaguanas,2007-08-02,85.7,5.6133999999999995,10.3,93.3,1011.4,68.3,7.9,194.17333333333332,16.733333333333334,21278,66548,1,32.1,22.8,26.6,38.1,22.8,29.1,23.8
Chaguanas,2007-08-03,86.9,32.004,11.4,28.0,1012.6,65.0,7.2,187.9,16.166666666666668,21286,66530,1,31.1,24.1,26.3,36.7,24.1,27.9,23.8
Chaguanas,2007-08-04,85.6,13.9954,8.1,102.5,1012.6,80.0,8.4,200.67999999999998,17.30666666666667,21294,66512,1,32.1,23.6,26.7,39.3,23.6,28.7,23.9
Chaguanas,2007-08-05,86.7,42.9006,9.2,301.7,1012.3,77.1,8.4,220.24666666666664,19.06,21302,66492,1,31.7,23.8,26.6,38.2,23.8,28.8,24.1
Chaguanas,2007-08-06,86.2,70.10399999999998,13.9,92.7,1011.3,81.7,7.1,239.64,20.71333333333333,21309,66472,1,31.7,24.1,26.6,36.7,24.1,28.6,23.9
Chaguanas,2007-08-07,93.8,4.0893999999999995,8.1,85.9,1011.3,91.3,8.1,217.22666666666666,18.720000000000002,21316,66451,1,27.1,23.1,24.9,30.2,23.1,25.2,23.8
Chaguanas,2007-08-08,91.4,0.7874,9.2,77.1,1011.5,88.3,8.2,208.37333333333333,18.026666666666664,21323,66430,1,28.1,22.7,25.2,32.8,22.7,26.2,23.7
Chaguanas,2007-08-09,80.5,0.508,10.3,90.8,1011.4,81.7,8.8,211.56,18.233333333333334,21329,66407,1,32.3,25.1,27.9,37.9,25.1,30.4,23.9
Chaguanas,2007-08-10,93.6,13.8938,9.2,88.4,1012.3,83.9,6.6,219.58666666666667,18.92,21334,66384,1,29.1,24.1,25.3,34.7,24.1,25.8,24.1
Chaguanas,2007-08-11,87.0,0.3048,10.3,109.3,1013.1,90.0,7.1,225.7133333333333,19.459999999999997,21339,66360,1,31.1,23.1,26.4,37.9,23.1,28.4,23.9
Chaguanas,2007-08-12,86.3,0.508,11.4,67.4,1013.5,85.0,7.5,220.18666666666667,18.98,21344,66336,1,31.1,22.8,26.1,36.7,22.8,27.8,23.5
Chaguanas,2007-08-13,78.0,0.3048,11.4,97.4,1011.9,62.9,8.9,231.18666666666667,19.959999999999997,21348,66310,1,32.1,23.1,27.4,36.9,23.1,29.4,22.9
Chaguanas,2007-08-14,78.6,0.0,12.8,83.0,1011.3,41.3,8.2,208.23333333333332,17.973333333333333,21352,66284,0,33.1,23.3,27.5,37.2,23.3,29.7,23.1
Chaguanas,2007-08-15,77.6,0.0,22.4,78.0,1011.4,59.1,9.3,205.55333333333334,17.746666666666666,21356,66258,0,33.1,24.1,28.2,39.4,24.1,30.9,23.7
Chaguanas,2007-08-16,82.5,0.0,13.9,52.3,1011.1,76.7,7.0,222.27333333333334,19.226666666666667,21359,66230,0,32.1,24.1,27.4,39.3,24.1,29.7,23.9
Chaguanas,2007-08-17,85.3,21.005799999999997,11.4,201.2,1009.8,90.0,7.3,221.7866666666667,19.153333333333332,21362,66202,1,32.1,24.1,27.1,38.1,24.1,29.7,24.2
Chaguanas,2007-08-18,82.0,0.9905999999999999,16.1,80.6,1011.4,90.5,7.8,201.47333333333333,17.373333333333335,21364,66174,1,32.1,23.8,27.3,38.1,23.8,29.4,23.8
Chaguanas,2007-08-19,73.4,0.9905999999999999,9.2,86.6,1011.2,76.5,8.0,205.5,17.759999999999998,21366,66145,1,33.1,23.7,28.4,38.2,23.7,30.9,22.8
Chaguanas,2007-08-20,90.9,8.889999999999999,8.1,30.0,1011.7,90.4,6.8,193.13333333333333,16.666666666666668,21368,66115,1,31.1,24.1,25.6,36.7,24.1,26.3,23.8
Chaguanas,2007-08-21,79.1,0.0,9.2,82.7,1013.6,73.8,8.8,203.62,17.646666666666665,21369,66085,0,32.1,22.1,27.4,44.3,22.1,29.8,23.2
Chaguanas,2007-08-22,85.8,6.095999999999999,9.2,54.5,1012.8,82.1,6.9,222.33333333333334,19.18,21370,66054,1,32.1,24.1,26.7,38.1,24.1,28.6,24.0
Chaguanas,2007-08-23,87.5,5.9944,15.0,80.9,1011.2,90.0,7.8,192.65333333333334,16.66,21371,66022,1,31.1,23.1,25.9,36.7,23.1,27.1,23.6
Chaguanas,2007-08-24,92.0,13.9954,9.2,83.2,1010.7,88.6,7.2,208.44,17.993333333333332,21371,65990,1,27.3,23.8,25.1,30.9,23.8,25.5,23.6
Chaguanas,2007-08-25,85.6,4.0893999999999995,8.1,145.0,1010.6,79.2,7.8,221.14666666666665,19.053333333333335,21371,65958,1,31.6,24.1,26.6,37.9,24.1,28.6,23.8
Chaguanas,2007-08-26,85.4,8.889999999999999,10.3,86.3,1011.5,54.2,7.3,218.76666666666668,18.873333333333335,21370,65925,1,32.1,24.1,26.9,38.1,24.1,29.4,24.1
Chaguanas,2007-08-27,83.1,0.7874,9.2,69.6,1012.8,70.0,7.0,228.92000000000002,19.746666666666666,21370,65891,1,33.7,23.3,27.1,38.2,23.3,29.1,23.6
Chaguanas,2007-08-28,92.2,13.9954,6.9,43.1,1012.4,76.7,5.9,224.68666666666667,19.38,21369,65857,1,28.1,24.8,26.0,32.8,24.8,27.4,24.6
Chaguanas,2007-08-29,85.0,19.6088,11.4,91.0,1012.1,62.2,6.9,214.19333333333333,18.526666666666664,21367,65823,1,31.2,24.1,26.9,39.1,24.1,29.0,23.9
Chaguanas,2007-08-30,77.1,0.0,16.1,69.9,1012.2,40.4,8.8,208.14,17.966666666666665,21366,65788,0,32.3,23.8,27.9,36.9,23.8,30.4,23.2
Chaguanas,2007-08-31,91.4,2.0065999999999997,12.8,316.3,1012.7,75.4,6.3,213.89333333333335,18.466666666666665,21364,65753,1,30.2,23.1,25.2,35.2,23.1,26.0,23.7
Chaguanas,2007-09-01,86.9,36.093399999999995,11.4,100.4,1012.5,92.9,7.5,221.36,19.113333333333333,21362,65717,1,31.1,23.1,26.6,36.7,23.1,28.7,24.1
Chaguanas,2007-09-02,83.7,3.302,12.8,85.6,1013.7,82.9,7.0,218.02,18.86,21360,65682,1,31.1,24.1,26.9,36.7,24.1,29.2,23.8
Chaguanas,2007-09-03,82.9,0.0,12.8,82.3,1013.6,68.3,8.1,195.36666666666667,16.87333333333333,21357,65645,0,32.1,23.8,26.7,36.9,23.8,28.5,23.3
Chaguanas,2007-09-04,85.2,0.0,10.3,72.7,1012.9,90.0,8.2,212.52,18.386666666666667,21355,65609,0,32.1,23.7,26.4,38.1,23.7,28.4,23.7
Chaguanas,2007-09-05,78.9,3.302,11.4,86.2,1013.3,65.2,8.8,221.26000000000002,19.12,21352,65572,1,32.3,24.1,28.1,37.9,24.1,30.9,23.8
Chaguanas,2007-09-06,76.9,0.0,13.9,93.0,1014.1,43.8,8.3,205.15333333333334,17.666666666666668,21349,65535,0,33.1,23.8,28.0,38.3,23.8,30.4,23.2
Chaguanas,2007-09-07,81.2,0.9905999999999999,12.8,76.3,1013.7,55.8,8.2,215.44666666666666,18.60666666666667,21345,65497,1,32.3,23.1,27.1,38.1,23.1,29.2,23.3
Chaguanas,2007-09-08,77.6,0.0,11.4,85.0,1012.8,50.8,8.1,225.11333333333332,19.453333333333333,21342,65460,0,33.1,24.1,27.9,38.2,24.1,30.3,23.2
Chaguanas,2007-09-09,78.1,0.0,9.2,78.0,1012.2,60.4,8.6,224.62,19.386666666666667,21338,65422,0,33.1,23.8,27.9,39.4,23.8,30.3,23.4
Chaguanas,2007-09-10,84.7,2.0065999999999997,12.8,81.8,1011.7,67.4,7.9,227.13333333333333,19.613333333333333,21335,65384,1,33.2,23.1,26.7,39.4,23.1,28.4,23.7
Chaguanas,2007-09-11,91.0,0.0,12.8,81.7,1011.7,86.5,5.6,228.41333333333336,19.746666666666666,21331,65346,0,30.1,24.1,26.2,35.2,24.1,27.7,24.6
Chaguanas,2007-09-12,72.6,43.687999999999995,17.2,75.1,1011.6,60.4,7.4,218.59333333333333,18.886666666666667,21327,65307,1,32.6,25.1,28.6,36.9,25.1,31.2,22.9
Chaguanas,2007-09-13,86.5,2.5146,16.1,74.0,1010.8,73.8,7.1,207.14666666666665,17.860000000000003,21323,65269,1,31.1,23.1,26.2,35.6,23.1,27.5,23.6
Chaguanas,2007-09-14,85.0,6.095999999999999,11.4,79.9,1011.0,88.3,8.3,230.4,19.886666666666667,21319,65230,1,31.1,25.1,26.8,37.9,25.1,28.4,23.9
Chaguanas,2007-09-15,79.4,0.0,11.4,108.6,1011.4,65.4,8.2,224.42000000000002,19.40666666666667,21315,65192,0,33.1,24.7,28.2,38.2,24.7,30.9,23.9
Chaguanas,2007-09-16,78.7,0.0,9.2,99.4,1011.8,58.3,8.6,218.83333333333334,18.92,21311,65153,0,33.7,23.8,28.1,39.1,23.8,30.9,23.7
Chaguanas,2007-09-17,79.5,0.0,9.2,90.9,1011.9,48.3,8.4,191.88,16.62,21307,65114,0,34.1,23.1,27.6,38.4,23.1,30.1,23.4
Chaguanas,2007-09-18,78.3,0.0,8.1,101.4,1011.7,48.7,9.0,194.2133333333333,16.779999999999998,21303,65075,0,34.1,23.1,27.6,39.5,23.1,29.9,23.0
Chaguanas,2007-09-19,77.3,0.0,11.4,77.8,1011.4,66.7,9.0,211.48,18.28666666666667,21299,65037,0,33.1,23.7,28.1,38.2,23.7,30.9,23.3
Chaguanas,2007-09-20,76.8,0.0,12.8,85.4,1011.7,88.3,8.5,215.26666666666668,18.633333333333333,21295,64998,0,33.1,25.1,28.7,39.4,25.1,31.8,23.9
Chaguanas,2007-09-21,80.4,0.0,16.1,73.8,1012.2,87.3,8.5,209.62,18.113333333333333,21292,64959,0,33.1,24.1,27.8,38.2,24.1,30.3,23.9
Chaguanas,2007-09-22,75.4,0.3048,9.2,78.8,1012.0,77.1,8.9,195.94666666666666,16.946666666666665,21288,64921,1,34.1,23.7,28.2,38.9,23.7,30.4,22.9
Chaguanas,2007-09-23,72.6,0.0,9.2,80.5,1011.1,53.3,7.2,208.16,18.026666666666664,21284,64882,0,34.6,23.7,28.2,39.1,23.7,29.9,22.2
Chaguanas,2007-09-24,81.3,78.99399999999999,13.9,157.2,1011.4,72.9,7.0,211.36666666666667,18.246666666666666,21280,64844,1,35.1,22.1,25.9,38.7,22.1,26.9,21.9
Chaguanas,2007-09-25,80.8,0.0,11.4,91.0,1012.2,78.3,8.0,216.24666666666664,18.68,21277,64805,0,32.3,25.1,27.8,38.6,25.1,30.6,24.1
Chaguanas,2007-09-26,88.0,4.8006,15.0,78.3,1013.1,81.7,7.2,210.36,18.18,21274,64767,1,31.1,23.7,26.4,39.3,23.7,28.5,24.2
Chaguanas,2007-09-27,90.0,14.300199999999998,17.2,70.2,1012.5,88.3,7.1,211.12666666666667,18.259999999999998,21271,64729,1,30.1,23.1,25.4,35.2,23.1,26.7,23.6
Chaguanas,2007-09-28,91.1,3.9878,9.2,81.2,1012.5,84.3,7.7,222.59333333333333,19.19333333333333,21268,64692,1,28.1,24.1,25.4,32.8,24.1,26.1,23.9
Chaguanas,2007-09-29,83.8,0.0,9.2,90.6,1012.1,82.2,8.5,217.02,18.759999999999998,21265,64654,0,32.1,23.1,26.8,38.1,23.1,29.0,23.7
Chaguanas,2007-09-30,83.6,0.0,10.3,97.7,1012.3,84.6,8.0,189.32666666666668,16.37333333333333,21262,64617,0,31.6,24.1,27.3,37.4,24.1,29.7,24.2
Chaguanas,2007-10-01,80.2,0.0,12.8,94.5,1012.6,75.8,8.4,213.26000000000002,18.453333333333333,21260,64580,0,32.2,25.1,28.1,38.1,25.1,31.1,24.2
Chaguanas,2007-10-02,79.8,0.0,11.4,85.2,1013.6,62.1,8.0,198.6,17.166666666666668,21258,64543,0,33.2,24.8,28.3,39.3,24.8,30.9,24.1
Chaguanas,2007-10-03,81.0,0.0,9.2,99.2,1012.5,52.9,7.6,200.89333333333335,17.366666666666667,21257,64507,0,33.1,24.1,27.4,38.2,24.1,29.5,23.6
Chaguanas,2007-10-04,81.6,0.0,11.4,86.4,1010.9,58.8,8.9,202.69333333333333,17.553333333333335,21255,64471,0,33.1,23.8,27.8,39.4,23.8,30.8,24.2
Chaguanas,2007-10-05,78.9,0.0,11.4,96.0,1010.5,78.3,8.6,190.43333333333334,16.453333333333333,21254,64435,0,33.1,24.1,28.0,39.4,24.1,30.5,23.7
Chaguanas,2007-10-06,82.2,0.0,17.2,91.6,1009.9,87.0,8.4,183.51333333333332,15.860000000000001,21253,64400,0,33.1,24.1,27.3,39.5,24.1,29.5,23.8
Chaguanas,2007-10-07,82.1,0.0,11.4,95.1,1009.1,88.3,8.4,201.23999999999998,17.36,21253,64365,0,32.3,24.1,27.7,39.3,24.1,30.6,24.1
Chaguanas,2007-10-08,79.7,0.0,13.9,91.2,1009.9,70.0,8.7,191.60666666666665,16.546666666666667,21253,64331,0,33.1,24.8,28.3,39.4,24.8,31.2,24.2
Chaguanas,2007-10-09,83.2,2.9972,18.3,63.9,1010.7,59.1,7.7,192.2866666666667,16.64,21253,64297,1,33.1,24.1,27.5,39.4,24.1,29.9,24.1
Chaguanas,2007-10-10,88.2,3.5052000000000003,13.9,1.6,1010.8,83.8,7.9,193.92000000000002,16.7,21254,64264,1,33.1,24.1,26.3,40.7,24.1,27.6,24.0
Chaguanas,2007-10-11,81.7,0.508,16.1,86.0,1009.4,88.3,9.0,206.79333333333335,17.846666666666668,21255,64231,1,32.3,24.1,27.6,38.1,24.1,30.2,23.9
Chaguanas,2007-10-12,88.7,3.7845999999999997,9.2,78.2,1009.2,88.3,7.2,213.56,18.453333333333333,21256,64199,1,29.3,25.1,26.3,35.3,25.1,27.7,24.3
Chaguanas,2007-10-13,85.4,29.006799999999995,18.3,69.4,1009.4,85.4,7.2,208.37333333333333,17.986666666666668,21258,64167,1,31.1,23.8,26.8,37.3,23.8,28.7,23.9
Chaguanas,2007-10-14,93.9,28.981399999999997,16.1,75.7,1009.8,88.3,5.8,198.22666666666666,17.133333333333333,21261,64136,1,26.1,21.7,24.3,26.1,21.7,24.3,23.2
Chaguanas,2007-10-15,90.0,14.401799999999998,11.4,69.7,1010.7,90.0,7.2,208.76666666666668,18.026666666666664,21264,64105,1,31.1,24.1,25.7,36.7,24.1,26.6,23.8
Chaguanas,2007-10-16,81.5,0.0,13.9,81.4,1011.9,64.6,9.0,211.92000000000002,18.28666666666667,21267,64075,0,32.1,24.1,27.8,38.1,24.1,30.3,24.1
Chaguanas,2007-10-17,81.8,4.0893999999999995,13.9,80.5,1012.0,83.0,8.3,189.11333333333332,16.38,21271,64046,1,33.1,23.8,27.3,39.4,23.8,29.2,23.6
Chaguanas,2007-10-18,88.4,11.8872,16.1,109.6,1011.3,69.2,8.3,181.17333333333332,15.666666666666666,21276,64017,1,33.1,23.1,25.8,39.4,23.1,27.0,23.4
Chaguanas,2007-10-19,80.9,0.0,11.4,81.3,1011.4,54.2,8.9,176.68666666666667,15.22,21281,63989,0,33.1,23.1,27.7,39.4,23.1,30.6,23.7
Chaguanas,2007-10-20,82.9,10.8966,15.0,73.8,1011.6,73.6,8.4,194.84,16.84,21286,63962,1,32.7,23.1,26.5,37.4,23.1,27.8,23.1
Chaguanas,2007-10-21,88.1,2.9972,17.2,72.2,1011.5,86.7,7.9,199.64,17.259999999999998,21292,63936,1,29.1,24.1,25.4,32.8,24.1,25.9,23.2
Chaguanas,2007-10-22,88.0,36.093399999999995,17.2,71.4,1011.0,90.0,7.9,198.22,17.10666666666667,21299,63910,1,32.1,23.1,25.5,36.9,23.1,26.7,23.2
Chaguanas,2007-10-23,87.5,0.0,9.2,70.5,1010.9,90.0,7.7,206.16666666666666,17.846666666666668,21306,63885,0,31.1,22.7,26.3,37.6,22.7,28.5,23.9
Chaguanas,2007-10-24,86.2,2.9972,9.2,103.7,1010.6,85.0,8.6,199.66,17.246666666666666,21314,63861,1,31.1,24.1,26.6,37.9,24.1,28.4,24.0
Chaguanas,2007-10-25,88.2,4.3942,10.3,94.1,1009.4,82.1,7.8,190.53333333333333,16.473333333333336,21323,63837,1,30.1,23.8,26.2,36.3,23.8,27.7,24.1
Chaguanas,2007-10-26,88.0,26.212799999999998,8.1,82.5,1009.7,91.3,7.5,167.65333333333334,14.446666666666667,21332,63815,1,29.3,22.1,25.7,35.0,22.1,27.3,23.4
Chaguanas,2007-10-27,89.3,4.0893999999999995,15.0,78.3,1009.6,90.5,7.3,184.50666666666666,15.96,21342,63793,1,31.1,24.1,26.6,36.4,24.1,27.9,24.5
Chaguanas,2007-10-28,80.8,3.9878,15.0,82.1,1010.0,81.7,8.2,193.20666666666665,16.62666666666667,21352,63773,1,32.1,25.1,27.8,39.3,25.1,30.2,23.9
Chaguanas,2007-10-29,89.5,16.002,18.3,73.4,1010.4,86.8,7.3,194.86666666666667,16.866666666666667,21363,63753,1,31.1,23.8,26.4,37.9,23.8,28.2,24.4
Chaguanas,2007-10-30,87.0,7.086600000000001,16.1,71.2,1010.6,73.3,6.8,186.98,16.173333333333332,21375,63734,1,31.1,24.1,26.8,36.7,24.1,28.7,24.3
Chaguanas,2007-10-31,82.1,0.0,16.1,62.9,1009.8,67.7,7.8,196.66666666666666,17.006666666666668,21387,63716,0,31.6,23.1,26.4,35.6,23.1,27.9,22.9
Chaguanas,2007-11-01,86.9,0.0,11.4,70.2,1009.3,77.5,8.2,191.38,16.546666666666667,21400,63699,0,30.1,23.7,26.3,35.2,23.7,28.3,23.8
Chaguanas,2007-11-02,83.7,0.0,12.8,78.4,1010.3,44.2,8.3,173.06666666666666,14.986666666666668,21414,63683,0,32.1,23.1,27.3,39.3,23.1,29.8,24.1
Chaguanas,2007-11-03,80.3,0.0,15.0,75.0,1010.3,53.3,8.4,197.20666666666665,17.07333333333333,21428,63667,0,32.1,25.1,27.9,37.2,25.1,30.5,24.0
Chaguanas,2007-11-04,84.2,9.906,12.8,68.7,1008.7,67.9,8.1,189.99333333333334,16.44,21443,63653,1,31.7,24.1,27.1,36.7,24.1,29.2,24.0
Chaguanas,2007-11-05,84.4,7.899399999999999,8.1,79.8,1008.1,81.7,8.4,183.03333333333333,15.8,21459,63640,1,31.6,23.3,26.7,37.5,23.3,28.8,23.7
Chaguanas,2007-11-06,83.9,0.0,11.4,83.4,1009.1,70.8,8.1,174.18666666666667,15.026666666666667,21475,63628,0,31.8,23.7,27.1,37.9,23.7,29.6,23.9
Chaguanas,2007-11-07,79.7,2.3114,11.4,83.7,1009.6,73.8,9.0,197.62666666666667,17.073333333333334,21492,63617,1,32.2,24.7,27.9,38.1,24.7,30.4,23.8
Chaguanas,2007-11-08,79.4,0.0,12.8,80.7,1009.8,54.3,9.5,178.6,15.453333333333335,21510,63607,0,32.1,25.1,27.7,36.7,25.1,29.5,23.4
Chaguanas,2007-11-09,83.4,0.0,11.4,77.2,1009.7,51.3,8.2,164.91333333333333,14.186666666666667,21529,63598,0,32.1,24.1,27.1,37.1,24.1,29.3,23.8
Chaguanas,2007-11-10,90.7,2.9972,12.8,74.9,1009.8,85.0,6.7,153.99333333333334,13.3,21548,63590,1,31.1,23.8,25.4,35.6,23.8,26.6,23.7
Chaguanas,2007-11-11,86.7,0.9905999999999999,15.0,71.8,1010.0,64.3,6.2,180.42666666666668,15.633333333333333,21567,63583,1,31.2,23.1,26.3,37.8,23.1,28.4,23.8
Chaguanas,2007-11-12,77.4,0.0,16.1,68.2,1010.7,51.7,5.7,184.0,15.926666666666668,21588,63577,0,31.8,22.3,27.1,35.9,22.3,28.7,22.5
Chaguanas,2007-11-13,84.5,7.619999999999999,8.1,80.4,1009.5,82.1,6.9,179.98666666666668,15.54,21609,63572,1,31.1,23.8,26.4,36.7,23.8,28.1,23.4
Chaguanas,2007-11-14,84.4,0.7874,15.0,64.0,1009.4,63.8,7.0,174.11333333333332,15.06,21631,63568,1,31.1,23.1,26.7,37.9,23.1,28.9,23.7
Chaguanas,2007-11-15,90.7,5.588,15.0,75.5,1010.6,79.6,6.9,185.48666666666665,16.006666666666668,21653,63566,1,29.1,23.1,25.3,33.7,23.1,26.0,23.6
Chaguanas,2007-11-16,84.2,1.778,11.4,83.0,1010.1,83.3,7.7,202.30666666666667,17.493333333333332,21676,63564,1,32.1,24.7,27.3,37.0,24.7,29.6,24.2
Chaguanas,2007-11-17,92.0,5.1054,19.5,57.9,1011.1,92.5,7.1,188.87333333333333,16.37333333333333,21699,63563,1,27.1,23.3,24.6,29.3,23.3,24.7,23.2
Chaguanas,2007-11-18,85.0,5.1054,23.0,74.5,1011.9,83.3,7.5,193.83333333333334,16.733333333333334,21724,63564,1,31.1,23.7,26.7,37.9,23.7,28.5,23.8
Chaguanas,2007-11-19,80.2,0.0,12.8,72.8,1010.9,46.5,7.5,201.33333333333334,17.413333333333334,21748,63566,0,31.2,22.1,26.4,34.7,22.1,27.7,22.3
Chaguanas,2007-11-20,80.8,0.0,16.1,76.5,1010.2,58.5,7.9,198.04,17.160000000000004,21774,63569,0,31.2,21.1,26.2,34.7,21.1,27.8,22.3
Chaguanas,2007-11-21,88.7,2.9972,12.8,82.4,1012.3,84.2,8.1,196.19333333333333,16.973333333333333,21800,63572,1,29.6,23.1,25.6,35.3,23.1,27.0,23.5
Chaguanas,2007-11-22,80.4,0.0,15.0,63.1,1012.9,80.8,8.6,177.23999999999998,15.34,21826,63577,0,32.1,22.8,26.9,36.7,22.8,28.8,23.0
Chaguanas,2007-11-23,78.8,0.0,16.1,71.5,1012.2,81.7,8.9,166.36666666666667,14.386666666666667,21853,63583,0,31.2,23.1,26.9,36.3,23.1,28.7,22.7
Chaguanas,2007-11-24,83.7,16.002,15.0,50.3,1012.0,70.0,7.5,158.68666666666667,13.653333333333334,21880,63590,1,32.1,23.1,26.3,36.9,23.1,27.7,23.1
Chaguanas,2007-11-25,82.0,3.302,17.2,69.3,1012.0,65.7,7.9,167.83333333333334,14.526666666666667,21908,63599,1,31.1,24.1,27.0,36.7,24.1,29.1,23.5
Chaguanas,2007-11-26,79.2,0.508,19.5,57.0,1012.1,76.3,7.3,171.2133333333333,14.813333333333333,21937,63608,1,31.1,24.3,27.2,35.2,24.3,28.6,23.0
Chaguanas,2007-11-27,74.2,0.0,18.3,64.2,1012.0,42.1,8.1,160.63333333333333,13.866666666666667,21965,63618,0,31.1,24.6,27.6,34.7,24.6,29.1,22.3
Chaguanas,2007-11-28,82.8,13.5128,13.9,66.5,1011.2,55.4,8.0,177.37333333333333,15.360000000000001,21995,63629,1,31.1,22.1,25.6,34.7,22.1,26.6,22.2
Chaguanas,2007-11-29,84.0,12.191999999999998,10.3,88.1,1010.5,72.9,8.1,187.17999999999998,16.2,22024,63641,1,31.3,21.1,25.2,34.4,21.1,26.2,22.1
Chaguanas,2007-11-30,84.6,3.302,8.1,72.5,1010.7,86.7,8.1,169.57999999999998,14.680000000000001,22054,63655,1,31.3,21.1,24.9,34.4,21.1,25.9,21.9
Chaguanas,2007-12-01,77.8,0.0,9.2,317.1,1010.9,76.5,9.4,177.66666666666666,15.379999999999999,22084,63669,0,32.1,21.1,25.8,35.0,21.1,26.9,21.1
Chaguanas,2007-12-02,78.0,0.0,6.9,45.1,1011.8,74.8,9.2,184.83333333333334,16.026666666666667,22115,63684,0,33.1,20.1,25.6,36.5,20.1,26.7,21.0
Chaguanas,2007-12-03,78.1,0.0,8.1,27.2,1011.5,85.0,9.5,172.46,14.813333333333333,22146,63700,0,32.1,20.8,25.5,34.3,20.8,26.4,20.9
Chaguanas,2007-12-04,81.9,0.0,5.8,4.0,1010.8,86.3,8.7,168.24666666666664,14.520000000000001,22177,63717,0,33.1,21.1,25.7,36.2,21.1,26.7,22.0
Chaguanas,2007-12-05,84.4,2.3114,17.2,57.8,1011.9,88.8,7.0,192.00666666666666,16.566666666666666,22208,63736,1,32.1,22.1,26.1,38.1,22.1,27.9,23.0
Chaguanas,2007-12-06,95.0,11.2014,11.4,68.6,1013.7,85.4,6.1,198.34,17.146666666666665,22239,63754,1,27.1,23.1,24.6,30.2,23.1,24.7,23.7
Chaguanas,2007-12-07,76.9,10.8966,13.9,64.2,1012.8,63.5,8.5,167.55333333333334,14.493333333333334,22271,63774,1,32.1,23.1,26.8,36.9,23.1,28.4,22.1
Chaguanas,2007-12-08,86.1,2.0065999999999997,12.8,72.5,1011.0,47.5,7.8,164.87333333333333,14.286666666666667,22303,63795,1,29.1,21.8,25.1,32.1,21.8,25.9,22.4
Chaguanas,2007-12-09,85.5,4.0893999999999995,9.2,57.8,1010.6,62.9,8.2,176.17999999999998,15.246666666666668,22335,63816,1,31.7,21.8,25.3,36.0,21.8,26.3,22.4
Chaguanas,2007-12-10,86.3,0.0,11.4,83.5,1010.5,86.3,8.0,183.55333333333334,15.886666666666667,22367,63839,0,31.1,21.6,25.6,35.6,21.6,27.1,22.8
Chaguanas,2007-12-11,89.7,2.0065999999999997,18.3,66.3,1010.6,77.0,6.5,184.32666666666668,15.953333333333335,22398,63862,1,30.8,23.1,25.7,36.9,23.1,26.9,23.7
Chaguanas,2007-12-12,92.4,109.80420000000001,18.3,66.4,1010.8,87.1,5.9,179.58666666666667,15.54,22430,63886,1,26.1,23.1,24.7,26.1,23.1,24.7,23.4
Chaguanas,2007-12-13,92.0,36.093399999999995,16.1,63.8,1011.4,92.9,5.6,177.22666666666666,15.326666666666666,22462,63910,1,27.7,22.7,24.3,31.1,22.7,24.7,22.8
Chaguanas,2007-12-14,92.2,25.476199999999995,18.3,60.2,1011.5,90.0,5.4,188.40666666666667,16.366666666666667,22494,63936,1,29.1,23.1,24.8,32.8,23.1,25.4,23.4
Chaguanas,2007-12-15,81.8,9.6266,23.0,68.9,1011.1,90.4,7.1,200.53333333333333,17.34,22526,63962,1,30.1,23.7,25.9,32.8,23.7,26.6,22.2
Chaguanas,2007-12-16,79.0,0.0,20.8,57.6,1010.7,52.9,7.9,198.34666666666666,17.16,22557,63988,0,30.2,22.1,25.8,32.7,22.1,26.7,21.6
Chaguanas,2007-12-17,85.5,8.102599999999999,17.2,60.4,1011.4,83.3,6.6,198.6,17.146666666666665,22589,64015,1,29.1,22.7,25.3,33.7,22.7,26.2,22.6
Chaguanas,2007-12-18,89.7,21.005799999999997,10.3,66.5,1011.6,76.3,5.4,195.64666666666665,16.933333333333334,22620,64043,1,31.1,23.1,25.3,35.6,23.1,26.6,23.4
Chaguanas,2007-12-19,91.7,19.7866,15.0,66.4,1011.9,92.5,5.6,191.63333333333333,16.58,22650,64072,1,27.1,22.1,24.6,30.2,22.1,24.8,23.1
Chaguanas,2007-12-20,85.4,5.0038,17.2,66.9,1010.7,85.0,6.6,197.17999999999998,17.006666666666668,22681,64100,1,30.1,22.7,25.7,33.4,22.7,26.8,22.9
Chaguanas,2007-12-21,92.9,21.081999999999997,15.0,67.0,1011.1,92.1,4.9,185.22,16.026666666666667,22711,64130,1,27.2,23.6,24.6,30.6,23.6,24.8,23.3
Chaguanas,2007-12-22,85.2,0.0,15.0,69.6,1011.6,65.2,8.5,191.72666666666666,16.593333333333334,22741,64160,0,30.1,22.7,25.9,35.2,22.7,27.4,23.1
Chaguanas,2007-12-23,81.2,0.0,13.9,76.6,1011.8,79.2,8.7,192.52666666666667,16.646666666666665,22771,64190,0,31.1,22.1,26.2,35.6,22.1,27.8,22.5
Chaguanas,2007-12-24,77.1,0.0,11.4,68.4,1011.3,85.0,8.6,186.6,16.14,22800,64221,0,31.2,22.2,26.3,34.0,22.2,27.3,21.6
Chaguanas,2007-12-25,89.5,10.8966,13.9,75.5,1011.5,87.5,6.4,202.78,17.52,22828,64252,1,28.1,22.1,24.2,31.4,22.1,24.7,22.3
Chaguanas,2007-12-26,85.5,0.0,16.1,63.3,1010.8,81.3,7.8,202.57333333333332,17.566666666666666,22857,64283,0,29.3,23.1,25.8,33.7,23.1,26.9,23.1
Chaguanas,2007-12-27,76.8,0.3048,21.9,62.8,1011.2,48.8,8.3,206.57333333333332,17.866666666666667,22884,64315,1,31.1,24.7,27.1,35.4,24.7,28.6,22.5
Chaguanas,2007-12-28,78.6,0.0,18.3,63.3,1012.3,64.6,7.7,202.35333333333335,17.513333333333332,22911,64346,0,31.1,24.1,26.7,34.7,24.1,28.0,22.4
Chaguanas,2007-12-29,77.1,0.0,11.4,75.3,1012.3,44.2,9.0,184.82000000000002,16.02,22938,64378,0,31.1,21.2,25.8,33.1,21.2,26.5,20.9
Chaguanas,2007-12-30,79.8,0.0,15.0,69.5,1012.3,62.9,9.7,184.62,16.033333333333335,22964,64411,0,31.1,20.1,25.0,33.8,20.1,25.9,20.8
Chaguanas,2007-12-31,76.1,0.0,15.0,73.9,1013.0,60.4,9.4,200.48666666666668,17.386666666666667,22989,64443,0,31.1,22.1,25.8,33.1,22.1,26.7,20.9
Chaguanas,2008-01-01,78.1,0.0,15.0,66.1,1013.2,41.7,8.7,194.26875,16.75,23014,64476,0,29.8,22.1,25.5,32.2,22.1,26.2,21.2
Chaguanas,2008-01-02,81.2,0.0,16.1,66.4,1012.7,40.8,7.4,204.725,17.725,23038,64508,0,30.1,21.8,25.5,33.4,21.8,26.5,21.7
Chaguanas,2008-01-03,83.7,0.0,20.8,48.0,1014.1,55.4,7.2,212.7125,18.4,23061,64541,0,30.1,21.1,25.3,33.4,21.1,26.6,22.2
Chaguanas,2008-01-04,83.9,3.9878,18.3,72.9,1014.5,59.2,8.1,203.375,17.63125,23083,64574,1,31.1,22.2,25.8,34.7,22.2,27.1,22.6
Chaguanas,2008-01-05,85.1,2.0065999999999997,51.7,51.8,1014.7,48.3,8.1,196.34375,16.9625,23105,64606,1,30.1,22.1,25.2,32.8,22.1,26.3,22.3
Chaguanas,2008-01-06,82.0,0.0,16.1,64.9,1014.0,40.9,8.2,191.0875,16.5375,23126,64639,0,30.1,21.1,25.1,33.4,21.1,25.9,21.4
Chaguanas,2008-01-07,80.4,0.0,13.9,72.0,1013.4,78.8,7.7,190.05,16.4,23146,64671,0,31.1,20.1,25.4,33.1,20.1,26.4,21.3
Chaguanas,2008-01-08,96.1,16.002,6.9,86.8,1012.6,95.0,6.0,202.51875,17.4625,23165,64704,1,27.1,22.1,23.8,30.2,22.1,23.9,23.2
Chaguanas,2008-01-09,84.5,2.9972,9.2,94.2,1011.1,82.5,7.6,197.95625,17.0875,23183,64736,1,30.1,21.7,25.1,33.4,21.7,26.1,22.0
Chaguanas,2008-01-10,85.3,6.095999999999999,15.0,82.5,1010.7,90.0,7.8,205.875,17.825,23201,64768,1,30.2,21.1,24.9,33.4,21.1,25.9,22.0
Chaguanas,2008-01-11,86.1,0.3048,13.9,78.5,1011.0,82.1,8.4,215.96875,18.63125,23217,64800,1,30.1,22.1,25.6,35.2,22.1,26.9,22.9
Chaguanas,2008-01-12,88.6,0.7874,17.2,72.3,1011.0,81.3,7.1,209.2375,18.0875,23233,64832,1,28.8,23.1,25.3,32.6,23.1,26.4,23.2
Chaguanas,2008-01-13,82.6,0.3048,17.2,68.8,1010.7,77.9,7.5,211.90625,18.3375,23248,64863,1,31.1,23.1,26.3,35.6,23.1,27.9,22.9
Chaguanas,2008-01-14,81.1,0.0,16.1,71.3,1011.9,55.0,7.9,216.7625,18.75,23261,64894,0,30.3,22.8,26.2,34.3,22.8,27.6,22.5
Chaguanas,2008-01-15,75.5,0.0,15.0,80.9,1011.4,53.8,8.5,213.50625,18.425,23274,64925,0,31.1,22.7,26.2,33.4,22.7,27.2,21.2
Chaguanas,2008-01-16,80.0,4.0893999999999995,16.1,75.4,1011.7,77.5,8.2,213.25,18.4375,23286,64955,1,29.3,21.8,25.1,31.4,21.8,25.8,21.2
Chaguanas,2008-01-17,80.0,0.0,16.1,76.1,1012.9,39.6,8.1,216.7375,18.73125,23297,64986,0,30.1,21.8,25.6,32.7,21.8,26.7,21.6
Chaguanas,2008-01-18,83.2,0.9905999999999999,18.3,68.7,1014.4,50.4,7.1,220.3375,19.025,23307,65015,1,29.1,22.8,25.6,32.8,22.8,26.6,22.4
Chaguanas,2008-01-19,75.7,0.0,19.5,67.5,1013.7,45.8,7.9,218.14375,18.8625,23315,65044,0,31.1,23.1,26.3,33.8,23.1,27.3,21.4
Chaguanas,2008-01-20,73.9,0.508,17.2,74.0,1013.5,35.4,8.6,228.18125,19.68125,23323,65073,1,30.1,20.1,25.4,32.0,20.1,26.1,20.1
Chaguanas,2008-01-21,78.2,0.0,18.3,64.2,1014.1,60.0,8.2,219.76874999999998,18.98125,23330,65102,0,31.1,20.7,25.8,33.8,20.7,26.6,21.5
Chaguanas,2008-01-22,77.4,10.8966,23.0,61.1,1012.8,60.4,7.5,214.3375,18.49375,23336,65130,1,30.1,23.1,26.1,32.8,23.1,27.1,21.5
Chaguanas,2008-01-23,77.7,0.7874,17.2,74.5,1013.0,57.1,6.9,221.075,19.05,23340,65157,1,30.1,22.1,25.6,31.6,22.1,26.3,21.1
Chaguanas,2008-01-24,77.5,0.0,17.2,71.5,1012.8,50.0,8.3,232.95625,20.1125,23344,65184,0,30.2,23.1,26.1,32.7,23.1,27.1,21.6
Chaguanas,2008-01-25,86.0,4.0893999999999995,13.9,67.5,1013.4,63.8,7.6,232.93125,20.14375,23347,65210,1,29.1,22.1,24.9,32.8,22.1,25.6,22.3
Chaguanas,2008-01-26,75.6,7.594599999999999,15.0,78.8,1013.4,32.1,9.5,228.25625,19.68125,23348,65236,1,30.1,21.1,25.1,32.0,21.1,25.8,20.1
Chaguanas,2008-01-27,75.0,0.0,15.0,72.4,1012.9,35.0,8.8,218.59375,18.825,23349,65261,0,30.1,19.1,24.4,31.4,19.1,24.9,19.2
Chaguanas,2008-01-28,75.8,0.0,13.9,76.3,1012.0,38.8,9.3,222.40625,19.1875,23348,65286,0,30.3,20.1,25.2,32.2,20.1,25.8,20.1
Chaguanas,2008-01-29,78.1,0.0,18.3,64.8,1012.2,70.8,8.5,217.64375,18.7625,23346,65310,0,31.7,20.1,25.3,33.8,20.1,26.3,20.8
Chaguanas,2008-01-30,77.7,0.0,11.4,60.9,1012.1,85.8,8.2,228.8625,19.75625,23344,65333,0,32.1,21.7,25.6,33.6,21.7,26.2,20.9
Chaguanas,2008-01-31,80.2,0.0,12.8,348.4,1011.6,64.2,8.2,237.98125,20.50625,23340,65356,0,30.1,21.1,24.9,32.0,21.1,25.6,20.9
Chaguanas,2008-02-01,68.8,0.0,13.9,337.7,1011.5,39.2,9.3,237.2125,20.45625,23335,65378,0,31.1,21.1,25.8,31.4,21.1,26.0,18.8
Chaguanas,2008-02-02,81.4,2.0065999999999997,9.2,69.0,1012.8,62.9,9.2,237.0625,20.425,23330,65400,1,29.8,19.1,23.6,30.8,19.1,23.8,19.8
Chaguanas,2008-02-03,77.4,0.0,16.1,69.2,1013.5,68.8,8.5,233.1,20.08125,23323,65421,0,30.1,22.1,25.6,32.7,22.1,26.4,21.1
Chaguanas,2008-02-04,74.0,0.0,17.2,63.6,1014.4,52.9,8.7,230.4875,19.83125,23315,65442,0,31.1,23.1,26.1,33.1,23.1,27.0,20.8
Chaguanas,2008-02-05,76.0,0.0,16.1,65.2,1014.7,36.2,8.2,222.24375,19.1875,23306,65461,0,31.1,20.1,25.2,33.1,20.1,25.9,20.2
Chaguanas,2008-02-06,68.6,0.0,16.1,58.4,1014.7,75.0,8.4,225.9875,19.46875,23296,65480,0,31.1,23.1,26.3,32.5,23.1,26.8,19.7
Chaguanas,2008-02-07,75.3,0.3048,20.8,58.6,1014.5,83.3,7.6,236.61249999999998,20.41875,23286,65499,1,29.2,23.1,25.7,31.4,23.1,26.4,20.8
Chaguanas,2008-02-08,75.5,0.0,23.0,66.3,1014.1,74.2,7.9,235.925,20.3625,23274,65517,0,30.1,23.8,26.1,32.7,23.8,26.9,21.3
Chaguanas,2008-02-09,75.5,0.0,18.3,60.9,1013.0,75.7,7.4,242.71875,20.975,23261,65534,0,31.1,23.1,26.5,33.1,23.1,27.7,21.6
Chaguanas,2008-02-10,94.4,73.5076,13.9,57.9,1013.2,87.4,4.9,237.66875000000002,20.51875,23247,65550,1,24.3,22.1,23.4,24.3,22.1,23.4,22.4
Chaguanas,2008-02-11,87.0,11.0998,18.3,64.0,1012.5,82.1,7.1,243.94375,21.0875,23233,65566,1,29.1,22.6,25.1,33.7,22.6,25.6,22.7
Chaguanas,2008-02-12,83.6,2.8956,18.3,66.7,1013.0,60.4,7.3,236.78125,20.39375,23217,65582,1,30.1,23.1,25.7,34.3,23.1,27.0,22.6
Chaguanas,2008-02-13,81.4,2.9972,19.5,69.9,1013.1,77.1,6.5,247.45625,21.375,23201,65596,1,29.1,23.1,25.6,32.1,23.1,26.2,21.9
Chaguanas,2008-02-14,81.7,0.9905999999999999,17.2,72.3,1014.2,62.1,7.2,228.31875,19.73125,23184,65610,1,29.1,23.1,25.5,32.1,23.1,26.4,22.0
Chaguanas,2008-02-15,73.2,0.3048,19.5,62.8,1013.5,49.5,7.8,245.60625000000002,21.25,23165,65624,1,30.2,22.1,25.9,32.0,22.1,26.3,20.2
Chaguanas,2008-02-16,86.1,4.521199999999999,21.9,51.8,1011.9,70.4,7.3,247.9875,21.41875,23146,65636,1,28.1,22.1,24.2,31.4,22.1,24.6,21.6
Chaguanas,2008-02-17,81.9,0.9905999999999999,20.8,41.9,1012.4,69.2,7.9,241.34375,20.8625,23126,65649,1,29.1,22.1,24.8,31.4,22.1,25.3,21.3
Chaguanas,2008-02-18,72.6,0.0,23.0,58.2,1014.3,80.4,8.5,244.2625,21.125,23106,65660,0,30.1,23.1,26.1,32.7,23.1,26.9,20.7
Chaguanas,2008-02-19,69.6,0.0,19.5,62.0,1015.3,76.3,8.5,246.68125,21.35,23084,65671,0,31.1,23.1,26.6,33.8,23.1,27.4,20.3
Chaguanas,2008-02-20,70.1,0.0,15.0,67.7,1014.9,88.3,8.9,253.7125,21.93125,23062,65681,0,30.2,21.1,25.6,31.4,21.1,26.1,19.3
Chaguanas,2008-02-21,74.6,0.0,16.1,71.6,1014.7,80.0,8.5,257.3875,22.21875,23039,65691,0,31.1,20.1,25.1,32.5,20.1,25.7,19.7
Chaguanas,2008-02-22,76.2,0.508,16.1,67.4,1015.0,67.7,7.0,237.5375,20.53125,23015,65701,1,30.1,22.1,25.6,31.8,22.1,26.3,20.8
Chaguanas,2008-02-23,70.1,0.0,52.8,60.4,1015.8,70.0,7.5,244.85625,21.15625,22990,65709,0,30.1,22.1,25.8,30.9,22.1,26.1,19.5
Chaguanas,2008-02-24,76.9,0.3048,18.3,64.0,1015.4,86.7,7.7,238.98125,20.6375,22965,65718,1,30.1,21.1,24.7,32.0,21.1,25.1,20.1
Chaguanas,2008-02-25,75.8,0.0,13.9,67.4,1014.2,70.8,8.8,247.4375,21.43125,22939,65725,0,31.1,21.1,25.5,33.1,21.1,26.3,20.6
Chaguanas,2008-02-26,76.2,0.0,13.9,68.0,1013.6,70.5,8.6,257.125,22.19375,22913,65732,0,29.1,21.1,25.5,31.4,21.1,26.4,20.8
Chaguanas,2008-02-27,71.8,0.0,16.1,71.9,1013.6,80.0,8.5,247.29375,21.375,22885,65739,0,31.1,21.1,25.9,33.1,21.1,26.5,19.9
Chaguanas,2008-02-28,73.9,0.0,18.3,68.8,1014.5,63.3,7.1,259.675,22.4625,22858,65745,0,31.1,23.7,26.5,34.7,23.7,27.5,21.3
Chaguanas,2008-02-29,74.3,0.0,18.3,67.4,1014.2,66.7,7.5,260.6,22.6,22829,65751,0,29.1,22.6,25.8,30.3,22.6,26.5,20.7
Chaguanas,2008-03-01,80.0,2.3114,16.1,72.3,1013.5,60.0,7.1,255.96875,22.09375,22800,65756,1,29.1,21.1,24.7,30.8,21.1,25.1,20.8
Chaguanas,2008-03-02,72.3,0.0,16.1,56.2,1013.2,60.4,8.0,252.43125,21.81875,22770,65761,0,31.1,21.1,25.3,32.5,21.1,25.7,19.6
Chaguanas,2008-03-03,73.8,0.0,16.1,73.8,1013.5,59.6,8.2,261.51875,22.63125,22740,65766,0,30.6,20.1,25.3,32.6,20.1,25.9,19.9
Chaguanas,2008-03-04,81.7,24.892,20.8,65.0,1013.7,71.7,6.6,247.98125,21.43125,22710,65770,1,30.1,23.1,25.1,32.0,23.1,25.6,21.4
Chaguanas,2008-03-05,86.0,0.0,16.1,56.2,1013.3,90.0,6.3,251.1125,21.625,22679,65773,0,27.1,22.1,24.2,29.3,22.1,24.3,21.6
Chaguanas,2008-03-06,77.9,0.9905999999999999,18.3,62.2,1012.5,80.0,7.7,257.06875,22.21875,22647,65776,1,30.1,22.6,25.4,32.0,22.6,26.1,21.0
Chaguanas,2008-03-07,79.0,0.0,12.8,60.6,1012.9,74.3,6.2,257.025,22.20625,22615,65779,0,29.1,22.1,24.8,31.4,22.1,25.2,20.7
Chaguanas,2008-03-08,69.6,0.0,19.5,63.4,1013.6,70.0,6.8,259.43125,22.41875,22583,65782,0,30.1,23.1,26.0,31.4,23.1,26.6,19.8
Chaguanas,2008-03-09,70.4,0.0,13.9,60.3,1013.3,59.2,7.5,259.66875,22.43125,22550,65784,0,30.1,21.1,25.7,31.4,21.1,26.2,19.6
Chaguanas,2008-03-10,73.8,0.0,47.2,53.9,1013.9,53.8,8.7,244.58125,21.14375,22517,65786,0,30.1,20.1,24.7,30.9,20.1,25.1,19.3
Chaguanas,2008-03-11,74.6,0.9905999999999999,11.4,44.4,1013.7,77.1,8.3,247.13750000000002,21.3375,22483,65788,1,30.6,20.1,24.6,31.4,20.1,24.8,19.3
Chaguanas,2008-03-12,73.2,0.0,13.9,72.3,1013.9,83.8,8.4,257.76875,22.24375,22450,65789,0,30.3,23.1,26.2,32.7,23.1,27.2,20.8
Chaguanas,2008-03-13,81.0,4.0893999999999995,17.2,72.4,1014.4,79.1,6.1,259.16875,22.4,22416,65790,1,30.6,22.1,25.8,33.9,22.1,26.9,22.1
Chaguanas,2008-03-14,74.2,0.0,17.2,76.2,1013.8,45.8,6.0,259.6625,22.41875,22381,65791,0,31.1,23.1,26.3,33.1,23.1,27.2,21.1
Chaguanas,2008-03-15,77.1,0.0,13.9,73.2,1014.3,69.6,6.4,249.7,21.5375,22347,65792,0,31.1,22.1,26.0,34.7,22.1,27.1,21.3
Chaguanas,2008-03-16,75.4,0.0,13.9,82.8,1014.1,84.2,7.2,255.29375,22.03125,22312,65792,0,31.1,21.1,25.9,33.1,21.1,26.8,20.8
Chaguanas,2008-03-17,74.0,0.0,11.4,67.6,1013.7,59.5,7.6,280.08125,24.14375,22277,65793,0,32.1,19.1,25.2,33.6,19.1,25.8,19.6
Chaguanas,2008-03-18,75.3,0.0,11.4,88.8,1013.5,50.0,7.6,276.58125,23.85625,22242,65793,0,31.1,20.8,25.3,32.5,20.8,25.8,20.1
Chaguanas,2008-03-19,76.4,0.0,13.9,60.6,1013.6,60.4,7.4,268.6375,23.18125,22206,65793,0,31.1,20.1,24.8,32.5,20.1,25.3,20.0
Chaguanas,2008-03-20,71.2,0.0,13.9,94.0,1013.8,78.7,8.4,267.8625,23.10625,22171,65793,0,31.1,21.1,25.8,32.5,21.1,26.3,19.6
Chaguanas,2008-03-21,71.7,0.0,17.2,77.7,1013.7,68.8,9.7,261.53125,22.60625,22135,65793,0,32.1,20.7,26.0,33.6,20.7,26.7,20.0
Chaguanas,2008-03-22,78.0,0.0,16.1,83.3,1013.4,90.0,7.5,265.6375,22.91875,22099,65792,0,30.1,23.1,25.6,32.7,23.1,26.4,21.2
Chaguanas,2008-03-23,81.1,0.9905999999999999,19.5,75.4,1014.0,75.0,6.3,261.8125,22.625,22064,65792,1,30.1,23.1,25.6,32.8,23.1,26.5,21.9
Chaguanas,2008-03-24,69.7,0.0,20.8,71.1,1014.6,62.1,7.2,275.90625,23.825,22028,65791,0,32.1,22.1,26.5,33.0,22.1,26.9,19.9
Chaguanas,2008-03-25,71.7,0.0,16.1,92.6,1014.7,66.3,8.0,268.4,23.15,21992,65791,0,31.1,22.1,26.1,33.1,22.1,26.8,20.2
Chaguanas,2008-03-26,74.6,0.0,13.9,73.9,1013.9,68.3,7.6,265.40625,22.89375,21956,65790,0,32.1,21.1,25.8,34.3,21.1,26.4,20.4
Chaguanas,2008-03-27,71.1,0.3048,20.8,74.3,1012.2,52.2,8.5,273.1875,23.6125,21921,65790,1,31.1,21.1,26.1,32.5,21.1,26.7,19.9
Chaguanas,2008-03-28,77.1,0.0,15.0,84.2,1011.9,75.8,6.6,272.39375,23.525,21885,65789,0,31.1,22.1,25.7,33.8,22.1,26.4,21.0
Chaguanas,2008-03-29,69.0,0.0,16.1,88.1,1011.7,90.0,6.8,268.0625,23.15,21849,65789,0,31.1,22.1,26.7,33.1,22.1,27.4,20.1
Chaguanas,2008-03-30,85.5,0.0,18.3,87.1,1011.9,84.8,6.0,270.40625,23.34375,21814,65789,0,28.1,22.1,24.2,30.8,22.1,24.4,21.5
Chaguanas,2008-03-31,78.5,4.2926,11.4,94.3,1012.0,86.7,7.6,251.825,21.79375,21778,65788,1,30.1,22.1,25.3,32.0,22.1,26.1,21.0
Chaguanas,2008-04-01,74.8,0.9905999999999999,21.9,58.5,1012.3,75.0,7.5,265.15625,22.95,21743,65788,1,30.1,22.1,25.7,32.0,22.1,26.6,20.6
Chaguanas,2008-04-02,78.4,6.095999999999999,20.8,67.7,1012.3,54.2,7.8,265.575,22.93125,21708,65788,1,30.1,22.1,25.1,32.7,22.1,25.8,20.9
Chaguanas,2008-04-03,81.3,22.098,18.3,65.6,1012.8,81.3,6.6,269.6125,23.275,21673,65788,1,30.2,22.8,25.4,33.6,22.8,26.2,21.8
Chaguanas,2008-04-04,78.0,2.9972,18.3,65.6,1013.6,49.6,7.5,272.5625,23.55625,21638,65788,1,30.3,23.1,26.2,33.4,23.1,27.2,21.8
Chaguanas,2008-04-05,74.1,0.0,19.5,62.8,1014.2,62.5,7.0,268.46875,23.2,21604,65788,0,31.3,23.8,26.7,34.2,23.8,27.7,21.4
Chaguanas,2008-04-06,72.9,0.0,13.9,71.1,1013.1,60.0,7.5,260.45625,22.5,21570,65788,0,30.1,22.1,26.2,32.7,22.1,27.3,20.8
Chaguanas,2008-04-07,84.0,9.118599999999999,15.0,73.9,1012.1,77.4,6.3,268.21875,23.1625,21536,65789,1,30.1,22.6,24.9,32.7,22.6,25.6,21.8
Chaguanas,2008-04-08,77.5,0.0,20.8,75.7,1011.6,65.8,7.7,265.01875,22.9125,21502,65789,0,31.1,23.1,26.3,33.8,23.1,27.4,21.7
Chaguanas,2008-04-09,75.9,0.0,17.2,71.6,1011.3,71.3,8.6,270.33125,23.34375,21468,65790,0,31.1,23.1,26.7,34.0,23.1,27.8,21.8
Chaguanas,2008-04-10,75.3,0.0,16.1,60.2,1010.4,68.3,7.8,268.3,23.21875,21435,65791,0,31.3,23.1,26.8,34.7,23.1,28.1,21.8
Chaguanas,2008-04-11,82.7,4.013199999999999,12.8,53.0,1010.5,72.9,6.8,273.4625,23.575,21403,65792,1,29.1,23.1,25.6,32.8,23.1,26.4,22.4
Chaguanas,2008-04-12,83.7,0.0,12.8,66.8,1011.3,89.2,6.3,265.35625,22.88125,21370,65794,0,29.1,23.7,25.7,32.1,23.7,26.6,22.6
Chaguanas,2008-04-13,91.1,8.407399999999999,16.1,71.6,1012.0,88.8,4.5,262.10625,22.6375,21338,65796,1,28.1,24.1,25.4,32.8,24.1,25.9,23.8
Chaguanas,2008-04-14,81.9,0.0,15.0,75.0,1012.3,68.6,7.3,248.95,21.5125,21307,65798,0,31.1,24.6,26.9,36.7,24.6,28.6,23.4
Chaguanas,2008-04-15,78.4,0.0,18.3,66.0,1012.7,56.7,8.1,248.51875,21.40625,21276,65800,0,31.2,24.1,26.9,35.6,24.1,28.4,22.7
Chaguanas,2008-04-16,74.8,0.0,15.0,81.4,1012.8,40.4,7.7,261.5125,22.61875,21245,65802,0,32.1,23.1,27.1,34.7,23.1,28.3,21.8
Chaguanas,2008-04-17,76.6,0.0,17.2,65.3,1013.4,53.8,8.0,257.4875,22.2375,21215,65805,0,32.1,23.1,27.3,35.9,23.1,28.9,22.4
Chaguanas,2008-04-18,74.4,0.0,15.0,66.7,1013.4,73.5,7.3,265.80625,22.98125,21185,65808,0,32.1,24.1,27.2,35.0,24.1,28.3,21.9
Chaguanas,2008-04-19,73.8,0.0,15.0,67.8,1012.5,86.7,7.1,252.24375,21.7875,21156,65812,0,31.3,24.1,27.6,34.8,24.1,29.0,22.2
Chaguanas,2008-04-20,77.2,0.0,19.5,75.1,1011.8,73.5,7.3,249.2125,21.53125,21127,65816,0,32.1,23.1,27.0,35.9,23.1,28.6,22.4
Chaguanas,2008-04-21,75.3,0.0,12.8,83.3,1011.6,85.4,6.3,254.03125,21.96875,21099,65820,0,32.1,24.1,27.2,35.0,24.1,28.7,22.2
Chaguanas,2008-04-22,75.0,0.0,17.2,76.6,1011.4,71.3,7.2,262.1875,22.64375,21072,65824,0,31.1,24.3,27.1,33.8,24.3,28.6,22.1
Chaguanas,2008-04-23,73.1,0.0,17.2,83.2,1011.2,67.9,6.8,258.925,22.4125,21045,65829,0,32.1,23.6,27.5,35.0,23.6,28.9,21.9
Chaguanas,2008-04-24,74.2,0.0,13.9,89.9,1011.0,80.4,8.0,257.925,22.25625,21018,65834,0,33.1,24.1,27.9,37.2,24.1,29.7,22.5
Chaguanas,2008-04-25,77.1,0.9905999999999999,15.0,79.3,1011.0,89.6,6.4,256.63125,22.1375,20992,65839,1,32.1,25.1,27.9,35.9,25.1,29.7,23.2
Chaguanas,2008-04-26,76.2,0.0,13.9,74.2,1011.2,90.0,5.9,263.58125,22.76875,20967,65845,0,31.1,25.1,27.9,34.7,25.1,29.7,23.1
Chaguanas,2008-04-27,71.9,0.0,15.0,73.7,1012.0,64.6,6.3,250.24375,21.5875,20943,65852,0,32.6,25.1,28.1,35.1,25.1,29.8,22.2
Chaguanas,2008-04-28,69.7,0.0,17.2,72.0,1012.6,50.0,6.5,263.5875,22.7875,20919,65858,0,32.7,24.1,28.0,35.6,24.1,29.3,21.6
Chaguanas,2008-04-29,68.8,0.0,13.9,80.2,1012.3,55.4,7.7,238.16666666666666,20.540000000000003,20895,65865,0,33.1,23.1,27.9,35.4,23.1,29.1,21.1
Chaguanas,2008-04-30,70.1,0.0,17.2,80.5,1011.1,48.3,7.9,257.8666666666667,22.206666666666667,20873,65872,0,33.1,24.1,27.9,37.2,24.1,29.6,21.7
Chaguanas,2008-05-01,69.2,0.0,13.9,71.8,1010.5,54.2,7.7,247.73999999999998,21.413333333333334,20851,65880,0,33.1,24.1,27.9,35.4,24.1,29.1,21.4
Chaguanas,2008-05-02,70.8,0.0,11.4,73.3,1010.4,72.1,8.2,234.01333333333332,20.2,20830,65888,0,33.2,22.8,27.4,36.2,22.8,28.7,21.2
Chaguanas,2008-05-03,68.4,0.0,13.9,82.3,1011.0,68.3,8.4,231.70666666666665,19.966666666666665,20809,65897,0,33.1,22.1,27.3,34.7,22.1,28.1,20.4
Chaguanas,2008-05-04,69.2,0.0,15.0,72.9,1012.1,88.8,8.5,241.07999999999998,20.80666666666667,20789,65905,0,33.3,23.6,27.8,36.2,23.6,29.1,21.2
Chaguanas,2008-05-05,70.7,0.0,15.0,77.1,1012.6,76.7,7.7,264.29333333333335,22.793333333333333,20770,65915,0,34.1,24.1,28.3,36.6,24.1,29.8,21.9
Chaguanas,2008-05-06,76.1,6.095999999999999,16.1,70.7,1012.8,80.4,6.2,262.11333333333334,22.613333333333333,20752,65924,1,32.2,25.1,28.3,36.7,25.1,30.9,23.4
Chaguanas,2008-05-07,79.7,4.7752,18.3,70.5,1012.4,88.3,5.2,264.64666666666665,22.826666666666664,20734,65934,1,31.7,25.1,27.8,36.7,25.1,30.8,23.8
Chaguanas,2008-05-08,73.3,0.0,18.3,75.4,1013.0,70.4,5.0,235.8,20.346666666666668,20718,65944,0,33.1,25.1,28.3,37.2,25.1,30.4,22.8
Chaguanas,2008-05-09,71.4,0.0,20.8,66.4,1013.7,60.4,6.5,250.46666666666667,21.66,20702,65955,0,32.1,25.1,27.9,34.3,25.1,29.3,21.9
Chaguanas,2008-05-10,69.6,0.508,17.2,68.8,1013.7,54.2,7.5,248.47333333333333,21.446666666666665,20686,65966,1,33.1,24.1,28.1,35.4,24.1,29.3,21.6
Chaguanas,2008-05-11,71.5,0.0,15.0,71.3,1013.9,43.3,7.7,268.72,23.173333333333336,20672,65978,0,33.1,23.1,27.8,37.2,23.1,29.4,21.8
Chaguanas,2008-05-12,71.7,0.0,16.1,72.5,1014.3,73.5,7.9,257.70666666666665,22.253333333333334,20658,65989,0,33.1,22.7,27.4,35.0,22.7,28.6,21.4
Chaguanas,2008-05-13,71.7,0.0,26.4,67.0,1013.7,65.8,8.1,262.8666666666667,22.740000000000002,20645,66002,0,33.1,23.7,27.9,37.2,23.7,29.4,21.9
Chaguanas,2008-05-14,72.1,0.0,18.3,71.1,1012.7,38.7,8.2,232.56666666666666,20.040000000000003,20633,66014,0,34.1,25.1,28.3,37.4,25.1,30.1,22.4
Chaguanas,2008-05-15,72.0,0.0,17.2,67.5,1012.7,57.1,7.9,233.01333333333332,20.086666666666666,20622,66027,0,34.1,24.1,28.8,39.5,24.1,31.3,22.9
Chaguanas,2008-05-16,82.4,6.095999999999999,15.0,66.0,1012.8,76.7,7.3,243.88666666666668,21.046666666666667,20611,66040,1,32.1,25.7,27.2,36.9,25.7,28.6,23.8
Chaguanas,2008-05-17,76.4,0.0,16.1,59.5,1012.9,90.0,7.6,252.86,21.813333333333333,20602,66053,0,33.1,25.1,28.3,38.2,25.1,30.7,23.4
Chaguanas,2008-05-18,77.0,0.0,19.5,69.2,1013.1,80.0,7.2,246.94,21.3,20593,66067,0,32.1,24.8,28.2,35.9,24.8,30.5,23.4
Chaguanas,2008-05-19,70.7,0.3048,17.2,71.7,1014.1,77.1,7.8,241.22,20.853333333333335,20584,66081,1,33.1,25.3,28.6,36.2,25.3,30.4,22.3
Chaguanas,2008-05-20,66.8,0.0,16.1,69.0,1013.4,53.3,7.5,253.73999999999998,21.90666666666667,20577,66096,0,33.1,24.1,28.1,34.7,24.1,28.8,20.6
Chaguanas,2008-05-21,66.1,0.0,16.1,67.1,1012.4,62.1,7.9,238.2,20.546666666666667,20571,66110,0,32.1,22.1,27.5,33.6,22.1,28.3,20.0
Chaguanas,2008-05-22,68.5,0.0,15.0,64.0,1012.1,73.9,7.9,227.32666666666668,19.613333333333333,20565,66125,0,33.1,24.1,28.6,36.2,24.1,30.6,21.8
Chaguanas,2008-05-23,66.4,0.0,21.9,68.2,1012.4,73.9,7.8,229.28666666666666,19.8,20560,66140,0,34.1,25.1,28.9,37.4,25.1,30.7,21.6
Chaguanas,2008-05-24,71.7,0.0,12.8,84.1,1011.9,74.6,7.8,246.92666666666668,21.32,20556,66155,0,34.1,24.7,28.4,37.4,24.7,30.2,22.3
Chaguanas,2008-05-25,72.9,0.0,18.3,66.7,1011.4,82.1,8.2,236.34,20.386666666666667,20553,66171,0,32.1,24.1,27.6,35.9,24.1,29.1,22.1
Chaguanas,2008-05-26,70.5,0.0,13.9,83.8,1010.9,52.1,7.9,217.10666666666665,18.71333333333333,20550,66186,0,34.1,23.7,28.3,36.6,23.7,29.9,21.8
Chaguanas,2008-05-27,72.5,0.0,16.1,79.2,1011.5,51.7,7.4,220.18666666666664,19.040000000000003,20548,66202,0,33.2,24.1,28.3,37.3,24.1,30.2,22.3
Chaguanas,2008-05-28,75.0,5.1054,26.4,67.8,1012.0,62.9,6.9,215.73999999999998,18.633333333333333,20547,66218,1,33.1,24.8,28.4,38.2,24.8,31.1,23.2
Chaguanas,2008-05-29,69.3,0.0,18.3,66.3,1012.8,49.2,7.5,199.63333333333333,17.220000000000002,20547,66234,0,33.1,25.1,28.7,37.2,25.1,31.0,22.3
Chaguanas,2008-05-30,71.4,0.0,13.9,71.9,1013.2,45.0,7.7,209.70666666666665,18.10666666666667,20547,66250,0,34.1,23.6,28.3,37.4,23.6,29.9,22.1
Chaguanas,2008-05-31,71.2,0.0,13.9,74.1,1013.7,59.2,7.8,212.6,18.4,20549,66267,0,34.1,23.8,28.4,36.6,23.8,30.3,22.2
Chaguanas,2008-06-01,73.1,0.0,18.3,63.2,1014.3,69.6,7.9,214.44,18.506666666666668,20551,66283,0,33.1,24.8,28.4,37.2,24.8,30.6,22.8
Chaguanas,2008-06-02,71.2,0.0,16.1,73.2,1013.4,77.1,7.5,216.22666666666666,18.68,20553,66300,0,33.7,24.8,28.6,36.4,24.8,30.5,22.3
Chaguanas,2008-06-03,81.5,0.9905999999999999,13.9,69.1,1013.0,86.7,7.7,231.82000000000002,20.0,20557,66316,1,32.1,25.1,27.3,38.1,25.1,29.6,23.8
Chaguanas,2008-06-04,75.2,4.0893999999999995,16.1,81.7,1013.0,78.3,6.7,219.78666666666666,18.98,20561,66332,1,33.1,24.1,28.1,36.2,24.1,29.9,22.8
Chaguanas,2008-06-05,72.2,0.0,17.2,71.3,1013.8,80.8,8.0,191.91333333333333,16.533333333333335,20565,66349,0,33.1,24.1,27.9,36.2,24.1,29.6,22.0
Chaguanas,2008-06-06,68.8,0.0,18.3,66.3,1013.9,56.1,7.2,201.88666666666668,17.453333333333333,20571,66365,0,33.1,23.1,28.3,35.4,23.1,29.6,21.3
Chaguanas,2008-06-07,80.5,15.493999999999998,16.1,69.7,1012.7,85.2,6.7,220.2866666666667,18.98,20577,66382,1,33.1,25.1,28.2,37.6,25.1,30.4,24.1
Chaguanas,2008-06-08,78.6,0.0,15.0,69.3,1012.4,88.3,8.0,216.25333333333336,18.686666666666667,20584,66398,0,32.3,25.1,28.2,37.3,25.1,30.8,23.8
Chaguanas,2008-06-09,72.9,0.0,16.1,71.1,1013.0,85.4,7.8,226.53333333333333,19.506666666666668,20591,66414,0,33.1,24.8,28.5,36.5,24.8,30.7,22.8
Chaguanas,2008-06-10,71.7,0.0,11.4,86.9,1013.1,82.2,7.1,214.48666666666668,18.493333333333332,20599,66430,0,33.8,24.1,28.5,37.7,24.1,30.6,22.6
Chaguanas,2008-06-11,75.2,2.0065999999999997,13.9,69.9,1012.0,78.6,7.2,213.72,18.426666666666666,20607,66446,1,34.1,23.1,27.6,36.6,23.1,28.8,22.2
Chaguanas,2008-06-12,81.9,9.0932,17.2,64.8,1011.8,88.8,7.0,225.53333333333333,19.433333333333334,20616,66461,1,32.1,25.1,28.1,39.3,25.1,31.0,24.5
Chaguanas,2008-06-13,82.6,13.0048,13.9,87.7,1012.4,70.0,7.5,202.34,17.433333333333334,20626,66477,1,32.1,25.1,27.8,37.3,25.1,30.4,24.3
Chaguanas,2008-06-14,75.0,0.0,18.3,61.2,1012.3,57.5,7.7,226.63333333333333,19.533333333333335,20636,66492,0,33.1,25.7,28.6,36.2,25.7,31.0,23.3
Chaguanas,2008-06-15,72.2,0.0,16.1,74.7,1012.9,49.2,7.4,193.14666666666665,16.666666666666668,20646,66507,0,33.1,25.1,28.4,36.2,25.1,30.6,22.6
Chaguanas,2008-06-16,71.6,0.0,18.3,61.2,1014.2,59.2,7.7,209.57333333333332,18.073333333333334,20657,66521,0,32.8,25.1,28.4,36.5,25.1,30.5,22.4
Chaguanas,2008-06-17,70.9,0.0,18.3,58.3,1013.3,90.0,7.6,204.21999999999997,17.626666666666665,20669,66536,0,33.1,26.1,28.9,39.4,26.1,32.2,22.9
Chaguanas,2008-06-18,69.4,0.0,20.8,53.3,1012.2,83.3,7.2,192.30666666666667,16.593333333333334,20680,66550,0,33.3,26.6,29.3,37.3,26.6,32.5,22.8
Chaguanas,2008-06-19,76.0,0.9905999999999999,16.1,57.8,1011.8,83.8,6.8,193.28,16.7,20693,66563,1,32.8,25.1,28.6,38.1,25.1,31.4,23.7
Chaguanas,2008-06-20,92.3,66.0146,17.2,58.8,1013.0,91.3,4.9,193.84666666666666,16.733333333333334,20705,66577,1,30.1,23.8,25.3,36.3,23.8,25.9,23.9
Chaguanas,2008-06-21,81.0,4.495799999999999,20.8,71.7,1012.6,80.0,5.7,208.22,18.013333333333332,20718,66590,1,31.2,24.7,27.4,35.8,24.7,29.9,23.8
Chaguanas,2008-06-22,77.3,0.0,19.5,64.8,1012.1,74.6,7.8,220.51333333333332,19.040000000000003,20732,66602,0,33.1,24.6,28.2,38.2,24.6,30.7,23.6
Chaguanas,2008-06-23,83.2,10.1854,17.2,80.1,1012.6,90.4,7.5,205.09333333333333,17.69333333333333,20745,66614,1,32.2,25.1,27.4,38.6,25.1,29.7,24.2
Chaguanas,2008-06-24,84.9,18.4912,18.3,77.0,1013.2,89.6,5.9,210.9466666666667,18.206666666666667,20759,66626,1,31.7,24.3,27.2,36.7,24.3,29.1,24.3
Chaguanas,2008-06-25,93.6,13.9954,11.4,77.4,1013.6,91.4,5.9,212.03333333333333,18.273333333333333,20773,66637,1,27.1,24.1,25.2,30.8,24.1,25.4,24.1
Chaguanas,2008-06-26,83.7,4.0893999999999995,18.3,79.3,1012.6,92.1,7.1,221.05333333333334,19.09333333333333,20788,66647,1,31.1,25.8,27.5,36.7,25.8,30.6,24.4
Chaguanas,2008-06-27,80.2,7.899399999999999,16.1,75.4,1013.1,76.3,7.0,214.66666666666666,18.526666666666664,20802,66657,1,32.1,24.7,27.9,38.1,24.7,30.6,24.1
Chaguanas,2008-06-28,86.4,7.086600000000001,11.4,84.9,1014.5,85.4,7.3,210.45333333333335,18.12,20817,66667,1,31.1,24.7,26.8,37.9,24.7,28.7,24.2
Chaguanas,2008-06-29,76.2,0.3048,18.3,83.6,1014.9,63.9,8.1,195.68666666666667,16.88,20832,66675,1,32.1,24.8,28.0,36.9,24.8,30.3,23.2
Chaguanas,2008-06-30,84.1,4.0893999999999995,17.2,79.0,1013.7,66.8,6.8,187.88,16.206666666666667,20847,66684,1,30.1,24.6,26.8,35.2,24.6,28.6,23.8
Chaguanas,2008-07-01,84.8,5.08,10.3,77.4,1012.5,85.0,6.8,182.46,15.726666666666667,20863,66691,1,31.1,24.1,26.6,36.7,24.1,28.3,23.7
Chaguanas,2008-07-02,85.1,10.8966,12.8,83.4,1013.2,78.8,7.2,225.76000000000002,19.459999999999997,20878,66698,1,31.1,24.1,27.4,39.3,24.1,30.6,24.6
Chaguanas,2008-07-03,85.4,8.102599999999999,17.2,80.6,1014.0,72.9,6.7,227.79333333333335,19.686666666666667,20893,66705,1,33.1,25.1,27.4,39.4,25.1,29.7,24.6
Chaguanas,2008-07-04,73.8,0.0,13.9,70.0,1014.0,52.5,7.3,206.75333333333336,17.84,20909,66710,0,32.2,24.1,28.1,35.9,24.1,29.7,22.5
Chaguanas,2008-07-05,76.7,0.0,21.9,77.8,1013.3,59.2,7.9,207.7133333333333,17.926666666666666,20924,66715,0,33.1,23.1,27.3,37.2,23.1,29.2,22.6
Chaguanas,2008-07-06,77.1,2.9972,15.0,56.4,1013.4,47.5,7.6,195.76666666666668,16.893333333333334,20940,66719,1,32.6,23.1,27.6,36.9,23.1,29.9,22.9
Chaguanas,2008-07-07,74.8,0.0,12.8,59.5,1013.1,38.8,7.6,229.92666666666668,19.853333333333335,20955,66723,0,33.1,24.2,28.2,37.2,24.2,30.6,23.0
Chaguanas,2008-07-08,77.8,0.7874,15.0,79.6,1012.7,59.2,7.5,211.62666666666667,18.240000000000002,20971,66726,1,33.1,25.1,28.0,38.2,25.1,30.2,23.4
Chaguanas,2008-07-09,78.5,0.0,12.8,70.5,1012.8,47.0,7.9,195.68666666666667,16.84,20986,66728,0,33.1,24.7,28.3,39.4,24.7,31.1,23.9
Chaguanas,2008-07-10,94.1,63.093599999999995,10.3,73.8,1013.8,83.8,5.9,207.02666666666667,17.853333333333335,21001,66729,1,26.8,24.1,25.4,30.2,24.1,25.6,24.4
Chaguanas,2008-07-11,80.7,2.0065999999999997,13.9,71.4,1014.5,90.0,5.9,211.59333333333333,18.246666666666666,21016,66730,1,32.1,25.3,28.3,38.1,25.3,31.5,24.4
Chaguanas,2008-07-12,77.1,0.9905999999999999,16.1,73.9,1014.2,78.8,8.0,198.24666666666664,17.086666666666666,21031,66730,1,33.1,24.1,28.2,38.2,24.1,30.8,23.4
Chaguanas,2008-07-13,89.5,37.795199999999994,11.4,46.0,1011.8,91.7,6.9,203.84,17.6,21046,66729,1,31.1,24.1,25.9,35.6,24.1,26.9,23.9
Chaguanas,2008-07-14,93.3,13.208,16.1,67.9,1011.4,90.4,6.5,209.78,18.113333333333333,21060,66727,1,27.3,24.1,25.4,31.3,24.1,25.9,24.3
Chaguanas,2008-07-15,87.1,14.909799999999999,12.8,65.6,1013.0,80.4,6.8,194.45333333333335,16.826666666666668,21075,66724,1,32.1,25.1,26.9,38.2,25.1,28.7,24.4
Chaguanas,2008-07-16,84.7,0.0,11.4,265.0,1012.9,77.7,7.7,216.06,18.586666666666666,21089,66721,0,30.1,23.7,26.7,35.2,23.7,28.6,23.7
Chaguanas,2008-07-17,88.6,2.0065999999999997,10.3,107.7,1013.1,90.4,7.2,202.02,17.433333333333334,21103,66716,1,28.6,24.1,25.6,32.6,24.1,26.3,23.5
Chaguanas,2008-07-18,81.9,0.0,16.1,73.8,1013.4,74.2,8.4,225.16666666666666,19.453333333333333,21117,66711,0,32.2,23.1,26.7,36.5,23.1,28.3,23.1
Chaguanas,2008-07-19,91.2,12.6746,17.2,70.8,1013.7,88.3,7.0,205.23999999999998,17.733333333333334,21130,66705,1,26.1,23.8,25.2,26.1,23.8,25.2,23.6
Chaguanas,2008-07-20,83.7,4.013199999999999,15.0,74.1,1014.0,62.5,7.8,237.13333333333333,20.44,21144,66699,1,32.1,24.1,27.7,38.1,24.1,30.8,24.6
Chaguanas,2008-07-21,75.5,0.0,16.1,66.1,1013.8,45.0,7.1,225.7133333333333,19.473333333333336,21156,66691,0,33.1,25.1,28.5,39.4,25.1,31.1,23.5
Chaguanas,2008-07-22,75.7,0.0,16.1,79.6,1013.7,55.4,8.1,218.70666666666665,18.86,21169,66683,0,33.2,24.1,28.4,38.2,24.1,31.2,23.4
Chaguanas,2008-07-23,77.2,0.3048,16.1,78.2,1013.2,50.0,8.1,223.15333333333334,19.19333333333333,21181,66673,1,33.1,24.1,28.1,38.2,24.1,30.8,23.5
Chaguanas,2008-07-24,83.7,9.1694,18.3,82.7,1013.2,55.0,7.5,216.83333333333334,18.7,21193,66663,1,32.2,25.1,27.6,38.1,25.1,30.2,24.4
Chaguanas,2008-07-25,75.3,11.6078,16.1,78.3,1013.9,34.2,8.0,204.73999999999998,17.673333333333336,21205,66652,1,32.6,24.1,27.9,35.7,24.1,29.6,22.6
Chaguanas,2008-07-26,89.7,0.0,8.1,79.6,1013.2,72.9,5.5,231.66,19.986666666666668,21216,66641,0,30.1,24.1,25.6,36.3,24.1,26.4,23.7
Chaguanas,2008-07-27,83.9,16.002,17.2,84.6,1013.1,82.5,7.0,204.00666666666666,17.56,21227,66628,1,32.1,23.8,27.2,38.1,23.8,29.6,24.1
Chaguanas,2008-07-28,79.5,2.3114,12.8,92.2,1013.8,74.2,7.7,199.33333333333334,17.2,21238,66614,1,33.1,25.1,28.3,39.4,25.1,31.7,24.2
Chaguanas,2008-07-29,78.0,0.0,13.9,80.7,1013.4,62.9,7.8,227.15333333333334,19.62,21248,66600,0,33.1,24.7,28.4,40.7,24.7,31.7,23.9
Chaguanas,2008-07-30,86.0,3.9878,11.4,22.0,1011.6,84.2,7.0,219.94,18.946666666666665,21258,66585,1,31.2,25.1,27.2,37.5,25.1,29.6,24.6
Chaguanas,2008-07-31,81.6,8.178799999999999,8.1,97.0,1011.0,64.2,6.8,224.07999999999998,19.3,21267,66569,1,32.6,22.8,27.3,39.3,22.8,30.2,23.7
Chaguanas,2008-08-01,89.8,22.098,9.2,103.1,1011.9,87.7,7.3,203.1533333333333,17.553333333333335,21276,66552,1,31.1,24.7,26.2,36.7,24.7,27.2,24.3
Chaguanas,2008-08-02,85.1,6.095999999999999,13.9,86.2,1011.9,74.3,8.1,194.17333333333332,16.733333333333334,21285,66535,1,32.3,24.1,27.7,39.8,24.1,31.1,24.8
Chaguanas,2008-08-03,78.7,1.778,17.2,65.7,1012.0,56.3,7.3,187.9,16.166666666666668,21293,66516,1,33.1,25.3,28.7,39.4,25.3,32.4,24.4
Chaguanas,2008-08-04,80.6,2.9972,15.0,62.8,1011.4,69.1,7.6,200.67999999999998,17.30666666666667,21301,66497,1,33.1,24.1,27.7,38.2,24.1,29.9,23.8
Chaguanas,2008-08-05,89.4,7.112,11.4,63.9,1011.3,90.0,6.2,220.24666666666664,19.06,21308,66477,1,30.1,25.1,26.6,37.6,25.1,28.4,24.7
Chaguanas,2008-08-06,84.7,13.9954,11.4,82.6,1011.9,81.4,7.6,239.64,20.71333333333333,21315,66457,1,31.2,24.1,27.4,37.9,24.1,30.2,24.4
Chaguanas,2008-08-07,76.6,0.0,13.9,53.6,1011.3,64.6,5.8,217.22666666666666,18.720000000000002,21321,66435,0,34.1,25.8,29.3,42.1,25.8,33.2,24.4
Chaguanas,2008-08-08,78.5,0.0,16.1,68.8,1011.3,67.1,6.3,208.37333333333333,18.026666666666664,21327,66413,0,33.1,25.1,28.6,38.2,25.1,32.1,24.3
Chaguanas,2008-08-09,85.8,0.0,15.0,69.3,1012.6,90.0,6.5,211.56,18.233333333333334,21333,66390,0,32.1,25.8,27.6,39.3,25.8,31.0,24.9
Chaguanas,2008-08-10,81.0,10.8966,15.0,68.5,1012.9,83.3,7.3,219.58666666666667,18.92,21338,66366,1,33.1,24.7,28.4,40.7,24.7,32.1,24.6
Chaguanas,2008-08-11,79.0,0.0,11.4,78.1,1011.0,79.5,8.0,225.7133333333333,19.459999999999997,21343,66342,0,34.1,24.8,28.3,40.7,24.8,31.5,24.1
Chaguanas,2008-08-12,78.3,8.889999999999999,13.9,24.7,1010.6,77.8,7.3,220.18666666666667,18.98,21348,66317,1,32.270833333333336,24.1,28.3,47.1,24.1,31.4,23.9
Chaguanas,2008-08-13,83.5,0.508,11.4,315.4,1011.3,73.0,7.8,231.18666666666667,19.959999999999997,21352,66291,1,33.1,23.8,27.6,40.7,23.8,30.7,24.3
Chaguanas,2008-08-14,81.6,16.3068,8.1,90.4,1012.0,48.3,8.1,208.23333333333332,17.973333333333333,21356,66265,1,34.1,23.8,27.8,40.7,23.8,30.9,24.1
Chaguanas,2008-08-15,78.6,2.9972,17.9,78.2,1012.3,65.4,7.9,205.55333333333334,17.746666666666666,21359,66237,1,34.1,24.6,28.8,41.3,24.6,32.6,24.4
Chaguanas,2008-08-16,74.3,0.0,12.8,84.1,1011.3,64.6,8.3,222.27333333333334,19.226666666666667,21362,66210,0,34.1,24.1,28.8,39.5,24.1,31.8,23.4
Chaguanas,2008-08-17,78.2,0.0,13.9,232.7,1010.6,56.4,7.5,221.7866666666667,19.153333333333332,21364,66181,0,34.1,24.1,28.4,40.7,24.1,31.5,23.9
Chaguanas,2008-08-18,78.7,2.0065999999999997,10.3,85.6,1011.4,64.6,7.8,201.47333333333333,17.373333333333335,21366,66152,1,33.3,24.7,28.7,40.7,24.7,32.3,24.3
Chaguanas,2008-08-19,85.1,16.9926,10.3,20.7,1011.4,87.1,7.3,205.5,17.759999999999998,21368,66122,1,31.3,24.1,26.6,36.6,24.1,28.1,23.7
Chaguanas,2008-08-20,89.0,2.5146,8.1,88.5,1010.4,86.8,6.9,193.13333333333333,16.666666666666668,21369,66092,1,32.1,24.1,26.4,39.3,24.1,28.3,24.3
Chaguanas,2008-08-21,84.9,2.794,9.2,71.2,1010.2,88.1,7.8,203.62,17.646666666666665,21370,66061,1,32.1,24.1,27.2,38.1,24.1,29.4,24.2
Chaguanas,2008-08-22,85.6,2.5146,5.8,22.6,1009.6,90.0,7.3,222.33333333333334,19.18,21371,66030,1,31.1,24.1,27.0,39.3,24.1,29.6,24.3
Chaguanas,2008-08-23,92.9,2.9972,17.2,85.8,1009.1,90.4,6.5,192.65333333333334,16.66,21371,65998,1,30.3,24.1,25.3,37.6,24.1,26.4,24.1
Chaguanas,2008-08-24,83.3,76.19999999999999,9.2,114.2,1010.4,90.0,8.3,208.44,17.993333333333332,21371,65966,1,32.1,24.1,27.6,38.1,24.1,30.7,24.3
Chaguanas,2008-08-25,81.6,30.987999999999996,15.0,227.6,1012.2,85.8,6.8,221.14666666666665,19.053333333333335,21371,65933,1,33.1,23.6,27.7,39.4,23.6,30.6,24.0
Chaguanas,2008-08-26,83.3,2.9972,13.9,200.8,1011.4,71.3,8.2,218.76666666666668,18.873333333333335,21370,65900,1,33.1,24.1,27.7,40.7,24.1,30.8,24.4
Chaguanas,2008-08-27,87.8,52.0954,23.0,42.0,1010.5,62.5,7.0,228.92000000000002,19.746666666666666,21369,65866,1,33.1,24.1,26.4,39.8,24.1,28.1,24.1
Chaguanas,2008-08-28,86.7,18.516599999999997,8.1,175.5,1009.3,71.3,7.6,224.68666666666667,19.38,21368,65832,1,31.7,23.1,26.8,38.2,23.1,29.0,24.2
Chaguanas,2008-08-29,83.0,6.095999999999999,10.3,84.0,1009.5,80.8,7.9,214.19333333333333,18.526666666666664,21367,65797,1,32.1,25.7,27.8,39.1,25.7,30.5,24.4
Chaguanas,2008-08-30,78.7,4.0893999999999995,12.8,100.6,1009.4,56.7,8.3,208.14,17.966666666666665,21365,65762,1,33.1,25.3,28.7,40.7,25.3,32.1,24.3
Chaguanas,2008-08-31,78.6,0.0,9.2,89.5,1009.5,60.8,9.1,213.89333333333335,18.466666666666665,21363,65726,0,34.2,24.7,29.0,41.0,24.7,32.8,24.6
Chaguanas,2008-09-01,75.8,0.0,11.4,125.5,1008.9,70.0,8.3,221.36,19.113333333333333,21361,65691,0,35.2,24.6,29.1,40.7,24.6,32.2,23.8
Chaguanas,2008-09-02,77.1,0.0,10.3,109.1,1009.1,80.0,7.9,218.02,18.86,21358,65654,0,34.7,24.8,29.1,40.7,24.8,32.8,24.2
Chaguanas,2008-09-03,77.4,0.0,11.4,99.0,1009.8,65.0,7.8,195.36666666666667,16.87333333333333,21356,65618,0,34.1,25.8,29.4,42.1,25.8,33.6,24.7
Chaguanas,2008-09-04,76.6,0.3048,12.8,89.8,1010.9,46.7,8.5,212.52,18.386666666666667,21353,65581,1,34.2,26.1,29.3,40.7,26.1,33.6,24.5
Chaguanas,2008-09-05,77.8,9.906,13.9,95.9,1011.9,61.3,7.9,221.26000000000002,19.12,21350,65544,1,34.1,24.7,28.6,40.6,24.7,31.4,23.9
Chaguanas,2008-09-06,85.4,5.6133999999999995,9.2,78.3,1010.7,79.8,8.3,205.15333333333334,17.666666666666668,21346,65507,1,33.2,25.1,27.6,40.9,25.1,30.3,24.7
Chaguanas,2008-09-07,89.6,0.0,10.3,94.1,1011.3,81.7,6.4,215.44666666666666,18.60666666666667,21343,65469,0,33.1,23.1,25.8,42.3,23.1,27.4,23.9
Chaguanas,2008-09-08,80.6,78.2066,12.8,97.6,1012.6,62.9,8.0,225.11333333333332,19.453333333333333,21340,65431,1,33.1,23.1,28.4,40.7,23.1,32.6,24.5
Chaguanas,2008-09-09,78.2,0.0,12.8,73.7,1013.5,52.5,8.5,224.62,19.386666666666667,21336,65393,0,34.1,25.1,28.7,40.7,25.1,32.1,24.3
Chaguanas,2008-09-10,77.1,0.0,10.3,356.4,1012.7,53.3,7.6,227.13333333333333,19.613333333333333,21332,65355,0,33.2,24.1,28.6,39.3,24.1,31.9,23.9
Chaguanas,2008-09-11,80.4,0.0,15.0,86.6,1012.5,77.4,7.3,228.41333333333336,19.746666666666666,21328,65317,0,34.1,25.1,28.5,42.1,25.1,32.1,24.6
Chaguanas,2008-09-12,80.0,2.9972,8.1,131.6,1012.0,78.3,7.7,218.59333333333333,18.886666666666667,21325,65278,1,34.3,24.1,28.3,40.6,24.1,31.6,24.2
Chaguanas,2008-09-13,81.8,11.8872,13.9,86.8,1011.3,83.0,8.1,207.14666666666665,17.860000000000003,21321,65240,1,32.3,24.8,28.2,39.5,24.8,31.8,24.6
Chaguanas,2008-09-14,81.1,0.0,12.8,109.2,1011.5,64.8,8.2,230.4,19.886666666666667,21317,65201,0,33.1,25.1,28.1,39.4,25.1,31.1,24.3
Chaguanas,2008-09-15,83.0,0.0,11.4,105.3,1011.9,61.3,8.0,224.42000000000002,19.40666666666667,21313,65163,0,34.1,24.1,27.8,42.0,24.1,30.2,24.3
Chaguanas,2008-09-16,78.2,0.0,11.4,93.2,1012.5,83.3,8.0,218.83333333333334,18.92,21309,65124,0,34.2,25.1,29.1,40.7,25.1,32.9,24.5
Chaguanas,2008-09-17,84.2,0.508,9.2,79.5,1012.1,88.2,8.0,191.88,16.62,21305,65085,1,32.1,25.1,27.8,39.3,25.1,31.1,24.8
Chaguanas,2008-09-18,79.6,11.7094,8.1,48.1,1010.6,88.3,8.8,194.2133333333333,16.779999999999998,21301,65046,1,32.1,24.1,27.3,36.9,24.1,29.0,23.1
Chaguanas,2008-09-19,85.7,0.0,6.9,81.2,1010.5,91.3,8.4,211.48,18.28666666666667,21297,65007,0,30.1,25.1,26.8,35.2,25.1,28.7,24.1
Chaguanas,2008-09-20,84.8,5.6133999999999995,9.2,79.0,1012.0,90.4,7.4,215.26666666666668,18.633333333333333,21293,64969,1,33.1,24.1,27.5,40.7,24.1,30.6,24.6
Chaguanas,2008-09-21,81.2,0.0,11.4,88.2,1012.9,85.0,7.0,209.62,18.113333333333333,21289,64930,0,33.1,25.8,28.7,40.8,25.8,32.6,24.9
Chaguanas,2008-09-22,81.8,4.5973999999999995,10.3,77.4,1012.4,85.0,7.3,195.94666666666666,16.946666666666665,21285,64892,1,32.2,25.6,28.3,40.8,25.6,31.7,24.8
Chaguanas,2008-09-23,86.1,56.896,11.4,86.2,1010.4,64.6,8.7,208.16,18.026666666666664,21282,64853,1,34.1,23.7,26.7,41.7,23.7,28.7,23.9
Chaguanas,2008-09-24,82.7,6.095999999999999,9.2,138.6,1010.3,81.7,9.1,211.36666666666667,18.246666666666666,21278,64815,1,33.1,23.6,27.6,40.7,23.6,30.8,24.2
Chaguanas,2008-09-25,79.0,0.0,10.3,97.7,1011.5,81.7,8.9,216.24666666666664,18.68,21275,64777,0,33.1,24.1,27.9,39.4,24.1,30.7,23.7
Chaguanas,2008-09-26,76.1,0.0,11.4,90.4,1011.6,76.3,8.7,210.36,18.18,21272,64739,0,34.1,25.1,29.4,40.7,25.1,33.3,24.4
Chaguanas,2008-09-27,85.4,4.013199999999999,13.9,69.5,1011.2,76.4,7.2,211.12666666666667,18.259999999999998,21269,64701,1,32.1,24.1,26.9,39.3,24.1,28.9,24.1
Chaguanas,2008-09-28,84.5,11.2014,10.3,56.9,1010.8,77.1,7.8,222.59333333333333,19.19333333333333,21266,64663,1,33.2,23.1,27.1,39.7,23.1,29.6,24.1
Chaguanas,2008-09-29,82.2,2.4892,6.9,88.4,1011.2,70.4,9.1,217.02,18.759999999999998,21263,64626,1,35.1,23.1,27.8,42.1,23.1,31.3,24.2
Chaguanas,2008-09-30,77.2,0.0,9.2,91.0,1011.8,89.6,9.5,189.32666666666668,16.37333333333333,21261,64589,0,34.7,25.1,29.3,42.1,25.1,33.3,24.5
Chaguanas,2008-10-01,77.6,0.0,11.4,82.1,1011.3,80.9,8.0,213.26000000000002,18.453333333333333,21259,64552,0,34.1,24.1,29.1,40.7,24.1,32.7,24.3
Chaguanas,2008-10-02,77.4,0.9905999999999999,11.4,53.7,1010.3,84.3,7.8,198.6,17.166666666666668,21257,64516,1,35.1,24.8,29.4,42.1,24.8,33.7,24.7
Chaguanas,2008-10-03,83.4,5.08,15.0,74.6,1010.4,90.0,7.3,200.89333333333335,17.366666666666667,21256,64480,1,33.1,24.1,27.1,38.2,24.1,28.6,23.7
Chaguanas,2008-10-04,83.8,0.7874,10.3,68.6,1009.9,80.8,8.6,202.69333333333333,17.553333333333335,21255,64444,1,32.1,23.8,27.6,38.4,23.8,30.6,24.4
Chaguanas,2008-10-05,79.0,0.0,9.2,100.4,1009.9,50.0,8.9,190.43333333333334,16.453333333333333,21254,64409,0,34.1,23.1,28.6,43.7,23.1,32.7,24.3
Chaguanas,2008-10-06,86.0,7.899399999999999,9.2,91.9,1010.3,78.3,7.4,183.51333333333332,15.860000000000001,21253,64374,1,33.1,25.2,27.7,44.0,25.2,30.4,25.0
Chaguanas,2008-10-07,84.3,4.0893999999999995,9.2,91.0,1011.4,84.8,7.9,201.23999999999998,17.36,21253,64340,1,34.1,25.8,28.3,43.7,25.8,32.1,25.3
Chaguanas,2008-10-08,84.6,22.098,11.4,252.6,1012.3,76.7,7.2,191.60666666666665,16.546666666666667,21253,64306,1,32.1,25.1,27.4,40.8,25.1,30.2,24.4
Chaguanas,2008-10-09,89.6,38.099999999999994,13.9,157.3,1011.1,90.0,7.1,192.2866666666667,16.64,21254,64272,1,31.6,24.3,26.3,37.9,24.3,27.4,24.3
Chaguanas,2008-10-10,91.3,10.8966,10.3,218.4,1009.1,90.8,6.8,193.92000000000002,16.7,21255,64239,1,29.1,23.7,25.6,33.7,23.7,26.4,24.0
Chaguanas,2008-10-11,86.4,5.6133999999999995,11.4,111.4,1009.0,90.0,7.6,206.79333333333335,17.846666666666668,21256,64207,1,31.1,23.8,25.7,36.7,23.8,26.8,23.2
Chaguanas,2008-10-12,82.5,2.0065999999999997,13.9,78.1,1010.2,90.0,7.7,213.56,18.453333333333333,21258,64175,1,32.1,23.1,27.2,36.9,23.1,29.8,23.7
Chaguanas,2008-10-13,80.3,0.0,10.3,100.9,1008.8,85.4,8.2,208.37333333333333,17.986666666666668,21260,64143,0,33.6,25.1,28.6,39.8,25.1,32.0,24.5
Chaguanas,2008-10-14,80.2,0.0,11.4,91.5,1007.9,90.0,8.7,198.22666666666666,17.133333333333333,21263,64113,0,33.1,24.7,28.6,44.0,24.7,32.4,24.6
Chaguanas,2008-10-15,86.3,6.095999999999999,8.1,130.0,1010.6,90.0,8.4,208.76666666666668,18.026666666666664,21267,64083,1,32.1,24.1,27.1,39.3,24.1,29.8,24.4
Chaguanas,2008-10-16,79.0,0.0,11.4,73.3,1012.6,83.0,7.1,211.92000000000002,18.28666666666667,21270,64053,0,34.7,24.7,28.6,42.3,24.7,32.1,24.2
Chaguanas,2008-10-17,84.4,0.0,13.9,83.9,1013.5,52.9,7.5,189.11333333333332,16.38,21275,64024,0,33.1,25.1,27.5,40.7,25.1,30.2,24.4
Chaguanas,2008-10-18,78.5,2.3114,13.9,80.0,1012.0,83.8,8.1,181.17333333333332,15.666666666666666,21280,63996,1,33.1,23.8,28.2,38.8,23.8,30.9,23.7
Chaguanas,2008-10-19,92.8,51.308,8.1,63.1,1011.1,79.6,7.2,176.68666666666667,15.22,21285,63969,1,30.1,24.1,25.9,37.6,24.1,27.3,24.7
Chaguanas,2008-10-20,81.6,0.0,9.2,96.4,1012.1,53.8,8.7,194.84,16.84,21291,63942,0,34.1,24.1,28.2,42.1,24.1,31.8,24.6
Chaguanas,2008-10-21,87.3,0.0,11.4,64.6,1011.8,71.3,8.0,199.64,17.259999999999998,21298,63916,0,32.1,24.1,27.1,39.3,24.1,30.1,24.7
Chaguanas,2008-10-22,88.8,27.914599999999997,9.2,109.5,1011.1,80.4,6.7,198.22,17.10666666666667,21305,63891,1,31.1,24.1,26.5,37.9,24.1,28.1,24.4
Chaguanas,2008-10-23,95.4,5.6133999999999995,10.3,70.0,1011.1,87.1,6.2,206.16666666666666,17.846666666666668,21313,63867,1,27.1,24.1,24.9,30.8,24.1,25.3,24.2
Chaguanas,2008-10-24,85.3,13.9954,8.1,22.9,1011.4,72.7,7.5,199.66,17.246666666666666,21321,63843,1,34.1,23.1,26.7,39.5,23.1,28.5,23.8
Chaguanas,2008-10-25,87.9,0.0,11.4,52.6,1011.3,70.9,8.5,190.53333333333333,16.473333333333336,21330,63821,0,31.2,23.1,25.9,37.9,23.1,27.1,23.6
Chaguanas,2008-10-26,83.0,0.0,13.9,67.1,1011.5,90.0,7.7,167.65333333333334,14.446666666666667,21339,63799,0,31.1,23.7,26.9,36.7,23.7,29.2,23.7
Chaguanas,2008-10-27,80.3,0.9905999999999999,11.4,80.9,1012.2,62.1,7.9,184.50666666666666,15.96,21350,63778,1,33.1,24.1,27.6,37.2,24.1,29.6,23.5
Chaguanas,2008-10-28,79.5,0.0,12.8,70.8,1011.6,41.7,7.7,193.20666666666665,16.62666666666667,21361,63758,0,33.1,23.7,27.9,38.2,23.7,30.6,23.8
Chaguanas,2008-10-29,82.8,8.2042,12.8,73.1,1011.0,51.7,7.3,194.86666666666667,16.866666666666667,21372,63739,1,34.1,23.1,27.3,40.7,23.1,29.6,23.8
Chaguanas,2008-10-30,84.4,24.104599999999998,15.0,58.3,1011.1,65.0,6.9,186.98,16.173333333333332,21384,63720,1,31.1,24.1,27.0,37.9,24.1,29.1,24.0
Chaguanas,2008-10-31,83.8,0.7874,12.8,77.4,1011.0,47.5,8.2,196.66666666666666,17.006666666666668,21397,63703,1,32.2,23.8,27.2,38.2,23.8,29.5,24.0
Chaguanas,2008-11-01,84.9,2.0065999999999997,11.4,86.7,1010.5,66.7,7.3,191.38,16.546666666666667,21411,63687,1,32.1,24.1,26.9,38.1,24.1,28.9,24.0
Chaguanas,2008-11-02,81.6,0.9905999999999999,11.4,96.3,1011.3,40.4,8.4,173.06666666666666,14.986666666666668,21425,63671,1,32.1,24.1,27.7,39.3,24.1,30.5,24.0
Chaguanas,2008-11-03,77.1,0.0,10.3,85.1,1012.3,39.6,9.3,197.20666666666665,17.07333333333333,21440,63657,0,33.1,24.1,28.0,38.2,24.1,30.2,23.2
Chaguanas,2008-11-04,77.3,0.0,11.4,85.9,1011.8,32.1,9.1,189.99333333333334,16.44,21455,63643,0,33.1,23.1,27.7,38.2,23.1,29.8,22.9
Chaguanas,2008-11-05,82.7,11.9126,9.2,90.7,1011.5,43.3,8.4,183.03333333333333,15.8,21472,63631,1,33.2,23.1,27.2,39.3,23.1,29.3,23.7
Chaguanas,2008-11-06,83.7,0.9905999999999999,10.3,97.0,1011.1,56.3,8.3,174.18666666666667,15.026666666666667,21488,63620,1,34.1,23.1,27.4,40.7,23.1,30.3,24.2
Chaguanas,2008-11-07,83.2,10.8966,11.4,56.4,1010.2,63.3,7.7,197.62666666666667,17.073333333333334,21506,63609,1,33.2,23.1,27.0,38.7,23.1,29.4,23.7
Chaguanas,2008-11-08,82.7,0.9905999999999999,9.2,47.2,1009.6,51.3,7.8,178.6,15.453333333333335,21524,63600,1,34.1,23.1,27.3,44.3,23.1,29.7,23.7
Chaguanas,2008-11-09,80.4,0.9905999999999999,13.9,64.4,1010.2,32.1,8.3,164.91333333333333,14.186666666666667,21543,63592,1,34.1,22.8,27.6,39.5,22.8,30.3,23.6
Chaguanas,2008-11-10,83.0,7.899399999999999,12.8,109.2,1010.3,45.0,9.3,153.99333333333334,13.3,21563,63584,1,33.1,23.1,27.1,39.4,23.1,29.1,23.7
Chaguanas,2008-11-11,80.0,0.0,9.2,105.9,1009.7,45.8,8.2,180.42666666666668,15.633333333333333,21583,63578,0,33.1,24.1,27.4,38.2,24.1,29.7,23.3
Chaguanas,2008-11-12,82.1,0.9905999999999999,17.2,79.8,1009.0,66.3,7.4,184.0,15.926666666666668,21604,63573,1,32.1,23.7,26.9,39.3,23.7,29.1,23.4
Chaguanas,2008-11-13,79.7,0.0,13.9,91.4,1008.7,72.5,8.0,179.98666666666668,15.54,21626,63569,0,32.1,23.8,27.1,38.1,23.8,28.9,23.1
Chaguanas,2008-11-14,86.3,24.180799999999998,15.0,71.7,1008.0,60.6,7.2,174.11333333333332,15.06,21648,63566,1,31.2,24.1,26.4,37.9,24.1,27.9,23.9
Chaguanas,2008-11-15,92.3,16.2306,11.4,64.2,1008.4,89.2,7.5,185.48666666666665,16.006666666666668,21670,63564,1,27.1,23.7,25.3,30.2,23.7,25.6,23.9
Chaguanas,2008-11-16,90.1,9.398,24.2,119.5,1009.4,91.7,7.1,202.30666666666667,17.493333333333332,21694,63564,1,29.1,24.2,26.1,34.7,24.2,27.4,24.3
Chaguanas,2008-11-17,84.2,0.508,11.4,90.9,1009.2,86.5,7.3,188.87333333333333,16.37333333333333,21718,63564,1,32.1,23.1,26.8,39.3,23.1,28.9,23.7
Chaguanas,2008-11-18,85.8,0.7874,9.2,92.7,1008.9,88.8,7.9,193.83333333333334,16.733333333333334,21743,63566,1,31.1,23.1,26.3,36.7,23.1,27.7,23.6
Chaguanas,2008-11-19,87.1,0.9905999999999999,9.2,104.0,1008.3,72.9,8.3,201.33333333333334,17.413333333333334,21768,63568,1,32.1,23.6,26.2,38.1,23.6,28.2,23.8
Chaguanas,2008-11-20,84.4,9.906,11.4,78.0,1009.1,83.3,8.1,198.04,17.160000000000004,21793,63572,1,30.1,24.1,26.7,35.2,24.1,28.6,23.8
Chaguanas,2008-11-21,83.2,0.0,13.9,76.8,1010.7,86.5,7.9,196.19333333333333,16.973333333333333,21820,63576,0,31.1,24.6,27.1,36.7,24.6,29.2,23.8
Chaguanas,2008-11-22,78.9,0.0,13.9,83.6,1011.1,65.8,8.1,177.23999999999998,15.34,21847,63582,0,32.1,25.1,28.2,38.1,25.1,31.0,24.1
Chaguanas,2008-11-23,77.9,0.0,9.2,77.7,1010.3,69.2,7.9,166.36666666666667,14.386666666666667,21874,63589,0,33.1,24.1,28.1,38.2,24.1,30.7,23.6
Chaguanas,2008-11-24,83.1,7.112,13.9,61.0,1009.9,72.9,7.4,158.68666666666667,13.653333333333334,21902,63597,1,33.1,23.8,27.2,39.4,23.8,29.3,23.8
Chaguanas,2008-11-25,76.0,0.508,11.4,23.6,1009.7,62.5,8.2,167.83333333333334,14.526666666666667,21930,63606,1,33.1,23.8,27.8,37.2,23.8,29.8,22.8
Chaguanas,2008-11-26,82.1,7.112,16.1,68.4,1010.7,82.5,7.4,171.2133333333333,14.813333333333333,21959,63616,1,31.1,24.7,27.2,36.7,24.7,29.4,23.7
Chaguanas,2008-11-27,80.9,0.0,9.2,104.2,1011.5,86.7,7.7,160.63333333333333,13.866666666666667,21988,63627,0,34.1,24.1,27.1,36.6,24.1,28.4,23.1
Chaguanas,2008-11-28,78.4,0.0,12.8,61.5,1010.5,80.0,8.2,177.37333333333333,15.360000000000001,22017,63639,0,30.8,24.1,27.1,36.2,24.1,28.7,22.8
Chaguanas,2008-11-29,88.3,16.002,11.4,30.5,1011.0,75.8,6.2,187.17999999999998,16.2,22047,63652,1,30.1,24.1,25.7,36.3,24.1,26.7,23.6
Chaguanas,2008-11-30,82.7,4.0893999999999995,9.2,88.0,1011.4,83.8,8.0,169.57999999999998,14.680000000000001,22077,63666,1,32.1,24.1,27.2,36.9,24.1,29.4,23.8
Chaguanas,2008-12-01,85.9,1.778,11.4,69.3,1013.4,82.9,7.2,177.66666666666666,15.379999999999999,22108,63681,1,32.8,24.1,27.0,38.9,24.1,29.1,24.2
Chaguanas,2008-12-02,78.7,6.095999999999999,16.1,76.6,1013.0,68.3,7.3,184.83333333333334,16.026666666666667,22138,63697,1,33.1,24.1,27.4,37.2,24.1,29.0,22.9
Chaguanas,2008-12-03,77.0,0.0,12.8,92.0,1011.5,47.1,7.9,172.46,14.813333333333333,22169,63713,0,32.1,21.1,26.4,35.9,21.1,27.6,21.6
Chaguanas,2008-12-04,76.2,0.0,12.8,60.8,1010.9,47.0,8.4,168.24666666666664,14.520000000000001,22201,63731,0,31.1,21.7,26.5,34.7,21.7,27.7,21.6
Chaguanas,2008-12-05,84.4,9.194799999999999,11.4,138.3,1011.8,85.4,7.1,192.00666666666666,16.566666666666666,22232,63750,1,30.1,24.3,26.1,33.4,24.3,27.1,23.1
Chaguanas,2008-12-06,87.0,0.508,8.1,75.5,1012.4,86.5,7.5,198.34,17.146666666666665,22264,63770,1,30.1,24.1,26.2,35.2,24.1,27.7,23.8
Chaguanas,2008-12-07,91.7,9.8806,8.1,64.2,1013.1,87.1,5.9,167.55333333333334,14.493333333333334,22295,63790,1,30.1,24.1,25.7,35.3,24.1,26.8,24.1
Chaguanas,2008-12-08,77.9,0.3048,12.8,10.6,1013.5,78.3,8.3,164.87333333333333,14.286666666666667,22327,63811,1,31.1,22.8,26.4,33.8,22.8,27.5,21.9
Chaguanas,2008-12-09,78.0,0.3048,15.0,70.6,1013.0,53.9,9.0,176.17999999999998,15.246666666666668,22359,63833,1,31.1,21.1,25.7,35.6,21.1,26.7,21.3
Chaguanas,2008-12-10,72.1,0.9905999999999999,9.2,35.5,1011.2,50.4,9.0,183.55333333333334,15.886666666666667,22391,63856,1,32.1,22.1,26.4,33.8,22.1,27.3,20.6
Chaguanas,2008-12-11,76.9,0.0,15.0,76.5,1010.0,52.9,8.9,184.32666666666668,15.953333333333335,22423,63880,0,32.1,21.1,26.4,35.9,21.1,27.7,21.6
Chaguanas,2008-12-12,78.7,0.0,12.8,81.5,1010.2,53.8,8.2,179.58666666666667,15.54,22455,63904,0,33.1,22.1,26.9,38.2,22.1,28.7,22.5
Chaguanas,2008-12-13,77.3,0.0,11.4,85.4,1010.8,44.2,8.1,177.22666666666666,15.326666666666666,22486,63930,0,32.3,22.1,26.8,35.9,22.1,28.3,22.1
Chaguanas,2008-12-14,79.8,0.9905999999999999,10.3,29.7,1012.0,79.6,8.1,188.40666666666667,16.366666666666667,22518,63955,1,31.8,22.1,26.5,36.8,22.1,28.4,22.5
Chaguanas,2008-12-15,87.0,2.5146,18.3,69.8,1011.6,83.3,7.2,200.53333333333333,17.34,22550,63982,1,31.1,23.1,25.7,35.9,23.1,27.2,23.2
Chaguanas,2008-12-16,83.9,0.0,9.2,65.6,1009.9,76.3,6.8,198.34666666666666,17.16,22581,64009,0,30.1,22.8,26.0,35.2,22.8,27.6,22.9
Chaguanas,2008-12-17,85.6,4.3942,5.8,70.7,1010.1,86.5,6.8,198.6,17.146666666666665,22612,64037,1,29.1,23.1,25.3,31.8,23.1,25.8,22.6
Chaguanas,2008-12-18,84.8,2.0065999999999997,12.8,160.5,1010.6,79.6,7.0,195.64666666666665,16.933333333333334,22643,64065,1,30.6,23.1,25.9,34.6,23.1,27.1,22.9
Chaguanas,2008-12-19,90.5,16.281399999999998,11.4,6.3,1010.9,91.7,6.4,191.63333333333333,16.58,22674,64094,1,31.1,23.1,24.9,35.6,23.1,25.6,23.2
Chaguanas,2008-12-20,91.5,7.899399999999999,6.9,169.7,1009.9,85.8,5.7,197.17999999999998,17.006666666666668,22704,64123,1,31.1,23.1,25.1,35.6,23.1,25.6,23.4
Chaguanas,2008-12-21,78.5,14.706599999999998,11.4,61.2,1010.2,61.0,7.1,185.22,16.026666666666667,22734,64153,1,32.1,23.1,26.8,38.1,23.1,28.1,22.3
Chaguanas,2008-12-22,75.8,0.0,16.1,54.3,1011.8,64.6,7.7,191.72666666666666,16.593333333333334,22764,64183,0,31.1,22.8,26.8,34.7,22.8,28.3,21.8
Chaguanas,2008-12-23,68.8,0.0,17.2,66.0,1012.9,41.7,8.9,192.52666666666667,16.646666666666665,22793,64213,0,32.1,23.1,27.0,35.0,23.1,27.9,20.4
Chaguanas,2008-12-24,77.5,0.0,18.3,67.8,1012.1,49.6,7.7,186.6,16.14,22822,64244,0,32.1,22.1,26.8,35.9,22.1,28.3,22.2
Chaguanas,2008-12-25,72.3,0.0,18.3,63.0,1011.7,44.2,7.9,202.78,17.52,22850,64275,0,32.1,24.1,27.4,35.9,24.1,28.8,21.7
Chaguanas,2008-12-26,81.2,7.899399999999999,20.8,64.1,1011.4,77.9,6.1,202.57333333333332,17.566666666666666,22878,64307,1,30.1,23.1,25.8,33.4,23.1,26.7,22.2
Chaguanas,2008-12-27,78.3,0.0,13.9,58.3,1010.9,53.3,8.3,206.57333333333332,17.866666666666667,22905,64339,0,32.1,22.1,26.1,35.9,22.1,27.3,21.8
Chaguanas,2008-12-28,79.1,1.2953999999999999,16.1,68.7,1011.1,63.3,8.1,202.35333333333335,17.513333333333332,22932,64371,1,31.1,22.1,26.1,34.7,22.1,27.3,21.9
Chaguanas,2008-12-29,79.1,2.0065999999999997,15.0,63.1,1011.6,80.0,6.7,184.82000000000002,16.02,22958,64403,1,30.6,23.1,26.3,34.3,23.1,27.7,22.3
Chaguanas,2008-12-30,77.3,0.0,12.8,61.2,1011.4,79.6,8.5,184.62,16.033333333333335,22983,64435,0,29.1,22.3,25.8,31.4,22.3,26.6,21.3
Chaguanas,2008-12-31,79.2,0.0,13.9,78.6,1011.6,75.0,8.1,200.48666666666668,17.386666666666667,23008,64468,0,31.1,21.8,25.7,34.7,21.8,26.8,21.5
Chaguanas,2009-01-01,91.3,7.086600000000001,11.4,30.0,1011.6,85.4,6.2,194.26875,16.75,23031,64500,1,30.1,23.1,25.0,35.2,23.1,25.5,23.4
Chaguanas,2009-01-02,89.6,3.9878,15.0,91.6,1011.5,63.8,6.6,204.725,17.725,23054,64532,1,30.1,23.1,25.8,35.9,23.1,27.2,23.9
Chaguanas,2009-01-03,85.4,0.9905999999999999,17.2,72.5,1011.3,75.8,7.6,212.7125,18.4,23077,64565,1,31.1,23.1,26.8,36.7,23.1,29.5,24.0
Chaguanas,2009-01-04,78.0,0.3048,17.2,67.3,1011.9,71.7,7.6,203.375,17.63125,23099,64598,1,31.1,24.7,27.2,35.7,24.7,28.7,22.8
Chaguanas,2009-01-05,82.0,0.0,15.0,68.9,1012.3,77.6,7.6,196.34375,16.9625,23120,64630,0,31.1,23.1,26.4,35.6,23.1,28.0,22.9
Chaguanas,2009-01-06,76.3,0.0,17.2,66.8,1011.7,75.0,7.2,191.0875,16.5375,23140,64663,0,31.2,25.1,27.7,35.6,25.1,29.6,22.9
Chaguanas,2009-01-07,73.0,0.0,16.1,72.3,1012.2,43.2,7.2,190.05,16.4,23159,64695,0,31.2,23.6,27.4,34.2,23.6,28.7,21.8
Chaguanas,2009-01-08,73.4,0.0,11.4,80.8,1011.9,39.1,8.3,202.51875,17.4625,23178,64727,0,32.1,23.1,27.1,35.9,23.1,28.4,21.6
Chaguanas,2009-01-09,76.6,0.0,13.9,73.3,1013.1,50.4,7.9,197.95625,17.0875,23196,64760,0,31.1,21.7,26.5,34.7,21.7,28.0,21.7
Chaguanas,2009-01-10,78.2,2.9972,18.3,66.3,1013.6,62.5,7.4,205.875,17.825,23212,64792,1,31.1,23.8,26.7,34.7,23.8,28.2,22.4
Chaguanas,2009-01-11,77.1,2.0065999999999997,16.1,67.4,1013.6,50.4,7.3,215.96875,18.63125,23228,64823,1,29.1,23.7,25.9,31.9,23.7,26.6,21.4
Chaguanas,2009-01-12,76.6,4.5973999999999995,18.3,77.4,1013.6,48.8,7.7,209.2375,18.0875,23243,64855,1,30.1,21.1,25.6,32.0,21.1,26.4,20.9
Chaguanas,2009-01-13,74.2,2.0065999999999997,20.8,65.7,1013.7,39.6,8.0,211.90625,18.3375,23257,64886,1,31.1,22.1,26.5,33.8,22.1,27.6,21.2
Chaguanas,2009-01-14,83.1,16.205199999999998,18.3,68.2,1014.1,68.3,6.9,216.7625,18.75,23270,64917,1,30.2,23.1,25.4,33.0,23.1,26.2,22.2
Chaguanas,2009-01-15,74.2,0.0,16.1,75.0,1013.3,73.8,8.1,213.50625,18.425,23282,64947,0,31.1,23.1,26.4,33.7,23.1,27.2,21.1
Chaguanas,2009-01-16,80.7,0.0,9.2,104.2,1013.1,43.0,8.3,213.25,18.4375,23293,64977,0,31.6,21.1,25.6,35.6,21.1,26.9,21.8
Chaguanas,2009-01-17,90.3,16.3068,11.4,54.5,1013.9,65.8,6.8,216.7375,18.73125,23303,65007,1,29.1,23.1,25.3,33.7,23.1,26.2,23.6
Chaguanas,2009-01-18,83.3,5.1054,18.3,71.8,1013.8,64.8,7.7,220.3375,19.025,23312,65037,1,31.1,23.1,26.3,35.6,23.1,27.9,23.1
Chaguanas,2009-01-19,79.4,0.0,17.2,80.6,1013.1,59.6,8.4,218.14375,18.8625,23320,65065,0,31.1,23.7,26.9,35.6,23.7,28.8,22.8
Chaguanas,2009-01-20,80.7,2.9972,11.4,81.0,1013.6,71.7,7.7,228.18125,19.68125,23327,65094,1,31.8,23.1,26.7,35.4,23.1,28.2,22.8
Chaguanas,2009-01-21,81.7,0.0,15.0,72.2,1013.7,86.7,8.0,219.76874999999998,18.98125,23333,65122,0,31.1,23.8,26.8,35.6,23.8,28.6,23.2
Chaguanas,2009-01-22,85.9,5.715,13.9,64.7,1014.1,82.9,6.4,214.3375,18.49375,23338,65149,1,28.1,23.8,25.6,32.1,23.8,26.4,23.0
Chaguanas,2009-01-23,75.5,0.0,13.9,67.8,1013.4,80.0,8.2,221.075,19.05,23342,65176,0,31.1,22.1,26.6,34.1,22.1,27.8,21.7
Chaguanas,2009-01-24,76.9,0.3048,13.9,72.9,1012.0,70.8,8.1,232.95625,20.1125,23345,65203,1,31.1,23.1,26.4,35.6,23.1,27.7,21.7
Chaguanas,2009-01-25,79.3,0.0,12.8,59.1,1011.7,68.3,7.8,232.93125,20.14375,23347,65229,0,32.1,21.1,25.6,35.9,21.1,26.8,21.5
Chaguanas,2009-01-26,82.5,2.3114,17.2,71.7,1012.8,56.7,7.2,228.25625,19.68125,23348,65254,1,30.1,22.1,25.8,34.3,22.1,27.2,22.4
Chaguanas,2009-01-27,75.0,0.0,13.9,69.5,1013.1,44.6,7.7,218.59375,18.825,23347,65279,0,31.1,22.1,26.4,34.7,22.1,27.4,21.4
Chaguanas,2009-01-28,84.0,2.0065999999999997,19.5,53.7,1012.7,55.8,7.5,222.40625,19.1875,23346,65303,1,29.1,23.1,25.6,32.8,23.1,26.6,22.5
Chaguanas,2009-01-29,90.1,11.684,16.1,69.2,1012.6,74.2,6.4,217.64375,18.7625,23344,65327,1,30.1,23.3,25.3,35.2,23.3,25.8,23.6
Chaguanas,2009-01-30,89.4,15.011399999999998,11.4,73.9,1012.6,86.3,6.0,228.8625,19.75625,23340,65350,1,29.1,23.8,25.6,33.7,23.8,26.8,23.7
Chaguanas,2009-01-31,81.5,2.9972,13.9,78.7,1012.7,75.0,7.2,237.98125,20.50625,23336,65372,1,31.2,23.7,26.5,34.6,23.7,27.9,22.8
Chaguanas,2009-02-01,80.9,2.5146,15.0,67.2,1012.6,59.2,8.0,237.2125,20.45625,23330,65394,1,31.1,23.3,26.5,34.7,23.3,27.9,22.7
Chaguanas,2009-02-02,91.7,17.779999999999998,19.5,66.9,1012.0,82.9,4.8,237.0625,20.425,23324,65415,1,27.1,23.1,24.7,30.2,23.1,25.1,23.2
Chaguanas,2009-02-03,80.9,6.095999999999999,17.2,75.5,1012.7,66.3,8.4,233.1,20.08125,23316,65436,1,30.1,24.1,26.3,34.7,24.1,27.5,22.6
Chaguanas,2009-02-04,89.2,28.701999999999995,15.0,76.2,1014.4,70.0,6.3,230.4875,19.83125,23307,65456,1,30.1,23.1,25.2,35.2,23.1,26.1,23.1
Chaguanas,2009-02-05,82.4,4.0893999999999995,13.9,60.4,1014.0,59.3,7.5,222.24375,19.1875,23298,65475,1,31.2,24.1,25.6,34.9,24.1,26.3,22.2
Chaguanas,2009-02-06,72.8,0.0,13.9,66.9,1014.0,48.6,8.0,225.9875,19.46875,23287,65494,0,32.1,22.2,26.8,34.3,22.2,27.7,21.0
Chaguanas,2009-02-07,81.4,0.0,17.2,55.4,1014.5,70.0,7.8,236.61249999999998,20.41875,23276,65512,0,30.1,22.8,25.4,33.4,22.8,26.2,21.8
Chaguanas,2009-02-08,76.6,0.0,12.8,65.7,1013.7,88.2,7.9,235.925,20.3625,23263,65529,0,30.1,24.1,26.3,33.4,24.1,27.3,21.8
Chaguanas,2009-02-09,88.3,25.1206,11.4,76.1,1012.9,85.8,6.1,242.71875,20.975,23250,65546,1,29.1,23.1,24.9,32.8,23.1,25.5,22.8
Chaguanas,2009-02-10,86.4,12.9794,9.2,75.5,1013.5,95.2,6.2,237.66875000000002,20.51875,23236,65562,1,27.6,24.1,25.2,30.4,24.1,25.6,22.7
Chaguanas,2009-02-11,72.0,0.0,18.3,63.6,1014.2,90.0,7.8,243.94375,21.0875,23220,65577,0,30.1,23.3,26.8,32.7,23.3,27.8,21.2
Chaguanas,2009-02-12,81.6,1.016,16.1,61.6,1013.2,82.1,6.1,236.78125,20.39375,23204,65592,1,30.8,23.1,25.6,33.7,23.1,26.5,22.0
Chaguanas,2009-02-13,74.6,0.0,13.9,52.3,1011.7,51.3,8.3,247.45625,21.375,23187,65606,0,30.1,23.1,25.8,32.7,23.1,26.5,20.7
Chaguanas,2009-02-14,72.4,0.0,13.9,64.5,1011.5,83.0,8.3,228.31875,19.73125,23169,65620,0,31.1,22.1,25.9,32.7,22.1,26.7,20.2
Chaguanas,2009-02-15,84.1,8.889999999999999,15.0,64.6,1011.3,89.1,6.7,245.60625000000002,21.25,23150,65632,1,29.1,23.1,25.3,32.1,23.1,26.1,22.2
Chaguanas,2009-02-16,84.7,26.695399999999996,18.3,69.6,1011.0,76.5,6.0,247.9875,21.41875,23130,65645,1,30.2,23.1,26.2,34.5,23.1,27.6,23.2
Chaguanas,2009-02-17,84.6,1.2953999999999999,15.0,65.5,1011.7,77.9,7.0,241.34375,20.8625,23110,65656,1,30.2,24.1,26.1,34.3,24.1,27.1,23.1
Chaguanas,2009-02-18,77.8,3.8099999999999996,17.2,65.8,1012.6,48.2,7.9,244.2625,21.125,23089,65668,1,31.1,22.8,26.6,34.7,22.8,27.9,22.1
Chaguanas,2009-02-19,68.6,0.0,13.9,72.4,1012.3,69.6,8.3,246.68125,21.35,23066,65678,0,31.1,22.1,26.3,32.5,22.1,26.8,19.6
Chaguanas,2009-02-20,81.2,0.9905999999999999,19.5,64.7,1011.4,70.8,6.7,253.7125,21.93125,23044,65688,1,29.1,22.1,25.3,31.4,22.1,26.0,21.7
Chaguanas,2009-02-21,78.6,4.0893999999999995,18.3,58.8,1012.7,74.8,6.6,257.3875,22.21875,23020,65698,1,29.1,23.3,25.8,32.1,23.3,26.7,21.7
Chaguanas,2009-02-22,79.5,4.8006,20.8,60.6,1014.1,71.3,6.7,237.5375,20.53125,22996,65706,1,29.6,22.1,25.4,32.1,22.1,26.2,21.5
Chaguanas,2009-02-23,80.4,5.1054,15.0,68.9,1013.6,56.8,7.7,244.85625,21.15625,22970,65715,1,29.1,22.1,24.9,31.1,22.1,25.5,21.1
Chaguanas,2009-02-24,75.1,0.0,13.9,60.0,1012.3,54.6,7.5,238.98125,20.6375,22945,65723,0,30.1,22.1,25.3,32.0,22.1,25.8,20.3
Chaguanas,2009-02-25,72.5,0.0,16.1,71.1,1011.7,65.2,8.4,247.4375,21.43125,22918,65730,0,31.1,23.1,26.5,33.1,23.1,27.3,20.8
Chaguanas,2009-02-26,76.6,4.0893999999999995,15.0,76.8,1012.1,70.9,7.9,257.125,22.19375,22891,65737,1,30.1,23.1,25.7,32.1,23.1,26.4,20.9
Chaguanas,2009-02-27,77.1,0.0,13.9,69.8,1011.5,70.4,8.5,247.29375,21.375,22863,65743,0,31.1,20.8,25.7,33.8,20.8,26.7,21.0
Chaguanas,2009-02-28,85.3,0.508,13.9,76.9,1011.7,79.2,7.5,259.675,22.4625,22835,65749,1,28.1,22.1,24.9,31.4,22.1,25.3,22.2
Chaguanas,2009-03-01,78.1,0.0,11.4,91.3,1012.2,80.8,9.1,255.96875,22.09375,22806,65754,0,30.7,21.1,26.0,34.2,21.1,27.2,21.6
Chaguanas,2009-03-02,88.5,1.2953999999999999,11.4,74.5,1012.3,85.8,7.2,252.43125,21.81875,22777,65759,1,28.1,23.1,25.0,31.4,23.1,25.5,22.9
Chaguanas,2009-03-03,83.9,1.4986,16.1,73.1,1013.0,85.4,7.3,261.51875,22.63125,22747,65764,1,30.1,23.1,25.9,34.3,23.1,27.3,22.8
Chaguanas,2009-03-04,87.4,8.102599999999999,15.0,55.3,1013.3,82.2,7.3,247.98125,21.43125,22716,65768,1,28.1,23.7,25.2,31.4,23.7,26.0,22.9
Chaguanas,2009-03-05,78.5,0.0,11.4,58.8,1013.0,79.2,7.7,251.1125,21.625,22685,65772,0,32.1,23.1,26.3,35.9,23.1,27.6,22.1
Chaguanas,2009-03-06,78.6,0.0,5.8,52.5,1013.1,88.3,8.0,257.06875,22.21875,22654,65775,0,33.1,22.6,26.1,36.2,22.6,27.1,21.8
Chaguanas,2009-03-07,70.5,0.0,16.1,337.2,1013.2,76.7,8.5,257.025,22.20625,22622,65778,0,32.2,23.1,26.7,33.7,23.1,27.6,20.4
Chaguanas,2009-03-08,63.3,0.0,20.8,0.4,1013.1,54.2,8.1,259.43125,22.41875,22590,65781,0,30.7,22.1,26.3,31.3,22.1,26.6,18.3
Chaguanas,2009-03-09,69.4,0.3048,12.8,343.5,1013.6,67.4,8.1,259.66875,22.43125,22557,65783,1,31.1,20.1,24.8,31.1,20.1,24.9,18.0
Chaguanas,2009-03-10,66.0,0.0,13.9,345.8,1012.8,77.9,8.9,244.58125,21.14375,22524,65785,0,31.1,19.6,24.9,30.3,19.6,24.9,17.3
Chaguanas,2009-03-11,75.4,0.0,9.2,0.1,1012.1,77.4,9.0,247.13750000000002,21.3375,22491,65787,0,29.2,19.8,24.6,31.0,19.8,25.1,19.6
Chaguanas,2009-03-12,74.8,0.0,11.4,49.8,1012.3,88.3,8.2,257.76875,22.24375,22457,65788,0,29.1,23.1,25.8,31.4,23.1,26.6,20.9
Chaguanas,2009-03-13,67.9,0.3048,13.9,28.5,1012.3,80.4,8.2,259.16875,22.4,22423,65789,1,31.6,22.8,26.3,33.1,22.8,26.9,19.7
Chaguanas,2009-03-14,76.5,0.7874,15.0,64.3,1013.7,65.4,7.1,259.6625,22.41875,22389,65790,1,29.1,21.6,25.1,32.1,21.6,25.5,20.5
Chaguanas,2009-03-15,79.0,0.508,17.2,58.0,1015.1,68.8,7.2,249.7,21.5375,22354,65791,1,28.1,23.1,25.2,30.8,23.1,25.6,21.2
Chaguanas,2009-03-16,73.7,0.0,12.8,69.4,1014.9,65.8,8.2,255.29375,22.03125,22319,65792,0,30.1,21.1,25.8,32.0,21.1,26.5,20.5
Chaguanas,2009-03-17,68.6,0.0,16.1,76.0,1012.5,67.9,9.0,280.08125,24.14375,22284,65792,0,31.2,20.1,25.8,32.5,20.1,26.2,19.0
Chaguanas,2009-03-18,73.0,0.0,13.9,72.0,1011.7,48.3,8.1,276.58125,23.85625,22249,65792,0,31.3,20.1,26.1,33.8,20.1,27.1,20.5
Chaguanas,2009-03-19,80.3,5.0038,16.1,68.2,1011.3,70.8,7.2,268.6375,23.18125,22214,65792,1,29.1,23.8,25.8,32.1,23.8,26.8,22.1
Chaguanas,2009-03-20,73.8,0.0,16.1,67.6,1010.9,44.2,9.1,267.8625,23.10625,22178,65792,0,32.1,23.1,27.0,35.0,23.1,28.2,21.6
Chaguanas,2009-03-21,75.3,0.0,16.1,77.5,1011.0,44.3,8.2,261.53125,22.60625,22143,65792,0,31.2,24.1,26.9,34.4,24.1,28.2,22.0
Chaguanas,2009-03-22,73.9,0.0,13.9,72.1,1010.9,60.8,7.6,265.6375,22.91875,22107,65792,0,32.6,21.6,27.1,35.9,21.6,28.5,21.5
Chaguanas,2009-03-23,72.1,0.0,28.9,62.5,1011.0,60.4,8.2,261.8125,22.625,22072,65791,0,33.1,21.1,26.6,35.4,21.1,27.6,20.6
Chaguanas,2009-03-24,73.1,0.0,12.8,63.5,1011.2,57.1,8.3,275.90625,23.825,22036,65791,0,32.3,21.1,26.4,35.0,21.1,27.4,20.7
Chaguanas,2009-03-25,74.0,0.0,10.3,18.9,1011.0,74.2,8.3,268.4,23.15,22000,65790,0,31.7,21.1,26.2,33.8,21.1,27.2,20.8
Chaguanas,2009-03-26,72.1,0.0,10.3,349.3,1011.0,87.9,8.7,265.40625,22.89375,21964,65790,0,33.1,22.1,27.1,35.0,22.1,28.1,21.0
Chaguanas,2009-03-27,84.6,0.6096,15.0,79.7,1011.5,90.0,7.2,273.1875,23.6125,21928,65789,1,31.1,24.1,26.1,35.6,24.1,27.4,23.2
Chaguanas,2009-03-28,81.9,7.7978,16.1,73.2,1012.3,88.8,7.0,272.39375,23.525,21893,65789,1,31.1,23.8,26.9,35.6,23.8,28.6,23.3
Chaguanas,2009-03-29,77.4,0.0,16.1,72.6,1012.1,68.3,7.7,268.0625,23.15,21857,65788,0,32.1,23.1,26.9,35.9,23.1,28.6,22.3
Chaguanas,2009-03-30,70.5,0.0,15.0,73.2,1012.5,76.7,8.5,270.40625,23.34375,21822,65788,0,32.1,23.8,27.3,35.0,23.8,28.3,21.1
Chaguanas,2009-03-31,70.9,0.0,17.2,73.6,1012.3,88.3,8.0,251.825,21.79375,21786,65788,0,32.1,23.1,26.8,33.6,23.1,27.6,20.6
Chaguanas,2009-04-01,66.1,0.0,13.9,66.4,1012.4,61.3,8.5,265.15625,22.95,21751,65787,0,32.1,21.1,26.8,33.3,21.1,27.4,19.4
Chaguanas,2009-04-02,68.8,0.0,13.9,76.9,1011.7,49.2,8.7,265.575,22.93125,21716,65787,0,32.1,21.7,26.4,34.3,21.7,27.2,19.8
Chaguanas,2009-04-03,71.6,0.0,13.9,70.6,1012.2,73.3,8.7,269.6125,23.275,21681,65787,0,31.3,20.1,26.1,33.3,20.1,26.9,20.1
Chaguanas,2009-04-04,67.8,0.0,15.0,70.8,1012.5,31.4,8.5,272.5625,23.55625,21646,65787,0,33.1,21.1,26.7,34.1,21.1,27.2,19.6
Chaguanas,2009-04-05,66.2,0.0,11.4,69.1,1011.8,40.0,7.5,268.46875,23.2,21611,65787,0,32.3,21.1,26.8,32.5,21.1,27.1,19.1
Chaguanas,2009-04-06,73.3,0.0,13.9,88.6,1011.8,76.1,7.9,260.45625,22.5,21577,65787,0,32.3,23.1,26.9,35.4,23.1,28.4,21.5
Chaguanas,2009-04-07,82.4,0.0,13.9,82.4,1012.7,80.8,6.5,268.21875,23.1625,21543,65788,0,32.1,23.1,26.5,36.9,23.1,28.2,23.1
Chaguanas,2009-04-08,84.1,23.0886,11.4,82.4,1013.4,87.5,7.1,265.01875,22.9125,21509,65788,1,31.1,23.7,26.4,36.7,23.7,28.1,23.3
Chaguanas,2009-04-09,78.7,0.9905999999999999,16.1,71.2,1013.6,82.1,7.6,270.33125,23.34375,21476,65789,1,31.8,24.1,27.1,35.3,24.1,28.6,22.7
Chaguanas,2009-04-10,74.2,0.3048,16.1,63.6,1014.4,73.3,8.1,268.3,23.21875,21443,65790,1,32.2,24.1,27.4,35.4,24.1,28.8,22.1
Chaguanas,2009-04-11,71.3,0.0,16.1,66.9,1013.7,62.5,8.0,273.4625,23.575,21410,65791,0,31.1,22.6,26.9,33.9,22.6,28.2,21.1
Chaguanas,2009-04-12,72.4,0.0,11.4,71.5,1012.8,48.3,8.1,265.35625,22.88125,21378,65793,0,32.1,23.1,26.9,35.9,23.1,28.1,21.2
Chaguanas,2009-04-13,75.0,0.0,13.9,61.8,1013.3,57.0,8.1,262.10625,22.6375,21345,65794,0,31.1,23.1,26.6,34.7,23.1,27.9,21.6
Chaguanas,2009-04-14,70.7,0.3048,16.1,66.1,1013.9,50.0,8.1,248.95,21.5125,21314,65796,1,32.1,23.1,27.3,35.0,23.1,28.6,21.2
Chaguanas,2009-04-15,77.2,0.508,18.3,65.2,1014.4,68.3,7.3,248.51875,21.40625,21283,65799,1,31.6,23.8,26.8,34.7,23.8,28.1,22.2
Chaguanas,2009-04-16,73.7,0.0,16.1,78.2,1014.1,85.8,7.4,261.5125,22.61875,21252,65801,0,31.7,24.1,27.4,34.7,24.1,28.7,22.0
Chaguanas,2009-04-17,74.0,0.0,21.9,73.8,1012.3,64.6,8.3,257.4875,22.2375,21222,65804,0,32.1,24.1,27.7,35.0,24.1,29.4,22.4
Chaguanas,2009-04-18,76.4,0.0,13.9,79.6,1011.3,90.0,8.2,265.80625,22.98125,21192,65807,0,32.1,24.7,27.9,36.9,24.7,30.4,23.2
Chaguanas,2009-04-19,75.1,0.0,21.9,69.4,1011.6,79.6,8.5,252.24375,21.7875,21162,65810,0,33.1,25.1,28.7,38.2,25.1,31.2,23.4
Chaguanas,2009-04-20,77.9,0.9905999999999999,16.1,67.3,1013.1,79.2,7.7,249.2125,21.53125,21134,65814,1,32.3,25.3,28.2,36.9,25.3,30.7,23.7
Chaguanas,2009-04-21,74.1,0.0,20.8,55.3,1014.4,75.8,7.0,254.03125,21.96875,21105,65818,0,32.2,25.1,28.2,36.3,25.1,30.7,22.9
Chaguanas,2009-04-22,69.7,0.0,19.5,59.1,1014.6,43.9,8.4,262.1875,22.64375,21078,65822,0,33.1,24.3,28.3,37.2,24.3,30.0,21.9
Chaguanas,2009-04-23,71.4,0.9905999999999999,20.8,57.3,1013.7,49.2,8.1,258.925,22.4125,21051,65827,1,32.1,24.1,27.3,34.3,24.1,28.5,21.4
Chaguanas,2009-04-24,69.1,0.0,16.1,77.0,1013.4,36.3,7.8,257.925,22.25625,21024,65832,0,33.1,23.1,27.3,35.4,23.1,28.3,20.6
Chaguanas,2009-04-25,71.2,0.0,11.4,67.9,1013.3,41.4,8.3,256.63125,22.1375,20998,65837,0,33.2,22.1,27.2,36.2,22.1,28.4,21.0
Chaguanas,2009-04-26,72.8,0.0,17.2,71.4,1013.9,56.1,7.2,263.58125,22.76875,20973,65843,0,33.1,23.1,27.7,38.2,23.1,29.3,22.0
Chaguanas,2009-04-27,69.4,0.0,16.1,62.6,1013.8,73.8,7.9,250.24375,21.5875,20948,65849,0,33.1,24.1,28.1,36.2,24.1,29.4,21.6
Chaguanas,2009-04-28,69.7,0.0,17.2,64.6,1013.6,52.9,8.2,263.5875,22.7875,20924,65856,0,33.1,24.1,28.2,36.2,24.1,29.7,21.7
Chaguanas,2009-04-29,70.1,0.0,15.0,81.2,1012.9,54.2,7.5,238.16666666666666,20.540000000000003,20900,65863,0,33.1,23.6,28.2,35.4,23.6,29.5,21.7
Chaguanas,2009-04-30,73.8,0.0,13.9,72.5,1013.2,75.8,6.9,257.8666666666667,22.206666666666667,20878,65870,0,33.3,24.1,28.2,37.2,24.1,30.6,22.7
Chaguanas,2009-05-01,71.8,0.0,18.3,79.8,1013.5,88.3,5.9,247.73999999999998,21.413333333333334,20856,65877,0,34.1,26.1,29.1,37.8,26.1,31.9,23.1
Chaguanas,2009-05-02,75.5,0.0,11.4,73.6,1013.0,76.3,5.5,234.01333333333332,20.2,20834,65885,0,33.7,25.1,28.4,37.9,25.1,31.0,23.3
Chaguanas,2009-05-03,85.0,38.785799999999995,11.4,101.5,1012.9,67.5,6.4,231.70666666666665,19.966666666666665,20813,65894,1,33.1,24.7,26.8,50.6,24.7,29.1,24.0
Chaguanas,2009-05-04,74.0,0.0,13.9,83.6,1012.8,69.2,7.2,241.07999999999998,20.80666666666667,20793,65903,0,33.2,24.3,28.2,37.2,24.3,29.8,22.6
Chaguanas,2009-05-05,71.6,0.0,15.0,76.8,1013.4,46.3,7.5,264.29333333333335,22.793333333333333,20774,65912,0,33.2,24.1,28.1,35.9,24.1,29.6,22.1
Chaguanas,2009-05-06,76.8,1.9811999999999999,17.2,73.4,1013.7,67.5,7.9,262.11333333333334,22.613333333333333,20756,65921,1,32.1,24.1,27.8,36.9,24.1,30.2,23.1
Chaguanas,2009-05-07,84.3,12.496799999999999,15.0,62.0,1013.6,80.8,7.1,264.64666666666665,22.826666666666664,20738,65931,1,31.3,24.3,26.8,36.0,24.3,28.3,23.7
Chaguanas,2009-05-08,78.0,0.0,16.1,72.9,1013.4,75.8,6.5,235.8,20.346666666666668,20721,65941,0,31.1,25.8,27.8,35.6,25.8,30.1,23.5
Chaguanas,2009-05-09,78.3,4.0893999999999995,18.3,70.3,1014.1,63.9,5.6,250.46666666666667,21.66,20705,65952,1,32.1,24.1,27.5,35.9,24.1,29.2,23.1
Chaguanas,2009-05-10,76.6,4.0893999999999995,16.1,55.2,1013.3,54.2,6.7,248.47333333333333,21.446666666666665,20689,65963,1,31.8,24.1,27.4,35.4,24.1,29.1,22.6
Chaguanas,2009-05-11,73.6,0.0,16.1,70.3,1012.2,36.3,7.5,268.72,23.173333333333336,20675,65974,0,32.1,22.8,27.0,34.3,22.8,28.2,21.4
Chaguanas,2009-05-12,73.4,0.0,13.9,72.6,1011.7,48.3,7.8,257.70666666666665,22.253333333333334,20661,65986,0,32.1,23.2,27.5,35.2,23.2,29.1,22.0
Chaguanas,2009-05-13,78.6,1.2953999999999999,16.1,70.7,1011.8,59.6,6.7,262.8666666666667,22.740000000000002,20648,65998,1,33.1,24.1,27.3,37.2,24.1,28.9,23.0
Chaguanas,2009-05-14,78.1,2.3114,16.1,76.5,1012.4,74.8,8.1,232.56666666666666,20.040000000000003,20635,66010,1,32.1,23.8,27.6,35.9,23.8,29.6,23.1
Chaguanas,2009-05-15,74.8,0.0,21.9,81.9,1011.1,88.3,8.3,233.01333333333332,20.086666666666666,20624,66023,0,32.1,24.8,28.0,35.9,24.8,30.1,22.8
Chaguanas,2009-05-16,75.1,0.0,17.2,90.1,1010.9,87.9,6.7,243.88666666666668,21.046666666666667,20613,66036,0,32.1,25.1,28.2,35.9,25.1,30.2,23.0
Chaguanas,2009-05-17,74.9,57.91199999999999,13.9,91.6,1010.8,90.0,7.3,252.86,21.813333333333333,20603,66050,1,33.1,24.7,28.0,36.2,24.7,29.7,22.8
Chaguanas,2009-05-18,72.5,0.0,16.1,91.3,1011.8,90.0,6.8,246.94,21.3,20594,66063,0,32.7,24.8,28.7,36.7,24.8,31.5,23.0
Chaguanas,2009-05-19,81.3,0.9905999999999999,18.3,80.8,1012.3,90.0,6.7,241.22,20.853333333333335,20586,66077,1,31.7,26.1,28.1,38.2,26.1,31.3,24.4
Chaguanas,2009-05-20,79.1,0.0,16.1,86.9,1012.3,79.6,7.6,253.73999999999998,21.90666666666667,20578,66091,0,33.1,25.1,28.4,38.2,25.1,31.2,24.1
Chaguanas,2009-05-21,76.6,0.0,17.2,75.1,1012.3,60.4,7.1,238.2,20.546666666666667,20572,66106,0,33.1,25.1,28.5,38.2,25.1,31.3,23.7
Chaguanas,2009-05-22,75.7,0.3048,15.0,81.3,1012.7,56.3,7.7,227.32666666666668,19.613333333333333,20566,66121,1,32.8,25.1,28.5,38.1,25.1,31.0,23.4
Chaguanas,2009-05-23,74.2,0.0,15.0,72.2,1013.7,48.8,6.0,229.28666666666666,19.8,20561,66136,0,33.2,25.1,28.6,37.2,25.1,30.8,23.1
Chaguanas,2009-05-24,73.4,0.0,15.0,70.3,1013.6,41.7,8.0,246.92666666666668,21.32,20556,66151,0,33.6,24.7,28.7,37.4,24.7,31.3,23.1
Chaguanas,2009-05-25,79.6,2.9972,13.9,71.5,1013.2,57.5,7.4,236.34,20.386666666666667,20553,66166,1,32.1,24.7,27.9,36.9,24.7,31.0,23.9
Chaguanas,2009-05-26,74.9,0.0,16.1,77.5,1013.1,51.7,6.9,217.10666666666665,18.71333333333333,20550,66182,0,33.1,26.1,28.8,38.2,26.1,31.7,23.6
Chaguanas,2009-05-27,73.3,0.9905999999999999,17.2,67.4,1013.0,59.6,7.4,220.18666666666664,19.040000000000003,20548,66198,1,33.1,25.7,28.8,36.2,25.7,31.4,23.2
Chaguanas,2009-05-28,71.5,0.3048,27.5,59.2,1013.7,47.9,6.8,215.73999999999998,18.633333333333333,20547,66214,1,33.1,25.6,28.7,36.2,25.6,30.8,22.7
Chaguanas,2009-05-29,70.4,0.0,17.2,60.2,1014.6,75.0,7.9,199.63333333333333,17.220000000000002,20546,66230,0,33.1,24.3,28.5,35.9,24.3,30.4,22.2
Chaguanas,2009-05-30,70.4,0.0,16.1,55.4,1013.9,90.0,8.0,209.70666666666665,18.10666666666667,20547,66246,0,32.3,23.8,28.1,35.9,23.8,29.6,21.8
Chaguanas,2009-05-31,74.6,2.9972,16.1,75.0,1013.3,90.0,7.8,212.6,18.4,20548,66262,1,33.1,24.1,27.9,36.2,24.1,29.6,22.6
Chaguanas,2009-06-01,86.1,5.1054,13.9,61.9,1013.3,80.0,5.8,214.44,18.506666666666668,20550,66279,1,31.1,24.1,26.6,36.7,24.1,28.4,24.0
Chaguanas,2009-06-02,79.0,0.508,13.9,84.6,1012.9,75.4,6.2,216.22666666666666,18.68,20552,66295,1,32.1,25.3,28.1,37.1,25.3,30.6,23.8
Chaguanas,2009-06-03,73.6,0.508,15.0,88.1,1013.2,77.5,6.9,231.82000000000002,20.0,20555,66311,1,33.1,24.3,28.0,36.2,24.3,29.6,22.4
Chaguanas,2009-06-04,76.3,0.0,17.2,117.7,1013.2,90.0,7.5,219.78666666666666,18.98,20559,66328,0,32.1,24.1,27.5,35.9,24.1,29.2,22.7
Chaguanas,2009-06-05,84.7,5.9944,18.3,72.6,1013.6,71.7,7.1,191.91333333333333,16.533333333333335,20564,66344,1,30.1,24.1,26.4,34.6,24.1,28.2,23.6
Chaguanas,2009-06-06,75.8,0.0,20.8,68.3,1013.9,66.7,7.7,201.88666666666668,17.453333333333333,20569,66361,0,33.2,23.1,28.2,38.2,23.1,30.6,23.1
Chaguanas,2009-06-07,87.9,0.9905999999999999,13.9,62.5,1012.8,85.4,5.7,220.2866666666667,18.98,20575,66377,1,29.7,25.1,27.0,35.8,25.1,29.6,24.8
Chaguanas,2009-06-08,78.5,0.508,15.0,77.4,1013.1,80.0,5.3,216.25333333333336,18.686666666666667,20581,66393,1,32.1,25.1,28.2,36.9,25.1,30.6,23.7
Chaguanas,2009-06-09,78.5,0.0,18.3,62.4,1013.2,55.2,7.2,226.53333333333333,19.506666666666668,20588,66409,0,32.1,25.1,27.9,36.9,25.1,29.9,23.5
Chaguanas,2009-06-10,74.9,0.0,16.1,75.4,1013.1,51.7,7.9,214.48666666666668,18.493333333333332,20596,66425,0,33.1,23.8,27.7,36.2,23.8,29.3,22.4
Chaguanas,2009-06-11,71.1,0.0,15.0,63.1,1014.1,35.4,8.7,213.72,18.426666666666666,20604,66441,0,33.2,23.8,28.2,36.9,23.8,29.7,21.8
Chaguanas,2009-06-12,77.6,0.508,16.1,70.9,1013.9,63.3,7.6,225.53333333333333,19.433333333333334,20613,66457,1,34.1,24.3,28.1,48.2,24.3,30.7,23.6
Chaguanas,2009-06-13,90.7,51.0794,13.9,78.3,1014.2,88.7,6.9,202.34,17.433333333333334,20623,66472,1,28.1,23.8,25.4,32.1,23.8,25.9,23.8
Chaguanas,2009-06-14,79.0,0.0,16.1,86.1,1013.3,54.5,7.9,226.63333333333333,19.533333333333335,20633,66488,0,32.1,23.1,27.4,36.9,23.1,29.8,23.2
Chaguanas,2009-06-15,86.1,11.684,10.3,76.1,1013.3,68.7,6.9,193.14666666666665,16.666666666666668,20643,66503,1,30.1,24.8,26.8,35.2,24.8,28.9,24.2
Chaguanas,2009-06-16,78.8,0.0,13.9,79.8,1013.9,52.2,7.7,209.57333333333332,18.073333333333334,20654,66517,0,32.1,24.1,27.9,38.1,24.1,30.3,23.6
Chaguanas,2009-06-17,77.7,0.9905999999999999,16.1,79.3,1013.4,69.6,7.4,204.21999999999997,17.626666666666665,20665,66532,1,32.3,24.1,27.8,36.9,24.1,29.7,23.2
Chaguanas,2009-06-18,73.4,0.0,15.0,69.9,1012.3,83.3,8.7,192.30666666666667,16.593333333333334,20677,66546,0,33.1,24.1,27.7,36.2,24.1,29.3,22.2
Chaguanas,2009-06-19,73.4,0.0,16.1,68.6,1011.7,47.8,9.1,193.28,16.7,20689,66560,0,32.7,23.1,27.6,35.8,23.1,29.2,22.0
Chaguanas,2009-06-20,74.5,0.0,13.9,75.9,1011.7,73.3,8.3,193.84666666666666,16.733333333333334,20702,66573,0,32.1,23.1,27.6,35.9,23.1,29.3,22.3
Chaguanas,2009-06-21,73.7,0.0,15.0,67.8,1011.0,73.8,8.7,208.22,18.013333333333332,20715,66586,0,33.1,24.1,28.0,36.2,24.1,29.9,22.5
Chaguanas,2009-06-22,85.0,5.1054,13.9,75.6,1011.4,90.0,6.6,220.51333333333332,19.040000000000003,20728,66598,1,29.2,25.1,26.7,35.2,25.1,28.4,23.8
Chaguanas,2009-06-23,78.4,2.5146,13.9,74.0,1012.8,70.6,8.2,205.09333333333333,17.69333333333333,20741,66611,1,32.2,23.7,27.6,36.5,23.7,30.1,23.3
Chaguanas,2009-06-24,78.9,0.0,18.3,62.8,1013.5,77.5,6.5,210.9466666666667,18.206666666666667,20755,66622,0,32.2,24.1,27.9,38.1,24.1,30.6,23.7
Chaguanas,2009-06-25,85.9,15.214599999999999,15.0,69.3,1013.6,74.2,6.4,212.03333333333333,18.273333333333333,20769,66633,1,31.1,25.1,26.9,36.7,25.1,28.4,24.3
Chaguanas,2009-06-26,81.8,0.508,13.9,80.5,1014.9,90.0,5.2,221.05333333333334,19.09333333333333,20784,66644,1,32.1,25.1,27.4,36.9,25.1,29.8,23.9
Chaguanas,2009-06-27,80.4,0.9905999999999999,23.0,55.6,1015.6,63.9,6.1,214.66666666666666,18.526666666666664,20798,66654,1,31.3,24.1,27.0,35.6,24.1,28.3,23.1
Chaguanas,2009-06-28,76.5,0.0,16.1,53.5,1014.2,62.6,6.1,210.45333333333335,18.12,20813,66664,0,32.1,24.1,27.9,35.9,24.1,30.1,23.1
Chaguanas,2009-06-29,75.1,0.9905999999999999,16.1,56.4,1013.0,79.6,6.0,195.68666666666667,16.88,20828,66673,1,32.1,23.8,27.6,35.9,23.8,29.2,22.4
Chaguanas,2009-06-30,80.2,4.0893999999999995,17.2,63.6,1012.1,78.3,7.2,187.88,16.206666666666667,20843,66681,1,31.3,23.1,26.9,35.1,23.1,28.8,22.9
Chaguanas,2009-07-01,83.4,3.7845999999999997,17.2,65.9,1012.8,77.8,7.3,182.46,15.726666666666667,20858,66689,1,31.3,24.8,27.6,37.9,24.8,30.3,24.3
Chaguanas,2009-07-02,76.4,0.508,18.3,71.5,1013.4,63.8,7.2,225.76000000000002,19.459999999999997,20874,66696,1,32.1,25.8,28.4,38.1,25.8,31.2,23.6
Chaguanas,2009-07-03,91.4,42.9006,11.4,75.7,1012.8,88.2,6.1,227.79333333333335,19.686666666666667,20889,66702,1,27.1,23.1,25.9,30.8,23.1,26.7,24.4
Chaguanas,2009-07-04,79.1,0.9905999999999999,18.3,72.2,1012.2,71.3,7.0,206.75333333333336,17.84,20905,66708,1,32.1,25.1,27.9,36.9,25.1,30.1,23.7
Chaguanas,2009-07-05,89.9,7.112,13.9,78.7,1013.0,80.0,6.9,207.7133333333333,17.926666666666666,20920,66713,1,28.2,24.1,26.1,32.9,24.1,27.6,24.3
Chaguanas,2009-07-06,78.6,0.0,17.2,64.2,1013.7,51.7,7.1,195.76666666666668,16.893333333333334,20935,66718,0,31.8,24.1,27.9,36.9,24.1,30.4,23.6
Chaguanas,2009-07-07,72.8,0.0,15.0,65.4,1012.6,35.8,5.8,229.92666666666668,19.853333333333335,20951,66722,0,33.1,25.1,28.3,37.2,25.1,30.4,22.7
Chaguanas,2009-07-08,78.4,0.8128,13.9,74.1,1012.4,56.5,7.1,211.62666666666667,18.240000000000002,20966,66725,1,32.1,24.8,27.8,36.9,24.8,29.9,23.5
Chaguanas,2009-07-09,75.1,2.0065999999999997,11.4,71.5,1012.9,65.8,7.8,195.68666666666667,16.84,20982,66727,1,33.2,24.1,28.3,37.2,24.1,30.5,23.1
Chaguanas,2009-07-10,84.5,32.791399999999996,20.8,69.8,1013.2,83.3,6.7,207.02666666666667,17.853333333333335,20997,66728,1,30.1,24.7,27.2,37.6,24.7,30.0,24.3
Chaguanas,2009-07-11,76.2,7.594599999999999,15.0,63.1,1013.2,45.4,7.5,211.59333333333333,18.246666666666666,21012,66729,1,32.6,26.1,28.6,38.1,26.1,31.7,23.8
Chaguanas,2009-07-12,75.5,0.0,13.9,66.7,1013.7,32.9,7.9,198.24666666666664,17.086666666666666,21027,66729,0,33.1,24.6,28.4,37.5,24.6,30.9,23.3
Chaguanas,2009-07-13,73.2,0.0,16.1,64.2,1013.7,35.8,8.1,203.84,17.6,21042,66728,0,33.1,24.8,28.4,36.2,24.8,30.6,22.8
Chaguanas,2009-07-14,78.6,2.9972,16.1,78.4,1014.5,50.0,7.6,209.78,18.113333333333333,21056,66727,1,33.1,25.1,28.5,40.7,25.1,31.7,24.2
Chaguanas,2009-07-15,82.7,23.9014,17.2,72.2,1013.4,63.8,6.0,194.45333333333335,16.826666666666668,21071,66724,1,32.1,26.1,28.0,38.1,26.1,30.5,24.6
Chaguanas,2009-07-16,81.5,21.310599999999997,17.2,64.9,1012.4,74.2,6.3,216.06,18.586666666666666,21085,66721,1,33.1,25.1,28.0,39.4,25.1,30.7,24.3
Chaguanas,2009-07-17,86.8,12.2174,13.9,70.9,1013.1,83.8,6.4,202.02,17.433333333333334,21099,66717,1,29.1,25.1,26.7,34.7,25.1,28.4,24.3
Chaguanas,2009-07-18,82.0,2.9972,10.3,79.0,1014.0,85.0,7.6,225.16666666666666,19.453333333333333,21113,66712,1,33.1,25.1,27.9,39.4,25.1,30.9,24.4
Chaguanas,2009-07-19,79.7,0.0,16.1,73.5,1013.0,77.9,7.5,205.23999999999998,17.733333333333334,21127,66706,0,33.1,24.1,27.5,37.2,24.1,29.6,23.4
Chaguanas,2009-07-20,79.9,0.0,9.2,73.7,1011.1,55.8,7.8,237.13333333333333,20.44,21140,66700,0,32.7,23.7,27.7,38.1,23.7,30.7,23.7
Chaguanas,2009-07-21,76.5,0.0,12.8,76.3,1011.8,72.9,8.0,225.7133333333333,19.473333333333336,21153,66692,0,33.1,25.7,29.0,39.4,25.7,32.7,24.2
Chaguanas,2009-07-22,86.1,10.1854,20.8,65.7,1012.3,79.6,6.1,218.70666666666665,18.86,21166,66684,1,32.1,25.8,27.5,38.1,25.8,29.8,24.8
Chaguanas,2009-07-23,82.7,0.0,16.1,82.1,1012.6,63.8,7.4,223.15333333333334,19.19333333333333,21178,66675,0,32.2,25.1,27.9,38.1,25.1,30.6,24.5
Chaguanas,2009-07-24,83.7,17.2974,15.0,71.1,1012.6,55.2,6.6,216.83333333333334,18.7,21190,66665,1,30.7,24.3,27.6,37.1,24.3,30.7,24.4
Chaguanas,2009-07-25,71.7,0.0,17.2,69.9,1012.6,58.3,8.4,204.73999999999998,17.673333333333336,21202,66654,0,32.1,25.1,28.5,35.9,25.1,30.5,22.5
Chaguanas,2009-07-26,84.5,19.1008,13.9,68.0,1014.0,72.5,6.9,231.66,19.986666666666668,21213,66643,1,30.1,24.7,26.9,36.3,24.7,29.0,24.0
Chaguanas,2009-07-27,81.4,7.289799999999999,16.1,84.2,1013.9,60.4,7.6,204.00666666666666,17.56,21224,66630,1,32.3,25.1,27.9,38.2,25.1,30.6,24.2
Chaguanas,2009-07-28,85.5,10.0838,13.9,66.5,1012.6,57.1,6.7,199.33333333333334,17.2,21235,66617,1,30.1,25.1,27.0,37.6,25.1,29.3,24.3
Chaguanas,2009-07-29,90.4,11.9126,10.3,82.3,1012.0,83.3,5.3,227.15333333333334,19.62,21245,66603,1,31.1,25.1,26.4,37.9,25.1,28.2,24.7
Chaguanas,2009-07-30,84.5,18.9992,11.4,64.5,1012.9,74.7,7.3,219.94,18.946666666666665,21255,66588,1,31.1,25.1,27.4,37.9,25.1,30.4,24.6
Chaguanas,2009-07-31,78.5,16.814799999999998,16.1,65.2,1013.1,67.4,7.4,224.07999999999998,19.3,21264,66572,1,32.2,25.3,28.4,38.1,25.3,31.3,24.1
Chaguanas,2009-08-01,74.9,0.0,16.1,86.8,1013.1,63.3,7.7,203.1533333333333,17.553333333333335,21273,66556,0,33.1,25.1,28.6,38.4,25.1,31.6,23.5
Chaguanas,2009-08-02,78.6,0.0,12.8,72.8,1012.9,77.5,7.7,194.17333333333332,16.733333333333334,21282,66538,0,33.1,26.1,28.3,39.4,26.1,31.7,24.1
Chaguanas,2009-08-03,79.6,0.0,15.0,72.2,1012.8,63.6,7.8,187.9,16.166666666666668,21290,66520,0,33.1,24.8,28.4,40.7,24.8,31.9,24.4
Chaguanas,2009-08-04,79.7,5.6133999999999995,13.9,75.5,1012.3,61.3,7.4,200.67999999999998,17.30666666666667,21298,66501,1,32.1,25.7,28.4,38.4,25.7,31.9,24.4
Chaguanas,2009-08-05,87.0,29.9974,15.0,71.7,1012.4,68.8,6.3,220.24666666666664,19.06,21306,66482,1,33.1,24.1,26.7,39.4,24.1,28.2,24.2
Chaguanas,2009-08-06,77.9,0.0,12.8,79.9,1012.6,87.0,8.0,239.64,20.71333333333333,21313,66461,0,33.1,24.8,28.4,38.2,24.8,31.4,23.9
Chaguanas,2009-08-07,85.7,28.905199999999997,21.9,74.3,1013.0,87.9,6.0,217.22666666666666,18.720000000000002,21319,66440,1,32.1,23.8,26.7,39.3,23.8,28.7,23.9
Chaguanas,2009-08-08,89.0,49.3014,17.2,99.3,1013.7,87.1,5.8,208.37333333333333,18.026666666666664,21325,66418,1,31.1,24.1,26.3,37.9,24.1,27.6,24.2
Chaguanas,2009-08-09,84.9,19.812,11.4,267.2,1013.6,66.7,6.9,211.56,18.233333333333334,21331,66395,1,33.1,24.1,27.0,40.7,24.1,29.5,24.1
Chaguanas,2009-08-10,82.4,85.598,16.1,94.2,1013.4,47.5,8.1,219.58666666666667,18.92,21337,66371,1,33.1,23.8,26.9,39.4,23.8,28.9,23.4
Chaguanas,2009-08-11,83.5,0.0,12.8,237.9,1012.0,63.8,7.4,225.7133333333333,19.459999999999997,21342,66347,0,33.1,24.1,27.2,39.5,24.1,29.4,23.9
Chaguanas,2009-08-12,74.7,0.0,11.4,92.7,1012.2,75.3,7.9,220.18666666666667,18.98,21346,66322,0,34.1,23.8,29.0,39.5,23.8,32.7,23.7
Chaguanas,2009-08-13,80.3,8.889999999999999,11.4,105.5,1013.1,83.8,7.8,231.18666666666667,19.959999999999997,21350,66297,1,32.8,24.7,27.8,38.1,24.7,30.2,23.9
Chaguanas,2009-08-14,88.0,8.102599999999999,11.4,59.7,1012.1,80.0,6.2,208.23333333333332,17.973333333333333,21354,66270,1,31.1,24.1,26.3,36.7,24.1,27.5,24.0
Chaguanas,2009-08-15,90.9,13.182599999999999,12.8,77.5,1011.1,69.6,6.8,205.55333333333334,17.746666666666666,21357,66243,1,31.1,24.1,25.8,36.7,24.1,26.7,24.1
Chaguanas,2009-08-16,86.4,2.4892,13.9,82.6,1010.2,76.7,7.4,222.27333333333334,19.226666666666667,21360,66216,1,31.1,24.1,26.9,36.8,24.1,29.5,24.4
Chaguanas,2009-08-17,78.1,0.0,13.9,80.5,1011.4,37.1,8.2,221.7866666666667,19.153333333333332,21363,66187,0,33.1,24.2,28.6,39.4,24.2,31.8,24.1
Chaguanas,2009-08-18,75.1,0.0,13.9,64.0,1010.5,42.2,7.7,201.47333333333333,17.373333333333335,21365,66159,0,33.1,25.1,28.7,38.2,25.1,31.5,23.6
Chaguanas,2009-08-19,77.9,0.0,8.1,40.1,1009.5,70.9,6.9,205.5,17.759999999999998,21367,66129,0,35.1,23.8,28.0,39.7,23.8,30.6,23.4
Chaguanas,2009-08-20,86.8,3.5052000000000003,10.3,81.1,1010.5,78.3,7.7,193.13333333333333,16.666666666666668,21368,66099,1,29.3,24.1,26.3,34.2,24.1,27.6,23.8
Chaguanas,2009-08-21,81.2,0.0,17.2,80.9,1011.2,59.2,7.4,203.62,17.646666666666665,21369,66068,0,33.1,24.8,27.9,40.7,24.8,30.7,24.2
Chaguanas,2009-08-22,91.2,36.6014,17.9,71.1,1009.9,89.6,6.1,222.33333333333334,19.18,21370,66037,1,30.1,25.1,26.0,36.3,25.1,26.8,24.4
Chaguanas,2009-08-23,86.7,51.308,13.9,60.0,1009.9,90.0,6.7,192.65333333333334,16.66,21371,66005,1,30.1,24.1,26.8,36.3,24.1,28.9,24.2
Chaguanas,2009-08-24,78.2,0.0,16.1,98.8,1010.5,48.7,9.2,208.44,17.993333333333332,21371,65973,0,33.3,24.1,28.5,38.7,24.1,31.5,23.9
Chaguanas,2009-08-25,75.5,0.0,12.8,85.2,1011.3,40.4,9.1,221.14666666666665,19.053333333333335,21370,65940,0,33.1,25.8,29.2,38.8,25.8,32.8,24.1
Chaguanas,2009-08-26,77.0,0.3048,13.9,69.8,1012.0,40.8,7.9,218.76666666666668,18.873333333333335,21370,65907,1,33.2,25.1,29.1,40.7,25.1,32.7,24.3
Chaguanas,2009-08-27,75.5,0.0,11.4,79.5,1012.6,32.5,7.3,228.92000000000002,19.746666666666666,21369,65873,0,33.7,24.1,28.7,38.9,24.1,31.8,23.6
Chaguanas,2009-08-28,81.6,5.08,12.8,63.7,1012.9,43.5,7.8,224.68666666666667,19.38,21368,65839,1,31.8,25.1,28.1,39.3,25.1,31.5,24.6
Chaguanas,2009-08-29,79.2,0.0,11.4,78.8,1012.2,45.8,8.2,214.19333333333333,18.526666666666664,21366,65805,0,33.1,25.1,28.6,39.8,25.1,32.1,24.3
Chaguanas,2009-08-30,80.3,1.778,11.4,61.9,1011.4,50.0,8.0,208.14,17.966666666666665,21365,65770,1,33.1,25.1,28.3,38.3,25.1,31.8,24.3
Chaguanas,2009-08-31,81.0,0.0,10.3,68.4,1010.9,82.5,7.9,213.89333333333335,18.466666666666665,21363,65734,0,33.1,24.8,28.1,39.4,24.8,31.2,24.3
Chaguanas,2009-09-01,81.4,20.0914,12.8,75.4,1011.5,53.8,7.6,221.36,19.113333333333333,21361,65699,1,33.2,24.1,28.2,40.9,24.1,32.1,24.6
Chaguanas,2009-09-02,79.2,0.0,11.4,88.7,1011.8,69.6,7.7,218.02,18.86,21358,65662,0,33.1,25.8,29.3,40.7,25.8,34.6,25.2
Chaguanas,2009-09-03,75.9,0.0,33.3,73.6,1011.9,75.8,8.0,195.36666666666667,16.87333333333333,21356,65626,0,33.2,25.8,29.1,39.4,25.8,32.6,24.1
Chaguanas,2009-09-04,75.7,0.0,12.8,88.4,1012.1,67.7,8.9,212.52,18.386666666666667,21353,65589,0,34.1,25.1,29.1,39.5,25.1,32.3,23.9
Chaguanas,2009-09-05,74.5,0.0,16.1,73.1,1013.7,50.8,8.7,221.26000000000002,19.12,21350,65552,0,34.1,26.1,29.4,39.5,26.1,32.8,23.9
Chaguanas,2009-09-06,79.7,1.778,23.0,70.6,1013.2,54.2,7.9,205.15333333333334,17.666666666666668,21347,65515,1,33.1,25.7,28.8,40.7,25.7,32.7,24.7
Chaguanas,2009-09-07,74.4,0.0,13.9,75.6,1011.0,55.0,7.5,215.44666666666666,18.60666666666667,21343,65478,0,33.2,25.1,28.8,38.7,25.1,31.5,23.4
Chaguanas,2009-09-08,75.5,0.0,15.0,88.4,1011.0,42.1,7.4,225.11333333333332,19.453333333333333,21340,65440,0,34.1,26.1,29.1,39.5,26.1,32.7,24.1
Chaguanas,2009-09-09,71.6,0.0,13.9,74.9,1011.8,31.7,8.0,224.62,19.386666666666667,21336,65402,0,34.7,25.2,29.3,38.4,25.2,32.1,23.2
Chaguanas,2009-09-10,74.2,0.0,16.1,66.5,1013.0,59.6,7.6,227.13333333333333,19.613333333333333,21333,65364,0,34.1,25.1,29.1,39.5,25.1,31.9,23.6
Chaguanas,2009-09-11,77.9,0.0,13.9,74.8,1012.7,76.7,7.6,228.41333333333336,19.746666666666666,21329,65325,0,35.1,24.1,28.6,42.1,24.1,32.2,24.1
Chaguanas,2009-09-12,83.8,0.0,13.9,70.2,1012.1,83.8,8.3,218.59333333333333,18.886666666666667,21325,65287,0,30.1,25.1,27.4,36.3,25.1,30.2,24.4
Chaguanas,2009-09-13,89.5,25.4,8.1,119.4,1012.7,80.4,6.6,207.14666666666665,17.860000000000003,21321,65249,1,31.1,24.1,26.1,36.7,24.1,27.3,24.2
Chaguanas,2009-09-14,84.5,0.0,10.3,71.1,1013.1,88.8,7.8,230.4,19.886666666666667,21317,65210,0,32.1,24.1,27.2,39.3,24.1,30.1,24.3
Chaguanas,2009-09-15,82.3,0.508,16.1,74.4,1012.2,86.7,7.1,224.42000000000002,19.40666666666667,21313,65171,1,31.2,25.1,27.5,37.9,25.1,29.7,24.1
Chaguanas,2009-09-16,91.9,16.002,16.1,67.3,1012.3,90.0,6.0,218.83333333333334,18.92,21309,65132,1,30.1,23.7,25.2,36.3,23.7,25.9,23.8
Chaguanas,2009-09-17,80.1,0.0,12.8,75.2,1011.9,83.0,8.4,191.88,16.62,21305,65094,0,33.1,23.1,27.6,38.3,23.1,30.4,23.6
Chaguanas,2009-09-18,88.2,27.9908,11.4,70.0,1011.6,84.6,6.7,194.2133333333333,16.779999999999998,21301,65055,1,33.1,25.1,26.8,40.7,25.1,28.4,24.6
Chaguanas,2009-09-19,80.2,0.0,13.9,70.8,1011.1,70.9,8.9,211.48,18.28666666666667,21297,65016,0,33.1,24.1,28.3,39.4,24.1,31.8,24.3
Chaguanas,2009-09-20,78.8,0.0,16.1,61.2,1011.6,79.2,9.0,215.26666666666668,18.633333333333333,21293,64977,0,33.1,26.1,28.9,40.7,26.1,32.8,24.7
Chaguanas,2009-09-21,74.3,0.0,13.9,68.7,1011.6,65.8,8.5,209.62,18.113333333333333,21289,64939,0,34.1,25.7,29.1,39.5,25.7,32.4,23.7
Chaguanas,2009-09-22,74.3,0.0,13.9,69.1,1010.8,69.1,9.5,195.94666666666666,16.946666666666665,21285,64900,0,34.1,24.1,28.8,38.4,24.1,31.7,23.4
Chaguanas,2009-09-23,76.7,0.0,9.2,81.6,1011.0,90.0,9.1,208.16,18.026666666666664,21282,64862,0,33.3,24.1,28.6,39.4,24.1,31.7,23.8
Chaguanas,2009-09-24,77.6,0.0,12.8,73.0,1011.2,69.6,9.0,211.36666666666667,18.246666666666666,21278,64823,0,35.1,25.1,28.9,40.8,25.1,32.4,24.2
Chaguanas,2009-09-25,85.8,16.9926,17.2,85.3,1011.2,84.2,7.8,216.24666666666664,18.68,21275,64785,1,32.1,25.1,27.2,38.1,25.1,29.6,24.5
Chaguanas,2009-09-26,78.6,0.0,15.0,70.7,1011.5,59.2,8.3,210.36,18.18,21272,64747,0,34.1,25.1,28.8,40.7,25.1,32.6,24.5
Chaguanas,2009-09-27,86.8,1.4986,13.9,71.5,1011.5,81.3,6.6,211.12666666666667,18.259999999999998,21269,64709,1,31.1,25.1,27.4,37.9,25.1,30.7,25.0
Chaguanas,2009-09-28,78.2,0.0,12.8,80.7,1013.2,58.3,7.7,222.59333333333333,19.19333333333333,21266,64672,0,33.3,25.1,28.8,39.9,25.1,32.3,24.3
Chaguanas,2009-09-29,75.8,0.0,13.9,71.1,1013.5,64.0,8.5,217.02,18.759999999999998,21263,64634,0,33.8,24.1,28.5,40.4,24.1,31.6,23.6
Chaguanas,2009-09-30,77.8,0.0,13.9,72.9,1012.6,55.8,8.5,189.32666666666668,16.37333333333333,21261,64597,0,34.1,25.1,28.6,42.1,25.1,32.2,24.1
Chaguanas,2009-10-01,80.5,0.0,16.1,58.4,1011.6,50.4,8.2,213.26000000000002,18.453333333333333,21259,64561,0,32.7,24.8,28.4,40.3,24.8,32.3,24.6
Chaguanas,2009-10-02,77.7,0.0,11.4,75.6,1011.7,75.8,8.4,198.6,17.166666666666668,21257,64524,0,34.1,25.6,29.0,40.7,25.6,32.8,24.4
Chaguanas,2009-10-03,81.6,0.508,17.2,48.1,1012.4,83.8,7.3,200.89333333333335,17.366666666666667,21255,64488,1,33.1,25.7,28.2,40.7,25.7,31.2,24.6
Chaguanas,2009-10-04,76.1,0.0,13.9,63.6,1012.1,73.8,8.8,202.69333333333333,17.553333333333335,21254,64452,0,34.3,25.1,28.8,39.9,25.1,31.9,23.9
Chaguanas,2009-10-05,80.0,0.9905999999999999,15.0,56.8,1010.6,68.8,7.6,190.43333333333334,16.453333333333333,21253,64417,1,33.1,24.1,27.8,39.4,24.1,30.4,23.8
Chaguanas,2009-10-06,88.3,9.906,11.4,65.4,1010.9,90.8,7.6,183.51333333333332,15.860000000000001,21253,64382,1,29.1,24.1,26.3,34.7,24.1,27.3,24.1
Chaguanas,2009-10-07,77.1,8.102599999999999,12.8,82.9,1012.9,49.6,8.1,201.23999999999998,17.36,21252,64347,1,34.1,24.7,28.6,39.5,24.7,31.4,23.8
Chaguanas,2009-10-08,76.4,0.7874,15.0,69.1,1013.6,65.0,7.7,191.60666666666665,16.546666666666667,21252,64313,1,34.1,24.1,28.6,39.9,24.1,31.5,23.7
Chaguanas,2009-10-09,86.0,29.616399999999995,13.9,75.7,1012.0,88.3,6.9,192.2866666666667,16.64,21253,64280,1,31.1,24.1,26.5,37.9,24.1,28.3,23.9
Chaguanas,2009-10-10,76.8,0.0,18.3,65.7,1011.5,45.8,6.7,193.92000000000002,16.7,21254,64246,0,33.3,24.3,28.3,38.1,24.3,30.8,23.5
Chaguanas,2009-10-11,72.7,0.0,17.2,76.1,1010.6,32.5,7.4,206.79333333333335,17.846666666666668,21255,64214,0,33.1,23.1,28.6,38.2,23.1,31.0,22.9
Chaguanas,2009-10-12,76.3,0.0,17.2,73.0,1010.7,62.9,8.3,213.56,18.453333333333333,21257,64182,0,33.1,24.1,28.2,38.3,24.1,30.5,23.2
Chaguanas,2009-10-13,73.4,0.0,18.3,68.8,1010.7,79.6,7.9,208.37333333333333,17.986666666666668,21259,64150,0,34.1,24.1,28.3,37.9,24.1,30.4,22.6
Chaguanas,2009-10-14,77.4,0.0,11.4,83.9,1009.5,64.6,8.3,198.22666666666666,17.133333333333333,21262,64119,0,34.1,24.8,28.6,39.5,24.8,31.6,23.8
Chaguanas,2009-10-15,85.0,9.118599999999999,11.4,89.9,1010.0,88.8,7.8,208.76666666666668,18.026666666666664,21265,64089,1,33.1,24.7,27.1,39.4,24.7,28.8,24.1
Chaguanas,2009-10-16,79.6,0.3048,15.0,75.3,1011.1,74.3,8.1,211.92000000000002,18.28666666666667,21269,64060,1,33.1,24.8,27.9,38.2,24.8,30.6,23.8
Chaguanas,2009-10-17,76.4,0.0,18.3,72.4,1012.3,58.2,7.3,189.11333333333332,16.38,21273,64031,0,33.1,25.1,28.6,38.2,25.1,31.6,23.7
Chaguanas,2009-10-18,75.4,0.0,18.3,71.4,1011.0,49.6,7.6,181.17333333333332,15.666666666666666,21278,64002,0,33.1,24.3,28.2,37.2,24.3,30.4,23.1
Chaguanas,2009-10-19,80.2,3.302,17.2,76.5,1009.7,81.3,7.1,176.68666666666667,15.22,21283,63975,1,32.1,25.1,27.4,38.1,25.1,29.5,23.5
Chaguanas,2009-10-20,82.0,0.0,9.2,95.2,1010.0,72.5,8.7,194.84,16.84,21289,63948,0,31.1,23.7,26.1,36.7,23.7,27.3,22.6
Chaguanas,2009-10-21,76.4,0.0,0.0,95.2,1010.0,31.0,8.5,199.64,17.259999999999998,21295,63922,0,33.1,22.1,27.6,38.1,22.1,29.9,22.6
Chaguanas,2009-10-22,79.7,0.0,0.0,95.2,1009.9,56.7,7.8,198.22,17.10666666666667,21302,63896,0,33.1,23.8,27.9,39.4,23.8,30.7,23.8
Chaguanas,2009-10-23,86.4,0.0,0.0,95.2,1010.5,70.8,6.5,206.16666666666666,17.846666666666668,21310,63872,0,30.2,25.1,26.9,36.6,25.1,29.1,24.4
Chaguanas,2009-10-24,77.5,2.794,0.0,95.2,1011.1,79.6,9.3,199.66,17.246666666666666,21318,63848,1,32.2,25.1,28.2,37.6,25.1,30.6,23.6
Chaguanas,2009-10-25,79.0,0.0,0.0,95.2,1011.4,72.1,7.7,190.53333333333333,16.473333333333336,21327,63825,0,33.6,23.3,27.8,39.6,23.3,30.4,23.4
Chaguanas,2009-10-26,85.1,3.7845999999999997,0.0,95.2,1010.9,52.1,7.8,167.65333333333334,14.446666666666667,21336,63803,1,33.1,23.8,27.1,40.7,23.8,29.4,24.1
Chaguanas,2009-10-27,83.0,0.0,0.0,95.2,1010.1,62.2,7.9,184.50666666666666,15.96,21346,63782,0,33.1,24.1,27.9,39.4,24.1,31.3,24.6
Chaguanas,2009-10-28,92.0,31.496,0.0,95.2,1010.3,82.9,6.1,193.20666666666665,16.62666666666667,21357,63762,1,29.3,24.8,25.8,35.2,24.8,26.2,24.3
Chaguanas,2009-10-29,85.5,0.9905999999999999,0.0,95.2,1009.4,80.0,7.0,194.86666666666667,16.866666666666667,21369,63742,1,31.8,24.1,26.9,38.2,24.1,29.3,24.2
Chaguanas,2009-10-30,87.2,15.493999999999998,0.0,95.2,1007.8,88.6,7.2,186.98,16.173333333333332,21381,63724,1,32.1,24.7,26.9,38.1,24.7,29.1,24.5
Chaguanas,2009-10-31,83.2,0.0,0.0,95.2,1007.7,90.0,8.0,196.66666666666666,17.006666666666668,21393,63706,0,31.7,24.1,27.3,37.9,24.1,29.7,24.1
Chaguanas,2009-11-01,83.3,0.508,0.0,95.2,1008.5,84.8,8.8,191.38,16.546666666666667,21407,63690,1,31.7,23.8,27.4,38.1,23.8,30.2,24.1
Chaguanas,2009-11-02,89.6,1.9811999999999999,0.0,95.2,1010.2,82.1,6.8,173.06666666666666,14.986666666666668,21421,63674,1,28.6,23.8,25.7,33.2,23.8,26.3,23.8
Chaguanas,2009-11-03,81.9,0.0,0.0,95.2,1010.0,81.7,9.0,197.20666666666665,17.07333333333333,21435,63659,0,33.1,24.1,27.8,39.4,24.1,30.4,24.2
Chaguanas,2009-11-04,82.5,0.0,0.0,95.2,1010.5,76.3,8.2,189.99333333333334,16.44,21451,63646,0,33.1,23.1,27.4,39.4,23.1,30.0,23.9
Chaguanas,2009-11-05,80.1,0.3048,0.0,95.2,1010.9,55.8,8.2,183.03333333333333,15.8,21467,63633,1,32.1,24.7,27.9,37.9,24.7,30.8,24.0
Chaguanas,2009-11-06,82.7,0.0,0.0,95.2,1010.2,58.8,7.8,174.18666666666667,15.026666666666667,21484,63622,0,32.1,24.1,27.1,38.1,24.1,29.2,23.8
Chaguanas,2009-11-07,77.1,0.0,0.0,95.2,1009.8,58.3,8.9,197.62666666666667,17.073333333333334,21501,63611,0,32.3,23.8,28.0,38.2,23.8,30.3,23.3
Chaguanas,2009-11-08,79.7,0.0,0.0,95.2,1009.9,65.0,8.7,178.6,15.453333333333335,21519,63601,0,32.1,24.1,27.9,38.1,24.1,30.6,23.8
Chaguanas,2009-11-09,80.1,0.0,13.9,100.2,1010.1,75.4,9.0,164.91333333333333,14.186666666666667,21538,63593,0,33.3,24.7,28.2,40.7,24.7,31.4,24.2
Chaguanas,2009-11-10,78.0,0.0,24.6,111.0,1010.0,80.0,8.8,153.99333333333334,13.3,21557,63585,0,33.1,25.1,28.7,39.4,25.1,32.0,24.2
Chaguanas,2009-11-11,80.2,0.0,13.9,91.9,1009.0,82.1,8.0,180.42666666666668,15.633333333333333,21577,63579,0,33.1,26.1,28.7,39.4,26.1,32.2,24.7
Chaguanas,2009-11-12,82.8,0.0,11.4,114.6,1008.2,68.3,7.9,184.0,15.926666666666668,21598,63574,0,32.3,25.1,28.1,39.3,25.1,31.2,24.7
Chaguanas,2009-11-13,82.8,0.0,13.9,102.5,1008.8,52.2,7.9,179.98666666666668,15.54,21619,63569,0,33.1,25.1,28.1,39.4,25.1,31.1,24.7
Chaguanas,2009-11-14,78.5,0.0,15.0,110.0,1009.6,60.9,7.7,174.11333333333332,15.06,21641,63566,0,33.1,23.8,28.0,38.2,23.8,30.6,23.6
Chaguanas,2009-11-15,80.1,0.0,13.9,110.8,1010.2,73.0,8.2,185.48666666666665,16.006666666666668,21664,63564,0,33.1,24.1,28.2,39.4,24.1,31.3,24.2
Chaguanas,2009-11-16,77.1,0.0,12.8,120.4,1009.6,43.3,7.9,202.30666666666667,17.493333333333332,21687,63563,0,33.7,24.8,28.5,38.7,24.8,31.3,23.7
Chaguanas,2009-11-17,79.9,0.0,12.8,117.9,1009.6,52.1,9.2,188.87333333333333,16.37333333333333,21711,63563,0,33.3,24.8,28.3,39.4,24.8,31.4,24.2
Chaguanas,2009-11-18,81.2,0.508,15.0,110.0,1009.9,61.5,9.1,193.83333333333334,16.733333333333334,21736,63564,1,33.1,25.1,28.1,39.4,25.1,30.8,24.3
Chaguanas,2009-11-19,84.1,5.1054,16.1,99.5,1009.9,69.2,8.1,201.33333333333334,17.413333333333334,21761,63567,1,32.1,25.1,27.8,39.3,25.1,30.7,24.7
Chaguanas,2009-11-20,81.6,2.0065999999999997,15.0,108.2,1010.2,90.0,8.2,198.04,17.160000000000004,21786,63570,1,33.1,25.1,28.2,39.4,25.1,31.3,24.5
Chaguanas,2009-11-21,79.4,0.3048,18.3,106.5,1011.1,59.6,7.2,196.19333333333333,16.973333333333333,21813,63574,1,32.6,26.1,28.2,38.1,26.1,30.8,24.1
Chaguanas,2009-11-22,85.8,14.224,17.2,94.8,1011.5,58.8,7.3,177.23999999999998,15.34,21839,63580,1,32.1,23.8,26.7,38.1,23.8,28.8,24.1
Chaguanas,2009-11-23,86.5,16.002,13.9,87.9,1011.3,77.5,6.4,166.36666666666667,14.386666666666667,21866,63586,1,32.1,24.1,26.9,37.9,24.1,28.8,24.3
Chaguanas,2009-11-24,91.2,74.90459999999999,13.9,96.2,1010.5,90.8,5.5,158.68666666666667,13.653333333333334,21894,63594,1,30.1,23.7,25.3,36.3,23.7,26.3,23.7
Chaguanas,2009-11-25,80.0,15.290799999999999,16.1,106.1,1010.5,64.2,5.9,167.83333333333334,14.526666666666667,21922,63603,1,32.1,23.1,27.3,37.1,23.1,29.3,23.2
Chaguanas,2009-11-26,77.9,0.508,13.9,111.0,1011.1,41.3,7.1,171.2133333333333,14.813333333333333,21951,63612,1,32.1,23.7,27.3,36.9,23.7,29.1,22.8
Chaguanas,2009-11-27,83.3,2.9972,16.1,103.3,1010.7,58.8,6.7,160.63333333333333,13.866666666666667,21980,63623,1,31.6,22.1,26.3,37.7,22.1,28.2,23.1
Chaguanas,2009-11-28,80.9,17.2974,17.2,99.6,1010.5,42.9,8.7,177.37333333333333,15.360000000000001,22009,63635,1,32.1,24.1,27.8,38.1,24.1,30.5,24.0
Chaguanas,2009-11-29,84.5,24.892,11.4,105.1,1011.8,80.8,7.4,187.17999999999998,16.2,22039,63648,1,31.1,23.7,26.6,36.7,23.7,28.5,23.6
Chaguanas,2009-11-30,89.6,11.176,13.9,117.1,1011.1,84.6,5.9,169.57999999999998,14.680000000000001,22069,63661,1,29.3,24.1,25.9,34.4,24.1,26.8,24.0
Chaguanas,2009-12-01,80.2,0.0,13.9,83.1,1010.4,39.6,8.1,177.66666666666666,15.379999999999999,22099,63676,0,32.3,23.7,27.7,38.1,23.7,30.3,23.7
Chaguanas,2009-12-02,78.0,0.0,16.1,102.9,1010.8,35.8,7.8,184.83333333333334,16.026666666666667,22130,63692,0,32.2,24.1,27.9,37.1,24.1,30.5,23.5
Chaguanas,2009-12-03,82.2,0.7874,13.9,98.1,1011.2,47.9,7.8,172.46,14.813333333333333,22161,63708,1,32.1,25.1,27.3,38.1,25.1,29.4,23.9
Chaguanas,2009-12-04,79.6,0.0,19.5,105.1,1010.9,61.3,7.8,168.24666666666664,14.520000000000001,22192,63726,0,31.2,24.1,27.3,36.7,24.1,29.0,23.2
Chaguanas,2009-12-05,83.2,2.4892,17.2,105.5,1011.3,69.6,7.5,192.00666666666666,16.566666666666666,22224,63745,1,31.1,24.1,26.7,35.6,24.1,28.3,23.4
Chaguanas,2009-12-06,84.4,2.8956,19.5,102.4,1012.1,73.8,7.7,198.34,17.146666666666665,22255,63764,1,31.1,23.7,26.2,35.6,23.7,27.4,23.2
Chaguanas,2009-12-07,79.8,0.0,18.3,102.8,1012.1,57.5,7.8,167.55333333333334,14.493333333333334,22287,63784,0,31.6,24.1,27.2,36.7,24.1,29.2,23.2
Chaguanas,2009-12-08,81.9,3.9878,20.8,92.9,1012.0,49.1,6.6,164.87333333333333,14.286666666666667,22319,63805,1,31.1,24.1,26.9,35.6,24.1,28.7,23.4
Chaguanas,2009-12-09,79.6,0.9905999999999999,23.0,91.5,1011.8,51.7,8.0,176.17999999999998,15.246666666666668,22350,63827,1,31.1,24.1,27.1,35.2,24.1,28.8,23.0
Chaguanas,2009-12-10,77.0,2.794,23.0,88.7,1012.6,80.0,7.6,183.55333333333334,15.886666666666667,22382,63850,1,30.2,24.8,27.3,33.7,24.8,29.0,22.8
Chaguanas,2009-12-11,82.3,10.998199999999999,19.5,91.4,1013.0,68.3,6.0,184.32666666666668,15.953333333333335,22414,63873,1,31.3,24.1,26.4,36.1,24.1,28.1,22.9
Chaguanas,2009-12-12,81.7,5.0038,16.1,104.6,1013.3,46.7,7.2,179.58666666666667,15.54,22446,63898,1,30.3,23.8,26.2,35.2,23.8,27.5,22.6
Chaguanas,2009-12-13,78.7,0.9905999999999999,23.0,94.5,1012.4,45.0,8.0,177.22666666666666,15.326666666666666,22478,63923,1,31.1,22.6,26.6,34.7,22.6,28.1,22.3
Chaguanas,2009-12-14,72.4,1.2953999999999999,20.8,93.5,1011.8,40.8,8.6,188.40666666666667,16.366666666666667,22510,63948,1,31.1,22.7,26.8,33.4,22.7,27.6,21.1
Chaguanas,2009-12-15,75.3,0.0,18.3,90.8,1011.5,31.7,8.4,200.53333333333333,17.34,22541,63975,0,31.7,21.1,25.9,33.7,21.1,26.7,20.7
Chaguanas,2009-12-16,77.1,0.0,13.9,99.3,1011.3,31.3,9.1,198.34666666666666,17.16,22573,64001,0,31.2,20.7,25.7,33.8,20.7,26.5,20.8
Chaguanas,2009-12-17,78.6,0.0,13.9,105.1,1010.6,52.5,8.7,198.6,17.146666666666665,22604,64029,0,32.1,21.1,26.6,36.9,21.1,28.2,22.2
Chaguanas,2009-12-18,79.9,0.0,13.9,104.3,1011.0,55.0,8.4,195.64666666666665,16.933333333333334,22635,64057,0,31.7,23.1,26.7,36.0,23.1,28.2,22.6
Chaguanas,2009-12-19,80.7,0.0,18.3,104.6,1012.1,64.6,8.4,191.63333333333333,16.58,22665,64086,0,31.1,23.1,26.8,36.7,23.1,28.4,23.0
Chaguanas,2009-12-20,83.9,0.9905999999999999,17.2,103.6,1013.1,81.3,8.1,197.17999999999998,17.006666666666668,22696,64115,1,31.1,25.1,27.0,36.7,25.1,28.9,23.9
Chaguanas,2009-12-21,81.4,0.0,17.2,97.9,1013.4,68.3,8.3,185.22,16.026666666666667,22726,64145,0,31.1,24.1,27.6,36.7,24.1,29.9,23.8
Chaguanas,2009-12-22,79.0,0.0,16.1,104.5,1013.8,71.3,8.1,191.72666666666666,16.593333333333334,22756,64175,0,32.1,23.1,27.6,38.1,23.1,29.6,23.3
Chaguanas,2009-12-23,82.4,2.9972,17.2,105.9,1013.0,72.2,7.5,192.52666666666667,16.646666666666665,22785,64205,1,31.2,25.1,27.5,36.7,25.1,29.8,24.1
Chaguanas,2009-12-24,83.2,9.7028,13.9,115.1,1012.7,60.0,7.9,186.6,16.14,22814,64236,1,31.6,25.1,27.6,37.5,25.1,30.1,24.3
Chaguanas,2009-12-25,78.6,0.0,13.9,105.8,1012.3,37.9,8.4,202.78,17.52,22842,64267,0,32.1,24.1,27.4,36.9,24.1,29.3,23.2
Chaguanas,2009-12-26,80.1,0.0,17.2,100.8,1011.8,36.7,7.9,202.57333333333332,17.566666666666666,22870,64298,0,31.6,24.1,27.1,35.8,24.1,28.9,23.1
Chaguanas,2009-12-27,77.3,0.0,16.1,101.7,1013.0,40.8,8.2,206.57333333333332,17.866666666666667,22897,64330,0,32.1,23.1,26.9,35.9,23.1,28.4,22.3
Chaguanas,2009-12-28,80.6,1.0921999999999998,19.5,108.4,1013.2,38.3,7.4,202.35333333333335,17.513333333333332,22924,64362,1,31.2,24.1,26.9,35.6,24.1,28.4,23.1
Chaguanas,2009-12-29,78.5,0.9905999999999999,17.2,105.3,1013.6,57.0,8.1,184.82000000000002,16.02,22950,64394,1,31.1,23.7,27.0,35.6,23.7,28.6,22.7
Chaguanas,2009-12-30,79.3,0.0,35.6,90.5,1014.0,70.4,7.9,184.62,16.033333333333335,22976,64427,0,32.1,22.3,26.7,35.9,22.3,28.2,22.5
Chaguanas,2009-12-31,80.6,0.0,16.1,98.3,1014.2,50.5,7.0,0.0,0.0,23001,64459,0,31.1,23.7,26.6,33.8,23.7,27.9,22.7
Chaguanas,2010-01-01,73.8,0.0,16.1,103.5,1013.3,31.6,6.9,266.5,22.9,23025,64492,0,32.1,22.0,26.5,33.7,22.0,27.1,20.6
Chaguanas,2010-01-02,74.7,0.0,13.9,118.6,1011.5,32.5,8.2,265.4,22.9,23049,64524,0,32.1,20.9,25.9,34.2,20.9,26.7,20.5
Chaguanas,2010-01-03,75.5,0.0,16.1,104.6,1011.3,31.8,8.2,255.0,22.0,23072,64557,0,32.0,21.0,25.8,33.6,21.0,26.7,20.7
Chaguanas,2010-01-04,71.8,0.0,18.3,110.9,1012.2,39.5,7.5,251.4,21.7,23094,64590,0,31.9,22.0,26.7,33.9,22.0,27.6,20.9
Chaguanas,2010-01-05,74.4,0.0,25.3,99.3,1012.7,52.3,6.7,246.8,21.3,23115,64622,0,31.0,24.0,27.5,34.6,24.0,29.2,22.3
Chaguanas,2010-01-06,76.4,0.0,23.0,111.2,1012.7,40.2,6.4,236.8,20.5,23135,64655,0,31.2,24.0,27.2,34.9,24.0,28.9,22.5
Chaguanas,2010-01-07,75.9,0.0,17.2,110.2,1013.3,38.7,6.7,254.3,22.0,23155,64687,0,31.1,23.0,26.4,34.6,23.0,27.6,21.6
Chaguanas,2010-01-08,83.2,0.9905999999999999,17.2,109.3,1013.4,53.7,6.9,258.2,22.5,23174,64720,1,30.0,22.0,25.0,34.2,22.0,25.9,21.8
Chaguanas,2010-01-09,80.2,4.0893999999999995,20.8,104.5,1012.6,50.7,7.4,250.7,21.6,23192,64752,1,30.7,22.0,25.8,35.1,22.0,26.9,21.8
Chaguanas,2010-01-10,77.3,0.0,13.9,120.5,1012.5,36.8,7.8,266.7,22.9,23209,64784,0,31.0,22.9,26.4,34.6,22.9,27.6,21.7
Chaguanas,2010-01-11,77.5,1.016,17.2,96.8,1013.7,73.6,7.7,255.0,22.0,23225,64816,1,31.8,22.0,26.0,34.6,22.0,27.2,21.4
Chaguanas,2010-01-12,81.7,0.3048,17.2,117.7,1013.7,74.0,7.2,258.2,22.4,23240,64847,1,31.0,22.0,25.7,35.5,22.0,26.9,22.1
Chaguanas,2010-01-13,79.3,0.0,16.1,112.7,1014.4,45.8,7.5,257.0,22.3,23254,64879,0,32.0,21.0,25.6,35.8,21.0,26.8,21.4
Chaguanas,2010-01-14,76.1,0.0,18.3,95.9,1014.1,45.6,7.5,259.1,22.3,23267,64909,0,32.0,22.0,26.7,35.8,22.0,28.1,21.8
Chaguanas,2010-01-15,72.0,0.0,21.9,96.3,1015.1,29.5,7.5,264.9,22.8,23279,64940,0,32.0,21.2,26.7,34.2,21.2,27.5,20.7
Chaguanas,2010-01-16,74.6,0.0,19.5,96.6,1014.6,40.7,7.4,257.1,22.2,23291,64970,0,32.0,22.0,26.6,34.9,22.0,27.6,21.3
Chaguanas,2010-01-17,73.9,0.0,17.2,106.5,1015.0,67.0,7.3,254.2,21.9,23301,65000,0,32.0,21.0,26.5,34.2,21.0,27.5,20.9
Chaguanas,2010-01-18,72.7,0.0,20.8,99.4,1014.7,41.3,7.9,259.6,22.5,23310,65030,0,32.0,22.9,26.9,34.9,22.9,27.8,21.1
Chaguanas,2010-01-19,77.4,0.0,12.8,107.8,1013.5,74.3,7.1,235.4,20.3,23319,65059,0,31.0,22.0,26.0,33.8,22.0,26.9,21.3
Chaguanas,2010-01-20,77.9,0.0,18.3,109.2,1013.1,44.4,6.7,253.1,21.9,23326,65087,0,32.0,22.0,26.2,35.8,22.0,27.5,21.7
Chaguanas,2010-01-21,74.3,0.0,23.0,115.0,1013.4,43.0,7.0,261.9,22.7,23332,65115,0,32.0,21.7,26.1,33.1,21.7,26.8,20.6
Chaguanas,2010-01-22,75.9,0.3048,18.3,98.4,1013.1,73.2,7.0,262.4,22.7,23337,65143,1,31.1,21.2,26.1,33.1,21.2,27.1,21.1
Chaguanas,2010-01-23,71.3,0.0,12.8,113.3,1012.2,80.4,7.2,237.4,20.5,23341,65170,0,32.0,22.9,26.7,33.5,22.9,27.4,20.6
Chaguanas,2010-01-24,70.5,0.0,19.5,104.0,1012.3,70.1,7.1,255.0,22.0,23345,65197,0,32.0,21.9,26.4,32.9,21.9,27.1,20.1
Chaguanas,2010-01-25,70.2,0.0,18.3,102.3,1012.9,61.6,7.0,232.6,20.2,23347,65223,0,31.8,21.0,26.1,33.8,21.0,26.7,19.8
Chaguanas,2010-01-26,71.1,0.0,18.3,103.5,1012.7,56.5,6.8,268.1,23.1,23348,65248,0,32.0,21.0,26.0,32.6,21.0,26.4,19.6
Chaguanas,2010-01-27,79.3,0.0,12.8,102.0,1012.7,64.0,6.1,267.2,22.8,23348,65273,0,31.1,19.0,24.6,33.2,19.0,25.5,20.5
Chaguanas,2010-01-28,89.5,3.302,15.0,106.4,1011.6,75.5,5.8,243.0,21.0,23346,65298,1,28.2,22.0,24.6,31.7,22.0,25.2,22.7
Chaguanas,2010-01-29,77.8,0.3048,18.3,75.7,1011.5,80.2,6.1,221.2,19.1,23344,65321,1,29.0,24.0,26.2,32.2,24.0,27.2,21.9
Chaguanas,2010-01-30,70.4,0.0,20.8,92.4,1011.8,69.6,6.9,245.5,21.4,23341,65344,0,31.0,23.7,26.7,33.1,23.7,27.5,20.6
Chaguanas,2010-01-31,73.7,0.9905999999999999,19.5,97.8,1012.7,53.6,7.6,260.1,22.4,23337,65367,1,31.1,21.9,26.2,33.3,21.9,27.1,20.8
Chaguanas,2010-02-01,75.5,0.0,19.5,95.3,1013.3,60.7,6.9,254.4,22.0,23332,65389,0,31.0,24.0,26.7,34.6,24.0,27.9,21.8
Chaguanas,2010-02-02,78.1,0.508,17.2,106.0,1012.5,61.0,7.1,242.8,21.0,23325,65410,1,30.0,23.0,26.0,32.6,23.0,26.9,21.7
Chaguanas,2010-02-03,79.9,1.2953999999999999,18.3,98.0,1012.3,69.5,6.4,245.3,21.2,23318,65431,1,31.0,23.0,26.3,34.6,23.0,27.5,22.3
Chaguanas,2010-02-04,77.7,0.0,20.8,91.8,1012.0,67.9,7.1,247.8,21.3,23310,65451,0,31.0,23.0,26.8,35.5,23.0,28.4,22.4
Chaguanas,2010-02-05,75.2,0.0,18.3,96.7,1012.9,89.2,7.6,263.6,22.8,23300,65470,0,31.0,24.2,27.0,34.6,24.2,28.3,22.0
Chaguanas,2010-02-06,73.9,0.0,20.8,90.9,1012.0,81.3,7.7,263.3,22.7,23290,65489,0,32.0,21.0,26.0,34.2,21.0,26.7,20.5
Chaguanas,2010-02-07,76.6,0.0,12.8,99.3,1011.8,69.8,7.6,274.6,23.6,23279,65507,0,32.8,20.8,26.3,36.4,20.8,27.7,21.4
Chaguanas,2010-02-08,75.3,0.0,17.2,102.4,1012.6,55.6,7.3,252.6,21.8,23267,65525,0,32.1,23.2,27.3,35.2,23.2,28.7,22.2
Chaguanas,2010-02-09,73.9,0.0,29.0,94.6,1012.2,43.0,6.0,257.1,22.1,23253,65542,0,31.2,24.0,27.5,34.6,24.0,29.1,22.2
Chaguanas,2010-02-10,71.8,0.0,18.3,98.7,1010.8,49.8,7.1,278.6,24.1,23239,65558,0,32.0,23.8,27.1,34.6,23.8,28.1,21.2
Chaguanas,2010-02-11,70.5,0.0,13.9,113.5,1010.8,38.3,6.3,291.0,25.1,23224,65574,0,30.608,22.0,27.1,41.3,22.0,27.9,20.6
Chaguanas,2010-02-12,72.0,0.0,16.1,94.6,1011.4,33.6,7.4,291.2,25.1,23208,65588,0,32.7,22.0,27.0,35.0,22.0,28.1,21.1
Chaguanas,2010-02-13,71.0,0.0,18.3,108.6,1011.3,28.1,7.1,293.4,25.3,23191,65603,0,32.0,23.0,26.8,34.2,23.0,27.7,20.7
Chaguanas,2010-02-14,71.9,0.0,18.3,108.2,1011.3,56.3,5.5,290.5,25.2,23173,65616,0,33.0,22.0,26.6,35.3,22.0,27.4,20.7
Chaguanas,2010-02-15,72.7,0.0,23.0,116.0,1011.6,44.9,6.9,286.8,24.8,23155,65630,0,32.8,21.0,26.4,34.4,21.0,27.3,20.7
Chaguanas,2010-02-16,70.5,0.0,18.3,114.4,1012.2,31.9,7.2,280.8,24.3,23135,65642,0,33.0,22.0,26.8,34.1,22.0,27.4,20.4
Chaguanas,2010-02-17,71.8,0.0,16.3,116.8,1011.6,31.1,7.4,275.8,24.0,23115,65654,0,33.0,22.0,26.7,34.6,22.0,27.6,20.6
Chaguanas,2010-02-18,72.1,0.0,16.1,111.2,1012.1,28.8,6.4,292.9,25.3,23094,65665,0,32.1,22.0,26.9,34.2,22.0,27.9,20.9
Chaguanas,2010-02-19,74.5,0.0,20.8,80.4,1012.7,66.2,7.3,260.4,22.5,23072,65676,0,32.1,23.8,27.4,35.8,23.8,29.1,22.2
Chaguanas,2010-02-20,72.2,0.0,17.2,83.0,1013.3,76.2,7.3,244.2,21.0,23049,65686,0,33.0,22.2,27.3,36.2,22.2,28.6,21.4
Chaguanas,2010-02-21,71.2,0.0,18.3,108.8,1012.7,63.2,7.5,295.9,25.6,23026,65696,0,32.0,21.0,26.6,33.8,21.0,27.3,20.3
Chaguanas,2010-02-22,72.5,0.0,16.1,86.0,1011.4,76.8,7.4,262.9,22.7,23002,65705,0,31.2,24.0,27.4,34.6,24.0,28.8,21.8
Chaguanas,2010-02-23,74.9,0.0,17.2,113.7,1010.5,81.1,7.0,263.0,22.8,22977,65713,0,34.0,24.9,27.7,38.3,24.9,29.4,22.6
Chaguanas,2010-02-24,72.5,0.0,13.9,115.8,1011.4,57.8,7.2,290.3,25.1,22951,65721,0,36.0,25.0,28.8,40.8,25.0,31.0,22.8
Chaguanas,2010-02-25,74.6,0.0,15.0,112.3,1011.0,71.1,7.0,292.6,25.4,22925,65728,0,36.2,25.0,29.0,41.1,25.0,31.6,23.5
Chaguanas,2010-02-26,74.1,0.0,15.0,117.5,1010.9,72.7,7.1,294.5,25.6,22898,65735,0,34.0,24.0,28.3,38.3,24.0,30.3,22.7
Chaguanas,2010-02-27,73.7,0.0,16.1,122.0,1012.0,89.2,7.3,277.5,24.0,22870,65742,0,34.0,23.2,27.9,37.3,23.2,29.8,22.3
Chaguanas,2010-02-28,71.5,0.0,18.3,112.8,1012.4,89.2,7.0,291.0,25.2,22842,65748,0,33.1,24.8,28.2,36.2,24.8,29.8,22.2
Chaguanas,2010-03-01,71.7,0.0,16.1,108.3,1012.3,54.7,7.4,275.9,23.8,22813,65753,0,33.1,24.7,28.2,37.1,24.7,30.1,22.3
Chaguanas,2010-03-02,70.7,0.0,29.0,100.9,1012.0,40.6,6.9,277.8,24.1,22784,65758,0,34.0,24.0,28.3,38.3,24.0,30.0,22.1
Chaguanas,2010-03-03,69.8,0.0,17.2,113.8,1011.8,33.6,7.1,282.2,24.3,22754,65763,0,34.0,24.9,28.7,38.3,24.9,30.9,22.3
Chaguanas,2010-03-04,72.9,0.0,19.5,102.3,1012.3,60.4,6.9,287.4,24.8,22724,65767,0,34.0,25.0,28.6,38.3,25.0,30.8,22.9
Chaguanas,2010-03-05,74.5,0.0,17.2,120.0,1011.8,38.0,6.6,287.2,24.8,22693,65771,0,33.0,25.0,28.2,37.1,25.0,30.1,22.8
Chaguanas,2010-03-06,71.1,0.0,20.8,107.9,1010.7,49.0,6.4,296.1,25.4,22662,65774,0,34.1,24.7,28.3,36.5,24.7,29.9,22.0
Chaguanas,2010-03-07,73.0,0.0,13.9,117.1,1010.7,85.9,6.8,297.0,25.7,22630,65777,0,34.1,24.0,28.1,38.3,24.0,29.9,22.3
Chaguanas,2010-03-08,73.5,0.0,17.2,116.1,1010.6,49.4,7.0,298.8,25.8,22598,65780,0,35.0,24.0,28.9,38.7,24.0,31.2,23.1
Chaguanas,2010-03-09,73.0,0.0,17.2,108.4,1011.6,52.2,6.8,283.3,24.5,22565,65783,0,34.0,25.0,29.1,38.3,25.0,31.9,23.3
Chaguanas,2010-03-10,73.4,0.0,16.1,108.2,1011.5,71.9,6.5,267.2,23.1,22532,65785,0,34.0,25.8,28.9,38.3,25.8,31.4,23.2
Chaguanas,2010-03-11,70.3,0.0,16.1,114.1,1010.8,55.1,5.1,289.3,24.9,22499,65786,0,34.2,25.0,28.8,37.3,25.0,30.4,22.3
Chaguanas,2010-03-12,70.0,0.0,13.9,102.4,1011.1,84.3,7.2,288.3,24.8,22465,65788,0,33.2,24.0,28.0,35.7,24.0,29.1,21.3
Chaguanas,2010-03-13,69.6,0.0,19.5,108.7,1011.6,67.2,7.3,306.3,26.5,22431,65789,0,34.0,23.9,27.7,35.8,23.9,28.8,21.2
Chaguanas,2010-03-14,71.2,0.0,18.3,122.4,1011.6,42.8,7.3,298.0,25.6,22397,65790,0,33.2,23.9,28.2,37.1,23.9,30.2,21.9
Chaguanas,2010-03-15,76.0,0.0,17.2,113.8,1010.9,47.7,6.7,296.5,25.7,22363,65791,0,35.0,26.0,29.4,41.9,26.0,33.2,24.3
Chaguanas,2010-03-16,71.8,0.0,18.3,126.1,1011.0,70.8,6.5,300.0,26.0,22328,65792,0,35.0,26.1,29.6,39.6,26.1,33.3,23.5
Chaguanas,2010-03-17,71.5,0.0,15.0,120.8,1011.3,82.6,6.5,292.2,25.4,22293,65792,0,35.0,26.0,29.4,38.6,26.0,32.4,23.2
Chaguanas,2010-03-18,73.2,0.0,20.8,108.0,1012.5,74.3,6.7,282.1,24.4,22258,65792,0,34.0,26.0,29.1,39.4,26.0,32.4,23.4
Chaguanas,2010-03-19,68.5,0.0,19.5,113.5,1014.3,80.2,7.1,232.0,20.2,22223,65792,0,33.0,25.9,28.7,36.2,25.9,30.6,21.9
Chaguanas,2010-03-20,69.4,0.0,19.5,109.5,1014.4,53.2,6.3,299.0,25.7,22187,65792,0,34.0,24.0,28.6,36.1,24.0,30.3,21.9
Chaguanas,2010-03-21,68.4,0.0,21.9,94.8,1014.7,37.0,5.0,303.5,26.2,22152,65792,0,33.8,25.0,28.6,36.2,25.0,30.3,21.8
Chaguanas,2010-03-22,63.7,0.0,23.0,104.2,1013.4,27.3,4.4,279.6,24.0,22116,65792,0,34.0,24.1,28.3,35.1,24.1,29.2,20.2
Chaguanas,2010-03-23,68.7,0.0,18.3,107.9,1012.7,46.8,5.9,307.2,26.5,22080,65792,0,33.0,23.0,28.2,35.3,23.0,29.7,21.4
Chaguanas,2010-03-24,73.6,4.2926,18.3,96.1,1012.2,51.2,6.9,304.3,26.3,22045,65791,1,33.0,25.0,28.4,37.1,25.0,30.9,22.9
Chaguanas,2010-03-25,70.4,0.0,18.3,99.7,1011.9,44.0,6.6,298.0,25.6,22009,65791,0,34.7,25.0,29.1,38.3,25.0,31.4,22.6
Chaguanas,2010-03-26,68.0,0.0,19.5,102.7,1011.6,59.8,7.2,239.7,20.8,21973,65790,0,34.0,25.0,28.9,36.5,25.0,31.0,21.9
Chaguanas,2010-03-27,66.9,0.0,20.8,104.9,1012.2,89.4,7.0,300.5,25.9,21937,65790,0,34.0,24.9,28.5,35.8,24.9,29.8,21.2
Chaguanas,2010-03-28,68.4,0.0,17.2,113.8,1012.0,68.8,6.9,305.6,26.3,21902,65789,0,34.0,23.0,28.2,36.5,23.0,29.7,21.3
Chaguanas,2010-03-29,65.6,0.0,16.1,108.8,1011.7,36.8,6.6,314.7,27.1,21866,65789,0,34.0,24.0,28.5,35.8,24.0,29.7,20.8
Chaguanas,2010-03-30,69.6,0.0,18.3,108.4,1012.1,57.5,5.4,296.9,25.6,21830,65788,0,34.0,25.0,28.7,37.3,25.0,30.8,22.2
Chaguanas,2010-03-31,68.9,0.0,17.2,97.0,1012.1,35.2,5.3,294.4,25.6,21795,65788,0,35.0,24.9,29.3,38.6,24.9,31.5,22.4
Chaguanas,2010-04-01,65.3,0.0,16.1,102.5,1011.5,75.2,3.5,278.8,24.1,21760,65788,0,34.8,25.0,29.0,36.1,25.0,30.7,21.3
Chaguanas,2010-04-02,70.3,0.0,16.1,112.4,1010.6,89.1,2.7,286.1,24.7,21724,65787,0,34.1,24.0,28.4,37.3,24.0,30.3,22.1
Chaguanas,2010-04-03,73.4,0.0,18.3,112.2,1010.2,89.3,4.1,273.3,23.5,21689,65787,0,33.0,25.0,28.6,37.1,25.0,31.2,23.1
Chaguanas,2010-04-04,68.9,0.3048,17.2,108.8,1010.6,53.9,5.4,294.0,25.4,21655,65787,1,35.0,25.0,29.1,38.0,25.0,31.3,22.2
Chaguanas,2010-04-05,66.4,0.0,18.3,105.3,1011.4,88.0,5.1,275.4,23.6,21620,65787,0,34.1,25.0,29.1,38.3,25.0,31.3,21.8
Chaguanas,2010-04-06,64.8,0.0,20.8,99.2,1011.1,85.7,4.5,186.2,16.2,21586,65787,0,34.0,26.8,29.3,36.5,28.9,31.9,21.6
Chaguanas,2010-04-07,68.0,0.0,18.3,100.9,1010.9,87.0,5.2,284.7,24.6,21552,65788,0,35.0,25.0,29.6,38.6,25.0,32.3,22.6
Chaguanas,2010-04-08,72.2,0.0,18.3,114.9,1011.3,86.0,3.9,224.0,19.4,21518,65788,0,33.0,25.9,28.8,35.7,25.9,31.2,22.8
Chaguanas,2010-04-09,69.0,0.3048,17.2,102.5,1012.2,80.3,4.3,283.7,24.3,21484,65789,1,35.0,25.0,29.1,38.0,25.0,31.2,22.3
Chaguanas,2010-04-10,63.5,0.0,15.0,101.0,1012.4,86.2,5.9,297.9,25.8,21451,65790,0,35.0,26.0,29.6,36.9,26.0,31.8,21.4
Chaguanas,2010-04-11,67.3,0.0,15.0,103.0,1010.6,78.3,5.8,290.2,25.0,21418,65791,0,35.0,24.0,28.9,37.7,24.0,30.7,21.7
Chaguanas,2010-04-12,65.7,0.0,17.2,106.8,1009.7,31.6,4.7,300.3,25.9,21386,65793,0,35.0,23.0,28.6,36.3,23.0,29.9,20.8
Chaguanas,2010-04-13,73.3,0.0,13.9,108.8,1009.9,72.3,5.0,272.0,23.5,21354,65794,0,33.0,24.8,28.7,37.1,24.8,31.7,23.2
Chaguanas,2010-04-14,74.5,0.0,17.2,107.1,1010.8,80.1,6.6,173.9,15.0,21322,65796,0,34.2,26.0,29.3,39.4,26.0,33.2,24.0
Chaguanas,2010-04-15,87.9,0.0,12.8,107.0,1010.8,90.3,6.5,110.6,9.6,21291,65798,0,29.9,25.1,27.2,35.8,25.1,30.0,24.9
Chaguanas,2010-04-16,87.5,2.0065999999999997,11.4,84.0,1011.1,89.7,5.8,222.4,19.1,21260,65801,1,31.1,24.2,26.6,35.6,24.2,27.8,24.2
Chaguanas,2010-04-17,83.7,20.0914,9.2,106.4,1011.2,77.5,7.3,283.2,24.6,21229,65804,1,34.0,24.1,27.3,38.3,24.1,29.8,24.0
Chaguanas,2010-04-18,77.1,0.0,12.8,120.4,1011.6,87.8,7.6,286.3,24.8,21199,65807,0,34.0,25.0,29.0,39.4,25.0,32.5,24.2
Chaguanas,2010-04-19,77.3,0.0,16.1,109.3,1011.9,73.5,7.6,219.7,19.1,21170,65810,0,34.0,25.8,29.4,42.0,25.8,33.8,24.7
Chaguanas,2010-04-20,75.5,0.0,15.0,102.1,1010.8,55.0,8.3,268.9,23.3,21141,65813,0,36.1,26.0,29.8,43.3,26.0,34.8,24.7
Chaguanas,2010-04-21,76.8,2.0065999999999997,18.3,114.0,1010.7,72.4,8.0,304.8,26.5,21113,65817,1,34.0,26.8,29.4,40.6,30.2,34.3,24.6
Chaguanas,2010-04-22,74.0,0.0,20.8,108.0,1010.9,50.7,8.0,312.8,26.9,21085,65822,0,35.0,23.9,29.4,40.4,23.9,32.8,23.8
Chaguanas,2010-04-23,71.2,0.0,18.3,112.3,1011.1,71.4,8.1,301.1,26.0,21057,65826,0,35.0,26.0,29.7,39.7,26.0,33.6,23.6
Chaguanas,2010-04-24,75.2,0.0,18.3,105.0,1011.5,89.1,7.3,291.1,25.0,21031,65831,0,34.0,27.0,29.7,40.6,30.1,34.7,24.5
Chaguanas,2010-04-25,70.1,0.0,19.5,104.9,1011.6,58.0,7.3,313.5,27.0,21005,65836,0,34.1,26.0,29.8,38.4,26.0,33.6,23.3
Chaguanas,2010-04-26,77.8,2.0065999999999997,20.8,104.6,1011.3,71.3,5.4,289.1,25.0,20979,65842,1,34.1,25.9,28.8,40.7,25.9,32.0,24.2
Chaguanas,2010-04-27,77.4,13.3096,20.8,105.0,1012.8,92.0,4.0,215.5,18.5,20954,65848,1,34.0,25.8,29.3,39.4,25.8,33.9,24.7
Chaguanas,2010-04-28,73.9,0.0,17.2,115.9,1013.6,84.4,4.0,295.5,25.4,20930,65855,0,33.0,26.2,29.2,38.2,26.2,33.2,23.8
Chaguanas,2010-04-29,76.8,7.899399999999999,16.1,102.2,1013.7,71.0,5.5,289.6,25.0,20906,65861,1,32.0,25.0,28.2,36.8,25.0,31.0,23.5
Chaguanas,2010-04-30,71.5,0.0,16.3,106.1,1013.6,60.2,7.2,298.4,25.9,20883,65868,0,34.1,23.9,28.6,37.3,23.9,30.8,22.4
Chaguanas,2010-05-01,68.5,0.0,18.3,98.4,1012.8,45.8,7.1,311.8,26.9,20861,65876,0,35.0,24.0,29.2,37.7,24.0,31.5,22.2
Chaguanas,2010-05-02,66.7,0.0,18.3,93.1,1013.3,46.2,7.8,289.8,25.1,20840,65884,0,34.0,24.1,28.7,37.3,24.1,30.2,21.3
Chaguanas,2010-05-03,66.5,0.0,18.3,95.4,1013.3,54.1,8.2,233.0,20.1,20819,65892,0,34.1,24.1,28.9,36.5,24.1,30.6,21.4
Chaguanas,2010-05-04,65.9,0.3048,15.0,94.4,1012.3,54.3,7.5,307.9,26.4,20799,65901,1,35.0,24.0,29.2,36.3,24.0,30.7,21.3
Chaguanas,2010-05-05,67.7,0.0,18.3,112.9,1011.8,50.8,7.7,328.7,28.2,20779,65910,0,34.1,23.8,28.8,37.4,23.8,30.8,21.6
Chaguanas,2010-05-06,68.0,0.0,16.1,111.2,1012.0,38.5,7.9,316.5,27.3,20761,65919,0,35.1,24.0,29.2,38.7,24.0,31.2,22.0
Chaguanas,2010-05-07,69.2,0.0,18.3,89.8,1012.1,61.9,7.4,279.7,24.0,20743,65929,0,34.1,25.0,29.2,38.4,25.0,31.8,22.6
Chaguanas,2010-05-08,68.5,0.0,18.3,96.4,1011.8,42.6,7.4,296.0,25.6,20725,65939,0,35.0,23.3,29.4,38.6,23.3,32.3,22.4
Chaguanas,2010-05-09,69.1,0.0,19.5,91.8,1012.5,79.7,7.1,289.2,24.9,20709,65950,0,35.0,24.0,29.4,37.8,24.0,32.2,22.7
Chaguanas,2010-05-10,70.0,0.0,18.3,101.6,1011.7,84.5,7.3,232.8,19.9,20693,65961,0,34.0,24.9,29.0,38.3,24.9,31.8,22.7
Chaguanas,2010-05-11,67.3,0.0,17.2,99.4,1011.2,66.9,7.5,289.1,25.0,20679,65972,0,35.0,25.0,29.7,39.6,25.0,32.5,22.5
Chaguanas,2010-05-12,76.3,0.0,20.8,105.1,1011.2,80.4,7.1,276.8,24.0,20664,65983,0,33.7,26.0,28.3,38.1,26.0,31.3,23.6
Chaguanas,2010-05-13,76.7,4.5973999999999995,18.3,113.5,1012.1,75.8,6.6,278.6,24.0,20651,65995,1,33.2,25.0,28.6,38.7,25.0,31.4,23.7
Chaguanas,2010-05-14,87.8,26.416,18.3,97.5,1013.3,86.0,6.2,194.8,16.8,20639,66008,1,30.0,25.0,26.8,36.2,25.0,28.8,24.6
Chaguanas,2010-05-15,77.9,2.9972,19.5,106.3,1012.7,86.0,7.0,223.3,19.2,20627,66020,1,32.1,26.0,28.5,36.8,26.0,31.8,24.0
Chaguanas,2010-05-16,78.3,7.899399999999999,19.5,120.7,1012.2,87.6,7.3,173.0,15.2,20616,66033,1,34.0,26.0,28.9,40.6,26.0,32.8,24.5
Chaguanas,2010-05-17,86.0,21.1074,13.9,105.3,1012.4,88.7,4.9,157.7,13.6,20606,66047,1,31.0,26.0,27.8,37.8,26.0,31.3,25.1
Chaguanas,2010-05-18,84.7,12.191999999999998,13.9,117.4,1012.5,88.6,5.9,156.0,13.4,20597,66060,1,31.0,25.9,27.8,36.6,25.9,31.3,24.6
Chaguanas,2010-05-19,77.5,0.8128,25.3,80.6,1011.4,58.4,6.3,287.2,24.8,20588,66074,1,32.0,26.0,28.8,37.9,26.0,32.6,24.2
Chaguanas,2010-05-20,78.3,0.7874,20.8,103.2,1011.4,45.8,6.8,280.0,24.1,20580,66088,1,32.2,25.0,28.7,39.2,25.0,32.3,24.3
Chaguanas,2010-05-21,75.6,0.0,21.9,97.4,1011.1,35.7,7.3,292.5,25.1,20574,66103,0,33.2,26.0,29.3,39.6,26.0,33.3,24.3
Chaguanas,2010-05-22,78.6,0.9905999999999999,18.3,111.9,1009.9,67.4,5.9,283.6,24.3,20567,66117,1,33.7,25.9,29.1,40.6,25.9,33.4,24.7
Chaguanas,2010-05-23,90.0,29.8958,13.9,93.4,1009.6,84.0,5.6,178.6,15.4,20562,66132,1,31.0,25.0,27.0,39.1,25.0,29.8,25.2
Chaguanas,2010-05-24,81.9,9.194799999999999,20.8,111.3,1009.8,83.9,5.8,169.9,14.7,20558,66148,1,33.0,25.8,28.7,40.6,25.8,33.1,25.1
Chaguanas,2010-05-25,87.1,21.8186,18.3,107.4,1009.9,84.8,5.2,139.2,12.0,20554,66163,1,31.7,25.8,27.9,39.8,25.8,32.7,25.6
Chaguanas,2010-05-26,90.7,156.0068,13.9,102.7,1011.6,93.5,4.9,97.6,8.3,20551,66179,1,31.0,24.8,26.2,37.8,24.8,27.8,24.6
Chaguanas,2010-05-27,83.0,1.4986,10.3,111.1,1011.9,87.9,6.8,169.2,14.7,20549,66194,1,32.0,25.9,28.1,38.7,25.9,31.4,24.8
Chaguanas,2010-05-28,89.4,2.9972,17.2,109.5,1012.3,89.7,6.9,117.2,10.1,20548,66210,1,28.2,25.0,26.6,33.6,25.0,28.5,24.7
Chaguanas,2010-05-29,89.9,14.300199999999998,8.1,103.1,1012.3,86.8,7.4,121.0,10.2,20547,66226,1,30.0,25.0,26.7,35.1,25.0,29.2,24.9
Chaguanas,2010-05-30,79.3,0.0,13.9,113.0,1013.5,85.4,7.8,188.7,16.3,20547,66242,0,33.0,25.9,29.1,40.6,25.9,33.3,24.9
Chaguanas,2010-05-31,79.5,0.0,18.3,107.6,1014.4,56.1,7.3,251.7,21.9,20548,66259,0,33.0,23.9,29.3,40.6,23.9,34.7,25.2
Chaguanas,2010-06-01,81.5,9.9822,20.8,106.8,1014.4,49.5,6.8,246.4,21.2,20549,66275,1,33.0,26.1,28.8,42.2,26.1,34.1,25.2
Chaguanas,2010-06-02,77.6,0.3048,20.8,102.4,1013.3,31.0,5.2,278.5,24.2,20552,66291,1,33.0,26.0,29.0,39.3,26.0,33.0,24.4
Chaguanas,2010-06-03,79.9,0.7874,18.3,94.2,1013.8,58.0,5.9,268.2,23.3,20555,66308,1,33.0,25.0,28.4,38.3,25.0,31.6,24.3
Chaguanas,2010-06-04,83.0,24.104599999999998,15.0,116.7,1014.7,84.5,5.9,241.9,20.9,20559,66324,1,33.1,25.0,28.1,39.4,25.0,31.3,24.6
Chaguanas,2010-06-05,78.2,0.508,15.0,95.3,1014.4,69.8,7.0,160.7,14.0,20563,66341,1,34.0,25.0,29.0,41.8,25.0,32.9,24.6
Chaguanas,2010-06-06,79.3,0.508,20.8,96.5,1013.6,61.9,7.5,204.2,17.6,20568,66357,1,34.1,25.0,28.4,39.5,25.0,31.8,24.3
Chaguanas,2010-06-07,79.2,2.5146,13.6,103.2,1013.8,82.7,6.5,127.0,10.9,20574,66373,1,33.0,25.8,28.2,39.3,25.8,31.1,24.1
Chaguanas,2010-06-08,87.6,29.921199999999995,12.8,88.4,1014.4,90.7,5.9,79.9,6.9,20580,66390,1,29.0,24.0,26.7,34.6,24.0,29.1,24.4
Chaguanas,2010-06-09,86.3,29.209999999999997,11.4,91.5,1013.6,85.9,6.1,117.3,9.9,20587,66406,1,33.1,25.0,27.3,40.3,25.0,30.3,24.7
Chaguanas,2010-06-10,87.8,9.8806,10.3,112.6,1014.3,79.2,6.1,203.7,17.5,20595,66422,1,29.7,25.0,26.2,34.4,25.0,27.1,23.9
Chaguanas,2010-06-11,81.4,0.0,11.4,100.7,1014.9,70.0,6.6,145.0,12.5,20603,66438,0,31.1,24.0,26.8,35.5,24.0,28.4,23.2
Chaguanas,2010-06-12,76.3,0.3048,13.9,110.7,1014.4,33.4,6.8,229.5,19.9,20612,66454,1,33.0,23.9,28.0,38.1,23.9,30.4,23.1
Chaguanas,2010-06-13,79.7,0.0,18.3,84.8,1013.0,62.6,6.3,197.6,17.0,20621,66469,0,32.1,25.0,28.2,39.2,25.0,31.6,24.2
Chaguanas,2010-06-14,80.4,8.6868,13.4,89.6,1012.8,83.7,6.7,263.5,22.8,20631,66484,1,32.1,24.8,27.7,39.2,24.8,30.2,23.8
Chaguanas,2010-06-15,76.9,0.0,20.8,84.3,1012.9,89.2,7.8,188.7,16.4,20641,66499,0,33.0,24.8,28.3,38.7,24.8,31.1,23.6
Chaguanas,2010-06-16,84.1,1.2953999999999999,12.1,93.5,1013.2,87.6,6.7,221.2,19.2,20652,66514,1,32.8,25.0,27.9,40.3,25.0,31.7,24.8
Chaguanas,2010-06-17,79.8,0.508,12.8,104.5,1012.4,84.3,7.1,215.4,18.5,20663,66529,1,33.1,25.0,28.7,39.4,25.0,32.6,24.6
Chaguanas,2010-06-18,77.5,0.0,13.9,105.1,1011.9,85.1,6.5,182.1,15.7,20675,66543,0,34.0,24.9,28.9,39.4,24.9,32.4,24.2
Chaguanas,2010-06-19,85.5,9.423399999999999,17.2,94.1,1010.5,87.6,6.6,129.3,11.4,20687,66557,1,31.0,25.8,27.9,40.7,25.8,31.8,25.2
Chaguanas,2010-06-20,93.0,15.493999999999998,9.2,106.7,1010.5,80.0,6.5,180.8,15.7,20699,66570,1,28.0,25.0,26.0,32.7,25.0,26.7,24.8
Chaguanas,2010-06-21,85.7,28.803599999999996,11.4,125.0,1012.6,90.2,6.5,102.2,9.0,20712,66583,1,29.0,24.8,26.4,32.8,24.8,28.1,23.7
Chaguanas,2010-06-22,82.5,1.016,13.9,144.8,1012.5,78.7,7.5,286.2,24.9,20725,66596,1,33.0,25.0,27.7,40.1,25.0,30.4,24.2
Chaguanas,2010-06-23,86.8,0.6096,16.1,104.2,1012.9,84.9,6.5,199.0,17.2,20739,66608,1,32.0,25.0,27.1,37.9,25.0,29.4,24.6
Chaguanas,2010-06-24,81.7,0.508,11.9,92.1,1012.0,52.8,6.9,240.6,20.8,20752,66620,1,33.0,24.8,28.5,40.6,24.8,32.5,24.8
Chaguanas,2010-06-25,82.1,4.0893999999999995,13.9,106.8,1012.3,54.0,7.4,251.2,21.7,20766,66631,1,33.0,26.0,28.6,42.2,26.0,32.9,25.1
Chaguanas,2010-06-26,73.9,2.3114,12.8,110.1,1012.2,31.1,7.7,271.9,23.6,20781,66642,1,34.0,25.8,29.4,39.0,25.8,33.1,23.9
Chaguanas,2010-06-27,79.7,16.002,14.3,93.5,1011.5,55.4,7.2,232.2,20.0,20795,66652,1,33.0,26.0,28.6,39.3,26.0,32.4,24.5
Chaguanas,2010-06-28,74.6,0.0,14.3,91.4,1012.5,63.6,7.1,278.5,24.0,20810,66662,0,34.0,25.0,29.2,40.6,25.0,32.5,23.8
Chaguanas,2010-06-29,78.6,2.3114,10.7,93.4,1013.2,59.2,6.8,295.3,25.4,20825,66671,1,33.1,24.9,28.2,38.2,24.9,30.8,23.8
Chaguanas,2010-06-30,80.9,5.9944,14.1,99.6,1013.5,60.9,7.2,245.0,21.3,20840,66679,1,33.0,25.0,28.2,40.6,25.0,31.7,24.4
Chaguanas,2010-07-01,87.6,18.9992,23.0,106.2,1013.7,88.4,5.1,127.9,11.0,20855,66687,1,31.1,23.0,26.6,37.9,23.0,28.8,24.3
Chaguanas,2010-07-02,82.0,5.1054,17.2,104.5,1012.4,68.8,5.5,229.1,19.8,20870,66695,1,33.0,25.0,28.6,40.7,25.0,32.8,24.9
Chaguanas,2010-07-03,77.6,0.3048,13.6,91.5,1012.7,77.5,6.8,162.0,14.0,20886,66701,1,32.0,25.0,28.8,38.4,25.0,32.9,24.3
Chaguanas,2010-07-04,89.8,13.9954,11.0,56.2,1012.9,89.7,6.7,98.2,8.5,20901,66707,1,27.0,24.0,25.7,30.7,24.0,26.2,23.8
Chaguanas,2010-07-05,86.6,2.0065999999999997,13.9,107.3,1012.4,82.6,7.4,185.5,16.2,20917,66713,1,30.1,23.9,26.3,35.1,23.9,28.1,23.8
Chaguanas,2010-07-06,79.3,0.508,23.0,90.3,1011.9,78.3,5.6,97.9,8.4,20932,66717,1,33.2,25.2,28.6,39.4,25.2,31.9,24.4
Chaguanas,2010-07-07,86.7,5.0038,15.4,96.7,1011.6,84.1,6.8,219.3,18.8,20948,66721,1,33.0,24.9,27.3,40.6,24.9,30.0,24.8
Chaguanas,2010-07-08,92.2,14.300199999999998,13.9,96.0,1011.9,89.5,5.7,189.4,16.4,20963,66724,1,28.0,25.0,26.2,32.7,25.0,27.2,24.8
Chaguanas,2010-07-09,89.6,0.508,12.8,84.7,1012.8,85.1,6.8,154.7,13.4,20978,66727,1,30.8,25.0,26.6,37.1,25.0,28.4,24.7
Chaguanas,2010-07-10,81.2,0.7874,23.0,91.5,1012.4,80.2,6.6,143.7,12.5,20994,66728,1,33.0,26.0,28.8,40.6,26.0,33.2,25.1
Chaguanas,2010-07-11,79.8,2.0065999999999997,18.3,100.6,1011.4,79.4,7.4,197.3,17.1,21009,66729,1,32.7,26.0,28.8,39.2,26.0,32.9,24.7
Chaguanas,2010-07-12,76.1,0.0,17.2,103.0,1011.2,78.1,7.4,231.8,19.9,21024,66729,0,33.1,25.0,28.9,38.8,25.0,31.9,23.9
Chaguanas,2010-07-13,84.3,16.9926,17.2,100.5,1011.3,89.3,6.2,130.9,11.4,21039,66729,1,30.0,25.0,27.1,36.2,25.0,29.5,24.2
Chaguanas,2010-07-14,84.7,5.9944,11.4,107.3,1010.9,69.2,6.7,208.8,18.1,21053,66727,1,31.2,24.8,27.5,39.1,24.8,30.3,24.6
Chaguanas,2010-07-15,85.8,0.508,20.1,100.5,1011.1,89.3,7.3,225.8,19.7,21068,66725,1,30.0,25.0,27.0,37.5,25.0,29.1,24.3
Chaguanas,2010-07-16,82.5,0.8128,17.2,127.9,1012.3,80.4,7.6,170.0,14.6,21082,66722,1,31.0,24.8,27.7,37.9,24.8,30.8,24.3
Chaguanas,2010-07-17,86.8,26.8986,6.9,134.5,1015.4,89.5,6.2,152.6,13.2,21096,66718,1,30.0,24.0,26.1,34.2,24.0,27.2,23.7
Chaguanas,2010-07-18,80.3,0.0,7.8,114.5,1014.6,75.3,7.3,303.5,26.1,21110,66714,0,33.0,23.1,27.4,38.1,23.1,29.8,23.4
Chaguanas,2010-07-19,81.2,4.013199999999999,10.1,121.1,1013.6,55.7,7.9,255.1,22.1,21124,66708,1,33.2,23.8,27.8,39.4,23.8,31.0,24.1
Chaguanas,2010-07-20,85.9,0.9905999999999999,11.4,102.2,1013.6,69.5,6.6,189.9,16.4,21137,66702,1,32.0,24.0,26.9,37.9,24.0,28.8,24.2
Chaguanas,2010-07-21,87.8,13.4874,9.4,80.8,1013.7,82.1,7.1,151.6,13.2,21150,66695,1,31.0,23.9,26.3,36.6,23.9,28.1,24.0
Chaguanas,2010-07-22,87.9,9.906,13.6,96.3,1014.3,54.6,7.8,121.1,10.6,21163,66686,1,31.2,24.0,26.5,39.1,24.0,28.6,24.3
Chaguanas,2010-07-23,76.5,0.0,16.1,86.4,1014.6,46.7,7.4,275.2,23.7,21175,66678,0,33.0,23.9,28.2,37.1,23.9,30.6,23.2
Chaguanas,2010-07-24,82.6,9.0932,14.5,89.5,1014.1,82.7,7.2,150.7,13.1,21187,66668,1,32.0,24.0,27.7,39.2,24.0,30.9,24.3
Chaguanas,2010-07-25,75.9,0.0,13.9,78.5,1012.9,45.2,7.0,282.5,24.5,21199,66657,0,33.1,25.0,28.8,39.4,25.0,32.0,23.8
Chaguanas,2010-07-26,76.5,0.1016,17.2,92.1,1012.3,57.2,7.1,274.9,23.7,21211,66646,1,33.0,24.1,28.3,38.1,24.1,31.0,23.4
Chaguanas,2010-07-27,88.9,7.112,12.3,118.9,1013.2,86.2,6.4,124.2,10.7,21222,66634,1,31.0,23.9,25.9,36.6,23.9,27.2,23.9
Chaguanas,2010-07-28,76.8,0.0,9.8,102.5,1013.6,61.5,8.9,159.6,13.8,21233,66621,0,33.0,23.0,28.1,39.3,23.0,31.1,23.3
Chaguanas,2010-07-29,87.4,0.4064,11.4,107.3,1012.9,77.2,5.7,116.8,10.1,21243,66607,1,32.0,25.0,26.6,39.2,25.0,28.1,24.1
Chaguanas,2010-07-30,86.1,33.9852,8.1,97.1,1010.7,81.2,6.4,136.2,11.9,21253,66592,1,32.7,24.0,27.3,39.2,24.0,30.2,24.6
Chaguanas,2010-07-31,81.8,5.1054,20.1,74.6,1009.4,69.8,7.5,144.7,12.5,21262,66577,1,33.0,24.0,27.8,39.3,24.0,30.6,24.2
Chaguanas,2010-08-01,85.8,12.395199999999999,10.1,77.1,1009.5,73.6,7.6,157.9,13.6,21272,66560,1,33.0,25.0,27.5,40.0,25.0,30.2,24.7
Chaguanas,2010-08-02,89.3,48.00599999999999,6.0,53.5,1010.0,89.3,6.6,101.4,8.7,21280,66543,1,33.0,24.8,26.4,40.6,24.8,27.8,24.4
Chaguanas,2010-08-03,84.0,34.0106,6.7,148.8,1011.2,87.6,7.5,100.2,8.7,21289,66525,1,33.0,24.0,27.4,40.6,24.0,30.2,24.2
Chaguanas,2010-08-04,90.5,7.086600000000001,7.6,114.6,1012.3,89.2,6.5,204.8,17.6,21297,66506,1,29.0,24.9,26.0,33.6,24.9,26.7,24.3
Chaguanas,2010-08-05,85.1,31.0134,9.4,141.7,1013.0,63.4,7.4,220.8,19.2,21304,66487,1,32.0,24.0,27.3,37.9,24.0,30.1,24.4
Chaguanas,2010-08-06,81.8,10.8966,5.1,70.7,1012.2,52.1,7.4,250.6,21.7,21311,66466,1,33.2,24.0,28.1,39.6,24.0,31.6,24.4
Chaguanas,2010-08-07,83.2,21.1074,4.9,72.3,1011.7,57.1,6.2,283.1,24.5,21318,66445,1,32.0,24.9,27.3,39.2,24.9,29.3,24.0
Chaguanas,2010-08-08,86.6,31.496,9.6,111.9,1012.2,74.9,7.2,167.6,14.4,21324,66423,1,31.1,24.0,26.8,36.9,24.0,28.8,24.2
Chaguanas,2010-08-09,86.4,0.0,11.4,135.3,1013.1,88.8,6.5,174.8,15.0,21330,66401,0,32.0,24.0,26.7,37.9,24.0,28.7,24.1
Chaguanas,2010-08-10,85.5,48.4886,7.4,135.3,1013.0,72.1,7.2,245.1,21.1,21336,66378,1,31.8,23.0,26.8,37.8,23.0,28.9,23.9
Chaguanas,2010-08-11,83.1,0.0,10.1,122.8,1012.8,66.0,7.5,228.7,19.8,21341,66353,0,32.0,24.0,27.4,37.9,24.0,30.2,24.1
Chaguanas,2010-08-12,82.1,5.8928,11.9,114.0,1012.7,81.8,7.5,256.6,22.2,21345,66329,1,33.0,25.0,27.9,39.3,25.0,31.0,24.4
Chaguanas,2010-08-13,81.8,20.0152,15.2,111.9,1013.4,71.3,6.6,270.7,23.4,21350,66303,1,33.0,25.0,28.1,40.6,25.0,31.4,24.5
Chaguanas,2010-08-14,87.2,47.2948,20.1,87.7,1014.7,85.9,6.1,245.4,21.2,21354,66277,1,31.1,24.0,26.3,36.7,24.0,27.7,23.9
Chaguanas,2010-08-15,80.4,2.0065999999999997,7.6,87.6,1013.5,59.2,7.5,224.4,19.5,21357,66250,1,34.1,23.0,27.4,40.7,23.0,30.1,23.5
Chaguanas,2010-08-16,83.9,9.0932,5.4,142.5,1012.6,77.4,6.7,173.2,14.9,21360,66223,1,31.1,24.0,26.6,35.7,24.0,28.3,23.4
Chaguanas,2010-08-17,77.9,0.0,6.7,107.7,1013.4,69.2,7.8,173.2,14.9,21363,66195,0,33.0,24.0,28.4,39.3,24.0,31.4,23.8
Chaguanas,2010-08-18,79.7,0.0,8.3,87.1,1012.8,77.1,6.4,143.5,12.3,21365,66166,0,34.0,24.0,28.5,40.6,24.0,32.2,24.3
Chaguanas,2010-08-19,80.1,0.0,6.7,102.9,1011.6,69.3,5.9,138.9,12.0,21367,66137,0,32.1,24.0,27.7,39.2,24.0,29.9,23.7
Chaguanas,2010-08-20,82.9,0.0,3.1,138.1,1011.7,75.6,7.2,229.2,19.7,21368,66107,0,33.0,23.9,26.9,38.1,23.9,29.1,23.6
Chaguanas,2010-08-21,80.5,0.508,6.3,85.4,1012.7,65.4,7.0,123.7,10.6,21370,66076,1,34.0,23.0,27.8,40.4,23.0,30.8,23.8
Chaguanas,2010-08-22,82.6,0.0,8.9,97.8,1013.3,72.0,6.9,116.5,10.3,21370,66045,0,34.0,25.0,27.8,40.6,25.0,30.6,24.3
Chaguanas,2010-08-23,87.7,18.008599999999998,12.1,94.4,1012.1,78.7,6.6,120.8,10.5,21371,66013,1,31.1,25.0,26.7,39.1,25.0,28.8,24.4
Chaguanas,2010-08-24,90.0,2.9972,11.2,93.5,1010.9,83.7,6.5,110.5,9.4,21371,65981,1,31.0,24.0,26.3,36.6,24.0,27.8,24.5
Chaguanas,2010-08-25,84.9,10.693399999999999,9.6,113.9,1011.5,75.8,7.0,131.5,11.5,21371,65949,1,33.0,24.8,27.5,40.6,24.8,30.8,24.6
Chaguanas,2010-08-26,86.7,47.0154,10.3,134.2,1011.9,83.7,6.9,147.3,12.8,21370,65915,1,33.0,24.2,27.1,40.6,24.2,28.9,24.5
Chaguanas,2010-08-27,78.3,0.2032,10.1,114.0,1011.9,79.9,7.1,199.8,17.2,21370,65882,1,34.0,24.0,28.8,42.0,24.0,32.6,24.3
Chaguanas,2010-08-28,78.8,0.0,6.9,87.1,1011.3,59.8,7.6,161.0,13.9,21369,65848,0,35.0,24.7,28.5,41.9,24.7,31.5,24.1
Chaguanas,2010-08-29,82.3,5.1054,6.0,112.3,1010.7,83.0,7.0,232.3,20.1,21367,65813,1,35.0,25.0,27.7,43.3,25.0,30.0,24.2
Chaguanas,2010-08-30,83.9,7.112,9.2,125.8,1010.9,90.4,6.6,183.8,15.9,21366,65778,1,33.7,24.0,27.8,42.7,24.0,31.4,24.7
Chaguanas,2010-08-31,79.1,21.59,8.3,128.0,1009.7,93.4,7.4,152.1,13.1,21364,65743,1,35.1,25.0,29.0,43.4,25.0,33.1,24.7
Chaguanas,2010-09-01,74.7,0.0,13.4,112.7,1011.1,78.0,7.7,251.9,21.9,21362,65708,0,34.0,25.0,29.2,40.6,25.0,32.8,23.9
Chaguanas,2010-09-02,82.5,0.0,12.1,86.8,1013.7,78.5,7.0,126.3,11.0,21359,65672,0,32.0,25.0,27.9,39.2,25.0,31.3,24.5
Chaguanas,2010-09-03,77.4,0.0,8.7,41.9,1013.2,74.7,7.3,131.7,11.4,21357,65635,0,33.1,24.8,28.9,40.6,24.8,32.6,24.3
Chaguanas,2010-09-04,86.6,22.098,6.5,69.0,1012.3,76.3,6.7,120.2,10.6,21354,65599,1,33.2,24.0,26.6,40.6,24.0,27.8,23.9
Chaguanas,2010-09-05,80.4,0.508,6.0,113.7,1011.8,78.4,7.4,191.4,16.6,21351,65562,1,33.2,24.0,28.0,39.4,24.0,31.1,23.9
Chaguanas,2010-09-06,81.2,0.0,8.7,101.3,1012.5,61.2,6.5,146.6,12.4,21348,65524,0,33.8,24.0,28.2,41.2,24.0,31.3,24.3
Chaguanas,2010-09-07,85.6,53.1114,7.2,112.7,1012.3,74.4,6.8,103.7,9.0,21344,65487,1,33.0,23.2,26.8,40.6,23.2,28.9,24.1
Chaguanas,2010-09-08,87.1,4.2926,4.3,46.2,1011.6,80.2,7.0,128.6,10.9,21341,65449,1,33.0,23.8,26.2,40.6,23.8,27.7,23.7
Chaguanas,2010-09-09,85.8,89.89059999999999,7.4,319.5,1011.2,87.5,6.8,132.1,11.3,21337,65411,1,31.0,23.0,26.3,35.5,23.0,27.8,23.5
Chaguanas,2010-09-10,84.5,2.0065999999999997,7.4,188.2,1010.2,89.3,7.4,191.7,16.6,21334,65373,1,32.0,23.7,27.1,38.5,23.7,29.6,24.1
Chaguanas,2010-09-11,80.8,2.3114,8.9,158.2,1010.6,88.6,6.1,212.9,18.5,21330,65335,1,33.0,24.0,27.8,38.1,24.0,30.8,23.9
Chaguanas,2010-09-12,83.9,43.2054,8.7,137.4,1010.6,66.3,7.4,196.7,16.9,21326,65297,1,33.7,25.0,27.7,40.3,25.0,30.2,24.5
Chaguanas,2010-09-13,82.5,0.508,7.8,117.9,1010.1,53.7,7.6,129.5,11.3,21322,65258,1,33.0,23.9,27.8,40.6,23.9,31.2,24.3
Chaguanas,2010-09-14,79.1,0.0,6.5,135.9,1010.6,68.5,7.9,237.2,20.4,21318,65220,0,35.0,24.8,28.3,41.9,24.8,31.2,24.0
Chaguanas,2010-09-15,84.6,9.906,7.2,124.1,1009.9,83.1,7.3,220.8,19.1,21314,65181,1,33.9,24.0,27.3,40.6,24.0,29.8,24.3
Chaguanas,2010-09-16,78.3,0.7874,5.8,152.2,1008.6,87.7,7.2,125.9,10.8,21310,65142,1,34.1,25.0,28.7,40.7,25.0,32.1,24.1
Chaguanas,2010-09-17,88.2,37.4142,7.8,170.7,1009.3,89.7,6.5,118.0,10.3,21306,65103,1,32.2,23.9,26.4,38.3,23.9,28.1,24.2
Chaguanas,2010-09-18,83.9,4.0893999999999995,8.5,132.0,1011.2,90.9,7.3,150.8,13.0,21302,65065,1,33.0,23.8,27.5,40.6,23.8,31.0,24.4
Chaguanas,2010-09-19,80.2,0.0,5.1,93.9,1011.5,84.4,7.4,164.8,14.3,21298,65026,0,34.0,25.0,28.3,40.4,25.0,31.3,24.3
Chaguanas,2010-09-20,86.3,6.095999999999999,7.6,178.9,1009.8,87.6,6.7,118.7,10.4,21294,64987,1,32.7,24.0,26.7,38.7,24.0,28.4,24.1
Chaguanas,2010-09-21,87.8,7.112,8.1,132.5,1010.3,90.4,7.3,143.0,12.3,21290,64948,1,31.0,23.9,26.2,36.6,23.9,27.9,23.9
Chaguanas,2010-09-22,82.4,0.0,10.3,108.3,1010.4,63.7,7.4,177.0,15.3,21287,64910,0,33.2,24.0,27.8,40.9,24.0,31.2,24.3
Chaguanas,2010-09-23,83.5,1.2953999999999999,7.6,99.1,1010.1,71.8,7.3,185.0,15.9,21283,64871,1,32.0,24.7,27.4,37.9,24.7,30.2,24.2
Chaguanas,2010-09-24,80.3,0.0,11.6,113.9,1009.9,52.8,7.3,255.5,22.1,21280,64833,0,33.0,24.8,28.3,40.1,24.8,31.7,24.3
Chaguanas,2010-09-25,83.8,4.0893999999999995,12.3,120.8,1010.7,75.3,6.7,251.6,21.8,21276,64795,1,33.0,25.0,27.1,39.3,25.0,28.8,24.0
Chaguanas,2010-09-26,78.8,0.0,9.2,115.7,1010.5,63.5,7.4,161.4,13.8,21273,64757,0,34.0,23.9,28.1,39.4,23.9,30.6,23.7
Chaguanas,2010-09-27,85.4,7.899399999999999,10.1,114.1,1009.9,73.0,7.3,128.5,11.1,21270,64719,1,33.0,24.8,27.3,39.3,24.8,29.3,24.4
Chaguanas,2010-09-28,77.0,0.0,8.9,88.8,1008.9,57.2,7.6,185.5,15.9,21267,64681,0,33.1,24.0,28.2,39.2,24.0,30.9,23.3
Chaguanas,2010-09-29,80.2,2.0065999999999997,10.1,89.7,1009.4,77.8,7.1,233.1,20.0,21264,64644,1,34.0,24.0,28.2,40.6,24.0,31.1,24.2
Chaguanas,2010-09-30,86.5,0.0,6.5,114.1,1009.2,75.7,6.9,164.3,14.1,21262,64607,0,34.7,24.0,27.1,42.5,24.0,29.1,24.3
Chaguanas,2010-10-01,89.3,14.1986,5.6,129.3,1009.0,81.9,7.6,155.3,13.5,21260,64570,1,31.0,23.7,26.6,36.6,23.7,28.8,24.6
Chaguanas,2010-10-02,81.8,0.3048,12.3,178.9,1009.2,90.4,7.8,166.4,14.4,21258,64533,1,32.0,25.0,27.6,37.9,25.0,29.8,23.9
Chaguanas,2010-10-03,77.2,0.0,9.2,131.5,1009.5,89.2,7.4,180.6,15.5,21256,64497,0,35.0,25.0,29.2,41.9,25.0,33.4,24.5
Chaguanas,2010-10-04,80.3,0.0,14.1,133.7,1010.6,90.5,7.3,211.2,18.3,21255,64461,0,34.0,23.0,27.9,40.6,23.0,31.2,23.8
Chaguanas,2010-10-05,80.6,0.0,10.7,128.4,1010.6,86.0,7.2,163.9,14.3,21254,64426,0,33.0,25.9,29.0,40.6,25.9,33.4,25.1
Chaguanas,2010-10-06,78.7,1.778,12.5,129.6,1010.9,87.9,7.1,119.4,10.3,21253,64391,1,33.1,25.9,28.8,40.3,25.9,32.8,24.5
Chaguanas,2010-10-07,76.8,0.0,12.8,118.5,1011.7,87.6,7.3,255.1,22.0,21253,64356,0,32.2,26.0,28.9,40.7,26.0,32.6,24.2
Chaguanas,2010-10-08,79.4,0.0,11.4,102.1,1011.7,73.6,7.5,179.9,15.4,21253,64322,0,34.0,25.0,28.7,42.2,25.0,32.7,24.6
Chaguanas,2010-10-09,81.5,0.9905999999999999,10.3,115.9,1012.0,52.3,8.1,175.5,15.2,21253,64288,1,33.0,25.0,28.6,40.7,25.0,32.5,24.8
Chaguanas,2010-10-10,76.3,0.0,18.3,113.1,1012.4,48.2,7.5,257.2,22.3,21254,64255,0,33.0,26.0,29.2,39.3,26.0,33.2,24.2
Chaguanas,2010-10-11,74.4,0.0,20.1,96.7,1012.5,38.9,7.6,269.1,23.3,21255,64222,0,33.0,24.0,28.7,38.1,24.0,31.7,23.4
Chaguanas,2010-10-12,80.9,0.9905999999999999,20.1,98.4,1012.0,45.5,7.0,199.7,17.2,21257,64190,1,33.0,25.0,27.8,39.3,25.0,30.4,24.0
Chaguanas,2010-10-13,79.8,0.0,12.1,95.3,1011.9,42.9,6.9,271.8,23.3,21259,64158,0,34.0,21.9,27.9,40.6,21.9,30.6,23.8
Chaguanas,2010-10-14,87.8,0.0,11.9,90.7,1011.6,70.8,6.6,189.6,16.3,21261,64127,0,30.0,24.9,26.2,35.1,24.9,27.4,23.9
Chaguanas,2010-10-15,80.0,0.0,11.9,93.8,1011.0,45.7,8.0,192.9,16.6,21265,64097,0,34.0,24.0,28.4,42.0,24.0,32.1,24.4
Chaguanas,2010-10-16,82.0,0.3048,20.1,91.5,1011.5,55.4,7.8,96.6,8.4,21268,64067,1,33.1,24.0,28.1,40.6,24.0,31.3,24.5
Chaguanas,2010-10-17,83.8,19.1008,8.5,69.0,1011.7,68.3,7.4,91.0,7.9,21272,64038,1,34.1,24.0,27.2,40.4,24.0,29.4,23.9
Chaguanas,2010-10-18,83.3,0.0,9.4,77.1,1011.5,68.7,6.8,149.3,13.0,21277,64009,0,33.5,24.0,27.1,40.0,24.0,29.2,23.7
Chaguanas,2010-10-19,82.4,15.011399999999998,10.1,77.5,1011.5,50.5,7.0,228.2,19.6,21282,63982,1,32.2,23.9,27.0,38.3,23.9,29.1,23.6
Chaguanas,2010-10-20,84.3,2.5146,20.1,89.2,1010.8,70.5,7.4,178.6,15.5,21288,63955,1,32.0,24.8,26.8,39.2,24.8,28.9,23.9
Chaguanas,2010-10-21,78.6,0.0,13.0,77.2,1011.2,82.7,7.8,221.4,19.1,21294,63928,0,33.0,23.0,27.7,38.1,23.0,30.1,23.3
Chaguanas,2010-10-22,82.1,0.9905999999999999,11.9,86.5,1010.8,70.4,7.5,263.2,22.7,21301,63903,1,33.0,24.0,27.9,39.3,24.0,31.1,24.3
Chaguanas,2010-10-23,75.2,0.508,14.8,60.2,1009.9,31.4,7.7,270.3,23.3,21308,63878,1,33.1,24.0,28.5,38.1,24.0,31.2,23.3
Chaguanas,2010-10-24,75.7,0.0,14.1,64.4,1008.9,72.7,7.5,274.7,23.7,21316,63854,0,33.0,24.0,27.8,37.1,24.0,29.8,22.8
Chaguanas,2010-10-25,82.8,0.9905999999999999,11.2,73.6,1009.2,74.8,7.4,223.3,19.3,21325,63831,1,32.0,23.0,26.6,37.9,23.0,28.7,23.3
Chaguanas,2010-10-26,80.6,0.0,10.7,105.7,1009.7,88.4,7.9,92.6,8.2,21334,63809,0,33.0,23.0,27.4,39.3,23.0,30.2,23.4
Chaguanas,2010-10-27,85.4,0.9905999999999999,10.5,70.0,1009.5,86.0,7.6,163.2,14.3,21344,63787,1,32.0,24.0,26.7,39.2,24.0,28.7,23.9
Chaguanas,2010-10-28,82.0,2.9972,9.2,107.7,1009.2,82.5,7.6,186.4,16.0,21355,63767,1,32.0,23.0,26.8,37.9,23.0,28.8,23.3
Chaguanas,2010-10-29,77.9,0.3048,10.7,40.9,1008.8,89.5,7.8,168.8,14.6,21366,63747,1,34.0,24.9,28.1,39.4,24.9,30.2,23.5
Chaguanas,2010-10-30,78.2,0.2032,6.9,162.6,1007.8,86.3,7.8,164.7,14.2,21378,63729,1,33.0,24.0,28.3,39.3,24.0,31.2,23.8
Chaguanas,2010-10-31,86.5,6.095999999999999,11.6,107.4,1009.7,90.1,6.6,105.9,9.2,21390,63711,1,30.8,24.0,26.9,38.6,24.0,29.7,24.4
Chaguanas,2010-11-01,82.6,2.0065999999999997,13.6,88.4,1011.3,86.4,7.3,160.3,13.8,21404,63694,1,32.1,26.0,28.2,39.3,26.0,32.2,24.8
Chaguanas,2010-11-02,85.0,7.899399999999999,6.9,87.9,1009.4,89.4,6.7,176.4,15.2,21417,63678,1,33.1,24.0,27.3,41.0,24.0,29.6,24.4
Chaguanas,2010-11-03,76.9,0.9905999999999999,11.4,23.4,1007.8,87.6,7.4,109.3,9.5,21432,63663,1,33.7,24.0,28.2,40.6,24.0,30.6,23.4
Chaguanas,2010-11-04,82.9,0.0,12.8,105.6,1007.5,76.4,7.3,146.2,12.7,21447,63649,0,32.2,23.0,27.2,36.2,23.0,29.6,23.8
Chaguanas,2010-11-05,88.3,43.8912,13.9,115.2,1009.7,84.6,6.2,195.5,16.9,21463,63636,1,30.7,24.0,26.2,36.3,24.0,27.3,24.1
Chaguanas,2010-11-06,85.3,32.004,10.3,105.0,1009.6,82.4,7.2,214.3,18.6,21480,63625,1,31.1,24.9,27.3,39.3,24.9,29.9,24.4
Chaguanas,2010-11-07,82.0,2.0065999999999997,9.4,123.0,1008.5,58.8,7.6,240.9,20.8,21497,63614,1,33.1,24.0,27.8,39.3,24.0,30.6,24.2
Chaguanas,2010-11-08,78.8,0.0,20.1,118.0,1008.6,43.9,8.0,207.2,18.0,21515,63604,0,33.0,24.9,28.2,39.3,24.9,31.1,23.9
Chaguanas,2010-11-09,77.9,0.0,13.4,108.4,1009.5,58.5,7.9,238.0,20.6,21533,63595,0,33.1,25.0,28.3,39.3,25.0,31.3,23.8
Chaguanas,2010-11-10,79.5,0.0,13.9,99.5,1009.8,45.2,7.5,123.0,10.6,21553,63587,0,33.1,24.0,28.3,39.4,24.0,30.9,24.0
Chaguanas,2010-11-11,87.7,9.398,13.9,93.2,1010.4,78.7,6.1,105.6,9.1,21573,63581,1,32.0,25.0,27.0,39.2,25.0,29.2,24.7
Chaguanas,2010-11-12,83.5,0.0,9.2,112.3,1010.9,89.2,7.3,136.6,11.9,21593,63575,0,33.1,24.0,27.8,40.7,24.0,30.9,24.5
Chaguanas,2010-11-13,83.6,5.1054,13.9,110.6,1010.9,77.5,7.4,136.9,11.8,21614,63571,1,32.0,24.0,27.3,39.2,24.0,29.5,24.1
Chaguanas,2010-11-14,89.4,17.779999999999998,10.3,97.5,1011.1,89.5,6.7,91.0,7.9,21636,63567,1,28.0,23.0,25.8,31.9,23.0,26.9,23.8
Chaguanas,2010-11-15,80.9,0.0,16.1,93.3,1010.3,65.5,7.5,121.6,10.3,21659,63565,0,32.9,23.8,27.4,38.8,23.8,29.7,23.6
Chaguanas,2010-11-16,77.1,0.0,13.9,92.1,1010.4,50.1,8.0,240.0,20.8,21682,63564,0,33.1,24.0,28.0,39.4,24.0,30.5,23.3
Chaguanas,2010-11-17,91.4,123.5202,11.4,86.8,1010.7,72.6,6.3,143.7,12.6,21706,63563,1,28.1,24.0,25.8,32.2,24.0,26.4,24.3
Chaguanas,2010-11-18,80.0,0.508,11.4,121.0,1009.9,69.6,7.5,117.6,10.2,21730,63564,1,33.1,23.0,27.4,38.2,23.0,29.9,23.4
Chaguanas,2010-11-19,79.1,0.7874,12.8,110.3,1009.8,52.5,7.4,219.7,18.9,21755,63566,1,33.1,23.7,27.7,39.3,23.7,30.2,23.4
Chaguanas,2010-11-20,83.5,9.0932,17.2,116.8,1010.8,55.5,7.1,161.8,13.9,21780,63569,1,32.2,23.0,26.5,37.9,23.0,28.1,23.3
Chaguanas,2010-11-21,86.6,3.5052000000000003,13.9,82.7,1011.0,81.5,6.6,121.1,10.6,21806,63573,1,29.1,24.0,25.9,34.6,24.0,27.2,23.4
Chaguanas,2010-11-22,87.5,32.004,14.3,92.0,1009.6,79.2,6.2,96.6,8.3,21833,63579,1,32.1,23.0,25.6,36.6,23.0,26.4,23.1
Chaguanas,2010-11-23,90.7,27.914599999999997,9.2,94.1,1007.8,90.3,6.1,63.0,5.4,21860,63585,1,31.0,22.8,24.9,36.6,22.8,26.0,23.2
Chaguanas,2010-11-24,93.3,18.9992,16.1,88.3,1008.1,83.9,5.2,147.2,12.9,21887,63592,1,27.0,23.0,24.6,29.7,23.0,24.7,23.3
Chaguanas,2010-11-25,84.8,1.2953999999999999,18.3,92.2,1008.9,73.6,6.8,96.8,8.5,21915,63601,1,32.0,24.0,26.9,39.2,24.0,29.2,24.1
Chaguanas,2010-11-26,95.0,50.0888,12.8,82.2,1009.4,89.9,5.3,68.7,6.0,21944,63610,1,25.1,24.0,24.6,25.1,24.0,24.6,23.8
Chaguanas,2010-11-27,86.5,1.2953999999999999,13.9,98.6,1010.3,87.7,6.8,93.5,8.0,21973,63621,1,32.1,23.9,26.6,39.8,23.9,28.6,23.9
Chaguanas,2010-11-28,81.4,0.0,16.1,100.6,1010.1,45.3,6.7,172.5,14.9,22002,63632,0,32.1,24.0,27.3,36.8,24.0,29.4,23.6
Chaguanas,2010-11-29,88.2,13.8938,16.1,83.8,1009.5,68.7,6.2,154.1,13.4,22032,63645,1,30.0,24.0,25.9,36.2,24.0,27.3,23.7
Chaguanas,2010-11-30,77.5,4.0893999999999995,16.1,90.4,1009.4,75.1,7.0,122.1,10.4,22062,63658,1,31.3,24.0,27.0,35.3,24.0,28.5,22.5
Chaguanas,2010-12-01,76.2,0.0,12.8,98.7,1009.6,77.2,7.4,223.7,19.4,22092,63673,0,32.1,23.0,27.1,35.9,23.0,28.6,22.2
Chaguanas,2010-12-02,85.1,0.9905999999999999,24.6,96.5,1009.5,89.2,6.9,222.8,19.2,22123,63688,1,29.2,24.0,25.8,33.9,24.0,26.9,23.1
Chaguanas,2010-12-03,87.8,8.407399999999999,13.9,97.1,1009.8,85.6,6.1,168.2,14.4,22154,63705,1,29.0,23.0,25.4,33.6,23.0,26.6,23.2
Chaguanas,2010-12-04,91.4,24.180799999999998,15.0,94.1,1010.9,89.7,5.6,196.1,16.9,22185,63722,1,30.9,23.8,25.3,37.4,23.8,26.2,23.7
Chaguanas,2010-12-05,83.4,7.899399999999999,16.1,106.7,1011.5,61.6,7.4,208.6,17.9,22216,63740,1,31.1,23.0,26.9,37.5,23.0,29.1,23.7
Chaguanas,2010-12-06,78.3,0.0,17.2,87.1,1011.3,65.3,7.8,175.6,15.1,22248,63759,0,32.0,24.8,27.4,35.8,24.8,29.0,23.0
Chaguanas,2010-12-07,88.8,7.112,15.0,101.9,1011.1,85.5,6.8,97.3,8.5,22279,63779,1,32.0,23.0,25.2,37.9,23.0,26.4,23.2
Chaguanas,2010-12-08,91.5,28.498800000000003,12.8,101.0,1010.8,76.7,6.4,135.8,11.7,22311,63800,1,30.1,24.0,25.6,35.2,24.0,26.4,24.1
Chaguanas,2010-12-09,88.7,11.8872,16.1,86.7,1010.1,65.1,6.1,160.5,13.9,22343,63822,1,30.0,22.9,25.7,36.2,22.9,27.1,23.6
Chaguanas,2010-12-10,85.3,0.9905999999999999,23.0,91.6,1009.5,64.7,7.2,184.9,16.0,22375,63845,1,31.0,23.0,26.7,36.6,23.0,28.7,23.9
Chaguanas,2010-12-11,85.7,11.684,15.0,81.7,1009.9,82.7,6.5,229.3,20.0,22407,63868,1,31.1,24.0,26.9,37.9,24.0,29.0,24.1
Chaguanas,2010-12-12,79.6,0.0,13.9,103.0,1009.2,39.3,7.8,236.4,20.6,22438,63892,0,32.0,23.0,27.0,37.9,23.0,28.8,22.9
Chaguanas,2010-12-13,75.5,7.899399999999999,12.8,108.3,1008.5,31.8,7.6,258.1,22.3,22470,63917,1,32.2,22.0,26.7,35.8,22.0,27.9,21.5
Chaguanas,2010-12-14,84.3,2.0065999999999997,13.9,98.6,1007.4,67.8,6.9,236.0,20.5,22502,63942,1,31.0,22.6,25.9,34.6,22.6,27.4,22.9
Chaguanas,2010-12-15,93.3,5.6133999999999995,13.9,95.7,1008.3,89.8,5.6,220.0,19.2,22534,63968,1,25.7,23.0,24.2,25.7,23.0,24.2,23.0
Chaguanas,2010-12-16,83.6,0.0,13.9,92.6,1010.6,81.2,7.3,124.5,10.7,22565,63995,0,31.2,22.0,26.1,37.1,22.0,28.2,22.9
Chaguanas,2010-12-17,80.9,0.0,12.8,94.9,1010.8,83.0,8.0,201.2,17.5,22596,64023,0,31.2,23.0,26.5,35.8,23.0,28.1,22.7
Chaguanas,2010-12-18,79.4,0.0,20.1,75.5,1009.3,76.0,7.5,245.1,21.3,22627,64050,0,32.0,22.0,26.3,35.8,22.0,27.8,22.2
Chaguanas,2010-12-19,79.4,0.0,11.4,108.0,1008.6,57.2,7.4,244.9,21.3,22658,64079,0,32.0,22.9,26.7,36.8,22.9,28.6,22.6
Chaguanas,2010-12-20,78.7,0.0,13.9,118.7,1009.8,31.9,7.7,253.0,21.9,22689,64108,0,32.1,23.0,26.9,35.8,23.0,28.5,22.4
Chaguanas,2010-12-21,84.7,7.899399999999999,9.2,357.1,1010.6,75.2,6.5,212.2,18.2,22719,64137,1,34.0,23.0,26.4,37.3,23.0,27.7,23.2
Chaguanas,2010-12-22,90.8,0.9905999999999999,13.9,102.7,1011.6,83.6,6.0,182.1,15.8,22749,64167,1,27.9,22.0,24.8,31.7,22.0,25.5,23.2
Chaguanas,2010-12-23,86.9,11.684,9.2,103.8,1010.6,85.9,7.0,130.9,11.1,22778,64198,1,31.0,23.0,26.0,36.6,23.0,27.6,23.5
Chaguanas,2010-12-24,88.4,10.413999999999998,11.4,99.0,1010.3,72.7,7.4,117.2,10.2,22807,64229,1,32.1,23.0,26.2,37.7,23.0,28.3,23.9
Chaguanas,2010-12-25,83.0,0.0,16.1,95.7,1010.9,78.2,7.4,224.8,19.5,22835,64260,0,31.7,23.0,26.6,37.3,23.0,28.7,23.3
Chaguanas,2010-12-26,80.5,0.0,17.2,95.2,1011.6,78.2,6.9,214.1,18.6,22863,64291,0,31.0,23.0,27.1,35.6,23.0,28.9,23.2
Chaguanas,2010-12-27,80.2,0.9905999999999999,20.8,90.8,1011.2,89.2,6.9,237.9,20.5,22891,64323,1,30.2,25.0,27.4,35.2,25.0,30.0,23.6
Chaguanas,2010-12-28,75.1,0.0,15.0,85.3,1011.4,58.6,7.5,251.6,21.8,22918,64355,0,32.0,23.0,27.3,35.5,23.0,28.8,22.2
Chaguanas,2010-12-29,80.0,0.9905999999999999,23.0,80.2,1010.1,79.2,7.3,248.3,21.6,22944,64387,1,31.0,22.0,26.2,35.5,22.0,27.7,22.3
Chaguanas,2010-12-30,82.8,6.095999999999999,24.6,63.6,1009.9,83.4,5.9,191.7,16.6,22970,64419,1,31.0,23.0,25.8,33.8,23.0,26.6,22.4
Chaguanas,2010-12-31,76.8,4.0893999999999995,15.0,92.5,1009.8,76.8,7.6,228.4,20.0,22995,64452,1,31.8,23.0,26.7,34.8,23.0,28.1,21.9
Chaguanas,2011-01-01,79.6,0.0,18.3,90.2,1010.1,69.3,7.3,225.3,19.4,23019,64484,0,31.0,22.0,25.9,34.6,22.0,27.2,21.8
Chaguanas,2011-01-02,75.7,0.0,13.9,52.8,1010.1,70.7,7.4,231.4,20.0,23043,64517,0,32.0,23.0,26.5,34.9,23.0,27.5,21.4
Chaguanas,2011-01-03,75.8,0.0,11.4,125.0,1009.5,35.4,8.1,238.9,20.5,23066,64549,0,32.0,20.0,25.6,33.5,20.0,26.3,20.3
Chaguanas,2011-01-04,79.5,0.0,15.0,90.8,1010.2,66.9,7.6,253.0,21.8,23088,64582,0,31.0,22.0,26.4,35.5,22.0,28.1,22.3
Chaguanas,2011-01-05,82.6,0.9905999999999999,16.1,94.3,1011.0,84.2,7.2,170.0,14.7,23110,64615,1,31.0,23.0,26.1,36.4,23.0,27.5,22.7
Chaguanas,2011-01-06,93.6,69.596,15.0,99.7,1011.0,91.7,6.0,77.6,6.6,23130,64647,1,27.0,22.9,23.9,30.1,22.9,24.0,22.8
Chaguanas,2011-01-07,85.6,0.7874,16.1,94.9,1010.5,87.0,6.9,106.1,9.1,23150,64680,1,31.1,22.9,26.3,36.7,22.9,28.2,23.5
Chaguanas,2011-01-08,82.7,0.3048,18.3,95.4,1010.8,87.6,6.9,180.0,15.4,23169,64712,1,31.0,24.0,26.7,35.6,24.0,28.3,23.2
Chaguanas,2011-01-09,85.2,3.5052000000000003,20.8,82.2,1011.8,86.3,6.6,216.5,18.5,23187,64744,1,30.1,23.0,26.3,35.2,23.0,28.2,23.5
Chaguanas,2011-01-10,80.3,0.508,25.3,78.8,1011.8,81.9,7.2,229.5,19.9,23205,64776,1,31.0,23.9,26.6,34.2,23.9,28.0,22.6
Chaguanas,2011-01-11,76.0,0.0,19.5,84.6,1012.6,81.2,7.6,253.8,21.9,23221,64808,0,31.1,22.0,26.0,33.4,22.0,26.8,21.1
Chaguanas,2011-01-12,84.6,9.9822,18.3,93.3,1011.7,67.8,6.0,224.3,19.4,23236,64840,1,30.0,23.0,25.6,34.2,23.0,26.6,22.7
Chaguanas,2011-01-13,81.2,1.9811999999999999,20.8,91.3,1012.0,54.2,6.0,231.7,20.1,23251,64871,1,31.0,24.0,26.7,35.5,24.0,28.1,23.0
Chaguanas,2011-01-14,74.9,0.0,21.9,88.7,1011.8,31.8,6.9,240.0,20.8,23264,64902,0,31.1,24.0,27.1,34.7,24.0,28.5,22.0
Chaguanas,2011-01-15,75.5,0.0,18.3,90.7,1011.3,68.0,6.8,259.5,22.5,23277,64933,0,31.2,23.0,26.4,34.2,23.0,27.7,21.6
Chaguanas,2011-01-16,73.8,0.0,19.5,95.7,1011.2,41.8,7.4,239.8,20.7,23288,64963,0,31.1,23.8,27.0,34.6,23.8,28.2,21.6
Chaguanas,2011-01-17,75.6,0.3048,16.1,104.1,1011.6,73.5,8.3,259.0,22.4,23299,64993,1,31.0,22.0,26.2,33.1,22.0,27.1,21.1
Chaguanas,2011-01-18,79.3,1.4986,14.5,103.3,1012.0,60.0,7.1,264.6,22.8,23308,65023,1,30.8,23.0,25.9,34.3,23.0,27.0,21.9
Chaguanas,2011-01-19,77.5,0.9905999999999999,16.1,97.0,1011.9,38.5,7.1,254.6,22.1,23317,65052,1,31.1,22.7,26.4,35.5,22.7,27.7,21.9
Chaguanas,2011-01-20,77.1,2.9972,23.0,86.5,1010.7,44.2,7.4,264.1,22.7,23324,65080,1,31.0,22.0,26.1,33.2,22.0,27.0,21.3
Chaguanas,2011-01-21,80.4,0.0,15.0,89.4,1010.0,51.0,6.9,255.0,22.1,23331,65109,0,31.0,23.0,26.1,34.6,23.0,27.4,22.1
Chaguanas,2011-01-22,85.1,6.095999999999999,16.1,104.6,1010.5,58.5,6.6,248.6,21.4,23336,65136,1,31.0,23.0,25.8,35.5,23.0,27.2,22.8
Chaguanas,2011-01-23,76.9,0.0,18.3,92.0,1011.7,44.2,7.5,265.4,22.9,23341,65164,0,31.0,22.9,26.1,33.8,22.9,27.2,21.5
Chaguanas,2011-01-24,83.6,9.423399999999999,16.1,100.7,1012.4,67.7,7.2,252.3,21.8,23344,65190,1,30.1,22.0,25.2,34.2,22.0,26.1,22.0
Chaguanas,2011-01-25,76.8,0.0,15.0,100.6,1011.9,33.3,6.9,274.9,23.8,23346,65217,0,31.0,21.2,26.1,33.8,21.2,27.1,21.2
Chaguanas,2011-01-26,73.6,0.3048,15.0,110.1,1011.8,30.2,7.7,271.7,23.4,23347,65242,1,30.2,21.9,25.9,31.9,21.9,26.6,20.4
Chaguanas,2011-01-27,84.2,4.521199999999999,17.2,78.0,1012.0,61.0,6.4,139.3,12.0,23348,65267,1,29.2,22.0,24.8,32.1,22.0,25.6,21.9
Chaguanas,2011-01-28,83.7,4.0893999999999995,17.2,95.0,1012.6,60.5,5.9,263.2,22.8,23347,65292,1,29.0,23.0,25.2,32.4,23.0,26.1,22.1
Chaguanas,2011-01-29,92.3,55.9054,12.8,98.1,1014.4,78.2,5.0,258.6,22.2,23345,65316,1,29.0,23.0,24.3,33.6,23.0,24.6,22.9
Chaguanas,2011-01-30,77.7,4.0893999999999995,20.8,75.5,1014.4,52.4,6.5,259.1,22.4,23342,65339,1,30.1,23.0,26.3,33.3,23.0,27.4,21.8
Chaguanas,2011-01-31,73.6,0.0,15.0,83.5,1014.2,63.8,8.2,260.0,22.2,23338,65362,0,31.0,22.0,26.1,33.2,22.0,27.0,20.7
Chaguanas,2011-02-01,82.9,2.0065999999999997,15.9,83.5,1013.9,63.1,7.4,250.2,21.7,23333,65384,1,30.3,22.0,25.2,33.4,22.0,26.1,21.8
Chaguanas,2011-02-02,77.5,0.0,13.9,75.4,1013.9,41.7,7.9,279.0,24.0,23327,65405,0,31.2,20.0,25.6,33.8,20.0,26.8,21.0
Chaguanas,2011-02-03,83.2,2.5146,11.4,342.0,1012.7,60.6,7.0,278.3,24.1,23320,65426,1,29.3,21.0,24.8,32.8,21.0,25.7,21.6
Chaguanas,2011-02-04,83.0,1.4986,16.1,74.7,1011.7,78.5,6.6,274.1,23.5,23312,65446,1,29.0,22.0,25.2,32.1,22.0,25.9,21.9
Chaguanas,2011-02-05,80.2,0.0,18.3,83.4,1011.2,48.8,7.4,263.0,22.6,23303,65466,0,31.0,22.0,26.0,34.6,22.0,27.1,22.0
Chaguanas,2011-02-06,79.2,0.7874,24.2,77.2,1012.3,34.1,8.0,257.5,22.3,23293,65485,1,31.0,22.0,26.4,34.6,22.0,27.8,22.3
Chaguanas,2011-02-07,77.6,0.0,20.8,88.3,1013.5,49.9,7.2,249.1,21.5,23282,65503,0,32.0,24.0,26.6,35.8,24.0,27.9,22.2
Chaguanas,2011-02-08,73.6,1.778,21.9,81.1,1013.9,51.1,7.0,273.1,23.6,23270,65521,1,31.0,23.0,26.4,33.8,23.0,27.4,21.0
Chaguanas,2011-02-09,71.9,0.4064,19.5,93.1,1012.5,44.4,7.0,254.5,22.1,23257,65538,1,31.0,22.8,26.4,33.8,22.8,27.2,20.6
Chaguanas,2011-02-10,87.0,36.093399999999995,17.2,78.6,1012.1,76.6,4.7,214.4,18.5,23243,65554,1,29.0,23.0,24.9,32.1,23.0,25.7,22.5
Chaguanas,2011-02-11,83.4,0.508,20.8,79.7,1012.4,70.5,6.9,241.3,20.9,23228,65570,1,30.0,23.8,26.2,34.7,23.8,27.7,23.0
Chaguanas,2011-02-12,80.1,0.0,18.3,85.9,1013.4,50.1,7.1,278.6,24.0,23212,65585,0,30.1,22.9,26.1,34.4,22.9,27.2,22.1
Chaguanas,2011-02-13,77.7,0.0,20.8,73.9,1012.8,50.1,7.0,278.7,23.9,23196,65600,0,31.0,23.0,26.5,34.4,23.0,27.7,21.9
Chaguanas,2011-02-14,83.1,2.9972,18.8,103.5,1013.0,72.3,7.0,266.3,23.0,23178,65613,1,30.0,23.0,25.7,33.6,23.0,26.8,22.4
Chaguanas,2011-02-15,80.7,2.0065999999999997,20.8,109.5,1012.9,85.4,7.2,276.2,23.9,23160,65627,1,31.0,23.7,26.3,36.9,23.7,27.5,22.4
Chaguanas,2011-02-16,82.9,0.9905999999999999,19.5,97.2,1013.0,83.8,6.9,271.8,23.5,23140,65639,1,30.0,23.0,25.4,32.8,23.0,26.3,22.1
Chaguanas,2011-02-17,75.0,2.0065999999999997,23.0,92.7,1012.5,52.9,6.9,283.1,24.6,23120,65651,1,31.0,23.0,26.3,33.4,23.0,27.3,21.2
Chaguanas,2011-02-18,74.2,0.3048,13.9,86.2,1011.9,77.7,7.5,256.7,22.2,23099,65663,1,31.0,24.0,26.3,33.8,24.0,27.3,21.2
Chaguanas,2011-02-19,82.8,2.9972,13.9,108.4,1010.7,74.0,6.7,249.5,21.6,23077,65673,1,31.3,22.0,24.9,33.8,22.0,25.4,21.4
Chaguanas,2011-02-20,75.7,0.0,16.1,63.3,1011.0,67.5,7.3,285.8,24.7,23055,65684,0,31.1,22.0,26.2,33.8,22.0,27.4,21.2
Chaguanas,2011-02-21,79.7,1.4223999999999999,15.2,56.8,1012.5,71.3,7.9,252.7,21.8,23032,65693,1,31.3,22.0,25.9,34.3,22.0,26.9,21.8
Chaguanas,2011-02-22,92.3,24.892,20.8,95.2,1013.0,91.4,4.8,208.8,18.0,23008,65703,1,28.0,22.0,24.1,31.3,22.0,24.4,22.7
Chaguanas,2011-02-23,89.3,13.8938,17.2,111.5,1011.7,86.8,7.0,223.3,19.5,22983,65711,1,29.2,23.0,25.2,33.1,23.0,25.9,23.2
Chaguanas,2011-02-24,81.3,0.508,18.3,96.3,1011.7,78.6,6.8,238.0,20.4,22958,65719,1,30.7,23.2,26.4,34.2,23.2,27.8,22.8
Chaguanas,2011-02-25,81.6,0.0,19.5,87.9,1012.8,80.7,7.1,257.4,22.4,22931,65727,0,30.0,24.0,26.0,33.5,24.0,26.9,22.4
Chaguanas,2011-02-26,78.0,0.3048,23.0,86.6,1012.0,41.7,7.3,274.1,23.6,22905,65734,1,31.1,24.0,27.0,34.7,24.0,28.4,22.6
Chaguanas,2011-02-27,83.8,6.095999999999999,15.2,82.1,1012.7,73.2,5.9,273.3,23.7,22877,65740,1,29.0,23.7,25.5,32.1,23.7,26.1,22.4
Chaguanas,2011-02-28,69.3,4.0893999999999995,18.3,58.7,1013.1,75.5,7.5,268.2,23.3,22849,65746,1,31.0,23.0,26.3,31.9,23.0,26.8,19.9
Chaguanas,2011-03-01,70.4,0.0,16.1,66.3,1012.1,43.4,7.3,286.7,24.6,22821,65752,0,31.0,21.9,25.7,32.6,21.9,26.3,19.6
Chaguanas,2011-03-02,76.6,0.0,13.9,105.3,1011.0,52.4,7.7,292.7,25.2,22792,65757,0,30.9,19.9,25.1,33.4,19.9,25.8,20.3
Chaguanas,2011-03-03,75.0,0.0,17.2,106.3,1011.2,52.2,7.6,288.6,25.1,22762,65762,0,31.1,22.9,26.3,33.8,22.9,27.2,21.0
Chaguanas,2011-03-04,76.2,0.0,18.3,102.4,1011.4,66.7,6.6,242.5,21.0,22732,65766,0,31.0,23.0,26.6,34.6,23.0,27.9,21.9
Chaguanas,2011-03-05,79.1,0.9905999999999999,23.0,86.5,1011.7,84.2,6.6,270.6,23.5,22701,65770,1,31.0,23.9,25.9,33.8,23.9,26.7,21.9
Chaguanas,2011-03-06,75.1,0.508,13.9,84.3,1011.3,79.0,7.2,200.6,17.5,22670,65774,1,31.0,23.6,26.4,33.1,23.6,27.4,21.4
Chaguanas,2011-03-07,75.1,0.0,17.2,104.1,1010.7,75.1,7.6,287.6,24.9,22638,65777,0,31.1,21.9,26.4,34.2,21.9,27.4,21.3
Chaguanas,2011-03-08,77.1,0.0,13.9,101.1,1012.1,81.8,7.7,247.4,21.4,22606,65780,0,30.1,23.7,26.3,33.2,23.7,27.1,21.8
Chaguanas,2011-03-09,73.6,0.0,11.4,88.6,1012.3,67.5,7.7,274.6,23.8,22573,65782,0,31.7,23.0,26.6,34.6,23.0,27.9,21.2
Chaguanas,2011-03-10,76.1,0.3048,13.9,14.6,1011.7,85.9,7.1,244.2,21.0,22541,65784,1,31.0,23.1,26.0,34.6,23.1,26.8,21.2
Chaguanas,2011-03-11,72.1,0.0,11.4,58.9,1012.7,81.1,7.8,211.0,18.1,22507,65786,0,32.0,21.8,25.8,33.1,21.8,26.3,19.8
Chaguanas,2011-03-12,68.3,0.0,15.0,93.6,1013.3,75.4,7.6,277.1,23.9,22474,65788,0,32.0,20.9,25.9,31.9,20.9,26.3,19.0
Chaguanas,2011-03-13,78.9,2.9972,15.0,61.8,1012.9,82.8,6.9,266.9,23.0,22440,65789,1,30.0,22.0,24.9,31.3,22.0,25.6,20.8
Chaguanas,2011-03-14,72.1,0.0,15.0,83.7,1012.5,79.5,6.7,267.2,23.0,22406,65790,0,31.0,23.0,26.0,32.6,23.0,26.4,20.3
Chaguanas,2011-03-15,69.3,2.0065999999999997,11.4,86.0,1013.4,81.2,7.6,278.9,24.2,22371,65791,1,32.0,24.8,26.8,33.5,24.8,27.4,20.4
Chaguanas,2011-03-16,78.6,0.9905999999999999,17.2,90.6,1014.3,78.7,6.9,229.0,19.7,22337,65792,1,31.0,23.0,26.6,34.6,23.0,27.8,22.4
Chaguanas,2011-03-17,77.4,0.0,18.3,93.1,1013.5,61.8,7.5,288.4,24.8,22302,65792,0,32.1,24.0,27.1,35.9,24.0,28.7,22.5
Chaguanas,2011-03-18,75.8,0.9905999999999999,18.3,103.1,1012.2,34.9,7.4,303.6,26.2,22267,65793,1,32.2,21.9,27.0,36.3,21.9,28.7,22.1
Chaguanas,2011-03-19,75.4,0.0,13.9,110.7,1012.1,56.5,7.3,305.1,26.2,22232,65793,0,32.1,22.0,26.8,35.8,22.0,28.1,21.6
Chaguanas,2011-03-20,83.2,3.7845999999999997,19.5,76.4,1011.5,72.7,6.5,293.9,25.4,22196,65793,1,32.1,22.0,25.3,35.1,22.0,25.9,22.1
Chaguanas,2011-03-21,81.9,2.9972,13.9,85.9,1010.8,79.8,6.7,288.7,24.7,22161,65793,1,31.0,23.0,26.1,36.6,23.0,27.3,22.6
Chaguanas,2011-03-22,84.7,2.0065999999999997,16.1,67.4,1010.3,87.8,6.5,268.9,23.3,22125,65792,1,29.1,22.8,25.3,32.8,22.8,26.3,22.3
Chaguanas,2011-03-23,81.1,0.3048,16.1,85.5,1011.5,90.4,7.5,252.3,21.7,22089,65792,1,30.0,23.0,26.2,34.2,23.0,27.3,22.5
Chaguanas,2011-03-24,78.5,0.9905999999999999,17.2,95.5,1012.0,80.2,7.2,258.2,22.2,22054,65792,1,31.2,24.8,27.6,35.6,24.8,29.8,23.3
Chaguanas,2011-03-25,79.7,1.2953999999999999,23.0,86.4,1012.2,62.3,6.1,275.5,23.7,22018,65791,1,32.0,24.8,27.6,36.8,24.8,29.6,23.5
Chaguanas,2011-03-26,76.4,0.0,16.1,92.1,1012.7,76.5,5.2,259.7,22.4,21982,65791,0,31.2,24.0,27.5,35.4,24.0,29.2,22.7
Chaguanas,2011-03-27,78.4,6.095999999999999,23.0,85.0,1013.3,57.6,6.8,303.9,26.3,21946,65790,1,31.0,23.8,26.4,34.6,23.8,27.6,22.1
Chaguanas,2011-03-28,74.8,0.0,13.9,101.2,1013.2,56.0,7.7,311.5,26.8,21911,65790,0,32.0,22.0,26.9,34.6,22.0,28.2,21.6
Chaguanas,2011-03-29,77.8,0.0,18.3,109.7,1013.6,58.8,7.7,298.2,25.8,21875,65789,0,32.0,23.8,27.3,35.8,23.8,29.2,22.8
Chaguanas,2011-03-30,75.8,0.3048,24.2,100.0,1013.5,55.4,6.6,288.1,25.0,21839,65789,1,32.0,25.0,27.7,35.8,25.0,29.3,22.7
Chaguanas,2011-03-31,79.1,2.0065999999999997,20.8,105.6,1012.8,58.3,7.1,298.7,25.8,21804,65788,1,32.0,23.8,26.8,35.8,23.8,28.3,22.7
Chaguanas,2011-04-01,77.1,0.0,17.2,101.1,1013.4,89.2,6.7,302.7,26.3,21768,65788,0,31.0,24.0,26.8,34.6,24.0,28.1,22.2
Chaguanas,2011-04-02,72.9,0.2032,23.0,102.8,1013.6,73.1,6.7,299.3,25.9,21733,65788,1,33.0,24.0,27.7,36.2,24.0,29.6,22.1
Chaguanas,2011-04-03,72.5,0.0,20.8,124.3,1013.3,34.6,5.9,297.6,25.8,21698,65787,0,32.0,24.2,27.8,35.8,24.2,29.3,22.1
Chaguanas,2011-04-04,78.9,16.1798,20.8,95.6,1013.6,59.3,5.9,293.1,25.4,21663,65787,1,31.0,23.0,26.2,34.2,23.0,27.4,22.0
Chaguanas,2011-04-05,74.0,0.0,26.4,94.0,1013.5,42.1,6.8,298.4,25.8,21629,65788,0,32.1,22.0,26.8,34.3,22.0,28.1,21.4
Chaguanas,2011-04-06,77.2,3.302,18.3,93.4,1013.7,64.9,6.1,288.9,24.9,21594,65788,1,31.8,24.0,26.8,35.7,24.0,28.1,22.3
Chaguanas,2011-04-07,74.3,0.0,20.8,91.5,1012.5,69.7,6.5,304.5,26.3,21560,65788,0,32.1,23.8,27.1,35.8,23.8,28.6,21.9
Chaguanas,2011-04-08,68.9,0.0,13.9,91.5,1012.5,86.0,7.4,309.9,26.8,21526,65789,0,32.0,22.7,26.8,32.4,22.7,27.3,20.0
Chaguanas,2011-04-09,74.4,0.0,19.5,101.6,1012.7,84.4,7.8,317.3,27.2,21493,65789,0,31.2,22.0,26.6,34.7,22.0,27.6,21.2
Chaguanas,2011-04-10,77.1,0.0,15.0,95.8,1012.3,68.5,7.6,309.7,26.7,21459,65790,0,33.0,22.8,27.0,37.1,22.8,28.6,22.2
Chaguanas,2011-04-11,79.7,0.0,15.0,95.5,1011.8,86.1,7.1,196.5,17.0,21426,65791,0,31.0,25.0,27.6,35.5,25.0,29.8,23.7
Chaguanas,2011-04-12,86.3,3.5052000000000003,13.9,88.1,1012.0,90.2,6.7,93.8,8.2,21394,65793,1,27.6,24.7,26.1,30.8,24.7,27.0,23.5
Chaguanas,2011-04-13,77.8,0.0,20.8,107.2,1012.4,74.2,5.6,220.9,19.0,21362,65794,0,32.0,23.9,27.3,36.4,23.9,29.1,22.7
Chaguanas,2011-04-14,75.1,0.0,20.8,98.7,1011.5,87.6,6.4,167.8,14.6,21330,65796,0,33.0,24.0,27.7,36.2,24.0,29.3,22.6
Chaguanas,2011-04-15,75.2,0.0,16.1,110.3,1010.8,86.0,6.1,301.9,26.1,21298,65798,0,33.0,24.7,27.8,37.1,24.7,29.6,22.7
Chaguanas,2011-04-16,71.7,0.0,13.9,94.8,1010.2,81.2,6.2,260.6,22.4,21267,65801,0,34.3,22.8,27.8,37.3,22.8,29.1,21.5
Chaguanas,2011-04-17,78.9,3.302,11.4,111.4,1010.4,81.6,6.9,293.8,25.3,21237,65803,1,33.0,22.0,26.4,36.2,22.0,28.1,22.2
Chaguanas,2011-04-18,82.9,7.112,9.2,105.7,1011.8,81.5,6.8,308.9,26.6,21207,65806,1,34.0,22.0,26.1,38.3,22.0,27.6,22.6
Chaguanas,2011-04-19,78.4,0.0,16.1,96.4,1012.2,70.7,7.2,295.6,25.4,21177,65809,0,32.0,23.0,26.8,35.8,23.0,28.3,22.3
Chaguanas,2011-04-20,74.8,0.2032,17.2,93.2,1011.2,71.7,7.6,300.3,26.0,21148,65813,1,32.9,23.0,27.6,39.1,23.0,29.6,22.4
Chaguanas,2011-04-21,77.8,0.0,16.1,101.6,1010.6,79.3,7.9,286.1,24.8,21120,65817,0,32.6,23.7,27.7,37.1,23.7,30.2,23.2
Chaguanas,2011-04-22,75.5,0.0,17.2,99.8,1011.1,81.2,7.8,262.4,22.6,21092,65821,0,34.1,24.1,28.6,40.7,24.1,31.4,23.4
Chaguanas,2011-04-23,82.8,2.9972,17.2,79.8,1011.9,86.0,7.4,295.2,25.5,21064,65825,1,32.0,24.9,27.4,37.9,24.9,30.1,24.1
Chaguanas,2011-04-24,82.4,5.1054,15.0,94.0,1012.5,77.6,7.5,282.6,24.4,21038,65830,1,32.0,23.9,26.7,37.9,23.9,28.5,23.3
Chaguanas,2011-04-25,73.6,0.0,15.0,84.5,1011.5,77.7,7.4,312.8,27.0,21011,65836,0,33.0,23.0,27.7,37.1,23.0,29.3,22.0
Chaguanas,2011-04-26,76.2,0.0,18.3,102.7,1011.5,45.0,7.6,304.4,26.4,20986,65841,0,32.9,24.0,27.5,37.7,24.0,29.4,22.7
Chaguanas,2011-04-27,75.1,0.0,20.8,101.3,1012.0,72.9,7.6,286.9,24.8,20961,65847,0,33.1,24.0,27.9,38.1,24.0,29.7,22.7
Chaguanas,2011-04-28,86.4,7.416799999999999,19.5,94.7,1012.2,90.4,5.7,259.0,22.5,20936,65853,1,29.0,24.0,25.8,34.6,24.0,26.5,23.3
Chaguanas,2011-04-29,76.3,9.194799999999999,17.2,102.6,1010.8,81.6,7.6,154.6,13.5,20912,65860,1,32.2,23.8,27.8,37.1,23.8,30.1,22.9
Chaguanas,2011-04-30,77.6,0.9905999999999999,18.3,107.0,1009.8,82.7,7.8,279.2,24.0,20889,65867,1,32.2,25.8,28.3,37.9,25.8,31.1,23.8
Chaguanas,2011-05-01,82.3,6.8834,15.0,106.2,1009.6,70.5,6.9,255.0,22.1,20867,65874,1,33.0,25.0,27.6,38.1,25.0,29.8,24.1
Chaguanas,2011-05-02,79.8,13.0048,15.0,100.0,1010.8,89.2,7.1,221.3,19.2,20845,65882,1,33.0,25.0,27.9,39.3,25.0,30.4,23.8
Chaguanas,2011-05-03,76.9,0.0,13.9,116.6,1011.2,87.1,7.0,169.2,14.7,20824,65890,0,33.0,24.8,28.4,39.3,24.8,31.3,23.7
Chaguanas,2011-05-04,84.3,22.098,13.9,89.0,1011.1,84.7,6.7,151.4,13.0,20804,65899,1,32.0,24.0,27.2,39.2,24.0,30.2,24.2
Chaguanas,2011-05-05,86.1,2.9972,12.8,96.6,1011.2,77.3,6.9,274.0,23.7,20784,65908,1,31.0,21.7,26.7,37.0,21.7,28.3,24.2
Chaguanas,2011-05-06,78.5,9.398,11.4,102.0,1011.8,76.6,7.7,300.2,26.0,20765,65917,1,33.0,24.0,28.2,39.3,24.0,31.1,23.8
Chaguanas,2011-05-07,78.8,0.0,16.1,85.9,1011.9,82.7,7.8,297.3,25.7,20747,65927,0,33.2,25.0,28.4,39.6,25.0,31.8,24.2
Chaguanas,2011-05-08,80.7,0.2032,16.1,96.2,1011.1,79.2,7.3,154.5,13.2,20730,65937,1,32.0,24.9,28.3,38.4,24.9,31.7,24.4
Chaguanas,2011-05-09,79.6,0.0,16.1,94.9,1010.2,66.0,6.8,267.1,23.0,20713,65947,0,33.0,25.8,28.7,39.3,25.8,32.2,24.5
Chaguanas,2011-05-10,77.3,0.0,17.2,101.4,1010.2,80.7,6.7,237.4,20.6,20698,65958,0,33.1,25.8,28.8,38.1,25.8,32.1,24.1
Chaguanas,2011-05-11,80.7,0.9905999999999999,13.9,99.4,1010.9,74.5,5.9,291.3,25.3,20683,65969,1,33.1,25.0,28.3,39.6,25.0,32.0,24.5
Chaguanas,2011-05-12,75.6,0.0,18.3,92.0,1010.9,75.4,6.4,299.2,25.8,20668,65981,0,33.2,25.0,28.6,38.2,25.0,31.4,23.6
Chaguanas,2011-05-13,78.2,0.0,11.4,99.0,1009.5,76.9,6.6,251.5,21.9,20655,65993,0,32.0,24.9,28.3,37.9,24.9,31.6,23.9
Chaguanas,2011-05-14,76.8,0.0,18.3,107.9,1009.7,87.7,6.8,177.2,15.1,20642,66005,0,33.0,25.9,28.6,38.1,25.9,31.4,23.8
Chaguanas,2011-05-15,82.5,0.0,11.4,92.9,1011.0,89.7,6.6,147.2,12.7,20630,66018,0,32.0,25.9,27.9,37.9,25.9,31.2,24.5
Chaguanas,2011-05-16,75.8,0.0,16.1,99.4,1011.0,70.5,6.6,256.2,22.1,20619,66031,0,33.0,25.0,28.4,37.9,25.0,31.1,23.4
Chaguanas,2011-05-17,76.5,0.0,92.2,91.7,1010.4,71.8,6.5,277.9,23.9,20609,66044,0,33.0,25.0,28.1,38.1,25.0,30.4,23.2
Chaguanas,2011-05-18,80.1,0.3048,18.3,82.8,1011.1,75.8,6.5,298.8,25.8,20599,66057,1,34.0,23.9,27.4,39.4,23.9,29.4,23.4
Chaguanas,2011-05-19,85.4,0.9905999999999999,15.0,91.7,1011.9,86.0,6.5,109.2,9.5,20591,66071,1,30.0,24.0,26.8,35.6,24.0,28.9,24.1
Chaguanas,2011-05-20,76.2,0.0,17.2,93.4,1011.6,52.7,7.3,304.7,26.2,20583,66085,0,33.1,24.0,28.5,38.1,24.0,30.9,23.4
Chaguanas,2011-05-21,78.0,0.0,18.3,93.5,1012.5,67.7,7.1,198.8,17.2,20576,66100,0,33.0,24.9,28.2,38.0,24.9,30.8,23.7
Chaguanas,2011-05-22,75.4,0.0,13.9,97.1,1012.6,86.6,6.5,278.9,24.1,20569,66114,0,34.0,24.9,28.8,38.3,24.9,31.7,23.6
Chaguanas,2011-05-23,81.3,0.9905999999999999,15.0,102.0,1012.0,76.2,6.1,195.9,17.0,20564,66129,1,32.0,25.0,27.9,39.0,25.0,31.2,24.3
Chaguanas,2011-05-24,76.0,0.0,13.9,110.3,1011.4,81.3,5.4,241.5,20.7,20559,66144,0,34.2,25.0,28.7,39.3,25.0,31.3,23.6
Chaguanas,2011-05-25,86.8,0.0,12.8,88.5,1011.9,81.8,5.8,260.2,22.3,20555,66160,0,31.0,24.7,27.0,37.8,24.7,29.3,24.5
Chaguanas,2011-05-26,77.8,24.409399999999998,13.9,103.7,1012.9,83.4,7.4,228.1,19.8,20552,66175,1,33.8,25.9,28.8,40.4,25.9,31.9,24.2
Chaguanas,2011-05-27,83.9,2.9972,14.3,99.8,1013.0,87.4,6.8,193.2,16.6,20550,66191,1,32.0,24.7,27.2,39.2,24.7,29.7,24.1
Chaguanas,2011-05-28,78.4,0.0,15.0,99.2,1011.0,61.8,6.7,260.7,22.5,20548,66207,0,34.0,23.0,28.1,39.4,23.0,31.3,23.6
Chaguanas,2011-05-29,81.9,11.2014,20.8,99.7,1011.3,64.3,6.8,117.1,10.0,20547,66223,1,32.0,24.0,27.7,37.9,24.0,30.2,24.1
Chaguanas,2011-05-30,82.1,2.0065999999999997,20.8,83.9,1011.3,79.7,6.9,164.0,14.1,20547,66239,1,32.0,24.9,27.9,37.9,24.9,31.1,24.4
Chaguanas,2011-05-31,91.7,22.098,17.2,97.7,1011.6,88.1,5.5,130.1,11.3,20548,66255,1,28.0,24.0,26.0,33.6,24.0,27.1,24.5
Chaguanas,2011-06-01,80.6,11.4046,17.2,94.2,1011.5,61.1,5.8,189.2,16.3,20550,66271,1,32.0,24.9,28.1,37.9,24.9,31.1,24.2
Chaguanas,2011-06-02,78.5,1.0921999999999998,16.1,92.9,1011.0,58.7,6.4,285.9,24.6,20552,66288,1,33.0,24.2,28.1,39.2,24.2,31.1,23.8
Chaguanas,2011-06-03,89.5,4.0893999999999995,13.9,92.0,1011.5,85.6,5.2,286.9,24.6,20555,66304,1,30.0,24.9,26.3,36.2,24.9,27.8,24.4
Chaguanas,2011-06-04,90.0,6.604,11.4,98.4,1012.5,86.1,6.4,178.1,15.5,20558,66321,1,32.0,23.9,26.3,39.2,23.9,27.8,24.3
Chaguanas,2011-06-05,81.2,0.3048,15.0,236.1,1012.6,89.3,7.2,114.1,9.9,20562,66337,1,33.1,24.7,27.9,38.2,24.7,30.7,24.1
Chaguanas,2011-06-06,81.0,0.1016,16.1,94.6,1012.4,82.4,7.9,160.6,13.9,20567,66353,1,33.1,24.0,28.3,39.4,24.0,31.7,24.4
Chaguanas,2011-06-07,76.8,0.0,15.0,96.2,1012.3,78.0,7.0,213.9,18.4,20573,66370,0,34.0,25.7,28.9,40.6,25.7,32.4,24.1
Chaguanas,2011-06-08,81.3,0.3048,16.1,101.0,1012.4,74.3,6.9,190.7,16.5,20579,66386,1,33.0,25.9,28.9,40.7,25.9,33.4,25.2
Chaguanas,2011-06-09,80.9,0.8128,17.2,78.9,1013.3,74.9,6.6,184.7,16.0,20586,66402,1,33.1,25.9,28.5,40.7,25.9,32.4,24.7
Chaguanas,2011-06-10,79.6,0.0,17.2,73.4,1013.4,45.2,6.8,280.2,24.4,20593,66418,0,33.1,25.0,28.6,39.3,25.0,32.2,24.5
Chaguanas,2011-06-11,76.1,0.0,16.1,72.1,1012.4,40.9,7.3,285.5,24.6,20601,66434,0,33.0,25.0,28.6,38.1,25.0,31.4,23.7
Chaguanas,2011-06-12,77.8,1.9811999999999999,17.2,85.5,1012.0,49.7,6.6,293.9,25.4,20610,66450,1,33.0,24.7,28.3,39.3,24.7,31.3,23.8
Chaguanas,2011-06-13,76.6,4.0893999999999995,13.9,113.6,1012.9,44.9,7.1,235.0,20.2,20619,66466,1,33.7,25.0,28.7,39.1,25.0,31.4,23.7
Chaguanas,2011-06-14,85.6,2.0065999999999997,13.9,98.3,1012.5,78.5,7.1,162.1,14.0,20629,66481,1,32.1,25.0,27.2,39.4,25.0,29.6,24.4
Chaguanas,2011-06-15,89.0,9.906,13.9,93.5,1012.5,87.6,6.6,196.7,17.0,20639,66496,1,32.0,24.0,26.1,37.9,24.0,27.1,24.0
Chaguanas,2011-06-16,80.2,3.9878,16.1,84.2,1012.4,86.9,7.1,269.3,23.3,20650,66511,1,32.0,25.0,28.2,39.2,25.0,31.6,24.2
Chaguanas,2011-06-17,78.9,5.1054,17.2,95.6,1012.9,85.3,7.0,262.5,22.6,20661,66526,1,33.0,24.0,28.2,39.3,24.0,31.9,24.1
Chaguanas,2011-06-18,90.1,29.1846,13.9,87.2,1013.4,85.2,5.5,181.9,15.6,20672,66540,1,30.0,24.0,26.3,36.2,24.0,28.3,24.6
Chaguanas,2011-06-19,83.0,0.6096,16.1,101.0,1012.1,78.1,6.7,177.5,15.2,20684,66554,1,32.7,24.9,27.6,38.7,24.9,30.4,24.3
Chaguanas,2011-06-20,84.5,12.420599999999999,23.0,86.8,1012.0,67.3,6.8,219.4,19.1,20697,66567,1,30.9,24.0,27.3,36.6,24.0,29.9,24.3
Chaguanas,2011-06-21,86.7,9.398,23.0,101.0,1012.3,88.3,5.7,222.0,19.2,20709,66580,1,30.7,25.0,27.3,37.2,25.0,29.9,24.7
Chaguanas,2011-06-22,92.6,48.285399999999996,15.0,103.3,1013.0,92.8,5.4,144.5,12.5,20722,66593,1,27.2,24.1,25.8,31.1,24.1,26.4,24.5
Chaguanas,2011-06-23,80.1,9.906,19.5,96.6,1012.5,73.0,6.7,243.6,21.0,20736,66606,1,32.0,25.0,28.1,37.9,25.0,30.6,24.1
Chaguanas,2011-06-24,83.1,5.4102,23.0,100.3,1012.1,85.3,6.2,259.1,22.3,20750,66617,1,32.0,25.0,27.4,37.9,25.0,29.7,24.1
Chaguanas,2011-06-25,86.5,35.81399999999999,11.4,111.0,1013.4,92.0,6.2,110.1,9.6,20764,66629,1,30.1,23.0,26.3,35.2,23.0,27.9,23.7
Chaguanas,2011-06-26,86.4,8.102599999999999,18.3,88.1,1012.8,86.2,7.0,166.4,14.3,20778,66640,1,31.0,24.2,27.0,38.8,24.2,29.6,24.4
Chaguanas,2011-06-27,80.4,0.508,18.3,91.3,1012.8,82.9,5.8,149.4,12.9,20792,66650,1,32.0,24.9,27.9,37.9,24.9,30.4,23.9
Chaguanas,2011-06-28,84.1,3.5052000000000003,17.2,85.3,1012.4,81.8,5.4,252.5,21.7,20807,66660,1,31.0,24.9,27.2,37.8,24.9,29.6,24.1
Chaguanas,2011-06-29,90.8,20.5994,13.0,91.4,1012.1,89.7,5.4,117.7,10.3,20822,66669,1,28.2,24.0,25.8,32.7,24.0,27.1,24.2
Chaguanas,2011-06-30,88.0,0.0,118.6,124.2,1011.0,86.4,7.0,92.9,7.9,20837,66678,0,32.0,24.8,26.8,38.9,24.8,29.1,24.6
Chaguanas,2011-07-01,84.0,0.0,15.0,94.9,1011.2,85.3,7.0,154.3,13.3,20852,66686,0,32.0,25.0,26.9,37.9,25.0,29.1,23.8
Chaguanas,2011-07-02,87.1,6.604,16.1,95.7,1011.7,69.4,6.6,171.3,14.8,20867,66693,1,32.0,24.0,26.8,39.2,24.0,29.1,24.3
Chaguanas,2011-07-03,83.3,31.496,15.0,99.6,1011.2,67.2,7.7,214.4,18.5,20883,66700,1,32.8,24.0,27.3,38.9,24.0,29.8,23.9
Chaguanas,2011-07-04,79.6,0.0,18.3,88.3,1011.7,57.7,6.5,269.0,23.1,20898,66706,0,32.0,25.0,28.1,37.9,25.0,30.9,24.0
Chaguanas,2011-07-05,82.1,4.0893999999999995,19.5,86.8,1011.9,71.1,6.1,275.2,23.8,20913,66712,1,33.0,24.0,27.3,39.3,24.0,29.1,23.7
Chaguanas,2011-07-06,86.1,29.3878,11.4,109.1,1013.3,75.2,6.8,193.1,16.5,20929,66716,1,31.2,24.0,26.6,36.6,24.0,28.1,23.9
Chaguanas,2011-07-07,79.0,0.0,15.0,86.3,1013.5,76.2,7.2,199.0,17.1,20944,66721,0,32.2,24.9,27.9,37.9,24.9,30.3,23.6
Chaguanas,2011-07-08,89.8,11.176,16.1,93.2,1013.0,88.9,6.2,93.7,8.0,20960,66724,1,29.0,24.0,25.6,33.6,24.0,26.6,23.8
Chaguanas,2011-07-09,81.4,0.508,17.2,107.5,1012.6,65.2,8.2,210.2,18.1,20975,66727,1,33.0,24.9,28.2,39.3,24.9,31.3,24.4
Chaguanas,2011-07-10,79.1,0.0,17.2,102.0,1012.9,39.0,7.2,274.2,23.7,20990,66728,0,32.2,25.0,28.2,36.8,25.0,30.8,23.9
Chaguanas,2011-07-11,78.1,0.7874,20.8,84.9,1013.4,52.1,6.9,282.3,24.4,21006,66729,1,33.0,25.0,28.3,37.9,25.0,31.1,23.8
Chaguanas,2011-07-12,77.5,0.0,12.8,90.6,1013.1,77.4,7.4,246.7,21.2,21021,66730,0,33.1,25.0,28.2,38.1,25.0,30.6,23.6
Chaguanas,2011-07-13,82.7,6.095999999999999,18.3,85.3,1012.5,80.8,7.3,194.1,16.8,21035,66729,1,32.2,24.0,27.2,37.9,24.0,28.9,23.8
Chaguanas,2011-07-14,78.7,2.0065999999999997,13.9,90.9,1011.7,87.6,6.8,212.1,18.3,21050,66728,1,32.0,25.0,28.2,37.9,25.0,30.8,23.9
Chaguanas,2011-07-15,76.8,0.0,13.9,94.7,1012.3,89.3,6.7,169.3,14.7,21065,66726,0,33.0,24.0,27.9,37.8,24.0,30.4,23.3
Chaguanas,2011-07-16,76.9,0.0,19.5,87.5,1013.5,62.9,7.1,290.0,24.9,21079,66723,0,32.3,24.0,27.7,37.9,24.0,30.0,22.9
Chaguanas,2011-07-17,83.0,0.0,69.1,77.6,1013.3,85.2,7.0,143.6,12.4,21093,66720,0,29.1,25.0,27.0,33.7,25.0,29.1,23.8
Chaguanas,2011-07-18,85.0,0.3048,9.2,88.9,1012.4,77.9,6.9,159.4,13.8,21107,66715,1,30.1,23.9,26.4,35.1,23.9,28.3,23.6
Chaguanas,2011-07-19,83.2,26.8986,12.8,81.5,1012.8,68.4,6.4,159.0,13.7,21121,66710,1,32.8,24.0,26.9,39.6,24.0,29.1,23.6
Chaguanas,2011-07-20,76.9,0.0,18.3,90.0,1012.8,51.0,6.4,137.5,11.9,21134,66704,0,33.0,25.0,28.8,39.3,25.0,32.3,24.1
Chaguanas,2011-07-21,73.9,2.0065999999999997,17.2,91.2,1013.0,36.6,6.8,269.2,23.1,21147,66697,1,33.1,24.9,28.7,39.2,24.9,31.7,23.3
Chaguanas,2011-07-22,71.6,0.0,11.4,110.3,1013.1,29.0,7.7,304.7,26.3,21160,66689,0,34.0,25.0,29.2,38.3,25.0,32.1,23.2
Chaguanas,2011-07-23,81.4,5.0038,13.9,97.9,1013.7,60.4,7.0,187.8,16.1,21173,66680,1,33.1,25.0,27.8,41.8,25.0,30.2,24.1
Chaguanas,2011-07-24,85.1,29.9974,8.1,116.3,1013.7,50.4,6.5,137.6,11.8,21185,66671,1,33.0,25.0,27.3,40.6,25.0,29.9,24.4
Chaguanas,2011-07-25,84.5,20.802599999999998,9.2,76.9,1012.4,64.6,6.8,120.0,10.2,21197,66660,1,33.0,25.0,27.3,40.6,25.0,29.8,24.3
Chaguanas,2011-07-26,89.0,15.011399999999998,13.9,137.8,1011.8,61.2,6.7,164.2,14.3,21208,66649,1,31.1,24.0,26.3,37.9,24.0,27.9,24.2
Chaguanas,2011-07-27,92.1,69.2912,13.9,149.4,1012.1,89.3,6.7,124.2,10.7,21220,66637,1,31.8,24.0,25.4,39.8,24.0,26.1,23.9
Chaguanas,2011-07-28,81.3,0.0,15.0,103.7,1011.4,72.3,7.2,243.3,21.0,21230,66624,0,33.0,24.0,27.6,39.3,24.0,30.2,23.8
Chaguanas,2011-07-29,76.9,0.9905999999999999,17.2,93.6,1009.8,57.8,7.3,270.8,23.4,21241,66611,1,33.0,25.0,28.6,39.3,25.0,31.7,23.9
Chaguanas,2011-07-30,84.4,19.0754,12.8,98.0,1009.9,67.0,6.6,171.6,14.6,21251,66596,1,32.2,24.0,27.2,39.1,24.0,29.3,24.2
Chaguanas,2011-07-31,81.8,9.398,13.9,7.8,1011.2,72.5,7.2,289.5,25.1,21261,66581,1,34.0,24.0,27.3,40.6,24.0,29.7,23.7
Chaguanas,2011-08-01,80.1,0.0,17.2,267.8,1010.2,72.3,7.2,169.6,14.6,21270,66565,0,32.0,23.0,27.7,37.9,23.0,31.1,23.8
Chaguanas,2011-08-02,75.5,0.0,13.9,95.0,1010.3,69.6,7.1,133.2,11.5,21279,66548,0,34.1,25.7,28.9,40.8,25.7,31.9,23.7
Chaguanas,2011-08-03,77.3,0.0,13.9,99.5,1011.1,58.3,7.2,189.8,16.3,21287,66530,0,34.0,25.9,29.1,42.4,25.9,33.2,24.4
Chaguanas,2011-08-04,85.7,26.085799999999995,13.9,96.0,1012.7,74.0,6.7,121.4,10.6,21295,66511,1,32.1,26.0,27.8,39.3,26.0,31.7,25.2
Chaguanas,2011-08-05,82.6,8.102599999999999,16.1,84.3,1013.0,86.9,6.1,173.7,15.1,21303,66492,1,33.0,25.0,27.9,40.6,25.0,30.6,24.4
Chaguanas,2011-08-06,82.0,0.7874,12.8,97.8,1013.6,66.2,6.8,251.2,21.6,21310,66472,1,33.1,25.0,28.2,40.6,25.0,31.7,24.6
Chaguanas,2011-08-07,76.7,0.3048,12.8,117.2,1014.2,40.4,7.6,293.9,25.4,21317,66451,1,34.0,25.9,28.9,40.6,25.9,32.4,24.2
Chaguanas,2011-08-08,75.3,0.3048,8.1,96.3,1013.6,47.6,7.3,285.7,24.7,21323,66429,1,35.1,24.0,28.5,39.5,24.0,31.2,23.2
Chaguanas,2011-08-09,75.4,0.0,11.4,116.9,1012.6,46.9,7.6,314.6,27.2,21329,66407,0,34.0,24.0,28.3,39.4,24.0,30.9,23.2
Chaguanas,2011-08-10,72.2,0.0,9.2,122.0,1012.2,36.5,7.3,309.3,26.8,21335,66384,0,34.8,24.0,28.8,38.4,24.0,31.2,22.7
Chaguanas,2011-08-11,79.3,0.9905999999999999,13.9,99.6,1012.5,57.8,7.1,224.4,19.7,21340,66360,1,35.0,24.0,27.9,40.7,24.0,30.5,23.8
Chaguanas,2011-08-12,76.9,0.508,16.1,91.1,1011.8,44.7,7.0,238.8,20.6,21345,66335,1,33.9,25.0,28.4,39.4,25.0,31.4,23.7
Chaguanas,2011-08-13,82.1,5.0038,10.3,98.5,1011.6,50.4,6.0,283.8,24.3,21349,66310,1,32.7,23.1,27.3,40.3,23.1,29.6,23.8
Chaguanas,2011-08-14,76.2,0.0,16.1,91.7,1011.1,31.6,7.6,292.9,25.4,21353,66284,0,34.0,24.0,28.6,38.8,24.0,31.4,23.5
Chaguanas,2011-08-15,81.7,13.0048,8.1,99.7,1011.1,56.8,7.0,266.9,22.9,21357,66257,1,33.0,24.0,27.3,39.3,24.0,29.4,23.7
Chaguanas,2011-08-16,75.9,0.508,13.9,134.6,1011.6,74.0,7.6,206.6,17.9,21360,66230,1,34.0,23.8,28.3,38.8,23.8,31.3,23.3
Chaguanas,2011-08-17,83.6,13.0048,15.0,106.1,1012.3,82.5,6.8,111.2,9.9,21363,66202,1,34.0,24.8,27.4,40.6,24.8,29.2,24.1
Chaguanas,2011-08-18,80.1,0.0,16.1,91.1,1010.7,79.5,7.0,170.9,14.9,21365,66173,0,33.0,24.9,28.2,40.6,24.9,31.4,24.2
Chaguanas,2011-08-19,78.0,0.3048,15.0,97.2,1009.4,43.9,7.2,153.4,13.1,21367,66144,1,34.0,25.0,29.0,42.0,25.0,33.0,24.5
Chaguanas,2011-08-20,80.1,6.095999999999999,13.9,89.8,1009.4,58.9,6.7,155.7,13.6,21368,66114,1,34.0,24.9,28.2,40.6,24.9,31.6,24.3
Chaguanas,2011-08-21,83.8,10.8966,16.1,182.6,1010.0,64.6,7.0,89.3,7.8,21370,66084,1,32.0,24.0,27.5,38.3,24.0,30.6,24.3
Chaguanas,2011-08-22,80.6,0.1016,17.2,99.7,1010.6,61.6,7.1,125.1,10.7,21371,66053,1,34.2,25.0,28.2,42.1,25.0,31.3,24.3
Chaguanas,2011-08-23,77.8,7.391399999999999,11.4,135.4,1011.1,77.9,7.7,137.9,11.9,21371,66021,1,34.0,25.0,28.6,40.6,25.0,31.7,24.0
Chaguanas,2011-08-24,79.0,0.0,9.2,111.1,1012.7,82.1,7.3,109.5,9.4,21371,65989,0,32.1,25.0,28.2,38.1,25.0,31.6,24.1
Chaguanas,2011-08-25,86.2,10.8966,9.2,234.0,1014.8,89.5,6.7,119.8,10.4,21371,65957,1,30.0,23.9,26.0,33.3,23.9,26.9,23.4
Chaguanas,2011-08-26,80.4,0.508,6.9,175.5,1014.9,75.2,7.4,167.4,14.4,21371,65924,1,34.0,22.9,27.1,38.3,22.9,29.4,23.1
Chaguanas,2011-08-27,82.4,9.906,13.9,173.9,1013.0,64.3,6.8,205.1,17.7,21370,65890,1,35.0,23.0,26.7,39.4,23.0,28.1,23.0
Chaguanas,2011-08-28,82.1,7.619999999999999,13.9,99.9,1011.9,73.1,7.3,209.7,18.0,21369,65856,1,34.0,23.0,27.5,39.4,23.0,30.5,23.8
Chaguanas,2011-08-29,86.3,8.889999999999999,17.2,72.4,1012.6,76.8,6.6,227.3,19.7,21368,65822,1,32.7,24.0,26.8,38.9,24.0,28.5,24.2
Chaguanas,2011-08-30,80.7,5.1054,15.0,92.5,1012.0,65.6,6.7,226.4,19.7,21366,65787,1,34.0,24.0,27.8,39.4,24.0,30.4,23.8
Chaguanas,2011-08-31,84.1,0.9905999999999999,13.9,95.9,1013.0,73.5,7.1,247.5,21.4,21365,65752,1,32.0,23.0,27.4,39.2,23.0,30.3,24.4
Chaguanas,2011-09-01,74.7,0.0,12.8,106.3,1013.2,39.8,7.2,264.9,23.0,21362,65717,0,34.0,26.0,29.4,42.0,26.0,33.6,24.1
Chaguanas,2011-09-02,77.8,0.0,10.3,100.4,1013.0,43.5,7.4,304.8,26.3,21360,65681,0,34.1,24.0,28.4,40.7,24.0,31.5,23.8
Chaguanas,2011-09-03,72.9,0.0,9.2,120.1,1012.7,30.4,8.4,307.2,26.3,21358,65644,0,35.1,23.8,28.9,39.7,23.8,31.6,23.0
Chaguanas,2011-09-04,76.9,0.0,13.9,123.8,1012.9,50.1,7.4,313.4,27.1,21355,65608,0,36.0,23.0,27.9,39.8,23.0,30.7,23.1
Chaguanas,2011-09-05,74.0,0.0,11.4,105.3,1012.5,37.4,7.5,297.1,25.6,21352,65571,0,34.1,23.7,28.6,40.6,23.7,31.4,23.1
Chaguanas,2011-09-06,78.2,4.3942,16.1,85.6,1012.2,70.3,7.3,254.8,21.8,21349,65534,1,32.7,25.0,28.0,39.2,25.0,30.7,23.7
Chaguanas,2011-09-07,80.4,0.7874,10.3,92.0,1011.7,63.5,7.2,264.5,22.8,21346,65496,1,33.0,24.8,28.1,40.6,24.8,31.4,24.2
Chaguanas,2011-09-08,75.0,0.0,11.4,106.0,1011.1,75.8,7.9,252.8,21.8,21342,65459,0,34.2,25.0,29.1,40.6,25.0,32.5,23.9
Chaguanas,2011-09-09,79.8,0.0,16.1,291.3,1009.0,86.2,7.5,203.7,17.6,21339,65421,0,33.2,24.7,28.2,39.3,24.7,31.2,24.1
Chaguanas,2011-09-10,80.4,0.0,11.4,116.8,1010.1,86.9,7.5,191.4,16.6,21335,65383,0,33.0,24.9,28.7,40.6,24.9,32.9,24.7
Chaguanas,2011-09-11,84.7,2.0065999999999997,13.9,100.8,1013.3,86.5,6.6,182.2,15.7,21331,65345,1,31.1,24.7,27.8,38.9,24.7,31.8,24.9
Chaguanas,2011-09-12,87.7,92.91319999999999,16.1,96.0,1014.7,80.7,6.6,131.9,11.3,21327,65306,1,34.0,23.0,26.4,39.2,23.0,27.9,23.9
Chaguanas,2011-09-13,88.6,4.2926,11.4,97.2,1014.1,89.2,7.2,149.4,12.8,21324,65268,1,30.0,24.0,25.9,36.1,24.0,27.2,23.8
Chaguanas,2011-09-14,78.4,0.0,12.8,99.3,1013.6,67.0,8.2,113.6,9.9,21320,65229,0,33.0,23.1,27.8,37.9,23.1,30.3,23.3
Chaguanas,2011-09-15,82.2,0.508,23.0,94.4,1012.8,82.8,7.4,136.0,11.8,21316,65191,1,32.0,23.0,26.7,37.9,23.0,28.7,23.2
Chaguanas,2011-09-16,83.6,5.1054,16.1,99.0,1012.1,77.5,7.5,183.6,16.0,21312,65152,1,32.1,23.7,26.6,38.1,23.7,28.5,23.5
Chaguanas,2011-09-17,85.7,78.0034,11.4,155.8,1011.6,88.6,7.2,102.4,9.0,21308,65113,1,32.0,24.0,26.6,36.8,24.0,28.6,23.8
Chaguanas,2011-09-18,80.6,0.0,15.0,104.8,1012.1,79.6,7.5,172.0,14.8,21304,65074,0,33.2,24.2,28.3,39.6,24.2,31.8,24.4
Chaguanas,2011-09-19,75.9,0.0,12.8,87.6,1011.3,81.2,7.3,208.2,18.0,21300,65036,0,33.0,25.0,28.5,39.3,25.0,31.5,23.6
Chaguanas,2011-09-20,78.4,0.3048,16.1,82.3,1011.4,64.0,7.0,209.5,18.2,21296,64997,1,33.8,24.8,28.0,39.3,24.8,30.9,23.7
Chaguanas,2011-09-21,85.0,25.984199999999998,8.1,66.3,1012.0,79.8,7.0,127.5,11.0,21292,64958,1,31.0,25.0,27.2,37.8,25.0,29.7,24.3
Chaguanas,2011-09-22,85.0,7.899399999999999,13.9,104.7,1012.2,76.5,6.9,179.4,15.5,21288,64920,1,32.52916666666667,24.6,27.7,50.1,24.6,30.9,24.7
Chaguanas,2011-09-23,80.1,10.8966,17.2,90.1,1011.5,86.0,6.8,195.9,17.1,21284,64881,1,33.0,23.0,27.7,40.6,23.0,30.6,23.8
Chaguanas,2011-09-24,81.5,0.0,11.4,100.2,1011.2,79.2,6.6,113.8,10.0,21281,64843,0,34.0,24.0,27.9,42.0,24.0,31.4,24.2
Chaguanas,2011-09-25,80.9,2.9972,11.4,114.4,1011.8,88.4,6.8,139.7,11.9,21277,64804,1,33.2,25.0,28.6,42.3,25.0,32.8,24.8
Chaguanas,2011-09-26,76.5,0.0,11.4,110.1,1012.7,72.7,7.6,283.8,24.4,21274,64766,0,34.7,25.0,28.9,40.6,25.0,32.2,24.0
Chaguanas,2011-09-27,78.2,0.0,11.4,124.5,1012.6,60.7,7.2,275.5,23.7,21271,64728,0,35.0,23.8,28.3,41.2,23.8,31.0,23.7
Chaguanas,2011-09-28,79.3,0.3048,12.8,119.5,1010.9,49.8,10.9,177.4,15.2,21268,64691,1,35.0,24.0,28.3,41.9,24.0,31.7,24.1
Chaguanas,2011-09-29,79.8,0.0,9.2,114.0,1010.5,66.0,7.0,266.8,23.1,21265,64653,0,34.1,25.0,28.6,40.9,25.0,32.4,24.5
Chaguanas,2011-09-30,77.8,7.112,13.9,116.1,1011.2,37.6,7.3,133.3,11.6,21263,64616,1,33.0,25.0,28.9,40.6,25.0,32.7,24.3
Chaguanas,2011-10-01,77.8,2.9972,17.2,90.3,1011.3,54.0,7.3,136.7,11.8,21260,64579,1,34.1,25.0,28.7,39.6,25.0,31.4,24.1
Chaguanas,2011-10-02,90.6,26.1112,11.4,77.7,1011.6,76.9,6.6,93.2,8.0,21258,64542,1,29.0,23.1,25.8,33.6,23.1,26.7,24.1
Chaguanas,2011-10-03,84.7,9.118599999999999,12.8,82.7,1011.6,71.0,7.2,146.5,12.8,21257,64506,1,31.0,24.0,26.9,37.8,24.0,28.9,24.0
Chaguanas,2011-10-04,85.2,8.6868,13.9,77.4,1011.5,89.9,6.3,101.5,8.9,21255,64470,1,30.0,23.9,26.6,35.1,23.9,28.3,23.8
Chaguanas,2011-10-05,91.6,9.906,18.3,76.2,1011.3,87.8,6.5,203.3,17.6,21254,64435,1,27.0,24.0,25.1,30.1,24.0,25.2,23.6
Chaguanas,2011-10-06,88.0,7.112,13.9,89.4,1011.1,86.4,7.0,194.2,16.7,21253,64399,1,30.0,24.0,26.2,35.1,24.0,28.1,24.0
Chaguanas,2011-10-07,80.3,0.1016,13.9,100.5,1011.3,88.7,7.2,189.8,16.5,21253,64365,1,32.2,26.0,28.4,37.9,26.0,31.6,24.4
Chaguanas,2011-10-08,77.0,0.3048,16.1,91.4,1011.5,51.6,7.7,252.2,21.9,21253,64330,1,33.0,25.0,28.4,39.3,25.0,30.8,23.6
Chaguanas,2011-10-09,79.0,0.9905999999999999,15.0,83.5,1010.3,59.5,7.3,215.5,18.5,21253,64296,1,34.0,24.0,28.6,39.4,24.0,31.6,24.1
Chaguanas,2011-10-10,84.6,5.8166,11.4,89.8,1009.9,76.4,7.2,159.1,13.8,21254,64263,1,33.2,25.0,28.1,39.6,25.0,31.7,25.1
Chaguanas,2011-10-11,78.5,3.302,15.0,99.7,1010.1,60.8,7.6,162.6,14.2,21255,64230,1,34.1,16.7,28.5,40.3,16.7,31.7,24.3
Chaguanas,2011-10-12,81.7,4.0893999999999995,17.2,96.2,1010.0,53.2,6.9,190.1,16.4,21257,64198,1,33.0,24.0,27.6,39.3,24.0,29.8,23.8
Chaguanas,2011-10-13,90.5,35.788599999999995,15.0,96.2,1009.8,74.3,6.1,159.9,13.8,21259,64166,1,31.0,23.8,25.7,37.8,23.8,26.6,23.9
Chaguanas,2011-10-14,78.4,15.011399999999998,25.3,87.8,1009.2,56.4,6.1,204.4,17.8,21261,64135,1,32.0,23.8,27.8,37.9,23.8,30.4,23.4
Chaguanas,2011-10-15,89.5,59.8932,20.8,82.2,1009.5,74.2,4.7,237.8,20.5,21264,64104,1,31.8,24.0,25.7,38.9,24.0,26.7,23.7
Chaguanas,2011-10-16,85.0,9.7028,11.4,75.2,1009.7,88.0,6.7,154.4,13.4,21268,64074,1,33.8,23.8,26.6,39.9,23.8,28.7,23.6
Chaguanas,2011-10-17,82.7,15.011399999999998,20.8,85.9,1008.9,84.8,6.6,189.5,16.5,21271,64045,1,31.1,23.8,26.7,36.9,23.8,28.9,23.4
Chaguanas,2011-10-18,77.3,3.5052000000000003,15.0,86.8,1009.4,89.7,6.7,243.9,20.9,21276,64017,1,33.0,24.0,27.8,38.1,24.0,30.5,23.2
Chaguanas,2011-10-19,85.9,0.0,6.9,109.7,1010.6,89.2,6.1,139.5,12.0,21281,63989,0,30.0,24.9,26.8,35.1,24.9,28.8,24.2
Chaguanas,2011-10-20,78.9,0.3048,11.4,23.5,1009.8,89.2,6.8,118.2,10.3,21287,63961,1,34.0,24.0,27.4,38.3,24.0,29.4,23.1
Chaguanas,2011-10-21,79.5,0.0,10.3,346.0,1008.3,82.1,6.7,123.5,10.6,21293,63935,0,32.0,22.8,26.8,35.5,22.8,28.2,22.6
Chaguanas,2011-10-22,77.3,0.0,12.8,354.2,1008.8,63.9,7.1,270.0,23.4,21299,63909,0,34.0,21.2,27.2,38.3,21.2,28.8,22.3
Chaguanas,2011-10-23,76.4,0.0,15.0,6.0,1010.1,50.6,7.7,204.7,17.7,21307,63884,0,34.0,22.0,27.7,39.4,22.0,30.1,22.7
Chaguanas,2011-10-24,88.2,29.9974,13.9,126.6,1009.6,76.8,6.3,177.4,15.5,21315,63860,1,32.0,23.0,26.0,39.2,23.0,27.6,23.7
Chaguanas,2011-10-25,84.3,0.0,9.2,94.8,1009.8,67.9,7.2,119.8,10.4,21323,63837,0,32.1,23.0,26.8,38.1,23.0,29.2,23.8
Chaguanas,2011-10-26,86.2,9.906,15.0,77.0,1008.6,59.2,6.8,197.2,16.8,21332,63815,1,33.0,24.0,27.0,40.7,24.0,29.7,24.3
Chaguanas,2011-10-27,88.7,2.032,11.6,87.4,1008.8,69.2,7.5,119.0,10.3,21342,63793,1,29.1,24.0,26.3,34.3,24.0,28.5,24.3
Chaguanas,2011-10-28,90.0,0.3048,11.4,87.3,1010.5,84.6,6.4,104.6,8.9,21352,63772,1,30.1,24.0,25.8,36.4,24.0,26.6,24.0
Chaguanas,2011-10-29,80.5,0.0,11.4,103.7,1011.1,89.6,7.8,118.7,10.3,21363,63752,0,33.0,23.0,27.5,39.3,23.0,30.0,23.5
Chaguanas,2011-10-30,79.4,0.508,13.9,83.2,1010.6,64.4,7.8,180.0,15.5,21375,63733,1,33.0,24.0,27.6,39.3,24.0,30.3,23.5
Chaguanas,2011-10-31,81.7,0.9905999999999999,15.0,83.4,1009.9,70.1,7.9,199.8,17.4,21388,63715,1,33.2,23.0,27.3,39.2,23.0,29.6,23.6
Chaguanas,2011-11-01,86.5,10.1092,16.1,80.8,1010.6,82.5,6.7,149.2,12.8,21401,63698,1,30.7,24.0,26.4,36.2,24.0,28.2,23.9
Chaguanas,2011-11-02,85.9,2.5146,15.0,99.6,1011.2,82.1,6.4,113.1,9.8,21414,63682,1,31.0,24.2,26.9,37.8,24.2,29.2,24.2
Chaguanas,2011-11-03,81.5,2.0065999999999997,13.9,101.9,1010.7,82.1,5.7,194.7,16.9,21429,63667,1,33.0,24.9,27.9,40.6,24.9,31.1,24.3
Chaguanas,2011-11-04,85.3,0.3048,13.9,99.8,1010.2,79.8,6.6,119.6,10.4,21444,63653,1,33.0,25.0,27.8,42.2,25.0,30.9,24.9
Chaguanas,2011-11-05,83.0,0.0,15.0,104.2,1010.3,83.4,7.4,137.9,12.0,21459,63640,0,33.1,24.9,28.0,40.6,24.9,30.9,24.6
Chaguanas,2011-11-06,81.5,0.0,16.1,96.6,1010.6,62.7,7.3,192.0,16.6,21476,63628,0,33.0,17.4,28.1,39.3,17.4,31.3,24.6
Chaguanas,2011-11-07,87.3,6.5024,13.9,89.8,1009.9,72.0,6.9,123.1,10.7,21493,63617,1,30.0,25.0,26.8,36.2,25.0,29.0,24.5
Chaguanas,2011-11-08,82.2,0.0,17.2,108.0,1008.9,80.1,7.5,169.2,14.7,21511,63607,0,33.0,24.0,27.4,39.3,24.0,29.9,23.9
Chaguanas,2011-11-09,86.3,0.0,18.3,94.3,1009.1,79.3,6.7,128.0,10.9,21529,63597,0,31.0,24.9,27.4,39.1,24.9,30.2,24.8
Chaguanas,2011-11-10,84.3,0.0,17.2,104.3,1009.9,75.4,6.9,74.2,6.4,21548,63589,0,32.0,24.9,27.4,39.2,24.9,30.4,24.4
Chaguanas,2011-11-11,81.8,1.2953999999999999,18.3,87.2,1009.6,76.0,7.0,138.9,12.0,21568,63583,1,33.0,25.0,28.1,39.3,25.0,31.2,24.4
Chaguanas,2011-11-12,84.5,3.302,10.3,119.7,1010.4,88.4,7.0,94.7,8.3,21588,63577,1,32.1,24.0,26.8,36.8,24.0,28.6,23.8
Chaguanas,2011-11-13,85.5,0.508,20.8,89.7,1010.4,86.2,8.2,109.6,9.4,21609,63572,1,31.0,24.9,26.7,36.6,24.9,28.4,24.0
Chaguanas,2011-11-14,88.6,8.6106,11.4,111.9,1011.0,84.8,6.9,97.7,8.5,21631,63568,1,29.0,23.9,25.8,33.6,23.9,26.9,23.7
Chaguanas,2011-11-15,84.8,0.3048,13.9,74.4,1009.6,69.2,7.4,202.9,17.3,21654,63566,1,31.8,22.9,26.7,36.7,22.9,28.7,24.0
Chaguanas,2011-11-16,81.7,0.508,19.5,97.7,1009.2,79.1,7.4,210.1,18.2,21676,63564,1,33.0,23.0,27.1,38.1,23.0,29.0,23.3
Chaguanas,2011-11-17,87.1,12.420599999999999,18.3,106.3,1009.7,84.2,7.1,90.3,7.8,21700,63564,1,30.0,23.7,25.8,36.2,23.7,27.1,23.4
Chaguanas,2011-11-18,83.1,0.0,11.4,129.6,1010.0,89.5,7.9,177.2,15.3,21724,63564,0,32.0,22.9,26.6,37.9,22.9,28.6,23.2
Chaguanas,2011-11-19,86.4,7.112,18.3,105.4,1011.1,81.0,7.7,178.5,15.4,21749,63566,1,31.7,23.0,25.6,36.6,23.0,26.7,23.1
Chaguanas,2011-11-20,80.4,0.6096,12.8,102.3,1010.2,54.7,8.6,249.8,21.7,21774,63569,1,32.0,22.8,27.1,37.8,22.8,28.9,23.2
Chaguanas,2011-11-21,81.4,0.1016,12.8,112.2,1010.8,68.4,7.4,190.0,16.4,21800,63573,1,32.1,23.0,26.9,37.9,23.0,28.6,23.2
Chaguanas,2011-11-22,80.4,0.3048,15.0,97.8,1011.8,71.8,7.6,148.1,12.7,21827,63578,1,33.1,23.9,27.4,38.2,23.9,29.7,23.4
Chaguanas,2011-11-23,90.0,2.0065999999999997,11.4,90.8,1012.1,87.6,6.9,81.1,6.9,21854,63584,1,29.0,24.0,25.9,33.6,24.0,26.9,24.1
Chaguanas,2011-11-24,92.5,7.899399999999999,11.4,85.9,1012.1,89.7,6.6,77.4,6.6,21881,63591,1,28.0,24.0,25.6,32.7,24.0,26.4,24.2
Chaguanas,2011-11-25,86.4,0.0,12.8,83.6,1010.8,89.2,6.9,179.1,15.5,21909,63599,0,31.0,23.0,26.4,36.6,23.0,28.6,23.8
Chaguanas,2011-11-26,82.2,0.9905999999999999,10.3,104.7,1009.5,57.5,7.8,187.4,16.2,21937,63608,1,33.0,23.0,27.3,39.3,23.0,29.6,23.7
Chaguanas,2011-11-27,87.9,20.0914,13.9,83.4,1008.1,63.2,7.5,142.8,12.4,21966,63618,1,30.1,24.0,26.4,36.4,24.0,28.4,24.2
Chaguanas,2011-11-28,83.3,0.6096,11.4,104.2,1007.2,70.4,7.3,87.3,7.5,21995,63630,1,32.0,24.0,27.6,37.9,24.0,30.8,24.3
Chaguanas,2011-11-29,86.8,6.400799999999999,13.9,78.9,1008.2,86.0,6.9,87.3,7.5,22025,63642,1,30.0,25.0,27.1,36.2,25.0,29.8,24.7
Chaguanas,2011-11-30,88.8,1.3208,17.2,118.8,1008.9,88.1,6.9,106.2,9.1,22055,63655,1,29.1,24.0,26.2,33.7,24.0,27.7,24.1
Chaguanas,2011-12-01,82.4,0.0,13.9,89.1,1010.6,76.4,7.3,139.5,12.3,22085,63669,0,32.7,23.0,27.2,39.9,23.0,29.7,23.7
Chaguanas,2011-12-02,90.3,9.6266,11.4,90.7,1010.6,76.5,6.8,122.1,10.9,22115,63685,1,31.0,24.0,25.8,37.8,24.0,26.9,24.1
Chaguanas,2011-12-03,94.2,30.5054,8.1,82.6,1010.1,90.2,6.4,96.1,8.1,22146,63701,1,27.2,23.0,25.1,30.3,23.0,25.6,24.1
Chaguanas,2011-12-04,82.7,15.798799999999998,13.9,87.2,1008.9,74.5,6.9,184.1,15.8,22177,63718,1,31.0,24.0,26.9,36.6,24.0,29.0,23.6
Chaguanas,2011-12-05,83.7,0.0,13.9,98.7,1008.3,60.9,7.0,177.5,15.4,22209,63736,0,31.0,23.0,26.5,37.8,23.0,28.4,23.3
Chaguanas,2011-12-06,79.6,0.0,13.9,110.4,1008.6,70.2,7.2,221.7,19.1,22240,63755,0,33.0,23.0,27.3,38.1,23.0,29.7,23.2
Chaguanas,2011-12-07,89.2,17.779999999999998,17.2,88.8,1009.9,83.7,5.9,128.1,11.0,22272,63775,1,29.0,24.0,25.1,33.6,24.0,25.6,23.2
Chaguanas,2011-12-08,83.0,0.0,12.8,91.3,1010.6,76.9,6.9,116.2,10.1,22303,63795,0,32.0,23.0,26.8,37.9,23.0,28.8,23.4
Chaguanas,2011-12-09,84.6,0.2032,15.0,93.7,1010.4,65.5,7.3,152.5,13.3,22335,63817,1,31.0,22.2,26.1,36.6,22.2,27.7,23.1
Chaguanas,2011-12-10,83.5,1.4986,11.4,104.4,1009.8,72.4,7.4,217.8,18.8,22367,63839,1,32.0,23.8,27.0,37.9,23.8,29.2,23.7
Chaguanas,2011-12-11,82.1,1.4986,17.2,116.6,1010.0,74.5,7.7,182.8,15.9,22399,63862,1,33.0,24.0,27.3,39.3,24.0,29.6,23.7
Chaguanas,2011-12-12,79.5,0.0,15.0,118.8,1010.5,70.1,7.7,163.8,14.2,22431,63886,0,33.0,24.7,27.9,40.1,24.7,30.6,23.8
Chaguanas,2011-12-13,80.6,2.9972,17.2,114.4,1010.2,68.2,7.1,129.4,11.3,22463,63911,1,34.0,24.2,27.6,40.6,24.2,30.1,23.7
Chaguanas,2011-12-14,80.0,0.0,13.9,91.2,1009.5,53.8,6.4,211.0,18.4,22494,63936,0,32.7,24.0,27.6,39.2,24.0,30.1,23.5
Chaguanas,2011-12-15,80.5,0.0,16.1,85.4,1009.7,56.3,6.7,196.6,17.0,22526,63962,0,34.0,23.9,26.9,39.4,23.9,28.6,23.0
Chaguanas,2011-12-16,83.4,13.2842,11.4,97.1,1010.5,44.0,7.2,244.9,21.2,22558,63989,1,31.0,24.0,26.6,36.6,24.0,28.6,23.4
Chaguanas,2011-12-17,74.4,0.0,13.9,90.1,1011.4,64.9,7.9,241.0,21.0,22589,64016,0,33.0,22.0,27.1,36.2,22.0,28.4,21.7
Chaguanas,2011-12-18,71.8,0.0,15.0,20.7,1011.6,55.2,7.6,225.4,19.7,22620,64044,0,32.0,23.0,27.0,43.9,23.0,28.3,20.9
Chaguanas,2011-12-19,78.7,6.095999999999999,13.9,59.8,1012.3,83.7,7.5,205.2,17.6,22651,64072,1,31.0,23.0,25.7,33.1,23.0,26.3,21.4
Chaguanas,2011-12-20,79.0,2.0065999999999997,13.9,23.7,1012.5,75.1,7.2,189.1,16.3,22681,64101,1,32.0,23.0,26.9,36.8,23.0,28.7,22.6
Chaguanas,2011-12-21,83.3,13.2842,17.2,69.9,1011.7,76.8,5.7,162.2,14.0,22712,64131,1,31.0,24.0,26.6,36.6,24.0,27.9,23.4
Chaguanas,2011-12-22,85.0,35.20439999999999,16.1,65.0,1011.6,89.8,6.4,181.4,15.7,22742,64160,1,30.1,24.0,26.2,35.2,24.0,27.7,23.4
Chaguanas,2011-12-23,69.0,0.3048,16.1,64.8,1011.8,45.4,7.4,242.7,21.1,22771,64191,1,32.0,25.1,28.0,35.5,25.1,29.7,21.6
Chaguanas,2011-12-24,73.0,0.0,18.3,82.3,1012.8,55.0,7.1,262.5,22.8,22800,64221,0,32.1,24.0,27.1,34.3,24.0,28.3,21.6
Chaguanas,2011-12-25,74.0,0.0,19.5,83.3,1013.5,49.2,7.6,241.8,21.0,22829,64252,0,32.2,23.0,27.1,35.8,23.0,28.4,21.7
Chaguanas,2011-12-26,70.4,0.3048,13.9,85.0,1013.3,34.2,8.5,241.1,20.9,22857,64284,1,32.8,22.9,27.2,35.2,22.9,28.3,20.9
Chaguanas,2011-12-27,85.9,4.8768,8.1,96.8,1014.9,87.8,7.0,230.8,19.8,22884,64315,1,28.0,24.0,25.4,31.3,24.0,25.7,22.9
Chaguanas,2011-12-28,78.3,1.4986,15.0,103.3,1014.4,61.5,7.5,209.3,18.0,22912,64347,1,32.1,24.0,27.4,35.9,24.0,29.5,23.1
Chaguanas,2011-12-29,76.6,1.6001999999999998,19.5,93.0,1014.1,72.6,7.1,222.6,19.2,22938,64379,1,32.0,25.0,27.7,36.8,25.0,29.3,23.0
Chaguanas,2011-12-30,81.0,6.5786,23.0,84.3,1013.5,71.0,6.6,206.8,17.9,22964,64411,1,30.2,24.0,26.3,34.7,24.0,27.6,22.7
Chaguanas,2011-12-31,75.3,0.0,21.8,88.8,1013.6,41.1,7.2,238.2,20.6,22989,64444,0,31.0,23.0,26.9,35.5,23.0,28.4,22.0
Chaguanas,2012-01-01,71.3,0.508,17.2,85.9,1013.5,27.8,7.4,229.1,19.8,23014,64476,1,32.2,23.0,27.8,35.8,23.0,29.4,21.8
Chaguanas,2012-01-02,74.7,0.0,17.2,95.5,1012.6,42.4,6.9,232.4,20.1,23038,64509,0,33.1,24.0,27.7,37.2,24.0,29.7,22.5
Chaguanas,2012-01-03,78.3,2.0065999999999997,16.1,87.5,1013.0,54.4,7.0,236.0,20.4,23061,64542,1,32.0,23.8,27.2,36.8,23.8,29.0,22.9
Chaguanas,2012-01-04,78.4,0.9905999999999999,17.2,88.3,1013.2,58.5,6.6,226.5,19.7,23083,64574,1,32.0,24.0,27.1,36.8,24.0,28.8,22.8
Chaguanas,2012-01-05,78.4,0.508,18.3,89.5,1013.0,49.3,6.8,239.6,20.8,23105,64607,1,32.0,23.0,26.7,35.8,23.0,28.1,22.3
Chaguanas,2012-01-06,77.3,0.0,15.0,91.6,1012.8,32.8,7.1,229.4,19.8,23126,64640,0,32.2,23.0,26.9,36.8,23.0,28.6,22.3
Chaguanas,2012-01-07,76.1,0.508,15.0,78.8,1013.1,41.8,7.4,240.9,20.7,23146,64672,1,32.0,23.0,27.2,36.8,23.0,29.1,22.4
Chaguanas,2012-01-08,87.2,11.8872,15.0,86.3,1013.2,75.5,5.1,201.5,17.2,23165,64704,1,30.0,24.0,25.5,33.6,24.0,26.1,23.1
Chaguanas,2012-01-09,84.4,6.985,16.1,98.6,1012.9,81.2,6.2,202.5,17.4,23183,64737,1,31.0,24.0,25.9,35.5,24.0,26.8,23.0
Chaguanas,2012-01-10,76.8,0.0,15.0,108.3,1012.0,73.8,7.5,197.0,17.0,23201,64769,0,31.2,23.9,27.2,35.8,23.9,28.9,22.5
Chaguanas,2012-01-11,72.7,0.9905999999999999,17.2,91.0,1011.8,59.3,7.4,237.7,20.5,23217,64801,1,32.0,24.0,27.1,35.8,24.0,28.4,21.6
Chaguanas,2012-01-12,70.3,0.0,12.8,110.1,1013.0,66.7,7.7,255.4,22.2,23233,64832,0,32.0,21.7,26.7,34.2,21.7,27.4,20.3
Chaguanas,2012-01-13,79.1,0.3048,18.3,97.4,1013.8,60.0,7.2,239.2,20.7,23247,64864,1,32.0,24.0,27.3,37.9,24.0,29.4,23.2
Chaguanas,2012-01-14,77.9,0.9905999999999999,20.8,81.9,1014.1,69.6,6.8,243.5,21.1,23261,64895,1,31.0,24.0,27.1,35.5,24.0,28.8,22.7
Chaguanas,2012-01-15,82.0,5.1054,18.3,71.7,1014.9,70.4,6.9,230.7,20.0,23274,64926,1,30.1,22.0,25.7,34.9,22.0,26.7,22.3
Chaguanas,2012-01-16,71.3,0.0,18.3,88.0,1014.6,68.0,7.4,231.5,19.9,23286,64956,0,32.0,22.9,27.4,35.8,22.9,28.9,21.3
Chaguanas,2012-01-17,68.5,0.0,15.0,92.2,1014.0,49.4,7.2,261.0,22.7,23296,64986,0,33.0,22.0,26.9,35.3,22.0,27.9,20.3
Chaguanas,2012-01-18,64.0,0.3048,17.2,96.1,1012.8,39.8,8.1,265.0,23.1,23306,65016,1,32.2,23.0,27.5,34.2,23.0,28.2,19.7
Chaguanas,2012-01-19,73.8,0.0,15.0,65.2,1012.5,47.1,7.4,260.5,22.5,23315,65045,0,32.0,21.0,25.8,35.5,21.0,26.8,20.4
Chaguanas,2012-01-20,72.8,0.9905999999999999,16.1,83.4,1012.2,59.9,7.2,271.4,23.3,23323,65074,1,33.0,22.0,27.3,36.2,22.0,28.7,21.6
Chaguanas,2012-01-21,85.0,45.999399999999994,17.2,92.8,1012.7,72.0,5.7,224.4,19.5,23329,65102,1,31.9,23.8,25.3,35.4,23.8,26.1,22.5
Chaguanas,2012-01-22,85.9,6.9088,17.2,90.8,1012.2,87.0,5.5,196.0,17.0,23335,65130,1,29.0,23.0,25.2,32.8,23.0,25.8,22.6
Chaguanas,2012-01-23,84.6,10.5918,20.8,95.2,1011.7,86.2,5.8,183.6,15.8,23340,65157,1,30.0,24.0,25.8,34.2,24.0,26.7,22.9
Chaguanas,2012-01-24,76.9,0.9905999999999999,13.9,83.1,1011.6,82.1,7.1,191.3,16.6,23343,65184,1,31.1,24.0,26.8,34.6,24.0,28.2,22.2
Chaguanas,2012-01-25,72.1,0.0,15.0,74.7,1012.2,54.3,8.0,258.5,22.5,23346,65210,0,31.9,23.0,26.7,34.1,23.0,27.8,20.9
Chaguanas,2012-01-26,67.8,0.0,13.9,34.8,1011.9,34.8,7.5,180.6,15.5,23347,65236,0,33.0,22.2,27.4,34.9,22.2,28.3,20.5
Chaguanas,2012-01-27,76.3,6.095999999999999,18.3,84.5,1012.3,72.4,6.5,188.5,16.4,23348,65261,1,30.0,24.0,26.6,33.7,24.0,27.9,22.0
Chaguanas,2012-01-28,64.7,0.0,17.2,83.5,1013.6,56.1,7.5,236.9,20.5,23347,65286,0,31.0,24.8,27.4,33.1,24.8,28.3,20.0
Chaguanas,2012-01-29,62.3,0.0,20.8,83.8,1013.1,53.7,7.7,212.7,18.4,23346,65310,0,31.9,24.0,27.2,33.4,24.0,27.8,19.1
Chaguanas,2012-01-30,65.4,0.0,16.1,96.6,1012.7,37.1,7.6,210.8,18.3,23343,65334,0,32.0,24.9,27.6,34.2,24.9,28.5,20.3
Chaguanas,2012-01-31,68.0,0.0,19.5,74.6,1012.3,47.2,7.2,256.1,22.1,23339,65356,0,31.8,24.0,26.9,33.8,24.0,27.8,20.3
Chaguanas,2012-02-01,74.9,0.9905999999999999,20.8,92.6,1012.4,45.1,7.2,259.8,22.4,23334,65379,1,30.0,22.0,25.8,32.9,22.0,26.7,20.8
Chaguanas,2012-02-02,73.5,3.5052000000000003,17.2,108.8,1012.0,44.6,7.1,278.4,24.0,23329,65400,1,32.0,22.9,26.4,33.9,22.9,27.2,20.9
Chaguanas,2012-02-03,76.9,4.0893999999999995,19.5,89.6,1011.1,67.0,6.6,229.7,19.8,23322,65421,1,31.0,24.0,26.6,35.5,24.0,27.7,22.1
Chaguanas,2012-02-04,73.7,0.9905999999999999,23.0,67.1,1011.4,68.2,7.0,224.7,19.4,23314,65442,1,30.8,24.0,27.1,34.2,24.0,28.5,21.8
Chaguanas,2012-02-05,70.7,0.3048,20.8,78.1,1012.2,70.9,7.4,248.0,21.4,23305,65461,1,31.2,25.0,27.8,34.7,25.0,29.3,21.8
Chaguanas,2012-02-06,75.1,0.0,20.8,78.7,1012.7,51.3,7.1,231.7,20.1,23295,65481,0,32.0,25.0,27.7,36.8,25.0,29.8,22.7
Chaguanas,2012-02-07,74.0,0.0,17.2,98.6,1012.1,42.8,6.8,253.2,21.9,23285,65499,0,33.0,25.1,28.1,37.7,25.1,30.2,22.8
Chaguanas,2012-02-08,72.3,0.3048,12.8,108.0,1011.7,65.9,5.9,260.1,22.5,23273,65517,1,32.2,24.0,27.6,35.2,24.0,28.9,21.7
Chaguanas,2012-02-09,77.1,18.008599999999998,18.3,78.1,1012.9,53.0,6.6,269.1,23.2,23260,65534,1,30.2,24.8,26.7,34.2,24.8,27.8,22.2
Chaguanas,2012-02-10,73.9,0.0,17.2,81.4,1013.0,36.2,7.2,282.2,24.5,23246,65550,0,32.0,23.0,26.9,34.9,23.0,28.3,21.6
Chaguanas,2012-02-11,74.2,0.3048,17.2,86.9,1012.6,45.6,6.9,280.5,24.3,23232,65566,1,32.0,24.0,27.0,34.9,24.0,28.2,21.7
Chaguanas,2012-02-12,76.3,2.0065999999999997,15.0,94.5,1012.4,47.2,6.5,283.2,24.6,23216,65582,1,31.8,23.0,26.2,34.1,23.0,27.1,21.3
Chaguanas,2012-02-13,68.4,0.0,12.8,74.0,1012.0,54.9,7.9,289.8,25.0,23200,65596,0,33.0,21.0,26.7,34.0,21.0,27.3,19.6
Chaguanas,2012-02-14,69.5,0.0,18.3,77.3,1013.2,58.3,7.9,282.1,24.4,23182,65610,0,32.1,23.0,27.0,34.4,23.0,27.9,20.6
Chaguanas,2012-02-15,73.0,0.7874,12.8,54.7,1013.2,65.3,6.8,290.3,25.1,23164,65624,1,32.0,23.0,26.8,34.2,23.0,27.8,21.2
Chaguanas,2012-02-16,75.0,8.889999999999999,16.1,93.3,1013.2,65.8,6.9,281.1,24.2,23145,65636,1,32.1,23.0,26.7,34.9,23.0,27.8,21.4
Chaguanas,2012-02-17,70.0,0.0,15.0,92.0,1012.7,37.9,7.5,286.4,24.8,23125,65649,0,32.0,23.2,27.3,34.4,23.2,28.4,20.9
Chaguanas,2012-02-18,67.5,0.0,15.0,97.5,1012.9,28.7,7.6,288.4,24.9,23105,65660,0,32.0,22.8,26.7,33.5,22.8,27.2,19.6
Chaguanas,2012-02-19,72.4,0.0,15.0,101.5,1013.1,39.2,7.3,295.6,25.7,23083,65671,0,31.0,21.0,25.6,33.8,21.0,26.3,19.9
Chaguanas,2012-02-20,70.0,0.0,12.8,102.9,1013.2,36.2,7.5,296.7,25.7,23061,65681,0,33.0,22.0,26.8,34.6,22.0,27.6,20.2
Chaguanas,2012-02-21,71.4,0.0,13.9,104.9,1013.5,34.9,7.7,277.7,23.9,23038,65691,0,33.0,22.0,26.8,35.7,22.0,27.8,20.7
Chaguanas,2012-02-22,72.9,0.0,20.8,77.2,1012.8,58.1,7.4,273.8,23.9,23014,65701,0,32.1,22.7,26.9,36.6,22.7,28.4,21.4
Chaguanas,2012-02-23,74.6,0.508,17.2,92.9,1012.3,77.0,7.2,258.8,22.3,22989,65709,1,32.1,24.1,27.2,35.9,24.1,28.5,22.0
Chaguanas,2012-02-24,73.7,5.1054,20.8,84.7,1012.5,74.2,7.2,296.3,25.5,22964,65717,1,31.1,23.0,26.4,34.7,23.0,27.1,21.0
Chaguanas,2012-02-25,81.4,5.384799999999999,19.5,91.0,1012.6,81.6,6.2,239.5,20.7,22938,65725,1,30.1,22.9,25.2,32.8,22.9,25.8,21.6
Chaguanas,2012-02-26,71.7,0.0,20.8,86.7,1013.2,63.5,7.4,268.6,22.9,22911,65732,0,31.2,23.7,26.8,34.1,23.7,27.7,21.0
Chaguanas,2012-02-27,65.9,0.0,26.4,79.4,1013.7,69.0,7.5,291.0,25.1,22884,65739,0,32.0,24.9,27.4,34.2,24.9,28.4,20.3
Chaguanas,2012-02-28,67.2,0.0,18.3,84.5,1013.2,72.3,6.8,296.4,25.6,22856,65745,0,32.1,24.8,27.5,34.9,24.8,28.6,20.6
Chaguanas,2012-02-29,79.5,1.2953999999999999,15.0,91.6,1013.4,87.7,6.7,245.8,21.4,22828,65751,1,32.0,22.0,25.8,35.8,22.0,26.7,21.7
Chaguanas,2012-03-01,90.4,37.0078,13.9,83.0,1013.3,94.0,5.0,232.9,20.2,22799,65756,1,27.8,23.0,24.4,31.0,23.0,24.7,22.7
Chaguanas,2012-03-02,80.8,7.619999999999999,20.4,83.7,1013.6,85.0,6.8,247.0,21.4,22769,65761,1,31.1,23.0,26.6,36.2,23.0,28.3,22.8
Chaguanas,2012-03-03,79.1,2.0065999999999997,17.2,90.5,1013.5,64.3,6.8,272.7,23.7,22739,65765,1,30.8,24.8,27.3,35.3,24.8,29.3,23.2
Chaguanas,2012-03-04,83.0,9.398,19.5,88.4,1013.7,72.4,5.9,262.8,22.7,22709,65769,1,31.1,24.0,26.4,35.5,24.0,27.7,23.1
Chaguanas,2012-03-05,76.5,3.6067999999999993,18.3,68.7,1014.2,52.1,6.9,298.4,25.8,22677,65773,1,31.9,24.0,26.9,35.6,24.0,28.3,22.2
Chaguanas,2012-03-06,75.2,2.9972,20.8,78.9,1013.4,57.3,6.4,287.3,24.8,22646,65776,1,31.2,23.0,26.8,34.9,23.0,28.0,21.8
Chaguanas,2012-03-07,73.0,5.1054,17.2,83.1,1013.3,45.2,5.9,236.8,20.6,22614,65779,1,32.0,23.0,26.7,35.2,23.0,27.8,21.3
Chaguanas,2012-03-08,77.4,8.889999999999999,24.2,73.6,1013.1,75.6,6.0,265.4,23.0,22582,65782,1,31.0,22.9,26.1,33.8,22.9,27.2,21.5
Chaguanas,2012-03-09,83.5,11.8872,13.9,92.4,1013.5,86.2,5.7,220.4,18.9,22549,65784,1,29.0,21.0,25.4,32.8,21.0,26.3,22.3
Chaguanas,2012-03-10,83.8,10.1854,12.8,89.9,1013.7,85.7,6.6,182.0,15.9,22516,65786,1,29.0,24.0,25.9,32.8,24.0,26.7,22.9
Chaguanas,2012-03-11,75.8,0.0,18.3,80.9,1014.0,76.5,6.9,239.7,20.8,22482,65788,0,32.0,25.0,27.5,35.8,25.0,29.2,22.6
Chaguanas,2012-03-12,77.4,0.0,18.3,89.9,1013.4,77.0,6.7,179.1,15.5,22448,65789,0,32.0,23.9,27.1,36.8,23.9,28.7,22.6
Chaguanas,2012-03-13,80.8,0.9905999999999999,17.2,83.3,1013.7,67.4,7.1,260.7,22.5,22414,65790,1,31.1,22.0,25.9,35.5,22.0,27.1,22.0
Chaguanas,2012-03-14,80.1,0.0,18.3,85.5,1013.6,44.5,6.9,270.2,23.4,22380,65791,0,31.1,22.2,26.3,34.6,22.2,27.6,22.2
Chaguanas,2012-03-15,83.9,1.5239999999999998,16.1,85.4,1013.7,54.1,6.8,290.1,25.2,22345,65792,1,29.0,23.0,25.8,32.8,23.0,26.9,22.7
Chaguanas,2012-03-16,79.6,0.508,15.0,96.0,1013.8,72.5,6.2,184.5,15.9,22311,65792,1,31.0,22.9,26.4,34.6,22.9,27.6,22.2
Chaguanas,2012-03-17,78.1,0.0,15.0,91.0,1013.5,69.7,6.7,276.1,23.8,22276,65793,0,31.8,22.9,26.5,35.1,22.9,28.0,22.1
Chaguanas,2012-03-18,78.9,0.0,17.2,108.0,1012.4,75.4,6.7,260.0,22.4,22240,65793,0,31.2,22.3,26.7,35.6,22.3,28.2,22.4
Chaguanas,2012-03-19,80.4,0.0,17.2,87.5,1011.4,84.3,5.8,214.5,18.4,22205,65793,0,32.0,22.7,26.3,34.9,22.7,27.6,22.4
Chaguanas,2012-03-20,92.8,22.9108,8.1,95.4,1011.8,90.4,5.6,153.0,13.4,22170,65793,1,27.0,23.0,24.6,30.1,23.0,24.7,23.3
Chaguanas,2012-03-21,91.9,9.1694,15.0,79.4,1011.8,90.1,5.5,157.5,13.7,22134,65793,1,28.7,22.9,25.1,33.8,22.9,26.1,23.7
Chaguanas,2012-03-22,83.0,0.3048,16.1,92.1,1011.5,79.7,5.9,248.1,21.5,22098,65792,1,30.1,23.7,26.4,34.3,23.7,27.9,23.1
Chaguanas,2012-03-23,81.0,0.0,13.9,92.1,1010.8,89.2,6.0,206.4,17.9,22063,65792,0,31.0,24.0,26.8,35.7,24.0,28.5,23.1
Chaguanas,2012-03-24,81.3,0.0,17.2,99.2,1011.5,73.5,6.0,242.0,20.8,22027,65792,0,32.0,23.8,26.9,36.8,23.8,28.8,23.2
Chaguanas,2012-03-25,86.3,0.0,16.1,87.6,1012.5,80.9,4.6,167.4,14.4,21991,65791,0,30.8,24.0,26.2,36.2,24.0,27.8,23.6
Chaguanas,2012-03-26,84.3,1.4986,17.2,85.2,1012.0,87.7,5.7,180.5,15.6,21955,65791,1,30.1,24.0,26.8,35.3,24.0,28.6,23.8
Chaguanas,2012-03-27,77.9,0.0,13.9,88.4,1012.7,70.9,6.5,264.6,22.9,21920,65790,0,31.0,24.0,27.0,34.6,24.0,28.4,22.5
Chaguanas,2012-03-28,80.0,0.0,16.1,72.2,1012.9,69.5,5.7,263.5,22.7,21884,65790,0,32.0,23.0,26.8,35.8,23.0,28.4,22.7
Chaguanas,2012-03-29,78.7,0.0,23.2,81.7,1013.0,64.8,6.6,266.0,22.9,21848,65789,0,32.0,23.0,26.8,35.8,23.0,28.4,22.4
Chaguanas,2012-03-30,78.0,0.0,16.1,93.6,1014.5,57.2,6.9,298.3,25.6,21813,65789,0,31.8,24.0,27.1,35.3,24.0,28.5,22.5
Chaguanas,2012-03-31,79.6,0.0,15.0,102.6,1014.7,51.7,7.6,218.8,19.0,21777,65788,0,31.0,23.0,26.7,35.1,23.0,28.2,22.5
Chaguanas,2012-04-01,81.8,0.0,15.0,94.8,1012.7,74.6,8.0,263.4,22.9,21742,65788,0,31.0,22.8,26.2,35.5,22.8,27.4,22.6
Chaguanas,2012-04-02,78.2,0.0,18.3,91.5,1011.6,69.3,7.6,316.2,27.1,21707,65788,0,32.0,22.9,26.7,34.6,22.9,28.1,22.1
Chaguanas,2012-04-03,79.2,0.0,13.9,93.0,1011.4,65.4,7.3,290.3,25.0,21672,65788,0,32.0,22.0,26.8,36.8,22.0,28.6,22.6
Chaguanas,2012-04-04,81.7,0.0,18.3,84.0,1011.2,83.8,7.3,301.3,26.0,21637,65788,0,32.0,23.7,26.7,36.8,23.7,28.6,23.1
Chaguanas,2012-04-05,78.2,0.0,16.1,87.7,1011.2,72.6,7.2,303.6,26.3,21603,65788,0,32.0,22.9,27.1,36.8,22.9,28.9,22.6
Chaguanas,2012-04-06,75.6,0.0,17.2,83.2,1011.9,81.1,7.6,294.2,25.5,21569,65788,0,32.0,24.0,27.4,35.8,24.0,29.1,22.4
Chaguanas,2012-04-07,77.9,0.0,11.4,99.2,1012.3,86.0,7.3,236.4,20.4,21535,65789,0,33.0,24.0,27.7,37.1,24.0,29.8,23.2
Chaguanas,2012-04-08,77.9,0.0,15.0,93.0,1011.5,50.9,7.5,291.7,25.2,21501,65789,0,34.1,22.9,27.1,38.4,22.9,28.7,22.4
Chaguanas,2012-04-09,75.6,0.0,15.0,91.6,1010.7,62.8,7.7,290.3,25.0,21468,65790,0,32.0,21.9,26.8,34.9,21.9,28.1,21.6
Chaguanas,2012-04-10,80.3,0.0,20.8,86.7,1011.6,86.1,7.6,241.7,20.9,21435,65791,0,33.0,22.0,26.7,38.1,22.0,28.6,22.8
Chaguanas,2012-04-11,79.8,0.0,18.3,90.7,1012.8,83.7,7.3,281.5,24.3,21402,65793,0,32.1,23.8,27.4,36.8,23.8,29.5,23.3
Chaguanas,2012-04-12,89.4,2.9972,20.8,79.8,1013.0,82.8,6.0,231.2,20.0,21370,65794,1,31.1,24.0,26.1,36.6,24.0,27.3,24.1
Chaguanas,2012-04-13,85.2,2.5146,15.0,95.4,1012.8,90.1,7.1,234.4,20.3,21338,65796,1,30.9,24.0,26.6,35.1,24.0,28.3,23.7
Chaguanas,2012-04-14,78.1,0.0,12.8,78.7,1012.7,82.7,7.8,155.2,13.4,21306,65798,0,32.0,22.9,26.7,35.8,22.9,28.3,22.2
Chaguanas,2012-04-15,80.4,0.9905999999999999,13.9,60.6,1012.3,46.2,7.7,309.1,26.6,21275,65800,1,33.0,21.0,26.2,37.1,21.0,27.7,22.2
Chaguanas,2012-04-16,81.6,0.9905999999999999,17.2,73.4,1012.3,65.3,7.6,310.9,26.9,21245,65803,1,32.0,22.9,26.7,36.6,22.9,28.6,23.0
Chaguanas,2012-04-17,80.5,0.0,20.8,93.6,1012.3,70.3,7.7,218.3,18.8,21215,65806,0,31.8,23.7,27.0,36.6,23.7,29.2,23.2
Chaguanas,2012-04-18,93.9,24.892,13.9,99.3,1011.8,83.5,6.5,257.5,22.2,21185,65809,1,30.0,24.0,25.6,35.1,24.0,26.5,24.4
Chaguanas,2012-04-19,92.6,2.0065999999999997,20.8,88.3,1011.7,89.5,7.1,197.6,17.1,21156,65812,1,30.0,23.8,25.5,36.2,23.8,26.3,24.1
Chaguanas,2012-04-20,93.6,16.509999999999998,10.3,91.4,1011.2,83.1,6.0,217.8,18.8,21127,65816,1,29.0,25.0,26.2,35.7,25.0,27.9,25.1
Chaguanas,2012-04-21,89.4,4.0893999999999995,13.9,87.5,1011.6,87.0,5.1,228.1,19.6,21099,65820,1,32.0,24.9,26.9,37.9,24.9,29.2,24.8
Chaguanas,2012-04-22,81.4,0.0,15.0,99.1,1012.4,81.5,6.7,293.2,25.4,21071,65825,0,32.0,24.0,27.7,37.1,24.0,30.1,23.9
Chaguanas,2012-04-23,82.3,0.0,17.2,91.0,1012.3,49.2,7.4,269.6,23.4,21044,65829,0,32.0,24.0,27.4,37.9,24.0,29.7,23.8
Chaguanas,2012-04-24,85.5,8.407399999999999,13.9,104.3,1011.8,53.3,7.4,305.1,26.3,21018,65835,1,31.0,24.0,26.7,36.1,24.0,28.9,23.9
Chaguanas,2012-04-25,79.8,0.0,16.1,83.9,1012.0,34.0,8.1,306.9,26.4,20992,65840,0,32.1,24.0,27.7,37.9,24.0,29.9,23.6
Chaguanas,2012-04-26,77.8,0.0,18.3,76.8,1012.4,61.3,7.5,294.1,25.3,20967,65846,0,33.0,24.0,27.6,37.1,24.0,29.4,22.9
Chaguanas,2012-04-27,77.4,0.508,16.1,74.1,1011.9,49.8,7.7,303.8,26.2,20942,65852,1,33.0,22.8,27.4,37.1,22.8,29.5,22.8
Chaguanas,2012-04-28,75.6,0.0,15.0,90.3,1011.7,49.3,7.6,306.1,26.6,20919,65859,0,33.0,24.0,28.1,38.1,24.0,30.3,23.0
Chaguanas,2012-04-29,82.7,0.0,15.0,84.1,1012.0,83.0,7.4,263.2,22.6,20895,65866,0,32.0,22.8,27.1,37.9,22.8,29.4,23.7
Chaguanas,2012-04-30,87.3,2.5146,13.9,92.4,1011.5,88.6,6.3,300.7,25.9,20873,65873,1,31.1,24.0,26.9,36.9,24.0,29.2,24.4
Chaguanas,2012-05-01,90.3,14.985999999999999,11.4,89.2,1011.2,80.6,6.4,255.8,22.0,20851,65881,1,30.2,25.0,26.8,36.7,25.0,29.0,25.0
Chaguanas,2012-05-02,89.4,8.889999999999999,10.3,90.6,1011.3,85.9,6.9,113.1,9.8,20830,65889,1,31.0,24.2,26.9,37.8,24.2,29.7,24.9
Chaguanas,2012-05-03,91.0,8.407399999999999,12.8,96.7,1012.7,89.7,6.9,90.8,7.9,20809,65897,1,30.0,24.0,26.2,35.1,24.0,27.7,24.5
Chaguanas,2012-05-04,96.4,9.8806,6.9,59.4,1012.8,90.7,6.6,223.6,19.5,20789,65906,1,28.0,23.8,25.2,32.7,23.8,25.7,24.6
Chaguanas,2012-05-05,88.2,0.7874,39.5,95.9,1011.5,89.1,7.6,226.4,19.6,20770,65915,1,32.0,23.9,27.1,39.2,23.9,30.1,24.8
Chaguanas,2012-05-06,91.4,2.9972,9.2,92.8,1011.6,90.6,6.8,148.2,12.7,20752,65925,1,29.0,24.9,26.7,35.4,24.9,28.8,25.1
Chaguanas,2012-05-07,92.0,2.0065999999999997,10.5,131.1,1011.7,87.9,6.1,252.8,21.9,20735,65935,1,31.7,24.8,26.6,39.8,24.8,28.2,25.1
Chaguanas,2012-05-08,85.6,14.808199999999998,12.8,97.6,1011.9,71.5,7.8,150.5,13.0,20718,65945,1,32.8,25.0,27.8,40.1,25.0,30.9,24.9
Chaguanas,2012-05-09,95.2,26.212799999999998,9.2,97.6,1011.7,85.9,6.5,106.3,9.1,20702,65956,1,28.9,24.0,25.7,35.5,24.0,26.6,24.8
Chaguanas,2012-05-10,92.9,11.9126,11.4,95.4,1011.4,84.8,7.1,176.7,15.3,20687,65967,1,32.0,23.0,26.0,38.9,23.0,27.7,24.6
Chaguanas,2012-05-11,91.5,2.9972,20.8,91.3,1012.2,85.5,5.1,197.9,17.0,20672,65979,1,29.0,24.0,26.4,35.7,24.0,28.9,24.9
Chaguanas,2012-05-12,84.2,0.0,20.8,88.0,1013.5,71.6,4.5,259.1,22.5,20658,65990,0,32.0,24.8,27.8,39.2,24.8,30.6,24.7
Chaguanas,2012-05-13,79.1,0.3048,29.0,82.4,1012.7,89.2,5.0,259.3,22.4,20646,66003,1,32.1,25.0,28.1,36.9,25.0,31.1,23.9
Chaguanas,2012-05-14,77.6,0.0,18.3,91.9,1012.3,89.2,5.7,144.0,12.4,20633,66015,0,32.0,25.0,28.0,37.9,25.0,30.7,23.6
Chaguanas,2012-05-15,90.1,1.2953999999999999,13.9,89.6,1012.7,90.5,5.6,150.0,12.8,20622,66028,1,31.0,24.0,26.5,37.8,24.0,28.4,24.6
Chaguanas,2012-05-16,92.0,0.1016,15.0,90.0,1012.8,67.1,6.3,146.1,12.7,20612,66041,1,31.0,23.9,26.3,39.1,23.9,28.0,24.8
Chaguanas,2012-05-17,92.4,14.477999999999998,16.1,103.4,1012.3,74.1,6.5,231.8,19.9,20602,66054,1,31.0,23.2,26.1,38.6,23.2,28.2,24.7
Chaguanas,2012-05-18,88.4,11.0998,17.2,104.5,1011.4,57.9,5.6,213.1,18.4,20593,66068,1,31.0,24.2,26.6,37.8,24.2,28.4,24.4
Chaguanas,2012-05-19,82.5,0.0,16.1,97.6,1012.2,52.0,6.7,281.3,24.3,20585,66082,0,31.0,23.9,27.1,36.6,23.9,29.3,23.6
Chaguanas,2012-05-20,80.3,0.8128,17.2,92.8,1012.9,37.6,7.0,294.0,25.5,20578,66097,1,31.0,24.0,27.3,35.5,24.0,29.2,23.3
Chaguanas,2012-05-21,88.5,8.407399999999999,16.1,92.8,1014.0,63.8,5.9,282.2,24.4,20571,66111,1,32.0,24.0,27.1,39.2,24.0,29.8,24.8
Chaguanas,2012-05-22,83.3,7.112,16.1,90.8,1013.5,78.3,6.1,243.6,21.0,20566,66126,1,32.0,25.0,27.6,37.7,25.0,30.0,24.3
Chaguanas,2012-05-23,85.8,0.9905999999999999,16.1,97.0,1013.7,78.8,6.7,190.1,16.5,20561,66141,1,32.1,24.0,27.5,39.3,24.0,30.3,24.7
Chaguanas,2012-05-24,90.2,23.114,15.0,98.7,1014.1,88.6,7.0,196.6,16.9,20557,66156,1,31.1,24.1,26.8,37.6,24.1,29.3,25.0
Chaguanas,2012-05-25,88.6,2.0065999999999997,15.0,103.8,1013.8,50.9,6.6,252.9,21.8,20553,66172,1,32.0,24.2,27.4,40.7,24.2,30.7,25.3
Chaguanas,2012-05-26,84.7,0.3048,13.9,106.1,1013.2,38.0,6.5,304.7,26.2,20551,66187,1,32.2,24.0,27.9,39.2,24.0,30.9,24.8
Chaguanas,2012-05-27,83.6,0.0,18.3,97.5,1013.4,34.2,6.6,299.2,25.8,20549,66203,0,32.0,24.0,28.0,39.2,24.0,31.3,24.7
Chaguanas,2012-05-28,83.9,3.9878,16.1,91.6,1012.8,52.8,6.0,286.1,24.8,20548,66219,1,32.9,24.0,27.7,39.0,24.0,30.6,24.4
Chaguanas,2012-05-29,86.0,15.8242,13.9,96.1,1013.0,83.7,7.2,170.4,14.9,20548,66235,1,32.9,24.2,27.0,39.2,24.2,29.2,24.3
Chaguanas,2012-05-30,87.3,11.9126,11.4,105.3,1012.9,79.4,7.0,143.6,12.6,20548,66252,1,30.2,24.0,26.7,36.7,24.0,28.8,24.3
Chaguanas,2012-05-31,86.6,5.5118,17.2,111.8,1014.6,86.7,6.8,152.1,13.2,20550,66268,1,31.0,24.0,26.9,37.8,24.0,29.2,24.4
Chaguanas,2012-06-01,87.7,2.9972,11.4,97.6,1016.0,90.1,5.2,125.8,11.0,20552,66284,1,29.9,24.0,26.7,36.1,24.0,29.0,24.4
Chaguanas,2012-06-02,79.8,0.0,13.9,94.5,1015.6,88.2,5.8,269.5,23.3,20554,66301,0,32.0,24.0,27.6,37.9,24.0,29.9,23.5
Chaguanas,2012-06-03,78.9,2.9972,16.1,78.8,1014.9,74.7,6.7,299.8,26.0,20558,66317,1,32.0,24.0,27.3,36.8,24.0,29.2,23.2
Chaguanas,2012-06-04,77.4,2.9972,18.3,87.5,1013.5,70.9,7.5,257.7,22.3,20562,66334,1,33.0,23.9,27.4,36.7,23.9,29.1,22.7
Chaguanas,2012-06-05,83.6,2.9972,23.0,81.6,1013.4,85.3,7.1,152.0,13.0,20567,66350,1,31.0,24.0,27.1,36.6,24.0,29.5,23.9
Chaguanas,2012-06-06,85.0,2.9972,20.8,83.1,1013.7,88.5,6.4,177.2,15.4,20572,66366,1,32.0,25.0,27.6,39.2,25.0,30.2,24.7
Chaguanas,2012-06-07,83.8,0.0,23.0,80.0,1013.5,85.3,5.7,181.4,15.7,20578,66383,0,30.8,26.0,27.6,35.9,26.0,30.3,24.5
Chaguanas,2012-06-08,81.7,2.0065999999999997,23.0,70.2,1012.6,89.2,6.6,268.2,23.1,20585,66399,1,32.0,25.0,27.8,36.8,25.0,30.0,24.1
Chaguanas,2012-06-09,79.6,0.9905999999999999,18.3,86.6,1012.6,54.2,6.6,254.2,21.9,20592,66415,1,32.1,24.0,27.8,37.4,24.0,30.2,23.7
Chaguanas,2012-06-10,93.9,79.502,13.9,95.7,1013.2,87.6,5.1,166.1,14.4,20600,66431,1,29.0,24.0,25.9,34.9,24.0,27.4,24.8
Chaguanas,2012-06-11,90.4,12.9032,16.1,97.8,1012.6,68.9,6.7,185.0,15.9,20608,66447,1,31.0,24.8,26.5,36.9,24.8,28.7,24.7
Chaguanas,2012-06-12,90.1,16.3068,18.3,135.3,1012.1,82.7,5.8,156.0,13.4,20617,66462,1,30.0,24.0,26.2,36.2,24.0,27.9,24.4
Chaguanas,2012-06-13,94.3,43.992799999999995,16.1,115.3,1013.4,93.3,5.8,92.8,8.0,20627,66478,1,26.0,23.0,24.4,26.0,23.0,24.4,23.4
Chaguanas,2012-06-14,76.9,2.0065999999999997,13.9,79.1,1013.5,76.1,7.1,248.4,21.2,20637,66493,1,33.0,23.7,27.8,38.1,23.7,29.9,22.9
Chaguanas,2012-06-15,93.2,19.1008,11.4,94.8,1013.1,71.8,6.8,110.7,9.5,20647,66508,1,28.0,24.0,25.8,32.7,24.0,26.7,24.6
Chaguanas,2012-06-16,81.6,0.0,13.9,97.5,1013.1,67.8,7.3,128.9,11.1,20658,66523,0,32.1,24.9,28.1,39.2,24.9,30.9,24.3
Chaguanas,2012-06-17,82.3,0.0,12.8,103.3,1013.7,64.4,7.2,241.5,20.7,20670,66537,0,32.8,24.0,27.9,38.7,24.0,30.9,24.4
Chaguanas,2012-06-18,78.2,0.9905999999999999,17.2,94.6,1014.1,54.2,6.9,293.8,25.3,20682,66551,1,32.0,24.8,27.7,36.6,24.8,29.8,23.3
Chaguanas,2012-06-19,80.7,5.1054,18.3,100.5,1014.3,48.7,6.8,276.6,24.0,20694,66564,1,33.0,24.0,27.6,39.3,24.0,30.1,23.7
Chaguanas,2012-06-20,85.8,7.112,12.8,103.5,1013.4,73.1,6.6,217.3,18.7,20707,66578,1,32.8,23.9,27.3,39.9,23.9,30.2,24.5
Chaguanas,2012-06-21,81.2,0.0,18.3,100.0,1013.0,76.9,6.9,123.3,10.8,20720,66591,0,33.0,25.0,28.2,39.3,25.0,30.9,24.4
Chaguanas,2012-06-22,77.2,0.0,13.9,99.6,1013.6,54.5,6.7,269.3,23.1,20733,66603,0,33.0,25.0,28.3,38.2,25.0,30.8,23.7
Chaguanas,2012-06-23,94.9,33.096199999999996,10.3,96.1,1015.5,79.8,6.1,125.5,10.8,20747,66615,1,28.0,22.8,24.6,31.9,22.8,24.8,23.7
Chaguanas,2012-06-24,85.1,6.095999999999999,13.9,100.1,1015.3,67.3,6.9,170.6,14.9,20761,66626,1,32.0,24.0,27.2,38.0,24.0,29.5,24.3
Chaguanas,2012-06-25,78.0,0.508,13.9,108.6,1014.6,40.5,7.9,288.3,24.8,20775,66637,1,32.1,23.0,27.5,35.8,23.0,29.2,22.9
Chaguanas,2012-06-26,90.2,17.2974,16.1,95.0,1014.7,71.8,6.8,174.1,15.0,20789,66648,1,30.0,23.0,25.4,35.1,23.0,26.2,23.6
Chaguanas,2012-06-27,80.0,0.0,15.0,93.4,1015.7,49.6,5.6,247.8,21.4,20804,66658,0,33.0,24.0,28.0,40.6,24.0,30.6,23.9
Chaguanas,2012-06-28,78.6,0.0,16.1,100.4,1015.3,40.0,7.0,290.8,25.2,20819,66667,0,33.1,23.0,27.4,37.2,23.0,29.4,22.9
Chaguanas,2012-06-29,78.9,0.3048,15.0,102.4,1013.5,35.5,7.5,286.6,24.7,20834,66676,1,33.1,23.0,27.7,38.2,23.0,30.2,23.3
Chaguanas,2012-06-30,85.1,2.5146,12.8,106.7,1012.9,75.6,7.2,165.5,14.1,20849,66684,1,32.0,24.0,27.3,39.2,24.0,29.9,24.3
Chaguanas,2012-07-01,86.5,0.9905999999999999,13.9,100.9,1013.1,89.3,7.3,136.2,11.8,20863,66691,1,32.0,24.0,26.6,39.2,24.0,28.7,24.0
Chaguanas,2012-07-02,82.7,4.013199999999999,13.9,90.6,1012.5,83.7,5.9,203.5,17.6,20878,66698,1,33.1,24.8,27.7,39.4,24.8,30.3,24.2
Chaguanas,2012-07-03,78.9,0.3048,16.1,84.8,1012.0,71.0,6.7,270.2,23.3,20894,66704,1,33.0,24.1,28.1,38.8,24.1,30.6,23.8
Chaguanas,2012-07-04,89.1,4.5973999999999995,16.1,94.7,1011.7,63.7,6.5,137.7,11.8,20909,66710,1,32.0,24.0,27.2,39.3,24.0,30.0,25.1
Chaguanas,2012-07-05,85.0,4.013199999999999,21.9,80.2,1011.2,62.7,6.6,102.1,8.9,20925,66715,1,33.0,24.0,27.3,39.3,24.0,29.7,24.2
Chaguanas,2012-07-06,85.2,10.693399999999999,18.3,77.1,1011.9,89.7,5.8,191.7,16.5,20940,66719,1,31.2,24.0,26.8,36.7,24.0,28.7,24.0
Chaguanas,2012-07-07,75.2,5.1054,13.9,90.9,1012.6,50.4,7.0,289.0,25.0,20955,66723,1,33.0,24.0,28.0,37.5,24.0,30.2,22.8
Chaguanas,2012-07-08,76.5,0.0,14.7,89.2,1013.2,73.4,7.5,268.1,23.2,20971,66725,0,32.8,24.0,27.9,40.4,24.0,30.5,23.1
Chaguanas,2012-07-09,78.7,0.7111999999999999,15.4,90.4,1012.7,69.7,7.0,227.4,19.5,20986,66727,1,29.0,24.9,27.2,33.0,24.9,29.2,23.1
Chaguanas,2012-07-10,80.8,10.8966,20.8,71.4,1012.2,76.1,5.3,243.2,20.9,21001,66729,1,30.2,24.0,27.4,35.1,24.0,30.0,23.7
Chaguanas,2012-07-11,90.9,25.0952,13.9,87.3,1011.3,85.5,6.1,142.1,12.2,21016,66729,1,30.0,23.8,25.8,37.5,23.8,26.9,24.1
Chaguanas,2012-07-12,77.7,2.794,18.3,86.9,1011.2,87.6,7.3,193.9,16.7,21031,66729,1,33.0,24.0,27.8,37.1,24.0,29.9,23.2
Chaguanas,2012-07-13,78.4,0.0,18.3,91.4,1013.0,59.3,7.6,256.5,22.0,21046,66728,0,32.0,23.8,27.7,36.8,23.8,29.9,23.3
Chaguanas,2012-07-14,85.3,12.9032,12.8,100.2,1013.9,63.4,7.3,187.6,16.2,21061,66726,1,31.2,23.8,26.3,36.6,23.8,27.7,23.5
Chaguanas,2012-07-15,87.6,0.0,17.2,94.0,1013.6,87.6,6.7,205.4,17.8,21075,66723,0,31.0,24.0,26.4,37.8,24.0,28.6,24.1
Chaguanas,2012-07-16,83.1,16.205199999999998,15.0,109.1,1013.4,79.2,6.2,223.5,19.2,21089,66720,1,31.2,22.9,27.5,36.6,22.9,30.3,24.2
Chaguanas,2012-07-17,77.5,0.0,12.8,93.8,1013.8,89.2,7.2,247.2,21.4,21103,66716,0,32.9,24.0,27.8,38.2,24.0,30.4,23.3
Chaguanas,2012-07-18,75.0,0.0,15.0,94.0,1014.2,54.7,7.7,303.9,26.3,21117,66711,0,33.0,24.0,28.1,39.3,24.0,30.2,22.8
Chaguanas,2012-07-19,73.8,0.0,15.0,98.5,1013.8,31.0,7.8,298.4,25.7,21131,66705,0,33.1,23.9,28.1,37.2,23.9,30.0,22.5
Chaguanas,2012-07-20,74.7,0.2032,13.9,99.5,1012.8,39.3,7.9,279.6,24.1,21144,66698,1,33.0,23.0,27.9,36.3,23.0,29.8,22.4
Chaguanas,2012-07-21,81.2,2.0065999999999997,13.9,102.6,1014.1,44.6,6.8,142.5,12.3,21157,66690,1,33.0,25.0,27.9,40.6,25.0,30.9,24.2
Chaguanas,2012-07-22,81.4,0.9905999999999999,18.3,96.9,1014.0,72.5,6.9,136.6,11.7,21169,66682,1,31.0,24.9,27.6,37.8,24.9,30.4,23.9
Chaguanas,2012-07-23,84.6,7.112,13.9,95.8,1013.9,91.0,7.1,99.8,8.4,21182,66672,1,29.0,24.0,26.7,33.6,24.0,28.4,23.8
Chaguanas,2012-07-24,82.8,4.0893999999999995,16.1,73.5,1014.0,68.5,7.3,280.9,24.3,21193,66662,1,32.0,25.0,27.8,39.2,25.0,30.9,24.4
Chaguanas,2012-07-25,79.3,3.8099999999999996,18.3,97.4,1014.1,49.6,6.9,220.6,19.2,21205,66651,1,32.2,25.0,28.4,37.9,25.0,31.4,24.2
Chaguanas,2012-07-26,73.8,0.0,18.3,98.4,1014.2,59.2,6.9,298.8,25.9,21216,66640,0,32.0,24.9,28.1,35.4,24.9,29.9,22.6
Chaguanas,2012-07-27,75.8,0.0,15.0,104.3,1013.7,66.8,7.0,295.6,25.3,21227,66627,0,32.7,24.0,27.7,36.4,24.0,29.4,22.7
Chaguanas,2012-07-28,77.9,0.508,11.4,101.8,1013.0,49.9,6.9,288.8,25.0,21238,66613,1,33.1,25.0,28.4,39.3,25.0,31.5,23.9
Chaguanas,2012-07-29,79.7,4.0893999999999995,9.2,27.0,1011.4,37.7,7.5,289.6,25.1,21248,66599,1,34.0,24.1,28.6,53.2,24.1,33.1,24.5
Chaguanas,2012-07-30,80.4,5.1054,11.4,129.9,1011.7,50.1,7.3,286.4,24.8,21258,66584,1,33.0,24.2,28.1,39.3,24.2,31.4,24.2
Chaguanas,2012-07-31,74.7,0.0,13.9,97.2,1013.3,67.1,7.1,184.9,15.9,21267,66568,0,34.0,25.0,29.2,41.1,25.0,33.2,23.9
Chaguanas,2012-08-01,80.4,11.9126,13.9,102.1,1013.6,75.4,6.7,182.2,15.8,21276,66551,1,32.1,25.0,27.9,37.9,25.0,30.7,24.0
Chaguanas,2012-08-02,76.5,0.2032,13.9,28.4,1011.8,69.1,7.0,164.3,14.3,21285,66534,1,32.0,24.9,28.2,35.8,24.9,30.7,23.4
Chaguanas,2012-08-03,87.0,2.5146,12.8,111.7,1011.2,79.7,6.9,145.2,12.4,21293,66515,1,29.8,25.0,26.6,35.6,25.0,28.2,24.2
Chaguanas,2012-08-04,86.4,9.194799999999999,11.4,89.9,1013.4,82.5,6.6,225.5,19.5,21300,66496,1,31.0,25.0,26.7,37.8,25.0,28.3,24.1
Chaguanas,2012-08-05,83.2,4.0893999999999995,17.2,93.5,1013.7,64.7,6.2,295.3,25.6,21308,66476,1,30.0,24.9,27.0,35.7,24.9,29.0,23.8
Chaguanas,2012-08-06,88.0,27.101799999999997,9.2,100.5,1012.4,76.1,5.7,272.5,23.5,21315,66455,1,32.0,24.8,26.7,38.9,24.8,28.9,24.5
Chaguanas,2012-08-07,87.2,1.4986,9.2,95.2,1012.0,72.7,7.1,160.0,13.8,21321,66434,1,31.0,24.0,26.8,37.8,24.0,29.2,24.3
Chaguanas,2012-08-08,83.3,9.398,11.4,122.8,1012.8,73.7,7.0,238.4,20.7,21327,66412,1,33.0,24.7,27.6,40.6,24.7,30.4,24.3
Chaguanas,2012-08-09,83.3,5.4102,11.4,122.7,1013.6,65.0,7.5,198.7,17.1,21333,66389,1,32.0,24.7,27.8,39.2,24.7,31.0,24.6
Chaguanas,2012-08-10,83.1,1.4986,13.9,99.6,1012.9,62.4,6.1,208.8,17.8,21338,66365,1,32.0,24.0,27.7,39.1,24.0,30.9,24.3
Chaguanas,2012-08-11,91.9,28.981399999999997,8.1,73.0,1011.7,90.8,6.1,107.0,9.4,21343,66340,1,28.0,23.8,25.5,31.9,23.8,26.1,24.1
Chaguanas,2012-08-12,86.2,16.7132,13.9,115.2,1012.7,81.1,6.3,245.7,21.1,21348,66315,1,32.9,24.0,27.0,39.0,24.0,29.3,24.3
Chaguanas,2012-08-13,82.9,5.9944,11.6,89.0,1013.2,45.3,7.4,239.9,20.7,21352,66289,1,31.0,23.9,26.9,37.8,23.9,29.2,23.6
Chaguanas,2012-08-14,80.8,7.112,13.9,95.9,1013.1,44.3,7.4,254.9,22.0,21355,66263,1,32.0,24.0,27.7,37.9,24.0,30.6,23.9
Chaguanas,2012-08-15,80.1,0.9905999999999999,13.9,102.2,1013.9,55.0,7.0,119.4,10.2,21358,66236,1,33.0,24.9,27.7,39.3,24.9,30.1,23.7
Chaguanas,2012-08-16,77.1,0.0,13.9,97.9,1012.7,57.2,7.6,209.5,18.2,21361,66208,0,32.2,24.0,28.1,37.9,24.0,30.7,23.4
Chaguanas,2012-08-17,80.5,0.0,13.9,108.9,1012.8,67.3,6.9,253.7,21.8,21364,66180,0,33.0,24.0,27.7,39.0,24.0,30.3,23.8
Chaguanas,2012-08-18,78.7,0.7874,13.9,106.9,1013.9,68.6,7.6,237.3,20.6,21366,66150,1,33.0,24.0,27.8,38.1,24.0,30.4,23.6
Chaguanas,2012-08-19,81.7,6.604,13.9,108.3,1014.5,68.3,6.6,112.8,9.9,21368,66121,1,32.7,24.0,27.0,38.7,24.0,29.1,23.4
Chaguanas,2012-08-20,73.9,0.0,11.4,102.2,1013.1,41.4,7.0,205.6,17.7,21369,66091,0,34.0,23.0,28.1,37.3,23.0,30.1,22.5
Chaguanas,2012-08-21,75.8,0.0,6.9,20.0,1012.6,44.5,7.5,221.7,19.3,21370,66060,0,34.0,22.9,28.3,38.3,22.9,31.3,23.2
Chaguanas,2012-08-22,77.1,0.0,12.8,289.5,1011.4,77.5,7.0,179.1,15.6,21371,66028,0,31.7,25.0,28.1,36.2,25.0,30.8,23.5
Chaguanas,2012-08-23,88.8,18.008599999999998,17.2,139.2,1012.2,91.1,6.2,122.2,10.5,21371,65997,1,31.0,23.0,25.7,37.8,23.0,27.2,23.6
Chaguanas,2012-08-24,82.3,2.0065999999999997,17.2,120.7,1011.9,85.4,6.8,226.7,19.5,21371,65964,1,31.0,23.8,26.9,35.5,23.8,28.8,23.4
Chaguanas,2012-08-25,84.6,7.899399999999999,12.8,87.6,1012.1,75.0,6.4,214.1,18.4,21370,65931,1,33.1,25.0,27.3,39.2,25.0,29.7,24.3
Chaguanas,2012-08-26,83.5,0.7874,13.9,99.0,1013.8,79.5,7.3,180.9,15.6,21370,65898,1,32.0,24.183333333333334,26.9,37.3,24.183333333333334,29.4,24.3
Chaguanas,2012-08-27,76.8,0.2032,13.9,96.3,1015.0,47.1,7.6,253.8,21.9,21369,65864,1,33.0,23.9,27.9,38.1,23.9,30.3,23.1
Chaguanas,2012-08-28,76.4,0.0,11.4,94.6,1014.7,50.5,7.3,276.7,23.8,21368,65830,0,33.1,24.0,28.4,38.1,24.0,31.6,23.6
Chaguanas,2012-08-29,82.4,29.006799999999995,13.9,72.5,1013.7,53.8,6.8,239.4,20.7,21366,65795,1,34.0,25.0,27.5,40.6,25.0,29.6,23.9
Chaguanas,2012-08-30,79.0,0.0,12.8,111.4,1013.6,45.8,7.4,300.5,26.1,21364,65760,0,35.0,23.8,28.2,41.9,23.8,31.8,23.9
Chaguanas,2012-08-31,82.3,5.1054,11.4,83.6,1013.0,38.7,7.1,300.3,25.9,21362,65725,1,34.0,24.0,28.0,40.6,24.0,30.8,24.3
Chaguanas,2012-09-01,76.1,0.0,9.2,114.8,1012.9,75.8,7.3,259.6,22.4,21360,65689,0,35.0,24.0,28.7,41.9,24.0,32.1,23.7
Chaguanas,2012-09-02,73.2,0.0,11.4,111.2,1014.1,51.5,7.5,227.3,19.8,21358,65653,0,35.0,24.3,29.1,40.7,24.3,32.3,23.4
Chaguanas,2012-09-03,77.0,6.095999999999999,15.0,100.5,1014.9,61.5,7.4,135.2,11.7,21355,65616,1,33.0,25.0,28.4,38.1,25.0,31.4,23.8
Chaguanas,2012-09-04,83.4,0.508,13.9,88.9,1014.0,81.2,7.0,106.4,9.1,21352,65579,1,32.0,25.0,27.6,37.9,25.0,30.2,24.3
Chaguanas,2012-09-05,78.0,5.588,13.9,104.8,1013.5,49.0,7.2,225.7,19.8,21349,65542,1,33.2,25.7,29.0,39.6,25.7,32.8,24.5
Chaguanas,2012-09-06,81.2,0.3048,12.8,172.4,1014.2,55.1,7.3,276.8,23.9,21346,65505,1,34.0,25.0,27.8,39.4,25.0,29.9,24.0
Chaguanas,2012-09-07,76.7,0.0,11.4,120.9,1013.4,55.4,7.5,292.8,25.4,21342,65467,0,35.0,24.0,28.3,39.6,24.0,31.1,23.4
Chaguanas,2012-09-08,73.8,0.0,12.8,113.1,1013.8,37.9,7.7,280.6,24.2,21339,65429,0,34.0,24.0,28.8,40.6,24.0,31.8,23.3
Chaguanas,2012-09-09,78.8,0.0,13.9,98.8,1014.1,47.4,7.4,289.6,24.9,21335,65391,0,34.0,25.9,28.3,40.6,25.9,31.6,24.1
Chaguanas,2012-09-10,87.6,3.5052000000000003,11.4,107.0,1013.1,89.6,7.1,220.7,19.0,21332,65353,1,29.2,24.0,26.2,34.6,24.0,27.6,23.9
Chaguanas,2012-09-11,86.2,19.812,17.2,104.6,1012.3,82.5,6.5,274.1,23.7,21328,65315,1,33.1,24.0,26.5,40.7,24.0,28.2,23.8
Chaguanas,2012-09-12,84.4,0.508,11.4,114.5,1011.4,75.3,7.2,157.5,13.5,21324,65277,1,33.0,23.9,26.9,42.2,23.9,29.1,23.9
Chaguanas,2012-09-13,83.6,0.9905999999999999,15.0,106.7,1012.0,79.4,7.6,164.9,14.1,21320,65238,1,33.0,24.0,27.8,40.6,24.0,31.3,24.6
Chaguanas,2012-09-14,75.6,0.0,16.1,107.2,1013.1,52.2,7.4,272.9,23.7,21316,65199,0,34.0,25.0,28.9,39.4,25.0,32.1,23.8
Chaguanas,2012-09-15,75.0,0.2032,13.9,97.8,1012.8,46.4,7.0,270.6,23.5,21312,65161,1,35.0,24.0,29.1,40.7,24.0,32.1,23.6
Chaguanas,2012-09-16,78.3,4.0893999999999995,15.0,139.0,1012.3,60.7,7.0,182.3,15.6,21308,65122,1,34.1,24.0,27.9,39.3,24.0,30.5,23.4
Chaguanas,2012-09-17,79.8,1.5239999999999998,9.2,138.7,1012.5,39.2,7.4,207.6,18.0,21304,65083,1,34.0,24.0,27.6,40.6,24.0,29.7,23.4
Chaguanas,2012-09-18,80.7,15.189199999999998,13.9,80.3,1013.2,52.6,7.2,176.9,15.1,21300,65044,1,33.0,24.8,28.1,40.6,24.8,31.7,24.3
Chaguanas,2012-09-19,75.9,0.3048,16.1,107.7,1012.9,48.1,7.4,281.4,24.2,21296,65006,1,34.0,24.8,29.0,40.6,24.8,32.3,23.9
Chaguanas,2012-09-20,82.8,5.1054,20.8,99.5,1011.5,55.1,6.9,178.7,15.4,21292,64967,1,32.0,25.0,27.6,37.9,25.0,30.3,24.3
Chaguanas,2012-09-21,78.7,0.0,17.2,109.3,1011.1,47.5,7.6,201.5,17.4,21288,64928,0,33.0,25.0,28.6,40.7,25.0,32.1,24.3
Chaguanas,2012-09-22,80.8,2.0065999999999997,16.1,98.9,1012.4,68.1,7.1,132.7,11.6,21284,64890,1,32.0,25.9,27.8,36.8,25.9,30.7,24.1
Chaguanas,2012-09-23,84.7,0.508,13.9,112.0,1011.9,90.6,6.9,177.4,15.5,21281,64851,1,32.1,23.9,26.5,37.9,23.9,28.0,23.6
Chaguanas,2012-09-24,84.8,0.508,13.9,118.3,1011.6,78.5,7.3,160.2,14.0,21277,64813,1,33.0,23.0,27.1,39.3,23.0,30.1,24.1
Chaguanas,2012-09-25,80.8,0.0,12.8,115.1,1012.2,85.0,7.0,149.5,13.0,21274,64775,0,35.0,24.8,28.3,44.9,24.8,31.7,24.4
Chaguanas,2012-09-26,76.4,0.0,11.4,105.4,1012.3,76.4,7.3,219.6,18.9,21271,64737,0,35.0,24.0,28.1,40.2,24.0,30.9,23.2
Chaguanas,2012-09-27,74.1,0.0,9.2,123.9,1012.2,62.8,7.2,247.3,21.3,21268,64699,0,35.0,23.9,28.8,40.4,23.9,31.9,23.3
Chaguanas,2012-09-28,74.3,0.0,9.2,116.8,1013.2,79.5,7.1,221.1,19.1,21265,64662,0,35.0,25.0,29.1,40.7,25.0,32.6,23.7
Chaguanas,2012-09-29,73.3,0.0,13.9,107.3,1013.5,44.2,7.4,224.0,19.4,21263,64624,0,35.0,25.0,29.2,40.5,25.0,31.8,23.3
Chaguanas,2012-09-30,86.0,11.9888,12.8,102.0,1013.2,64.6,6.7,179.5,15.4,21260,64587,1,31.0,25.8,26.9,37.8,25.8,29.0,24.4
Chaguanas,2012-10-01,78.1,3.302,16.1,101.0,1012.0,56.8,7.6,232.8,20.2,21258,64551,1,34.0,24.0,28.3,39.4,24.0,31.3,23.8
Chaguanas,2012-10-02,81.9,4.0893999999999995,9.2,121.2,1012.6,68.8,7.3,134.4,11.6,21256,64514,1,31.0,24.0,27.3,36.4,24.0,29.9,23.8
Chaguanas,2012-10-03,80.3,0.0,10.3,115.5,1012.2,69.9,7.1,183.3,15.9,21255,64478,0,33.0,24.8,28.1,39.4,24.8,31.3,24.2
Chaguanas,2012-10-04,79.4,5.7912,17.2,93.9,1011.5,89.2,7.5,184.9,16.1,21254,64442,1,34.0,25.0,28.4,39.4,25.0,31.9,24.2
Chaguanas,2012-10-05,82.8,2.0065999999999997,17.2,121.4,1009.8,80.5,6.8,167.9,14.5,21253,64407,1,32.0,24.0,27.7,39.2,24.0,30.9,24.3
Chaguanas,2012-10-06,78.9,1.4223999999999999,13.9,116.3,1009.5,87.7,7.2,100.1,8.6,21252,64372,1,32.1,25.8,28.8,39.3,25.8,32.8,24.6
Chaguanas,2012-10-07,82.7,10.413999999999998,20.8,114.3,1011.6,72.9,6.8,155.4,13.5,21252,64338,1,34.1,25.2,28.3,42.0,25.2,31.3,24.8
Chaguanas,2012-10-08,76.6,0.0,17.2,110.7,1013.1,58.2,7.3,184.6,16.0,21252,64304,0,33.1,25.0,28.8,39.4,25.0,32.1,24.0
Chaguanas,2012-10-09,84.0,3.302,17.2,82.8,1011.9,75.1,6.6,184.9,15.9,21253,64270,1,33.1,24.0,27.7,40.6,24.0,30.6,24.5
Chaguanas,2012-10-10,81.5,10.8966,11.4,56.9,1010.3,77.6,7.4,185.1,16.0,21254,64237,1,32.1,24.7,27.7,40.7,24.7,30.4,24.1
Chaguanas,2012-10-11,84.5,8.5852,15.0,124.6,1008.8,88.1,6.9,172.9,14.9,21256,64205,1,32.1,24.0,26.9,39.2,24.0,29.2,23.9
Chaguanas,2012-10-12,87.2,31.292799999999996,15.0,137.2,1009.2,86.2,6.0,137.6,11.7,21257,64173,1,33.0,23.9,26.4,40.6,23.9,28.7,24.0
Chaguanas,2012-10-13,82.8,0.9905999999999999,8.1,146.9,1010.4,90.8,7.9,115.6,10.1,21260,64142,1,32.0,24.0,27.0,37.9,24.0,29.3,23.7
Chaguanas,2012-10-14,85.1,19.7866,18.3,56.6,1010.6,83.0,6.6,131.8,11.3,21263,64111,1,33.0,23.9,26.7,39.5,23.9,28.3,23.8
Chaguanas,2012-10-15,82.6,0.1016,16.1,130.5,1009.8,79.2,7.9,140.1,12.0,21266,64081,1,34.0,23.0,26.9,42.0,23.0,28.9,23.4
Chaguanas,2012-10-16,77.8,0.0,15.0,111.1,1009.6,65.3,7.6,244.1,20.9,21270,64052,0,34.0,22.9,28.4,40.6,22.9,32.0,23.7
Chaguanas,2012-10-17,81.5,2.9972,19.5,104.5,1010.5,59.9,7.6,105.5,9.1,21274,64023,1,33.9,24.9,28.3,40.6,24.9,31.7,24.6
Chaguanas,2012-10-18,82.4,0.508,23.0,96.3,1010.4,65.0,7.4,132.3,11.6,21279,63995,1,34.0,24.0,27.6,40.6,24.0,30.8,24.2
Chaguanas,2012-10-19,82.6,0.9905999999999999,20.8,104.1,1010.1,81.1,6.9,156.5,13.5,21284,63967,1,32.0,24.7,27.6,37.9,24.7,30.8,24.3
Chaguanas,2012-10-20,76.3,0.0,15.0,119.4,1010.2,81.4,7.5,236.2,20.4,21290,63941,0,34.1,25.0,28.9,42.2,25.0,32.3,23.9
Chaguanas,2012-10-21,77.2,0.0,16.1,114.3,1009.5,52.7,8.2,246.7,21.3,21297,63915,0,34.0,24.1,28.7,47.1,24.1,32.3,24.0
Chaguanas,2012-10-22,79.1,0.0,17.2,103.9,1009.7,40.7,8.5,213.3,18.2,21304,63890,0,32.0,24.9,27.6,36.8,24.9,30.1,23.5
Chaguanas,2012-10-23,73.1,0.0,18.3,109.7,1008.9,42.3,7.7,243.8,21.0,21312,63865,0,33.8,24.7,28.8,38.5,24.7,31.7,23.2
Chaguanas,2012-10-24,82.0,0.508,18.3,110.7,1009.3,44.7,7.0,165.5,14.2,21320,63842,1,33.0,25.9,28.3,40.6,25.9,31.7,24.8
Chaguanas,2012-10-25,82.2,0.7874,19.5,105.4,1009.8,73.7,7.9,132.3,11.4,21329,63819,1,34.0,24.9,28.1,40.6,24.9,31.6,24.6
Chaguanas,2012-10-26,78.6,0.7874,13.9,121.3,1010.2,74.5,7.3,198.5,17.1,21339,63797,1,33.8,24.0,28.5,40.6,24.0,32.3,24.2
Chaguanas,2012-10-27,78.2,0.0,13.9,112.7,1010.4,59.3,8.3,227.3,19.7,21349,63776,0,34.0,25.0,29.0,42.0,25.0,32.8,24.4
Chaguanas,2012-10-28,76.2,0.0,13.9,113.6,1010.5,49.7,8.3,259.1,22.2,21360,63756,0,34.1,25.7,29.1,40.7,25.7,32.9,24.2
Chaguanas,2012-10-29,76.8,0.0,16.1,110.8,1011.3,37.2,7.9,257.0,22.3,21372,63737,0,35.0,25.0,29.1,43.3,25.0,33.3,24.4
Chaguanas,2012-10-30,76.2,0.0,17.2,104.1,1011.7,34.4,7.8,232.5,19.9,21384,63719,0,34.0,25.0,28.9,42.4,25.0,32.4,23.9
Chaguanas,2012-10-31,76.0,0.0,15.0,111.6,1011.4,68.5,7.6,240.7,20.8,21397,63702,0,33.0,24.0,28.2,38.2,24.0,30.7,23.3
Chaguanas,2012-11-01,81.3,15.011399999999998,11.4,352.9,1010.9,77.1,7.7,227.5,19.6,21410,63685,1,33.0,23.0,27.4,42.2,23.0,30.1,23.7
Chaguanas,2012-11-02,73.1,0.0,15.0,72.5,1010.7,74.8,7.8,250.2,21.7,21424,63670,0,33.0,24.0,28.2,39.3,24.0,30.0,22.4
Chaguanas,2012-11-03,75.7,0.0,16.1,121.3,1011.4,73.5,7.8,248.0,21.5,21439,63656,0,34.0,23.0,28.1,39.4,23.0,30.9,23.1
Chaguanas,2012-11-04,87.7,4.013199999999999,16.1,106.3,1011.4,89.2,7.1,137.6,11.9,21455,63642,1,30.0,25.0,26.4,35.1,25.0,27.9,24.2
Chaguanas,2012-11-05,87.7,38.099999999999994,15.0,102.9,1010.7,80.4,5.3,55.8,4.8,21471,63630,1,31.0,24.8,26.8,37.8,24.8,28.6,24.5
Chaguanas,2012-11-06,84.6,126.39039999999999,15.0,103.6,1010.9,79.4,7.1,157.1,13.6,21488,63619,1,32.0,24.0,26.9,37.9,24.0,28.8,23.9
Chaguanas,2012-11-07,77.1,0.0,17.2,113.8,1010.2,40.2,8.4,236.1,20.3,21506,63608,0,33.3,24.2,28.4,38.9,24.2,31.2,23.7
Chaguanas,2012-11-08,89.9,29.9974,11.4,147.5,1010.5,63.4,7.0,172.2,14.7,21524,63599,1,30.0,24.0,25.6,35.1,24.0,26.5,23.8
Chaguanas,2012-11-09,83.6,0.3048,11.4,132.1,1009.5,73.5,6.9,105.8,9.1,21543,63591,1,33.0,24.0,27.5,39.3,24.0,30.3,24.3
Chaguanas,2012-11-10,85.0,0.1016,16.1,93.2,1009.7,67.0,7.2,178.8,15.5,21562,63583,1,30.8,24.0,26.8,37.1,24.0,29.3,24.0
Chaguanas,2012-11-11,79.2,0.508,17.2,92.9,1009.9,74.7,7.5,195.6,16.7,21583,63577,1,33.1,24.7,28.1,39.5,24.7,30.9,23.8
Chaguanas,2012-11-12,76.9,0.0,12.8,109.2,1010.0,68.8,7.7,224.5,19.5,21604,63572,0,34.0,24.1,28.3,39.4,24.1,31.1,23.6
Chaguanas,2012-11-13,84.7,0.0,17.2,104.8,1010.0,75.5,7.6,154.2,13.3,21625,63568,0,32.1,24.8,27.3,39.3,24.8,29.9,24.4
Chaguanas,2012-11-14,79.2,0.3048,17.2,112.0,1010.1,64.7,7.9,179.7,15.4,21647,63565,1,33.7,25.0,28.6,40.7,25.0,32.4,24.4
Chaguanas,2012-11-15,84.6,7.112,13.9,151.1,1009.8,58.8,6.7,215.4,18.5,21670,63564,1,32.0,25.0,27.2,40.7,25.0,29.2,24.2
Chaguanas,2012-11-16,86.7,23.9014,13.9,119.7,1010.4,68.1,7.3,219.7,18.9,21694,63563,1,31.1,24.0,26.7,36.7,24.0,28.4,24.1
Chaguanas,2012-11-17,80.4,0.0,16.1,108.2,1011.5,64.7,7.8,219.5,19.0,21718,63563,0,33.0,24.0,28.2,40.6,24.0,31.7,24.2
Chaguanas,2012-11-18,77.8,0.508,11.4,111.9,1011.7,59.2,7.7,201.3,17.3,21742,63565,1,33.0,25.0,28.6,39.3,25.0,31.7,24.1
Chaguanas,2012-11-19,80.4,0.0,18.3,100.5,1010.9,72.2,7.4,212.4,18.5,21767,63567,0,33.0,25.0,27.8,39.3,25.0,30.6,23.9
Chaguanas,2012-11-20,79.6,0.9905999999999999,23.0,99.2,1009.6,62.5,7.1,257.4,22.3,21793,63571,1,32.1,25.0,27.8,36.9,25.0,30.7,23.8
Chaguanas,2012-11-21,77.1,0.0,15.0,116.4,1010.0,45.3,8.1,255.4,22.3,21819,63576,0,33.0,25.0,28.6,40.6,25.0,32.2,24.0
Chaguanas,2012-11-22,77.3,0.0,15.0,117.4,1010.9,60.3,7.8,249.7,21.6,21846,63581,0,34.0,24.8,28.7,40.6,24.8,32.0,24.0
Chaguanas,2012-11-23,75.7,0.0,17.2,108.7,1011.4,37.7,7.9,262.0,22.5,21873,63588,0,33.1,25.0,28.4,37.2,25.0,31.2,23.4
Chaguanas,2012-11-24,81.9,2.0065999999999997,18.3,102.0,1010.6,82.0,6.6,115.4,10.0,21901,63596,1,32.1,25.8,27.7,37.6,25.8,29.9,24.1
Chaguanas,2012-11-25,85.6,9.194799999999999,16.1,113.0,1011.4,83.5,6.7,173.8,14.9,21929,63605,1,31.1,24.9,27.1,37.8,24.9,29.3,24.3
Chaguanas,2012-11-26,80.7,11.6078,20.8,104.2,1012.2,58.8,6.8,237.7,20.6,21958,63615,1,31.1,24.2,27.8,37.8,24.2,30.7,23.9
Chaguanas,2012-11-27,78.9,4.013199999999999,13.9,91.3,1011.6,49.5,7.2,255.5,22.1,21987,63626,1,32.9,24.8,27.7,38.2,24.8,30.1,23.5
Chaguanas,2012-11-28,78.1,1.778,16.1,97.1,1010.7,52.2,7.4,246.0,21.2,22017,63638,1,32.0,24.2,27.7,36.4,24.2,29.9,23.2
Chaguanas,2012-11-29,76.5,0.1016,15.0,111.3,1010.5,64.9,7.6,250.9,21.7,22047,63651,1,33.0,24.6,28.1,40.4,24.6,30.5,23.3
Chaguanas,2012-11-30,82.1,11.9126,13.9,117.5,1010.5,85.7,7.1,185.2,16.1,22077,63665,1,32.0,24.0,26.6,36.7,24.0,27.9,23.1
Chaguanas,2012-12-01,92.1,3.302,12.1,69.9,1010.4,89.3,6.2,85.0,7.2,22107,63680,1,26.9,24.0,25.0,30.0,24.0,25.2,23.6
Chaguanas,2012-12-02,89.2,33.2994,5.8,360.0,1010.3,94.2,7.1,129.9,11.5,22138,63696,1,28.0,23.9,25.5,31.9,23.9,26.6,23.5
Chaguanas,2012-12-03,84.3,0.3048,12.8,35.1,1010.1,81.5,7.9,100.3,8.5,22169,63713,1,31.1,22.9,26.2,35.6,22.9,28.1,23.2
Chaguanas,2012-12-04,83.1,0.0,10.3,119.7,1011.2,87.9,7.7,114.3,9.8,22200,63731,0,32.1,24.0,26.9,38.1,24.0,28.9,23.7
Chaguanas,2012-12-05,80.5,0.0,12.8,112.5,1010.4,78.4,7.4,207.0,18.0,22232,63750,0,33.0,23.9,27.4,39.3,23.9,29.9,23.6
Chaguanas,2012-12-06,79.9,2.0065999999999997,16.1,101.5,1009.8,71.5,7.4,236.6,20.4,22263,63769,1,33.0,23.8,27.1,39.3,23.8,29.0,23.1
Chaguanas,2012-12-07,85.9,23.114,17.2,104.5,1010.3,86.1,6.7,109.7,9.5,22295,63790,1,31.1,24.0,26.8,37.8,24.0,29.3,24.1
Chaguanas,2012-12-08,87.4,10.2108,18.3,109.2,1011.8,72.8,6.5,162.2,14.0,22327,63811,1,31.0,25.0,27.0,37.8,25.0,29.6,24.7
Chaguanas,2012-12-09,83.1,2.0065999999999997,17.2,101.5,1012.1,74.4,6.6,150.3,13.0,22359,63833,1,32.1,24.8,27.6,39.2,24.8,30.4,24.3
Chaguanas,2012-12-10,87.7,13.0048,11.4,105.0,1010.5,78.2,6.1,131.4,11.6,22390,63856,1,30.1,25.0,26.7,35.8,25.0,28.3,24.3
Chaguanas,2012-12-11,86.6,2.0065999999999997,15.0,103.1,1010.5,64.4,7.1,235.3,20.3,22422,63880,1,31.2,23.9,26.2,36.6,23.9,27.8,23.7
Chaguanas,2012-12-12,86.7,14.1986,18.3,104.2,1011.0,61.7,7.0,223.5,19.2,22454,63904,1,30.9,23.9,26.4,36.3,23.9,28.0,23.9
Chaguanas,2012-12-13,78.9,2.0065999999999997,18.3,103.5,1010.0,56.4,7.4,236.1,20.4,22486,63929,1,31.8,24.0,27.2,35.5,24.0,28.9,22.9
Chaguanas,2012-12-14,79.0,0.0,18.3,101.5,1010.0,70.0,7.4,237.4,20.5,22518,63955,0,31.2,23.0,26.4,34.7,23.0,27.9,22.2
Chaguanas,2012-12-15,80.0,0.0,11.4,96.1,1010.9,82.9,7.8,242.5,20.9,22549,63982,0,33.0,23.9,26.6,37.1,23.9,27.8,22.6
Chaguanas,2012-12-16,75.8,0.0,6.9,73.1,1011.3,81.5,8.2,192.8,16.8,22580,64009,0,31.1,23.0,26.7,35.6,23.0,28.2,21.8
Chaguanas,2012-12-17,80.3,13.0048,13.9,120.9,1012.0,77.4,7.8,200.8,17.3,22612,64036,1,32.0,22.8,26.7,36.8,22.8,28.3,22.8
Chaguanas,2012-12-18,88.9,12.420599999999999,11.4,101.6,1011.2,84.5,6.4,179.3,15.5,22643,64065,1,28.0,24.0,25.6,32.7,24.0,26.1,23.6
Chaguanas,2012-12-19,83.3,5.308599999999999,20.8,94.9,1010.7,87.8,6.9,129.2,11.2,22673,64093,1,31.0,23.1,26.4,35.5,23.1,27.9,23.2
Chaguanas,2012-12-20,84.4,11.9888,12.8,91.0,1010.5,76.4,7.9,163.5,14.1,22703,64123,1,32.1,24.0,26.6,36.9,24.0,28.3,23.6
Chaguanas,2012-12-21,87.6,2.4892,13.9,105.6,1010.9,80.9,6.9,114.9,10.0,22733,64152,1,30.6,24.0,26.1,35.1,24.0,27.0,23.7
Chaguanas,2012-12-22,79.9,0.0,18.3,111.2,1011.1,65.7,7.2,212.8,18.3,22763,64182,0,32.1,25.0,27.6,36.9,25.0,29.8,23.6
Chaguanas,2012-12-23,79.9,0.3048,23.0,106.6,1011.6,92.0,7.2,154.4,13.6,22792,64213,1,31.0,25.0,27.3,35.5,25.0,28.9,23.4
Chaguanas,2012-12-24,87.2,2.9972,12.8,118.9,1011.8,89.4,7.0,106.9,9.3,22821,64244,1,28.0,24.0,25.8,31.9,24.0,26.6,23.5
Chaguanas,2012-12-25,91.5,26.212799999999998,10.3,114.1,1012.4,92.6,6.0,193.2,16.6,22849,64275,1,25.1,23.0,24.6,25.1,23.0,24.6,23.1
Chaguanas,2012-12-26,79.3,0.2032,23.0,111.3,1012.7,61.1,7.4,236.7,20.4,22877,64307,1,32.0,24.0,27.3,36.8,24.0,29.2,23.2
Chaguanas,2012-12-27,76.9,0.1016,20.8,109.3,1012.5,50.2,7.7,244.2,21.2,22904,64339,1,30.2,23.7,26.8,33.3,23.7,28.0,22.2
Chaguanas,2012-12-28,75.1,0.9905999999999999,23.0,102.0,1012.4,62.8,7.6,240.4,20.7,22931,64371,1,31.1,24.2,27.2,33.6,24.2,28.4,22.1
Chaguanas,2012-12-29,74.5,2.0065999999999997,17.2,102.1,1012.4,50.3,7.7,235.3,20.2,22957,64403,1,31.6,23.9,27.2,34.7,23.9,28.7,21.9
Chaguanas,2012-12-30,84.1,3.9878,23.0,97.0,1013.4,58.8,7.1,216.5,18.7,22982,64435,1,30.7,24.0,26.5,35.4,24.0,28.1,23.4
Chaguanas,2012-12-31,77.3,2.0065999999999997,18.3,104.1,1013.5,42.3,7.6,233.0,20.2,23007,64468,1,31.2,24.0,26.9,34.7,24.0,28.3,22.3
Chaguanas,2013-01-01,77.5,0.0,16.1,105.1,1013.2,36.0,7.9,255.6,22.1,23031,64500,0,31.1,22.9,26.4,37.9,22.9,27.7,21.9
Chaguanas,2013-01-02,83.7,3.9878,18.3,106.4,1013.2,65.7,7.2,246.1,21.3,23054,64533,1,29.0,23.0,25.3,31.4,23.0,25.9,22.2
Chaguanas,2013-01-03,79.7,0.0,18.3,92.8,1014.2,64.2,7.0,225.7,19.5,23077,64566,0,30.7,22.2,26.1,34.0,22.2,27.2,22.1
Chaguanas,2013-01-04,74.5,0.1016,23.0,90.0,1015.4,63.4,7.2,247.2,21.3,23099,64598,1,31.0,24.0,27.1,33.8,24.0,28.2,21.9
Chaguanas,2013-01-05,86.7,11.8872,17.2,107.1,1015.2,63.4,6.5,241.5,20.8,23120,64631,1,29.2,23.6,25.4,32.3,23.6,26.2,22.9
Chaguanas,2013-01-06,81.7,6.095999999999999,23.0,101.9,1013.6,56.4,7.3,197.2,17.1,23140,64663,1,30.0,23.8,26.1,33.3,23.8,27.3,22.6
Chaguanas,2013-01-07,87.9,39.80179999999999,18.3,95.6,1013.3,82.4,5.1,254.7,22.0,23159,64696,1,28.1,23.1,24.9,32.1,23.1,25.4,22.7
Chaguanas,2013-01-08,82.9,9.0932,25.3,97.9,1013.9,66.3,6.5,249.2,21.6,23178,64728,1,30.0,23.2,25.7,32.6,23.2,26.7,22.4
Chaguanas,2013-01-09,80.0,2.3114,20.8,108.0,1014.6,57.5,7.0,254.8,22.0,23196,64760,1,30.2,23.0,25.8,33.3,23.0,26.6,21.8
Chaguanas,2013-01-10,74.2,0.0,16.1,100.2,1014.1,58.7,7.6,249.5,21.6,23212,64792,0,29.2,23.3,26.0,32.1,23.3,26.9,20.9
Chaguanas,2013-01-11,86.5,0.0,20.8,94.2,1012.0,65.7,7.0,224.2,19.3,23228,64824,0,29.0,22.8,24.9,32.8,22.8,25.6,22.4
Chaguanas,2013-01-12,78.0,0.9905999999999999,18.3,97.8,1011.1,64.6,8.2,236.4,20.5,23243,64855,1,31.1,23.0,26.2,34.7,23.0,27.3,21.8
Chaguanas,2013-01-13,83.5,0.0,11.4,97.9,1012.5,60.3,7.9,251.1,21.8,23257,64886,0,30.1,21.0,25.0,33.4,21.0,25.8,21.8
Chaguanas,2013-01-14,74.6,0.0,15.0,106.3,1013.0,64.4,8.0,258.9,22.4,23270,64917,0,31.1,21.9,26.2,33.8,21.9,27.2,21.0
Chaguanas,2013-01-15,73.2,0.0,13.9,87.5,1012.4,57.6,8.1,236.5,20.6,23282,64948,0,31.0,23.0,25.9,33.1,23.0,26.7,20.6
Chaguanas,2013-01-16,73.4,0.0,23.0,96.1,1012.2,62.2,8.1,237.4,20.5,23293,64978,0,31.1,23.9,26.6,34.6,23.9,27.8,21.3
Chaguanas,2013-01-17,79.3,0.0,16.1,94.8,1013.5,51.4,7.6,246.4,21.5,23303,65008,0,30.1,22.0,25.4,33.3,22.0,26.1,21.4
Chaguanas,2013-01-18,75.1,0.0,13.9,111.2,1014.1,58.3,8.1,245.3,21.3,23312,65037,0,32.1,22.0,26.3,35.9,22.0,27.4,21.1
Chaguanas,2013-01-19,75.1,0.0,67.4,113.5,1013.7,84.8,7.7,226.6,19.6,23320,65066,0,31.1,21.8,26.3,34.0,21.8,27.4,21.2
Chaguanas,2013-01-20,74.5,0.0,18.3,111.3,1013.3,40.4,8.3,269.8,23.3,23327,65094,0,31.1,22.0,26.3,33.8,22.0,27.3,21.0
Chaguanas,2013-01-21,76.5,0.0,18.3,103.6,1013.1,42.5,8.7,268.1,23.1,23333,65122,0,32.0,22.1,26.6,34.7,22.1,27.7,21.7
Chaguanas,2013-01-22,76.6,0.0,17.2,106.4,1014.0,34.6,7.2,253.6,21.8,23338,65150,0,31.2,23.8,26.7,35.3,23.8,27.8,21.9
Chaguanas,2013-01-23,76.5,2.9972,18.3,100.2,1014.6,42.5,7.1,259.7,22.5,23342,65177,1,31.0,23.0,26.1,33.8,23.0,26.9,21.4
Chaguanas,2013-01-24,84.9,2.2859999999999996,16.1,108.1,1014.6,74.6,6.3,252.2,21.8,23344,65203,1,29.9,22.6,25.1,33.1,22.6,25.9,22.2
Chaguanas,2013-01-25,78.3,2.5907999999999998,18.3,99.4,1014.5,81.4,7.1,264.0,22.8,23346,65229,1,31.0,23.1,26.4,33.8,23.1,27.4,22.0
Chaguanas,2013-01-26,76.9,2.0065999999999997,25.3,105.2,1014.4,67.2,7.6,260.0,22.4,23347,65255,1,31.0,23.0,26.5,33.8,23.0,27.6,21.8
Chaguanas,2013-01-27,80.7,0.0,18.3,100.3,1015.0,58.2,7.7,259.7,22.5,23347,65279,0,30.6,23.3,25.9,33.7,23.3,26.6,22.2
Chaguanas,2013-01-28,78.5,0.1016,17.2,91.9,1015.6,70.4,7.9,248.8,21.5,23345,65304,1,30.7,23.0,26.0,32.8,23.0,26.9,21.8
Chaguanas,2013-01-29,75.4,0.8128,23.0,73.0,1014.4,66.9,7.1,227.3,19.5,23343,65327,1,30.1,23.8,26.3,32.4,23.8,26.9,21.4
Chaguanas,2013-01-30,75.4,0.0,16.1,92.3,1013.7,69.5,7.9,259.3,22.5,23339,65350,0,31.1,23.0,26.3,33.8,23.0,27.2,21.3
Chaguanas,2013-01-31,76.6,1.4986,23.0,97.0,1013.5,58.1,7.1,271.9,23.6,23335,65373,1,30.1,23.0,25.7,31.7,23.0,26.3,20.9
Chaguanas,2013-02-01,71.1,0.0,20.8,96.6,1012.9,34.9,7.4,280.6,24.2,23329,65394,0,31.0,23.0,26.1,32.6,23.0,26.7,20.2
Chaguanas,2013-02-02,76.2,0.0,15.0,103.1,1013.1,52.9,7.6,279.8,24.0,23323,65415,0,32.0,20.8,25.6,34.2,20.8,26.4,20.7
Chaguanas,2013-02-03,69.8,0.3048,17.2,97.5,1012.5,63.5,7.9,265.1,22.7,23315,65436,1,31.1,23.2,26.7,33.8,23.2,27.4,20.4
Chaguanas,2013-02-04,70.7,0.0,13.9,99.9,1011.9,41.3,8.1,271.6,23.3,23307,65456,0,31.7,21.0,25.8,33.1,21.0,26.4,19.6
Chaguanas,2013-02-05,76.3,0.0,17.2,92.5,1012.1,77.6,7.6,206.7,17.8,23297,65475,0,30.1,22.0,26.0,33.4,22.0,27.2,21.4
Chaguanas,2013-02-06,80.2,0.3048,21.9,94.4,1012.3,69.0,7.2,245.5,21.1,23286,65494,1,30.1,23.1,26.1,33.4,23.1,27.0,22.2
Chaguanas,2013-02-07,77.2,2.3114,19.5,98.8,1012.1,53.2,7.4,264.0,22.7,23275,65512,1,31.1,23.0,26.6,33.8,23.0,27.7,21.9
Chaguanas,2013-02-08,77.2,2.0065999999999997,19.5,104.1,1012.1,54.6,7.5,275.4,23.9,23262,65529,1,31.0,22.945833333333336,25.3,33.1,22.945833333333336,26.3,21.4
Chaguanas,2013-02-09,76.8,0.0,23.0,101.4,1012.3,34.8,7.8,281.0,24.2,23249,65546,0,32.1,21.0,26.1,35.0,21.0,27.2,21.3
Chaguanas,2013-02-10,80.3,0.0,18.3,92.7,1012.8,58.8,7.9,228.3,19.7,23235,65562,0,29.8,24.0,26.0,32.9,24.0,27.2,22.2
Chaguanas,2013-02-11,68.5,0.0,25.4,84.2,1013.4,61.6,7.2,276.7,24.0,23219,65577,0,32.0,24.0,26.8,33.5,24.0,27.6,20.3
Chaguanas,2013-02-12,65.0,0.0,19.5,100.4,1013.4,63.4,7.4,293.6,25.3,23203,65592,0,31.2,22.1,26.6,32.9,22.1,27.1,19.1
Chaguanas,2013-02-13,73.4,0.7874,16.1,101.1,1013.2,51.2,7.3,291.5,25.3,23186,65606,1,31.6,22.0,26.3,33.4,22.0,27.2,20.8
Chaguanas,2013-02-14,73.9,0.0,19.5,102.9,1013.8,39.9,7.6,279.5,24.0,23168,65620,0,31.1,22.0,26.5,41.1,22.0,27.7,21.2
Chaguanas,2013-02-15,71.9,0.0,18.3,101.5,1014.2,33.1,7.3,282.6,24.4,23149,65633,0,31.0,22.0,26.4,32.4,22.0,27.1,20.5
Chaguanas,2013-02-16,72.5,0.0,18.3,99.7,1013.3,48.4,7.5,269.2,23.2,23129,65645,0,31.0,23.1,26.4,33.2,23.1,27.2,20.8
Chaguanas,2013-02-17,72.6,0.3048,21.9,106.8,1013.3,47.9,7.3,285.8,24.7,23109,65657,1,31.1,23.7,26.8,33.8,23.7,27.8,21.2
Chaguanas,2013-02-18,75.3,0.0,23.0,94.7,1013.5,45.4,5.7,273.2,23.6,23087,65668,0,31.1,24.7,27.3,34.9,24.7,28.7,22.3
Chaguanas,2013-02-19,73.3,0.0,21.9,94.4,1013.5,40.6,6.9,277.8,23.9,23065,65678,0,31.0,23.0,26.7,33.8,23.0,27.9,21.4
Chaguanas,2013-02-20,73.7,0.0,18.3,97.2,1012.5,47.5,7.1,272.1,23.5,23042,65688,0,31.0,24.0,26.8,33.8,24.0,27.8,21.4
Chaguanas,2013-02-21,74.8,0.3048,17.2,97.6,1012.0,46.0,6.8,288.9,24.9,23019,65698,1,31.7,24.0,26.9,34.2,24.0,28.0,21.7
Chaguanas,2013-02-22,77.2,0.0,18.1,88.9,1012.6,46.9,7.2,241.2,20.7,22994,65706,0,32.0,22.9,26.6,34.9,22.9,27.7,22.0
Chaguanas,2013-02-23,74.6,0.0,18.3,105.7,1012.5,64.7,6.9,287.8,25.0,22969,65715,0,32.1,22.1,26.8,35.9,22.1,28.1,21.6
Chaguanas,2013-02-24,70.3,0.0,18.3,112.8,1012.3,58.6,7.5,287.9,25.0,22944,65723,0,32.1,23.6,27.2,34.3,23.6,28.1,20.9
Chaguanas,2013-02-25,73.5,0.0,20.8,103.1,1012.2,39.2,7.8,287.4,24.8,22917,65730,0,31.1,23.0,26.8,33.8,23.0,28.2,21.4
Chaguanas,2013-02-26,74.8,0.0,20.8,105.2,1013.0,48.4,6.7,279.4,24.2,22890,65737,0,31.1,24.7,27.4,34.6,24.7,29.1,22.4
Chaguanas,2013-02-27,72.2,0.0,23.0,105.2,1013.5,60.9,6.6,284.9,24.5,22862,65743,0,32.1,25.2,27.7,35.0,25.2,29.2,22.0
Chaguanas,2013-02-28,69.2,0.0,17.2,105.2,1013.0,66.8,7.6,294.5,25.5,22834,65749,0,32.1,24.0,27.4,34.3,24.0,28.3,20.8
Chaguanas,2013-03-01,72.3,0.0,18.3,109.5,1011.9,84.5,7.3,274.8,23.8,22805,65754,0,31.1,23.0,26.8,33.3,23.0,27.7,21.1
Chaguanas,2013-03-02,71.5,0.0,17.2,112.5,1012.3,62.1,7.6,289.0,24.9,22776,65759,0,31.2,23.0,26.8,33.4,23.0,27.8,20.9
Chaguanas,2013-03-03,73.8,0.0,21.9,100.2,1013.6,41.3,6.6,299.3,25.8,22746,65764,0,32.2,22.1,26.7,34.2,22.1,27.8,21.3
Chaguanas,2013-03-04,74.4,0.0,17.2,113.2,1013.8,64.4,7.5,280.9,24.2,22715,65768,0,32.3,23.0,27.2,35.1,23.0,28.6,21.9
Chaguanas,2013-03-05,76.0,0.0,18.3,105.6,1014.0,76.4,7.3,274.3,23.7,22684,65771,0,32.1,23.0,27.3,35.9,23.0,28.8,22.3
Chaguanas,2013-03-06,73.4,0.0,20.8,103.3,1014.4,67.9,7.2,287.0,24.8,22653,65775,0,32.1,22.7,27.1,35.0,22.7,28.3,21.6
Chaguanas,2013-03-07,72.9,0.0,18.3,103.7,1014.8,57.3,7.5,300.4,25.9,22621,65778,0,32.8,23.0,27.3,35.8,23.0,28.6,21.5
Chaguanas,2013-03-08,75.0,0.0,16.1,104.0,1014.4,47.0,7.4,301.7,26.2,22589,65780,0,32.0,22.0,27.0,34.9,22.0,28.4,21.8
Chaguanas,2013-03-09,73.2,0.0,19.5,103.3,1013.3,43.4,7.1,305.7,26.3,22556,65783,0,31.7,23.6,27.2,34.6,23.6,28.5,21.7
Chaguanas,2013-03-10,73.1,0.0,17.2,100.3,1012.2,70.4,7.4,290.5,25.2,22523,65785,0,33.0,22.8,27.7,36.4,22.8,29.6,22.1
Chaguanas,2013-03-11,75.7,0.0,20.8,108.3,1011.4,74.2,7.4,246.3,21.3,22490,65787,0,33.0,25.0,28.1,38.1,25.0,30.5,23.2
Chaguanas,2013-03-12,72.4,0.0,24.2,95.5,1012.2,79.9,7.3,262.7,22.7,22456,65788,0,31.8,25.7,28.1,35.9,25.7,30.1,22.4
Chaguanas,2013-03-13,73.7,0.0,23.0,97.9,1012.1,79.6,7.3,280.2,24.2,22422,65789,0,32.1,24.9,27.9,35.8,24.9,29.8,22.5
Chaguanas,2013-03-14,82.0,0.9905999999999999,23.0,94.1,1011.6,83.7,6.8,297.5,25.8,22388,65790,1,31.1,23.9,26.3,35.6,23.9,27.4,22.8
Chaguanas,2013-03-15,81.7,3.6067999999999993,18.3,92.7,1011.7,89.5,7.0,266.5,23.1,22353,65791,1,30.1,23.0,26.3,33.4,23.0,27.7,22.7
Chaguanas,2013-03-16,75.0,0.9905999999999999,23.0,88.1,1012.4,83.1,7.7,309.0,26.5,22318,65792,1,32.1,24.6,27.5,35.0,24.6,28.9,22.4
Chaguanas,2013-03-17,67.8,0.0,18.3,98.6,1013.8,89.7,8.3,304.8,26.3,22283,65792,0,33.1,23.8,27.6,36.2,23.8,28.8,20.8
Chaguanas,2013-03-18,72.0,0.0,17.2,100.8,1013.5,89.5,7.8,301.4,26.0,22248,65792,0,31.1,23.0,26.9,33.8,23.0,28.3,21.3
Chaguanas,2013-03-19,72.1,0.0,16.1,105.7,1012.2,84.0,7.5,293.4,25.5,22213,65792,0,32.1,23.0,27.2,34.3,23.0,28.4,21.4
Chaguanas,2013-03-20,73.8,0.0,18.3,112.4,1011.4,83.1,8.1,294.0,25.4,22177,65792,0,32.1,24.0,27.6,35.0,24.0,29.0,22.2
Chaguanas,2013-03-21,72.7,0.0,18.3,103.7,1011.4,81.5,7.6,293.6,25.5,22142,65792,0,33.0,25.0,28.1,36.2,25.0,29.9,22.4
Chaguanas,2013-03-22,72.5,0.0,20.8,88.8,1012.5,65.8,7.5,283.4,24.7,22106,65792,0,32.2,25.0,28.5,36.9,25.0,31.1,22.8
Chaguanas,2013-03-23,71.2,0.0,23.0,86.0,1013.1,66.0,7.1,300.6,25.8,22071,65791,0,32.1,25.0,28.2,35.0,25.0,30.0,22.2
Chaguanas,2013-03-24,70.5,0.0,17.2,93.3,1012.3,78.5,7.4,309.2,26.9,22035,65791,0,32.1,24.0,27.9,34.3,24.0,28.9,21.5
Chaguanas,2013-03-25,68.5,0.0,23.0,98.4,1011.9,74.1,7.3,308.6,26.7,21999,65790,0,32.1,24.9,27.8,33.6,24.9,28.9,21.1
Chaguanas,2013-03-26,70.3,0.0,20.8,108.7,1013.4,46.1,7.4,300.3,25.9,21963,65790,0,32.3,24.0,27.4,34.6,24.0,28.5,21.2
Chaguanas,2013-03-27,80.6,37.1094,16.6,99.4,1013.3,62.0,7.5,288.2,24.9,21928,65789,1,29.8,25.0,26.9,33.8,25.0,28.5,23.2
Chaguanas,2013-03-28,75.9,0.0,19.5,99.4,1013.0,46.6,7.2,300.7,25.8,21892,65789,0,32.7,24.2,27.8,36.8,24.2,29.6,22.9
Chaguanas,2013-03-29,72.4,0.0,17.2,105.8,1014.2,45.1,7.3,292.8,25.3,21856,65788,0,33.0,24.8,28.3,35.3,24.8,30.2,22.4
Chaguanas,2013-03-30,68.9,0.0,18.3,103.7,1015.5,40.5,8.2,295.7,25.4,21821,65788,0,33.1,25.0,28.4,36.2,25.0,30.0,21.8
Chaguanas,2013-03-31,68.4,0.0,19.5,106.8,1015.5,37.6,7.9,304.6,26.3,21785,65788,0,32.1,23.1,27.5,33.1,23.1,28.4,20.7
Chaguanas,2013-04-01,70.2,0.0,23.0,111.2,1014.8,42.7,7.5,306.2,26.6,21750,65787,0,31.2,23.8,27.5,33.8,23.8,28.9,21.3
Chaguanas,2013-04-02,71.0,0.0,20.6,95.5,1014.3,38.1,6.0,295.0,25.4,21715,65787,0,29.7,24.9,27.6,32.3,24.9,29.2,21.7
Chaguanas,2013-04-03,73.2,0.0,17.4,95.2,1014.0,33.2,6.7,305.9,26.4,21680,65787,0,29.8,24.1,27.3,32.8,24.1,28.4,21.8
Chaguanas,2013-04-04,74.5,0.0,18.3,95.6,1014.3,62.6,6.6,297.9,25.9,21645,65787,0,32.1,24.0,27.2,35.0,24.0,28.4,21.8
Chaguanas,2013-04-05,68.8,0.0,23.0,102.2,1014.0,49.9,6.7,311.4,27.0,21611,65787,0,33.1,25.0,27.9,35.4,25.0,29.2,21.4
Chaguanas,2013-04-06,71.6,0.0,23.0,103.0,1013.9,43.6,6.7,298.3,25.8,21576,65788,0,33.1,25.0,27.9,36.2,25.0,29.5,22.0
Chaguanas,2013-04-07,70.5,0.0,23.0,108.6,1013.6,53.0,6.7,308.1,26.6,21542,65788,0,32.1,25.0,28.3,35.9,25.0,30.0,22.1
Chaguanas,2013-04-08,69.1,0.0,25.4,108.9,1013.1,47.5,7.6,308.5,26.6,21509,65789,0,33.0,24.9,28.2,34.9,24.9,29.4,21.5
Chaguanas,2013-04-09,68.9,0.0,21.9,101.3,1013.2,70.4,7.4,292.7,25.3,21475,65789,0,33.1,24.0,27.9,34.9,24.0,29.0,21.1
Chaguanas,2013-04-10,69.0,0.0,19.5,108.1,1012.9,89.6,6.3,295.8,25.5,21442,65790,0,33.1,23.0,27.6,34.7,23.0,28.6,20.8
Chaguanas,2013-04-11,66.3,0.0,20.8,100.7,1012.4,84.9,7.1,296.2,25.5,21409,65792,0,33.1,22.0,27.5,34.1,22.0,28.3,20.1
Chaguanas,2013-04-12,70.1,0.0,19.5,102.7,1012.3,78.4,7.7,288.7,24.8,21377,65793,0,34.0,24.0,28.2,36.6,24.0,29.7,21.7
Chaguanas,2013-04-13,69.0,0.0,25.3,104.9,1012.6,82.9,7.4,306.0,26.5,21345,65795,0,33.1,25.0,28.7,36.2,25.0,30.1,21.9
Chaguanas,2013-04-14,69.0,0.0,23.0,102.9,1012.5,66.3,7.6,295.0,25.6,21313,65797,0,34.0,24.7,28.6,37.3,24.7,30.4,21.9
Chaguanas,2013-04-15,72.4,0.0,23.0,106.4,1013.3,74.7,7.4,290.0,25.2,21282,65799,0,34.0,25.0,28.7,38.3,25.0,31.2,22.9
Chaguanas,2013-04-16,74.0,2.9972,18.3,107.7,1013.3,84.6,6.5,289.8,25.1,21251,65802,1,34.0,25.0,28.4,38.3,25.0,30.5,22.9
Chaguanas,2013-04-17,72.1,0.0,18.3,112.8,1012.5,69.4,7.2,284.2,24.4,21221,65804,0,34.0,24.9,28.4,37.4,24.9,30.3,22.4
Chaguanas,2013-04-18,70.4,0.0,20.8,105.8,1012.5,61.7,7.1,256.0,22.2,21191,65807,0,33.1,25.0,28.3,36.2,25.0,29.8,21.9
Chaguanas,2013-04-19,70.6,0.508,20.8,96.2,1012.7,79.7,7.1,210.2,18.2,21162,65811,1,34.0,24.8,28.4,36.5,24.8,30.3,22.1
Chaguanas,2013-04-20,72.7,0.0,20.8,97.8,1012.8,88.3,7.1,264.0,22.8,21133,65815,0,32.1,25.8,27.9,35.0,25.8,29.9,22.4
Chaguanas,2013-04-21,74.9,0.3048,16.1,106.1,1012.4,88.6,7.4,230.3,20.0,21105,65819,1,33.0,24.1,27.7,37.1,24.1,29.7,22.6
Chaguanas,2013-04-22,73.1,0.0,13.9,120.5,1011.8,71.7,6.9,262.4,22.5,21077,65823,0,34.1,23.0,27.7,37.4,23.0,29.4,22.1
Chaguanas,2013-04-23,79.0,0.3048,17.2,105.2,1012.3,88.4,7.0,224.4,19.6,21050,65828,1,31.0,24.0,26.9,35.1,24.0,28.6,22.8
Chaguanas,2013-04-24,86.3,2.0065999999999997,16.1,112.7,1012.4,87.8,6.5,245.2,21.3,21024,65833,1,29.3,24.8,26.2,33.6,24.8,27.2,23.6
Chaguanas,2013-04-25,85.1,19.304,13.9,108.1,1012.8,91.1,6.0,201.5,17.4,20998,65838,1,30.0,24.1,26.2,34.2,24.1,27.5,23.4
Chaguanas,2013-04-26,81.4,2.9972,13.9,100.0,1012.5,86.9,7.0,241.9,20.9,20973,65844,1,33.0,24.0,27.2,38.1,24.0,28.4,23.4
Chaguanas,2013-04-27,93.4,74.59979999999999,11.4,101.2,1012.1,92.5,3.8,158.9,13.8,20948,65850,1,25.9,24.0,24.7,25.9,24.0,24.7,23.5
Chaguanas,2013-04-28,85.4,4.495799999999999,11.4,115.4,1011.8,93.1,7.0,218.4,18.8,20924,65856,1,30.1,24.7,26.2,33.7,24.7,27.3,23.4
Chaguanas,2013-04-29,85.5,0.0,12.8,114.9,1011.8,92.6,6.3,260.1,22.3,20900,65863,0,31.1,23.7,26.1,35.6,23.7,27.4,23.3
Chaguanas,2013-04-30,76.2,11.7094,17.2,105.5,1012.3,89.6,8.4,252.5,21.9,20878,65871,1,32.1,24.0,27.6,36.8,24.0,29.8,22.8
Chaguanas,2013-05-01,78.4,0.2032,12.8,122.3,1012.4,84.2,7.5,248.5,21.5,20856,65878,1,33.1,25.0,27.8,37.2,25.0,29.9,23.4
Chaguanas,2013-05-02,74.2,0.0,13.9,121.6,1011.5,75.2,7.9,286.0,24.9,20834,65886,0,33.2,24.2,28.3,39.3,24.2,30.8,22.9
Chaguanas,2013-05-03,78.9,0.1016,13.9,114.1,1011.4,78.3,7.5,274.7,23.6,20814,65895,1,33.3,25.1,28.5,39.6,25.1,32.1,24.3
Chaguanas,2013-05-04,80.9,0.889,10.3,118.1,1011.1,88.2,6.9,178.1,15.4,20794,65903,1,33.0,26.0,28.4,40.6,26.0,32.5,24.7
Chaguanas,2013-05-05,75.9,0.0,16.1,123.6,1011.7,87.1,6.6,287.1,24.8,20774,65913,0,33.0,25.1,28.7,38.1,25.1,31.5,23.7
Chaguanas,2013-05-06,75.6,0.0,17.2,108.5,1013.5,88.1,6.8,291.6,25.2,20756,65922,0,32.1,25.8,28.4,36.9,25.8,30.7,23.4
Chaguanas,2013-05-07,72.3,0.0,16.1,105.0,1014.7,87.9,7.3,293.3,25.2,20738,65932,0,32.2,24.8,27.9,35.9,24.8,29.6,22.2
Chaguanas,2013-05-08,72.9,0.1016,20.8,100.2,1016.1,69.4,6.8,256.8,22.4,20721,65942,1,33.1,24.8,28.5,37.2,24.8,31.1,22.9
Chaguanas,2013-05-09,73.3,0.0,17.2,103.3,1015.8,54.5,7.0,298.9,25.9,20705,65953,0,33.1,24.9,28.2,37.2,24.9,30.4,22.7
Chaguanas,2013-05-10,68.9,0.0,31.3,109.4,1015.0,29.5,7.7,306.9,26.4,20690,65964,0,33.0,23.8,28.1,36.0,23.8,29.6,21.4
Chaguanas,2013-05-11,72.3,0.0,16.1,105.9,1013.4,39.6,7.7,300.0,25.7,20675,65975,0,33.1,24.0,28.2,37.1,24.0,30.1,22.2
Chaguanas,2013-05-12,71.6,0.2032,26.8,102.4,1012.7,74.9,7.6,246.5,21.2,20661,65987,1,33.1,24.6,28.3,37.1,24.6,30.5,22.3
Chaguanas,2013-05-13,72.6,0.0,20.8,108.7,1013.0,63.5,6.8,281.5,24.2,20648,65999,0,33.1,25.0,28.4,37.1,25.0,30.6,22.7
Chaguanas,2013-05-14,79.0,0.9905999999999999,23.0,108.2,1013.1,53.3,6.5,287.2,24.8,20636,66011,1,32.6,25.0,27.8,37.9,25.0,30.1,23.6
Chaguanas,2013-05-15,75.8,2.6923999999999997,23.0,103.2,1012.5,53.8,6.9,285.8,24.6,20624,66024,1,33.1,24.0,28.2,38.2,24.0,30.5,23.2
Chaguanas,2013-05-16,70.8,0.0,18.3,103.3,1012.6,68.6,7.1,284.5,24.4,20614,66037,0,33.1,24.0,28.2,36.8,24.0,30.2,22.1
Chaguanas,2013-05-17,70.9,0.0,18.3,103.4,1013.5,82.9,7.4,262.8,22.9,20604,66051,0,33.7,25.0,28.8,38.1,25.0,31.3,22.7
Chaguanas,2013-05-18,70.5,0.0,18.3,109.6,1014.1,59.5,7.0,277.6,23.9,20595,66064,0,33.2,25.1,28.9,37.6,25.1,31.4,22.7
Chaguanas,2013-05-19,76.3,0.508,17.2,112.4,1013.2,65.4,6.9,201.9,17.5,20586,66078,1,33.1,25.0,28.7,38.2,25.0,31.6,23.8
Chaguanas,2013-05-20,88.8,17.703799999999998,23.6,99.2,1012.8,89.2,5.3,244.3,21.2,20579,66093,1,31.0,24.0,25.6,36.6,24.0,26.1,23.5
Chaguanas,2013-05-21,75.8,0.0,20.8,100.0,1011.9,89.1,6.8,177.9,15.4,20572,66107,0,32.1,25.2,28.1,36.6,25.2,30.4,23.3
Chaguanas,2013-05-22,78.2,0.9905999999999999,15.0,106.2,1012.1,83.4,7.3,265.4,23.1,20566,66122,1,33.0,24.9,27.4,37.1,24.9,28.8,22.9
Chaguanas,2013-05-23,75.2,0.1016,16.1,97.0,1013.1,88.3,7.5,269.7,23.3,20561,66137,1,33.0,24.1,27.8,37.1,24.1,29.8,22.7
Chaguanas,2013-05-24,78.0,2.9972,13.9,103.0,1013.3,83.8,7.0,291.8,25.3,20557,66152,1,33.1,23.8,27.3,36.2,23.8,28.9,22.8
Chaguanas,2013-05-25,83.8,10.0076,15.0,108.8,1013.5,87.9,7.1,225.6,19.5,20554,66167,1,32.1,24.8,27.2,38.1,24.8,29.9,24.1
Chaguanas,2013-05-26,86.2,16.002,18.3,104.2,1013.2,91.2,6.5,103.7,9.0,20551,66183,1,28.1,25.0,26.6,32.8,25.0,28.2,24.1
Chaguanas,2013-05-27,89.8,28.498800000000003,17.2,100.6,1013.1,89.0,5.7,104.4,9.1,20549,66199,1,28.0,24.0,26.1,32.7,24.0,27.0,24.2
Chaguanas,2013-05-28,87.4,38.4048,16.1,93.2,1013.0,92.0,5.2,132.5,11.4,20548,66215,1,31.3,24.0,26.7,37.9,24.0,28.6,24.3
Chaguanas,2013-05-29,80.3,2.0065999999999997,19.7,92.3,1012.4,89.5,5.4,119.0,10.2,20547,66231,1,31.6,25.0,27.9,37.1,25.0,30.7,24.1
Chaguanas,2013-05-30,77.1,0.4064,23.0,87.6,1013.1,88.1,5.4,105.0,9.1,20548,66247,1,32.0,26.0,28.4,36.8,26.0,31.6,23.8
Chaguanas,2013-05-31,77.2,2.1082,18.3,88.9,1013.3,88.4,5.5,172.9,14.9,20549,66263,1,31.7,26.0,28.2,36.9,26.0,31.6,23.7
Chaguanas,2013-06-01,75.5,0.7111999999999999,20.8,96.4,1013.6,72.5,5.3,252.7,21.8,20551,66280,1,32.2,26.0,28.3,37.9,26.0,31.2,23.4
Chaguanas,2013-06-02,80.7,3.9878,18.3,105.2,1013.8,89.5,5.8,159.8,13.8,20553,66296,1,32.1,24.9,27.7,38.1,24.9,30.1,23.9
Chaguanas,2013-06-03,90.1,2.9972,13.9,99.9,1014.4,89.6,5.5,120.5,10.3,20556,66313,1,31.1,23.8,25.7,37.4,23.8,26.7,23.9
Chaguanas,2013-06-04,79.5,7.213599999999999,18.3,85.1,1014.4,72.6,6.1,169.1,14.5,20560,66329,1,32.1,25.0,27.9,38.1,25.0,30.3,23.8
Chaguanas,2013-06-05,78.3,0.0,16.1,109.2,1013.2,75.6,6.8,220.4,18.9,20565,66345,0,33.0,25.0,28.3,39.3,25.0,31.1,23.9
Chaguanas,2013-06-06,76.2,0.0,17.2,101.2,1013.3,74.1,7.2,203.8,17.6,20570,66362,0,31.7,25.6,28.0,35.6,25.6,30.1,23.2
Chaguanas,2013-06-07,76.2,0.0,16.1,110.9,1013.9,88.3,7.3,239.6,20.8,20576,66378,0,32.1,24.8,27.9,35.9,24.8,30.1,23.1
Chaguanas,2013-06-08,72.6,0.0,13.9,105.5,1014.3,61.2,7.4,213.8,18.4,20583,66394,0,32.1,24.8,28.2,35.8,24.8,30.2,22.5
Chaguanas,2013-06-09,81.9,26.3144,20.8,110.8,1013.1,65.6,6.5,250.9,21.6,20590,66411,1,33.0,24.0,27.2,38.1,24.0,29.1,23.5
Chaguanas,2013-06-10,85.3,10.998199999999999,17.2,113.3,1013.0,86.2,6.3,181.1,15.4,20597,66427,1,31.6,24.0,26.8,38.3,24.0,29.0,24.1
Chaguanas,2013-06-11,78.0,0.3048,19.7,104.5,1013.8,67.1,6.4,215.3,18.6,20606,66442,1,32.1,24.0,28.0,36.9,24.0,30.4,23.5
Chaguanas,2013-06-12,74.0,0.4064,21.9,100.9,1014.0,73.6,5.9,168.9,14.5,20615,66458,1,32.1,25.8,28.4,36.9,25.8,30.8,23.1
Chaguanas,2013-06-13,91.1,14.985999999999999,16.1,109.1,1013.3,84.4,5.1,129.4,11.3,20624,66473,1,30.1,24.0,25.8,36.3,24.0,26.6,24.2
Chaguanas,2013-06-14,89.6,33.909,13.9,105.9,1013.1,90.0,6.2,118.3,10.2,20634,66489,1,30.0,24.7,26.3,35.1,24.7,27.6,24.4
Chaguanas,2013-06-15,79.4,0.0,20.8,98.2,1013.4,54.5,6.6,197.4,16.9,20644,66504,0,32.1,25.9,28.2,37.8,25.9,30.9,24.1
Chaguanas,2013-06-16,81.3,2.9972,23.0,94.3,1012.9,64.4,6.0,274.9,23.8,20655,66518,1,31.1,24.8,27.5,36.7,24.8,30.2,23.9
Chaguanas,2013-06-17,80.2,0.9905999999999999,26.8,106.3,1013.0,63.5,6.3,246.7,21.2,20667,66533,1,32.0,25.7,27.4,36.8,25.7,29.2,23.6
Chaguanas,2013-06-18,88.0,34.0106,11.4,111.2,1013.4,90.7,6.3,122.4,10.5,20678,66547,1,30.1,24.1,26.1,35.1,24.1,26.8,23.8
Chaguanas,2013-06-19,83.1,2.1082,19.6,105.1,1012.6,69.0,7.7,159.7,13.7,20691,66561,1,32.0,25.0,27.4,37.9,25.0,29.8,24.1
Chaguanas,2013-06-20,77.8,0.7111999999999999,17.2,102.8,1013.1,62.7,6.3,180.1,15.6,20703,66574,1,32.1,25.0,27.9,36.9,25.0,30.3,23.5
Chaguanas,2013-06-21,74.0,0.0,17.2,101.4,1013.6,35.9,7.2,292.0,25.3,20716,66587,0,32.0,24.0,27.9,35.8,24.0,29.8,22.6
Chaguanas,2013-06-22,74.2,0.0,18.3,101.5,1013.6,71.0,7.1,272.7,23.5,20729,66599,0,32.0,25.0,27.8,34.9,25.0,29.6,22.5
Chaguanas,2013-06-23,75.1,0.8128,17.2,98.5,1013.4,80.3,7.1,260.9,22.5,20743,66612,1,32.1,25.1,28.1,36.8,25.1,30.2,23.0
Chaguanas,2013-06-24,83.4,6.985,20.8,97.0,1013.8,57.4,6.4,226.8,19.6,20757,66623,1,31.1,25.0,27.6,37.8,25.0,30.2,24.4
Chaguanas,2013-06-25,76.2,0.0,13.9,106.2,1013.5,63.3,7.1,220.5,19.0,20771,66634,0,33.0,24.8,28.5,38.1,24.8,31.2,23.6
Chaguanas,2013-06-26,81.9,11.9888,20.8,107.0,1014.1,88.4,6.6,251.4,21.7,20785,66645,1,31.1,24.1,27.4,36.7,24.1,29.8,23.9
Chaguanas,2013-06-27,73.4,0.0,18.3,108.8,1013.9,52.9,6.6,286.5,24.7,20800,66655,0,32.0,25.0,28.2,35.8,25.0,30.1,22.7
Chaguanas,2013-06-28,74.7,8.991599999999998,15.0,79.2,1013.1,72.7,6.3,255.6,22.2,20815,66665,1,33.1,24.1,27.9,37.1,24.1,29.6,22.6
Chaguanas,2013-06-29,85.4,11.9126,13.9,113.3,1012.6,84.1,7.4,113.5,9.8,20830,66673,1,32.1,24.0,26.8,38.1,24.0,28.5,23.9
Chaguanas,2013-06-30,79.9,3.9878,17.2,100.3,1013.0,83.3,5.6,167.3,14.3,20845,66682,1,31.1,25.1,27.8,36.7,25.1,30.2,23.8
Chaguanas,2013-07-01,77.9,0.0,18.3,99.4,1014.7,62.3,6.0,287.4,24.8,20860,66690,0,32.0,25.1,28.0,38.0,25.1,30.8,23.7
Chaguanas,2013-07-02,79.3,3.2003999999999997,9.2,63.8,1014.9,41.7,6.3,298.2,25.8,20875,66697,1,31.0,23.1,26.5,34.6,23.1,27.9,22.4
Chaguanas,2013-07-03,76.4,0.0,13.9,92.3,1014.2,40.7,7.0,301.8,26.0,20891,66703,0,32.1,23.8,27.6,35.9,23.8,29.5,22.7
Chaguanas,2013-07-04,73.8,0.2032,16.1,92.8,1014.1,34.1,6.9,270.2,23.2,20906,66709,1,32.1,24.7,28.1,35.9,24.7,30.0,22.6
Chaguanas,2013-07-05,73.5,0.0,12.8,115.1,1013.6,51.1,6.7,283.0,24.4,20921,66714,0,33.0,24.0,28.3,38.1,24.0,30.8,22.8
Chaguanas,2013-07-06,74.4,0.0,15.0,111.6,1013.2,63.0,7.4,249.8,21.6,20937,66718,0,33.0,25.0,28.4,38.1,25.0,31.1,23.2
Chaguanas,2013-07-07,78.4,0.6096,11.4,145.4,1012.7,43.4,7.6,249.7,21.6,20952,66722,1,32.2,24.9,28.3,37.9,24.9,31.7,24.0
Chaguanas,2013-07-08,84.0,8.991599999999998,13.9,111.9,1013.4,61.3,6.1,138.8,12.0,20968,66725,1,31.1,24.8,27.1,37.9,24.8,29.2,24.1
Chaguanas,2013-07-09,85.0,19.6088,8.1,118.0,1014.5,70.9,6.6,116.1,10.0,20983,66727,1,31.2,24.9,26.8,37.8,24.9,28.4,23.9
Chaguanas,2013-07-10,76.3,0.508,15.0,101.6,1014.6,59.7,6.8,220.0,18.9,20998,66729,1,33.0,26.0,28.4,37.1,26.0,31.1,23.6
Chaguanas,2013-07-11,72.8,0.0,16.1,103.7,1013.6,35.8,6.5,279.1,24.1,21013,66730,0,32.8,24.1,28.7,37.2,24.1,31.3,23.0
Chaguanas,2013-07-12,73.6,0.0,11.4,112.9,1013.0,43.2,6.2,270.6,23.4,21028,66729,0,33.1,24.0,28.5,38.1,24.0,31.0,23.0
Chaguanas,2013-07-13,75.9,0.0,15.0,111.4,1013.3,63.6,6.9,285.1,24.7,21043,66729,0,33.1,24.6,28.2,39.5,24.6,30.6,23.2
Chaguanas,2013-07-14,75.6,0.6096,13.9,118.4,1013.3,78.9,7.0,168.8,14.8,21058,66727,1,33.0,25.0,28.0,37.1,25.0,29.9,23.0
Chaguanas,2013-07-15,77.8,0.0,18.3,105.5,1013.6,63.6,6.9,204.5,17.6,21072,66725,0,32.0,25.0,27.9,36.8,25.0,30.3,23.4
Chaguanas,2013-07-16,81.2,2.794,13.9,125.8,1013.7,66.8,6.7,207.7,17.8,21086,66721,1,32.1,24.0,27.8,37.9,24.0,30.6,24.0
Chaguanas,2013-07-17,89.5,27.686,13.9,112.8,1014.0,77.1,5.1,227.5,19.8,21100,66717,1,30.0,25.0,26.7,37.5,25.0,29.1,24.8
Chaguanas,2013-07-18,81.9,3.4036,18.3,105.9,1013.8,71.2,6.8,103.1,9.2,21114,66712,1,32.0,24.7,27.4,37.9,24.7,29.6,23.8
Chaguanas,2013-07-19,79.8,13.3858,18.3,106.7,1013.6,84.8,5.2,107.4,9.4,21128,66707,1,30.2,24.9,27.7,35.1,24.9,30.5,23.7
Chaguanas,2013-07-20,72.3,2.0065999999999997,17.2,103.2,1013.2,82.9,6.7,263.2,22.8,21141,66700,1,32.1,26.0,28.4,36.0,26.0,31.3,22.8
Chaguanas,2013-07-21,86.6,5.5118,12.8,113.6,1013.4,72.5,6.8,193.5,16.8,21154,66693,1,29.8,24.0,26.1,35.5,24.0,27.4,23.7
Chaguanas,2013-07-22,77.0,0.508,16.1,106.3,1013.9,41.4,7.4,214.8,18.4,21167,66684,1,32.1,24.0,28.0,36.8,24.0,30.8,23.3
Chaguanas,2013-07-23,74.4,0.2032,20.8,104.8,1012.8,64.2,5.9,256.2,22.1,21179,66675,1,32.0,26.1,28.7,37.4,26.1,32.2,23.5
Chaguanas,2013-07-24,75.5,0.0,17.9,105.1,1012.9,52.0,5.9,168.0,14.6,21191,66665,0,34.0,26.0,28.8,39.4,26.0,31.9,23.8
Chaguanas,2013-07-25,77.4,0.0,12.8,111.3,1014.8,59.5,6.9,265.2,22.8,21203,66654,0,33.0,24.8,28.2,38.1,24.8,30.9,23.6
Chaguanas,2013-07-26,76.1,0.9905999999999999,13.9,119.7,1015.8,46.6,6.9,289.7,24.9,21214,66643,1,33.1,25.0,28.3,37.2,25.0,30.9,23.4
Chaguanas,2013-07-27,78.9,27.304999999999996,12.8,111.2,1015.2,59.7,6.5,267.8,23.3,21225,66630,1,32.1,24.8,27.8,36.9,24.8,30.1,23.4
Chaguanas,2013-07-28,84.6,4.0893999999999995,10.3,202.6,1015.1,65.6,6.8,115.4,9.9,21236,66617,1,30.6,24.0,26.6,35.7,24.0,28.3,23.6
Chaguanas,2013-07-29,76.4,0.2032,13.9,100.7,1015.2,48.2,7.8,252.6,21.9,21246,66603,1,33.0,24.0,28.0,37.1,24.0,30.4,23.1
Chaguanas,2013-07-30,76.3,0.0,13.9,113.4,1015.3,58.9,7.6,225.8,19.5,21256,66588,0,33.1,24.8,28.5,38.2,24.8,31.4,23.6
Chaguanas,2013-07-31,75.6,5.9944,11.4,120.8,1014.4,80.6,7.3,217.7,18.6,21265,66572,1,33.1,24.6,28.5,40.6,24.6,31.1,23.4
Chaguanas,2013-08-01,75.5,0.1016,17.2,101.9,1013.9,69.7,7.0,124.9,11.0,21274,66556,1,33.0,25.1,28.6,38.1,25.1,31.6,23.6
Chaguanas,2013-08-02,77.9,0.6096,15.0,92.6,1013.9,91.8,6.4,178.8,15.4,21283,66538,1,32.1,26.0,28.2,37.9,26.0,31.3,23.8
Chaguanas,2013-08-03,77.5,0.7111999999999999,19.7,93.7,1013.9,79.7,4.7,155.9,13.4,21291,66520,1,32.1,26.6,28.6,38.4,26.6,32.6,24.1
Chaguanas,2013-08-04,73.2,0.6096,17.2,95.6,1013.3,36.2,6.7,266.5,22.9,21299,66501,1,33.1,25.0,28.8,38.1,25.0,31.7,23.2
Chaguanas,2013-08-05,73.5,0.0,11.4,95.9,1012.9,51.1,6.8,295.0,25.4,21307,66481,0,33.1,24.0,28.2,37.2,24.0,30.2,22.7
Chaguanas,2013-08-06,74.2,0.0,10.3,108.4,1012.0,49.0,7.8,294.9,25.5,21314,66461,0,34.2,24.0,28.4,39.3,24.0,31.1,23.1
Chaguanas,2013-08-07,81.4,8.001,12.3,110.0,1011.6,67.3,7.0,205.1,17.7,21320,66440,1,32.2,24.0,27.4,37.9,24.0,30.1,23.8
Chaguanas,2013-08-08,82.6,1.0921999999999998,10.3,119.0,1010.9,83.3,7.2,189.2,16.4,21326,66417,1,29.1,24.0,26.8,33.6,24.0,28.6,23.5
Chaguanas,2013-08-09,74.3,0.0,12.8,121.9,1010.9,60.7,8.3,232.7,20.0,21332,66395,0,33.1,23.0,28.0,38.2,23.0,30.5,22.6
Chaguanas,2013-08-10,85.9,2.9972,21.8,109.5,1011.9,81.7,6.1,122.4,10.5,21337,66371,1,32.0,24.1,26.2,37.9,24.1,27.1,23.6
Chaguanas,2013-08-11,81.3,24.104599999999998,17.2,114.4,1012.1,87.6,6.6,122.1,10.5,21342,66347,1,32.0,24.0,27.2,36.8,24.0,29.5,23.6
Chaguanas,2013-08-12,75.8,8.3058,17.2,121.1,1012.3,83.8,7.4,229.1,19.8,21347,66322,1,32.1,24.0,28.0,36.9,24.0,30.2,23.0
Chaguanas,2013-08-13,77.3,2.2097999999999995,13.9,104.0,1012.6,84.3,7.0,282.7,24.5,21351,66296,1,32.0,24.0,28.1,36.4,24.0,30.4,23.4
Chaguanas,2013-08-14,73.8,0.9143999999999999,17.2,94.2,1012.6,84.6,6.7,202.0,17.4,21355,66270,1,32.1,26.1,28.9,36.9,26.1,32.6,23.6
Chaguanas,2013-08-15,77.9,8.991599999999998,11.4,50.6,1012.5,68.1,6.4,274.5,23.7,21358,66243,1,32.6,25.0,27.8,38.5,25.0,30.4,23.4
Chaguanas,2013-08-16,74.1,0.0,10.3,116.5,1012.0,78.6,7.4,278.8,24.1,21361,66215,0,34.0,23.0,28.4,38.4,23.0,31.0,22.9
Chaguanas,2013-08-17,81.6,17.018,9.2,49.2,1012.2,66.0,7.2,211.6,18.3,21364,66187,1,33.5,23.7,27.1,38.8,23.7,28.8,23.4
Chaguanas,2013-08-18,89.3,3.9878,9.2,352.5,1011.7,77.2,7.3,135.6,11.7,21366,66158,1,32.1,24.0,26.0,38.1,24.0,27.3,24.0
Chaguanas,2013-08-19,81.6,2.2097999999999995,9.2,156.4,1011.8,88.4,7.6,180.7,15.8,21368,66128,1,32.1,24.1,27.6,37.5,24.1,30.6,23.9
Chaguanas,2013-08-20,74.3,0.0,13.9,110.6,1012.8,59.3,7.9,258.0,22.2,21369,66098,0,34.0,24.8,28.8,39.2,24.8,30.9,23.2
Chaguanas,2013-08-21,72.6,0.0,9.2,126.2,1012.7,51.5,7.4,211.5,18.4,21370,66068,0,34.3,24.9,29.2,40.6,24.9,32.5,23.4
Chaguanas,2013-08-22,73.1,0.1016,15.0,95.4,1011.5,30.7,7.6,281.4,24.4,21371,66036,1,34.1,24.0,28.7,39.5,24.0,31.6,23.1
Chaguanas,2013-08-23,72.2,0.1016,15.0,106.3,1010.9,39.6,6.9,287.2,24.7,21371,66005,1,34.1,25.0,28.9,38.4,25.0,31.7,23.0
Chaguanas,2013-08-24,76.9,3.0987999999999998,12.8,110.9,1011.7,74.5,6.6,232.1,20.0,21371,65972,1,33.2,25.0,28.6,39.3,25.0,32.0,23.9
Chaguanas,2013-08-25,75.9,2.9972,13.9,117.5,1012.6,84.1,7.5,229.6,19.8,21371,65940,1,32.2,26.0,28.7,37.9,26.0,31.8,23.8
Chaguanas,2013-08-26,78.9,5.9944,10.3,244.7,1012.4,60.7,7.0,272.3,23.6,21370,65906,1,33.1,24.0,27.4,39.3,24.0,29.6,23.2
Chaguanas,2013-08-27,81.8,0.0,9.2,227.1,1012.4,79.4,7.3,181.9,15.8,21370,65873,0,33.1,24.0,27.1,37.9,24.0,28.9,23.4
Chaguanas,2013-08-28,84.2,10.0076,12.8,167.8,1014.0,79.1,6.6,129.2,11.2,21368,65838,1,31.0,23.8,26.7,36.6,23.8,29.1,23.7
Chaguanas,2013-08-29,82.6,5.9944,13.9,120.0,1014.4,66.2,7.7,199.0,17.3,21367,65804,1,34.0,24.0,27.3,39.4,24.0,28.9,23.7
Chaguanas,2013-08-30,81.9,2.0065999999999997,21.9,36.8,1013.9,63.2,7.6,201.5,17.2,21365,65769,1,35.0,22.9,26.8,40.7,22.9,28.8,23.2
Chaguanas,2013-08-31,81.0,0.2032,13.9,280.5,1012.8,84.8,7.1,153.5,13.0,21363,65734,1,31.2,23.0,27.1,35.9,23.0,29.2,23.3
Chaguanas,2013-09-01,77.2,0.0,12.8,238.5,1011.4,70.3,8.0,208.4,18.0,21361,65698,0,32.1,24.0,28.1,37.9,24.0,30.8,23.4
Chaguanas,2013-09-02,82.5,2.0065999999999997,10.3,229.3,1010.1,87.8,6.7,176.9,15.3,21359,65662,1,32.1,24.9,27.7,38.1,24.9,30.6,24.3
Chaguanas,2013-09-03,79.1,0.2032,11.4,172.3,1010.2,86.5,7.2,129.7,11.3,21356,65625,1,34.0,24.8,28.4,42.0,24.8,31.8,24.2
Chaguanas,2013-09-04,76.0,4.3942,9.2,114.1,1012.0,75.6,7.6,224.5,19.3,21353,65589,1,34.2,24.0,28.8,41.0,24.0,32.7,23.8
Chaguanas,2013-09-05,85.9,35.0012,12.8,91.7,1012.6,78.7,6.7,168.3,14.5,21350,65552,1,31.0,24.8,27.0,37.8,24.8,29.7,24.4
Chaguanas,2013-09-06,82.1,2.0065999999999997,9.2,107.8,1013.0,78.6,7.3,112.8,9.6,21347,65514,1,32.1,24.0,27.5,39.2,24.0,30.6,24.0
Chaguanas,2013-09-07,74.9,0.0,13.9,111.4,1012.8,53.6,8.0,124.9,10.9,21344,65477,0,34.3,25.0,28.9,40.0,25.0,32.1,23.6
Chaguanas,2013-09-08,76.0,0.1016,12.8,109.1,1012.7,26.4,7.3,230.8,20.0,21340,65439,1,34.0,25.0,28.9,39.4,25.0,32.3,23.9
Chaguanas,2013-09-09,77.1,0.2032,11.4,109.9,1012.7,41.9,6.6,259.4,22.5,21337,65401,1,34.1,25.0,28.4,40.7,25.0,31.6,23.8
Chaguanas,2013-09-10,79.9,1.4986,11.4,110.0,1013.1,76.5,6.7,188.4,16.3,21333,65363,1,33.1,24.0,27.8,40.7,24.0,30.9,23.9
Chaguanas,2013-09-11,87.2,27.9908,8.1,4.7,1012.2,86.2,7.2,146.5,12.7,21329,65325,1,32.0,24.0,26.6,37.9,24.0,28.3,24.1
Chaguanas,2013-09-12,80.4,0.0,11.4,243.2,1008.5,82.2,7.3,286.4,24.7,21325,65286,0,33.2,23.1,27.6,39.3,23.1,30.3,23.6
Chaguanas,2013-09-13,82.1,0.889,8.1,103.0,1007.7,86.5,7.0,207.7,18.1,21321,65248,1,32.1,25.0,27.8,39.2,25.0,30.9,24.3
Chaguanas,2013-09-14,83.0,0.7111999999999999,13.9,105.8,1010.9,89.2,7.2,195.0,16.7,21317,65209,1,31.1,25.0,27.8,39.3,25.0,31.3,24.6
Chaguanas,2013-09-15,85.8,19.7104,16.3,113.6,1012.6,82.5,5.9,224.8,19.5,21313,65170,1,32.0,25.0,27.3,39.2,25.0,29.5,24.5
Chaguanas,2013-09-16,87.8,26.796999999999997,23.0,111.7,1011.5,89.3,5.7,248.0,21.5,21309,65132,1,32.0,17.2,26.8,37.9,17.2,29.3,24.8
Chaguanas,2013-09-17,82.2,7.188199999999999,12.8,110.3,1010.8,86.9,6.9,110.2,9.6,21305,65093,1,32.0,24.8,28.0,39.2,24.8,30.9,24.5
Chaguanas,2013-09-18,86.1,5.0038,13.9,127.6,1011.2,85.7,6.5,151.6,13.1,21301,65054,1,32.0,25.0,27.6,39.2,25.0,30.7,24.9
Chaguanas,2013-09-19,75.4,0.0,9.2,120.1,1013.1,87.3,7.1,233.9,20.2,21297,65015,0,34.0,25.8,29.4,40.6,25.8,32.8,24.1
Chaguanas,2013-09-20,75.6,0.0,11.4,122.2,1012.5,89.2,7.4,193.3,16.7,21293,64977,0,35.0,25.9,29.2,41.9,25.9,33.1,24.2
Chaguanas,2013-09-21,74.7,0.0,11.4,119.5,1011.6,48.2,7.7,284.4,24.5,21289,64938,0,34.8,24.9,29.2,40.4,24.9,32.6,23.8
Chaguanas,2013-09-22,74.9,0.0,10.3,117.7,1012.5,34.5,6.9,290.5,25.1,21286,64899,0,35.0,25.0,29.3,41.9,25.0,33.3,24.1
Chaguanas,2013-09-23,78.8,0.9905999999999999,11.4,121.1,1014.1,54.7,6.9,191.6,16.8,21282,64861,1,32.0,25.0,28.4,39.2,25.0,32.1,24.2
Chaguanas,2013-09-24,78.0,5.9944,17.2,124.2,1013.1,71.1,6.9,257.6,22.2,21279,64823,1,33.0,24.0,28.3,38.1,24.0,31.1,23.8
Chaguanas,2013-09-25,78.4,0.0,11.4,126.8,1011.9,69.3,7.2,232.8,20.1,21275,64784,0,34.0,25.0,28.8,41.5,25.0,32.6,24.4
Chaguanas,2013-09-26,77.7,0.0,12.8,121.0,1011.8,89.1,7.0,235.0,20.3,21272,64746,0,34.0,25.0,28.7,40.6,25.0,32.4,24.2
Chaguanas,2013-09-27,74.3,0.0,7.9,125.5,1012.2,77.8,7.8,227.7,19.8,21269,64709,0,35.1,24.0,29.1,40.7,24.0,32.7,23.7
Chaguanas,2013-09-28,75.3,0.0,11.4,133.1,1012.6,47.3,7.5,243.9,21.1,21266,64671,0,34.7,25.0,29.4,45.1,25.0,33.8,24.3
Chaguanas,2013-09-29,73.8,0.0,15.0,109.3,1012.6,32.1,6.7,196.6,17.0,21264,64634,0,34.0,25.0,29.3,39.4,25.0,32.9,23.7
Chaguanas,2013-09-30,87.3,30.987999999999996,23.0,112.6,1012.3,78.3,5.7,152.4,13.3,21261,64597,1,30.0,23.2,26.3,36.2,23.2,27.8,24.1
Chaguanas,2013-10-01,81.5,0.889,13.9,99.4,1011.5,60.5,6.4,220.8,19.1,21259,64560,1,33.0,24.0,27.2,38.1,24.0,29.2,23.5
Chaguanas,2013-10-02,81.8,8.2042,10.3,105.1,1011.0,85.0,6.3,178.8,15.4,21257,64523,1,31.0,24.0,27.4,36.6,24.0,29.7,23.8
Chaguanas,2013-10-03,78.7,4.3942,12.8,109.8,1011.7,83.5,6.9,173.7,15.0,21256,64487,1,33.1,25.0,28.6,40.9,25.0,32.3,24.3
Chaguanas,2013-10-04,77.9,2.7178,11.4,117.8,1012.2,82.7,6.9,139.3,12.1,21254,64451,1,33.9,25.9,28.7,39.4,25.9,32.2,24.2
Chaguanas,2013-10-05,88.4,25.019,10.3,100.0,1013.0,88.8,6.6,175.3,15.2,21253,64416,1,31.0,23.8,26.3,37.8,23.8,28.2,24.1
Chaguanas,2013-10-06,77.5,0.0,10.3,117.7,1012.4,64.1,7.6,161.2,13.8,21253,64381,0,36.0,25.0,28.7,41.9,25.0,31.9,23.9
Chaguanas,2013-10-07,82.8,1.4986,9.2,124.7,1013.1,82.2,6.4,162.1,14.0,21253,64347,1,32.0,25.9,27.6,37.9,25.9,30.4,24.3
Chaguanas,2013-10-08,80.8,5.0038,13.9,117.1,1013.3,65.8,6.5,170.4,14.7,21253,64312,1,32.0,25.9,28.1,37.9,25.9,31.3,24.3
Chaguanas,2013-10-09,75.6,0.0,13.9,95.7,1012.4,41.1,7.0,301.7,26.1,21253,64279,0,33.0,24.8,28.4,36.8,24.8,30.7,23.3
Chaguanas,2013-10-10,81.8,1.2953999999999999,18.3,108.3,1011.4,65.1,6.4,203.2,17.4,21254,64246,1,32.0,24.8,27.4,38.7,24.8,29.6,23.8
Chaguanas,2013-10-11,80.7,10.0076,11.4,111.6,1010.9,67.4,6.6,207.2,17.8,21255,64213,1,33.0,24.9,27.7,37.9,24.9,30.5,23.8
Chaguanas,2013-10-12,79.3,0.0,15.0,113.0,1011.0,72.9,7.1,211.6,18.3,21257,64181,0,33.0,24.9,28.2,39.3,24.9,31.3,24.0
Chaguanas,2013-10-13,82.2,0.2032,11.4,119.8,1010.7,63.4,7.2,166.0,14.4,21260,64150,1,35.0,24.0,27.7,43.3,24.0,30.6,24.2
Chaguanas,2013-10-14,80.6,2.3114,16.1,104.0,1010.3,49.4,7.0,138.9,12.1,21262,64119,1,31.1,25.9,27.8,37.8,25.9,30.3,24.0
Chaguanas,2013-10-15,85.2,18.008599999999998,10.3,107.2,1011.3,70.7,6.2,128.3,11.1,21265,64089,1,32.0,25.0,27.3,40.7,25.0,30.3,24.5
Chaguanas,2013-10-16,75.9,0.0,13.9,112.4,1011.5,58.8,7.2,215.7,18.6,21269,64059,0,34.0,25.0,28.7,40.6,25.0,31.7,23.7
Chaguanas,2013-10-17,92.1,24.409399999999998,11.4,98.7,1012.3,77.2,5.7,158.5,13.6,21273,64030,1,26.0,23.7,24.8,26.0,23.7,24.8,23.4
Chaguanas,2013-10-18,81.5,2.0065999999999997,12.8,84.6,1011.5,59.9,7.1,160.7,13.8,21278,64002,1,33.0,22.0,26.7,38.9,22.0,29.1,23.0
Chaguanas,2013-10-19,89.8,7.9756,0.0,180.0,1011.6,80.8,6.4,165.3,14.3,21283,63974,1,29.1,24.0,25.7,35.7,24.0,27.1,23.9
Chaguanas,2013-10-20,81.2,0.0,12.8,116.3,1011.5,77.9,7.3,182.4,15.8,21289,63948,0,33.0,23.0,27.7,39.3,23.0,30.8,23.9
Chaguanas,2013-10-21,91.4,43.992799999999995,10.3,92.8,1011.8,87.2,5.8,110.1,9.6,21296,63921,1,29.0,24.0,25.8,34.6,24.0,26.8,24.3
Chaguanas,2013-10-22,82.9,7.010400000000001,12.8,104.5,1011.0,82.1,6.8,228.5,19.7,21303,63896,1,33.0,23.9,27.1,39.1,23.9,28.5,23.6
Chaguanas,2013-10-23,78.2,3.302,11.4,113.0,1011.2,80.6,7.3,210.6,18.3,21310,63872,1,33.0,25.0,28.4,39.3,25.0,31.4,24.0
Chaguanas,2013-10-24,85.1,20.9804,12.8,92.3,1012.2,69.8,6.2,169.3,14.5,21319,63848,1,32.8,23.9,26.7,37.8,23.9,28.4,23.8
Chaguanas,2013-10-25,90.0,38.2016,10.3,109.3,1012.4,73.8,6.3,162.5,14.0,21327,63825,1,31.0,25.0,26.3,36.6,25.0,27.6,24.4
Chaguanas,2013-10-26,80.9,1.3208,16.1,102.8,1012.1,88.9,7.0,90.0,7.6,21337,63803,1,32.0,25.0,27.6,37.9,25.0,29.9,23.9
Chaguanas,2013-10-27,75.8,0.2032,17.2,100.4,1011.1,87.1,7.0,231.4,20.0,21347,63782,1,32.0,25.0,28.1,36.8,25.0,30.6,23.1
Chaguanas,2013-10-28,80.2,0.508,10.5,57.7,1010.5,79.4,6.8,202.1,17.2,21358,63762,1,32.0,24.0,27.6,40.7,24.0,30.1,23.7
Chaguanas,2013-10-29,91.8,33.096199999999996,12.8,107.7,1010.9,86.6,5.7,153.8,13.4,21369,63742,1,28.0,24.0,25.3,31.9,24.0,26.1,23.8
Chaguanas,2013-10-30,84.5,0.7111999999999999,11.4,111.7,1010.3,90.0,6.1,163.8,14.2,21381,63724,1,29.0,24.1,26.4,33.4,24.1,28.0,23.5
Chaguanas,2013-10-31,81.0,0.0,12.8,108.5,1008.9,72.3,6.8,217.3,18.8,21394,63706,0,32.0,24.0,27.1,36.8,24.0,29.0,23.2
Chaguanas,2013-11-01,80.2,1.6001999999999998,13.9,136.3,1010.0,82.1,6.9,156.7,13.5,21407,63690,1,32.0,24.0,27.2,36.8,24.0,28.8,23.3
Chaguanas,2013-11-02,79.9,1.2953999999999999,12.8,112.0,1011.3,67.3,6.6,147.2,12.7,21421,63674,1,32.9,24.8,27.8,38.0,24.8,30.3,23.8
Chaguanas,2013-11-03,77.4,0.9905999999999999,11.4,101.7,1010.9,79.5,7.3,258.5,22.3,21436,63659,1,33.0,24.9,27.9,38.1,24.9,29.9,23.2
Chaguanas,2013-11-04,79.0,0.0,13.9,106.7,1010.1,77.1,7.0,236.5,20.4,21451,63646,0,33.0,24.0,27.5,38.1,24.0,29.7,23.2
Chaguanas,2013-11-05,79.8,0.2032,11.4,111.0,1010.3,69.7,6.9,247.1,21.2,21467,63633,1,32.0,23.8,26.9,36.8,23.8,28.7,22.9
Chaguanas,2013-11-06,79.9,0.0,15.0,135.7,1010.5,65.9,7.2,238.8,20.6,21484,63622,0,33.0,23.8,27.6,38.1,23.8,30.1,23.6
Chaguanas,2013-11-07,79.2,0.0,12.8,117.7,1010.6,61.6,7.0,231.5,20.0,21502,63611,0,33.0,25.0,28.1,38.1,25.0,30.9,23.9
Chaguanas,2013-11-08,82.7,20.193,15.0,95.0,1011.1,81.8,6.4,179.7,15.5,21520,63601,1,32.0,24.0,26.9,37.9,24.0,28.5,23.5
Chaguanas,2013-11-09,88.5,7.9756,21.9,74.0,1012.1,79.1,5.3,101.1,8.7,21538,63593,1,29.0,24.8,26.4,34.6,24.8,28.1,24.4
Chaguanas,2013-11-10,94.2,35.026599999999995,9.2,86.5,1011.7,84.8,6.5,87.8,7.6,21558,63585,1,25.8,23.9,24.7,25.8,23.9,24.7,23.7
Chaguanas,2013-11-11,89.5,6.2992,16.1,80.7,1011.9,88.8,5.8,130.6,11.4,21578,63579,1,30.0,23.6,26.0,35.9,23.6,27.5,24.1
Chaguanas,2013-11-12,84.6,5.9944,17.2,71.4,1010.8,59.6,6.2,232.2,20.2,21599,63574,1,31.0,24.0,27.0,36.6,24.0,29.1,24.0
Chaguanas,2013-11-13,84.2,13.3096,23.0,74.4,1010.5,71.4,6.5,237.1,20.5,21620,63570,1,31.0,24.0,27.2,36.6,24.0,29.7,24.1
Chaguanas,2013-11-14,87.4,0.1016,19.6,83.1,1011.8,81.0,6.6,131.8,11.3,21642,63566,1,30.1,23.9,26.6,36.2,23.9,28.7,24.3
Chaguanas,2013-11-15,82.6,0.9905999999999999,16.1,79.5,1011.3,39.1,7.0,261.4,22.3,21665,63564,1,32.0,24.0,27.4,37.9,24.0,30.1,24.0
Chaguanas,2013-11-16,80.1,0.0,19.6,323.4,1010.3,29.6,7.3,248.0,21.3,21688,63563,0,32.0,22.7,27.2,37.9,22.7,29.7,23.2
Chaguanas,2013-11-17,81.1,0.0,18.3,303.6,1008.7,29.2,7.1,254.5,22.0,21712,63563,0,32.0,22.0,26.9,37.9,22.0,29.3,23.1
Chaguanas,2013-11-18,82.1,0.0,11.4,274.7,1007.8,37.8,7.1,265.4,22.9,21736,63565,0,32.0,22.0,26.4,36.8,22.0,28.0,22.8
Chaguanas,2013-11-19,87.5,0.1016,11.4,75.3,1009.3,84.5,7.1,232.0,20.1,21761,63567,1,30.0,23.0,26.1,36.2,23.0,28.3,23.8
Chaguanas,2013-11-20,83.1,0.0,15.0,92.9,1012.0,89.2,7.0,129.2,11.3,21787,63570,0,31.0,25.0,27.4,37.8,25.0,29.8,24.2
Chaguanas,2013-11-21,89.3,3.9878,19.6,74.4,1011.9,70.8,5.7,224.2,19.3,21813,63575,1,30.0,24.0,26.0,36.2,24.0,27.4,24.1
Chaguanas,2013-11-22,90.6,13.5128,10.3,88.2,1010.5,83.7,6.2,159.3,13.7,21840,63580,1,27.0,23.8,25.4,30.2,23.8,26.3,23.7
Chaguanas,2013-11-23,89.6,2.9972,15.0,67.9,1009.8,76.3,6.4,155.1,13.3,21867,63587,1,29.0,23.2,25.4,34.6,23.2,26.3,23.5
Chaguanas,2013-11-24,92.8,32.9946,17.2,77.4,1010.3,65.0,5.3,225.7,19.4,21895,63594,1,28.0,23.0,25.1,33.9,23.0,25.9,23.8
Chaguanas,2013-11-25,91.4,21.310599999999997,24.2,76.1,1011.0,72.6,5.8,166.9,14.4,21923,63603,1,31.0,23.0,25.4,37.8,23.0,26.6,23.8
Chaguanas,2013-11-26,86.9,21.691599999999998,20.8,64.2,1010.2,80.7,4.9,184.5,15.9,21951,63613,1,31.0,23.0,25.9,36.6,23.0,27.3,23.4
Chaguanas,2013-11-27,91.9,26.8224,11.4,70.3,1009.3,86.9,5.9,95.6,8.3,21980,63624,1,28.1,23.0,24.7,32.1,23.0,25.3,23.3
Chaguanas,2013-11-28,88.9,6.095999999999999,17.2,79.3,1010.4,69.0,6.5,174.9,15.0,22010,63635,1,30.0,23.0,25.3,34.2,23.0,25.9,23.2
Chaguanas,2013-11-29,77.7,0.9905999999999999,16.1,91.2,1010.5,34.1,7.5,229.0,19.8,22040,63648,1,31.0,22.0,26.3,33.8,22.0,27.7,21.8
Chaguanas,2013-11-30,78.4,0.0,23.0,98.4,1010.1,56.5,7.2,190.5,16.3,22070,63662,0,30.0,23.0,26.4,33.2,23.0,27.7,22.2
Chaguanas,2013-12-01,91.0,60.020199999999996,11.4,99.3,1010.5,92.0,5.3,167.8,14.4,22100,63677,1,27.0,23.2,25.2,30.1,23.2,25.7,23.6
Chaguanas,2013-12-02,86.4,0.4064,11.4,121.8,1011.5,87.7,7.3,153.5,13.2,22131,63692,1,31.6,25.0,26.9,36.6,25.0,28.8,24.3
Chaguanas,2013-12-03,81.8,0.0,16.1,107.4,1013.4,70.7,7.4,184.1,15.8,22162,63709,0,31.8,25.9,27.9,36.2,25.9,30.4,24.3
Chaguanas,2013-12-04,82.6,4.0893999999999995,16.1,103.0,1012.9,71.5,6.8,129.2,11.2,22193,63727,1,31.0,24.0,26.8,35.5,24.0,28.4,23.5
Chaguanas,2013-12-05,75.3,0.0,12.8,111.9,1012.5,59.7,7.3,226.7,19.5,22224,63745,0,32.0,23.9,27.3,34.9,23.9,28.8,22.2
Chaguanas,2013-12-06,76.4,0.0,12.8,104.3,1012.4,89.2,7.4,236.6,20.5,22256,63765,0,31.9,22.0,26.8,34.9,22.0,28.1,21.9
Chaguanas,2013-12-07,82.0,0.508,12.8,81.3,1012.0,52.1,7.0,231.5,20.0,22287,63785,1,32.0,23.0,26.3,36.8,23.0,27.6,22.8
Chaguanas,2013-12-08,81.3,0.0,13.9,104.6,1012.5,64.5,7.7,186.6,16.1,22319,63806,0,31.0,22.0,26.3,34.6,22.0,27.8,22.6
Chaguanas,2013-12-09,84.1,0.508,15.0,100.6,1013.0,86.9,7.2,153.0,13.4,22351,63828,1,30.0,24.9,27.0,34.6,24.9,29.1,24.0
Chaguanas,2013-12-10,81.8,0.1016,23.0,88.2,1012.8,83.5,6.4,174.6,15.1,22383,63851,1,31.0,24.9,27.1,36.6,24.9,28.9,23.6
Chaguanas,2013-12-11,94.1,24.002999999999997,15.0,88.7,1013.6,88.3,4.7,161.7,14.0,22415,63874,1,28.0,23.9,24.8,32.7,23.9,25.1,23.7
Chaguanas,2013-12-12,79.9,2.0065999999999997,13.9,99.5,1012.7,41.9,7.5,228.0,19.9,22447,63898,1,32.0,23.0,26.7,35.8,23.0,28.2,22.5
Chaguanas,2013-12-13,90.6,20.0152,17.2,100.1,1012.1,80.7,6.2,163.7,14.2,22478,63923,1,28.7,22.9,25.6,34.1,22.9,26.7,23.9
Chaguanas,2013-12-14,80.6,5.4102,19.6,94.9,1012.5,78.8,6.1,209.4,18.2,22510,63949,1,31.0,25.0,27.2,36.6,25.0,29.0,23.3
Chaguanas,2013-12-15,79.7,23.0124,21.9,91.3,1012.7,49.5,6.3,245.4,21.1,22542,63975,1,31.0,23.9,27.0,35.5,23.9,28.7,22.9
Chaguanas,2013-12-16,85.5,6.7056,19.6,92.5,1012.1,64.9,5.8,240.0,20.8,22573,64002,1,30.0,23.8,26.1,35.1,23.8,27.7,23.3
Chaguanas,2013-12-17,75.2,0.0,20.8,86.1,1011.8,72.2,6.8,229.3,19.7,22604,64030,0,31.2,24.1,27.3,35.5,24.1,29.1,22.4
Chaguanas,2013-12-18,86.0,5.0038,23.0,93.4,1011.8,73.4,6.3,232.6,20.0,22635,64058,1,30.1,24.0,25.9,35.1,24.0,27.2,23.3
Chaguanas,2013-12-19,83.9,0.0,16.1,95.7,1011.9,75.5,6.8,235.7,20.4,22666,64087,0,30.0,22.0,25.6,35.1,22.0,27.0,22.6
Chaguanas,2013-12-20,80.5,0.7111999999999999,18.3,89.3,1011.5,70.9,6.3,221.1,19.1,22696,64116,1,30.8,22.0,25.9,35.1,22.0,26.9,22.0
Chaguanas,2013-12-21,76.4,2.2097999999999995,17.2,84.7,1011.7,76.9,6.6,246.7,21.3,22726,64145,1,32.0,23.0,26.4,34.9,23.0,27.6,21.6
Chaguanas,2013-12-22,77.5,2.0065999999999997,16.1,89.6,1012.5,45.8,6.8,235.1,20.4,22756,64175,1,31.2,22.9,26.3,35.5,22.9,27.6,21.7
Chaguanas,2013-12-23,79.2,0.0,15.0,89.5,1012.4,38.2,7.5,240.5,20.8,22785,64206,0,32.0,21.0,26.0,34.6,21.0,27.2,21.7
Chaguanas,2013-12-24,85.4,2.9972,11.4,114.3,1011.1,55.4,6.0,227.5,19.6,22814,64237,1,31.0,23.9,26.3,36.6,23.9,28.2,23.6
Chaguanas,2013-12-25,88.1,19.7866,12.8,94.9,1011.7,83.9,6.2,194.9,16.9,22843,64268,1,28.8,23.0,25.2,32.2,23.0,25.7,23.0
Chaguanas,2013-12-26,85.2,5.6133999999999995,11.4,94.2,1013.8,78.8,5.6,167.7,14.6,22870,64299,1,30.1,24.0,26.4,35.2,24.0,28.3,23.7
Chaguanas,2013-12-27,78.5,0.0,16.1,88.8,1014.2,85.9,6.3,222.5,19.2,22898,64331,0,30.0,24.8,26.9,35.1,24.8,28.3,22.7
Chaguanas,2013-12-28,75.2,0.4064,16.1,91.5,1013.5,42.7,6.9,231.9,20.1,22925,64363,1,31.0,22.9,26.6,33.8,22.9,27.8,21.6
Chaguanas,2013-12-29,77.4,0.0,16.1,102.7,1012.6,42.6,7.4,246.4,21.4,22951,64395,0,31.2,23.0,26.7,35.5,23.0,28.3,22.2
Chaguanas,2013-12-30,80.2,2.9972,17.2,106.3,1012.8,48.9,6.6,225.9,19.6,22976,64428,1,32.0,24.9,27.1,36.8,24.9,28.8,23.2
Chaguanas,2013-12-31,77.3,0.508,18.3,100.2,1012.4,41.0,6.5,228.6,19.9,23001,64460,1,31.8,24.9,27.2,35.5,24.9,28.8,22.7
Chaguanas,2014-01-01,76.5,1.6256,20.8,106.7,1012.1,30.8,6.1,199.7,17.2,23025,64493,1,30.9,23.9,27.0,34.4,23.9,28.6,22.3
Chaguanas,2014-01-02,78.4,1.1176,21.9,99.9,1011.3,54.8,6.2,188.1,16.3,23049,64525,1,29.9,22.9,26.8,34.1,22.9,28.4,22.6
Chaguanas,2014-01-03,75.9,0.508,17.2,106.3,1012.0,34.0,6.2,215.0,18.6,23072,64558,1,30.9,23.9,26.9,34.4,23.9,28.4,22.1
Chaguanas,2014-01-04,79.2,1.2192,16.1,113.4,1013.0,36.0,6.2,211.7,18.4,23094,64591,1,30.9,21.9,26.2,34.4,21.9,27.5,22.0
Chaguanas,2014-01-05,82.7,1.4223999999999999,16.1,104.5,1013.2,60.1,5.6,204.4,17.6,23115,64623,1,29.9,22.9,25.5,34.1,22.9,26.4,22.2
Chaguanas,2014-01-06,85.0,2.1336,13.9,105.2,1013.0,55.4,5.7,197.9,17.0,23135,64656,1,29.9,23.9,25.9,35.0,23.9,27.3,23.1
Chaguanas,2014-01-07,84.1,3.3528,17.2,91.3,1012.6,70.7,5.8,192.6,16.6,23155,64688,1,29.9,23.9,25.8,34.1,23.9,27.0,22.8
Chaguanas,2014-01-08,75.5,0.9143999999999999,18.3,93.1,1013.3,51.2,5.8,234.3,20.2,23174,64721,1,30.9,22.9,26.1,32.9,22.9,26.9,21.1
Chaguanas,2014-01-09,70.1,0.2032,18.3,88.1,1013.6,26.0,6.2,244.7,21.0,23191,64753,1,30.9,22.9,26.4,32.9,22.9,27.1,20.2
Chaguanas,2014-01-10,78.2,0.7111999999999999,15.0,108.7,1013.3,45.2,6.0,207.7,18.0,23208,64785,1,29.9,21.9,25.4,32.6,21.9,26.4,21.2
Chaguanas,2014-01-11,77.5,0.4064,18.3,100.7,1014.2,39.1,6.1,227.8,19.6,23224,64816,1,30.9,20.9,25.5,33.7,20.9,26.4,20.9
Chaguanas,2014-01-12,79.6,2.3367999999999998,17.2,98.0,1014.9,44.4,6.2,193.7,16.7,23240,64848,1,30.9,21.9,25.9,35.4,21.9,27.0,21.8
Chaguanas,2014-01-13,84.3,3.556,20.8,90.4,1014.6,57.5,5.7,168.2,14.6,23254,64879,1,28.9,23.9,25.5,32.6,23.9,26.4,22.6
Chaguanas,2014-01-14,73.3,0.3048,13.9,103.5,1014.7,57.5,6.2,227.9,19.8,23267,64910,1,29.9,22.9,25.8,31.8,22.9,26.4,20.3
Chaguanas,2014-01-15,67.5,0.0,15.0,94.8,1013.9,32.8,6.2,243.6,21.0,23279,64941,0,30.9,21.9,25.7,32.3,21.9,26.1,18.9
Chaguanas,2014-01-16,73.7,0.0,13.9,97.3,1013.4,53.3,6.2,208.9,18.2,23291,64971,0,29.9,19.9,25.1,31.8,19.9,25.8,19.7
Chaguanas,2014-01-17,83.6,2.54,16.1,90.6,1013.8,64.3,5.7,166.8,14.3,23301,65001,1,28.9,23.9,26.0,33.4,23.9,27.2,22.9
Chaguanas,2014-01-18,76.9,0.3048,18.3,95.9,1014.6,44.3,5.7,232.1,19.9,23310,65030,1,30.9,24.9,27.3,34.4,24.9,28.7,22.7
Chaguanas,2014-01-19,77.3,0.1016,23.0,90.5,1015.0,49.1,5.8,233.2,20.2,23318,65059,1,30.9,23.9,26.9,35.4,23.9,28.4,22.4
Chaguanas,2014-01-20,70.8,0.0,20.8,97.1,1014.5,50.2,5.9,241.0,20.8,23326,65088,0,30.9,22.9,26.4,32.9,22.9,26.9,20.2
Chaguanas,2014-01-21,73.7,0.1016,13.9,109.1,1013.1,28.6,6.2,231.7,20.0,23332,65116,1,30.9,19.9,25.5,32.9,19.9,26.1,19.9
Chaguanas,2014-01-22,74.9,0.4064,12.8,122.0,1013.5,47.3,6.2,228.3,19.7,23337,65143,1,31.9,21.9,26.9,35.7,21.9,28.5,21.7
Chaguanas,2014-01-23,78.2,0.2032,18.3,97.4,1014.0,46.3,5.9,206.1,17.6,23341,65171,1,31.9,23.9,26.8,35.7,23.9,28.1,22.4
Chaguanas,2014-01-24,71.9,1.5239999999999998,16.1,98.7,1013.3,33.9,6.2,235.2,20.3,23344,65197,1,31.9,22.9,26.6,34.8,22.9,27.6,20.7
Chaguanas,2014-01-25,70.8,0.0,18.3,86.7,1012.5,47.0,6.1,266.7,23.1,23346,65223,0,31.9,21.9,26.2,33.4,21.9,26.8,19.9
Chaguanas,2014-01-26,83.6,0.8128,23.0,91.2,1012.6,60.1,5.7,211.1,18.2,23347,65249,1,29.9,22.9,25.2,34.1,22.9,26.0,22.1
Chaguanas,2014-01-27,79.3,1.016,18.3,95.9,1012.7,46.4,6.0,225.2,19.4,23347,65274,1,30.9,22.9,25.6,32.9,22.9,26.4,21.4
Chaguanas,2014-01-28,73.3,0.0,18.3,95.1,1013.7,33.3,6.2,224.9,19.4,23346,65298,0,30.9,22.9,25.9,32.3,22.9,26.6,20.4
Chaguanas,2014-01-29,75.2,0.1016,20.8,94.4,1013.7,37.0,6.0,236.7,20.5,23344,65322,1,30.9,21.9,25.4,32.9,21.9,26.0,20.4
Chaguanas,2014-01-30,73.9,0.1016,18.3,98.8,1013.5,37.6,5.9,239.0,20.7,23340,65345,1,29.9,20.9,25.1,32.4,20.9,25.7,19.8
Chaguanas,2014-01-31,67.8,0.0,16.1,99.2,1012.8,44.4,6.2,237.1,20.4,23336,65367,0,30.9,21.9,26.2,32.3,21.9,26.7,19.3
Chaguanas,2014-02-01,74.1,0.9143999999999999,17.2,94.5,1013.1,74.8,6.2,200.1,17.3,23331,65389,1,30.9,21.9,26.1,33.7,21.9,27.1,20.9
Chaguanas,2014-02-02,78.2,1.4223999999999999,17.2,97.9,1012.8,55.4,6.2,209.4,18.3,23325,65411,1,30.9,22.9,26.3,35.4,22.9,27.7,22.0
Chaguanas,2014-02-03,72.3,0.9143999999999999,17.2,84.8,1012.0,32.3,6.0,238.3,20.6,23317,65431,1,31.9,22.9,26.9,35.7,22.9,28.1,21.2
Chaguanas,2014-02-04,78.8,2.1336,15.0,81.9,1012.2,68.5,5.8,228.9,19.7,23309,65451,1,31.9,22.9,26.1,35.7,22.9,27.2,21.9
Chaguanas,2014-02-05,75.5,3.302,16.1,89.4,1012.1,57.7,6.2,223.4,19.3,23300,65471,1,30.9,22.9,26.4,33.7,22.9,27.5,21.6
Chaguanas,2014-02-06,87.1,13.1572,11.4,94.1,1013.2,74.3,5.7,205.1,17.6,23289,65489,1,27.9,22.9,24.2,30.6,22.9,24.5,21.9
Chaguanas,2014-02-07,79.1,1.5239999999999998,15.0,105.5,1013.8,81.7,5.8,227.9,19.7,23278,65508,1,30.9,23.9,26.7,34.4,23.9,28.0,22.5
Chaguanas,2014-02-08,81.0,0.6096,15.0,100.1,1013.3,68.5,6.0,223.7,19.2,23266,65525,1,28.9,22.9,25.9,31.9,22.9,26.8,22.3
Chaguanas,2014-02-09,76.5,0.508,17.2,105.3,1012.6,51.7,6.1,219.3,19.0,23253,65542,1,30.9,23.9,26.7,33.7,23.9,27.7,21.9
Chaguanas,2014-02-10,72.7,0.1016,16.1,102.2,1012.8,43.8,6.2,241.8,20.7,23238,65558,1,30.276,22.9,27.6,44.9,22.9,28.7,21.7
Chaguanas,2014-02-11,74.9,1.2192,18.3,101.9,1013.1,51.7,6.2,233.2,20.2,23223,65574,1,30.9,24.9,27.1,34.4,24.9,28.5,22.0
Chaguanas,2014-02-12,79.0,0.2032,17.2,102.0,1013.0,53.3,5.5,239.2,20.6,23207,65589,1,29.9,23.9,26.3,33.4,23.9,27.5,22.2
Chaguanas,2014-02-13,76.6,0.0,16.1,101.0,1013.3,52.8,6.1,262.2,22.5,23190,65603,0,30.9,23.9,26.8,34.4,23.9,28.1,22.1
Chaguanas,2014-02-14,72.8,0.0,15.0,102.7,1014.3,38.6,6.2,256.7,22.3,23173,65617,0,31.9,22.9,26.7,34.1,22.9,27.7,21.1
Chaguanas,2014-02-15,75.4,0.6096,18.3,100.5,1015.1,43.8,6.2,246.1,21.5,23154,65630,1,30.9,23.9,26.4,32.9,23.9,27.3,21.4
Chaguanas,2014-02-16,71.7,0.2032,16.1,100.2,1014.3,28.7,6.2,249.4,21.6,23134,65642,1,30.9,22.9,26.6,32.9,22.9,27.4,20.7
Chaguanas,2014-02-17,70.8,0.6096,16.1,100.0,1013.3,32.3,6.2,250.0,21.6,23114,65654,1,30.9,22.9,26.9,33.7,22.9,27.9,20.8
Chaguanas,2014-02-18,71.8,0.1016,16.1,105.9,1012.9,32.8,6.2,273.6,23.8,23093,65665,1,31.9,21.9,26.3,33.4,21.9,27.0,20.4
Chaguanas,2014-02-19,76.9,1.5239999999999998,18.3,94.9,1012.7,47.0,6.1,217.2,18.8,23071,65676,1,30.9,21.9,25.3,32.9,21.9,26.1,20.7
Chaguanas,2014-02-20,70.1,0.0,18.3,98.3,1013.0,30.8,6.0,267.2,23.0,23048,65686,0,31.9,21.9,26.1,32.8,21.9,26.7,19.7
Chaguanas,2014-02-21,72.3,0.8128,18.3,101.5,1013.1,32.3,6.2,249.4,21.5,23025,65696,1,32.9,21.9,26.4,36.0,21.9,27.6,20.7
Chaguanas,2014-02-22,68.0,0.2032,24.2,92.9,1013.2,50.2,6.2,242.0,21.0,23001,65705,1,31.9,23.9,27.1,34.1,23.9,28.0,20.4
Chaguanas,2014-02-23,73.6,1.8287999999999998,20.8,100.2,1013.4,49.6,5.9,242.7,20.9,22976,65713,1,30.9,23.9,26.5,34.4,23.9,27.4,21.1
Chaguanas,2014-02-24,69.8,0.0,18.3,96.7,1013.4,71.7,6.1,243.6,21.0,22950,65721,0,31.9,23.9,27.1,34.1,23.9,27.8,20.7
Chaguanas,2014-02-25,78.6,1.3208,18.3,93.2,1013.4,58.3,6.1,285.0,24.5,22924,65728,1,28.9,21.9,25.6,31.9,21.9,26.6,21.4
Chaguanas,2014-02-26,71.6,0.4064,16.1,95.2,1013.4,75.8,6.2,284.0,24.6,22897,65735,1,31.9,22.9,27.0,34.8,22.9,28.1,21.1
Chaguanas,2014-02-27,73.9,0.2032,15.0,102.9,1013.4,58.6,6.2,280.9,24.4,22869,65742,1,31.9,22.9,26.8,34.8,22.9,28.1,21.5
Chaguanas,2014-02-28,71.7,0.2032,16.1,107.0,1013.4,29.2,6.2,290.1,25.0,22841,65748,1,32.9,23.9,27.2,35.2,23.9,28.2,21.2
Chaguanas,2014-03-01,77.9,1.7272,18.3,92.3,1013.4,44.4,6.1,285.0,24.8,22812,65753,1,30.9,22.9,26.1,33.7,22.9,26.9,21.6
Chaguanas,2014-03-02,73.8,0.0,18.3,91.1,1013.4,45.4,6.2,294.4,25.4,22783,65758,0,31.9,22.9,26.7,34.1,22.9,27.6,21.2
Chaguanas,2014-03-03,70.9,0.0,19.5,91.1,1013.4,31.3,6.2,298.3,25.8,22753,65763,0,31.9,22.9,26.8,34.1,22.9,27.7,20.7
Chaguanas,2014-03-04,72.8,0.0,16.1,91.6,1013.4,35.6,6.1,287.7,24.8,22723,65767,0,31.9,21.9,26.6,34.1,21.9,27.4,20.9
Chaguanas,2014-03-05,70.2,0.0,18.3,93.3,1013.4,41.2,6.2,291.6,25.2,22692,65771,0,31.9,22.9,26.9,34.1,22.9,27.9,20.7
Chaguanas,2014-03-06,69.9,0.0,17.2,101.7,1013.4,36.5,6.1,281.0,24.5,22661,65774,0,31.9,21.9,26.6,34.1,21.9,27.3,20.2
Chaguanas,2014-03-07,68.6,0.0,13.9,112.7,1013.4,46.6,6.2,294.8,25.5,22629,65777,0,31.9,21.9,26.3,33.4,21.9,26.8,19.6
Chaguanas,2014-03-08,71.1,0.0,15.0,108.9,1013.4,47.5,6.1,302.8,26.0,22597,65780,0,31.9,21.9,26.5,34.8,21.9,27.5,20.4
Chaguanas,2014-03-09,69.2,0.0,13.9,102.1,1013.4,49.6,6.2,302.6,26.1,22564,65783,0,33.9,20.9,26.8,35.1,20.9,27.5,20.0
Chaguanas,2014-03-10,70.3,0.0,16.1,106.6,1013.4,38.1,5.6,295.2,25.7,22531,65785,0,32.9,21.9,26.7,35.2,21.9,27.6,20.4
Chaguanas,2014-03-11,71.9,0.0,15.0,108.3,1013.4,54.4,6.2,304.3,26.1,22498,65786,0,31.9,21.9,26.6,34.1,21.9,27.7,20.7
Chaguanas,2014-03-12,71.6,0.0,17.2,104.2,1013.4,41.8,6.2,290.9,25.1,22464,65788,0,32.9,21.9,26.9,36.0,21.9,28.1,20.9
Chaguanas,2014-03-13,70.7,1.016,13.9,106.0,1013.4,62.8,5.7,284.8,24.7,22430,65789,1,32.9,22.9,27.1,36.0,22.9,28.1,20.9
Chaguanas,2014-03-14,76.6,2.7432,13.9,107.5,1013.4,58.6,5.9,293.5,25.4,22396,65790,1,32.9,22.9,26.6,36.0,22.9,27.7,21.7
Chaguanas,2014-03-15,71.2,0.1016,17.2,107.9,1013.4,47.0,6.2,262.4,22.7,22362,65791,1,31.9,22.9,26.4,34.1,22.9,27.3,20.2
Chaguanas,2014-03-16,75.5,0.8128,17.2,111.1,1013.4,42.3,6.1,300.8,26.0,22327,65792,1,31.9,22.9,26.9,35.7,22.9,28.4,21.9
Chaguanas,2014-03-17,79.0,0.0,16.1,104.1,1013.4,43.3,6.1,302.7,26.4,22292,65792,0,30.9,24.9,26.9,34.4,24.9,28.4,22.7
Chaguanas,2014-03-18,72.5,0.0,18.3,99.3,1013.4,47.3,6.2,290.5,25.0,22257,65792,0,31.9,22.9,27.5,34.8,22.9,29.1,21.8
Chaguanas,2014-03-19,73.1,0.0,16.1,99.8,1013.4,53.3,6.1,301.2,26.0,22222,65792,0,32.9,24.9,27.9,36.0,24.9,29.3,22.2
Chaguanas,2014-03-20,70.4,0.0,19.5,101.5,1013.4,31.3,6.1,301.5,26.1,22186,65792,0,32.9,24.9,27.8,36.0,24.9,29.1,21.6
Chaguanas,2014-03-21,69.0,0.0,19.5,103.9,1013.4,41.2,6.2,282.8,24.5,22151,65792,0,32.9,24.9,27.9,36.0,24.9,29.1,21.4
Chaguanas,2014-03-22,70.5,0.0,18.3,96.9,1013.4,42.8,6.1,292.5,25.3,22115,65792,0,31.9,23.9,27.6,34.8,23.9,28.8,21.4
Chaguanas,2014-03-23,69.6,0.1016,18.3,97.8,1013.4,59.5,6.2,251.8,21.9,22080,65792,1,31.9,23.9,27.3,34.8,23.9,28.4,20.9
Chaguanas,2014-03-24,71.4,0.0,16.1,105.5,1013.4,63.4,6.2,305.1,26.4,22044,65791,0,32.9,21.9,26.7,35.2,21.9,27.6,20.5
Chaguanas,2014-03-25,70.9,0.0,16.1,103.9,1013.4,78.6,6.2,311.2,27.0,22008,65791,0,32.9,21.9,26.8,35.2,21.9,27.8,20.6
Chaguanas,2014-03-26,69.2,0.0,16.1,103.8,1013.4,52.3,5.8,310.7,26.7,21972,65790,0,32.9,22.9,27.4,36.0,22.9,28.6,20.8
Chaguanas,2014-03-27,61.3,0.0,16.1,104.7,1013.4,46.0,6.0,319.4,27.5,21937,65790,0,31.256,23.9,28.5,44.9,23.9,29.3,19.5
Chaguanas,2014-03-28,75.7,0.6096,20.8,97.4,1013.4,50.1,6.0,293.8,25.5,21901,65789,1,31.9,20.9,25.9,34.1,20.9,26.6,20.8
Chaguanas,2014-03-29,71.2,0.0,16.1,105.2,1013.4,36.0,6.2,313.6,27.0,21865,65789,0,31.9,21.9,27.0,34.1,21.9,27.9,20.7
Chaguanas,2014-03-30,69.6,0.0,16.1,115.6,1013.4,38.0,6.2,315.9,27.3,21830,65788,0,32.9,22.9,27.4,35.2,22.9,28.5,20.9
Chaguanas,2014-03-31,71.0,1.6256,17.2,104.4,1013.4,45.4,6.2,254.2,21.9,21794,65788,1,32.9,24.9,28.2,36.0,24.9,30.1,22.1
Chaguanas,2014-04-01,75.0,2.9464,18.3,108.1,1013.4,88.0,6.1,227.0,19.7,21759,65788,1,30.9,24.9,26.9,35.4,24.9,28.2,21.7
Chaguanas,2014-04-02,71.4,0.508,15.0,115.9,1013.4,77.5,6.2,293.7,25.4,21724,65788,1,32.9,23.9,27.6,35.2,23.9,29.0,21.6
Chaguanas,2014-04-03,70.6,0.0,16.1,112.8,1013.4,59.5,6.2,302.7,26.2,21689,65787,0,32.9,23.9,27.7,36.0,23.9,29.1,21.6
Chaguanas,2014-04-04,68.2,0.0,17.2,102.2,1013.4,80.1,6.2,290.4,25.0,21654,65787,0,31.9,22.9,27.1,34.1,22.9,27.9,20.3
Chaguanas,2014-04-05,76.3,0.7111999999999999,18.3,99.7,1013.4,70.6,6.1,299.6,25.9,21619,65788,1,30.9,22.9,26.4,34.1,22.9,27.7,21.7
Chaguanas,2014-04-06,82.5,1.8287999999999998,18.3,103.3,1013.4,80.1,5.9,270.2,23.4,21585,65788,1,30.9,23.9,26.6,35.4,23.9,28.2,23.2
Chaguanas,2014-04-07,73.6,0.0,18.3,100.2,1013.4,57.0,6.2,308.3,26.9,21551,65788,0,32.9,24.9,27.4,36.0,24.9,28.4,21.8
Chaguanas,2014-04-08,69.4,0.3048,18.3,111.1,1013.4,52.8,6.2,292.9,25.5,21517,65789,1,32.9,24.9,28.2,36.0,24.9,29.8,21.7
Chaguanas,2014-04-09,75.4,0.4064,18.3,112.1,1013.4,54.9,5.9,304.7,26.4,21484,65790,1,30.9,23.9,27.2,35.0,23.9,28.8,22.3
Chaguanas,2014-04-10,69.9,0.0,18.3,103.2,1013.4,37.5,6.2,301.1,26.2,21451,65791,0,32.9,23.9,27.8,35.2,23.9,29.1,21.3
Chaguanas,2014-04-11,64.2,0.0,18.3,100.3,1013.4,43.4,6.2,314.9,27.1,21418,65792,0,31.9,22.9,27.7,34.1,22.9,28.3,19.8
Chaguanas,2014-04-12,63.7,0.0,16.1,95.2,1013.4,39.1,6.2,322.6,27.8,21385,65793,0,31.9,22.9,27.1,33.4,22.9,27.5,19.1
Chaguanas,2014-04-13,67.1,0.0,13.9,103.0,1013.4,58.0,6.2,307.8,26.6,21353,65795,0,33.9,21.9,27.2,35.7,21.9,28.1,20.1
Chaguanas,2014-04-14,70.4,0.0,19.5,98.4,1013.4,79.0,6.2,301.6,26.2,21321,65797,0,32.9,22.9,27.3,36.0,22.9,28.6,21.2
Chaguanas,2014-04-15,68.9,0.7111999999999999,20.8,103.4,1013.4,80.1,6.2,225.2,19.5,21290,65799,1,32.9,24.9,28.2,35.2,24.9,29.7,21.6
Chaguanas,2014-04-16,77.3,0.6096,16.1,108.1,1013.4,84.8,6.1,258.4,22.4,21259,65801,1,29.9,24.9,26.9,34.1,24.9,28.2,22.4
Chaguanas,2014-04-17,77.0,3.7591999999999994,17.2,94.4,1013.4,91.2,5.8,242.7,20.9,21229,65804,1,31.9,22.9,26.7,35.7,22.9,27.8,22.1
Chaguanas,2014-04-18,84.8,6.5786,13.9,101.7,1013.4,88.5,5.3,241.4,20.9,21199,65807,1,28.9,23.9,25.9,32.6,23.9,26.8,23.1
Chaguanas,2014-04-19,72.5,0.4064,18.3,94.3,1013.4,81.7,6.2,284.4,24.5,21170,65810,1,31.9,24.9,27.9,35.7,24.9,29.6,22.2
Chaguanas,2014-04-20,79.8,2.8447999999999998,19.5,104.8,1013.4,65.3,6.2,274.7,23.5,21141,65814,1,29.9,24.9,26.9,36.1,24.9,28.7,23.1
Chaguanas,2014-04-21,80.9,3.4544,17.2,103.2,1013.4,66.9,5.7,280.9,24.2,21112,65818,1,31.9,24.9,27.1,36.7,24.9,29.1,23.4
Chaguanas,2014-04-22,79.2,1.7272,18.3,95.8,1013.4,78.0,5.8,249.9,21.5,21085,65822,1,31.9,23.9,27.1,35.7,23.9,28.7,22.9
Chaguanas,2014-04-23,75.1,0.7111999999999999,20.8,103.0,1013.4,57.0,6.0,279.8,24.1,21057,65827,1,32.9,24.9,27.9,36.7,24.9,30.0,22.8
Chaguanas,2014-04-24,76.2,2.032,17.2,98.5,1013.4,84.8,5.8,291.3,25.1,21031,65832,1,31.9,24.9,28.1,36.7,24.9,30.3,23.2
Chaguanas,2014-04-25,71.5,0.0,18.3,98.3,1013.4,83.3,6.2,290.9,25.0,21005,65837,0,31.9,24.9,27.9,34.8,24.9,29.5,22.0
Chaguanas,2014-04-26,70.4,0.0,17.2,97.9,1013.4,50.6,6.1,287.5,24.9,20979,65843,0,32.9,23.9,27.7,36.0,23.9,29.1,21.5
Chaguanas,2014-04-27,68.9,0.0,17.2,96.8,1013.4,50.6,6.2,294.3,25.3,20954,65849,0,32.9,23.9,27.7,35.2,23.9,28.9,21.1
Chaguanas,2014-04-28,70.1,0.0,17.2,95.4,1013.4,63.8,6.2,289.2,25.0,20930,65855,0,31.9,23.9,27.8,34.8,23.9,29.4,21.6
Chaguanas,2014-04-29,75.5,0.0,17.2,101.4,1013.4,67.1,6.0,278.5,24.1,20906,65862,0,31.9,24.9,27.7,35.7,24.9,30.0,22.8
Chaguanas,2014-04-30,68.9,0.0,20.8,97.0,1013.4,68.9,6.2,282.6,24.3,20884,65869,0,32.9,24.9,28.1,35.2,24.9,29.4,21.4
Chaguanas,2014-05-01,64.7,0.0,16.1,95.6,1013.4,53.2,6.2,286.1,24.8,20861,65877,0,33.9,23.9,28.2,35.1,23.9,29.2,20.2
Chaguanas,2014-05-02,66.2,0.0,20.8,89.4,1013.4,51.7,6.0,293.4,25.5,20840,65885,0,32.9,23.9,28.2,35.2,23.9,29.8,20.9
Chaguanas,2014-05-03,68.3,0.0,18.3,89.8,1013.4,49.1,6.0,283.1,24.4,20819,65893,0,32.9,24.9,28.4,36.0,24.9,30.2,21.7
Chaguanas,2014-05-04,67.2,0.0,18.3,86.6,1013.4,28.6,6.2,285.6,24.7,20799,65902,0,32.9,24.9,27.8,35.2,24.9,29.0,20.9
Chaguanas,2014-05-05,74.1,0.0,18.3,92.9,1013.4,53.3,6.1,292.1,25.3,20780,65911,0,31.9,23.9,27.2,34.8,23.9,28.7,22.0
Chaguanas,2014-05-06,71.8,0.1016,17.2,103.2,1013.4,32.3,6.2,298.2,25.9,20761,65920,1,33.9,24.9,28.4,37.2,24.9,30.3,22.4
Chaguanas,2014-05-07,71.9,0.0,16.1,111.4,1013.4,44.3,6.2,300.0,26.0,20743,65930,0,32.9,24.9,28.4,36.9,24.9,30.6,22.6
Chaguanas,2014-05-08,65.7,0.0,19.5,91.3,1013.4,62.7,6.2,319.7,27.6,20726,65940,0,32.9,23.9,27.8,35.2,23.9,28.7,20.3
Chaguanas,2014-05-09,67.7,0.0,15.0,105.1,1013.4,76.9,6.2,209.0,18.2,20709,65951,0,32.9,21.9,27.3,34.5,21.9,28.2,20.2
Chaguanas,2014-05-10,71.5,0.8128,15.0,104.0,1013.4,86.4,6.2,251.1,21.6,20694,65962,1,31.9,23.9,27.5,34.8,23.9,28.8,21.6
Chaguanas,2014-05-11,74.1,0.9143999999999999,16.1,99.5,1013.4,88.0,6.2,261.6,22.5,20679,65973,1,31.9,24.9,27.2,34.8,24.9,28.4,22.0
Chaguanas,2014-05-12,71.2,1.5239999999999998,18.3,94.3,1013.4,86.4,6.2,292.9,25.3,20665,65984,1,31.9,23.9,27.7,34.8,23.9,29.1,21.7
Chaguanas,2014-05-13,67.0,0.1016,20.8,90.7,1013.4,57.5,6.1,314.1,27.2,20652,65996,1,31.9,23.9,28.2,34.1,23.9,29.5,21.1
Chaguanas,2014-05-14,72.3,1.6256,18.3,97.7,1013.4,83.8,6.2,204.6,17.6,20639,66009,1,31.9,24.9,27.7,34.8,24.9,29.2,22.0
Chaguanas,2014-05-15,71.4,0.4064,17.2,100.6,1013.4,83.3,6.2,265.4,22.9,20628,66021,1,32.9,24.9,28.2,36.9,24.9,29.8,22.1
Chaguanas,2014-05-16,68.4,0.0,16.1,100.0,1013.4,80.4,6.2,308.0,26.4,20617,66034,0,33.9,24.9,28.7,37.2,24.9,30.4,21.7
Chaguanas,2014-05-17,70.4,0.0,16.1,107.2,1013.4,47.5,6.2,310.9,26.9,20607,66048,0,33.9,23.9,28.4,37.2,23.9,29.9,21.9
Chaguanas,2014-05-18,68.0,0.0,16.1,93.9,1013.4,36.5,6.1,314.1,27.0,20597,66061,0,33.9,23.9,28.4,36.4,23.9,29.8,21.4
Chaguanas,2014-05-19,74.1,3.3528,17.2,96.4,1013.4,47.0,6.0,287.4,24.9,20589,66075,1,33.9,22.9,27.5,38.2,22.9,29.1,22.0
Chaguanas,2014-05-20,73.5,1.9304,18.3,103.2,1013.4,61.7,6.1,292.2,25.0,20581,66089,1,32.9,24.9,28.3,36.9,24.9,30.3,22.7
Chaguanas,2014-05-21,70.9,2.2352,23.0,89.8,1013.4,44.9,6.2,299.5,25.8,20574,66104,1,32.9,24.9,28.1,36.9,24.9,29.6,21.9
Chaguanas,2014-05-22,68.6,0.3048,20.8,99.7,1013.4,43.3,6.2,292.6,25.2,20568,66119,1,32.9,23.9,27.7,35.2,23.9,28.9,21.0
Chaguanas,2014-05-23,69.1,3.0479999999999996,23.0,96.5,1013.4,47.5,5.8,300.0,25.8,20563,66134,1,32.9,23.9,27.8,36.0,23.9,29.1,21.2
Chaguanas,2014-05-24,71.7,3.4544,18.3,96.6,1013.4,47.6,6.2,298.8,25.8,20559,66149,1,33.9,23.9,27.9,37.2,23.9,29.5,21.9
Chaguanas,2014-05-25,77.0,10.363199999999999,23.0,93.7,1013.4,45.4,5.8,189.1,16.3,20555,66164,1,30.9,24.9,27.3,34.4,24.9,28.8,22.7
Chaguanas,2014-05-26,72.3,2.54,19.5,96.8,1013.4,45.4,6.1,250.9,21.7,20552,66180,1,32.9,25.9,28.7,37.9,25.9,31.3,22.9
Chaguanas,2014-05-27,74.3,4.8768,24.2,95.1,1013.4,52.8,6.0,186.7,16.1,20550,66195,1,30.9,25.9,27.9,34.4,25.9,30.6,22.8
Chaguanas,2014-05-28,70.2,2.4384,19.5,99.2,1013.4,40.1,6.2,268.1,23.2,20549,66211,1,32.9,24.9,28.6,36.0,24.9,30.5,22.2
Chaguanas,2014-05-29,73.2,3.3528,18.3,109.6,1013.4,62.5,6.2,250.3,21.5,20548,66227,1,32.9,25.9,28.2,36.9,25.9,30.1,22.7
Chaguanas,2014-05-30,79.5,2.2352,17.2,103.3,1013.4,71.1,6.0,303.0,26.1,20548,66244,1,31.9,23.9,27.1,35.7,23.9,28.4,22.9
Chaguanas,2014-05-31,73.9,2.6416,18.3,98.3,1013.4,36.5,6.2,280.9,24.3,20549,66260,1,32.9,23.9,28.3,36.9,23.9,30.7,22.8
Chaguanas,2014-06-01,74.1,2.3367999999999998,23.0,110.0,1013.4,39.6,5.8,174.4,14.9,20551,66276,1,31.9,25.9,28.5,36.7,25.9,31.3,23.2
Chaguanas,2014-06-02,71.0,1.016,18.3,108.1,1013.4,51.7,6.0,264.9,22.9,20553,66293,1,32.9,25.9,28.6,36.0,25.9,30.5,22.4
Chaguanas,2014-06-03,71.7,1.2192,20.8,91.8,1013.4,42.8,6.1,289.4,24.9,20556,66309,1,32.9,24.9,28.4,36.9,24.9,30.4,22.4
Chaguanas,2014-06-04,71.5,0.4064,19.5,88.5,1013.4,36.0,6.2,288.0,24.9,20560,66325,1,32.9,24.9,28.4,36.9,24.9,30.2,22.3
Chaguanas,2014-06-05,69.6,0.3048,19.5,91.4,1013.4,40.7,6.0,288.2,25.0,20564,66342,1,32.9,24.9,28.3,36.0,24.9,30.1,21.8
Chaguanas,2014-06-06,68.1,13.208,20.8,90.4,1013.4,57.5,6.0,264.2,22.8,20569,66358,1,33.9,24.9,28.9,37.2,24.9,30.7,21.9
Chaguanas,2014-06-07,85.3,25.3492,18.3,95.1,1013.4,56.9,4.9,168.4,14.4,20575,66375,1,30.9,23.9,26.8,36.4,23.9,29.0,24.0
Chaguanas,2014-06-08,82.6,6.095999999999999,19.5,93.4,1013.4,52.0,5.7,269.0,23.3,20581,66391,1,30.9,24.9,26.8,36.4,24.9,28.4,23.5
Chaguanas,2014-06-09,79.2,2.032,23.0,93.9,1013.4,47.0,5.9,276.6,23.9,20588,66407,1,30.9,24.9,27.7,36.4,24.9,30.1,23.6
Chaguanas,2014-06-10,77.0,1.2192,21.9,95.8,1013.4,45.9,6.1,250.8,21.6,20596,66423,1,32.9,24.9,28.2,37.9,24.9,30.9,23.6
Chaguanas,2014-06-11,73.5,5.4864,24.2,93.8,1013.4,48.5,6.0,259.8,22.2,20604,66439,1,31.9,25.9,28.5,36.4,25.9,31.4,23.1
Chaguanas,2014-06-12,86.1,15.062199999999999,16.1,92.2,1013.4,49.1,5.4,202.3,17.4,20613,66455,1,29.9,23.9,26.7,36.1,23.9,28.4,24.1
Chaguanas,2014-06-13,81.2,3.1496,19.5,85.2,1013.4,54.8,6.0,245.9,21.3,20622,66470,1,31.9,24.9,27.9,38.9,24.9,31.1,24.2
Chaguanas,2014-06-14,76.3,1.8287999999999998,18.3,95.3,1013.4,41.2,6.1,269.8,23.3,20632,66486,1,31.9,24.9,28.3,37.8,24.9,31.3,23.6
Chaguanas,2014-06-15,81.9,8.128,19.5,86.8,1013.4,53.8,5.8,158.1,13.7,20642,66501,1,31.9,24.9,27.7,37.8,24.9,30.4,24.2
Chaguanas,2014-06-16,76.3,0.9143999999999999,18.3,90.4,1013.4,28.1,5.9,228.7,19.7,20653,66515,1,32.9,24.9,28.1,37.9,24.9,30.5,23.3
Chaguanas,2014-06-17,70.0,0.9143999999999999,15.0,102.6,1013.4,30.2,6.2,237.7,20.5,20664,66530,1,32.9,24.9,28.5,36.7,24.9,30.3,22.1
Chaguanas,2014-06-18,72.6,0.0,13.9,123.3,1013.4,37.8,6.2,298.1,25.8,20676,66544,0,32.9,23.9,27.9,36.0,23.9,29.6,22.1
Chaguanas,2014-06-19,73.5,1.4223999999999999,15.0,114.9,1013.4,38.7,6.2,252.9,21.9,20688,66558,1,32.9,24.9,28.8,39.1,24.9,31.6,23.2
Chaguanas,2014-06-20,81.3,4.8768,17.2,113.4,1013.4,54.3,5.6,211.4,18.2,20701,66571,1,31.9,24.9,27.7,37.8,24.9,30.6,24.1
Chaguanas,2014-06-21,72.2,1.5239999999999998,24.2,107.3,1013.4,39.1,6.0,266.3,23.0,20713,66584,1,32.9,25.9,28.9,37.9,25.9,31.9,23.2
Chaguanas,2014-06-22,73.1,2.4384,20.8,112.1,1013.4,52.8,6.1,231.6,19.9,20727,66597,1,31.9,25.9,28.7,36.7,25.9,31.7,23.2
Chaguanas,2014-06-23,75.1,2.2352,20.8,118.1,1013.4,51.2,6.1,276.3,23.9,20740,66609,1,32.9,25.9,28.5,37.9,25.9,31.3,23.4
Chaguanas,2014-06-24,77.3,5.588,19.5,100.9,1013.4,45.4,6.1,262.7,22.6,20754,66621,1,30.9,25.9,27.9,36.4,25.9,30.8,23.5
Chaguanas,2014-06-25,75.3,3.4544,19.5,98.1,1013.4,39.8,6.1,205.9,17.7,20768,66632,1,31.9,24.9,28.3,37.8,24.9,31.1,23.3
Chaguanas,2014-06-26,69.5,1.8287999999999998,16.1,89.7,1013.4,32.8,6.2,250.1,21.6,20782,66643,1,33.9,25.9,28.8,38.2,25.9,31.1,22.4
Chaguanas,2014-06-27,75.9,3.3528,18.3,107.0,1013.4,47.0,5.9,170.1,14.8,20797,66653,1,31.9,24.9,28.1,37.8,24.9,30.6,23.2
Chaguanas,2014-06-28,82.6,5.384799999999999,16.1,89.5,1013.4,43.8,6.1,193.5,16.7,20812,66663,1,30.9,24.9,27.5,37.6,24.9,30.4,24.2
Chaguanas,2014-06-29,81.2,4.368799999999999,15.0,98.2,1013.4,53.3,5.6,205.4,17.7,20826,66672,1,30.9,24.9,27.3,36.4,24.9,29.3,23.7
Chaguanas,2014-06-30,78.1,1.9304,13.9,105.5,1013.4,33.6,6.1,120.1,10.5,20841,66680,1,32.9,25.9,28.2,37.9,25.9,30.9,23.8
Chaguanas,2014-07-01,73.3,0.2032,16.1,90.2,1013.4,37.0,6.0,263.1,22.7,20857,66688,1,32.9,25.9,28.6,36.9,25.9,30.8,23.0
Chaguanas,2014-07-02,70.1,0.0,17.2,93.6,1013.4,37.5,6.2,301.6,25.9,20872,66695,0,32.9,23.9,27.8,34.5,23.9,29.0,21.4
Chaguanas,2014-07-03,72.5,0.0,19.5,91.0,1013.4,33.9,6.2,277.6,24.0,20887,66702,0,32.9,23.9,28.2,36.9,23.9,30.5,22.5
Chaguanas,2014-07-04,69.4,0.2032,19.5,101.5,1013.4,29.4,6.2,286.8,24.7,20903,66708,1,32.9,24.9,28.7,36.9,24.9,30.6,22.2
Chaguanas,2014-07-05,75.4,1.5239999999999998,18.3,96.2,1013.4,35.5,6.1,296.0,25.4,20918,66713,1,32.9,23.9,27.9,37.9,23.9,30.2,22.8
Chaguanas,2014-07-06,77.5,2.1336,18.3,103.1,1013.4,39.6,5.8,262.1,22.7,20934,66718,1,31.9,24.9,28.1,37.8,24.9,31.1,23.6
Chaguanas,2014-07-07,74.3,1.3208,19.5,98.2,1013.4,39.7,5.9,286.3,24.9,20949,66722,1,32.9,24.9,28.4,36.9,24.9,30.8,23.1
Chaguanas,2014-07-08,68.7,0.8128,24.2,92.3,1013.4,31.3,6.2,283.0,24.3,20964,66725,1,32.9,24.9,28.9,36.9,24.9,31.1,22.2
Chaguanas,2014-07-09,71.8,12.2936,23.0,89.6,1013.4,35.7,6.1,191.5,16.7,20980,66727,1,32.9,25.9,28.1,36.0,25.9,30.2,22.3
Chaguanas,2014-07-10,83.7,24.790399999999998,19.5,101.2,1013.4,53.6,5.8,87.3,7.4,20995,66729,1,31.9,23.9,26.7,37.8,23.9,28.2,23.6
Chaguanas,2014-07-11,83.0,15.9766,20.8,96.6,1013.4,54.9,5.3,101.0,8.8,21010,66730,1,29.9,23.9,26.7,35.0,23.9,28.6,23.4
Chaguanas,2014-07-12,72.5,7.619999999999999,18.3,97.5,1013.4,52.8,6.2,177.8,15.4,21025,66730,1,31.9,25.9,28.4,36.7,25.9,31.1,22.8
Chaguanas,2014-07-13,72.4,0.508,16.1,94.9,1013.4,42.3,6.2,286.3,24.7,21040,66729,1,32.9,25.9,28.6,36.9,25.9,30.6,22.7
Chaguanas,2014-07-14,77.4,5.1815999999999995,18.3,112.2,1013.4,31.7,6.2,218.0,18.8,21055,66728,1,31.9,23.9,27.7,37.8,23.9,30.2,23.2
Chaguanas,2014-07-15,84.3,10.0838,11.4,124.6,1013.4,41.8,5.8,129.9,11.3,21069,66726,1,30.9,24.9,26.9,37.6,24.9,28.7,23.9
Chaguanas,2014-07-16,77.8,6.095999999999999,15.0,126.3,1013.4,35.4,6.1,174.0,14.9,21084,66723,1,32.9,24.9,28.4,37.9,24.9,31.0,23.8
Chaguanas,2014-07-17,75.6,16.637,17.2,97.3,1013.4,42.4,6.0,166.5,14.4,21098,66719,1,31.9,24.9,28.3,37.8,24.9,30.9,23.3
Chaguanas,2014-07-18,92.6,57.8358,11.4,107.2,1013.4,47.0,4.7,227.4,19.7,21111,66714,1,25.9,22.9,24.9,25.9,22.9,24.9,23.6
Chaguanas,2014-07-19,87.0,19.177,16.1,104.6,1013.4,48.0,5.5,278.8,24.2,21125,66708,1,30.9,24.9,26.4,36.4,24.9,27.9,24.1
Chaguanas,2014-07-20,87.0,12.496799999999999,13.9,95.3,1013.4,51.2,5.2,252.7,21.8,21138,66702,1,29.9,24.9,26.3,35.0,24.9,27.7,23.9
Chaguanas,2014-07-21,76.7,2.1336,17.2,108.8,1013.4,36.0,5.8,288.2,25.0,21151,66695,1,31.9,24.9,27.7,36.4,24.9,29.6,22.9
Chaguanas,2014-07-22,85.7,8.889999999999999,16.1,107.6,1013.4,43.3,5.6,285.2,24.4,21164,66687,1,30.9,22.9,26.1,35.4,22.9,27.1,23.4
Chaguanas,2014-07-23,76.7,1.1176,15.0,109.2,1013.4,39.1,6.1,268.0,23.0,21177,66678,1,32.9,24.9,28.3,37.9,24.9,31.3,23.6
Chaguanas,2014-07-24,74.7,1.2192,16.1,105.7,1013.4,40.8,6.2,266.6,22.9,21189,66668,1,32.9,23.9,28.4,39.1,23.9,31.1,23.2
Chaguanas,2014-07-25,81.4,8.331199999999999,19.5,100.7,1013.4,41.2,6.0,157.4,13.6,21200,66658,1,31.9,24.9,27.0,36.7,24.9,28.5,23.4
Chaguanas,2014-07-26,77.8,4.9784,18.3,105.1,1013.4,51.1,6.0,216.1,18.7,21212,66646,1,31.9,25.9,28.2,37.8,25.9,30.9,23.7
Chaguanas,2014-07-27,75.7,0.9143999999999999,16.1,108.5,1013.4,41.3,5.9,160.1,13.7,21223,66634,1,31.9,24.9,28.2,39.1,24.9,30.9,23.3
Chaguanas,2014-07-28,72.5,1.6256,17.2,109.3,1013.4,28.1,6.2,138.9,12.0,21234,66621,1,32.9,24.9,28.7,39.1,24.9,31.6,23.1
Chaguanas,2014-07-29,72.0,1.016,12.8,116.6,1013.4,44.9,6.2,277.4,24.0,21244,66607,1,32.9,24.9,28.3,37.9,24.9,30.8,22.6
Chaguanas,2014-07-30,75.8,2.032,13.9,107.6,1013.4,29.2,6.2,209.9,18.0,21254,66592,1,32.9,24.9,28.0,36.9,24.9,30.2,23.1
Chaguanas,2014-07-31,73.0,2.4384,11.4,109.3,1013.4,41.0,6.2,280.6,24.2,21263,66577,1,33.9,24.9,28.5,40.4,24.9,30.9,22.8
Chaguanas,2014-08-01,81.7,1.7272,11.4,93.9,1013.4,28.1,6.1,168.1,14.6,21273,66560,1,28.9,23.9,26.6,32.6,23.9,28.3,23.1
Chaguanas,2014-08-02,78.5,4.368799999999999,15.9,95.0,1013.4,36.0,6.0,235.9,20.3,21281,66543,1,32.9,24.9,27.6,39.1,24.9,29.8,22.9
Chaguanas,2014-08-03,73.8,1.7272,16.1,101.8,1013.4,33.9,6.2,305.4,26.2,21290,66525,1,31.9,23.9,27.9,36.7,23.9,29.9,22.5
Chaguanas,2014-08-04,75.7,4.2672,15.0,100.4,1013.4,39.2,6.1,289.9,25.0,21298,66506,1,32.9,23.9,27.9,37.9,23.9,30.0,22.8
Chaguanas,2014-08-05,74.5,4.2672,16.1,105.6,1013.4,40.4,6.2,220.2,19.2,21305,66487,1,33.9,23.9,28.4,39.2,23.9,31.3,23.2
Chaguanas,2014-08-06,80.0,10.8712,9.2,62.6,1013.4,44.4,6.0,195.3,16.8,21312,66466,1,32.9,24.9,27.3,37.9,24.9,29.2,23.3
Chaguanas,2014-08-07,86.4,9.398,11.4,92.3,1013.4,39.3,5.9,130.9,11.3,21319,66445,1,28.9,23.9,25.7,32.6,23.9,26.7,23.2
Chaguanas,2014-08-08,80.8,6.7056,16.1,109.8,1013.4,38.6,6.1,165.3,14.2,21325,66423,1,31.9,23.9,27.1,36.7,23.9,29.3,23.2
Chaguanas,2014-08-09,75.6,1.6256,17.2,99.6,1013.4,33.3,6.1,246.8,21.2,21331,66401,1,32.9,23.9,27.9,37.9,23.9,30.2,22.9
Chaguanas,2014-08-10,82.6,3.0479999999999996,12.8,108.4,1013.4,31.3,5.9,276.8,23.9,21337,66377,1,30.9,22.9,26.6,36.4,22.9,28.7,23.2
Chaguanas,2014-08-11,79.2,6.2992,12.8,120.2,1013.4,32.8,6.2,229.5,19.9,21342,66353,1,32.9,23.9,27.8,39.1,23.9,30.7,23.7
Chaguanas,2014-08-12,79.4,11.074399999999999,17.2,122.5,1013.4,44.4,6.0,219.1,18.9,21346,66328,1,32.9,24.9,27.9,39.1,24.9,30.6,23.7
Chaguanas,2014-08-13,71.5,3.8608,18.3,105.8,1013.4,41.8,6.1,203.1,17.5,21351,66303,1,31.9,25.9,28.7,35.7,25.9,31.0,22.7
Chaguanas,2014-08-14,84.7,6.8072,15.0,111.6,1013.4,69.0,5.4,146.8,12.6,21354,66277,1,31.9,24.9,26.4,37.8,24.9,27.5,23.6
Chaguanas,2014-08-15,81.2,4.7752,16.1,42.9,1013.4,47.5,5.7,210.2,18.3,21358,66250,1,32.9,23.9,27.1,37.9,23.9,29.1,23.3
Chaguanas,2014-08-16,77.3,2.1336,11.4,118.3,1013.4,49.0,6.1,191.4,16.6,21361,66222,1,32.9,24.9,28.3,37.9,24.9,30.9,23.6
Chaguanas,2014-08-17,76.4,2.032,13.9,99.0,1013.4,38.7,6.1,255.1,22.2,21363,66194,1,32.9,24.9,28.7,39.1,24.9,32.0,23.9
Chaguanas,2014-08-18,70.1,5.842,15.0,102.4,1013.4,27.6,6.2,265.5,22.8,21366,66165,1,33.9,24.9,28.7,37.2,24.9,30.7,22.3
Chaguanas,2014-08-19,81.0,8.2296,15.0,76.0,1013.4,44.6,5.8,272.9,23.5,21368,66136,1,30.9,23.9,26.9,36.4,23.9,29.0,23.2
Chaguanas,2014-08-20,78.1,4.8768,12.8,33.9,1013.4,50.1,6.1,197.8,17.2,21369,66106,1,34.9,23.9,27.4,38.4,23.9,28.9,22.8
Chaguanas,2014-08-21,82.4,5.2832,10.3,245.7,1013.4,32.8,6.1,150.1,12.9,21370,66076,1,30.9,23.9,26.7,36.1,23.9,28.8,23.4
Chaguanas,2014-08-22,76.8,6.8072,15.0,146.7,1013.4,38.6,6.2,156.3,13.5,21371,66045,1,32.9,24.9,28.1,38.0,24.9,30.7,23.4
Chaguanas,2014-08-23,77.1,5.2832,13.9,114.7,1013.4,42.8,6.2,111.3,9.6,21372,66013,1,32.9,24.9,28.2,39.1,24.9,30.7,23.6
Chaguanas,2014-08-24,74.0,3.1496,17.2,108.6,1013.4,46.6,6.2,242.1,21.1,21372,65981,1,32.9,24.9,28.4,36.7,24.9,30.5,22.8
Chaguanas,2014-08-25,84.7,9.448799999999999,13.9,117.7,1013.4,39.6,5.8,152.3,13.2,21372,65948,1,30.9,24.9,27.0,37.6,24.9,29.3,24.1
Chaguanas,2014-08-26,84.0,14.0462,11.4,118.6,1013.4,36.0,5.9,134.6,11.5,21371,65915,1,30.9,24.9,26.7,35.4,24.9,28.1,23.6
Chaguanas,2014-08-27,86.9,10.5918,11.4,157.0,1013.4,47.0,5.7,190.6,16.5,21370,65881,1,30.9,23.9,25.6,36.4,23.9,26.4,23.2
Chaguanas,2014-08-28,75.8,3.1496,12.8,98.7,1013.4,38.6,6.2,197.3,17.2,21369,65847,1,32.9,24.9,28.1,37.9,24.9,30.4,23.1
Chaguanas,2014-08-29,74.6,4.9784,10.3,82.1,1013.4,38.6,6.2,171.5,14.7,21368,65813,1,32.9,23.9,28.2,37.9,23.9,30.7,22.9
Chaguanas,2014-08-30,82.3,7.823199999999999,13.9,87.6,1013.4,41.6,5.7,127.5,11.0,21366,65778,1,30.9,24.9,26.9,36.4,24.9,29.0,23.6
Chaguanas,2014-08-31,77.6,4.2672,15.0,108.2,1013.4,40.2,6.2,255.1,21.9,21364,65743,1,32.9,23.9,28.1,37.9,23.9,30.7,23.5
Chaguanas,2014-09-01,77.2,5.384799999999999,13.9,95.1,1013.4,33.3,6.1,148.0,12.8,21362,65707,1,33.9,24.9,28.2,38.2,24.9,30.7,23.6
Chaguanas,2014-09-02,80.9,7.7216,13.9,106.1,1013.4,40.7,5.9,158.5,13.7,21360,65671,1,31.9,24.9,27.7,37.8,24.9,30.4,23.9
Chaguanas,2014-09-03,84.9,7.416799999999999,13.9,102.6,1013.4,40.3,5.5,186.8,16.0,21357,65635,1,29.9,24.9,26.8,35.0,24.9,28.7,24.0
Chaguanas,2014-09-04,78.6,5.7912,69.1,115.1,1013.4,46.0,6.0,199.0,17.3,21354,65598,1,33.9,23.9,28.1,39.2,23.9,30.6,23.6
Chaguanas,2014-09-05,85.8,15.290799999999999,16.1,131.6,1013.4,40.7,5.7,202.0,17.5,21351,65561,1,32.9,23.9,26.6,39.1,23.9,27.7,23.8
Chaguanas,2014-09-06,77.8,1.6256,15.0,112.4,1013.4,29.2,6.2,142.8,12.2,21348,65524,1,32.9,23.9,28.0,37.9,23.9,30.6,23.4
Chaguanas,2014-09-07,85.5,3.7591999999999994,13.9,113.9,1013.4,43.8,6.0,209.1,17.9,21345,65486,1,31.9,24.9,26.1,36.7,24.9,26.9,23.3
Chaguanas,2014-09-08,76.8,1.7272,18.3,92.9,1013.4,38.1,6.2,248.4,21.6,21341,65449,1,32.9,24.9,27.9,37.9,24.9,30.3,23.2
Chaguanas,2014-09-09,73.0,2.54,18.3,90.0,1013.4,30.2,6.2,299.1,25.9,21338,65411,1,31.9,23.9,28.1,34.8,23.9,30.0,22.3
Chaguanas,2014-09-10,72.9,5.08,17.2,91.3,1013.4,31.3,6.2,275.5,23.8,21334,65373,1,31.9,24.9,28.4,36.7,24.9,30.7,22.8
Chaguanas,2014-09-11,82.7,12.4714,16.1,95.3,1013.4,51.2,5.6,242.5,21.0,21330,65334,1,30.9,23.9,27.0,37.6,23.9,29.7,23.7
Chaguanas,2014-09-12,75.6,1.9304,17.2,101.9,1013.4,28.1,6.2,190.7,16.5,21327,65296,1,32.9,24.9,28.5,39.1,24.9,31.1,23.4
Chaguanas,2014-09-13,80.7,1.7272,16.1,95.5,1013.4,30.2,6.1,248.8,21.5,21323,65258,1,31.9,23.9,27.4,36.7,23.9,29.6,23.6
Chaguanas,2014-09-14,77.7,0.508,15.0,114.5,1013.4,35.5,6.2,265.6,22.9,21319,65219,1,32.9,24.9,28.2,37.9,24.9,30.8,23.6
Chaguanas,2014-09-15,77.6,1.2192,13.9,103.8,1013.4,33.7,6.1,223.6,19.2,21315,65180,1,33.9,24.9,28.3,39.2,24.9,31.1,23.7
Chaguanas,2014-09-16,74.7,2.7432,11.4,108.9,1013.4,38.2,6.2,166.1,14.3,21311,65142,1,32.9,23.9,28.1,37.9,23.9,30.8,23.0
Chaguanas,2014-09-17,81.8,7.112,11.4,119.9,1013.4,40.1,5.7,226.3,19.6,21307,65103,1,32.454166666666666,23.9,27.8,46.9,23.9,29.9,23.9
Chaguanas,2014-09-18,84.5,5.8928,12.8,110.7,1013.4,34.4,6.0,136.0,11.7,21303,65064,1,31.9,23.9,26.9,39.1,23.9,28.9,23.9
Chaguanas,2014-09-19,82.7,4.4704,10.3,99.7,1013.4,41.2,6.1,138.5,11.8,21299,65025,1,29.9,22.9,26.2,34.1,22.9,27.8,22.9
Chaguanas,2014-09-20,83.8,4.1655999999999995,13.9,111.5,1013.4,33.3,6.2,196.5,17.0,21295,64986,1,30.9,22.9,26.5,36.4,22.9,28.7,23.4
Chaguanas,2014-09-21,86.0,3.1496,6.9,101.1,1013.4,31.8,6.0,162.4,14.0,21291,64948,1,30.9,23.9,26.7,36.4,23.9,28.7,24.1
Chaguanas,2014-09-22,83.1,3.9623999999999997,10.3,115.8,1013.4,43.8,6.1,190.5,16.7,21287,64909,1,31.9,24.9,27.1,39.1,24.9,29.4,23.9
Chaguanas,2014-09-23,83.2,5.1815999999999995,13.9,108.8,1013.4,32.8,5.9,147.2,12.7,21283,64871,1,32.9,24.9,26.9,40.4,24.9,29.1,23.7
Chaguanas,2014-09-24,83.5,1.5239999999999998,13.9,91.5,1013.4,31.8,6.2,202.4,17.3,21280,64832,1,32.9,24.9,26.9,39.1,24.9,28.6,23.9
Chaguanas,2014-09-25,76.0,0.0,11.4,115.6,1013.4,40.7,6.2,241.0,20.9,21276,64794,0,32.9,23.9,28.2,39.1,23.9,30.9,23.2
Chaguanas,2014-09-26,75.6,0.0,12.8,114.2,1013.4,38.1,6.2,252.5,22.0,21273,64756,0,32.9,24.9,28.2,39.1,24.9,30.7,23.2
Chaguanas,2014-09-27,77.1,0.0,13.9,119.6,1013.4,26.0,6.2,283.0,24.5,21270,64718,0,32.9,24.9,28.1,37.9,24.9,30.5,23.4
Chaguanas,2014-09-28,73.1,0.0,15.0,117.0,1013.4,27.2,6.2,305.5,26.3,21267,64681,0,32.9,23.9,28.2,36.9,23.9,30.2,22.5
Chaguanas,2014-09-29,76.4,1.5239999999999998,12.5,102.4,1013.4,38.9,6.1,243.1,21.1,21265,64643,1,32.9,23.9,28.3,39.1,23.9,31.3,23.5
Chaguanas,2014-09-30,74.6,1.016,11.4,108.9,1013.4,33.4,6.2,210.6,18.3,21262,64606,1,33.9,24.9,28.7,39.1,24.9,31.4,23.3
Chaguanas,2014-10-01,78.3,7.188199999999999,16.1,95.2,1013.4,34.9,6.2,213.2,18.5,21260,64569,1,32.9,24.9,28.0,37.9,24.9,30.5,23.6
Chaguanas,2014-10-02,80.4,18.770599999999998,18.3,111.9,1013.4,52.0,5.3,169.9,14.6,21258,64533,1,32.9,22.9,26.8,37.9,22.9,28.2,22.8
Chaguanas,2014-10-03,89.6,35.20439999999999,15.0,101.9,1013.4,51.2,5.1,207.0,17.8,21256,64496,1,30.9,22.9,24.7,36.4,22.9,25.1,22.8
Chaguanas,2014-10-04,88.2,8.026399999999999,19.5,100.5,1013.4,43.3,5.2,160.7,13.9,21255,64461,1,26.9,23.9,25.2,30.5,23.9,25.4,23.1
Chaguanas,2014-10-05,78.6,0.8128,14.1,98.8,1013.4,31.2,6.1,216.9,18.7,21254,64425,1,32.9,23.9,27.7,37.9,23.9,29.9,23.3
Chaguanas,2014-10-06,79.4,4.8768,12.8,118.3,1013.4,40.2,6.2,215.7,18.7,21253,64390,1,32.9,24.9,27.7,37.8,24.9,29.8,23.6
Chaguanas,2014-10-07,78.3,3.556,12.8,113.2,1013.4,35.5,6.2,195.8,16.8,21253,64355,1,32.9,24.9,27.7,39.1,24.9,30.5,23.5
Chaguanas,2014-10-08,76.3,0.0,12.8,124.4,1013.4,36.5,6.2,146.5,12.6,21253,64321,0,33.9,23.9,28.3,39.2,23.9,30.8,23.4
Chaguanas,2014-10-09,76.9,0.0,11.4,132.9,1013.4,33.4,6.2,175.0,15.0,21253,64287,0,32.9,23.9,27.9,37.9,23.9,30.4,23.3
Chaguanas,2014-10-10,75.5,0.3048,8.3,114.2,1013.4,38.7,6.2,198.9,17.0,21254,64254,1,33.9,24.9,28.3,39.2,24.9,30.8,23.2
Chaguanas,2014-10-11,77.5,0.0,11.4,128.1,1013.4,35.5,6.2,209.5,17.9,21255,64221,0,33.9,23.9,28.1,39.2,23.9,31.1,23.6
Chaguanas,2014-10-12,72.5,0.0,10.3,128.1,1013.4,31.5,6.2,255.2,22.1,21257,64189,0,33.9,21.9,28.2,38.2,21.9,30.3,22.4
Chaguanas,2014-10-13,76.1,0.0,11.4,105.5,1013.4,43.2,6.1,224.9,19.6,21259,64158,0,34.9,22.9,27.7,40.5,22.9,30.4,22.8
Chaguanas,2014-10-14,74.5,0.0,28.9,138.2,1013.4,31.1,6.2,230.4,19.9,21262,64127,0,34.9,24.9,28.8,39.4,24.9,32.0,23.5
Chaguanas,2014-10-15,69.1,0.0,11.4,114.2,1013.4,35.5,6.2,254.5,21.8,21265,64096,0,34.9,23.9,28.6,39.4,23.9,30.8,21.9
Chaguanas,2014-10-16,71.1,0.6096,10.3,98.1,1013.4,48.5,6.2,267.3,23.0,21269,64067,1,35.9,22.9,28.6,43.1,22.9,31.7,22.5
Chaguanas,2014-10-17,78.1,4.953,12.8,91.1,1013.4,51.8,5.9,274.6,23.7,21273,64037,1,34.9,22.9,27.6,39.4,22.9,29.7,23.1
Chaguanas,2014-10-18,82.3,12.9032,10.3,133.3,1013.4,29.9,6.0,197.2,17.0,21277,64009,1,32.9,22.9,26.7,39.1,22.9,28.5,23.2
Chaguanas,2014-10-19,77.7,4.064,8.1,138.4,1013.4,30.8,6.2,220.6,19.0,21282,63981,1,34.9,23.9,28.2,40.4,23.9,30.8,23.4
Chaguanas,2014-10-20,80.8,10.16,13.9,98.5,1013.4,36.9,6.1,223.4,19.2,21288,63954,1,31.9,24.9,27.8,39.1,24.9,31.0,24.1
Chaguanas,2014-10-21,84.1,11.9126,11.4,288.5,1013.4,34.4,5.9,212.8,18.4,21294,63928,1,33.9,23.9,26.6,39.2,23.9,27.8,23.4
Chaguanas,2014-10-22,82.0,6.985,11.4,113.8,1013.4,35.5,5.9,145.6,12.7,21301,63903,1,32.9,23.9,27.4,39.1,23.9,30.0,23.8
Chaguanas,2014-10-23,89.1,13.2842,11.4,96.9,1013.4,40.7,5.7,131.3,11.5,21309,63878,1,28.9,23.9,25.8,34.4,23.9,27.1,23.9
Chaguanas,2014-10-24,80.7,8.128,15.0,99.4,1013.4,42.8,5.9,177.9,15.4,21317,63854,1,31.9,23.9,26.9,35.7,23.9,28.8,23.1
Chaguanas,2014-10-25,79.7,6.0706,17.2,111.7,1013.4,31.3,6.2,161.0,13.9,21325,63831,1,31.9,24.9,27.9,37.6,24.9,30.6,23.7
Chaguanas,2014-10-26,86.5,20.802599999999998,11.4,97.5,1013.4,45.4,5.8,151.1,13.0,21335,63809,1,29.9,23.9,26.2,36.1,23.9,27.7,23.7
Chaguanas,2014-10-27,83.0,10.9474,11.4,117.8,1013.4,42.8,6.0,124.4,10.8,21345,63787,1,29.9,23.9,26.9,36.1,23.9,28.9,23.7
Chaguanas,2014-10-28,78.2,0.7111999999999999,13.9,115.3,1013.4,38.1,6.2,179.3,15.5,21355,63767,1,33.9,23.9,28.1,39.2,23.9,31.0,23.6
Chaguanas,2014-10-29,76.1,0.508,9.2,108.9,1013.4,32.8,6.0,209.6,18.2,21367,63747,1,32.9,24.9,28.4,37.9,24.9,30.9,23.5
Chaguanas,2014-10-30,77.1,0.3048,11.4,107.2,1013.4,30.2,6.2,228.1,19.8,21378,63729,1,33.9,24.9,28.3,40.4,24.9,30.9,23.6
Chaguanas,2014-10-31,78.2,0.0,13.9,100.4,1013.4,41.8,6.1,202.6,17.4,21391,63711,0,32.9,24.9,28.6,40.4,24.9,31.4,24.1
Chaguanas,2014-11-01,80.0,2.4384,16.1,101.8,1013.4,30.2,6.1,236.2,20.5,21404,63694,1,32.9,23.9,27.9,39.1,23.9,30.4,23.8
Chaguanas,2014-11-02,78.9,2.1336,16.1,111.9,1013.4,34.0,6.2,212.1,18.2,21418,63678,1,32.9,23.9,27.6,39.1,23.9,30.1,23.4
Chaguanas,2014-11-03,75.0,0.6096,13.9,102.1,1013.4,29.4,6.2,271.6,23.4,21433,63663,1,32.9,21.9,27.1,36.9,21.9,28.9,21.9
Chaguanas,2014-11-04,76.1,0.9143999999999999,13.9,108.8,1013.4,30.2,6.2,274.2,23.7,21448,63649,1,32.9,23.9,27.8,37.9,23.9,29.9,22.8
Chaguanas,2014-11-05,77.8,6.2992,16.1,88.1,1013.4,39.7,6.1,222.7,19.3,21464,63637,1,33.9,23.9,27.7,39.2,23.9,29.6,23.1
Chaguanas,2014-11-06,87.3,14.0462,13.9,91.4,1013.4,58.5,4.8,126.3,11.0,21480,63625,1,31.9,24.9,26.5,39.1,24.9,28.3,24.1
Chaguanas,2014-11-07,85.6,15.748,17.2,108.2,1013.4,44.9,6.1,194.5,16.8,21498,63614,1,32.9,24.9,27.3,39.1,24.9,29.5,24.4
Chaguanas,2014-11-08,81.9,12.090399999999999,15.0,114.4,1013.4,38.6,6.2,144.8,12.7,21516,63604,1,32.9,24.9,28.2,40.4,24.9,31.8,24.6
Chaguanas,2014-11-09,83.0,22.301199999999998,13.9,97.5,1013.4,61.7,5.5,137.5,11.9,21534,63595,1,31.9,23.9,27.0,37.6,23.9,28.9,23.6
Chaguanas,2014-11-10,86.9,22.453599999999998,20.8,70.7,1013.4,47.5,5.6,93.9,8.0,21553,63588,1,28.9,23.9,25.6,33.4,23.9,26.4,23.2
Chaguanas,2014-11-11,80.4,4.1655999999999995,13.9,93.9,1013.4,38.6,6.2,259.9,22.4,21573,63581,1,31.9,23.9,26.8,36.7,23.9,28.3,22.8
Chaguanas,2014-11-12,83.5,13.2842,15.0,114.1,1013.4,55.4,5.8,256.8,22.2,21594,63575,1,30.9,22.9,26.2,36.4,22.9,28.0,23.1
Chaguanas,2014-11-13,94.1,46.228,11.4,92.4,1013.4,36.4,5.1,112.5,9.8,21615,63571,1,26.3,22.9,24.1,26.3,22.9,24.1,23.1
Chaguanas,2014-11-14,91.4,15.5956,9.2,104.9,1013.4,30.8,5.5,135.5,11.9,21637,63567,1,26.9,22.9,24.7,29.9,22.9,24.8,23.2
Chaguanas,2014-11-15,88.4,7.213599999999999,13.9,75.2,1013.4,44.0,6.1,93.7,8.0,21660,63565,1,28.9,22.9,25.3,33.4,22.9,26.0,23.2
Chaguanas,2014-11-16,88.1,10.5664,11.4,98.2,1013.4,51.2,5.1,131.6,11.4,21683,63564,1,28.9,23.9,25.2,32.6,23.9,25.7,23.1
Chaguanas,2014-11-17,85.8,8.991599999999998,12.8,118.9,1013.4,33.4,6.2,134.3,11.7,21706,63564,1,31.9,23.9,26.4,37.8,23.9,28.3,23.7
Chaguanas,2014-11-18,88.0,16.3068,13.9,84.1,1013.4,32.8,5.7,118.9,10.1,21731,63565,1,29.9,22.9,25.3,36.1,22.9,26.2,23.1
Chaguanas,2014-11-19,85.3,9.906,16.1,95.3,1013.4,42.8,6.0,214.6,18.6,21756,63567,1,28.9,22.9,25.3,32.6,22.9,26.3,22.6
Chaguanas,2014-11-20,88.2,13.4112,17.2,91.3,1013.4,43.8,5.9,170.3,14.9,21781,63570,1,27.9,22.9,24.5,31.8,22.9,24.7,22.4
Chaguanas,2014-11-21,85.9,13.8176,16.1,97.1,1013.4,48.5,5.5,100.2,8.6,21807,63574,1,30.9,23.9,26.1,36.4,23.9,27.4,23.3
Chaguanas,2014-11-22,81.8,4.1655999999999995,16.1,95.2,1013.4,35.4,6.2,105.6,9.2,21834,63579,1,31.9,23.9,27.0,37.8,23.9,29.1,23.5
Chaguanas,2014-11-23,85.7,2.032,13.9,84.1,1013.4,37.0,5.9,165.0,14.3,21861,63585,1,29.9,23.9,26.2,35.0,23.9,27.4,23.4
Chaguanas,2014-11-24,78.9,3.4544,19.5,94.8,1013.4,44.4,6.2,230.0,19.9,21888,63593,1,30.9,24.9,27.2,35.4,24.9,29.0,23.1
Chaguanas,2014-11-25,77.3,1.8287999999999998,19.5,95.1,1013.4,30.2,6.2,242.6,20.9,21916,63601,1,31.9,22.9,27.2,36.7,22.9,28.9,22.6
Chaguanas,2014-11-26,74.9,2.6416,17.2,110.1,1013.4,47.0,6.2,241.6,21.0,21945,63611,1,31.9,23.9,27.7,36.7,23.9,29.7,22.6
Chaguanas,2014-11-27,78.8,1.5239999999999998,15.0,114.7,1013.4,32.3,6.2,206.1,17.7,21974,63621,1,31.9,23.9,27.1,36.7,23.9,28.9,22.8
Chaguanas,2014-11-28,80.4,2.4384,11.4,128.8,1013.4,34.3,6.0,202.7,17.6,22003,63633,1,31.9,23.9,27.3,36.7,23.9,29.2,23.3
Chaguanas,2014-11-29,77.5,2.4384,17.2,104.3,1013.4,32.8,6.2,218.5,18.9,22033,63645,1,31.9,24.9,27.8,37.8,24.9,30.3,23.3
Chaguanas,2014-11-30,78.7,3.7591999999999994,12.8,109.8,1013.0,44.4,6.0,169.4,14.6,22063,63659,1,31.9,24.9,27.1,35.7,24.9,28.7,22.8
Chaguanas,2014-12-01,83.1,4.8006,13.9,89.2,1012.0,38.6,6.0,197.7,17.2,22093,63673,1,30.9,22.9,26.4,36.1,22.9,28.2,23.2
Chaguanas,2014-12-02,85.4,4.5973999999999995,13.9,100.2,1010.5,38.6,6.1,213.0,18.4,22123,63689,1,30.9,23.9,26.4,35.0,23.9,27.8,23.6
Chaguanas,2014-12-03,86.6,2.9464,11.4,106.4,1009.8,32.8,5.9,202.9,17.7,22154,63705,1,31.9,23.9,26.2,39.1,23.9,27.4,23.7
Chaguanas,2014-12-04,79.3,0.1016,12.8,111.2,1010.5,30.8,6.2,226.8,19.6,22185,63723,1,31.9,22.9,26.9,42.1,22.9,28.7,22.7
Chaguanas,2014-12-05,76.0,0.0,10.3,117.9,1011.2,33.9,6.2,246.0,21.3,22217,63741,0,31.9,21.9,26.7,35.7,21.9,28.1,21.7
Chaguanas,2014-12-06,81.2,0.508,9.2,91.8,1010.9,32.8,6.2,223.6,19.2,22248,63760,1,32.9,22.9,26.9,37.9,22.9,28.9,23.1
Chaguanas,2014-12-07,78.7,5.2832,11.4,106.6,1011.3,31.3,6.2,210.5,18.3,22280,63780,1,31.9,23.9,27.3,37.8,23.9,29.4,23.1
Chaguanas,2014-12-08,79.1,3.8353999999999995,15.0,105.7,1011.8,31.3,6.2,213.0,18.4,22312,63801,1,32.9,23.9,27.4,39.1,23.9,29.3,23.2
Chaguanas,2014-12-09,79.8,2.2352,17.2,93.7,1011.1,48.0,5.8,202.0,17.6,22344,63823,1,31.9,23.9,27.3,36.7,23.9,29.3,23.3
Chaguanas,2014-12-10,78.1,1.4223999999999999,17.2,93.0,1011.3,31.3,6.2,191.0,16.5,22375,63845,1,31.9,23.9,27.3,35.7,23.9,28.8,22.8
Chaguanas,2014-12-11,76.7,0.1016,18.3,98.0,1013.0,32.3,6.2,224.5,19.3,22407,63869,1,31.9,22.9,27.3,36.7,22.9,29.1,22.6
Chaguanas,2014-12-12,74.5,1.1176,16.1,102.6,1013.5,31.3,6.2,219.2,18.9,22439,63893,1,32.9,22.9,27.2,36.9,22.9,28.7,21.9
Chaguanas,2014-12-13,77.2,1.5239999999999998,11.4,86.6,1011.5,38.6,6.2,214.6,18.6,22471,63918,1,32.9,21.9,26.6,36.0,21.9,27.8,21.8
Chaguanas,2014-12-14,78.3,0.0,13.9,101.3,1011.0,37.0,6.2,226.0,19.5,22503,63943,0,32.9,22.9,26.7,36.9,22.9,28.1,22.3
Chaguanas,2014-12-15,78.8,0.1016,16.1,100.6,1011.9,33.3,6.2,187.1,16.0,22534,63969,1,31.9,23.9,27.2,36.7,23.9,29.1,22.9
Chaguanas,2014-12-16,81.2,2.2352,9.2,96.9,1013.5,41.2,6.1,217.1,18.8,22566,63996,1,31.9,23.9,26.9,37.8,23.9,28.7,23.2
Chaguanas,2014-12-17,81.9,4.6228,17.2,87.9,1013.5,35.5,6.2,201.6,17.4,22597,64023,1,30.9,22.9,26.1,36.4,22.9,27.5,22.6
Chaguanas,2014-12-18,81.6,2.032,11.4,87.8,1012.8,47.0,5.9,211.2,18.3,22628,64051,1,31.9,22.9,26.1,36.7,22.9,27.5,22.5
Chaguanas,2014-12-19,73.2,0.0,12.8,94.4,1012.0,32.3,6.2,231.2,20.1,22659,64080,0,31.9,22.9,27.0,34.8,22.9,28.2,21.4
Chaguanas,2014-12-20,76.0,0.508,15.0,75.9,1012.9,30.7,6.2,231.9,20.0,22689,64109,1,31.9,21.9,26.4,35.7,21.9,27.6,21.6
Chaguanas,2014-12-21,71.8,0.1016,17.2,88.7,1013.3,30.2,6.2,234.1,20.2,22719,64138,1,31.9,22.9,27.6,36.7,22.9,29.3,21.7
Chaguanas,2014-12-22,83.2,2.1336,20.8,97.1,1013.0,45.4,5.7,201.6,17.4,22749,64168,1,30.9,23.9,26.6,35.4,23.9,28.1,23.4
Chaguanas,2014-12-23,82.1,1.3208,20.8,80.1,1012.1,51.7,5.5,211.0,18.4,22779,64199,1,30.9,24.9,26.7,34.4,24.9,28.1,23.2
Chaguanas,2014-12-24,76.1,1.9304,16.1,101.1,1012.3,39.1,6.2,209.1,18.1,22807,64229,1,31.9,23.9,27.4,35.7,23.9,29.2,22.6
Chaguanas,2014-12-25,73.3,0.8128,16.1,94.5,1013.6,38.0,6.2,225.2,19.4,22836,64261,1,31.9,23.9,27.4,34.8,23.9,28.8,21.9
Chaguanas,2014-12-26,75.0,1.1176,18.3,96.8,1013.5,36.5,6.1,210.0,18.0,22864,64292,1,30.9,23.9,26.7,33.7,23.9,27.9,21.6
Chaguanas,2014-12-27,78.5,0.7111999999999999,16.1,97.1,1013.8,47.5,6.1,212.3,18.2,22891,64324,1,31.9,23.9,26.8,36.7,23.9,28.6,22.6
Chaguanas,2014-12-28,79.6,1.2192,11.4,98.8,1013.9,38.1,5.9,198.3,17.1,22918,64356,1,31.9,22.9,26.4,35.7,22.9,27.8,22.4
Chaguanas,2014-12-29,87.1,5.1562,17.2,100.2,1015.0,51.2,5.9,192.8,16.6,22945,64388,1,28.9,22.9,25.3,33.4,22.9,26.4,22.9
Chaguanas,2014-12-30,79.9,2.921,20.8,88.6,1015.3,40.1,6.0,191.8,16.7,22970,64420,1,30.9,22.9,26.8,35.4,22.9,28.6,22.8
Chaguanas,2014-12-31,78.8,0.508,18.3,93.3,1015.1,44.2,6.1,187.7,16.3,22995,64452,1,34.9,21.9,26.6,39.2,21.9,28.2,22.3
Chaguanas,2015-01-01,78.0,11.4046,25.3,99.7,1014.6,44.5,6.1,195.0,16.7,23020,64485,1,31.0,23.0,26.7,34.6,23.0,28.3,22.3
Chaguanas,2015-01-02,75.8,2.0065999999999997,23.0,90.3,1015.0,40.4,6.3,218.2,18.8,23043,64518,1,31.7,24.2,27.0,35.5,24.2,28.4,22.2
Chaguanas,2015-01-03,73.5,2.9972,18.3,98.9,1014.8,36.6,6.6,239.6,21.0,23066,64550,1,31.0,23.0,26.6,33.8,23.0,27.4,21.1
Chaguanas,2015-01-04,75.6,2.9972,27.2,101.2,1015.4,34.6,7.3,226.1,19.6,23089,64583,1,32.7,22.0,26.3,35.7,22.0,27.6,21.4
Chaguanas,2015-01-05,77.5,0.6096,25.3,79.9,1016.0,37.9,6.6,213.8,18.5,23110,64616,1,29.0,22.9,25.8,31.4,22.9,26.7,21.3
Chaguanas,2015-01-06,83.3,6.985,17.2,100.5,1015.2,63.9,6.5,195.3,16.9,23131,64648,1,30.0,23.0,25.1,32.8,23.0,25.9,21.9
Chaguanas,2015-01-07,77.6,0.0,18.3,100.6,1014.1,45.3,6.8,209.0,18.0,23150,64681,0,30.7,22.0,25.3,32.2,22.0,25.9,20.9
Chaguanas,2015-01-08,77.4,0.0,18.3,103.7,1014.0,47.9,7.0,218.3,18.8,23169,64713,0,31.0,21.9,26.1,34.6,21.9,27.3,21.6
Chaguanas,2015-01-09,82.7,5.0038,15.0,99.6,1014.3,62.8,6.0,122.5,10.7,23187,64745,1,30.0,24.0,26.1,34.2,24.0,27.3,22.8
Chaguanas,2015-01-10,83.2,14.376399999999999,15.0,98.2,1014.6,59.0,5.8,194.6,16.8,23205,64777,1,29.0,24.0,25.8,33.6,24.0,27.0,22.7
Chaguanas,2015-01-11,86.9,3.5813999999999995,16.1,95.4,1014.4,47.8,6.8,206.9,17.8,23221,64809,1,29.0,23.0,25.4,33.6,23.0,26.3,22.9
Chaguanas,2015-01-12,86.8,10.617199999999999,16.1,99.6,1014.1,68.6,5.6,194.2,16.7,23236,64841,1,29.9,23.8,25.3,34.1,23.8,26.2,22.9
Chaguanas,2015-01-13,88.0,5.9944,15.0,99.5,1013.4,47.7,6.4,179.1,15.5,23251,64872,1,27.8,23.0,25.1,30.8,23.0,25.6,22.9
Chaguanas,2015-01-14,81.2,0.1016,17.2,105.4,1012.8,46.4,6.5,198.1,17.0,23264,64903,1,30.9,24.0,26.5,35.1,24.0,28.0,22.8
Chaguanas,2015-01-15,80.6,0.2032,15.0,97.8,1013.7,43.3,6.8,227.1,19.5,23277,64933,1,31.0,24.0,26.9,36.6,24.0,28.7,23.1
Chaguanas,2015-01-16,78.6,0.0,16.1,95.7,1013.4,29.2,6.8,220.0,19.1,23288,64964,0,31.1,23.9,26.9,35.5,23.9,28.6,22.7
Chaguanas,2015-01-17,81.2,0.0,13.9,103.6,1013.5,36.3,6.8,215.3,18.6,23299,64994,0,31.0,23.0,26.4,35.5,23.0,27.8,22.7
Chaguanas,2015-01-18,77.0,0.0,11.4,109.1,1013.6,38.3,7.0,232.2,20.0,23308,65023,0,32.0,23.0,26.6,34.9,23.0,27.8,21.9
Chaguanas,2015-01-19,77.8,0.0,13.9,100.3,1013.1,36.4,7.4,221.5,19.2,23317,65052,0,31.7,22.0,26.4,35.4,22.0,27.8,21.9
Chaguanas,2015-01-20,76.1,0.0,15.0,91.8,1012.6,36.7,7.3,224.1,19.3,23324,65081,0,31.7,23.0,26.9,34.6,23.0,28.3,22.0
Chaguanas,2015-01-21,78.3,0.0,16.1,103.9,1012.9,34.9,7.3,231.4,20.0,23331,65109,0,32.0,22.8,26.5,35.8,22.8,27.9,22.1
Chaguanas,2015-01-22,77.5,0.0,11.4,102.8,1013.4,39.5,6.6,210.7,18.3,23336,65137,0,32.0,23.0,26.6,34.9,23.0,27.8,22.0
Chaguanas,2015-01-23,82.4,3.9878,15.0,95.4,1013.8,40.1,6.8,212.6,18.3,23340,65164,1,29.0,22.8,25.1,32.1,22.8,25.9,21.8
Chaguanas,2015-01-24,78.4,0.0,15.0,104.5,1013.7,32.8,7.6,242.3,21.0,23344,65191,0,31.0,21.0,25.8,33.8,21.0,26.9,21.4
Chaguanas,2015-01-25,77.4,0.0,16.1,123.3,1013.2,36.2,7.7,236.3,20.4,23346,65217,0,30.9,22.0,26.1,33.6,22.0,27.2,21.4
Chaguanas,2015-01-26,78.3,0.4064,17.2,122.1,1013.3,44.9,7.1,236.7,20.3,23347,65243,1,31.0,23.0,26.2,33.8,23.0,27.2,21.7
Chaguanas,2015-01-27,73.8,0.1016,17.2,116.2,1013.8,35.8,7.6,252.8,21.7,23347,65268,1,31.0,22.8,26.3,33.1,22.8,27.2,20.9
Chaguanas,2015-01-28,73.2,0.0,13.9,105.2,1013.0,31.4,7.3,249.3,21.4,23346,65292,0,32.0,21.7,26.2,33.5,21.7,26.8,20.4
Chaguanas,2015-01-29,74.5,0.0,18.3,105.2,1012.9,36.7,7.4,236.8,20.4,23345,65316,0,31.0,23.0,26.4,34.6,23.0,27.7,21.3
Chaguanas,2015-01-30,83.7,11.8872,16.1,100.7,1012.7,58.4,6.3,218.6,18.8,23342,65340,1,30.0,23.0,25.8,35.1,23.0,26.9,22.7
Chaguanas,2015-01-31,77.8,0.0,17.2,110.3,1013.3,41.9,7.6,238.0,20.4,23338,65362,0,31.0,23.0,26.7,34.6,23.0,28.1,22.2
Chaguanas,2015-02-01,77.4,0.4064,18.3,93.2,1014.4,33.0,7.0,238.5,20.5,23333,65384,1,31.0,22.0,26.1,34.6,22.0,27.3,21.6
Chaguanas,2015-02-02,75.9,0.0,18.3,106.6,1014.8,29.1,7.2,252.0,21.6,23327,65406,0,31.2,21.9,26.1,33.4,21.9,27.2,21.2
Chaguanas,2015-02-03,77.5,0.0,16.1,107.7,1015.1,41.6,6.1,232.9,20.0,23319,65427,0,32.0,22.0,26.7,36.8,22.0,28.4,22.2
Chaguanas,2015-02-04,75.4,0.7874,15.0,111.1,1014.3,36.6,6.5,249.9,21.7,23311,65447,1,32.0,24.0,26.9,35.8,24.0,28.2,21.9
Chaguanas,2015-02-05,74.8,0.0,25.3,91.2,1014.2,28.5,7.0,247.6,21.4,23302,65466,0,31.8,23.0,26.2,33.7,23.0,27.1,21.1
Chaguanas,2015-02-06,73.4,0.0,16.1,113.4,1013.3,34.4,7.1,271.0,23.4,23292,65485,0,31.1,22.2,26.2,33.1,22.2,26.9,20.7
Chaguanas,2015-02-07,72.9,0.0,13.9,126.4,1012.4,31.1,7.1,254.1,22.1,23281,65504,0,32.0,21.0,25.9,33.5,21.0,26.6,20.2
Chaguanas,2015-02-08,76.2,0.0,15.0,113.2,1013.2,34.7,7.5,259.0,22.3,23269,65521,0,32.0,21.0,26.1,34.9,21.0,27.4,21.3
Chaguanas,2015-02-09,76.5,0.0,16.1,109.8,1012.8,50.6,7.6,253.0,21.9,23256,65538,0,32.0,22.0,26.3,34.9,22.0,27.4,21.4
Chaguanas,2015-02-10,76.8,0.0,13.9,119.7,1011.7,37.3,7.7,232.2,20.2,23242,65554,0,32.0,23.0,26.9,35.8,23.0,28.4,22.1
Chaguanas,2015-02-11,74.7,0.0,12.8,119.5,1012.4,36.7,7.2,265.8,22.8,23227,65570,0,33.0,24.0,27.3,37.1,24.0,28.8,22.1
Chaguanas,2015-02-12,77.8,0.0,13.9,121.5,1013.3,42.8,7.0,242.5,20.7,23211,65585,0,33.0,24.0,27.6,37.1,24.0,29.6,23.1
Chaguanas,2015-02-13,79.0,0.0,16.1,111.3,1014.5,47.5,7.0,259.4,22.5,23195,65600,0,32.0,24.0,27.5,36.8,24.0,29.4,23.2
Chaguanas,2015-02-14,74.1,0.0,18.3,101.6,1014.5,44.7,7.3,251.6,21.7,23177,65614,0,32.0,22.9,26.8,34.9,22.9,27.8,21.4
Chaguanas,2015-02-15,76.6,0.3048,15.0,99.5,1014.1,46.6,7.2,261.8,22.5,23159,65627,1,32.0,22.0,25.8,34.2,22.0,26.7,21.0
Chaguanas,2015-02-16,73.2,0.0,11.4,115.3,1014.0,35.0,7.3,250.5,21.7,23139,65639,0,32.0,21.8,26.4,34.2,21.8,27.2,20.7
Chaguanas,2015-02-17,76.0,0.0,17.2,109.7,1013.8,43.5,7.6,230.1,19.9,23119,65651,0,33.0,22.8,26.4,37.1,22.8,27.6,21.5
Chaguanas,2015-02-18,74.0,0.0,18.3,99.4,1013.7,56.2,6.4,249.6,21.4,23098,65663,0,30.0,23.0,26.3,32.6,23.0,27.6,21.1
Chaguanas,2015-02-19,71.3,0.0,16.1,108.7,1012.4,25.1,7.6,267.3,23.1,23077,65674,0,32.0,20.0,26.1,33.5,20.0,26.8,19.9
Chaguanas,2015-02-20,79.4,1.2953999999999999,18.3,102.2,1012.5,41.6,7.7,234.9,20.4,23054,65684,1,32.0,22.8,26.1,34.9,22.8,27.3,21.9
Chaguanas,2015-02-21,74.1,0.1016,16.1,108.0,1013.6,34.5,6.7,249.3,21.5,23031,65694,1,32.0,23.0,26.8,35.8,23.0,28.2,21.5
Chaguanas,2015-02-22,71.1,0.0,16.1,94.8,1013.6,50.5,6.9,248.9,21.6,23007,65703,0,31.0,23.0,26.7,33.1,23.0,27.6,20.6
Chaguanas,2015-02-23,68.6,0.0,17.2,103.7,1013.7,32.7,7.3,271.2,23.5,22982,65711,0,32.0,22.1,26.6,33.3,22.1,27.2,19.8
Chaguanas,2015-02-24,72.7,0.508,18.3,103.6,1013.5,34.3,7.3,266.3,23.0,22957,65719,1,32.0,21.8,26.2,34.2,21.8,26.8,20.3
Chaguanas,2015-02-25,69.4,0.0,17.2,102.3,1013.9,37.1,6.6,265.9,23.1,22931,65727,0,32.1,22.0,26.6,33.5,22.0,27.1,19.8
Chaguanas,2015-02-26,76.6,23.0124,16.1,101.2,1013.8,57.8,5.7,220.9,18.9,22904,65734,1,32.0,22.8,26.1,34.2,22.8,27.2,21.2
Chaguanas,2015-02-27,84.0,30.099,20.8,98.0,1013.8,73.2,5.9,190.7,16.3,22876,65740,1,29.0,23.7,25.8,32.8,23.7,26.7,22.8
Chaguanas,2015-02-28,67.4,0.0,19.7,97.2,1014.2,45.3,7.5,269.8,23.2,22848,65747,0,31.0,24.0,26.9,33.1,24.0,27.6,19.9
Chaguanas,2015-03-01,78.7,2.9972,18.3,100.2,1014.3,68.4,6.6,215.8,18.4,22820,65752,1,30.0,22.8,25.2,31.9,22.8,25.7,21.0
Chaguanas,2015-03-02,83.0,10.998199999999999,12.8,60.5,1013.4,51.0,6.6,247.8,21.3,22791,65757,1,29.0,21.0,24.3,31.4,21.0,24.8,21.0
Chaguanas,2015-03-03,76.4,0.1016,13.9,95.7,1012.3,40.7,6.8,266.5,23.1,22761,65762,1,32.0,21.2,26.1,34.9,21.2,27.1,21.1
Chaguanas,2015-03-04,75.2,0.2032,19.7,99.8,1013.0,51.6,6.6,229.4,19.9,22731,65766,1,31.0,23.0,26.6,34.4,23.0,27.7,21.6
Chaguanas,2015-03-05,72.8,0.1016,19.7,86.5,1013.5,40.2,7.3,251.9,20.8,22700,65770,1,31.0,24.0,26.7,33.8,24.0,27.7,21.2
Chaguanas,2015-03-06,64.3,0.0,16.1,95.3,1013.9,31.9,7.3,283.4,24.4,22669,65774,0,31.2,24.0,27.2,33.1,24.0,27.9,19.6
Chaguanas,2015-03-07,66.1,0.0,19.7,95.1,1013.9,35.3,6.9,248.4,21.5,22637,65777,0,32.0,23.0,27.1,34.2,23.0,28.0,19.9
Chaguanas,2015-03-08,62.6,0.0,16.1,95.3,1013.5,27.2,7.8,285.7,24.8,22605,65780,0,31.2,22.2,26.5,31.9,22.2,26.8,18.3
Chaguanas,2015-03-09,73.8,0.0,20.8,107.7,1013.2,40.9,6.9,252.5,21.8,22573,65782,0,31.1,22.0,26.5,33.9,22.0,27.8,21.1
Chaguanas,2015-03-10,76.8,3.9878,23.0,95.4,1014.0,66.7,6.7,205.9,17.8,22540,65784,1,30.4,24.0,26.9,33.6,24.0,28.2,22.3
Chaguanas,2015-03-11,66.3,0.0,23.0,97.9,1013.8,34.5,7.0,280.6,24.2,22507,65786,0,32.0,24.7,27.3,34.2,24.7,28.1,20.2
Chaguanas,2015-03-12,77.4,0.1016,18.3,95.8,1013.1,66.7,6.2,250.3,21.6,22473,65788,1,30.0,22.2,25.6,31.9,22.2,26.3,21.2
Chaguanas,2015-03-13,78.3,0.3048,18.3,98.9,1012.2,44.9,6.3,235.8,20.4,22439,65789,1,29.0,21.9,25.3,32.1,21.9,26.1,21.1
Chaguanas,2015-03-14,66.6,0.0,18.3,98.4,1012.4,32.6,6.5,249.9,21.4,22405,65790,0,31.7,23.8,26.7,31.9,23.8,27.2,19.6
Chaguanas,2015-03-15,67.1,0.0,20.8,95.3,1012.9,30.5,6.8,243.3,20.9,22371,65791,0,32.0,24.0,27.1,33.5,24.0,27.8,20.1
Chaguanas,2015-03-16,73.3,0.0,17.2,108.8,1012.4,64.1,6.6,197.6,17.1,22336,65792,0,32.0,23.0,26.7,34.2,23.0,27.7,21.2
Chaguanas,2015-03-17,71.6,0.0,17.2,103.9,1012.9,54.6,6.0,264.2,22.8,22301,65792,0,32.0,23.9,27.3,34.9,23.9,28.2,21.2
Chaguanas,2015-03-18,77.7,0.0,20.8,108.5,1012.6,38.0,6.3,270.5,23.4,22266,65793,0,32.0,23.0,26.8,35.8,23.0,28.4,22.3
Chaguanas,2015-03-19,75.6,0.0,18.3,110.2,1012.9,47.4,6.6,241.1,20.7,22231,65793,0,32.0,24.0,27.5,35.8,24.0,29.2,22.5
Chaguanas,2015-03-20,73.6,0.0,18.3,112.5,1013.3,40.3,7.1,285.1,24.5,22195,65793,0,32.1,23.2,27.2,34.9,23.2,28.3,21.6
Chaguanas,2015-03-21,78.4,0.7874,15.0,89.4,1013.3,63.6,6.4,251.6,21.9,22160,65793,1,32.0,22.0,25.8,34.9,22.0,26.7,21.3
Chaguanas,2015-03-22,75.6,0.0,17.2,91.8,1013.6,42.8,7.3,267.2,23.0,22124,65792,0,31.0,22.0,26.2,33.8,22.0,27.1,21.2
Chaguanas,2015-03-23,71.6,0.0,15.0,102.5,1014.6,28.6,7.4,278.9,24.1,22089,65792,0,33.0,22.0,26.7,35.3,22.0,27.6,20.6
Chaguanas,2015-03-24,73.0,0.0,16.1,120.2,1015.3,39.0,7.4,284.5,24.5,22053,65792,0,33.8,22.0,26.8,36.1,22.0,27.8,21.1
Chaguanas,2015-03-25,77.2,0.0,17.2,103.7,1014.7,54.2,7.4,265.5,22.9,22017,65791,0,31.7,23.8,26.8,35.3,23.8,28.3,22.2
Chaguanas,2015-03-26,76.8,0.0,19.7,97.3,1014.2,49.9,7.1,265.3,22.8,21981,65791,0,32.0,24.0,26.9,35.0,24.0,28.3,22.2
Chaguanas,2015-03-27,75.3,0.1016,23.0,98.3,1014.9,57.5,7.3,261.0,22.7,21946,65790,1,33.0,23.0,26.7,36.2,23.0,27.8,21.5
Chaguanas,2015-03-28,80.6,0.1016,16.1,103.0,1015.7,47.5,6.2,253.4,21.9,21910,65790,1,29.0,23.0,25.6,31.9,23.0,26.4,21.8
Chaguanas,2015-03-29,76.1,6.985,18.3,97.9,1015.3,51.0,7.4,269.3,23.1,21874,65789,1,32.0,23.0,26.2,34.9,23.0,27.2,21.3
Chaguanas,2015-03-30,73.1,0.0,17.2,90.1,1014.4,44.5,7.5,249.5,21.7,21839,65789,0,30.1,22.8,26.2,32.5,22.8,27.1,20.7
Chaguanas,2015-03-31,67.2,0.0,18.3,93.1,1014.1,49.4,7.4,276.9,24.0,21803,65789,0,32.0,22.0,26.5,33.5,22.0,27.1,19.4
Chaguanas,2015-04-01,68.5,0.0,18.3,100.9,1014.7,36.9,6.9,297.2,25.7,21768,65788,0,32.0,22.9,27.0,33.5,22.9,27.7,20.2
Chaguanas,2015-04-02,73.6,0.0,17.2,113.3,1014.4,41.3,7.0,277.5,23.9,21733,65788,0,32.0,23.8,27.2,34.9,23.8,28.6,21.7
Chaguanas,2015-04-03,79.0,0.1016,16.1,98.3,1013.2,69.4,6.2,255.6,22.1,21698,65788,1,32.0,22.1,26.1,34.9,22.1,27.2,21.7
Chaguanas,2015-04-04,79.6,0.4064,16.1,100.8,1011.8,56.1,6.6,249.6,21.5,21663,65788,1,30.0,22.8,25.8,33.3,22.8,26.9,21.8
Chaguanas,2015-04-05,72.8,0.0,18.3,104.5,1011.6,39.2,6.3,258.6,22.3,21628,65788,0,32.0,22.0,26.9,35.2,22.0,28.2,21.2
Chaguanas,2015-04-06,69.5,0.0,17.2,108.5,1012.5,42.3,6.5,282.7,24.5,21594,65788,0,32.0,23.0,27.4,34.2,23.0,28.4,20.8
Chaguanas,2015-04-07,72.9,0.0,18.3,100.9,1012.8,47.7,6.0,261.5,22.7,21560,65788,0,32.2,23.0,27.0,35.2,23.0,27.8,21.2
Chaguanas,2015-04-08,74.5,0.0,17.2,97.6,1012.7,48.9,6.8,256.8,22.3,21526,65789,0,32.7,22.8,27.1,35.9,22.8,28.5,21.7
Chaguanas,2015-04-09,76.3,0.4064,17.2,101.3,1013.5,47.3,7.3,253.0,21.7,21492,65790,1,32.0,24.0,27.0,34.9,24.0,28.2,22.1
Chaguanas,2015-04-10,74.8,0.0,18.3,103.3,1014.0,41.1,7.0,268.0,23.2,21459,65791,0,32.9,23.8,27.2,35.9,23.8,28.6,22.0
Chaguanas,2015-04-11,73.7,0.0,19.7,100.9,1014.4,52.4,7.0,300.9,25.8,21426,65792,0,32.0,23.7,27.1,34.9,23.7,28.4,21.7
Chaguanas,2015-04-12,75.7,0.0,18.3,93.0,1014.7,56.2,7.1,283.8,24.4,21393,65793,0,32.0,23.0,27.1,35.8,23.0,28.6,22.1
Chaguanas,2015-04-13,78.4,0.9905999999999999,18.3,89.4,1015.3,61.3,6.8,243.2,21.0,21361,65795,1,30.6,24.0,26.6,34.6,24.0,27.8,22.4
Chaguanas,2015-04-14,80.3,7.010400000000001,18.3,93.8,1014.9,49.1,6.6,276.2,23.8,21330,65797,1,31.2,24.0,26.8,34.6,24.0,28.2,22.9
Chaguanas,2015-04-15,77.1,0.1016,21.9,91.8,1013.8,45.3,6.5,255.4,21.9,21298,65799,1,31.9,24.9,27.6,36.6,24.9,29.7,23.1
Chaguanas,2015-04-16,74.7,0.7111999999999999,20.8,96.8,1013.6,43.4,5.9,272.3,23.5,21267,65801,1,32.0,25.0,27.9,35.8,25.0,29.7,22.7
Chaguanas,2015-04-17,75.7,0.2032,20.8,83.2,1013.2,52.9,6.3,241.4,20.9,21237,65804,1,32.0,24.0,27.4,35.8,24.0,29.1,22.5
Chaguanas,2015-04-18,79.0,2.5907999999999998,18.3,93.3,1013.9,66.7,6.4,260.6,22.5,21207,65807,1,31.0,24.2,27.2,35.1,24.2,28.7,22.9
Chaguanas,2015-04-19,75.9,0.0,18.3,90.3,1013.3,43.3,5.6,254.7,21.9,21177,65810,0,31.1,21.9,27.3,35.2,21.9,28.7,22.4
Chaguanas,2015-04-20,72.5,0.0,20.8,90.7,1013.4,47.1,6.4,251.3,21.7,21148,65814,0,32.0,24.7,27.6,34.9,24.7,28.9,21.9
Chaguanas,2015-04-21,72.8,0.0,18.1,103.9,1013.3,34.0,6.3,294.9,25.4,21120,65817,0,32.0,23.0,27.2,34.9,23.0,28.3,21.3
Chaguanas,2015-04-22,72.7,0.0,16.1,95.4,1012.9,37.1,6.5,299.1,26.0,21092,65822,0,33.0,22.9,27.2,35.3,22.9,28.2,21.3
Chaguanas,2015-04-23,75.8,0.0,15.2,108.0,1012.8,37.4,6.0,285.0,24.5,21064,65826,0,33.2,22.9,27.3,37.1,22.9,29.0,22.2
Chaguanas,2015-04-24,74.1,0.0,18.3,105.3,1013.3,36.1,6.0,297.8,25.6,21038,65831,0,33.0,24.8,28.1,37.1,24.8,29.8,22.6
Chaguanas,2015-04-25,76.5,0.0,16.1,116.9,1013.5,48.7,6.4,280.4,24.2,21011,65836,0,33.0,24.9,27.8,37.1,24.9,29.7,23.0
Chaguanas,2015-04-26,77.0,0.1016,17.2,108.2,1013.2,43.3,5.8,275.2,23.7,20986,65842,1,33.0,24.6,28.2,37.1,24.6,30.8,23.4
Chaguanas,2015-04-27,72.4,0.0,16.1,111.4,1012.8,36.2,5.2,289.3,24.9,20961,65848,0,33.0,25.0,28.2,36.2,25.0,29.6,22.3
Chaguanas,2015-04-28,72.4,0.0,18.3,109.8,1012.6,40.8,4.7,291.8,25.3,20936,65854,0,33.0,24.0,27.9,35.8,24.0,29.3,22.0
Chaguanas,2015-04-29,71.4,0.0,13.9,117.4,1013.1,37.9,4.6,305.6,26.3,20913,65861,0,33.0,23.9,27.7,35.8,23.9,28.9,21.5
Chaguanas,2015-04-30,70.5,0.0,17.2,108.8,1013.4,31.4,6.4,295.0,25.5,20890,65868,0,33.0,22.9,27.3,34.6,22.9,28.3,20.9
Chaguanas,2015-05-01,70.6,0.0,16.1,105.3,1013.3,35.7,7.1,307.8,26.7,20867,65875,0,33.0,23.0,27.5,35.3,23.0,28.6,21.1
Chaguanas,2015-05-02,71.2,0.0,16.1,111.5,1012.9,34.9,7.0,306.4,26.3,20845,65883,0,33.0,23.0,27.5,35.3,23.0,28.6,21.3
Chaguanas,2015-05-03,71.5,0.0,20.8,100.6,1013.1,33.0,6.7,291.1,24.9,20824,65891,0,32.9,24.0,27.9,35.8,24.0,29.6,21.9
Chaguanas,2015-05-04,66.1,0.0,19.7,91.1,1014.7,34.5,6.2,291.6,25.3,20804,65900,0,33.0,24.1,28.4,35.3,24.1,29.8,21.0
Chaguanas,2015-05-05,65.3,0.0,19.7,84.4,1015.0,28.5,5.9,266.8,22.9,20785,65909,0,32.1,25.0,28.1,34.3,25.0,29.3,20.7
Chaguanas,2015-05-06,68.1,0.0,21.9,100.0,1014.6,39.0,5.2,283.3,24.6,20766,65918,0,33.0,23.8,28.2,35.3,23.8,29.7,21.3
Chaguanas,2015-05-07,66.5,0.0,19.7,103.7,1015.0,33.1,5.6,302.6,26.2,20748,65928,0,33.0,25.0,28.1,35.3,25.0,29.2,20.9
Chaguanas,2015-05-08,66.2,0.0,21.9,103.3,1015.2,40.4,5.8,261.0,22.5,20730,65938,0,34.0,23.0,27.8,35.1,23.0,28.8,20.4
Chaguanas,2015-05-09,68.5,0.0,18.3,98.8,1015.2,50.7,5.0,261.1,22.7,20714,65949,0,33.0,24.0,27.8,34.6,24.0,28.7,20.9
Chaguanas,2015-05-10,70.9,0.2032,21.9,89.7,1014.4,50.7,6.0,266.7,23.1,20698,65959,1,32.2,24.8,27.9,35.2,24.8,30.0,21.9
Chaguanas,2015-05-11,66.0,0.0,23.0,89.1,1014.2,59.0,6.1,297.0,25.5,20683,65971,0,33.0,26.0,28.7,34.9,26.0,30.6,21.4
Chaguanas,2015-05-12,69.7,1.397,28.9,94.3,1014.0,44.7,5.9,270.0,23.3,20669,65982,1,32.8,24.7,28.1,34.9,24.7,29.7,21.7
Chaguanas,2015-05-13,68.9,0.3048,20.8,97.0,1013.7,57.9,5.6,291.9,25.2,20655,65994,1,32.1,25.0,28.1,34.8,25.0,29.7,21.6
Chaguanas,2015-05-14,65.7,0.0,21.9,95.8,1013.7,39.3,6.1,299.9,26.0,20643,66006,0,33.0,25.9,28.5,35.3,25.9,29.8,21.1
Chaguanas,2015-05-15,69.6,0.0,21.9,100.1,1013.6,44.7,6.1,279.3,24.2,20631,66019,0,33.2,24.9,27.8,34.7,24.9,29.1,21.4
Chaguanas,2015-05-16,66.1,0.3048,18.3,94.2,1014.6,34.8,6.3,249.6,21.6,20620,66032,1,33.2,24.0,28.2,34.7,24.0,29.2,20.7
Chaguanas,2015-05-17,68.5,0.3048,18.3,109.3,1014.5,44.1,6.9,275.7,23.7,20610,66045,1,33.0,25.0,28.6,36.2,25.0,30.5,21.8
Chaguanas,2015-05-18,74.3,0.0,16.1,103.6,1014.1,52.8,6.5,218.3,18.7,20600,66059,0,33.0,25.0,28.2,37.1,25.0,30.6,22.9
Chaguanas,2015-05-19,72.2,0.0,17.2,105.4,1013.6,48.5,6.9,273.1,23.3,20591,66072,0,34.0,25.0,28.5,37.8,25.0,30.6,22.6
Chaguanas,2015-05-20,72.7,0.1016,17.2,101.3,1013.2,36.6,6.0,271.6,23.4,20584,66087,1,33.1,25.0,28.6,37.2,25.0,31.1,22.9
Chaguanas,2015-05-21,72.8,0.1016,20.8,101.7,1013.7,63.4,6.0,295.5,25.5,20577,66101,1,33.0,25.0,28.3,37.1,25.0,30.7,22.8
Chaguanas,2015-05-22,69.3,0.0,18.3,97.9,1015.1,70.2,4.5,265.8,23.0,20570,66116,0,33.0,26.0,28.7,36.2,26.0,31.3,22.3
Chaguanas,2015-05-23,68.2,0.0,23.0,104.3,1015.2,47.7,5.9,263.2,22.7,20565,66130,0,34.0,26.8,29.1,36.6,28.8,32.2,22.4
Chaguanas,2015-05-24,66.8,0.0,20.8,92.1,1014.3,40.8,6.0,289.9,25.1,20560,66146,0,32.1,25.2,28.4,34.2,25.2,29.8,21.3
Chaguanas,2015-05-25,68.7,0.7874,18.3,105.9,1014.1,43.4,6.4,279.2,24.2,20556,66161,1,32.9,24.0,27.6,36.6,24.0,28.8,21.1
Chaguanas,2015-05-26,65.9,0.0,17.2,100.5,1013.5,39.3,6.6,294.4,25.4,20553,66176,0,34.0,22.2,27.8,35.3,22.2,28.7,20.1
Chaguanas,2015-05-27,74.5,0.0,17.2,103.4,1012.5,46.0,6.8,256.9,22.2,20551,66192,0,33.0,22.9,27.5,38.1,22.9,29.6,22.3
Chaguanas,2015-05-28,82.9,7.899399999999999,18.3,111.7,1012.3,70.5,6.1,223.2,19.4,20549,66208,1,32.1,25.0,27.6,37.9,25.0,30.6,24.2
Chaguanas,2015-05-29,79.8,2.2859999999999996,20.8,99.6,1012.0,50.5,6.3,166.3,14.3,20549,66224,1,31.1,25.2,27.7,36.6,25.2,30.2,23.8
Chaguanas,2015-05-30,74.8,0.0,19.7,102.9,1012.3,62.1,6.4,240.2,20.9,20549,66240,0,32.0,25.9,28.2,35.8,25.9,30.6,23.1
Chaguanas,2015-05-31,78.6,3.9878,20.8,100.4,1013.6,57.9,6.4,255.2,22.1,20549,66256,1,32.0,25.0,27.8,36.8,25.0,30.3,23.5
Chaguanas,2015-06-01,73.8,0.4064,20.8,108.5,1014.4,53.5,6.9,249.0,21.5,20551,66273,1,32.0,25.8,27.9,35.8,25.8,29.9,22.7
Chaguanas,2015-06-02,76.4,0.1016,16.1,116.6,1013.1,64.9,6.2,264.4,22.9,20553,66289,1,33.0,25.0,28.1,37.7,25.0,30.4,23.3
Chaguanas,2015-06-03,71.6,0.508,17.2,95.0,1012.7,49.1,6.8,269.5,23.1,20556,66306,1,33.2,25.9,28.9,37.0,25.9,31.3,22.8
Chaguanas,2015-06-04,84.1,7.010400000000001,15.0,100.2,1013.4,66.0,6.2,246.3,21.1,20559,66322,1,32.0,25.0,27.4,36.6,25.0,29.6,24.3
Chaguanas,2015-06-05,78.7,7.289799999999999,15.0,98.1,1013.6,51.4,6.7,248.8,21.4,20564,66338,1,33.0,25.0,28.1,38.1,25.0,30.8,23.8
Chaguanas,2015-06-06,83.0,2.0065999999999997,17.2,99.1,1013.0,61.7,5.8,259.8,22.4,20569,66355,1,33.0,25.0,27.7,39.3,25.0,30.2,24.4
Chaguanas,2015-06-07,76.1,0.508,20.8,95.4,1013.7,45.7,6.4,291.8,25.3,20574,66371,1,32.1,25.0,28.2,36.6,25.0,30.6,23.3
Chaguanas,2015-06-08,72.4,0.7111999999999999,18.3,100.5,1014.2,37.9,7.3,277.1,23.9,20580,66387,1,33.0,24.8,28.2,36.2,24.8,30.1,22.3
Chaguanas,2015-06-09,68.5,0.0,16.1,98.1,1012.9,30.4,7.5,275.3,23.7,20587,66404,0,33.0,24.0,27.9,35.8,24.0,29.0,21.1
Chaguanas,2015-06-10,76.4,0.0,17.2,84.5,1013.1,52.7,7.7,224.4,19.3,20595,66420,0,32.0,23.0,26.8,34.9,23.0,28.1,22.0
Chaguanas,2015-06-11,77.2,0.0,20.8,92.2,1013.9,61.8,6.0,267.0,23.0,20603,66436,0,32.0,24.7,27.8,35.8,24.7,30.0,23.1
Chaguanas,2015-06-12,76.1,0.3048,18.3,89.0,1014.2,48.2,5.8,282.6,24.3,20611,66451,1,32.0,25.6,28.2,36.8,25.6,31.0,23.4
Chaguanas,2015-06-13,76.9,1.0921999999999998,20.8,91.7,1013.7,58.9,6.0,258.0,22.2,20620,66467,1,31.2,25.0,27.9,35.9,25.0,30.3,23.3
Chaguanas,2015-06-14,75.6,0.4064,23.0,84.6,1012.8,54.8,5.8,264.1,22.9,20630,66482,1,32.0,26.0,28.2,36.8,26.0,30.9,23.3
Chaguanas,2015-06-15,90.6,50.3174,15.0,96.0,1013.7,71.0,5.6,96.5,8.3,20640,66497,1,27.7,24.9,25.9,31.7,24.9,26.2,24.2
Chaguanas,2015-06-16,80.8,0.4064,20.0,93.0,1013.9,55.1,6.6,201.5,17.4,20651,66512,1,32.0,25.7,28.1,37.9,25.7,31.1,24.3
Chaguanas,2015-06-17,74.6,0.7874,18.3,88.6,1013.8,50.4,5.0,239.8,20.8,20662,66527,1,32.0,26.0,28.4,36.8,26.0,31.4,23.3
Chaguanas,2015-06-18,81.3,10.693399999999999,18.3,92.5,1013.8,56.2,5.4,207.0,17.8,20674,66541,1,31.8,25.8,28.1,37.8,25.8,31.4,24.4
Chaguanas,2015-06-19,74.7,0.0,19.7,91.6,1014.7,42.5,6.4,263.4,22.7,20686,66555,0,32.0,25.8,28.0,35.8,25.8,29.9,22.9
Chaguanas,2015-06-20,77.9,0.7111999999999999,29.0,87.0,1014.7,50.4,7.7,249.5,21.6,20698,66569,1,31.0,24.6,27.4,36.6,24.6,29.3,23.1
Chaguanas,2015-06-21,84.7,20.193,16.1,85.6,1014.8,72.9,7.5,227.1,19.5,20711,66582,1,28.3,24.7,26.2,31.9,24.7,27.4,23.4
Chaguanas,2015-06-22,83.3,2.2097999999999995,16.1,106.6,1015.5,58.8,6.6,248.6,21.7,20724,66594,1,31.0,25.0,27.3,36.2,25.0,29.3,24.1
Chaguanas,2015-06-23,89.4,20.2946,17.2,95.2,1016.4,71.9,5.1,197.7,17.1,20737,66607,1,30.0,24.0,26.1,36.2,24.0,27.3,24.1
Chaguanas,2015-06-24,77.9,15.392399999999999,19.7,90.7,1016.6,56.2,5.6,266.4,23.0,20751,66619,1,31.0,25.0,27.7,35.5,25.0,29.8,23.3
Chaguanas,2015-06-25,73.8,0.0,16.1,92.5,1016.3,34.1,5.8,291.0,25.1,20765,66630,0,32.0,24.8,27.9,35.8,24.8,29.7,22.5
Chaguanas,2015-06-26,83.6,4.3942,16.1,106.1,1016.1,53.0,6.6,246.3,21.3,20779,66641,1,31.0,24.0,27.2,37.8,24.0,29.6,24.1
Chaguanas,2015-06-27,83.1,15.011399999999998,18.3,88.2,1016.4,61.6,6.1,228.2,19.7,20794,66651,1,30.9,24.0,27.1,35.6,24.0,29.2,23.8
Chaguanas,2015-06-28,83.3,7.594599999999999,18.3,103.3,1015.7,63.0,6.3,213.4,18.2,20809,66661,1,31.0,25.7,27.3,36.2,25.7,29.5,24.1
Chaguanas,2015-06-29,75.6,3.2003999999999997,16.1,98.3,1014.9,48.5,6.7,230.8,19.9,20823,66670,1,31.1,25.0,27.3,33.8,25.0,28.7,22.4
Chaguanas,2015-06-30,86.7,18.7198,17.2,97.2,1014.9,65.3,6.2,175.7,15.3,20838,66679,1,31.0,24.9,26.7,37.8,24.9,28.7,24.2
Chaguanas,2015-07-01,74.4,0.0,31.3,93.4,1014.9,44.8,6.9,259.3,22.4,20853,66686,0,32.1,25.0,27.7,35.8,25.0,29.6,22.5
Chaguanas,2015-07-02,75.4,0.9905999999999999,16.1,99.6,1013.7,42.0,7.2,267.5,23.0,20868,66693,1,32.0,25.0,27.8,36.8,25.0,29.8,22.8
Chaguanas,2015-07-03,78.5,2.8956,13.9,98.5,1013.7,39.0,6.3,262.1,22.8,20883,66700,1,32.2,25.0,27.8,36.9,25.0,29.9,23.5
Chaguanas,2015-07-04,80.2,7.010400000000001,20.8,98.8,1013.1,65.1,5.9,264.3,22.9,20899,66706,1,32.0,24.9,27.5,35.8,24.9,29.4,23.5
Chaguanas,2015-07-05,83.8,89.50959999999999,16.1,99.2,1013.4,61.8,5.5,187.6,16.2,20914,66712,1,31.2,23.7,26.6,35.5,23.7,28.1,23.4
Chaguanas,2015-07-06,84.1,12.5222,20.8,98.5,1013.8,65.6,5.8,196.3,17.0,20929,66716,1,30.0,24.9,26.3,35.1,24.9,27.5,23.3
Chaguanas,2015-07-07,81.5,18.415,17.2,98.9,1013.7,51.3,6.3,212.4,18.4,20945,66720,1,31.0,24.7,26.9,35.5,24.7,28.8,23.4
Chaguanas,2015-07-08,75.1,0.1016,16.1,94.0,1013.7,49.7,6.7,230.8,19.8,20960,66724,1,31.8,25.7,27.8,35.5,25.7,29.7,22.8
Chaguanas,2015-07-09,72.0,0.0,13.9,103.0,1013.3,34.4,7.1,248.8,21.5,20976,66726,0,33.0,25.0,28.3,37.4,25.0,30.2,22.4
Chaguanas,2015-07-10,78.9,0.0,11.4,104.3,1014.1,43.4,7.4,243.4,21.2,20991,66728,0,32.0,24.0,27.3,37.9,24.0,29.6,23.2
Chaguanas,2015-07-11,78.5,0.7111999999999999,16.1,106.6,1014.7,48.4,7.5,255.2,22.0,21006,66729,1,32.0,24.0,28.0,36.8,24.0,30.7,23.7
Chaguanas,2015-07-12,79.6,0.4064,33.6,102.2,1014.2,49.1,6.9,212.6,18.3,21021,66730,1,32.1,24.8,27.7,35.9,24.8,29.8,23.6
Chaguanas,2015-07-13,84.3,8.712200000000001,18.3,104.7,1013.6,51.1,6.5,242.8,21.1,21036,66729,1,30.8,24.0,26.7,35.2,24.0,28.4,23.7
Chaguanas,2015-07-14,80.8,5.0038,17.2,105.2,1013.2,57.7,6.4,247.9,21.3,21051,66728,1,32.0,25.0,27.7,37.9,25.0,30.1,23.9
Chaguanas,2015-07-15,74.0,2.6923999999999997,15.0,99.1,1013.3,36.8,6.4,276.4,23.9,21065,66726,1,32.0,24.0,27.8,35.8,24.0,29.7,22.5
Chaguanas,2015-07-16,83.8,5.9944,11.4,110.4,1014.0,40.2,6.7,251.6,21.6,21080,66723,1,30.8,24.0,26.9,36.4,24.0,29.3,23.8
Chaguanas,2015-07-17,77.0,5.9944,15.0,100.1,1014.4,51.8,6.4,241.5,20.8,21094,66719,1,32.0,24.8,27.4,36.7,24.8,29.1,22.7
Chaguanas,2015-07-18,72.2,0.0,18.3,82.9,1014.1,53.1,7.1,226.1,19.6,21108,66715,0,32.0,24.0,27.6,35.8,24.0,29.0,21.8
Chaguanas,2015-07-19,81.6,2.5146,17.2,105.8,1013.7,53.5,6.6,205.7,17.7,21121,66709,1,31.0,24.9,27.0,36.2,24.9,28.9,23.4
Chaguanas,2015-07-20,84.1,18.9992,13.9,98.2,1013.3,53.2,6.3,197.0,17.0,21135,66703,1,32.0,24.0,27.4,38.2,24.0,29.9,24.2
Chaguanas,2015-07-21,89.8,19.9898,9.2,100.7,1013.6,60.0,7.0,191.4,16.5,21148,66696,1,28.7,25.1,26.6,33.8,25.1,27.9,24.7
Chaguanas,2015-07-22,77.6,9.7028,16.1,103.5,1014.7,41.5,7.0,204.0,17.7,21161,66688,1,33.0,25.0,28.7,39.3,25.0,31.8,24.1
Chaguanas,2015-07-23,75.2,4.0893999999999995,16.1,100.1,1015.4,37.1,7.1,281.5,24.4,21173,66680,1,32.1,25.8,28.4,37.4,25.8,30.8,23.3
Chaguanas,2015-07-24,73.9,0.0,15.0,96.9,1015.7,32.1,7.1,281.3,24.4,21185,66670,0,33.0,24.0,28.1,37.1,24.0,30.1,22.6
Chaguanas,2015-07-25,85.8,24.002999999999997,15.0,99.6,1014.6,48.2,6.8,214.4,18.5,21197,66660,1,30.0,24.0,26.2,33.6,24.0,27.5,23.4
Chaguanas,2015-07-26,74.1,0.0,16.1,98.0,1014.2,30.4,7.2,279.4,24.0,21209,66649,0,32.0,24.0,27.9,35.8,24.0,29.7,22.5
Chaguanas,2015-07-27,75.9,0.9905999999999999,17.2,100.6,1013.5,39.9,7.2,268.2,23.1,21220,66637,1,32.0,23.8,27.8,36.8,23.8,30.4,22.9
Chaguanas,2015-07-28,75.1,0.508,17.2,96.9,1012.8,33.9,6.6,244.2,21.1,21231,66624,1,33.0,25.0,28.3,38.6,25.0,31.0,23.3
Chaguanas,2015-07-29,74.9,0.1016,16.1,91.6,1012.9,32.9,6.6,284.2,24.6,21241,66610,1,33.0,23.9,27.8,37.8,23.9,30.2,22.7
Chaguanas,2015-07-30,81.7,7.112,13.9,112.8,1013.7,45.4,6.9,199.5,17.1,21251,66595,1,33.0,25.0,28.0,39.3,25.0,30.7,24.3
Chaguanas,2015-07-31,75.4,0.0,13.9,101.5,1013.8,41.7,7.2,254.4,22.0,21261,66580,0,33.8,25.0,28.5,38.2,25.0,31.1,23.4
Chaguanas,2015-08-01,72.3,2.0065999999999997,15.0,95.4,1012.7,33.3,7.2,272.7,23.4,21270,66564,1,32.1,24.2,28.1,37.3,24.2,30.0,22.4
Chaguanas,2015-08-02,74.6,0.0,16.1,110.1,1012.1,30.5,7.6,279.1,24.0,21279,66547,0,34.0,22.0,27.9,38.3,22.0,30.1,22.4
Chaguanas,2015-08-03,77.8,7.112,16.1,108.2,1012.6,48.8,6.8,237.7,20.4,21287,66529,1,32.1,25.0,28.4,38.9,25.0,31.4,23.9
Chaguanas,2015-08-04,78.7,0.9905999999999999,17.2,105.3,1013.7,40.7,7.4,256.7,22.1,21295,66510,1,33.8,25.8,28.4,40.6,25.8,31.7,24.2
Chaguanas,2015-08-05,76.7,0.2032,13.9,108.9,1013.5,41.9,7.4,244.8,21.4,21303,66491,1,34.0,25.0,28.6,40.6,25.0,31.6,23.8
Chaguanas,2015-08-06,79.1,1.6001999999999998,20.8,101.3,1012.5,53.1,7.3,242.8,20.9,21310,66471,1,34.0,25.0,28.0,39.4,25.0,30.7,23.8
Chaguanas,2015-08-07,86.1,16.3068,16.1,81.0,1012.1,51.4,6.5,228.0,19.7,21317,66450,1,31.0,24.9,27.0,37.8,24.9,29.3,24.4
Chaguanas,2015-08-08,89.4,16.002,16.1,109.3,1012.6,60.3,5.9,219.3,19.1,21323,66428,1,30.9,24.9,26.3,37.4,24.9,27.6,24.3
Chaguanas,2015-08-09,81.1,6.8072,13.9,109.7,1012.3,40.9,7.2,242.3,21.0,21329,66406,1,33.0,24.0,27.8,39.3,24.0,30.4,23.9
Chaguanas,2015-08-10,73.0,0.2032,15.0,110.6,1012.5,35.4,7.8,261.2,22.5,21335,66383,1,33.0,24.9,28.3,38.1,24.9,30.6,22.7
Chaguanas,2015-08-11,76.4,0.0,15.0,122.8,1012.9,39.5,7.8,279.2,23.9,21340,66359,0,33.2,23.8,27.9,38.4,23.8,30.6,23.1
Chaguanas,2015-08-12,77.5,0.0,13.9,98.9,1012.6,46.7,7.1,241.8,20.8,21345,66334,0,34.0,25.0,28.4,38.3,25.0,30.9,23.8
Chaguanas,2015-08-13,74.8,0.0,16.1,97.4,1012.7,35.0,7.5,281.3,24.3,21349,66309,0,33.2,25.0,28.3,37.1,25.0,30.3,23.0
Chaguanas,2015-08-14,79.1,0.4064,15.0,92.7,1013.3,45.6,7.3,209.1,17.9,21353,66283,1,34.0,24.0,27.9,40.9,24.0,30.8,23.7
Chaguanas,2015-08-15,78.8,15.087599999999998,18.3,86.9,1013.2,53.6,6.7,240.3,20.6,21357,66256,1,33.0,25.0,28.3,38.7,25.0,31.2,24.1
Chaguanas,2015-08-16,73.4,0.7111999999999999,16.1,97.2,1013.5,36.8,7.1,251.9,21.6,21360,66229,1,33.1,25.0,28.7,38.1,25.0,30.8,23.0
Chaguanas,2015-08-17,73.5,0.0,16.1,90.9,1013.6,48.6,7.8,284.5,24.6,21362,66201,0,33.0,24.0,28.3,36.8,24.0,30.5,22.7
Chaguanas,2015-08-18,72.2,0.0,16.1,94.8,1013.0,41.6,7.3,281.3,24.3,21365,66172,0,33.0,25.0,28.9,38.6,25.0,31.3,23.0
Chaguanas,2015-08-19,84.8,38.099999999999994,13.9,100.5,1012.4,57.3,5.8,230.4,19.9,21367,66143,1,33.1,23.0,26.7,38.4,23.0,28.4,23.7
Chaguanas,2015-08-20,90.5,47.498,13.9,104.8,1011.9,66.1,5.5,197.4,17.1,21368,66113,1,28.0,24.2,26.2,31.9,24.2,27.3,24.4
Chaguanas,2015-08-21,80.7,0.0,13.9,101.9,1012.3,54.7,6.9,196.8,17.1,21370,66083,0,33.0,25.0,28.2,42.2,25.0,31.4,24.3
Chaguanas,2015-08-22,73.4,0.508,12.8,106.6,1011.6,42.3,7.0,252.0,21.6,21370,66052,1,33.2,24.0,28.6,38.2,24.0,31.1,22.9
Chaguanas,2015-08-23,82.8,0.1016,15.0,97.8,1011.0,59.0,6.8,241.7,21.1,21371,66020,1,32.0,25.0,27.7,38.9,25.0,30.9,24.3
Chaguanas,2015-08-24,77.5,0.1016,10.3,111.1,1011.0,36.9,7.3,276.2,23.8,21371,65988,1,34.2,24.7,28.5,40.6,24.7,31.3,23.8
Chaguanas,2015-08-25,74.4,0.0,11.4,100.4,1011.0,31.5,6.6,264.8,22.9,21371,65956,0,34.7,24.0,28.9,39.9,24.0,31.8,23.5
Chaguanas,2015-08-26,76.9,0.0,11.4,116.1,1010.9,46.6,7.3,262.6,22.7,21371,65923,0,34.0,24.0,28.9,42.0,24.0,32.7,24.1
Chaguanas,2015-08-27,75.7,0.0,12.8,124.7,1012.0,36.5,7.3,284.2,24.4,21370,65889,0,33.2,26.0,28.9,38.1,26.0,32.6,23.9
Chaguanas,2015-08-28,75.0,0.0,12.8,105.3,1013.1,40.6,7.4,243.4,21.0,21369,65855,0,34.0,25.8,29.1,40.1,25.8,32.8,23.9
Chaguanas,2015-08-29,80.3,34.0106,10.3,110.9,1012.6,46.6,7.3,260.6,22.6,21368,65821,1,33.0,24.9,28.2,39.3,24.9,31.4,24.2
Chaguanas,2015-08-30,79.1,4.013199999999999,13.9,114.1,1013.1,43.1,7.3,234.3,20.2,21366,65786,1,34.0,25.0,28.7,40.6,25.0,32.2,24.5
Chaguanas,2015-08-31,82.4,32.004,11.4,96.7,1014.0,37.0,7.6,255.1,22.1,21364,65751,1,33.0,25.0,28.2,40.6,25.0,31.8,24.7
Chaguanas,2015-09-01,80.4,4.9784,13.9,107.7,1013.7,40.1,7.4,252.4,21.7,21362,65715,1,33.0,25.0,28.4,40.7,25.0,32.2,24.6
Chaguanas,2015-09-02,76.6,0.9905999999999999,16.1,110.4,1013.7,39.9,6.6,254.6,22.1,21360,65679,1,34.0,25.2,29.1,42.0,25.2,32.8,24.3
Chaguanas,2015-09-03,75.3,0.0,16.1,108.7,1012.9,36.4,6.6,251.7,21.8,21357,65643,0,34.0,25.0,29.0,39.4,25.0,32.7,23.9
Chaguanas,2015-09-04,75.5,0.0,12.8,109.2,1013.1,35.8,6.8,279.3,24.2,21354,65606,0,33.2,24.9,28.6,38.1,24.9,31.4,23.5
Chaguanas,2015-09-05,76.5,0.9905999999999999,15.0,109.3,1012.8,36.3,7.9,275.0,23.7,21352,65569,1,34.0,25.0,28.6,39.3,25.0,31.6,23.7
Chaguanas,2015-09-06,77.5,0.0,15.0,115.5,1012.7,37.2,7.4,224.7,19.5,21348,65532,0,34.0,25.0,29.1,40.7,25.0,33.1,24.4
Chaguanas,2015-09-07,87.4,8.001,13.9,90.8,1012.3,60.7,6.5,182.9,15.8,21345,65495,1,32.0,25.0,27.2,37.9,25.0,29.7,24.8
Chaguanas,2015-09-08,79.4,0.508,16.1,105.5,1011.2,42.2,7.4,245.9,21.3,21342,65457,1,33.2,25.0,28.6,40.6,25.0,32.2,24.4
Chaguanas,2015-09-09,88.3,8.001,11.4,107.9,1010.0,51.9,5.8,203.5,17.4,21338,65419,1,29.0,24.0,26.2,33.6,24.0,27.7,24.1
Chaguanas,2015-09-10,81.3,0.889,10.3,107.3,1011.0,48.4,7.5,240.3,20.7,21335,65381,1,33.0,25.0,28.3,39.3,25.0,31.6,24.5
Chaguanas,2015-09-11,72.9,0.0,10.3,123.8,1012.5,38.3,8.0,272.6,23.6,21331,65343,0,34.0,24.0,28.8,37.8,24.0,31.2,22.9
Chaguanas,2015-09-12,77.9,0.9905999999999999,11.4,96.6,1013.0,52.8,7.8,236.7,20.5,21327,65305,1,33.2,24.9,27.8,39.2,24.9,29.9,23.3
Chaguanas,2015-09-13,81.2,7.010400000000001,11.4,90.8,1013.0,49.9,7.2,237.7,20.6,21323,65266,1,33.0,25.0,28.1,40.7,25.0,31.3,24.4
Chaguanas,2015-09-14,77.5,0.0,13.9,100.5,1012.5,41.9,7.4,237.6,20.6,21319,65228,0,34.0,25.0,29.1,40.6,25.0,32.9,24.4
Chaguanas,2015-09-15,77.6,0.0,18.3,101.5,1013.1,48.2,7.4,207.8,17.9,21315,65189,0,34.0,26.0,29.2,40.7,26.0,33.7,24.6
Chaguanas,2015-09-16,83.7,5.4102,16.1,95.3,1012.1,44.5,6.7,251.7,21.8,21311,65150,1,31.1,24.9,27.6,37.5,24.9,30.6,24.5
Chaguanas,2015-09-17,84.7,14.985999999999999,11.9,105.9,1010.6,49.9,7.3,248.7,21.6,21307,65112,1,32.0,25.0,27.4,40.7,25.0,29.9,24.5
Chaguanas,2015-09-18,87.8,8.2804,13.9,106.0,1011.0,54.6,6.7,211.1,18.3,21303,65073,1,29.0,24.8,26.2,33.6,24.8,27.4,23.9
Chaguanas,2015-09-19,83.0,0.0,12.8,108.6,1011.5,59.1,7.5,225.8,19.6,21299,65034,0,32.7,23.0,27.2,40.3,23.0,30.3,23.9
Chaguanas,2015-09-20,82.4,5.0038,8.1,96.0,1011.2,44.5,7.2,258.7,22.6,21295,64995,1,33.9,25.0,28.1,40.7,25.0,31.8,24.7
Chaguanas,2015-09-21,77.3,0.0,11.4,109.3,1011.3,42.5,7.6,277.0,24.0,21291,64957,0,34.1,25.8,29.1,40.7,25.8,32.9,24.4
Chaguanas,2015-09-22,76.1,0.2032,13.9,122.6,1011.0,29.5,7.4,266.7,23.0,21287,64918,1,34.0,25.0,28.9,40.6,25.0,32.2,23.9
Chaguanas,2015-09-23,75.2,0.0,11.4,115.0,1010.6,34.5,7.4,274.8,23.9,21284,64879,0,34.0,25.0,28.9,39.4,25.0,32.1,23.7
Chaguanas,2015-09-24,74.6,0.0,13.9,114.8,1011.3,36.7,7.6,241.7,20.8,21280,64841,0,34.1,24.0,28.8,42.0,24.0,31.8,23.4
Chaguanas,2015-09-25,75.4,0.0,16.1,119.9,1012.1,38.1,7.8,289.3,25.0,21277,64803,0,33.0,25.0,28.9,38.1,25.0,32.1,23.8
Chaguanas,2015-09-26,76.8,0.0,11.4,117.1,1012.0,34.3,7.1,270.7,23.6,21273,64765,0,34.0,25.0,28.7,40.6,25.0,31.7,23.9
Chaguanas,2015-09-27,75.3,0.0,11.4,123.3,1012.8,27.9,7.2,292.9,25.4,21270,64727,0,34.0,24.0,28.7,39.8,24.0,31.3,23.4
Chaguanas,2015-09-28,73.6,0.0,11.4,126.5,1011.3,31.5,7.4,290.0,25.1,21267,64689,0,34.0,23.0,28.3,38.3,23.0,30.5,22.7
Chaguanas,2015-09-29,73.7,0.0,9.2,132.4,1009.7,43.2,7.9,283.1,24.5,21265,64652,0,35.0,24.0,28.4,40.6,24.0,30.7,22.7
Chaguanas,2015-09-30,76.5,0.0,13.9,129.2,1008.8,49.7,7.8,235.5,20.3,21262,64614,0,34.0,24.7,28.5,39.4,24.7,31.7,23.7
Chaguanas,2015-10-01,80.2,0.0,9.2,129.2,1008.4,44.3,7.5,135.6,11.6,21260,64577,0,33.1,25.9,28.2,38.2,25.9,31.4,24.3
Chaguanas,2015-10-02,77.9,0.0,12.8,119.0,1009.7,48.0,7.1,263.8,23.0,21258,64541,0,33.0,25.9,28.6,39.3,25.9,31.7,24.1
Chaguanas,2015-10-03,76.7,0.0,13.9,127.6,1011.0,42.3,6.8,264.9,22.9,21256,64505,0,34.0,25.0,28.9,40.6,25.0,32.4,24.1
Chaguanas,2015-10-04,73.7,0.0,12.8,113.5,1011.9,37.6,6.9,285.9,24.7,21255,64469,0,34.0,25.0,29.3,38.7,25.0,32.6,23.6
Chaguanas,2015-10-05,79.0,2.0065999999999997,13.9,110.3,1013.1,41.7,7.4,213.6,18.6,21254,64433,1,34.0,25.9,28.6,42.0,25.9,32.4,24.4
Chaguanas,2015-10-06,85.3,15.087599999999998,25.3,99.8,1013.0,52.9,6.9,234.3,20.4,21253,64398,1,32.0,24.1,27.4,39.2,24.1,30.5,24.6
Chaguanas,2015-10-07,76.9,0.0,13.9,120.5,1011.8,38.9,7.5,261.1,22.5,21252,64363,0,34.0,25.0,28.7,39.4,25.0,31.5,23.8
Chaguanas,2015-10-08,86.3,16.9926,26.4,104.1,1012.1,55.7,6.6,226.0,19.4,21252,64329,1,33.0,24.0,26.4,39.3,24.0,27.8,23.8
Chaguanas,2015-10-09,83.2,0.9143999999999999,17.2,112.4,1012.1,66.1,6.5,168.9,14.7,21253,64295,1,32.7,25.0,27.2,40.3,25.0,29.4,24.0
Chaguanas,2015-10-10,85.2,4.2926,16.1,91.1,1011.5,49.5,6.3,226.4,19.6,21253,64262,1,31.0,24.8,27.4,37.8,24.8,29.9,24.6
Chaguanas,2015-10-11,90.3,4.1148,13.9,98.4,1011.3,57.9,6.5,151.7,13.2,21255,64229,1,28.2,24.9,26.2,33.0,24.9,27.4,24.4
Chaguanas,2015-10-12,79.6,0.0,21.9,89.6,1011.6,46.7,6.9,247.6,21.3,21256,64197,0,33.0,24.0,28.1,39.3,24.0,30.8,23.8
Chaguanas,2015-10-13,87.2,2.5146,13.9,117.7,1011.7,48.8,6.5,180.3,15.6,21258,64165,1,31.0,25.0,27.1,37.8,25.0,29.8,24.7
Chaguanas,2015-10-14,79.5,0.0,19.5,111.3,1012.4,41.8,7.3,257.8,22.1,21261,64134,0,32.2,25.0,28.3,37.9,25.0,31.2,24.1
Chaguanas,2015-10-15,82.0,2.9972,12.8,109.2,1011.8,43.8,7.4,234.9,20.3,21264,64103,1,33.0,24.0,27.5,40.7,24.0,30.1,24.0
Chaguanas,2015-10-16,78.3,0.0,12.8,113.6,1011.5,40.0,7.9,253.8,21.8,21267,64073,0,34.0,24.0,28.4,40.6,24.0,31.4,23.9
Chaguanas,2015-10-17,76.0,0.0,12.8,110.4,1012.8,35.9,7.9,273.7,23.7,21271,64044,0,34.0,24.9,28.8,39.4,24.9,31.7,23.7
Chaguanas,2015-10-18,76.4,0.0,12.8,106.4,1013.3,32.3,8.3,267.1,23.1,21275,64015,0,33.1,24.0,28.5,39.3,24.0,31.2,23.6
Chaguanas,2015-10-19,76.4,0.0,12.8,101.0,1013.3,28.1,8.0,282.1,24.2,21280,63987,0,34.0,23.9,28.2,40.6,23.9,30.8,23.3
Chaguanas,2015-10-20,76.1,0.0,15.0,90.0,1012.5,43.2,7.6,239.0,20.8,21286,63960,0,35.0,23.7,28.2,41.9,23.7,31.2,23.3
Chaguanas,2015-10-21,78.6,0.889,11.4,75.8,1011.2,42.9,7.5,229.5,20.1,21292,63934,1,34.0,25.0,28.5,40.6,25.0,31.8,24.2
Chaguanas,2015-10-22,85.5,0.508,11.4,108.2,1010.5,50.2,6.9,209.4,18.2,21299,63908,1,31.0,25.7,27.3,37.8,25.7,30.2,24.7
Chaguanas,2015-10-23,76.4,0.0,12.8,109.5,1010.0,44.9,7.6,235.2,20.4,21306,63883,0,35.0,25.7,29.2,40.7,25.7,33.1,24.3
Chaguanas,2015-10-24,75.3,0.0,15.0,120.8,1010.6,44.5,7.3,174.8,15.1,21314,63859,0,34.0,26.0,29.4,40.6,26.0,33.7,24.3
Chaguanas,2015-10-25,81.6,24.002999999999997,15.0,103.0,1012.4,51.1,7.1,178.5,15.3,21323,63836,1,33.0,23.2,27.9,40.6,23.2,31.8,24.3
Chaguanas,2015-10-26,78.5,0.0,11.4,117.7,1012.3,44.5,7.4,237.8,20.5,21332,63813,0,34.0,24.9,28.6,39.6,24.9,31.8,24.2
Chaguanas,2015-10-27,86.1,18.9992,16.1,102.0,1012.6,55.6,6.2,219.0,18.9,21342,63792,1,32.9,24.0,26.9,40.3,24.0,28.9,24.3
Chaguanas,2015-10-28,86.1,0.9905999999999999,15.0,103.1,1012.6,50.1,7.3,212.8,18.4,21352,63771,1,32.9,24.2,27.2,41.8,24.2,29.8,24.5
Chaguanas,2015-10-29,79.9,0.0,11.4,113.1,1011.3,42.0,7.8,237.4,20.5,21363,63751,0,34.0,23.8,28.4,42.0,23.8,32.1,24.3
Chaguanas,2015-10-30,87.2,7.010400000000001,11.4,99.7,1011.3,42.2,7.0,213.3,18.6,21375,63732,1,31.0,24.9,27.2,37.8,24.9,29.9,24.8
Chaguanas,2015-10-31,85.5,11.0998,13.9,96.3,1011.0,45.0,7.2,223.2,19.1,21387,63714,1,33.0,24.0,27.4,40.6,24.0,30.0,24.6
Chaguanas,2015-11-01,85.9,7.518399999999999,18.3,95.3,1010.3,52.8,6.6,189.9,16.5,21400,63697,1,32.0,25.0,27.2,37.9,25.0,29.4,24.4
Chaguanas,2015-11-02,85.0,2.0065999999999997,12.8,103.7,1010.1,63.8,7.3,218.1,18.9,21414,63681,1,33.0,24.2,27.0,39.3,24.2,29.2,24.1
Chaguanas,2015-11-03,84.6,0.7111999999999999,15.0,99.6,1010.6,51.7,7.5,199.5,17.4,21428,63666,1,32.0,24.0,27.1,38.5,24.0,29.4,24.1
Chaguanas,2015-11-04,82.7,0.6096,23.0,97.6,1010.8,57.9,7.1,217.1,18.8,21443,63652,1,33.0,24.9,27.5,40.6,24.9,29.7,24.1
Chaguanas,2015-11-05,91.7,24.409399999999998,16.1,105.0,1010.9,60.2,6.5,200.7,17.3,21459,63639,1,30.0,23.9,25.7,36.2,23.9,26.7,24.2
Chaguanas,2015-11-06,82.7,2.4892,13.9,101.4,1011.8,52.7,7.7,112.6,9.8,21476,63627,1,33.0,24.0,27.6,40.6,24.0,30.4,24.2
Chaguanas,2015-11-07,82.5,0.0,13.9,107.9,1012.2,39.7,7.5,244.3,21.2,21493,63616,0,34.0,24.0,28.1,42.0,24.0,31.4,24.5
Chaguanas,2015-11-08,83.8,0.0,16.1,102.1,1012.0,49.8,6.7,201.9,17.5,21510,63606,0,33.0,25.0,28.2,40.6,25.0,31.5,24.9
Chaguanas,2015-11-09,94.9,35.407599999999995,13.9,101.7,1013.0,54.2,6.7,113.8,9.8,21529,63597,1,29.2,24.0,25.3,34.6,24.0,25.9,24.4
Chaguanas,2015-11-10,90.2,18.9992,18.3,99.1,1012.8,56.2,6.4,132.9,11.5,21548,63589,1,32.0,23.9,26.3,40.7,23.9,28.4,24.4
Chaguanas,2015-11-11,90.5,11.379199999999999,13.9,105.3,1012.4,45.6,6.3,167.8,14.6,21568,63582,1,31.0,23.0,25.9,37.8,23.0,27.9,24.2
Chaguanas,2015-11-12,84.3,0.4064,13.9,101.7,1011.6,39.8,7.1,222.4,19.3,21588,63576,1,32.0,23.0,26.9,38.4,23.0,28.9,23.7
Chaguanas,2015-11-13,81.0,2.0065999999999997,18.3,104.6,1011.3,35.0,7.0,232.5,20.0,21609,63571,1,33.0,23.0,27.3,38.3,23.0,29.5,23.4
Chaguanas,2015-11-14,82.8,0.1016,15.0,110.0,1012.5,43.5,7.4,226.2,19.5,21631,63568,1,32.1,23.8,27.1,38.2,23.8,29.4,23.7
Chaguanas,2015-11-15,85.7,2.2097999999999995,15.0,108.7,1013.0,42.6,7.0,216.2,18.7,21653,63565,1,32.0,24.0,26.8,37.9,24.0,28.7,24.0
Chaguanas,2015-11-16,88.0,13.0048,17.2,103.0,1011.8,51.3,6.3,228.0,19.7,21676,63563,1,31.0,24.0,26.7,37.8,24.0,29.0,24.4
Chaguanas,2015-11-17,84.1,1.7018,12.8,110.4,1010.4,41.1,6.9,208.3,18.1,21700,63563,1,33.0,23.2,27.2,38.1,23.2,29.7,24.0
Chaguanas,2015-11-18,84.3,2.413,16.1,103.2,1010.1,48.7,6.9,216.4,18.8,21724,63564,1,32.0,24.0,26.9,37.9,24.0,29.0,23.8
Chaguanas,2015-11-19,83.7,0.4064,7.4,58.3,1010.2,44.8,7.4,225.7,19.5,21749,63565,1,32.0,22.9,26.4,37.9,22.9,28.2,23.1
Chaguanas,2015-11-20,80.7,0.0,11.4,71.6,1009.2,53.7,7.0,202.4,17.5,21774,63568,0,33.0,23.0,27.0,38.1,23.0,29.1,23.2
Chaguanas,2015-11-21,81.2,0.0,13.9,109.8,1010.2,31.5,8.0,243.2,21.1,21800,63572,0,32.0,22.1,26.8,37.9,22.1,28.8,23.1
Chaguanas,2015-11-22,84.4,0.0,15.0,107.3,1011.4,41.6,7.6,209.6,18.1,21826,63577,0,32.0,24.7,27.5,39.2,24.7,30.2,24.5
Chaguanas,2015-11-23,88.6,6.400799999999999,18.3,101.2,1010.8,56.2,6.0,202.4,17.6,21853,63583,1,30.2,24.0,26.4,36.2,24.0,27.9,24.2
Chaguanas,2015-11-24,86.6,17.8054,11.4,98.9,1010.4,52.4,6.5,192.8,16.6,21881,63590,1,32.0,24.0,26.8,37.9,24.0,29.1,24.2
Chaguanas,2015-11-25,85.9,6.019799999999999,16.1,97.8,1011.4,54.2,6.2,206.9,17.9,21909,63598,1,32.0,24.0,26.8,39.2,24.0,28.9,24.1
Chaguanas,2015-11-26,83.0,0.0,18.3,111.3,1011.6,36.5,6.9,233.6,20.3,21937,63608,0,32.0,23.0,27.1,37.9,23.0,29.4,23.7
Chaguanas,2015-11-27,88.7,21.005799999999997,16.1,111.1,1011.2,53.4,6.2,201.2,17.4,21966,63618,1,31.0,24.0,26.7,37.8,24.0,28.8,24.6
Chaguanas,2015-11-28,87.9,1.6001999999999998,18.3,114.5,1010.3,55.7,6.9,202.2,17.6,21995,63629,1,31.1,24.0,26.7,39.1,24.0,29.1,24.4
Chaguanas,2015-11-29,82.7,0.0,16.1,113.9,1010.8,44.8,7.2,234.8,20.3,22025,63641,0,32.1,24.0,27.6,38.9,24.0,30.1,24.1
Chaguanas,2015-11-30,82.7,0.0,11.4,118.6,1011.2,34.6,8.0,239.0,20.6,22055,63655,0,33.0,23.0,27.6,39.3,23.0,30.2,24.1
Chaguanas,2015-12-01,83.9,0.508,17.2,107.9,1012.4,44.8,7.1,213.6,18.6,22085,63669,1,33.0,24.0,27.8,40.6,24.0,31.0,24.6
Chaguanas,2015-12-02,89.7,26.796999999999997,16.1,103.3,1013.6,60.6,6.4,176.2,15.3,22115,63684,1,31.1,24.0,26.6,37.8,24.0,28.6,24.6
Chaguanas,2015-12-03,83.1,0.3048,17.2,91.9,1013.9,39.8,7.3,193.6,16.6,22146,63701,1,33.0,23.8,27.8,39.3,23.8,30.8,24.3
Chaguanas,2015-12-04,85.7,16.002,16.1,98.8,1014.3,48.9,5.5,190.9,16.5,22177,63718,1,31.1,24.9,27.0,39.1,24.9,29.1,24.3
Chaguanas,2015-12-05,82.1,0.9905999999999999,23.0,87.6,1015.0,40.1,6.7,204.6,17.5,22208,63736,1,32.0,24.8,27.0,36.8,24.8,28.6,23.4
Chaguanas,2015-12-06,82.6,4.3180000000000005,18.3,89.3,1013.9,49.0,6.7,207.0,17.9,22240,63755,1,32.0,23.0,26.6,36.2,23.0,28.2,23.1
Chaguanas,2015-12-07,87.0,5.8166,13.9,115.8,1012.6,54.5,6.9,206.7,17.9,22272,63775,1,32.0,23.0,26.4,37.9,23.0,28.3,23.9
Chaguanas,2015-12-08,88.6,5.1054,20.8,105.2,1013.3,47.8,6.2,211.9,18.5,22303,63795,1,30.9,24.0,26.5,36.6,24.0,28.4,24.3
Chaguanas,2015-12-09,91.0,31.1912,13.9,97.3,1013.7,64.6,6.3,212.2,18.3,22335,63817,1,29.9,23.9,25.8,35.0,23.9,27.1,24.1
Chaguanas,2015-12-10,82.4,0.0,12.8,103.3,1013.9,39.6,7.5,221.5,19.1,22367,63839,0,33.0,23.0,27.0,38.1,23.0,28.8,23.4
Chaguanas,2015-12-11,81.9,0.0,16.1,99.9,1013.9,34.0,7.1,222.2,19.1,22399,63862,0,32.0,23.8,27.1,37.6,23.8,29.2,23.4
Chaguanas,2015-12-12,82.9,0.0,16.1,108.1,1013.4,33.4,7.0,221.0,19.0,22431,63886,0,31.1,23.0,26.8,36.5,23.0,28.9,23.5
Chaguanas,2015-12-13,89.1,6.1975999999999996,17.2,96.1,1012.8,67.7,6.4,177.2,15.3,22463,63911,1,31.0,23.8,25.8,36.6,23.8,26.9,23.7
Chaguanas,2015-12-14,93.0,16.002,13.9,105.4,1012.1,71.4,6.7,193.3,16.7,22494,63936,1,30.0,24.0,25.9,35.6,24.0,27.3,24.6
Chaguanas,2015-12-15,86.1,2.9972,16.1,100.4,1011.4,55.1,7.1,183.2,15.9,22526,63962,1,31.0,24.0,26.9,37.8,24.0,29.1,24.2
Chaguanas,2015-12-16,85.6,0.0,16.1,110.3,1012.0,46.7,7.2,192.9,16.6,22557,63989,0,31.0,24.8,27.1,37.8,24.8,29.6,24.3
Chaguanas,2015-12-17,87.1,2.1843999999999997,16.1,105.6,1012.5,44.3,7.3,188.6,16.3,22589,64016,1,30.9,24.8,26.6,36.6,24.8,28.4,24.2
Chaguanas,2015-12-18,90.4,25.1968,19.7,104.1,1013.5,44.1,5.4,190.6,16.4,22620,64044,1,28.0,23.0,25.0,31.9,23.0,25.6,23.3
Chaguanas,2015-12-19,85.8,1.9049999999999998,13.9,101.5,1014.3,50.6,6.7,205.7,17.8,22651,64072,1,32.0,22.2,26.2,37.9,22.2,27.8,23.4
Chaguanas,2015-12-20,87.8,2.9972,13.9,99.9,1014.9,58.0,5.8,210.8,18.2,22681,64101,1,30.0,24.0,25.9,35.1,24.0,26.9,23.7
Chaguanas,2015-12-21,81.1,0.9905999999999999,18.3,105.9,1014.1,45.5,6.9,222.4,19.3,22711,64130,1,31.0,23.8,26.7,35.5,23.8,28.4,23.0
Chaguanas,2015-12-22,85.2,0.889,16.1,108.5,1013.0,52.7,6.7,215.5,18.7,22741,64160,1,30.1,22.2,26.0,35.1,22.2,27.7,23.2
Chaguanas,2015-12-23,79.6,5.0038,18.3,96.6,1013.4,32.9,7.2,235.3,20.4,22771,64191,1,32.0,23.0,26.5,36.8,23.0,27.9,22.4
Chaguanas,2015-12-24,80.5,0.1016,17.2,102.0,1014.2,35.9,7.1,204.9,17.7,22800,64221,1,31.0,22.7,26.0,35.5,22.7,27.3,22.1
Chaguanas,2015-12-25,90.8,9.194799999999999,18.3,97.7,1014.7,47.9,6.6,200.8,17.3,22828,64252,1,28.0,22.7,24.9,32.6,22.7,25.8,23.2
Chaguanas,2015-12-26,82.5,2.8956,16.1,98.4,1013.4,42.3,7.5,201.2,17.5,22856,64284,1,30.1,22.0,25.8,33.4,22.0,26.8,22.3
Chaguanas,2015-12-27,95.9,25.0952,15.0,93.7,1012.3,76.0,4.6,187.1,16.2,22884,64315,1,28.0,22.8,23.8,32.7,22.8,24.0,23.1
Chaguanas,2015-12-28,84.8,12.496799999999999,16.1,97.5,1013.1,55.8,7.1,200.5,17.3,22911,64347,1,31.0,22.9,26.2,35.5,22.9,27.6,23.2
Chaguanas,2015-12-29,87.6,0.6096,18.3,99.2,1015.8,61.8,6.6,177.4,15.3,22938,64379,1,30.0,23.0,26.3,36.2,23.0,27.8,23.9
Chaguanas,2015-12-30,85.1,5.9944,17.2,105.4,1016.1,45.4,6.5,225.7,19.7,22963,64411,1,30.1,23.8,26.2,35.1,23.8,27.6,23.3
Chaguanas,2015-12-31,85.3,3.9878,16.1,101.1,1014.7,35.6,6.9,220.1,19.0,22989,64444,1,29.0,23.0,25.6,33.6,23.0,26.9,22.8
Chaguanas,2016-01-01,92.2,7.594599999999999,17.2,100.3,1013.7,45.6,6.3,196.9,17.1,23013,64476,1,28.0,22.0,24.7,32.3,22.0,25.4,23.3
Chaguanas,2016-01-02,85.5,2.9972,20.8,95.2,1013.6,35.6,7.3,199.1,17.2,23037,64509,1,29.1,23.0,25.8,32.8,23.0,27.1,22.9
Chaguanas,2016-01-03,85.6,0.0,18.3,89.8,1013.6,48.7,7.0,222.1,19.3,23060,64542,0,30.0,22.8,25.8,33.7,22.8,27.1,23.0
Chaguanas,2016-01-04,90.1,3.4036,23.0,110.2,1013.2,66.5,5.6,206.1,17.8,23083,64574,1,30.1,23.0,25.6,35.4,23.0,27.1,23.7
Chaguanas,2016-01-05,83.7,0.3048,13.9,97.8,1014.4,48.3,7.1,221.2,19.2,23104,64607,1,31.0,22.9,26.2,35.5,22.9,27.6,22.9
Chaguanas,2016-01-06,85.7,2.9972,15.0,111.6,1014.5,54.9,6.6,224.0,19.6,23125,64639,1,29.0,23.0,25.3,32.8,23.0,26.3,22.6
Chaguanas,2016-01-07,82.6,0.1016,18.3,101.3,1013.8,48.7,6.5,226.2,19.7,23145,64672,1,31.0,22.8,26.0,35.5,22.8,27.4,22.6
Chaguanas,2016-01-08,85.7,0.0,12.8,110.2,1012.6,39.7,6.2,218.9,18.7,23164,64704,0,31.0,23.0,26.2,36.6,23.0,27.8,23.4
Chaguanas,2016-01-09,81.9,0.508,13.9,113.9,1012.1,42.3,6.8,210.5,18.3,23182,64737,1,31.0,24.0,26.5,35.5,24.0,27.9,22.9
Chaguanas,2016-01-10,81.5,0.0,13.9,98.2,1012.8,35.5,7.5,223.4,19.2,23200,64769,0,32.0,23.0,26.3,36.8,23.0,27.8,22.6
Chaguanas,2016-01-11,82.0,0.1016,13.9,101.8,1013.8,40.9,7.6,221.9,19.3,23216,64801,1,31.7,21.8,25.8,35.7,21.8,27.1,22.2
Chaguanas,2016-01-12,78.5,0.0,13.9,102.2,1013.6,45.4,8.5,230.0,19.7,23232,64832,0,31.3,21.0,25.7,35.1,21.0,26.8,21.3
Chaguanas,2016-01-13,78.0,0.0,8.1,104.1,1013.4,38.0,8.2,257.6,22.3,23247,64864,0,33.0,20.9,25.6,36.2,20.9,26.8,21.1
Chaguanas,2016-01-14,82.9,0.1016,13.9,76.9,1013.5,59.2,7.1,222.6,19.2,23260,64895,1,31.0,20.7,24.9,33.9,20.7,25.8,21.6
Chaguanas,2016-01-15,75.4,0.0,13.0,92.3,1012.9,58.1,8.4,234.1,20.3,23273,64925,0,32.0,22.8,26.4,35.2,22.8,27.4,21.3
Chaguanas,2016-01-16,77.9,0.0,15.0,92.5,1012.6,37.8,8.0,233.0,20.0,23285,64956,0,31.8,21.0,25.6,34.7,21.0,26.7,21.1
Chaguanas,2016-01-17,78.6,0.0,13.9,125.3,1012.9,38.8,7.4,223.1,19.3,23295,64986,0,32.0,20.9,25.8,35.8,20.9,27.2,21.4
Chaguanas,2016-01-18,79.0,2.1082,16.1,102.6,1012.7,45.0,7.3,202.9,17.5,23305,65015,1,31.1,23.1,26.3,34.9,23.1,27.3,21.9
Chaguanas,2016-01-19,79.0,0.1016,13.9,95.1,1013.5,32.5,8.5,224.6,19.3,23314,65045,1,32.1,21.0,26.0,34.9,21.0,27.1,21.6
Chaguanas,2016-01-20,77.6,0.2032,17.2,94.0,1013.4,45.7,7.7,235.9,20.4,23322,65073,1,32.0,22.9,26.3,34.9,22.9,27.3,21.6
Chaguanas,2016-01-21,81.5,0.0,16.1,103.1,1013.4,52.6,6.7,231.7,20.0,23328,65102,0,31.2,22.0,26.1,35.5,22.0,27.3,22.3
Chaguanas,2016-01-22,77.1,0.2032,16.1,99.6,1014.3,44.2,7.0,246.4,21.3,23334,65130,1,31.0,23.0,26.1,33.1,23.0,26.8,21.3
Chaguanas,2016-01-23,80.7,1.1176,15.0,111.7,1014.6,64.7,7.2,204.3,17.6,23339,65157,1,30.0,23.0,25.6,33.8,23.0,26.6,21.8
Chaguanas,2016-01-24,77.1,0.0,16.1,121.2,1014.0,29.0,7.7,224.5,19.5,23342,65184,0,32.0,22.0,26.1,34.9,22.0,27.2,21.3
Chaguanas,2016-01-25,78.4,0.0,13.9,104.6,1015.8,31.4,6.9,231.7,20.0,23345,65210,0,32.0,22.0,26.4,35.8,22.0,27.9,22.0
Chaguanas,2016-01-26,76.6,0.0,20.8,93.4,1015.6,34.1,6.5,221.4,19.2,23346,65236,0,32.0,24.0,26.6,34.9,24.0,27.9,21.9
Chaguanas,2016-01-27,72.3,0.1016,18.3,97.2,1015.3,40.4,6.7,249.6,21.6,23347,65261,1,31.0,24.0,26.6,33.8,24.0,27.4,20.8
Chaguanas,2016-01-28,79.6,1.016,18.3,97.9,1014.6,49.5,6.6,198.9,17.0,23346,65286,1,30.0,22.9,25.8,33.3,22.9,26.9,21.8
Chaguanas,2016-01-29,75.4,0.0,16.1,111.0,1013.7,30.2,6.7,231.8,20.0,23344,65310,0,31.1,23.0,26.2,33.9,23.0,27.3,21.2
Chaguanas,2016-01-30,73.9,0.0,16.1,105.0,1014.0,40.8,7.0,243.0,21.0,23342,65333,0,32.0,23.0,26.3,34.9,23.0,27.4,21.0
Chaguanas,2016-01-31,75.0,0.508,16.1,99.7,1014.3,45.1,6.1,242.7,21.0,23338,65356,1,32.0,23.0,26.5,33.8,23.0,27.4,21.3
Chaguanas,2016-02-01,75.7,0.0,17.2,95.9,1013.9,25.7,6.2,234.0,20.1,23333,65378,0,32.0,23.0,26.5,35.4,23.0,27.6,21.4
Chaguanas,2016-02-02,75.2,0.3048,15.0,97.4,1013.2,23.8,6.7,252.5,21.7,23327,65400,1,33.0,22.0,26.5,36.2,22.0,27.5,21.3
Chaguanas,2016-02-03,76.8,0.0,13.9,97.6,1012.5,23.0,6.8,247.0,21.4,23321,65421,0,33.3,21.0,26.2,37.8,21.0,27.5,21.4
Chaguanas,2016-02-04,81.2,6.1975999999999996,13.9,84.9,1011.9,32.4,6.1,251.3,21.5,23313,65441,1,31.0,21.3,25.6,34.6,21.3,26.8,21.9
Chaguanas,2016-02-05,90.0,12.2936,15.0,91.3,1014.1,79.4,5.6,174.9,15.1,23304,65461,1,26.0,23.2,24.9,26.0,23.2,24.9,23.1
Chaguanas,2016-02-06,78.0,0.7111999999999999,20.8,99.0,1015.4,48.2,5.9,234.3,20.3,23294,65480,1,31.2,24.0,27.1,34.6,24.0,28.5,22.7
Chaguanas,2016-02-07,79.7,0.9905999999999999,17.2,104.1,1014.5,38.7,6.3,248.5,21.4,23283,65498,1,31.1,23.6,26.4,35.5,23.6,27.8,22.4
Chaguanas,2016-02-08,78.2,0.0,16.1,107.4,1014.6,38.0,6.0,245.8,21.2,23271,65516,0,32.0,22.9,26.3,36.8,22.9,27.5,21.9
Chaguanas,2016-02-09,78.3,0.0,17.2,89.9,1015.2,53.1,6.8,236.1,20.5,23259,65533,0,32.0,23.9,26.7,34.9,23.9,28.1,22.3
Chaguanas,2016-02-10,75.8,0.0,16.1,88.5,1015.5,28.2,7.4,277.1,23.7,23245,65550,0,32.2,23.0,26.9,35.8,23.0,28.2,21.9
Chaguanas,2016-02-11,78.2,0.0,18.3,94.9,1015.3,37.6,6.3,244.8,21.1,23230,65566,0,31.0,24.8,27.0,35.5,24.8,28.5,22.7
Chaguanas,2016-02-12,77.5,0.0,20.8,91.2,1015.1,41.3,6.0,244.1,21.1,23215,65581,0,31.0,23.1,26.5,34.6,23.1,27.8,22.1
Chaguanas,2016-02-13,75.9,0.1016,17.2,101.7,1014.0,32.6,6.0,249.5,21.5,23198,65596,1,31.2,23.0,26.3,33.9,23.0,27.3,21.4
Chaguanas,2016-02-14,75.6,0.0,16.1,109.4,1012.6,37.1,6.8,270.8,23.6,23181,65610,0,31.0,22.7,26.2,33.1,22.7,26.9,21.1
Chaguanas,2016-02-15,77.0,0.0,15.0,112.2,1012.5,33.3,6.7,276.4,23.9,23163,65623,0,32.0,22.0,26.6,35.8,22.0,27.8,21.8
Chaguanas,2016-02-16,78.8,0.0,18.3,106.9,1012.0,47.4,6.0,236.1,20.4,23144,65636,0,31.0,24.9,27.2,35.5,24.9,29.1,23.1
Chaguanas,2016-02-17,75.9,0.0,23.0,97.8,1013.1,39.4,7.0,258.6,22.2,23124,65648,0,33.0,24.0,27.4,36.2,24.0,29.1,22.5
Chaguanas,2016-02-18,76.2,0.3048,18.3,113.1,1013.4,45.8,6.8,241.8,20.9,23103,65659,1,31.9,23.0,27.0,34.8,23.0,28.2,21.9
Chaguanas,2016-02-19,77.0,0.0,16.1,105.4,1013.1,43.8,6.9,272.5,23.7,23081,65670,0,33.0,23.0,26.9,36.2,23.0,28.2,22.1
Chaguanas,2016-02-20,74.8,0.0,18.3,91.6,1012.1,48.4,7.3,274.3,23.9,23059,65681,0,33.0,22.9,26.9,36.2,22.9,28.1,21.6
Chaguanas,2016-02-21,74.9,0.0,16.1,98.8,1011.1,40.0,6.8,287.8,24.8,23036,65691,0,33.0,21.0,26.2,34.6,21.0,27.1,20.7
Chaguanas,2016-02-22,74.6,0.0,16.1,99.4,1011.1,43.2,7.4,263.0,22.7,23012,65700,0,32.2,22.0,26.6,35.1,22.0,27.6,21.3
Chaguanas,2016-02-23,75.3,0.0,17.2,101.6,1013.1,45.2,7.0,268.8,23.3,22988,65709,0,32.0,23.7,27.0,34.9,23.7,28.3,22.0
Chaguanas,2016-02-24,79.3,1.397,18.3,102.1,1013.9,54.5,6.9,227.9,19.8,22962,65717,1,32.1,24.0,27.1,35.8,24.0,28.7,22.8
Chaguanas,2016-02-25,75.5,0.0,19.7,107.7,1013.5,42.6,6.9,262.2,22.6,22936,65724,0,32.0,23.9,27.2,35.8,23.9,28.6,22.1
Chaguanas,2016-02-26,76.0,0.508,18.3,106.3,1013.5,45.6,7.4,256.3,22.1,22910,65732,1,31.1,21.9,25.9,33.2,21.9,26.9,21.1
Chaguanas,2016-02-27,75.6,0.0,15.0,114.4,1013.3,38.2,7.5,266.9,23.0,22882,65738,0,33.0,22.0,26.6,36.2,22.0,27.9,21.5
Chaguanas,2016-02-28,75.5,0.0,18.3,107.3,1013.1,37.9,5.9,262.4,22.8,22855,65744,0,33.0,24.0,27.4,37.1,24.0,29.1,22.4
Chaguanas,2016-02-29,75.4,0.0,15.0,105.6,1013.4,45.2,6.4,265.1,22.9,22826,65750,0,32.2,24.9,27.7,35.8,24.9,29.3,22.6
Chaguanas,2016-03-01,75.3,0.0,17.2,99.5,1013.6,47.6,5.5,272.4,23.5,22797,65755,0,33.0,22.9,27.3,37.1,22.9,28.8,22.2
Chaguanas,2016-03-02,74.3,0.0,13.9,95.4,1013.8,54.9,5.6,262.2,22.7,22768,65760,0,33.2,24.0,27.4,36.5,24.0,28.7,21.9
Chaguanas,2016-03-03,73.6,0.0,15.0,102.0,1012.6,36.7,6.7,285.4,24.7,22737,65765,0,33.1,22.8,27.2,36.2,22.8,28.4,21.4
Chaguanas,2016-03-04,75.1,0.0,16.1,99.4,1012.7,36.0,6.7,276.8,23.9,22707,65769,0,32.9,22.7,26.9,35.3,22.7,28.3,21.7
Chaguanas,2016-03-05,71.1,0.0,12.8,100.3,1012.8,21.7,6.9,297.9,25.8,22676,65772,0,33.0,22.0,27.1,35.3,22.0,27.8,20.8
Chaguanas,2016-03-06,83.2,2.0065999999999997,16.1,86.1,1013.6,56.2,6.3,233.7,20.1,22644,65776,1,30.2,21.6,25.7,34.3,21.6,26.8,22.4
Chaguanas,2016-03-07,78.7,0.508,16.1,104.4,1013.4,57.2,6.6,247.3,21.3,22612,65778,1,32.1,23.0,26.8,35.2,23.0,28.2,22.5
Chaguanas,2016-03-08,71.2,0.0,13.9,98.5,1013.4,42.4,7.4,276.3,23.9,22580,65781,0,34.0,22.7,27.5,36.3,22.7,28.8,21.3
Chaguanas,2016-03-09,72.4,0.1016,15.0,96.7,1013.5,33.9,7.4,274.4,23.7,22547,65783,1,34.0,21.0,27.2,37.3,21.0,28.5,21.2
Chaguanas,2016-03-10,80.9,0.0,13.9,79.9,1013.9,62.2,5.7,231.0,20.0,22514,65785,0,32.0,21.7,25.3,35.8,21.7,26.4,21.7
Chaguanas,2016-03-11,73.7,5.0038,16.1,9.7,1013.8,63.3,6.9,169.5,14.7,22481,65787,1,34.0,22.0,26.8,36.5,22.0,27.9,21.1
Chaguanas,2016-03-12,69.1,0.0,9.2,72.9,1013.9,45.0,7.5,262.7,22.7,22447,65788,0,34.0,22.0,26.9,34.1,22.0,27.3,19.9
Chaguanas,2016-03-13,77.3,0.0,15.0,100.0,1013.6,51.2,7.4,258.1,22.3,22413,65789,0,33.0,22.0,27.3,38.1,22.0,29.3,22.6
Chaguanas,2016-03-14,75.7,0.0,12.8,109.3,1013.9,46.4,7.4,284.1,24.7,22378,65790,0,34.0,23.9,28.2,39.4,23.9,30.4,23.1
Chaguanas,2016-03-15,74.0,0.0,13.9,105.1,1013.5,42.1,7.3,273.3,23.5,22344,65791,0,34.1,23.8,28.0,37.6,23.8,29.6,22.4
Chaguanas,2016-03-16,71.6,0.0,13.9,120.1,1013.0,34.6,7.8,290.2,25.0,22309,65792,0,34.0,24.0,27.8,37.3,24.0,29.1,21.7
Chaguanas,2016-03-17,70.3,0.0,17.2,109.0,1013.0,35.7,8.6,293.5,25.3,22274,65792,0,33.1,23.9,27.9,35.7,23.9,29.3,21.5
Chaguanas,2016-03-18,71.8,0.0,16.1,102.5,1013.3,46.6,7.2,269.6,23.2,22239,65792,0,32.2,24.0,27.6,35.8,24.0,29.0,21.7
Chaguanas,2016-03-19,70.9,0.0,18.3,103.2,1013.5,45.3,6.8,285.5,24.7,22203,65792,0,34.0,23.9,28.2,35.8,23.9,29.7,21.8
Chaguanas,2016-03-20,75.6,0.0,15.0,106.0,1013.8,40.0,7.3,282.2,24.4,22168,65792,0,33.0,23.9,27.7,37.1,23.9,29.5,22.6
Chaguanas,2016-03-21,73.2,0.0,19.7,104.1,1014.5,43.1,7.1,284.9,24.6,22132,65792,0,33.2,25.0,28.4,37.4,25.0,30.4,22.7
Chaguanas,2016-03-22,72.2,0.0,16.1,106.9,1015.0,55.3,6.7,275.3,23.6,22097,65792,0,33.0,25.0,28.2,37.1,25.0,29.9,22.3
Chaguanas,2016-03-23,70.5,0.0,21.9,93.4,1015.1,42.4,7.2,282.3,24.4,22061,65791,0,34.0,24.1,28.2,37.3,24.1,29.9,21.9
Chaguanas,2016-03-24,71.7,0.0,18.3,98.4,1014.5,32.2,6.9,292.1,25.2,22025,65791,0,33.1,23.8,27.4,35.4,23.8,28.7,21.4
Chaguanas,2016-03-25,65.8,0.0,17.2,97.3,1014.0,26.3,7.0,306.8,26.4,21989,65790,0,33.2,23.2,27.6,35.4,23.2,28.3,20.0
Chaguanas,2016-03-26,66.1,0.0,18.3,95.3,1015.3,31.0,6.8,289.9,24.9,21954,65790,0,33.1,23.0,27.6,34.5,23.0,28.5,20.2
Chaguanas,2016-03-27,67.6,0.0,17.2,100.1,1014.9,33.7,7.4,287.9,25.0,21918,65789,0,33.2,23.0,27.9,35.4,23.0,29.0,20.9
Chaguanas,2016-03-28,68.2,0.0,17.2,96.5,1014.4,34.6,7.4,284.9,24.6,21882,65789,0,34.0,24.0,28.1,37.3,24.0,29.3,21.2
Chaguanas,2016-03-29,72.7,0.1016,17.2,107.4,1014.1,32.9,7.2,279.2,24.0,21847,65788,1,34.0,23.0,27.6,37.3,23.0,29.1,21.8
Chaguanas,2016-03-30,73.6,0.0,16.1,102.5,1013.9,33.4,7.2,267.0,22.9,21811,65788,0,33.0,24.0,28.0,37.1,24.0,29.8,22.4
Chaguanas,2016-03-31,76.5,0.0,18.3,104.9,1014.5,54.2,6.9,223.7,19.3,21776,65788,0,31.0,25.8,28.1,35.5,25.8,30.7,23.4
Chaguanas,2016-04-01,85.8,7.391399999999999,21.9,101.1,1014.4,58.9,5.5,237.1,20.5,21741,65787,1,30.6,25.0,26.7,36.9,25.0,28.4,24.1
Chaguanas,2016-04-02,77.2,24.409399999999998,19.7,89.9,1013.2,46.4,6.9,257.1,22.2,21706,65787,1,32.0,24.0,27.3,35.8,24.0,28.9,22.6
Chaguanas,2016-04-03,73.4,0.1016,18.3,100.6,1013.4,39.4,7.3,281.1,24.3,21671,65787,1,34.0,23.9,27.8,37.3,23.9,29.3,22.1
Chaguanas,2016-04-04,73.3,0.1016,17.2,90.2,1014.0,40.3,7.5,280.8,24.2,21636,65787,1,33.0,24.0,27.8,36.8,24.0,29.4,22.2
Chaguanas,2016-04-05,73.5,0.0,18.3,91.4,1013.7,36.3,7.8,258.3,22.4,21602,65787,0,33.0,23.8,28.0,37.1,23.8,30.0,22.5
Chaguanas,2016-04-06,80.0,0.508,18.3,99.3,1012.7,78.5,7.0,252.6,21.8,21567,65788,1,33.0,25.0,27.2,37.1,25.0,28.7,23.2
Chaguanas,2016-04-07,74.6,0.0,17.2,99.1,1012.4,38.4,7.2,285.1,24.7,21533,65788,0,33.1,24.9,28.1,37.1,24.9,29.9,22.7
Chaguanas,2016-04-08,72.0,0.0,17.2,99.3,1012.1,40.2,8.0,276.9,24.0,21500,65789,0,34.0,25.0,28.3,37.3,25.0,30.1,22.4
Chaguanas,2016-04-09,70.5,0.1016,18.3,97.9,1011.6,43.7,8.2,274.9,23.7,21466,65790,1,34.0,24.0,28.1,37.3,24.0,29.6,21.8
Chaguanas,2016-04-10,69.0,0.0,18.3,91.5,1012.2,38.5,8.0,286.3,24.9,21433,65791,0,34.0,24.0,28.1,36.5,24.0,29.4,21.4
Chaguanas,2016-04-11,71.8,0.0,15.0,94.3,1011.8,60.3,7.8,266.8,23.0,21401,65792,0,34.0,23.0,27.3,37.3,23.0,28.8,21.4
Chaguanas,2016-04-12,69.8,0.0,15.0,94.2,1011.8,40.4,7.6,285.3,24.7,21369,65794,0,35.0,22.0,27.9,37.7,22.0,29.2,21.2
Chaguanas,2016-04-13,70.8,0.0,23.0,104.4,1011.8,48.2,8.0,293.5,25.3,21337,65796,0,35.0,24.0,28.3,38.6,24.0,29.8,21.9
Chaguanas,2016-04-14,72.9,0.0,10.3,115.1,1011.6,55.6,6.7,267.5,23.1,21305,65798,0,35.0,23.9,28.4,39.6,23.9,30.3,22.6
Chaguanas,2016-04-15,74.2,0.0,16.1,100.1,1011.1,50.0,7.6,265.6,22.9,21274,65800,0,34.0,23.0,28.2,39.4,23.0,30.9,22.8
Chaguanas,2016-04-16,76.2,0.2032,12.8,106.6,1011.0,53.5,7.2,255.0,22.0,21244,65803,1,35.0,26.0,28.9,40.7,26.0,32.2,23.9
Chaguanas,2016-04-17,75.1,0.0,15.0,108.9,1012.1,58.1,7.3,273.3,23.7,21213,65805,0,34.0,25.0,28.8,38.3,25.0,31.6,23.5
Chaguanas,2016-04-18,73.0,0.0,13.9,112.0,1012.0,46.1,7.2,286.5,24.9,21184,65809,0,34.9,25.7,29.1,39.4,25.7,31.8,23.3
Chaguanas,2016-04-19,71.2,0.0,15.0,106.4,1011.3,49.1,6.8,274.0,23.6,21155,65812,0,34.0,25.8,29.2,39.4,25.8,32.0,23.1
Chaguanas,2016-04-20,74.4,0.0,15.0,109.8,1010.9,52.7,7.0,228.9,19.8,21126,65816,0,35.0,25.8,29.1,40.7,25.8,32.3,23.7
Chaguanas,2016-04-21,73.6,0.0,13.9,103.8,1011.7,46.3,7.1,222.6,19.2,21098,65820,0,35.0,26.0,29.4,40.7,26.0,33.1,23.8
Chaguanas,2016-04-22,88.3,5.9944,11.4,92.5,1013.3,59.4,6.3,206.8,17.9,21070,65824,1,28.7,25.0,26.9,32.7,25.0,29.6,24.8
Chaguanas,2016-04-23,76.8,0.0,20.8,95.1,1012.1,56.2,6.8,267.8,23.2,21043,65829,0,33.0,25.9,28.7,39.3,25.9,32.1,23.9
Chaguanas,2016-04-24,73.2,0.0,17.2,110.2,1011.5,52.7,6.7,300.5,26.0,21017,65834,0,34.0,25.0,28.6,37.3,25.0,30.6,22.9
Chaguanas,2016-04-25,72.6,0.0,18.3,91.8,1010.5,71.3,7.4,296.3,25.6,20991,65840,0,34.0,25.2,28.6,38.3,25.2,30.8,22.8
Chaguanas,2016-04-26,80.5,2.1082,16.1,100.7,1009.8,61.6,7.6,278.2,23.9,20966,65846,1,32.0,25.8,28.0,39.2,25.8,30.8,24.2
Chaguanas,2016-04-27,85.3,3.8861999999999997,16.1,106.9,1010.9,57.6,7.1,257.7,22.4,20942,65852,1,31.9,25.0,27.6,40.1,25.0,30.9,24.7
Chaguanas,2016-04-28,80.6,0.889,17.2,98.0,1011.6,59.7,6.5,256.7,22.1,20918,65859,1,33.0,26.0,28.4,39.3,26.0,31.9,24.5
Chaguanas,2016-04-29,80.5,3.9878,15.0,88.5,1011.7,60.1,6.4,193.0,16.7,20895,65866,1,31.0,26.0,28.1,39.1,26.0,31.8,24.3
Chaguanas,2016-04-30,82.2,0.508,11.4,111.8,1011.8,57.9,6.5,90.4,7.8,20872,65873,1,31.0,25.0,27.6,36.6,25.0,30.2,24.2
Chaguanas,2016-05-01,89.1,73.6092,17.2,106.4,1013.2,74.2,5.6,76.9,6.6,20850,65881,1,27.0,22.0,25.3,30.7,22.0,25.9,23.3
Chaguanas,2016-05-02,87.2,9.9822,16.1,89.8,1014.2,73.7,6.7,127.5,10.8,20829,65889,1,30.2,23.0,26.1,35.4,23.0,27.3,23.7
Chaguanas,2016-05-03,77.3,18.4912,13.9,96.6,1014.2,58.2,7.4,229.8,19.7,20809,65897,1,32.0,24.0,27.6,35.5,24.0,29.3,22.9
Chaguanas,2016-05-04,79.6,0.0,17.2,116.4,1013.2,46.3,7.0,263.5,22.7,20789,65906,0,32.0,24.0,27.4,37.9,24.0,29.6,23.4
Chaguanas,2016-05-05,74.6,0.0,16.1,101.0,1012.8,52.2,8.2,293.0,25.2,20770,65915,0,33.0,24.9,28.1,37.1,24.9,30.1,22.8
Chaguanas,2016-05-06,77.9,0.0,16.1,105.6,1012.5,43.6,7.8,270.3,23.2,20752,65925,0,34.0,23.0,28.1,39.4,23.0,30.9,23.6
Chaguanas,2016-05-07,88.4,8.991599999999998,18.3,106.8,1012.8,50.5,6.6,220.3,18.9,20734,65935,1,32.0,24.0,26.7,36.8,24.0,28.6,24.4
Chaguanas,2016-05-08,80.8,0.2032,15.0,99.1,1012.6,30.2,7.0,260.6,22.6,20717,65945,1,33.0,24.8,27.8,39.3,24.8,30.2,23.9
Chaguanas,2016-05-09,80.0,0.889,18.3,95.4,1012.9,47.1,6.5,266.3,23.0,20701,65956,1,32.8,24.0,27.4,38.0,24.0,29.4,23.4
Chaguanas,2016-05-10,77.0,0.1016,17.2,90.9,1013.1,51.4,7.9,259.0,22.3,20686,65967,1,31.8,25.0,27.9,37.4,25.0,30.7,23.3
Chaguanas,2016-05-11,75.2,0.0,16.1,87.8,1013.6,65.5,7.6,272.3,23.6,20672,65979,0,33.0,25.1,28.2,38.1,25.1,30.9,23.2
Chaguanas,2016-05-12,76.4,0.0,18.3,100.7,1013.6,61.8,7.1,256.0,22.2,20658,65991,0,33.0,25.0,28.6,39.3,25.0,31.6,23.8
Chaguanas,2016-05-13,76.1,0.1016,13.9,110.7,1013.5,53.9,7.9,283.6,24.3,20645,66003,1,34.0,24.9,29.0,40.6,24.9,32.3,23.9
Chaguanas,2016-05-14,87.7,0.4064,13.9,105.6,1013.8,54.2,6.8,235.3,20.2,20633,66015,1,30.0,24.8,27.1,36.2,24.8,29.3,24.8
Chaguanas,2016-05-15,83.0,31.292799999999996,18.3,103.3,1014.6,63.5,6.6,204.7,17.5,20622,66028,1,32.0,24.0,27.4,36.8,24.0,29.8,24.0
Chaguanas,2016-05-16,75.4,0.1016,18.3,104.2,1014.5,38.9,7.9,284.5,24.6,20612,66041,1,33.0,25.7,28.5,38.7,25.7,30.9,23.4
Chaguanas,2016-05-17,81.4,0.9905999999999999,23.0,103.9,1014.2,59.8,6.7,249.3,21.6,20602,66055,1,31.0,25.0,28.1,37.8,25.0,31.6,24.5
Chaguanas,2016-05-18,80.2,1.2953999999999999,20.8,96.0,1013.8,59.3,7.7,259.1,22.5,20593,66069,1,32.1,24.0,27.4,35.8,24.0,29.5,23.4
Chaguanas,2016-05-19,77.8,0.0,19.7,88.6,1014.2,52.4,7.4,273.8,23.8,20585,66083,0,32.0,23.8,27.9,36.8,23.8,30.4,23.3
Chaguanas,2016-05-20,78.5,0.1016,18.3,97.5,1014.4,51.3,6.9,225.4,19.5,20578,66097,1,32.0,26.0,28.1,37.9,26.0,31.2,23.8
Chaguanas,2016-05-21,87.5,3.175,13.9,100.6,1014.4,59.2,6.3,169.5,14.6,20571,66112,1,30.0,25.2,27.0,35.1,25.2,29.4,24.7
Chaguanas,2016-05-22,88.8,5.08,13.9,104.6,1013.6,61.2,6.4,219.7,18.8,20566,66126,1,29.1,25.0,26.8,33.8,25.0,28.8,24.7
Chaguanas,2016-05-23,82.2,1.4986,18.3,108.8,1014.9,53.9,6.5,250.0,21.5,20561,66141,1,31.2,25.8,27.9,37.8,25.8,31.1,24.5
Chaguanas,2016-05-24,75.1,0.0,20.8,96.9,1016.1,39.8,6.7,286.9,25.0,20557,66157,0,32.0,25.2,28.2,36.8,25.2,30.5,23.2
Chaguanas,2016-05-25,73.5,0.0,13.9,90.9,1014.9,41.4,7.3,261.7,22.7,20553,66172,0,33.0,22.9,27.5,37.1,22.9,29.1,21.9
Chaguanas,2016-05-26,76.4,0.0,17.2,95.7,1013.1,50.5,7.8,217.9,18.8,20551,66188,0,33.0,23.0,27.7,38.1,23.0,30.2,22.9
Chaguanas,2016-05-27,78.9,0.4064,18.3,97.0,1012.3,54.3,8.7,252.6,21.8,20549,66204,1,34.0,25.0,28.7,42.0,25.0,32.3,24.4
Chaguanas,2016-05-28,81.9,0.3048,16.1,106.4,1013.7,57.1,7.4,207.9,17.9,20548,66220,1,32.1,26.0,28.3,39.0,26.0,32.2,24.7
Chaguanas,2016-05-29,85.1,27.609799999999996,18.3,95.1,1013.8,56.7,6.8,204.0,17.6,20548,66236,1,33.0,24.0,27.3,39.3,24.0,29.7,24.4
Chaguanas,2016-05-30,81.5,10.693399999999999,16.1,98.6,1012.7,61.2,7.5,245.8,21.3,20549,66252,1,32.0,24.9,27.8,37.6,24.9,30.5,24.1
Chaguanas,2016-05-31,82.4,5.5118,20.8,91.0,1011.7,57.8,6.9,224.5,19.5,20550,66268,1,32.0,25.8,27.8,37.9,25.8,30.6,24.4
Chaguanas,2016-06-01,93.4,50.3174,18.3,108.5,1013.5,58.6,6.0,215.2,18.6,20552,66285,1,28.0,24.0,25.4,33.6,24.0,26.1,24.3
Chaguanas,2016-06-02,83.8,4.9022,18.3,94.2,1014.0,54.7,5.8,261.1,22.5,20555,66301,1,32.2,24.0,27.6,38.1,24.0,30.3,24.3
Chaguanas,2016-06-03,83.6,8.7884,17.2,96.5,1013.2,52.6,6.6,261.5,22.6,20558,66318,1,32.0,25.0,27.5,38.1,25.0,30.0,24.3
Chaguanas,2016-06-04,77.8,0.0,18.3,96.4,1012.9,31.8,7.2,278.3,24.1,20562,66334,0,33.0,24.0,28.1,39.3,24.0,30.6,23.6
Chaguanas,2016-06-05,82.3,0.508,16.1,103.3,1012.6,50.5,7.1,269.8,23.4,20567,66350,1,32.0,24.8,27.7,39.8,24.8,30.4,24.3
Chaguanas,2016-06-06,88.8,13.9954,19.7,100.9,1014.3,70.0,6.4,147.0,12.8,20572,66367,1,29.0,24.0,25.9,32.8,24.0,26.9,23.8
Chaguanas,2016-06-07,88.4,8.001,16.1,104.7,1014.3,52.6,7.4,216.4,18.6,20578,66383,1,31.2,24.0,26.8,38.1,24.0,29.2,24.6
Chaguanas,2016-06-08,85.4,10.388599999999999,16.1,112.1,1015.8,50.0,6.6,248.0,21.3,20585,66399,1,32.0,24.9,27.4,39.2,24.9,30.2,24.6
Chaguanas,2016-06-09,79.5,0.508,17.2,106.1,1015.9,38.1,6.7,281.5,24.3,20592,66415,1,33.0,25.0,28.3,39.3,25.0,30.9,24.1
Chaguanas,2016-06-10,80.2,2.1082,16.1,104.2,1016.2,42.5,6.9,270.1,23.2,20600,66431,1,32.0,23.8,27.6,37.9,23.8,30.1,23.7
Chaguanas,2016-06-11,88.3,2.0065999999999997,13.9,95.3,1017.0,58.1,6.9,213.2,18.4,20609,66447,1,31.0,24.6,26.2,35.5,24.6,27.2,23.9
Chaguanas,2016-06-12,86.2,3.5052000000000003,11.4,111.8,1016.9,59.9,7.7,215.1,18.6,20618,66463,1,30.0,23.9,26.8,35.9,23.9,28.8,24.1
Chaguanas,2016-06-13,80.1,0.1016,20.8,96.0,1016.4,57.0,7.5,261.4,22.5,20627,66478,1,32.0,24.9,27.8,36.8,24.9,29.9,23.7
Chaguanas,2016-06-14,78.4,0.0,17.2,105.7,1017.0,46.3,6.9,258.1,22.3,20637,66493,0,33.0,24.8,28.1,39.3,24.8,30.7,23.7
Chaguanas,2016-06-15,74.4,0.0,16.1,103.7,1017.6,33.9,7.9,292.1,25.2,20648,66508,0,33.0,24.0,27.9,36.2,24.0,29.5,22.4
Chaguanas,2016-06-16,79.2,0.4064,16.1,100.0,1016.2,44.1,7.8,251.8,21.6,20659,66523,1,32.8,24.0,27.4,37.8,24.0,29.4,23.2
Chaguanas,2016-06-17,76.1,0.0,18.3,102.0,1014.8,43.4,7.6,289.4,25.0,20670,66537,0,33.0,24.9,28.0,37.1,24.9,29.9,23.0
Chaguanas,2016-06-18,82.6,2.5146,12.8,101.1,1013.9,60.8,7.4,246.0,21.3,20682,66551,1,31.7,23.8,27.1,37.6,23.8,29.6,23.7
Chaguanas,2016-06-19,93.0,32.9946,12.8,113.5,1013.8,56.0,5.8,195.5,16.8,20695,66565,1,28.0,24.0,25.6,32.7,24.0,26.7,24.3
Chaguanas,2016-06-20,92.2,30.784799999999997,11.4,100.8,1014.6,56.5,6.6,185.3,16.0,20707,66578,1,30.0,24.8,25.9,36.2,24.8,27.2,24.5
Chaguanas,2016-06-21,80.6,7.010400000000001,15.0,109.0,1014.3,49.5,6.0,252.8,21.8,20720,66591,1,33.0,24.8,27.9,38.1,24.8,30.6,24.0
Chaguanas,2016-06-22,84.4,10.0076,17.2,99.9,1015.5,53.0,6.4,224.9,19.3,20734,66603,1,30.0,23.9,26.6,35.1,23.9,28.2,23.7
Chaguanas,2016-06-23,87.0,8.991599999999998,17.2,104.0,1015.1,50.6,6.6,220.8,18.9,20747,66615,1,32.1,24.0,26.4,39.0,24.0,28.2,24.0
Chaguanas,2016-06-24,87.5,14.808199999999998,17.2,104.7,1013.9,57.5,6.0,207.0,17.9,20761,66627,1,31.2,24.8,27.1,37.9,24.8,29.8,24.7
Chaguanas,2016-06-25,82.6,2.9972,16.1,97.0,1013.6,51.7,6.5,235.7,20.4,20775,66638,1,31.8,24.6,27.6,37.8,24.6,30.2,24.2
Chaguanas,2016-06-26,78.8,0.508,13.9,97.4,1014.3,40.1,7.2,256.2,22.0,20790,66648,1,33.0,19.9,27.6,38.1,19.9,29.4,23.3
Chaguanas,2016-06-27,80.3,0.508,18.3,83.8,1014.4,42.9,6.9,279.2,24.1,20805,66658,1,32.2,24.0,27.4,35.8,24.0,29.3,23.3
Chaguanas,2016-06-28,91.1,21.996399999999998,11.4,91.9,1014.7,59.3,6.6,197.7,17.0,20819,66668,1,29.0,24.0,25.8,33.6,24.0,26.6,24.2
Chaguanas,2016-06-29,86.7,8.991599999999998,20.8,102.7,1014.5,50.0,6.6,224.4,19.5,20834,66676,1,30.0,23.9,26.6,36.2,23.9,28.9,24.1
Chaguanas,2016-06-30,79.6,0.3048,17.2,100.4,1014.5,36.5,6.8,267.3,23.1,20849,66685,1,33.0,22.9,27.3,38.1,22.9,29.5,23.2
Chaguanas,2016-07-01,77.2,0.0,12.8,109.2,1014.4,46.8,7.2,271.6,23.5,20865,66692,0,34.0,23.2,28.0,38.3,23.2,30.3,23.2
Chaguanas,2016-07-02,79.7,0.7874,20.8,95.5,1014.8,42.8,7.2,252.3,21.8,20880,66699,1,32.0,25.0,28.0,39.2,25.0,31.0,23.9
Chaguanas,2016-07-03,75.4,0.0,17.2,94.7,1014.9,42.5,7.2,249.4,21.6,20895,66705,0,32.0,23.9,28.1,36.8,23.9,30.4,23.1
Chaguanas,2016-07-04,85.2,3.9878,16.1,99.7,1015.0,62.1,6.1,220.9,19.1,20911,66711,1,32.0,25.0,27.6,39.2,25.0,30.5,24.7
Chaguanas,2016-07-05,86.2,6.7056,20.8,95.5,1014.4,58.5,6.8,196.9,17.0,20926,66716,1,31.3,25.0,27.2,37.4,25.0,29.8,24.5
Chaguanas,2016-07-06,81.5,3.9878,18.3,91.2,1014.7,44.4,6.8,204.2,17.6,20942,66720,1,32.0,25.7,28.4,39.3,25.7,32.4,24.8
Chaguanas,2016-07-07,78.3,0.0,13.9,110.7,1014.9,48.0,7.5,247.2,21.3,20957,66724,0,34.0,25.0,28.7,42.0,25.0,31.6,24.1
Chaguanas,2016-07-08,77.3,0.0,16.1,102.6,1015.5,36.8,7.4,263.5,22.7,20972,66726,0,34.0,23.9,28.4,40.6,23.9,31.7,23.8
Chaguanas,2016-07-09,81.0,0.0,16.1,97.4,1015.3,40.2,7.1,237.2,20.3,20988,66728,0,33.1,24.0,27.8,38.5,24.0,30.3,23.9
Chaguanas,2016-07-10,88.7,21.59,16.1,105.2,1014.7,62.3,6.9,227.3,19.8,21003,66730,1,32.0,24.0,27.2,39.2,24.0,30.6,25.1
Chaguanas,2016-07-11,79.4,1.4986,24.2,86.2,1013.5,43.3,6.7,279.9,24.2,21018,66730,1,33.2,25.0,28.6,40.6,25.0,31.2,24.2
Chaguanas,2016-07-12,78.2,0.9905999999999999,16.1,100.1,1012.6,37.1,7.2,271.4,23.4,21033,66730,1,33.0,24.0,28.2,38.1,24.0,30.6,23.7
Chaguanas,2016-07-13,92.9,10.998199999999999,15.0,100.3,1013.3,61.6,6.7,0.0,0.0,21048,66729,1,30.0,24.0,25.8,37.5,24.0,26.8,24.6
Chaguanas,2016-07-14,96.0,101.19359999999999,9.6,96.6,1013.0,63.3,5.8,196.7,17.0,21062,66727,1,28.0,23.8,25.3,33.6,23.8,26.0,24.7
Chaguanas,2016-07-15,91.9,18.008599999999998,21.9,92.2,1011.9,55.4,6.5,163.7,14.2,21077,66724,1,32.0,23.2,25.7,39.2,23.2,27.3,24.2
Chaguanas,2016-07-16,85.4,10.795,15.0,102.7,1013.0,42.8,7.1,244.7,21.0,21091,66721,1,32.2,23.9,27.3,39.7,23.9,30.2,24.4
Chaguanas,2016-07-17,74.7,0.0,16.1,98.8,1014.2,24.3,7.8,282.0,24.2,21105,66716,0,33.7,23.9,27.9,38.1,23.9,29.5,22.4
Chaguanas,2016-07-18,78.3,0.0,11.4,117.1,1013.2,31.4,8.4,282.6,24.4,21119,66711,0,33.0,22.9,27.1,38.1,22.9,29.1,22.7
Chaguanas,2016-07-19,79.3,0.0,17.2,95.1,1013.8,32.1,8.1,267.2,23.2,21132,66705,0,33.8,22.9,27.8,38.8,22.9,30.3,23.4
Chaguanas,2016-07-20,77.7,0.0,13.9,113.1,1014.2,31.8,7.3,270.8,23.3,21145,66699,0,34.0,24.0,28.6,39.4,24.0,31.2,23.8
Chaguanas,2016-07-21,79.2,0.2032,13.9,103.4,1013.9,41.3,7.5,247.9,21.4,21158,66691,1,34.0,24.9,28.7,40.6,24.9,32.1,24.4
Chaguanas,2016-07-22,76.9,5.9944,16.1,74.1,1013.7,38.7,7.2,229.1,19.7,21171,66682,1,34.0,25.1,28.5,40.6,25.1,31.1,23.7
Chaguanas,2016-07-23,78.6,0.0,15.0,112.5,1012.8,34.4,7.7,268.6,23.2,21183,66673,0,33.3,23.0,27.8,39.3,23.0,30.2,23.3
Chaguanas,2016-07-24,75.4,0.0,17.2,99.9,1013.0,32.6,7.1,246.0,21.3,21195,66663,0,33.0,24.0,28.3,38.1,24.0,30.7,23.2
Chaguanas,2016-07-25,77.0,0.1016,11.4,96.3,1012.9,44.0,7.5,245.4,21.1,21207,66652,1,34.0,23.8,28.2,38.3,23.8,30.4,23.4
Chaguanas,2016-07-26,79.2,0.6096,17.2,101.9,1012.6,46.2,7.1,236.4,20.4,21218,66640,1,33.3,24.7,27.9,38.2,24.7,30.7,23.7
Chaguanas,2016-07-27,81.3,2.0065999999999997,13.9,90.9,1013.1,47.9,7.6,223.2,19.3,21229,66627,1,33.7,25.0,27.8,40.1,25.0,30.5,24.1
Chaguanas,2016-07-28,76.3,0.8128,16.1,88.1,1012.9,51.8,7.3,263.0,22.7,21239,66614,1,34.1,24.0,28.6,39.5,24.0,31.2,23.6
Chaguanas,2016-07-29,79.9,0.9905999999999999,16.1,95.7,1012.2,43.7,7.6,225.8,19.4,21249,66600,1,33.0,24.0,27.9,39.3,24.0,30.6,23.8
Chaguanas,2016-07-30,83.1,5.9944,13.9,299.5,1011.2,45.7,6.9,260.2,22.4,21259,66584,1,35.0,24.0,27.6,41.9,24.0,29.8,24.1
Chaguanas,2016-07-31,86.6,21.5138,15.0,114.2,1011.9,47.2,6.7,249.6,21.6,21268,66568,1,32.9,23.9,27.0,41.6,23.9,29.5,24.4
Chaguanas,2016-08-01,77.6,0.1016,18.3,101.3,1012.5,41.3,7.4,244.1,21.2,21277,66552,1,33.8,24.0,28.7,40.6,24.0,32.3,24.1
Chaguanas,2016-08-02,78.3,2.2097999999999995,17.2,103.1,1013.3,35.6,7.1,267.0,23.0,21286,66534,1,33.0,24.0,28.5,40.6,24.0,31.8,24.1
Chaguanas,2016-08-03,82.1,14.604999999999999,17.2,100.9,1013.3,44.9,7.0,209.0,17.9,21294,66516,1,32.1,25.0,28.0,39.2,25.0,30.9,24.4
Chaguanas,2016-08-04,85.5,4.9784,15.0,340.5,1012.9,64.6,7.1,236.8,20.3,21302,66496,1,32.7,24.0,27.4,40.7,24.0,30.1,24.6
Chaguanas,2016-08-05,84.5,4.495799999999999,12.8,107.2,1012.7,59.1,7.4,245.8,21.1,21309,66476,1,33.1,24.0,27.7,39.4,24.0,31.3,24.7
Chaguanas,2016-08-06,83.2,43.6118,15.0,273.6,1014.7,57.2,6.4,232.7,20.2,21316,66456,1,33.0,23.0,27.9,42.2,23.0,31.3,24.6
Chaguanas,2016-08-07,79.5,0.0,13.9,110.9,1014.6,48.1,7.4,262.2,22.5,21322,66434,0,34.0,24.0,28.5,43.6,24.0,31.7,24.2
Chaguanas,2016-08-08,82.3,13.182599999999999,18.3,105.5,1013.1,59.3,7.2,266.5,22.9,21328,66412,1,34.0,24.2,28.2,42.0,24.2,32.2,24.7
Chaguanas,2016-08-09,84.1,13.5128,15.0,101.3,1013.9,44.7,6.6,241.4,20.8,21334,66389,1,33.1,23.9,27.8,40.7,23.9,30.9,24.7
Chaguanas,2016-08-10,86.6,16.1036,16.1,101.0,1014.4,54.3,5.9,222.9,19.3,21339,66365,1,31.0,24.0,26.8,37.8,24.0,28.6,24.2
Chaguanas,2016-08-11,88.5,26.0096,13.9,108.7,1013.4,46.1,6.6,237.2,20.3,21344,66341,1,30.0,24.0,26.4,38.9,24.0,28.7,24.3
Chaguanas,2016-08-12,84.3,5.0038,12.8,104.3,1012.5,49.5,7.4,250.2,21.4,21349,66315,1,33.1,24.0,27.5,40.7,24.0,30.4,24.4
Chaguanas,2016-08-13,76.6,2.0065999999999997,18.3,95.4,1013.2,31.3,7.1,253.9,22.0,21353,66290,1,33.2,23.9,28.0,39.3,23.9,30.3,23.1
Chaguanas,2016-08-14,90.7,9.4996,20.8,112.8,1012.6,55.6,6.7,194.9,16.9,21356,66263,1,30.0,23.0,25.8,36.2,23.0,27.2,24.1
Chaguanas,2016-08-15,80.7,0.9905999999999999,18.3,98.2,1013.0,49.8,6.9,205.0,17.7,21359,66236,1,33.1,24.9,27.9,39.3,24.9,30.3,23.9
Chaguanas,2016-08-16,77.2,0.0,19.7,112.1,1013.3,43.8,7.1,268.6,23.2,21362,66208,0,33.8,23.9,28.1,39.3,23.9,30.8,23.4
Chaguanas,2016-08-17,84.2,3.6067999999999993,16.1,101.9,1013.3,51.6,7.1,258.8,22.4,21365,66180,1,34.1,23.9,27.3,42.2,23.9,29.9,24.2
Chaguanas,2016-08-18,80.3,0.1016,18.3,96.6,1012.8,37.3,7.6,248.1,21.3,21367,66151,1,33.0,24.9,28.3,40.6,24.9,31.2,24.2
Chaguanas,2016-08-19,79.7,2.9972,13.9,101.1,1012.6,45.3,7.4,235.5,20.4,21368,66121,1,34.0,25.0,28.5,40.6,25.0,31.9,24.4
Chaguanas,2016-08-20,77.4,0.508,16.1,103.5,1012.1,38.8,7.3,242.6,20.9,21370,66091,1,34.1,25.0,28.8,40.6,25.0,32.4,24.2
Chaguanas,2016-08-21,76.6,0.2032,15.0,103.3,1013.2,36.4,7.4,277.0,24.0,21371,66060,1,34.1,24.9,28.6,39.4,24.9,31.3,23.7
Chaguanas,2016-08-22,75.0,0.0,13.9,107.0,1013.3,41.6,7.6,267.5,23.2,21371,66028,0,34.1,25.0,29.0,40.6,25.0,32.1,23.8
Chaguanas,2016-08-23,78.9,18.008599999999998,11.4,96.8,1012.6,37.4,7.2,250.0,21.7,21372,65996,1,35.0,24.0,28.1,43.3,24.0,30.8,23.7
Chaguanas,2016-08-24,75.5,0.0,12.8,114.6,1012.1,36.9,7.4,283.7,24.6,21372,65964,0,34.0,23.8,28.3,39.4,23.8,30.9,23.1
Chaguanas,2016-08-25,78.4,0.0,12.8,124.6,1012.0,44.9,6.9,263.3,22.7,21371,65931,0,34.0,23.9,28.5,42.0,23.9,31.9,24.0
Chaguanas,2016-08-26,82.6,0.2032,12.8,106.0,1012.4,39.2,7.4,232.3,19.9,21371,65898,1,33.0,25.0,27.9,40.6,25.0,31.1,24.5
Chaguanas,2016-08-27,86.6,10.998199999999999,23.0,106.5,1012.6,41.7,7.4,250.4,21.6,21370,65864,1,33.0,24.0,26.7,39.3,24.0,28.4,24.1
Chaguanas,2016-08-28,82.3,1.2953999999999999,13.9,97.9,1012.9,58.5,7.7,248.5,21.4,21368,65830,1,32.0,23.0,27.7,39.1,23.0,31.0,24.2
Chaguanas,2016-08-29,84.7,0.889,16.1,97.6,1013.4,50.2,7.2,192.1,16.6,21367,65795,1,33.0,23.9,27.2,38.1,23.9,29.5,24.2
Chaguanas,2016-08-30,80.4,2.9972,17.2,100.2,1012.6,37.2,6.7,248.8,21.4,21365,65760,1,34.0,25.0,28.6,40.6,25.0,32.1,24.5
Chaguanas,2016-08-31,77.2,0.2032,18.3,101.2,1012.2,55.3,6.6,260.4,22.4,21363,65724,1,33.2,25.2,28.8,39.3,25.2,31.8,24.1
Chaguanas,2016-09-01,82.7,0.1016,16.1,107.3,1013.1,54.4,7.5,143.7,12.3,21361,65688,1,34.0,25.0,28.1,42.0,25.0,31.4,24.6
Chaguanas,2016-09-02,79.3,5.0038,17.2,100.3,1013.9,52.7,7.5,254.7,22.1,21358,65652,1,34.0,25.0,28.3,40.6,25.0,31.1,24.1
Chaguanas,2016-09-03,87.6,25.222199999999997,10.3,90.4,1011.8,45.3,6.5,253.1,21.8,21356,65616,1,33.0,25.0,27.2,40.6,25.0,29.7,24.8
Chaguanas,2016-09-04,85.3,0.0,13.9,259.0,1010.5,41.4,6.8,274.1,23.6,21353,65579,0,32.0,23.9,27.2,37.9,23.9,29.7,24.3
Chaguanas,2016-09-05,79.3,0.0,15.0,117.9,1012.1,52.0,7.1,259.8,22.4,21350,65542,0,34.1,24.9,28.8,40.6,24.9,32.3,24.6
Chaguanas,2016-09-06,88.7,28.600399999999997,16.1,90.4,1013.8,50.5,6.3,204.5,17.6,21346,65505,1,31.0,25.0,26.9,39.1,25.0,29.1,24.7
Chaguanas,2016-09-07,84.3,0.2032,13.9,102.8,1014.1,46.3,7.1,246.6,21.3,21343,65467,1,32.1,24.0,27.3,38.1,24.0,29.9,24.2
Chaguanas,2016-09-08,87.9,12.2936,6.9,148.4,1013.9,54.2,7.0,203.0,17.5,21340,65429,1,32.0,24.0,26.4,37.9,24.0,27.9,24.1
Chaguanas,2016-09-09,81.0,0.0,13.9,116.2,1013.8,51.8,7.5,215.5,18.6,21336,65391,0,33.0,24.0,28.1,39.3,24.0,31.3,24.2
Chaguanas,2016-09-10,80.7,2.9972,18.3,90.3,1014.0,40.0,7.3,244.3,21.2,21332,65353,1,34.0,24.2,28.4,40.7,24.2,32.1,24.5
Chaguanas,2016-09-11,84.1,2.0065999999999997,15.0,72.4,1013.3,42.3,7.0,243.6,21.0,21328,65315,1,33.9,25.0,27.7,41.7,25.0,30.7,24.6
Chaguanas,2016-09-12,86.7,0.9905999999999999,11.4,72.6,1011.5,47.1,6.6,232.0,20.1,21324,65276,1,32.0,24.1,27.3,39.2,24.1,30.2,24.7
Chaguanas,2016-09-13,91.0,3.4036,16.1,92.0,1011.8,50.4,6.8,202.4,17.5,21321,65238,1,30.0,24.2,26.3,36.2,24.2,27.9,24.7
Chaguanas,2016-09-14,81.3,0.2032,13.9,112.3,1012.9,46.9,7.9,247.6,21.3,21317,65199,1,33.0,24.7,28.2,40.6,24.7,31.4,24.3
Chaguanas,2016-09-15,78.9,0.1016,12.8,115.4,1012.8,47.7,7.7,262.3,22.8,21312,65160,1,34.0,24.9,28.9,40.6,24.9,32.6,24.5
Chaguanas,2016-09-16,75.7,0.0,16.1,102.5,1012.5,28.4,7.4,294.1,25.4,21308,65122,0,34.0,24.9,28.8,39.4,24.9,31.6,23.6
Chaguanas,2016-09-17,85.4,15.011399999999998,9.2,106.1,1012.9,41.2,7.6,220.9,19.1,21304,65083,1,32.0,24.0,27.2,39.2,24.0,29.9,24.4
Chaguanas,2016-09-18,81.6,0.2032,15.0,107.3,1012.5,48.2,7.5,227.6,19.7,21300,65044,1,33.2,25.0,28.1,39.3,25.0,31.3,24.4
Chaguanas,2016-09-19,78.6,0.0,13.9,115.5,1012.5,45.8,7.8,264.9,23.1,21296,65005,0,34.0,24.8,28.8,41.2,24.8,32.6,24.4
Chaguanas,2016-09-20,79.8,0.3048,15.0,96.3,1011.9,38.5,7.7,255.0,22.0,21293,64967,1,34.2,24.0,28.3,41.1,24.0,31.5,24.2
Chaguanas,2016-09-21,80.4,2.0065999999999997,13.9,119.6,1011.0,40.0,7.3,265.1,23.1,21289,64928,1,34.0,24.0,28.2,43.6,24.0,31.8,24.2
Chaguanas,2016-09-22,76.8,0.0,15.0,121.8,1011.9,40.3,7.4,248.9,21.6,21285,64889,0,35.0,25.0,29.3,43.3,25.0,33.3,24.4
Chaguanas,2016-09-23,81.8,0.9905999999999999,16.1,109.4,1013.4,42.3,7.4,243.7,21.0,21281,64851,1,34.0,25.0,28.6,41.7,25.0,31.9,24.8
Chaguanas,2016-09-24,77.2,2.0065999999999997,13.9,105.7,1013.4,26.3,7.4,252.4,21.9,21278,64813,1,34.0,24.9,28.9,40.6,24.9,32.1,24.1
Chaguanas,2016-09-25,85.8,13.0048,11.4,119.0,1012.5,45.8,7.1,251.8,21.7,21275,64774,1,31.7,24.0,27.1,38.4,24.0,29.7,24.4
Chaguanas,2016-09-26,81.6,0.0,12.8,122.0,1012.0,43.2,7.3,211.6,18.3,21271,64736,0,33.0,23.8,27.8,40.3,23.8,31.2,24.1
Chaguanas,2016-09-27,79.0,0.2032,10.3,88.5,1011.3,40.3,7.3,261.8,22.6,21268,64699,1,35.0,24.0,28.7,42.0,24.0,32.3,24.3
Chaguanas,2016-09-28,79.8,0.0,12.8,278.7,1010.6,48.3,7.4,241.5,20.8,21266,64661,0,32.1,25.9,28.1,39.2,25.9,31.1,24.2
Chaguanas,2016-09-29,92.0,36.017199999999995,15.0,92.8,1011.0,54.3,6.2,225.5,19.3,21263,64624,1,28.0,23.8,25.8,33.6,23.8,26.7,24.4
Chaguanas,2016-09-30,80.3,0.1016,10.1,104.4,1009.8,36.1,6.8,266.2,23.1,21261,64587,1,33.1,24.0,28.1,39.3,24.0,30.8,23.9
Chaguanas,2016-10-01,80.2,0.1016,16.1,111.2,1009.1,36.8,7.2,260.4,22.6,21259,64550,1,33.0,24.9,28.0,39.3,24.9,31.0,24.1
Chaguanas,2016-10-02,90.3,14.097000000000001,16.1,98.4,1010.3,57.7,6.5,229.2,19.8,21257,64514,1,31.0,24.7,26.6,39.1,24.7,28.3,24.8
Chaguanas,2016-10-03,89.0,2.9972,16.1,111.7,1010.8,45.5,6.9,226.0,19.6,21256,64478,1,32.0,24.9,27.2,40.7,24.9,30.3,25.1
Chaguanas,2016-10-04,80.7,0.0,17.2,112.3,1011.8,42.1,7.0,277.6,24.1,21254,64442,0,34.0,25.0,28.6,40.6,25.0,31.8,24.6
Chaguanas,2016-10-05,79.7,0.0,17.2,103.5,1010.7,48.8,7.8,224.9,19.3,21253,64407,0,33.0,24.1,28.5,40.6,24.1,32.2,24.4
Chaguanas,2016-10-06,86.8,5.0038,19.7,90.9,1009.8,47.1,7.3,242.6,20.9,21253,64372,1,33.0,24.8,27.0,42.2,24.8,28.9,24.4
Chaguanas,2016-10-07,84.7,0.7874,13.9,128.5,1008.1,49.5,7.2,241.4,20.9,21253,64338,1,33.0,23.9,27.7,40.7,23.9,31.1,24.7
Chaguanas,2016-10-08,85.6,0.6096,15.0,106.6,1009.2,52.5,7.2,233.1,20.1,21253,64304,1,32.9,25.0,27.8,40.4,25.0,30.6,24.9
Chaguanas,2016-10-09,83.3,0.1016,16.1,123.9,1009.9,44.0,7.0,219.9,19.0,21254,64270,1,32.0,25.0,28.2,39.2,25.0,31.8,24.9
Chaguanas,2016-10-10,78.4,0.0,16.1,120.2,1011.3,40.9,7.1,237.6,20.4,21255,64237,0,34.0,25.2,29.0,40.7,25.2,32.8,24.5
Chaguanas,2016-10-11,81.5,3.2003999999999997,18.3,107.7,1011.1,48.8,6.6,238.2,20.5,21256,64205,1,32.0,26.0,27.9,39.2,26.0,31.6,24.3
Chaguanas,2016-10-12,76.9,0.2032,16.1,102.5,1010.2,48.6,7.4,243.8,21.1,21258,64173,1,33.1,26.0,29.1,39.3,26.0,33.6,24.4
Chaguanas,2016-10-13,78.6,0.0,17.2,98.7,1011.1,42.6,7.9,242.8,20.9,21260,64142,0,35.0,26.0,29.2,43.3,26.0,33.9,24.8
Chaguanas,2016-10-14,77.0,0.0,13.9,111.0,1012.4,37.0,7.2,254.1,21.9,21263,64111,0,34.0,26.0,28.8,39.6,26.0,32.7,24.1
Chaguanas,2016-10-15,74.1,0.2032,13.9,112.9,1011.8,34.7,7.4,243.4,20.8,21267,64081,1,35.0,26.0,29.2,41.9,26.0,32.8,23.8
Chaguanas,2016-10-16,76.8,0.1016,15.0,114.7,1010.3,38.5,7.9,261.2,22.5,21270,64051,1,35.0,25.9,28.7,41.6,25.9,32.1,23.9
Chaguanas,2016-10-17,73.6,0.0,12.8,127.1,1010.4,28.4,8.4,265.7,23.1,21275,64023,0,36.1,25.8,29.4,42.1,25.8,33.0,23.8
Chaguanas,2016-10-18,74.5,0.0,13.9,125.2,1010.9,33.6,8.1,263.3,22.7,21280,63995,0,34.0,24.9,29.2,40.3,24.9,32.9,23.9
Chaguanas,2016-10-19,75.5,0.0,13.9,126.4,1011.2,38.9,7.5,238.7,20.5,21285,63967,0,35.0,26.0,29.6,42.0,26.0,34.2,24.4
Chaguanas,2016-10-20,74.9,0.0,16.1,111.2,1010.7,34.0,7.5,253.8,21.9,21291,63941,0,35.0,25.9,29.6,40.7,25.9,33.9,24.3
Chaguanas,2016-10-21,72.4,0.2032,17.2,107.1,1009.4,35.8,7.7,241.2,20.8,21298,63915,1,35.0,25.0,29.6,40.7,25.0,33.2,23.6
Chaguanas,2016-10-22,72.7,0.0,13.9,109.4,1010.3,35.0,7.5,238.3,20.7,21305,63890,0,35.0,25.0,29.6,41.4,25.0,33.2,23.7
Chaguanas,2016-10-23,74.4,0.3048,16.1,104.7,1011.3,50.0,7.6,221.3,19.2,21313,63865,1,35.0,26.0,29.4,41.9,26.0,33.5,24.1
Chaguanas,2016-10-24,78.4,0.3048,10.3,124.1,1010.1,39.1,7.9,253.3,21.9,21321,63842,1,33.9,24.9,28.3,41.4,24.9,31.4,23.9
Chaguanas,2016-10-25,82.3,0.1016,11.4,130.3,1008.8,48.5,7.8,236.3,20.5,21330,63819,1,32.2,23.0,27.3,37.9,23.0,30.1,23.8
Chaguanas,2016-10-26,79.7,0.0,15.0,121.4,1008.9,45.5,7.3,231.2,20.0,21340,63797,0,34.0,24.2,28.2,40.6,24.2,31.2,24.1
Chaguanas,2016-10-27,77.8,0.0,13.9,112.9,1008.9,49.2,7.3,226.8,19.5,21350,63776,0,35.0,25.0,28.9,40.7,25.0,32.3,24.3
Chaguanas,2016-10-28,79.7,0.9905999999999999,12.8,116.4,1009.9,39.1,7.5,237.9,20.4,21361,63756,1,33.0,24.8,28.2,39.2,24.8,30.7,24.1
Chaguanas,2016-10-29,85.1,21.996399999999998,13.9,121.2,1011.3,40.2,7.4,222.6,19.3,21372,63737,1,34.0,24.0,27.0,40.6,24.0,29.0,24.0
Chaguanas,2016-10-30,87.5,16.9926,9.2,138.0,1011.3,48.1,6.7,167.7,14.6,21385,63719,1,31.0,24.0,26.3,36.6,24.0,27.9,24.0
Chaguanas,2016-10-31,83.6,0.0,12.8,99.7,1008.9,43.7,7.5,228.7,19.9,21397,63702,0,33.0,23.7,27.6,39.3,23.7,30.9,24.3
Chaguanas,2016-11-01,78.2,0.0,11.4,137.5,1008.6,45.3,6.9,226.6,19.6,21411,63686,0,33.1,25.0,28.7,40.6,25.0,32.2,24.2
Chaguanas,2016-11-02,80.7,0.0,9.2,125.3,1009.7,40.3,7.2,184.8,16.1,21425,63670,0,32.0,25.2,28.3,39.2,25.2,31.6,24.5
Chaguanas,2016-11-03,79.5,0.0,13.9,109.4,1010.5,49.0,6.9,230.6,20.0,21440,63656,0,33.0,26.0,28.8,39.3,26.0,32.7,24.6
Chaguanas,2016-11-04,84.4,2.9972,13.9,108.7,1011.6,53.2,7.2,235.3,20.4,21456,63642,1,32.0,25.7,27.8,40.7,25.7,30.7,24.8
Chaguanas,2016-11-05,85.2,2.9972,15.0,106.5,1012.6,48.3,7.4,192.6,16.7,21472,63630,1,31.8,25.7,27.7,39.1,25.7,30.4,24.8
Chaguanas,2016-11-06,89.7,84.5058,18.3,108.7,1012.0,65.4,6.0,196.4,16.9,21489,63619,1,32.0,23.0,26.3,38.9,23.0,28.1,24.4
Chaguanas,2016-11-07,84.6,0.1016,11.4,103.8,1010.6,41.3,7.1,240.8,20.9,21506,63608,1,32.0,24.0,27.2,37.9,24.0,30.0,24.3
Chaguanas,2016-11-08,88.0,0.2032,9.2,107.6,1010.4,44.2,7.3,194.5,17.0,21525,63599,1,31.0,24.0,26.5,37.8,24.0,28.4,24.3
Chaguanas,2016-11-09,84.9,0.9905999999999999,17.2,110.0,1010.5,51.5,7.8,211.5,18.3,21544,63591,1,33.2,23.9,27.7,40.6,23.9,31.3,24.7
Chaguanas,2016-11-10,86.7,1.8795999999999997,16.1,98.1,1010.9,51.4,7.2,163.1,14.2,21563,63584,1,32.8,24.9,27.4,40.4,24.9,30.5,24.9
Chaguanas,2016-11-11,84.5,6.8072,12.8,108.9,1010.1,54.9,6.9,182.6,16.0,21584,63578,1,33.0,25.0,28.1,42.2,25.0,31.4,24.9
Chaguanas,2016-11-12,88.1,3.7845999999999997,13.9,100.9,1010.3,44.5,7.0,167.0,14.2,21604,63573,1,32.0,25.8,27.3,39.2,25.8,30.2,25.1
Chaguanas,2016-11-13,79.4,0.4064,16.1,94.3,1009.0,38.3,7.5,226.3,19.7,21626,63569,1,33.0,24.0,28.2,40.6,24.0,31.2,23.9
Chaguanas,2016-11-14,77.4,0.0,11.4,83.0,1007.7,37.4,8.1,235.8,20.2,21648,63566,0,34.0,23.0,27.7,39.2,23.0,29.8,22.8
Chaguanas,2016-11-15,83.1,0.0,11.4,121.4,1007.2,41.0,7.3,160.9,14.0,21671,63564,0,32.0,24.8,27.7,39.2,24.8,30.9,24.5
Chaguanas,2016-11-16,88.0,2.0065999999999997,11.4,111.9,1008.7,48.6,7.2,185.3,16.0,21694,63563,1,31.0,24.0,26.4,37.8,24.0,28.1,24.2
Chaguanas,2016-11-17,84.1,0.0,13.9,102.5,1008.3,49.8,6.5,200.2,17.3,21719,63564,0,32.1,24.0,27.4,39.6,24.0,30.1,24.3
Chaguanas,2016-11-18,85.2,2.0065999999999997,15.0,102.5,1009.3,62.3,6.4,194.8,16.6,21743,63565,1,32.1,24.2,27.4,39.0,24.2,30.1,24.5
Chaguanas,2016-11-19,88.6,3.9878,13.9,89.9,1009.0,50.7,6.6,207.3,18.0,21768,63568,1,32.1,24.0,26.7,38.3,24.0,28.4,24.5
Chaguanas,2016-11-20,82.6,0.1016,15.0,101.6,1008.4,44.9,7.6,226.7,19.6,21794,63571,1,32.0,23.0,26.9,37.8,23.0,29.0,23.4
Chaguanas,2016-11-21,77.2,0.0,11.4,103.6,1008.5,39.8,7.8,233.9,20.2,21820,63576,0,33.0,22.8,27.2,37.1,22.8,29.2,22.5
Chaguanas,2016-11-22,83.0,0.3048,17.2,94.3,1009.0,46.7,7.3,225.0,19.5,21847,63582,1,32.2,23.0,27.2,38.3,23.0,30.0,23.8
Chaguanas,2016-11-23,85.9,0.2032,11.4,100.4,1009.8,58.0,6.6,185.1,15.9,21874,63589,1,32.0,24.8,27.1,39.2,24.8,29.4,24.4
Chaguanas,2016-11-24,91.2,15.011399999999998,13.9,104.6,1010.2,58.5,5.8,125.9,11.0,21902,63597,1,30.1,24.0,26.2,37.4,24.0,27.7,24.9
Chaguanas,2016-11-25,94.1,43.992799999999995,9.2,91.6,1010.9,71.1,5.9,123.5,10.8,21930,63606,1,28.0,23.0,24.9,32.7,23.0,25.6,23.9
Chaguanas,2016-11-26,89.1,15.011399999999998,12.8,89.9,1010.2,59.1,6.6,195.2,16.9,21959,63616,1,30.0,23.0,25.5,36.2,23.0,26.7,23.6
Chaguanas,2016-11-27,83.1,0.0,17.2,110.5,1009.9,48.5,7.7,190.1,16.3,21988,63627,0,31.2,24.2,27.3,38.1,24.2,29.7,24.0
Chaguanas,2016-11-28,80.8,0.0,15.0,122.2,1009.0,56.4,6.9,214.1,18.3,22018,63639,0,32.0,25.8,28.3,39.2,25.8,31.8,24.5
Chaguanas,2016-11-29,82.8,0.0,11.4,124.8,1009.5,64.5,6.8,155.5,13.4,22048,63652,0,31.7,25.0,27.9,37.8,25.0,31.4,24.6
Chaguanas,2016-11-30,90.3,3.2258,10.3,103.6,1010.8,74.0,6.3,69.6,6.1,22078,63666,1,30.0,25.0,26.9,37.5,25.0,29.3,25.1
Chaguanas,2016-12-01,86.6,2.9972,13.9,100.2,1011.6,46.4,6.8,137.3,11.7,22108,63681,1,32.8,24.0,27.0,40.1,24.0,29.3,24.4
Chaguanas,2016-12-02,79.6,0.2032,20.8,100.0,1012.6,32.8,7.9,231.7,19.9,22139,63697,1,33.0,23.9,27.5,37.9,23.9,29.6,23.3
Chaguanas,2016-12-03,80.4,0.0,20.8,96.9,1011.9,36.9,7.0,222.7,19.2,22170,63714,0,32.0,23.9,27.3,37.9,23.9,29.4,23.4
Chaguanas,2016-12-04,81.6,0.2032,13.9,82.3,1011.9,39.4,7.2,210.0,18.2,22201,63732,1,32.8,23.0,27.1,37.9,23.0,29.2,23.4
Chaguanas,2016-12-05,78.3,0.1016,13.9,107.2,1012.1,38.1,7.6,197.8,17.1,22233,63750,1,33.0,23.2,27.7,38.1,23.2,30.1,23.3
Chaguanas,2016-12-06,81.1,5.0038,15.0,101.4,1012.6,45.2,7.6,200.9,17.4,22264,63770,1,33.0,23.9,27.5,38.3,23.9,29.9,23.7
Chaguanas,2016-12-07,86.8,0.1016,13.9,87.8,1012.3,48.7,6.2,196.9,17.0,22296,63791,1,32.0,24.0,26.4,37.9,24.0,28.1,23.9
Chaguanas,2016-12-08,91.0,29.514799999999997,23.0,98.3,1011.9,60.8,5.8,145.2,12.6,22328,63812,1,31.0,24.0,25.6,37.8,24.0,26.8,23.9
Chaguanas,2016-12-09,84.5,2.9972,19.7,92.1,1012.1,46.5,6.4,202.8,17.6,22360,63834,1,32.0,24.0,27.1,37.9,24.0,29.4,24.1
Chaguanas,2016-12-10,81.1,11.074399999999999,21.9,98.3,1013.3,47.8,6.1,196.7,17.0,22391,63857,1,32.0,24.0,27.5,37.9,24.0,29.6,23.8
Chaguanas,2016-12-11,73.4,0.0,18.3,84.8,1012.9,25.7,7.4,227.7,19.7,22423,63881,0,31.7,23.9,27.5,34.6,23.9,28.9,22.1
Chaguanas,2016-12-12,87.9,12.9794,18.3,87.8,1012.6,48.3,6.4,196.3,17.0,22455,63905,1,30.8,22.7,25.6,36.1,22.7,26.5,23.3
Chaguanas,2016-12-13,84.7,0.508,17.2,99.4,1012.1,39.1,6.7,204.1,17.7,22487,63930,1,31.0,23.0,26.1,35.5,23.0,27.8,23.2
Chaguanas,2016-12-14,85.6,4.8768,17.2,96.7,1012.6,39.5,6.8,196.8,17.1,22519,63956,1,31.0,22.0,25.6,35.5,22.0,27.2,22.8
Chaguanas,2016-12-15,81.2,0.1016,20.8,100.6,1012.6,29.3,7.6,227.6,19.7,22550,63983,1,32.0,22.0,26.4,35.8,22.0,28.1,22.7
Chaguanas,2016-12-16,80.9,0.0,20.8,94.0,1013.2,38.5,7.6,220.7,19.0,22581,64010,0,31.1,23.0,26.6,35.5,23.0,28.2,22.8
Chaguanas,2016-12-17,81.0,0.3048,23.0,84.9,1013.2,48.4,7.0,189.3,16.4,22613,64037,1,31.0,23.0,26.5,35.1,23.0,28.0,22.7
Chaguanas,2016-12-18,74.8,0.508,18.3,78.5,1013.4,48.4,7.2,222.5,19.1,22643,64066,1,31.0,23.0,26.7,34.6,23.0,27.9,21.7
Chaguanas,2016-12-19,74.8,0.1016,23.0,87.1,1012.4,32.5,6.9,223.1,19.2,22674,64094,1,32.0,23.8,27.1,35.2,23.8,28.3,21.9
Chaguanas,2016-12-20,78.7,0.1016,17.2,100.5,1010.5,42.7,7.0,204.4,17.5,22704,64124,1,31.0,22.9,26.5,34.6,22.9,28.1,22.3
Chaguanas,2016-12-21,87.4,7.188199999999999,17.2,91.9,1009.8,53.6,7.7,193.8,16.8,22734,64153,1,29.6,23.2,25.4,34.6,23.2,26.3,23.1
Chaguanas,2016-12-22,85.0,0.4064,15.0,75.1,1010.7,60.4,7.1,192.9,16.8,22764,64184,1,33.0,22.8,26.2,38.1,22.8,27.7,23.2
Chaguanas,2016-12-23,85.2,1.7018,12.8,110.4,1011.5,51.2,6.5,198.0,17.0,22793,64214,1,31.0,23.9,26.4,36.2,23.9,28.3,23.6
Chaguanas,2016-12-24,90.8,3.9878,18.3,90.3,1012.5,70.5,6.5,180.1,15.7,22822,64245,1,28.0,23.0,25.0,31.9,23.0,25.7,23.4
Chaguanas,2016-12-25,80.3,5.0038,18.3,89.2,1011.4,50.1,7.5,180.9,15.5,22850,64276,1,31.0,23.8,26.6,35.5,23.8,27.7,22.7
Chaguanas,2016-12-26,79.7,0.508,15.0,93.7,1011.7,44.1,7.5,205.6,17.9,22878,64308,1,31.2,22.0,26.3,35.5,22.0,27.8,22.2
Chaguanas,2016-12-27,76.5,0.0,18.3,92.2,1011.9,47.9,7.1,207.1,18.0,22905,64340,0,32.0,23.9,27.0,35.8,23.9,28.5,22.2
Chaguanas,2016-12-28,88.4,24.383999999999997,23.0,86.8,1012.2,84.5,4.4,196.8,17.0,22932,64372,1,30.0,22.9,25.1,34.2,22.9,25.8,22.9
Chaguanas,2016-12-29,88.4,24.790399999999998,15.0,101.1,1012.0,66.7,6.8,155.4,13.5,22958,64404,1,30.8,23.0,25.7,37.1,23.0,26.8,23.5
Chaguanas,2016-12-30,88.6,12.191999999999998,17.2,98.1,1012.4,78.2,6.1,174.1,15.2,22983,64436,1,29.8,24.0,25.7,34.7,24.0,26.7,23.6
Chaguanas,2016-12-31,79.3,0.508,17.2,102.3,1013.7,44.4,7.9,219.0,19.0,23008,64469,1,31.0,23.0,26.5,35.5,23.0,28.0,22.3
Chaguanas,2017-01-01,74.8,0.0,17.2,109.7,1013.9,33.4,8.2,238.3,20.7,23031,64500,0,31.0,20.0,25.5,34.6,20.0,26.3,20.3
Chaguanas,2017-01-02,81.7,3.9878,18.3,86.8,1013.5,30.4,7.3,216.3,18.8,23054,64533,1,30.9,21.0,25.5,34.2,21.0,26.9,21.9
Chaguanas,2017-01-03,71.7,0.2032,16.1,103.7,1012.1,33.1,8.9,217.8,18.9,23077,64566,1,31.1,23.0,26.6,33.4,23.0,27.5,20.8
Chaguanas,2017-01-04,79.6,0.0,15.0,101.8,1012.1,37.6,7.8,220.1,19.0,23098,64598,0,31.0,21.8,25.7,33.8,21.8,26.7,21.7
Chaguanas,2017-01-05,86.9,7.010400000000001,19.7,108.3,1012.5,50.8,7.0,172.5,14.8,23119,64631,1,30.0,24.0,25.8,35.1,24.0,27.2,23.3
Chaguanas,2017-01-06,86.5,0.889,17.2,107.1,1013.1,42.1,6.6,186.2,16.3,23140,64663,1,30.0,23.0,26.3,35.1,23.0,28.1,23.7
Chaguanas,2017-01-07,81.7,0.4064,20.8,105.1,1013.6,44.2,6.2,179.2,15.5,23159,64696,1,30.0,24.9,26.7,35.1,24.9,28.2,23.2
Chaguanas,2017-01-08,80.6,0.2032,17.2,104.5,1014.3,44.2,7.1,198.2,17.2,23177,64728,1,31.7,23.9,26.2,36.2,23.9,27.5,22.5
Chaguanas,2017-01-09,77.3,0.1016,13.9,91.7,1013.3,38.6,7.6,220.1,18.9,23195,64760,1,31.1,21.9,25.8,34.4,21.9,26.6,21.1
Chaguanas,2017-01-10,78.0,0.1016,12.8,69.3,1011.8,43.6,7.9,213.1,18.5,23212,64792,1,31.0,20.0,25.0,33.1,20.0,25.7,20.6
Chaguanas,2017-01-11,79.9,0.2032,18.3,79.7,1012.2,39.4,7.1,201.4,17.4,23228,64824,1,31.0,22.0,25.3,33.1,22.0,26.3,21.4
Chaguanas,2017-01-12,71.7,0.2032,12.8,52.3,1013.0,39.9,8.0,212.2,18.4,23242,64855,1,32.0,22.0,26.2,33.5,22.0,26.7,20.2
Chaguanas,2017-01-13,77.1,0.2032,13.9,27.3,1013.2,47.1,7.8,206.9,17.9,23256,64886,1,30.7,20.2,25.2,33.2,20.2,25.8,20.5
Chaguanas,2017-01-14,73.7,0.0,13.9,7.4,1012.6,43.9,8.2,237.8,20.5,23269,64917,0,31.0,20.0,25.2,32.4,20.0,25.7,19.6
Chaguanas,2017-01-15,76.8,0.4064,12.8,80.2,1012.0,31.0,8.4,238.5,20.5,23281,64948,1,30.6,20.0,24.8,32.4,20.0,25.6,20.2
Chaguanas,2017-01-16,76.7,0.0,16.1,104.3,1012.4,38.4,7.5,219.7,19.0,23292,64978,0,31.0,20.0,25.4,33.8,20.0,26.2,20.6
Chaguanas,2017-01-17,80.7,0.9905999999999999,15.0,97.0,1012.7,50.3,7.4,203.0,17.5,23302,65008,1,30.0,21.0,25.2,34.2,21.0,26.2,21.5
Chaguanas,2017-01-18,82.0,0.9905999999999999,11.4,90.0,1013.2,54.2,7.3,174.4,15.0,23311,65037,1,29.9,22.9,25.1,32.4,22.9,25.6,21.6
Chaguanas,2017-01-19,78.6,0.0,13.9,79.1,1012.2,43.9,7.3,205.3,17.7,23319,65066,0,31.0,21.0,25.8,34.3,21.0,27.0,21.4
Chaguanas,2017-01-20,83.3,6.5024,16.1,89.5,1012.4,39.3,7.3,224.0,19.6,23326,65094,1,31.0,22.0,25.8,35.5,22.0,27.2,22.5
Chaguanas,2017-01-21,85.7,10.0076,17.2,81.9,1012.8,57.8,6.3,177.5,15.3,23332,65122,1,32.0,23.0,25.3,35.8,23.0,26.2,22.5
Chaguanas,2017-01-22,84.8,2.0065999999999997,16.1,87.0,1012.7,56.0,7.5,198.8,17.1,23337,65150,1,29.2,23.0,25.4,32.9,23.0,26.4,22.5
Chaguanas,2017-01-23,88.6,11.5824,18.3,81.5,1012.9,53.6,6.5,223.3,19.2,23341,65177,1,29.0,22.9,25.1,32.8,22.9,26.0,22.9
Chaguanas,2017-01-24,81.6,0.0,20.8,105.4,1013.5,33.3,7.4,224.2,19.3,23344,65203,0,31.3,22.8,26.4,35.1,22.8,28.1,22.8
Chaguanas,2017-01-25,77.2,0.0,13.9,97.1,1014.6,39.0,7.8,245.3,21.3,23345,65229,0,32.0,23.8,26.7,34.9,23.8,28.1,22.1
Chaguanas,2017-01-26,75.6,0.0,12.8,83.1,1015.0,40.6,7.4,234.2,20.2,23346,65254,0,31.0,21.0,25.8,33.8,21.0,26.8,20.8
Chaguanas,2017-01-27,73.7,0.0,15.0,91.9,1015.0,40.3,7.7,235.4,20.4,23346,65279,0,31.0,21.0,25.9,33.1,21.0,26.6,20.4
Chaguanas,2017-01-28,73.9,0.0,17.2,92.9,1014.3,40.8,7.3,230.7,19.9,23344,65303,0,31.0,23.8,26.7,34.6,23.8,27.9,21.4
Chaguanas,2017-01-29,73.6,0.0,20.8,96.2,1014.5,34.2,7.0,220.5,19.1,23342,65327,0,31.0,24.0,26.8,33.1,24.0,27.8,21.4
Chaguanas,2017-01-30,74.1,0.0,16.1,89.4,1014.7,33.0,7.5,254.0,22.0,23338,65350,0,31.2,22.2,26.5,34.6,22.2,27.7,21.2
Chaguanas,2017-01-31,73.5,0.0,17.2,93.9,1014.3,37.1,6.9,227.6,19.5,23334,65372,0,32.0,23.0,26.6,34.9,23.0,27.6,21.2
Chaguanas,2017-02-01,77.2,0.2032,19.7,99.9,1014.0,40.4,6.8,241.5,20.7,23328,65394,1,32.0,21.9,26.2,34.9,21.9,27.3,21.5
Chaguanas,2017-02-02,79.4,0.0,25.3,92.6,1013.7,52.0,6.6,194.1,16.8,23322,65415,0,30.1,23.8,26.6,34.2,23.8,28.0,22.5
Chaguanas,2017-02-03,78.2,0.0,21.9,95.7,1013.8,39.3,6.7,241.0,20.9,23314,65436,0,31.0,23.0,26.6,34.6,23.0,27.9,22.2
Chaguanas,2017-02-04,82.8,0.0,16.1,103.6,1013.5,31.7,6.9,231.3,19.8,23306,65456,0,30.0,22.0,26.2,34.2,22.0,27.8,22.8
Chaguanas,2017-02-05,74.3,0.0,19.7,105.7,1012.9,41.3,6.6,252.8,21.9,23296,65475,0,32.0,24.0,27.2,35.8,24.0,28.7,21.9
Chaguanas,2017-02-06,80.3,0.2032,19.7,102.2,1013.1,46.6,6.4,195.0,16.8,23285,65493,1,30.0,23.0,26.3,34.9,23.0,27.7,22.4
Chaguanas,2017-02-07,78.4,0.3048,19.7,104.5,1013.3,37.3,6.9,257.4,22.4,23274,65511,1,31.0,22.9,26.4,34.6,22.9,27.7,22.1
Chaguanas,2017-02-08,82.9,2.9972,28.9,103.0,1013.3,50.0,5.3,215.7,18.7,23261,65529,1,30.1,23.0,25.9,34.2,23.0,27.0,22.7
Chaguanas,2017-02-09,72.8,5.8928,19.7,102.8,1014.7,30.7,6.7,266.8,23.0,23248,65545,1,31.0,23.0,26.4,33.1,23.0,27.1,20.7
Chaguanas,2017-02-10,73.3,0.7874,21.9,101.7,1015.0,37.6,6.7,241.5,21.0,23233,65561,1,31.0,22.8,26.3,32.9,22.8,27.1,20.8
Chaguanas,2017-02-11,70.7,0.1016,24.2,92.7,1014.2,33.5,6.8,234.8,20.3,23218,65577,1,31.0,22.0,26.2,33.1,22.0,26.9,20.2
Chaguanas,2017-02-12,74.1,0.0,16.1,107.4,1012.8,47.3,7.1,228.4,19.6,23202,65591,0,32.0,21.0,25.6,34.2,21.0,26.1,20.1
Chaguanas,2017-02-13,73.8,0.0,16.1,82.1,1011.7,49.9,7.1,237.8,20.6,23185,65606,0,30.0,22.0,25.4,31.9,22.0,26.1,20.1
Chaguanas,2017-02-14,71.9,0.0,15.0,109.2,1013.0,32.3,7.5,251.3,21.7,23167,65619,0,32.0,21.0,25.6,32.4,21.0,26.1,19.5
Chaguanas,2017-02-15,75.4,0.0,16.1,112.1,1014.7,47.8,7.1,256.1,22.1,23148,65632,0,31.0,20.0,25.2,33.1,20.0,26.1,20.1
Chaguanas,2017-02-16,74.5,0.0,17.2,109.5,1015.2,37.5,7.4,245.7,21.2,23128,65644,0,31.8,21.9,26.3,33.8,21.9,27.2,20.9
Chaguanas,2017-02-17,73.9,0.0,16.1,102.6,1014.6,44.5,7.5,231.4,19.9,23107,65656,0,32.0,22.0,26.5,34.9,22.0,27.7,21.2
Chaguanas,2017-02-18,79.4,0.2032,17.2,87.6,1014.2,60.3,7.1,223.3,19.3,23086,65667,1,31.2,23.0,25.6,32.7,23.0,26.3,21.4
Chaguanas,2017-02-19,86.1,4.1148,15.0,92.5,1014.1,50.0,6.4,211.7,18.5,23064,65678,1,27.0,22.1,24.6,29.7,22.1,24.9,22.1
Chaguanas,2017-02-20,80.4,0.0,17.2,100.5,1013.1,36.7,7.2,251.3,21.8,23041,65688,0,30.0,20.2,25.1,33.3,20.2,26.1,21.2
Chaguanas,2017-02-21,74.6,0.0,8.1,123.7,1010.9,49.8,7.6,249.1,21.6,23017,65697,0,32.0,22.0,26.2,34.7,22.0,27.2,20.9
Chaguanas,2017-02-22,71.4,0.0,13.9,254.2,1010.4,33.2,7.8,273.9,23.7,22993,65706,0,33.0,20.8,26.4,34.9,20.8,27.2,20.2
Chaguanas,2017-02-23,75.5,0.0,12.8,118.4,1011.9,36.9,7.1,266.2,22.9,22968,65714,0,31.0,19.9,25.3,33.1,19.9,26.1,20.2
Chaguanas,2017-02-24,76.9,0.0,16.1,115.7,1012.7,41.8,7.7,242.8,20.9,22942,65722,0,32.1,21.2,26.2,35.8,21.2,27.5,21.4
Chaguanas,2017-02-25,76.6,0.0,17.2,108.2,1013.3,41.7,7.0,218.0,19.1,22916,65729,0,32.1,23.9,27.1,34.6,23.9,28.4,22.3
Chaguanas,2017-02-26,78.2,5.9944,20.8,102.6,1013.1,40.2,6.9,249.0,21.6,22889,65736,1,32.1,22.0,26.3,34.2,22.0,27.1,21.7
Chaguanas,2017-02-27,80.6,0.8128,17.2,94.7,1013.5,58.1,6.3,240.4,20.9,22861,65742,1,32.0,21.7,25.7,34.9,21.7,26.9,21.7
Chaguanas,2017-02-28,81.9,2.6161999999999996,18.3,85.2,1013.2,58.3,6.7,242.5,21.0,22833,65748,1,30.0,23.0,25.7,34.2,23.0,26.9,22.2
Chaguanas,2017-03-01,73.4,5.9944,19.7,88.6,1012.7,43.4,7.0,259.1,22.5,22804,65754,1,31.0,22.0,26.4,33.8,22.0,27.3,20.8
Chaguanas,2017-03-02,70.3,0.0,26.4,90.3,1013.1,41.6,7.0,216.8,18.8,22774,65758,0,31.2,23.0,26.7,33.9,23.0,27.8,20.7
Chaguanas,2017-03-03,71.9,0.0,17.2,87.8,1013.7,36.6,7.0,217.8,18.9,22744,65763,0,32.0,24.0,27.2,34.9,24.0,28.5,21.5
Chaguanas,2017-03-04,72.9,0.0,23.0,86.6,1012.9,44.0,6.9,207.9,17.9,22714,65767,0,32.0,24.0,27.4,34.9,24.0,28.7,21.8
Chaguanas,2017-03-05,84.6,3.6067999999999993,20.8,101.6,1011.3,52.1,6.0,231.3,20.1,22683,65771,1,31.0,23.0,25.9,35.5,23.0,27.2,22.9
Chaguanas,2017-03-06,79.3,0.0,20.8,94.1,1012.2,50.7,6.2,232.4,20.1,22651,65774,0,31.0,23.9,26.4,34.6,23.9,27.7,22.3
Chaguanas,2017-03-07,78.6,1.1176,20.8,85.7,1013.5,56.2,6.5,233.3,20.0,22619,65777,1,30.0,23.0,25.9,34.2,23.0,27.0,21.8
Chaguanas,2017-03-08,74.2,0.0,15.0,90.5,1013.9,45.5,6.5,260.2,22.4,22587,65780,0,32.0,22.9,26.6,34.9,22.9,27.6,21.2
Chaguanas,2017-03-09,78.3,3.2003999999999997,21.9,95.1,1013.2,51.1,7.0,238.6,20.7,22555,65782,1,31.0,23.0,26.6,35.1,23.0,28.0,22.2
Chaguanas,2017-03-10,83.4,3.9878,20.8,97.0,1012.6,51.3,5.3,221.4,19.2,22521,65784,1,29.0,24.2,26.0,33.6,24.2,27.1,22.9
Chaguanas,2017-03-11,81.5,2.5146,20.8,85.4,1013.1,43.1,6.3,258.8,22.3,22488,65786,1,31.0,24.0,26.7,35.6,24.0,28.4,23.1
Chaguanas,2017-03-12,74.4,0.0,20.8,98.0,1013.2,30.8,7.0,289.1,24.9,22454,65787,0,32.0,23.0,26.8,34.5,23.0,27.9,21.4
Chaguanas,2017-03-13,83.7,1.8033999999999997,19.7,93.0,1013.6,57.8,6.2,248.4,21.5,22420,65789,1,31.0,23.0,25.3,34.2,23.0,26.1,22.1
Chaguanas,2017-03-14,76.3,0.0,16.1,84.8,1013.4,34.0,7.5,270.0,23.4,22386,65790,0,32.0,22.0,25.9,34.2,22.0,27.0,21.1
Chaguanas,2017-03-15,75.5,0.0,16.1,104.9,1013.4,40.2,7.6,275.1,23.7,22352,65790,0,32.0,20.0,25.8,34.9,20.0,26.9,20.7
Chaguanas,2017-03-16,73.5,0.0,18.3,101.4,1014.2,41.0,6.8,270.3,23.5,22317,65791,0,32.2,23.0,26.4,34.2,23.0,27.3,20.9
Chaguanas,2017-03-17,69.1,0.0,19.7,103.3,1013.9,30.1,6.5,283.5,24.4,22282,65791,0,32.0,22.0,26.6,34.2,22.0,27.2,19.9
Chaguanas,2017-03-18,72.1,0.0,17.2,91.7,1013.6,31.7,6.8,268.6,23.2,22247,65792,0,32.1,20.8,26.3,34.2,20.8,27.1,20.3
Chaguanas,2017-03-19,70.9,0.0,15.0,91.7,1013.5,48.2,7.3,288.6,24.8,22211,65792,0,33.0,22.0,26.8,34.6,22.0,27.6,20.5
Chaguanas,2017-03-20,83.5,8.001,13.9,103.1,1013.5,49.9,6.6,257.8,22.3,22176,65792,1,32.2,22.0,25.8,36.1,22.0,26.9,22.5
Chaguanas,2017-03-21,78.6,0.0,15.0,104.9,1014.0,52.1,7.0,236.3,20.4,22140,65791,0,32.1,23.9,27.2,36.6,23.9,28.9,22.8
Chaguanas,2017-03-22,86.2,1.2953999999999999,18.3,111.7,1013.5,57.1,6.2,151.7,13.1,22105,65791,1,31.0,24.0,26.1,34.6,24.0,27.2,23.4
Chaguanas,2017-03-23,81.1,1.1176,16.1,101.1,1012.9,48.3,6.4,259.6,22.4,22069,65791,1,31.0,23.8,26.4,35.5,23.8,27.7,22.7
Chaguanas,2017-03-24,80.5,0.0,17.2,109.7,1012.9,42.9,7.0,234.0,20.1,22033,65790,0,31.0,22.0,26.2,35.1,22.0,27.7,22.3
Chaguanas,2017-03-25,78.5,0.0,19.7,104.8,1012.2,39.8,7.6,259.9,22.3,21998,65790,0,32.0,22.0,26.7,36.0,22.0,28.3,22.3
Chaguanas,2017-03-26,75.6,0.0,16.1,105.6,1011.7,36.5,7.6,271.4,23.4,21962,65789,0,33.0,23.0,27.4,37.1,23.0,29.2,22.3
Chaguanas,2017-03-27,74.9,0.0,17.2,112.3,1011.9,41.1,7.1,268.9,23.1,21926,65789,0,33.0,24.0,27.7,37.1,24.0,29.4,22.4
Chaguanas,2017-03-28,73.1,0.0,13.9,111.0,1011.8,32.0,7.0,293.4,25.3,21890,65788,0,33.2,24.0,28.2,36.2,24.0,29.8,22.4
Chaguanas,2017-03-29,74.2,0.0,16.1,103.4,1011.5,40.0,7.4,280.3,24.3,21855,65788,0,34.0,23.9,28.3,38.3,23.9,30.3,22.7
Chaguanas,2017-03-30,73.4,0.0,19.7,104.4,1012.1,41.3,7.7,292.4,25.2,21819,65788,0,34.0,23.0,27.8,37.3,23.0,29.2,22.1
Chaguanas,2017-03-31,73.8,0.0,18.3,103.5,1013.5,47.9,7.3,268.4,23.3,21784,65787,0,32.0,23.0,27.3,35.5,23.0,28.8,21.8
Chaguanas,2017-04-01,77.1,0.0,18.3,100.8,1014.8,46.7,6.1,273.1,23.6,21749,65787,0,33.0,24.0,27.5,37.1,24.0,29.4,22.9
Chaguanas,2017-04-02,74.2,0.0,21.8,91.6,1014.1,35.3,5.0,294.6,25.4,21714,65787,0,33.0,25.0,28.3,37.1,25.0,30.4,22.9
Chaguanas,2017-04-03,75.5,0.0,18.3,101.9,1013.6,35.4,5.8,291.8,25.3,21679,65787,0,32.7,24.0,27.7,36.4,24.0,29.3,22.6
Chaguanas,2017-04-04,74.9,0.0,19.7,99.5,1014.0,37.1,5.1,264.4,22.9,21644,65787,0,33.0,24.0,27.7,37.1,24.0,29.3,22.4
Chaguanas,2017-04-05,70.8,0.0,19.7,104.1,1014.9,25.9,5.5,278.6,24.1,21609,65787,0,33.0,24.0,27.9,36.2,24.0,29.3,21.7
Chaguanas,2017-04-06,68.7,0.0,24.2,100.8,1014.8,35.7,6.3,284.0,24.5,21575,65787,0,33.0,23.9,27.8,34.6,23.9,28.9,21.1
Chaguanas,2017-04-07,72.1,0.7111999999999999,19.7,102.0,1013.0,31.4,6.8,288.8,24.8,21541,65788,1,33.0,22.9,27.2,36.2,22.9,28.3,21.3
Chaguanas,2017-04-08,74.3,7.010400000000001,18.3,101.1,1012.1,39.2,6.8,264.1,22.8,21507,65788,1,32.0,23.0,27.2,38.7,23.0,28.7,21.8
Chaguanas,2017-04-09,71.1,0.0,19.7,106.2,1012.1,32.4,7.0,290.6,25.1,21474,65789,0,33.0,22.2,27.0,34.6,22.2,27.9,20.7
Chaguanas,2017-04-10,71.1,0.0,20.8,103.2,1011.9,31.7,7.2,247.2,21.4,21441,65790,0,33.1,21.9,26.9,35.3,21.9,27.7,20.5
Chaguanas,2017-04-11,73.3,0.0,17.2,106.6,1011.5,46.7,6.9,270.4,23.4,21408,65791,0,33.1,22.0,27.3,36.2,22.0,28.9,21.7
Chaguanas,2017-04-12,72.3,0.0,17.2,105.2,1011.6,38.7,7.0,290.3,25.0,21376,65793,0,33.0,24.0,27.9,38.1,24.0,29.6,22.1
Chaguanas,2017-04-13,73.9,0.0,16.1,116.4,1012.0,50.1,7.3,224.2,19.4,21344,65795,0,34.0,24.0,28.1,36.5,24.0,29.8,22.5
Chaguanas,2017-04-14,76.4,0.0,17.2,107.5,1012.0,46.5,6.3,239.9,20.8,21312,65797,0,33.0,24.8,28.2,36.2,24.8,30.3,23.2
Chaguanas,2017-04-15,74.4,0.0,23.0,98.7,1012.7,43.0,6.5,281.8,24.4,21281,65799,0,33.2,25.0,28.4,38.1,25.0,30.7,23.1
Chaguanas,2017-04-16,73.0,0.0,17.2,97.2,1012.8,48.2,6.4,276.5,23.9,21250,65801,0,33.0,24.8,28.2,36.2,24.8,29.9,22.5
Chaguanas,2017-04-17,73.8,0.0,19.7,99.4,1012.7,40.1,5.8,287.7,24.9,21220,65804,0,34.0,24.8,28.2,38.3,24.8,30.1,22.7
Chaguanas,2017-04-18,77.0,0.9905999999999999,18.3,110.3,1013.1,42.2,6.8,286.0,24.6,21190,65807,1,32.9,20.9,27.0,36.7,20.9,28.3,22.2
Chaguanas,2017-04-19,69.5,0.0,16.1,106.3,1012.7,43.7,6.8,297.1,25.6,21161,65811,0,33.0,23.9,27.8,35.3,23.9,28.9,21.2
Chaguanas,2017-04-20,70.9,0.0,15.0,116.5,1011.8,40.8,6.7,287.3,25.0,21132,65814,0,34.0,23.8,28.2,37.3,23.8,29.7,21.8
Chaguanas,2017-04-21,71.5,0.0,16.1,110.6,1011.7,50.3,7.3,275.5,23.8,21104,65818,0,34.0,24.2,28.3,37.3,24.2,29.9,22.2
Chaguanas,2017-04-22,71.4,0.0,16.1,121.8,1012.6,31.7,6.9,294.3,25.4,21077,65823,0,34.0,24.0,28.4,37.3,24.0,30.1,22.2
Chaguanas,2017-04-23,72.9,0.0,18.3,118.5,1012.5,40.6,7.3,276.8,24.0,21049,65828,0,33.8,23.9,28.1,36.6,23.9,29.7,22.2
Chaguanas,2017-04-24,73.2,0.0,21.9,105.8,1012.4,39.3,6.5,270.9,23.3,21023,65833,0,33.1,25.0,28.6,37.1,25.0,30.6,22.8
Chaguanas,2017-04-25,72.4,0.0,18.3,114.5,1011.7,35.9,5.9,301.1,26.1,20997,65838,0,35.0,24.0,28.7,37.7,24.0,30.7,22.6
Chaguanas,2017-04-26,71.8,0.0,20.8,109.9,1011.7,35.8,5.8,305.3,26.2,20972,65844,0,33.8,24.9,28.8,37.8,24.9,31.2,22.8
Chaguanas,2017-04-27,72.0,0.0,21.9,107.6,1012.5,36.5,6.9,289.3,25.2,20947,65850,0,34.0,25.7,28.8,38.3,25.7,31.0,22.8
Chaguanas,2017-04-28,74.5,0.0,19.7,103.1,1013.8,48.7,7.0,306.9,26.5,20923,65857,0,32.0,24.0,27.9,35.8,24.0,29.7,22.6
Chaguanas,2017-04-29,72.6,0.0,20.8,100.7,1014.1,46.5,6.4,255.8,22.1,20900,65863,0,34.0,25.7,28.5,38.3,25.7,30.5,22.7
Chaguanas,2017-04-30,76.6,0.2032,23.0,107.3,1013.7,50.7,6.4,271.3,23.3,20877,65871,1,33.0,25.0,28.1,37.1,25.0,29.7,23.2
Chaguanas,2017-05-01,74.0,0.2032,21.9,93.3,1013.5,48.3,6.8,253.4,22.0,20855,65878,1,34.0,25.0,28.3,37.7,25.0,30.7,22.9
Chaguanas,2017-05-02,71.0,0.3048,23.0,90.0,1012.5,51.4,7.0,144.3,12.5,20834,65886,1,34.0,26.0,28.9,38.3,26.0,31.7,22.8
Chaguanas,2017-05-03,74.6,0.1016,16.1,107.4,1012.5,44.6,6.3,255.5,22.0,20813,65895,1,34.0,26.0,28.7,38.3,26.0,31.6,23.4
Chaguanas,2017-05-04,74.1,0.0,18.3,102.2,1011.8,37.9,6.3,267.9,23.1,20793,65904,0,34.0,25.0,28.6,38.3,25.0,30.8,23.1
Chaguanas,2017-05-05,73.4,0.0,19.7,104.5,1011.4,32.5,6.3,280.2,24.1,20774,65913,0,33.8,25.0,28.6,37.1,25.0,30.5,22.8
Chaguanas,2017-05-06,75.3,0.0,21.9,97.5,1012.1,48.9,6.7,277.8,24.1,20756,65922,0,34.0,25.9,28.4,39.1,25.9,30.9,23.3
Chaguanas,2017-05-07,72.8,0.3048,20.8,98.6,1011.3,42.8,6.4,301.4,26.1,20738,65932,1,34.0,24.8,28.7,38.1,24.8,30.6,22.8
Chaguanas,2017-05-08,77.0,0.889,17.2,102.3,1010.8,51.5,7.2,256.0,22.0,20721,65942,1,33.0,23.8,28.1,37.6,23.8,30.8,23.3
Chaguanas,2017-05-09,77.1,0.9905999999999999,20.8,102.2,1011.5,48.1,6.8,233.4,20.1,20705,65953,1,33.0,25.0,28.3,38.1,25.0,30.5,23.5
Chaguanas,2017-05-10,83.1,2.0065999999999997,21.9,102.6,1012.1,43.2,6.5,255.6,22.1,20689,65964,1,33.0,25.0,27.7,38.1,25.0,29.8,24.2
Chaguanas,2017-05-11,80.5,4.0893999999999995,20.8,111.5,1011.8,43.5,6.9,247.7,21.3,20675,65976,1,32.0,24.9,27.4,36.8,24.9,29.5,23.6
Chaguanas,2017-05-12,91.4,22.987,13.9,102.6,1012.4,51.2,6.7,163.5,14.0,20661,65987,1,30.0,25.0,25.9,35.1,25.0,26.8,24.3
Chaguanas,2017-05-13,85.6,5.9944,16.1,103.8,1013.3,51.9,5.8,212.5,18.5,20648,65999,1,32.1,25.0,27.2,37.7,25.0,29.7,24.4
Chaguanas,2017-05-14,88.1,16.9926,17.2,107.8,1012.9,51.6,5.6,208.2,17.9,20636,66012,1,31.0,25.0,27.1,37.8,25.0,29.6,24.8
Chaguanas,2017-05-15,76.7,0.4064,19.7,100.8,1013.1,61.9,6.3,243.8,20.9,20624,66025,1,32.2,26.2,28.6,37.9,26.2,32.7,24.0
Chaguanas,2017-05-16,75.1,0.0,20.8,104.7,1013.5,48.7,5.5,272.2,23.6,20614,66038,0,33.0,25.8,28.4,38.1,25.8,30.9,23.3
Chaguanas,2017-05-17,73.5,0.0,20.8,104.9,1013.9,31.9,7.1,281.2,24.1,20604,66051,0,33.0,24.0,28.1,36.2,24.0,29.9,22.4
Chaguanas,2017-05-18,72.3,0.0,23.0,102.8,1012.1,39.5,6.7,266.6,23.1,20595,66065,0,32.2,25.0,28.6,36.8,25.0,31.2,22.8
Chaguanas,2017-05-19,82.3,4.724399999999999,19.7,103.0,1011.4,38.8,6.7,283.9,24.6,20586,66079,1,33.0,25.0,27.3,38.1,25.0,29.4,23.8
Chaguanas,2017-05-20,75.6,0.0,18.3,102.1,1010.7,45.2,7.1,276.2,23.9,20579,66093,0,33.0,24.9,28.5,37.4,24.9,31.0,23.3
Chaguanas,2017-05-21,77.3,6.2992,23.0,84.8,1012.2,50.2,6.2,262.9,22.7,20572,66108,1,32.0,25.0,28.3,36.8,25.0,31.1,23.7
Chaguanas,2017-05-22,74.4,0.4064,20.8,95.8,1012.9,46.4,4.8,263.5,22.7,20567,66122,1,32.0,26.0,28.8,36.8,26.0,32.1,23.6
Chaguanas,2017-05-23,82.5,20.0914,20.8,102.0,1013.8,50.9,6.6,185.7,16.1,20561,66137,1,33.0,24.0,27.8,39.3,24.0,30.9,24.3
Chaguanas,2017-05-24,77.5,0.9905999999999999,18.3,100.5,1014.8,44.4,6.5,285.2,24.7,20557,66153,1,32.2,25.9,28.4,36.9,25.9,30.9,23.8
Chaguanas,2017-05-25,75.1,0.0,20.8,98.8,1014.6,31.5,6.3,294.3,25.5,20554,66168,0,33.0,24.9,28.2,38.1,24.9,30.2,23.0
Chaguanas,2017-05-26,73.7,0.0,20.8,103.4,1014.4,44.0,6.6,271.5,23.4,20551,66184,0,32.0,24.0,28.2,36.8,24.0,30.3,22.7
Chaguanas,2017-05-27,77.7,0.0,18.3,105.5,1014.2,40.9,6.8,268.1,23.2,20549,66199,0,33.1,24.0,27.4,38.1,24.0,29.4,22.9
Chaguanas,2017-05-28,85.8,16.9926,13.9,106.6,1014.2,40.4,7.6,262.9,22.8,20548,66215,1,32.0,23.0,26.7,39.2,23.0,28.9,24.0
Chaguanas,2017-05-29,85.6,1.8795999999999997,21.9,99.7,1014.7,46.0,5.6,222.4,19.3,20548,66231,1,32.0,25.0,27.5,37.9,25.0,30.1,24.7
Chaguanas,2017-05-30,75.5,0.508,86.0,96.7,1014.9,46.9,6.6,252.9,21.7,20548,66248,1,32.2,25.8,28.5,36.8,25.8,31.2,23.5
Chaguanas,2017-05-31,80.8,4.0893999999999995,18.3,113.2,1014.9,42.8,6.9,257.9,22.2,20549,66264,1,33.0,24.9,27.6,37.4,24.9,29.2,23.6
Chaguanas,2017-06-01,77.7,2.9972,21.9,108.2,1014.4,44.8,7.1,270.2,23.6,20551,66280,1,33.0,24.0,27.9,37.1,24.0,30.0,23.2
Chaguanas,2017-06-02,87.3,13.9954,17.2,102.0,1013.7,48.7,6.5,165.8,14.4,20553,66297,1,30.9,24.0,26.6,36.6,24.0,28.1,24.2
Chaguanas,2017-06-03,88.7,5.715,18.3,110.8,1013.4,48.9,6.1,215.3,18.6,20557,66313,1,30.8,25.0,27.2,37.1,25.0,29.7,25.1
Chaguanas,2017-06-04,86.5,7.213599999999999,18.3,99.6,1013.0,56.2,6.6,264.7,22.8,20561,66330,1,33.0,25.0,27.6,39.3,25.0,30.2,24.9
Chaguanas,2017-06-05,85.4,58.6994,19.7,97.0,1012.7,55.3,5.8,172.8,14.8,20565,66346,1,30.8,24.0,26.6,35.2,24.0,28.6,23.8
Chaguanas,2017-06-06,83.0,0.0,19.7,99.9,1011.8,52.6,6.8,155.0,13.4,20571,66362,0,31.0,25.9,27.4,37.8,25.9,29.8,24.2
Chaguanas,2017-06-07,80.6,2.3876,20.8,98.1,1011.8,52.2,6.9,249.0,21.4,20576,66379,1,32.0,25.8,28.2,37.9,25.8,31.0,24.3
Chaguanas,2017-06-08,74.1,0.0,18.3,95.7,1012.4,45.2,7.3,273.7,23.7,20583,66395,0,32.8,25.0,28.6,36.9,25.0,31.1,23.1
Chaguanas,2017-06-09,80.4,4.3942,18.3,100.3,1013.9,56.4,7.2,247.2,21.1,20590,66411,1,32.0,25.0,27.6,37.9,25.0,29.7,23.7
Chaguanas,2017-06-10,84.2,11.5062,23.0,100.4,1014.6,50.2,6.5,226.4,19.7,20598,66427,1,30.0,25.0,27.2,36.2,25.0,29.6,24.2
Chaguanas,2017-06-11,80.7,4.8768,19.7,87.2,1013.2,44.5,6.9,258.2,22.3,20606,66443,1,32.1,24.9,27.7,37.1,24.9,29.7,23.8
Chaguanas,2017-06-12,79.2,0.3048,15.0,95.6,1012.3,41.1,7.2,223.1,19.3,20615,66459,1,32.0,24.9,27.8,36.7,24.9,30.1,23.6
Chaguanas,2017-06-13,86.9,12.2936,19.7,106.7,1012.8,52.6,6.9,178.0,15.4,20625,66474,1,30.2,24.0,26.9,36.4,24.0,29.2,24.5
Chaguanas,2017-06-14,83.6,8.991599999999998,16.1,111.7,1014.0,47.7,7.0,213.5,18.3,20635,66489,1,33.1,24.0,27.1,38.4,24.0,29.1,23.8
Chaguanas,2017-06-15,93.1,46.99,16.1,100.4,1014.1,51.4,5.8,199.6,17.1,20645,66504,1,27.8,24.0,25.2,32.1,24.0,25.7,24.0
Chaguanas,2017-06-16,90.8,34.721799999999995,17.2,101.6,1013.7,50.4,6.4,214.8,18.6,20656,66519,1,29.0,23.0,25.6,33.6,23.0,26.4,23.8
Chaguanas,2017-06-17,84.4,10.2108,18.3,104.3,1012.7,37.7,7.1,233.7,20.2,20667,66533,1,32.0,23.0,26.7,37.9,23.0,28.6,23.7
Chaguanas,2017-06-18,86.2,6.5024,19.7,104.5,1011.8,46.0,7.1,208.9,18.0,20679,66548,1,30.0,24.0,27.0,35.9,24.0,29.3,24.4
Chaguanas,2017-06-19,85.0,10.7188,21.9,96.1,1011.8,51.1,6.6,202.0,17.3,20691,66561,1,32.0,23.8,26.4,36.8,23.8,27.8,23.6
Chaguanas,2017-06-20,91.1,73.3044,28.9,113.2,1013.4,62.6,5.0,133.3,11.4,20704,66575,1,30.0,23.9,25.8,35.1,23.9,27.1,24.1
Chaguanas,2017-06-21,78.7,0.0,19.7,97.8,1013.0,32.1,6.9,272.2,23.5,20717,66588,0,32.0,24.8,27.7,37.9,24.8,30.3,23.5
Chaguanas,2017-06-22,73.7,0.0,15.0,110.0,1012.4,27.4,7.4,294.2,25.4,20730,66600,0,33.0,23.0,27.6,36.2,23.0,29.2,22.1
Chaguanas,2017-06-23,91.4,41.9862,16.1,112.9,1012.2,43.7,5.8,235.4,20.1,20744,66612,1,29.0,23.0,25.2,33.7,23.0,26.2,23.7
Chaguanas,2017-06-24,82.3,7.213599999999999,16.1,102.3,1013.9,47.3,7.0,187.1,16.0,20757,66624,1,31.2,23.7,27.2,37.8,23.7,29.6,23.7
Chaguanas,2017-06-25,89.2,12.014199999999999,18.3,93.9,1014.1,53.1,6.5,160.4,13.7,20772,66635,1,31.0,24.0,26.4,37.8,24.0,28.0,24.4
Chaguanas,2017-06-26,75.5,0.0,18.3,103.5,1013.2,35.0,6.5,278.2,24.1,20786,66645,0,32.2,25.7,28.3,37.9,25.7,30.7,23.3
Chaguanas,2017-06-27,79.8,2.0065999999999997,18.3,87.5,1012.2,44.2,6.2,236.2,20.3,20801,66656,1,32.0,23.8,27.2,35.3,23.8,28.7,23.1
Chaguanas,2017-06-28,89.0,34.5948,13.9,102.8,1012.1,46.9,7.0,211.2,18.2,20815,66665,1,30.0,25.0,26.8,36.2,25.0,29.0,24.8
Chaguanas,2017-06-29,83.3,5.9944,16.1,120.2,1013.8,42.7,7.1,192.3,16.5,20830,66674,1,32.0,25.0,27.8,39.2,25.0,30.7,24.6
Chaguanas,2017-06-30,83.0,0.9905999999999999,17.2,94.5,1014.7,42.5,7.2,205.2,17.7,20845,66682,1,32.2,24.7,27.4,38.3,24.7,29.7,24.1
Chaguanas,2017-07-01,85.9,13.0048,13.9,106.8,1015.0,40.9,7.0,219.7,19.0,20861,66690,1,31.8,24.2,27.1,39.1,24.2,29.5,24.4
Chaguanas,2017-07-02,85.1,24.993599999999997,20.8,80.7,1015.4,41.2,7.2,219.9,18.9,20876,66697,1,32.0,24.0,27.1,37.9,24.0,29.1,24.1
Chaguanas,2017-07-03,81.5,0.0,17.2,78.1,1014.2,40.0,7.0,250.8,21.8,20891,66704,0,33.0,24.0,27.3,37.1,24.0,29.3,23.6
Chaguanas,2017-07-04,77.2,0.0,15.0,112.4,1013.9,28.0,7.6,283.1,24.3,20907,66709,0,33.0,23.8,27.9,37.1,23.8,30.2,23.1
Chaguanas,2017-07-05,83.2,8.991599999999998,23.0,96.8,1014.6,42.6,6.1,225.4,19.4,20922,66714,1,31.0,24.8,27.0,37.2,24.8,29.1,23.8
Chaguanas,2017-07-06,78.2,0.1016,16.1,96.0,1014.4,40.7,7.1,221.0,19.1,20938,66719,1,32.0,24.0,27.8,37.9,24.0,30.1,23.4
Chaguanas,2017-07-07,85.4,42.011599999999994,13.9,96.7,1014.4,43.1,7.3,210.5,18.2,20953,66723,1,31.0,24.8,26.9,36.6,24.8,28.7,24.1
Chaguanas,2017-07-08,80.6,2.0065999999999997,16.1,107.2,1014.1,37.9,8.2,256.8,22.0,20968,66725,1,32.0,24.0,27.8,37.9,24.0,30.5,23.9
Chaguanas,2017-07-09,80.4,0.0,16.1,103.2,1014.0,35.5,7.7,238.5,20.6,20984,66728,0,33.1,24.8,28.4,40.7,24.8,32.1,24.4
Chaguanas,2017-07-10,75.4,0.0,18.3,96.4,1013.9,30.9,6.9,272.2,23.3,20999,66729,0,33.1,25.7,28.8,38.3,25.7,32.0,23.8
Chaguanas,2017-07-11,76.5,0.0,15.0,104.7,1013.4,29.4,6.9,254.0,21.9,21014,66730,0,34.0,24.6,28.7,40.6,24.6,31.8,23.8
Chaguanas,2017-07-12,87.1,21.996399999999998,18.3,89.7,1014.3,44.2,6.6,224.4,19.2,21029,66730,1,32.0,25.0,26.7,37.9,25.0,28.2,24.2
Chaguanas,2017-07-13,85.6,2.8956,16.3,106.7,1014.2,43.0,6.7,197.0,16.9,21044,66729,1,31.1,24.0,27.1,37.9,24.0,29.7,24.3
Chaguanas,2017-07-14,87.0,10.0076,10.3,146.0,1013.9,45.6,7.3,201.6,17.4,21058,66727,1,32.0,23.9,26.7,37.9,23.9,29.1,24.3
Chaguanas,2017-07-15,78.6,0.0,13.9,107.3,1013.4,47.8,7.7,202.1,17.5,21073,66725,0,33.0,24.0,28.1,39.3,24.0,31.0,23.7
Chaguanas,2017-07-16,77.0,0.0,16.1,105.2,1013.1,37.2,7.5,215.0,18.5,21087,66721,0,33.0,23.9,28.1,37.7,23.9,30.9,23.4
Chaguanas,2017-07-17,77.8,5.0038,13.9,114.5,1013.8,42.5,7.2,256.0,22.1,21101,66717,1,32.0,25.0,27.9,37.9,25.0,30.3,23.5
Chaguanas,2017-07-18,89.9,29.006799999999995,16.1,109.6,1013.9,48.9,6.3,238.5,20.4,21115,66712,1,32.0,23.0,25.7,37.9,23.0,27.2,23.8
Chaguanas,2017-07-19,86.1,9.398,16.1,108.3,1013.9,42.8,6.7,182.1,15.6,21128,66707,1,32.1,24.0,26.9,39.2,24.0,29.4,24.2
Chaguanas,2017-07-20,79.8,0.0,12.8,89.7,1013.7,44.3,7.1,275.3,23.8,21142,66700,0,31.8,23.8,27.2,36.4,23.8,28.9,23.1
Chaguanas,2017-07-21,89.6,6.7818,13.9,334.5,1014.2,48.3,7.0,239.8,20.6,21155,66693,1,29.8,24.0,26.3,35.6,24.0,28.2,24.4
Chaguanas,2017-07-22,87.8,3.9878,11.4,299.9,1014.4,43.9,6.7,236.2,20.5,21167,66684,1,32.0,24.0,26.9,37.9,24.0,29.3,24.6
Chaguanas,2017-07-23,86.6,19.304,7.0,151.5,1014.1,51.2,6.8,210.9,18.2,21180,66675,1,31.0,24.0,26.7,36.6,24.0,28.8,24.2
Chaguanas,2017-07-24,86.7,6.400799999999999,13.9,88.8,1014.5,48.5,7.1,244.5,21.0,21192,66665,1,31.0,23.9,26.7,37.8,23.9,29.2,24.2
Chaguanas,2017-07-25,89.5,28.524199999999997,12.8,106.7,1014.4,50.5,6.5,245.5,21.2,21203,66654,1,31.0,23.7,25.9,36.6,23.7,27.1,24.0
Chaguanas,2017-07-26,79.7,0.0,18.3,112.7,1013.3,40.3,7.6,242.7,21.0,21215,66643,0,33.8,22.0,27.2,38.7,22.0,29.5,23.0
Chaguanas,2017-07-27,77.6,0.0,13.9,103.7,1012.3,41.9,7.5,203.8,17.6,21226,66630,0,34.0,24.7,28.6,40.6,24.7,31.6,23.9
Chaguanas,2017-07-28,78.6,0.0,17.2,107.8,1012.8,42.5,7.5,253.9,21.8,21236,66617,0,33.0,25.0,28.6,40.7,25.0,32.2,24.2
Chaguanas,2017-07-29,80.3,3.9878,16.1,111.5,1013.8,47.8,6.8,249.5,21.5,21246,66603,1,33.9,24.0,27.9,40.6,24.0,30.4,23.9
Chaguanas,2017-07-30,88.0,12.090399999999999,16.1,94.5,1015.4,47.8,6.6,221.8,19.2,21256,66588,1,30.0,23.0,25.2,34.1,23.0,25.7,23.1
Chaguanas,2017-07-31,78.5,3.9878,12.8,92.5,1014.5,45.8,7.1,222.4,19.1,21266,66572,1,34.0,25.0,28.2,39.4,25.0,31.2,23.9
Chaguanas,2017-08-01,79.1,0.2032,13.9,99.8,1012.5,38.2,7.1,247.9,21.4,21275,66555,1,34.0,24.0,27.9,38.3,24.0,30.3,23.6
Chaguanas,2017-08-02,86.2,50.9778,9.2,345.2,1012.3,44.8,6.9,212.9,18.4,21283,66538,1,32.0,24.0,26.9,39.2,24.0,29.1,24.2
Chaguanas,2017-08-03,93.5,22.1996,10.3,96.5,1014.3,48.7,6.7,158.6,13.7,21292,66520,1,26.0,24.0,25.1,26.0,24.0,25.1,24.0
Chaguanas,2017-08-04,80.6,3.9115999999999995,12.8,118.0,1015.4,54.2,7.7,189.5,16.3,21299,66501,1,33.0,23.0,27.4,39.3,23.0,30.1,23.5
Chaguanas,2017-08-05,83.8,0.508,9.2,102.8,1013.9,48.2,7.2,233.0,20.1,21307,66481,1,33.0,24.9,27.1,37.1,24.9,28.9,23.9
Chaguanas,2017-08-06,76.2,0.7111999999999999,12.8,96.0,1012.8,46.7,7.8,250.3,21.7,21314,66460,1,33.0,24.0,28.5,39.3,24.0,31.6,23.6
Chaguanas,2017-08-07,77.8,0.0,16.1,98.0,1012.6,33.3,7.6,256.6,22.0,21320,66439,0,34.0,24.0,28.7,40.6,24.0,32.3,24.1
Chaguanas,2017-08-08,75.7,0.0,13.9,104.5,1012.5,35.6,7.3,252.7,21.8,21327,66417,0,34.1,24.9,29.1,40.9,24.9,32.6,23.9
Chaguanas,2017-08-09,91.8,37.0078,11.4,102.7,1013.7,57.7,5.2,206.6,17.8,21332,66394,1,31.0,24.0,25.8,37.8,24.0,26.9,24.3
Chaguanas,2017-08-10,88.1,40.9956,16.1,97.9,1014.2,57.5,6.4,249.3,21.4,21338,66371,1,33.0,23.9,26.3,40.6,23.9,27.7,24.0
Chaguanas,2017-08-11,81.3,0.1016,16.1,91.0,1012.9,35.6,7.5,242.8,20.9,21343,66346,1,33.1,24.0,27.8,39.3,24.0,30.6,23.9
Chaguanas,2017-08-12,77.1,0.0,16.1,102.8,1012.7,35.4,7.0,238.6,20.6,21347,66321,0,34.0,24.0,28.7,39.9,24.0,31.7,23.8
Chaguanas,2017-08-13,79.6,0.6096,18.3,96.8,1012.9,35.4,7.1,241.8,20.9,21351,66296,1,33.0,24.0,28.2,40.6,24.0,31.4,24.1
Chaguanas,2017-08-14,73.5,0.0,16.1,100.0,1011.7,35.2,7.5,277.5,24.0,21355,66269,0,34.0,24.9,29.2,40.3,24.9,32.3,23.6
Chaguanas,2017-08-15,77.6,0.8128,16.1,108.2,1010.9,39.2,6.4,234.2,20.2,21358,66242,1,34.0,25.0,28.8,40.6,25.0,32.3,24.2
Chaguanas,2017-08-16,81.1,1.397,12.8,115.2,1011.4,36.0,6.7,261.6,22.6,21361,66215,1,33.1,24.7,28.0,40.8,24.7,31.2,24.2
Chaguanas,2017-08-17,75.4,0.0,16.1,98.1,1011.4,42.1,7.4,258.9,22.3,21364,66186,0,35.0,25.0,29.0,39.7,25.0,31.7,23.7
Chaguanas,2017-08-18,78.6,19.9898,11.4,337.8,1009.7,44.9,6.8,235.9,20.6,21366,66157,1,33.0,24.9,28.3,38.1,24.9,31.4,23.9
Chaguanas,2017-08-19,73.7,0.0,16.1,113.6,1009.8,34.0,7.2,283.4,24.6,21368,66128,0,35.0,25.0,29.4,40.7,25.0,32.9,23.8
Chaguanas,2017-08-20,86.8,43.1038,16.1,98.4,1012.0,43.4,6.3,204.2,17.6,21369,66098,1,31.0,24.0,26.8,37.8,24.0,29.1,24.4
Chaguanas,2017-08-21,78.1,0.0,13.9,109.9,1013.4,36.9,7.6,251.7,21.8,21370,66067,0,34.8,24.0,28.6,41.6,24.0,31.9,24.0
Chaguanas,2017-08-22,79.3,1.9811999999999999,11.4,116.2,1012.9,39.2,7.2,272.8,23.8,21371,66036,1,33.0,24.9,28.2,39.3,24.9,31.2,24.1
Chaguanas,2017-08-23,73.6,0.2032,11.4,94.9,1011.3,25.0,7.3,284.5,24.5,21371,66004,1,35.0,23.9,28.6,40.7,23.9,31.6,22.9
Chaguanas,2017-08-24,73.0,0.0,17.2,102.7,1011.3,35.7,7.3,229.1,19.8,21371,65972,0,34.8,25.0,29.3,40.6,25.0,32.6,23.6
Chaguanas,2017-08-25,70.9,0.0,15.0,89.7,1011.5,41.5,6.8,269.5,23.1,21371,65939,0,34.9,24.0,29.1,38.4,24.0,31.5,22.7
Chaguanas,2017-08-26,80.2,0.0,18.3,95.4,1011.2,45.8,7.0,219.3,19.0,21370,65905,0,32.7,24.0,27.4,38.9,24.0,29.9,23.6
Chaguanas,2017-08-27,83.9,2.9972,15.0,113.5,1011.2,54.4,6.7,192.8,16.6,21370,65872,1,32.0,24.0,26.9,38.2,24.0,29.2,23.7
Chaguanas,2017-08-28,75.7,0.0,15.0,106.4,1011.8,38.6,7.0,274.8,23.6,21368,65838,0,34.0,25.8,29.1,40.6,25.8,32.3,24.0
Chaguanas,2017-08-29,84.4,29.006799999999995,11.4,254.7,1012.7,40.2,6.9,246.6,21.2,21367,65803,1,32.0,24.0,26.9,37.9,24.0,28.7,23.9
Chaguanas,2017-08-30,88.4,8.001,12.8,92.4,1012.6,45.0,6.7,140.2,12.1,21365,65768,1,30.0,24.0,26.2,35.1,24.0,27.8,24.1
Chaguanas,2017-08-31,89.1,29.006799999999995,11.4,72.9,1013.8,50.4,6.9,211.7,18.4,21363,65733,1,30.0,24.0,26.0,36.2,24.0,27.4,24.0
Chaguanas,2017-09-01,84.9,0.6096,11.4,76.7,1014.0,38.1,11.8,264.6,22.8,21361,65697,1,28.8,23.8,26.7,33.4,23.8,28.4,23.9
Chaguanas,2017-09-02,83.0,0.6096,13.9,102.3,1014.0,40.8,10.7,253.3,21.8,21359,65661,1,30.7,23.6,27.2,36.4,23.6,29.6,23.9
Chaguanas,2017-09-03,87.7,2.9972,7.2,116.3,1013.8,40.0,8.5,251.7,21.7,21356,65624,1,29.6,24.7,26.7,35.5,24.7,28.6,24.4
Chaguanas,2017-09-04,81.8,0.0,10.3,162.5,1011.5,34.1,7.3,269.5,23.2,21353,65588,0,34.8,23.0,27.7,41.6,23.0,30.8,24.0
Chaguanas,2017-09-05,79.7,0.0,13.9,283.8,1010.3,36.5,7.1,281.1,24.4,21350,65550,0,33.2,23.0,28.2,39.6,23.0,31.6,24.0
Chaguanas,2017-09-06,82.4,5.0038,5.8,160.2,1011.5,46.8,6.6,204.4,17.8,21347,65513,1,32.0,24.0,26.8,37.9,24.0,28.6,23.4
Chaguanas,2017-09-07,76.7,0.7111999999999999,11.4,110.9,1011.9,44.7,7.6,202.8,17.6,21343,65476,1,34.0,23.9,28.1,39.2,23.9,30.4,23.1
Chaguanas,2017-09-08,82.6,0.2032,12.8,136.1,1010.5,43.0,7.1,176.0,15.3,21340,65438,1,33.1,24.8,27.6,40.3,24.8,30.3,24.2
Chaguanas,2017-09-09,81.5,3.9878,10.3,113.7,1010.2,42.4,7.2,246.9,21.3,21336,65400,1,33.8,24.0,28.3,41.8,24.0,32.2,24.6
Chaguanas,2017-09-10,73.1,0.0,12.8,101.2,1011.3,32.2,7.7,286.1,24.9,21333,65362,0,34.2,25.0,29.4,39.3,25.0,32.6,23.6
Chaguanas,2017-09-11,88.9,19.9898,8.1,315.8,1010.7,56.0,6.2,168.5,14.7,21329,65324,1,31.0,25.0,26.9,37.6,25.0,29.0,24.8
Chaguanas,2017-09-12,79.9,0.0,9.2,123.6,1011.0,46.1,7.7,197.6,17.0,21325,65285,0,34.0,25.0,28.5,40.6,25.0,31.9,24.4
Chaguanas,2017-09-13,80.4,6.095999999999999,8.1,104.6,1012.8,45.4,7.3,174.3,15.1,21321,65247,1,33.0,23.9,27.2,38.1,23.9,29.3,23.3
Chaguanas,2017-09-14,76.6,0.0,10.3,113.3,1013.6,44.5,7.2,225.4,19.5,21317,65208,0,35.0,26.0,29.1,40.7,26.0,32.3,24.1
Chaguanas,2017-09-15,74.8,0.0,12.8,88.6,1013.0,35.4,7.4,238.1,20.6,21313,65169,0,35.0,25.0,29.0,39.6,25.0,31.8,23.6
Chaguanas,2017-09-16,78.1,0.508,16.1,97.5,1012.1,40.0,7.5,265.7,23.1,21309,65131,1,34.0,25.0,28.8,40.7,25.0,32.1,24.3
Chaguanas,2017-09-17,72.9,0.0,13.9,357.6,1010.8,37.8,7.2,269.2,23.3,21305,65092,0,36.0,23.0,28.8,40.8,23.0,31.1,22.7
Chaguanas,2017-09-18,77.1,0.0,10.3,248.1,1010.2,49.4,7.3,221.6,19.3,21301,65053,0,32.1,25.0,28.3,38.1,25.0,31.3,23.7
Chaguanas,2017-09-19,85.5,2.0065999999999997,8.1,129.1,1011.9,47.7,6.5,143.4,12.4,21297,65014,1,31.0,25.0,27.0,36.7,25.0,28.8,24.3
Chaguanas,2017-09-20,87.5,23.0124,8.1,104.6,1011.9,39.8,7.3,232.0,20.0,21293,64975,1,32.8,25.0,27.3,40.4,25.0,29.8,24.9
Chaguanas,2017-09-21,82.7,0.3048,10.7,117.3,1011.4,71.6,11.8,246.3,21.2,21289,64937,1,32.3,25.2,28.0,39.2,25.2,31.8,24.7
Chaguanas,2017-09-22,82.6,0.7111999999999999,12.1,114.1,1011.6,74.7,7.1,249.5,21.4,21285,64898,1,32.0,25.8,28.2,39.2,25.8,31.9,24.8
Chaguanas,2017-09-23,88.2,4.699,11.6,94.2,1012.1,51.2,6.6,210.6,18.3,21282,64860,1,30.8,25.0,26.6,38.4,25.0,27.9,24.4
Chaguanas,2017-09-24,90.4,10.287,16.1,89.6,1013.0,53.4,6.8,198.8,17.1,21278,64821,1,31.0,24.0,25.9,37.8,24.0,26.8,24.1
Chaguanas,2017-09-25,86.8,21.005799999999997,11.4,105.2,1012.8,61.7,5.9,223.4,19.2,21275,64783,1,32.0,24.0,25.9,39.2,24.0,27.3,23.4
Chaguanas,2017-09-26,78.0,0.0,17.2,94.8,1011.9,34.4,5.2,248.5,21.5,21272,64745,0,33.7,24.0,28.3,39.1,24.0,31.2,23.7
Chaguanas,2017-09-27,89.5,9.423399999999999,8.1,103.6,1010.7,47.4,6.2,172.4,14.9,21269,64707,1,30.0,24.0,26.0,36.2,24.0,27.3,24.1
Chaguanas,2017-09-28,86.4,40.1066,16.1,94.8,1010.6,57.3,6.2,206.6,17.9,21266,64670,1,33.0,23.0,27.2,40.6,23.0,29.8,24.5
Chaguanas,2017-09-29,88.6,5.9944,11.6,102.2,1011.7,46.7,6.8,178.6,15.7,21263,64632,1,31.0,23.8,26.7,39.1,23.8,28.4,24.6
Chaguanas,2017-09-30,84.1,0.0,12.8,100.9,1011.4,45.3,7.3,245.2,20.9,21261,64595,0,33.0,24.0,27.7,40.6,24.0,30.4,24.4
Chaguanas,2017-10-01,87.5,8.991599999999998,9.2,85.3,1009.3,48.7,6.8,203.9,17.7,21259,64559,1,33.0,24.0,26.7,40.6,24.0,28.8,24.3
Chaguanas,2017-10-02,86.1,9.017,11.4,86.9,1009.1,54.2,6.6,225.1,19.5,21257,64522,1,31.0,23.9,26.9,37.5,23.9,29.7,24.3
Chaguanas,2017-10-03,85.7,4.495799999999999,12.8,96.8,1009.4,49.8,7.1,237.1,20.4,21255,64486,1,31.6,24.8,27.5,39.0,24.8,30.4,24.7
Chaguanas,2017-10-04,81.5,0.3048,10.3,114.9,1010.5,48.4,6.5,224.4,19.2,21254,64450,1,33.0,24.8,28.4,40.6,24.8,32.0,24.7
Chaguanas,2017-10-05,76.4,0.0,15.0,109.9,1011.9,37.5,7.0,261.9,22.6,21253,64415,0,34.0,25.0,29.2,40.6,25.0,32.7,24.2
Chaguanas,2017-10-06,78.7,2.0065999999999997,10.3,100.7,1012.5,46.3,7.3,268.8,23.3,21253,64380,1,34.0,25.0,28.2,40.6,25.0,30.4,23.8
Chaguanas,2017-10-07,91.5,13.0048,11.4,17.8,1012.7,55.1,6.4,202.5,17.5,21252,64345,1,32.0,23.9,25.4,37.9,23.9,26.4,23.8
Chaguanas,2017-10-08,89.0,32.9946,11.4,82.2,1011.1,44.1,6.5,260.8,22.6,21252,64311,1,32.8,23.0,25.3,38.9,23.0,26.3,23.2
Chaguanas,2017-10-09,86.0,6.095999999999999,8.1,167.5,1010.1,39.9,7.4,234.9,20.5,21253,64278,1,31.0,22.8,26.2,36.6,22.8,28.1,23.5
Chaguanas,2017-10-10,80.2,0.7111999999999999,13.9,119.4,1010.2,42.8,7.6,266.9,23.0,21254,64245,1,33.2,24.0,28.3,40.6,24.0,31.8,24.3
Chaguanas,2017-10-11,76.0,0.0,13.9,107.9,1010.0,42.8,8.5,271.3,23.4,21255,64212,0,34.0,25.0,28.9,40.6,25.0,32.2,23.9
Chaguanas,2017-10-12,78.9,0.7111999999999999,18.3,101.1,1009.8,32.1,6.6,244.4,21.0,21257,64180,1,33.1,24.2,28.2,39.3,24.2,30.9,23.9
Chaguanas,2017-10-13,80.6,0.9905999999999999,17.2,106.2,1009.6,41.7,6.3,239.4,20.6,21259,64149,1,34.0,24.2,28.1,40.6,24.2,31.2,24.2
Chaguanas,2017-10-14,88.4,7.010400000000001,11.4,106.2,1010.6,40.7,6.5,218.5,18.9,21262,64118,1,32.0,24.0,26.6,37.9,24.0,27.9,24.4
Chaguanas,2017-10-15,90.4,6.985,12.8,103.1,1011.9,54.4,6.3,210.9,18.3,21265,64088,1,29.0,24.0,25.8,34.6,24.0,27.1,24.1
Chaguanas,2017-10-16,80.4,0.0,18.3,112.0,1012.7,50.0,7.6,237.6,20.7,21269,64058,0,34.0,25.0,28.5,40.6,25.0,31.9,24.5
Chaguanas,2017-10-17,78.9,0.0,17.2,106.8,1012.8,42.5,7.1,236.9,20.5,21273,64029,0,34.0,26.0,28.7,40.6,26.0,31.9,24.3
Chaguanas,2017-10-18,95.8,64.1096,11.4,109.8,1012.5,57.3,5.2,66.9,5.8,21278,64001,1,27.0,23.0,24.6,30.7,23.0,24.7,23.8
Chaguanas,2017-10-19,93.1,31.2166,17.2,107.1,1012.4,58.4,5.1,55.6,4.6,21283,63973,1,28.0,24.0,25.2,31.9,24.0,25.9,24.0
Chaguanas,2017-10-20,92.3,38.5064,17.2,110.7,1011.9,55.1,5.7,150.0,13.0,21289,63947,1,28.8,24.0,25.3,33.2,24.0,26.3,23.9
Chaguanas,2017-10-21,88.3,21.920199999999998,16.1,109.7,1012.1,50.2,6.2,193.1,16.8,21295,63920,1,31.0,23.8,26.5,39.1,23.8,28.7,24.3
Chaguanas,2017-10-22,84.6,9.6012,13.9,95.0,1013.1,44.0,6.0,226.3,19.6,21303,63895,1,32.0,24.0,27.0,39.1,24.0,29.1,24.1
Chaguanas,2017-10-23,83.6,0.7874,16.1,103.9,1011.8,41.1,6.8,205.6,17.7,21310,63871,1,31.1,24.0,26.8,36.9,24.0,28.9,23.7
Chaguanas,2017-10-24,88.2,0.6096,11.4,103.0,1011.2,46.6,6.4,162.9,14.1,21318,63847,1,31.0,24.0,26.2,35.8,24.0,27.6,23.9
Chaguanas,2017-10-25,82.3,0.0,8.1,124.4,1011.3,41.7,7.0,204.5,17.8,21327,63824,0,32.0,24.0,27.2,37.9,24.0,29.3,23.7
Chaguanas,2017-10-26,83.6,0.0,10.3,116.7,1011.3,46.9,7.4,150.3,13.0,21337,63802,0,31.0,24.0,26.8,37.8,24.0,28.7,23.6
Chaguanas,2017-10-27,80.6,0.0,12.8,107.2,1010.7,40.4,7.9,204.8,17.7,21347,63781,0,32.0,24.0,27.4,36.8,24.0,29.9,23.6
Chaguanas,2017-10-28,84.4,0.0,12.8,104.4,1010.6,41.1,7.6,220.4,19.0,21358,63761,0,31.0,24.7,27.4,36.6,24.7,30.1,24.4
Chaguanas,2017-10-29,81.7,0.0,11.4,101.2,1010.1,40.2,6.8,179.5,15.6,21369,63741,0,31.8,25.0,27.9,37.4,25.0,30.7,24.3
Chaguanas,2017-10-30,87.3,2.9972,13.9,106.5,1010.8,47.6,6.8,199.7,17.2,21381,63723,1,28.0,24.8,25.8,31.6,24.8,26.6,23.5
Chaguanas,2017-10-31,86.3,10.5918,12.8,111.1,1010.4,48.5,6.7,203.5,17.6,21394,63705,1,30.9,23.2,26.0,36.1,23.2,27.3,23.4
Chaguanas,2017-11-01,82.6,0.4064,13.9,98.7,1010.9,51.0,7.0,228.7,19.6,21407,63689,1,32.0,23.0,26.3,35.8,23.0,27.6,22.8
Chaguanas,2017-11-02,80.5,0.9905999999999999,13.9,104.7,1010.7,59.0,7.2,204.1,17.8,21421,63673,1,32.0,24.0,26.8,37.9,24.0,28.5,22.9
Chaguanas,2017-11-03,90.6,0.0,13.9,98.9,1010.4,53.1,7.5,158.3,13.8,21436,63659,0,28.0,23.9,25.4,31.9,23.9,26.2,23.7
Chaguanas,2017-11-04,85.9,0.0,12.8,105.9,1010.6,44.7,6.7,145.2,12.5,21451,63645,0,30.0,23.8,26.4,36.2,23.8,28.6,23.8
Chaguanas,2017-11-05,84.5,8.407399999999999,13.9,110.0,1011.5,43.5,7.2,242.3,21.0,21467,63632,1,31.8,24.0,27.4,36.7,24.0,30.2,24.3
Chaguanas,2017-11-06,90.1,7.594599999999999,10.3,84.2,1012.2,74.4,6.3,163.4,14.0,21484,63621,1,30.0,24.0,25.9,36.2,24.0,27.1,24.2
Chaguanas,2017-11-07,86.7,8.991599999999998,17.2,102.6,1010.2,68.0,6.6,164.4,14.2,21502,63610,1,30.0,24.6,26.7,36.2,24.6,28.4,24.2
Chaguanas,2017-11-08,82.2,2.0065999999999997,15.0,102.2,1009.3,41.8,6.5,236.0,20.4,21520,63601,1,31.2,24.7,27.2,36.6,24.7,29.2,23.7
Chaguanas,2017-11-09,79.6,0.9905999999999999,13.9,110.7,1009.6,34.7,6.3,253.0,21.7,21538,63592,1,31.7,23.9,27.2,35.5,23.9,29.2,23.2
Chaguanas,2017-11-10,87.2,11.302999999999999,15.0,97.0,1009.2,47.6,6.5,222.5,19.3,21558,63585,1,29.1,23.9,26.0,34.6,23.9,27.6,23.7
Chaguanas,2017-11-11,82.6,0.7874,16.1,96.7,1009.4,36.5,7.3,233.8,20.3,21578,63579,1,31.1,23.0,27.0,36.6,23.0,29.2,23.6
Chaguanas,2017-11-12,80.0,0.0,17.2,95.8,1010.0,40.1,7.3,243.3,21.0,21599,63573,0,32.0,22.9,27.0,36.8,22.9,29.1,23.0
Chaguanas,2017-11-13,81.2,0.508,20.8,94.4,1009.8,41.9,7.1,240.8,20.8,21620,63569,1,32.0,24.7,27.3,37.9,24.7,29.4,23.7
Chaguanas,2017-11-14,85.4,0.2032,17.2,105.7,1009.2,53.5,7.1,221.4,19.1,21642,63566,1,32.4,25.0,27.2,39.4,25.0,29.4,24.3
Chaguanas,2017-11-15,84.3,0.9905999999999999,13.9,103.9,1009.9,47.1,7.2,229.6,19.8,21665,63564,1,31.0,24.0,26.8,36.2,24.0,28.7,23.8
Chaguanas,2017-11-16,82.1,0.0,13.9,105.9,1010.1,46.1,7.3,219.9,19.1,21688,63563,0,32.0,25.0,27.7,37.9,25.0,30.4,24.2
Chaguanas,2017-11-17,78.9,0.1016,13.9,113.3,1009.6,44.7,7.5,228.6,19.7,21712,63563,1,32.1,25.0,27.9,36.6,25.0,30.3,23.7
Chaguanas,2017-11-18,80.2,0.0,17.2,109.2,1008.8,43.1,7.7,223.0,19.2,21737,63564,0,32.0,24.8,27.6,36.8,24.8,29.9,23.6
Chaguanas,2017-11-19,83.0,0.1016,18.3,99.9,1009.2,49.4,6.6,228.7,19.8,21762,63567,1,32.0,24.9,27.4,39.1,24.9,29.8,24.1
Chaguanas,2017-11-20,86.6,24.002999999999997,18.3,97.8,1010.0,45.5,6.6,208.1,18.0,21787,63570,1,31.0,24.0,26.2,36.6,24.0,27.4,23.7
Chaguanas,2017-11-21,94.2,13.0048,13.9,100.5,1010.9,52.7,6.5,161.0,13.8,21813,63574,1,27.0,23.7,24.7,30.7,23.7,24.9,23.7
Chaguanas,2017-11-22,85.4,2.0065999999999997,18.3,98.7,1011.0,38.9,7.1,244.9,21.1,21840,63580,1,30.1,23.0,26.4,36.2,23.0,28.6,23.6
Chaguanas,2017-11-23,80.5,0.0,12.8,107.6,1010.7,25.0,7.5,241.6,20.9,21867,63586,0,32.0,22.0,26.7,36.8,22.0,28.5,22.7
Chaguanas,2017-11-24,86.2,2.0065999999999997,18.3,94.8,1011.1,44.1,7.3,194.7,16.8,21895,63594,1,30.0,22.0,26.2,35.7,22.0,28.1,23.6
Chaguanas,2017-11-25,77.7,0.1016,11.4,105.3,1012.2,37.1,8.3,214.1,18.7,21923,63603,1,32.0,25.0,27.8,37.8,25.0,29.8,23.2
Chaguanas,2017-11-26,80.2,0.1016,13.9,112.6,1011.9,33.0,8.9,223.1,19.3,21952,63613,1,31.3,24.0,27.2,36.7,24.0,29.3,23.3
Chaguanas,2017-11-27,82.3,2.0065999999999997,17.2,105.1,1011.9,37.2,7.3,192.4,16.6,21981,63623,1,30.1,24.1,26.5,35.1,24.1,28.2,23.2
Chaguanas,2017-11-28,78.7,0.0,17.2,105.7,1012.6,38.9,7.9,243.7,21.3,22010,63635,0,31.1,22.8,26.4,35.5,22.8,27.9,22.2
Chaguanas,2017-11-29,74.9,0.0,13.9,105.2,1011.4,34.4,7.6,229.6,20.0,22040,63648,0,31.1,22.0,26.8,34.4,22.0,28.3,21.7
Chaguanas,2017-11-30,88.0,5.0038,11.4,121.3,1010.2,47.7,7.3,144.6,12.6,22070,63662,1,31.0,24.0,26.3,36.6,24.0,27.7,24.1
Chaguanas,2017-12-01,84.6,0.6096,18.3,107.0,1009.7,44.1,7.0,182.4,15.6,22100,63677,1,31.0,23.2,27.0,36.6,23.2,29.1,23.9
Chaguanas,2017-12-02,80.2,0.0,16.1,101.5,1009.9,31.5,6.9,231.0,19.9,22131,63692,0,31.0,24.0,27.2,36.6,24.0,29.3,23.3
Chaguanas,2017-12-03,89.4,26.0096,23.0,85.1,1010.3,54.2,6.4,177.9,15.3,22162,63709,1,29.0,24.0,25.5,33.6,24.0,26.3,23.6
Chaguanas,2017-12-04,85.5,0.2032,16.1,105.8,1011.4,44.7,7.1,91.0,7.9,22193,63727,1,31.0,24.0,27.1,36.6,24.0,29.7,24.3
Chaguanas,2017-12-05,86.5,14.985999999999999,18.3,89.6,1012.2,46.5,7.1,182.8,15.9,22224,63745,1,30.0,24.9,26.8,36.2,24.9,28.9,24.3
Chaguanas,2017-12-06,83.4,6.095999999999999,18.3,103.8,1012.2,42.5,6.2,215.5,18.7,22256,63765,1,31.0,23.0,26.9,37.1,23.0,28.6,23.6
Chaguanas,2017-12-07,81.1,0.0,23.0,104.5,1011.8,49.4,7.1,228.2,19.7,22288,63785,0,31.0,23.0,26.7,34.6,23.0,28.2,22.9
Chaguanas,2017-12-08,80.4,0.0,19.7,103.5,1012.1,43.2,7.4,221.6,19.2,22319,63806,0,32.0,22.0,26.4,35.8,22.0,27.8,22.4
Chaguanas,2017-12-09,87.0,2.9972,17.2,95.6,1012.3,47.5,6.0,204.0,17.5,22351,63828,1,29.0,24.0,25.6,32.8,24.0,26.7,23.2
Chaguanas,2017-12-10,85.2,12.115799999999998,16.1,101.7,1011.3,51.3,7.0,196.7,17.0,22383,63851,1,30.0,22.7,25.8,34.2,22.7,27.1,22.9
Chaguanas,2017-12-11,76.0,0.0,10.3,106.2,1010.8,35.0,7.3,220.7,19.2,22415,63874,0,32.0,20.0,25.3,34.9,20.0,26.2,20.4
Chaguanas,2017-12-12,81.7,2.9972,50.2,100.3,1011.9,51.3,7.3,203.0,17.6,22447,63899,1,30.1,21.0,24.8,33.3,21.0,25.6,21.3
Chaguanas,2017-12-13,86.5,0.0,18.3,94.7,1013.4,55.9,6.4,190.5,16.5,22479,63923,0,30.0,23.0,25.4,34.2,23.0,26.6,22.8
Chaguanas,2017-12-14,80.1,10.1092,19.7,98.6,1013.3,27.6,6.3,225.4,19.7,22510,63949,1,31.1,23.0,26.8,35.5,23.0,28.6,22.8
Chaguanas,2017-12-15,72.8,0.0,25.3,96.3,1013.7,29.6,6.8,234.0,20.1,22542,63975,0,31.0,23.0,26.7,34.6,23.0,27.8,21.1
Chaguanas,2017-12-16,78.4,0.4064,17.2,88.2,1013.1,36.7,6.9,225.5,19.5,22573,64002,1,31.0,21.0,25.6,33.8,21.0,26.7,21.3
Chaguanas,2017-12-17,80.5,1.016,18.3,92.6,1012.8,37.7,7.4,208.2,18.0,22604,64030,1,31.1,22.0,25.6,34.4,22.0,26.8,21.8
Chaguanas,2017-12-18,79.8,0.4064,19.7,85.9,1013.1,32.1,7.3,214.4,18.6,22635,64058,1,31.1,21.0,26.0,35.6,21.0,27.3,22.0
Chaguanas,2017-12-19,81.2,2.0065999999999997,23.0,86.8,1013.0,39.6,6.9,205.8,17.8,22666,64087,1,30.0,24.0,26.2,34.2,24.0,27.4,22.6
Chaguanas,2017-12-20,83.9,8.001,15.0,86.0,1012.2,41.3,6.8,203.1,17.5,22697,64116,1,30.0,20.9,25.9,34.7,20.9,27.1,22.9
Chaguanas,2017-12-21,78.5,0.508,18.3,103.6,1012.2,35.8,7.2,205.3,17.7,22727,64145,1,31.0,22.8,26.4,34.6,22.8,27.7,22.1
Chaguanas,2017-12-22,78.5,0.0,23.0,97.0,1012.8,34.7,7.1,198.9,17.3,22756,64176,0,31.0,22.0,26.3,35.5,22.0,27.9,22.1
Chaguanas,2017-12-23,77.4,2.0065999999999997,20.8,86.0,1012.7,35.1,7.1,201.4,17.4,22785,64206,1,30.0,23.0,26.0,33.3,23.0,27.0,21.6
Chaguanas,2017-12-24,79.0,0.9905999999999999,17.2,87.6,1012.8,33.1,7.0,216.1,18.6,22814,64237,1,30.0,22.0,25.6,33.3,22.0,26.5,21.4
Chaguanas,2017-12-25,82.2,0.8128,17.2,83.1,1012.1,49.0,6.6,200.4,17.3,22843,64268,1,30.0,21.0,25.3,33.3,21.0,26.3,21.8
Chaguanas,2017-12-26,87.2,17.8054,20.8,100.6,1012.2,53.6,6.3,169.3,14.7,22871,64300,1,30.1,23.0,25.6,35.1,23.0,26.4,23.2
Chaguanas,2017-12-27,92.4,12.5984,18.3,97.4,1012.2,63.4,5.9,123.5,10.7,22898,64331,1,29.1,22.9,24.6,33.6,22.9,25.2,23.2
Chaguanas,2017-12-28,96.4,10.998199999999999,16.1,102.7,1011.8,60.7,5.8,172.8,15.0,22925,64363,1,28.9,23.0,24.7,34.6,23.0,25.5,24.1
Chaguanas,2017-12-29,99.3,112.4712,16.1,98.5,1012.2,67.1,4.7,82.8,7.1,22951,64395,1,25.0,23.0,23.9,25.0,23.0,23.9,23.8
Chaguanas,2017-12-30,99.0,1.0921999999999998,18.3,105.9,1012.7,56.7,5.5,84.6,7.4,22976,64428,1,25.0,23.8,24.1,25.0,23.8,24.1,23.9
Chaguanas,2017-12-31,90.7,0.7111999999999999,16.1,107.8,1014.0,63.4,5.7,98.9,8.5,23001,64460,1,28.0,23.0,25.3,31.4,23.0,26.1,23.6
Chaguanas,2018-01-01,88.4,9.8806,18.3,106.6,1013.1,42.5,5.7,98.9,8.5,23025,64493,1,30.0,23.0,25.9,35.2,23.0,27.3,23.7
Chaguanas,2018-01-02,85.7,0.9905999999999999,17.2,102.0,1012.4,32.1,6.5,219.9,19.1,23049,64525,1,30.1,24.0,26.6,35.3,24.0,28.5,23.8
Chaguanas,2018-01-03,82.7,0.0,23.0,109.6,1012.6,37.1,6.5,214.4,18.6,23072,64558,0,30.2,23.0,26.3,34.7,23.0,27.8,22.9
Chaguanas,2018-01-04,81.0,0.0,16.1,102.0,1013.6,38.0,6.7,217.4,18.9,23093,64591,0,30.0,22.9,26.1,33.3,22.9,27.4,22.3
Chaguanas,2018-01-05,82.6,0.6096,13.9,123.2,1014.7,44.6,6.7,221.4,19.2,23115,64623,1,30.0,23.0,25.6,32.8,23.0,26.3,22.2
Chaguanas,2018-01-06,85.4,5.0038,17.2,113.5,1014.1,47.0,6.5,206.0,17.7,23135,64656,1,30.0,22.0,24.8,32.6,22.0,25.4,22.1
Chaguanas,2018-01-07,80.9,0.0,19.7,111.5,1013.1,41.5,6.3,202.6,17.5,23155,64688,0,30.0,22.2,25.6,33.1,22.2,26.7,21.8
Chaguanas,2018-01-08,77.4,0.0,15.0,108.9,1013.2,35.8,7.0,213.8,18.2,23173,64721,0,31.0,21.0,25.4,33.1,21.0,26.1,20.7
Chaguanas,2018-01-09,78.2,0.0,12.8,119.0,1013.3,37.1,6.7,223.6,19.3,23191,64753,0,30.0,21.0,25.2,32.6,21.0,26.0,20.8
Chaguanas,2018-01-10,86.1,5.9944,16.1,123.5,1013.5,57.4,6.2,201.2,17.5,23208,64785,1,30.0,22.9,25.1,34.2,22.9,26.2,22.5
Chaguanas,2018-01-11,87.5,0.9905999999999999,17.2,111.2,1014.4,50.9,6.8,198.7,17.0,23224,64817,1,28.0,24.0,25.3,31.3,24.0,26.1,23.0
Chaguanas,2018-01-12,89.1,6.1975999999999996,13.9,109.7,1013.8,51.5,6.7,182.6,15.8,23239,64848,1,30.0,22.0,24.8,34.2,22.0,25.6,22.8
Chaguanas,2018-01-13,85.8,7.594599999999999,16.1,106.9,1012.7,42.3,6.8,212.4,18.2,23253,64879,1,29.0,21.9,25.4,32.8,21.9,26.9,22.7
Chaguanas,2018-01-14,80.9,0.0,10.3,124.1,1012.1,49.4,7.2,208.2,18.0,23267,64910,0,31.0,22.8,25.9,34.6,22.8,27.1,22.1
Chaguanas,2018-01-15,84.5,0.7874,15.0,109.1,1012.7,45.5,6.2,199.1,17.2,23279,64941,1,29.0,22.0,25.2,34.6,22.0,26.2,22.3
Chaguanas,2018-01-16,90.9,14.020800000000001,17.2,108.1,1013.1,54.4,6.4,180.9,15.6,23290,64971,1,28.0,23.0,25.0,32.0,23.0,25.7,23.4
Chaguanas,2018-01-17,87.4,0.7874,13.9,109.9,1013.2,60.2,6.7,198.7,17.2,23300,65001,1,29.1,23.0,25.7,33.7,23.0,26.9,23.3
Chaguanas,2018-01-18,82.8,2.3114,17.2,108.8,1013.2,36.6,6.5,213.2,18.3,23310,65030,1,30.0,23.0,25.9,34.2,23.0,27.3,22.6
Chaguanas,2018-01-19,82.3,2.0065999999999997,13.9,113.8,1013.8,37.2,6.7,223.5,19.4,23318,65059,1,30.2,22.8,25.8,34.2,22.8,27.2,22.4
Chaguanas,2018-01-20,84.4,5.9944,18.3,110.9,1014.0,46.4,6.6,228.9,19.6,23325,65088,1,29.0,22.9,25.4,32.8,22.9,26.6,22.5
Chaguanas,2018-01-21,88.0,0.8128,9.2,110.5,1012.6,49.7,6.2,220.3,19.0,23331,65116,1,28.0,22.8,24.8,31.3,22.8,25.3,22.7
Chaguanas,2018-01-22,82.4,0.889,20.8,92.9,1011.9,49.3,6.9,235.5,20.2,23336,65143,1,30.0,23.2,26.0,34.2,23.2,27.1,22.6
Chaguanas,2018-01-23,78.7,3.5052000000000003,17.2,108.6,1012.1,38.4,6.6,237.9,20.4,23340,65170,1,30.0,22.0,25.4,32.6,22.0,26.2,21.1
Chaguanas,2018-01-24,76.1,0.0,13.9,117.7,1012.4,31.7,7.2,240.7,20.8,23343,65197,0,30.0,21.0,25.6,32.1,21.0,26.4,20.6
Chaguanas,2018-01-25,82.4,0.9905999999999999,17.2,105.7,1012.8,51.7,6.6,221.4,19.0,23345,65223,1,30.0,23.0,25.4,33.3,23.0,26.3,22.1
Chaguanas,2018-01-26,77.4,0.0,16.1,88.3,1012.6,61.7,7.3,233.2,20.1,23346,65249,0,30.0,23.9,26.1,32.6,23.9,26.9,21.6
Chaguanas,2018-01-27,77.7,0.0,17.2,80.9,1012.0,50.5,7.6,231.9,20.0,23346,65273,0,30.2,22.3,26.2,33.7,22.3,27.3,21.7
Chaguanas,2018-01-28,78.6,0.2032,19.7,88.5,1011.6,37.1,6.9,235.3,20.3,23345,65298,1,30.1,23.0,26.1,33.3,23.0,27.1,21.9
Chaguanas,2018-01-29,83.2,0.2032,16.1,95.2,1010.4,46.7,6.4,203.4,17.4,23343,65322,1,29.0,23.7,25.6,32.1,23.7,26.3,22.4
Chaguanas,2018-01-30,78.5,0.889,16.1,100.0,1010.6,34.5,6.3,231.1,19.8,23340,65345,1,31.0,23.7,26.2,43.9,23.7,27.6,21.9
Chaguanas,2018-01-31,82.2,2.6161999999999996,16.1,96.6,1011.7,68.1,6.1,229.0,19.7,23335,65367,1,29.0,23.0,25.1,32.1,23.0,25.8,21.7
Chaguanas,2018-02-01,76.6,0.0,17.2,101.6,1012.8,40.6,7.1,226.4,19.5,23330,65389,0,30.1,22.8,25.9,33.2,22.8,26.8,21.2
Chaguanas,2018-02-02,89.4,2.921,13.0,88.3,1012.8,47.6,6.3,210.6,18.1,23324,65410,1,27.0,21.0,23.4,28.9,21.0,23.6,21.5
Chaguanas,2018-02-03,71.3,0.1016,10.1,55.3,1012.5,48.6,7.6,234.2,20.1,23316,65431,1,30.0,22.0,25.7,31.3,22.0,26.2,19.7
Chaguanas,2018-02-04,73.7,0.0,13.9,114.4,1012.6,39.2,7.4,272.3,23.4,23308,65451,0,30.0,19.8,24.7,31.4,19.8,25.2,19.2
Chaguanas,2018-02-05,80.8,1.778,16.1,114.0,1012.7,43.2,7.2,216.6,18.7,23299,65470,1,29.0,21.0,25.2,31.8,21.0,26.3,21.5
Chaguanas,2018-02-06,73.6,0.2032,18.3,98.7,1013.8,38.3,6.9,243.5,20.8,23288,65489,1,30.0,23.0,25.8,31.9,23.0,26.4,20.5
Chaguanas,2018-02-07,76.8,0.6096,18.3,108.3,1013.9,49.1,6.8,225.2,19.4,23277,65507,1,30.0,21.0,25.2,31.9,21.0,25.9,20.5
Chaguanas,2018-02-08,78.2,6.9088,24.2,110.1,1013.7,55.1,6.6,231.9,20.0,23265,65525,1,30.0,22.0,25.3,32.5,22.0,26.1,20.9
Chaguanas,2018-02-09,73.3,0.0,18.3,113.7,1013.4,31.0,6.9,271.6,23.5,23252,65542,0,30.0,20.8,25.5,31.9,20.8,26.2,19.9
Chaguanas,2018-02-10,76.7,0.8128,20.8,105.9,1014.2,36.8,6.8,245.8,21.3,23237,65558,1,29.0,22.0,25.4,32.1,22.0,26.2,20.8
Chaguanas,2018-02-11,70.4,0.1016,23.0,99.3,1014.6,42.2,6.8,242.4,20.9,23222,65573,1,30.8,23.8,26.3,33.3,23.8,27.1,20.3
Chaguanas,2018-02-12,64.6,0.0,20.8,95.2,1014.7,41.1,6.9,235.3,20.2,23206,65588,0,29.2,22.9,25.8,30.1,22.9,26.2,18.4
Chaguanas,2018-02-13,71.2,0.0,16.1,112.0,1014.6,32.6,7.0,207.0,17.8,23189,65603,0,30.0,20.0,25.0,31.7,20.0,25.6,19.2
Chaguanas,2018-02-14,76.2,0.0,20.8,98.1,1014.6,59.4,6.5,189.4,16.3,23171,65616,0,28.0,22.8,25.0,29.7,22.8,25.6,20.3
Chaguanas,2018-02-15,76.4,0.7874,21.9,95.9,1014.6,48.6,6.6,192.4,16.7,23153,65629,1,29.0,23.0,25.1,31.4,23.0,25.7,20.6
Chaguanas,2018-02-16,65.3,0.0,18.3,112.6,1014.8,48.6,6.9,241.4,20.7,23133,65642,0,30.0,23.0,25.9,31.4,23.0,26.3,18.6
Chaguanas,2018-02-17,75.3,0.6096,20.8,94.6,1015.4,43.0,6.8,233.8,20.2,23113,65654,1,29.1,20.0,24.3,30.8,20.0,24.8,19.4
Chaguanas,2018-02-18,69.5,0.6096,19.7,94.4,1014.8,58.4,7.2,269.8,23.4,23092,65665,1,30.0,22.7,25.7,31.2,22.7,26.1,19.3
Chaguanas,2018-02-19,73.2,2.9972,18.3,102.3,1014.5,45.9,6.5,238.3,20.4,23070,65675,1,28.0,21.1,24.7,29.7,21.1,25.0,19.4
Chaguanas,2018-02-20,73.4,0.3048,20.8,108.4,1014.9,36.4,7.2,243.2,21.0,23047,65686,1,30.1,21.9,25.0,30.9,21.9,25.4,19.6
Chaguanas,2018-02-21,68.3,0.0,16.1,107.5,1015.6,44.8,7.2,245.3,21.3,23024,65695,0,30.1,21.1,25.4,30.9,21.1,25.8,18.9
Chaguanas,2018-02-22,72.0,0.9905999999999999,20.8,91.0,1015.5,47.8,7.0,251.3,21.8,22999,65704,1,29.0,20.7,24.9,30.3,20.7,25.4,19.3
Chaguanas,2018-02-23,72.5,0.0,17.2,98.5,1014.0,33.4,7.1,254.0,21.8,22974,65713,0,30.0,19.9,24.7,30.4,19.9,25.1,19.4
Chaguanas,2018-02-24,86.5,3.5052000000000003,20.8,97.9,1013.4,72.2,5.9,177.0,15.3,22949,65720,1,25.7,20.0,22.8,25.7,20.0,22.8,20.3
Chaguanas,2018-02-25,85.5,0.0,19.7,103.2,1014.1,69.7,6.5,230.6,19.9,22923,65728,0,29.0,20.0,23.9,31.4,20.0,24.6,21.2
Chaguanas,2018-02-26,73.3,0.0,17.2,107.8,1014.1,49.3,7.1,252.2,21.7,22896,65735,0,30.0,20.9,25.3,31.3,20.9,25.8,19.8
Chaguanas,2018-02-27,79.2,0.1016,13.9,111.8,1013.3,40.0,7.0,241.1,20.8,22868,65741,1,28.0,21.0,24.3,29.7,21.0,24.8,20.3
Chaguanas,2018-02-28,83.6,1.0921999999999998,11.4,115.2,1012.6,49.9,7.4,237.0,20.6,22840,65747,1,29.9,20.0,23.9,32.4,20.0,24.6,20.7
Chaguanas,2018-03-01,80.2,0.0,13.9,94.2,1014.0,45.9,6.9,239.7,20.7,22811,65753,0,29.0,20.0,24.6,32.1,20.0,25.3,20.7
Chaguanas,2018-03-02,78.9,0.0,16.1,112.3,1013.5,44.5,7.3,249.1,21.5,22782,65758,0,30.0,21.0,25.2,33.1,21.0,26.3,21.1
Chaguanas,2018-03-03,75.6,0.0,11.4,123.9,1011.2,54.9,7.2,264.5,22.9,22752,65762,0,32.0,22.0,26.1,36.8,22.0,27.2,21.1
Chaguanas,2018-03-04,85.3,127.0,25.3,104.7,1010.0,59.4,6.2,228.0,19.7,22722,65767,1,31.0,21.2,25.6,35.5,21.2,26.7,22.8
Chaguanas,2018-03-05,94.3,4.3942,10.3,105.6,1010.4,47.0,6.6,178.5,15.4,22691,65770,1,29.0,23.9,26.2,35.7,23.9,28.2,25.1
Chaguanas,2018-03-06,85.6,0.9905999999999999,17.2,103.0,1012.6,58.6,6.8,180.0,15.6,22659,65774,1,30.8,22.9,26.9,39.1,22.9,29.7,24.2
Chaguanas,2018-03-07,82.8,0.0,18.3,104.6,1013.8,53.0,6.3,273.6,23.6,22628,65777,0,31.0,24.1,27.0,36.6,24.1,28.9,23.7
Chaguanas,2018-03-08,75.2,0.0,20.8,105.6,1014.4,41.2,6.7,263.5,22.7,22595,65780,0,30.6,24.0,26.7,34.6,24.0,27.9,21.8
Chaguanas,2018-03-09,75.5,0.0,19.7,103.4,1015.3,49.1,6.5,275.7,23.8,22563,65782,0,30.0,23.0,26.3,33.3,23.0,27.4,21.4
Chaguanas,2018-03-10,72.9,0.3048,18.3,95.5,1015.1,57.0,6.7,270.3,23.4,22530,65784,1,30.0,23.0,26.3,31.9,23.0,27.2,20.8
Chaguanas,2018-03-11,74.3,2.9972,18.3,112.6,1014.6,39.7,6.6,274.8,23.8,22497,65786,1,30.0,23.0,26.1,32.6,23.0,27.0,20.9
Chaguanas,2018-03-12,75.6,0.3048,18.3,108.2,1014.5,36.2,6.5,268.6,23.2,22463,65787,1,30.0,23.0,26.1,32.6,23.0,26.9,21.2
Chaguanas,2018-03-13,73.3,0.2032,20.8,112.3,1014.5,34.6,6.7,291.8,25.3,22429,65789,1,31.0,23.0,26.3,33.1,23.0,27.2,20.9
Chaguanas,2018-03-14,71.8,0.3048,17.2,107.1,1015.0,26.9,6.5,278.4,24.0,22395,65790,1,30.0,23.9,26.7,32.6,23.9,27.6,20.9
Chaguanas,2018-03-15,72.4,0.0,18.3,112.3,1014.5,28.2,6.5,281.2,24.3,22360,65791,0,30.2,23.0,26.4,32.6,23.0,27.2,20.7
Chaguanas,2018-03-16,72.6,0.0,20.8,112.3,1014.1,43.9,6.8,259.3,22.2,22326,65791,0,30.8,23.0,26.5,32.3,23.0,27.3,20.9
Chaguanas,2018-03-17,71.6,0.0,17.2,113.2,1013.5,39.9,6.5,272.6,23.4,22291,65792,0,31.0,23.1,26.7,33.1,23.1,27.6,20.8
Chaguanas,2018-03-18,71.9,0.0,16.1,114.4,1012.0,36.7,6.6,260.1,22.3,22256,65792,0,31.2,21.0,25.8,32.4,21.0,26.3,19.8
Chaguanas,2018-03-19,70.6,0.0,18.3,115.9,1011.0,35.2,6.9,292.7,25.4,22220,65792,0,30.8,20.8,25.3,31.3,20.8,25.7,19.0
Chaguanas,2018-03-20,70.5,0.0,16.1,116.0,1012.0,36.5,6.9,281.5,24.2,22185,65792,0,31.0,20.8,26.1,33.1,20.8,26.8,19.8
Chaguanas,2018-03-21,83.4,8.991599999999998,20.8,108.6,1013.3,54.5,6.2,230.8,20.1,22150,65792,1,30.0,23.9,26.4,35.2,23.9,28.1,23.3
Chaguanas,2018-03-22,74.6,0.0,20.8,115.9,1014.1,39.0,6.6,272.2,23.3,22114,65792,0,31.0,24.0,26.8,36.3,24.0,28.1,21.7
Chaguanas,2018-03-23,72.0,0.2032,20.8,109.2,1013.6,43.4,6.8,273.3,23.6,22078,65791,1,30.0,22.0,26.2,31.4,22.0,26.9,20.4
Chaguanas,2018-03-24,73.6,0.1016,17.2,101.0,1012.6,44.4,7.3,283.3,24.4,22042,65791,1,31.0,20.9,25.6,33.1,20.9,26.2,20.1
Chaguanas,2018-03-25,79.2,0.1016,19.7,108.1,1012.9,55.8,6.5,272.3,23.6,22007,65790,1,30.0,22.0,25.6,33.3,22.0,26.7,21.6
Chaguanas,2018-03-26,80.7,3.2003999999999997,17.2,103.4,1012.6,50.1,6.5,272.6,23.4,21971,65790,1,29.1,23.1,26.0,32.1,23.1,27.4,22.3
Chaguanas,2018-03-27,73.9,0.0,15.0,110.5,1012.0,38.6,6.9,280.6,24.2,21935,65789,0,31.0,23.8,26.8,33.8,23.8,27.9,21.4
Chaguanas,2018-03-28,75.6,0.0,15.0,122.4,1012.0,43.6,4.8,268.9,23.2,21900,65789,0,31.0,23.0,26.7,34.3,23.0,27.8,21.7
Chaguanas,2018-03-29,75.5,0.0,15.0,115.3,1012.3,41.9,5.6,270.6,23.5,21864,65788,0,31.0,23.0,26.8,34.6,23.0,28.1,21.8
Chaguanas,2018-03-30,73.1,0.0,16.1,112.4,1011.8,42.9,6.5,282.9,24.4,21828,65788,0,32.0,22.0,26.8,34.9,22.0,28.1,21.3
Chaguanas,2018-03-31,75.2,0.0,17.2,105.5,1011.3,48.9,6.9,235.5,20.5,21793,65788,0,31.0,22.1,26.1,33.1,22.1,27.1,21.1
Chaguanas,2018-04-01,72.7,0.0,16.1,108.4,1011.3,41.2,7.0,265.5,22.9,21758,65787,0,31.1,21.9,26.3,33.8,21.9,27.2,20.5
Chaguanas,2018-04-02,74.4,0.0,16.1,102.4,1011.2,37.1,6.9,286.4,24.8,21722,65787,0,32.0,21.0,26.3,34.2,21.0,27.4,21.0
Chaguanas,2018-04-03,73.9,2.0065999999999997,21.9,90.4,1011.4,46.0,6.9,278.5,24.1,21688,65787,1,31.1,24.0,26.9,33.9,24.0,28.2,21.6
Chaguanas,2018-04-04,68.8,0.0,17.2,95.2,1011.5,38.6,7.0,277.1,24.0,21653,65787,0,32.0,23.0,27.2,34.2,23.0,28.3,20.7
Chaguanas,2018-04-05,68.2,0.0,13.9,105.1,1011.4,36.3,7.0,278.1,23.9,21618,65787,0,32.0,22.9,26.7,33.6,22.9,27.4,20.0
Chaguanas,2018-04-06,71.3,0.0,12.8,101.7,1011.9,33.5,6.8,291.0,25.2,21584,65787,0,32.0,21.1,26.5,34.9,21.1,27.4,20.3
Chaguanas,2018-04-07,79.5,0.0,18.3,104.3,1012.5,57.4,6.6,254.7,22.0,21550,65788,0,31.0,22.0,25.4,33.8,22.0,26.4,21.5
Chaguanas,2018-04-08,77.6,5.0038,21.9,90.9,1013.0,54.5,7.0,265.6,22.9,21516,65788,1,31.2,23.0,26.2,34.8,23.0,27.2,21.7
Chaguanas,2018-04-09,70.2,0.0,18.3,87.3,1013.3,38.1,7.3,269.7,23.4,21483,65789,0,31.0,22.0,27.0,33.8,22.0,28.2,20.8
Chaguanas,2018-04-10,73.4,0.2032,20.8,92.9,1014.0,42.9,7.1,267.2,22.9,21449,65790,1,30.0,23.9,26.5,32.8,23.9,27.6,21.3
Chaguanas,2018-04-11,72.5,0.0,16.1,92.6,1013.6,47.4,7.1,281.9,24.3,21417,65791,0,31.1,23.3,26.7,33.1,23.3,27.6,21.1
Chaguanas,2018-04-12,84.1,8.966199999999999,16.1,100.9,1013.1,60.9,6.1,271.1,23.2,21384,65793,1,30.0,23.0,25.3,32.6,23.0,26.1,22.3
Chaguanas,2018-04-13,71.2,0.1016,18.3,95.5,1013.8,35.2,6.8,246.4,21.3,21352,65795,1,31.0,23.0,26.9,33.8,23.0,27.7,20.9
Chaguanas,2018-04-14,77.0,25.0952,20.8,93.5,1014.7,60.6,6.2,219.3,18.9,21320,65797,1,32.452000000000005,22.0,27.1,58.9,22.0,28.1,21.7
Chaguanas,2018-04-15,78.6,0.1016,17.2,94.7,1015.6,46.5,6.5,249.9,21.4,21289,65799,1,29.8,23.8,26.3,32.9,23.8,27.7,22.2
Chaguanas,2018-04-16,83.8,2.0065999999999997,15.0,102.5,1014.9,52.8,5.4,179.7,15.6,21258,65801,1,29.0,23.8,26.1,33.5,23.8,27.4,23.1
Chaguanas,2018-04-17,88.4,3.8099999999999996,13.9,98.4,1014.4,49.8,5.6,236.8,20.4,21228,65804,1,28.2,24.8,25.9,32.8,24.8,26.9,23.8
Chaguanas,2018-04-18,82.5,3.2003999999999997,18.3,103.3,1015.2,55.6,6.5,237.0,20.6,21198,65807,1,30.0,24.0,26.3,33.9,24.0,27.6,22.9
Chaguanas,2018-04-19,80.3,0.0,19.7,94.1,1015.8,51.3,6.3,265.8,22.8,21169,65810,0,31.0,22.8,26.1,34.6,22.8,27.2,22.1
Chaguanas,2018-04-20,78.0,0.0,19.7,97.6,1014.6,42.9,7.0,257.1,22.4,21140,65814,0,31.0,23.0,26.7,34.2,23.0,28.0,22.2
Chaguanas,2018-04-21,80.0,0.4064,17.2,103.7,1013.1,44.1,7.0,263.9,22.9,21111,65818,1,30.2,23.0,26.6,33.6,23.0,28.2,22.6
Chaguanas,2018-04-22,76.9,0.0,16.3,100.4,1012.8,40.1,7.1,295.4,25.4,21084,65822,0,31.1,22.0,26.7,34.7,22.0,28.2,22.0
Chaguanas,2018-04-23,74.9,0.0,16.1,108.7,1013.4,47.9,7.2,280.8,24.4,21056,65827,0,31.0,23.8,27.1,34.6,23.8,28.4,21.9
Chaguanas,2018-04-24,77.2,0.0,17.2,99.8,1013.6,48.1,6.9,238.2,20.5,21030,65832,0,31.0,23.9,26.5,35.6,23.9,27.7,22.0
Chaguanas,2018-04-25,74.9,0.0,16.1,109.6,1013.6,43.7,6.9,283.6,24.4,21004,65837,0,31.0,23.9,27.1,34.6,23.9,28.6,22.0
Chaguanas,2018-04-26,73.0,0.3048,17.2,105.4,1013.3,37.4,7.1,292.8,25.3,20978,65843,1,31.1,24.0,27.3,33.8,24.0,28.6,21.7
Chaguanas,2018-04-27,72.3,0.0,15.0,116.0,1012.9,42.3,7.2,300.8,25.9,20953,65849,0,32.0,23.8,27.3,34.9,23.8,28.5,21.4
Chaguanas,2018-04-28,72.5,0.0,18.3,106.3,1013.9,34.0,6.8,240.6,20.9,20929,65855,0,31.2,24.0,27.1,34.1,24.0,28.4,21.5
Chaguanas,2018-04-29,74.9,0.0,18.3,101.6,1014.4,55.4,6.5,257.4,22.1,20906,65862,0,32.0,24.0,27.2,34.9,24.0,28.5,22.1
Chaguanas,2018-04-30,76.4,0.0,19.7,106.5,1014.1,44.5,6.4,283.6,24.4,20883,65869,0,31.0,24.8,27.3,35.4,24.8,28.9,22.6
Chaguanas,2018-05-01,76.8,0.9905999999999999,19.7,103.3,1014.8,57.2,6.5,272.8,23.7,20861,65877,1,31.1,24.0,26.9,34.7,24.0,28.4,22.3
Chaguanas,2018-05-02,77.7,0.2032,17.2,114.0,1014.7,46.9,6.5,262.7,22.7,20839,65885,1,31.0,23.9,27.2,35.6,23.9,29.0,22.7
Chaguanas,2018-05-03,75.9,0.0,18.3,118.4,1013.9,45.0,6.7,273.7,23.6,20818,65893,0,31.8,24.0,27.5,34.7,24.0,29.2,22.6
Chaguanas,2018-05-04,77.2,0.3048,20.8,109.8,1013.0,53.3,6.4,220.8,19.1,20798,65902,1,31.0,24.0,27.1,33.8,24.0,28.3,22.6
Chaguanas,2018-05-05,79.2,0.3048,19.7,109.9,1013.7,53.6,6.4,265.3,23.0,20779,65911,1,31.0,24.0,26.8,34.6,24.0,28.5,22.8
Chaguanas,2018-05-06,87.1,12.014199999999999,21.9,108.4,1015.1,52.2,6.2,229.5,19.8,20760,65920,1,29.1,24.0,25.6,32.8,24.0,26.3,23.2
Chaguanas,2018-05-07,75.0,0.0,20.8,108.2,1014.9,41.9,6.9,252.1,21.7,20743,65930,0,31.0,24.0,27.2,34.6,24.0,28.6,22.1
Chaguanas,2018-05-08,83.3,7.416799999999999,18.3,113.3,1014.6,65.2,6.4,235.5,20.2,20725,65940,1,31.0,23.8,25.9,34.6,23.8,26.9,22.6
Chaguanas,2018-05-09,82.7,1.6001999999999998,20.8,99.2,1014.1,54.0,6.5,235.3,20.3,20709,65951,1,30.0,24.0,26.4,34.2,24.0,27.8,23.1
Chaguanas,2018-05-10,81.4,0.9905999999999999,18.3,102.4,1014.3,52.9,6.7,266.6,23.0,20694,65962,1,30.0,24.0,26.7,34.1,24.0,28.2,23.1
Chaguanas,2018-05-11,76.0,0.0,19.7,108.9,1014.8,40.0,6.7,274.8,23.6,20679,65973,0,31.0,25.0,27.5,35.6,25.0,29.2,22.7
Chaguanas,2018-05-12,75.4,0.2032,20.8,103.7,1014.3,40.1,6.8,256.1,22.0,20665,65985,1,31.0,24.8,27.2,33.8,24.8,28.7,22.2
Chaguanas,2018-05-13,84.8,11.5062,20.8,113.9,1013.5,58.9,5.9,243.5,21.1,20651,65997,1,30.1,24.0,26.3,35.2,24.0,27.7,23.4
Chaguanas,2018-05-14,79.0,2.0065999999999997,25.3,103.5,1013.1,60.0,6.7,264.6,22.7,20639,66009,1,31.0,24.0,27.2,35.6,24.0,28.9,22.9
Chaguanas,2018-05-15,79.5,2.3114,18.3,101.4,1014.0,50.6,6.4,263.3,22.7,20627,66022,1,30.0,24.0,26.7,34.1,24.0,28.3,22.7
Chaguanas,2018-05-16,72.9,0.4064,18.3,105.6,1013.8,40.3,7.2,296.5,25.5,20617,66035,1,31.0,24.0,27.2,33.1,24.0,28.2,21.5
Chaguanas,2018-05-17,70.1,0.0,17.2,110.9,1013.1,35.1,7.5,294.0,25.4,20607,66048,0,31.0,23.0,26.9,32.9,23.0,27.8,20.6
Chaguanas,2018-05-18,73.3,0.0,18.3,112.6,1012.4,42.4,7.5,276.2,23.7,20597,66062,0,32.0,21.9,26.9,34.9,21.9,28.1,21.3
Chaguanas,2018-05-19,83.9,0.2032,17.2,114.8,1013.7,68.8,7.0,155.5,13.6,20589,66076,1,27.9,24.0,25.7,30.3,24.0,26.2,22.7
Chaguanas,2018-05-20,84.7,4.8768,17.2,104.8,1013.2,59.9,6.8,236.1,20.4,20581,66090,1,30.6,25.0,26.8,35.4,25.0,28.7,23.8
Chaguanas,2018-05-21,83.7,4.013199999999999,16.1,121.7,1012.6,45.8,6.7,250.0,21.5,20574,66105,1,31.0,24.8,27.1,36.6,24.8,29.2,23.9
Chaguanas,2018-05-22,87.4,3.302,23.0,108.5,1013.7,50.8,6.6,204.8,17.7,20568,66119,1,30.0,24.8,26.4,35.1,24.8,28.1,24.1
Chaguanas,2018-05-23,81.2,2.0065999999999997,19.7,105.8,1014.8,54.3,7.3,268.3,23.1,20563,66134,1,31.0,24.0,27.3,35.6,24.0,29.3,23.5
Chaguanas,2018-05-24,79.7,0.6096,17.2,110.2,1014.8,42.5,7.2,298.0,25.7,20559,66149,1,31.2,24.0,27.2,36.6,24.0,29.1,23.1
Chaguanas,2018-05-25,78.4,0.0,20.8,114.8,1013.7,45.0,7.0,295.2,25.5,20555,66165,0,31.0,23.0,26.9,35.5,23.0,28.7,22.6
Chaguanas,2018-05-26,87.3,11.6078,18.3,111.9,1013.1,57.4,6.6,248.1,21.5,20552,66180,1,30.0,23.0,26.4,35.1,23.0,28.4,24.0
Chaguanas,2018-05-27,79.2,0.1016,20.8,102.8,1014.1,44.6,6.6,293.2,25.3,20550,66196,1,31.2,24.0,27.6,35.5,24.0,29.6,23.3
Chaguanas,2018-05-28,75.5,0.0,18.3,105.5,1014.6,41.8,7.0,282.6,24.2,20549,66212,0,31.2,24.2,27.4,34.0,24.2,29.0,22.4
Chaguanas,2018-05-29,75.7,0.0,17.2,105.3,1014.8,37.8,7.2,278.5,24.1,20548,66228,0,31.9,23.8,27.2,34.6,23.8,28.6,22.2
Chaguanas,2018-05-30,77.9,0.889,18.3,104.7,1013.8,45.6,6.5,253.8,21.9,20548,66244,1,31.0,23.8,26.7,34.6,23.8,28.1,22.3
Chaguanas,2018-05-31,78.6,0.4064,17.2,103.1,1012.8,56.0,6.7,243.2,20.9,20549,66261,1,31.2,23.0,27.0,34.6,23.0,28.6,22.7
Chaguanas,2018-06-01,79.7,0.0,17.2,109.6,1012.0,54.3,5.9,140.1,12.1,20551,66277,0,31.0,25.0,27.4,34.6,25.0,29.7,23.4
Chaguanas,2018-06-02,74.0,0.0,23.0,109.1,1013.2,54.7,6.3,262.2,22.7,20553,66293,0,32.0,25.8,27.9,35.8,25.8,29.8,22.7
Chaguanas,2018-06-03,75.2,0.6096,19.7,105.3,1015.0,40.8,6.4,268.3,23.2,20556,66310,1,31.0,24.0,27.3,34.6,24.0,28.8,22.2
Chaguanas,2018-06-04,75.5,0.1016,18.3,105.8,1014.7,58.9,6.8,230.1,20.1,20560,66326,1,32.0,24.0,27.9,36.8,24.0,30.0,22.9
Chaguanas,2018-06-05,80.4,0.4064,17.2,108.4,1013.7,35.9,6.6,270.4,23.1,20565,66343,1,32.1,24.0,27.7,36.9,24.0,29.9,23.7
Chaguanas,2018-06-06,75.0,0.0,25.3,100.7,1013.3,52.2,5.9,218.7,18.9,20570,66359,0,32.0,25.1,28.1,35.5,25.1,30.4,23.1
Chaguanas,2018-06-07,76.6,3.9878,23.0,104.4,1014.7,39.3,5.6,266.8,23.0,20576,66375,1,31.0,24.8,27.3,35.1,24.8,29.1,22.7
Chaguanas,2018-06-08,72.8,0.0,18.3,106.2,1015.1,30.9,6.4,283.1,24.5,20582,66392,0,32.0,24.0,27.2,34.2,24.0,28.5,21.6
Chaguanas,2018-06-09,75.7,0.0,19.7,102.6,1015.0,54.3,6.4,274.8,23.6,20589,66408,0,31.8,22.8,27.2,34.7,22.8,28.8,22.2
Chaguanas,2018-06-10,81.5,1.2953999999999999,20.8,105.2,1014.1,57.6,7.1,220.0,19.0,20597,66424,1,31.0,24.8,27.5,35.5,24.8,30.1,23.9
Chaguanas,2018-06-11,71.9,0.2032,18.3,97.3,1013.5,52.7,6.8,249.4,21.4,20605,66440,1,32.0,25.0,28.4,35.8,25.0,30.6,22.6
Chaguanas,2018-06-12,74.6,0.0,25.3,99.5,1014.4,54.1,5.3,273.0,23.5,20614,66456,0,32.0,24.9,28.1,36.8,24.9,30.3,22.9
Chaguanas,2018-06-13,90.3,6.019799999999999,13.9,111.4,1015.3,67.0,5.3,215.7,18.6,20623,66471,1,28.0,24.0,26.0,32.7,24.0,27.2,24.2
Chaguanas,2018-06-14,72.5,0.0,20.8,103.9,1015.7,34.1,6.6,279.2,24.3,20633,66486,0,32.0,24.0,27.7,34.1,24.0,29.2,21.9
Chaguanas,2018-06-15,80.3,0.1016,17.2,105.6,1015.3,46.5,6.6,262.5,22.6,20643,66501,1,30.0,23.0,26.2,34.2,23.0,27.4,22.4
Chaguanas,2018-06-16,89.5,3.4036,16.1,106.1,1015.6,46.4,6.3,206.0,17.7,20654,66516,1,28.0,24.8,25.9,32.7,24.8,26.9,24.0
Chaguanas,2018-06-17,87.4,3.4036,18.3,105.5,1015.8,46.0,7.0,192.1,16.6,20665,66531,1,30.0,23.9,26.2,34.6,23.9,27.3,23.7
Chaguanas,2018-06-18,90.6,18.008599999999998,15.0,106.7,1016.2,53.4,6.9,155.6,13.4,20677,66545,1,31.0,23.8,25.6,37.1,23.8,26.5,23.8
Chaguanas,2018-06-19,93.2,10.668,11.4,90.8,1015.9,58.9,6.7,160.5,13.8,20689,66559,1,28.0,23.8,25.2,32.7,23.8,26.1,24.0
Chaguanas,2018-06-20,90.5,47.980599999999995,13.9,115.2,1015.2,51.4,6.7,170.4,14.6,20701,66572,1,30.0,23.0,25.3,35.6,23.0,26.6,23.6
Chaguanas,2018-06-21,88.5,6.604,11.4,116.2,1014.7,57.4,6.3,171.9,14.9,20714,66585,1,32.0,23.0,25.8,37.9,23.0,27.2,23.6
Chaguanas,2018-06-22,79.6,0.0,19.7,101.4,1014.9,47.0,7.6,237.6,20.6,20727,66598,0,32.0,24.2,27.4,35.8,24.2,29.3,23.3
Chaguanas,2018-06-23,78.2,5.0038,23.0,101.2,1013.9,55.9,6.8,264.5,22.8,20741,66610,1,31.0,25.0,27.6,35.7,25.0,29.4,23.2
Chaguanas,2018-06-24,83.5,10.5156,21.9,101.3,1014.0,57.8,6.3,240.9,20.8,20755,66622,1,30.0,24.0,26.9,35.1,24.0,28.7,23.7
Chaguanas,2018-06-25,83.3,7.594599999999999,19.7,100.5,1014.2,38.4,6.5,239.2,20.6,20769,66633,1,31.0,24.9,27.4,36.8,24.9,30.2,24.2
Chaguanas,2018-06-26,79.0,0.0,20.8,102.3,1013.4,46.7,6.5,264.2,22.7,20783,66644,0,31.0,25.0,27.8,36.6,25.0,30.3,23.7
Chaguanas,2018-06-27,75.1,0.0,19.7,97.9,1013.0,36.0,6.6,238.9,20.7,20798,66654,0,31.0,25.0,27.9,35.6,25.0,30.1,22.9
Chaguanas,2018-06-28,81.4,0.508,16.1,102.3,1013.2,46.2,6.6,241.0,20.7,20812,66663,1,30.8,25.0,27.2,37.1,25.0,29.0,23.6
Chaguanas,2018-06-29,81.7,7.112,20.8,101.3,1013.4,46.7,5.9,261.0,22.4,20827,66673,1,31.1,25.0,27.5,36.6,25.0,29.5,23.7
Chaguanas,2018-06-30,90.0,5.4102,19.7,99.7,1011.7,52.7,6.3,201.6,17.6,20842,66681,1,29.0,24.0,26.0,34.6,24.0,27.6,24.2
Chaguanas,2018-07-01,93.5,52.4002,16.1,115.0,1012.0,63.7,5.6,211.1,18.1,20858,66689,1,30.0,23.9,25.8,37.5,23.9,27.4,24.7
Chaguanas,2018-07-02,82.9,0.2032,17.2,107.9,1012.4,40.0,7.1,259.0,22.3,20873,66696,1,31.0,23.8,27.3,37.8,23.8,30.2,23.9
Chaguanas,2018-07-03,87.6,2.8194,17.2,116.6,1012.7,51.0,6.5,194.4,16.7,20888,66703,1,29.1,24.0,26.0,33.8,24.0,27.3,23.8
Chaguanas,2018-07-04,85.5,8.6868,18.3,110.6,1013.5,55.9,6.5,202.7,17.5,20904,66709,1,31.0,24.7,27.0,36.6,24.7,29.4,24.2
Chaguanas,2018-07-05,76.9,0.0,20.8,106.0,1014.0,38.6,6.9,261.4,22.5,20919,66714,0,30.1,24.8,27.2,34.4,24.8,28.8,22.6
Chaguanas,2018-07-06,85.2,2.921,18.3,106.5,1013.2,54.6,6.5,202.9,17.5,20934,66719,1,30.0,24.9,26.6,35.1,24.9,28.2,23.8
Chaguanas,2018-07-07,79.3,2.8956,18.3,108.0,1012.8,43.8,6.7,234.8,20.0,20950,66722,1,31.0,24.8,27.4,35.6,24.8,29.6,23.3
Chaguanas,2018-07-08,79.2,0.7874,13.9,117.4,1013.0,45.6,7.1,270.1,23.2,20965,66725,1,32.1,24.0,27.3,37.1,24.0,29.2,23.1
Chaguanas,2018-07-09,77.2,0.0,12.8,120.8,1014.5,48.2,7.1,229.0,19.8,20981,66728,0,32.7,24.9,28.4,36.8,24.9,31.2,23.7
Chaguanas,2018-07-10,81.9,2.2859999999999996,13.9,127.6,1014.2,40.4,6.5,267.5,23.1,20996,66730,1,30.9,24.8,27.4,37.3,24.8,29.8,23.9
Chaguanas,2018-07-11,85.5,6.1975999999999996,19.7,110.0,1014.1,47.8,6.3,213.0,18.2,21011,66730,1,30.0,25.0,27.2,37.5,25.0,29.8,24.5
Chaguanas,2018-07-12,90.3,34.721799999999995,13.9,111.3,1015.2,55.8,6.1,139.4,12.1,21026,66730,1,28.0,23.0,25.7,31.9,23.0,26.4,24.0
Chaguanas,2018-07-13,88.7,7.696199999999999,20.8,110.1,1015.2,58.9,6.5,157.4,13.6,21041,66730,1,30.0,24.0,26.2,35.1,24.0,27.9,24.1
Chaguanas,2018-07-14,83.4,3.0987999999999998,13.9,121.7,1014.4,45.9,6.8,255.7,22.0,21056,66728,1,32.0,24.9,27.2,37.9,24.9,29.2,23.9
Chaguanas,2018-07-15,85.4,3.4036,17.2,111.2,1014.1,43.8,7.0,262.3,22.6,21070,66726,1,31.0,24.0,26.9,37.8,24.0,29.6,24.2
Chaguanas,2018-07-16,86.5,5.0038,20.8,120.2,1015.1,56.7,6.4,266.0,22.8,21084,66723,1,30.0,24.8,26.9,36.9,24.8,29.1,24.4
Chaguanas,2018-07-17,77.7,0.0,18.3,104.7,1014.8,47.1,6.5,248.6,21.6,21098,66719,0,31.1,25.0,28.1,36.6,25.0,30.7,23.6
Chaguanas,2018-07-18,88.3,5.9944,13.9,110.4,1013.7,48.0,6.4,218.6,18.8,21112,66714,1,30.0,24.9,26.6,36.2,24.9,28.4,24.4
Chaguanas,2018-07-19,81.1,0.9143999999999999,16.1,108.6,1013.3,40.4,6.9,266.0,23.0,21126,66709,1,32.0,24.2,27.7,37.6,24.2,30.4,23.9
Chaguanas,2018-07-20,75.0,0.1016,19.7,106.1,1012.8,32.8,6.4,268.3,23.1,21139,66702,1,31.9,25.0,28.3,36.6,25.0,31.0,23.2
Chaguanas,2018-07-21,76.6,0.0,21.9,110.0,1012.7,43.6,6.8,244.5,21.1,21152,66695,0,32.0,25.0,28.0,35.8,25.0,30.4,23.3
Chaguanas,2018-07-22,76.0,0.0,18.3,101.7,1012.8,36.1,7.2,265.3,23.0,21165,66687,0,32.0,25.0,27.8,35.8,25.0,29.7,22.9
Chaguanas,2018-07-23,78.4,0.3048,19.7,99.9,1013.5,44.9,6.7,252.1,21.7,21177,66678,1,32.0,23.0,27.6,37.9,23.0,30.1,23.2
Chaguanas,2018-07-24,82.1,12.9032,15.0,109.9,1015.1,43.2,7.1,225.9,19.4,21189,66668,1,32.0,24.9,27.6,37.9,24.9,30.1,24.1
Chaguanas,2018-07-25,74.9,0.0,16.1,105.7,1015.0,32.2,6.5,287.9,24.7,21201,66658,0,32.0,24.0,27.8,35.8,24.0,29.9,22.7
Chaguanas,2018-07-26,80.7,2.1082,16.1,115.9,1015.0,42.8,6.7,267.5,23.2,21213,66646,1,32.0,24.0,27.3,37.7,24.0,29.6,23.5
Chaguanas,2018-07-27,86.1,8.991599999999998,12.8,101.1,1015.1,45.4,6.8,239.5,20.7,21224,66634,1,29.7,24.8,26.7,35.8,24.8,28.9,24.1
Chaguanas,2018-07-28,82.2,2.6161999999999996,13.9,94.9,1014.6,55.2,7.1,185.8,16.2,21234,66621,1,30.2,24.0,26.8,35.1,24.0,28.6,23.3
Chaguanas,2018-07-29,81.0,0.6096,19.7,106.9,1013.4,51.2,7.1,241.0,20.7,21245,66607,1,32.0,24.0,27.7,39.2,24.0,30.4,23.9
Chaguanas,2018-07-30,85.4,6.223,19.7,109.3,1012.9,51.9,6.6,228.2,19.6,21255,66592,1,31.1,25.0,27.3,36.9,25.0,29.8,24.5
Chaguanas,2018-07-31,91.1,41.9862,16.1,101.9,1013.8,71.3,5.5,196.0,17.0,21264,66577,1,28.1,24.0,25.7,32.7,24.0,26.7,24.1
Chaguanas,2018-08-01,88.9,16.002,16.1,95.8,1013.7,56.7,6.5,108.0,9.3,21273,66560,1,29.2,24.0,25.8,34.6,24.0,27.0,23.7
Chaguanas,2018-08-02,90.1,21.005799999999997,15.0,106.7,1013.3,62.4,6.3,155.9,13.4,21282,66543,1,30.0,24.0,25.8,35.1,24.0,26.8,24.0
Chaguanas,2018-08-03,79.8,0.0,11.4,110.4,1012.6,42.1,7.0,249.0,21.6,21290,66525,0,32.0,22.8,27.2,36.8,22.8,29.2,23.0
Chaguanas,2018-08-04,82.3,8.407399999999999,9.2,121.2,1012.2,59.3,7.0,210.5,18.0,21298,66506,1,32.0,24.8,27.4,36.8,24.8,29.7,23.9
Chaguanas,2018-08-05,76.1,0.0,11.4,113.0,1013.2,40.9,7.8,283.8,24.6,21306,66486,0,32.0,23.9,27.9,37.9,23.9,30.5,23.1
Chaguanas,2018-08-06,78.7,0.0,18.3,107.9,1013.8,43.8,6.6,224.3,19.4,21313,66466,0,32.0,23.9,27.8,37.9,23.9,30.9,23.6
Chaguanas,2018-08-07,83.1,2.0065999999999997,18.3,112.9,1014.5,47.7,5.3,270.5,23.4,21319,66445,1,31.1,24.9,27.6,38.1,24.9,30.6,24.4
Chaguanas,2018-08-08,79.0,0.0,15.0,107.1,1015.0,36.2,6.6,229.5,20.0,21326,66423,0,32.2,24.0,28.0,38.1,24.0,30.6,23.8
Chaguanas,2018-08-09,88.1,2.3114,10.3,112.1,1015.4,52.5,6.7,255.4,21.9,21332,66400,1,29.2,24.0,25.9,34.6,24.0,27.2,23.7
Chaguanas,2018-08-10,80.4,0.0,11.4,125.4,1014.9,39.0,7.5,251.8,21.6,21337,66377,0,32.0,23.9,27.6,39.2,23.9,30.6,23.7
Chaguanas,2018-08-11,82.1,5.9944,15.0,104.0,1015.0,41.5,7.1,254.0,22.0,21342,66353,1,32.1,24.0,27.7,39.2,24.0,30.4,24.2
Chaguanas,2018-08-12,75.6,0.1016,18.3,110.5,1014.4,42.2,6.6,267.0,23.2,21347,66328,1,33.0,25.0,28.1,38.1,25.0,30.5,23.1
Chaguanas,2018-08-13,93.5,47.980599999999995,8.1,130.8,1013.0,59.9,5.5,146.8,12.6,21351,66302,1,27.0,22.9,24.5,31.1,22.9,24.8,23.3
Chaguanas,2018-08-14,90.1,33.019999999999996,13.9,104.8,1012.6,60.0,6.5,165.3,14.2,21355,66276,1,32.0,23.8,26.1,39.2,23.8,27.6,24.2
Chaguanas,2018-08-15,78.3,0.0,11.4,116.8,1013.8,32.2,7.2,291.2,25.1,21358,66249,0,32.0,22.8,27.2,35.8,22.8,28.8,22.6
Chaguanas,2018-08-16,79.8,0.0,12.8,113.9,1015.2,37.7,8.0,282.0,24.5,21361,66222,0,32.0,22.8,27.3,37.9,22.8,29.6,23.2
Chaguanas,2018-08-17,83.8,2.1082,13.9,127.1,1015.8,51.9,6.8,256.3,22.0,21364,66194,1,32.1,24.0,27.2,36.9,24.0,29.2,23.9
Chaguanas,2018-08-18,89.2,23.875999999999998,10.3,110.5,1014.6,48.2,6.4,250.9,21.6,21366,66165,1,31.0,23.0,26.3,39.1,23.0,27.9,24.2
Chaguanas,2018-08-19,81.0,0.1016,11.4,117.3,1014.6,43.6,7.1,241.9,20.8,21368,66136,1,32.0,24.0,27.7,39.2,24.0,30.6,23.9
Chaguanas,2018-08-20,81.0,2.5146,13.9,106.2,1014.9,47.8,7.1,236.6,20.6,21369,66106,1,31.0,24.2,27.3,36.6,24.2,29.1,23.6
Chaguanas,2018-08-21,93.6,46.4058,11.4,104.5,1015.0,66.6,6.0,183.7,15.9,21370,66075,1,30.1,23.1,25.4,36.3,23.1,26.6,24.3
Chaguanas,2018-08-22,84.1,3.9115999999999995,12.8,114.1,1014.4,46.3,6.8,264.8,22.9,21371,66044,1,32.0,24.1,27.4,39.1,24.1,30.3,24.2
Chaguanas,2018-08-23,92.9,23.0124,10.3,109.6,1013.7,53.7,6.2,227.1,19.6,21372,66012,1,30.0,23.9,25.4,36.2,23.9,26.8,24.1
Chaguanas,2018-08-24,80.7,3.9115999999999995,13.9,108.2,1013.2,41.1,7.0,236.8,20.4,21372,65980,1,32.0,24.0,27.3,36.8,24.0,29.3,23.3
Chaguanas,2018-08-25,83.6,0.0,16.1,109.4,1014.0,48.2,7.5,258.2,22.2,21372,65947,0,32.2,24.7,27.6,41.2,24.7,30.5,24.4
Chaguanas,2018-08-26,85.5,0.0,13.9,112.8,1014.0,40.7,7.4,245.4,21.1,21371,65914,0,32.7,24.8,27.9,41.5,24.8,31.3,25.1
Chaguanas,2018-08-27,78.7,0.0,16.1,107.1,1013.7,43.1,7.4,256.0,22.2,21370,65881,0,33.0,23.0,27.7,38.1,23.0,30.1,23.3
Chaguanas,2018-08-28,91.3,0.1016,11.4,270.9,1013.0,43.5,6.8,247.1,21.4,21369,65846,1,32.0,24.0,26.2,39.1,24.0,28.0,24.6
Chaguanas,2018-08-29,84.9,5.5118,11.4,124.8,1012.7,40.6,7.8,271.1,23.3,21368,65812,1,32.8,23.8,27.7,40.4,23.8,31.6,24.8
Chaguanas,2018-08-30,83.2,0.0,13.9,114.1,1012.4,44.0,7.7,249.1,21.4,21366,65777,0,33.1,24.9,28.3,40.6,24.9,32.1,24.9
Chaguanas,2018-08-31,88.7,3.9878,16.1,104.2,1012.5,46.2,6.2,261.2,22.6,21364,65742,1,31.0,24.8,27.3,38.9,24.8,30.6,25.2
Chaguanas,2018-09-01,83.1,0.0,15.0,114.4,1011.6,41.6,7.0,300.1,25.9,21362,65706,0,32.1,24.0,27.7,39.4,24.0,30.7,24.3
Chaguanas,2018-09-02,79.6,0.0,13.9,115.2,1011.4,32.2,7.2,281.0,24.2,21360,65670,0,34.0,23.2,27.9,41.9,23.2,30.9,23.7
Chaguanas,2018-09-03,86.0,0.4064,13.9,113.8,1011.6,41.6,7.2,243.5,21.1,21357,65634,1,32.7,23.7,27.7,40.1,23.7,31.4,24.9
Chaguanas,2018-09-04,86.9,1.7018,17.2,101.9,1011.5,53.9,6.9,224.4,19.5,21354,65597,1,31.0,25.0,27.5,38.9,25.0,30.7,25.1
Chaguanas,2018-09-05,83.8,0.0,15.0,108.3,1011.6,48.0,7.0,274.9,23.7,21351,65560,0,33.0,23.0,27.8,39.9,23.0,31.3,24.5
Chaguanas,2018-09-06,88.8,6.2992,15.0,110.9,1012.4,43.7,6.5,256.1,22.2,21348,65523,1,31.1,24.0,26.7,39.1,24.0,29.1,24.6
Chaguanas,2018-09-07,86.1,8.001,12.8,112.1,1012.7,34.3,7.4,242.2,21.0,21345,65485,1,32.2,24.8,27.2,39.3,24.8,29.7,24.6
Chaguanas,2018-09-08,85.5,0.3048,13.9,95.8,1012.4,48.1,7.3,252.2,21.8,21341,65448,1,33.0,23.8,27.9,43.9,23.8,32.4,25.2
Chaguanas,2018-09-09,79.0,0.0,11.4,108.8,1011.6,39.5,7.6,245.1,20.9,21338,65410,0,34.0,24.0,28.3,40.6,24.0,31.6,24.0
Chaguanas,2018-09-10,82.1,5.9944,13.9,116.4,1011.7,39.7,7.2,242.7,20.8,21334,65372,1,33.0,24.0,27.4,39.3,24.0,29.9,23.8
Chaguanas,2018-09-11,77.4,0.0,13.9,113.7,1011.6,36.1,7.3,264.0,22.8,21330,65333,0,34.0,23.0,27.8,39.4,23.0,30.1,23.1
Chaguanas,2018-09-12,86.6,30.7086,9.2,279.2,1010.6,46.9,7.1,259.0,22.7,21326,65295,1,32.0,22.0,26.3,37.4,22.0,28.1,23.7
Chaguanas,2018-09-13,84.9,10.0076,9.2,146.2,1009.2,53.1,6.8,270.3,23.1,21322,65256,1,32.0,24.9,27.6,40.7,24.9,30.8,24.6
Chaguanas,2018-09-14,77.4,0.0,16.1,124.0,1009.7,47.7,7.2,263.1,22.6,21318,65218,0,34.0,26.0,28.9,40.6,26.0,32.3,24.2
Chaguanas,2018-09-15,85.1,0.6096,15.0,109.3,1010.5,40.1,7.3,251.6,21.7,21314,65179,1,31.8,24.1,27.7,38.6,24.1,31.0,24.8
Chaguanas,2018-09-16,86.8,3.0987999999999998,10.5,117.5,1011.2,54.0,7.7,245.6,21.3,21310,65140,1,30.2,25.0,27.3,37.5,25.0,30.5,24.9
Chaguanas,2018-09-17,87.4,7.289799999999999,12.3,83.9,1012.7,91.8,7.7,175.0,15.1,21306,65102,1,27.4,25.3,26.3,31.3,25.3,27.1,24.0
Chaguanas,2018-09-18,81.2,15.011399999999998,12.8,110.0,1012.2,51.9,7.4,239.8,20.7,21302,65063,1,33.0,23.8,28.0,39.3,23.8,31.0,24.3
Chaguanas,2018-09-19,89.6,8.991599999999998,17.2,105.4,1011.9,61.2,7.3,245.9,21.2,21298,65024,1,31.7,24.9,26.9,39.1,24.9,29.6,25.0
Chaguanas,2018-09-20,87.7,14.503399999999997,15.0,113.4,1012.2,47.2,5.3,214.1,18.7,21294,64985,1,31.1,23.1,27.3,37.7,23.1,30.2,24.9
Chaguanas,2018-09-21,93.6,3.8861999999999997,16.1,108.7,1011.4,56.6,6.1,149.6,13.0,21291,64947,1,31.1,24.0,25.8,36.9,24.0,27.1,24.7
Chaguanas,2018-09-22,83.0,0.1016,10.3,127.2,1010.7,49.0,7.3,174.0,15.1,21287,64908,1,32.0,24.0,27.5,37.9,24.0,30.3,24.2
Chaguanas,2018-09-23,83.1,0.0,8.1,113.7,1011.1,45.6,7.6,197.5,17.1,21283,64870,0,33.0,23.0,27.2,39.9,23.0,30.0,23.9
Chaguanas,2018-09-24,77.4,0.0,11.4,116.1,1012.2,44.4,7.7,239.3,20.7,21280,64831,0,33.0,24.8,28.3,37.1,24.8,30.9,23.6
Chaguanas,2018-09-25,88.8,5.9944,17.2,101.3,1011.7,45.6,7.1,235.7,20.4,21276,64793,1,32.0,23.9,26.6,39.2,23.9,28.4,24.3
Chaguanas,2018-09-26,88.7,1.7018,15.0,113.6,1009.8,46.8,6.6,195.0,16.9,21273,64755,1,31.0,24.0,26.9,37.8,24.0,29.6,24.7
Chaguanas,2018-09-27,90.4,13.9954,6.9,221.2,1009.5,51.9,6.7,153.7,13.1,21270,64717,1,31.2,23.2,26.0,37.8,23.2,27.4,24.2
Chaguanas,2018-09-28,89.9,18.1102,13.9,127.1,1011.1,49.4,6.2,207.1,18.0,21267,64679,1,32.0,23.0,26.2,39.2,23.0,27.9,24.3
Chaguanas,2018-09-29,83.9,2.0065999999999997,15.0,116.3,1011.3,46.7,6.0,250.7,21.8,21264,64642,1,32.2,25.0,27.8,38.3,25.0,30.9,24.7
Chaguanas,2018-09-30,92.3,9.9822,16.1,107.7,1011.1,43.7,6.4,217.8,18.9,21262,64605,1,30.0,24.9,26.2,37.1,24.9,27.6,24.8
Chaguanas,2018-10-01,86.6,0.0,13.9,109.6,1011.2,45.6,6.8,256.2,22.1,21260,64568,0,32.0,24.9,27.3,39.2,24.9,30.4,24.8
Chaguanas,2018-10-02,82.2,0.0,12.8,122.2,1010.9,36.8,7.7,261.6,22.7,21258,64531,0,33.0,24.8,27.9,42.2,24.8,31.0,24.4
Chaguanas,2018-10-03,86.6,8.001,15.0,114.9,1010.5,40.8,7.1,253.5,21.7,21256,64495,1,32.8,24.0,27.3,40.6,24.0,30.5,24.7
Chaguanas,2018-10-04,80.7,0.0,16.1,125.6,1011.1,41.0,7.4,261.1,22.7,21255,64459,0,33.0,26.0,28.7,40.6,26.0,32.2,24.8
Chaguanas,2018-10-05,86.2,2.0065999999999997,16.1,119.0,1011.7,41.1,7.1,249.9,21.5,21254,64424,1,31.0,24.7,27.0,36.6,24.7,29.2,24.4
Chaguanas,2018-10-06,90.7,23.5204,11.4,110.1,1011.5,51.2,6.8,221.2,19.2,21253,64389,1,29.9,23.0,26.3,38.9,23.0,27.9,24.7
Chaguanas,2018-10-07,90.0,0.508,13.9,108.2,1011.7,43.4,7.5,186.5,16.2,21253,64354,1,29.0,24.7,26.3,35.7,24.7,28.1,24.5
Chaguanas,2018-10-08,83.0,0.0,13.9,118.3,1011.1,42.5,7.7,247.9,21.4,21253,64320,0,33.0,24.0,28.0,40.6,24.0,31.5,24.6
Chaguanas,2018-10-09,83.6,0.1016,17.2,105.5,1011.0,43.3,7.1,215.3,18.7,21253,64286,1,32.0,25.8,27.8,38.9,25.8,30.9,24.7
Chaguanas,2018-10-10,84.3,0.0,13.9,93.7,1010.1,44.1,7.4,222.5,19.2,21254,64253,0,30.0,24.0,27.2,36.2,24.0,30.0,24.3
Chaguanas,2018-10-11,78.6,0.0,11.4,111.4,1010.3,43.8,8.0,250.6,21.7,21255,64220,0,34.0,24.0,28.1,39.4,24.0,31.0,23.7
Chaguanas,2018-10-12,77.5,0.0,11.4,117.7,1011.8,43.4,7.8,263.9,22.9,21257,64188,0,34.0,24.9,28.4,39.4,24.9,31.1,23.8
Chaguanas,2018-10-13,73.9,0.0,11.4,119.9,1012.6,37.2,8.1,244.4,21.0,21259,64157,0,34.0,24.0,28.7,38.3,24.0,31.3,23.1
Chaguanas,2018-10-14,75.8,0.0,13.9,114.9,1013.0,40.9,7.8,273.5,23.8,21262,64126,0,34.0,23.8,28.4,40.6,23.8,31.8,23.5
Chaguanas,2018-10-15,86.7,3.302,13.9,92.4,1011.6,47.9,6.4,229.7,19.8,21265,64095,1,31.1,23.7,26.6,36.6,23.7,28.6,24.1
Chaguanas,2018-10-16,90.8,0.9905999999999999,9.2,86.3,1010.2,45.8,6.8,182.3,15.7,21268,64066,1,30.0,24.7,26.9,37.5,24.7,30.1,25.2
Chaguanas,2018-10-17,95.2,94.0054,23.0,107.2,1009.9,53.1,5.9,138.5,12.2,21272,64036,1,28.7,24.0,25.4,34.2,24.0,26.2,24.6
Chaguanas,2018-10-18,95.1,48.9966,10.3,96.3,1010.0,54.8,5.5,102.5,9.0,21277,64008,1,27.0,24.0,24.9,30.1,24.0,25.0,24.1
Chaguanas,2018-10-19,95.4,72.009,12.8,83.1,1009.7,56.3,4.6,121.9,10.5,21282,63980,1,29.0,23.0,24.8,35.7,23.0,25.4,24.0
Chaguanas,2018-10-20,88.5,0.1016,12.8,105.1,1008.7,53.7,7.2,107.8,9.4,21288,63953,1,30.0,23.0,25.9,35.1,23.0,27.6,23.8
Chaguanas,2018-10-21,88.6,5.9944,13.9,84.5,1008.5,54.9,8.1,146.7,12.8,21294,63927,1,32.0,24.7,26.7,38.8,24.7,28.7,24.5
Chaguanas,2018-10-22,91.5,0.6096,15.0,112.0,1010.1,56.0,6.5,112.9,9.6,21301,63902,1,30.0,23.9,25.8,36.2,23.9,27.3,24.2
Chaguanas,2018-10-23,83.2,11.811,15.0,106.3,1010.9,51.4,7.5,213.0,18.5,21309,63877,1,33.0,22.9,26.9,39.3,22.9,28.8,23.5
Chaguanas,2018-10-24,80.9,0.0,13.9,100.8,1011.0,46.4,7.8,237.9,20.5,21317,63853,0,32.1,25.0,27.9,37.9,25.0,31.0,24.2
Chaguanas,2018-10-25,76.7,0.0,12.8,110.1,1010.8,40.9,8.0,259.2,22.3,21325,63830,0,32.2,25.0,28.2,36.8,25.0,30.7,23.4
Chaguanas,2018-10-26,80.7,0.0,13.9,112.5,1011.2,43.5,8.1,242.8,20.8,21335,63808,0,31.1,24.1,27.7,37.5,24.1,30.4,23.9
Chaguanas,2018-10-27,75.2,0.0,13.9,109.9,1011.7,28.5,8.2,258.1,22.2,21345,63786,0,33.0,24.0,27.7,38.1,24.0,29.4,22.5
Chaguanas,2018-10-28,76.6,0.0,11.4,107.1,1011.7,28.0,7.9,243.9,21.1,21355,63766,0,33.7,21.0,27.2,38.0,21.0,29.2,22.2
Chaguanas,2018-10-29,80.3,0.0,9.2,118.1,1011.3,29.6,8.0,263.6,22.8,21366,63746,0,33.0,22.0,27.3,36.8,22.0,29.4,23.1
Chaguanas,2018-10-30,85.6,9.9822,18.3,107.6,1011.7,51.6,7.0,221.2,19.2,21378,63728,1,32.2,23.9,27.3,39.1,23.9,30.1,24.5
Chaguanas,2018-10-31,93.9,21.209,9.2,96.4,1012.8,47.1,7.0,178.8,15.4,21391,63710,1,26.0,24.0,25.3,26.0,24.0,25.3,24.2
Chaguanas,2018-11-01,87.8,2.7178,11.4,94.4,1012.5,43.1,7.1,209.3,18.1,21404,63693,1,30.0,24.0,26.3,36.2,24.0,28.3,24.1
Chaguanas,2018-11-02,85.4,5.0038,13.9,103.3,1011.6,49.0,6.3,159.8,13.9,21418,63677,1,30.0,24.1,26.7,35.1,24.1,28.5,24.0
Chaguanas,2018-11-03,80.0,0.0,15.0,106.1,1011.1,44.1,7.3,169.9,14.6,21433,63662,0,32.0,25.0,27.7,36.8,25.0,30.2,23.8
Chaguanas,2018-11-04,80.3,0.0,17.2,117.5,1010.3,38.0,7.7,227.9,19.8,21448,63649,0,33.0,23.0,27.4,39.3,23.0,30.0,23.5
Chaguanas,2018-11-05,87.0,0.2032,12.8,115.8,1009.8,40.9,6.8,208.8,18.1,21464,63636,1,30.7,23.7,26.8,37.4,23.7,29.7,24.3
Chaguanas,2018-11-06,88.7,1.2953999999999999,10.3,87.8,1009.4,42.1,6.7,163.5,14.2,21480,63624,1,32.1,24.0,26.6,39.4,24.0,28.4,24.4
Chaguanas,2018-11-07,84.9,0.4064,10.3,116.1,1009.7,42.8,7.5,228.8,19.8,21498,63613,1,32.0,24.0,27.5,40.7,24.0,30.7,24.6
Chaguanas,2018-11-08,80.5,0.0,9.2,122.3,1009.7,50.1,7.5,235.8,20.3,21516,63603,0,32.1,25.8,28.4,38.1,25.8,31.8,24.5
Chaguanas,2018-11-09,80.0,0.0,11.4,121.0,1009.8,41.3,7.6,190.1,16.6,21534,63595,0,33.0,26.0,28.4,40.7,26.0,32.1,24.4
Chaguanas,2018-11-10,76.4,0.0,11.4,130.0,1010.2,43.5,7.7,234.6,20.4,21553,63587,0,34.0,25.0,28.4,38.7,25.0,30.9,23.5
Chaguanas,2018-11-11,81.0,2.0065999999999997,10.3,173.4,1009.6,39.6,7.1,228.4,19.7,21573,63580,1,34.0,24.0,27.9,40.6,24.0,30.6,24.1
Chaguanas,2018-11-12,85.0,0.0,12.8,122.2,1010.4,38.3,7.2,228.3,19.8,21594,63575,0,32.0,24.0,27.4,39.2,24.0,30.4,24.5
Chaguanas,2018-11-13,89.6,24.612599999999997,12.8,110.6,1011.1,55.9,6.5,195.3,16.9,21615,63570,1,31.0,23.9,26.7,38.2,23.9,28.7,24.7
Chaguanas,2018-11-14,92.5,21.996399999999998,18.3,106.4,1010.9,58.7,5.4,181.4,15.6,21637,63567,1,29.0,24.7,26.0,34.6,24.7,26.8,24.6
Chaguanas,2018-11-15,94.9,35.0012,15.0,105.1,1011.4,58.0,4.2,137.0,11.8,21660,63565,1,26.9,23.9,24.9,30.4,23.9,25.1,24.1
Chaguanas,2018-11-16,86.5,45.1866,16.1,113.1,1011.5,50.1,6.0,185.9,16.1,21683,63563,1,31.0,24.0,26.6,36.6,24.0,28.6,24.0
Chaguanas,2018-11-17,82.7,3.4036,15.0,112.6,1011.9,41.3,7.3,185.3,16.1,21707,63563,1,31.2,24.0,27.1,36.6,24.0,29.2,23.7
Chaguanas,2018-11-18,84.6,2.1082,16.1,121.4,1012.1,47.3,6.8,211.9,18.4,21731,63564,1,31.0,24.2,26.8,36.6,24.2,28.6,23.8
Chaguanas,2018-11-19,82.7,0.6096,16.1,110.0,1011.8,46.2,6.7,213.7,18.4,21756,63566,1,33.0,24.0,27.1,37.1,24.0,29.1,23.6
Chaguanas,2018-11-20,86.9,0.7111999999999999,23.0,109.7,1012.2,49.6,6.9,213.5,18.5,21781,63569,1,30.9,24.0,26.3,36.1,24.0,28.1,23.8
Chaguanas,2018-11-21,77.6,2.0065999999999997,18.3,108.2,1012.5,33.2,7.8,259.3,22.5,21807,63573,1,31.0,23.9,26.9,34.6,23.9,28.2,22.3
Chaguanas,2018-11-22,81.2,0.0,15.0,107.4,1012.1,43.9,8.0,218.2,19.0,21834,63579,0,32.0,22.8,27.1,37.9,22.8,29.5,23.3
Chaguanas,2018-11-23,80.5,0.889,16.1,114.5,1011.4,42.2,7.5,225.8,19.5,21861,63585,1,31.7,24.9,27.3,35.2,24.9,29.1,23.4
Chaguanas,2018-11-24,80.7,0.0,16.1,111.2,1011.5,43.8,7.4,240.4,20.6,21888,63592,0,31.0,22.8,27.2,36.6,22.8,29.5,23.3
Chaguanas,2018-11-25,80.3,0.2032,20.8,114.5,1011.6,47.9,7.3,200.6,17.5,21916,63601,1,31.0,24.0,27.6,35.2,24.0,29.8,23.6
Chaguanas,2018-11-26,81.2,0.2032,16.1,105.8,1011.7,49.2,7.0,234.7,20.3,21945,63610,1,30.0,23.0,26.4,34.2,23.0,27.9,22.8
Chaguanas,2018-11-27,84.1,2.0065999999999997,16.1,96.8,1010.9,45.3,6.7,199.7,17.4,21974,63621,1,31.0,23.0,26.7,37.8,23.0,28.8,23.7
Chaguanas,2018-11-28,76.7,0.0,13.9,88.8,1011.7,53.7,7.0,209.0,18.1,22003,63633,0,30.0,24.8,26.8,33.3,24.8,28.1,22.2
Chaguanas,2018-11-29,78.2,0.0,16.1,118.6,1012.9,54.7,7.0,238.0,20.5,22033,63645,0,31.0,22.9,26.6,34.6,22.9,28.2,22.3
Chaguanas,2018-11-30,82.9,0.0,17.2,99.4,1012.8,45.9,6.9,214.6,18.6,22063,63659,0,31.0,22.0,26.3,35.4,22.0,28.1,22.9
Chaguanas,2018-12-01,75.4,0.3048,20.8,93.8,1013.1,39.8,7.3,217.2,18.8,22093,63673,1,31.0,24.8,26.9,34.6,24.8,28.3,22.1
Chaguanas,2018-12-02,81.7,2.794,17.2,95.5,1013.4,52.7,6.6,227.8,19.7,22124,63689,1,29.9,23.0,25.4,32.9,23.0,26.3,22.0
Chaguanas,2018-12-03,79.3,0.0,25.3,91.4,1012.5,50.0,7.1,205.6,17.6,22155,63705,0,30.0,22.8,25.9,33.3,22.8,26.8,21.8
Chaguanas,2018-12-04,80.2,0.0,13.9,117.0,1011.8,44.5,6.0,219.3,19.1,22186,63723,0,32.0,22.0,26.4,36.8,22.0,27.9,22.4
Chaguanas,2018-12-05,78.4,0.0,18.3,102.2,1012.5,39.6,6.7,203.3,17.4,22217,63741,0,31.1,23.9,26.6,34.6,23.9,27.9,22.3
Chaguanas,2018-12-06,74.8,0.0,15.0,98.3,1014.1,33.4,7.4,243.7,20.9,22249,63760,0,31.2,22.0,26.3,34.1,22.0,27.2,21.1
Chaguanas,2018-12-07,82.7,0.2032,13.9,94.3,1015.6,55.5,6.8,204.9,17.6,22280,63780,1,30.0,22.8,25.6,33.4,22.8,26.6,22.2
Chaguanas,2018-12-08,77.0,0.0,16.1,103.5,1015.1,33.9,7.3,222.9,19.2,22312,63801,0,31.0,22.8,26.4,33.8,22.8,27.6,21.7
Chaguanas,2018-12-09,75.2,0.0,18.3,103.8,1015.2,39.0,7.5,212.3,18.3,22344,63823,0,31.0,21.0,25.9,32.1,21.0,26.6,20.7
Chaguanas,2018-12-10,75.7,0.0,18.3,110.0,1015.5,38.3,7.6,205.7,17.8,22376,63845,0,30.0,22.8,26.2,32.6,22.8,27.2,21.3
Chaguanas,2018-12-11,80.9,0.0,20.8,100.1,1015.8,39.9,6.9,203.9,17.6,22408,63869,0,30.0,24.0,26.6,33.6,24.0,28.1,22.9
Chaguanas,2018-12-12,76.8,0.0,16.1,101.3,1015.2,29.0,6.8,212.9,18.3,22439,63893,0,31.0,24.0,26.8,34.2,24.0,27.9,22.0
Chaguanas,2018-12-13,74.4,0.0,17.2,95.8,1015.0,40.6,6.7,249.2,21.4,22471,63918,0,31.0,22.0,26.3,33.1,22.0,27.2,21.0
Chaguanas,2018-12-14,82.8,0.9905999999999999,23.0,95.3,1015.6,49.7,5.7,216.9,18.7,22503,63943,1,29.8,22.9,25.6,33.6,22.9,26.7,22.3
Chaguanas,2018-12-15,79.4,0.2032,16.1,102.5,1016.9,33.0,7.1,223.3,19.2,22535,63969,1,31.0,21.0,25.4,33.1,21.0,25.9,21.2
Chaguanas,2018-12-16,87.6,3.302,15.0,95.8,1016.0,50.2,6.0,206.2,17.9,22566,63996,1,29.0,23.0,24.9,32.8,23.0,25.6,22.6
Chaguanas,2018-12-17,82.3,0.1016,17.2,101.3,1015.3,37.1,7.4,202.5,17.4,22597,64024,1,30.0,21.9,25.5,33.3,21.9,26.6,21.9
Chaguanas,2018-12-18,79.7,0.1016,15.0,102.8,1014.6,37.1,7.5,230.5,20.0,22628,64051,1,30.0,22.0,25.9,32.6,22.0,27.1,21.8
Chaguanas,2018-12-19,91.1,2.9972,17.2,99.9,1013.8,65.9,5.5,195.7,17.0,22659,64080,1,29.0,24.0,25.6,33.8,24.0,26.6,23.9
Chaguanas,2018-12-20,81.6,4.495799999999999,15.0,102.3,1013.8,42.5,7.0,225.4,19.5,22689,64109,1,30.0,24.0,26.5,34.2,24.0,27.9,22.9
Chaguanas,2018-12-21,81.5,0.508,13.9,100.0,1013.5,35.4,7.1,223.0,19.4,22720,64139,1,31.0,22.8,26.2,33.6,22.8,27.4,22.4
Chaguanas,2018-12-22,81.8,2.794,18.3,99.5,1014.2,42.3,7.3,224.5,19.4,22749,64168,1,30.2,22.0,25.5,33.4,22.0,26.4,21.9
Chaguanas,2018-12-23,77.4,0.2032,15.0,100.7,1014.1,40.2,7.8,247.2,21.5,22779,64199,1,30.0,22.0,25.7,32.6,22.0,26.8,21.2
Chaguanas,2018-12-24,74.5,0.0,16.1,93.0,1013.2,56.2,7.1,194.0,16.7,22808,64230,0,29.9,24.0,26.1,31.9,24.0,26.8,21.0
Chaguanas,2018-12-25,75.0,0.0,18.3,99.1,1013.3,41.0,7.6,226.7,19.6,22836,64261,0,29.9,23.0,25.8,32.1,23.0,26.5,20.8
Chaguanas,2018-12-26,83.7,0.0,15.0,101.4,1013.6,36.7,7.2,203.1,17.5,22864,64292,0,29.7,21.9,25.3,33.8,21.9,26.7,22.2
Chaguanas,2018-12-27,75.2,0.0,20.8,89.6,1014.0,28.3,6.8,223.9,19.2,22892,64324,0,30.2,23.0,26.3,32.6,23.0,27.2,21.3
Chaguanas,2018-12-28,79.0,1.0921999999999998,18.3,91.8,1014.7,47.4,6.9,213.9,18.6,22918,64356,1,29.0,21.9,25.3,31.4,21.9,25.8,21.2
Chaguanas,2018-12-29,79.1,0.1016,20.8,99.0,1014.1,38.1,7.1,200.6,17.6,22945,64388,1,30.0,20.0,25.1,32.6,20.0,26.1,21.0
Chaguanas,2018-12-30,71.5,0.0,20.8,94.2,1013.6,30.7,7.2,222.5,19.4,22970,64420,0,30.0,22.7,26.3,31.9,22.7,27.1,20.5
Chaguanas,2018-12-31,76.6,1.0921999999999998,17.2,99.7,1014.2,52.0,6.9,223.8,19.4,22996,64453,1,30.0,21.9,25.4,33.3,21.9,26.2,20.9
Chaguanas,2019-01-01,79.6,0.508,21.9,86.2,1014.2,42.0,6.3,206.0,17.6,23020,64485,1,29.2,22.0,24.9,31.4,22.0,25.4,20.9
Chaguanas,2019-01-02,84.5,0.889,17.2,97.5,1014.7,50.3,6.6,207.3,18.1,23044,64518,1,30.0,21.9,24.8,32.6,21.9,25.4,21.8
Chaguanas,2019-01-03,74.3,0.0,19.7,86.6,1014.6,44.7,7.5,230.7,20.0,23066,64550,0,30.0,24.0,26.3,32.6,24.0,27.3,21.2
Chaguanas,2019-01-04,70.3,0.0,23.0,96.3,1015.2,33.9,7.5,244.2,21.1,23089,64583,0,31.0,23.8,26.3,31.9,23.8,26.9,20.2
Chaguanas,2019-01-05,77.3,0.0,17.2,109.0,1015.3,33.4,7.8,245.9,21.1,23110,64616,0,30.0,21.1,25.4,32.4,21.1,26.3,20.8
Chaguanas,2019-01-06,80.1,0.0,16.1,103.5,1014.7,36.4,7.4,236.5,20.4,23131,64648,0,30.0,20.1,25.5,32.8,20.1,26.6,21.5
Chaguanas,2019-01-07,79.0,0.0,18.3,99.7,1014.4,38.1,6.8,190.7,16.3,23150,64681,0,30.0,24.0,26.2,33.3,24.0,27.3,22.1
Chaguanas,2019-01-08,74.6,0.0,17.2,101.8,1014.2,30.7,7.0,211.4,18.3,23169,64713,0,31.0,23.1,26.4,33.8,23.1,27.4,21.2
Chaguanas,2019-01-09,75.3,0.0,15.0,106.3,1013.5,38.9,7.1,213.9,18.5,23187,64745,0,31.0,22.0,25.9,32.4,22.0,26.6,20.8
Chaguanas,2019-01-10,79.1,0.0,15.0,114.9,1013.2,38.0,6.9,226.4,19.6,23205,64777,0,30.0,21.0,25.7,33.3,21.0,26.8,21.4
Chaguanas,2019-01-11,76.2,0.0,15.0,126.2,1014.1,27.5,6.2,244.2,21.1,23221,64809,0,31.0,22.8,26.4,33.8,22.8,27.4,21.5
Chaguanas,2019-01-12,75.3,0.0,16.1,106.3,1014.9,25.9,6.7,240.4,20.6,23236,64841,0,30.0,23.0,25.9,31.9,23.0,26.6,20.8
Chaguanas,2019-01-13,72.4,0.0,15.0,107.8,1014.7,30.5,7.1,224.3,19.4,23251,64872,0,30.0,20.0,25.3,31.3,20.0,25.8,19.6
Chaguanas,2019-01-14,74.6,0.0,12.8,114.2,1014.7,31.4,7.2,227.3,19.6,23264,64903,0,30.0,19.0,24.6,31.3,19.0,25.0,19.2
Chaguanas,2019-01-15,76.3,0.0,16.1,105.3,1014.5,35.0,7.2,241.4,20.8,23276,64934,0,31.0,20.9,25.6,33.8,20.9,26.6,20.8
Chaguanas,2019-01-16,77.7,0.0,20.8,97.0,1015.1,34.1,7.0,205.0,17.8,23288,64964,0,30.0,23.0,26.3,33.3,23.0,27.4,21.9
Chaguanas,2019-01-17,80.6,10.0076,13.9,103.0,1015.5,49.6,6.7,233.2,20.0,23298,64994,1,30.0,23.8,26.1,33.3,23.8,27.0,22.3
Chaguanas,2019-01-18,74.6,0.0,16.1,108.1,1014.7,34.2,7.2,246.3,21.3,23308,65023,0,31.0,23.0,26.4,33.1,23.0,27.3,21.2
Chaguanas,2019-01-19,74.4,0.0,16.1,101.8,1014.4,30.8,7.4,245.9,21.3,23316,65053,0,31.0,21.0,25.8,31.9,21.0,26.4,20.4
Chaguanas,2019-01-20,81.6,0.0,18.3,99.9,1014.7,32.8,7.3,231.7,19.9,23324,65081,0,31.0,20.9,25.4,33.8,20.9,26.6,21.8
Chaguanas,2019-01-21,76.7,0.0,18.3,108.6,1015.2,31.9,7.1,239.5,20.5,23330,65109,0,31.0,23.0,26.6,34.6,23.0,27.6,21.8
Chaguanas,2019-01-22,77.7,0.9905999999999999,20.8,92.7,1016.0,44.7,7.0,209.8,18.0,23336,65137,1,30.0,24.0,26.3,31.9,24.0,27.2,21.8
Chaguanas,2019-01-23,76.8,0.3048,15.0,105.3,1015.8,44.2,7.0,220.5,19.0,23340,65164,1,30.0,23.2,25.9,31.9,23.2,26.8,21.3
Chaguanas,2019-01-24,72.3,0.0,21.9,99.3,1015.4,31.6,7.2,243.0,20.9,23343,65191,0,30.0,21.0,25.8,31.9,21.0,26.4,20.1
Chaguanas,2019-01-25,75.1,0.0,18.3,100.5,1015.6,29.4,7.2,238.0,20.4,23345,65217,0,30.7,21.0,25.6,32.6,21.0,26.3,20.4
Chaguanas,2019-01-26,86.3,3.5052000000000003,13.9,106.0,1014.4,55.2,6.5,207.5,17.8,23347,65243,1,28.0,21.0,24.1,30.2,21.0,24.6,21.6
Chaguanas,2019-01-27,78.3,0.0,16.1,109.9,1013.6,43.6,7.5,245.8,21.0,23347,65268,0,30.0,20.0,25.1,31.3,20.0,25.7,20.6
Chaguanas,2019-01-28,81.7,0.0,17.2,103.3,1013.5,35.6,7.1,217.4,18.7,23346,65292,0,28.7,23.0,25.6,31.3,23.0,26.6,22.1
Chaguanas,2019-01-29,75.5,0.3048,18.3,93.3,1013.2,40.0,7.0,231.1,19.9,23344,65316,1,29.0,22.2,25.7,30.8,22.2,26.3,20.8
Chaguanas,2019-01-30,77.7,0.0,16.1,112.9,1013.7,36.0,8.2,240.0,20.7,23341,65339,0,32.0,21.0,25.7,34.9,21.0,26.7,21.0
Chaguanas,2019-01-31,72.4,0.0,15.0,93.6,1013.9,35.4,7.8,246.0,21.1,23337,65362,0,31.0,21.0,25.4,33.1,21.0,26.1,19.7
Chaguanas,2019-02-01,68.8,0.0,16.1,106.2,1014.2,28.0,7.6,263.4,22.7,23332,65384,0,30.0,21.0,25.3,30.8,21.0,25.6,18.7
Chaguanas,2019-02-02,74.4,0.0,16.1,102.2,1014.0,40.0,7.4,250.7,21.7,23326,65406,0,30.0,20.0,24.9,38.0,20.0,25.7,19.6
Chaguanas,2019-02-03,72.9,0.0,16.1,103.9,1013.1,29.4,7.1,254.3,21.7,23319,65426,0,32.0,20.0,25.3,33.4,20.0,25.8,19.4
Chaguanas,2019-02-04,73.3,0.0,15.0,110.4,1013.0,30.3,7.3,244.9,21.1,23311,65447,0,31.8,21.0,25.9,33.2,21.0,26.6,20.3
Chaguanas,2019-02-05,81.7,0.0,18.3,113.1,1013.1,52.7,6.8,211.7,18.3,23302,65466,0,30.0,23.7,26.3,33.3,23.7,27.5,22.7
Chaguanas,2019-02-06,74.1,0.0,18.3,116.3,1013.2,41.9,7.5,261.3,22.4,23291,65485,0,31.0,23.9,26.7,33.1,23.9,27.5,21.4
Chaguanas,2019-02-07,73.2,0.0,17.2,104.4,1013.2,32.8,7.4,257.4,22.1,23280,65503,0,31.1,22.0,26.4,33.1,22.0,27.3,20.9
Chaguanas,2019-02-08,70.3,0.0,16.1,109.6,1012.9,33.9,6.7,260.8,22.4,23268,65521,0,31.0,23.0,26.4,31.4,23.0,26.9,20.1
Chaguanas,2019-02-09,70.4,0.0,15.0,109.7,1013.5,30.0,7.0,271.1,23.5,23255,65538,0,31.1,21.0,25.9,32.4,21.0,26.3,19.4
Chaguanas,2019-02-10,71.1,0.0,17.2,106.8,1013.6,35.8,7.2,237.4,20.4,23241,65554,0,31.7,20.9,26.0,32.6,20.9,26.7,19.9
Chaguanas,2019-02-11,68.5,0.0,23.0,100.3,1013.6,31.1,7.3,250.2,21.6,23226,65570,0,29.7,22.0,25.4,31.4,22.0,25.8,18.9
Chaguanas,2019-02-12,75.0,0.0,23.0,106.7,1014.4,36.5,6.9,249.9,21.4,23211,65585,0,30.0,22.0,25.9,31.9,22.0,26.7,20.8
Chaguanas,2019-02-13,68.0,0.0,23.0,101.2,1014.9,28.4,6.4,265.0,23.0,23194,65600,0,31.0,23.0,26.6,31.8,23.0,26.9,19.7
Chaguanas,2019-02-14,73.4,0.0,20.8,109.5,1014.6,32.5,6.7,221.4,19.0,23176,65613,0,32.0,23.0,26.6,33.5,23.0,27.5,21.1
Chaguanas,2019-02-15,74.9,0.0,18.3,126.8,1014.3,53.7,6.6,267.1,23.3,23158,65627,0,32.0,23.9,27.3,34.2,23.9,28.3,21.8
Chaguanas,2019-02-16,75.7,0.0,18.3,122.1,1014.6,37.9,6.3,259.4,22.5,23139,65639,0,31.0,25.0,27.5,33.8,25.0,28.9,22.5
Chaguanas,2019-02-17,72.7,0.0,23.0,107.6,1015.4,46.7,6.6,247.3,21.3,23118,65651,0,31.0,24.0,27.1,33.8,24.0,28.2,21.5
Chaguanas,2019-02-18,72.2,0.0,18.3,107.2,1015.7,42.0,6.7,237.1,20.5,23097,65663,0,31.0,22.0,26.1,33.1,22.0,26.8,20.3
Chaguanas,2019-02-19,72.9,0.0,18.3,103.6,1015.3,46.0,7.1,275.7,23.9,23076,65673,0,31.0,23.7,26.4,33.1,23.7,27.2,20.8
Chaguanas,2019-02-20,73.3,0.0,21.9,110.2,1014.3,31.8,7.5,269.9,23.3,23053,65684,0,31.8,20.0,25.9,33.3,20.0,26.7,20.3
Chaguanas,2019-02-21,69.2,0.0,20.8,106.1,1014.7,40.0,7.4,257.4,22.4,23030,65693,0,31.0,23.7,26.6,33.1,23.7,27.4,20.2
Chaguanas,2019-02-22,80.2,2.0065999999999997,20.8,104.8,1015.6,46.9,7.0,227.9,19.6,23006,65702,1,29.7,23.0,25.4,32.0,23.0,26.2,21.6
Chaguanas,2019-02-23,77.3,4.3942,20.8,99.8,1015.4,40.6,7.2,259.4,22.5,22981,65711,1,30.0,21.9,25.4,32.6,21.9,25.8,20.7
Chaguanas,2019-02-24,81.9,0.7111999999999999,18.3,100.5,1014.6,48.3,7.2,211.4,18.2,22956,65719,1,30.0,22.0,25.0,31.9,22.0,25.7,21.4
Chaguanas,2019-02-25,85.2,5.1054,15.0,113.0,1014.3,54.7,6.2,231.0,20.0,22929,65727,1,31.0,22.0,24.9,35.5,22.0,25.7,22.1
Chaguanas,2019-02-26,75.4,0.0,54.1,109.6,1015.3,37.0,7.5,282.1,24.5,22903,65734,0,30.1,22.7,26.1,31.9,22.7,26.9,21.1
Chaguanas,2019-02-27,78.9,0.2032,21.9,108.4,1015.3,47.8,6.7,268.7,23.3,22875,65740,1,31.0,23.8,26.2,34.2,23.8,27.2,21.9
Chaguanas,2019-02-28,75.5,0.1016,23.0,108.9,1016.1,41.4,6.9,270.3,23.3,22847,65746,1,30.2,23.7,26.4,32.8,23.7,27.3,21.4
Chaguanas,2019-03-01,71.3,0.0,20.8,107.2,1015.8,29.5,7.0,283.8,24.5,22819,65752,0,31.0,21.8,25.8,32.4,21.8,26.4,19.8
Chaguanas,2019-03-02,77.1,0.3048,19.7,109.7,1015.1,58.1,6.5,228.6,19.8,22789,65757,1,30.0,23.0,25.6,31.9,23.0,26.2,21.0
Chaguanas,2019-03-03,82.2,0.2032,18.3,114.0,1014.1,54.8,6.1,221.3,19.2,22760,65762,1,29.0,23.0,25.1,31.4,23.0,25.7,21.7
Chaguanas,2019-03-04,76.1,0.0,18.3,115.2,1014.1,33.1,6.7,258.4,22.3,22729,65766,0,30.7,22.9,26.1,32.7,22.9,26.9,21.1
Chaguanas,2019-03-05,75.8,0.0,20.8,112.2,1014.3,43.0,6.2,260.2,22.4,22699,65770,0,30.0,23.0,25.9,32.1,23.0,26.9,21.2
Chaguanas,2019-03-06,74.9,0.0,16.1,114.5,1014.7,39.6,6.8,270.7,23.4,22668,65773,0,31.0,23.0,26.6,33.8,23.0,27.7,21.4
Chaguanas,2019-03-07,75.7,0.0,16.1,119.7,1014.1,38.8,6.4,267.3,23.0,22636,65777,0,31.1,23.0,26.8,33.8,23.0,28.2,21.8
Chaguanas,2019-03-08,80.7,1.4986,20.8,114.5,1013.7,51.6,6.5,238.3,20.7,22604,65779,1,30.0,24.0,25.9,32.6,24.0,26.7,22.2
Chaguanas,2019-03-09,73.2,0.0,18.3,115.8,1013.3,45.0,7.3,273.2,23.5,22571,65782,0,31.0,23.2,26.7,33.1,23.2,27.4,21.1
Chaguanas,2019-03-10,75.0,0.0,20.8,109.6,1013.5,44.3,6.9,261.8,22.5,22538,65784,0,31.0,22.9,26.4,34.3,22.9,27.4,21.3
Chaguanas,2019-03-11,75.3,0.508,15.0,114.7,1013.5,47.5,7.3,246.3,21.3,22505,65786,1,31.0,23.0,26.1,33.1,23.0,26.9,21.1
Chaguanas,2019-03-12,83.4,8.991599999999998,16.1,108.0,1013.2,49.4,6.3,253.0,21.9,22472,65788,1,30.0,21.0,24.8,32.6,21.0,25.5,21.6
Chaguanas,2019-03-13,80.3,0.4064,16.1,105.9,1013.1,61.1,8.1,239.8,20.7,22438,65789,1,29.8,23.8,26.2,33.0,23.8,27.2,22.3
Chaguanas,2019-03-14,74.0,0.0,17.2,110.5,1013.4,42.8,7.3,267.1,22.9,22404,65790,0,31.0,24.0,26.8,33.8,24.0,27.8,21.5
Chaguanas,2019-03-15,77.9,0.0,13.9,109.8,1013.5,47.7,7.3,199.6,17.2,22369,65791,0,31.9,23.0,26.5,34.9,23.0,27.8,22.1
Chaguanas,2019-03-16,77.2,0.0,15.0,106.9,1013.6,45.2,6.6,263.0,22.6,22335,65792,0,32.0,24.8,27.0,35.8,24.8,28.4,22.4
Chaguanas,2019-03-17,74.8,0.0,16.1,107.1,1013.7,36.1,4.4,289.0,24.9,22300,65792,0,31.0,22.7,26.4,33.8,22.7,27.6,21.3
Chaguanas,2019-03-18,71.7,0.0,20.8,112.2,1013.7,28.5,4.6,277.3,23.9,22265,65792,0,31.0,23.2,26.7,32.1,23.2,27.4,20.7
Chaguanas,2019-03-19,72.3,0.0,17.2,106.2,1013.7,29.1,5.1,279.6,24.0,22229,65792,0,31.0,22.0,26.8,33.2,22.0,27.8,20.9
Chaguanas,2019-03-20,74.9,0.0,17.2,109.6,1013.2,35.7,6.4,284.0,24.4,22194,65792,0,31.0,23.1,26.8,34.6,23.1,28.2,21.7
Chaguanas,2019-03-21,72.0,0.0,15.0,119.2,1013.0,33.9,6.0,268.1,23.2,22159,65792,0,32.1,23.0,27.1,35.0,23.0,28.3,21.2
Chaguanas,2019-03-22,73.3,0.0,13.9,111.9,1013.4,49.0,6.5,284.8,24.7,22123,65792,0,32.0,22.0,26.8,34.9,22.0,28.2,21.2
Chaguanas,2019-03-23,68.9,0.0,18.3,107.4,1014.8,44.1,6.5,294.7,25.6,22087,65792,0,32.0,24.8,27.4,33.5,24.8,28.2,20.8
Chaguanas,2019-03-24,69.1,0.0,16.1,112.6,1014.8,31.4,7.0,297.1,25.8,22052,65791,0,32.2,22.8,27.2,33.8,22.8,28.1,20.6
Chaguanas,2019-03-25,73.0,0.0,17.2,112.7,1013.2,41.6,7.0,269.6,23.2,22016,65791,0,31.2,22.0,26.7,34.0,22.0,27.8,21.1
Chaguanas,2019-03-26,74.3,0.7874,15.0,121.2,1012.2,39.2,6.9,284.9,24.6,21980,65790,1,31.7,22.9,27.1,34.5,22.9,28.4,21.8
Chaguanas,2019-03-27,86.4,0.7111999999999999,17.2,114.4,1012.6,45.6,6.3,270.2,23.4,21944,65790,1,29.0,23.9,25.3,32.1,23.9,26.1,22.8
Chaguanas,2019-03-28,81.3,0.0,17.2,113.6,1013.1,42.5,7.0,270.7,23.4,21909,65790,0,32.0,23.0,26.4,36.8,23.0,28.0,22.7
Chaguanas,2019-03-29,80.7,0.0,16.1,120.1,1013.2,45.2,6.7,272.4,23.7,21873,65789,0,31.0,24.0,27.1,35.5,24.0,28.8,23.2
Chaguanas,2019-03-30,79.7,0.0,16.1,117.8,1013.3,47.4,7.0,272.1,23.5,21837,65789,0,31.0,24.0,26.9,34.6,24.0,28.5,22.9
Chaguanas,2019-03-31,74.5,0.0,16.1,114.2,1013.2,40.6,7.0,282.1,24.4,21802,65788,0,32.1,24.0,27.4,36.8,24.0,29.0,22.2
Chaguanas,2019-04-01,70.9,0.0,16.1,115.0,1013.3,31.7,6.7,279.6,24.2,21767,65788,0,32.1,23.0,27.3,34.5,23.0,28.4,21.1
Chaguanas,2019-04-02,73.1,0.2032,17.2,107.2,1014.0,43.4,7.0,250.6,21.6,21731,65788,1,32.0,23.0,26.8,34.2,23.0,27.8,21.2
Chaguanas,2019-04-03,81.7,0.7874,20.8,101.2,1014.9,54.9,6.3,228.9,19.9,21696,65788,1,29.9,23.0,25.5,32.3,23.0,26.1,21.9
Chaguanas,2019-04-04,73.2,0.0,18.3,103.1,1014.3,34.8,7.4,279.5,24.2,21662,65788,0,31.0,24.0,27.1,34.2,24.0,28.3,21.5
Chaguanas,2019-04-05,71.0,0.0,15.0,101.8,1014.1,38.2,7.2,299.4,26.1,21627,65788,0,32.0,23.8,27.1,34.9,23.8,28.3,21.1
Chaguanas,2019-04-06,80.6,2.9972,21.9,108.9,1014.7,50.1,6.9,245.2,21.2,21593,65788,1,31.0,23.8,26.3,34.6,23.8,27.5,22.4
Chaguanas,2019-04-07,66.9,0.0,18.3,99.8,1015.0,30.1,7.5,308.6,26.6,21559,65788,0,31.8,24.0,27.2,32.6,24.0,27.8,19.9
Chaguanas,2019-04-08,73.9,0.0,15.0,106.6,1014.3,39.2,7.6,288.3,25.1,21525,65789,0,32.0,22.0,26.7,34.9,22.0,27.9,21.3
Chaguanas,2019-04-09,73.9,0.0,19.7,108.7,1013.5,45.7,7.4,277.0,23.8,21491,65790,0,32.0,22.0,26.8,34.9,22.0,28.0,21.4
Chaguanas,2019-04-10,74.0,0.0,17.2,110.7,1012.6,42.8,7.2,302.9,26.3,21458,65791,0,32.0,22.9,27.2,35.8,22.9,28.8,21.8
Chaguanas,2019-04-11,74.2,0.0,19.7,116.6,1012.6,43.4,7.1,296.5,25.7,21425,65792,0,33.0,24.8,27.8,36.2,24.8,29.5,22.4
Chaguanas,2019-04-12,73.2,0.0,17.2,117.2,1012.8,46.4,7.4,288.0,24.8,21392,65793,0,33.0,24.9,28.1,37.1,24.9,29.6,22.4
Chaguanas,2019-04-13,74.7,0.0,23.0,111.9,1012.9,44.6,6.8,289.1,24.9,21360,65795,0,32.0,24.0,27.6,34.9,24.0,28.8,22.2
Chaguanas,2019-04-14,72.1,0.0,21.9,108.9,1012.6,46.7,6.8,294.2,25.3,21329,65797,0,33.0,25.0,27.9,36.2,25.0,29.5,22.1
Chaguanas,2019-04-15,72.3,0.0,17.2,115.4,1013.1,40.4,7.0,274.8,23.7,21297,65799,0,32.0,24.0,27.8,35.8,24.0,29.4,22.0
Chaguanas,2019-04-16,75.3,0.0,21.9,104.8,1013.6,40.7,6.7,265.1,22.9,21266,65801,0,31.0,24.8,27.2,34.6,24.8,28.7,22.3
Chaguanas,2019-04-17,82.1,0.0,17.2,102.9,1012.5,56.1,6.5,232.4,20.2,21236,65804,0,29.0,23.0,25.8,32.1,23.0,26.4,22.3
Chaguanas,2019-04-18,75.8,0.4064,20.8,106.4,1012.3,61.1,7.2,231.5,20.0,21206,65807,1,33.0,24.8,27.1,35.3,24.8,28.3,22.2
Chaguanas,2019-04-19,75.4,0.1016,19.7,111.9,1013.2,39.7,7.3,272.1,23.5,21176,65810,1,32.0,24.0,27.6,35.4,24.0,29.3,22.5
Chaguanas,2019-04-20,75.3,0.1016,20.8,103.2,1013.9,49.4,6.5,242.7,21.0,21147,65814,1,32.0,24.8,27.4,34.2,24.8,28.9,22.4
Chaguanas,2019-04-21,75.0,0.0,20.8,100.2,1013.3,49.3,6.7,271.6,23.7,21119,65817,0,31.0,25.0,27.6,34.6,25.0,29.2,22.6
Chaguanas,2019-04-22,76.3,0.0,15.0,107.2,1012.0,52.1,7.1,263.9,22.8,21091,65822,0,31.1,24.0,27.3,34.6,24.0,29.0,22.6
Chaguanas,2019-04-23,73.4,0.0,18.3,108.8,1011.9,41.1,7.1,272.7,23.7,21064,65826,0,33.0,23.9,27.8,36.2,23.9,29.7,22.3
Chaguanas,2019-04-24,74.2,0.0,17.2,110.1,1012.2,52.6,6.8,269.4,23.3,21037,65831,0,33.0,24.9,28.5,38.1,24.9,31.1,23.3
Chaguanas,2019-04-25,79.7,5.0038,19.7,104.2,1013.0,52.0,6.9,233.3,20.1,21011,65836,1,32.0,25.9,28.2,37.9,25.9,31.5,24.2
Chaguanas,2019-04-26,81.4,0.2032,19.7,113.8,1013.6,54.6,6.3,239.0,20.8,20985,65842,1,32.0,25.0,28.1,37.1,25.0,30.9,24.3
Chaguanas,2019-04-27,74.5,0.0,18.3,117.3,1013.9,50.6,7.0,283.6,24.4,20960,65848,0,32.8,24.7,28.2,36.8,24.7,30.2,22.9
Chaguanas,2019-04-28,75.2,0.0,17.2,116.4,1013.7,45.7,7.4,259.8,22.4,20936,65854,0,32.2,24.0,27.9,39.6,24.0,30.1,22.8
Chaguanas,2019-04-29,78.0,0.4064,16.1,111.6,1013.7,47.0,7.2,263.3,22.7,20912,65861,1,32.0,23.2,27.4,35.8,23.2,29.3,23.0
Chaguanas,2019-04-30,72.3,0.0,19.7,109.1,1014.0,41.6,7.0,307.8,26.5,20889,65868,0,32.0,24.0,27.9,35.8,24.0,29.4,22.1
Chaguanas,2019-05-01,74.1,0.3048,19.7,111.1,1014.4,45.9,7.0,266.2,23.0,20867,65876,1,32.2,24.9,27.7,36.8,24.9,29.7,22.5
Chaguanas,2019-05-02,77.4,1.397,21.9,106.2,1013.4,58.0,6.8,268.6,23.3,20845,65883,1,31.0,25.0,27.1,34.6,25.0,28.7,22.7
Chaguanas,2019-05-03,82.3,3.8861999999999997,19.7,107.8,1012.9,61.4,6.2,231.5,19.9,20824,65892,1,31.0,24.0,26.4,34.6,24.0,27.6,22.9
Chaguanas,2019-05-04,75.3,3.0987999999999998,21.9,107.8,1012.7,48.7,7.2,275.7,23.8,20804,65900,1,31.7,24.0,27.6,35.2,24.0,29.6,22.6
Chaguanas,2019-05-05,77.9,2.0065999999999997,20.8,104.7,1012.7,49.5,6.7,283.2,24.4,20784,65909,1,31.0,24.2,27.2,34.6,24.2,28.5,22.7
Chaguanas,2019-05-06,77.8,0.0,20.8,112.6,1013.6,55.7,6.6,272.7,23.4,20765,65919,0,32.0,24.9,27.7,37.0,24.9,29.7,23.2
Chaguanas,2019-05-07,77.5,0.0,20.8,115.0,1013.0,50.4,7.1,280.3,24.2,20747,65928,0,32.0,25.0,27.8,36.8,25.0,30.1,23.3
Chaguanas,2019-05-08,78.5,0.0,18.3,109.2,1012.1,51.1,6.5,275.8,23.8,20730,65938,0,31.6,25.0,27.8,36.1,25.0,30.0,23.4
Chaguanas,2019-05-09,73.8,0.0,17.2,107.3,1012.0,46.8,6.6,289.7,25.1,20714,65949,0,33.0,25.7,28.5,36.6,25.7,30.9,23.0
Chaguanas,2019-05-10,78.8,1.397,20.8,105.7,1011.1,45.8,6.2,246.4,21.5,20698,65960,1,32.0,25.9,28.1,36.8,25.9,31.3,23.9
Chaguanas,2019-05-11,77.5,0.0,19.7,105.2,1011.9,53.0,6.2,262.1,22.6,20683,65971,0,32.0,25.9,28.4,37.9,25.9,31.7,23.9
Chaguanas,2019-05-12,79.1,1.6001999999999998,24.2,106.9,1013.6,52.2,6.5,233.9,20.2,20669,65983,1,32.0,25.0,28.1,36.8,25.0,31.1,23.9
Chaguanas,2019-05-13,77.7,0.9905999999999999,23.0,106.4,1014.5,49.4,6.3,271.6,23.5,20655,65995,1,32.0,25.8,28.0,36.8,25.8,30.8,23.6
Chaguanas,2019-05-14,73.9,0.0,20.8,105.6,1014.2,43.9,6.6,257.8,22.3,20643,66007,0,32.2,25.0,28.2,36.1,25.0,30.7,22.9
Chaguanas,2019-05-15,75.3,0.0,18.3,106.9,1013.9,44.0,6.8,276.8,23.8,20631,66019,0,33.0,24.9,28.4,38.1,24.9,31.3,23.4
Chaguanas,2019-05-16,75.8,0.0,21.9,113.7,1013.7,47.4,6.8,271.7,23.3,20620,66032,0,33.0,24.2,28.2,42.3,24.2,30.7,23.2
Chaguanas,2019-05-17,76.3,0.4064,20.8,111.0,1013.0,48.9,6.6,303.8,26.1,20609,66046,1,33.0,25.0,27.9,37.1,25.0,29.8,23.1
Chaguanas,2019-05-18,74.0,0.0,18.3,107.0,1012.2,38.4,6.8,294.6,25.4,20600,66059,0,32.0,24.0,27.9,35.8,24.0,29.9,22.5
Chaguanas,2019-05-19,76.4,0.9905999999999999,20.8,110.1,1012.8,39.2,7.2,275.4,23.8,20591,66073,1,32.2,24.0,27.8,39.2,24.0,29.9,23.0
Chaguanas,2019-05-20,72.8,0.0,18.3,102.1,1012.8,33.6,7.1,293.0,25.3,20584,66087,0,32.9,24.0,28.0,36.8,24.0,29.9,22.3
Chaguanas,2019-05-21,68.8,0.0,17.2,110.8,1012.4,36.6,7.3,248.7,21.7,20577,66102,0,33.7,24.0,28.4,39.9,24.0,30.6,21.9
Chaguanas,2019-05-22,76.0,0.0,18.3,111.9,1012.4,53.5,7.0,201.8,17.5,20570,66116,0,33.0,25.0,27.9,39.3,25.0,30.1,23.1
Chaguanas,2019-05-23,75.7,0.0,15.0,111.3,1012.0,42.3,7.0,263.5,22.8,20565,66131,0,33.7,25.0,28.7,44.7,25.0,31.9,23.7
Chaguanas,2019-05-24,73.1,0.0,16.1,111.7,1012.0,43.5,7.0,264.3,22.6,20560,66146,0,33.2,26.0,28.9,38.1,26.0,31.6,23.2
Chaguanas,2019-05-25,84.5,3.9878,17.2,100.6,1011.8,51.1,6.1,218.6,18.8,20556,66162,1,31.0,25.9,27.4,36.6,25.9,29.9,24.5
Chaguanas,2019-05-26,77.5,9.4996,16.1,108.3,1012.4,56.7,6.6,263.3,22.6,20553,66177,1,32.8,25.0,28.0,37.7,25.0,30.1,23.3
Chaguanas,2019-05-27,71.7,0.0,16.1,113.4,1012.1,52.7,7.6,259.4,22.5,20551,66193,0,33.0,24.8,28.1,36.2,24.8,29.9,22.2
Chaguanas,2019-05-28,86.6,25.019,16.1,110.5,1012.3,59.2,6.5,229.3,19.8,20550,66209,1,31.0,24.0,26.3,35.5,24.0,27.2,23.8
Chaguanas,2019-05-29,76.9,0.0,16.1,117.5,1012.6,47.6,6.7,264.2,22.9,20549,66225,0,32.0,25.0,28.2,36.8,25.0,30.5,23.4
Chaguanas,2019-05-30,71.7,0.3048,15.0,124.2,1012.6,53.6,6.8,275.8,23.8,20549,66241,1,32.0,25.0,27.9,33.8,25.0,29.2,21.8
Chaguanas,2019-05-31,69.3,0.0,15.0,118.4,1012.5,39.4,7.5,255.7,22.3,20550,66257,0,33.0,24.0,28.1,36.2,24.0,29.5,21.4
Chaguanas,2019-06-01,71.0,0.0,16.1,123.9,1011.7,41.2,7.6,267.4,23.1,20551,66274,0,32.0,24.0,27.8,34.6,24.0,29.7,21.8
Chaguanas,2019-06-02,87.0,7.010400000000001,18.3,126.6,1012.9,50.7,6.9,137.4,11.9,20553,66290,1,28.0,24.2,26.2,32.7,24.2,27.4,23.8
Chaguanas,2019-06-03,84.8,8.001,19.7,114.5,1014.3,47.3,6.1,213.8,18.5,20556,66306,1,32.0,25.8,27.4,39.2,25.8,30.1,24.6
Chaguanas,2019-06-04,82.3,2.6923999999999997,18.3,109.0,1014.4,54.8,6.2,220.7,19.1,20560,66323,1,31.0,25.8,27.9,37.8,25.8,30.9,24.5
Chaguanas,2019-06-05,79.2,3.0987999999999998,16.1,114.5,1014.1,51.3,6.7,225.5,19.4,20564,66339,1,30.0,25.8,27.6,34.6,25.8,29.8,23.6
Chaguanas,2019-06-06,73.5,2.9972,16.1,113.6,1013.2,51.2,6.7,224.6,19.4,20569,66356,1,32.0,25.0,28.1,35.8,25.0,30.1,22.6
Chaguanas,2019-06-07,77.4,0.0,18.3,111.4,1012.7,44.8,6.4,281.5,24.2,20575,66372,0,32.0,24.0,27.7,36.8,24.0,29.8,23.1
Chaguanas,2019-06-08,75.7,0.0,15.0,105.6,1013.8,47.0,6.9,190.4,16.5,20581,66388,0,31.0,26.0,28.3,35.5,26.0,31.6,23.5
Chaguanas,2019-06-09,84.5,0.0,13.9,120.9,1014.2,49.9,6.3,155.5,13.3,20588,66405,0,30.1,24.0,26.9,36.2,24.0,29.3,24.1
Chaguanas,2019-06-10,74.4,0.0,19.7,111.2,1014.8,55.3,5.9,250.9,21.6,20595,66421,0,32.0,24.0,27.6,34.9,24.0,29.3,22.3
Chaguanas,2019-06-11,73.7,0.0,18.3,112.2,1014.3,51.6,6.6,270.5,23.5,20603,66437,0,32.0,24.0,27.7,35.8,24.0,29.4,22.2
Chaguanas,2019-06-12,71.6,0.0,21.9,105.3,1014.0,42.8,7.1,287.5,24.7,20612,66452,0,33.0,24.0,28.0,35.3,24.0,29.8,22.0
Chaguanas,2019-06-13,74.7,4.2926,15.0,107.4,1014.2,48.7,6.7,239.2,20.5,20621,66468,1,33.0,25.0,27.7,37.1,25.0,29.2,22.4
Chaguanas,2019-06-14,75.1,2.0065999999999997,17.2,112.7,1014.1,38.7,6.6,295.6,25.4,20631,66483,1,32.0,24.9,28.1,35.8,24.9,30.0,22.9
Chaguanas,2019-06-15,82.2,2.0065999999999997,17.2,116.5,1013.6,57.0,6.8,212.1,18.3,20641,66498,1,31.0,25.0,27.5,36.6,25.0,30.3,24.1
Chaguanas,2019-06-16,81.5,3.9878,23.0,105.2,1013.7,53.5,5.9,166.8,14.3,20652,66513,1,32.0,25.1,27.8,37.9,25.1,30.5,24.2
Chaguanas,2019-06-17,93.0,70.40879999999999,17.2,106.6,1014.9,64.1,5.1,85.7,7.5,20663,66528,1,28.0,23.9,25.5,32.7,23.9,25.9,24.2
Chaguanas,2019-06-18,92.2,28.3972,13.9,108.9,1014.4,53.5,6.1,129.6,11.2,20674,66542,1,27.0,24.9,25.5,31.2,24.9,25.8,24.2
Chaguanas,2019-06-19,87.1,10.769599999999999,16.1,109.0,1014.2,57.6,6.0,123.2,10.8,20686,66556,1,28.1,25.0,26.4,32.1,25.0,27.7,24.1
Chaguanas,2019-06-20,80.3,0.1016,18.3,110.2,1015.9,54.8,5.9,231.5,19.9,20699,66570,1,31.0,25.0,27.7,36.6,25.0,30.4,23.8
Chaguanas,2019-06-21,74.0,0.0,23.0,103.9,1016.3,46.7,5.7,284.6,24.6,20712,66583,0,32.0,25.0,28.2,36.8,25.0,30.7,22.9
Chaguanas,2019-06-22,78.3,2.9972,17.2,110.4,1015.8,50.6,6.4,254.0,21.8,20725,66595,1,32.0,25.0,27.6,36.8,25.0,29.3,23.2
Chaguanas,2019-06-23,84.3,2.0065999999999997,9.2,108.9,1015.5,44.0,7.3,199.5,17.3,20738,66608,1,30.0,25.0,27.1,36.2,25.0,29.1,24.1
Chaguanas,2019-06-24,76.3,0.508,19.7,104.3,1013.4,34.0,7.1,236.8,20.5,20752,66620,1,32.0,25.0,27.9,36.8,25.0,30.4,23.2
Chaguanas,2019-06-25,69.1,0.0,18.3,104.9,1013.5,43.9,6.5,280.2,24.1,20766,66631,0,32.0,26.0,28.6,35.8,26.0,30.9,22.2
Chaguanas,2019-06-26,72.4,0.0,19.7,108.1,1014.3,34.8,6.7,288.8,25.2,20780,66642,0,32.1,24.9,28.1,35.8,24.9,29.9,22.3
Chaguanas,2019-06-27,69.7,0.0,20.8,114.6,1013.5,43.6,7.3,295.5,25.6,20795,66652,0,32.0,25.0,27.9,34.2,25.0,29.6,21.6
Chaguanas,2019-06-28,87.1,16.205199999999998,15.0,102.5,1013.8,51.9,6.2,165.9,14.1,20809,66662,1,27.0,25.0,26.2,30.7,25.0,27.4,23.9
Chaguanas,2019-06-29,76.4,0.0,23.0,101.6,1013.4,39.7,5.6,277.9,23.7,20824,66671,0,31.0,25.9,28.1,35.5,25.9,30.8,23.4
Chaguanas,2019-06-30,76.3,40.2082,20.8,98.7,1012.9,57.4,5.7,239.2,20.8,20839,66680,1,32.0,24.8,28.0,35.5,24.8,30.3,23.2
Chaguanas,2019-07-01,79.6,0.0,23.0,97.8,1013.4,56.8,4.9,144.2,12.4,20854,66688,0,31.0,25.0,27.6,35.5,25.0,29.8,23.6
Chaguanas,2019-07-02,72.4,0.0,15.2,97.2,1013.5,38.7,6.8,298.3,25.8,20870,66695,0,32.0,25.7,28.2,36.8,25.7,30.4,22.6
Chaguanas,2019-07-03,70.1,0.0,17.2,101.4,1012.6,29.9,7.1,283.3,24.4,20885,66702,0,32.1,24.0,28.1,35.0,24.0,29.8,21.8
Chaguanas,2019-07-04,82.7,16.9926,20.8,105.6,1012.8,47.8,6.9,210.8,18.1,20900,66708,1,31.1,23.0,27.1,36.7,23.0,29.3,23.7
Chaguanas,2019-07-05,85.0,20.193,23.0,106.0,1014.6,50.6,5.8,173.7,15.1,20916,66713,1,30.1,24.0,26.8,35.1,24.0,28.5,24.0
Chaguanas,2019-07-06,76.2,0.0,13.9,114.7,1015.2,43.4,6.3,230.5,19.9,20931,66718,0,31.0,25.0,27.8,36.6,25.0,29.9,23.1
Chaguanas,2019-07-07,76.4,0.4064,13.9,109.7,1014.5,39.6,7.0,258.6,22.4,20947,66722,1,32.1,24.9,27.9,36.2,24.9,30.3,23.1
Chaguanas,2019-07-08,80.5,2.0065999999999997,17.2,107.7,1014.4,49.2,7.3,252.1,21.8,20962,66726,1,32.0,25.0,27.2,37.9,25.0,29.1,23.4
Chaguanas,2019-07-09,84.7,11.4046,18.3,123.4,1015.5,56.2,6.8,161.8,13.8,20978,66728,1,30.2,25.0,27.1,36.9,25.0,29.7,24.2
Chaguanas,2019-07-10,74.9,0.9905999999999999,16.1,100.9,1015.0,30.7,6.9,295.2,25.3,20993,66730,1,32.0,25.0,28.1,34.9,25.0,30.2,22.9
Chaguanas,2019-07-11,80.8,7.010400000000001,15.0,106.2,1012.7,38.5,6.3,259.9,22.3,21008,66731,1,30.0,23.9,26.6,34.2,23.9,28.2,22.9
Chaguanas,2019-07-12,80.8,0.0,11.4,116.2,1012.2,41.0,7.0,156.9,13.7,21023,66731,0,31.0,24.0,27.1,35.1,24.0,29.2,23.3
Chaguanas,2019-07-13,81.8,2.0065999999999997,15.0,107.7,1013.4,44.5,7.0,232.6,20.1,21038,66731,1,31.0,24.9,27.4,36.2,24.9,29.9,23.9
Chaguanas,2019-07-14,76.9,0.6096,18.3,106.3,1012.8,41.1,6.8,260.6,22.6,21053,66729,1,32.0,24.0,27.3,35.8,24.0,29.0,22.8
Chaguanas,2019-07-15,79.4,4.8006,16.1,107.4,1012.2,52.7,6.5,186.1,16.0,21067,66727,1,32.1,24.8,27.7,37.7,24.8,30.1,23.6
Chaguanas,2019-07-16,74.3,0.9905999999999999,15.0,103.8,1013.8,42.2,7.2,214.8,18.5,21082,66724,1,32.0,24.9,27.8,34.6,24.9,29.6,22.4
Chaguanas,2019-07-17,86.6,8.407399999999999,17.2,110.8,1014.6,53.9,6.9,132.8,11.6,21096,66721,1,30.0,24.0,26.1,34.2,24.0,26.9,23.6
Chaguanas,2019-07-18,80.7,0.9905999999999999,13.9,122.0,1014.5,47.2,7.1,257.6,22.2,21110,66716,1,32.0,24.0,27.7,37.8,24.0,30.6,23.9
Chaguanas,2019-07-19,73.8,0.0,18.3,104.6,1014.4,30.5,6.7,249.2,21.6,21123,66711,0,32.0,25.0,28.2,36.8,25.0,30.4,22.8
Chaguanas,2019-07-20,72.2,0.2032,16.1,109.5,1013.7,36.7,7.3,302.3,26.1,21137,66705,1,32.0,25.0,27.9,35.8,25.0,29.9,22.3
Chaguanas,2019-07-21,83.5,4.7752,18.3,119.4,1013.2,46.5,6.7,244.6,21.1,21150,66698,1,31.1,24.0,26.6,35.5,24.0,27.8,23.4
Chaguanas,2019-07-22,78.8,0.9905999999999999,16.1,110.9,1013.5,45.2,7.5,226.0,19.5,21162,66690,1,32.1,24.9,28.0,36.8,24.9,30.4,23.6
Chaguanas,2019-07-23,78.3,3.0987999999999998,17.2,114.2,1013.8,43.3,6.8,235.6,20.3,21175,66681,1,32.0,25.0,28.0,37.8,25.0,30.7,23.7
Chaguanas,2019-07-24,76.8,3.4036,16.1,112.4,1013.7,33.7,7.2,274.1,23.5,21187,66671,1,32.0,24.0,27.7,36.8,24.0,29.9,22.9
Chaguanas,2019-07-25,75.0,0.0,16.1,114.4,1013.5,32.3,7.4,261.0,22.6,21199,66661,0,33.0,24.0,28.2,37.1,24.0,30.7,23.0
Chaguanas,2019-07-26,70.3,0.2032,20.8,104.5,1013.8,34.4,6.3,269.8,23.4,21210,66650,1,32.3,25.0,28.6,36.6,25.0,31.0,22.4
Chaguanas,2019-07-27,84.0,35.9918,9.2,127.0,1014.1,45.9,6.5,221.2,18.8,21222,66638,1,30.0,23.0,25.8,36.9,23.0,26.9,22.8
Chaguanas,2019-07-28,85.7,0.1016,6.9,226.1,1013.0,51.3,6.9,244.9,21.0,21232,66625,1,29.2,22.9,25.5,33.0,22.9,26.8,22.8
Chaguanas,2019-07-29,85.7,6.095999999999999,13.9,112.1,1012.7,45.7,6.8,242.1,20.8,21243,66611,1,32.1,23.0,25.8,39.2,23.0,27.2,23.1
Chaguanas,2019-07-30,80.4,0.1016,12.8,108.9,1013.1,50.1,7.2,267.0,23.0,21253,66597,1,32.0,24.0,27.7,37.9,24.0,30.6,23.8
Chaguanas,2019-07-31,75.1,0.0,17.2,105.6,1013.2,41.9,7.2,268.7,23.2,21262,66581,0,32.2,25.0,28.3,37.1,25.0,30.9,23.2
Chaguanas,2019-08-01,75.2,2.0065999999999997,13.9,110.1,1011.9,30.9,7.3,289.4,25.0,21272,66565,1,33.0,24.0,27.9,36.8,24.0,30.1,22.8
Chaguanas,2019-08-02,80.4,0.1016,13.9,91.4,1011.7,42.1,7.6,251.6,21.8,21281,66548,1,32.1,24.0,27.7,39.2,24.0,30.7,23.8
Chaguanas,2019-08-03,83.6,63.9826,15.0,96.1,1013.2,49.2,6.4,175.2,15.1,21289,66530,1,31.0,24.0,26.9,35.5,24.0,28.8,23.8
Chaguanas,2019-08-04,82.9,29.9974,16.1,68.6,1013.6,48.7,6.8,203.9,17.6,21297,66511,1,33.0,24.0,27.0,38.1,24.0,29.0,23.7
Chaguanas,2019-08-05,86.0,10.0076,16.1,294.3,1014.6,56.5,6.7,212.0,18.3,21305,66492,1,31.0,23.0,26.2,37.8,23.0,28.0,23.6
Chaguanas,2019-08-06,83.5,12.9032,8.1,244.1,1015.4,43.2,6.9,211.9,18.2,21312,66472,1,32.0,24.0,26.7,39.2,24.0,28.4,23.4
Chaguanas,2019-08-07,84.6,13.9954,12.8,129.1,1016.1,42.9,6.7,166.4,14.3,21319,66451,1,30.0,24.0,26.2,34.2,24.0,27.5,23.3
Chaguanas,2019-08-08,79.8,4.013199999999999,6.9,105.4,1015.9,42.8,7.2,182.9,15.9,21325,66429,1,32.0,24.0,27.5,36.6,24.0,30.0,23.5
Chaguanas,2019-08-09,74.2,0.0,13.9,106.1,1015.0,35.9,7.5,259.1,22.3,21331,66407,0,33.0,24.8,28.6,38.1,24.8,31.4,23.3
Chaguanas,2019-08-10,78.3,15.011399999999998,12.8,119.0,1014.6,44.9,7.0,170.4,14.6,21336,66383,1,31.2,24.0,27.3,35.5,24.0,29.3,23.0
Chaguanas,2019-08-11,76.6,0.9905999999999999,11.4,105.0,1014.4,33.4,7.2,218.4,18.6,21342,66359,1,32.0,24.0,27.7,35.8,24.0,29.9,22.9
Chaguanas,2019-08-12,89.6,24.790399999999998,11.4,107.5,1013.0,48.1,6.6,124.2,10.7,21346,66335,1,29.0,24.9,26.2,34.6,24.9,27.2,24.3
Chaguanas,2019-08-13,79.5,0.3048,21.9,101.7,1013.2,49.1,7.2,233.3,20.2,21351,66309,1,32.0,25.0,27.8,35.8,25.0,30.2,23.7
Chaguanas,2019-08-14,86.4,1.8795999999999997,15.0,106.9,1014.3,43.9,6.9,114.5,9.8,21354,66283,1,31.2,24.9,26.6,36.5,24.9,28.0,24.1
Chaguanas,2019-08-15,91.3,18.9992,10.3,95.0,1014.6,48.0,6.3,87.0,7.5,21358,66257,1,27.0,24.9,25.7,30.7,24.9,26.3,24.2
Chaguanas,2019-08-16,75.9,0.0,20.8,101.5,1013.9,32.9,6.3,254.5,22.0,21361,66229,0,32.0,24.9,28.4,36.8,24.9,30.8,23.4
Chaguanas,2019-08-17,81.7,0.0,11.4,109.9,1014.0,48.7,6.7,184.4,15.8,21364,66201,0,31.0,25.0,27.4,36.6,25.0,29.8,23.8
Chaguanas,2019-08-18,78.8,7.112,9.2,125.5,1014.2,49.7,7.7,198.0,16.9,21366,66173,1,32.2,24.0,27.8,38.1,24.0,30.4,23.5
Chaguanas,2019-08-19,75.5,0.0,11.4,103.0,1014.2,47.5,7.9,207.3,17.8,21368,66143,0,32.1,25.0,28.3,37.3,25.0,30.8,23.3
Chaguanas,2019-08-20,76.5,0.0,11.4,116.0,1014.3,41.1,6.9,204.3,17.5,21370,66114,0,33.0,24.9,28.3,40.6,24.9,31.3,23.6
Chaguanas,2019-08-21,78.1,0.7874,11.4,106.8,1013.9,35.5,6.9,231.0,20.1,21371,66083,1,31.3,24.0,27.1,36.6,24.0,29.3,22.8
Chaguanas,2019-08-22,75.4,0.0,13.9,121.4,1014.4,31.3,6.8,220.5,18.9,21372,66052,0,33.0,25.0,28.5,39.3,25.0,31.3,23.4
Chaguanas,2019-08-23,76.3,0.0,16.1,107.5,1014.7,31.2,7.0,169.6,14.8,21372,66021,0,32.0,25.0,28.4,37.9,25.0,31.2,23.6
Chaguanas,2019-08-24,81.4,2.0065999999999997,15.0,100.4,1014.7,34.0,6.9,208.6,18.0,21372,65989,1,31.0,24.0,27.0,35.5,24.0,29.2,23.4
Chaguanas,2019-08-25,76.0,0.0,15.0,106.4,1013.4,30.0,5.9,246.3,21.2,21372,65956,0,33.0,24.0,28.3,40.7,24.0,31.1,23.3
Chaguanas,2019-08-26,79.2,5.9944,9.2,312.7,1012.6,36.4,6.1,189.4,16.5,21372,65923,1,32.2,24.0,27.7,37.8,24.0,30.2,23.5
Chaguanas,2019-08-27,82.1,8.001,11.4,120.5,1012.3,43.6,6.1,173.6,15.0,21371,65889,1,31.0,24.0,27.5,36.6,24.0,30.2,23.9
Chaguanas,2019-08-28,76.9,0.0,13.9,128.3,1012.8,30.4,6.7,254.3,21.9,21370,65855,0,32.9,26.0,28.8,38.0,26.0,32.0,24.0
Chaguanas,2019-08-29,75.2,0.0,11.4,113.8,1013.1,34.5,6.8,272.1,23.6,21369,65821,0,33.0,25.0,28.8,39.3,25.0,32.1,23.7
Chaguanas,2019-08-30,72.5,0.0,9.2,122.4,1012.6,33.6,6.9,280.9,24.2,21367,65786,0,33.0,24.2,28.5,37.1,24.2,30.8,22.6
Chaguanas,2019-08-31,77.5,0.0,11.4,122.4,1012.1,34.7,7.5,207.5,18.0,21365,65751,0,33.0,24.0,28.0,38.1,24.0,30.9,23.5
Chaguanas,2019-09-01,75.7,2.0065999999999997,11.4,131.9,1012.3,39.5,6.8,195.3,16.8,21363,65715,1,33.0,25.0,28.7,38.8,25.0,32.2,23.8
Chaguanas,2019-09-02,73.9,0.0,13.9,115.3,1011.2,33.0,7.5,213.2,18.5,21361,65679,0,33.0,25.0,28.7,38.1,25.0,31.6,23.3
Chaguanas,2019-09-03,87.5,12.420599999999999,9.2,127.3,1011.6,41.8,7.0,139.5,12.0,21358,65643,1,30.0,25.0,26.5,35.1,25.0,27.9,24.2
Chaguanas,2019-09-04,87.8,9.017,12.8,125.1,1012.9,42.8,6.6,113.1,9.8,21356,65607,1,31.0,24.0,26.3,35.9,24.0,27.9,24.0
Chaguanas,2019-09-05,78.5,0.0,11.4,135.1,1013.3,42.1,7.3,237.1,20.3,21353,65570,0,33.0,25.0,28.5,38.9,25.0,31.9,24.1
Chaguanas,2019-09-06,76.7,0.0,8.1,135.6,1013.4,38.8,6.6,213.9,18.2,21350,65532,0,33.0,25.0,28.4,38.1,25.0,31.2,23.7
Chaguanas,2019-09-07,77.6,0.0,8.1,128.0,1013.6,48.8,6.7,215.6,18.6,21346,65495,0,33.0,24.0,28.1,39.3,24.0,31.0,23.6
Chaguanas,2019-09-08,73.5,0.0,11.4,127.0,1014.2,39.5,6.9,225.3,19.4,21343,65457,0,33.1,24.8,28.6,37.1,24.8,31.1,23.0
Chaguanas,2019-09-09,80.2,3.5052000000000003,11.4,113.4,1014.1,38.7,7.2,207.5,18.0,21339,65420,1,33.0,25.0,28.1,39.3,25.0,31.2,24.2
Chaguanas,2019-09-10,77.7,0.7874,17.2,110.2,1012.8,51.7,7.1,181.3,15.6,21336,65381,1,32.0,26.0,28.3,36.8,26.0,31.0,23.8
Chaguanas,2019-09-11,79.7,0.508,11.4,131.0,1011.5,42.3,6.7,209.1,18.0,21332,65343,1,32.0,25.0,28.2,37.9,25.0,31.4,24.2
Chaguanas,2019-09-12,76.5,0.0,10.3,121.5,1010.8,54.7,7.9,227.2,19.6,21328,65305,0,34.0,25.0,29.0,39.4,25.0,32.4,24.1
Chaguanas,2019-09-13,75.4,0.0,16.1,122.8,1011.9,46.9,7.3,212.6,18.1,21324,65266,0,34.0,25.0,28.9,40.6,25.0,32.3,23.8
Chaguanas,2019-09-14,73.7,0.0,13.9,117.3,1012.5,37.4,7.1,218.1,18.7,21320,65228,0,33.1,25.0,28.9,38.1,25.0,32.0,23.4
Chaguanas,2019-09-15,77.1,3.9878,13.9,69.4,1011.4,39.2,7.2,159.1,13.9,21316,65189,1,33.2,24.0,28.1,38.6,24.0,30.5,23.4
Chaguanas,2019-09-16,83.4,0.2032,13.9,82.3,1010.8,38.3,6.7,113.8,9.8,21312,65150,1,33.0,24.2,27.1,38.1,24.2,28.7,23.8
Chaguanas,2019-09-17,91.0,3.9878,9.2,107.0,1010.7,57.8,5.9,50.7,4.3,21308,65112,1,27.1,25.0,26.0,30.7,25.0,26.6,24.4
Chaguanas,2019-09-18,87.0,12.014199999999999,11.4,120.1,1009.5,46.5,7.2,101.8,8.8,21304,65073,1,31.2,24.8,26.4,36.6,24.8,27.7,23.9
Chaguanas,2019-09-19,84.0,0.2032,9.2,134.4,1009.2,52.9,7.1,176.9,15.4,21300,65034,1,32.0,24.0,27.4,37.9,24.0,30.4,24.3
Chaguanas,2019-09-20,78.4,0.0,11.4,126.9,1011.1,44.0,7.8,233.7,20.1,21296,64995,0,33.0,24.8,28.8,40.6,24.8,32.8,24.4
Chaguanas,2019-09-21,86.0,16.3068,10.3,104.6,1010.9,49.3,6.3,228.0,19.8,21292,64957,1,31.0,25.9,27.4,39.1,25.9,30.3,24.8
Chaguanas,2019-09-22,92.8,64.008,9.2,178.5,1011.6,62.2,5.8,46.1,3.9,21288,64918,1,27.0,23.9,24.7,30.7,23.9,25.0,23.4
Chaguanas,2019-09-23,79.7,0.3048,12.3,132.9,1012.9,52.2,8.2,201.4,17.4,21285,64879,1,32.0,24.0,27.2,35.8,24.0,29.6,23.2
Chaguanas,2019-09-24,78.6,3.9878,11.4,121.3,1012.9,48.0,7.5,228.4,19.7,21281,64841,1,33.0,25.0,28.4,39.3,25.0,32.2,24.2
Chaguanas,2019-09-25,77.4,0.0,9.2,129.8,1013.3,41.4,7.1,166.1,14.4,21278,64803,0,32.0,25.9,28.6,39.2,25.9,31.9,24.1
Chaguanas,2019-09-26,74.9,0.0,11.4,131.2,1012.5,41.4,6.8,133.8,11.5,21274,64765,0,33.8,25.0,28.8,38.1,25.0,31.9,23.6
Chaguanas,2019-09-27,73.9,0.0,12.8,101.4,1012.2,31.0,7.6,182.3,15.8,21271,64727,0,33.0,24.0,28.3,38.1,24.0,30.8,22.9
Chaguanas,2019-09-28,74.8,0.0,11.4,130.5,1011.9,36.5,7.9,173.4,14.9,21268,64689,0,33.0,24.0,28.0,38.1,24.0,30.5,22.8
Chaguanas,2019-09-29,79.7,2.0065999999999997,10.3,131.1,1011.3,53.6,7.4,167.5,14.4,21265,64652,1,32.0,25.0,28.1,37.9,25.0,31.3,24.1
Chaguanas,2019-09-30,82.4,7.9756,11.4,114.7,1010.5,52.4,7.0,107.0,9.3,21263,64614,1,31.0,26.0,27.8,37.8,26.0,31.2,24.4
Chaguanas,2019-10-01,78.2,0.0,11.4,126.1,1010.1,39.0,7.2,201.5,17.4,21261,64577,0,33.1,24.0,28.5,40.4,24.0,31.9,24.1
Chaguanas,2019-10-02,75.4,0.9905999999999999,13.9,104.4,1010.4,40.2,7.0,179.0,15.4,21259,64541,1,33.0,25.9,28.7,38.1,25.9,31.6,23.6
Chaguanas,2019-10-03,83.0,20.777199999999997,13.9,113.7,1011.8,54.5,6.5,151.3,13.1,21257,64504,1,32.0,24.9,27.7,39.2,24.9,31.0,24.4
Chaguanas,2019-10-04,79.7,1.1938,17.4,118.7,1012.6,50.0,7.1,201.5,17.4,21256,64469,1,33.0,25.0,28.1,39.3,25.0,31.0,24.1
Chaguanas,2019-10-05,81.3,4.013199999999999,11.4,114.4,1011.7,47.0,7.1,230.6,19.9,21254,64433,1,32.0,24.8,27.2,36.9,24.8,28.9,23.6
Chaguanas,2019-10-06,80.7,0.1016,15.0,115.7,1011.1,37.5,6.4,222.8,19.3,21254,64398,1,32.0,24.0,27.9,38.5,24.0,31.1,24.1
Chaguanas,2019-10-07,77.4,0.0,10.3,123.9,1010.3,49.2,5.2,228.1,19.6,21253,64363,0,32.2,25.0,28.3,37.9,25.0,30.9,23.7
Chaguanas,2019-10-08,91.0,14.020800000000001,10.3,109.9,1010.6,50.3,6.7,77.4,6.6,21253,64329,1,28.0,24.0,25.2,32.7,24.0,25.6,23.6
Chaguanas,2019-10-09,88.0,4.0893999999999995,12.8,125.4,1010.5,44.5,7.0,75.6,6.5,21254,64295,1,31.1,23.0,25.7,36.7,23.0,26.7,23.4
Chaguanas,2019-10-10,89.8,51.9938,11.4,146.7,1010.7,52.2,7.1,85.4,7.2,21254,64262,1,30.1,23.0,25.1,36.2,23.0,25.9,23.3
Chaguanas,2019-10-11,81.0,1.016,9.2,129.2,1010.9,52.5,7.1,159.9,14.0,21255,64229,1,32.0,23.0,27.0,37.9,23.0,29.1,23.2
Chaguanas,2019-10-12,77.3,0.0,12.8,128.7,1011.6,45.0,7.2,194.3,16.8,21257,64196,0,32.0,24.0,28.0,36.8,24.0,30.5,23.4
Chaguanas,2019-10-13,78.1,0.0,13.9,115.5,1011.7,44.8,7.1,140.3,12.0,21259,64165,0,33.0,24.0,27.6,37.1,24.0,29.6,23.1
Chaguanas,2019-10-14,88.0,1.1176,12.8,130.1,1012.1,44.3,6.6,96.5,8.4,21261,64134,1,29.0,24.0,26.2,34.6,24.0,27.5,23.9
Chaguanas,2019-10-15,79.1,0.4064,12.8,105.2,1012.4,53.6,6.7,162.7,14.2,21264,64103,1,31.0,25.0,27.6,36.6,25.0,30.2,23.6
Chaguanas,2019-10-16,77.7,0.0,9.2,132.2,1012.1,37.4,7.0,100.7,8.7,21268,64073,0,32.8,23.9,27.8,37.9,23.9,30.3,23.3
Chaguanas,2019-10-17,83.0,4.9784,6.9,105.3,1012.0,38.3,7.1,122.9,10.7,21272,64044,1,31.9,23.2,26.6,38.0,23.2,28.2,23.3
Chaguanas,2019-10-18,84.1,10.998199999999999,86.3,104.2,1011.5,46.5,7.2,102.5,8.8,21276,64015,1,30.0,23.9,26.4,36.2,23.9,28.3,23.4
Chaguanas,2019-10-19,88.7,3.9878,15.0,102.7,1012.3,44.5,6.5,81.0,7.1,21281,63987,1,29.2,24.0,25.7,35.1,24.0,26.8,23.7
Chaguanas,2019-10-20,86.1,4.8006,15.0,120.8,1012.2,40.5,6.8,123.0,10.4,21287,63960,1,30.0,23.1,26.4,36.2,23.1,28.5,23.7
Chaguanas,2019-10-21,76.4,0.0,8.1,113.0,1011.6,37.1,7.3,153.4,13.2,21293,63934,0,32.0,21.2,26.4,35.8,21.2,28.1,21.7
Chaguanas,2019-10-22,84.0,0.7874,11.4,104.1,1010.8,46.6,7.1,87.9,7.7,21300,63908,1,30.1,23.0,26.2,34.2,23.0,27.8,23.1
Chaguanas,2019-10-23,82.5,7.010400000000001,17.2,118.2,1010.4,41.5,7.3,143.7,12.5,21307,63883,1,32.1,24.0,27.0,37.9,24.0,29.3,23.6
Chaguanas,2019-10-24,77.0,0.0,17.2,112.7,1010.7,43.5,7.3,166.9,14.5,21315,63859,0,32.1,25.9,28.6,37.9,25.9,31.7,23.9
Chaguanas,2019-10-25,75.7,0.1016,13.9,112.4,1011.9,39.7,7.0,162.4,14.0,21324,63836,1,32.0,24.2,28.1,37.9,24.2,30.6,23.1
Chaguanas,2019-10-26,74.4,0.0,12.8,115.9,1012.0,37.6,7.3,113.6,9.8,21333,63813,0,32.1,23.0,27.7,35.9,23.0,30.0,22.4
Chaguanas,2019-10-27,76.3,0.0,13.9,105.4,1011.5,40.8,8.2,144.0,12.4,21343,63792,0,33.0,24.8,28.2,38.1,24.8,30.7,23.3
Chaguanas,2019-10-28,84.8,1.2953999999999999,13.9,106.6,1011.0,40.3,6.5,122.3,10.4,21353,63771,1,32.0,24.0,26.7,37.9,24.0,28.2,23.8
Chaguanas,2019-10-29,79.6,0.9905999999999999,9.2,128.8,1009.6,47.2,7.3,103.7,8.9,21364,63751,1,32.0,24.0,27.7,36.8,24.0,30.4,23.6
Chaguanas,2019-10-30,79.2,0.0,11.4,120.1,1009.7,43.2,7.6,105.5,8.9,21376,63733,0,33.1,24.0,27.9,39.3,24.0,30.6,23.7
Chaguanas,2019-10-31,80.7,0.0,12.8,115.9,1010.6,40.1,7.3,88.5,7.5,21388,63715,0,33.0,24.0,27.7,38.1,24.0,30.6,23.8
Chaguanas,2019-11-01,83.9,8.991599999999998,11.4,125.9,1011.2,40.3,7.0,92.5,8.0,21401,63698,1,33.0,23.9,26.4,38.1,23.9,28.1,23.3
Chaguanas,2019-11-02,81.0,0.508,8.1,120.9,1010.4,47.6,7.1,92.5,8.0,21415,63681,1,31.0,24.0,27.7,37.8,24.0,30.6,23.9
Chaguanas,2019-11-03,77.2,0.0,14.1,107.7,1010.2,40.4,7.2,158.0,13.5,21429,63666,0,33.0,25.0,28.3,37.9,25.0,31.2,23.7
Chaguanas,2019-11-04,81.9,8.712200000000001,18.3,105.9,1010.0,44.5,6.9,122.9,10.7,21445,63652,1,33.0,25.0,27.6,38.1,25.0,29.9,24.0
Chaguanas,2019-11-05,86.9,12.496799999999999,18.3,104.8,1011.0,50.2,6.4,121.7,10.6,21460,63639,1,31.0,24.0,26.7,37.8,24.0,28.5,24.2
Chaguanas,2019-11-06,85.1,18.313399999999998,23.0,104.2,1011.8,47.5,6.5,89.8,7.7,21477,63627,1,30.1,24.0,26.5,35.4,24.0,28.0,23.7
Chaguanas,2019-11-07,81.4,0.3048,16.1,102.9,1010.5,47.2,6.6,133.2,11.4,21494,63616,1,31.0,24.0,27.5,36.6,24.0,29.9,23.9
Chaguanas,2019-11-08,88.8,11.8872,17.2,109.1,1009.7,54.3,6.6,91.1,7.8,21512,63606,1,29.0,24.0,25.9,34.6,24.0,27.3,23.8
Chaguanas,2019-11-09,82.4,0.0,17.2,112.1,1009.9,47.3,7.2,82.0,7.0,21530,63597,0,32.0,24.0,27.0,37.9,24.0,29.2,23.6
Chaguanas,2019-11-10,80.9,0.0,16.1,108.5,1010.7,46.6,7.0,127.3,10.9,21549,63589,0,32.0,24.0,27.4,37.9,24.0,30.2,23.7
Chaguanas,2019-11-11,79.0,0.0,18.3,107.1,1009.8,41.7,7.6,167.1,14.5,21569,63582,0,32.0,24.0,27.9,37.9,24.0,30.7,23.7
Chaguanas,2019-11-12,76.6,0.0,16.1,110.5,1009.6,37.9,8.2,134.5,11.6,21589,63576,0,32.0,24.9,28.0,36.8,24.9,30.1,23.2
Chaguanas,2019-11-13,77.5,0.0,13.9,110.6,1010.1,37.8,7.4,132.3,11.4,21610,63572,0,32.1,24.0,28.0,37.9,24.0,30.7,23.4
Chaguanas,2019-11-14,82.0,44.0182,10.3,118.2,1010.9,43.5,7.5,186.9,16.3,21632,63568,1,33.0,23.9,26.9,39.3,23.9,28.9,23.4
Chaguanas,2019-11-15,81.9,2.0065999999999997,11.4,28.8,1009.8,36.2,7.2,210.9,18.3,21655,63565,1,32.0,23.0,26.7,36.8,23.0,28.7,23.2
Chaguanas,2019-11-16,85.2,0.1016,13.9,160.1,1008.1,42.7,7.5,218.3,18.7,21678,63564,1,31.1,23.0,26.2,36.6,23.0,27.8,23.4
Chaguanas,2019-11-17,84.4,0.9905999999999999,11.4,76.7,1008.3,42.3,6.9,233.2,20.2,21701,63564,1,31.0,23.9,26.3,35.5,23.9,28.1,23.4
Chaguanas,2019-11-18,81.7,0.0,9.2,124.7,1009.5,41.6,7.0,200.5,17.3,21725,63564,0,32.0,23.8,27.2,37.9,23.8,29.7,23.6
Chaguanas,2019-11-19,86.0,19.7866,11.4,101.9,1011.0,52.1,6.9,100.6,8.7,21750,63566,1,29.1,24.0,26.1,33.8,24.0,27.1,23.5
Chaguanas,2019-11-20,83.9,0.9905999999999999,17.2,104.9,1011.3,52.9,7.3,132.6,11.4,21775,63569,1,30.2,25.0,26.9,35.1,25.0,28.7,23.8
Chaguanas,2019-11-21,82.0,0.0,13.9,116.3,1010.5,42.7,7.1,102.0,8.9,21801,63573,0,31.1,24.0,26.9,36.6,24.0,29.0,23.4
Chaguanas,2019-11-22,84.8,2.0065999999999997,12.8,77.7,1010.3,42.2,6.9,91.3,8.1,21828,63578,1,32.0,24.0,26.2,36.8,24.0,27.2,23.2
Chaguanas,2019-11-23,85.2,8.001,13.9,69.3,1010.6,41.2,6.8,94.3,8.1,21855,63584,1,31.0,23.0,26.4,36.6,23.0,28.2,23.6
Chaguanas,2019-11-24,83.1,0.0,12.8,116.1,1010.5,48.8,7.0,88.2,7.5,21882,63591,0,32.0,24.0,27.4,37.9,24.0,30.2,24.1
Chaguanas,2019-11-25,88.1,8.001,13.9,105.6,1010.4,43.1,6.6,82.8,7.1,21910,63599,1,30.0,25.0,26.7,36.2,25.0,28.8,24.6
Chaguanas,2019-11-26,91.7,14.020800000000001,12.8,111.5,1010.8,54.5,6.0,66.4,5.6,21938,63608,1,29.8,24.0,25.8,37.1,24.0,26.8,24.3
Chaguanas,2019-11-27,81.2,0.1016,16.1,101.5,1011.6,41.5,6.8,104.0,9.0,21967,63619,1,31.0,25.9,27.7,36.6,25.9,30.4,24.1
Chaguanas,2019-11-28,79.9,2.0065999999999997,13.9,102.5,1010.9,38.1,7.0,116.1,10.2,21996,63630,1,32.0,23.2,27.1,36.6,23.2,29.3,23.2
Chaguanas,2019-11-29,85.9,0.0,12.8,38.8,1010.2,44.6,6.5,93.0,8.0,22026,63642,0,31.0,22.9,25.7,34.6,22.9,26.7,22.9
Chaguanas,2019-11-30,88.0,32.3088,8.1,129.9,1010.7,40.1,7.1,95.0,8.4,22056,63656,1,28.2,22.9,25.8,32.7,22.9,27.3,23.6
Chaguanas,2019-12-01,83.1,0.0,13.9,118.1,1012.0,44.4,7.3,117.0,10.0,22086,63670,0,32.0,24.9,27.6,38.7,24.9,30.4,24.3
Chaguanas,2019-12-02,84.9,3.2003999999999997,13.9,110.1,1012.6,48.0,7.1,124.4,10.9,22117,63685,1,30.8,25.0,26.9,37.5,25.0,29.0,24.1
Chaguanas,2019-12-03,82.5,10.3124,16.1,113.1,1012.6,49.8,6.6,130.3,11.2,22148,63701,1,31.1,23.0,26.8,36.7,23.0,29.0,23.4
Chaguanas,2019-12-04,80.5,3.4036,18.3,116.5,1011.9,44.4,7.0,114.3,9.8,22179,63719,1,30.1,25.0,27.1,36.2,25.0,29.2,23.4
Chaguanas,2019-12-05,79.7,0.9905999999999999,17.2,109.4,1012.7,42.4,6.4,116.7,10.0,22210,63737,1,31.1,24.0,27.1,35.5,24.0,28.9,23.2
Chaguanas,2019-12-06,83.5,2.794,16.1,92.9,1012.7,47.5,6.8,93.4,8.2,22241,63756,1,31.0,24.0,26.4,35.5,24.0,27.9,23.3
Chaguanas,2019-12-07,76.8,0.0,15.0,106.7,1012.1,40.6,7.3,124.8,10.9,22273,63776,0,32.0,23.9,27.4,35.8,23.9,29.3,22.7
Chaguanas,2019-12-08,73.0,0.0,17.2,104.5,1011.8,40.1,7.4,125.0,10.8,22305,63796,0,32.0,23.0,27.2,35.6,23.0,28.7,21.7
Chaguanas,2019-12-09,73.8,0.0,17.2,100.4,1012.0,52.0,7.1,145.8,12.6,22337,63818,0,31.2,24.0,27.0,34.6,24.0,28.1,21.6
Chaguanas,2019-12-10,82.3,4.5973999999999995,15.0,97.0,1011.8,45.8,6.5,86.0,7.5,22368,63840,1,30.0,23.9,26.0,34.2,23.9,27.0,22.6
Chaguanas,2019-12-11,92.3,71.2216,17.2,103.7,1011.5,57.2,4.6,33.8,3.1,22400,63863,1,24.1,22.0,23.3,24.1,22.0,23.3,22.0
Chaguanas,2019-12-12,86.0,5.8928,11.4,116.0,1010.3,49.7,6.8,107.3,9.3,22432,63887,1,29.0,22.0,24.8,32.8,22.0,25.4,22.2
Chaguanas,2019-12-13,84.6,2.1082,13.9,104.4,1010.4,52.3,6.9,176.9,15.3,22464,63912,1,29.0,22.0,25.2,32.8,22.0,26.1,22.3
Chaguanas,2019-12-14,84.0,0.2032,16.1,114.9,1011.8,50.5,6.8,120.4,10.6,22496,63937,1,30.8,24.0,26.4,35.4,24.0,28.3,23.4
Chaguanas,2019-12-15,91.7,22.1996,16.1,109.8,1013.0,56.2,5.7,128.2,11.1,22527,63963,1,27.0,23.9,25.1,30.1,23.9,25.4,23.6
Chaguanas,2019-12-16,81.2,8.2042,20.8,98.3,1012.1,42.5,6.8,177.8,15.2,22559,63990,1,31.0,24.9,27.1,35.5,24.9,28.9,23.4
Chaguanas,2019-12-17,79.4,2.9972,20.8,108.7,1011.2,45.7,6.4,189.5,16.2,22590,64017,1,31.0,24.0,26.9,35.5,24.0,28.8,22.9
Chaguanas,2019-12-18,80.0,3.2003999999999997,19.7,110.5,1011.3,42.5,6.3,177.7,15.1,22621,64045,1,30.0,24.7,26.8,34.2,24.7,28.1,22.9
Chaguanas,2019-12-19,79.5,0.7111999999999999,20.8,106.1,1011.6,58.0,6.5,171.0,14.7,22652,64073,1,31.0,25.0,26.9,35.5,25.0,28.5,22.9
Chaguanas,2019-12-20,80.6,7.899399999999999,18.3,107.9,1012.2,53.3,6.8,109.0,9.4,22683,64102,1,31.0,24.0,26.8,36.6,24.0,28.6,23.1
Chaguanas,2019-12-21,82.7,0.8128,16.1,104.3,1012.0,46.1,7.0,114.7,10.0,22713,64132,1,30.0,24.8,26.7,35.1,24.8,28.4,23.4
Chaguanas,2019-12-22,82.6,7.010400000000001,18.3,109.4,1012.0,47.7,7.0,116.7,9.9,22743,64162,1,30.0,24.9,26.9,35.1,24.9,28.7,23.7
Chaguanas,2019-12-23,81.5,2.0065999999999997,18.3,107.6,1012.3,49.4,6.8,124.2,10.7,22772,64192,1,31.0,24.8,27.2,35.0,24.8,29.3,23.6
Chaguanas,2019-12-24,80.3,1.1938,16.1,120.5,1011.5,48.0,6.3,139.8,12.0,22801,64222,1,30.0,24.9,26.9,34.2,24.9,28.4,23.1
Chaguanas,2019-12-25,80.8,0.0,13.9,141.0,1010.9,35.1,6.7,144.0,12.5,22830,64253,0,31.0,24.0,26.7,35.5,24.0,28.3,23.0
Chaguanas,2019-12-26,79.5,0.0,12.8,119.1,1011.3,37.8,6.7,205.4,17.8,22858,64285,0,30.0,23.9,26.7,34.2,23.9,28.4,22.7
Chaguanas,2019-12-27,80.3,0.0,13.9,117.0,1011.8,31.1,6.8,228.8,19.8,22885,64316,0,31.0,24.0,27.4,36.6,24.0,29.9,23.6
Chaguanas,2019-12-28,77.9,0.0,16.1,108.8,1011.7,43.5,7.0,123.8,10.7,22912,64348,0,31.0,23.8,27.0,34.9,23.8,28.8,22.6
Chaguanas,2019-12-29,77.7,0.0,15.0,118.2,1011.2,48.1,6.9,118.8,10.3,22939,64380,0,31.0,22.0,26.4,33.8,22.0,27.7,21.9
Chaguanas,2019-12-30,77.4,0.0,15.0,114.8,1011.8,37.4,6.1,136.5,12.0,22965,64413,0,32.0,22.0,26.4,34.9,22.0,27.7,21.8
Chaguanas,2019-12-31,73.8,0.0,13.9,115.7,1012.8,28.3,6.6,129.0,11.2,22990,64445,0,31.0,23.0,26.7,34.6,23.0,27.9,21.4
Chaguanas,2020-01-01,74.5,0.0,17.2,111.1,1013.1,30.8,6.9,129.8,11.3,23014,64478,0,31.0,22.7,26.3,33.1,22.7,27.3,21.1
Chaguanas,2020-01-02,74.1,0.0,17.2,113.9,1013.4,32.2,7.8,204.6,17.6,23038,64510,0,31.2,23.0,26.6,34.1,23.0,27.9,21.4
Chaguanas,2020-01-03,80.7,2.9972,13.9,120.9,1015.2,39.9,6.8,182.9,15.7,23061,64543,1,29.0,22.0,25.0,32.2,22.0,25.6,21.2
Chaguanas,2020-01-04,77.8,0.0,13.9,112.7,1015.2,30.5,8.0,111.0,9.9,23084,64576,0,31.0,20.0,25.1,33.4,20.0,26.0,20.5
Chaguanas,2020-01-05,76.6,0.9905999999999999,10.3,103.3,1013.6,41.9,7.3,100.4,8.7,23105,64608,1,31.0,22.0,25.7,33.8,22.0,26.5,20.9
Chaguanas,2020-01-06,81.0,0.2032,11.4,104.4,1012.7,39.1,7.0,99.7,8.6,23126,64641,1,30.0,21.0,24.9,33.3,21.0,25.8,21.3
Chaguanas,2020-01-07,76.5,0.0,15.0,113.5,1014.1,41.9,7.5,126.1,11.0,23146,64673,0,31.0,23.0,26.2,37.2,23.0,27.4,21.4
Chaguanas,2020-01-08,74.3,0.0,17.2,107.0,1015.1,34.2,6.8,124.1,10.9,23165,64706,0,31.0,22.9,26.8,34.1,22.9,28.2,21.6
Chaguanas,2020-01-09,78.1,0.1016,17.2,101.7,1014.8,36.5,6.4,116.1,10.1,23184,64738,1,29.0,22.0,25.7,31.7,22.0,26.4,21.4
Chaguanas,2020-01-10,80.1,5.8166,24.2,104.7,1014.7,52.8,6.8,116.7,10.1,23201,64770,1,30.0,23.0,25.2,33.3,23.0,25.9,21.4
Chaguanas,2020-01-11,77.7,0.2032,18.3,108.4,1015.0,33.7,6.8,155.3,13.3,23217,64802,1,31.0,22.9,25.8,33.1,22.9,26.8,21.4
Chaguanas,2020-01-12,77.2,0.9905999999999999,20.8,102.3,1015.4,38.3,6.8,125.1,10.9,23233,64833,1,30.0,23.0,25.8,32.6,23.0,26.9,21.3
Chaguanas,2020-01-13,78.6,0.0,17.2,96.1,1014.7,39.3,6.8,120.3,10.4,23248,64865,0,29.0,22.9,25.3,31.4,22.9,26.1,21.1
Chaguanas,2020-01-14,83.3,5.7912,20.8,104.9,1013.3,51.6,6.5,116.8,10.2,23261,64896,1,29.8,22.9,25.3,33.2,22.9,26.2,22.1
Chaguanas,2020-01-15,88.8,8.509,16.1,104.4,1012.9,59.5,6.2,87.5,7.5,23274,64927,1,28.0,23.7,25.1,32.7,23.7,25.3,23.1
Chaguanas,2020-01-16,77.9,15.189199999999998,15.0,103.7,1014.1,53.1,7.0,182.6,15.8,23286,64957,1,30.0,23.9,26.6,32.6,23.9,27.6,22.2
Chaguanas,2020-01-17,84.7,2.0065999999999997,17.2,105.9,1014.6,52.0,5.9,209.1,18.0,23296,64987,1,28.0,23.9,25.5,31.3,23.9,26.4,22.7
Chaguanas,2020-01-18,80.1,0.0,12.8,110.5,1014.7,29.3,7.4,219.5,18.9,23306,65017,0,32.0,22.0,26.2,35.8,22.0,27.8,22.3
Chaguanas,2020-01-19,83.4,8.3058,17.2,95.7,1014.1,57.1,6.0,202.1,17.5,23315,65046,1,30.0,23.8,25.4,34.2,23.8,26.2,22.3
Chaguanas,2020-01-20,85.9,4.3942,20.8,102.0,1013.6,40.6,6.7,216.2,18.6,23323,65075,1,30.0,23.0,25.6,33.3,23.0,26.9,23.0
Chaguanas,2020-01-21,81.6,0.3048,11.4,115.5,1012.6,42.5,7.2,189.7,16.3,23329,65103,1,30.0,21.9,25.3,33.3,21.9,26.3,21.8
Chaguanas,2020-01-22,79.0,0.0,9.2,119.0,1011.6,43.7,7.1,170.4,14.9,23335,65131,0,30.0,21.0,25.2,32.8,21.0,26.2,21.1
Chaguanas,2020-01-23,75.1,0.0,11.4,123.5,1011.1,33.9,7.5,260.4,22.2,23339,65158,0,31.0,20.0,25.3,33.1,20.0,26.2,20.2
Chaguanas,2020-01-24,82.2,0.0,12.8,117.0,1011.9,42.4,7.4,221.6,19.0,23343,65185,0,29.9,20.2,25.3,33.7,20.2,26.5,21.8
Chaguanas,2020-01-25,78.0,0.0,11.4,121.7,1013.3,40.3,7.4,206.3,17.9,23345,65211,0,30.0,24.0,26.3,32.1,24.0,27.2,21.9
Chaguanas,2020-01-26,78.0,0.0,12.8,116.5,1013.6,47.2,7.3,256.3,22.1,23347,65237,0,32.0,22.8,26.2,34.9,22.8,27.3,21.7
Chaguanas,2020-01-27,74.6,0.0,11.4,117.5,1013.9,40.7,7.4,246.3,21.0,23347,65262,0,30.0,21.0,25.8,32.8,21.0,26.7,20.6
Chaguanas,2020-01-28,79.2,0.0,11.4,116.6,1012.8,38.0,7.5,228.6,19.7,23347,65287,0,32.0,23.2,26.9,36.8,23.2,28.5,22.8
Chaguanas,2020-01-29,77.3,0.0,16.1,118.7,1012.9,38.0,6.7,213.5,18.4,23345,65311,0,33.0,23.9,26.9,38.1,23.9,28.5,22.4
Chaguanas,2020-01-30,76.7,0.0,16.1,106.6,1013.7,30.9,6.2,233.7,20.0,23342,65334,0,31.0,24.0,27.1,34.6,24.0,28.6,22.3
Chaguanas,2020-01-31,78.1,0.0,17.2,105.9,1014.8,34.4,5.2,239.9,20.8,23339,65357,0,31.0,24.0,27.2,35.5,24.0,28.8,22.8
Chaguanas,2020-02-01,77.8,0.2032,16.1,116.2,1014.7,37.7,5.2,244.4,21.1,23334,65379,1,31.0,24.0,26.9,34.6,24.0,28.3,22.6
Chaguanas,2020-02-02,74.0,0.0,12.8,116.0,1014.9,32.5,5.2,262.1,22.5,23328,65401,0,31.1,23.0,26.6,33.1,23.0,27.4,21.2
Chaguanas,2020-02-03,73.4,0.0,16.1,110.2,1016.0,29.8,6.1,265.3,22.6,23321,65422,0,31.0,22.0,26.2,33.1,22.0,27.2,20.7
Chaguanas,2020-02-04,71.8,0.0,16.1,102.6,1015.6,33.3,6.5,222.2,19.1,23313,65442,0,30.0,22.0,26.1,31.9,22.0,26.8,20.3
Chaguanas,2020-02-05,74.1,0.0,16.1,114.6,1015.4,32.2,6.7,262.9,22.7,23304,65462,0,30.2,22.0,26.1,32.6,22.0,26.9,20.8
Chaguanas,2020-02-06,70.3,0.0,17.2,120.8,1014.7,34.5,6.6,253.3,22.0,23294,65481,0,31.0,24.0,26.8,33.5,24.0,27.7,20.6
Chaguanas,2020-02-07,74.4,1.9811999999999999,24.2,106.4,1015.2,39.7,6.6,256.9,22.2,23284,65499,1,30.8,22.0,25.6,32.6,22.0,26.2,20.4
Chaguanas,2020-02-08,75.6,2.9972,15.0,106.7,1014.7,40.6,6.8,247.8,21.5,23272,65517,1,31.2,21.0,25.3,32.7,21.0,26.1,20.2
Chaguanas,2020-02-09,78.4,5.206999999999999,16.1,120.4,1015.5,48.8,6.4,251.0,21.7,23259,65534,1,31.0,22.0,25.8,33.8,22.0,26.7,21.4
Chaguanas,2020-02-10,72.1,2.0065999999999997,19.7,115.6,1015.8,30.3,6.1,268.3,23.3,23245,65551,1,31.1,22.8,26.3,32.8,22.8,27.0,20.6
Chaguanas,2020-02-11,73.8,0.0,17.2,109.5,1014.8,33.0,6.2,243.1,21.0,23231,65567,0,31.0,23.0,26.8,34.6,23.0,28.1,21.5
Chaguanas,2020-02-12,73.0,0.9905999999999999,18.3,104.2,1014.2,46.3,6.0,218.1,18.7,23215,65582,1,30.1,24.0,27.0,32.8,24.0,28.1,21.6
Chaguanas,2020-02-13,76.1,0.889,21.9,101.9,1013.8,49.6,6.2,241.9,21.0,23198,65597,1,31.1,23.8,25.9,32.5,23.8,26.6,21.2
Chaguanas,2020-02-14,84.2,0.2032,16.1,107.1,1014.4,48.3,6.8,83.9,7.1,23181,65610,1,27.0,23.0,25.2,29.3,23.0,25.6,22.2
Chaguanas,2020-02-15,74.9,1.4986,17.2,110.2,1013.8,43.8,6.9,230.3,19.8,23163,65624,1,29.1,24.0,26.2,31.4,24.0,27.2,21.3
Chaguanas,2020-02-16,78.6,0.0,18.3,111.8,1012.9,47.8,6.6,248.2,21.5,23144,65637,0,31.0,22.8,26.0,34.6,22.8,27.1,21.8
Chaguanas,2020-02-17,84.4,2.9972,17.2,111.4,1012.5,57.5,5.8,159.2,13.7,23124,65649,1,29.0,24.0,25.7,32.8,24.0,26.6,22.8
Chaguanas,2020-02-18,86.2,8.915399999999998,16.1,113.0,1013.5,51.6,6.2,219.7,18.9,23103,65660,1,30.0,24.0,26.1,34.2,24.0,27.4,23.5
Chaguanas,2020-02-19,78.7,0.7874,15.0,114.3,1013.3,43.4,5.4,253.9,22.0,23081,65671,1,31.1,23.7,26.3,33.1,23.7,27.4,22.1
Chaguanas,2020-02-20,75.2,0.2032,18.3,105.6,1013.0,43.9,5.4,256.6,22.2,23059,65682,1,30.8,23.0,25.9,32.9,23.0,26.8,20.9
Chaguanas,2020-02-21,74.6,0.0,16.1,109.3,1013.2,40.2,6.7,244.1,21.2,23036,65691,0,31.0,22.0,25.9,33.3,22.0,26.7,20.6
Chaguanas,2020-02-22,74.4,0.0,16.1,105.7,1013.3,48.6,6.7,241.8,20.9,23012,65701,0,31.0,23.0,26.5,34.6,23.0,27.8,21.4
Chaguanas,2020-02-23,81.1,0.0,15.0,115.0,1013.0,45.0,6.0,244.9,21.1,22988,65709,0,31.0,22.0,26.1,35.5,22.0,27.4,22.4
Chaguanas,2020-02-24,83.0,3.9878,18.3,118.0,1013.2,44.7,6.2,253.2,21.9,22962,65718,1,30.0,24.0,26.3,35.0,24.0,27.7,23.0
Chaguanas,2020-02-25,73.8,0.0,16.1,111.2,1013.3,39.6,6.6,268.1,23.3,22936,65725,0,31.0,23.0,26.7,33.1,23.0,27.6,21.3
Chaguanas,2020-02-26,73.9,0.0,15.0,119.2,1013.5,42.2,6.7,290.5,25.1,22910,65732,0,31.0,22.0,26.3,33.8,22.0,27.3,21.0
Chaguanas,2020-02-27,73.8,0.0,18.3,115.7,1014.2,47.0,6.9,263.3,22.6,22882,65739,0,31.0,22.0,26.1,34.2,22.0,27.0,20.7
Chaguanas,2020-02-28,73.2,0.1016,13.9,109.0,1015.1,36.7,6.8,252.3,21.7,22855,65745,1,30.9,21.0,25.7,32.2,21.0,26.2,20.1
Chaguanas,2020-02-29,69.5,0.0,17.2,113.1,1015.7,34.8,7.5,268.9,23.3,22826,65751,0,31.0,22.7,26.1,31.9,22.7,26.6,19.7
Chaguanas,2020-03-01,69.3,0.0,16.1,108.6,1015.1,27.1,7.7,267.4,23.2,22797,65756,0,31.0,22.0,25.9,31.4,22.0,26.4,19.4
Chaguanas,2020-03-02,69.8,0.0,16.1,112.8,1014.2,31.7,7.5,270.6,23.4,22767,65761,0,30.7,21.2,25.7,32.4,21.2,26.4,19.4
Chaguanas,2020-03-03,75.3,0.7111999999999999,17.2,122.1,1014.1,41.9,6.8,244.9,21.2,22737,65765,1,31.0,20.2,24.9,32.4,20.2,25.6,19.9
Chaguanas,2020-03-04,74.2,0.7111999999999999,17.2,110.4,1015.1,33.9,6.4,260.9,22.6,22707,65769,1,31.0,22.0,26.2,32.4,22.0,27.1,20.9
Chaguanas,2020-03-05,71.8,0.6096,21.9,104.9,1015.8,37.5,6.6,231.5,19.9,22676,65773,1,30.0,23.7,26.1,31.3,23.7,26.8,20.4
Chaguanas,2020-03-06,67.5,0.0,18.3,113.0,1015.3,24.8,6.1,266.9,23.0,22644,65776,0,30.2,22.0,26.2,32.1,22.0,26.8,19.5
Chaguanas,2020-03-07,71.2,0.0,16.1,116.2,1013.3,36.4,6.6,260.9,22.6,22612,65779,0,30.2,23.0,26.4,32.6,23.0,27.3,20.4
Chaguanas,2020-03-08,70.2,0.0,17.2,114.8,1014.4,34.0,6.4,292.1,25.2,22580,65782,0,31.0,22.9,26.4,33.1,22.9,27.2,20.2
Chaguanas,2020-03-09,69.8,0.0,18.3,109.8,1016.0,36.5,6.4,258.7,22.4,22547,65784,0,31.0,22.8,26.6,32.4,22.8,27.4,20.3
Chaguanas,2020-03-10,70.5,0.0,19.7,113.2,1014.9,40.8,6.1,277.1,24.0,22514,65786,0,31.0,22.7,26.4,32.4,22.7,27.1,20.2
Chaguanas,2020-03-11,68.5,0.0,15.0,120.0,1012.4,33.3,6.8,290.5,25.1,22480,65788,0,31.0,21.0,26.1,32.4,21.0,26.6,19.4
Chaguanas,2020-03-12,70.1,0.0,17.2,115.5,1011.1,36.5,6.9,291.9,25.2,22447,65789,0,31.0,21.8,26.2,32.4,21.8,26.9,19.9
Chaguanas,2020-03-13,70.8,0.0,15.0,121.6,1012.5,36.9,6.8,274.5,23.6,22412,65790,0,32.0,22.7,26.9,34.2,22.7,27.8,20.7
Chaguanas,2020-03-14,74.8,0.0,10.3,73.9,1013.0,46.9,6.7,263.0,22.7,22378,65791,0,30.0,23.0,26.3,32.6,23.0,27.5,21.2
Chaguanas,2020-03-15,85.3,0.508,20.8,106.0,1013.2,52.9,6.3,210.0,18.0,22344,65792,1,28.0,22.9,24.6,30.7,22.9,24.9,21.8
Chaguanas,2020-03-16,80.2,0.0,13.9,121.4,1013.3,44.7,7.3,237.2,20.6,22309,65792,0,30.0,22.9,25.7,34.2,22.9,26.9,21.8
Chaguanas,2020-03-17,73.2,0.0,13.9,107.0,1013.5,49.8,7.5,282.9,24.2,22274,65793,0,31.0,21.0,25.9,33.8,21.0,26.8,20.4
Chaguanas,2020-03-18,69.5,0.0,13.9,105.4,1014.3,41.8,7.0,277.0,23.8,22239,65793,0,32.0,22.0,26.8,34.2,22.0,27.8,20.3
Chaguanas,2020-03-19,68.6,0.0,17.2,112.5,1014.8,32.8,7.2,291.4,25.2,22203,65793,0,32.0,22.0,26.8,33.5,22.0,27.6,20.2
Chaguanas,2020-03-20,66.6,0.0,15.0,99.6,1014.4,36.8,7.6,273.9,23.4,22168,65793,0,32.0,23.0,27.0,33.5,23.0,27.8,19.9
Chaguanas,2020-03-21,72.5,0.0,15.0,93.6,1013.7,46.7,6.8,257.5,22.2,22132,65793,0,30.9,22.2,26.3,32.6,22.2,27.2,20.7
Chaguanas,2020-03-22,69.2,0.1016,20.8,108.5,1014.5,55.1,7.1,279.4,24.1,22096,65792,1,32.0,23.9,27.2,34.9,23.9,28.2,20.8
Chaguanas,2020-03-23,72.3,0.889,16.1,103.2,1015.5,38.8,7.1,227.9,19.6,22061,65792,1,31.0,23.9,26.9,33.1,23.9,27.9,21.2
Chaguanas,2020-03-24,69.3,2.794,17.2,107.1,1014.8,43.8,7.3,269.6,23.3,22025,65792,1,31.2,23.9,27.2,33.7,23.9,28.4,20.9
Chaguanas,2020-03-25,68.1,0.0,17.2,106.5,1013.1,39.2,6.8,270.5,23.4,21989,65791,0,31.9,23.0,26.8,33.3,23.0,27.4,20.0
Chaguanas,2020-03-26,67.7,0.0,16.1,109.4,1011.5,45.1,6.7,278.2,24.0,21954,65791,0,31.8,22.9,26.8,33.1,22.9,27.4,19.9
Chaguanas,2020-03-27,69.8,0.0,16.1,111.2,1010.4,38.1,7.3,287.9,24.9,21918,65790,0,31.8,21.0,26.6,33.3,21.0,27.3,20.1
Chaguanas,2020-03-28,76.5,2.0065999999999997,18.3,102.1,1011.9,58.4,6.6,265.6,23.1,21882,65790,1,29.0,24.0,26.3,32.8,24.0,27.3,21.8
Chaguanas,2020-03-29,72.8,2.0065999999999997,21.9,100.1,1013.2,51.2,7.2,272.6,23.4,21847,65789,1,31.1,24.9,27.3,34.6,24.9,28.8,21.8
Chaguanas,2020-03-30,66.3,0.0,19.7,85.5,1012.6,45.3,7.3,265.4,23.1,21811,65789,0,31.0,22.8,26.7,33.1,22.8,27.3,19.6
Chaguanas,2020-03-31,68.2,0.0,16.1,111.6,1011.8,41.0,7.3,296.9,25.6,21776,65788,0,31.1,19.9,26.0,32.4,19.9,26.5,19.2
Chaguanas,2020-04-01,67.1,0.0,18.3,111.4,1011.5,40.4,7.1,299.1,25.9,21740,65788,0,31.0,19.9,25.7,32.6,19.9,26.1,18.7
Chaguanas,2020-04-02,71.1,0.0,16.1,119.6,1012.7,44.6,6.9,253.2,21.8,21705,65788,0,32.0,22.9,27.1,34.6,22.9,28.4,21.2
Chaguanas,2020-04-03,75.4,0.0,17.2,120.1,1011.8,52.1,7.6,269.3,23.0,21671,65788,0,32.0,24.0,27.9,36.8,24.0,29.9,22.8
Chaguanas,2020-04-04,71.5,0.0,15.0,120.4,1011.2,40.8,6.7,295.1,25.5,21636,65788,0,33.0,25.0,28.3,37.1,25.0,29.9,22.2
Chaguanas,2020-04-05,73.4,0.0,20.8,119.3,1012.1,52.6,5.9,274.8,23.6,21601,65788,0,32.8,24.2,28.1,36.4,24.2,29.9,22.6
Chaguanas,2020-04-06,74.2,0.0,16.1,110.9,1013.5,44.6,6.3,241.9,21.0,21567,65789,0,31.0,25.8,27.8,34.6,25.8,29.9,22.7
Chaguanas,2020-04-07,74.2,0.0,17.2,110.5,1014.0,45.4,6.1,278.2,23.9,21533,65789,0,32.0,25.0,27.7,35.8,25.0,29.5,22.5
Chaguanas,2020-04-08,68.0,0.0,19.7,107.0,1012.8,35.3,6.4,293.7,25.1,21500,65790,0,32.0,24.9,28.0,34.2,24.9,29.1,21.2
Chaguanas,2020-04-09,73.2,0.0,17.2,113.0,1012.5,43.4,6.7,269.8,23.5,21466,65791,0,31.0,24.8,27.6,34.3,24.8,29.2,22.2
Chaguanas,2020-04-10,73.5,0.0,16.1,117.9,1012.9,45.8,6.5,286.0,24.8,21433,65792,0,32.0,25.2,27.8,35.8,25.2,29.4,22.4
Chaguanas,2020-04-11,70.7,0.0,13.9,117.3,1014.2,51.3,6.6,293.9,25.2,21401,65793,0,32.0,23.0,27.5,34.2,23.0,28.6,21.2
Chaguanas,2020-04-12,68.6,0.0,13.9,120.0,1015.1,35.5,6.2,283.1,24.7,21369,65795,0,32.0,24.0,27.7,34.9,24.0,28.7,20.9
Chaguanas,2020-04-13,66.4,0.0,15.0,111.3,1015.2,39.2,6.6,284.2,24.6,21337,65797,0,34.0,22.8,27.5,34.7,22.8,28.3,20.1
Chaguanas,2020-04-14,65.6,0.0,18.3,104.5,1013.5,39.2,7.5,284.4,24.3,21305,65799,0,32.0,22.0,27.4,33.6,22.0,28.2,19.9
Chaguanas,2020-04-15,68.0,0.0,17.2,108.3,1013.2,46.6,6.6,268.8,23.1,21274,65801,0,32.0,23.0,27.5,40.7,23.0,28.8,20.7
Chaguanas,2020-04-16,67.9,0.0,16.1,109.0,1014.6,41.4,6.4,288.3,25.1,21244,65804,0,33.2,23.0,27.8,36.2,23.0,29.0,20.9
Chaguanas,2020-04-17,68.7,0.0,24.2,103.0,1015.3,41.5,6.9,275.3,23.9,21214,65806,0,32.0,22.9,27.3,34.2,22.9,28.3,20.6
Chaguanas,2020-04-18,66.7,0.0,17.2,115.1,1014.6,30.9,6.8,296.0,25.5,21184,65810,0,32.1,23.0,27.4,34.9,23.0,28.4,20.3
Chaguanas,2020-04-19,75.3,0.1016,17.2,107.8,1014.4,39.0,6.5,262.0,22.8,21155,65813,1,32.0,22.7,26.5,35.0,22.7,27.4,21.4
Chaguanas,2020-04-20,70.0,0.0,17.2,117.5,1013.8,46.3,7.1,279.1,24.1,21126,65817,0,32.0,22.9,27.3,34.9,22.9,28.4,20.9
Chaguanas,2020-04-21,68.7,0.0,17.2,115.4,1014.0,41.4,6.8,282.0,24.4,21098,65821,0,31.2,25.0,28.0,33.8,25.0,29.4,21.4
Chaguanas,2020-04-22,64.2,0.0,17.2,107.3,1013.7,33.8,6.1,295.5,25.6,21071,65826,0,32.0,25.0,28.0,33.1,25.0,28.8,20.1
Chaguanas,2020-04-23,70.1,0.0,18.3,108.7,1013.5,50.2,7.0,284.5,24.6,21044,65830,0,32.0,23.9,27.3,33.5,23.9,28.2,20.8
Chaguanas,2020-04-24,67.4,0.0,19.7,108.1,1013.2,43.1,7.3,265.4,22.9,21017,65836,0,33.0,23.8,27.9,35.3,23.8,29.2,20.9
Chaguanas,2020-04-25,64.9,0.0,19.7,108.2,1014.0,40.6,7.3,276.2,23.9,20992,65841,0,32.0,24.0,27.9,33.5,24.0,28.9,20.3
Chaguanas,2020-04-26,64.3,0.0,20.8,97.2,1014.5,46.4,7.1,266.0,23.2,20966,65847,0,32.2,25.8,28.3,34.2,25.8,29.6,20.7
Chaguanas,2020-04-27,67.5,0.0,16.1,104.4,1014.3,41.2,6.9,287.6,24.6,20942,65853,0,32.0,24.0,27.7,33.1,24.0,28.7,20.7
Chaguanas,2020-04-28,66.8,0.0,17.2,111.6,1013.9,35.0,7.0,288.6,24.9,20918,65860,0,32.1,24.2,28.1,34.2,24.2,29.2,20.9
Chaguanas,2020-04-29,78.2,0.508,15.0,99.6,1013.8,45.9,6.8,268.0,23.1,20895,65867,1,29.0,22.9,26.1,31.9,22.9,27.2,21.9
Chaguanas,2020-04-30,67.5,0.0,17.2,111.8,1014.4,37.3,7.6,301.8,26.1,20872,65874,0,32.8,23.0,27.7,34.9,23.0,28.8,20.7
Chaguanas,2020-05-01,76.8,1.3208,18.3,108.8,1014.9,47.0,6.9,238.2,20.8,20851,65882,1,31.0,24.8,27.0,34.2,24.8,28.4,22.4
Chaguanas,2020-05-02,74.0,0.9905999999999999,21.9,112.0,1014.5,47.5,6.4,294.8,25.4,20829,65890,1,32.0,25.0,28.3,34.9,25.0,30.5,22.8
Chaguanas,2020-05-03,70.7,1.2953999999999999,21.9,102.2,1013.1,46.2,6.5,276.7,24.0,20809,65899,1,33.0,25.7,28.7,38.1,25.7,31.3,22.6
Chaguanas,2020-05-04,72.0,0.0,20.8,98.3,1011.7,49.7,6.7,272.3,23.3,20789,65908,0,33.0,25.8,28.6,38.1,25.8,31.2,22.8
Chaguanas,2020-05-05,71.8,0.0,20.8,105.1,1012.1,57.9,6.2,283.7,24.4,20770,65917,0,32.0,25.0,28.3,35.3,25.0,30.5,22.5
Chaguanas,2020-05-06,69.9,0.0,20.8,97.9,1013.2,65.4,6.3,294.0,25.2,20752,65927,0,32.0,26.0,28.8,34.9,26.0,31.7,22.5
Chaguanas,2020-05-07,68.8,0.3048,21.9,99.5,1014.1,49.2,6.0,288.4,24.9,20735,65937,1,32.0,26.7,28.8,34.9,29.3,31.7,22.3
Chaguanas,2020-05-08,72.0,0.7111999999999999,23.0,105.7,1015.0,52.7,6.3,271.9,23.5,20718,65947,1,32.0,25.0,28.3,35.5,25.0,30.8,22.6
Chaguanas,2020-05-09,67.8,0.0,19.7,102.2,1015.5,41.2,7.1,296.9,25.7,20702,65958,0,33.0,24.7,28.2,34.2,24.7,29.5,21.2
Chaguanas,2020-05-10,68.0,0.2032,20.8,99.0,1014.8,48.3,6.6,277.2,23.9,20687,65969,1,32.2,24.0,28.2,34.2,24.0,29.6,21.3
Chaguanas,2020-05-11,74.4,0.9905999999999999,21.9,102.0,1013.8,52.3,6.5,279.6,24.2,20672,65980,1,33.0,23.0,27.6,36.8,23.0,29.1,22.3
Chaguanas,2020-05-12,74.1,10.0076,19.7,106.9,1013.3,51.3,6.5,238.3,20.5,20659,65992,1,32.0,25.0,27.9,34.9,25.0,30.0,22.6
Chaguanas,2020-05-13,66.7,0.4064,21.9,100.9,1013.6,47.9,6.7,289.1,25.1,20646,66004,1,32.0,26.0,28.4,34.2,26.0,30.1,21.3
Chaguanas,2020-05-14,66.6,0.0,21.9,100.9,1014.2,37.4,7.0,282.5,24.4,20634,66017,0,32.0,25.0,28.4,35.8,25.0,30.1,21.4
Chaguanas,2020-05-15,71.5,0.0,19.7,102.9,1014.1,48.4,6.6,272.8,23.6,20623,66030,0,33.0,24.9,28.0,35.3,24.9,29.2,21.9
Chaguanas,2020-05-16,83.4,4.013199999999999,20.8,101.3,1014.1,50.9,5.9,269.8,23.2,20612,66043,1,31.0,24.0,26.9,36.2,24.0,29.1,23.8
Chaguanas,2020-05-17,76.5,3.9878,19.7,97.4,1014.3,40.7,6.4,278.5,24.0,20603,66056,1,32.1,25.2,27.7,35.7,25.2,29.7,23.0
Chaguanas,2020-05-18,71.6,0.0,19.7,100.9,1014.6,45.9,6.7,271.5,23.5,20594,66070,0,32.2,23.0,27.6,34.5,23.0,29.1,21.6
Chaguanas,2020-05-19,68.4,0.0,15.0,103.4,1013.6,41.6,7.0,266.3,22.9,20586,66084,0,32.8,24.0,28.1,35.1,24.0,29.6,21.3
Chaguanas,2020-05-20,73.2,0.0,19.7,109.3,1013.7,66.8,7.3,246.1,21.0,20579,66099,0,33.0,25.0,28.7,38.1,25.0,31.3,23.1
Chaguanas,2020-05-21,76.6,2.0065999999999997,20.8,103.3,1013.5,48.6,6.9,279.5,24.2,20572,66113,1,33.0,25.0,28.4,39.3,25.0,31.6,23.7
Chaguanas,2020-05-22,71.3,0.0,16.1,114.0,1014.3,37.5,6.2,271.4,23.3,20567,66128,0,33.0,26.0,28.8,36.8,26.0,30.9,22.6
Chaguanas,2020-05-23,72.4,0.0,20.8,106.9,1014.7,44.6,6.8,280.7,24.3,20562,66143,0,33.0,24.0,28.3,36.8,24.0,30.2,22.5
Chaguanas,2020-05-24,70.8,0.0,20.8,99.8,1013.9,44.5,7.4,263.0,22.5,20558,66159,0,33.1,24.0,28.1,36.1,24.0,30.0,21.9
Chaguanas,2020-05-25,72.2,0.0,17.2,105.7,1013.6,52.3,7.4,287.3,24.8,20555,66174,0,32.0,25.0,28.4,36.8,25.0,30.9,22.7
Chaguanas,2020-05-26,73.4,0.6096,16.1,111.7,1013.4,51.9,7.5,254.8,22.1,20552,66190,1,33.0,25.7,28.7,36.2,25.7,31.0,23.1
Chaguanas,2020-05-27,73.2,0.6096,16.1,111.3,1013.1,44.7,6.6,232.1,20.2,20550,66206,1,33.0,25.8,28.8,37.8,25.8,31.6,23.2
Chaguanas,2020-05-28,73.5,0.0,18.3,96.4,1013.6,48.3,6.6,114.4,9.7,20550,66222,0,31.0,26.0,28.1,34.6,26.0,30.6,22.7
Chaguanas,2020-05-29,80.5,7.7216,16.1,107.0,1013.8,46.3,6.3,221.0,18.9,20549,66238,1,31.0,24.9,27.2,34.3,24.9,29.4,23.4
Chaguanas,2020-05-30,73.2,0.4064,17.2,104.9,1013.6,51.5,6.7,214.0,18.3,20550,66254,1,33.0,25.8,27.9,36.2,25.8,29.4,22.4
Chaguanas,2020-05-31,82.8,2.8956,11.4,100.0,1014.1,45.5,6.3,186.8,16.2,20551,66270,1,29.0,25.8,27.0,33.6,25.8,28.9,23.8
Chaguanas,2020-06-01,69.0,1.4986,16.1,107.0,1014.7,38.5,6.6,272.5,23.5,20553,66287,1,32.0,24.7,27.8,34.2,24.7,29.0,21.2
Chaguanas,2020-06-02,72.1,0.0,16.1,111.7,1013.8,41.4,6.7,276.8,23.8,20556,66303,0,31.9,23.0,27.2,34.8,23.0,28.6,21.3
Chaguanas,2020-06-03,71.2,0.4064,18.3,106.5,1013.6,37.7,7.0,288.8,24.9,20559,66320,1,33.0,23.9,27.8,34.7,23.9,29.2,21.6
Chaguanas,2020-06-04,76.8,1.397,17.2,96.7,1013.7,45.7,6.3,269.2,23.3,20564,66336,1,32.0,24.9,27.7,36.2,24.9,29.8,23.1
Chaguanas,2020-06-05,94.2,58.191399999999994,11.4,105.1,1014.7,45.4,6.1,67.9,5.8,20568,66352,1,26.0,22.2,24.7,26.0,22.2,24.7,23.7
Chaguanas,2020-06-06,82.4,7.010400000000001,11.4,103.5,1014.5,41.6,7.0,221.0,19.1,20574,66369,1,30.0,23.9,26.9,35.1,23.9,29.1,23.6
Chaguanas,2020-06-07,77.7,0.1016,16.1,98.3,1014.8,51.1,7.1,232.2,20.0,20580,66385,1,32.2,24.9,27.9,37.1,24.9,30.4,23.4
Chaguanas,2020-06-08,81.1,2.0065999999999997,8.1,123.3,1013.7,43.9,6.9,274.3,23.6,20587,66401,1,33.1,24.0,27.0,36.6,24.0,28.9,23.3
Chaguanas,2020-06-09,81.8,2.0065999999999997,13.9,117.3,1012.4,47.2,7.1,217.8,18.9,20594,66418,1,31.2,24.0,27.1,36.6,24.0,29.2,23.6
Chaguanas,2020-06-10,85.9,29.006799999999995,12.8,118.8,1012.9,42.8,6.4,194.2,16.7,20602,66433,1,29.0,24.9,26.2,34.6,24.9,27.2,23.6
Chaguanas,2020-06-11,76.0,0.0,15.0,106.4,1013.2,38.2,7.1,234.9,20.2,20610,66449,0,31.0,22.7,27.2,35.4,22.7,28.9,22.2
Chaguanas,2020-06-12,75.6,2.9972,15.0,114.2,1012.7,36.8,7.1,271.8,23.2,20619,66465,1,32.0,24.0,27.8,35.9,24.0,29.7,22.7
Chaguanas,2020-06-13,71.1,0.0,17.2,99.1,1012.9,39.7,7.4,285.1,24.5,20629,66480,0,32.0,24.0,27.7,35.8,24.0,29.2,21.6
Chaguanas,2020-06-14,78.2,0.0,16.1,105.9,1013.7,43.3,6.8,272.6,23.4,20639,66496,0,31.1,24.0,27.2,36.4,24.0,29.3,22.9
Chaguanas,2020-06-15,81.6,3.6067999999999993,18.3,95.7,1013.5,51.9,7.0,227.7,19.6,20650,66510,1,30.0,24.8,27.1,36.2,24.8,29.6,23.6
Chaguanas,2020-06-16,73.3,0.0,20.8,89.8,1013.8,38.4,7.4,278.2,23.9,20661,66525,0,31.1,24.0,27.8,35.5,24.0,30.0,22.3
Chaguanas,2020-06-17,89.7,24.993599999999997,18.3,102.7,1012.9,54.3,6.2,85.4,7.4,20672,66539,1,26.0,24.9,25.6,26.0,24.9,25.6,23.8
Chaguanas,2020-06-18,81.7,3.6067999999999993,20.8,98.2,1012.9,41.4,6.7,163.4,13.9,20684,66553,1,32.0,25.0,27.4,37.9,25.0,29.3,23.8
Chaguanas,2020-06-19,78.2,0.0,15.0,101.2,1013.7,40.1,5.0,160.3,13.9,20696,66567,0,32.0,25.2,28.1,37.9,25.2,30.6,23.7
Chaguanas,2020-06-20,77.2,0.0,16.1,103.7,1013.3,55.8,6.4,197.5,17.1,20709,66580,0,32.8,25.0,28.6,39.2,25.0,31.9,23.9
Chaguanas,2020-06-21,77.6,0.0,23.0,92.2,1013.8,35.0,3.3,151.6,13.1,20722,66593,0,32.0,24.9,28.1,37.9,24.9,31.3,23.7
Chaguanas,2020-06-22,78.5,8.813799999999999,19.7,96.9,1013.8,42.8,4.9,164.4,14.1,20736,66605,1,32.1,26.0,28.6,38.9,26.0,32.6,24.3
Chaguanas,2020-06-23,72.9,0.0,16.1,100.6,1012.3,29.3,4.7,155.3,13.4,20749,66617,0,33.0,25.9,28.6,37.1,25.9,31.5,23.1
Chaguanas,2020-06-24,77.3,0.0,25.3,94.9,1012.1,44.5,5.5,139.0,11.8,20763,66629,0,31.1,25.0,27.7,36.4,25.0,30.1,23.3
Chaguanas,2020-06-25,80.8,7.7978,18.3,100.5,1013.1,47.6,5.9,166.4,14.2,20777,66640,1,31.1,25.1,27.9,37.5,25.1,30.8,24.1
Chaguanas,2020-06-26,74.1,0.0,20.8,94.1,1012.5,41.2,4.6,160.0,13.8,20792,66650,0,32.0,26.0,28.8,36.8,26.0,32.2,23.5
Chaguanas,2020-06-27,84.0,32.9946,16.1,100.4,1011.4,42.6,5.5,90.9,7.7,20806,66660,1,31.0,23.0,26.7,36.6,23.0,28.6,23.6
Chaguanas,2020-06-28,76.7,3.6067999999999993,15.0,107.6,1011.8,33.4,6.3,177.9,15.3,20821,66670,1,32.0,25.0,28.1,36.8,25.0,30.6,23.4
Chaguanas,2020-06-29,76.0,0.0,15.0,101.4,1012.7,40.7,6.6,161.0,13.9,20836,66678,0,32.0,21.2,27.7,37.8,21.2,29.9,22.9
Chaguanas,2020-06-30,79.1,2.9972,18.3,110.1,1012.2,43.8,6.8,144.0,12.4,20851,66687,1,32.0,24.7,27.2,36.8,24.7,29.2,23.1
Chaguanas,2020-07-01,77.3,0.4064,15.0,102.0,1012.3,51.4,7.6,177.6,15.2,20867,66694,1,32.0,25.7,27.9,38.2,25.7,30.3,23.5
Chaguanas,2020-07-02,81.3,3.2258,18.3,104.7,1011.7,54.3,5.9,153.9,13.2,20882,66701,1,31.0,26.0,27.6,36.2,26.0,29.7,23.9
Chaguanas,2020-07-03,76.2,0.508,17.2,98.1,1011.8,40.1,6.4,186.5,16.1,20897,66707,1,32.0,25.9,28.1,36.8,25.9,30.1,23.2
Chaguanas,2020-07-04,74.1,0.508,18.3,104.6,1012.0,44.4,6.9,188.4,16.3,20913,66713,1,31.1,25.0,27.9,35.5,25.0,29.9,22.6
Chaguanas,2020-07-05,85.7,4.3942,10.3,112.2,1012.2,59.2,6.0,93.9,8.1,20928,66718,1,30.0,23.7,26.1,34.6,23.7,27.3,23.4
Chaguanas,2020-07-06,83.9,8.001,11.4,123.5,1012.2,57.6,7.0,130.7,11.3,20944,66722,1,31.0,25.0,27.1,36.6,25.0,29.2,24.0
Chaguanas,2020-07-07,83.2,3.9878,6.9,115.9,1013.2,57.6,7.1,110.1,9.5,20959,66726,1,31.0,24.0,27.2,36.6,24.0,29.5,23.9
Chaguanas,2020-07-08,75.3,0.0,18.3,95.9,1012.5,30.3,7.4,218.6,18.8,20974,66728,0,32.0,24.0,28.0,37.9,24.0,30.4,22.9
Chaguanas,2020-07-09,74.8,0.7111999999999999,19.7,95.7,1013.0,35.6,6.7,195.9,16.9,20990,66730,1,32.0,24.0,27.8,36.0,24.0,30.0,22.7
Chaguanas,2020-07-10,77.6,2.0065999999999997,13.9,101.4,1013.2,42.7,5.5,105.6,9.1,21005,66732,1,30.0,26.0,27.7,35.1,26.0,30.4,23.4
Chaguanas,2020-07-11,81.4,2.0065999999999997,15.0,110.0,1012.5,42.8,6.8,158.4,13.6,21020,66732,1,31.0,24.8,27.2,36.6,24.8,29.3,23.7
Chaguanas,2020-07-12,79.3,0.1016,11.4,106.3,1013.0,46.8,7.5,149.5,12.8,21035,66732,1,32.0,24.8,28.1,37.9,24.8,30.9,23.9
Chaguanas,2020-07-13,77.3,0.6096,15.0,103.8,1013.6,33.8,6.7,201.8,17.3,21050,66731,1,32.0,24.8,28.1,36.8,24.8,30.9,23.6
Chaguanas,2020-07-14,74.1,0.0,16.1,99.9,1013.1,29.0,5.0,168.9,14.5,21064,66729,0,32.2,25.9,28.6,36.8,25.9,31.3,23.3
Chaguanas,2020-07-15,81.3,1.4223999999999999,9.6,97.1,1012.7,23.5,5.6,271.0,23.4,21079,66726,1,28.6,24.0,26.8,32.2,24.0,28.7,23.2
Chaguanas,2020-07-16,83.8,5.9944,13.9,102.5,1013.0,34.3,6.5,171.0,14.7,21093,66722,1,29.0,25.1,26.8,33.6,25.1,28.5,23.8
Chaguanas,2020-07-17,80.5,6.7818,13.9,109.9,1012.8,46.3,6.9,174.8,14.9,21107,66718,1,31.0,24.9,27.3,36.2,24.9,29.6,23.6
Chaguanas,2020-07-18,81.2,1.1938,15.0,101.8,1012.0,44.0,6.8,191.5,16.5,21121,66713,1,31.2,24.8,27.3,37.7,24.8,29.9,23.8
Chaguanas,2020-07-19,84.8,0.6096,16.1,105.4,1011.6,34.7,6.9,192.2,16.5,21134,66707,1,31.1,24.9,26.9,36.4,24.9,28.8,24.0
Chaguanas,2020-07-20,84.5,4.3942,12.8,110.0,1012.0,56.6,6.4,182.9,15.8,21147,66700,1,32.0,24.7,27.0,40.7,24.7,29.2,24.0
Chaguanas,2020-07-21,81.6,19.7866,26.4,96.3,1012.4,45.4,6.7,209.5,18.2,21160,66692,1,31.7,24.0,26.9,36.6,24.0,28.5,23.3
Chaguanas,2020-07-22,83.2,1.2192,15.0,109.7,1012.1,47.7,6.7,189.6,16.3,21173,66684,1,31.0,24.0,26.7,36.6,24.0,28.6,23.4
Chaguanas,2020-07-23,84.5,5.0038,9.2,117.7,1012.5,52.4,6.5,175.7,15.0,21185,66675,1,32.0,23.0,26.3,36.8,23.0,28.0,23.3
Chaguanas,2020-07-24,76.7,4.0893999999999995,11.4,110.4,1012.3,36.9,6.7,187.8,16.3,21197,66664,1,32.0,23.0,27.4,35.9,23.0,29.4,22.6
Chaguanas,2020-07-25,88.5,5.9944,12.8,106.6,1012.2,48.2,6.7,90.8,7.8,21208,66653,1,28.0,24.0,25.8,31.9,24.0,26.6,23.7
Chaguanas,2020-07-26,77.4,0.0,13.9,97.9,1013.5,44.3,7.2,192.4,16.5,21220,66641,0,32.8,24.0,28.1,37.7,24.0,30.8,23.4
Chaguanas,2020-07-27,85.8,2.3114,9.2,39.4,1011.9,49.1,5.8,114.4,9.8,21231,66629,1,30.9,24.0,26.9,36.6,24.0,29.3,24.3
Chaguanas,2020-07-28,88.0,4.2926,6.9,352.8,1010.4,38.8,6.9,78.7,6.7,21241,66615,1,29.8,24.0,26.1,34.8,24.0,27.2,23.8
Chaguanas,2020-07-29,83.2,13.0048,23.0,158.3,1010.7,53.6,6.5,178.4,15.6,21251,66601,1,33.2,24.0,26.6,39.8,24.0,28.3,23.2
Chaguanas,2020-07-30,80.4,0.508,12.8,114.5,1012.0,50.3,7.1,186.7,16.1,21261,66586,1,33.1,24.0,28.1,40.7,24.0,31.8,24.2
Chaguanas,2020-07-31,78.5,2.9972,13.9,105.9,1012.0,42.7,7.6,242.0,20.7,21270,66570,1,32.0,24.0,27.5,35.8,24.0,29.5,23.2
Chaguanas,2020-08-01,83.5,6.985,10.3,37.7,1012.8,39.7,7.1,216.7,18.8,21279,66553,1,32.0,24.0,27.2,37.9,24.0,29.8,24.1
Chaguanas,2020-08-02,86.8,48.00599999999999,9.2,113.4,1013.4,50.6,6.5,127.0,10.9,21288,66535,1,30.0,23.8,25.8,35.1,23.8,26.9,23.4
Chaguanas,2020-08-03,81.5,2.0065999999999997,12.8,122.8,1015.0,43.3,7.3,188.8,16.2,21296,66517,1,33.0,24.0,27.6,39.3,24.0,30.2,23.9
Chaguanas,2020-08-04,80.2,10.0076,9.2,109.0,1015.1,40.0,6.8,164.1,14.1,21303,66497,1,33.0,24.0,27.4,42.3,24.0,29.8,23.5
Chaguanas,2020-08-05,84.8,9.9822,8.1,115.1,1014.0,46.2,6.2,171.1,14.9,21311,66477,1,30.7,24.0,26.1,36.0,24.0,27.4,23.2
Chaguanas,2020-08-06,83.1,0.7111999999999999,11.4,114.5,1013.2,39.7,7.0,181.7,15.8,21318,66457,1,32.0,24.0,27.2,37.5,24.0,29.3,23.8
Chaguanas,2020-08-07,85.8,10.5156,11.4,97.7,1014.1,51.9,7.2,134.6,11.5,21324,66435,1,30.2,24.2,26.9,38.9,24.2,29.4,24.3
Chaguanas,2020-08-08,86.1,86.8172,8.1,110.2,1014.7,56.9,6.0,89.9,7.8,21330,66413,1,31.0,24.7,26.8,36.6,24.7,28.7,24.2
Chaguanas,2020-08-09,85.8,14.604999999999999,12.8,89.5,1014.2,38.9,7.1,124.6,10.8,21336,66390,1,30.4,24.0,26.1,35.1,24.0,27.4,23.4
Chaguanas,2020-08-10,75.8,0.0,10.3,102.2,1012.3,38.1,6.9,196.0,16.8,21341,66366,0,33.1,25.0,28.6,38.1,25.0,31.6,23.6
Chaguanas,2020-08-11,78.2,2.9972,13.9,105.6,1010.8,35.6,7.2,236.7,20.4,21346,66342,1,33.1,24.0,28.1,39.3,24.0,30.8,23.6
Chaguanas,2020-08-12,84.2,11.9888,11.4,117.3,1010.7,55.4,6.5,154.7,13.4,21350,66316,1,32.0,25.8,27.9,42.3,25.8,31.1,24.9
Chaguanas,2020-08-13,73.6,0.508,16.1,98.8,1010.5,40.2,7.1,228.6,19.6,21354,66290,1,33.0,25.0,28.8,39.3,25.0,31.6,23.3
Chaguanas,2020-08-14,74.3,0.0,10.3,101.6,1009.8,47.7,7.2,132.2,11.5,21358,66264,0,32.0,25.0,28.1,36.2,25.0,30.3,22.9
Chaguanas,2020-08-15,80.6,0.1016,12.8,129.7,1010.1,44.2,7.3,146.9,12.6,21361,66237,1,34.0,25.0,27.9,42.0,25.0,30.5,24.1
Chaguanas,2020-08-16,76.5,0.0,10.3,60.2,1010.1,42.0,7.1,124.0,10.8,21364,66209,0,33.0,24.0,28.2,38.1,24.0,30.9,23.4
Chaguanas,2020-08-17,89.0,71.3994,6.9,15.2,1009.7,51.7,6.5,117.7,10.0,21366,66180,1,29.0,25.0,26.6,34.6,25.0,28.4,24.6
Chaguanas,2020-08-18,85.9,35.712399999999995,15.0,121.1,1011.2,50.8,6.9,97.5,8.5,21368,66151,1,30.1,22.8,26.1,35.1,22.8,27.6,23.3
Chaguanas,2020-08-19,79.7,2.0065999999999997,9.2,93.7,1011.1,48.8,7.1,192.0,16.6,21370,66121,1,33.0,24.8,27.8,38.1,24.8,30.3,23.7
Chaguanas,2020-08-20,87.0,25.603199999999998,10.3,144.4,1010.9,46.8,6.5,110.3,9.5,21371,66091,1,32.1,24.9,26.7,39.0,24.9,28.2,24.2
Chaguanas,2020-08-21,90.3,19.9898,8.1,69.9,1011.3,47.3,6.5,208.2,18.1,21372,66060,1,31.1,23.0,25.4,38.1,23.0,26.9,23.7
Chaguanas,2020-08-22,79.6,2.5907999999999998,10.3,125.3,1011.6,46.1,7.1,274.9,23.5,21373,66029,1,33.0,23.0,27.7,38.1,23.0,31.0,23.6
Chaguanas,2020-08-23,78.6,2.3114,9.2,66.2,1012.4,46.8,7.1,170.5,14.8,21373,65997,1,33.2,23.7,27.3,37.5,23.7,29.1,23.0
Chaguanas,2020-08-24,79.7,0.9905999999999999,10.3,124.7,1012.0,46.1,7.2,129.0,11.1,21373,65965,1,33.0,24.0,27.3,38.1,24.0,29.4,23.2
Chaguanas,2020-08-25,75.6,0.0,12.8,105.9,1011.5,41.7,7.5,213.7,18.4,21373,65932,0,33.2,24.0,28.4,38.2,24.0,31.2,23.3
Chaguanas,2020-08-26,74.4,0.6096,11.4,81.1,1011.9,34.9,7.4,206.2,17.7,21372,65898,1,33.0,25.0,28.9,38.1,25.0,31.8,23.6
Chaguanas,2020-08-27,82.1,1.1176,9.4,53.0,1012.7,30.3,7.8,274.1,23.6,21371,65864,1,29.9,24.9,27.7,35.6,24.9,31.1,24.3
Chaguanas,2020-08-28,80.6,1.9304,11.4,50.4,1012.4,23.8,7.8,259.7,22.4,21370,65830,1,30.4,26.7,27.9,35.5,26.7,31.7,24.2
Chaguanas,2020-08-29,78.6,3.9878,12.8,58.1,1009.9,56.3,7.4,172.7,15.0,21368,65795,1,33.0,25.7,28.1,39.3,25.7,30.9,23.9
Chaguanas,2020-08-30,85.1,21.005799999999997,12.8,311.3,1009.0,54.4,7.0,62.2,5.5,21366,65760,1,31.0,24.0,26.9,36.6,24.0,29.2,24.1
Chaguanas,2020-08-31,84.4,50.0888,13.9,243.7,1012.3,66.2,7.0,80.2,6.9,21364,65725,1,29.0,22.8,25.8,32.1,22.8,26.9,22.9
Chaguanas,2020-09-01,82.2,64.008,17.2,124.7,1012.2,43.5,7.5,167.4,14.6,21362,65689,1,32.1,22.9,26.3,36.9,22.9,27.7,22.8
Chaguanas,2020-09-02,81.2,4.191,11.4,101.2,1010.6,50.1,7.0,207.9,18.0,21360,65653,1,31.9,24.0,27.4,37.8,24.0,29.9,23.7
Chaguanas,2020-09-03,86.4,33.9852,10.3,255.9,1011.8,52.5,6.4,60.9,5.4,21357,65616,1,30.0,23.0,25.1,35.1,23.0,25.7,22.6
Chaguanas,2020-09-04,78.2,0.0,11.4,120.9,1012.0,36.9,7.8,222.6,19.3,21354,65579,0,33.1,22.0,27.6,39.0,22.0,30.6,23.1
Chaguanas,2020-09-05,75.4,0.9905999999999999,13.9,96.4,1012.1,36.6,7.6,160.5,13.9,21351,65542,1,33.0,25.0,28.3,38.1,25.0,31.4,23.3
Chaguanas,2020-09-06,79.7,0.3048,11.4,110.3,1010.3,37.8,7.6,224.6,19.5,21348,65505,1,32.1,24.0,27.6,38.1,24.0,29.9,23.5
Chaguanas,2020-09-07,76.6,0.0,9.2,121.1,1008.7,40.0,7.5,211.1,18.1,21344,65467,0,34.0,24.0,28.6,39.9,24.0,31.6,23.7
Chaguanas,2020-09-08,80.7,37.0078,15.0,81.0,1009.5,38.2,7.2,146.5,12.6,21341,65429,1,34.0,24.0,27.1,39.2,24.0,28.7,23.2
Chaguanas,2020-09-09,82.4,2.9972,6.9,110.0,1011.7,43.8,7.3,129.3,11.4,21337,65391,1,32.0,24.0,27.1,37.9,24.0,29.4,23.7
Chaguanas,2020-09-10,80.0,0.2032,11.4,105.2,1012.0,42.7,7.3,156.4,13.6,21333,65353,1,32.0,24.0,27.7,36.8,24.0,30.2,23.7
Chaguanas,2020-09-11,79.0,34.2138,11.4,108.0,1010.1,42.8,7.0,252.5,21.9,21329,65315,1,32.0,24.0,27.6,37.8,24.0,30.4,23.5
Chaguanas,2020-09-12,84.3,13.106399999999999,12.8,94.2,1010.1,45.8,6.9,210.6,18.3,21326,65276,1,31.0,23.0,26.9,37.8,23.0,30.1,23.9
Chaguanas,2020-09-13,80.2,7.899399999999999,8.1,114.8,1011.5,47.2,7.2,167.2,14.4,21322,65238,1,33.8,24.8,28.3,40.1,24.8,32.1,24.4
Chaguanas,2020-09-14,72.6,0.0,9.2,124.0,1013.0,36.8,7.8,191.8,16.6,21318,65199,0,34.0,25.7,29.2,39.3,25.7,32.4,23.4
Chaguanas,2020-09-15,73.3,0.0,12.8,117.9,1011.7,31.7,8.1,225.3,19.5,21314,65160,0,34.0,24.8,29.1,40.6,24.8,32.1,23.4
Chaguanas,2020-09-16,75.2,0.508,15.0,53.8,1010.8,42.1,6.7,184.9,15.9,21310,65122,1,33.0,24.8,28.4,39.3,24.8,31.2,23.3
Chaguanas,2020-09-17,79.9,0.0,9.2,102.9,1010.4,36.0,6.4,196.8,16.8,21305,65083,0,33.1,24.0,27.3,37.8,24.0,29.2,23.2
Chaguanas,2020-09-18,81.3,10.998199999999999,8.1,17.1,1010.2,41.9,6.7,183.5,15.8,21301,65044,1,33.0,23.0,27.3,39.3,23.0,30.5,23.7
Chaguanas,2020-09-19,85.1,56.007,17.2,206.9,1011.2,40.8,7.0,111.0,9.6,21298,65005,1,31.0,22.8,26.5,36.2,22.8,28.1,23.7
Chaguanas,2020-09-20,76.4,0.0,11.4,122.2,1011.2,37.0,7.3,209.5,18.1,21294,64967,0,33.2,25.0,29.1,39.4,25.0,33.0,24.2
Chaguanas,2020-09-21,75.2,0.0,12.8,112.6,1011.3,33.9,7.5,220.0,18.9,21290,64928,0,34.0,25.0,29.1,39.4,25.0,32.5,23.9
Chaguanas,2020-09-22,77.7,0.0,10.3,119.9,1011.4,41.0,7.3,174.1,15.2,21286,64889,0,34.1,25.0,28.8,40.6,25.0,32.3,24.2
Chaguanas,2020-09-23,75.4,0.0,9.2,117.8,1012.1,46.0,7.2,210.1,18.0,21282,64851,0,34.0,24.9,29.1,39.4,24.9,32.8,23.9
Chaguanas,2020-09-24,73.4,0.0,11.4,117.5,1014.0,37.9,7.5,223.1,19.3,21279,64813,0,34.0,26.0,29.3,39.3,26.0,33.1,23.7
Chaguanas,2020-09-25,70.2,0.0,10.3,107.2,1013.8,31.4,7.8,211.9,18.2,21276,64774,0,34.0,24.0,28.9,36.5,24.0,30.9,22.4
Chaguanas,2020-09-26,77.5,0.9905999999999999,8.1,108.0,1011.7,44.8,7.3,92.4,8.1,21272,64736,1,32.9,25.0,28.3,37.9,25.0,31.2,23.7
Chaguanas,2020-09-27,88.5,24.993599999999997,5.8,86.4,1009.4,46.8,7.3,89.1,7.7,21269,64699,1,30.2,23.0,25.4,35.3,23.0,26.3,23.3
Chaguanas,2020-09-28,83.1,13.081,9.2,151.5,1010.5,43.4,8.0,140.8,12.1,21267,64661,1,30.0,24.0,26.3,33.0,24.0,27.9,23.1
Chaguanas,2020-09-29,77.6,0.0,11.4,104.6,1011.7,39.3,8.1,180.2,15.6,21264,64624,0,34.1,24.9,28.6,40.9,24.9,32.3,24.1
Chaguanas,2020-09-30,88.3,7.010400000000001,8.1,105.8,1011.3,51.0,6.8,63.1,5.5,21262,64587,1,28.9,25.0,26.4,34.2,25.0,27.6,24.2
Chaguanas,2020-10-01,80.2,0.0,13.9,108.6,1010.2,43.3,7.2,205.7,17.8,21260,64550,0,32.0,24.8,28.1,39.1,24.8,31.4,24.1
Chaguanas,2020-10-02,79.1,0.0,17.2,105.9,1010.7,38.9,6.6,150.9,13.0,21258,64514,0,31.0,25.0,27.4,36.6,25.0,29.8,23.3
Chaguanas,2020-10-03,82.4,0.9905999999999999,15.0,107.1,1011.6,49.6,6.6,187.4,16.3,21256,64478,1,30.0,24.0,26.6,33.9,24.0,27.9,23.2
Chaguanas,2020-10-04,86.9,28.498800000000003,15.0,105.9,1011.5,52.5,6.0,89.5,7.8,21255,64442,1,31.0,23.0,26.1,37.8,23.0,27.8,23.7
Chaguanas,2020-10-05,84.4,6.095999999999999,11.4,89.8,1011.0,38.7,6.9,165.6,14.4,21254,64407,1,32.0,24.0,26.8,37.9,24.0,28.7,23.8
Chaguanas,2020-10-06,85.8,8.991599999999998,11.4,272.1,1011.9,42.5,6.9,101.1,8.6,21254,64372,1,30.0,24.0,26.1,34.2,24.0,27.3,23.4
Chaguanas,2020-10-07,79.5,0.0,13.9,110.9,1013.0,44.5,7.4,137.5,11.9,21254,64338,0,33.0,24.0,27.8,39.2,24.0,30.5,23.7
Chaguanas,2020-10-08,83.4,3.9878,13.9,107.1,1013.0,43.7,7.3,101.8,8.9,21254,64304,1,34.0,24.8,27.7,40.6,24.8,30.4,24.3
Chaguanas,2020-10-09,78.5,0.0,9.2,110.5,1013.4,37.9,7.3,136.9,11.8,21255,64270,0,32.1,23.0,27.5,36.8,23.0,29.5,23.1
Chaguanas,2020-10-10,85.3,2.0065999999999997,9.2,105.8,1013.1,38.8,7.1,141.3,12.1,21256,64237,1,32.2,24.7,26.5,36.6,24.7,27.4,23.7
Chaguanas,2020-10-11,84.3,0.1016,11.4,106.8,1011.9,37.6,7.5,136.3,11.7,21257,64205,1,29.0,23.0,26.1,33.6,23.0,27.8,23.2
Chaguanas,2020-10-12,89.4,0.3048,17.2,110.9,1011.5,52.6,6.4,93.7,8.2,21259,64173,1,31.0,23.0,25.0,37.8,23.0,25.7,23.1
Chaguanas,2020-10-13,84.8,83.31199999999998,9.2,113.9,1011.2,40.3,7.1,207.0,17.9,21261,64142,1,33.0,23.0,26.2,39.1,23.0,27.9,23.2
Chaguanas,2020-10-14,79.6,0.0,13.9,95.2,1010.6,40.7,7.3,111.6,9.7,21264,64111,0,33.0,23.0,26.8,37.1,23.0,28.9,22.8
Chaguanas,2020-10-15,78.0,0.4064,8.1,117.1,1010.8,42.3,7.3,162.5,14.0,21268,64081,1,32.0,23.8,27.6,36.8,23.8,30.1,23.2
Chaguanas,2020-10-16,75.4,0.0,11.4,104.7,1011.7,35.8,7.3,233.6,20.1,21271,64051,0,33.0,24.0,27.9,38.1,24.0,30.3,22.9
Chaguanas,2020-10-17,78.3,0.0,16.1,104.3,1011.0,40.8,7.3,129.9,11.3,21276,64023,0,33.0,24.0,28.3,38.1,24.0,31.2,23.8
Chaguanas,2020-10-18,79.3,37.0078,30.0,170.4,1009.9,39.5,7.5,199.3,17.2,21281,63995,1,34.1,24.0,27.7,40.6,24.0,29.6,23.4
Chaguanas,2020-10-19,72.2,0.0,8.1,107.9,1009.1,25.5,7.7,196.0,16.8,21286,63967,0,33.0,21.8,27.5,37.1,21.8,29.4,21.7
Chaguanas,2020-10-20,74.8,0.0,10.3,116.0,1010.3,29.1,7.5,269.5,23.2,21292,63941,0,33.1,23.0,28.2,38.1,23.0,30.9,22.8
Chaguanas,2020-10-21,75.5,0.7874,11.4,117.7,1012.0,40.5,7.4,263.1,22.8,21299,63915,1,33.0,24.9,28.6,39.3,24.9,31.6,23.5
Chaguanas,2020-10-22,83.9,2.9972,16.1,113.4,1012.3,51.9,6.4,224.4,19.4,21306,63890,1,29.0,25.0,26.9,32.8,25.0,28.9,23.9
Chaguanas,2020-10-23,85.6,5.9944,17.2,98.0,1012.1,55.0,6.8,150.7,13.0,21314,63865,1,32.0,24.0,26.4,37.9,24.0,28.1,23.7
Chaguanas,2020-10-24,86.3,16.205199999999998,12.8,94.3,1011.5,43.6,6.6,208.9,18.1,21322,63842,1,30.0,24.8,26.7,38.9,24.8,28.7,24.1
Chaguanas,2020-10-25,88.0,35.407599999999995,11.4,97.1,1011.5,50.1,6.7,224.3,19.3,21331,63819,1,31.0,24.0,26.2,37.8,24.0,27.6,23.9
Chaguanas,2020-10-26,86.2,0.508,9.2,110.4,1011.2,39.3,6.7,232.7,20.1,21341,63798,1,31.1,24.0,26.6,36.7,24.0,28.6,23.9
Chaguanas,2020-10-27,78.7,2.8956,15.0,96.7,1009.8,43.3,7.2,235.0,20.3,21351,63777,1,32.1,24.8,27.6,37.9,24.8,29.8,23.3
Chaguanas,2020-10-28,81.9,15.011399999999998,7.2,40.2,1008.0,48.8,6.9,213.8,18.5,21362,63757,1,32.0,23.9,27.4,39.2,23.9,30.4,23.9
Chaguanas,2020-10-29,87.8,16.205199999999998,11.4,95.3,1008.3,41.7,6.8,200.9,17.3,21373,63737,1,31.0,24.0,26.7,37.8,24.0,29.5,24.4
Chaguanas,2020-10-30,87.0,13.0048,16.1,96.1,1010.0,55.0,6.1,189.3,16.3,21386,63719,1,31.0,25.0,26.9,39.1,25.0,29.3,24.5
Chaguanas,2020-10-31,85.3,8.6106,13.9,107.8,1010.7,42.0,7.0,194.9,17.0,21399,63702,1,32.0,24.9,27.2,37.8,24.9,29.5,24.3
Chaguanas,2020-11-01,88.7,6.985,13.9,107.0,1011.0,56.5,6.9,164.9,14.4,21412,63686,1,28.1,24.0,25.8,32.7,24.0,27.0,23.8
Chaguanas,2020-11-02,91.6,23.0124,12.8,115.2,1011.4,50.0,6.1,45.9,3.9,21426,63670,1,27.0,23.9,24.6,30.1,23.9,24.8,23.1
Chaguanas,2020-11-03,79.3,0.0,13.9,103.1,1010.8,48.5,6.6,216.2,18.7,21441,63656,0,32.0,24.0,26.9,36.8,24.0,28.7,22.8
Chaguanas,2020-11-04,74.7,0.0,16.1,104.3,1012.0,39.2,7.0,225.1,19.4,21457,63643,0,31.1,23.0,27.3,34.4,23.0,28.8,22.1
Chaguanas,2020-11-05,72.7,0.0,12.8,103.9,1010.5,32.0,7.0,138.6,11.8,21473,63630,0,32.0,23.0,27.6,34.9,23.0,29.3,21.9
Chaguanas,2020-11-06,82.8,0.0,12.8,103.1,1009.1,52.7,6.2,161.0,13.7,21490,63619,0,32.0,24.9,27.3,37.9,24.9,29.8,24.0
Chaguanas,2020-11-07,82.5,0.0,12.8,111.7,1009.6,43.8,7.1,144.2,12.5,21508,63609,0,31.7,24.8,27.5,37.8,24.8,30.1,24.1
Chaguanas,2020-11-08,84.2,0.7111999999999999,10.3,117.3,1010.9,44.6,7.6,116.6,10.0,21526,63600,1,30.0,25.0,27.1,35.7,25.0,29.1,24.1
Chaguanas,2020-11-09,84.1,0.0,12.8,110.1,1011.8,47.5,6.9,140.1,11.9,21545,63591,0,30.0,24.9,27.0,35.7,24.9,28.9,24.0
Chaguanas,2020-11-10,76.1,0.0,9.2,116.4,1011.6,43.8,7.3,181.5,15.4,21565,63584,0,32.0,24.9,27.9,35.8,24.9,29.7,22.9
Chaguanas,2020-11-11,81.0,0.6096,12.8,107.0,1011.4,42.2,7.3,159.2,13.7,21585,63578,1,32.0,24.0,27.4,37.9,24.0,30.2,23.7
Chaguanas,2020-11-12,88.0,2.2097999999999995,12.8,98.5,1011.1,36.4,7.2,141.0,12.3,21606,63573,1,28.2,24.6,25.8,32.8,24.6,26.8,23.7
Chaguanas,2020-11-13,81.9,0.0,9.2,114.1,1010.5,45.7,7.6,145.8,12.6,21627,63569,0,33.1,23.0,27.3,39.2,23.0,29.9,23.7
Chaguanas,2020-11-14,85.5,2.0065999999999997,11.4,95.1,1010.4,49.5,7.2,101.0,8.8,21650,63566,1,30.0,24.8,26.4,34.2,24.8,27.9,23.7
Chaguanas,2020-11-15,83.7,0.889,16.1,113.8,1010.6,53.8,7.1,153.2,13.5,21672,63565,1,31.1,24.0,26.9,36.6,24.0,28.9,23.7
Chaguanas,2020-11-16,85.4,2.0065999999999997,17.2,95.4,1010.9,62.3,6.8,154.8,13.5,21696,63564,1,31.0,23.1,26.4,37.8,23.1,27.9,23.6
Chaguanas,2020-11-17,86.6,4.0893999999999995,12.8,95.9,1010.9,49.0,6.8,139.9,12.2,21720,63564,1,30.0,23.0,26.3,35.9,23.0,28.1,23.8
Chaguanas,2020-11-18,78.2,0.0,11.4,98.5,1011.7,37.8,6.8,240.3,20.7,21745,63566,0,31.7,23.9,27.1,35.6,23.9,29.0,22.8
Chaguanas,2020-11-19,76.0,0.0,13.9,96.6,1011.4,35.6,6.7,239.5,20.7,21770,63568,0,31.2,24.0,27.6,34.9,24.0,29.3,22.7
Chaguanas,2020-11-20,79.5,1.0921999999999998,13.9,103.2,1011.1,49.4,6.8,227.9,19.8,21795,63572,1,32.0,23.0,26.8,36.8,23.0,28.4,22.7
Chaguanas,2020-11-21,89.9,53.0098,17.2,103.5,1010.6,63.3,5.7,191.4,16.6,21822,63577,1,28.0,23.9,25.1,31.3,23.9,25.7,23.3
Chaguanas,2020-11-22,89.5,17.703799999999998,8.1,105.7,1011.5,55.8,4.7,127.0,11.0,21849,63583,1,28.0,24.0,25.3,32.7,24.0,25.9,23.4
Chaguanas,2020-11-23,82.7,2.1082,15.0,93.0,1011.4,53.3,5.7,133.4,11.6,21876,63590,1,31.0,23.8,26.3,35.5,23.8,27.6,22.9
Chaguanas,2020-11-24,83.4,11.7094,13.9,97.9,1011.3,64.9,5.8,98.3,8.3,21904,63597,1,30.0,23.9,26.2,34.2,23.9,27.8,23.0
Chaguanas,2020-11-25,82.7,0.2032,17.2,102.5,1011.4,53.3,6.7,140.8,12.2,21932,63606,1,30.0,24.0,26.4,35.1,24.0,27.7,23.2
Chaguanas,2020-11-26,86.7,0.0,15.0,99.8,1010.8,60.8,6.6,93.8,8.1,21961,63616,0,31.0,23.8,25.7,35.5,23.8,26.5,23.2
Chaguanas,2020-11-27,84.3,17.906999999999996,10.3,103.2,1010.5,45.0,7.5,105.7,9.1,21990,63628,1,31.0,23.0,26.3,36.6,23.0,27.8,23.2
Chaguanas,2020-11-28,81.2,0.0,9.2,100.3,1011.4,42.6,7.6,110.3,9.5,22019,63640,0,32.0,24.0,27.1,36.8,24.0,29.2,23.3
Chaguanas,2020-11-29,80.0,0.0,11.4,102.0,1012.3,40.8,7.7,110.8,9.6,22049,63653,0,32.0,23.9,27.3,36.8,23.9,29.4,23.3
Chaguanas,2020-11-30,79.6,0.0,12.8,94.6,1011.9,47.1,7.0,167.6,14.5,22079,63667,0,31.0,24.9,27.3,35.5,24.9,29.2,23.2
Chaguanas,2020-12-01,82.1,0.4064,15.0,91.7,1011.6,39.7,6.2,178.4,15.5,22110,63682,1,31.0,24.0,26.8,35.5,24.0,28.6,23.3
Chaguanas,2020-12-02,74.7,0.6096,10.3,106.1,1011.9,35.8,7.0,151.7,13.3,22140,63698,1,31.7,23.0,26.7,34.6,23.0,27.9,21.4
Chaguanas,2020-12-03,76.1,0.2032,11.4,63.6,1011.8,36.1,7.3,123.3,10.6,22172,63715,1,32.0,22.0,26.3,34.6,22.0,27.6,21.4
Chaguanas,2020-12-04,81.9,0.3048,13.9,104.5,1012.7,59.1,6.8,87.2,7.5,22203,63733,1,30.0,23.9,25.9,34.2,23.9,26.9,22.5
Chaguanas,2020-12-05,82.2,5.0038,11.4,99.2,1013.0,45.6,7.2,141.9,12.3,22234,63751,1,32.0,24.0,26.6,37.9,24.0,28.4,23.2
Chaguanas,2020-12-06,77.8,0.0,13.9,105.2,1012.5,39.7,8.0,169.6,14.7,22266,63771,0,31.0,23.0,26.8,34.6,23.0,28.4,22.3
Chaguanas,2020-12-07,81.1,3.9878,15.0,95.0,1012.4,50.4,7.3,116.0,10.1,22297,63792,1,30.0,24.0,26.4,34.2,24.0,27.8,22.8
Chaguanas,2020-12-08,77.7,0.0,11.4,112.0,1013.6,35.3,7.6,127.9,11.2,22329,63813,0,32.6,23.0,26.8,36.6,23.0,28.4,22.3
Chaguanas,2020-12-09,76.0,0.0,11.4,99.1,1013.9,39.0,7.6,114.0,9.9,22361,63835,0,31.1,23.0,26.6,34.4,23.0,28.0,21.7
Chaguanas,2020-12-10,71.9,0.0,11.4,104.0,1012.7,30.8,7.5,141.9,12.3,22393,63858,0,31.0,22.2,26.4,33.8,22.2,27.3,20.6
Chaguanas,2020-12-11,78.7,2.0065999999999997,12.8,108.6,1011.9,35.8,7.0,151.4,13.0,22425,63882,1,30.3,22.0,25.9,33.9,22.0,27.3,21.8
Chaguanas,2020-12-12,78.5,0.0,16.1,97.9,1012.7,38.2,7.9,26.2,2.4,22457,63906,0,30.2,22.9,26.2,33.3,22.9,27.2,21.9
Chaguanas,2020-12-13,84.7,0.508,18.3,116.2,1013.1,47.1,6.9,86.4,7.3,22488,63931,1,29.1,23.7,25.8,32.8,23.7,26.8,22.9
Chaguanas,2020-12-14,78.1,0.0,13.9,99.8,1012.3,34.4,7.2,143.9,12.5,22520,63957,0,31.1,23.0,26.7,34.6,23.0,27.9,22.2
Chaguanas,2020-12-15,76.9,0.0,12.8,103.3,1011.4,34.1,6.9,157.5,13.7,22552,63984,0,32.0,22.9,26.8,35.8,22.9,28.3,22.1
Chaguanas,2020-12-16,76.1,0.0,12.8,97.5,1011.9,38.3,6.9,145.2,12.7,22583,64011,0,32.0,22.0,26.8,35.8,22.0,28.1,21.8
Chaguanas,2020-12-17,77.4,0.508,19.7,93.9,1012.8,44.0,7.2,165.3,14.3,22614,64039,1,31.1,24.8,27.2,34.2,24.8,28.6,22.6
Chaguanas,2020-12-18,84.6,0.9905999999999999,8.1,104.5,1012.6,47.1,6.7,93.1,8.2,22645,64067,1,30.0,24.0,26.2,34.6,24.0,27.7,23.3
Chaguanas,2020-12-19,84.2,2.9972,11.4,111.4,1011.4,41.9,6.4,130.0,11.3,22676,64096,1,31.0,23.0,26.2,34.6,23.0,27.3,23.1
Chaguanas,2020-12-20,83.9,10.998199999999999,12.8,105.9,1011.6,42.5,6.9,138.0,12.0,22706,64125,1,30.0,23.0,25.7,35.1,23.0,26.9,22.6
Chaguanas,2020-12-21,84.8,4.3942,16.1,102.9,1012.5,50.9,6.1,100.0,8.8,22736,64155,1,30.8,23.0,25.8,35.4,23.0,27.1,22.9
Chaguanas,2020-12-22,80.5,0.3048,15.0,97.0,1012.2,46.7,6.9,149.6,13.0,22765,64185,1,30.7,23.0,26.1,34.9,23.0,27.4,22.3
Chaguanas,2020-12-23,80.3,2.8956,17.2,94.7,1011.5,43.9,6.9,137.3,11.8,22795,64215,1,30.2,23.0,26.2,33.3,23.0,27.3,22.3
Chaguanas,2020-12-24,78.0,0.1016,12.8,108.8,1011.3,32.0,7.1,181.8,15.7,22823,64246,1,30.0,22.0,26.1,32.9,22.0,27.1,21.7
Chaguanas,2020-12-25,79.0,0.9905999999999999,15.0,104.2,1010.0,45.1,6.8,181.9,15.8,22852,64278,1,29.4,24.0,26.5,32.8,24.0,27.8,22.4
Chaguanas,2020-12-26,76.9,0.7111999999999999,13.9,113.4,1008.8,42.6,7.1,185.2,16.2,22879,64309,1,31.0,22.8,26.2,34.6,22.8,27.2,21.6
Chaguanas,2020-12-27,74.6,0.0,11.4,103.2,1009.7,37.2,7.1,191.0,16.7,22906,64341,0,31.0,21.9,26.1,33.6,21.9,27.1,20.9
Chaguanas,2020-12-28,77.2,0.0,9.2,121.3,1011.1,38.1,7.2,167.5,14.6,22933,64373,0,31.0,21.0,26.0,34.6,21.0,27.3,21.4
Chaguanas,2020-12-29,85.3,16.9926,9.2,120.2,1010.9,53.4,6.8,98.6,8.6,22959,64405,1,30.0,23.0,25.3,34.2,23.0,26.0,22.6
Chaguanas,2020-12-30,87.1,13.9954,5.8,280.0,1011.5,46.7,6.7,97.2,8.4,22984,64438,1,29.2,22.0,24.4,32.8,22.0,25.1,22.0
Chaguanas,2020-12-31,82.3,0.508,11.4,114.3,1012.1,54.4,7.1,135.9,11.6,23009,64470,1,29.0,22.0,25.4,32.1,22.0,26.6,22.1
Chaguanas,2021-01-01,80.5,2.0065999999999997,20.8,104.9,1013.7,51.8,6.9,109.9,9.4,23033,64503,1,30.0,23.7,25.9,33.3,23.7,26.9,22.1
Chaguanas,2021-01-02,76.7,2.794,15.7,82.5,1013.2,53.9,6.6,142.8,12.3,23056,64535,1,30.0,23.0,25.6,31.9,23.0,26.2,21.0
Chaguanas,2021-01-03,63.2,0.0,15.0,61.2,1012.8,34.3,7.8,163.7,14.3,23079,64568,0,30.0,21.0,25.7,30.4,21.0,25.8,17.6
Chaguanas,2021-01-04,71.7,0.0,12.8,116.9,1011.6,31.5,7.6,168.2,14.6,23101,64601,0,30.8,20.8,24.9,31.2,20.8,25.3,18.9
Chaguanas,2021-01-05,83.3,0.3048,13.9,112.5,1011.7,45.1,7.2,92.9,8.0,23122,64633,1,30.0,19.0,23.6,32.6,19.0,24.0,20.4
Chaguanas,2021-01-06,86.4,13.9954,11.4,114.2,1012.0,54.0,6.8,100.7,8.7,23142,64666,1,30.0,23.0,25.5,35.1,23.0,26.6,23.0
Chaguanas,2021-01-07,83.8,1.778,12.8,106.5,1013.0,54.2,6.5,117.3,9.9,23161,64698,1,30.0,22.9,25.6,34.2,22.9,26.8,22.4
Chaguanas,2021-01-08,75.4,2.794,16.1,106.2,1013.1,52.6,8.1,175.1,15.1,23180,64731,1,30.1,23.9,26.4,32.7,23.9,27.4,21.4
Chaguanas,2021-01-09,87.7,12.014199999999999,9.2,110.1,1013.0,40.9,6.4,102.1,8.9,23197,64763,1,28.0,23.0,25.3,31.3,23.0,25.9,23.1
Chaguanas,2021-01-10,77.3,0.2032,17.2,112.8,1013.9,33.0,6.2,167.0,14.4,23214,64795,1,30.1,25.0,26.7,33.7,25.0,27.8,22.2
Chaguanas,2021-01-11,70.6,0.0,16.1,111.9,1014.6,38.1,7.1,196.8,16.9,23230,64826,0,31.0,22.9,26.4,33.1,22.9,27.0,20.2
Chaguanas,2021-01-12,75.0,0.0,13.9,110.6,1013.8,41.2,7.7,179.3,15.5,23245,64858,0,30.1,22.0,25.6,32.1,22.0,26.4,20.6
Chaguanas,2021-01-13,76.9,0.7874,16.1,108.1,1013.1,56.0,7.0,205.7,17.8,23258,64889,1,31.0,22.0,25.7,33.1,22.0,26.5,20.8
Chaguanas,2021-01-14,77.4,2.0065999999999997,15.0,110.7,1011.9,56.7,6.8,184.3,15.9,23271,64920,1,30.0,22.9,26.2,32.6,22.9,27.2,21.6
Chaguanas,2021-01-15,75.8,0.1016,12.8,115.0,1011.8,46.6,7.1,155.2,13.3,23283,64950,1,30.0,22.0,25.9,32.1,22.0,26.8,21.1
Chaguanas,2021-01-16,75.3,0.0,13.9,108.6,1011.5,31.4,7.2,183.5,15.9,23294,64980,0,31.0,21.0,25.8,33.1,21.0,26.7,20.7
Chaguanas,2021-01-17,70.9,0.0,13.9,95.1,1011.7,35.9,7.2,179.5,15.6,23304,65010,0,31.1,23.9,26.4,32.5,23.9,27.1,20.4
Chaguanas,2021-01-18,77.8,0.508,17.2,104.3,1012.4,43.8,6.5,148.1,12.8,23313,65039,1,30.0,23.0,25.8,32.1,23.0,26.9,21.5
Chaguanas,2021-01-19,81.7,10.8204,19.7,99.3,1012.9,48.6,6.6,149.6,12.9,23321,65068,1,29.0,23.0,25.3,32.1,23.0,25.8,21.8
Chaguanas,2021-01-20,77.1,0.2032,13.9,115.0,1012.3,37.4,7.0,172.6,15.0,23328,65097,1,30.0,21.0,25.3,32.3,21.0,26.0,20.8
Chaguanas,2021-01-21,76.4,0.0,13.9,107.7,1012.6,34.2,7.9,194.0,16.7,23334,65125,0,30.3,21.8,26.1,32.7,21.8,26.9,21.2
Chaguanas,2021-01-22,79.1,0.1016,11.4,102.2,1013.0,41.4,6.5,152.9,13.1,23339,65152,1,30.2,22.1,26.2,33.4,22.1,27.3,22.1
Chaguanas,2021-01-23,74.5,0.4064,19.7,104.6,1013.2,52.1,6.5,173.4,15.0,23343,65179,1,30.2,24.1,26.8,33.4,24.1,27.8,21.7
Chaguanas,2021-01-24,73.1,0.0,11.4,108.1,1012.5,36.2,7.1,204.6,17.5,23345,65205,0,31.1,21.7,26.1,33.1,21.7,26.9,20.6
Chaguanas,2021-01-25,74.6,0.0,15.0,102.5,1012.6,36.2,7.1,180.4,15.8,23347,65231,0,31.0,22.0,26.3,33.8,22.0,27.3,21.2
Chaguanas,2021-01-26,71.1,0.0,17.2,80.1,1013.6,62.8,7.0,154.9,13.5,23348,65257,0,30.1,24.0,26.6,32.6,24.0,27.4,20.7
Chaguanas,2021-01-27,70.1,0.0,16.1,83.7,1013.7,34.4,7.6,176.4,15.2,23347,65281,0,31.1,24.4,26.8,32.0,24.4,27.4,20.6
Chaguanas,2021-01-28,66.3,0.0,15.0,116.7,1012.7,35.3,7.0,159.3,13.8,23346,65306,0,31.0,23.7,26.7,32.4,23.7,27.3,19.6
Chaguanas,2021-01-29,72.9,0.0,11.4,104.1,1012.2,40.8,7.2,234.0,20.2,23344,65329,0,31.0,21.0,25.7,32.9,21.0,26.3,20.0
Chaguanas,2021-01-30,78.6,2.0065999999999997,15.0,98.3,1013.2,52.1,6.6,185.0,15.9,23340,65352,1,30.0,22.0,25.5,32.6,22.0,26.6,21.3
Chaguanas,2021-01-31,74.3,0.0,23.0,97.4,1013.4,41.8,5.9,231.9,20.0,23335,65374,0,30.8,23.0,26.7,33.3,23.0,27.7,21.4
Chaguanas,2021-02-01,69.7,0.2032,20.8,86.7,1012.9,38.9,6.5,239.8,20.6,23330,65396,1,30.1,23.0,26.4,32.6,23.0,27.1,20.2
Chaguanas,2021-02-02,74.3,0.0,16.1,109.6,1012.3,38.0,6.6,182.1,15.7,23323,65417,0,31.0,21.0,25.7,32.6,21.0,26.4,20.4
Chaguanas,2021-02-03,83.1,2.794,19.7,107.2,1012.4,63.0,5.8,123.5,10.6,23316,65438,1,29.0,25.0,26.4,33.6,25.0,27.7,23.2
Chaguanas,2021-02-04,79.4,1.1176,17.2,98.5,1013.7,60.0,5.7,118.0,10.1,23307,65458,1,30.0,23.6,26.5,33.3,23.6,27.9,22.6
Chaguanas,2021-02-05,70.9,0.0,18.3,96.6,1013.5,42.4,6.7,181.2,15.7,23297,65477,0,31.0,23.9,26.6,33.1,23.9,27.2,20.6
Chaguanas,2021-02-06,73.3,0.6096,18.3,98.5,1013.7,43.3,7.2,154.7,13.4,23287,65495,1,30.0,23.0,25.9,31.9,23.0,26.8,20.6
Chaguanas,2021-02-07,72.4,0.0,17.2,95.7,1013.6,42.2,7.1,179.6,15.5,23275,65513,0,31.0,24.2,26.7,33.1,24.2,27.4,21.1
Chaguanas,2021-02-08,71.2,0.0,17.2,98.2,1013.8,36.0,7.0,159.0,13.5,23263,65531,0,31.0,24.0,26.5,33.1,24.0,27.4,20.6
Chaguanas,2021-02-09,66.5,0.0,15.0,101.2,1013.4,27.0,7.1,183.7,15.8,23249,65547,0,31.2,21.0,26.1,31.9,21.0,26.3,18.6
Chaguanas,2021-02-10,72.6,0.0,17.2,94.3,1013.0,40.1,6.7,196.2,16.9,23235,65563,0,30.0,22.0,25.2,30.8,22.0,25.6,19.7
Chaguanas,2021-02-11,74.2,0.0,16.1,99.4,1012.8,41.7,6.2,165.1,14.4,23219,65579,0,30.0,22.0,25.7,31.3,22.0,26.2,20.3
Chaguanas,2021-02-12,83.5,0.0,16.1,91.1,1013.0,63.2,5.9,78.2,6.6,23203,65593,0,28.0,22.9,25.0,30.7,22.9,25.3,21.9
Chaguanas,2021-02-13,72.6,1.1938,19.7,91.6,1013.2,43.8,6.7,209.1,18.0,23186,65608,1,30.8,24.8,26.9,32.8,24.8,27.8,21.3
Chaguanas,2021-02-14,77.0,0.9905999999999999,20.8,100.4,1013.8,56.0,6.7,161.6,14.1,23168,65621,1,30.0,23.0,26.2,33.1,23.0,27.0,21.6
Chaguanas,2021-02-15,72.1,5.588,23.0,94.3,1014.4,42.5,6.7,171.1,14.8,23149,65634,1,30.0,23.8,26.3,31.9,23.8,27.1,20.6
Chaguanas,2021-02-16,73.5,0.0,18.3,94.8,1014.7,44.6,7.0,187.7,16.2,23129,65646,0,30.0,21.0,25.7,31.3,21.0,26.3,20.2
Chaguanas,2021-02-17,77.5,3.4036,15.0,99.0,1014.3,42.7,6.6,151.1,12.9,23109,65658,1,29.0,21.9,24.7,31.4,21.9,25.3,20.3
Chaguanas,2021-02-18,79.9,8.2042,19.7,84.2,1014.3,39.8,7.0,129.7,11.2,23087,65669,1,28.0,20.9,24.4,30.2,20.9,24.8,20.6
Chaguanas,2021-02-19,80.1,0.8128,11.9,71.2,1015.0,28.5,7.1,229.4,19.7,23065,65680,1,27.1,21.0,24.4,28.9,21.0,24.7,20.7
Chaguanas,2021-02-20,73.4,0.1016,11.6,78.6,1014.4,38.3,7.1,249.4,21.4,23042,65690,1,28.6,23.2,25.4,29.8,23.2,25.8,20.1
Chaguanas,2021-02-21,72.6,0.0,11.4,87.9,1013.7,53.9,7.9,267.5,23.0,23018,65699,0,31.1,23.4,26.1,31.4,23.4,26.6,20.4
Chaguanas,2021-02-22,82.7,1.6001999999999998,16.1,89.1,1013.5,57.4,5.4,233.3,20.1,22994,65708,1,28.0,23.0,24.9,31.3,23.0,25.5,21.7
Chaguanas,2021-02-23,82.9,8.102599999999999,17.2,99.5,1013.7,47.5,6.1,149.7,12.8,22969,65716,1,29.0,22.8,25.3,32.1,22.8,26.0,22.1
Chaguanas,2021-02-24,79.3,11.0998,13.9,96.6,1013.9,60.3,6.4,226.4,19.4,22943,65724,1,30.0,23.9,26.2,33.1,23.9,27.2,22.1
Chaguanas,2021-02-25,79.2,4.8006,23.0,99.4,1013.1,54.9,6.4,238.9,20.6,22917,65731,1,30.0,23.0,25.9,32.6,23.0,26.7,21.8
Chaguanas,2021-02-26,77.8,2.3114,21.9,97.4,1012.4,48.8,6.3,237.7,20.5,22890,65738,1,30.0,23.0,25.9,33.3,23.0,27.0,21.6
Chaguanas,2021-02-27,73.8,0.0,24.2,87.1,1012.9,35.2,6.6,221.0,19.2,22862,65744,0,28.9,24.0,25.6,30.3,24.0,26.2,20.4
Chaguanas,2021-02-28,65.7,0.0,17.2,100.9,1012.3,37.2,7.0,277.8,24.0,22834,65750,0,30.2,22.9,26.1,31.3,22.9,26.5,18.9
Chaguanas,2021-03-01,71.9,1.0921999999999998,15.0,73.3,1011.1,44.4,6.6,250.8,21.6,22805,65755,1,30.0,22.0,25.3,30.8,22.0,25.7,19.6
Chaguanas,2021-03-02,67.5,0.0,13.9,92.9,1011.8,27.0,7.4,275.0,23.7,22775,65760,0,31.2,20.0,25.5,31.9,20.0,25.7,18.2
Chaguanas,2021-03-03,68.5,0.1016,16.1,100.6,1013.4,52.3,7.1,246.8,21.4,22745,65765,1,31.0,22.0,26.1,31.8,22.0,26.6,19.4
Chaguanas,2021-03-04,88.0,15.392399999999999,13.9,104.0,1013.1,77.9,5.9,223.4,19.5,22715,65769,1,28.0,23.0,25.2,31.9,23.0,25.9,23.0
Chaguanas,2021-03-05,85.3,12.090399999999999,18.3,101.3,1012.5,46.3,6.8,225.9,19.6,22684,65773,1,28.2,23.0,25.3,31.3,23.0,26.1,22.6
Chaguanas,2021-03-06,76.9,0.0,18.3,108.7,1013.0,61.4,7.0,259.0,22.4,22652,65776,0,30.7,24.0,26.6,34.1,24.0,27.5,21.9
Chaguanas,2021-03-07,85.0,1.778,20.8,105.7,1013.7,58.9,6.6,252.0,21.9,22620,65779,1,29.0,24.0,25.7,32.8,24.0,26.7,22.9
Chaguanas,2021-03-08,77.5,2.0065999999999997,19.7,97.4,1014.0,63.1,7.0,244.7,21.2,22588,65782,1,30.1,23.7,25.9,32.0,23.7,26.7,21.4
Chaguanas,2021-03-09,70.3,0.3048,17.2,102.5,1013.8,47.1,7.1,267.8,23.2,22555,65784,1,31.0,22.7,26.1,33.1,22.7,26.8,19.9
Chaguanas,2021-03-10,75.3,0.0,19.7,109.5,1013.2,50.1,7.2,266.3,23.0,22522,65786,0,29.2,22.0,25.4,32.1,22.0,26.2,20.5
Chaguanas,2021-03-11,84.8,8.6106,13.9,93.5,1013.3,63.0,5.6,217.8,18.8,22489,65788,1,29.0,22.8,24.4,31.4,22.8,24.6,21.6
Chaguanas,2021-03-12,77.6,2.7178,18.3,105.8,1013.4,42.4,6.6,202.5,17.5,22455,65789,1,30.0,22.8,26.1,32.6,22.8,27.2,21.8
Chaguanas,2021-03-13,87.1,8.991599999999998,15.0,108.2,1013.8,48.1,6.7,171.7,14.9,22421,65790,1,28.0,23.0,24.9,31.3,23.0,25.1,22.6
Chaguanas,2021-03-14,91.9,26.416,12.8,110.1,1014.2,60.6,5.8,121.1,10.4,22387,65791,1,26.0,22.9,23.8,26.0,22.9,23.8,22.4
Chaguanas,2021-03-15,79.5,0.1016,16.1,101.6,1013.1,50.5,7.2,183.3,15.6,22352,65792,1,30.1,22.9,26.3,33.8,22.9,27.7,22.2
Chaguanas,2021-03-16,75.4,0.0,16.1,98.4,1012.8,37.2,7.1,274.9,23.7,22318,65793,0,31.0,22.0,26.3,33.1,22.0,27.3,21.3
Chaguanas,2021-03-17,76.3,2.0065999999999997,18.3,94.7,1013.1,49.7,6.9,283.4,24.4,22283,65793,1,30.1,23.0,26.0,31.9,23.0,26.7,21.3
Chaguanas,2021-03-18,69.6,0.0,15.0,114.6,1012.9,39.2,8.0,290.6,25.2,22248,65793,0,31.0,23.0,26.3,31.4,23.0,26.7,19.8
Chaguanas,2021-03-19,73.6,0.0,17.2,105.4,1012.8,43.7,7.6,269.1,23.3,22212,65793,0,30.0,21.0,25.4,31.9,21.0,26.1,20.0
Chaguanas,2021-03-20,71.1,0.0,15.0,104.5,1013.1,40.5,7.9,281.0,24.2,22177,65793,0,30.8,21.0,25.9,32.6,21.0,26.6,19.9
Chaguanas,2021-03-21,72.7,0.2032,16.1,104.1,1013.5,56.8,7.1,286.2,24.7,22141,65793,1,30.0,23.0,25.7,31.3,23.0,26.2,20.1
Chaguanas,2021-03-22,77.2,0.0,19.7,102.4,1012.6,49.5,7.2,274.4,23.6,22106,65793,0,30.8,22.0,26.2,34.2,22.0,27.3,21.6
Chaguanas,2021-03-23,73.0,0.0,19.7,103.8,1012.9,56.0,7.1,242.3,20.8,22070,65793,0,31.0,23.7,26.3,32.4,23.7,26.9,20.8
Chaguanas,2021-03-24,82.5,2.0065999999999997,15.0,114.0,1013.5,65.6,6.7,238.6,20.6,22034,65792,1,28.0,22.0,24.7,30.7,22.0,25.2,21.4
Chaguanas,2021-03-25,74.3,0.0,15.0,108.8,1014.0,40.6,7.3,269.3,23.3,21998,65792,0,30.0,21.9,25.9,32.6,21.9,26.8,20.7
Chaguanas,2021-03-26,76.7,1.0921999999999998,18.3,100.4,1013.9,58.6,7.0,246.1,21.1,21963,65791,1,28.0,23.0,25.5,30.2,23.0,26.0,21.1
Chaguanas,2021-03-27,81.3,2.0065999999999997,16.1,105.6,1013.3,51.0,6.8,216.9,18.8,21927,65791,1,29.0,23.0,25.6,32.1,23.0,26.5,22.1
Chaguanas,2021-03-28,88.2,44.323,12.8,94.7,1012.6,64.3,6.1,217.1,18.8,21891,65790,1,28.0,23.0,25.3,31.3,23.0,26.1,23.2
Chaguanas,2021-03-29,78.7,1.1938,23.0,103.3,1012.7,53.9,5.9,119.9,10.4,21856,65790,1,30.0,25.0,27.1,34.2,25.0,28.8,22.9
Chaguanas,2021-03-30,75.2,0.0,20.8,99.0,1013.2,51.4,6.4,261.9,22.6,21820,65789,0,30.7,24.1,26.9,34.2,24.1,28.2,22.0
Chaguanas,2021-03-31,77.3,1.1938,19.7,103.7,1012.1,69.3,6.3,260.2,22.4,21785,65789,1,31.0,23.0,26.2,33.8,23.0,27.0,21.6
Chaguanas,2021-04-01,71.1,0.3048,16.1,104.5,1011.5,49.4,6.9,293.8,25.4,21750,65789,1,30.0,23.0,26.5,32.6,23.0,27.4,20.6
Chaguanas,2021-04-02,76.2,0.7874,17.2,112.9,1012.1,57.2,7.0,253.9,22.0,21714,65789,1,30.0,23.8,26.4,33.0,23.8,27.6,21.6
Chaguanas,2021-04-03,75.4,0.0,17.2,101.1,1012.3,50.5,6.9,293.8,25.4,21679,65789,0,31.0,22.0,26.3,33.1,22.0,27.4,21.3
Chaguanas,2021-04-04,69.5,0.0,13.9,99.6,1011.5,45.5,6.9,273.3,23.6,21645,65789,0,31.0,25.0,27.6,33.8,25.0,28.7,21.2
Chaguanas,2021-04-05,75.0,0.0,15.0,104.6,1011.5,46.5,7.0,238.8,20.6,21610,65789,0,31.0,24.8,27.2,34.6,24.8,28.7,22.2
Chaguanas,2021-04-06,73.9,0.0,15.0,104.9,1011.6,39.7,6.7,290.7,25.2,21576,65789,0,32.0,23.0,27.2,34.9,23.0,28.7,21.8
Chaguanas,2021-04-07,76.2,0.7111999999999999,15.0,108.3,1011.6,33.9,6.1,271.2,23.4,21542,65790,1,31.0,23.8,26.9,34.4,23.8,28.5,22.1
Chaguanas,2021-04-08,75.5,0.0,15.0,105.3,1011.6,41.0,5.2,280.5,24.3,21508,65790,0,32.0,23.0,27.1,34.9,23.0,28.8,22.2
Chaguanas,2021-04-09,76.2,0.0,13.9,105.2,1012.3,41.3,5.5,262.9,22.7,21475,65791,0,31.8,23.0,26.8,35.4,23.0,28.1,22.1
Chaguanas,2021-04-10,82.9,24.002999999999997,9.2,109.4,1011.5,61.8,7.0,213.8,18.6,21442,65792,1,30.0,23.0,26.1,34.2,23.0,27.2,22.8
Chaguanas,2021-04-11,78.0,0.0,11.4,114.6,1011.0,42.7,6.5,235.4,20.3,21409,65793,0,31.0,23.0,26.8,35.5,23.0,28.6,22.4
Chaguanas,2021-04-12,82.6,0.0,13.9,115.1,1011.5,47.3,6.8,235.1,20.3,21377,65795,0,30.0,24.0,26.9,35.1,24.0,29.0,23.5
Chaguanas,2021-04-13,78.1,0.0,12.8,117.5,1011.6,44.5,6.8,282.5,24.4,21345,65797,0,32.0,25.0,28.1,37.9,25.0,30.8,23.7
Chaguanas,2021-04-14,77.0,0.0,11.4,115.1,1011.9,44.5,6.9,272.8,23.5,21313,65799,0,32.0,25.8,28.0,36.8,25.8,30.2,23.4
Chaguanas,2021-04-15,74.6,0.0,11.4,109.1,1011.8,38.6,6.4,276.4,23.7,21282,65801,0,32.0,24.0,27.4,34.9,24.0,29.5,22.3
Chaguanas,2021-04-16,72.8,0.0,15.0,104.0,1012.2,47.0,6.6,294.3,25.5,21252,65803,0,31.2,25.7,27.8,34.2,25.7,29.2,22.2
Chaguanas,2021-04-17,72.9,0.1016,20.8,102.6,1013.7,39.8,6.7,279.3,24.1,21221,65806,1,31.0,23.9,27.5,34.6,23.9,29.2,21.9
Chaguanas,2021-04-18,70.6,0.889,19.7,96.5,1014.2,42.5,6.2,295.7,25.6,21192,65809,1,30.8,24.9,27.3,32.6,24.9,28.5,21.3
Chaguanas,2021-04-19,66.7,0.0,17.2,98.7,1015.1,37.4,6.9,278.9,24.0,21162,65813,0,31.1,24.0,27.4,33.1,24.0,28.3,20.3
Chaguanas,2021-04-20,80.3,8.178799999999999,18.3,91.5,1014.6,48.4,6.9,277.2,24.0,21134,65817,1,29.2,22.2,25.3,33.1,22.2,25.9,21.5
Chaguanas,2021-04-21,74.9,0.0,13.9,113.6,1013.9,37.8,7.0,270.1,23.2,21105,65821,0,31.0,23.0,26.6,33.1,23.0,27.7,21.5
Chaguanas,2021-04-22,71.8,0.0,16.1,103.5,1013.4,34.9,7.0,263.4,22.7,21078,65825,0,31.1,24.0,27.4,33.8,24.0,28.7,21.6
Chaguanas,2021-04-23,71.9,0.0,18.3,101.4,1013.1,45.0,6.6,279.0,23.9,21051,65830,0,32.0,25.0,27.6,34.9,25.0,29.3,21.9
Chaguanas,2021-04-24,76.2,3.302,18.3,105.9,1013.1,41.9,6.6,260.4,22.5,21024,65835,1,30.2,24.0,27.0,34.2,24.0,28.5,22.2
Chaguanas,2021-04-25,71.8,0.0,18.3,101.1,1012.5,46.4,6.6,291.7,25.1,20998,65840,0,31.0,24.0,27.0,33.8,24.0,28.1,21.2
Chaguanas,2021-04-26,77.5,0.1016,18.3,107.1,1011.5,57.7,6.9,260.0,22.4,20973,65846,1,31.0,23.0,26.2,34.6,23.0,27.3,21.8
Chaguanas,2021-04-27,76.7,0.1016,15.0,109.9,1011.7,46.2,7.0,263.9,22.9,20948,65852,1,31.0,23.0,26.5,33.9,23.0,27.7,21.8
Chaguanas,2021-04-28,72.1,0.0,12.8,110.8,1011.6,44.4,7.0,213.0,18.4,20924,65859,0,32.0,24.0,27.2,34.2,24.0,28.3,21.4
Chaguanas,2021-04-29,85.8,5.384799999999999,13.9,104.7,1013.4,42.7,6.7,84.8,7.2,20901,65866,1,28.0,23.0,24.8,30.7,23.0,25.2,22.2
Chaguanas,2021-04-30,87.1,21.996399999999998,11.4,91.6,1013.2,65.1,6.5,171.7,14.6,20878,65873,1,28.0,23.8,24.9,31.3,23.8,25.3,22.6
Chaguanas,2021-05-01,80.4,0.7111999999999999,13.9,92.2,1012.8,55.3,6.9,220.8,19.0,20856,65881,1,30.2,23.0,26.1,33.4,23.0,27.1,22.2
Chaguanas,2021-05-02,80.7,0.2032,11.4,71.8,1012.8,49.7,7.0,180.9,15.5,20835,65889,1,29.0,23.8,26.1,32.1,23.8,27.4,22.4
Chaguanas,2021-05-03,85.4,5.9944,35.1,112.1,1012.8,63.4,6.8,160.4,13.8,20814,65897,1,28.0,23.9,25.6,31.3,23.9,26.3,22.9
Chaguanas,2021-05-04,93.4,62.102999999999994,17.2,105.3,1014.1,53.4,6.0,172.3,14.9,20795,65906,1,25.9,23.0,24.1,25.9,23.0,24.1,22.9
Chaguanas,2021-05-05,85.5,16.1036,15.0,101.6,1014.0,63.8,6.5,219.7,19.1,20775,65915,1,29.0,23.2,25.2,32.8,23.2,26.0,22.5
Chaguanas,2021-05-06,77.0,0.0,17.2,107.8,1013.0,50.5,7.2,259.6,22.4,20757,65925,0,32.0,22.0,26.5,35.8,22.0,28.0,21.9
Chaguanas,2021-05-07,88.3,24.002999999999997,15.0,103.1,1013.6,63.8,6.3,205.4,17.6,20739,65935,1,29.0,23.0,24.9,32.8,23.0,25.3,22.8
Chaguanas,2021-05-08,91.1,45.288199999999996,12.8,103.6,1014.4,67.8,5.5,70.3,6.0,20723,65945,1,26.0,23.9,24.6,26.0,23.9,24.6,23.1
Chaguanas,2021-05-09,82.8,14.503399999999997,13.9,113.1,1014.6,50.2,6.6,239.3,20.7,20706,65956,1,31.0,24.8,26.7,35.5,24.8,28.2,23.3
Chaguanas,2021-05-10,79.4,0.0,17.2,102.8,1014.1,40.1,6.4,283.8,24.6,20691,65967,0,30.0,24.0,26.8,34.2,24.0,28.5,22.8
Chaguanas,2021-05-11,73.4,0.0,16.1,103.3,1013.8,36.0,6.1,295.9,25.5,20676,65978,0,31.0,25.0,27.4,34.6,25.0,28.7,21.9
Chaguanas,2021-05-12,72.1,0.0,12.8,99.7,1013.7,44.2,7.2,293.3,25.3,20663,65990,0,31.0,23.0,27.3,33.8,23.0,28.6,21.4
Chaguanas,2021-05-13,79.3,0.3048,12.8,102.6,1013.6,70.7,6.6,220.0,19.0,20650,66002,1,30.0,23.8,26.3,34.2,23.8,27.4,22.3
Chaguanas,2021-05-14,76.6,0.0,16.1,113.5,1013.4,39.6,6.6,235.1,20.1,20637,66015,0,31.4,23.8,26.9,35.0,23.8,28.3,22.2
Chaguanas,2021-05-15,77.2,0.1016,16.1,97.5,1013.2,39.9,6.0,186.7,16.2,20626,66027,1,31.0,24.1,27.1,34.4,24.1,28.7,22.6
Chaguanas,2021-05-16,72.8,0.0,17.2,106.8,1013.4,38.5,6.1,197.2,17.1,20615,66040,0,32.0,23.0,27.4,35.3,23.0,28.9,21.8
Chaguanas,2021-05-17,83.1,5.9944,17.2,96.0,1013.5,58.9,6.6,153.9,13.2,20606,66054,1,30.0,24.9,26.9,35.1,24.9,29.0,23.7
Chaguanas,2021-05-18,78.4,0.8128,13.9,114.9,1014.1,47.4,5.6,182.6,15.7,20597,66068,1,31.0,25.0,27.4,35.5,25.0,29.0,23.1
Chaguanas,2021-05-19,74.8,0.0,18.3,104.2,1013.9,35.6,5.0,176.7,15.4,20588,66082,0,31.0,25.0,27.4,34.6,25.0,29.0,22.3
Chaguanas,2021-05-20,75.0,1.1938,18.3,104.5,1013.6,40.4,5.3,189.1,16.4,20581,66096,1,31.0,25.0,27.6,34.6,25.0,29.3,22.6
Chaguanas,2021-05-21,74.0,0.0,18.3,101.6,1013.3,42.7,5.1,189.6,16.4,20574,66110,0,32.0,25.0,27.7,35.8,25.0,29.6,22.4
Chaguanas,2021-05-22,81.2,4.9784,119.7,107.5,1012.5,65.8,5.9,147.5,12.8,20569,66125,1,30.8,25.0,27.2,34.4,25.0,28.7,23.5
Chaguanas,2021-05-23,80.1,2.9972,20.8,98.8,1012.5,62.3,4.9,166.6,14.4,20564,66140,1,31.2,25.8,27.8,37.1,25.8,30.7,23.9
Chaguanas,2021-05-24,70.2,0.0,17.2,104.0,1013.2,47.4,6.5,192.2,16.6,20559,66156,0,31.0,25.9,28.3,34.6,25.9,30.6,22.2
Chaguanas,2021-05-25,69.9,0.0,13.9,106.3,1013.8,32.3,6.5,201.4,17.4,20556,66171,0,32.0,24.0,27.9,34.6,24.0,29.3,21.6
Chaguanas,2021-05-26,73.3,0.0,15.0,99.5,1014.1,43.7,6.5,129.9,11.2,20553,66187,0,32.0,24.9,27.8,35.8,24.9,30.1,22.4
Chaguanas,2021-05-27,79.9,2.3114,24.2,104.3,1013.8,55.9,5.5,87.6,7.6,20551,66202,1,30.0,25.0,27.3,34.2,25.0,29.9,23.4
Chaguanas,2021-05-28,70.2,0.6096,13.9,100.0,1013.1,47.4,5.7,189.5,16.2,20550,66218,1,31.0,24.7,27.5,33.8,24.7,28.6,21.3
Chaguanas,2021-05-29,72.9,0.0,17.2,102.4,1012.3,27.4,6.2,190.0,16.4,20550,66235,0,31.0,22.8,27.0,34.1,22.8,28.4,21.5
Chaguanas,2021-05-30,77.8,2.0065999999999997,17.2,98.9,1013.6,39.6,6.4,154.5,13.4,20550,66251,1,30.1,25.0,27.2,35.1,25.0,28.8,22.9
Chaguanas,2021-05-31,78.2,23.0124,19.7,96.4,1013.9,53.5,5.7,109.9,9.6,20551,66267,1,30.1,24.9,26.8,33.3,24.9,28.0,22.6
Chaguanas,2021-06-01,68.9,0.0,13.9,94.5,1012.7,33.2,6.8,207.6,17.9,20553,66283,0,31.0,23.8,27.3,33.1,23.8,28.2,20.7
Chaguanas,2021-06-02,70.7,0.0,12.8,94.9,1012.5,36.3,7.3,196.3,16.8,20556,66300,0,32.0,22.0,26.9,34.2,22.0,27.8,20.6
Chaguanas,2021-06-03,72.1,0.0,15.0,94.7,1012.9,47.3,6.6,188.0,16.2,20559,66316,0,32.0,24.0,27.7,34.9,24.0,29.3,21.9
Chaguanas,2021-06-04,91.1,62.00139999999999,13.9,96.6,1013.6,71.2,4.7,58.6,5.1,20563,66333,1,27.0,23.7,24.9,30.7,23.7,25.1,23.3
Chaguanas,2021-06-05,91.3,58.496199999999995,13.9,93.8,1013.3,57.0,5.4,33.3,2.8,20568,66349,1,26.9,24.0,25.2,29.9,24.0,25.3,23.7
Chaguanas,2021-06-06,76.6,0.0,16.1,96.4,1013.3,36.0,6.5,192.0,16.7,20573,66366,0,31.0,24.8,27.4,35.1,24.8,29.3,22.8
Chaguanas,2021-06-07,78.8,3.9878,19.7,92.2,1012.0,48.1,5.1,159.2,13.6,20579,66382,1,31.9,24.7,27.3,35.9,24.7,29.1,23.1
Chaguanas,2021-06-08,80.1,2.0065999999999997,12.8,107.4,1012.9,45.1,4.3,116.9,10.1,20586,66398,1,30.1,24.0,27.3,35.9,24.0,29.4,23.4
Chaguanas,2021-06-09,78.6,0.1016,16.1,97.0,1013.2,44.3,4.4,220.9,19.1,20593,66414,1,32.0,25.0,27.7,36.8,25.0,30.0,23.4
Chaguanas,2021-06-10,77.6,0.7111999999999999,16.1,102.0,1014.0,56.1,4.9,201.9,17.4,20601,66430,1,32.0,25.9,27.8,36.8,25.9,30.1,23.4
Chaguanas,2021-06-11,76.6,0.0,12.8,95.9,1014.2,38.2,6.4,162.1,14.0,20609,66446,0,32.0,24.0,27.3,35.8,24.0,28.9,22.6
Chaguanas,2021-06-12,76.8,0.0,17.2,92.9,1013.5,42.6,6.0,178.1,15.4,20618,66462,0,31.9,23.9,27.6,35.8,23.9,29.7,22.9
Chaguanas,2021-06-13,73.4,0.0,13.9,94.6,1013.8,40.3,6.3,152.5,13.2,20627,66477,0,32.2,24.0,27.8,36.8,24.0,29.7,22.3
Chaguanas,2021-06-14,78.8,0.0,18.3,96.5,1013.8,56.7,5.3,118.2,10.1,20637,66493,0,31.1,24.2,27.2,35.5,24.2,29.1,23.0
Chaguanas,2021-06-15,74.7,2.0065999999999997,19.7,101.7,1013.8,50.5,6.3,137.0,12.0,20648,66508,1,32.0,25.1,28.1,36.8,25.1,30.0,22.9
Chaguanas,2021-06-16,86.8,8.7884,10.3,95.2,1012.9,49.4,6.4,85.1,7.3,20659,66522,1,28.0,25.0,26.1,31.9,25.0,26.8,23.7
Chaguanas,2021-06-17,87.0,3.0987999999999998,12.8,111.6,1014.0,63.0,6.1,103.4,9.1,20670,66537,1,31.0,24.0,26.3,36.6,24.0,27.7,23.8
Chaguanas,2021-06-18,78.0,3.8099999999999996,16.1,98.2,1014.9,41.5,5.6,169.8,14.7,20682,66551,1,31.9,24.0,27.4,35.8,24.0,29.4,23.0
Chaguanas,2021-06-19,83.2,2.0065999999999997,19.7,108.5,1015.0,49.4,6.0,139.6,12.2,20694,66564,1,30.9,24.9,27.3,37.4,24.9,29.7,24.0
Chaguanas,2021-06-20,79.3,3.9878,17.2,103.8,1015.0,46.7,6.7,163.3,14.2,20707,66578,1,32.0,25.0,27.7,37.9,25.0,30.0,23.6
Chaguanas,2021-06-21,72.0,0.0,13.9,94.8,1014.5,31.4,6.7,182.6,15.8,20720,66591,0,32.0,24.8,28.2,35.8,24.8,30.3,22.4
Chaguanas,2021-06-22,85.2,18.1102,8.1,105.9,1014.5,53.0,6.5,99.1,8.6,20733,66603,1,31.0,23.0,25.6,35.5,23.0,26.3,22.8
Chaguanas,2021-06-23,89.1,2.6923999999999997,5.8,110.3,1013.8,48.0,6.8,74.2,6.6,20747,66615,1,29.0,23.0,25.4,32.8,23.0,26.5,23.4
Chaguanas,2021-06-24,84.4,0.9905999999999999,9.2,90.5,1012.8,50.6,7.4,113.7,9.9,20760,66627,1,30.0,23.0,26.1,34.2,23.0,27.9,23.2
Chaguanas,2021-06-25,77.3,0.4064,13.9,117.3,1012.8,44.3,7.3,177.1,15.4,20775,66638,1,32.0,23.0,27.5,36.8,23.0,29.7,22.8
Chaguanas,2021-06-26,87.5,22.0218,8.1,101.6,1012.5,47.8,5.8,90.5,7.8,20789,66649,1,29.1,24.0,25.7,33.7,24.0,26.6,23.4
Chaguanas,2021-06-27,76.0,0.0,20.8,100.7,1013.1,49.7,6.2,182.3,15.6,20804,66659,0,32.0,24.0,27.4,36.2,24.0,29.3,22.6
Chaguanas,2021-06-28,75.6,3.9878,17.2,112.6,1014.5,48.9,4.6,179.1,15.5,20818,66668,1,31.7,24.0,27.9,36.6,24.0,30.0,22.9
Chaguanas,2021-06-29,77.8,1.6001999999999998,11.4,68.9,1014.8,43.4,5.8,124.4,10.9,20833,66677,1,32.0,24.0,27.1,35.8,24.0,28.8,22.6
Chaguanas,2021-06-30,86.3,4.2926,11.4,129.0,1012.6,49.4,6.6,114.0,9.8,20848,66685,1,33.0,24.0,26.3,38.1,24.0,27.6,23.7
Chaguanas,2021-07-01,83.9,4.191,13.9,119.8,1013.0,61.8,6.5,117.8,10.3,20864,66693,1,32.0,24.8,27.3,40.7,24.8,29.9,24.2
Chaguanas,2021-07-02,88.3,39.80179999999999,8.1,158.3,1013.6,61.9,6.5,68.7,6.0,20879,66700,1,29.1,23.8,25.8,33.9,23.8,27.1,23.6
Chaguanas,2021-07-03,77.2,0.0,8.1,128.3,1016.3,48.7,8.4,128.4,11.2,20894,66707,0,32.7,23.0,27.4,35.8,23.0,29.3,22.7
Chaguanas,2021-07-04,72.8,0.0,11.4,123.3,1015.8,35.0,7.3,187.0,16.1,20910,66712,0,32.0,24.0,27.8,35.8,24.0,29.4,22.1
Chaguanas,2021-07-05,74.0,0.0,16.1,111.0,1015.8,35.7,7.3,183.6,15.8,20925,66717,0,32.0,23.8,27.6,36.6,23.8,29.6,22.2
Chaguanas,2021-07-06,89.5,32.9692,6.9,139.7,1015.3,49.6,6.0,49.9,4.3,20941,66722,1,27.8,23.8,24.9,32.2,23.8,25.3,23.1
Chaguanas,2021-07-07,78.6,0.7111999999999999,17.2,115.4,1013.1,52.3,5.8,258.0,22.3,20956,66725,1,32.0,24.0,27.6,36.8,24.0,29.8,23.3
Chaguanas,2021-07-08,82.7,19.5834,20.8,109.2,1013.1,52.2,5.3,161.1,13.9,20971,66728,1,30.0,23.0,26.2,35.0,23.0,27.3,22.9
Chaguanas,2021-07-09,82.5,13.0048,18.3,106.9,1013.5,59.5,5.8,101.3,8.7,20987,66731,1,30.0,24.9,26.5,34.6,24.9,27.7,23.2
Chaguanas,2021-07-10,79.7,0.508,17.2,112.1,1012.9,50.2,6.4,190.3,16.3,21002,66732,1,32.0,20.9,27.3,37.9,20.9,29.4,23.4
Chaguanas,2021-07-11,86.6,5.1054,9.2,133.3,1013.2,51.1,6.7,97.2,8.4,21017,66733,1,30.0,24.7,26.6,35.1,24.7,28.2,24.1
Chaguanas,2021-07-12,77.3,0.4064,18.3,113.2,1014.0,44.6,5.6,181.6,15.5,21032,66733,1,32.0,25.0,28.2,37.9,25.0,30.9,23.6
Chaguanas,2021-07-13,78.2,2.9972,16.1,110.3,1014.2,43.1,6.1,167.0,14.5,21047,66732,1,30.0,24.2,27.4,35.1,24.2,29.6,23.2
Chaguanas,2021-07-14,73.5,0.7111999999999999,13.9,113.3,1014.2,33.1,7.4,190.3,16.5,21062,66730,1,32.0,23.0,27.3,34.3,23.0,28.8,21.8
Chaguanas,2021-07-15,85.8,13.0048,12.8,99.8,1013.9,55.4,5.9,133.2,11.6,21076,66727,1,28.1,24.0,26.1,32.7,24.0,27.0,23.4
Chaguanas,2021-07-16,75.7,0.9905999999999999,17.2,110.9,1013.8,39.0,6.2,180.6,15.7,21090,66724,1,32.0,24.8,27.7,36.8,24.8,29.7,22.8
Chaguanas,2021-07-17,81.3,5.9944,11.4,117.6,1014.0,56.8,6.1,154.9,13.3,21104,66720,1,32.0,23.0,26.6,37.9,23.0,28.2,22.9
Chaguanas,2021-07-18,77.9,0.7111999999999999,12.8,116.0,1014.4,47.3,6.7,194.1,16.8,21118,66715,1,32.0,24.7,27.9,36.8,24.7,30.6,23.5
Chaguanas,2021-07-19,77.9,0.4064,15.0,108.0,1014.4,44.5,5.2,157.0,13.7,21132,66709,1,32.0,25.2,27.9,37.0,25.2,30.2,23.6
Chaguanas,2021-07-20,71.4,0.3048,21.9,106.9,1014.2,34.6,5.6,182.3,15.7,21145,66703,1,32.2,25.8,28.4,35.2,25.8,30.3,22.4
Chaguanas,2021-07-21,71.7,0.9905999999999999,17.2,109.2,1014.5,40.0,6.3,182.7,15.6,21158,66695,1,32.0,24.9,28.3,35.8,24.9,30.6,22.4
Chaguanas,2021-07-22,84.0,6.5024,17.2,113.2,1015.4,55.1,6.0,157.6,13.7,21170,66687,1,31.0,25.0,27.2,36.6,25.0,29.3,24.2
Chaguanas,2021-07-23,86.0,21.996399999999998,11.4,111.5,1013.7,53.3,6.1,154.0,13.2,21183,66678,1,29.7,25.0,26.7,34.6,25.0,28.7,24.1
Chaguanas,2021-07-24,86.3,11.2014,8.1,131.8,1012.9,48.2,6.8,128.7,11.2,21195,66668,1,29.0,25.0,26.8,35.7,25.0,28.8,24.2
Chaguanas,2021-07-25,82.1,1.4986,11.4,123.8,1013.3,57.0,6.6,133.4,11.7,21206,66657,1,32.0,25.0,27.6,37.2,25.0,30.1,24.1
Chaguanas,2021-07-26,82.9,0.889,9.2,144.9,1013.5,54.7,7.1,124.0,10.6,21218,66645,1,32.0,24.0,27.4,37.8,24.0,30.1,24.1
Chaguanas,2021-07-27,81.3,2.9972,11.4,108.7,1013.2,45.8,6.5,157.2,13.4,21229,66633,1,30.0,25.0,26.8,35.1,25.0,28.3,23.2
Chaguanas,2021-07-28,83.4,2.6161999999999996,12.8,110.9,1013.4,53.9,6.8,146.3,12.6,21239,66619,1,30.9,24.0,26.6,37.3,24.0,28.3,23.4
Chaguanas,2021-07-29,83.1,54.60999999999999,6.9,110.3,1015.0,52.5,5.9,133.8,11.5,21249,66605,1,32.0,23.0,26.1,36.8,23.0,27.3,22.7
Chaguanas,2021-07-30,75.2,0.0,12.8,115.4,1014.4,31.5,6.8,195.9,16.8,21259,66590,0,32.1,24.0,27.8,36.3,24.0,29.9,22.7
Chaguanas,2021-07-31,81.2,2.5146,12.8,102.9,1015.0,45.7,7.2,185.9,16.0,21269,66574,1,31.0,24.9,27.7,37.8,24.9,30.4,24.0
Chaguanas,2021-08-01,80.6,2.1082,12.8,122.4,1016.1,41.3,7.1,151.2,13.0,21278,66558,1,32.0,25.0,27.4,37.9,25.0,29.8,23.7
Chaguanas,2021-08-02,80.4,0.0,9.2,105.2,1016.3,38.0,7.0,146.8,12.8,21286,66540,0,32.0,24.0,27.3,37.9,24.0,29.5,23.4
Chaguanas,2021-08-03,82.6,0.508,11.4,117.2,1016.0,43.1,6.9,139.5,11.9,21295,66522,1,32.0,24.0,26.4,37.9,24.0,27.9,23.1
Chaguanas,2021-08-04,74.7,0.0,13.9,99.9,1015.9,34.5,6.8,150.6,13.0,21302,66503,0,33.0,22.9,27.6,38.1,22.9,29.4,22.2
Chaguanas,2021-08-05,77.4,2.9972,10.3,13.5,1015.9,33.7,7.4,204.7,17.6,21310,66483,1,32.0,22.9,27.1,35.8,22.9,29.2,22.5
Chaguanas,2021-08-06,72.2,0.0,13.9,117.5,1014.8,32.4,7.0,207.8,18.0,21317,66463,0,33.0,24.0,28.0,35.5,24.0,29.7,22.0
Chaguanas,2021-08-07,76.4,0.0,12.2,90.8,1013.4,57.2,7.0,151.8,13.0,21323,66441,0,32.9,24.0,26.8,37.7,24.0,28.1,22.1
Chaguanas,2021-08-08,81.6,19.9898,11.4,90.2,1012.7,46.3,6.4,152.4,13.1,21329,66419,1,32.8,23.8,26.7,38.7,23.8,28.3,23.1
Chaguanas,2021-08-09,83.1,13.0048,11.4,95.5,1013.5,48.0,6.9,52.1,4.4,21335,66396,1,31.2,24.0,26.4,35.1,24.0,27.5,23.1
Chaguanas,2021-08-10,78.6,0.0,8.1,129.4,1013.7,47.5,7.5,187.3,16.3,21340,66373,0,32.7,23.8,27.8,37.9,23.8,30.8,23.5
Chaguanas,2021-08-11,74.4,1.397,9.2,108.3,1013.2,39.8,7.2,194.1,16.6,21345,66348,1,33.1,25.0,28.7,37.5,25.0,31.6,23.3
Chaguanas,2021-08-12,88.2,64.008,10.3,191.8,1012.7,41.9,6.2,105.4,9.1,21350,66323,1,31.0,23.1,25.8,35.5,23.1,26.5,23.6
Chaguanas,2021-08-13,86.7,6.095999999999999,10.3,124.3,1012.3,44.6,6.5,133.5,11.5,21354,66297,1,32.0,23.9,26.7,37.9,23.9,29.0,24.1
Chaguanas,2021-08-14,81.5,29.006799999999995,11.4,136.2,1013.8,48.9,6.7,139.3,12.1,21358,66271,1,31.0,23.0,26.7,35.5,23.0,28.1,23.1
Chaguanas,2021-08-15,90.0,18.796,8.1,257.2,1014.6,48.3,5.9,66.6,5.8,21361,66244,1,27.2,23.0,24.7,29.7,23.0,24.9,22.9
Chaguanas,2021-08-16,75.6,26.8986,13.9,113.4,1012.7,31.9,7.1,189.6,16.5,21364,66216,1,32.2,22.0,27.6,37.9,22.0,29.9,22.5
Chaguanas,2021-08-17,77.3,5.9944,18.3,119.7,1012.5,38.0,6.6,153.1,13.2,21366,66188,1,32.0,25.0,27.7,37.9,25.0,30.3,23.2
Chaguanas,2021-08-18,91.5,58.01359999999999,11.4,106.6,1013.7,76.9,5.3,19.4,1.6,21369,66159,1,26.0,23.0,24.4,26.0,23.0,24.4,22.9
Chaguanas,2021-08-19,83.8,5.9944,11.4,241.4,1011.8,47.8,7.1,141.8,12.2,21370,66129,1,32.9,22.0,26.1,40.1,22.0,27.7,22.9
Chaguanas,2021-08-20,83.0,0.0,6.9,110.5,1010.4,39.5,7.0,111.1,9.5,21372,66099,0,32.0,23.8,26.9,39.2,23.8,29.4,23.7
Chaguanas,2021-08-21,78.8,4.495799999999999,11.4,125.7,1010.3,41.7,7.4,152.3,13.2,21373,66069,1,32.0,24.0,27.9,38.0,24.0,30.9,23.7
Chaguanas,2021-08-22,83.4,0.3048,13.9,136.5,1009.8,41.7,7.0,171.0,14.6,21373,66037,1,32.0,24.9,27.4,37.8,24.9,30.2,24.2
Chaguanas,2021-08-23,88.5,6.985,13.9,107.1,1008.9,51.8,6.3,95.3,8.2,21374,66005,1,30.0,24.0,25.9,35.1,24.0,26.8,23.8
Chaguanas,2021-08-24,82.8,6.400799999999999,12.8,130.4,1009.2,56.6,6.9,134.0,11.4,21374,65973,1,32.0,24.7,27.1,36.8,24.7,29.4,23.8
Chaguanas,2021-08-25,77.3,0.0,13.9,118.3,1010.6,41.6,7.1,228.8,19.6,21373,65940,0,32.2,24.0,28.2,38.2,24.0,31.3,23.6
Chaguanas,2021-08-26,70.2,0.0,12.8,116.4,1011.2,31.6,6.7,214.1,18.4,21373,65907,0,33.0,24.0,28.3,36.2,24.0,30.2,22.0
Chaguanas,2021-08-27,72.3,0.0,13.9,113.8,1010.5,45.2,6.6,196.0,16.8,21372,65873,0,33.1,24.9,28.9,39.3,24.9,31.7,23.1
Chaguanas,2021-08-28,84.4,14.1986,11.6,102.9,1012.0,52.4,5.9,85.1,7.3,21371,65839,1,31.0,25.0,27.2,37.8,25.0,29.2,24.2
Chaguanas,2021-08-29,78.4,10.4902,9.2,141.6,1012.8,45.0,7.3,141.7,12.4,21369,65804,1,34.0,24.9,28.1,40.6,24.9,30.7,23.6
Chaguanas,2021-08-30,81.5,5.0038,6.9,114.7,1011.7,38.4,7.1,126.8,11.0,21368,65769,1,32.0,25.0,27.2,39.2,25.0,29.1,23.6
Chaguanas,2021-08-31,83.5,0.0,8.1,177.7,1012.4,54.8,7.1,100.5,8.8,21366,65734,0,30.2,24.0,26.6,36.2,24.0,28.3,23.5
Chaguanas,2021-09-01,76.7,2.794,8.1,171.1,1013.2,47.2,7.5,153.6,13.1,21363,65698,1,33.0,23.9,27.9,38.1,23.9,30.4,23.2
Chaguanas,2021-09-02,77.2,8.7884,7.8,87.1,1012.7,34.3,7.1,167.2,14.5,21361,65662,1,33.0,24.0,27.9,37.1,24.0,30.3,23.2
Chaguanas,2021-09-03,85.1,10.998199999999999,23.0,107.7,1011.4,53.5,5.8,83.7,7.1,21358,65626,1,31.0,24.0,25.9,37.8,24.0,27.2,23.2
Chaguanas,2021-09-04,89.2,2.9972,11.4,99.9,1011.0,46.5,6.5,67.9,5.9,21355,65589,1,28.0,24.0,25.7,31.9,24.0,26.4,23.8
Chaguanas,2021-09-05,84.2,15.011399999999998,11.4,243.6,1012.6,45.4,7.3,78.1,6.6,21352,65552,1,29.0,24.0,25.9,32.8,24.0,27.0,23.0
Chaguanas,2021-09-06,77.5,0.9905999999999999,10.3,129.7,1012.0,43.0,8.4,119.4,10.3,21349,65514,1,33.0,23.0,27.6,38.2,23.0,30.2,22.9
Chaguanas,2021-09-07,78.1,0.508,10.3,115.7,1012.0,36.9,7.5,154.4,13.3,21346,65477,1,32.7,24.9,28.4,40.1,24.9,31.4,23.9
Chaguanas,2021-09-08,78.7,13.0048,18.5,108.2,1012.8,47.7,7.0,177.8,15.3,21342,65439,1,31.7,23.2,27.6,36.7,23.2,29.8,23.3
Chaguanas,2021-09-09,80.4,14.985999999999999,12.8,121.0,1013.1,43.4,6.0,165.5,14.2,21339,65401,1,32.0,24.0,27.4,37.9,24.0,29.9,23.6
Chaguanas,2021-09-10,75.2,0.0,13.9,111.6,1012.9,35.9,6.8,215.3,18.4,21335,65363,0,33.0,25.0,28.4,37.1,25.0,30.8,23.3
Chaguanas,2021-09-11,74.5,0.0,16.1,112.1,1013.5,43.4,8.0,193.1,16.5,21331,65325,0,33.0,24.0,28.3,37.8,24.0,30.7,23.0
Chaguanas,2021-09-12,75.2,0.0,11.4,115.6,1014.1,39.4,7.3,166.6,14.2,21327,65286,0,33.0,24.0,28.4,38.1,24.0,31.2,23.3
Chaguanas,2021-09-13,75.6,0.0,10.3,144.0,1013.0,45.3,7.0,150.9,13.1,21323,65248,0,33.0,24.0,28.4,38.1,24.0,31.2,23.4
Chaguanas,2021-09-14,74.4,0.0,9.2,120.8,1012.5,27.2,7.6,168.2,14.5,21319,65209,0,33.0,24.0,28.6,39.3,24.0,31.3,23.2
Chaguanas,2021-09-15,77.3,0.0,13.9,117.6,1013.2,40.4,6.7,138.4,11.8,21315,65170,0,33.0,25.0,28.6,39.3,25.0,31.7,23.9
Chaguanas,2021-09-16,78.6,0.0,17.2,106.9,1014.5,38.3,6.2,184.3,16.0,21311,65132,0,33.0,24.8,28.0,38.1,24.8,30.1,23.6
Chaguanas,2021-09-17,74.9,0.1016,13.9,117.6,1014.0,35.5,6.7,166.7,14.6,21307,65093,1,32.2,24.0,27.9,36.6,24.0,29.8,22.7
Chaguanas,2021-09-18,75.8,0.0,12.8,106.2,1011.6,49.5,6.8,130.9,11.4,21303,65054,0,32.0,23.0,27.1,35.8,23.0,28.7,22.1
Chaguanas,2021-09-19,77.8,15.011399999999998,8.1,123.3,1010.8,40.7,7.3,182.4,15.6,21299,65015,1,33.0,22.0,26.8,36.2,22.0,28.3,22.2
Chaguanas,2021-09-20,74.7,0.0,8.3,127.5,1011.1,41.6,7.2,188.2,16.3,21295,64977,0,34.0,23.0,27.8,38.3,23.0,30.1,22.6
Chaguanas,2021-09-21,78.8,0.0,10.3,139.0,1011.5,45.1,7.1,165.3,14.2,21291,64938,0,33.0,24.9,28.2,39.3,24.9,31.1,23.9
Chaguanas,2021-09-22,73.8,0.0,9.2,126.8,1010.8,36.4,7.4,137.3,11.8,21288,64899,0,34.0,24.7,28.5,39.4,24.7,31.0,23.1
Chaguanas,2021-09-23,74.5,0.0,9.2,129.9,1011.0,32.7,7.3,149.7,12.9,21284,64861,0,34.0,24.9,28.7,39.4,24.9,31.9,23.4
Chaguanas,2021-09-24,81.2,0.9905999999999999,9.2,55.3,1012.6,37.1,7.3,114.9,9.9,21280,64822,1,33.1,24.0,27.4,37.9,24.0,29.5,23.6
Chaguanas,2021-09-25,83.8,0.0,15.0,83.9,1013.1,50.8,6.6,145.1,12.5,21277,64784,0,33.0,24.0,26.9,39.1,24.0,28.6,23.7
Chaguanas,2021-09-26,83.9,51.0032,11.4,77.6,1012.9,36.7,7.0,164.1,14.2,21274,64746,1,34.0,23.0,26.5,40.6,23.0,28.0,23.3
Chaguanas,2021-09-27,83.2,0.4064,9.2,115.8,1012.7,48.1,7.0,144.7,12.6,21271,64708,1,33.0,23.8,26.3,38.1,23.8,27.7,23.0
Chaguanas,2021-09-28,78.9,0.4064,13.9,116.9,1011.3,40.0,7.5,175.8,15.3,21268,64671,1,32.2,23.9,27.6,39.6,23.9,30.3,23.4
Chaguanas,2021-09-29,79.4,0.0,8.1,141.6,1011.3,39.9,7.4,133.1,11.4,21265,64633,0,32.0,24.0,27.5,39.2,24.0,30.0,23.4
Chaguanas,2021-09-30,78.3,2.9972,13.9,111.2,1011.0,38.1,7.2,123.0,10.7,21263,64596,1,32.0,24.0,28.0,37.8,24.0,30.8,23.7
Chaguanas,2021-10-01,79.3,6.400799999999999,17.2,118.0,1011.4,39.9,7.3,180.3,15.6,21261,64560,1,33.0,25.0,27.7,37.9,25.0,30.1,23.6
Chaguanas,2021-10-02,85.1,17.018,23.0,125.2,1010.6,48.7,6.2,182.2,15.9,21259,64523,1,30.2,24.0,26.2,37.4,24.0,28.0,23.4
Chaguanas,2021-10-03,86.5,5.9944,13.9,133.4,1010.1,55.3,4.6,125.4,10.9,21257,64487,1,29.9,22.9,25.3,34.8,22.9,26.0,22.8
Chaguanas,2021-10-04,82.8,23.0124,17.2,110.9,1010.2,46.3,5.9,142.3,12.2,21256,64451,1,31.0,25.0,27.1,37.1,25.0,29.1,23.8
Chaguanas,2021-10-05,78.3,1.1176,17.2,108.2,1011.0,54.3,6.6,156.0,13.5,21255,64416,1,32.0,24.8,28.2,39.2,24.8,31.6,23.9
Chaguanas,2021-10-06,74.1,0.1016,15.0,124.9,1010.9,45.1,6.5,187.6,16.3,21255,64381,1,33.0,25.9,28.6,37.9,25.9,31.4,23.2
Chaguanas,2021-10-07,82.6,0.0,17.2,118.6,1010.1,53.3,6.6,128.4,11.0,21254,64346,0,31.0,24.7,27.2,36.9,24.7,29.7,23.9
Chaguanas,2021-10-08,78.0,0.0,16.1,113.6,1009.9,43.4,7.1,149.2,12.9,21254,64312,0,32.0,24.9,27.3,36.5,24.9,29.0,22.8
Chaguanas,2021-10-09,81.8,24.714199999999998,10.3,86.9,1009.9,39.8,7.4,136.3,11.9,21255,64279,1,31.8,23.0,26.6,37.7,23.0,28.4,23.1
Chaguanas,2021-10-10,78.9,0.0,15.0,121.7,1010.4,44.9,7.3,155.4,13.4,21256,64246,0,33.0,25.0,28.4,39.3,25.0,31.8,24.2
Chaguanas,2021-10-11,76.1,0.0,16.1,119.5,1011.0,43.3,6.5,180.2,15.6,21257,64213,0,33.0,26.0,28.8,38.1,26.0,32.2,23.9
Chaguanas,2021-10-12,76.0,0.6096,11.4,132.2,1011.3,46.2,7.2,196.5,17.0,21259,64181,1,33.0,25.0,28.6,40.6,25.0,32.0,23.8
Chaguanas,2021-10-13,83.3,13.9954,15.0,119.6,1010.7,54.6,6.5,151.9,12.8,21261,64150,1,32.0,25.0,27.4,39.2,25.0,29.8,24.2
Chaguanas,2021-10-14,82.7,2.0065999999999997,10.3,120.1,1009.5,42.2,7.1,98.7,8.3,21264,64119,1,32.1,25.0,27.9,39.2,25.0,31.2,24.6
Chaguanas,2021-10-15,78.1,0.0,13.9,141.0,1010.1,50.1,7.3,186.8,16.1,21267,64089,0,33.0,26.0,28.6,40.6,26.0,32.1,24.2
Chaguanas,2021-10-16,74.5,0.0,11.4,129.5,1011.3,39.2,8.5,184.3,15.9,21271,64059,0,33.0,25.0,28.8,39.9,25.0,32.3,23.7
Chaguanas,2021-10-17,76.4,0.0,10.3,126.6,1012.0,37.0,8.0,129.8,11.2,21275,64030,0,33.0,25.0,28.7,39.3,25.0,32.2,23.9
Chaguanas,2021-10-18,77.9,0.0,12.8,85.8,1011.7,36.3,7.5,100.0,8.8,21280,64002,0,33.1,24.8,27.5,36.9,24.8,29.6,23.1
Chaguanas,2021-10-19,84.8,35.20439999999999,6.9,103.4,1012.3,37.7,6.7,72.9,6.3,21285,63974,1,30.0,23.9,25.9,34.2,23.9,26.9,23.1
Chaguanas,2021-10-20,84.5,5.2832,13.9,120.5,1013.0,49.8,6.8,143.5,12.4,21291,63948,1,31.1,23.0,26.5,37.5,23.0,28.6,23.6
Chaguanas,2021-10-21,77.8,23.5966,18.3,110.2,1012.3,54.4,3.9,149.9,12.9,21298,63921,1,32.0,24.0,27.8,37.9,24.0,30.2,23.3
Chaguanas,2021-10-22,85.1,5.715,17.2,107.4,1012.2,54.4,5.0,117.3,10.1,21305,63896,1,28.2,24.2,26.2,32.1,24.2,27.3,23.4
Chaguanas,2021-10-23,77.3,24.104599999999998,19.7,109.5,1011.8,48.1,5.9,162.6,14.2,21312,63872,1,31.0,23.8,27.4,36.6,23.8,29.8,22.9
Chaguanas,2021-10-24,75.0,0.4064,13.9,103.7,1012.5,38.6,6.5,121.1,10.4,21320,63848,1,31.0,25.0,27.4,35.5,25.0,29.2,22.4
Chaguanas,2021-10-25,87.9,34.721799999999995,13.9,123.8,1012.9,60.4,4.4,91.7,7.9,21329,63825,1,29.0,24.2,26.3,35.7,24.2,28.1,24.2
Chaguanas,2021-10-26,80.6,7.213599999999999,13.9,123.2,1013.0,48.3,4.0,101.1,8.6,21339,63803,1,30.0,25.0,26.8,34.2,25.0,28.3,23.1
Chaguanas,2021-10-27,87.3,26.492199999999997,12.8,111.6,1013.6,55.4,3.7,88.9,7.5,21349,63782,1,29.0,23.9,25.6,34.6,23.9,26.3,23.2
Chaguanas,2021-10-28,80.7,2.6161999999999996,11.4,130.0,1013.8,44.3,3.7,116.8,10.0,21360,63762,1,30.2,24.2,26.6,33.3,24.2,27.8,22.8
Chaguanas,2021-10-29,78.9,0.0,15.0,118.9,1012.6,35.6,4.2,169.8,14.5,21371,63742,0,32.0,24.0,27.3,36.8,24.0,29.2,23.1
Chaguanas,2021-10-30,78.2,0.0,11.4,117.4,1011.6,39.4,5.8,127.8,11.0,21383,63724,0,31.0,23.0,26.8,35.5,23.0,28.4,22.4
Chaguanas,2021-10-31,76.7,0.0,9.6,104.7,1012.2,38.5,7.0,219.4,18.8,21396,63707,0,31.1,22.0,26.6,35.7,22.0,28.1,21.9
Chaguanas,2021-11-01,74.8,0.0,10.3,122.7,1012.2,38.0,7.1,124.8,10.8,21409,63690,0,31.0,23.0,26.8,35.5,23.0,28.2,21.7
Chaguanas,2021-11-02,81.9,4.9784,17.2,122.5,1011.6,47.7,7.0,150.6,13.0,21423,63674,1,30.0,24.0,26.3,34.3,24.0,27.7,22.8
Chaguanas,2021-11-03,80.4,4.8006,12.8,122.7,1011.4,52.0,6.7,141.1,12.2,21438,63660,1,31.0,24.0,26.6,36.6,24.0,28.3,22.7
Chaguanas,2021-11-04,78.7,4.2926,16.1,113.8,1011.3,34.1,6.9,175.8,15.0,21454,63646,1,31.0,23.0,27.0,35.5,23.0,28.8,22.7
Chaguanas,2021-11-05,76.1,0.0,15.0,112.7,1011.9,38.9,7.2,171.0,14.7,21470,63634,0,32.0,24.8,27.9,35.8,24.8,30.3,23.1
Chaguanas,2021-11-06,74.4,0.0,17.2,108.0,1011.9,41.4,7.3,139.3,11.9,21486,63622,0,31.2,25.0,27.9,35.9,25.0,30.1,22.8
Chaguanas,2021-11-07,77.4,2.4892,19.7,108.9,1012.0,40.8,7.0,153.8,13.3,21504,63612,1,32.0,25.0,27.6,36.8,25.0,29.3,23.1
Chaguanas,2021-11-08,77.3,0.0,13.9,103.8,1012.1,44.9,6.7,153.7,13.2,21522,63602,0,31.0,24.0,27.4,34.6,24.0,29.2,22.8
Chaguanas,2021-11-09,71.0,0.0,11.4,111.7,1012.0,40.5,6.9,164.0,14.0,21541,63594,0,32.0,24.0,26.9,34.2,24.0,27.9,20.9
Chaguanas,2021-11-10,71.9,0.4064,12.8,105.5,1011.7,48.4,7.1,122.2,10.5,21560,63586,1,30.2,23.9,26.7,32.8,23.9,27.8,21.1
Chaguanas,2021-11-11,73.2,0.0,13.9,116.8,1012.3,38.4,7.1,191.4,16.8,21580,63580,0,31.0,23.9,26.9,33.8,23.9,28.3,21.6
Chaguanas,2021-11-12,76.7,0.1016,19.7,111.8,1012.3,38.2,7.1,158.0,13.6,21601,63575,1,31.0,23.7,26.7,33.8,23.7,28.0,22.0
Chaguanas,2021-11-13,79.6,0.7874,13.9,118.2,1011.3,36.4,7.0,151.0,13.0,21623,63570,1,31.0,23.0,26.4,34.6,23.0,27.7,22.4
Chaguanas,2021-11-14,78.1,0.7874,16.1,116.2,1011.5,33.0,6.7,168.8,14.6,21645,63567,1,31.0,23.0,26.8,35.5,23.0,28.1,22.4
Chaguanas,2021-11-15,74.9,0.0,17.2,114.6,1011.3,31.5,7.2,162.2,14.0,21667,63565,0,31.2,24.0,27.2,34.7,24.0,28.7,22.1
Chaguanas,2021-11-16,67.8,0.0,12.8,115.8,1010.7,30.1,7.3,176.0,15.3,21691,63564,0,31.0,23.0,27.4,33.1,23.0,28.4,20.6
Chaguanas,2021-11-17,77.9,0.6096,13.9,97.2,1010.8,43.8,6.7,159.9,13.8,21714,63565,1,31.0,23.0,26.2,33.8,23.0,27.4,21.8
Chaguanas,2021-11-18,84.7,1.9811999999999999,15.0,120.9,1011.0,62.5,6.3,119.2,10.4,21739,63566,1,30.0,23.9,25.8,33.7,23.9,27.0,22.9
Chaguanas,2021-11-19,85.8,16.7894,9.2,113.4,1011.1,71.7,6.3,79.9,6.7,21764,63568,1,29.1,23.9,25.9,34.7,23.9,27.2,23.3
Chaguanas,2021-11-20,78.8,0.0,16.1,103.0,1010.6,50.6,7.0,151.0,13.1,21790,63572,0,31.0,24.0,27.0,35.5,24.0,28.6,22.8
Chaguanas,2021-11-21,76.9,0.0,11.4,119.7,1011.1,39.3,8.2,216.6,18.6,21816,63576,0,32.0,23.0,26.9,34.9,23.0,28.4,22.2
Chaguanas,2021-11-22,76.6,0.0,13.9,99.6,1010.6,47.1,7.1,150.9,13.0,21843,63582,0,30.1,24.0,26.6,33.3,24.0,28.0,22.0
Chaguanas,2021-11-23,81.3,0.1016,12.8,115.1,1010.8,42.1,7.4,92.3,8.0,21870,63588,1,30.0,24.0,26.8,35.1,24.0,28.6,23.2
Chaguanas,2021-11-24,77.7,0.0,11.4,120.5,1011.5,40.8,7.3,130.7,11.2,21897,63596,0,32.0,24.0,27.6,36.8,24.0,29.7,23.1
Chaguanas,2021-11-25,77.6,0.1016,6.9,74.6,1010.7,46.7,7.8,144.2,12.3,21926,63605,1,32.8,23.0,27.1,36.9,23.0,28.9,22.6
Chaguanas,2021-11-26,84.0,0.9905999999999999,8.1,128.9,1010.7,41.0,7.1,89.8,7.6,21954,63614,1,30.2,23.0,26.3,36.2,23.0,28.1,23.3
Chaguanas,2021-11-27,89.6,17.983199999999997,8.1,152.1,1011.5,45.1,6.6,71.6,6.2,21983,63625,1,30.0,24.0,25.4,36.2,24.0,26.2,23.6
Chaguanas,2021-11-28,82.1,3.5052000000000003,13.9,120.7,1011.3,45.2,7.3,175.4,15.4,22013,63637,1,31.0,23.8,26.8,35.7,23.8,28.6,23.3
Chaguanas,2021-11-29,76.6,1.397,17.2,107.2,1011.2,42.3,7.4,180.4,15.8,22042,63650,1,31.0,24.8,27.2,34.6,24.8,28.8,22.6
Chaguanas,2021-11-30,83.2,5.0038,12.8,108.0,1011.8,49.7,6.4,180.4,15.8,22072,63664,1,32.0,22.0,26.1,36.8,22.0,27.7,22.8
Chaguanas,2021-12-01,80.1,32.715199999999996,18.3,108.0,1011.9,47.9,6.0,180.4,15.8,22103,63678,1,31.0,24.0,27.0,36.6,24.0,28.9,23.1
Chaguanas,2021-12-02,79.8,6.1975999999999996,19.7,117.1,1011.9,46.9,6.9,179.8,15.6,22133,63694,1,31.0,24.0,26.6,36.6,24.0,27.8,22.7
Chaguanas,2021-12-03,75.8,0.4064,13.9,107.3,1010.9,39.6,7.3,165.0,14.2,22164,63711,1,31.1,24.0,27.1,35.7,24.0,28.7,22.2
Chaguanas,2021-12-04,81.8,1.0921999999999998,12.8,108.5,1012.1,50.6,7.1,154.4,13.3,22196,63729,1,30.0,23.0,25.9,34.6,23.0,27.2,22.4
Chaguanas,2021-12-05,81.5,3.5052000000000003,17.3,109.5,1013.3,48.6,6.9,144.9,12.5,22227,63747,1,29.0,23.0,25.9,32.8,23.0,27.1,22.3
Chaguanas,2021-12-06,75.2,1.0921999999999998,20.8,106.6,1013.0,30.8,7.1,160.3,13.9,22259,63767,1,31.0,23.9,27.0,35.5,23.9,28.4,22.0
Chaguanas,2021-12-07,70.6,0.0,15.0,79.6,1012.1,41.6,7.1,143.2,12.4,22290,63787,0,31.0,24.0,27.1,33.1,24.0,28.1,21.0
Chaguanas,2021-12-08,75.5,0.0,13.9,110.4,1012.0,42.2,7.1,159.7,13.8,22322,63808,0,32.0,23.0,26.9,35.2,23.0,28.4,21.9
Chaguanas,2021-12-09,71.0,0.0,13.9,98.6,1011.6,41.5,6.8,166.2,14.3,22354,63830,0,32.0,24.0,27.7,35.8,24.0,29.3,21.7
Chaguanas,2021-12-10,71.0,0.0,17.2,103.6,1010.2,47.3,6.6,155.7,13.5,22386,63853,0,32.0,24.0,27.4,34.9,24.0,28.8,21.5
Chaguanas,2021-12-11,90.1,10.0076,12.8,115.8,1009.8,59.7,5.5,63.1,5.3,22418,63876,1,27.0,23.9,24.7,30.7,23.9,25.1,22.9
Chaguanas,2021-12-12,91.2,21.005799999999997,8.1,110.5,1010.5,63.4,6.7,66.3,5.9,22449,63901,1,26.8,23.9,24.9,30.0,23.9,25.1,23.4
Chaguanas,2021-12-13,87.4,10.998199999999999,11.4,97.2,1011.1,53.2,6.1,104.2,9.1,22481,63926,1,29.7,23.8,25.5,33.9,23.8,26.3,23.2
Chaguanas,2021-12-14,89.6,18.516599999999997,13.9,98.1,1011.5,60.7,6.2,58.3,5.0,22513,63951,1,27.0,23.8,24.9,30.1,23.8,25.2,23.1
Chaguanas,2021-12-15,77.8,2.794,18.3,104.6,1011.0,43.0,6.9,159.6,13.9,22545,63978,1,30.2,24.0,26.8,34.2,24.0,28.2,22.4
Chaguanas,2021-12-16,72.4,0.0,17.3,101.6,1011.0,34.8,7.1,155.9,13.4,22576,64005,0,30.2,23.8,26.8,33.6,23.8,27.9,21.3
Chaguanas,2021-12-17,77.6,0.7874,20.8,100.8,1011.4,57.9,6.4,143.5,12.2,22607,64032,1,31.0,24.0,26.3,34.6,24.0,27.4,21.9
Chaguanas,2021-12-18,79.5,31.1912,16.2,101.4,1012.1,61.1,6.1,121.6,10.6,22638,64060,1,30.0,23.0,26.1,33.3,23.0,27.3,22.1
Chaguanas,2021-12-19,74.1,0.0,16.1,98.0,1011.3,51.0,6.7,128.8,11.2,22669,64089,0,30.0,24.0,26.4,33.3,24.0,27.5,21.3
Chaguanas,2021-12-20,70.9,0.508,17.2,97.2,1010.5,38.7,6.8,137.3,11.7,22699,64118,1,31.0,25.0,27.3,33.8,25.0,28.6,21.4
Chaguanas,2021-12-21,89.4,13.9954,17.2,114.8,1010.6,65.7,5.0,92.0,8.0,22729,64148,1,28.6,23.9,25.4,33.5,23.9,26.3,23.5
Chaguanas,2021-12-22,87.1,34.2138,17.2,106.6,1011.5,64.8,6.2,96.4,8.3,22759,64178,1,28.0,25.0,26.1,32.7,25.0,27.1,23.7
Chaguanas,2021-12-23,80.0,0.508,17.2,119.0,1012.0,56.6,6.8,152.8,13.1,22788,64208,1,30.0,24.8,26.9,34.2,24.8,28.5,23.1
Chaguanas,2021-12-24,90.2,8.001,17.2,108.0,1012.0,67.6,5.4,123.1,10.7,22817,64239,1,27.0,23.0,25.0,30.7,23.0,25.4,23.3
Chaguanas,2021-12-25,78.4,0.1016,16.1,118.4,1012.2,37.8,7.8,155.9,13.4,22845,64270,1,30.0,23.1,26.4,33.3,23.1,27.6,22.2
Chaguanas,2021-12-26,76.3,0.0,11.4,110.5,1013.0,31.7,8.3,165.4,14.4,22873,64302,0,31.0,21.0,25.2,33.1,21.0,26.1,20.4
Chaguanas,2021-12-27,76.2,0.0,13.9,105.8,1012.3,32.3,8.3,121.9,10.5,22900,64334,0,30.2,21.9,25.9,33.3,21.9,26.9,21.1
Chaguanas,2021-12-28,72.2,0.0,17.2,109.0,1013.0,35.2,8.1,151.6,13.1,22927,64366,0,30.0,22.2,26.2,32.4,22.2,27.1,20.6
Chaguanas,2021-12-29,77.7,0.508,13.9,101.6,1013.4,44.0,6.9,140.8,12.0,22953,64398,1,31.0,22.0,25.7,34.3,22.0,26.7,21.3
Chaguanas,2021-12-30,76.2,0.7874,17.2,107.2,1012.8,57.8,6.5,164.0,14.2,22979,64430,1,30.0,24.0,26.3,34.2,24.0,27.3,21.6
Chaguanas,2021-12-31,70.6,0.1016,12.8,110.7,1013.0,35.4,7.9,242.1,21.1,23004,64463,1,30.0,22.0,25.8,31.3,22.0,26.3,19.7
Chaguanas,2022-01-01,72.1,0.0,17.2,116.6,1013.6,49.0,7.6,238.0,20.5,23028,64495,0,31.0,23.7,26.4,33.8,23.7,27.3,20.7
Chaguanas,2022-01-02,87.8,10.0076,13.9,120.3,1014.4,61.3,6.5,131.0,11.4,23051,64528,1,27.0,22.0,24.2,30.1,22.0,24.3,22.1
Chaguanas,2022-01-03,78.1,0.3048,17.2,107.8,1014.8,38.7,7.2,133.7,11.5,23074,64561,1,30.0,22.0,25.3,33.3,22.0,26.1,21.0
Chaguanas,2022-01-04,83.3,0.2032,11.4,106.6,1013.5,57.2,6.5,102.0,8.9,23096,64593,1,27.9,21.8,23.7,29.6,21.8,23.9,20.6
Chaguanas,2022-01-05,73.3,5.6895999999999995,12.8,122.2,1012.4,25.8,8.1,178.8,15.5,23117,64626,1,30.0,19.8,24.4,31.1,19.8,24.7,18.8
Chaguanas,2022-01-06,71.7,0.0,12.8,111.7,1013.0,22.8,8.3,182.1,15.8,23137,64658,0,31.0,20.0,25.1,31.0,20.0,25.5,19.1
Chaguanas,2022-01-07,70.3,0.0,17.2,103.7,1014.0,32.9,7.7,165.9,14.4,23157,64691,0,30.0,23.0,26.3,31.9,23.0,27.2,20.3
Chaguanas,2022-01-08,67.7,0.0,15.0,102.4,1014.9,25.6,7.0,175.9,15.3,23176,64723,0,31.0,22.0,26.1,32.4,22.0,26.7,19.3
Chaguanas,2022-01-09,72.5,0.9905999999999999,16.1,116.3,1014.8,37.4,6.8,123.0,10.7,23194,64755,1,29.0,21.1,24.8,30.3,21.1,25.3,19.4
Chaguanas,2022-01-10,76.2,0.0,25.3,104.1,1013.7,36.1,7.1,131.3,11.5,23210,64787,0,29.0,20.2,24.8,31.4,20.2,25.5,20.1
Chaguanas,2022-01-11,75.0,1.397,15.0,105.1,1013.8,47.0,7.2,143.0,12.6,23226,64819,1,30.0,22.0,24.9,31.4,22.0,25.5,20.0
Chaguanas,2022-01-12,78.6,4.3942,13.9,111.2,1013.4,37.0,7.5,106.0,9.1,23242,64850,1,30.0,21.0,24.5,32.1,21.0,24.9,20.3
Chaguanas,2022-01-13,75.8,0.0,13.9,126.3,1013.7,29.7,7.9,149.8,13.1,23256,64882,0,30.8,20.9,25.1,32.6,20.9,25.9,20.2
Chaguanas,2022-01-14,75.9,0.0,10.3,128.1,1013.9,33.2,7.6,143.7,12.7,23269,64913,0,32.0,22.0,26.2,34.9,22.0,27.4,21.2
Chaguanas,2022-01-15,80.6,0.0,16.1,116.7,1014.3,42.3,7.1,124.6,10.8,23281,64943,0,30.0,23.0,26.6,34.6,23.0,28.2,22.8
Chaguanas,2022-01-16,79.8,1.4986,21.9,106.5,1013.7,43.8,7.3,140.9,12.3,23292,64973,1,30.0,23.9,26.1,34.2,23.9,27.4,22.2
Chaguanas,2022-01-17,75.1,0.1016,11.4,115.7,1013.4,41.6,7.3,125.0,10.8,23302,65003,1,31.0,21.0,25.6,33.8,21.0,26.5,20.6
Chaguanas,2022-01-18,83.0,1.6001999999999998,17.2,105.4,1013.8,52.0,6.8,123.5,10.6,23312,65033,1,30.0,22.0,25.0,33.3,22.0,25.9,21.7
Chaguanas,2022-01-19,76.2,0.0,17.2,116.5,1014.9,34.1,7.3,146.6,12.7,23320,65062,0,30.1,22.0,25.6,32.6,22.0,26.3,20.7
Chaguanas,2022-01-20,71.1,0.0,13.9,110.5,1013.9,34.8,7.8,166.0,14.3,23327,65090,0,30.8,22.0,26.2,32.3,22.0,26.9,20.2
Chaguanas,2022-01-21,76.8,0.6096,27.3,100.1,1012.9,69.7,7.1,122.6,10.6,23333,65118,1,29.0,23.7,25.8,31.7,23.7,26.7,21.3
Chaguanas,2022-01-22,68.3,0.0,13.9,108.9,1013.1,33.0,7.5,169.0,14.6,23338,65146,0,31.0,22.0,26.0,31.4,22.0,26.3,19.2
Chaguanas,2022-01-23,76.0,0.0,17.2,121.9,1012.5,39.9,7.7,148.8,12.7,23342,65173,0,28.1,20.0,24.6,30.2,20.0,25.2,19.8
Chaguanas,2022-01-24,75.3,0.0,16.1,119.2,1012.2,31.6,7.5,224.8,19.6,23345,65199,0,31.0,21.2,25.7,42.0,21.2,26.9,20.7
Chaguanas,2022-01-25,68.7,0.0,18.3,115.2,1012.4,42.5,7.3,246.3,21.2,23347,65225,0,31.0,24.0,26.6,33.1,24.0,27.3,20.2
Chaguanas,2022-01-26,69.3,0.0,13.9,108.9,1013.0,41.2,7.4,233.9,20.1,23348,65251,0,31.2,21.7,25.7,31.9,21.7,26.1,19.1
Chaguanas,2022-01-27,82.1,2.794,11.4,125.7,1013.0,58.4,7.4,119.1,10.3,23348,65276,1,29.0,20.9,23.8,31.9,20.9,24.2,20.4
Chaguanas,2022-01-28,72.1,0.0,13.9,120.5,1012.3,32.0,7.4,144.8,12.6,23347,65300,0,30.0,20.0,24.8,31.9,20.0,25.3,18.9
Chaguanas,2022-01-29,71.6,0.0,16.1,118.3,1012.2,37.6,7.6,103.5,8.9,23345,65324,0,30.0,20.0,25.0,31.4,20.0,25.7,19.1
Chaguanas,2022-01-30,77.9,2.0065999999999997,16.1,112.4,1012.7,43.5,6.7,139.8,12.0,23341,65347,1,29.8,21.0,25.0,33.0,21.0,26.1,20.7
Chaguanas,2022-01-31,74.7,0.2032,18.3,113.3,1012.8,45.2,7.5,163.5,14.2,23337,65370,1,30.0,23.0,26.2,34.2,23.0,27.2,21.1
Chaguanas,2022-02-01,78.0,0.1016,16.1,123.8,1013.1,42.0,7.3,131.4,11.5,23332,65391,1,30.0,23.0,25.9,33.3,23.0,27.2,21.7
Chaguanas,2022-02-02,73.9,0.0,18.3,113.4,1012.9,34.7,7.0,159.8,13.8,23325,65413,0,31.0,23.9,26.6,34.6,23.9,27.8,21.4
Chaguanas,2022-02-03,72.4,0.0,16.1,110.3,1013.3,29.4,7.3,146.7,12.8,23318,65433,0,31.1,23.0,26.2,33.2,23.0,27.1,20.5
Chaguanas,2022-02-04,70.0,0.0,13.9,112.1,1013.3,31.2,7.3,158.5,13.8,23310,65453,0,31.0,21.0,25.7,32.4,21.0,26.3,19.5
Chaguanas,2022-02-05,70.9,0.0,13.9,112.1,1012.6,45.9,7.3,91.1,7.9,23300,65473,0,31.0,21.8,25.9,32.4,21.8,26.7,19.9
Chaguanas,2022-02-06,73.8,0.0,15.0,102.4,1012.6,40.5,7.4,118.7,10.1,23290,65491,0,32.0,23.8,26.8,35.8,23.8,28.1,21.6
Chaguanas,2022-02-07,79.1,0.7111999999999999,14.0,112.4,1012.6,48.8,7.2,171.1,14.8,23279,65510,1,31.0,24.0,26.5,35.2,24.0,27.8,22.4
Chaguanas,2022-02-08,73.5,0.1016,16.1,98.7,1012.5,49.9,7.3,122.7,10.7,23266,65527,1,31.9,23.9,26.6,35.2,23.9,27.6,21.2
Chaguanas,2022-02-09,70.5,0.0,13.9,100.4,1012.0,46.2,7.6,147.4,12.9,23253,65544,0,31.0,21.0,25.6,32.6,21.0,26.2,19.4
Chaguanas,2022-02-10,76.2,0.0,20.8,96.0,1011.8,48.5,7.2,118.2,10.2,23239,65560,0,29.0,22.0,24.9,30.8,22.0,25.2,20.2
Chaguanas,2022-02-11,70.0,3.7083999999999997,18.3,96.9,1012.2,47.5,7.1,193.0,16.8,23224,65576,1,32.0,23.0,26.2,33.5,23.0,26.7,19.9
Chaguanas,2022-02-12,62.7,0.0,17.2,99.3,1013.0,38.8,7.5,172.9,15.1,23208,65590,0,30.1,23.0,26.3,30.4,23.0,26.5,18.2
Chaguanas,2022-02-13,66.4,0.0,16.2,107.9,1012.7,32.0,7.3,170.2,14.7,23191,65605,0,31.2,22.0,26.0,32.4,22.0,26.3,18.8
Chaguanas,2022-02-14,64.5,0.0,13.9,111.2,1012.9,29.2,7.2,159.3,13.8,23173,65618,0,32.0,21.2,26.3,32.4,21.2,26.7,18.5
Chaguanas,2022-02-15,77.6,2.0065999999999997,13.9,94.4,1014.0,55.1,5.8,145.1,12.6,23154,65631,1,29.2,22.8,25.9,32.8,22.8,27.2,21.6
Chaguanas,2022-02-16,73.1,1.1176,20.8,101.7,1015.2,38.5,5.8,211.3,18.2,23135,65644,1,31.0,23.9,26.6,33.8,23.9,27.5,21.2
Chaguanas,2022-02-17,67.2,0.0,16.1,104.6,1014.5,35.3,6.0,201.5,17.5,23114,65656,0,31.0,23.2,26.5,33.1,23.2,27.2,19.7
Chaguanas,2022-02-18,70.7,0.0,15.0,108.6,1012.6,26.8,7.1,153.8,13.4,23093,65667,0,32.0,21.0,25.9,33.5,21.0,26.5,19.7
Chaguanas,2022-02-19,70.5,0.0,15.0,96.9,1012.6,38.1,7.0,130.3,11.4,23071,65678,0,30.0,21.0,25.5,32.4,21.0,26.1,19.4
Chaguanas,2022-02-20,69.6,0.0,16.1,107.1,1013.1,32.9,6.4,132.5,11.5,23048,65688,0,31.0,21.0,26.1,33.1,21.0,26.8,19.7
Chaguanas,2022-02-21,69.8,0.0,16.1,97.1,1013.5,46.8,6.5,172.5,14.8,23025,65697,0,31.0,22.0,26.4,33.1,22.0,27.4,20.2
Chaguanas,2022-02-22,81.8,5.8928,20.8,105.0,1013.3,51.9,6.0,78.5,6.8,23001,65706,1,28.0,24.0,25.5,31.9,24.0,26.3,22.1
Chaguanas,2022-02-23,81.8,4.3180000000000005,15.0,97.1,1012.1,59.0,6.2,121.1,10.5,22976,65715,1,28.2,23.2,25.4,31.5,23.2,26.2,22.0
Chaguanas,2022-02-24,79.0,9.8806,11.4,87.1,1012.4,73.5,6.3,82.2,7.3,22950,65723,1,29.0,22.9,25.5,30.8,22.9,26.1,21.5
Chaguanas,2022-02-25,79.6,30.7086,12.8,96.9,1013.8,58.8,6.2,120.6,10.3,22924,65730,1,28.2,21.0,24.5,30.2,21.0,25.0,20.6
Chaguanas,2022-02-26,79.4,8.2042,18.3,98.3,1014.2,76.8,6.4,93.0,8.1,22897,65737,1,29.0,23.0,25.4,32.1,23.0,26.1,21.6
Chaguanas,2022-02-27,81.9,2.0065999999999997,11.4,91.0,1013.2,48.5,6.6,69.9,6.0,22869,65743,1,28.0,24.0,25.7,31.3,24.0,26.4,22.3
Chaguanas,2022-02-28,80.7,1.1176,19.7,100.5,1012.3,53.9,6.7,128.9,11.1,22841,65749,1,30.0,23.9,25.8,33.3,23.9,26.5,22.1
Chaguanas,2022-03-01,81.0,0.0,17.2,96.9,1012.7,59.8,6.4,164.3,14.2,22812,65755,0,30.0,23.8,25.9,34.2,23.8,27.2,22.3
Chaguanas,2022-03-02,77.5,0.0,13.9,99.0,1012.6,48.1,6.4,154.7,13.4,22783,65760,0,30.7,23.8,26.6,34.2,23.8,28.0,22.1
Chaguanas,2022-03-03,75.0,0.0,15.0,102.9,1012.2,34.9,7.2,185.5,16.1,22753,65764,0,31.7,22.0,26.5,34.6,22.0,27.9,21.5
Chaguanas,2022-03-04,70.7,0.0,19.7,90.0,1012.2,43.7,6.8,126.2,10.9,22723,65769,0,30.0,24.0,26.6,31.9,24.0,27.3,20.6
Chaguanas,2022-03-05,79.0,8.3058,19.7,92.0,1012.2,54.0,5.7,117.6,10.1,22692,65772,1,29.0,23.8,25.3,30.8,23.8,25.9,21.3
Chaguanas,2022-03-06,66.8,0.0,15.0,95.7,1012.2,45.9,6.5,196.6,17.0,22660,65776,0,31.0,24.0,26.9,32.4,24.0,27.8,20.1
Chaguanas,2022-03-07,77.4,9.0932,18.3,95.3,1011.6,67.4,6.0,141.3,12.1,22629,65779,1,30.0,22.0,25.5,33.3,22.0,26.2,21.1
Chaguanas,2022-03-08,81.5,1.1176,12.8,90.8,1011.5,54.9,6.6,89.8,7.8,22596,65782,1,28.0,23.0,24.9,30.2,23.0,25.3,21.4
Chaguanas,2022-03-09,77.1,0.8128,12.8,74.2,1012.1,55.7,6.6,105.3,9.2,22564,65784,1,29.0,23.9,26.2,32.1,23.9,27.3,21.7
Chaguanas,2022-03-10,79.0,0.9905999999999999,15.0,95.4,1012.5,52.7,6.4,116.7,10.2,22531,65786,1,30.0,24.0,26.3,33.3,24.0,27.5,22.2
Chaguanas,2022-03-11,76.8,1.397,18.3,95.1,1012.4,52.4,6.8,176.5,15.3,22498,65788,1,30.8,23.0,26.6,33.6,23.0,27.8,21.9
Chaguanas,2022-03-12,77.6,0.0,21.9,98.3,1012.5,45.6,6.6,195.3,16.8,22464,65789,0,30.0,23.0,26.0,33.3,23.0,27.2,21.7
Chaguanas,2022-03-13,67.4,0.0,18.3,91.9,1013.2,38.9,7.1,207.5,17.9,22430,65791,0,31.0,23.8,26.8,33.1,23.8,27.7,20.1
Chaguanas,2022-03-14,70.0,0.0,15.9,110.7,1013.2,43.9,6.7,220.8,19.0,22396,65792,0,31.0,23.0,26.7,32.7,23.0,27.6,20.4
Chaguanas,2022-03-15,80.4,5.1054,16.1,73.7,1012.9,61.7,6.0,130.3,11.2,22361,65793,1,29.0,23.7,25.6,32.8,23.7,26.4,21.9
Chaguanas,2022-03-16,74.3,2.9972,23.0,82.0,1013.2,41.5,6.0,142.9,12.3,22327,65793,1,30.0,24.0,26.6,32.6,24.0,27.8,21.5
Chaguanas,2022-03-17,66.5,0.0,20.8,83.5,1013.4,30.2,6.8,221.0,19.1,22292,65794,0,31.0,21.0,26.4,33.1,21.0,27.2,19.6
Chaguanas,2022-03-18,72.3,0.0,19.7,96.2,1013.6,32.4,6.8,196.2,17.0,22257,65794,0,31.0,23.7,27.0,33.1,23.7,28.0,21.3
Chaguanas,2022-03-19,72.9,0.0,18.3,100.0,1013.6,45.3,6.6,156.1,13.5,22221,65794,0,30.1,24.6,27.1,33.3,24.6,28.3,21.6
Chaguanas,2022-03-20,69.8,0.0,19.7,94.1,1013.2,39.3,6.9,190.9,16.3,22186,65794,0,30.0,24.0,26.6,31.3,24.0,27.2,20.4
Chaguanas,2022-03-21,71.8,0.0,18.3,90.8,1012.5,46.9,7.3,211.5,18.2,22150,65794,0,31.0,22.9,26.1,33.1,22.9,26.6,20.1
Chaguanas,2022-03-22,73.0,0.0,16.1,86.2,1012.9,36.9,6.9,208.0,18.0,22115,65794,0,32.0,22.0,26.4,33.8,22.0,27.2,20.7
Chaguanas,2022-03-23,65.9,0.0,18.3,88.7,1013.6,30.9,6.2,225.0,19.5,22079,65793,0,31.0,23.7,26.9,32.4,23.7,27.6,19.7
Chaguanas,2022-03-24,73.4,0.3048,18.3,67.1,1014.0,39.0,7.3,251.6,21.7,22043,65793,1,29.0,19.9,26.3,32.1,19.9,27.4,21.1
Chaguanas,2022-03-25,77.3,8.001,20.8,97.0,1012.5,59.8,7.0,171.7,14.7,22008,65792,1,29.0,24.0,26.3,32.8,24.0,27.4,21.9
Chaguanas,2022-03-26,70.8,0.0,20.8,87.4,1012.0,38.4,7.0,193.9,16.8,21972,65792,0,30.0,25.0,26.8,34.6,25.0,27.8,20.9
Chaguanas,2022-03-27,74.1,0.508,17.2,90.8,1012.7,50.1,7.0,181.7,15.7,21936,65791,1,29.0,24.0,26.1,30.9,24.0,26.9,21.0
Chaguanas,2022-03-28,80.7,2.9972,17.2,109.7,1013.7,55.9,6.5,167.4,14.5,21900,65791,1,30.0,23.0,25.8,31.9,23.0,26.4,21.9
Chaguanas,2022-03-29,70.5,0.0,16.1,107.5,1013.9,50.0,7.3,202.6,17.7,21865,65791,0,30.0,23.7,26.2,30.8,23.7,26.8,20.2
Chaguanas,2022-03-30,72.5,0.0,16.1,93.3,1012.4,47.0,7.2,151.1,13.1,21829,65790,0,31.0,21.0,26.4,33.2,21.0,27.3,20.7
Chaguanas,2022-03-31,74.2,0.9905999999999999,17.2,101.7,1012.3,67.0,6.9,169.4,14.6,21794,65790,1,31.0,24.0,26.4,33.1,24.0,27.4,21.3
Chaguanas,2022-04-01,79.0,1.016,17.2,106.2,1013.4,47.5,6.7,204.8,17.7,21759,65789,1,30.0,23.9,25.9,32.6,23.9,26.8,21.8
Chaguanas,2022-04-02,76.4,0.6096,13.9,99.6,1013.3,43.6,6.9,195.5,17.1,21723,65789,1,31.0,23.0,26.7,34.6,23.0,27.8,21.8
Chaguanas,2022-04-03,70.5,0.0,17.2,100.5,1012.7,36.6,7.2,201.5,17.4,21688,65789,0,30.0,22.9,26.3,31.3,22.9,26.8,20.2
Chaguanas,2022-04-04,71.4,0.0,16.4,96.6,1012.4,33.3,6.7,157.5,13.6,21654,65789,0,31.9,22.9,26.9,34.7,22.9,28.1,21.0
Chaguanas,2022-04-05,69.9,0.0,18.3,103.2,1012.4,35.6,6.8,170.4,14.9,21619,65789,0,32.0,24.7,27.2,34.2,24.7,28.2,20.9
Chaguanas,2022-04-06,73.0,0.0,15.0,107.6,1012.6,37.6,6.9,150.6,12.8,21585,65790,0,31.0,24.0,26.7,33.1,24.0,27.7,21.2
Chaguanas,2022-04-07,77.1,0.508,17.2,101.1,1012.4,58.4,6.7,148.2,12.8,21551,65790,1,31.0,24.0,26.2,33.8,24.0,27.4,21.8
Chaguanas,2022-04-08,77.3,0.0,17.2,106.0,1012.9,36.9,6.5,195.9,16.9,21517,65791,0,32.0,24.0,27.3,39.4,24.0,29.3,22.7
Chaguanas,2022-04-09,72.1,0.0,16.5,105.5,1013.4,34.4,6.7,214.4,18.5,21484,65791,0,32.9,24.0,27.4,35.8,24.0,28.8,21.6
Chaguanas,2022-04-10,71.4,0.0,16.1,104.0,1012.4,36.5,6.5,181.9,15.8,21450,65792,0,31.0,24.0,27.4,33.8,24.0,28.7,21.6
Chaguanas,2022-04-11,76.8,1.0921999999999998,19.7,105.4,1012.4,28.4,6.3,209.8,18.3,21418,65794,1,32.0,25.0,27.5,36.8,25.0,29.4,22.9
Chaguanas,2022-04-12,71.3,0.0,18.3,101.2,1012.8,31.8,6.4,190.4,16.2,21385,65795,0,32.0,23.8,27.6,34.9,23.8,29.1,21.6
Chaguanas,2022-04-13,76.5,10.998199999999999,23.0,103.7,1012.4,43.0,6.0,137.8,11.9,21353,65797,1,29.9,24.0,26.2,32.2,24.0,26.9,21.5
Chaguanas,2022-04-14,76.4,0.6096,17.2,101.7,1012.1,45.6,6.0,206.0,17.8,21321,65799,1,31.0,24.0,27.0,34.6,24.0,28.5,22.3
Chaguanas,2022-04-15,77.5,2.0065999999999997,18.3,105.8,1012.6,48.3,6.0,124.3,10.5,21290,65801,1,30.0,23.9,26.3,33.3,23.9,27.3,21.8
Chaguanas,2022-04-16,77.0,3.302,18.3,109.4,1012.6,49.5,6.4,195.6,16.9,21259,65803,1,30.0,24.0,26.6,33.3,24.0,27.7,22.0
Chaguanas,2022-04-17,76.4,0.508,18.3,105.8,1012.5,41.5,6.5,192.9,16.5,21229,65806,1,31.2,24.0,26.8,35.8,24.0,28.2,22.1
Chaguanas,2022-04-18,81.7,2.2097999999999995,13.9,108.5,1012.6,49.5,6.2,156.0,13.4,21199,65809,1,28.0,24.0,25.9,30.7,24.0,26.9,22.4
Chaguanas,2022-04-19,74.1,0.0,13.9,107.9,1012.4,50.3,6.9,179.0,15.5,21170,65813,0,31.0,24.0,27.2,34.2,24.0,28.6,21.8
Chaguanas,2022-04-20,76.9,0.2032,19.7,92.7,1012.5,66.4,6.7,133.3,11.3,21141,65816,1,29.0,23.7,25.7,31.4,23.7,26.2,21.2
Chaguanas,2022-04-21,72.7,0.0,13.9,104.8,1012.5,32.7,7.4,141.8,12.2,21113,65820,0,31.0,22.0,26.6,33.1,22.0,27.6,20.9
Chaguanas,2022-04-22,72.5,0.0,13.9,107.2,1011.6,47.1,7.0,136.0,11.8,21085,65825,0,31.2,23.0,26.4,36.6,23.0,27.4,20.8
Chaguanas,2022-04-23,71.1,0.0,13.9,91.8,1011.1,40.4,6.9,184.9,16.2,21058,65829,0,31.0,22.0,26.1,36.6,22.0,26.8,20.1
Chaguanas,2022-04-24,76.1,0.0,18.3,95.3,1011.1,35.7,6.9,124.7,10.8,21031,65834,0,31.0,21.2,26.4,33.8,21.2,28.1,21.7
Chaguanas,2022-04-25,81.8,21.996399999999998,11.4,114.5,1010.9,53.5,6.6,101.2,8.7,21005,65840,1,32.0,24.0,26.4,37.9,24.0,27.7,22.9
Chaguanas,2022-04-26,84.7,2.6923999999999997,12.8,115.6,1010.6,61.4,7.3,116.9,10.2,20980,65845,1,29.2,24.1,26.2,32.1,24.1,27.3,23.3
Chaguanas,2022-04-27,84.8,11.9888,13.9,134.1,1010.4,58.7,6.9,131.9,11.6,20955,65851,1,32.0,24.0,26.6,36.8,24.0,27.8,23.6
Chaguanas,2022-04-28,82.6,0.6096,15.0,109.6,1010.8,45.3,6.9,164.0,14.2,20931,65858,1,30.0,24.0,26.9,33.6,24.0,28.6,23.4
Chaguanas,2022-04-29,80.0,0.0,12.8,113.5,1011.8,45.0,6.8,134.8,11.5,20907,65865,0,32.7,25.0,28.3,38.7,25.0,31.5,24.3
Chaguanas,2022-04-30,73.6,0.0,17.2,111.0,1012.9,39.9,5.7,153.7,13.1,20884,65872,0,32.0,25.0,27.7,36.8,25.0,29.3,22.3
Chaguanas,2022-05-01,72.4,0.0,15.0,102.6,1013.8,41.6,5.9,153.6,13.1,20862,65880,0,32.0,24.0,27.6,35.2,24.0,29.2,21.9
Chaguanas,2022-05-02,72.6,0.0,18.3,105.4,1014.3,39.0,6.3,140.4,12.0,20841,65887,0,32.0,24.0,27.8,35.8,24.0,29.7,22.2
Chaguanas,2022-05-03,71.5,0.0,20.8,97.6,1013.6,38.6,6.9,140.3,12.0,20820,65896,0,31.2,25.0,28.0,34.6,25.0,29.8,22.1
Chaguanas,2022-05-04,70.8,0.0,17.2,98.2,1012.9,45.0,6.8,140.2,11.9,20800,65905,0,32.0,24.2,27.7,35.8,24.2,29.4,21.7
Chaguanas,2022-05-05,71.5,0.0,17.2,104.8,1013.3,39.8,7.0,140.0,11.9,20781,65914,0,32.0,25.0,27.8,37.9,25.0,29.6,22.1
Chaguanas,2022-05-06,73.9,0.0,18.3,102.9,1013.7,43.6,6.5,139.9,11.9,20762,65923,0,32.2,25.0,27.8,35.8,25.0,30.1,22.5
Chaguanas,2022-05-07,73.2,0.0,13.9,101.2,1013.6,44.8,6.5,139.8,11.9,20744,65933,0,33.1,25.0,28.3,37.9,25.0,30.3,22.7
Chaguanas,2022-05-08,75.8,2.1082,17.2,107.1,1013.4,44.5,7.0,191.7,16.6,20727,65943,1,31.1,24.0,27.6,33.8,24.0,29.3,22.6
Chaguanas,2022-05-09,77.6,0.3048,15.0,107.9,1012.9,38.4,6.9,188.6,16.4,20711,65954,1,32.0,25.0,27.6,35.8,25.0,29.4,23.1
Chaguanas,2022-05-10,70.5,0.0,20.8,109.0,1012.8,34.5,7.3,166.6,14.4,20695,65965,0,30.1,24.0,27.3,33.3,24.0,28.3,21.1
Chaguanas,2022-05-11,71.2,0.0,18.3,102.9,1012.5,38.8,7.1,202.1,17.4,20680,65976,0,32.0,24.0,27.6,35.8,24.0,29.1,21.6
Chaguanas,2022-05-12,73.7,0.0,17.2,104.0,1012.5,38.6,5.9,212.3,18.5,20667,65988,0,32.2,24.0,27.8,36.1,24.0,29.8,22.4
Chaguanas,2022-05-13,73.3,0.0,15.0,110.1,1012.7,31.8,6.0,195.1,17.1,20653,66000,0,31.1,24.2,27.4,33.1,24.2,28.8,21.9
Chaguanas,2022-05-14,83.9,4.8006,17.2,95.9,1012.9,49.5,6.1,143.1,12.5,20641,66012,1,31.0,25.0,26.2,34.6,25.0,27.4,23.2
Chaguanas,2022-05-15,78.9,2.2097999999999995,21.9,99.7,1012.6,54.7,6.3,159.8,13.8,20629,66025,1,32.0,24.8,27.2,35.8,24.8,29.1,23.0
Chaguanas,2022-05-16,81.0,21.005799999999997,43.9,97.0,1013.2,56.6,5.1,150.8,13.0,20619,66038,1,31.0,24.7,27.4,36.6,24.7,29.9,23.7
Chaguanas,2022-05-17,77.8,0.4064,19.7,94.9,1013.9,66.8,4.4,206.3,17.9,20609,66051,1,30.0,26.0,27.9,36.2,26.0,31.2,23.7
Chaguanas,2022-05-18,72.5,0.0,17.2,91.3,1015.0,41.6,4.0,201.1,17.3,20599,66065,0,30.8,26.0,28.2,33.5,26.0,30.8,22.6
Chaguanas,2022-05-19,71.0,0.0,15.0,94.4,1015.2,32.3,4.5,258.7,22.3,20591,66079,0,33.0,24.0,28.1,36.2,24.0,29.8,21.9
Chaguanas,2022-05-20,68.5,0.0,17.2,93.7,1015.8,24.3,5.1,179.0,15.6,20583,66093,0,33.0,24.0,28.1,37.1,24.0,30.0,21.6
Chaguanas,2022-05-21,67.6,0.0,18.3,93.0,1016.4,28.7,4.6,176.7,15.1,20577,66108,0,32.0,25.9,28.2,34.9,25.9,29.7,21.4
Chaguanas,2022-05-22,72.4,7.010400000000001,19.7,95.1,1016.2,38.8,4.8,161.7,14.1,20571,66122,1,31.0,24.0,27.5,33.8,24.0,28.8,21.8
Chaguanas,2022-05-23,83.4,8.001,13.9,95.0,1014.3,52.6,6.5,149.7,12.9,20565,66137,1,31.0,23.9,26.7,35.1,23.9,28.5,23.4
Chaguanas,2022-05-24,85.0,17.399,12.8,92.9,1013.6,56.3,5.4,106.6,9.3,20561,66153,1,30.0,23.9,26.4,34.6,23.9,28.1,23.6
Chaguanas,2022-05-25,77.2,0.7874,16.1,95.5,1013.9,41.0,5.6,158.2,13.6,20557,66168,1,31.0,25.0,27.7,34.7,25.0,29.7,23.1
Chaguanas,2022-05-26,74.8,0.0,16.1,92.3,1014.3,41.9,6.7,109.9,9.4,20554,66184,0,30.0,24.9,27.2,31.9,24.9,28.5,22.1
Chaguanas,2022-05-27,78.7,1.2953999999999999,11.4,104.1,1013.9,46.5,7.3,157.4,13.6,20552,66199,1,31.1,24.0,27.2,34.4,24.0,29.2,23.0
Chaguanas,2022-05-28,75.8,0.8128,13.9,98.9,1012.8,44.3,7.5,167.4,14.6,20551,66215,1,31.0,24.0,27.4,35.5,24.0,29.2,22.5
Chaguanas,2022-05-29,73.5,0.3048,16.1,94.6,1012.3,44.9,7.8,189.5,16.3,20551,66231,1,32.0,23.9,27.6,35.8,23.9,29.4,22.2
Chaguanas,2022-05-30,69.0,0.0,16.1,98.9,1011.8,33.2,7.6,193.8,16.7,20551,66248,0,32.0,24.0,27.7,34.9,24.0,29.1,21.2
Chaguanas,2022-05-31,73.3,2.0065999999999997,15.0,101.3,1011.5,51.9,6.6,185.8,16.0,20552,66264,1,32.0,24.0,27.2,34.2,24.0,28.2,21.6
Chaguanas,2022-06-01,72.6,0.0,13.9,107.1,1011.5,43.4,7.2,118.1,10.2,20553,66280,0,33.2,23.0,27.7,36.4,23.0,29.6,21.9
Chaguanas,2022-06-02,93.9,35.9918,8.5,103.5,1012.8,57.4,6.2,16.3,1.4,20556,66297,1,26.0,24.0,24.5,26.0,24.0,24.5,23.4
Chaguanas,2022-06-03,89.2,25.1206,11.4,105.0,1013.0,51.1,6.9,62.6,5.4,20559,66313,1,30.0,23.9,25.9,36.2,23.9,27.3,23.9
Chaguanas,2022-06-04,82.6,8.407399999999999,18.3,107.5,1012.4,56.6,5.8,139.0,12.0,20563,66329,1,32.0,24.9,27.1,37.9,24.9,29.2,23.7
Chaguanas,2022-06-05,85.5,24.714199999999998,18.3,107.2,1012.9,51.2,6.5,136.8,11.7,20567,66346,1,31.0,24.9,26.9,36.7,24.9,29.3,24.2
Chaguanas,2022-06-06,91.2,29.7942,10.3,102.3,1013.7,54.5,5.6,83.5,7.2,20572,66362,1,30.0,22.7,25.1,35.1,22.7,25.6,23.5
Chaguanas,2022-06-07,82.1,0.6096,20.8,99.3,1012.5,48.0,4.7,159.7,13.8,20578,66379,1,30.0,24.0,26.9,34.2,24.0,29.2,23.4
Chaguanas,2022-06-08,84.1,10.2108,15.0,100.2,1012.9,47.3,3.9,73.1,6.5,20585,66395,1,30.2,24.0,26.7,36.2,24.0,28.6,23.7
Chaguanas,2022-06-09,73.6,0.0,20.8,103.2,1012.5,40.6,5.5,159.2,13.7,20592,66411,0,32.0,26.0,28.0,35.8,26.0,30.1,22.7
Chaguanas,2022-06-10,81.9,6.604,18.3,107.8,1012.0,53.1,6.4,157.4,13.6,20599,66427,1,32.0,25.0,27.5,37.9,25.0,29.7,23.9
Chaguanas,2022-06-11,86.5,8.991599999999998,18.3,103.1,1012.6,56.1,4.7,93.1,8.2,20608,66443,1,30.0,24.0,26.2,35.1,24.0,27.3,23.7
Chaguanas,2022-06-12,77.5,0.0,18.3,97.1,1014.0,50.9,4.2,139.9,12.0,20616,66459,0,30.0,24.9,27.4,34.2,24.9,29.3,22.9
Chaguanas,2022-06-13,93.5,33.197799999999994,9.2,103.8,1014.3,58.8,5.5,39.0,3.3,20626,66474,1,25.0,23.0,23.9,25.0,23.0,23.9,22.8
Chaguanas,2022-06-14,81.9,0.1016,11.4,121.2,1013.2,53.6,7.3,186.8,16.0,20636,66490,1,31.0,23.0,26.4,35.4,23.0,28.0,22.8
Chaguanas,2022-06-15,91.8,24.993599999999997,21.9,101.6,1013.2,51.5,6.1,106.4,9.3,20646,66505,1,29.0,23.7,25.5,33.6,23.7,26.3,24.1
Chaguanas,2022-06-16,84.5,2.9972,17.2,99.9,1013.5,53.6,6.3,132.8,11.5,20657,66519,1,30.8,24.0,26.8,37.3,24.0,28.8,23.8
Chaguanas,2022-06-17,76.8,0.0,18.3,98.9,1012.7,43.5,5.0,144.1,12.4,20668,66534,0,30.0,24.9,27.0,32.6,24.9,28.6,22.4
Chaguanas,2022-06-18,73.6,0.508,17.2,99.7,1013.3,36.6,6.1,176.7,15.4,20680,66548,1,31.2,24.7,27.5,34.6,24.7,29.1,22.1
Chaguanas,2022-06-19,73.5,0.2032,17.2,103.5,1013.3,45.9,6.8,192.9,16.7,20692,66562,1,31.0,23.9,27.3,35.3,23.9,29.0,21.9
Chaguanas,2022-06-20,89.4,15.214599999999999,11.4,101.5,1014.3,57.6,6.3,88.6,7.7,20704,66575,1,28.0,22.0,24.8,31.3,22.0,25.2,22.8
Chaguanas,2022-06-21,88.9,13.0048,11.4,82.1,1013.0,53.2,6.8,76.9,6.7,20717,66588,1,32.0,22.0,25.2,36.8,22.0,26.2,23.0
Chaguanas,2022-06-22,84.6,0.6096,11.4,107.6,1012.1,45.3,7.0,153.0,13.3,20730,66601,1,31.1,23.0,26.6,36.4,23.0,28.8,23.6
Chaguanas,2022-06-23,76.7,0.0,16.1,111.6,1011.8,33.7,7.2,189.9,16.4,20744,66613,0,30.2,24.6,27.1,33.3,24.6,28.6,22.4
Chaguanas,2022-06-24,79.2,0.0,16.1,103.3,1012.1,44.2,7.0,187.6,16.2,20758,66625,0,32.0,23.7,27.6,40.7,23.7,30.5,23.5
Chaguanas,2022-06-25,74.0,0.0,17.2,97.0,1013.1,46.8,6.5,159.1,13.8,20772,66636,0,32.0,25.9,28.1,35.8,25.9,30.5,22.8
Chaguanas,2022-06-26,87.4,37.9984,8.1,266.0,1012.8,58.8,5.6,91.2,7.8,20786,66647,1,29.0,24.0,26.1,34.6,24.0,27.0,23.8
Chaguanas,2022-06-27,81.0,17.2974,138.2,118.3,1012.5,53.8,6.9,167.9,14.5,20801,66657,1,31.0,24.2,27.3,36.7,24.2,29.9,23.6
Chaguanas,2022-06-28,83.3,13.7922,16.1,94.2,1012.5,50.6,6.6,100.1,8.6,20815,66667,1,30.0,24.0,26.6,34.6,24.0,28.1,23.3
Chaguanas,2022-06-29,90.9,14.985999999999999,11.4,109.1,1012.9,64.7,6.3,93.6,8.2,20830,66676,1,29.0,24.0,25.9,34.6,24.0,27.3,24.3
Chaguanas,2022-06-30,81.3,10.998199999999999,18.3,110.9,1012.8,36.3,7.1,160.2,13.7,20846,66684,1,31.0,25.0,27.3,35.5,25.0,29.6,23.7
Chaguanas,2022-07-01,84.8,23.7998,8.1,190.0,1011.5,49.0,6.9,77.0,6.5,20861,66692,1,30.0,24.2,25.9,33.3,24.2,26.5,23.1
Chaguanas,2022-07-02,79.6,0.9905999999999999,15.0,109.5,1012.9,43.9,7.2,145.8,12.6,20876,66699,1,32.1,24.8,27.7,37.7,24.8,30.2,23.6
Chaguanas,2022-07-03,75.3,0.508,18.3,106.0,1014.2,47.7,6.9,202.8,17.7,20891,66706,1,31.0,24.9,28.1,35.5,24.9,30.4,23.1
Chaguanas,2022-07-04,79.1,0.0,13.9,115.7,1014.1,61.4,6.5,127.8,11.1,20907,66712,0,31.7,23.7,27.7,39.1,23.7,30.3,23.6
Chaguanas,2022-07-05,90.1,19.7104,13.9,105.2,1013.3,44.8,6.7,108.1,9.5,20922,66717,1,29.0,23.7,25.6,33.6,23.7,26.8,23.8
Chaguanas,2022-07-06,80.7,5.0038,16.1,108.3,1013.0,52.6,6.9,192.0,16.6,20938,66722,1,32.1,24.8,27.6,39.2,24.8,30.1,23.8
Chaguanas,2022-07-07,77.0,0.0,18.3,102.1,1013.4,36.7,7.0,189.1,16.5,20953,66725,0,31.0,23.8,27.4,37.8,23.8,29.6,22.8
Chaguanas,2022-07-08,84.4,6.095999999999999,15.0,101.5,1014.4,45.3,6.8,90.0,7.8,20968,66729,1,29.1,25.0,26.8,34.6,25.0,28.9,23.9
Chaguanas,2022-07-09,85.3,4.191,16.1,108.8,1014.8,49.3,6.4,132.8,11.5,20984,66731,1,31.0,24.8,27.4,40.2,24.8,30.7,24.6
Chaguanas,2022-07-10,86.9,56.896,11.4,108.7,1013.7,58.8,5.6,79.7,6.8,20999,66733,1,28.8,23.0,25.8,32.6,23.0,27.1,23.4
Chaguanas,2022-07-11,75.5,0.0,19.7,101.6,1012.5,48.6,5.6,151.5,13.0,21014,66733,0,32.0,25.9,28.4,36.8,25.9,31.4,23.5
Chaguanas,2022-07-12,85.3,13.3096,17.2,103.8,1013.5,57.5,6.2,107.3,9.2,21029,66733,1,30.0,25.0,26.8,34.6,25.0,28.7,24.1
Chaguanas,2022-07-13,73.0,0.0,13.9,108.7,1013.7,37.4,7.4,210.6,18.2,21044,66733,0,32.1,25.0,27.9,35.0,25.0,29.4,22.3
Chaguanas,2022-07-14,74.2,0.3048,10.3,103.9,1013.1,43.2,6.8,162.8,14.0,21059,66731,1,33.0,23.0,27.9,38.1,23.0,30.3,22.6
Chaguanas,2022-07-15,91.5,13.0048,6.9,128.1,1012.3,52.2,6.0,53.7,4.6,21073,66729,1,27.2,23.0,25.7,30.7,23.0,26.5,24.2
Chaguanas,2022-07-16,79.8,0.4064,9.2,112.3,1012.4,46.7,7.2,163.6,14.1,21088,66726,1,33.0,24.9,27.9,38.1,24.9,30.7,23.8
Chaguanas,2022-07-17,88.5,40.9956,15.0,104.8,1012.7,51.0,5.8,130.3,11.1,21102,66722,1,29.1,25.0,26.5,33.7,25.0,28.2,24.4
Chaguanas,2022-07-18,74.4,0.0,13.9,99.6,1013.7,36.6,6.8,198.3,17.0,21115,66717,0,32.0,25.0,27.9,35.8,25.0,30.1,22.7
Chaguanas,2022-07-19,86.5,22.301199999999998,13.9,110.0,1013.7,50.5,6.5,42.6,3.6,21129,66711,1,29.8,24.0,26.2,35.5,24.0,27.7,23.7
Chaguanas,2022-07-20,81.1,0.9905999999999999,10.3,118.9,1012.9,48.3,7.6,248.8,21.3,21142,66705,1,31.9,24.0,27.4,36.7,24.0,29.9,23.7
Chaguanas,2022-07-21,84.7,6.5024,16.1,86.7,1012.4,46.8,6.8,234.6,20.1,21155,66698,1,30.0,24.0,26.8,35.1,24.0,29.4,23.9
Chaguanas,2022-07-22,75.5,0.0,16.1,98.2,1012.4,39.3,6.9,203.6,17.5,21168,66690,0,32.2,25.0,28.1,37.9,25.0,30.2,23.1
Chaguanas,2022-07-23,73.9,0.0,13.9,90.2,1011.9,24.3,7.1,208.8,18.1,21180,66681,0,32.1,23.8,27.7,35.8,23.8,29.4,22.3
Chaguanas,2022-07-24,73.0,0.0,11.4,103.3,1012.5,24.8,7.3,202.2,17.3,21193,66671,0,33.0,24.0,27.8,36.6,24.0,29.8,22.3
Chaguanas,2022-07-25,73.6,0.0,10.3,106.5,1012.6,32.5,6.9,183.1,15.8,21204,66660,0,34.0,23.0,28.3,38.3,23.0,30.7,22.7
Chaguanas,2022-07-26,80.1,0.4064,12.8,123.9,1013.0,47.5,6.6,179.0,15.4,21216,66649,1,31.1,24.0,27.2,36.6,24.0,29.3,23.3
Chaguanas,2022-07-27,83.0,0.4064,8.1,66.3,1012.5,61.6,6.7,138.5,11.9,21227,66637,1,32.0,24.7,27.2,36.2,24.7,29.3,23.8
Chaguanas,2022-07-28,84.5,2.0065999999999997,15.0,92.3,1012.1,49.9,6.7,114.9,9.9,21237,66623,1,32.0,25.0,27.1,37.9,25.0,28.7,24.0
Chaguanas,2022-07-29,73.3,0.1016,12.8,104.6,1012.7,43.6,7.1,191.8,16.5,21248,66609,1,31.0,24.0,27.4,33.8,24.0,28.7,21.9
Chaguanas,2022-07-30,80.6,0.0,13.9,114.8,1013.3,42.4,6.7,202.0,17.4,21258,66595,0,32.0,23.0,27.2,37.9,23.0,29.8,23.3
Chaguanas,2022-07-31,85.8,27.9908,16.1,115.3,1013.6,50.1,6.3,92.2,7.8,21267,66579,1,30.0,24.0,26.2,35.1,24.0,27.6,23.6
Chaguanas,2022-08-01,79.4,0.1016,15.0,97.4,1012.6,44.6,6.3,169.0,14.5,21276,66563,1,31.0,25.8,27.9,36.2,25.8,30.4,23.8
Chaguanas,2022-08-02,77.5,0.2032,17.2,108.7,1011.5,48.0,6.8,176.3,15.3,21285,66545,1,32.0,25.0,28.3,37.8,25.0,31.3,23.7
Chaguanas,2022-08-03,91.8,49.987199999999994,8.1,94.5,1012.1,52.2,6.1,32.4,2.7,21293,66527,1,26.0,23.0,24.7,26.0,23.0,24.7,23.3
Chaguanas,2022-08-04,92.0,18.287999999999997,16.1,118.1,1012.6,55.4,5.7,47.9,4.3,21301,66508,1,27.7,23.0,24.6,31.9,23.0,24.8,23.1
Chaguanas,2022-08-05,81.7,2.2097999999999995,16.1,105.7,1011.0,51.6,7.2,158.7,13.8,21309,66489,1,32.0,23.0,27.1,37.9,23.0,29.4,23.4
Chaguanas,2022-08-06,84.5,10.795,7.4,54.6,1011.7,43.0,7.1,249.2,21.6,21316,66468,1,29.0,23.8,26.7,34.6,23.8,28.3,23.7
Chaguanas,2022-08-07,74.8,0.0,9.2,80.8,1011.7,26.1,7.2,196.2,17.0,21322,66447,0,34.0,25.2,28.5,39.4,25.2,31.0,23.3
Chaguanas,2022-08-08,79.7,0.4064,13.9,88.1,1010.8,45.2,7.0,140.6,12.1,21329,66425,1,33.0,24.0,27.9,40.3,24.0,31.3,23.9
Chaguanas,2022-08-09,82.9,5.0038,13.9,107.9,1011.8,44.8,6.9,152.8,13.2,21335,66402,1,31.0,25.0,27.7,39.1,25.0,31.1,24.4
Chaguanas,2022-08-10,78.1,0.2032,10.3,123.2,1013.4,43.5,7.1,226.5,19.6,21340,66379,1,33.0,25.0,28.2,38.1,25.0,31.0,23.8
Chaguanas,2022-08-11,77.0,0.0,11.4,63.4,1013.1,38.8,6.8,276.7,23.8,21345,66355,0,32.0,24.7,28.1,36.6,24.7,30.9,23.4
Chaguanas,2022-08-12,82.6,12.014199999999999,16.1,83.7,1012.5,42.8,6.8,239.5,20.5,21350,66330,1,32.0,25.0,27.8,38.1,25.0,30.8,24.4
Chaguanas,2022-08-13,86.9,1.0921999999999998,8.1,128.4,1012.8,55.9,6.8,246.5,21.4,21354,66304,1,32.0,24.8,26.8,37.9,24.8,28.6,24.3
Chaguanas,2022-08-14,82.5,8.001,8.1,114.4,1013.8,50.0,7.6,236.8,20.5,21358,66278,1,33.0,24.7,27.6,40.6,24.7,30.6,24.2
Chaguanas,2022-08-15,80.4,1.2953999999999999,11.4,110.4,1013.3,38.0,7.2,249.5,21.6,21361,66251,1,32.0,24.0,27.7,36.8,24.0,29.9,23.7
Chaguanas,2022-08-16,75.6,0.1016,16.1,112.3,1012.6,29.0,7.1,213.5,18.5,21364,66224,1,33.0,25.0,28.7,38.1,25.0,31.6,23.6
Chaguanas,2022-08-17,69.3,0.0,11.4,46.6,1012.2,28.4,6.9,278.1,24.1,21367,66196,0,33.0,25.7,28.9,36.2,25.7,30.9,22.3
Chaguanas,2022-08-18,78.6,6.1975999999999996,15.0,106.2,1011.1,45.8,6.7,250.6,21.4,21369,66167,1,32.0,24.8,27.3,36.8,24.8,29.4,23.1
Chaguanas,2022-08-19,84.0,5.1054,12.8,105.6,1012.4,47.3,6.7,257.6,22.2,21371,66137,1,30.1,24.0,26.2,34.3,24.0,27.6,23.2
Chaguanas,2022-08-20,90.2,6.985,11.4,105.1,1012.9,46.0,6.2,162.1,14.0,21372,66107,1,27.0,24.0,24.9,29.7,24.0,25.1,23.2
Chaguanas,2022-08-21,84.9,0.1016,8.1,119.3,1012.7,47.5,7.4,178.2,15.4,21373,66077,1,29.0,23.0,25.8,32.6,23.0,26.8,22.9
Chaguanas,2022-08-22,86.4,20.193,9.2,305.3,1012.3,51.4,7.0,180.1,15.4,21374,66046,1,30.0,24.0,25.8,34.2,24.0,26.7,23.3
Chaguanas,2022-08-23,86.0,20.777199999999997,9.2,310.6,1012.4,50.1,6.8,185.5,16.0,21374,66014,1,30.0,22.9,25.6,35.1,22.9,26.7,22.9
Chaguanas,2022-08-24,87.1,21.996399999999998,8.1,168.6,1013.2,47.9,7.0,253.9,22.0,21375,65982,1,30.0,23.9,25.8,34.2,23.9,27.1,23.4
Chaguanas,2022-08-25,87.5,5.9944,8.1,148.6,1013.3,43.3,6.5,210.9,18.0,21374,65949,1,32.0,23.8,25.7,36.8,23.8,26.7,23.3
Chaguanas,2022-08-26,87.1,2.9972,12.8,127.6,1013.0,48.3,7.1,233.1,20.1,21374,65916,1,29.0,23.0,25.5,32.8,23.0,26.7,23.1
Chaguanas,2022-08-27,78.3,0.0,11.4,131.1,1012.0,49.2,7.6,249.2,21.5,21373,65882,0,32.0,23.0,27.2,36.8,23.0,29.2,22.8
Chaguanas,2022-08-28,77.6,0.1016,9.2,120.0,1011.9,43.5,7.3,265.9,23.0,21372,65848,1,32.2,23.0,27.4,37.9,23.0,29.8,22.9
Chaguanas,2022-08-29,81.1,0.0,12.8,113.2,1012.5,39.8,7.3,217.7,18.7,21370,65814,0,32.0,24.9,27.7,37.8,24.9,30.2,23.9
Chaguanas,2022-08-30,71.9,0.0,12.8,51.3,1012.3,38.3,6.8,231.0,19.9,21369,65779,0,34.0,24.0,28.6,37.9,24.0,30.6,22.4
Chaguanas,2022-08-31,84.8,51.0032,10.3,80.7,1011.6,44.5,6.5,279.6,24.2,21367,65743,1,32.1,23.9,26.2,35.0,23.9,27.3,23.1
Chaguanas,2022-09-01,79.5,0.0,11.4,128.1,1009.8,32.7,6.9,288.1,24.8,21365,65708,0,34.0,22.0,27.1,38.1,22.0,29.0,22.7
Chaguanas,2022-09-02,80.6,32.9946,13.9,154.0,1010.3,34.9,7.1,276.1,23.9,21362,65671,1,33.1,23.0,26.7,38.1,23.0,28.4,22.8
Chaguanas,2022-09-03,78.1,5.9944,10.3,142.4,1011.4,50.8,6.9,235.1,20.3,21360,65635,1,33.0,24.8,28.2,39.3,24.8,31.1,23.7
Chaguanas,2022-09-04,86.9,18.9992,11.4,130.3,1011.8,44.4,6.6,219.1,18.9,21357,65598,1,31.0,24.9,26.3,36.6,24.9,27.3,23.8
Chaguanas,2022-09-05,90.5,13.3096,11.4,116.2,1013.4,44.7,7.1,142.4,12.3,21354,65561,1,27.0,24.0,25.4,30.1,24.0,26.3,23.7
Chaguanas,2022-09-06,82.4,0.0,7.9,117.0,1013.9,46.4,7.2,185.4,16.0,21351,65524,0,33.0,23.0,26.9,38.1,23.0,28.9,23.4
Chaguanas,2022-09-07,81.4,12.014199999999999,11.4,102.3,1012.8,41.3,6.8,237.1,20.5,21347,65487,1,31.0,25.0,27.6,37.8,25.0,30.4,24.0
Chaguanas,2022-09-08,77.9,0.0,13.9,129.7,1011.5,38.6,7.1,249.1,21.6,21344,65449,0,32.0,24.0,28.2,37.9,24.0,31.2,23.7
Chaguanas,2022-09-09,77.0,0.0,13.9,120.4,1012.3,36.2,7.1,257.8,22.4,21340,65411,0,32.9,25.0,28.3,37.8,25.0,31.2,23.7
Chaguanas,2022-09-10,83.0,6.2992,9.2,124.2,1014.1,43.8,7.2,246.9,21.4,21336,65373,1,31.0,24.0,27.2,37.8,24.0,29.7,23.9
Chaguanas,2022-09-11,80.3,0.0,11.4,114.4,1013.8,41.1,7.4,236.6,20.5,21333,65335,0,32.0,24.2,27.3,36.8,24.2,29.6,23.4
Chaguanas,2022-09-12,81.1,3.2003999999999997,13.9,108.1,1011.7,44.2,7.1,258.3,22.4,21329,65296,1,33.0,24.0,27.6,39.2,24.0,29.8,23.8
Chaguanas,2022-09-13,78.1,0.1016,11.4,121.4,1011.8,34.1,6.9,236.9,20.5,21325,65258,1,32.0,24.0,27.6,36.8,24.0,29.9,23.2
Chaguanas,2022-09-14,73.6,0.0,15.0,118.1,1011.8,36.3,7.5,279.3,24.3,21321,65219,0,34.0,24.0,28.3,38.3,24.0,30.6,22.7
Chaguanas,2022-09-15,80.9,2.9972,11.4,108.1,1011.5,40.7,7.0,275.4,23.8,21317,65180,1,33.7,24.0,27.9,41.4,24.0,30.8,24.1
Chaguanas,2022-09-16,78.7,0.0,9.2,113.3,1010.6,46.6,7.2,276.6,23.9,21313,65142,0,34.0,24.0,28.1,40.7,24.0,31.5,23.8
Chaguanas,2022-09-17,82.1,26.0096,12.8,155.3,1010.9,53.1,6.8,238.7,20.8,21309,65103,1,34.0,24.0,27.5,38.3,24.0,29.9,23.9
Chaguanas,2022-09-18,79.6,0.889,11.4,156.0,1010.7,41.6,7.2,269.6,23.2,21305,65064,1,33.0,23.9,27.7,39.3,23.9,30.6,23.6
Chaguanas,2022-09-19,80.9,4.5973999999999995,12.8,118.0,1010.6,48.6,7.2,221.9,19.2,21301,65025,1,33.0,24.8,27.6,39.2,24.8,29.9,23.8
Chaguanas,2022-09-20,84.4,8.001,11.4,101.3,1010.4,51.1,6.8,216.8,18.6,21297,64987,1,32.8,24.0,26.6,38.9,24.0,28.2,23.6
Chaguanas,2022-09-21,92.0,23.3172,8.1,127.6,1008.9,62.9,5.5,178.1,15.5,21293,64948,1,29.0,24.0,25.6,33.6,24.0,26.1,24.1
Chaguanas,2022-09-22,89.6,8.915399999999998,5.8,128.6,1011.2,44.9,7.0,187.5,16.1,21289,64909,1,26.2,24.0,25.3,26.2,24.0,25.3,23.4
Chaguanas,2022-09-23,79.0,0.0,13.9,116.8,1012.0,38.4,7.4,229.1,19.7,21285,64871,0,32.0,23.9,27.9,37.9,23.9,31.1,23.7
Chaguanas,2022-09-24,81.0,0.1016,9.2,119.7,1010.6,44.6,7.2,207.2,18.0,21282,64832,1,32.0,24.8,27.6,37.8,24.8,30.3,23.9
Chaguanas,2022-09-25,82.4,0.4064,12.8,105.3,1010.2,48.1,6.9,239.4,20.9,21278,64794,1,31.9,23.9,27.1,37.5,23.9,29.2,23.6
Chaguanas,2022-09-26,90.7,0.0,10.3,108.9,1011.2,40.5,7.3,176.8,15.2,21275,64756,0,28.0,24.0,25.4,32.7,24.0,25.9,23.8
Chaguanas,2022-09-27,85.7,11.7094,9.2,118.9,1011.3,43.1,6.7,224.1,19.4,21272,64718,1,31.0,24.0,26.3,36.6,24.0,28.3,23.7
Chaguanas,2022-09-28,84.6,8.001,10.3,125.8,1010.6,44.6,7.3,235.5,20.2,21269,64680,1,29.8,23.9,26.6,34.2,23.9,28.5,23.6
Chaguanas,2022-09-29,89.6,13.9954,11.4,280.6,1010.1,50.7,7.1,161.3,14.0,21267,64643,1,30.0,23.9,25.3,35.1,23.9,25.9,23.4
Chaguanas,2022-09-30,83.5,0.0,16.1,115.8,1010.0,48.8,6.7,253.7,21.9,21264,64606,0,32.0,24.0,27.4,39.2,24.0,30.3,24.2
Chaguanas,2022-10-01,76.9,0.0,11.4,106.5,1012.5,40.6,7.5,267.7,23.1,21262,64569,0,33.0,24.9,28.5,38.1,24.9,31.6,23.7
Chaguanas,2022-10-02,77.3,0.0,10.3,111.2,1013.6,39.6,6.9,242.3,20.9,21260,64533,0,34.0,24.0,28.3,39.4,24.0,31.3,23.7
Chaguanas,2022-10-03,85.9,0.0,5.8,118.3,1012.1,40.3,7.6,174.5,15.0,21258,64496,0,31.0,24.0,26.7,36.6,24.0,28.6,24.0
Chaguanas,2022-10-04,81.7,0.9905999999999999,9.2,6.7,1009.8,44.0,6.9,228.2,19.8,21257,64460,1,32.0,24.0,27.2,37.9,24.0,29.7,23.6
Chaguanas,2022-10-05,96.7,6.095999999999999,18.3,95.0,1008.7,62.7,4.7,44.9,3.8,21256,64425,1,25.2,23.0,24.6,25.2,23.0,24.6,24.0
Chaguanas,2022-10-06,89.7,99.08539999999999,13.9,105.6,1011.1,64.7,6.6,177.8,15.4,21255,64390,1,27.1,23.8,25.4,30.1,23.8,26.1,23.6
Chaguanas,2022-10-07,86.2,6.8072,12.8,110.4,1011.3,49.1,6.1,224.0,19.3,21255,64355,1,30.0,24.0,26.8,36.2,24.0,29.2,24.2
Chaguanas,2022-10-08,89.0,28.7782,11.4,110.0,1009.9,51.8,6.5,146.1,12.6,21255,64321,1,31.0,25.0,26.4,37.8,25.0,27.8,24.3
Chaguanas,2022-10-09,89.0,15.214599999999999,16.1,103.2,1011.8,47.7,6.8,169.7,14.7,21255,64287,1,27.1,23.0,25.3,30.7,23.0,26.1,23.4
Chaguanas,2022-10-10,84.9,2.2097999999999995,16.1,104.0,1012.7,47.9,7.2,154.3,13.2,21256,64254,1,31.8,23.0,26.7,37.8,23.0,28.9,23.8
Chaguanas,2022-10-11,90.8,3.8861999999999997,8.1,97.5,1013.2,39.4,6.0,187.4,16.2,21257,64221,1,30.0,24.2,25.7,36.2,24.2,26.4,24.0
Chaguanas,2022-10-12,86.5,10.0076,12.8,106.1,1012.2,46.2,6.0,196.2,17.0,21259,64189,1,30.0,23.9,26.1,34.2,23.9,27.5,23.6
Chaguanas,2022-10-13,79.5,0.0,13.9,109.8,1011.1,37.1,7.3,253.3,21.9,21261,64158,0,32.0,23.0,27.3,37.9,23.0,29.5,23.1
Chaguanas,2022-10-14,78.7,0.0,12.8,115.8,1012.0,41.6,7.5,243.6,21.1,21264,64127,0,33.0,23.9,27.8,37.2,23.9,30.2,23.4
Chaguanas,2022-10-15,81.9,1.1938,18.3,128.9,1012.0,51.8,7.2,236.7,20.6,21267,64096,1,32.0,24.0,27.3,36.8,24.0,29.7,23.7
Chaguanas,2022-10-16,79.6,0.0,8.1,137.2,1010.8,39.2,7.1,255.0,22.0,21271,64067,0,32.2,24.0,27.5,36.8,24.0,29.7,23.4
Chaguanas,2022-10-17,77.5,0.7874,10.3,119.1,1010.3,35.1,7.3,230.4,19.9,21275,64038,1,33.0,24.0,27.7,38.1,24.0,30.1,23.1
Chaguanas,2022-10-18,76.7,0.0,9.2,111.4,1011.1,35.6,7.8,247.4,21.4,21279,64009,0,33.0,24.0,28.2,38.1,24.0,31.0,23.4
Chaguanas,2022-10-19,81.2,2.0065999999999997,10.3,104.9,1011.9,44.2,7.2,208.3,18.0,21285,63981,1,32.0,24.1,27.7,39.2,24.1,30.8,24.1
Chaguanas,2022-10-20,85.1,2.032,7.2,69.6,1011.5,66.8,7.0,230.7,20.0,21290,63954,1,30.0,24.0,26.7,35.1,24.0,28.6,23.9
Chaguanas,2022-10-21,78.1,0.4064,10.5,66.7,1010.6,24.0,6.2,251.6,21.6,21297,63928,1,34.0,25.7,28.2,39.4,25.7,30.9,23.8
Chaguanas,2022-10-22,85.7,3.0225999999999997,9.2,86.3,1010.4,33.9,6.1,240.6,20.6,21303,63903,1,30.0,25.0,26.8,37.5,25.0,28.9,24.2
Chaguanas,2022-10-23,82.6,0.0,13.9,115.6,1010.6,35.4,6.2,224.6,19.5,21311,63878,0,33.0,23.0,27.6,39.3,23.0,30.7,24.2
Chaguanas,2022-10-24,80.1,0.0,9.2,124.4,1011.1,38.6,6.5,222.5,19.3,21319,63854,0,33.0,25.0,28.1,39.3,25.0,31.2,24.1
Chaguanas,2022-10-25,84.3,0.1016,11.4,121.1,1010.2,43.3,6.6,224.4,19.5,21328,63831,1,31.0,24.9,26.9,36.6,24.9,28.7,23.9
Chaguanas,2022-10-26,88.8,5.9944,13.9,139.8,1008.9,69.5,5.5,147.8,12.9,21337,63809,1,30.7,24.0,26.5,37.6,24.0,28.2,24.3
Chaguanas,2022-10-27,93.0,35.9918,11.4,115.9,1009.3,55.9,5.5,125.5,10.9,21347,63788,1,29.0,24.0,25.4,35.7,24.0,26.1,24.2
Chaguanas,2022-10-28,89.4,11.7094,9.2,116.4,1010.3,46.0,6.8,82.9,7.3,21358,63767,1,30.0,24.0,26.3,37.2,24.0,28.2,24.4
Chaguanas,2022-10-29,82.7,2.0065999999999997,12.8,106.2,1010.2,52.0,6.4,159.6,13.9,21369,63748,1,32.0,24.0,27.6,37.9,24.0,30.1,24.2
Chaguanas,2022-10-30,86.5,56.007,12.8,114.7,1010.7,52.0,6.4,123.4,10.8,21381,63729,1,29.0,23.0,25.7,33.6,23.0,26.8,23.2
Chaguanas,2022-10-31,81.8,4.191,17.2,106.7,1010.7,49.6,6.8,206.3,18.0,21393,63711,1,32.1,24.7,27.6,37.9,24.7,30.0,23.9
Chaguanas,2022-11-01,80.7,0.7111999999999999,12.8,99.4,1011.9,43.2,7.2,201.8,17.4,21407,63694,1,33.0,25.0,27.8,40.6,25.0,30.2,23.9
Chaguanas,2022-11-02,85.6,1.6001999999999998,10.3,108.0,1012.7,47.2,7.1,202.0,17.6,21420,63679,1,31.0,24.0,26.7,36.6,24.0,28.4,23.9
Chaguanas,2022-11-03,86.0,2.3114,12.8,105.1,1012.2,53.0,6.6,198.2,17.2,21435,63664,1,32.0,24.9,26.3,37.9,24.9,27.5,23.7
Chaguanas,2022-11-04,89.1,5.206999999999999,6.9,138.4,1011.9,45.4,6.4,163.5,14.2,21450,63650,1,28.0,24.0,25.4,31.9,24.0,26.2,23.4
Chaguanas,2022-11-05,79.9,0.7111999999999999,11.4,230.6,1010.5,40.6,7.2,170.4,14.8,21466,63637,1,32.0,23.0,26.6,37.9,23.0,28.3,22.5
Chaguanas,2022-11-06,80.2,0.0,11.4,101.1,1011.2,36.7,6.6,228.3,19.9,21483,63625,0,32.0,23.0,27.2,37.9,23.0,29.7,23.3
Chaguanas,2022-11-07,79.6,0.0,11.4,111.9,1011.5,44.7,7.0,249.5,21.7,21500,63615,0,32.0,25.0,27.8,37.9,25.0,30.2,23.7
Chaguanas,2022-11-08,89.6,0.2032,8.1,90.3,1011.4,58.7,6.3,165.3,14.5,21518,63605,1,30.0,24.0,25.8,36.2,24.0,27.0,23.9
Chaguanas,2022-11-09,85.6,18.1102,9.2,107.2,1010.8,61.2,6.7,165.9,14.2,21537,63596,1,30.0,23.2,26.6,35.1,23.2,28.4,23.9
Chaguanas,2022-11-10,88.5,17.8054,11.4,100.2,1011.3,46.7,7.0,144.2,12.5,21556,63588,1,29.0,23.0,25.3,32.8,23.0,26.0,23.2
Chaguanas,2022-11-11,81.0,0.889,6.9,110.3,1011.2,43.9,7.7,195.2,16.9,21576,63582,1,31.0,23.8,26.8,36.6,23.8,28.8,23.1
Chaguanas,2022-11-12,81.1,7.010400000000001,12.8,108.6,1010.7,42.9,7.1,221.5,19.2,21597,63576,1,32.0,23.8,27.1,36.8,23.8,28.9,23.3
Chaguanas,2022-11-13,81.9,0.0,13.9,121.0,1010.4,43.8,7.1,231.0,19.9,21618,63572,0,32.0,23.8,27.2,36.9,23.8,29.6,23.7
Chaguanas,2022-11-14,84.8,8.001,16.1,114.0,1011.1,56.7,5.9,209.6,18.2,21640,63568,1,32.0,24.9,26.8,39.2,24.9,28.8,23.9
Chaguanas,2022-11-15,84.3,13.0048,11.4,113.4,1011.8,50.1,6.1,189.2,16.5,21662,63566,1,31.2,24.0,26.8,36.6,24.0,28.7,23.8
Chaguanas,2022-11-16,85.6,0.2032,20.8,107.6,1012.4,48.6,6.8,210.1,18.3,21685,63565,1,31.0,24.0,26.3,35.3,24.0,27.8,23.6
Chaguanas,2022-11-17,91.4,21.005799999999997,16.1,111.3,1011.6,52.7,6.1,176.0,15.2,21709,63565,1,29.0,23.2,24.8,33.6,23.2,25.2,23.2
Chaguanas,2022-11-18,92.8,59.9948,13.9,119.2,1011.2,62.9,6.4,201.4,17.5,21733,63566,1,27.1,23.0,24.8,30.3,23.0,25.1,23.6
Chaguanas,2022-11-19,87.0,0.9905999999999999,16.1,107.6,1011.8,50.4,6.5,227.2,19.7,21758,63568,1,30.0,23.0,25.7,35.1,23.0,26.7,23.2
Chaguanas,2022-11-20,83.8,7.086600000000001,13.9,99.3,1010.4,41.7,6.3,208.4,18.1,21784,63571,1,30.0,24.0,26.1,34.2,24.0,27.4,23.1
Chaguanas,2022-11-21,89.5,54.7878,13.9,126.1,1011.0,57.6,6.3,217.7,18.7,21810,63575,1,29.1,22.7,24.1,34.6,22.7,24.5,22.2
Chaguanas,2022-11-22,90.0,13.9954,20.8,91.1,1010.7,48.0,6.3,194.7,16.8,21837,63581,1,28.0,23.0,24.6,31.3,23.0,25.0,22.8
Chaguanas,2022-11-23,90.2,59.69,16.1,108.2,1010.6,57.1,6.7,184.6,16.2,21864,63587,1,28.0,23.0,24.6,31.3,23.0,25.1,22.8
Chaguanas,2022-11-24,92.2,0.508,10.3,102.1,1011.0,48.6,6.8,112.2,9.5,21891,63594,1,26.0,22.8,24.3,26.0,22.8,24.3,22.9
Chaguanas,2022-11-25,88.5,8.407399999999999,6.9,118.7,1011.4,43.2,7.0,133.5,11.5,21919,63603,1,30.0,23.7,25.9,36.2,23.7,27.4,23.8
Chaguanas,2022-11-26,92.8,58.29299999999999,4.7,114.7,1011.8,54.4,5.8,112.0,9.6,21948,63612,1,28.0,23.0,24.8,31.9,23.0,25.1,23.5
Chaguanas,2022-11-27,95.2,47.675799999999995,10.3,107.0,1011.6,63.2,5.9,119.6,10.3,21977,63623,1,25.0,24.0,24.2,25.0,24.0,24.2,23.4
Chaguanas,2022-11-28,92.0,31.775399999999994,12.8,111.7,1010.2,67.3,5.7,78.8,6.9,22006,63634,1,28.0,23.9,24.7,31.9,23.9,25.0,23.3
Chaguanas,2022-11-29,78.3,0.0,12.8,104.6,1009.2,40.3,7.2,214.8,18.5,22036,63647,0,31.0,22.9,26.2,33.1,22.9,27.0,21.6
Chaguanas,2022-11-30,75.8,0.0,11.4,115.0,1009.0,34.0,7.4,216.9,18.7,22066,63661,0,31.0,23.0,26.4,33.3,23.0,27.5,21.5
Chaguanas,2022-12-01,77.9,0.0,11.4,102.2,1009.4,42.8,6.9,206.8,17.8,22096,63675,0,31.0,21.9,25.9,34.1,21.9,27.0,21.4
Chaguanas,2022-12-02,79.9,0.0,17.2,111.0,1009.7,41.2,6.9,199.0,17.1,22127,63691,0,30.7,23.0,26.2,35.0,23.0,27.6,22.3
Chaguanas,2022-12-03,87.7,6.2992,16.1,95.0,1010.5,67.1,6.1,179.1,15.4,22157,63707,1,29.1,23.0,24.9,32.8,23.0,25.9,22.6
Chaguanas,2022-12-04,84.9,0.0,9.2,132.3,1009.1,43.8,7.1,172.9,15.0,22189,63725,0,29.2,22.0,25.1,31.6,22.0,25.8,22.2
Chaguanas,2022-12-05,74.9,0.0,9.2,354.1,1009.5,49.3,7.0,197.1,17.0,22220,63743,0,31.0,21.9,26.3,33.8,21.9,27.3,21.1
Chaguanas,2022-12-06,68.2,0.0,11.4,4.6,1011.1,32.1,7.6,213.2,18.5,22251,63762,0,32.0,21.9,26.8,32.9,21.9,27.2,19.7
Chaguanas,2022-12-07,76.8,0.0,5.8,38.1,1011.9,40.6,7.4,139.9,12.2,22283,63782,0,30.2,21.0,25.5,33.3,21.0,26.7,20.8
Chaguanas,2022-12-08,70.9,0.0,9.2,4.0,1011.2,36.5,6.8,118.6,10.4,22315,63803,0,31.0,23.0,26.4,31.9,23.0,27.1,20.2
Chaguanas,2022-12-09,75.3,0.0,8.1,71.6,1011.4,50.1,7.1,224.0,19.2,22347,63825,0,29.0,21.9,25.2,30.8,21.9,25.9,20.3
Chaguanas,2022-12-10,75.6,0.0,6.9,52.3,1012.1,43.0,7.8,223.0,19.3,22378,63848,0,30.2,20.0,25.3,32.1,20.0,26.1,20.3
Chaguanas,2022-12-11,76.9,0.0,9.2,34.8,1012.7,53.8,7.1,206.9,18.0,22410,63871,0,30.0,22.0,25.6,31.8,22.0,26.3,20.8
Chaguanas,2022-12-12,75.1,0.0,8.1,37.4,1012.2,51.9,7.2,189.4,16.2,22442,63895,0,30.0,23.9,26.4,32.6,23.9,27.4,21.4
Chaguanas,2022-12-13,86.8,13.182599999999999,11.4,110.5,1011.9,59.5,6.9,95.4,8.3,22474,63920,1,28.0,23.0,25.5,31.9,23.0,26.4,23.1
Chaguanas,2022-12-14,85.0,1.4986,13.9,105.0,1012.6,51.9,6.3,172.9,15.1,22506,63945,1,30.1,23.8,25.8,35.1,23.8,27.1,23.0
Chaguanas,2022-12-15,82.1,1.4986,20.8,110.7,1012.7,49.9,6.4,222.0,19.1,22537,63972,1,31.0,23.9,26.5,35.5,23.9,28.2,23.1
Chaguanas,2022-12-16,72.8,3.2003999999999997,17.2,103.9,1011.6,26.3,6.9,234.2,20.2,22569,63998,1,31.0,23.0,26.8,33.3,23.0,27.7,21.1
Chaguanas,2022-12-17,72.2,0.0,15.0,96.0,1010.7,35.1,6.5,232.4,20.0,22600,64026,0,30.8,23.0,26.8,33.5,23.0,27.7,21.2
Chaguanas,2022-12-18,72.0,0.0,21.9,96.0,1011.9,42.1,6.6,186.9,16.2,22631,64054,0,31.0,25.0,27.2,33.8,25.0,28.4,21.6
Chaguanas,2022-12-19,79.7,0.9905999999999999,17.2,90.5,1013.6,48.8,6.5,183.2,15.8,22662,64082,1,30.0,23.0,25.7,33.3,23.0,26.7,21.7
Chaguanas,2022-12-20,76.1,0.3048,15.0,105.5,1013.5,33.9,6.8,233.6,20.2,22692,64111,1,31.0,22.9,26.3,33.1,22.9,27.2,21.4
Chaguanas,2022-12-21,78.2,0.508,18.3,102.0,1013.1,49.3,6.7,216.2,18.7,22722,64141,1,31.0,22.2,26.1,34.6,22.2,27.1,21.6
Chaguanas,2022-12-22,75.4,0.0,16.1,105.2,1014.1,41.3,7.1,248.3,21.6,22752,64171,0,31.0,23.0,26.2,31.9,23.0,26.8,21.1
Chaguanas,2022-12-23,73.6,0.6096,15.0,110.5,1014.2,28.5,7.4,238.4,20.6,22781,64201,1,30.0,22.0,25.7,31.9,22.0,26.3,20.2
Chaguanas,2022-12-24,75.5,0.9905999999999999,16.1,118.0,1013.6,34.4,6.9,209.7,18.1,22810,64232,1,30.0,21.7,25.3,32.3,21.7,26.1,20.4
Chaguanas,2022-12-25,74.9,0.9905999999999999,20.8,112.3,1012.7,33.6,6.6,222.1,19.3,22839,64263,1,30.0,22.0,25.7,31.9,22.0,26.4,20.6
Chaguanas,2022-12-26,78.1,5.9944,17.2,105.7,1013.1,46.9,6.6,170.5,14.9,22867,64295,1,29.0,24.9,26.2,32.8,24.9,26.9,22.0
Chaguanas,2022-12-27,80.8,2.9972,18.3,105.7,1013.7,39.2,6.3,197.0,17.2,22894,64326,1,29.0,23.8,25.8,33.6,23.8,26.8,22.2
Chaguanas,2022-12-28,75.1,0.0,15.0,110.9,1014.0,28.3,6.8,229.1,19.9,22921,64358,0,30.7,22.0,25.9,32.1,22.0,26.7,20.8
Chaguanas,2022-12-29,79.3,0.508,13.9,114.0,1014.2,38.3,6.7,219.0,19.1,22947,64390,1,30.0,21.9,25.6,32.6,21.9,26.7,21.6
Chaguanas,2022-12-30,77.8,0.0,17.2,124.2,1013.1,36.6,6.9,203.2,17.5,22973,64423,0,31.0,23.0,26.6,33.8,23.0,27.9,22.1
Chaguanas,2022-12-31,76.2,0.6096,16.1,99.4,1013.0,38.7,7.0,199.4,17.4,22998,64455,1,30.1,24.0,26.6,33.3,24.0,27.9,21.9
Chaguanas,2023-01-01,74.6,0.6096,15.0,107.9,1012.8,40.4,7.0,208.8,18.1,23022,64488,1,30.1,23.9,26.6,33.3,23.9,27.7,21.5
Chaguanas,2023-01-02,76.2,0.0,18.3,109.6,1013.3,35.0,6.8,207.4,17.9,23046,64520,0,30.8,22.0,26.2,33.5,22.0,27.2,21.4
Chaguanas,2023-01-03,75.1,0.0,16.1,103.1,1013.2,44.6,6.6,218.4,18.8,23069,64553,0,30.0,23.0,25.8,32.6,23.0,26.7,20.9
Chaguanas,2023-01-04,79.0,0.0,13.9,95.7,1013.7,46.0,6.6,153.9,13.2,23091,64586,0,30.2,22.9,25.4,33.4,22.9,26.2,21.4
Chaguanas,2023-01-05,83.6,8.6106,17.2,109.3,1013.8,48.6,6.6,168.8,14.6,23113,64618,1,29.2,23.9,25.7,32.8,23.9,26.7,22.7
Chaguanas,2023-01-06,75.0,0.0,17.2,105.8,1013.5,40.1,6.9,213.1,18.4,23133,64651,0,31.0,24.0,26.7,33.8,24.0,27.7,21.6
Chaguanas,2023-01-07,87.0,4.5973999999999995,13.9,114.1,1014.0,49.8,5.1,131.6,11.2,23153,64683,1,28.0,22.8,25.0,31.3,22.8,25.4,22.7
Chaguanas,2023-01-08,82.0,0.3048,12.8,113.1,1014.7,44.1,4.9,147.8,12.6,23172,64716,1,30.0,24.0,26.1,33.3,24.0,27.2,22.6
Chaguanas,2023-01-09,82.3,0.1016,12.8,114.5,1014.1,39.4,6.3,200.5,17.3,23190,64748,1,30.0,23.0,25.3,32.8,23.0,25.9,21.8
Chaguanas,2023-01-10,82.8,1.6001999999999998,11.4,119.2,1013.5,39.1,6.4,220.7,19.2,23207,64780,1,29.7,22.0,25.3,32.7,22.0,26.3,22.1
Chaguanas,2023-01-11,81.3,0.508,13.9,118.8,1014.3,39.9,6.5,212.1,18.3,23223,64812,1,30.2,22.9,25.9,33.6,22.9,26.9,22.2
Chaguanas,2023-01-12,76.3,17.195800000000002,18.3,107.0,1014.1,36.1,6.6,242.2,20.9,23238,64843,1,31.0,23.0,26.3,34.6,23.0,27.4,21.6
Chaguanas,2023-01-13,74.2,0.0,15.0,107.7,1012.8,27.4,7.0,223.6,19.3,23253,64875,0,31.0,21.9,25.9,33.1,21.9,26.7,20.6
Chaguanas,2023-01-14,77.8,0.0,11.4,121.0,1013.2,43.6,6.8,233.9,20.1,23266,64906,0,31.0,21.8,25.9,33.8,21.8,26.9,21.4
Chaguanas,2023-01-15,77.2,0.0,11.4,114.3,1013.5,35.4,6.3,238.9,20.7,23279,64936,0,30.1,23.0,26.1,33.6,23.0,27.0,21.5
Chaguanas,2023-01-16,76.5,0.0,11.4,116.0,1012.9,31.9,6.7,240.4,20.8,23290,64967,0,30.9,22.0,25.8,32.6,22.0,26.5,20.9
Chaguanas,2023-01-17,74.0,0.0,13.9,112.1,1012.4,38.4,7.3,228.7,19.8,23301,64996,0,31.0,22.0,25.9,33.8,22.0,26.7,20.6
Chaguanas,2023-01-18,72.2,0.0,18.3,108.2,1013.9,38.0,7.1,238.1,20.5,23310,65026,0,31.0,22.8,26.1,32.4,22.8,26.7,20.3
Chaguanas,2023-01-19,81.7,2.0065999999999997,20.8,102.3,1014.7,47.6,6.3,219.0,19.0,23318,65055,1,29.0,22.0,24.6,31.4,22.0,25.2,21.2
Chaguanas,2023-01-20,81.4,13.97,16.1,97.6,1014.8,57.3,6.9,190.3,16.3,23326,65084,1,28.0,22.0,24.3,30.7,22.0,24.7,20.8
Chaguanas,2023-01-21,69.1,0.0,20.8,104.6,1014.3,40.6,7.2,217.6,18.8,23332,65112,0,29.0,22.9,25.6,30.3,22.9,26.1,19.2
Chaguanas,2023-01-22,78.1,0.0,18.3,105.8,1013.6,50.9,7.1,189.1,16.3,23338,65140,0,29.2,22.0,25.5,32.1,22.0,26.4,21.3
Chaguanas,2023-01-23,79.3,0.6096,19.7,105.5,1014.8,61.6,5.8,235.6,20.5,23342,65167,1,30.0,24.0,26.1,32.6,24.0,26.9,22.1
Chaguanas,2023-01-24,73.7,0.0,16.1,100.1,1014.6,49.5,6.8,233.8,20.1,23345,65194,0,31.0,22.0,25.6,32.4,22.0,26.2,20.2
Chaguanas,2023-01-25,73.9,0.0,17.2,102.3,1013.7,40.8,7.3,219.0,18.8,23347,65220,0,30.0,21.8,25.4,31.9,21.8,26.1,20.2
Chaguanas,2023-01-26,76.7,0.508,15.0,100.4,1013.2,47.3,6.7,207.2,17.9,23349,65245,1,29.2,21.0,24.6,31.1,21.0,25.0,19.9
Chaguanas,2023-01-27,66.9,0.0,12.8,97.7,1013.3,37.4,7.5,220.2,19.0,23349,65270,0,30.1,20.0,24.8,30.2,20.0,25.1,17.9
Chaguanas,2023-01-28,69.9,0.0,15.0,110.7,1013.6,34.1,6.9,267.9,23.1,23348,65295,0,31.0,19.0,24.6,31.0,19.0,24.7,18.1
Chaguanas,2023-01-29,73.6,0.0,11.4,102.2,1013.8,59.5,7.2,213.7,18.5,23346,65319,0,29.0,20.8,24.4,29.9,20.8,24.8,19.2
Chaguanas,2023-01-30,76.7,0.6096,15.0,83.1,1013.3,55.7,7.2,209.4,18.1,23343,65342,1,27.8,19.0,23.1,28.7,19.0,23.2,18.5
Chaguanas,2023-01-31,77.1,0.0,8.1,81.2,1013.3,51.3,7.7,225.4,19.4,23339,65365,0,30.0,19.0,23.8,31.3,19.0,24.2,19.2
Chaguanas,2023-02-01,74.0,0.1016,13.9,84.7,1014.2,37.5,7.4,248.1,21.5,23334,65387,1,29.1,19.0,24.3,30.3,19.0,24.7,19.0
Chaguanas,2023-02-02,70.8,0.0,12.8,101.4,1015.0,40.1,7.4,244.6,21.0,23328,65408,0,31.0,20.0,25.3,32.4,20.0,26.0,19.4
Chaguanas,2023-02-03,66.2,0.0,17.2,103.3,1014.8,37.1,7.7,232.8,20.2,23320,65429,0,30.0,22.0,26.1,30.9,22.0,26.6,19.1
Chaguanas,2023-02-04,77.9,3.9115999999999995,18.3,100.5,1015.9,47.9,6.0,191.8,16.5,23312,65449,1,30.0,23.0,26.1,32.6,23.0,26.9,21.8
Chaguanas,2023-02-05,75.5,0.4064,20.8,93.8,1015.9,41.9,6.5,237.9,20.5,23303,65469,1,30.0,23.9,26.1,32.6,23.9,26.8,21.2
Chaguanas,2023-02-06,76.0,0.0,18.3,100.6,1014.3,39.2,6.5,199.6,17.1,23293,65488,0,29.0,23.1,25.8,31.4,23.1,26.6,21.1
Chaguanas,2023-02-07,81.7,1.016,17.2,96.7,1013.5,61.4,6.2,195.9,17.0,23282,65506,1,30.0,23.0,25.4,33.3,23.0,26.3,21.9
Chaguanas,2023-02-08,78.5,0.508,16.1,94.8,1013.0,46.6,6.5,247.3,21.3,23270,65523,1,30.0,23.0,25.9,32.7,23.0,26.9,21.6
Chaguanas,2023-02-09,74.8,0.0,18.3,95.9,1013.2,39.7,6.7,243.6,21.0,23257,65540,0,31.0,23.0,26.1,33.1,23.0,26.8,21.0
Chaguanas,2023-02-10,75.5,2.7178,19.7,97.0,1013.5,34.7,6.5,245.2,21.1,23243,65557,1,30.0,22.9,25.6,32.1,22.9,26.3,20.7
Chaguanas,2023-02-11,80.7,3.7083999999999997,23.0,90.6,1013.1,47.4,6.1,236.9,20.4,23228,65572,1,28.1,22.0,24.7,30.7,22.0,25.3,21.1
Chaguanas,2023-02-12,82.3,7.696199999999999,19.7,103.7,1012.4,58.5,6.2,233.0,20.1,23212,65587,1,29.0,22.0,24.6,31.4,22.0,25.1,21.2
Chaguanas,2023-02-13,81.1,2.9972,23.0,99.1,1012.1,55.3,6.0,208.0,17.9,23195,65602,1,30.0,22.8,25.3,32.6,22.8,26.1,21.7
Chaguanas,2023-02-14,86.9,2.5146,18.3,98.2,1012.6,63.5,6.1,216.9,18.9,23178,65616,1,28.0,23.0,25.2,31.3,23.0,26.0,22.8
Chaguanas,2023-02-15,76.5,0.7874,17.2,101.6,1013.3,51.5,6.8,246.3,21.3,23159,65629,1,30.1,23.9,26.1,33.3,23.9,27.2,21.5
Chaguanas,2023-02-16,65.9,0.0,17.2,87.7,1012.6,35.7,7.2,256.8,22.2,23140,65641,0,30.0,23.8,26.2,30.8,23.8,26.3,18.7
Chaguanas,2023-02-17,69.9,0.4064,20.8,97.8,1012.7,35.4,7.1,265.9,23.0,23120,65653,1,30.0,21.2,25.7,30.9,21.2,26.2,19.4
Chaguanas,2023-02-18,62.9,0.0,20.8,100.0,1013.6,21.9,8.1,292.5,25.3,23099,65665,0,30.0,21.8,25.7,30.1,21.8,25.7,17.4
Chaguanas,2023-02-19,83.6,4.9784,17.2,98.4,1014.0,45.7,6.8,231.0,20.1,23077,65676,1,27.8,20.0,23.3,29.1,20.0,23.4,20.2
Chaguanas,2023-02-20,67.0,0.0,12.8,76.7,1013.2,38.1,7.7,258.9,22.4,23054,65686,0,29.0,21.1,25.1,29.5,21.1,25.3,18.1
Chaguanas,2023-02-21,69.8,0.0,13.9,101.2,1013.8,31.1,8.2,245.1,21.1,23031,65695,0,30.0,19.0,24.6,30.8,19.0,24.9,18.2
Chaguanas,2023-02-22,73.4,0.3048,20.8,100.2,1015.8,41.4,6.9,226.4,19.6,23007,65705,1,30.0,21.0,24.7,30.4,21.0,24.9,19.2
Chaguanas,2023-02-23,69.6,0.0,13.9,72.7,1016.1,37.1,7.3,288.1,24.8,22982,65713,0,30.1,19.9,25.0,30.5,19.9,25.2,18.3
Chaguanas,2023-02-24,67.7,0.0,12.8,93.6,1015.4,37.7,8.1,266.6,23.1,22957,65721,0,30.0,21.0,25.6,30.6,21.0,25.9,18.7
Chaguanas,2023-02-25,71.3,0.0,13.9,102.0,1014.8,45.4,7.3,265.0,23.0,22931,65729,0,29.0,20.0,24.8,30.3,20.0,25.2,18.8
Chaguanas,2023-02-26,69.1,0.0,13.9,109.2,1013.8,33.1,7.2,291.6,25.2,22904,65736,0,30.2,21.0,25.7,30.8,21.0,26.1,19.1
Chaguanas,2023-02-27,73.1,0.0,15.0,108.8,1014.1,43.1,6.9,250.9,21.7,22876,65742,0,31.0,21.8,25.9,33.1,21.8,26.6,20.3
Chaguanas,2023-02-28,70.4,0.0,16.1,105.5,1014.6,26.0,6.6,257.6,22.4,22848,65748,0,31.0,22.8,26.4,32.4,22.8,27.1,20.2
Chaguanas,2023-03-01,69.4,0.0,13.9,103.3,1014.4,40.1,6.7,255.3,21.9,22820,65754,0,31.0,23.0,26.8,33.8,23.0,27.8,20.5
Chaguanas,2023-03-02,71.4,0.0,16.1,95.3,1013.2,34.3,6.3,259.7,22.5,22791,65759,0,31.0,22.7,26.4,33.1,22.7,27.2,20.5
Chaguanas,2023-03-03,69.2,0.0,17.2,109.3,1012.9,28.8,6.4,281.2,24.1,22761,65764,0,31.1,22.9,26.6,32.5,22.9,27.2,20.1
Chaguanas,2023-03-04,71.4,0.0,20.8,99.9,1013.4,39.8,6.4,256.3,22.0,22731,65768,0,31.0,23.0,26.5,31.9,23.0,27.1,20.6
Chaguanas,2023-03-05,76.4,2.0065999999999997,17.2,105.1,1013.4,43.0,6.3,271.3,23.4,22700,65772,1,30.0,23.0,26.0,32.6,23.0,26.9,21.4
Chaguanas,2023-03-06,73.5,0.0,17.2,105.7,1013.2,33.0,6.6,280.5,24.4,22669,65776,0,31.0,22.0,26.1,33.1,22.0,26.9,20.6
Chaguanas,2023-03-07,75.9,0.0,17.2,102.8,1012.5,46.1,6.6,249.9,21.6,22637,65779,0,30.1,22.0,25.9,32.7,22.0,26.9,21.1
Chaguanas,2023-03-08,73.2,0.0,12.8,113.6,1012.1,42.5,6.3,246.6,21.3,22605,65782,0,31.0,24.0,26.8,32.6,24.0,27.6,21.3
Chaguanas,2023-03-09,74.4,0.0,13.9,112.9,1012.1,49.3,6.3,265.7,22.9,22572,65784,0,31.0,23.0,26.7,33.8,23.0,27.8,21.4
Chaguanas,2023-03-10,73.2,0.0,13.9,110.0,1012.8,43.5,6.9,231.1,19.8,22539,65786,0,32.0,23.0,27.1,34.2,23.0,28.2,21.4
Chaguanas,2023-03-11,75.2,1.1938,13.9,102.8,1012.9,51.4,6.5,230.0,20.0,22506,65788,1,31.0,24.0,26.9,33.1,24.0,27.9,21.8
Chaguanas,2023-03-12,70.9,0.0,17.2,110.8,1014.4,38.9,6.8,246.4,21.2,22473,65790,0,31.0,23.9,26.8,32.4,23.9,27.7,20.7
Chaguanas,2023-03-13,68.0,0.0,15.0,100.2,1015.1,36.9,6.9,262.6,22.7,22439,65791,0,31.1,24.0,26.8,32.4,24.0,27.6,20.1
Chaguanas,2023-03-14,68.6,0.0,17.2,98.1,1015.4,39.8,6.7,280.1,24.2,22405,65792,0,31.0,22.0,26.4,32.4,22.0,26.9,19.8
Chaguanas,2023-03-15,68.5,0.0,17.2,104.3,1013.8,36.3,6.6,276.1,23.7,22370,65793,0,31.8,21.0,26.2,32.5,21.0,26.7,19.3
Chaguanas,2023-03-16,68.6,0.0,18.3,106.1,1013.1,36.7,6.8,282.0,24.3,22336,65794,0,31.2,22.0,26.6,32.2,22.0,27.3,19.9
Chaguanas,2023-03-17,67.5,0.0,16.1,102.8,1013.3,27.4,6.1,285.7,24.5,22301,65794,0,31.1,23.0,26.6,31.4,23.0,27.0,19.4
Chaguanas,2023-03-18,59.3,0.0,20.8,93.3,1014.4,25.4,6.5,307.0,26.6,22266,65794,0,31.0,20.9,26.2,30.3,20.9,26.0,16.7
Chaguanas,2023-03-19,68.4,2.0065999999999997,21.9,99.0,1014.6,40.1,6.5,259.4,22.3,22230,65795,1,31.0,21.9,25.8,32.4,21.9,26.3,19.2
Chaguanas,2023-03-20,71.2,0.3048,18.3,95.2,1015.0,64.2,6.3,233.9,20.3,22195,65795,1,29.2,22.9,25.8,30.8,22.9,26.3,19.9
Chaguanas,2023-03-21,65.5,0.0,18.3,95.5,1014.7,39.0,6.5,271.2,23.4,22160,65794,0,31.0,22.0,26.4,31.9,22.0,26.8,19.0
Chaguanas,2023-03-22,66.3,0.0,162.4,93.4,1013.9,34.9,6.9,291.2,25.2,22124,65794,0,31.8,21.0,26.1,32.1,21.0,26.4,18.8
Chaguanas,2023-03-23,68.7,0.0,12.8,97.2,1013.4,46.1,6.6,263.6,22.9,22088,65794,0,31.0,21.0,25.8,31.7,21.0,26.3,19.1
Chaguanas,2023-03-24,67.9,0.0,11.4,103.6,1012.7,50.0,6.5,283.1,24.4,22053,65794,0,32.0,21.0,26.4,33.2,21.0,26.9,19.4
Chaguanas,2023-03-25,70.7,0.1016,18.3,97.0,1013.3,42.1,7.1,275.4,23.8,22017,65793,1,31.8,20.9,26.2,33.7,20.9,26.9,20.2
Chaguanas,2023-03-26,64.1,0.0,18.3,98.4,1014.5,41.1,6.9,280.0,24.2,21981,65793,0,31.0,23.0,27.0,32.7,23.0,27.5,19.2
Chaguanas,2023-03-27,65.6,0.0,20.8,93.5,1014.4,36.3,6.9,285.7,24.6,21945,65792,0,31.1,21.8,26.8,32.4,21.8,27.4,19.3
Chaguanas,2023-03-28,62.2,0.0,18.3,98.8,1013.8,37.5,7.2,281.6,24.3,21910,65792,0,31.8,23.2,26.9,31.9,23.2,27.2,18.5
Chaguanas,2023-03-29,68.5,0.0,16.1,101.9,1013.4,51.2,6.1,276.7,23.9,21874,65791,0,31.0,21.0,25.8,32.4,21.0,26.4,19.2
Chaguanas,2023-03-30,67.6,2.0065999999999997,18.3,93.7,1013.9,41.1,6.0,239.6,20.7,21838,65791,1,32.0,23.0,27.2,33.5,23.0,28.0,20.2
Chaguanas,2023-03-31,69.4,0.0,19.7,90.2,1014.4,47.9,6.2,152.4,13.3,21803,65790,0,31.0,25.0,26.8,32.4,25.0,27.5,20.6
Chaguanas,2023-04-01,73.4,0.1016,20.8,102.2,1014.3,47.5,6.6,226.5,19.5,21768,65790,1,31.0,25.0,26.8,33.8,25.0,27.7,21.5
Chaguanas,2023-04-02,70.6,0.0,18.3,112.5,1013.9,46.0,6.3,272.0,23.6,21732,65790,0,31.0,25.0,27.3,33.1,25.0,28.4,21.3
Chaguanas,2023-04-03,65.5,0.0,17.2,109.5,1013.0,41.0,6.5,291.1,25.1,21697,65790,0,32.6,25.0,27.6,33.6,25.0,28.3,20.2
Chaguanas,2023-04-04,68.0,0.0,16.1,105.7,1012.1,32.5,5.3,271.0,23.4,21663,65790,0,32.0,24.0,27.5,33.5,24.0,28.5,20.7
Chaguanas,2023-04-05,71.7,0.9905999999999999,17.2,108.0,1011.8,47.3,6.1,263.4,22.7,21628,65790,1,31.1,24.0,27.1,33.1,24.0,28.0,21.1
Chaguanas,2023-04-06,68.0,0.0,18.3,110.2,1011.6,35.4,6.0,293.5,25.2,21594,65790,0,32.0,24.0,27.2,33.5,24.0,27.9,20.3
Chaguanas,2023-04-07,68.0,0.0,18.3,106.7,1012.3,44.7,5.0,277.2,23.9,21560,65791,0,32.0,24.0,27.3,32.9,24.0,27.9,20.4
Chaguanas,2023-04-08,74.3,0.508,17.2,99.6,1013.4,51.2,5.6,247.7,21.3,21526,65791,1,31.0,23.2,26.2,34.1,23.2,27.0,20.9
Chaguanas,2023-04-09,76.3,0.6096,16.1,99.3,1013.8,47.3,6.6,179.7,15.6,21492,65792,1,31.0,23.0,26.6,34.6,23.0,27.7,21.7
Chaguanas,2023-04-10,73.3,0.0,16.1,112.6,1013.4,49.7,7.0,210.5,18.2,21459,65793,0,31.2,24.0,27.2,34.1,24.0,28.4,21.7
Chaguanas,2023-04-11,70.7,0.0,16.1,105.7,1012.2,38.9,6.8,257.7,22.2,21426,65794,0,32.0,24.0,27.6,34.9,24.0,28.9,21.4
Chaguanas,2023-04-12,64.0,0.0,17.2,101.0,1011.6,30.8,6.7,310.9,26.8,21394,65795,0,32.0,23.0,27.4,32.9,23.0,27.9,19.4
Chaguanas,2023-04-13,63.8,0.0,15.0,98.6,1010.7,50.7,6.1,292.9,25.2,21361,65797,0,33.0,22.1,27.3,34.0,22.1,27.9,19.3
Chaguanas,2023-04-14,69.8,0.0,17.2,106.9,1011.2,40.3,6.0,270.8,23.4,21330,65799,0,32.2,23.0,27.3,35.1,23.0,28.6,21.1
Chaguanas,2023-04-15,65.5,0.0,19.7,102.3,1012.6,48.2,7.2,213.0,18.3,21298,65801,0,31.0,24.9,27.7,32.8,24.9,28.7,20.4
Chaguanas,2023-04-16,64.4,0.0,18.3,96.1,1012.5,43.6,6.6,264.8,22.8,21267,65803,0,32.0,24.8,27.7,32.9,24.8,28.6,20.1
Chaguanas,2023-04-17,67.1,0.0,18.3,94.3,1011.2,47.2,6.3,255.3,22.0,21237,65806,0,32.0,22.9,27.4,34.2,22.9,28.4,20.4
Chaguanas,2023-04-18,63.2,0.0,17.2,101.6,1011.2,42.0,6.2,294.5,25.4,21207,65809,0,32.0,22.9,27.6,33.2,22.9,28.2,19.4
Chaguanas,2023-04-19,66.0,0.0,17.2,109.1,1012.3,38.9,6.2,277.6,24.1,21178,65812,0,33.0,24.0,27.9,34.6,24.0,29.2,20.6
Chaguanas,2023-04-20,70.6,0.0,20.8,106.4,1012.3,48.5,6.0,236.2,20.4,21149,65816,0,32.0,25.0,28.2,34.9,25.0,30.2,22.1
Chaguanas,2023-04-21,71.1,0.0,20.8,107.5,1010.7,50.1,5.6,170.1,14.7,21120,65820,0,32.0,26.1,28.2,34.9,26.1,30.7,22.3
Chaguanas,2023-04-22,74.0,0.0,16.1,108.1,1009.1,50.0,5.8,183.3,15.9,21092,65824,0,31.0,25.8,27.9,34.6,25.8,30.1,22.7
Chaguanas,2023-04-23,85.5,6.8072,11.4,113.7,1010.4,59.1,5.9,123.6,10.6,21065,65829,1,28.0,24.8,26.0,31.3,24.8,26.8,23.3
Chaguanas,2023-04-24,86.8,27.000199999999996,11.4,95.1,1010.9,65.8,6.4,198.4,17.2,21038,65834,1,30.0,24.0,25.9,33.6,24.0,26.8,23.4
Chaguanas,2023-04-25,90.8,50.596799999999995,9.2,102.3,1012.7,57.0,5.3,92.0,8.0,21012,65839,1,26.2,23.0,24.7,26.2,23.0,24.7,23.1
Chaguanas,2023-04-26,90.9,51.9938,10.3,103.8,1012.6,60.7,5.9,171.9,14.9,20986,65845,1,28.0,23.0,25.1,31.9,23.0,26.0,23.5
Chaguanas,2023-04-27,89.5,2.3114,13.9,109.9,1012.7,44.3,6.7,160.2,13.7,20961,65851,1,29.0,24.0,26.1,34.6,24.0,27.5,24.1
Chaguanas,2023-04-28,77.3,0.0,11.4,123.5,1012.5,38.3,6.6,254.4,22.0,20937,65857,0,33.0,24.0,27.9,37.1,24.0,30.2,23.2
Chaguanas,2023-04-29,74.5,0.0,15.0,116.7,1013.4,38.4,7.2,282.3,24.4,20913,65864,0,32.1,24.8,27.9,35.6,24.8,29.7,22.6
Chaguanas,2023-04-30,73.8,0.0,15.0,107.2,1014.1,47.1,6.9,291.2,25.2,20890,65871,0,31.1,25.0,27.9,34.6,25.0,30.0,22.6
Chaguanas,2023-05-01,73.4,0.0,15.0,101.8,1013.8,39.5,7.0,299.4,25.8,20868,65878,0,31.1,24.0,27.7,34.2,24.0,29.1,22.1
Chaguanas,2023-05-02,70.5,0.0,13.9,107.6,1013.4,28.5,7.2,308.5,26.6,20846,65886,0,32.0,23.7,27.5,34.2,23.7,28.6,21.2
Chaguanas,2023-05-03,72.4,0.0,15.0,117.3,1012.4,34.7,6.8,297.6,25.7,20826,65894,0,32.0,23.8,27.6,34.5,23.8,29.1,21.8
Chaguanas,2023-05-04,70.8,0.0,17.2,115.7,1014.1,28.2,6.7,305.6,26.5,20805,65903,0,32.0,24.0,27.7,33.9,24.0,28.7,21.4
Chaguanas,2023-05-05,71.8,0.0,17.2,110.5,1014.0,45.7,6.4,271.6,23.5,20786,65912,0,31.0,23.7,27.4,33.8,23.7,28.7,21.6
Chaguanas,2023-05-06,69.7,0.0,17.2,101.4,1013.7,43.6,6.6,276.8,23.9,20767,65921,0,31.0,25.8,27.8,33.8,25.8,29.3,21.6
Chaguanas,2023-05-07,72.3,0.0,16.1,103.3,1013.1,40.9,6.5,274.9,23.8,20749,65931,0,32.0,24.9,28.1,35.8,24.9,30.1,22.4
Chaguanas,2023-05-08,76.4,0.1016,18.3,110.3,1013.1,53.8,6.3,283.2,24.4,20732,65941,1,32.0,25.0,28.1,36.8,25.0,30.8,23.4
Chaguanas,2023-05-09,71.2,0.0,19.7,103.6,1013.9,49.5,6.1,290.8,25.2,20715,65952,0,32.0,26.0,28.2,35.8,26.0,30.4,22.3
Chaguanas,2023-05-10,72.5,0.4064,16.1,107.5,1013.8,37.1,6.6,291.0,25.1,20700,65963,1,31.2,24.9,27.6,34.6,24.9,29.1,21.9
Chaguanas,2023-05-11,73.6,0.0,15.0,111.5,1013.0,35.1,6.7,281.3,24.3,20685,65974,0,32.9,23.8,27.8,52.9,23.8,30.3,22.3
Chaguanas,2023-05-12,72.8,0.0,15.0,102.1,1013.1,42.4,6.1,274.6,23.7,20670,65986,0,31.8,25.8,28.2,34.7,25.8,30.3,22.6
Chaguanas,2023-05-13,72.2,0.0,16.1,106.4,1013.6,43.6,6.5,271.7,23.6,20657,65998,0,32.2,25.0,28.2,35.3,25.0,30.1,22.4
Chaguanas,2023-05-14,72.0,0.0,13.9,95.1,1014.8,48.6,6.6,262.4,22.6,20644,66010,0,32.0,25.0,28.2,34.9,25.0,30.0,22.3
Chaguanas,2023-05-15,72.9,0.0,15.0,110.7,1014.5,47.7,6.7,260.6,22.6,20633,66022,0,32.0,25.9,28.5,35.8,25.9,31.0,22.9
Chaguanas,2023-05-16,75.1,0.0,16.0,112.2,1013.1,38.9,6.6,239.1,20.6,20622,66035,0,32.0,25.9,28.4,37.9,25.9,31.3,23.3
Chaguanas,2023-05-17,72.4,0.0,13.9,107.0,1012.6,38.5,6.5,270.2,23.4,20611,66049,0,32.0,24.8,28.4,36.8,24.8,30.6,22.6
Chaguanas,2023-05-18,74.6,0.0,17.2,114.1,1012.8,44.0,6.8,276.3,23.9,20602,66062,0,33.0,24.0,28.3,37.1,24.0,30.7,23.0
Chaguanas,2023-05-19,73.0,0.0,17.2,113.1,1012.5,45.0,7.1,242.5,20.9,20594,66076,0,32.1,25.8,28.4,36.8,25.8,30.9,23.0
Chaguanas,2023-05-20,77.9,0.9905999999999999,17.2,100.9,1011.3,57.2,6.7,243.0,21.0,20586,66090,1,31.0,26.0,27.8,35.5,26.0,30.4,23.4
Chaguanas,2023-05-21,88.8,5.2832,12.8,110.4,1010.7,58.0,6.3,163.4,14.0,20579,66105,1,29.0,25.0,26.3,33.6,25.0,27.4,24.3
Chaguanas,2023-05-22,89.8,20.9804,7.0,102.2,1011.9,53.8,6.2,59.6,5.0,20573,66119,1,30.0,24.2,25.8,35.1,24.2,26.5,23.9
Chaguanas,2023-05-23,82.8,0.889,9.2,113.8,1011.8,60.8,7.4,204.6,17.6,20567,66134,1,32.0,24.8,27.6,37.9,24.8,30.3,24.2
Chaguanas,2023-05-24,77.9,0.0,12.8,108.8,1010.7,49.4,8.6,231.5,19.9,20563,66150,0,32.7,25.0,28.1,38.5,25.0,30.4,23.6
Chaguanas,2023-05-25,76.8,0.0,12.8,117.5,1010.2,42.5,7.1,232.9,20.0,20559,66165,0,33.0,25.0,28.6,38.1,25.0,31.7,23.8
Chaguanas,2023-05-26,81.6,0.3048,13.9,111.8,1011.9,44.2,7.1,232.3,19.9,20556,66180,1,32.0,25.0,27.9,37.9,25.0,31.1,24.3
Chaguanas,2023-05-27,84.6,4.419599999999999,11.4,119.0,1012.9,54.3,6.3,259.6,22.3,20553,66196,1,31.0,25.0,27.3,36.7,25.0,29.4,24.3
Chaguanas,2023-05-28,90.9,50.291999999999994,10.3,112.6,1012.9,67.1,4.9,228.7,19.9,20552,66212,1,27.8,24.8,25.9,32.9,24.8,26.8,24.3
Chaguanas,2023-05-29,87.9,22.1234,11.4,96.3,1011.8,62.3,5.9,223.9,19.4,20551,66228,1,29.7,24.9,26.3,34.6,24.9,27.4,24.1
Chaguanas,2023-05-30,81.5,8.001,11.4,101.8,1012.0,51.5,7.0,251.4,21.7,20551,66244,1,31.0,24.9,27.7,37.8,24.9,31.0,24.1
Chaguanas,2023-05-31,89.0,10.998199999999999,13.9,97.0,1014.1,54.3,6.2,217.8,18.7,20552,66261,1,28.8,25.0,26.2,34.1,25.0,27.3,24.2
Chaguanas,2023-06-01,86.0,8.0772,16.1,114.4,1013.1,48.2,6.7,252.9,21.6,20554,66277,1,31.1,25.0,27.2,37.5,25.0,29.6,24.5
Chaguanas,2023-06-02,91.0,0.2032,13.9,103.2,1011.8,52.1,6.4,158.3,13.8,20556,66293,1,30.1,24.1,26.1,37.6,24.1,27.2,24.4
Chaguanas,2023-06-03,87.4,8.001,11.4,104.8,1012.1,46.2,7.1,214.4,18.6,20559,66310,1,30.0,24.8,26.7,36.2,24.8,28.9,24.4
Chaguanas,2023-06-04,89.5,13.9954,11.4,119.8,1012.6,49.7,6.2,243.0,20.9,20562,66326,1,30.0,25.0,26.9,37.5,25.0,29.6,24.9
Chaguanas,2023-06-05,81.1,0.9905999999999999,11.4,120.4,1013.2,46.3,7.5,257.9,22.4,20567,66343,1,32.0,25.0,28.3,39.2,25.0,31.4,24.4
Chaguanas,2023-06-06,79.5,0.2032,13.9,113.7,1013.6,45.8,7.5,263.7,22.8,20572,66359,1,32.0,25.0,28.1,37.9,25.0,30.5,23.9
Chaguanas,2023-06-07,77.7,0.0,19.7,106.8,1013.8,41.2,6.9,258.2,22.3,20577,66376,0,32.2,24.2,28.4,39.2,24.2,31.7,23.9
Chaguanas,2023-06-08,76.6,4.699,23.0,109.6,1014.2,44.8,6.3,276.7,23.9,20584,66392,1,32.0,25.0,28.5,37.8,25.0,31.8,23.8
Chaguanas,2023-06-09,78.3,2.0065999999999997,15.0,109.7,1014.4,53.2,6.4,247.7,21.4,20591,66408,1,32.7,25.0,28.6,37.7,25.0,32.1,24.2
Chaguanas,2023-06-10,82.5,7.492999999999999,17.2,102.6,1013.8,43.5,6.8,253.9,21.9,20598,66424,1,32.0,24.9,27.7,37.9,24.9,29.9,24.1
Chaguanas,2023-06-11,85.7,14.808199999999998,12.8,118.3,1013.6,50.0,6.0,206.4,17.8,20606,66440,1,32.0,24.9,27.3,37.9,24.9,29.7,24.6
Chaguanas,2023-06-12,93.0,39.9034,11.4,101.4,1013.6,50.7,6.0,189.3,16.5,20615,66456,1,28.7,24.0,25.6,34.1,24.0,26.2,24.4
Chaguanas,2023-06-13,83.5,5.0038,16.1,112.3,1013.3,40.0,6.7,248.7,21.3,20624,66471,1,31.0,25.0,27.6,37.2,25.0,30.7,24.4
Chaguanas,2023-06-14,85.6,10.7188,15.0,107.0,1013.5,44.5,6.3,214.2,18.4,20634,66487,1,31.0,25.0,27.0,37.5,25.0,29.2,24.3
Chaguanas,2023-06-15,79.3,0.3048,21.9,109.0,1013.6,56.1,6.7,224.2,19.3,20644,66502,1,32.0,25.0,28.3,37.6,25.0,31.4,24.1
Chaguanas,2023-06-16,76.6,0.1016,18.3,101.6,1014.5,46.5,6.4,232.4,20.0,20655,66517,1,32.0,26.0,28.6,37.9,26.0,32.3,23.9
Chaguanas,2023-06-17,80.3,5.0038,12.8,115.3,1014.5,44.1,6.6,243.3,20.9,20666,66531,1,32.0,25.0,27.6,36.8,25.0,29.9,23.7
Chaguanas,2023-06-18,80.3,1.2953999999999999,13.9,107.7,1014.9,43.5,7.1,201.9,17.6,20678,66545,1,31.0,24.7,27.5,36.6,24.7,30.0,23.7
Chaguanas,2023-06-19,77.2,0.0,11.4,115.0,1014.9,50.1,7.1,215.1,18.5,20690,66559,0,32.0,24.0,27.7,36.8,24.0,29.8,23.0
Chaguanas,2023-06-20,84.5,7.010400000000001,17.2,123.0,1013.5,42.5,7.0,258.7,22.2,20702,66573,1,30.0,23.0,26.4,35.1,23.0,28.4,23.5
Chaguanas,2023-06-21,83.2,0.9905999999999999,12.8,109.8,1011.9,47.2,7.2,228.4,19.7,20715,66586,1,32.0,24.0,27.8,37.9,24.0,31.2,24.4
Chaguanas,2023-06-22,82.9,0.508,8.1,89.8,1011.4,65.5,7.7,224.9,19.4,20728,66599,1,32.7,25.8,27.6,38.5,25.8,29.9,24.3
Chaguanas,2023-06-23,89.5,18.9992,17.2,102.6,1012.2,61.4,6.5,191.0,16.5,20741,66611,1,29.0,24.0,25.8,32.8,24.0,26.4,23.9
Chaguanas,2023-06-24,78.4,0.0,11.4,109.6,1012.6,38.1,6.6,245.8,21.2,20755,66623,0,32.0,25.0,28.1,36.5,25.0,30.5,23.7
Chaguanas,2023-06-25,76.6,0.0,12.8,102.5,1012.8,29.2,7.5,256.8,22.1,20769,66634,0,32.0,23.9,27.9,36.3,23.9,30.6,23.1
Chaguanas,2023-06-26,76.2,0.0,9.4,113.4,1012.3,38.2,7.1,262.2,22.8,20783,66645,0,32.0,25.0,28.4,37.9,25.0,31.2,23.6
Chaguanas,2023-06-27,92.4,23.6982,16.1,91.4,1011.9,55.3,6.7,155.1,13.4,20798,66655,1,30.2,24.0,25.6,36.2,24.0,26.2,24.2
Chaguanas,2023-06-28,90.3,3.9878,9.2,113.9,1012.6,46.9,7.1,176.3,15.2,20813,66665,1,30.0,24.0,26.6,37.5,24.0,29.0,24.8
Chaguanas,2023-06-29,81.5,0.4064,15.0,115.4,1013.7,44.4,6.1,262.5,22.6,20828,66674,1,32.0,24.9,28.0,37.8,24.9,30.8,24.2
Chaguanas,2023-06-30,84.7,2.0065999999999997,16.1,114.0,1013.6,51.2,6.5,250.4,21.5,20843,66683,1,31.0,24.8,27.4,36.6,24.8,30.4,24.5
Chaguanas,2023-07-01,83.9,7.188199999999999,11.4,132.7,1012.8,50.2,7.1,215.3,18.5,20858,66691,1,32.0,25.0,28.1,37.9,25.0,31.7,24.9
Chaguanas,2023-07-02,79.8,6.2992,12.8,111.3,1012.3,42.3,6.8,260.0,22.4,20873,66698,1,33.0,25.0,28.4,39.3,25.0,31.7,24.3
Chaguanas,2023-07-03,83.7,18.9992,10.3,104.9,1011.8,47.7,6.5,250.2,21.4,20888,66705,1,32.2,25.0,27.7,38.4,25.0,30.2,24.4
Chaguanas,2023-07-04,89.9,16.002,13.9,111.4,1014.3,49.4,5.8,82.7,7.2,20904,66711,1,29.0,23.8,26.3,35.7,23.8,28.6,24.6
Chaguanas,2023-07-05,75.5,0.0,15.0,107.0,1014.9,41.9,5.3,282.4,24.3,20919,66717,0,33.0,26.0,28.7,38.1,26.0,32.3,23.7
Chaguanas,2023-07-06,82.3,0.0,16.1,105.2,1013.3,37.4,6.4,275.9,23.8,20935,66721,0,31.8,24.0,27.8,40.8,24.0,31.3,24.3
Chaguanas,2023-07-07,85.2,4.699,12.8,126.0,1012.7,53.4,6.3,244.7,21.1,20950,66725,1,33.0,24.9,27.1,38.1,24.9,29.2,24.1
Chaguanas,2023-07-08,85.8,0.7111999999999999,15.0,105.2,1013.8,48.7,6.5,182.9,15.8,20966,66729,1,30.8,25.0,26.8,34.9,25.0,28.2,24.1
Chaguanas,2023-07-09,83.3,6.604,17.2,85.1,1013.7,47.4,6.3,227.5,19.3,20981,66731,1,33.0,24.0,28.2,43.9,24.0,32.0,24.8
Chaguanas,2023-07-10,88.4,11.9888,12.8,102.9,1012.5,54.8,6.5,214.7,18.6,20996,66733,1,30.7,25.2,27.2,40.2,25.2,30.4,25.1
Chaguanas,2023-07-11,87.0,6.985,12.8,121.2,1012.7,45.7,6.6,264.4,22.8,21011,66734,1,32.0,25.0,27.6,39.7,25.0,30.6,25.1
Chaguanas,2023-07-12,83.7,0.2032,15.0,106.4,1012.3,53.0,7.3,253.0,21.9,21026,66734,1,32.0,25.0,27.9,39.2,25.0,31.4,24.7
Chaguanas,2023-07-13,82.9,0.0,16.1,105.5,1011.1,46.8,6.7,253.6,21.9,21041,66734,0,32.0,25.2,28.4,39.2,25.2,32.7,25.1
Chaguanas,2023-07-14,88.6,18.008599999999998,15.0,115.9,1011.6,47.9,6.8,191.5,16.5,21056,66732,1,32.0,25.8,27.4,40.7,25.8,30.6,25.3
Chaguanas,2023-07-15,85.6,16.002,11.4,110.0,1012.1,49.9,7.2,182.0,15.8,21071,66730,1,32.0,24.8,27.6,40.7,24.8,30.9,24.8
Chaguanas,2023-07-16,79.3,0.0,13.9,122.3,1012.0,33.6,7.2,258.3,22.3,21085,66727,0,32.0,25.0,28.7,39.2,25.0,32.8,24.6
Chaguanas,2023-07-17,86.7,6.1975999999999996,13.9,109.7,1013.8,44.9,6.7,251.0,21.6,21099,66724,1,31.0,25.0,27.7,39.1,25.0,31.2,25.2
Chaguanas,2023-07-18,85.9,5.0038,9.2,123.6,1015.2,39.9,7.0,224.6,19.4,21113,66719,1,32.0,24.9,27.3,39.2,24.9,29.7,24.6
Chaguanas,2023-07-19,89.6,12.014199999999999,12.8,127.3,1016.8,54.3,6.8,163.8,14.2,21127,66714,1,31.8,24.8,26.7,39.1,24.8,28.7,24.8
Chaguanas,2023-07-20,84.3,0.0,12.8,111.7,1015.7,47.7,9.0,253.2,21.7,21140,66707,0,32.0,24.0,28.0,39.3,24.0,32.1,24.9
Chaguanas,2023-07-21,83.7,0.2032,13.9,113.8,1014.0,43.1,6.7,266.9,22.9,21153,66700,1,32.1,24.9,27.9,40.7,24.9,31.4,24.8
Chaguanas,2023-07-22,87.2,9.9822,16.1,112.3,1014.1,48.3,6.3,265.8,22.9,21166,66692,1,30.0,25.0,27.3,37.5,25.0,30.3,24.9
Chaguanas,2023-07-23,82.0,0.0,15.0,108.8,1015.1,40.3,6.4,266.1,22.8,21178,66684,0,32.0,24.0,27.9,39.2,24.0,31.6,24.4
Chaguanas,2023-07-24,93.7,7.9756,9.8,45.5,1014.4,53.7,6.6,216.3,18.6,21190,66674,1,28.0,24.9,25.9,33.6,24.9,27.3,24.8
Chaguanas,2023-07-25,89.6,17.703799999999998,16.1,98.4,1012.8,44.4,6.7,177.3,15.2,21202,66664,1,31.0,24.0,26.7,39.1,24.0,29.1,24.8
Chaguanas,2023-07-26,91.6,57.0992,12.8,113.6,1012.9,51.0,6.8,187.3,16.1,21214,66652,1,30.0,24.0,26.7,37.5,24.0,29.6,25.2
Chaguanas,2023-07-27,89.3,5.0038,16.1,106.0,1013.1,57.8,6.8,256.7,22.2,21225,66640,1,32.0,24.0,27.4,40.7,24.0,30.6,25.3
Chaguanas,2023-07-28,87.6,7.518399999999999,11.4,112.6,1014.0,56.5,7.8,234.5,20.3,21236,66627,1,31.0,25.9,27.6,39.1,25.9,31.0,25.3
Chaguanas,2023-07-29,87.6,29.006799999999995,13.9,15.7,1014.6,59.7,7.0,237.7,20.5,21246,66614,1,32.1,24.8,27.1,39.9,24.8,29.6,24.7
Chaguanas,2023-07-30,87.2,12.2936,12.8,146.8,1013.8,49.5,7.1,247.8,21.4,21256,66599,1,31.0,24.9,27.2,39.1,24.9,30.3,24.8
Chaguanas,2023-07-31,82.3,0.0,10.3,128.3,1014.9,43.8,7.4,265.4,22.8,21266,66584,0,33.0,24.9,28.4,42.2,24.9,32.9,25.0
Chaguanas,2023-08-01,78.4,0.0,12.8,117.3,1015.7,29.0,7.2,279.2,24.1,21275,66567,0,33.0,24.9,28.6,39.3,24.9,32.1,24.2
Chaguanas,2023-08-02,85.2,23.0124,8.1,64.4,1014.6,38.9,7.0,242.5,20.6,21284,66550,1,32.0,25.0,27.4,40.7,25.0,30.7,24.6
Chaguanas,2023-08-03,79.6,0.0,13.9,110.2,1013.2,33.3,7.6,265.6,23.0,21292,66532,0,33.0,24.0,28.4,40.6,24.0,31.8,24.3
Chaguanas,2023-08-04,84.0,0.0,11.4,102.3,1013.9,38.4,7.6,229.4,19.8,21300,66514,0,31.1,24.7,27.7,39.1,24.7,31.3,24.7
Chaguanas,2023-08-05,80.8,0.9905999999999999,13.9,99.0,1013.8,38.6,7.4,259.6,22.3,21308,66494,1,33.0,25.9,29.1,42.2,25.9,33.9,25.2
Chaguanas,2023-08-06,78.2,0.0,12.8,104.3,1013.6,31.2,7.5,285.8,24.8,21315,66474,0,33.1,24.9,28.9,40.6,24.9,33.0,24.4
Chaguanas,2023-08-07,83.6,3.9878,9.2,123.1,1014.0,40.8,7.0,262.0,22.6,21322,66453,1,33.0,24.9,28.3,42.2,24.9,32.8,25.1
Chaguanas,2023-08-08,85.1,0.0,11.4,124.6,1014.3,47.2,6.8,268.8,23.3,21328,66431,0,31.7,25.0,28.0,40.7,25.0,32.0,25.2
Chaguanas,2023-08-09,87.1,7.112,9.2,88.8,1013.4,47.1,7.3,219.4,19.0,21334,66409,1,30.8,25.0,26.9,37.5,25.0,29.4,24.5
Chaguanas,2023-08-10,86.2,1.9811999999999999,16.1,117.7,1013.8,50.3,6.9,238.3,20.6,21339,66386,1,32.1,25.8,27.8,40.7,25.8,31.3,25.2
Chaguanas,2023-08-11,84.1,7.7978,12.8,106.3,1013.3,42.7,6.9,259.1,22.3,21345,66362,1,33.0,25.0,28.3,40.7,25.0,32.7,25.3
Chaguanas,2023-08-12,81.6,0.9905999999999999,16.1,119.3,1012.5,35.9,6.6,257.2,22.2,21349,66337,1,32.0,24.9,28.4,39.2,24.9,32.5,24.8
Chaguanas,2023-08-13,80.9,0.0,18.3,112.6,1012.5,39.9,6.8,226.0,19.5,21354,66311,0,32.0,25.2,28.6,40.7,25.2,32.9,24.8
Chaguanas,2023-08-14,82.7,8.001,11.4,80.7,1010.9,54.1,6.6,222.7,19.4,21357,66285,1,32.0,25.0,28.6,40.7,25.0,32.8,25.2
Chaguanas,2023-08-15,87.1,0.9905999999999999,18.3,96.3,1010.5,45.9,6.6,207.1,17.9,21361,66259,1,30.1,24.8,26.3,36.6,24.8,27.3,23.9
Chaguanas,2023-08-16,87.6,2.0065999999999997,11.4,116.1,1011.5,43.3,6.3,149.0,12.9,21364,66231,1,30.2,24.0,26.3,36.7,24.0,27.8,24.0
Chaguanas,2023-08-17,86.5,10.795,11.4,201.7,1010.7,49.5,7.3,247.6,21.3,21367,66203,1,32.0,24.8,27.7,40.7,24.8,31.7,25.2
Chaguanas,2023-08-18,86.8,2.9972,6.9,127.2,1008.5,46.5,6.5,222.4,19.1,21369,66175,1,32.0,24.9,27.5,40.7,24.9,30.7,25.0
Chaguanas,2023-08-19,93.4,17.983199999999997,15.0,353.0,1007.4,47.5,6.0,144.8,12.5,21371,66145,1,29.2,24.0,25.8,35.7,24.0,26.8,24.7
Chaguanas,2023-08-20,87.5,0.3048,12.8,110.1,1008.1,44.5,6.8,119.5,10.2,21373,66115,1,31.0,25.0,27.6,39.2,25.0,31.6,25.3
Chaguanas,2023-08-21,80.2,0.0,13.9,112.7,1008.9,36.9,7.1,290.3,25.0,21374,66085,0,32.1,26.8,29.1,39.2,29.9,34.3,25.1
Chaguanas,2023-08-22,79.9,0.508,13.9,119.6,1009.0,38.0,7.4,295.3,25.4,21375,66054,1,33.0,25.0,28.8,40.7,25.0,33.3,24.9
Chaguanas,2023-08-23,84.9,3.9878,9.2,116.3,1010.2,49.0,7.1,246.9,21.4,21375,66022,1,32.0,27.0,29.0,40.8,31.2,35.6,26.1
Chaguanas,2023-08-24,79.1,0.0,8.1,124.5,1010.9,43.2,7.0,262.1,22.6,21375,65990,0,33.2,27.0,29.6,42.2,30.3,35.8,25.4
Chaguanas,2023-08-25,80.7,10.998199999999999,16.1,138.8,1010.8,39.3,7.7,286.9,24.8,21375,65958,1,34.0,24.0,27.5,41.8,24.0,30.1,23.7
Chaguanas,2023-08-26,82.1,0.0,10.3,121.4,1010.5,48.0,7.2,280.0,24.1,21375,65925,0,34.0,24.0,28.4,42.2,24.0,32.9,24.9
Chaguanas,2023-08-27,77.8,0.0,12.8,125.4,1011.8,40.7,7.8,273.9,23.6,21374,65891,0,35.0,26.0,29.5,46.8,26.0,34.6,24.9
Chaguanas,2023-08-28,75.8,0.1016,13.9,119.3,1013.1,28.1,9.8,284.5,24.5,21373,65857,1,33.2,27.0,29.3,39.8,30.1,34.2,24.4
Chaguanas,2023-08-29,90.7,20.0152,8.1,101.1,1013.9,44.6,6.8,138.0,12.0,21371,65823,1,28.1,24.0,25.9,32.9,24.0,26.7,24.2
Chaguanas,2023-08-30,82.7,0.1016,11.4,126.9,1013.3,43.8,7.8,273.3,23.6,21370,65788,1,33.1,24.7,28.4,42.2,24.7,33.0,25.1
Chaguanas,2023-08-31,82.8,2.9972,16.1,123.6,1012.9,41.2,7.2,278.9,24.1,21368,65753,1,32.2,25.0,28.2,40.7,25.0,31.8,24.8
Chaguanas,2023-09-01,82.9,0.0,12.8,113.5,1012.7,42.5,7.1,240.2,20.9,21366,65717,0,33.0,24.9,28.3,40.7,24.9,32.3,24.9
Chaguanas,2023-09-02,82.5,0.2032,16.1,122.0,1011.3,46.6,6.9,252.8,21.7,21364,65681,1,32.1,25.8,28.6,40.7,25.8,33.2,25.2
Chaguanas,2023-09-03,83.2,0.0,11.4,122.6,1012.0,39.4,6.8,268.1,23.3,21361,65645,0,33.0,25.9,28.3,42.3,25.9,32.4,25.1
Chaguanas,2023-09-04,82.6,0.9905999999999999,18.3,123.6,1013.0,39.1,6.8,277.5,24.1,21358,65608,1,32.0,25.0,28.2,40.7,25.0,32.3,24.9
Chaguanas,2023-09-05,91.0,5.0038,12.8,98.8,1013.1,44.4,6.2,233.9,20.3,21355,65571,1,28.0,25.0,26.2,33.6,25.0,27.4,24.6
Chaguanas,2023-09-06,86.5,0.2032,16.1,107.5,1012.5,44.1,6.8,248.4,21.3,21352,65534,1,31.0,25.0,27.6,40.7,25.0,31.4,25.1
Chaguanas,2023-09-07,78.3,0.0,11.4,116.2,1011.1,38.0,7.3,286.3,24.8,21349,65496,0,33.0,24.9,28.2,39.2,24.9,31.2,23.8
Chaguanas,2023-09-08,82.8,0.0,8.1,125.7,1010.9,37.3,7.1,280.3,24.4,21345,65459,0,33.0,23.8,28.1,42.2,23.8,32.2,24.6
Chaguanas,2023-09-09,80.6,0.0,13.9,141.4,1011.7,33.0,7.0,294.6,25.4,21342,65421,0,33.0,24.7,28.7,40.6,24.7,33.0,24.8
Chaguanas,2023-09-10,80.3,0.0,12.8,132.5,1011.8,35.0,7.1,281.4,24.3,21338,65383,0,33.0,25.0,29.0,40.7,25.0,33.8,25.1
Chaguanas,2023-09-11,81.7,0.9905999999999999,16.1,129.9,1011.2,35.0,7.1,275.8,23.8,21334,65345,1,32.8,26.0,29.0,40.8,26.0,34.1,25.4
Chaguanas,2023-09-12,79.4,0.0,11.4,135.1,1010.9,37.1,7.3,286.8,24.8,21330,65306,0,33.2,25.8,29.2,42.2,25.8,34.4,25.1
Chaguanas,2023-09-13,81.0,0.0,12.8,136.4,1010.9,43.2,7.2,276.1,23.8,21327,65268,0,33.8,26.0,29.3,43.3,26.0,35.0,25.6
Chaguanas,2023-09-14,79.0,0.0,11.4,130.1,1011.4,37.6,7.1,287.4,24.8,21323,65229,0,34.0,26.0,29.4,42.7,26.0,34.7,25.2
Chaguanas,2023-09-15,77.7,0.0,12.8,126.1,1011.4,38.7,7.2,298.6,25.8,21318,65190,0,34.0,25.1,29.1,40.6,25.1,32.9,24.5
Chaguanas,2023-09-16,75.8,0.0,11.4,130.4,1011.5,31.4,7.6,290.6,25.0,21314,65152,0,34.1,23.9,28.6,40.4,23.9,31.7,23.5
Chaguanas,2023-09-17,74.1,0.0,11.4,131.8,1011.3,35.1,7.9,278.1,24.0,21310,65113,0,34.0,24.9,28.8,38.3,24.9,32.0,23.4
Chaguanas,2023-09-18,77.6,0.0,11.4,123.3,1011.4,32.1,7.9,282.0,24.4,21306,65074,0,34.0,25.0,29.3,41.5,25.0,33.9,24.7
Chaguanas,2023-09-19,76.2,0.0,11.4,132.9,1011.2,34.4,8.1,282.8,24.6,21302,65035,0,34.0,25.0,29.2,42.0,25.0,33.3,24.3
Chaguanas,2023-09-20,77.4,0.0,16.1,86.2,1010.6,47.8,7.2,249.0,21.5,21298,64997,0,35.0,24.7,29.1,43.3,24.7,33.3,24.4
Chaguanas,2023-09-21,82.0,5.9944,13.9,112.6,1010.2,45.8,7.0,229.4,19.9,21295,64958,1,33.0,25.0,28.0,40.6,25.0,31.2,24.5
Chaguanas,2023-09-22,83.1,5.0038,8.1,113.1,1010.5,54.1,6.6,195.7,16.8,21291,64919,1,30.0,24.9,26.6,34.2,24.9,28.1,23.4
Chaguanas,2023-09-23,79.8,10.0076,11.4,130.0,1010.7,41.6,7.3,257.4,22.3,21287,64881,1,32.0,25.0,28.1,39.2,25.0,31.0,24.1
Chaguanas,2023-09-24,77.1,8.001,15.0,111.5,1011.5,45.8,7.0,267.7,22.9,21283,64842,1,33.0,26.0,28.9,38.1,26.0,33.0,24.2
Chaguanas,2023-09-25,76.9,0.2032,12.8,115.5,1011.7,49.2,6.7,242.3,20.9,21280,64804,1,32.1,25.0,28.3,36.9,25.0,31.2,23.6
Chaguanas,2023-09-26,74.4,0.4064,11.4,101.4,1010.7,41.5,7.0,263.9,22.7,21277,64766,1,34.0,25.8,29.1,39.9,25.8,32.8,23.8
Chaguanas,2023-09-27,80.2,0.4064,8.1,224.8,1009.3,41.8,7.0,273.2,23.7,21274,64728,1,33.0,24.0,27.9,40.9,24.0,31.1,23.9
Chaguanas,2023-09-28,84.1,35.102799999999995,9.2,127.8,1008.9,38.8,6.6,270.7,23.2,21271,64690,1,33.0,24.0,27.6,42.2,24.0,30.9,24.5
Chaguanas,2023-09-29,86.1,16.002,16.1,173.1,1009.4,44.6,6.9,268.8,23.2,21268,64653,1,33.0,25.0,28.2,44.2,25.0,32.6,25.5
Chaguanas,2023-09-30,86.3,0.0,12.8,118.8,1009.0,47.1,6.9,274.2,23.8,21265,64615,0,34.0,25.0,27.9,47.3,25.0,32.0,25.3
Chaguanas,2023-10-01,86.4,21.996399999999998,13.9,106.9,1008.5,60.1,6.5,254.8,22.2,21263,64579,1,33.1,24.8,27.6,44.1,24.8,31.5,25.0
Chaguanas,2023-10-02,87.1,0.3048,9.2,133.6,1008.3,45.5,6.2,207.2,17.9,21261,64542,1,31.8,25.0,27.8,40.7,25.0,32.2,25.4
Chaguanas,2023-10-03,83.9,0.0,9.2,133.5,1008.8,44.4,6.3,245.6,21.5,21259,64506,0,33.0,26.8,29.3,43.9,30.4,36.0,26.2
Chaguanas,2023-10-04,80.4,0.0,13.9,125.0,1009.8,40.8,6.7,282.5,24.6,21258,64470,0,33.0,26.7,29.4,42.9,29.8,35.6,25.6
Chaguanas,2023-10-05,92.1,0.508,9.2,115.5,1011.2,42.5,6.6,138.5,11.9,21257,64434,1,27.0,25.0,25.8,30.7,25.0,26.1,24.4
Chaguanas,2023-10-06,86.4,4.3942,18.3,112.5,1011.7,46.9,7.0,106.0,9.3,21256,64399,1,32.0,25.0,27.3,40.7,25.0,30.3,24.8
Chaguanas,2023-10-07,82.1,2.0065999999999997,12.8,121.6,1012.4,42.6,6.3,242.2,20.8,21256,64364,1,34.0,25.0,28.1,40.6,25.0,31.6,24.6
Chaguanas,2023-10-08,81.2,0.0,15.0,119.0,1011.5,31.8,6.8,254.1,22.0,21256,64330,0,33.0,25.9,29.1,42.2,25.9,34.7,25.4
Chaguanas,2023-10-09,79.9,0.0,13.9,114.0,1011.8,38.8,7.0,243.8,21.2,21256,64296,0,33.0,26.0,29.4,42.2,26.0,35.3,25.4
Chaguanas,2023-10-10,80.2,0.0,12.8,122.1,1011.6,38.4,7.2,243.7,21.0,21257,64263,0,32.2,25.9,28.9,40.7,25.9,33.9,25.1
Chaguanas,2023-10-11,78.9,0.0,12.8,125.3,1010.9,33.4,7.5,259.2,22.2,21258,64230,0,33.1,24.1,28.6,40.7,24.1,32.3,24.3
Chaguanas,2023-10-12,79.1,0.0,10.3,129.2,1010.6,36.2,7.1,275.0,23.8,21259,64198,0,33.0,25.0,28.6,40.6,25.0,32.3,24.4
Chaguanas,2023-10-13,83.4,0.0,9.2,131.7,1010.2,37.7,7.5,267.8,23.3,21261,64166,0,33.0,24.0,28.6,44.4,24.0,34.1,25.4
Chaguanas,2023-10-14,80.7,0.0,9.2,135.9,1011.0,32.1,8.3,275.2,23.8,21264,64135,0,34.0,25.9,29.0,42.0,25.9,33.7,25.2
Chaguanas,2023-10-15,80.1,0.0,12.8,127.9,1011.5,43.5,7.3,271.6,23.7,21267,64104,0,34.0,25.0,28.9,42.2,25.0,33.6,24.9
Chaguanas,2023-10-16,80.2,0.0,12.8,131.1,1011.5,35.2,7.4,248.3,21.6,21270,64074,0,34.0,25.0,29.2,43.6,25.0,34.1,25.2
Chaguanas,2023-10-17,81.2,0.0,16.1,94.4,1011.2,46.6,8.1,239.5,20.7,21274,64045,0,32.7,25.0,28.1,40.4,25.0,31.6,24.5
Chaguanas,2023-10-18,83.1,0.0,11.4,124.3,1010.7,54.9,8.6,237.6,20.5,21279,64017,0,33.1,24.5,28.2,42.2,24.5,32.3,24.9
Chaguanas,2023-10-19,83.5,0.0,11.4,176.0,1010.2,64.1,9.7,235.0,20.3,21284,63989,0,32.8,24.9,28.1,41.9,24.9,32.1,24.9
Chaguanas,2023-10-20,81.9,0.0,6.9,199.7,1009.4,75.9,9.4,248.6,21.6,21289,63961,0,32.8,24.1,28.6,41.4,24.1,33.4,25.0
Chaguanas,2023-10-21,89.7,26.9748,13.9,153.7,1010.5,69.9,6.9,170.1,14.5,21296,63935,1,31.0,23.8,26.6,39.2,23.8,29.7,24.7
Chaguanas,2023-10-22,84.8,0.0,6.9,150.4,1010.7,68.5,7.0,205.2,17.6,21302,63909,0,32.0,25.2,27.8,40.9,25.2,31.1,24.9
Chaguanas,2023-10-23,84.7,11.9888,11.4,220.7,1010.7,63.2,8.0,252.1,21.7,21310,63885,1,33.0,25.0,27.3,40.4,25.0,29.9,24.4
Chaguanas,2023-10-24,85.3,0.9905999999999999,5.8,144.5,1009.8,50.2,8.3,261.6,22.5,21318,63860,1,32.2,23.8,27.5,40.6,23.8,31.1,24.7
Chaguanas,2023-10-25,87.6,10.0076,6.9,109.7,1008.8,53.8,8.4,250.5,21.7,21326,63837,1,33.9,24.8,26.8,41.5,24.8,28.8,24.4
Chaguanas,2023-10-26,84.9,0.0,8.1,139.2,1008.5,65.6,8.5,86.9,7.5,21335,63815,0,30.9,24.9,27.3,37.8,24.9,30.2,24.4
Chaguanas,2023-10-27,89.8,17.5006,8.1,115.6,1008.5,57.3,8.6,188.2,16.5,21345,63793,1,30.8,24.1,26.9,40.1,24.1,29.8,25.1
Chaguanas,2023-10-28,82.8,0.0,10.3,125.6,1008.9,60.6,9.4,249.3,21.4,21356,63773,0,32.8,24.9,28.4,40.8,24.9,32.9,25.1
Chaguanas,2023-10-29,79.7,0.0,12.8,120.9,1009.2,56.0,9.5,240.4,20.8,21367,63753,0,32.7,25.8,28.6,40.4,25.8,31.9,24.4
Chaguanas,2023-10-30,82.8,19.9898,13.9,117.9,1010.1,67.8,9.9,224.6,19.5,21378,63734,1,32.8,25.2,28.5,41.9,25.2,33.4,25.2
Chaguanas,2023-10-31,82.3,0.508,13.9,110.5,1009.8,53.0,10.9,230.9,20.0,21391,63716,1,32.7,26.2,28.8,41.3,26.2,34.1,25.4
Chaguanas,2023-11-01,79.5,0.0,16.1,111.7,1009.2,39.1,9.2,246.8,21.4,21404,63699,0,32.2,25.0,28.2,40.6,25.0,31.7,24.1
Chaguanas,2023-11-02,85.3,0.508,13.9,107.2,1009.8,46.6,7.9,204.2,17.6,21418,63683,1,31.0,24.9,26.9,38.8,24.9,28.6,24.1
Chaguanas,2023-11-03,84.8,11.9888,13.9,126.9,1010.4,67.7,7.5,152.4,13.2,21432,63668,1,30.9,24.1,26.2,38.5,24.1,27.6,23.4
Chaguanas,2023-11-04,79.9,0.3048,18.3,120.7,1010.1,67.8,8.6,192.6,16.7,21447,63654,1,31.7,23.8,26.7,36.7,23.8,28.1,22.7
Chaguanas,2023-11-05,86.8,5.0038,18.3,119.0,1009.6,64.2,9.2,226.3,19.4,21463,63641,1,31.2,24.8,27.6,39.5,24.8,31.6,25.1
Chaguanas,2023-11-06,89.3,21.005799999999997,15.0,117.9,1009.8,67.7,7.7,213.0,18.2,21479,63629,1,31.7,24.9,27.2,40.7,24.9,30.1,25.2
Chaguanas,2023-11-07,90.2,27.000199999999996,11.4,113.4,1011.4,66.2,7.6,185.6,15.9,21496,63618,1,30.0,24.7,26.0,38.9,24.7,27.0,24.2
Chaguanas,2023-11-08,82.9,0.0,13.9,120.3,1011.5,65.9,10.4,212.4,18.3,21514,63608,0,31.0,24.8,27.7,39.1,24.8,31.2,24.4
Chaguanas,2023-11-09,82.8,0.0,12.7,95.3,1011.2,50.7,9.4,246.6,21.3,21533,63599,0,31.9,24.7,28.1,41.8,24.7,31.9,24.8
Chaguanas,2023-11-10,92.8,16.891,11.9,110.7,1011.1,67.5,6.9,192.8,16.7,21552,63591,1,29.2,24.8,26.3,37.3,24.8,27.8,25.1
Chaguanas,2023-11-11,87.6,7.416799999999999,17.2,96.7,1011.0,64.0,7.7,181.4,15.7,21572,63584,1,28.7,24.9,26.4,34.2,24.9,27.8,24.1
Chaguanas,2023-11-12,82.9,14.020800000000001,19.7,102.1,1011.0,68.3,7.0,156.5,13.6,21592,63578,1,31.0,24.9,26.7,36.2,24.9,28.0,23.4
Chaguanas,2023-11-13,89.3,15.620999999999999,18.3,98.6,1011.3,73.7,6.1,181.8,15.6,21613,63573,1,26.9,24.8,25.7,30.4,24.8,26.1,23.8
Chaguanas,2023-11-14,79.9,7.518399999999999,16.1,104.1,1011.0,60.7,7.0,211.2,18.4,21635,63570,1,30.7,24.9,27.4,35.1,24.9,29.8,23.6
Chaguanas,2023-11-15,83.5,9.9822,13.9,100.7,1010.9,54.6,8.6,220.3,19.0,21657,63567,1,30.8,24.1,26.9,36.6,24.1,29.2,23.8
Chaguanas,2023-11-16,91.1,14.173200000000001,13.9,107.2,1011.1,73.0,6.9,186.8,16.0,21680,63566,1,28.9,25.1,26.3,36.2,25.1,27.6,24.7
Chaguanas,2023-11-17,85.7,1.397,16.1,113.0,1011.5,51.9,6.6,214.5,18.7,21704,63565,1,30.8,25.8,28.0,38.8,25.8,31.9,25.3
Chaguanas,2023-11-18,80.9,0.0,15.0,115.3,1011.6,31.7,5.0,217.0,18.8,21728,63566,0,31.2,26.1,28.1,38.1,26.1,31.4,24.4
Chaguanas,2023-11-19,77.7,0.1016,11.4,120.5,1012.1,52.9,5.3,232.6,20.1,21753,63568,1,32.1,25.1,27.7,36.2,25.1,29.9,23.3
Chaguanas,2023-11-20,86.3,2.0065999999999997,16.1,104.5,1010.7,61.6,5.0,218.1,18.8,21778,63571,1,30.8,24.8,27.2,38.4,24.8,30.3,24.7
Chaguanas,2023-11-21,90.7,2.9972,10.3,115.6,1009.5,63.6,6.1,201.6,17.4,21804,63575,1,30.1,24.9,26.3,36.9,24.9,27.7,24.6
Chaguanas,2023-11-22,86.3,0.0,13.9,115.1,1009.8,65.3,9.2,200.9,17.5,21831,63580,0,30.9,24.2,26.8,38.5,24.2,29.3,24.3
Chaguanas,2023-11-23,88.6,0.6096,13.9,121.4,1011.9,49.3,8.3,195.2,16.9,21858,63586,1,31.2,24.0,27.0,39.4,24.0,29.9,24.9
Chaguanas,2023-11-24,83.7,0.0,17.2,118.2,1013.2,33.4,9.0,226.5,19.4,21885,63593,0,31.2,24.9,27.7,37.4,24.9,30.2,24.4
Chaguanas,2023-11-25,78.0,0.9905999999999999,13.9,115.5,1012.6,54.4,9.0,195.5,17.0,21913,63601,1,31.7,24.9,27.8,37.7,24.9,30.3,23.4
Chaguanas,2023-11-26,83.7,31.978599999999997,13.9,106.2,1013.0,62.7,7.5,200.4,17.5,21941,63610,1,30.3,23.9,25.7,34.9,23.9,26.7,22.7
Chaguanas,2023-11-27,80.0,0.1016,15.0,117.8,1012.8,43.2,7.9,234.3,20.1,21970,63621,1,31.0,23.7,26.9,35.5,23.7,29.3,23.1
Chaguanas,2023-11-28,78.9,0.3048,13.9,121.4,1013.2,30.2,7.5,227.7,19.7,21999,63632,1,30.9,24.8,27.5,36.2,24.8,29.8,23.4
Chaguanas,2023-11-29,76.0,0.0,16.1,116.7,1012.4,31.4,7.8,210.9,18.2,22029,63644,0,30.9,24.2,27.6,37.0,24.2,29.6,22.7
Chaguanas,2023-11-30,77.8,0.0,16.1,114.0,1012.6,27.8,8.7,230.6,20.1,22059,63658,0,31.8,23.0,27.1,37.3,23.0,29.1,22.7
Chaguanas,2023-12-01,76.6,5.6133999999999995,16.1,105.1,1013.0,40.4,8.6,221.8,19.4,22089,63672,1,30.8,24.1,26.9,37.1,24.1,28.6,22.4
Chaguanas,2023-12-02,71.2,0.0,15.0,105.5,1012.8,30.1,10.3,208.5,18.2,22120,63687,0,31.1,24.9,27.5,35.7,24.9,28.9,21.6
Chaguanas,2023-12-03,76.4,0.3048,16.1,98.3,1012.6,46.4,9.6,233.5,20.1,22150,63704,1,30.2,23.8,26.9,33.4,23.8,28.2,22.2
Chaguanas,2023-12-04,74.7,0.1016,18.3,108.9,1012.9,36.3,8.7,226.9,19.5,22181,63721,1,31.0,24.9,27.3,34.6,24.9,28.9,22.3
Chaguanas,2023-12-05,78.3,1.016,17.2,111.4,1012.5,35.0,8.8,198.8,17.1,22213,63739,1,30.9,24.8,27.4,34.6,24.8,29.3,23.1
Chaguanas,2023-12-06,83.4,22.987,13.9,115.8,1011.9,69.1,6.0,142.4,12.4,22244,63758,1,28.8,24.1,25.7,32.3,24.1,26.2,22.7
Chaguanas,2023-12-07,85.1,33.629599999999996,10.3,110.2,1012.8,75.5,6.8,150.3,13.0,22276,63778,1,28.2,24.0,25.4,31.4,24.0,26.1,22.7
Chaguanas,2023-12-08,83.5,3.302,13.9,115.7,1013.1,71.1,7.3,106.2,9.2,22308,63799,1,29.2,24.7,26.0,33.1,24.7,26.7,22.9
Chaguanas,2023-12-09,80.1,4.013199999999999,11.4,111.2,1012.6,64.8,6.8,169.7,14.7,22339,63820,1,30.2,24.2,26.8,34.3,24.2,28.3,23.0
Chaguanas,2023-12-10,79.5,2.9972,13.9,113.5,1011.2,53.4,7.5,224.2,19.3,22371,63843,1,30.0,24.0,26.8,34.8,24.0,28.4,22.8
Chaguanas,2023-12-11,79.2,0.2032,12.8,117.5,1010.8,56.1,7.6,195.0,17.1,22403,63866,1,30.1,24.2,26.7,33.3,24.2,28.0,22.6
Chaguanas,2023-12-12,84.6,0.2032,9.2,107.3,1011.0,50.9,7.8,198.6,17.1,22435,63890,1,30.8,24.0,27.0,38.3,24.0,29.6,24.1
Chaguanas,2023-12-13,80.9,2.0065999999999997,16.1,112.5,1010.3,62.2,8.0,179.9,15.6,22467,63914,1,30.0,24.0,26.7,34.2,24.0,28.3,23.0
Chaguanas,2023-12-14,83.0,11.9888,13.9,107.7,1009.4,69.1,8.7,173.2,15.2,22499,63940,1,29.0,24.1,26.1,32.7,24.1,27.0,22.9
Chaguanas,2023-12-15,80.0,0.0,11.4,116.1,1009.7,57.1,8.5,182.9,15.9,22530,63966,0,31.0,24.2,26.9,35.5,24.2,28.8,23.1
Chaguanas,2023-12-16,82.3,0.0,11.4,122.4,1011.1,58.5,11.4,190.5,16.5,22562,63992,0,30.1,24.9,27.2,36.6,24.9,29.6,23.8
Chaguanas,2023-12-17,77.2,0.0,13.9,115.4,1011.2,51.4,9.5,202.5,17.7,22593,64020,0,31.0,23.8,27.3,35.5,23.8,29.3,22.7
Chaguanas,2023-12-18,76.7,0.0,9.2,135.4,1010.0,44.6,8.6,209.3,18.1,22624,64048,0,32.0,23.8,27.2,34.1,23.8,28.8,22.4
Chaguanas,2023-12-19,79.2,0.7874,13.9,112.7,1009.3,41.0,7.8,215.6,18.8,22655,64076,1,30.9,23.1,26.5,34.6,23.1,28.2,22.4
Chaguanas,2023-12-20,77.4,0.3048,9.2,135.9,1009.7,43.0,7.9,231.1,19.9,22685,64105,1,32.2,23.2,27.0,36.3,23.2,28.9,22.5
Chaguanas,2023-12-21,77.2,0.0,13.9,124.2,1010.6,37.0,7.5,213.2,18.3,22716,64134,0,31.1,23.2,26.9,34.8,23.2,28.7,22.4
Chaguanas,2023-12-22,80.3,0.0,11.4,123.3,1012.1,55.4,7.7,204.0,17.7,22745,64164,0,31.7,24.8,27.4,37.8,24.8,29.9,23.6
Chaguanas,2023-12-23,86.2,0.0,12.8,120.7,1012.4,59.2,7.0,191.5,16.5,22775,64194,0,30.9,24.1,27.4,38.8,24.1,30.8,24.8
Chaguanas,2023-12-24,81.4,0.0,9.2,116.1,1012.2,44.2,3.9,217.1,18.8,22804,64225,0,31.1,23.9,27.5,35.6,23.9,29.9,23.8
Chaguanas,2023-12-25,80.4,0.0,12.8,105.8,1012.6,63.1,4.5,210.4,18.1,22833,64256,0,31.1,23.9,27.4,35.6,23.9,29.4,23.6
Chaguanas,2023-12-26,75.9,0.0,10.3,120.6,1012.6,40.9,7.7,234.2,20.2,22861,64287,0,31.0,24.0,27.1,33.7,24.0,28.3,22.2
Chaguanas,2023-12-27,78.1,0.0,9.2,128.7,1012.4,33.1,8.8,237.4,20.6,22888,64319,0,31.2,23.1,26.9,37.0,23.1,28.9,22.6
Chaguanas,2023-12-28,84.4,2.0065999999999997,13.9,160.6,1012.1,43.8,8.9,220.2,19.1,22915,64351,1,31.0,22.9,26.1,37.4,22.9,27.2,23.1
Chaguanas,2023-12-29,85.4,0.0,10.3,128.6,1013.3,31.6,9.3,226.5,19.8,22942,64383,0,31.0,23.1,26.6,38.8,23.1,29.2,23.8
Chaguanas,2023-12-30,84.3,0.0,13.9,122.6,1014.3,39.5,9.7,216.7,18.9,22967,64415,0,30.7,22.9,26.4,37.6,22.9,28.8,23.5
Chaguanas,2023-12-31,83.4,0.0,12.8,114.4,1014.1,51.4,9.3,222.1,19.2,22993,64448,0,31.7,23.1,26.9,38.6,23.1,29.6,23.7
Chaguanas,2024-01-01,82.3,0.0,11.4,113.0,1013.4,46.6,9.1,190.0,16.5,23017,64480,0,31.0,24.0,26.7,37.6,24.0,28.8,23.3
Chaguanas,2024-01-02,85.2,0.2032,15.0,115.9,1013.0,41.4,8.7,202.6,17.7,23041,64513,1,30.1,22.2,25.9,36.0,22.2,27.9,23.2
Chaguanas,2024-01-03,82.6,0.0,16.1,116.6,1013.8,27.8,8.0,236.1,20.5,23064,64546,0,31.0,24.0,27.2,37.4,24.0,29.8,23.9
Chaguanas,2024-01-04,79.9,0.0,17.2,109.0,1014.1,31.2,8.2,208.5,18.3,23086,64578,0,32.0,23.2,27.4,36.3,23.2,29.4,23.3
Chaguanas,2024-01-05,78.7,0.0,15.0,115.1,1014.0,34.4,8.6,212.9,18.4,23108,64611,0,30.9,22.8,26.8,36.4,22.8,28.8,22.6
Chaguanas,2024-01-06,73.0,0.0,11.4,121.6,1013.8,21.1,7.7,235.8,20.4,23129,64644,0,32.1,22.0,26.8,38.4,22.0,28.1,21.2
Chaguanas,2024-01-07,73.4,0.3048,15.0,125.3,1013.6,41.5,8.7,224.9,19.5,23149,64676,1,30.1,23.7,26.4,32.3,23.7,27.6,21.2
Chaguanas,2024-01-08,79.5,3.9878,16.1,110.9,1013.1,54.3,7.9,186.1,16.0,23168,64708,1,29.9,23.2,26.2,35.4,23.2,27.8,22.2
Chaguanas,2024-01-09,82.7,0.2032,13.9,120.4,1013.4,36.7,8.5,232.2,20.0,23186,64741,1,30.9,22.1,26.4,37.3,22.1,28.6,23.1
Chaguanas,2024-01-10,77.0,0.0,17.2,115.9,1013.7,34.1,7.9,230.5,20.1,23203,64773,0,31.1,24.9,27.6,36.1,24.9,29.6,23.1
Chaguanas,2024-01-11,78.8,0.0,13.9,111.6,1013.3,22.5,9.0,244.2,21.0,23220,64805,0,31.7,22.9,26.7,36.3,22.9,28.5,22.5
Chaguanas,2024-01-12,80.6,0.0,13.9,117.8,1012.9,37.7,9.1,223.1,19.3,23235,64836,0,31.2,21.8,26.1,35.5,21.8,27.8,22.3
Chaguanas,2024-01-13,78.3,0.0,11.4,131.8,1013.4,32.5,8.0,219.8,18.8,23250,64868,0,31.2,22.9,26.7,35.9,22.9,28.6,22.4
Chaguanas,2024-01-14,80.6,10.8966,11.4,115.1,1014.1,58.2,8.4,204.1,17.5,23264,64899,1,29.2,23.9,26.1,32.3,23.9,27.0,22.3
Chaguanas,2024-01-15,84.3,0.0,18.3,116.2,1014.5,49.8,8.1,215.8,18.6,23276,64929,0,30.2,24.1,26.4,36.6,24.1,28.3,23.5
Chaguanas,2024-01-16,80.1,0.2032,16.1,120.0,1013.7,42.3,8.3,223.6,19.3,23288,64960,1,29.9,24.2,26.7,34.9,24.2,28.5,22.9
Chaguanas,2024-01-17,78.0,4.013199999999999,16.1,107.9,1014.8,40.8,8.6,233.9,20.1,23299,64990,1,30.1,24.0,26.5,34.3,24.0,27.5,22.2
Chaguanas,2024-01-18,76.5,0.0,17.2,121.0,1014.4,25.4,8.9,256.9,22.2,23308,65019,0,30.8,22.2,26.3,35.4,22.2,27.5,21.7
Chaguanas,2024-01-19,82.3,5.0038,17.2,129.4,1014.0,38.6,8.2,212.1,18.3,23317,65049,1,29.8,23.8,26.1,33.9,23.8,27.3,22.7
Chaguanas,2024-01-20,78.5,3.9878,15.0,121.7,1014.7,41.5,7.3,231.6,20.0,23325,65077,1,29.8,23.2,26.2,32.8,23.2,27.3,22.1
Chaguanas,2024-01-21,75.2,2.2097999999999995,17.2,108.7,1015.7,45.4,6.9,229.7,20.0,23331,65106,1,29.2,24.2,26.3,31.5,24.2,27.3,21.5
Chaguanas,2024-01-22,73.0,0.2032,17.2,115.9,1016.2,30.9,9.3,233.9,20.2,23337,65133,1,30.7,23.2,26.8,33.3,23.2,28.0,21.4
Chaguanas,2024-01-23,74.7,2.9972,18.3,107.1,1015.6,55.7,7.7,232.7,20.3,23342,65161,1,30.2,23.9,26.8,32.6,23.9,27.9,21.7
Chaguanas,2024-01-24,83.8,4.3942,18.3,105.0,1014.9,37.8,8.6,219.2,19.0,23345,65188,1,30.6,22.8,26.1,35.1,22.8,27.8,23.0
Chaguanas,2024-01-25,80.4,0.1016,18.3,93.3,1014.3,42.0,8.1,192.8,16.7,23348,65214,1,30.0,23.0,26.2,33.7,23.0,27.6,22.4
Chaguanas,2024-01-26,80.8,0.6096,17.2,113.2,1015.1,47.0,7.6,216.7,18.6,23349,65240,1,30.2,22.8,26.2,34.6,22.8,27.7,22.4
Chaguanas,2024-01-27,80.7,0.0,13.9,114.5,1015.2,33.1,8.1,245.8,21.1,23349,65265,0,30.7,22.0,26.0,35.2,22.0,27.4,22.2
Chaguanas,2024-01-28,84.2,0.7874,17.2,114.4,1014.8,42.6,8.2,229.2,19.7,23349,65289,1,29.9,22.7,26.0,35.2,22.7,27.8,23.0
Chaguanas,2024-01-29,83.2,0.0,13.9,130.5,1013.9,26.9,7.5,243.0,21.0,23347,65313,0,30.8,22.8,26.6,36.1,22.8,28.8,23.3
Chaguanas,2024-01-30,79.6,0.0,13.9,125.8,1013.8,33.2,4.7,253.2,21.8,23344,65337,0,30.9,24.9,27.5,36.4,24.9,29.7,23.5
Chaguanas,2024-01-31,82.3,0.0,13.9,121.9,1013.4,28.8,3.0,248.9,21.6,23340,65360,0,31.1,24.8,27.4,37.7,24.8,30.1,24.1
Chaguanas,2024-02-01,82.3,0.0,16.3,118.9,1012.7,40.0,2.9,236.3,20.3,23336,65382,0,31.2,24.1,27.4,38.3,24.1,30.2,24.0
Chaguanas,2024-02-02,79.9,0.0,13.9,123.4,1012.2,21.3,3.7,259.0,22.3,23330,65403,0,31.1,23.1,26.7,37.5,23.1,28.6,22.8
Chaguanas,2024-02-03,75.3,0.0,11.4,130.2,1011.4,24.2,5.1,260.4,22.5,23323,65424,0,30.7,22.8,26.4,34.0,22.8,27.5,21.4
Chaguanas,2024-02-04,77.4,0.0,13.9,132.4,1010.4,30.6,6.8,259.0,22.3,23315,65445,0,31.1,23.0,26.6,36.4,23.0,27.8,22.0
Chaguanas,2024-02-05,82.0,0.0,13.9,134.8,1010.7,52.6,6.9,237.6,20.5,23306,65464,0,32.0,23.9,27.6,39.3,23.9,30.4,24.1
Chaguanas,2024-02-06,81.8,0.0,16.1,138.1,1011.8,51.4,6.5,234.1,20.2,23296,65484,0,31.8,25.8,28.2,39.9,25.8,31.7,24.6
Chaguanas,2024-02-07,80.8,0.0,13.0,121.7,1012.6,52.3,6.2,243.2,20.9,23285,65502,0,31.7,25.9,28.2,40.2,25.9,31.7,24.3
Chaguanas,2024-02-08,77.2,0.0,15.0,130.5,1012.8,49.1,5.1,252.8,21.8,23273,65520,0,31.6,25.7,27.7,34.5,25.7,29.2,23.0
Chaguanas,2024-02-09,77.7,0.0,12.8,107.6,1013.9,39.4,5.5,246.9,21.2,23261,65537,0,30.8,23.0,27.2,34.1,23.0,28.9,22.6
Chaguanas,2024-02-10,75.7,0.0,16.1,110.3,1014.3,32.4,6.3,277.0,23.9,23247,65553,0,30.9,24.8,27.4,35.4,24.8,29.6,22.7
Chaguanas,2024-02-11,75.7,0.0,20.8,107.6,1014.3,24.4,6.6,232.9,19.9,23232,65569,0,31.1,22.8,27.0,35.8,22.8,28.8,22.1
Chaguanas,2024-02-12,78.4,0.7874,18.3,107.3,1014.2,39.3,6.0,252.4,21.8,23217,65584,1,30.2,23.9,26.9,34.6,23.9,28.4,22.7
Chaguanas,2024-02-13,76.5,2.0065999999999997,18.9,108.6,1014.6,32.1,5.3,247.3,21.5,23200,65599,1,30.9,24.1,27.1,34.2,24.1,28.6,22.4
Chaguanas,2024-02-14,80.5,0.1016,19.7,112.8,1015.2,31.2,5.1,249.2,21.4,23183,65613,1,31.0,25.1,27.6,37.4,25.1,30.4,23.9
Chaguanas,2024-02-15,77.1,2.9972,16.1,127.8,1015.3,31.7,5.6,265.6,23.0,23164,65626,1,32.0,24.0,27.3,36.6,24.0,29.2,22.7
Chaguanas,2024-02-16,78.5,0.4064,16.0,118.6,1015.1,36.6,6.1,257.6,22.2,23145,65639,1,31.1,23.8,26.7,36.7,23.8,28.4,22.5
Chaguanas,2024-02-17,77.6,0.0,18.3,118.2,1014.7,27.5,8.0,273.6,23.8,23125,65651,0,31.2,23.2,26.8,35.1,23.2,28.4,22.3
Chaguanas,2024-02-18,78.8,0.0,16.1,129.5,1014.8,23.0,7.0,250.9,21.8,23104,65663,0,31.1,21.8,26.6,36.7,21.8,28.5,22.4
Chaguanas,2024-02-19,76.5,0.0,20.8,115.6,1015.2,27.0,6.7,264.1,22.8,23083,65674,0,32.8,23.8,27.6,36.8,23.8,29.6,22.8
Chaguanas,2024-02-20,78.0,0.0,13.9,109.8,1014.3,31.2,7.8,275.0,23.7,23060,65684,0,31.7,22.9,26.7,35.6,22.9,28.2,22.3
Chaguanas,2024-02-21,80.6,0.0,13.9,99.8,1012.2,50.8,7.8,267.0,23.0,23037,65694,0,30.9,22.1,26.4,35.1,22.1,28.4,22.6
Chaguanas,2024-02-22,75.1,0.0,12.8,110.5,1011.8,40.6,7.5,270.4,23.3,23013,65703,0,32.0,23.2,27.2,35.4,23.2,28.6,22.1
Chaguanas,2024-02-23,73.5,0.0,14.9,118.6,1013.0,25.5,7.2,267.3,23.0,22989,65712,0,31.9,22.2,26.9,34.7,22.2,28.0,21.3
Chaguanas,2024-02-24,76.6,0.0,19.7,116.6,1013.9,16.5,6.7,270.5,23.3,22964,65720,0,31.2,22.2,26.8,34.7,22.2,28.6,22.1
Chaguanas,2024-02-25,79.6,0.0,18.3,111.6,1014.7,26.9,4.5,247.2,21.6,22938,65727,0,31.9,23.8,27.4,37.8,23.8,29.9,23.5
Chaguanas,2024-02-26,77.5,0.0,17.2,105.8,1014.2,20.2,5.4,270.5,23.2,22911,65735,0,31.2,22.9,26.8,34.7,22.9,28.2,22.2
Chaguanas,2024-02-27,73.9,0.0,17.2,109.1,1013.9,40.4,6.0,264.3,22.9,22884,65741,0,31.8,22.7,26.6,34.2,22.7,27.7,21.2
Chaguanas,2024-02-28,76.8,0.0,17.2,90.3,1013.9,31.6,6.4,256.5,22.3,22856,65747,0,30.8,21.2,26.0,34.0,21.2,27.4,21.4
Chaguanas,2024-02-29,74.5,0.0,13.9,104.7,1014.3,30.0,8.7,262.6,22.8,22827,65753,0,31.9,22.9,27.1,35.2,22.9,28.6,21.9
Chaguanas,2024-03-01,75.7,1.0921999999999998,15.1,95.4,1015.0,42.0,8.7,259.4,22.4,22798,65758,1,30.7,22.2,26.3,34.2,22.2,27.9,21.6
Chaguanas,2024-03-02,73.2,0.0,15.9,90.8,1014.6,55.2,9.2,248.1,21.4,22769,65763,0,31.1,21.8,26.3,34.7,21.8,27.4,20.8
Chaguanas,2024-03-03,74.9,0.0,12.8,96.4,1013.7,49.0,6.0,277.7,24.0,22739,65768,0,31.2,21.2,26.4,35.6,21.2,28.0,21.3
Chaguanas,2024-03-04,75.7,0.0,15.0,109.0,1013.1,26.2,6.2,270.9,23.4,22708,65772,0,32.7,21.2,26.7,37.6,21.2,28.4,21.7
Chaguanas,2024-03-05,77.2,0.0,18.3,103.1,1012.5,39.5,7.9,262.1,22.5,22677,65775,0,31.9,23.2,27.3,36.4,23.2,29.3,22.7
Chaguanas,2024-03-06,78.0,0.0,17.2,114.3,1012.6,30.4,9.6,278.7,24.1,22645,65779,0,31.9,24.0,27.5,36.7,24.0,29.8,23.1
Chaguanas,2024-03-07,79.8,2.9972,16.1,112.2,1013.2,51.8,8.4,242.1,20.9,22613,65781,1,31.0,25.1,27.8,37.8,25.1,31.0,23.9
Chaguanas,2024-03-08,80.1,0.0,16.1,115.8,1013.5,66.3,7.5,275.0,23.6,22581,65784,0,31.8,25.1,28.1,37.8,25.1,31.1,24.2
Chaguanas,2024-03-09,78.2,0.0,15.0,116.5,1013.3,56.5,6.3,270.9,23.3,22548,65786,0,33.7,25.1,28.4,39.0,25.1,31.3,23.9
Chaguanas,2024-03-10,75.5,0.0,16.1,106.7,1013.5,44.8,6.9,273.3,23.6,22515,65788,0,32.1,24.8,27.8,36.9,24.8,29.8,22.8
Chaguanas,2024-03-11,74.8,0.0,17.4,117.5,1014.0,59.7,8.1,271.3,23.4,22481,65790,0,32.7,23.9,27.7,36.8,23.9,29.7,22.4
Chaguanas,2024-03-12,73.2,0.0,16.3,105.4,1014.6,61.3,8.5,295.1,25.5,22448,65791,0,32.5,24.2,27.9,36.9,24.2,29.9,22.4
Chaguanas,2024-03-13,75.5,0.0,16.2,117.7,1014.2,39.3,9.1,282.0,24.5,22414,65792,0,31.8,23.8,27.7,36.4,23.8,29.6,22.6
Chaguanas,2024-03-14,76.3,0.0,19.8,107.3,1013.0,37.8,7.5,270.7,23.5,22379,65793,0,31.7,24.1,27.7,36.5,24.1,30.2,22.9
Chaguanas,2024-03-15,72.8,0.0,18.3,100.3,1012.6,27.1,7.7,261.3,22.5,22345,65794,0,32.7,25.7,28.3,37.8,25.7,30.8,22.8
Chaguanas,2024-03-16,81.3,4.013199999999999,18.3,100.8,1012.3,69.4,7.1,269.2,23.3,22310,65795,1,30.2,24.2,27.0,35.3,24.2,29.0,23.4
Chaguanas,2024-03-17,82.5,0.9905999999999999,18.3,103.6,1012.7,58.1,7.0,264.8,22.8,22275,65795,1,31.2,25.2,27.7,38.1,25.2,30.8,24.3
Chaguanas,2024-03-18,78.4,0.0,17.2,110.7,1013.3,41.6,7.7,277.8,23.9,22240,65795,0,32.1,25.9,28.4,37.7,25.9,31.6,24.1
Chaguanas,2024-03-19,73.9,0.0,20.8,102.0,1013.1,47.3,7.9,287.5,24.7,22204,65795,0,32.1,25.8,28.3,36.9,25.8,30.4,22.8
Chaguanas,2024-03-20,76.1,0.0,16.1,103.3,1013.0,38.2,7.7,289.1,25.0,22169,65795,0,32.2,24.9,28.1,38.4,24.9,30.7,23.3
Chaguanas,2024-03-21,74.1,0.0,12.8,104.9,1012.7,36.8,7.6,285.5,24.7,22133,65795,0,32.9,23.9,27.8,37.8,23.9,29.8,22.4
Chaguanas,2024-03-22,73.4,0.0,18.3,108.9,1013.0,45.2,8.5,290.2,25.0,22098,65795,0,32.0,22.9,27.2,35.9,22.9,28.4,21.5
Chaguanas,2024-03-23,81.3,0.6096,19.7,107.4,1012.5,61.9,7.7,271.4,23.5,22062,65794,1,31.2,23.2,26.7,36.7,23.2,28.7,23.1
Chaguanas,2024-03-24,75.7,0.7111999999999999,15.0,102.9,1011.0,66.7,7.4,267.1,23.1,22026,65794,1,32.0,24.7,27.8,36.9,24.7,30.0,22.9
Chaguanas,2024-03-25,72.2,0.0,17.2,110.7,1010.4,51.7,7.9,292.7,25.2,21990,65793,0,32.9,24.8,28.2,38.9,24.8,30.6,22.6
Chaguanas,2024-03-26,73.6,0.0,13.9,107.0,1009.8,37.2,8.1,295.5,25.6,21955,65793,0,33.2,24.8,28.2,38.0,24.8,30.6,22.8
Chaguanas,2024-03-27,75.0,0.0,98.0,87.9,1010.0,45.7,6.6,294.5,25.5,21919,65792,0,33.0,22.2,27.6,48.8,22.2,30.2,22.4
Chaguanas,2024-03-28,82.1,0.0,11.4,99.2,1011.5,38.5,6.2,295.5,25.5,21883,65792,0,32.0,22.0,26.2,37.9,22.0,27.7,22.7
Chaguanas,2024-03-29,78.7,0.0,12.8,122.3,1012.2,29.0,6.2,293.6,25.3,21848,65792,0,33.0,22.0,26.8,38.1,22.0,28.9,22.4
Chaguanas,2024-03-30,71.3,0.0,11.4,22.3,1012.5,44.5,6.1,289.2,24.9,21812,65791,0,33.0,22.0,27.4,34.9,22.0,28.7,21.2
Chaguanas,2024-03-31,70.6,1.2192,16.1,82.1,1012.9,38.6,6.2,209.7,18.2,21777,65791,1,32.0,24.0,27.8,34.9,24.0,29.6,21.7
Chaguanas,2024-04-01,66.6,0.0,16.1,89.9,1012.9,52.0,7.3,198.4,17.2,21742,65791,0,32.0,25.0,28.5,34.9,25.0,30.6,21.4
Chaguanas,2024-04-02,86.4,5.0038,13.9,103.9,1012.9,62.9,5.5,176.1,15.1,21707,65790,1,30.0,25.0,25.9,36.2,25.0,26.8,23.4
Chaguanas,2024-04-03,86.7,38.099999999999994,13.9,109.0,1012.3,70.8,6.1,217.1,18.6,21672,65790,1,29.8,24.9,26.1,34.7,24.9,26.9,23.6
Chaguanas,2024-04-04,76.4,2.0065999999999997,17.2,105.7,1012.9,54.4,8.3,289.1,25.0,21637,65790,1,31.7,25.7,28.2,36.4,25.7,30.7,23.4
Chaguanas,2024-04-05,77.4,0.7111999999999999,16.1,108.9,1013.9,46.3,6.4,275.7,23.8,21603,65791,1,31.8,26.1,28.4,38.9,26.1,32.1,24.0
Chaguanas,2024-04-06,74.7,0.0,17.2,104.1,1014.0,34.2,7.5,265.9,22.8,21568,65791,0,32.7,25.7,28.7,38.1,25.7,32.2,23.6
Chaguanas,2024-04-07,78.5,0.0,15.0,103.8,1012.9,40.1,7.5,277.9,23.8,21535,65792,0,32.8,24.2,28.3,39.1,24.2,31.6,24.0
Chaguanas,2024-04-08,77.9,0.0,12.8,108.9,1013.1,48.2,8.9,291.2,25.1,21501,65792,0,33.0,23.2,27.8,38.1,23.2,30.4,23.3
Chaguanas,2024-04-09,73.7,0.0,16.1,106.2,1013.3,35.4,10.6,273.8,23.8,21468,65793,0,32.1,23.1,27.6,36.8,23.1,29.1,21.9
Chaguanas,2024-04-10,69.4,0.0,16.1,103.5,1012.6,23.2,11.3,313.6,27.0,21435,65794,0,32.4,23.8,28.1,36.4,23.8,30.1,21.7
Chaguanas,2024-04-11,73.7,0.0,18.3,99.3,1013.3,32.8,8.6,286.2,24.6,21402,65796,0,32.1,24.2,28.4,37.8,24.2,31.1,23.0
Chaguanas,2024-04-12,73.1,0.0,18.3,97.8,1014.3,41.3,7.0,294.4,25.5,21370,65797,0,33.0,25.8,28.8,36.9,25.8,32.1,23.3
Chaguanas,2024-04-13,72.7,0.0,19.7,105.7,1013.4,56.3,8.0,268.8,23.2,21338,65799,0,31.7,24.2,27.9,34.0,24.2,29.4,22.1
Chaguanas,2024-04-14,73.6,0.0,16.1,97.7,1011.6,60.2,8.5,284.6,24.7,21306,65801,0,31.2,23.8,27.5,34.3,23.8,29.2,21.9
Chaguanas,2024-04-15,80.5,0.7111999999999999,20.8,106.2,1011.0,61.5,6.8,264.2,22.7,21275,65804,1,32.0,24.7,27.3,37.9,24.7,29.7,23.6
Chaguanas,2024-04-16,78.9,2.9972,16.1,117.5,1011.3,56.8,7.2,269.8,23.4,21245,65806,1,31.7,24.9,28.2,38.8,24.9,31.4,23.9
Chaguanas,2024-04-17,79.5,0.0,16.1,116.8,1011.4,55.6,5.9,272.3,23.5,21215,65809,0,32.9,26.1,28.8,40.1,26.1,33.3,24.8
Chaguanas,2024-04-18,75.7,0.0,18.1,104.9,1010.8,66.5,5.5,262.3,22.7,21185,65812,0,32.7,25.8,28.7,36.8,25.8,31.8,23.7
Chaguanas,2024-04-19,76.4,0.0,14.5,98.8,1011.5,68.9,7.2,192.0,16.6,21156,65816,0,31.7,26.9,28.7,37.4,29.9,32.9,24.0
Chaguanas,2024-04-20,81.0,0.0,13.9,106.6,1012.4,67.6,8.2,206.5,17.7,21128,65820,0,32.1,26.1,28.1,40.8,26.1,31.8,24.4
Chaguanas,2024-04-21,73.0,0.0,15.0,110.1,1012.2,43.2,3.4,270.0,23.4,21100,65824,0,32.7,26.0,28.7,37.1,26.0,31.8,23.1
Chaguanas,2024-04-22,71.6,0.0,15.0,109.0,1012.1,30.5,3.6,289.5,25.0,21072,65828,0,32.2,24.9,28.2,36.0,24.9,30.1,22.1
Chaguanas,2024-04-23,76.5,0.0,18.3,101.8,1012.5,40.8,3.5,281.1,24.4,21045,65833,0,32.8,25.2,28.7,39.1,25.2,32.3,24.0
Chaguanas,2024-04-24,71.0,0.0,20.8,107.4,1013.0,38.7,4.1,299.8,25.8,21019,65838,0,32.2,25.8,28.4,36.2,25.8,31.0,22.4
Chaguanas,2024-04-25,81.6,0.0,16.1,110.8,1012.6,47.1,4.9,247.4,21.4,20993,65844,0,32.8,23.9,27.3,39.2,23.9,30.1,23.8
Chaguanas,2024-04-26,73.4,0.0,16.1,102.1,1011.4,52.1,7.7,307.1,26.4,20968,65850,0,32.2,24.8,28.0,36.6,24.8,29.9,22.5
Chaguanas,2024-04-27,75.4,0.0,16.1,101.8,1011.2,64.8,8.3,278.8,23.9,20944,65856,0,32.2,23.8,27.9,37.4,23.8,30.4,22.9
Chaguanas,2024-04-28,72.3,0.0,12.8,103.5,1010.6,56.0,7.6,288.7,25.0,20920,65863,0,32.2,23.7,27.8,36.4,23.7,29.7,22.0
Chaguanas,2024-04-29,68.2,0.0,13.9,107.8,1011.4,38.5,7.3,281.5,24.5,20897,65870,0,32.2,24.2,28.1,34.3,24.2,29.8,21.4
Chaguanas,2024-04-30,69.8,0.0,18.3,103.1,1011.6,37.8,9.4,288.1,24.6,20874,65877,0,32.8,24.8,28.6,37.4,24.8,30.8,22.2
Chaguanas,2024-05-01,70.1,0.0,16.1,105.4,1010.3,37.5,7.0,269.8,23.2,20852,65885,0,33.0,25.0,28.8,36.2,25.0,31.4,22.4
Chaguanas,2024-05-02,77.8,0.0,16.1,104.7,1009.2,38.2,8.2,272.5,23.4,20831,65893,0,34.0,26.7,29.4,40.6,29.9,34.4,24.8
Chaguanas,2024-05-03,77.2,0.0,13.9,110.1,1009.5,54.6,7.9,268.2,23.2,20811,65902,0,33.1,25.1,28.9,39.0,25.1,32.4,24.2
Chaguanas,2024-05-04,77.4,0.4064,17.2,108.7,1010.3,62.9,6.0,259.7,22.5,20791,65911,1,32.9,26.3,29.1,40.6,26.3,33.7,24.5
Chaguanas,2024-05-05,79.2,0.0,25.4,107.5,1011.7,67.5,4.3,252.6,21.8,20772,65920,0,32.7,26.9,29.2,41.3,29.9,35.0,25.2
Chaguanas,2024-05-06,74.6,0.0,17.2,93.9,1011.2,51.1,4.0,273.1,23.6,20754,65930,0,32.5,27.0,29.4,39.8,30.7,34.4,24.3
Chaguanas,2024-05-07,73.0,0.0,16.1,104.7,1009.6,62.2,3.8,281.4,24.3,20737,65940,0,32.0,27.0,29.2,36.6,29.8,33.2,23.6
Chaguanas,2024-05-08,74.7,0.0,16.1,120.2,1010.2,57.8,4.1,253.5,21.8,20720,65950,0,33.0,24.7,29.2,40.6,24.7,33.6,24.0
Chaguanas,2024-05-09,68.5,0.0,16.1,116.6,1011.4,51.2,4.3,285.1,24.6,20704,65961,0,33.0,26.8,29.3,37.1,29.3,32.6,22.6
Chaguanas,2024-05-10,75.3,0.0,16.1,109.0,1011.9,67.7,4.5,209.3,17.9,20689,65972,0,31.0,26.2,28.4,37.3,26.2,32.2,23.6
Chaguanas,2024-05-11,72.4,0.0,16.1,109.8,1011.9,61.8,4.7,278.1,24.1,20674,65983,0,32.2,26.0,28.8,36.1,26.0,32.1,23.2
Chaguanas,2024-05-12,71.2,0.0,17.2,110.7,1012.7,52.6,4.9,293.1,25.3,20661,65995,0,32.1,26.2,28.8,35.8,26.2,32.1,22.9
Chaguanas,2024-05-13,70.4,0.508,17.2,109.7,1013.3,36.2,6.1,279.0,24.0,20648,66008,1,33.8,25.8,29.1,40.1,25.8,32.1,22.8
Chaguanas,2024-05-14,75.7,0.0,16.1,119.0,1012.3,33.2,6.0,291.8,25.2,20636,66020,0,33.1,25.1,28.9,39.6,25.1,32.6,23.9
Chaguanas,2024-05-15,73.0,0.0,16.1,105.8,1012.2,31.6,6.1,275.7,23.8,20625,66033,0,33.2,25.8,29.1,39.2,25.8,32.1,23.4
Chaguanas,2024-05-16,79.0,0.0,19.7,106.8,1011.9,56.1,5.7,259.1,22.4,20615,66046,0,34.0,25.8,29.0,40.4,25.8,33.3,24.8
Chaguanas,2024-05-17,83.1,2.0065999999999997,18.3,106.9,1012.7,62.5,5.9,238.9,20.6,20605,66060,1,32.1,26.8,28.7,40.6,30.1,34.1,25.4
Chaguanas,2024-05-18,90.7,15.011399999999998,16.1,104.9,1013.6,72.2,4.7,198.2,17.2,20596,66074,1,29.9,25.9,27.2,37.3,25.9,30.9,25.6
Chaguanas,2024-05-19,84.7,0.1016,13.9,117.3,1013.6,64.6,6.2,245.4,21.2,20588,66088,1,31.9,26.1,28.4,40.1,26.1,33.4,25.5
Chaguanas,2024-05-20,81.3,0.0,18.3,107.2,1012.4,64.7,6.7,231.4,20.1,20581,66102,0,32.2,26.9,28.7,39.5,30.4,33.9,25.1
Chaguanas,2024-05-21,77.6,0.0,16.1,112.5,1012.3,56.1,8.7,286.3,24.6,20575,66117,0,32.8,26.1,28.8,39.8,26.1,32.6,24.3
Chaguanas,2024-05-22,80.9,0.1016,18.3,114.4,1013.2,50.1,8.9,250.0,21.6,20569,66131,1,32.2,25.9,28.3,39.2,25.9,32.4,24.7
Chaguanas,2024-05-23,81.2,0.3048,16.1,101.3,1013.2,65.2,7.6,272.7,23.6,20564,66147,1,32.9,25.9,28.6,40.1,25.9,32.6,24.9
Chaguanas,2024-05-24,77.4,2.0065999999999997,17.2,105.8,1012.5,65.7,9.6,287.7,25.0,20560,66162,1,32.8,24.9,28.5,37.7,24.9,31.5,23.8
Chaguanas,2024-05-25,83.4,0.0,11.4,120.0,1012.0,72.5,9.3,249.3,21.4,20557,66177,0,33.8,24.2,27.6,43.3,24.2,31.1,24.4
Chaguanas,2024-05-26,80.0,0.0,15.0,108.0,1013.0,50.3,10.6,249.5,21.4,20555,66193,0,33.8,26.2,29.3,41.3,26.2,34.1,25.2
Chaguanas,2024-05-27,79.3,0.0,16.1,114.4,1013.4,66.3,7.3,283.2,24.6,20553,66209,0,32.9,26.7,29.3,40.3,29.9,34.8,25.2
Chaguanas,2024-05-28,75.8,0.0,16.1,103.6,1014.3,59.3,6.5,265.6,23.0,20552,66225,0,33.1,26.7,29.6,40.6,29.6,34.9,24.7
Chaguanas,2024-05-29,81.9,0.9905999999999999,15.0,96.7,1013.6,67.6,6.5,256.9,22.3,20552,66241,1,32.7,26.2,28.6,40.2,26.2,33.5,25.1
Chaguanas,2024-05-30,91.5,15.5956,16.1,104.8,1013.3,67.6,5.1,159.1,13.7,20553,66257,1,30.1,25.8,27.2,38.6,25.8,30.8,25.7
Chaguanas,2024-05-31,86.3,2.8194,18.3,111.9,1013.5,58.9,5.6,264.5,22.9,20554,66274,1,30.8,25.0,27.8,38.8,25.0,31.8,25.3
Chaguanas,2024-06-01,83.1,2.794,12.7,94.6,1012.7,53.4,8.3,235.1,20.3,20556,66290,1,32.8,25.2,28.6,41.4,25.2,33.1,25.3
Chaguanas,2024-06-02,84.8,0.7111999999999999,13.9,115.3,1012.9,60.0,10.7,246.2,21.2,20559,66307,1,32.0,26.0,28.6,40.9,26.0,33.3,25.6
Chaguanas,2024-06-03,81.9,6.2992,13.9,113.7,1013.2,68.0,8.4,230.3,19.8,20562,66323,1,32.0,25.8,28.1,40.7,25.8,31.9,24.6
Chaguanas,2024-06-04,77.6,2.0065999999999997,10.3,121.7,1013.4,64.7,8.3,212.1,18.1,20566,66339,1,31.9,26.1,28.3,36.7,26.1,31.6,23.9
Chaguanas,2024-06-05,77.2,19.4056,16.1,108.8,1012.8,62.1,7.7,260.1,22.4,20571,66356,1,31.7,26.7,28.7,40.1,29.6,33.1,24.2
Chaguanas,2024-06-06,80.2,0.0,17.2,106.0,1013.0,51.6,6.5,253.0,21.8,20577,66372,0,32.0,26.1,28.8,40.2,26.1,33.9,25.0
Chaguanas,2024-06-07,74.5,2.0065999999999997,17.2,102.0,1014.3,53.9,6.4,259.2,22.3,20583,66389,1,30.9,26.1,28.4,36.4,26.1,31.9,23.3
Chaguanas,2024-06-08,85.6,11.5824,16.1,105.4,1014.6,63.4,6.6,208.9,18.1,20590,66405,1,30.1,26.0,27.4,37.3,26.0,30.8,24.8
Chaguanas,2024-06-09,88.0,5.4102,17.2,105.8,1013.3,71.0,6.8,234.4,20.2,20597,66421,1,31.1,25.9,27.8,40.5,25.9,31.7,25.6
Chaguanas,2024-06-10,91.7,26.9748,13.9,117.3,1013.1,73.0,6.3,136.2,11.7,20605,66437,1,30.0,24.9,26.5,37.5,24.9,28.0,25.0
Chaguanas,2024-06-11,91.5,35.9918,16.1,114.0,1013.8,76.0,5.3,160.4,13.8,20613,66453,1,30.7,24.7,26.9,38.9,24.7,29.7,25.4
Chaguanas,2024-06-12,80.3,0.0,16.1,105.1,1013.8,65.1,8.5,272.0,23.4,20623,66468,0,32.0,25.1,28.4,39.4,25.1,32.1,24.5
Chaguanas,2024-06-13,80.9,0.0,15.0,105.8,1012.8,65.4,8.2,256.8,22.2,20632,66484,0,31.9,24.9,28.3,40.1,24.9,32.2,24.5
Chaguanas,2024-06-14,87.2,6.604,16.1,111.6,1013.1,68.8,6.9,235.1,20.4,20642,66499,1,31.2,26.0,27.8,39.1,26.0,32.4,25.5
Chaguanas,2024-06-15,82.3,0.4064,16.1,109.8,1014.0,60.4,5.6,287.5,24.8,20653,66514,1,32.0,25.9,28.5,38.6,25.9,32.2,25.0
Chaguanas,2024-06-16,85.1,1.4986,16.1,115.2,1013.2,51.7,7.5,251.2,21.7,20664,66529,1,31.2,25.7,28.1,39.1,25.7,32.2,25.2
Chaguanas,2024-06-17,83.9,2.0065999999999997,11.4,110.8,1011.7,53.5,10.1,242.6,21.0,20675,66543,1,31.0,24.9,27.6,38.7,24.9,30.7,24.5
Chaguanas,2024-06-18,86.3,8.102599999999999,11.4,108.3,1011.5,57.5,6.8,147.4,12.7,20687,66557,1,28.1,24.1,26.1,32.1,24.1,27.3,23.5
Chaguanas,2024-06-19,81.4,0.0,17.2,103.8,1011.5,65.8,7.1,250.7,21.6,20700,66570,0,32.0,25.1,28.2,39.8,25.1,31.9,24.6
Chaguanas,2024-06-20,83.2,0.6096,20.8,102.8,1011.8,74.2,6.5,220.6,19.0,20712,66584,1,31.8,25.9,27.8,39.9,25.9,30.9,24.6
Chaguanas,2024-06-21,79.7,0.1016,16.1,98.6,1012.1,66.7,6.5,269.4,23.3,20725,66597,1,31.9,25.7,28.4,38.5,25.7,32.1,24.4
Chaguanas,2024-06-22,84.8,0.0,12.8,116.0,1011.8,63.0,6.6,202.7,17.5,20739,66609,0,31.1,24.9,27.6,37.5,24.9,31.1,24.7
Chaguanas,2024-06-23,82.2,2.9972,11.4,127.6,1012.5,55.5,9.6,242.8,20.9,20753,66621,1,31.9,25.8,28.2,39.1,25.8,31.5,24.7
Chaguanas,2024-06-24,82.8,0.9905999999999999,15.0,101.3,1012.8,72.8,8.0,180.1,15.6,20766,66632,1,31.8,25.0,27.8,39.8,25.0,31.3,24.6
Chaguanas,2024-06-25,84.5,2.0065999999999997,15.0,113.5,1013.6,71.6,8.4,138.6,11.9,20781,66643,1,32.0,25.1,28.0,40.7,25.1,31.7,25.0
Chaguanas,2024-06-26,83.3,1.2953999999999999,11.4,119.7,1013.9,63.4,7.2,264.3,22.7,20795,66654,1,32.2,24.9,28.1,40.6,24.9,31.9,24.8
Chaguanas,2024-06-27,74.4,0.508,16.1,105.7,1012.5,36.2,8.4,259.8,22.5,20810,66664,1,31.8,25.7,28.6,37.8,25.7,31.5,23.3
Chaguanas,2024-06-28,85.1,1.9811999999999999,11.4,108.6,1012.3,61.4,7.4,223.3,19.2,20825,66673,1,29.9,25.8,27.1,36.7,25.8,29.7,24.3
Chaguanas,2024-06-29,91.9,23.7744,15.0,101.9,1013.1,70.0,7.2,88.9,7.7,20840,66682,1,28.9,23.8,25.4,34.6,23.8,26.1,24.0
Chaguanas,2024-06-30,85.3,0.2032,13.9,105.2,1012.3,54.6,9.8,269.8,23.1,20855,66690,1,31.9,23.8,27.2,39.1,23.8,30.1,24.3
Chaguanas,2024-07-01,91.5,15.011399999999998,9.3,178.4,1010.4,64.8,7.2,74.4,6.4,20870,66697,1,29.1,25.2,26.9,35.6,25.2,29.8,25.4
Chaguanas,2024-07-02,80.5,3.5052000000000003,16.1,100.5,1012.8,51.5,7.2,257.3,22.0,20885,66704,1,31.7,24.8,28.2,39.2,24.8,31.8,24.4
Chaguanas,2024-07-03,89.5,12.090399999999999,7.0,94.3,1010.9,71.0,8.1,183.0,15.8,20901,66711,1,29.2,24.1,26.4,35.1,24.1,28.2,24.5
Chaguanas,2024-07-04,82.0,0.0,13.9,124.1,1011.0,51.8,8.5,271.7,23.7,20916,66716,0,32.1,25.9,28.6,40.3,25.9,32.9,25.1
Chaguanas,2024-07-05,82.5,2.1082,15.0,105.5,1012.7,26.1,7.1,260.9,22.3,20932,66721,1,32.1,25.7,28.4,40.9,25.7,32.5,25.0
Chaguanas,2024-07-06,84.1,0.0,13.9,104.6,1014.7,37.9,5.7,238.5,20.6,20947,66725,0,30.8,25.8,27.8,37.6,25.8,31.2,24.8
Chaguanas,2024-07-07,84.4,13.9954,6.9,110.7,1014.5,62.9,8.3,240.2,20.7,20963,66729,1,30.8,24.8,26.9,35.4,24.8,28.8,23.9
Chaguanas,2024-07-08,81.6,0.0,9.2,120.3,1013.2,51.8,10.3,275.5,23.9,20978,66731,0,32.0,24.1,27.8,40.5,24.1,32.0,24.3
Chaguanas,2024-07-09,82.3,0.6096,12.8,108.7,1012.1,45.2,6.8,262.6,22.5,20993,66733,1,32.7,25.9,28.7,40.5,25.9,33.3,25.2
Chaguanas,2024-07-10,81.8,0.0,11.4,110.2,1011.1,35.8,7.3,241.1,20.9,21008,66735,0,33.0,25.0,28.7,42.9,25.0,33.3,25.1
Chaguanas,2024-07-11,86.5,10.998199999999999,16.1,116.2,1012.0,44.7,6.4,238.6,20.7,21023,66735,1,32.0,25.2,27.8,40.6,25.2,31.7,25.3
Chaguanas,2024-07-12,93.0,17.399,8.1,105.1,1014.9,60.7,7.5,156.8,13.6,21038,66735,1,27.1,24.9,25.7,30.7,24.9,26.2,24.4
Chaguanas,2024-07-13,84.2,0.0,10.3,118.9,1014.6,53.3,8.4,241.9,20.8,21053,66734,0,32.0,23.9,27.3,38.9,23.9,30.1,24.1
Chaguanas,2024-07-14,80.1,0.0,13.9,106.3,1013.2,49.8,7.0,275.4,23.7,21068,66732,0,32.1,25.0,28.6,40.7,25.0,32.9,24.7
Chaguanas,2024-07-15,81.5,0.0,9.2,98.9,1013.4,64.4,7.6,251.4,21.7,21082,66729,0,32.8,24.8,28.5,40.6,24.8,32.6,24.8
Chaguanas,2024-07-16,86.7,19.0246,11.4,147.4,1014.2,66.8,9.3,210.1,18.2,21096,66725,1,31.2,25.2,27.3,40.6,25.2,30.3,24.9
Chaguanas,2024-07-17,82.1,31.2166,8.1,81.3,1015.6,71.1,9.8,221.0,19.1,21110,66721,1,30.9,24.9,26.8,38.6,24.9,28.4,23.4
Chaguanas,2024-07-18,79.7,13.0048,11.4,71.0,1015.1,65.7,9.0,248.3,21.6,21124,66716,1,30.8,24.0,26.6,34.0,24.0,27.8,22.6
Chaguanas,2024-07-19,75.4,0.1016,9.2,104.5,1015.1,48.1,8.5,254.1,21.8,21137,66710,1,32.8,24.8,28.1,36.9,24.8,30.8,23.1
Chaguanas,2024-07-20,76.7,0.2032,13.9,103.9,1014.5,56.4,7.9,253.2,21.8,21151,66703,1,32.2,25.1,28.1,37.1,25.1,31.0,23.5
Chaguanas,2024-07-21,68.7,0.0,13.9,94.1,1012.8,43.3,5.3,278.8,24.2,21164,66695,0,32.2,25.9,29.1,35.4,25.9,32.1,22.5
Chaguanas,2024-07-22,78.4,1.397,13.9,113.0,1013.0,57.3,6.3,241.0,20.7,21176,66687,1,31.7,25.1,27.6,35.3,25.1,29.9,23.3
Chaguanas,2024-07-23,85.2,18.897599999999997,9.2,98.4,1015.0,64.7,7.3,207.0,17.7,21188,66677,1,29.7,25.1,26.9,34.9,25.1,29.2,24.1
Chaguanas,2024-07-24,83.6,8.3058,13.9,100.1,1016.5,57.2,7.4,241.9,20.8,21200,66667,1,32.1,24.2,27.8,40.4,24.2,31.7,24.7
Chaguanas,2024-07-25,92.5,232.0036,13.9,91.6,1014.9,63.3,6.0,186.6,16.2,21212,66656,1,27.9,25.0,26.3,33.5,25.0,28.0,24.9
Chaguanas,2024-07-26,84.0,2.9972,16.1,105.4,1013.7,50.5,6.2,252.7,21.7,21223,66644,1,31.8,25.8,28.4,41.7,25.8,32.8,25.3
Chaguanas,2024-07-27,71.7,0.2032,13.9,104.2,1013.5,20.6,6.6,265.5,22.9,21234,66631,1,32.7,26.1,29.0,36.8,26.1,32.3,23.1
Chaguanas,2024-07-28,75.0,0.0,13.9,98.3,1014.2,26.4,7.6,277.8,24.0,21244,66618,0,32.0,25.1,28.6,38.9,25.1,31.9,23.6
Chaguanas,2024-07-29,87.0,7.696199999999999,13.9,114.7,1014.7,58.3,8.1,215.8,18.7,21254,66603,1,31.9,25.1,27.2,39.9,25.1,29.6,24.7
Chaguanas,2024-07-30,85.0,0.0,8.1,157.9,1014.7,58.0,8.2,260.1,22.4,21264,66588,0,31.9,24.8,27.7,40.5,24.8,31.2,24.8
Chaguanas,2024-07-31,86.3,42.011599999999994,13.9,195.9,1014.7,48.6,8.6,267.2,23.0,21273,66572,1,33.1,22.9,26.3,40.8,22.9,28.2,23.7
Chaguanas,2024-08-01,73.7,0.0,9.2,118.1,1014.2,55.7,9.5,266.4,23.0,21282,66555,0,33.1,24.9,28.3,37.0,24.9,30.7,22.8
Chaguanas,2024-08-02,74.9,0.2032,9.2,96.2,1013.4,45.4,9.0,239.9,20.6,21291,66538,1,33.0,24.7,28.6,38.2,24.7,31.6,23.4
Chaguanas,2024-08-03,80.7,0.9905999999999999,16.1,105.6,1012.5,63.1,9.0,266.2,23.0,21299,66519,1,32.2,25.1,28.6,40.8,25.1,33.1,24.9
Chaguanas,2024-08-04,84.2,3.0987999999999998,6.9,75.6,1012.1,62.9,8.6,212.7,18.5,21307,66500,1,31.8,25.9,28.1,39.9,25.9,32.0,25.1
Chaguanas,2024-08-05,86.0,16.509999999999998,9.2,111.0,1013.0,70.8,9.0,85.2,7.3,21314,66480,1,29.8,24.2,26.7,36.9,24.2,28.7,24.1
Chaguanas,2024-08-06,73.7,0.0,10.3,79.9,1012.7,59.2,9.3,243.6,21.0,21321,66459,0,32.9,25.1,28.4,36.9,25.1,31.1,23.0
Chaguanas,2024-08-07,76.3,5.9944,11.4,117.6,1011.1,50.2,8.1,257.1,22.1,21327,66437,1,31.1,25.9,27.9,36.2,25.9,30.6,23.2
Chaguanas,2024-08-08,72.4,0.0,11.4,103.7,1011.1,32.3,9.7,276.8,24.0,21333,66415,0,32.2,24.8,28.3,36.2,24.8,30.7,22.6
Chaguanas,2024-08-09,83.2,0.0,13.9,117.1,1012.0,54.7,9.5,252.1,21.8,21339,66392,0,32.1,24.9,28.1,40.4,24.9,31.8,24.8
Chaguanas,2024-08-10,90.7,2.9972,8.1,103.6,1014.2,70.9,8.3,127.7,11.0,21344,66368,1,28.1,24.0,25.9,32.7,24.0,27.0,24.2
Chaguanas,2024-08-11,87.5,0.9905999999999999,11.4,66.8,1013.4,49.4,7.7,275.8,23.8,21349,66344,1,32.1,23.9,26.7,40.4,23.9,29.2,24.4
Chaguanas,2024-08-12,87.3,2.413,13.9,318.9,1012.5,42.9,6.7,234.9,20.2,21353,66318,1,30.0,24.0,26.9,37.3,24.0,29.5,24.4
Chaguanas,2024-08-13,82.5,0.0,9.2,217.9,1013.6,63.2,10.4,195.9,17.0,21357,66293,0,31.8,23.8,27.8,39.1,23.8,31.7,24.4
Chaguanas,2024-08-14,80.8,0.0,13.9,106.8,1014.6,49.4,10.6,289.2,24.7,21361,66266,0,32.7,25.0,28.7,40.5,25.0,33.3,24.9
Chaguanas,2024-08-15,82.3,3.9878,8.1,123.4,1013.8,57.6,8.2,260.1,22.6,21364,66239,1,31.8,25.0,27.9,39.1,25.0,31.1,24.4
Chaguanas,2024-08-16,79.7,0.0,10.3,112.5,1013.0,45.8,8.1,279.9,24.1,21367,66211,0,33.0,24.7,28.5,42.3,24.7,32.9,24.6
Chaguanas,2024-08-17,73.2,0.0,8.1,118.9,1013.5,35.8,8.9,282.6,24.5,21369,66182,0,33.9,26.2,29.3,38.9,26.2,33.2,23.7
Chaguanas,2024-08-18,78.6,0.0,11.4,110.8,1013.9,31.3,8.5,265.2,23.0,21371,66153,0,33.0,24.9,28.5,40.3,24.9,32.4,24.3
Chaguanas,2024-08-19,79.5,0.0,11.4,104.0,1013.5,28.9,10.1,289.1,25.1,21373,66123,0,33.0,24.8,28.9,41.8,24.8,33.4,24.8
Chaguanas,2024-08-20,75.7,10.998199999999999,9.2,73.6,1012.9,32.0,7.4,262.6,22.7,21374,66093,1,33.1,25.8,28.6,37.1,25.8,31.3,23.5
Chaguanas,2024-08-21,71.2,0.0,8.1,122.4,1012.2,20.3,8.5,288.8,25.1,21375,66062,0,34.0,24.1,28.6,40.3,24.1,30.8,22.4
Chaguanas,2024-08-22,72.7,0.0,12.7,108.0,1011.5,41.8,8.6,277.7,23.9,21376,66031,0,32.9,25.7,28.7,38.2,25.7,31.6,23.1
Chaguanas,2024-08-23,78.4,4.7752,11.4,109.7,1011.5,62.2,8.2,239.3,20.6,21376,65999,1,32.1,25.0,27.6,36.9,25.0,30.3,23.4
Chaguanas,2024-08-24,86.5,8.001,5.8,118.3,1012.1,68.6,8.8,192.3,16.8,21376,65966,1,27.7,24.8,26.0,30.3,24.8,26.4,23.6
Chaguanas,2024-08-25,82.0,9.4996,6.9,107.1,1013.8,68.2,7.6,227.5,19.6,21376,65933,1,30.2,24.9,27.1,35.0,24.9,29.3,23.7
Chaguanas,2024-08-26,77.7,0.0,9.2,108.2,1014.1,47.9,7.7,296.6,25.7,21375,65900,0,34.1,24.7,28.9,43.3,24.7,33.5,24.4
Chaguanas,2024-08-27,90.8,17.983199999999997,8.1,17.4,1013.6,37.6,8.4,252.4,21.8,21374,65866,1,30.0,25.2,27.0,37.5,25.2,29.7,25.3
Chaguanas,2024-08-28,88.4,0.6096,9.2,262.2,1013.5,44.6,9.3,233.1,20.1,21373,65832,1,32.8,24.1,27.2,43.1,24.1,30.5,25.0
Chaguanas,2024-08-29,87.6,3.302,11.4,224.5,1013.6,49.9,9.9,230.8,20.0,21371,65797,1,32.0,24.8,26.6,40.6,24.8,28.5,24.3
Chaguanas,2024-08-30,92.0,0.6096,9.2,119.2,1012.9,52.5,8.3,235.8,20.3,21369,65762,1,30.7,24.2,26.4,38.9,24.2,28.2,24.9
Chaguanas,2024-08-31,88.3,19.9898,11.4,82.0,1012.0,66.2,8.5,164.8,14.2,21367,65726,1,30.9,24.1,27.3,40.3,24.1,31.1,25.2
Chaguanas,2024-09-01,88.7,5.0038,9.2,265.9,1012.2,66.3,8.6,182.2,15.7,21365,65690,1,31.2,25.1,27.6,39.2,25.1,31.6,25.5
Chaguanas,2024-09-02,92.9,48.9966,6.9,112.2,1012.4,77.0,6.3,115.7,10.0,21362,65654,1,29.9,24.7,26.3,37.5,24.7,27.8,25.0
Chaguanas,2024-09-03,86.0,0.0,13.9,106.8,1011.8,49.1,8.6,252.6,21.9,21360,65618,0,32.8,24.2,28.1,41.8,24.2,32.8,25.4
Chaguanas,2024-09-04,81.4,0.0,11.4,116.7,1011.5,35.9,9.4,276.8,23.9,21357,65581,0,33.2,25.2,29.2,41.9,25.2,34.2,25.5
Chaguanas,2024-09-05,80.3,0.0,5.8,130.5,1011.2,26.9,10.9,291.6,25.2,21354,65544,0,34.2,25.0,29.2,41.9,25.0,34.2,25.2
Chaguanas,2024-09-06,84.0,39.19219999999999,13.9,102.4,1010.2,44.1,10.6,262.1,22.7,21350,65506,1,33.1,25.1,28.6,43.7,25.1,33.4,25.5
Chaguanas,2024-09-07,85.2,5.0038,5.8,188.5,1009.9,70.3,8.7,257.7,22.1,21347,65469,1,33.2,25.8,28.9,45.0,25.8,34.8,26.1
Chaguanas,2024-09-08,87.3,7.010400000000001,11.4,125.9,1011.5,60.0,8.6,279.4,24.1,21343,65431,1,33.8,25.1,28.0,44.8,25.1,31.8,25.6
Chaguanas,2024-09-09,88.1,35.20439999999999,11.4,218.4,1012.0,71.0,8.2,219.7,19.0,21340,65393,1,32.8,24.2,27.3,42.9,24.2,30.1,25.1
Chaguanas,2024-09-10,87.7,1.2953999999999999,12.8,153.5,1010.9,62.3,9.0,244.6,21.0,21336,65355,1,32.2,23.9,26.9,42.6,23.9,29.4,24.6
Chaguanas,2024-09-11,86.1,7.010400000000001,9.2,125.8,1010.2,60.6,10.0,252.2,21.8,21332,65316,1,33.8,24.9,28.4,43.2,24.9,33.6,25.7
Chaguanas,2024-09-12,87.0,4.5973999999999995,8.1,139.0,1010.9,61.3,7.0,240.9,20.8,21328,65278,1,32.9,26.2,28.4,42.1,26.2,33.9,25.9
Chaguanas,2024-09-13,81.7,0.1016,12.8,133.4,1011.4,43.8,6.9,278.5,23.9,21324,65239,1,33.0,26.0,29.1,42.3,26.0,34.1,25.4
Chaguanas,2024-09-14,84.9,0.889,8.1,103.4,1012.4,57.2,7.7,253.2,21.8,21320,65200,1,31.2,26.8,28.1,39.5,29.7,33.1,25.3
Chaguanas,2024-09-15,82.9,0.508,13.9,105.4,1012.1,63.3,9.5,233.9,20.2,21316,65162,1,32.9,26.2,29.2,42.1,26.2,35.2,25.9
Chaguanas,2024-09-16,84.7,0.0,9.2,115.4,1011.8,63.7,9.8,269.3,23.4,21312,65123,0,33.8,26.7,28.9,43.9,30.3,35.1,26.0
Chaguanas,2024-09-17,83.7,0.0,13.9,118.4,1011.4,55.1,8.6,268.9,23.2,21308,65084,0,32.9,26.2,29.1,43.8,26.2,35.1,25.9
Chaguanas,2024-09-18,87.1,41.9862,11.4,126.3,1011.4,59.0,9.1,258.0,22.4,21304,65045,1,33.7,23.1,27.7,44.4,23.1,31.2,25.2
Chaguanas,2024-09-19,82.4,0.0,10.3,121.0,1010.2,45.8,8.8,290.4,25.1,21300,65007,0,33.1,24.2,28.7,41.8,24.2,33.3,25.2
Chaguanas,2024-09-20,81.8,0.0,11.4,121.2,1009.1,65.9,8.7,275.3,23.9,21296,64968,0,33.0,26.2,29.2,42.1,26.2,35.4,25.7
Chaguanas,2024-09-21,80.9,0.0,12.8,115.4,1010.4,57.7,9.2,266.7,22.9,21292,64929,0,32.9,26.2,29.3,41.8,26.2,34.9,25.5
Chaguanas,2024-09-22,79.6,0.0,12.8,119.0,1010.4,36.3,9.0,289.3,25.1,21289,64891,0,33.2,26.2,29.3,42.2,26.2,34.9,25.3
Chaguanas,2024-09-23,86.3,0.889,13.9,109.1,1011.4,46.7,9.2,251.0,21.8,21285,64852,1,32.8,25.9,28.1,43.1,25.9,32.6,25.5
Chaguanas,2024-09-24,83.1,0.0,11.4,113.8,1011.7,52.7,9.3,207.5,17.8,21281,64814,0,33.1,26.1,28.8,42.1,26.1,33.7,25.5
Chaguanas,2024-09-25,85.5,0.2032,8.1,104.2,1010.8,59.8,8.8,224.1,19.3,21278,64776,1,32.0,25.8,28.3,40.3,25.8,32.9,25.5
Chaguanas,2024-09-26,89.4,11.9888,9.2,21.7,1010.8,57.3,9.5,246.3,21.3,21275,64738,1,32.8,25.2,27.3,41.9,25.2,30.7,25.4
Chaguanas,2024-09-27,85.4,0.0,9.2,118.2,1011.3,62.5,9.7,210.7,18.3,21272,64700,0,33.1,25.8,28.6,43.7,25.8,33.7,25.8
Chaguanas,2024-09-28,82.8,0.0,12.8,91.1,1010.7,53.1,9.3,264.1,22.8,21269,64662,0,33.0,26.1,29.1,41.9,26.1,34.6,25.7
Chaguanas,2024-09-29,85.9,0.3048,8.1,99.0,1010.8,69.6,8.2,242.9,20.9,21267,64625,1,32.0,25.2,28.0,40.7,25.2,32.2,25.3
Chaguanas,2024-09-30,85.3,0.1016,11.4,61.3,1011.5,59.3,9.3,214.1,18.5,21264,64588,1,31.8,24.9,28.1,40.3,24.9,32.4,25.3
Chaguanas,2024-10-01,85.4,10.0076,9.2,287.8,1009.9,39.9,8.9,274.0,23.6,21262,64551,1,33.9,24.7,28.4,43.0,24.7,33.3,25.6
Chaguanas,2024-10-02,86.6,0.0,8.1,290.5,1009.4,43.6,9.2,295.0,25.4,21260,64515,0,33.1,24.8,27.7,42.3,24.8,30.9,25.1
Chaguanas,2024-10-03,88.9,0.0,16.1,70.9,1009.8,47.7,9.5,256.6,22.1,21259,64479,0,32.9,24.8,27.1,42.3,24.8,29.8,24.9
Chaguanas,2024-10-04,86.0,2.0065999999999997,9.2,117.2,1010.1,56.0,9.5,249.8,21.5,21258,64443,1,32.7,24.8,27.7,42.3,24.8,31.7,25.1
Chaguanas,2024-10-05,92.2,73.2028,12.8,142.3,1010.8,66.0,8.0,243.3,21.0,21257,64408,1,30.9,24.7,26.4,40.6,24.7,28.2,25.0
Chaguanas,2024-10-06,84.1,0.0,11.4,269.6,1011.4,64.4,10.0,199.9,17.1,21256,64373,0,31.2,23.8,27.2,39.1,23.8,30.4,24.2
Chaguanas,2024-10-07,84.8,6.7056,12.8,149.0,1010.7,63.7,9.4,208.7,17.9,21256,64339,1,31.7,24.1,26.3,35.6,24.1,27.3,23.4
Chaguanas,2024-10-08,84.5,0.0,15.0,128.8,1010.7,37.3,9.5,244.1,21.1,21256,64305,0,32.8,24.9,28.4,42.3,24.9,33.3,25.4
Chaguanas,2024-10-09,88.4,11.6078,13.9,135.6,1012.6,54.9,8.3,230.4,19.9,21257,64271,1,30.8,25.2,27.6,37.3,25.2,31.7,25.5
Chaguanas,2024-10-10,82.2,12.2936,13.9,132.7,1012.6,63.2,7.2,171.8,14.9,21258,64238,1,32.9,25.2,28.7,42.6,25.2,33.4,25.2
Chaguanas,2024-10-11,82.5,0.2032,13.9,121.4,1012.4,42.9,8.3,245.8,21.1,21260,64206,1,32.9,24.9,28.7,42.3,24.9,33.4,25.3
Chaguanas,2024-10-12,82.4,0.4064,16.1,114.0,1012.8,44.3,7.6,253.8,22.0,21261,64174,1,33.1,25.9,29.1,42.6,25.9,34.7,25.7
Chaguanas,2024-10-13,81.9,0.0,13.9,129.5,1014.2,54.4,9.7,260.2,22.6,21264,64143,0,33.1,26.0,29.4,44.0,26.0,35.6,25.8
Chaguanas,2024-10-14,80.8,0.0,11.4,123.2,1014.8,54.6,9.5,248.8,21.6,21267,64112,0,33.7,26.2,29.3,42.7,26.2,35.2,25.5
Chaguanas,2024-10-15,82.9,0.0,13.9,110.9,1013.3,48.9,9.6,238.7,20.6,21270,64082,0,32.2,25.2,28.2,41.1,25.2,32.4,24.9
Chaguanas,2024-10-16,82.4,0.0,12.8,97.3,1012.2,47.7,10.9,243.9,21.0,21274,64053,0,32.2,24.1,28.0,40.7,24.1,31.9,24.6
Chaguanas,2024-10-17,83.6,0.0,12.8,126.9,1011.6,40.1,11.5,250.3,21.6,21278,64024,0,32.4,25.0,28.3,41.3,25.0,32.6,25.2
Chaguanas,2024-10-18,82.3,0.0,15.0,123.3,1011.5,28.5,10.2,247.6,21.4,21283,63996,0,33.1,24.9,29.0,43.9,24.9,34.3,25.6
Chaguanas,2024-10-19,86.7,6.2992,17.2,112.8,1009.9,41.9,9.6,248.7,21.6,21289,63969,1,33.1,25.8,28.4,42.6,25.8,33.7,25.9
Chaguanas,2024-10-20,87.7,4.0893999999999995,15.0,123.9,1009.0,56.6,7.3,217.9,18.7,21295,63942,1,31.9,25.8,28.0,42.3,25.8,32.3,25.7
Chaguanas,2024-10-21,87.7,10.0076,16.1,113.3,1009.3,46.6,6.1,281.5,24.4,21301,63916,1,31.9,25.1,27.4,42.1,25.1,31.1,25.2
Chaguanas,2024-10-22,91.4,4.3942,11.4,130.7,1011.7,58.2,8.6,190.4,16.4,21308,63891,1,28.7,25.7,26.9,35.2,25.7,30.0,25.4
Chaguanas,2024-10-23,86.5,0.0,11.4,119.9,1012.4,60.1,8.6,223.0,19.2,21316,63867,0,31.8,25.1,28.4,40.6,25.1,34.0,25.9
Chaguanas,2024-10-24,92.7,12.9794,11.4,116.8,1010.6,62.9,7.7,220.2,19.0,21325,63843,1,31.0,25.8,27.1,42.2,25.8,30.7,25.8
Chaguanas,2024-10-25,87.8,15.722599999999998,13.9,124.4,1011.8,62.1,6.5,227.3,19.8,21334,63821,1,31.8,25.2,27.8,41.9,25.2,31.7,25.5
Chaguanas,2024-10-26,83.6,0.9905999999999999,16.1,111.9,1012.1,31.5,8.3,241.2,20.8,21343,63799,1,32.2,24.9,28.4,40.8,24.9,32.8,25.2
Chaguanas,2024-10-27,89.8,8.001,16.1,109.8,1011.2,51.2,8.1,212.0,18.4,21354,63778,1,31.2,24.9,27.1,39.7,24.9,29.8,25.2
Chaguanas,2024-10-28,84.6,2.0065999999999997,11.4,126.7,1011.4,67.0,9.6,266.5,23.1,21364,63758,1,32.8,25.9,28.7,41.9,25.9,33.7,25.7
Chaguanas,2024-10-29,81.1,0.0,11.4,137.6,1011.9,62.5,8.9,237.6,20.6,21376,63739,0,32.8,24.9,28.7,40.8,24.9,33.3,24.9
Chaguanas,2024-10-30,81.2,0.0,10.3,141.9,1010.9,51.9,9.2,263.1,22.9,21388,63721,0,33.0,23.1,27.7,40.3,23.1,31.2,24.0
Chaguanas,2024-10-31,82.4,0.0,9.2,128.8,1009.2,58.1,9.1,209.5,18.2,21401,63704,0,33.2,25.2,28.3,42.2,25.2,32.6,24.9
Chaguanas,2024-11-01,77.1,0.0,11.4,122.6,1008.8,40.4,10.0,255.5,22.2,21415,63687,0,32.8,24.8,28.4,40.3,24.8,31.6,23.7
Chaguanas,2024-11-02,76.4,0.9905999999999999,15.0,141.9,1009.0,38.9,10.5,235.0,20.4,21429,63672,1,33.0,24.9,28.1,37.6,24.9,30.9,23.3
Chaguanas,2024-11-03,74.4,0.0,13.9,125.1,1009.4,35.6,9.7,251.8,21.9,21444,63658,0,32.2,25.0,28.3,36.2,25.0,30.9,23.1
Chaguanas,2024-11-04,82.5,0.0,17.2,104.3,1010.4,56.9,8.2,230.4,20.0,21460,63644,0,33.0,24.9,27.9,42.7,24.9,31.3,24.6
Chaguanas,2024-11-05,83.2,17.399,8.1,153.0,1011.1,64.9,8.6,214.1,18.4,21476,63632,1,33.0,24.2,26.6,37.9,24.2,28.3,23.4
Chaguanas,2024-11-06,80.0,2.9972,11.4,125.8,1009.5,55.6,8.8,217.0,18.7,21493,63621,1,31.2,24.9,27.5,36.7,24.9,29.7,23.6
Chaguanas,2024-11-07,83.8,0.0,10.3,124.1,1008.5,63.2,8.7,193.7,16.6,21510,63610,0,32.8,25.0,28.2,42.1,25.0,32.5,25.1
Chaguanas,2024-11-08,81.4,0.0,11.4,135.7,1008.1,55.2,9.0,198.6,17.2,21529,63601,0,33.0,25.9,29.2,43.9,25.9,34.9,25.6
Chaguanas,2024-11-09,83.8,0.0,11.4,113.2,1009.7,63.8,7.1,196.3,16.8,21548,63593,0,32.0,26.2,28.7,41.6,26.2,34.6,25.7
Chaguanas,2024-11-10,78.9,0.1016,11.4,97.8,1010.7,47.8,9.7,231.1,20.0,21567,63586,1,33.1,26.0,29.0,42.2,26.0,33.3,24.7
Chaguanas,2024-11-11,84.1,0.1016,12.8,106.1,1010.4,63.8,8.4,168.9,14.7,21588,63580,1,30.2,26.1,28.1,37.7,26.1,32.8,25.1
Chaguanas,2024-11-12,89.5,35.0012,6.9,127.1,1010.4,69.8,7.2,142.7,12.2,21609,63575,1,27.1,23.9,25.7,30.3,23.9,26.3,23.8
Chaguanas,2024-11-13,88.6,16.002,18.3,128.9,1008.9,62.8,7.4,212.7,18.4,21630,63571,1,31.0,24.1,26.8,40.2,24.1,29.5,24.7
Chaguanas,2024-11-14,83.3,2.0065999999999997,9.2,125.8,1008.7,69.5,7.6,233.7,20.2,21652,63568,1,33.7,24.8,28.4,42.3,24.8,32.9,25.1
Chaguanas,2024-11-15,83.3,0.4064,17.2,113.1,1009.2,54.6,7.8,207.8,18.1,21675,63566,1,32.9,25.2,28.6,42.1,25.2,33.4,25.3
Chaguanas,2024-11-16,86.7,1.6764,9.2,115.2,1009.4,49.3,8.2,220.1,19.1,21699,63566,1,31.1,26.0,27.4,39.5,26.0,30.9,25.0
Chaguanas,2024-11-17,85.8,0.7111999999999999,13.9,128.3,1009.9,45.7,7.8,244.9,21.2,21723,63566,1,33.8,24.9,27.4,43.0,24.9,30.1,24.7
Chaguanas,2024-11-18,83.3,1.2953999999999999,10.3,141.0,1009.3,34.3,6.2,202.6,17.5,21747,63568,1,33.0,24.0,27.9,43.9,24.0,31.8,24.7
Chaguanas,2024-11-19,83.5,2.2097999999999995,9.2,126.7,1009.8,30.3,6.1,207.6,18.1,21773,63570,1,31.0,25.9,28.1,39.1,25.9,32.4,25.0
Chaguanas,2024-11-20,81.4,2.7178,10.3,127.5,1010.2,33.3,6.2,213.4,18.5,21798,63574,1,32.9,25.9,28.8,41.9,25.9,33.3,25.1
Chaguanas,2024-11-21,80.3,0.6096,12.8,131.4,1010.6,33.1,6.9,225.3,19.6,21825,63579,1,33.9,24.9,28.8,42.2,24.9,33.5,24.9
Chaguanas,2024-11-22,79.6,0.0,11.4,130.3,1011.1,34.1,9.8,236.8,20.5,21851,63585,0,33.8,25.1,28.9,40.6,25.1,33.1,24.8
Chaguanas,2024-11-23,87.4,51.206399999999995,11.4,125.1,1012.0,58.6,8.6,214.6,18.7,21879,63592,1,32.8,24.8,27.0,41.3,24.8,29.7,24.6
Chaguanas,2024-11-24,90.4,10.0076,11.4,92.1,1012.8,68.0,6.8,174.9,15.1,21907,63600,1,30.1,24.7,26.4,38.6,24.7,28.8,24.7
Chaguanas,2024-11-25,83.5,0.0,16.1,115.2,1012.6,50.6,7.5,216.4,18.7,21935,63609,0,31.9,24.9,28.1,39.9,24.9,31.6,24.9
Chaguanas,2024-11-26,90.6,0.9905999999999999,11.4,109.5,1012.0,66.0,6.6,199.3,17.3,21964,63619,1,28.0,25.1,26.4,32.8,25.1,28.2,24.8
Chaguanas,2024-11-27,85.7,13.0048,11.4,131.5,1010.8,40.3,8.4,197.4,17.1,21993,63630,1,32.8,25.1,27.9,41.5,25.1,31.8,25.2
Chaguanas,2024-11-28,84.8,0.1016,10.3,121.6,1011.5,35.6,8.8,199.9,17.2,22022,63642,1,32.9,25.2,28.1,41.8,25.2,31.9,25.2
Chaguanas,2024-11-29,87.7,1.2953999999999999,12.8,121.8,1012.5,49.8,8.6,200.1,17.4,22052,63655,1,31.7,24.9,27.6,40.3,24.9,31.2,25.3
Chaguanas,2024-11-30,89.4,26.3144,11.4,111.3,1012.6,65.5,6.1,212.0,18.3,22082,63669,1,29.9,24.8,26.6,37.1,24.8,28.7,24.7
Chaguanas,2024-12-01,88.2,0.3048,15.0,87.8,1012.3,54.2,6.1,196.4,17.0,22113,63684,1,29.9,24.9,26.2,37.3,24.9,27.2,24.0
Chaguanas,2024-12-02,80.5,11.811,17.2,103.3,1012.2,37.9,10.6,201.1,17.3,22143,63700,1,31.0,24.0,27.6,36.7,24.0,30.6,23.8
Chaguanas,2024-12-03,89.6,8.2042,13.9,105.5,1012.3,67.2,6.5,204.3,17.5,22174,63717,1,29.9,24.9,26.3,36.1,24.9,27.6,24.4
Chaguanas,2024-12-04,83.1,0.3048,16.1,106.1,1012.1,35.0,6.8,206.3,17.7,22206,63735,1,31.2,25.1,27.5,37.7,25.1,30.2,24.3
Chaguanas,2024-12-05,78.4,2.3876,16.1,95.9,1012.1,34.8,7.7,226.4,19.6,22237,63754,1,31.1,24.1,27.3,35.3,24.1,29.1,22.9
Chaguanas,2024-12-06,80.8,0.0,13.9,116.0,1011.6,35.2,8.1,235.0,20.3,22269,63774,0,31.2,23.1,27.1,36.9,23.1,29.6,23.4
Chaguanas,2024-12-07,81.7,21.4122,11.4,130.2,1011.9,44.9,9.1,225.3,19.3,22300,63794,1,31.7,24.2,27.4,37.5,24.2,29.8,23.8
Chaguanas,2024-12-08,82.7,1.4223999999999999,13.9,118.1,1012.3,37.7,9.1,220.3,19.1,22332,63815,1,30.9,24.7,27.3,36.4,24.7,29.9,24.0
Chaguanas,2024-12-09,86.0,5.1054,13.9,106.3,1012.2,51.3,8.1,173.4,15.1,22364,63838,1,30.9,24.0,26.6,37.3,24.0,28.2,23.9
Chaguanas,2024-12-10,85.9,0.0,13.9,125.1,1011.7,55.6,8.0,202.2,17.5,22396,63861,0,29.1,24.1,26.1,35.6,24.1,27.4,23.4
Chaguanas,2024-12-11,86.9,1.3208,11.4,107.3,1011.8,76.5,7.5,206.6,17.7,22428,63884,1,30.7,24.0,25.7,37.8,24.0,26.8,23.3
Chaguanas,2024-12-12,86.1,23.0124,9.2,92.8,1011.1,67.5,7.6,201.9,17.5,22460,63909,1,31.9,23.1,25.6,38.7,23.1,26.8,23.0
Chaguanas,2024-12-13,82.8,0.3048,8.1,85.7,1010.3,51.5,8.1,192.7,16.6,22491,63934,1,32.0,23.8,26.7,38.9,23.8,29.2,23.5
Chaguanas,2024-12-14,86.5,0.0,15.0,116.2,1010.7,53.0,8.9,205.2,17.8,22523,63960,0,31.0,23.8,26.6,38.0,23.8,29.1,24.0
Chaguanas,2024-12-15,86.3,0.9905999999999999,13.9,108.0,1011.2,50.8,7.9,198.1,17.3,22555,63986,1,30.7,24.1,26.9,38.3,24.1,29.7,24.3
Chaguanas,2024-12-16,85.8,1.0921999999999998,16.1,108.7,1011.6,49.1,8.9,207.0,18.1,22586,64013,1,31.8,24.8,27.3,40.4,24.8,30.5,24.7
Chaguanas,2024-12-17,88.4,3.4036,16.1,113.7,1013.3,60.2,8.2,183.3,15.8,22617,64041,1,31.0,25.1,26.9,38.7,25.1,29.3,24.8
Chaguanas,2024-12-18,91.5,15.011399999999998,16.1,116.7,1013.5,50.6,7.9,194.5,16.9,22648,64069,1,28.9,24.9,26.3,35.4,24.9,27.9,24.7
Chaguanas,2024-12-19,91.9,16.002,15.0,105.0,1013.2,65.7,6.9,169.4,14.5,22679,64098,1,28.7,24.1,26.1,34.8,24.1,27.7,24.6
Chaguanas,2024-12-20,86.6,0.7111999999999999,12.8,117.6,1011.7,52.3,8.0,206.4,17.8,22709,64128,1,31.7,24.8,27.6,38.9,24.8,30.9,25.1
Chaguanas,2024-12-21,78.8,0.0,13.9,129.6,1012.1,39.8,6.4,227.6,19.7,22739,64157,0,31.1,24.4,27.6,35.6,24.4,29.5,23.3
Chaguanas,2024-12-22,81.0,0.508,13.9,108.5,1013.1,53.0,5.9,216.1,18.6,22768,64188,1,31.1,25.1,27.5,37.8,25.1,30.3,23.9
Chaguanas,2024-12-23,77.3,0.0,13.9,110.7,1013.4,46.4,5.4,182.3,15.7,22797,64218,0,30.7,23.9,27.1,34.9,23.9,29.2,22.7
Chaguanas,2024-12-24,76.5,0.0,16.1,103.8,1012.4,57.1,2.8,209.2,18.1,22826,64249,0,30.1,24.2,27.3,34.8,24.2,29.1,22.6
Chaguanas,2024-12-25,74.5,0.0,16.1,111.2,1011.8,43.8,3.8,238.7,20.6,22854,64280,0,30.2,23.8,26.6,32.9,23.8,27.7,21.5
Chaguanas,2024-12-26,76.3,0.0,13.9,119.3,1011.8,45.8,6.6,229.1,19.9,22882,64312,0,30.2,22.9,25.9,32.6,22.9,26.7,21.2
Chaguanas,2024-12-27,74.4,0.0,11.4,117.0,1012.0,51.6,8.4,233.2,20.2,22909,64344,0,30.1,22.7,26.0,31.7,22.7,26.7,20.8
Chaguanas,2024-12-28,74.3,0.0,8.1,136.2,1012.4,49.4,8.7,227.6,19.7,22936,64376,0,31.0,22.2,26.3,33.7,22.2,27.6,21.2
Chaguanas,2024-12-29,80.1,2.3114,5.8,70.9,1012.1,49.9,9.6,207.0,18.0,22962,64408,1,30.8,22.2,25.3,33.4,22.2,25.8,21.4
Chaguanas,2024-12-30,83.2,27.000199999999996,11.4,354.6,1011.5,68.3,8.0,212.1,18.3,22987,64440,1,30.8,22.8,25.1,33.3,22.8,25.6,21.8
Chaguanas,2024-12-31,76.2,0.4064,10.3,82.0,1011.2,68.4,8.2,201.1,17.4,23012,64473,1,29.0,23.8,26.1,31.4,23.8,27.0,21.4
Chaguanas,2025-01-01,81.7,4.3942,6.9,130.3,1012.2,73.3,7.0,120.5,10.2,23036,64506,1,28.0,24.1,25.5,31.1,24.1,26.1,22.1
Chaguanas,2025-01-02,89.4,29.565599999999996,10.3,111.3,1012.3,68.7,6.3,163.0,14.1,23059,64538,1,26.1,23.9,24.8,26.1,23.9,24.8,22.9
Chaguanas,2025-01-03,84.4,2.7178,15.0,117.6,1012.3,63.8,7.9,173.4,14.8,23082,64571,1,28.8,23.9,25.4,32.9,23.9,26.3,22.6
Chaguanas,2025-01-04,81.2,0.0,13.9,112.3,1012.0,43.1,7.3,206.7,17.9,23103,64604,0,30.0,24.1,26.9,34.7,24.1,29.1,23.3
Chaguanas,2025-01-05,80.2,3.9878,13.9,115.2,1013.1,64.2,6.6,210.6,18.2,23124,64636,1,29.9,23.9,26.3,33.3,23.9,27.1,22.4
Chaguanas,2025-01-06,75.9,0.0,12.8,116.3,1013.1,49.4,9.2,239.1,20.8,23144,64669,0,30.1,22.8,26.3,32.3,22.8,27.2,21.4
Chaguanas,2025-01-07,76.6,0.0,12.8,124.8,1012.9,27.6,9.8,218.7,19.0,23164,64701,0,30.9,23.1,26.4,36.1,23.1,27.8,21.8
Chaguanas,2025-01-08,73.7,0.0,12.8,117.9,1013.0,32.4,9.0,247.5,21.4,23182,64733,0,30.1,22.8,26.3,32.4,22.8,27.1,20.9
Chaguanas,2025-01-09,72.8,0.0,10.3,115.3,1011.8,44.9,9.1,233.6,20.2,23200,64765,0,29.8,22.1,25.5,31.7,22.1,26.2,20.1
Chaguanas,2025-01-10,72.9,0.0,8.1,124.6,1011.9,57.1,9.5,218.7,18.9,23216,64797,0,31.1,21.2,25.8,32.7,21.2,26.6,20.3
Chaguanas,2025-01-11,76.0,1.1938,13.9,106.6,1012.9,55.3,8.8,232.5,20.1,23232,64829,1,30.1,23.7,26.2,32.5,23.7,27.2,21.4
Chaguanas,2025-01-12,75.7,0.0,13.9,108.8,1013.8,32.7,9.5,244.7,21.3,23247,64860,0,30.0,23.0,25.7,32.6,23.0,26.4,21.0
Chaguanas,2025-01-13,79.0,0.0,11.4,94.0,1013.7,31.0,10.0,243.8,21.2,23261,64892,0,31.8,21.7,26.1,36.4,21.7,27.6,21.9
Chaguanas,2025-01-14,75.6,0.0,10.3,56.6,1013.4,33.1,9.4,262.0,22.9,23274,64922,0,31.8,20.2,25.4,33.4,20.2,26.2,20.3
Chaguanas,2025-01-15,75.8,0.3048,9.2,79.3,1013.4,57.1,8.5,218.7,18.7,23286,64953,1,29.8,21.7,25.3,31.5,21.7,26.1,20.6
Chaguanas,2025-01-16,80.5,0.7111999999999999,15.0,113.2,1013.8,63.7,7.8,207.7,17.9,23297,64983,1,29.2,21.9,24.8,31.4,21.9,25.4,21.0
Chaguanas,2025-01-17,76.3,4.495799999999999,15.0,121.9,1014.8,40.0,9.0,230.9,20.0,23307,65013,1,29.9,23.1,26.1,32.4,23.1,27.2,21.3
Chaguanas,2025-01-18,87.8,9.6012,13.9,96.5,1015.2,57.2,7.5,203.7,17.7,23316,65042,1,28.8,23.0,25.3,33.9,23.0,26.2,23.1
Chaguanas,2025-01-19,82.9,6.985,15.0,106.6,1014.9,46.4,9.1,229.8,19.8,23323,65071,1,30.9,22.9,25.7,35.8,22.9,26.8,22.4
Chaguanas,2025-01-20,77.9,2.9972,21.9,113.8,1014.6,56.5,7.0,230.2,19.9,23330,65099,1,30.0,22.9,25.9,33.9,22.9,26.8,21.5
Chaguanas,2025-01-21,79.3,10.998199999999999,21.9,103.7,1014.5,57.1,6.7,221.2,19.1,23336,65127,1,29.1,23.0,25.8,31.8,23.0,26.8,21.8
Chaguanas,2025-01-22,78.3,7.010400000000001,13.9,110.2,1014.9,42.1,7.8,224.0,19.3,23341,65155,1,29.2,23.0,25.5,31.5,23.0,26.2,21.3
Chaguanas,2025-01-23,72.9,0.6096,13.9,119.3,1014.4,27.7,9.3,235.5,20.3,23345,65182,1,30.1,23.0,26.5,32.8,23.0,27.4,21.0
Chaguanas,2025-01-24,72.5,0.9905999999999999,12.8,113.4,1013.2,32.3,10.0,262.6,22.6,23347,65208,1,30.0,23.2,26.4,32.6,23.2,27.2,20.8
Chaguanas,2025-01-25,80.7,5.9944,15.0,119.6,1014.6,52.2,8.2,212.7,18.4,23349,65234,1,29.9,22.0,25.0,33.2,22.0,25.7,21.3
Chaguanas,2025-01-26,75.5,0.9905999999999999,11.4,115.8,1014.6,46.7,8.5,258.6,22.5,23350,65259,1,30.2,20.9,25.6,31.8,20.9,26.2,20.6
Chaguanas,2025-01-27,86.9,16.002,9.2,115.1,1013.6,61.0,6.8,194.3,16.8,23349,65284,1,27.7,23.9,25.2,31.3,23.9,25.8,22.9
Chaguanas,2025-01-28,88.1,2.0065999999999997,20.8,110.8,1012.5,63.1,7.3,180.3,15.6,23348,65308,1,29.8,22.9,26.1,35.7,22.9,28.1,24.3
Chaguanas,2025-01-29,83.9,8.2042,18.3,114.0,1013.5,55.7,6.8,194.5,16.7,23345,65332,1,29.8,24.8,26.4,33.6,24.8,27.7,23.3
Chaguanas,2025-01-30,73.9,5.1054,18.5,104.6,1014.4,39.2,6.1,240.3,20.7,23342,65355,1,29.8,24.8,26.7,32.1,24.8,27.6,21.4
Chaguanas,2025-01-31,76.3,2.0065999999999997,18.3,107.2,1014.2,33.0,6.0,229.6,19.7,23337,65377,1,30.0,22.8,26.1,32.4,22.8,27.1,21.3
Chaguanas,2025-02-01,74.0,0.2032,17.2,102.6,1013.4,38.5,5.0,246.5,21.2,23332,65399,1,30.0,23.9,26.3,32.3,23.9,27.2,21.2
Chaguanas,2025-02-02,73.9,0.0,18.3,96.2,1012.6,48.6,6.1,236.1,20.3,23325,65420,0,29.8,22.8,25.9,31.7,22.8,26.7,20.6
Chaguanas,2025-02-03,77.5,0.0,18.3,99.9,1011.9,58.8,5.2,234.8,20.1,23317,65440,0,29.8,23.7,26.2,32.7,23.7,27.3,21.8
Chaguanas,2025-02-04,69.9,0.9905999999999999,16.1,108.8,1012.1,31.0,6.1,241.5,20.8,23309,65460,1,29.7,24.2,26.6,31.1,24.2,27.2,20.4
Chaguanas,2025-02-05,70.2,0.0,12.8,110.1,1012.1,28.6,8.3,236.9,20.4,23299,65479,0,30.8,23.1,26.3,32.3,23.1,27.1,20.2
Chaguanas,2025-02-06,72.8,0.0,16.1,107.3,1012.5,40.0,8.3,247.2,21.2,23288,65498,0,30.2,22.1,26.1,32.7,22.1,27.1,20.6
Chaguanas,2025-02-07,76.6,3.0987999999999998,17.2,109.1,1012.3,55.8,7.7,227.7,19.5,23277,65516,1,29.1,23.1,25.6,31.1,23.1,26.2,21.1
Chaguanas,2025-02-08,68.3,0.0,12.8,114.7,1012.6,58.3,7.4,247.1,21.4,23264,65533,0,30.8,23.8,26.9,32.3,23.8,27.7,20.3
Chaguanas,2025-02-09,75.7,0.4064,16.1,106.8,1013.0,46.2,7.6,231.3,20.0,23251,65550,1,28.9,23.0,25.7,31.7,23.0,26.7,21.0
Chaguanas,2025-02-10,75.2,0.2032,21.9,96.6,1013.5,53.8,7.4,218.5,18.8,23236,65566,1,29.8,22.7,25.6,31.5,22.7,26.1,20.7
Chaguanas,2025-02-11,69.4,0.3048,21.9,104.5,1012.6,55.8,7.9,271.4,23.7,23221,65581,1,29.2,23.1,26.1,31.8,23.1,26.7,19.9
Chaguanas,2025-02-12,72.2,0.508,23.0,109.7,1013.2,51.4,7.5,247.9,21.4,23205,65596,1,29.0,23.0,25.9,30.8,23.0,26.7,20.4
Chaguanas,2025-02-13,71.7,0.0,17.2,104.6,1014.6,33.6,7.5,248.5,21.5,23187,65610,0,29.7,23.8,26.2,31.1,23.8,26.8,20.5
Chaguanas,2025-02-14,68.6,0.0,23.0,106.8,1014.3,49.4,7.7,222.6,19.2,23169,65624,0,29.0,23.8,26.2,31.2,23.8,26.8,19.8
Chaguanas,2025-02-15,75.2,0.7111999999999999,20.8,97.1,1012.9,71.0,6.9,235.5,20.3,23150,65637,1,29.7,21.1,24.9,31.1,21.1,25.5,20.0
Chaguanas,2025-02-16,80.4,9.398,16.1,118.0,1013.4,56.8,7.8,220.8,19.1,23131,65649,1,30.0,22.8,25.9,36.2,22.8,27.3,22.1
Chaguanas,2025-02-17,76.2,0.3048,19.7,106.9,1013.3,33.9,8.0,227.9,19.7,23110,65660,1,30.2,23.8,26.2,33.5,23.8,27.1,21.4
Chaguanas,2025-02-18,71.0,0.0,16.1,103.9,1013.1,27.6,8.3,255.2,22.1,23089,65672,0,29.8,22.9,26.2,31.5,22.9,27.0,20.3
Chaguanas,2025-02-19,68.7,0.0,17.2,114.1,1014.0,22.2,7.2,272.2,23.5,23066,65682,0,30.1,23.2,26.2,31.4,23.2,26.8,19.8
Chaguanas,2025-02-20,77.2,0.9905999999999999,20.8,116.9,1014.5,53.4,5.9,247.4,21.4,23044,65692,1,29.8,23.8,26.0,32.9,23.8,27.0,21.6
Chaguanas,2025-02-21,73.0,0.1016,13.9,118.1,1014.5,34.1,7.4,268.5,23.1,23020,65701,1,29.8,24.0,26.4,31.6,24.0,27.2,20.9
Chaguanas,2025-02-22,72.1,0.0,13.9,106.0,1014.8,26.2,6.5,256.5,22.1,22995,65710,0,30.8,22.7,26.1,32.3,22.7,26.8,20.3
Chaguanas,2025-02-23,73.6,0.0,15.0,120.1,1014.0,29.2,7.3,251.4,21.8,22970,65718,0,30.1,22.8,26.4,32.9,22.8,27.3,21.0
Chaguanas,2025-02-24,74.3,0.0,16.1,124.2,1013.3,31.1,6.8,243.3,21.0,22944,65726,0,30.2,24.1,26.8,33.2,24.1,27.8,21.6
Chaguanas,2025-02-25,75.4,0.0,19.7,118.6,1013.6,39.1,7.7,249.6,21.6,22918,65734,0,29.8,23.9,26.6,33.1,23.9,27.6,21.7
Chaguanas,2025-02-26,72.9,0.0,16.1,121.6,1014.5,29.1,7.2,269.6,23.3,22891,65740,0,30.8,23.9,26.7,33.6,23.9,27.6,21.2
Chaguanas,2025-02-27,73.7,0.0,15.0,117.1,1013.6,46.1,5.6,271.9,23.6,22863,65747,0,29.9,24.1,26.4,32.4,24.1,27.3,21.2
Chaguanas,2025-02-28,73.1,0.4064,15.0,118.3,1012.9,36.6,5.1,259.5,22.4,22835,65752,1,30.0,23.8,26.5,32.6,23.8,27.4,21.1
Chaguanas,2025-03-01,68.8,0.0,18.3,102.8,1013.0,36.9,6.5,272.2,23.4,22806,65758,0,30.8,23.8,26.3,30.7,23.8,26.7,19.7
Chaguanas,2025-03-02,71.2,0.0,15.0,104.1,1012.7,49.2,7.8,225.4,19.6,22776,65763,0,29.1,23.2,25.9,30.3,23.2,26.6,20.2
Chaguanas,2025-03-03,72.6,0.0,15.0,115.7,1011.9,27.9,6.4,251.6,21.8,22746,65767,0,30.0,23.8,26.4,31.9,23.8,27.4,20.9
Chaguanas,2025-03-04,71.7,0.0,16.1,106.9,1011.7,40.2,7.3,268.2,23.3,22716,65771,0,30.8,23.8,26.8,33.3,23.8,27.8,21.1
Chaguanas,2025-03-05,72.0,0.508,16.1,119.0,1011.3,60.3,6.9,267.5,23.0,22685,65775,1,29.8,23.2,26.1,31.5,23.2,26.8,20.4
Chaguanas,2025-03-06,79.0,0.0,15.0,122.2,1012.3,53.5,7.3,279.2,24.0,22653,65778,0,30.1,23.2,26.3,31.4,23.2,27.2,20.7
Chaguanas,2025-03-07,72.2,0.0,13.9,112.1,1014.0,48.5,7.8,279.7,24.2,22622,65781,0,32.1,23.1,27.2,34.9,23.1,28.6,21.4
Chaguanas,2025-03-08,71.9,0.0,15.0,113.2,1013.9,55.1,8.8,262.6,22.7,22589,65784,0,30.2,22.2,26.1,32.7,22.2,26.9,20.4
Chaguanas,2025-03-09,67.1,0.0,16.1,111.9,1013.7,67.1,9.8,285.3,24.8,22557,65786,0,30.2,22.2,26.3,31.5,22.2,26.9,19.3
Chaguanas,2025-03-10,66.0,11.9888,13.9,113.8,1013.4,60.3,10.0,279.3,23.9,22524,65788,1,31.0,22.1,26.6,31.9,22.1,27.0,19.3
Chaguanas,2025-03-11,69.9,0.0,13.9,112.5,1013.2,44.7,8.5,247.5,21.3,22490,65790,0,30.8,23.9,26.6,32.9,23.9,27.4,20.4
Chaguanas,2025-03-12,70.9,0.0,13.9,117.5,1013.5,40.6,7.8,271.3,23.4,22456,65792,0,31.1,23.9,26.9,33.2,23.9,28.0,20.9
Chaguanas,2025-03-13,70.1,0.0,13.9,106.1,1013.3,47.5,9.4,275.6,23.7,22422,65793,0,31.0,22.9,27.1,33.2,22.9,28.5,20.9
Chaguanas,2025-03-14,78.8,5.0038,13.9,104.3,1012.0,69.7,8.8,223.0,19.3,22388,65794,1,29.1,24.2,26.3,32.0,24.2,27.5,22.3
Chaguanas,2025-03-15,72.4,0.1016,12.8,116.1,1012.3,66.0,9.1,267.3,23.1,22354,65795,1,31.8,24.9,27.4,34.0,24.9,28.7,21.7
Chaguanas,2025-03-16,73.4,0.0,11.4,122.4,1013.5,41.3,7.4,274.8,23.8,22319,65795,0,31.8,24.2,27.7,35.2,24.2,29.2,22.2
Chaguanas,2025-03-17,73.2,0.0,15.0,120.6,1013.6,35.2,6.0,276.5,23.8,22284,65795,0,32.2,24.9,27.9,35.9,24.9,29.8,22.4
Chaguanas,2025-03-18,72.1,0.0,11.4,127.5,1013.3,55.4,7.4,293.0,25.2,22249,65796,0,31.9,24.9,27.6,34.6,24.9,29.0,21.9
Chaguanas,2025-03-19,69.8,0.0,13.9,128.6,1013.1,42.1,7.6,301.0,26.0,22213,65796,0,32.9,24.9,28.0,34.6,24.9,29.3,21.5
Chaguanas,2025-03-20,73.4,0.0,16.1,131.2,1014.5,59.4,5.6,285.0,24.7,22178,65796,0,31.2,24.2,27.3,33.9,24.2,28.8,21.9
Chaguanas,2025-03-21,72.5,0.6096,18.3,116.3,1015.4,55.9,4.8,274.8,23.7,22142,65796,1,31.1,24.1,27.2,33.2,24.1,28.4,21.6
Chaguanas,2025-03-22,70.0,0.9905999999999999,18.3,105.6,1015.6,39.4,6.2,283.3,24.3,22107,65795,1,31.1,24.8,27.4,33.2,24.8,28.5,21.2
Chaguanas,2025-03-23,71.3,0.9905999999999999,17.2,114.0,1014.8,37.8,7.8,251.7,21.8,22071,65795,1,30.8,23.9,26.9,33.2,23.9,27.9,21.0
Chaguanas,2025-03-24,69.5,2.6923999999999997,19.7,111.9,1015.2,37.9,8.3,294.7,25.5,22035,65795,1,31.0,23.8,27.0,34.1,23.8,28.1,20.6
Chaguanas,2025-03-25,70.6,0.2032,17.2,121.7,1014.7,35.5,6.7,280.0,24.2,22000,65794,1,30.2,23.1,26.6,32.0,23.1,27.5,20.7
Chaguanas,2025-03-26,73.7,4.5973999999999995,20.8,128.1,1014.5,53.9,6.4,277.8,24.1,21964,65794,1,30.1,24.2,26.6,32.6,24.2,27.4,21.3
Chaguanas,2025-03-27,74.0,3.6067999999999993,19.7,121.8,1013.7,46.9,6.4,259.1,22.4,21928,65793,1,29.9,23.8,26.5,31.8,23.8,27.5,21.3
Chaguanas,2025-03-28,70.5,0.0,16.1,121.1,1012.9,44.9,6.7,284.7,24.7,21892,65793,0,30.7,24.1,26.9,32.1,24.1,27.8,20.8
Chaguanas,2025-03-29,76.9,2.5907999999999998,20.8,100.1,1012.9,67.5,6.7,266.5,23.0,21857,65792,1,29.1,23.1,25.8,31.3,23.1,26.5,21.3
Chaguanas,2025-03-30,76.8,0.3048,23.0,95.6,1012.2,72.4,7.5,260.5,22.5,21821,65792,1,29.8,23.2,25.6,32.5,23.2,26.3,21.1
Chaguanas,2025-03-31,69.0,0.0,18.3,99.9,1012.6,62.8,8.5,283.3,24.5,21786,65792,0,30.7,23.0,26.6,32.1,23.0,27.2,20.1
Chaguanas,2025-04-01,70.3,0.0,18.3,94.8,1013.3,60.3,8.4,289.3,25.0,21751,65791,0,30.2,24.7,26.9,32.6,24.7,28.0,20.9
Chaguanas,2025-04-02,72.1,0.7111999999999999,19.7,85.8,1013.1,73.4,7.6,242.0,20.9,21716,65791,1,30.0,24.2,26.7,32.2,24.2,27.7,21.1
Chaguanas,2025-04-03,63.0,0.0,19.7,89.2,1013.4,58.3,7.2,235.3,20.3,21681,65791,0,30.8,25.0,27.3,32.1,25.0,28.0,19.5
Chaguanas,2025-04-04,70.4,2.9972,17.2,97.9,1014.9,68.7,6.5,246.9,21.3,21646,65791,1,28.2,24.1,26.1,30.1,24.1,26.5,20.2
Chaguanas,2025-04-05,78.4,4.8006,18.3,91.4,1014.7,67.7,6.7,211.0,18.2,21612,65791,1,30.0,23.1,25.5,31.9,23.1,26.1,21.3
Chaguanas,2025-04-06,79.2,3.302,20.8,106.6,1013.5,65.5,7.2,231.4,20.0,21577,65792,1,29.9,23.8,25.8,32.6,23.8,26.5,21.8
Chaguanas,2025-04-07,77.4,0.1016,17.2,98.3,1012.4,65.8,8.3,198.1,17.2,21543,65792,1,29.8,24.8,26.7,32.9,24.8,28.0,22.3
Chaguanas,2025-04-08,81.1,1.0921999999999998,17.2,104.3,1012.7,66.3,6.0,152.6,13.3,21510,65793,1,29.2,24.9,26.5,32.8,24.9,27.9,22.9
Chaguanas,2025-04-09,79.0,1.1938,18.3,104.8,1014.1,62.5,6.6,270.8,23.5,21476,65794,1,30.0,24.9,26.7,33.3,24.9,28.0,22.6
Chaguanas,2025-04-10,75.8,0.0,17.2,108.6,1013.7,52.9,6.4,269.2,23.3,21443,65795,0,30.8,24.9,27.3,34.2,24.9,28.8,22.4
Chaguanas,2025-04-11,72.7,0.0,17.2,100.5,1013.0,31.2,5.6,296.6,25.5,21411,65796,0,31.0,24.8,27.5,33.8,24.8,28.9,21.9
Chaguanas,2025-04-12,75.3,0.0,16.1,98.6,1012.7,48.6,6.7,276.7,23.8,21378,65798,0,31.1,24.9,27.6,36.3,24.9,29.6,22.7
Chaguanas,2025-04-13,79.6,0.0,16.1,113.8,1013.1,34.8,7.6,290.0,25.1,21346,65799,0,31.8,23.8,27.2,36.7,23.8,29.5,23.2
Chaguanas,2025-04-14,74.4,0.0,16.1,100.5,1013.9,30.1,7.9,274.0,23.8,21315,65801,0,31.1,24.8,27.5,34.7,24.8,29.0,22.2
Chaguanas,2025-04-15,84.1,0.9905999999999999,18.3,106.8,1013.0,37.9,8.0,265.3,22.9,21284,65804,1,30.2,24.0,26.4,36.2,24.0,28.2,23.4
Chaguanas,2025-04-16,78.1,0.9905999999999999,15.0,106.2,1012.5,41.4,8.4,280.7,24.4,21253,65806,1,31.8,24.1,27.3,36.7,24.1,29.4,23.1
Chaguanas,2025-04-17,81.2,0.1016,19.7,106.2,1012.8,57.9,7.6,250.9,21.7,21223,65809,1,31.2,25.1,27.5,36.6,25.1,30.1,23.9
Chaguanas,2025-04-18,79.4,0.0,18.3,93.9,1012.9,61.7,6.8,296.7,25.8,21193,65812,0,30.9,25.0,27.8,36.4,25.0,30.9,23.8
Chaguanas,2025-04-19,73.3,0.3048,17.2,102.7,1012.8,57.7,6.9,275.2,23.9,21164,65816,1,31.2,25.9,28.1,34.3,25.9,30.2,22.7
Chaguanas,2025-04-20,76.6,0.0,16.1,113.9,1011.9,62.7,6.5,262.1,22.7,21135,65819,0,31.9,24.1,27.6,37.4,24.1,29.6,22.8
Chaguanas,2025-04-21,77.2,10.0076,13.9,88.1,1010.3,44.0,6.9,271.8,23.5,21107,65823,1,32.8,23.8,26.2,34.8,23.8,26.8,21.4
Chaguanas,2025-04-22,85.0,97.00259999999999,13.9,96.2,1010.2,49.6,7.3,287.1,24.9,21079,65828,1,31.2,22.1,25.7,36.7,22.1,27.2,22.8
Chaguanas,2025-04-23,80.4,0.2032,11.4,113.9,1011.0,68.7,7.5,236.5,20.5,21052,65833,1,30.8,24.0,26.8,35.2,24.0,28.6,23.1
Chaguanas,2025-04-24,87.2,18.592799999999997,11.4,108.1,1011.2,74.2,5.4,186.0,16.1,21026,65838,1,28.2,25.2,26.4,32.1,25.2,27.7,24.1
Chaguanas,2025-04-25,75.8,0.0,15.0,105.9,1011.1,52.8,8.3,277.3,23.9,21000,65843,0,30.9,25.0,27.6,35.1,25.0,29.6,22.8
Chaguanas,2025-04-26,72.6,0.0,16.1,101.4,1011.1,35.1,8.2,287.9,24.8,20975,65849,0,31.7,24.8,27.5,34.6,24.8,29.0,21.9
Chaguanas,2025-04-27,72.5,0.0,15.0,110.0,1011.9,53.6,8.7,201.4,17.3,20950,65855,0,30.2,24.1,27.1,32.6,24.1,28.5,21.6
Chaguanas,2025-04-28,77.0,0.0,17.2,106.5,1012.4,56.9,8.5,284.7,24.6,20926,65862,0,31.2,24.8,27.8,36.7,24.8,30.3,23.3
