name,datetime,humidity,precip,windspeed,winddir,sealevelpressure,cloudcover,visibility,solarradiation,solarenergy,sunrise,sunset,precip_chance,tempmax c,tempmin c,avgtemp c,feelslikemax c,feelslikemin c,avgfeelsliketemp c,dewpoint c
Princes Town,2005-01-01,92.8,34.0106,10.3,70.7,1013.4,87.1,6.4,188.91875,16.31875,22986,64516,1,29.1,24.1,25.4,34.7,24.1,26.2,24.1
Princes Town,2005-01-02,79.0,6.095999999999999,13.9,39.9,1013.2,64.6,7.8,200.6,17.3375,23010,64549,1,32.1,23.1,26.6,34.3,23.1,27.5,22.1
Princes Town,2005-01-03,81.6,0.508,8.1,63.1,1012.6,55.0,8.3,206.85625,17.90625,23032,64581,1,31.8,22.1,25.5,34.0,22.1,26.4,21.8
Princes Town,2005-01-04,93.3,12.115799999999998,11.4,67.5,1011.6,83.0,6.8,198.2125,17.16875,23054,64614,1,29.2,23.1,24.6,33.7,23.1,25.1,23.4
Princes Town,2005-01-05,83.3,0.7874,4.7,50.9,1012.7,77.8,16.8,190.6875,16.5,23076,64646,1,31.3,23.7,25.1,33.4,23.7,25.3,21.8
Princes Town,2005-01-06,83.2,2.0065999999999997,10.3,67.7,1010.8,92.5,9.8,184.79375,15.975,23096,64679,1,30.2,24.6,26.6,34.7,24.6,27.7,23.3
Princes Town,2005-01-07,89.7,10.8966,12.8,77.7,1010.8,100.0,5.3,182.93125,15.8125,23116,64711,1,27.1,24.3,25.7,30.4,24.3,27.4,23.8
Princes Town,2005-01-08,83.2,8.889999999999999,10.3,70.8,1011.9,90.0,9.6,195.9375,16.975,23135,64743,1,29.2,24.1,26.0,32.7,24.1,27.2,22.7
Princes Town,2005-01-09,78.4,0.0,12.8,82.9,1011.6,81.5,9.5,191.7,16.5625,23152,64775,0,30.1,23.7,27.3,34.3,23.7,29.6,23.1
Princes Town,2005-01-10,90.8,2.0065999999999997,9.2,80.0,1010.1,68.0,7.2,200.13125,17.275,23169,64807,1,29.3,23.8,25.6,34.2,23.8,26.6,23.9
Princes Town,2005-01-11,91.0,10.998199999999999,10.3,68.7,1011.1,76.3,8.8,210.7875,18.23125,23186,64838,1,31.7,23.8,25.4,37.3,23.8,26.1,23.6
Princes Town,2005-01-12,87.9,0.0,10.3,45.2,1011.4,35.5,10.0,204.53125,17.70625,23201,64869,0,31.3,24.1,26.1,37.4,24.1,27.2,23.8
Princes Town,2005-01-13,86.9,11.7094,13.9,63.5,1012.7,82.5,4.5,204.8625,17.7375,23215,64900,1,29.3,24.6,26.9,35.0,24.6,29.6,24.4
Princes Town,2005-01-14,83.9,8.102599999999999,16.1,60.4,1011.7,88.2,6.3,211.31875,18.2875,23228,64931,1,31.1,25.1,27.3,36.7,25.1,29.6,24.3
Princes Town,2005-01-15,92.1,18.516599999999997,16.1,75.8,1010.8,91.3,5.1,205.8375,17.8125,23241,64961,1,29.2,23.1,25.2,33.9,23.1,25.9,23.7
Princes Town,2005-01-16,95.8,32.9946,5.8,90.0,1010.2,66.7,8.9,205.05625,17.7,23252,64991,1,25.2,23.2,24.2,25.2,23.2,24.2,23.4
Princes Town,2005-01-17,97.4,0.0,0.0,90.0,1009.6,35.7,8.6,209.99375,18.1625,23262,65020,0,24.8,21.8,22.4,24.8,21.8,22.4,22.1
Princes Town,2005-01-18,71.0,0.0,13.9,332.4,1010.3,90.0,9.5,215.1875,18.6125,23272,65049,0,31.7,26.8,28.9,36.2,29.2,32.5,23.0
Princes Town,2005-01-19,84.6,10.2108,11.4,291.6,1010.0,90.0,7.0,213.30625,18.4375,23280,65078,1,28.1,24.1,25.8,32.8,24.1,26.5,22.9
Princes Town,2005-01-20,78.5,0.0,12.8,325.9,1010.6,80.6,9.8,223.86875,19.31875,23288,65106,0,33.1,22.8,26.9,37.8,22.8,28.4,22.6
Princes Town,2005-01-21,89.1,16.002,16.1,55.5,1012.1,91.4,9.2,213.9625,18.48125,23294,65134,1,26.1,24.2,25.1,26.1,24.2,25.1,23.1
Princes Town,2005-01-22,93.1,7.518399999999999,10.3,63.2,1012.9,90.0,8.2,211.0,18.18125,23299,65161,1,27.6,23.8,25.1,31.1,23.8,25.4,23.8
Princes Town,2005-01-23,75.5,2.0065999999999997,18.3,68.4,1013.3,66.0,11.2,214.68125,18.525,23303,65188,1,30.8,24.7,28.0,35.2,24.7,30.3,23.1
Princes Town,2005-01-24,74.3,0.3048,13.9,80.0,1013.7,64.7,9.2,228.6125,19.69375,23307,65214,1,30.6,22.8,27.7,34.6,22.8,29.9,22.6
Princes Town,2005-01-25,78.6,0.0,11.4,69.3,1013.2,45.0,10.6,227.3625,19.6875,23309,65239,0,30.7,21.7,25.1,32.4,21.7,25.6,20.8
Princes Town,2005-01-26,86.4,0.0,16.1,70.0,1013.3,31.3,12.3,223.225,19.30625,23310,65265,0,31.3,21.1,23.7,34.1,21.1,24.0,20.9
Princes Town,2005-01-27,70.9,0.0,17.2,61.7,1013.3,48.8,8.8,210.725,18.18125,23310,65289,0,31.3,22.1,27.5,34.7,22.1,29.3,21.4
Princes Town,2005-01-28,65.5,0.0,11.4,61.7,1011.3,68.9,8.3,216.5375,18.69375,23309,65313,0,32.2,24.7,28.9,35.7,24.7,31.3,21.6
Princes Town,2005-01-29,74.9,0.0,10.3,36.6,1010.8,62.2,12.1,210.09375,18.08125,23307,65336,0,30.8,22.7,26.2,32.9,22.7,26.9,21.0
Princes Town,2005-01-30,78.2,0.508,10.3,1.5,1010.5,64.0,9.8,222.9375,19.23125,23304,65359,1,32.3,22.1,25.5,34.0,22.1,26.1,20.8
Princes Town,2005-01-31,69.3,0.0,10.3,350.1,1010.7,45.7,11.5,229.48125,19.7875,23300,65381,0,33.1,20.1,26.4,33.6,20.1,26.9,19.3
Princes Town,2005-02-01,77.2,0.0,11.4,9.9,1010.3,34.7,9.5,229.45,19.8125,23295,65402,0,33.1,19.1,24.4,34.7,19.1,25.1,19.6
Princes Town,2005-02-02,72.5,0.0,11.4,80.1,1010.1,36.0,10.9,231.00625,19.9625,23289,65423,0,32.1,20.1,25.8,33.0,20.1,26.4,19.6
Princes Town,2005-02-03,77.9,0.0,6.9,31.1,1011.9,83.5,9.2,225.25,19.43125,23282,65443,0,30.1,21.3,25.3,32.0,21.3,26.3,20.9
Princes Town,2005-02-04,77.9,0.0,9.2,109.5,1013.4,75.7,12.8,225.5,19.41875,23274,65463,0,31.2,20.1,23.9,32.1,20.1,24.2,19.3
Princes Town,2005-02-05,78.0,0.0,15.0,67.7,1013.5,79.2,9.1,217.85,18.8125,23264,65481,0,30.7,22.7,26.4,34.2,22.7,27.8,21.9
Princes Town,2005-02-06,65.9,0.9905999999999999,13.9,74.6,1011.6,47.3,10.4,221.55,19.14375,23254,65500,1,31.3,25.3,29.9,35.6,25.3,33.3,22.7
Princes Town,2005-02-10,77.8,0.0,15.7,71.8,1010.3,83.3,8.7,232.15625,20.09375,23204,65566,0,30.7,25.7,27.8,34.6,25.7,30.2,23.3
Princes Town,2005-02-11,69.8,0.0,12.8,69.7,1011.6,77.8,9.5,238.43125,20.675,23190,65581,0,33.1,23.7,29.2,38.2,23.7,31.9,22.7
Princes Town,2005-02-12,75.7,0.0,11.4,75.0,1012.2,73.3,10.2,230.65,19.95,23174,65595,0,32.3,23.1,26.8,34.3,23.1,27.7,21.6
Princes Town,2005-02-13,70.6,0.0,11.4,94.5,1012.9,77.5,9.5,241.64375,20.89375,23157,65609,0,32.1,24.2,28.7,35.9,24.2,30.5,22.4
Princes Town,2005-02-14,77.5,0.7874,13.9,75.1,1013.8,74.0,11.5,219.3625,18.95625,23140,65622,1,30.8,23.6,26.7,34.2,23.6,27.9,22.2
Princes Town,2005-02-15,73.5,0.6096,12.8,82.1,1011.2,34.1,8.4,240.3875,20.80625,23121,65635,1,32.2,23.1,27.6,36.0,23.1,29.1,21.9
Princes Town,2005-02-16,74.5,0.508,8.1,64.9,1009.9,49.4,8.9,241.3,20.8625,23102,65646,1,33.1,21.1,26.8,36.7,21.1,28.3,21.3
Princes Town,2005-02-17,72.6,0.0,12.8,323.4,1011.0,59.3,7.8,234.43125,20.29375,23082,65658,0,33.1,22.1,27.7,37.2,22.1,29.6,21.9
Princes Town,2005-02-18,73.6,0.0,12.8,341.2,1012.2,82.4,7.8,238.41875,20.625,23061,65668,0,34.1,22.1,26.9,36.6,22.1,28.0,21.2
Princes Town,2005-02-19,70.6,0.0,15.0,18.9,1013.2,72.2,8.8,239.5875,20.725,23040,65678,0,33.8,22.3,27.3,37.0,22.3,28.4,20.9
Princes Town,2005-02-20,74.1,0.0,12.8,15.7,1013.7,52.1,9.5,244.3375,21.11875,23017,65688,0,34.1,21.1,26.8,35.7,21.1,27.6,20.8
Princes Town,2005-02-21,65.6,0.3048,20.8,9.1,1013.3,61.5,7.7,250.41875,21.6125,22994,65697,1,33.1,22.1,27.7,34.7,22.1,28.4,19.9
Princes Town,2005-02-22,77.5,0.0,16.1,54.6,1012.8,73.5,6.2,228.21875,19.73125,22970,65705,0,31.1,21.8,25.8,34.3,21.8,26.8,21.3
Princes Town,2005-02-23,79.1,0.9905999999999999,11.4,46.3,1013.2,71.9,6.9,233.9375,20.23125,22946,65713,1,32.1,23.1,25.8,35.3,23.1,26.5,21.7
Princes Town,2005-02-24,78.6,0.9905999999999999,16.1,72.2,1013.6,52.5,7.4,231.075,19.99375,22920,65720,1,32.1,22.1,26.3,35.0,22.1,27.5,21.9
Princes Town,2005-02-25,79.0,0.0,16.1,76.7,1013.2,64.7,7.2,239.0125,20.662499999999998,22894,65727,0,33.1,24.1,27.5,37.2,24.1,29.3,23.1
Princes Town,2005-02-26,73.2,0.3048,16.1,65.1,1013.1,65.5,7.9,249.43125,21.55,22868,65734,1,33.1,23.8,27.7,37.2,23.8,29.3,22.1
Princes Town,2005-02-27,77.1,0.0,13.9,68.9,1012.5,72.0,7.2,239.3125,20.68125,22841,65739,0,33.1,22.1,27.2,36.2,22.1,28.6,22.2
Princes Town,2005-02-28,85.1,7.086600000000001,16.1,70.1,1012.9,48.0,8.1,250.7625,21.66875,22813,65745,1,32.1,23.8,26.0,34.5,23.8,26.8,23.0
Princes Town,2005-03-01,75.9,0.0,15.0,75.8,1013.1,35.3,8.8,248.7875,21.50625,22784,65750,0,33.1,21.1,26.9,37.2,21.1,28.4,21.6
Princes Town,2005-03-02,62.9,0.0,13.9,76.5,1012.9,40.7,8.7,240.45,20.80625,22755,65754,0,33.2,24.1,29.5,35.6,24.1,31.4,21.2
Princes Town,2005-03-03,68.6,0.508,12.8,72.2,1013.3,48.1,9.0,252.7,21.84375,22726,65758,1,33.1,23.3,28.0,36.2,23.3,29.6,21.3
Princes Town,2005-03-04,72.7,0.0,12.8,81.8,1013.4,53.2,8.5,240.5875,20.79375,22696,65762,0,32.2,21.6,27.1,34.7,21.6,28.3,21.2
Princes Town,2005-03-05,77.6,0.0,13.9,84.3,1013.0,72.8,8.7,243.88125,21.00625,22666,65765,0,32.7,22.1,26.3,34.7,22.1,27.2,21.5
Princes Town,2005-03-06,72.8,0.0,12.8,65.9,1014.1,84.4,9.9,250.44375,21.66875,22635,65768,0,33.3,22.1,27.2,36.8,22.1,28.4,21.4
Princes Town,2005-03-07,61.3,0.0,19.5,64.2,1013.7,51.4,9.9,250.39375,21.6125,22603,65770,0,33.3,23.8,30.1,37.3,23.8,32.8,21.6
Princes Town,2005-03-08,77.5,0.9905999999999999,11.4,52.4,1013.8,73.3,8.1,252.89375,21.83125,22572,65772,1,33.1,22.7,26.4,34.7,22.7,27.3,21.7
Princes Town,2005-03-09,72.1,0.0,12.8,79.5,1013.0,77.1,8.3,250.70625,21.60625,22539,65774,0,33.8,22.1,27.2,36.1,22.1,28.1,21.0
Princes Town,2005-03-10,77.3,0.0,12.8,80.5,1012.1,74.5,9.3,233.85625,20.225,22507,65776,0,33.7,23.2,27.1,36.8,23.2,28.3,22.4
Princes Town,2005-03-11,83.9,1.4986,12.8,70.0,1012.8,60.7,7.6,239.675,20.69375,22474,65777,1,32.1,24.1,26.4,38.1,24.1,28.1,23.3
Princes Town,2005-03-12,65.9,0.0,16.1,128.8,1014.0,39.4,8.3,251.225,21.65,22441,65778,0,32.1,22.7,29.0,35.9,22.7,31.2,21.6
Princes Town,2005-03-13,70.0,0.0,16.1,97.6,1013.2,51.4,8.9,250.70625,21.65625,22407,65779,0,33.2,21.1,27.9,37.2,21.1,29.7,21.4
Princes Town,2005-03-14,62.4,0.0,12.8,79.3,1012.1,33.0,8.6,252.825,21.81875,22373,65779,0,33.1,23.1,28.5,34.7,23.1,29.4,19.9
Princes Town,2005-03-15,68.4,0.0,11.4,69.3,1011.7,48.9,9.4,243.2625,21.025,22339,65779,0,34.1,21.2,26.7,36.6,21.2,27.7,19.8
Princes Town,2005-03-16,66.9,0.0,13.9,64.6,1012.7,52.5,10.5,246.19375,21.23125,22305,65779,0,33.8,21.1,27.0,35.7,21.1,27.8,19.7
Princes Town,2005-03-17,57.2,0.0,15.0,73.2,1013.3,61.4,7.5,273.14375,23.575,22271,65779,0,34.1,21.8,29.4,34.7,21.8,30.6,19.4
Princes Town,2005-03-18,72.3,0.0,11.4,69.4,1013.2,44.4,9.7,270.525,23.43125,22236,65779,0,32.8,24.3,26.6,35.1,24.3,27.0,20.9
Princes Town,2005-03-19,72.5,0.0,13.9,78.6,1013.3,67.8,7.5,260.9875,22.54375,22201,65779,0,33.2,23.1,28.1,37.2,23.1,30.1,22.2
Princes Town,2005-03-20,86.5,0.0,16.1,75.1,1013.5,32.3,7.1,261.0,22.50625,22166,65778,0,32.8,24.1,25.9,35.4,24.1,26.5,23.2
Princes Town,2005-03-21,68.8,0.9905999999999999,17.2,74.0,1013.5,40.0,6.6,251.84375,21.75,22131,65777,1,33.2,24.1,28.7,35.9,24.1,30.4,21.9
Princes Town,2005-03-22,70.4,0.7874,20.8,66.7,1015.2,50.0,7.0,257.79375,22.28125,22096,65776,1,33.1,24.7,28.9,36.2,24.7,31.7,22.7
Princes Town,2005-03-23,67.1,0.0,18.3,74.8,1015.8,35.6,7.5,254.925,22.0,22061,65776,0,33.6,24.3,28.9,35.9,24.3,30.5,21.6
Princes Town,2005-03-24,68.0,0.0,15.0,75.9,1015.1,41.4,7.9,264.70625,22.86875,22025,65775,0,33.1,24.1,28.5,36.5,24.1,30.2,21.5
Princes Town,2005-03-25,92.6,9.0932,12.8,72.0,1013.7,75.3,6.1,257.86875,22.28125,21990,65774,1,27.1,24.1,24.9,30.4,24.1,25.1,23.6
Princes Town,2005-03-26,89.4,10.1854,18.3,62.3,1013.0,67.5,5.8,256.4375,22.16875,21955,65773,1,30.1,23.1,25.2,34.3,23.1,26.1,23.3
Princes Town,2005-03-27,76.8,3.302,15.0,76.1,1013.1,52.5,9.2,262.775,22.675,21920,65772,1,31.3,25.1,27.3,34.4,25.1,28.8,22.7
Princes Town,2005-03-28,82.7,1.8795999999999997,15.0,65.8,1012.6,74.2,7.6,263.2125,22.725,21884,65771,1,30.3,23.7,26.2,33.9,23.7,27.4,22.8
Princes Town,2005-03-29,68.4,2.0065999999999997,21.9,67.1,1013.2,60.7,9.0,260.5625,22.5,21849,65770,1,32.1,24.3,28.9,35.9,24.3,31.3,22.2
Princes Town,2005-03-30,82.0,0.0,17.2,65.2,1013.2,67.3,7.9,259.55,22.41875,21814,65769,0,31.7,23.8,26.4,34.6,23.8,27.6,22.8
Princes Town,2005-03-31,82.3,2.9972,17.2,62.6,1012.7,80.0,4.9,243.16875,21.04375,21779,65768,1,31.1,24.1,26.9,36.7,24.1,28.7,23.5
Princes Town,2005-04-01,73.5,0.0,17.2,73.0,1013.4,56.9,6.5,258.43125,22.36875,21744,65767,0,32.1,25.6,28.9,36.9,25.6,31.9,23.4
Princes Town,2005-04-02,76.3,0.0,13.9,72.0,1012.7,46.7,6.6,258.14375,22.3,21710,65766,0,33.1,24.1,28.3,38.2,24.1,30.9,23.4
Princes Town,2005-04-03,70.4,0.0,17.2,63.4,1013.6,53.1,5.9,262.34375,22.66875,21675,65766,0,32.1,26.3,29.6,36.9,26.3,33.6,23.4
Princes Town,2005-04-04,85.3,0.0,11.4,69.8,1013.9,55.7,6.7,263.7,22.79375,21641,65765,0,29.3,25.1,26.3,32.3,25.1,26.8,23.5
Princes Town,2005-04-05,72.9,0.0,21.9,61.3,1013.6,76.7,6.4,259.35,22.41875,21607,65765,0,32.1,24.8,28.4,35.6,24.8,30.6,22.7
Princes Town,2005-04-06,67.6,0.0,18.3,59.3,1013.6,84.0,6.9,253.11874999999998,21.825,21573,65764,0,32.2,25.2,28.8,35.0,25.2,31.2,21.9
Princes Town,2005-04-07,69.0,0.0,19.5,56.6,1013.4,68.3,6.8,262.475,22.6875,21539,65764,0,33.1,25.1,28.6,37.2,25.1,30.8,22.1
Princes Town,2005-04-08,74.8,0.0,17.2,67.6,1012.4,75.2,6.4,258.98125,22.39375,21506,65764,0,32.7,25.1,28.3,37.3,25.1,30.8,23.2
Princes Town,2005-04-09,77.4,2.9972,18.3,68.4,1012.5,79.5,6.6,258.41875,22.3,21473,65765,1,32.1,24.3,27.8,36.9,24.3,29.7,23.2
Princes Town,2005-04-10,82.2,0.508,17.2,72.0,1011.2,75.7,6.4,260.64375,22.55625,21441,65765,1,31.1,24.1,27.0,34.7,24.1,28.6,23.4
Princes Town,2005-04-11,78.1,0.0,15.0,73.4,1010.3,88.3,6.8,262.55625,22.63125,21408,65766,0,34.1,25.1,28.3,42.6,25.1,30.9,23.7
Princes Town,2005-04-12,77.1,0.0,15.0,79.8,1011.3,85.0,6.9,256.69375,22.13125,21376,65767,0,33.2,25.7,28.7,38.2,25.7,31.6,23.9
Princes Town,2005-04-13,76.7,0.0,19.5,71.1,1012.3,90.0,6.2,254.16875,21.9625,21345,65768,0,33.1,25.1,28.2,37.2,25.1,30.3,23.4
Princes Town,2005-04-14,74.4,0.0,18.3,72.7,1012.1,84.8,5.1,239.6,20.73125,21314,65770,0,32.3,25.1,28.4,37.1,25.1,30.3,23.0
Princes Town,2005-04-15,72.7,0.0,19.5,78.8,1011.8,53.3,5.4,240.85,20.78125,21283,65771,0,33.1,24.7,28.5,37.2,24.7,30.7,22.7
Princes Town,2005-04-16,72.0,0.0,17.2,70.3,1013.2,50.0,6.1,255.75625,22.08125,21252,65773,0,33.1,24.1,28.2,35.6,24.1,29.9,22.2
Princes Town,2005-04-17,71.2,0.0,19.5,65.3,1012.9,61.7,6.7,252.5375,21.80625,21223,65776,0,33.2,22.3,27.7,35.4,22.3,28.9,21.3
Princes Town,2005-04-18,73.1,0.0,15.0,74.2,1011.4,60.0,7.1,255.81875,22.0875,21193,65778,0,33.1,23.8,28.2,36.2,23.8,30.2,22.4
Princes Town,2005-04-19,73.1,0.0,16.1,74.1,1011.0,79.0,7.2,244.83125,21.15,21164,65781,0,34.2,24.7,28.4,38.3,24.7,30.6,22.8
Princes Town,2005-04-20,76.9,0.0,15.0,70.6,1011.3,88.3,6.9,241.60625,20.89375,21136,65784,0,34.1,25.1,28.3,39.5,25.1,30.9,23.6
Princes Town,2005-04-21,71.0,0.0,13.9,86.4,1011.0,70.0,6.9,243.70625,21.09375,21108,65788,0,34.1,25.8,29.1,37.4,25.8,31.1,22.7
Princes Town,2005-04-22,77.6,0.0,17.2,104.9,1010.6,86.3,7.4,258.0375,22.26875,21081,65792,0,33.3,25.1,28.7,39.4,25.1,32.1,24.1
Princes Town,2005-04-23,76.0,0.0,13.9,92.7,1011.3,76.7,6.7,249.11875,21.525,21054,65796,0,34.1,26.1,29.2,40.7,26.1,32.8,24.2
Princes Town,2005-04-24,73.3,0.0,16.1,89.0,1011.8,55.8,7.0,251.10000000000002,21.69375,21028,65800,0,33.6,25.1,29.1,38.2,25.1,31.9,23.4
Princes Town,2005-04-25,72.5,0.0,13.9,82.1,1012.5,43.8,5.7,247.0125,21.275,21002,65805,0,35.1,25.8,29.2,38.7,25.8,31.4,23.1
Princes Town,2005-04-26,68.5,0.0,13.9,75.4,1012.9,38.8,8.3,256.91875,22.18125,20977,65811,0,34.1,24.1,28.9,37.4,24.1,30.7,21.9
Princes Town,2005-04-27,67.6,0.0,16.1,71.2,1012.8,40.8,8.9,242.725,20.95625,20953,65816,0,34.1,22.1,28.4,36.6,22.1,30.1,21.3
Princes Town,2005-04-28,67.0,0.0,11.4,85.7,1012.4,46.7,8.4,260.54375,22.525,20929,65822,0,35.1,24.1,28.8,37.8,24.1,30.4,21.4
Princes Town,2005-04-29,75.1,0.0,15.0,81.7,1012.4,73.5,8.8,229.61333333333332,19.833333333333332,20906,65829,0,34.1,24.1,28.4,37.4,24.1,31.1,23.2
Princes Town,2005-04-30,79.9,2.0065999999999997,13.9,83.0,1013.7,75.4,8.0,249.62,21.526666666666664,20884,65836,1,32.8,24.7,27.8,38.1,24.7,30.2,23.8
Princes Town,2005-05-01,87.8,4.8768,17.2,97.7,1014.4,85.4,8.1,239.43333333333334,20.666666666666668,20862,65843,1,30.1,24.8,26.4,36.3,24.8,28.0,24.2
Princes Town,2005-05-02,80.9,0.0,9.2,88.2,1013.4,81.3,8.2,227.28000000000003,19.646666666666665,20841,65850,0,33.1,23.7,27.6,37.2,23.7,29.9,23.6
Princes Town,2005-05-03,76.6,0.0,17.2,81.3,1013.0,43.9,8.2,227.57333333333332,19.646666666666665,20821,65858,0,34.1,24.1,28.4,39.5,24.1,31.2,23.4
Princes Town,2005-05-04,77.9,0.0,20.8,69.6,1013.5,61.7,8.1,236.32666666666668,20.38,20801,65867,0,32.8,25.1,28.1,37.5,25.1,30.4,23.6
Princes Town,2005-05-05,79.6,4.0893999999999995,17.2,70.9,1013.6,66.7,7.7,257.54,22.240000000000002,20782,65875,1,34.1,25.1,28.1,37.4,25.1,30.7,23.9
Princes Town,2005-05-06,89.5,2.0065999999999997,16.1,73.4,1013.4,79.1,6.1,253.53333333333333,21.86,20764,65884,1,30.8,24.1,26.3,36.2,24.1,27.9,24.4
Princes Town,2005-05-07,85.1,2.9972,21.9,73.9,1012.5,75.8,6.6,258.2266666666667,22.259999999999998,20747,65894,1,32.2,24.1,27.5,38.1,24.1,30.1,24.5
Princes Town,2005-05-08,81.9,1.2953999999999999,13.9,74.5,1012.0,76.3,7.1,227.12,19.626666666666665,20730,65904,1,32.1,25.1,28.0,39.3,25.1,30.8,24.4
Princes Town,2005-05-09,81.0,3.5813999999999995,15.0,82.7,1011.7,86.7,6.5,245.52,21.240000000000002,20714,65914,1,31.1,24.7,27.7,37.9,24.7,30.2,23.9
Princes Town,2005-05-10,78.5,0.0,15.0,81.4,1011.7,84.2,6.5,241.36666666666667,20.833333333333332,20699,65924,0,32.7,24.1,28.1,39.2,24.1,31.0,23.7
Princes Town,2005-05-11,74.8,0.0,16.1,94.3,1011.1,68.3,7.7,262.49333333333334,22.626666666666665,20685,65935,0,33.1,24.1,28.4,37.2,24.1,30.9,23.1
Princes Town,2005-05-12,84.7,6.095999999999999,15.0,83.8,1011.0,60.5,6.9,250.81333333333333,21.686666666666667,20671,65947,1,32.2,24.1,27.6,38.8,24.1,30.6,24.6
Princes Town,2005-05-13,78.3,2.0065999999999997,16.1,87.2,1010.1,83.3,5.9,257.35333333333335,22.233333333333334,20659,65958,1,32.6,25.6,28.6,38.1,25.6,31.4,24.1
Princes Town,2005-05-14,83.8,10.8966,16.1,62.1,1009.7,89.2,5.8,226.82,19.586666666666666,20647,65970,1,32.1,25.1,28.0,38.1,25.1,31.1,24.8
Princes Town,2005-05-15,92.1,8.407399999999999,12.8,71.7,1009.5,89.2,5.6,227.76000000000002,19.64,20635,65983,1,30.2,25.1,26.9,37.6,25.1,29.5,25.5
Princes Town,2005-05-16,95.4,34.0868,13.9,83.5,1010.5,87.8,5.1,238.27333333333334,20.573333333333334,20625,65996,1,29.1,24.7,25.8,35.8,24.7,26.2,24.9
Princes Town,2005-05-17,79.6,0.3048,12.8,79.2,1010.9,67.3,6.6,244.72,21.18,20615,66009,1,33.1,24.7,28.4,38.2,24.7,31.3,24.1
Princes Town,2005-05-18,77.9,0.0,13.9,73.5,1010.1,52.7,7.3,240.72666666666666,20.740000000000002,20607,66022,0,34.1,23.1,27.9,39.5,23.1,30.4,23.3
Princes Town,2005-05-19,86.3,11.2014,8.1,223.7,1009.4,68.2,7.7,237.61333333333332,20.553333333333335,20599,66036,1,33.1,23.3,27.1,40.7,23.3,30.1,24.4
Princes Town,2005-05-20,77.7,0.0,11.4,84.0,1010.4,79.1,8.6,246.41333333333333,21.279999999999998,20591,66049,0,34.1,23.8,28.9,40.7,23.8,32.9,24.3
Princes Town,2005-05-21,77.9,0.0,10.3,81.9,1011.1,90.0,6.1,230.35333333333332,19.88,20585,66064,0,33.1,25.1,28.5,38.2,25.1,31.6,24.0
Princes Town,2005-05-22,80.8,0.0,15.0,90.2,1011.1,60.8,7.9,219.64,18.959999999999997,20579,66078,0,33.3,25.1,28.7,40.6,25.1,32.7,24.8
Princes Town,2005-05-23,75.6,0.0,11.4,86.7,1010.2,40.4,8.7,222.1,19.186666666666667,20574,66093,0,34.1,26.1,29.5,39.6,26.1,33.8,24.4
Princes Town,2005-05-24,79.6,50.0126,12.8,91.2,1010.7,51.3,8.4,241.92000000000002,20.886666666666667,20570,66108,1,33.1,25.1,28.8,39.4,25.1,33.1,24.7
Princes Town,2005-05-25,79.4,0.0,13.9,80.6,1011.7,61.7,8.3,230.43333333333334,19.873333333333335,20567,66123,0,33.1,24.8,28.7,39.4,24.8,32.6,24.6
Princes Town,2005-05-26,81.7,2.0065999999999997,13.9,83.2,1012.5,73.0,7.5,207.38,17.88,20565,66138,1,32.1,25.1,28.3,40.8,25.1,32.1,24.7
Princes Town,2005-05-27,87.6,14.985999999999999,12.8,74.8,1013.3,73.9,6.5,212.19333333333333,18.3,20563,66154,1,32.3,25.1,27.6,39.9,25.1,31.0,25.2
Princes Town,2005-05-28,81.8,1.9811999999999999,13.9,92.0,1012.6,43.0,5.0,210.79333333333335,18.220000000000002,20562,66169,1,33.1,24.7,28.4,39.4,24.7,32.1,24.8
Princes Town,2005-05-29,88.1,2.5146,15.0,87.6,1012.2,87.1,6.7,194.19333333333333,16.753333333333334,20562,66185,1,29.1,25.7,27.1,34.7,25.7,29.7,24.9
Princes Town,2005-05-30,86.9,3.8099999999999996,9.2,101.2,1012.2,91.3,5.9,205.21999999999997,17.740000000000002,20562,66201,1,31.1,25.1,27.0,36.7,25.1,29.4,24.6
Princes Town,2005-05-31,83.4,13.6906,15.0,94.0,1013.0,85.4,5.1,207.68666666666664,17.959999999999997,20563,66217,1,32.1,25.7,28.0,37.9,25.7,30.7,24.7
Princes Town,2005-06-01,83.6,8.102599999999999,23.0,83.5,1012.9,83.3,5.3,208.17333333333332,17.953333333333333,20565,66233,1,32.6,24.3,27.6,38.8,24.3,30.0,24.3
Princes Town,2005-06-02,91.0,27.101799999999997,16.1,84.4,1012.3,83.5,5.8,209.84666666666666,18.133333333333333,20568,66250,1,29.3,24.1,26.0,35.7,24.1,27.3,24.4
Princes Town,2005-06-03,94.3,144.0942,8.1,92.2,1011.5,90.8,6.0,225.3,19.42,20571,66266,1,29.1,24.1,25.6,34.7,24.1,26.3,24.6
Princes Town,2005-06-04,89.8,6.095999999999999,16.1,102.9,1011.2,91.7,6.6,212.3,18.326666666666664,20575,66282,1,30.1,24.1,26.4,36.3,24.1,28.3,24.6
Princes Town,2005-06-05,83.8,5.8928,9.2,103.2,1011.6,90.0,8.4,184.49333333333334,15.9,20580,66298,1,31.1,25.7,28.1,39.3,25.7,31.8,25.0
Princes Town,2005-06-06,88.4,2.0065999999999997,9.2,88.0,1011.7,90.0,7.8,198.36666666666667,17.146666666666665,20585,66315,1,31.1,25.1,26.9,37.9,25.1,29.2,24.8
Princes Town,2005-06-07,92.0,14.1986,5.8,152.9,1010.9,90.4,7.6,214.35333333333335,18.459999999999997,20591,66331,1,30.1,24.1,25.8,35.2,24.1,26.9,24.4
Princes Town,2005-06-08,86.9,7.899399999999999,9.2,73.3,1011.2,86.4,7.8,209.26000000000002,18.086666666666666,20598,66347,1,31.1,23.1,26.5,39.3,23.1,28.9,24.0
Princes Town,2005-06-09,82.0,0.0,15.0,96.3,1012.2,74.1,8.7,219.33333333333334,18.913333333333334,20605,66363,0,32.1,23.1,27.4,38.1,23.1,30.3,23.8
Princes Town,2005-06-10,84.5,0.7874,8.1,113.6,1011.9,90.0,8.0,208.02,17.946666666666665,20613,66379,1,32.1,25.1,28.1,39.3,25.1,31.7,25.1
Princes Town,2005-06-11,78.9,0.0,10.3,100.0,1011.4,89.6,9.7,204.66666666666666,17.64,20621,66395,0,33.2,25.1,28.7,39.4,25.1,31.9,24.3
Princes Town,2005-06-12,80.3,0.0,13.9,104.7,1011.7,85.0,8.2,218.96666666666667,18.86,20630,66410,0,33.1,25.1,28.4,39.5,25.1,32.2,24.6
Princes Town,2005-06-13,92.2,12.877799999999999,13.9,137.5,1011.6,88.3,6.5,196.84,16.98,20640,66426,1,30.1,25.1,26.4,36.4,25.1,27.7,25.0
Princes Town,2005-06-14,89.8,13.8938,9.2,96.7,1011.4,77.9,6.8,218.26000000000002,18.779999999999998,20650,66441,1,32.1,24.7,27.2,40.8,24.7,30.3,25.3
Princes Town,2005-06-15,78.0,0.0,13.9,87.7,1012.3,79.3,8.0,184.2133333333333,15.933333333333334,20660,66456,0,32.3,26.1,29.1,39.2,26.1,33.4,24.7
Princes Town,2005-06-16,81.0,0.0,16.1,80.7,1013.2,70.4,9.4,199.92666666666668,17.253333333333334,20671,66471,0,33.3,25.8,28.7,40.7,25.8,32.6,24.9
Princes Town,2005-06-17,80.0,0.0,13.9,84.3,1013.0,40.8,8.6,199.44666666666666,17.226666666666667,20682,66485,0,33.1,25.1,28.8,39.4,25.1,32.7,24.7
Princes Town,2005-06-18,85.8,4.0893999999999995,13.9,76.6,1013.0,66.1,6.7,183.56,15.833333333333334,20694,66499,1,32.1,25.8,27.8,38.3,25.8,31.1,25.1
Princes Town,2005-06-19,89.7,18.7198,15.0,79.4,1012.0,90.5,6.1,188.23333333333332,16.293333333333333,20706,66513,1,30.1,25.1,27.0,36.3,25.1,29.2,25.1
Princes Town,2005-06-20,91.5,26.212799999999998,11.4,71.4,1011.9,84.6,5.9,189.28,16.366666666666667,20719,66526,1,31.1,24.7,26.6,37.9,24.7,28.3,25.0
Princes Town,2005-06-21,82.2,0.0,17.2,93.5,1013.4,69.2,8.3,205.94666666666666,17.813333333333333,20732,66539,0,32.1,24.1,28.1,39.2,24.1,31.8,24.6
Princes Town,2005-06-22,89.6,2.9972,11.4,81.3,1013.6,78.3,7.1,212.25333333333336,18.32,20745,66552,1,30.1,24.8,26.1,35.2,24.8,27.2,24.2
Princes Town,2005-06-23,86.3,2.9972,16.1,90.2,1014.2,76.5,8.3,197.85333333333335,17.073333333333334,20759,66564,1,30.7,24.1,26.6,36.1,24.1,28.3,24.0
Princes Town,2005-06-24,93.9,0.0,0.0,90.2,1014.6,90.0,7.5,207.2866666666667,17.92,20772,66575,0,28.8,25.1,26.1,34.9,25.1,26.8,25.1
Princes Town,2005-06-26,71.7,0.0,17.2,79.1,1012.7,45.0,8.5,214.8,18.506666666666668,20801,66597,0,32.6,26.1,29.6,38.1,26.1,33.4,23.7
Princes Town,2005-06-27,80.6,0.9905999999999999,15.0,83.7,1013.0,86.3,7.2,205.86,17.746666666666666,20815,66608,1,31.1,24.8,28.0,36.7,24.8,31.0,24.2
Princes Town,2005-06-28,87.9,5.6133999999999995,13.9,90.1,1012.0,88.2,7.2,205.93333333333334,17.773333333333333,20830,66617,1,32.1,24.8,27.2,40.8,24.8,30.2,24.9
Princes Town,2005-06-29,87.3,0.508,13.9,81.9,1012.4,89.1,7.0,190.92666666666668,16.513333333333332,20845,66626,1,31.1,24.1,27.1,36.7,24.1,29.6,24.7
Princes Town,2005-06-30,86.0,18.008599999999998,17.2,75.4,1013.8,90.0,6.0,182.7866666666667,15.753333333333334,20860,66635,1,31.8,24.1,27.3,37.3,24.1,29.6,24.5
Princes Town,2005-07-01,77.9,0.3048,17.2,76.3,1014.2,60.0,6.4,180.69333333333333,15.58,20875,66643,1,33.1,25.1,28.6,39.4,25.1,31.7,24.1
Princes Town,2005-07-02,76.7,0.0,16.1,72.5,1014.0,51.7,7.0,221.04,19.053333333333335,20890,66650,0,33.1,24.1,28.3,38.2,24.1,30.9,23.4
Princes Town,2005-07-03,86.6,2.9972,12.8,352.3,1013.0,72.9,5.9,220.37333333333333,19.02,20906,66657,1,33.1,23.6,26.8,39.4,23.6,28.5,24.2
Princes Town,2005-07-04,92.8,18.084799999999998,11.4,158.9,1012.6,92.5,5.9,201.34,17.38,20921,66663,1,31.1,24.1,25.6,37.9,24.1,26.6,24.3
Princes Town,2005-07-05,88.2,13.9954,11.4,97.3,1014.1,83.8,7.7,199.24666666666664,17.186666666666667,20936,66668,1,30.1,24.1,26.2,35.2,24.1,27.7,23.9
Princes Town,2005-07-06,85.0,2.3114,8.1,106.0,1014.8,86.5,7.5,190.1,16.386666666666667,20951,66673,1,30.1,24.7,26.8,34.7,24.7,28.4,23.9
Princes Town,2005-07-07,86.4,4.013199999999999,11.4,114.5,1015.2,69.2,7.5,222.82000000000002,19.279999999999998,20967,66677,1,31.1,23.1,26.7,39.3,23.1,29.2,24.1
Princes Town,2005-07-08,87.3,2.0065999999999997,12.8,87.0,1014.6,82.5,7.6,205.08666666666667,17.673333333333336,20982,66680,1,30.1,23.8,26.1,34.3,23.8,27.3,23.7
Princes Town,2005-07-09,90.3,2.9972,11.4,91.3,1014.1,89.2,7.4,189.58666666666667,16.37333333333333,20997,66682,1,28.3,24.1,25.9,32.8,24.1,27.1,24.1
Princes Town,2005-07-10,88.7,17.5006,12.8,99.6,1014.7,90.0,5.6,202.18666666666667,17.433333333333334,21012,66684,1,30.3,23.1,25.7,35.3,23.1,26.9,23.5
Princes Town,2005-07-11,82.6,0.0,18.3,91.3,1014.1,82.5,6.9,204.48666666666668,17.60666666666667,21027,66685,0,31.3,22.7,27.1,36.7,22.7,29.4,23.6
Princes Town,2005-07-12,77.1,0.0,11.4,97.8,1014.1,56.5,8.3,192.93333333333334,16.606666666666666,21042,66685,0,33.2,24.1,28.0,38.2,24.1,30.1,23.2
Princes Town,2005-07-13,85.9,0.0,15.0,262.5,1011.5,73.9,6.2,199.44666666666666,17.2,21056,66685,0,31.1,22.1,25.9,36.7,22.1,27.4,23.2
Princes Town,2005-07-14,88.0,117.60199999999999,11.4,93.0,1011.6,94.8,6.5,205.69333333333333,17.8,21071,66683,1,31.1,22.1,26.2,36.7,22.1,27.7,23.8
Princes Town,2005-07-15,78.5,0.0,17.2,74.0,1012.1,66.5,7.2,187.42666666666668,16.186666666666667,21085,66681,0,32.1,25.1,28.0,36.9,25.1,30.5,23.6
Princes Town,2005-07-16,75.3,0.3048,11.4,75.1,1012.5,42.9,7.0,207.59333333333333,17.873333333333335,21099,66678,1,33.2,24.1,28.4,38.2,24.1,30.9,23.2
Princes Town,2005-07-17,81.2,0.0,11.4,71.5,1012.7,85.7,6.6,196.28,16.92,21113,66674,0,32.1,24.6,27.7,38.1,24.6,30.5,24.0
Princes Town,2005-07-18,90.8,36.8046,15.0,96.3,1013.4,90.5,6.6,217.0,18.773333333333333,21127,66670,1,29.6,24.1,25.7,34.0,24.1,26.6,24.0
Princes Town,2005-07-19,85.4,2.9972,12.8,96.1,1012.8,79.1,7.6,198.73999999999998,17.146666666666665,21140,66664,1,31.2,24.1,26.8,37.9,24.1,28.8,23.9
Princes Town,2005-07-20,87.6,21.1074,11.4,91.7,1013.3,76.1,6.5,228.7866666666667,19.779999999999998,21153,66658,1,31.3,24.1,26.9,37.2,24.1,29.2,24.6
Princes Town,2005-07-21,84.4,1.9811999999999999,16.1,68.9,1013.8,77.1,6.2,217.57333333333332,18.8,21166,66651,1,31.1,24.7,27.1,35.6,24.7,28.9,24.0
Princes Town,2005-07-22,82.1,0.3048,11.4,83.8,1014.6,57.7,7.9,212.3,18.313333333333333,21178,66643,1,32.6,23.8,27.6,38.1,23.8,30.4,24.0
Princes Town,2005-07-23,81.3,0.0,16.1,90.5,1014.3,63.5,7.5,216.7866666666667,18.673333333333336,21190,66634,0,32.2,25.1,28.2,37.9,25.1,31.4,24.4
Princes Town,2005-07-24,88.1,2.0065999999999997,11.4,85.7,1013.5,83.2,6.8,208.98666666666665,18.02,21202,66625,1,29.1,24.8,26.8,34.7,24.8,29.1,24.6
Princes Town,2005-07-25,82.5,0.508,9.2,89.9,1013.6,66.1,6.7,197.78666666666666,17.09333333333333,21213,66614,1,32.2,24.1,27.6,39.3,24.1,30.8,24.2
Princes Town,2005-07-26,89.1,55.0926,8.1,182.7,1014.5,61.4,7.0,226.04,19.506666666666664,21224,66603,1,31.1,24.1,26.6,37.9,24.1,28.2,24.5
Princes Town,2005-07-27,79.1,0.0,10.3,69.2,1014.4,49.6,9.0,197.92666666666668,17.053333333333335,21235,66591,0,33.1,24.1,28.3,39.4,24.1,31.3,23.9
Princes Town,2005-07-28,77.6,0.3048,10.3,81.9,1013.8,36.4,7.9,191.7866666666667,16.546666666666667,21245,66578,1,34.1,24.1,28.7,40.7,24.1,31.9,24.0
Princes Town,2005-07-29,83.3,7.112,11.4,96.9,1013.9,71.1,7.1,221.46,19.16,21255,66564,1,32.1,24.3,27.6,38.1,24.3,30.5,24.3
Princes Town,2005-07-30,78.6,2.0065999999999997,11.4,77.9,1013.3,58.3,7.9,215.01333333333332,18.526666666666664,21265,66550,1,32.1,24.8,28.5,39.3,24.8,32.1,24.2
Princes Town,2005-07-31,86.6,9.906,11.4,1.1,1012.7,88.7,7.8,217.94666666666666,18.779999999999998,21274,66535,1,31.7,24.1,26.6,36.4,24.1,27.9,24.0
Princes Town,2005-08-01,81.1,2.9972,11.4,80.2,1012.9,59.6,8.4,196.84,17.013333333333332,21283,66518,1,32.1,23.7,27.9,39.3,23.7,31.4,24.2
Princes Town,2005-08-02,86.7,12.496799999999999,12.8,70.8,1013.6,65.0,7.2,187.92666666666668,16.273333333333333,21291,66501,1,31.1,24.1,26.7,36.7,24.1,28.3,24.1
Princes Town,2005-08-03,79.5,4.0893999999999995,15.0,63.7,1013.3,50.9,6.9,179.79333333333335,15.479999999999999,21299,66484,1,32.1,25.1,28.1,38.5,25.1,30.9,23.9
Princes Town,2005-08-04,87.3,8.2042,13.9,54.2,1013.3,65.7,5.9,194.66666666666666,16.813333333333333,21306,66465,1,31.3,24.1,27.1,39.3,24.1,29.6,24.7
Princes Town,2005-08-05,79.4,4.0893999999999995,19.5,56.5,1012.9,77.9,6.4,215.24666666666664,18.58,21314,66446,1,32.1,25.7,28.4,38.1,25.7,31.6,24.3
Princes Town,2005-08-06,77.4,0.0,16.1,52.0,1012.8,44.6,7.0,234.08666666666664,20.220000000000002,21320,66426,0,33.1,24.1,28.4,39.3,24.1,31.4,23.7
Princes Town,2005-08-07,77.9,0.0,12.8,63.7,1012.4,70.0,8.5,212.58666666666667,18.333333333333332,21326,66405,0,33.1,24.1,28.3,38.2,24.1,31.2,23.7
Princes Town,2005-08-08,85.7,5.0038,9.2,68.5,1013.4,75.8,7.2,202.65333333333334,17.473333333333336,21332,66383,1,31.6,24.8,27.2,37.5,24.8,29.6,24.4
Princes Town,2005-08-09,82.0,0.0,12.8,108.3,1013.9,54.2,8.4,207.16666666666666,17.853333333333335,21338,66361,0,33.1,23.8,27.7,39.4,23.8,30.7,24.1
Princes Town,2005-08-10,89.4,42.9006,11.4,259.2,1014.5,70.8,7.5,216.2866666666667,18.653333333333332,21343,66338,1,31.1,24.1,25.9,37.9,24.1,27.2,24.0
Princes Town,2005-08-11,90.1,21.081999999999997,9.2,62.8,1014.2,74.2,7.1,220.32666666666668,19.040000000000003,21347,66314,1,30.1,22.8,25.5,36.3,22.8,26.8,23.7
Princes Town,2005-08-12,89.6,13.208,9.2,185.9,1013.1,57.1,7.5,215.82666666666668,18.60666666666667,21351,66290,1,33.1,23.1,26.6,39.4,23.1,28.6,24.6
Princes Town,2005-08-13,87.6,9.906,17.2,94.4,1012.3,63.5,8.1,227.91333333333333,19.666666666666668,21355,66264,1,31.1,24.1,26.8,37.9,24.1,29.3,24.4
Princes Town,2005-08-14,84.3,0.9905999999999999,12.8,84.3,1012.6,70.4,8.4,201.97333333333333,17.413333333333334,21358,66238,1,33.1,24.1,26.8,39.4,24.1,28.5,23.6
Princes Town,2005-08-15,89.4,10.998199999999999,16.1,77.8,1013.6,82.2,7.0,198.66,17.14,21361,66212,1,29.6,23.1,25.9,34.5,23.1,27.4,23.9
Princes Town,2005-08-16,84.7,0.0,13.9,101.4,1012.8,88.3,8.9,216.83333333333334,18.78666666666667,21364,66185,0,33.1,24.1,27.3,39.4,24.1,30.3,24.4
Princes Town,2005-08-17,79.1,0.0,10.3,101.6,1012.3,60.4,9.2,217.27333333333334,18.753333333333334,21366,66157,0,33.1,24.1,28.2,39.4,24.1,31.1,23.9
Princes Town,2005-08-18,77.9,0.0,13.9,92.9,1013.1,67.5,8.9,197.82000000000002,17.073333333333334,21368,66128,0,32.7,23.8,28.1,36.9,23.8,30.7,23.5
Princes Town,2005-08-19,89.0,7.924799999999999,11.4,172.3,1014.6,75.2,7.6,198.59333333333333,17.14,21369,66099,1,29.7,24.8,26.6,35.4,24.8,28.6,24.6
Princes Town,2005-08-20,80.5,0.0,11.4,93.1,1014.2,45.0,7.4,185.64,16.053333333333335,21370,66070,0,33.1,23.7,27.9,39.4,23.7,30.7,23.8
Princes Town,2005-08-21,82.4,0.0,13.9,64.2,1012.0,63.0,6.4,198.69333333333333,17.233333333333334,21371,66040,0,33.1,23.8,27.4,38.2,23.8,29.8,23.8
Princes Town,2005-08-22,87.4,20.802599999999998,13.9,302.7,1010.6,83.5,7.1,216.52,18.69333333333333,21371,66009,1,32.2,23.7,26.4,38.1,23.7,27.9,23.9
Princes Town,2005-08-23,79.3,0.0,10.3,75.1,1011.2,47.9,7.2,186.96,16.173333333333332,21371,65978,0,33.1,24.1,28.1,38.2,24.1,31.1,23.8
Princes Town,2005-08-24,81.8,0.508,13.9,73.8,1012.8,75.0,7.2,201.84666666666666,17.44,21371,65946,1,32.1,24.1,27.6,38.1,24.1,30.2,23.9
Princes Town,2005-08-25,82.2,0.7874,16.1,91.7,1013.2,67.5,7.7,215.47333333333333,18.613333333333333,21370,65914,1,33.1,25.1,27.5,39.4,25.1,29.6,23.9
Princes Town,2005-08-26,83.0,0.0,9.2,184.5,1011.6,48.3,8.6,214.32666666666668,18.52,21369,65881,0,33.1,23.1,27.2,40.7,23.1,30.1,23.8
Princes Town,2005-08-27,79.5,0.0,11.4,113.2,1011.0,51.8,9.0,223.25333333333336,19.259999999999998,21368,65848,0,33.1,23.1,27.4,39.4,23.1,30.2,23.3
Princes Town,2005-08-28,79.6,0.508,11.4,98.0,1011.2,46.7,9.0,218.27333333333334,18.826666666666664,21366,65814,1,34.1,24.1,28.2,40.7,24.1,31.4,24.1
Princes Town,2005-08-29,78.2,0.0,10.3,84.7,1011.7,73.8,8.6,208.46666666666667,18.040000000000003,21364,65780,0,33.1,24.6,28.5,40.6,24.6,31.8,24.1
Princes Town,2005-08-30,81.9,0.0,10.3,72.6,1012.2,75.0,9.1,203.72,17.60666666666667,21362,65745,0,33.1,24.6,27.6,39.4,24.6,29.8,24.0
Princes Town,2005-08-31,77.5,0.0,18.3,75.0,1011.1,53.5,8.5,207.2866666666667,17.873333333333335,21360,65710,0,33.1,24.1,28.8,39.4,24.1,32.4,24.1
Princes Town,2005-09-01,86.3,23.9014,12.8,103.5,1011.2,67.9,8.4,216.66,18.720000000000002,21357,65675,1,32.1,24.1,27.4,40.8,24.1,30.8,24.8
Princes Town,2005-09-02,83.5,2.9972,12.8,106.6,1011.4,42.5,8.2,214.12,18.526666666666667,21354,65640,1,32.1,25.1,28.1,39.2,25.1,31.5,24.9
Princes Town,2005-09-03,78.6,0.508,11.4,106.2,1012.0,43.6,7.1,189.84,16.393333333333334,21351,65604,1,33.1,24.1,28.4,39.4,24.1,31.2,23.9
Princes Town,2005-09-04,77.3,0.0,15.0,98.9,1012.2,34.8,8.1,206.88666666666666,17.89333333333333,21348,65567,0,34.1,23.1,28.1,39.5,23.1,31.1,23.4
Princes Town,2005-09-05,81.5,0.0,8.1,98.1,1011.8,66.5,7.5,218.22,18.86,21345,65531,0,32.1,24.1,27.3,38.1,24.1,29.8,23.7
Princes Town,2005-09-06,78.6,0.0,12.8,99.5,1011.7,79.0,8.7,199.56,17.153333333333332,21341,65494,0,33.1,23.8,28.3,39.4,23.8,31.7,23.9
Princes Town,2005-09-07,76.2,0.0,15.0,100.1,1012.5,57.5,8.3,208.3,18.0,21337,65457,0,34.1,25.1,29.0,40.7,25.1,32.3,24.1
Princes Town,2005-09-08,77.7,0.0,11.4,86.1,1012.4,64.3,8.3,220.10666666666665,19.0,21333,65420,0,33.3,24.1,28.4,38.2,24.1,31.1,23.7
Princes Town,2005-09-09,75.3,0.0,16.1,96.4,1012.5,60.4,8.3,220.56666666666666,19.073333333333334,21329,65383,0,34.2,25.1,29.1,40.7,25.1,32.3,23.8
Princes Town,2005-09-10,74.5,0.0,12.8,103.0,1013.0,43.0,7.4,221.02,19.066666666666666,21325,65345,0,34.3,25.1,29.2,38.6,25.1,32.3,23.7
Princes Town,2005-09-11,78.7,11.8872,13.9,107.7,1013.5,69.6,7.6,224.56,19.366666666666667,21321,65307,1,34.1,24.7,28.2,39.5,24.7,30.9,23.8
Princes Town,2005-09-12,79.0,2.8194,15.0,99.6,1013.7,37.5,8.3,212.50666666666666,18.34,21316,65269,1,34.1,24.8,28.4,39.5,24.8,31.4,24.1
Princes Town,2005-09-13,80.2,0.0,10.3,96.1,1013.1,53.9,6.6,203.20666666666665,17.540000000000003,21312,65231,0,33.7,24.1,28.1,39.4,24.1,30.8,23.9
Princes Town,2005-09-14,78.9,0.0,11.4,99.5,1013.3,47.7,6.6,226.32666666666668,19.566666666666666,21307,65193,0,33.1,24.1,28.2,39.4,24.1,31.1,23.8
Princes Town,2005-09-15,78.0,0.0,19.5,91.2,1013.1,81.7,6.9,220.42666666666668,19.09333333333333,21303,65155,0,33.1,25.1,28.4,38.2,25.1,31.4,23.9
Princes Town,2005-09-16,78.2,0.0,34.4,67.1,1013.3,90.0,7.9,214.72666666666666,18.52,21298,65117,0,34.1,24.7,28.3,39.5,24.7,31.2,23.9
Princes Town,2005-09-17,82.2,0.7874,11.4,267.8,1011.6,90.0,8.2,186.08666666666667,16.12,21294,65078,1,32.1,23.6,27.3,39.3,23.6,29.9,23.8
Princes Town,2005-09-18,85.6,2.0065999999999997,13.9,81.3,1010.9,86.7,9.7,192.48666666666668,16.64,21289,65040,1,32.6,23.1,26.7,38.1,23.1,28.8,23.9
Princes Town,2005-09-19,89.5,2.9972,6.9,95.6,1011.3,90.0,7.1,208.34,18.0,21285,65002,1,32.1,24.1,26.6,39.3,24.1,28.7,24.7
Princes Town,2005-09-20,87.2,15.011399999999998,16.1,65.7,1011.3,85.0,7.3,209.92666666666668,18.14,21281,64964,1,31.8,24.7,27.2,40.5,24.7,30.3,24.8
Princes Town,2005-09-21,89.4,59.181999999999995,19.5,302.8,1010.5,90.0,7.1,201.86,17.433333333333334,21276,64925,1,32.3,24.8,26.9,40.9,24.8,29.5,24.9
Princes Town,2005-09-22,84.7,2.9972,11.4,90.5,1010.7,88.3,6.5,192.45333333333335,16.673333333333332,21272,64887,1,33.1,24.8,28.0,40.7,24.8,31.7,25.0
Princes Town,2005-09-23,77.6,0.0,12.8,76.5,1011.4,52.1,8.1,204.72666666666666,17.71333333333333,21268,64849,0,34.3,25.1,29.0,40.2,25.1,32.6,24.3
Princes Town,2005-09-24,84.8,0.0,16.1,80.4,1011.9,86.7,7.1,206.12,17.8,21264,64812,0,32.3,24.6,27.4,37.9,24.6,29.8,24.4
Princes Town,2005-09-25,90.6,7.086600000000001,11.4,75.9,1012.1,83.6,7.3,210.56666666666666,18.186666666666667,21260,64774,1,31.1,23.7,25.9,37.9,23.7,27.3,24.2
Princes Town,2005-09-26,82.2,4.5973999999999995,18.3,108.5,1011.5,72.1,7.9,205.72,17.766666666666666,21256,64736,1,32.1,23.7,27.6,39.3,23.7,30.3,24.0
Princes Town,2005-09-27,83.4,0.0,16.1,96.5,1012.2,60.5,7.0,202.58666666666667,17.52,21253,64699,0,33.1,25.1,27.7,40.7,25.1,30.4,24.4
Princes Town,2005-09-28,80.2,0.0,13.9,94.0,1012.1,83.8,7.9,219.12,18.9,21249,64662,0,33.1,25.1,28.4,39.4,25.1,32.1,24.4
Princes Town,2005-09-29,81.0,0.0,12.8,98.6,1012.5,81.3,7.0,214.77333333333334,18.56,21246,64625,0,32.8,24.1,27.7,39.3,24.1,30.2,23.9
Princes Town,2005-09-30,83.5,5.1054,8.1,21.2,1011.4,71.7,8.4,186.40666666666667,16.106666666666666,21243,64588,1,32.1,24.1,27.3,38.1,24.1,29.8,24.1
Princes Town,2005-10-01,78.0,0.0,12.8,86.2,1010.7,50.6,8.9,207.6,17.966666666666665,21241,64552,0,33.1,23.1,28.2,39.4,23.1,31.6,23.7
Princes Town,2005-10-02,77.1,36.093399999999995,9.2,93.3,1010.3,82.0,8.9,195.30666666666667,16.853333333333335,21238,64516,1,34.7,23.1,28.4,39.5,23.1,30.8,23.5
Princes Town,2005-10-03,82.5,2.0065999999999997,10.3,187.2,1009.7,89.6,8.3,194.78,16.88,21236,64480,1,34.1,23.1,27.6,40.7,23.1,30.4,24.0
Princes Town,2005-10-04,86.0,42.9006,13.9,91.8,1009.9,70.4,9.1,200.36666666666667,17.353333333333335,21235,64445,1,35.1,23.8,26.7,40.8,23.8,28.7,23.9
Princes Town,2005-10-05,83.0,0.0,13.9,49.0,1010.7,85.0,7.7,186.27333333333334,16.133333333333333,21233,64410,0,34.1,23.8,27.6,40.7,23.8,30.8,24.2
Princes Town,2005-10-06,76.9,0.0,11.4,88.6,1010.8,54.6,8.6,177.39333333333335,15.333333333333334,21232,64376,0,33.1,25.1,28.5,38.2,25.1,31.2,23.7
Princes Town,2005-10-07,79.9,2.9972,12.8,85.9,1011.3,64.2,8.4,196.55333333333334,17.0,21231,64342,1,33.1,25.7,28.7,40.8,25.7,32.8,24.8
Princes Town,2005-10-08,82.8,1.4986,11.4,106.4,1012.6,81.3,8.6,185.00666666666666,16.0,21231,64308,1,33.1,25.1,27.8,39.4,25.1,30.5,24.4
Princes Town,2005-10-09,78.4,0.0,8.1,123.0,1012.6,88.3,9.2,190.38,16.426666666666666,21231,64275,0,33.1,24.3,28.2,39.3,24.3,30.9,23.7
Princes Town,2005-10-10,80.1,0.0,9.2,177.8,1011.8,84.2,9.3,189.80666666666667,16.34,21231,64242,0,33.1,22.8,27.8,39.4,22.8,31.1,23.7
Princes Town,2005-10-11,81.5,0.0,17.2,139.9,1011.3,90.0,8.7,200.69333333333333,17.366666666666667,21232,64210,0,34.1,24.1,27.6,39.4,24.1,29.7,23.8
Princes Town,2005-10-12,82.4,2.9972,12.8,112.4,1010.8,70.9,10.5,207.33333333333334,17.913333333333334,21233,64179,1,34.1,24.1,27.4,39.8,24.1,29.4,23.8
Princes Town,2005-10-13,83.0,0.0,10.3,114.4,1009.9,79.6,8.5,204.66,17.64,21235,64148,0,33.1,24.1,27.9,40.8,24.1,31.3,24.5
Princes Town,2005-10-14,86.6,0.3048,15.0,102.2,1010.2,60.4,8.7,194.55333333333334,16.806666666666665,21237,64117,1,31.7,24.8,26.8,38.8,24.8,28.4,24.2
Princes Town,2005-10-15,80.0,0.0,13.9,95.6,1009.5,56.3,8.8,201.80666666666667,17.426666666666666,21240,64087,0,33.1,24.1,28.3,39.3,24.1,31.4,24.2
Princes Town,2005-10-16,78.0,0.0,11.4,88.8,1010.6,57.5,8.7,205.82666666666668,17.753333333333334,21243,64058,0,34.1,24.1,28.5,40.7,24.1,31.6,23.9
Princes Town,2005-10-17,82.4,23.114,11.4,94.7,1011.3,90.8,8.6,183.88,15.893333333333334,21247,64030,1,31.1,23.6,26.9,35.6,23.6,29.0,23.5
Princes Town,2005-10-18,79.9,0.0,11.4,91.8,1011.2,67.5,8.7,176.84666666666666,15.293333333333333,21251,64002,0,33.1,24.1,27.9,39.4,24.1,30.7,23.9
Princes Town,2005-10-19,76.7,0.0,11.4,103.6,1011.5,39.6,8.9,173.24666666666664,14.933333333333334,21256,63975,0,34.1,23.1,28.1,38.4,23.1,30.5,23.2
Princes Town,2005-10-20,88.2,8.102599999999999,17.2,82.7,1011.0,62.1,8.0,188.51333333333332,16.279999999999998,21261,63949,1,31.1,24.1,26.3,37.3,24.1,27.9,24.1
Princes Town,2005-10-21,89.7,24.892,23.0,87.5,1011.0,81.7,7.2,197.66,17.046666666666667,21267,63923,1,30.7,24.1,25.9,36.8,24.1,27.3,24.1
Princes Town,2005-10-22,83.6,0.0,13.9,98.3,1010.8,90.0,8.4,193.70666666666665,16.706666666666667,21274,63898,0,32.1,25.1,27.7,39.3,25.1,30.5,24.6
Princes Town,2005-10-23,87.5,0.9905999999999999,12.8,93.1,1011.4,90.0,7.6,199.40666666666667,17.28666666666667,21281,63874,1,31.1,24.6,27.1,36.7,24.6,29.6,24.8
Princes Town,2005-10-24,87.6,11.9126,20.8,92.3,1011.7,85.0,6.8,193.19333333333333,16.72,21289,63851,1,29.1,24.1,26.4,34.7,24.1,27.9,24.1
Princes Town,2005-10-25,92.0,16.7894,12.8,81.1,1011.9,88.3,5.7,184.02666666666667,15.92,21297,63828,1,29.1,24.1,25.6,33.7,24.1,26.4,24.1
Princes Town,2005-10-26,83.2,6.2992,13.9,71.2,1011.6,83.2,9.6,162.55333333333334,14.033333333333333,21306,63807,1,32.2,23.1,27.2,38.1,23.1,29.4,23.8
Princes Town,2005-10-27,87.0,0.0,6.9,85.7,1010.9,90.9,9.0,178.85333333333335,15.473333333333333,21316,63786,0,30.1,23.7,26.7,36.3,23.7,28.9,24.3
Princes Town,2005-10-28,85.8,4.699,16.1,92.7,1011.0,85.8,7.5,189.16666666666666,16.279999999999998,21326,63766,1,32.2,24.1,27.1,38.3,24.1,29.6,24.3
Princes Town,2005-10-29,89.3,8.3058,11.4,87.9,1012.0,83.8,7.1,190.05333333333334,16.48,21337,63747,1,29.7,23.8,25.8,35.4,23.8,27.3,23.9
Princes Town,2005-10-30,88.7,4.013199999999999,16.1,74.0,1011.9,75.4,7.9,181.78,15.666666666666666,21348,63729,1,31.1,24.1,26.6,38.6,24.1,28.7,24.5
Princes Town,2005-10-31,85.2,0.0,16.1,84.1,1012.2,65.7,8.5,191.97333333333333,16.606666666666666,21361,63712,0,32.1,24.1,27.2,38.1,24.1,29.9,24.3
Princes Town,2005-11-01,85.5,0.508,15.0,97.1,1012.8,79.1,7.7,187.39333333333335,16.2,21374,63696,1,30.8,24.2,27.0,37.6,24.2,29.2,24.2
Princes Town,2005-11-02,82.2,0.9905999999999999,15.0,91.2,1014.0,79.5,8.0,169.52,14.613333333333333,21387,63680,1,32.1,25.1,27.7,38.1,25.1,30.5,24.3
Princes Town,2005-11-03,86.0,0.0,17.2,80.1,1013.5,60.0,8.2,193.53333333333333,16.720000000000002,21401,63666,0,32.1,24.1,26.8,38.1,24.1,28.7,24.1
Princes Town,2005-11-04,87.4,5.6642,15.0,75.9,1011.5,76.1,6.3,183.44666666666666,15.853333333333333,21416,63653,1,32.1,23.1,26.2,36.2,23.1,27.5,23.7
Princes Town,2005-11-05,90.3,38.6842,17.2,75.3,1010.7,85.8,5.3,179.57333333333332,15.533333333333333,21432,63641,1,30.1,24.1,26.0,36.3,24.1,27.3,24.2
Princes Town,2005-11-06,91.6,8.2042,11.4,88.7,1011.0,89.6,6.7,170.84666666666666,14.753333333333334,21448,63629,1,30.3,23.2,25.6,36.3,23.2,26.6,24.0
Princes Town,2005-11-07,85.2,0.0,11.4,82.3,1011.1,84.5,7.6,193.63333333333333,16.713333333333335,21465,63619,0,30.1,24.1,26.7,36.3,24.1,28.6,23.9
Princes Town,2005-11-08,87.8,0.3048,15.0,77.6,1010.6,67.5,7.9,174.9,15.113333333333333,21483,63610,1,30.8,24.1,26.3,36.7,24.1,27.7,23.9
Princes Town,2005-11-09,89.9,9.906,6.9,91.7,1010.5,72.5,6.6,160.72,13.853333333333333,21501,63602,1,31.3,23.1,26.2,37.9,23.1,27.8,24.2
Princes Town,2005-11-10,86.0,0.0,12.8,99.9,1010.2,82.5,8.5,151.13333333333333,13.020000000000001,21520,63595,0,31.1,24.1,27.0,37.9,24.1,29.6,24.3
Princes Town,2005-11-11,90.5,24.892,9.2,96.1,1009.8,82.5,7.5,178.40666666666667,15.419999999999998,21540,63589,1,31.1,23.8,25.9,36.7,23.8,27.3,24.2
Princes Town,2005-11-12,86.0,0.0,11.4,68.9,1009.3,80.0,7.6,178.55333333333334,15.433333333333334,21560,63584,0,32.1,24.1,26.9,39.3,24.1,29.4,24.2
Princes Town,2005-11-13,91.6,45.999399999999994,10.3,94.1,1008.9,78.3,6.0,173.64,15.013333333333332,21581,63580,1,31.3,23.7,25.4,37.1,23.7,26.3,23.9
Princes Town,2005-11-14,94.6,7.112,11.4,84.0,1009.4,94.6,6.3,168.92000000000002,14.613333333333335,21603,63577,1,26.1,23.1,24.8,26.1,23.1,24.8,23.8
Princes Town,2005-11-15,95.2,30.8864,15.0,85.4,1010.3,90.0,4.5,179.62666666666667,15.486666666666668,21625,63575,1,26.3,24.1,24.8,26.3,24.1,24.8,24.0
Princes Town,2005-11-16,85.4,3.9115999999999995,19.5,80.3,1010.1,73.3,7.9,195.67333333333332,16.913333333333334,21648,63574,1,30.7,23.1,26.5,35.7,23.1,28.6,23.7
Princes Town,2005-11-17,86.1,16.9926,12.8,74.3,1008.9,90.0,7.0,184.12666666666667,15.906666666666666,21672,63575,1,31.1,24.1,26.3,36.7,24.1,27.9,23.7
Princes Town,2005-11-18,87.7,0.9905999999999999,9.2,85.2,1008.6,88.2,7.7,185.2866666666667,16.04,21696,63576,1,30.1,24.1,26.3,35.2,24.1,28.1,24.0
Princes Town,2005-11-19,91.7,18.9992,13.9,75.1,1010.5,87.9,7.5,196.6,16.993333333333332,21721,63579,1,29.1,23.1,24.6,34.7,23.1,24.9,23.2
Princes Town,2005-11-20,85.5,0.0,13.9,78.3,1010.7,82.1,8.7,192.20666666666665,16.646666666666665,21746,63583,0,30.8,23.3,26.5,36.6,23.3,28.4,23.7
Princes Town,2005-11-21,83.6,2.9972,15.0,76.0,1010.1,76.3,7.9,190.5,16.5,21772,63587,1,31.1,24.3,27.3,36.7,24.3,29.6,24.1
Princes Town,2005-11-22,81.9,0.0,11.4,85.2,1009.4,82.1,10.3,171.72666666666666,14.833333333333334,21798,63593,0,32.1,23.1,26.8,36.9,23.1,28.4,23.1
Princes Town,2005-11-23,79.0,0.0,11.4,71.8,1009.8,77.0,9.3,160.92666666666668,13.873333333333333,21825,63600,0,32.1,24.1,27.5,36.9,24.1,29.4,23.2
Princes Town,2005-11-24,78.0,0.0,11.4,81.9,1011.3,81.8,10.4,154.43333333333334,13.32,21852,63608,0,32.1,23.1,27.3,36.0,23.1,29.3,22.8
Princes Town,2005-11-25,75.7,0.9905999999999999,13.9,30.6,1011.3,69.1,8.9,163.53333333333333,14.126666666666667,21880,63617,1,33.1,22.6,27.6,36.5,22.6,29.3,22.4
Princes Town,2005-11-26,78.5,0.0,10.3,44.1,1009.7,76.3,9.1,165.6,14.34,21908,63627,0,33.1,23.2,26.9,37.2,23.2,28.6,22.6
Princes Town,2005-11-27,76.0,0.9905999999999999,9.2,329.0,1009.0,89.6,9.3,154.67999999999998,13.34,21937,63638,1,33.2,21.7,26.7,36.2,21.7,27.9,21.5
Princes Town,2005-11-28,73.8,0.0,10.3,327.2,1008.4,53.6,9.4,175.19333333333333,15.166666666666666,21966,63650,0,33.1,22.1,26.7,35.0,22.1,27.6,20.9
Princes Town,2005-11-29,77.9,0.0,4.7,93.2,1009.1,75.0,8.4,183.02,15.833333333333334,21996,63663,0,32.1,20.1,25.6,35.0,20.1,26.6,21.0
Princes Town,2005-11-30,76.0,0.0,6.9,88.5,1010.1,90.0,8.9,167.22,14.479999999999999,22026,63677,0,32.3,20.1,25.8,34.3,20.1,26.7,20.7
Princes Town,2005-12-01,78.0,0.0,9.2,87.8,1010.4,64.1,9.4,173.16666666666666,14.96,22056,63691,0,34.1,20.8,26.2,37.4,20.8,27.5,21.6
Princes Town,2005-12-02,87.4,5.1054,9.2,83.5,1011.3,82.1,7.8,179.17999999999998,15.533333333333333,22086,63707,1,29.1,22.7,25.4,33.7,22.7,26.7,23.1
Princes Town,2005-12-03,88.1,2.3114,17.2,70.4,1011.4,73.8,7.5,167.67333333333332,14.413333333333332,22117,63724,1,30.6,22.8,25.3,35.1,22.8,26.1,22.9
Princes Town,2005-12-04,97.5,89.86519999999999,11.4,66.6,1011.6,96.7,4.7,165.03333333333333,14.233333333333333,22148,63742,1,25.1,23.1,23.7,25.1,23.1,23.7,23.3
Princes Town,2005-12-05,88.0,24.892,15.0,51.6,1011.2,88.3,7.3,185.76000000000002,16.046666666666667,22179,63761,1,31.1,22.1,25.6,36.7,22.1,27.1,23.3
Princes Town,2005-12-06,82.4,0.0,13.9,63.8,1010.1,70.0,8.2,193.32000000000002,16.71333333333333,22210,63780,0,30.1,23.1,26.2,34.3,23.1,27.6,22.8
Princes Town,2005-12-07,83.6,4.0893999999999995,13.9,61.9,1010.3,63.0,6.9,163.80666666666667,14.206666666666667,22242,63801,1,30.1,22.1,25.9,34.8,22.1,27.4,22.8
Princes Town,2005-12-08,89.5,14.884399999999998,20.8,86.3,1011.2,82.2,7.1,159.80666666666667,13.826666666666666,22274,63822,1,29.1,23.6,25.2,32.8,23.6,25.9,23.3
Princes Town,2005-12-09,77.6,0.9905999999999999,20.8,65.6,1011.6,76.7,7.7,171.50666666666666,14.853333333333333,22305,63844,1,30.1,24.1,26.9,33.4,24.1,28.3,22.4
Princes Town,2005-12-10,79.2,0.0,23.0,76.3,1011.3,78.8,8.2,179.23333333333332,15.513333333333332,22337,63867,0,29.7,25.1,26.8,33.7,25.1,28.3,22.8
Princes Town,2005-12-11,78.9,0.0,20.8,56.8,1010.4,81.9,7.6,177.27333333333334,15.353333333333333,22369,63890,0,30.1,23.6,26.8,33.4,23.6,28.2,22.6
Princes Town,2005-12-12,78.4,0.0,13.9,86.4,1010.5,45.2,7.7,173.02666666666667,14.993333333333334,22401,63915,0,32.1,21.1,26.4,35.9,21.1,27.7,21.9
Princes Town,2005-12-13,80.4,0.0,19.5,91.5,1009.9,48.8,8.1,170.87333333333333,14.766666666666667,22432,63940,0,30.1,22.1,26.5,34.3,22.1,28.2,22.7
Princes Town,2005-12-14,78.4,0.0,13.9,72.1,1010.1,47.1,8.6,185.48,16.04,22464,63965,0,31.2,22.6,26.6,34.9,22.6,28.2,22.2
Princes Town,2005-12-15,75.8,0.0,15.0,28.6,1010.1,88.3,8.3,197.0533333333333,17.046666666666667,22496,63992,0,32.1,22.1,27.1,36.9,22.1,28.8,22.1
Princes Town,2005-12-16,88.7,3.9878,11.4,100.5,1011.1,82.5,6.3,195.19333333333333,16.866666666666667,22527,64019,1,30.1,23.7,25.1,34.3,23.7,25.6,23.0
Princes Town,2005-12-17,85.9,0.508,10.3,75.5,1013.0,71.9,6.5,193.41333333333333,16.686666666666667,22558,64046,1,30.1,23.1,25.6,34.3,23.1,26.9,22.9
Princes Town,2005-12-18,72.5,0.0,11.4,56.3,1013.7,32.5,8.4,194.24666666666664,16.8,22589,64074,0,31.1,21.1,26.0,33.1,21.1,26.6,20.2
Princes Town,2005-12-19,74.3,0.0,16.1,50.0,1012.9,38.7,9.3,187.10666666666665,16.18,22620,64103,0,31.1,21.1,25.9,33.1,21.1,26.8,20.7
Princes Town,2005-12-20,75.4,0.0,15.0,66.8,1013.1,70.9,8.0,194.5,16.8,22650,64132,0,31.1,21.1,25.8,33.1,21.1,26.7,20.7
Princes Town,2005-12-21,73.5,0.0,16.1,72.6,1013.5,45.4,9.1,181.61333333333332,15.706666666666667,22680,64162,0,31.1,21.8,26.1,32.5,21.8,26.8,20.4
Princes Town,2005-12-22,83.6,0.508,18.3,64.7,1013.8,65.8,6.9,188.28,16.246666666666666,22710,64192,1,30.2,22.8,25.7,33.4,22.8,26.8,22.4
Princes Town,2005-12-23,87.8,5.8674,13.9,69.5,1013.2,66.3,7.3,190.60666666666665,16.493333333333332,22739,64222,1,31.1,22.1,25.3,34.7,22.1,26.3,22.9
Princes Town,2005-12-24,86.0,2.794,18.3,59.7,1012.5,70.9,6.5,181.38,15.673333333333334,22768,64253,1,29.1,24.1,25.9,34.7,24.1,27.4,23.3
Princes Town,2005-12-25,83.7,0.9905999999999999,11.4,66.6,1012.8,58.7,8.0,198.35333333333335,17.18,22797,64284,1,31.1,21.1,25.7,35.6,21.1,27.4,22.5
Princes Town,2005-12-26,76.1,2.9972,16.1,64.1,1012.9,86.3,8.5,199.25333333333336,17.240000000000002,22825,64316,1,30.6,23.7,26.6,33.4,23.7,27.7,21.8
Princes Town,2005-12-27,75.4,0.0,10.3,23.6,1012.5,81.8,9.3,203.98666666666668,17.66,22852,64347,0,31.1,20.1,25.2,33.3,20.1,25.9,20.2
Princes Town,2005-12-28,77.7,0.0,11.4,58.4,1011.4,47.1,8.1,197.17333333333332,17.053333333333335,22879,64379,0,31.6,21.1,25.5,34.7,21.1,26.3,20.9
Princes Town,2005-12-29,80.1,0.0,10.3,55.6,1011.5,67.5,8.2,181.35333333333335,15.7,22905,64411,0,31.1,20.1,24.5,31.4,20.1,24.9,20.4
Princes Town,2005-12-30,78.0,0.3048,19.5,64.1,1011.4,67.8,8.4,178.02666666666667,15.426666666666668,22931,64444,1,30.1,20.1,25.3,32.7,20.1,26.2,20.7
Princes Town,2005-12-31,76.9,0.0,13.9,64.1,1012.0,48.8,7.9,193.76000000000002,16.82,22956,64476,0,30.8,20.8,25.6,33.2,20.8,26.5,20.9
Princes Town,2006-01-01,88.8,5.1054,16.1,35.8,1011.4,67.4,7.0,188.91875,16.31875,22979,64507,1,30.1,21.7,24.7,32.8,21.7,25.3,22.6
Princes Town,2006-01-02,91.5,2.3114,15.0,50.9,1011.9,88.3,6.2,200.6,17.3375,23003,64540,1,27.1,23.2,24.7,30.2,23.2,24.9,23.2
Princes Town,2006-01-03,85.5,19.1008,16.1,74.3,1011.7,90.0,7.0,206.85625,17.90625,23026,64572,1,30.1,23.1,26.0,34.3,23.1,27.5,23.3
Princes Town,2006-01-04,93.3,24.917399999999997,11.4,77.6,1010.8,87.1,5.9,198.2125,17.16875,23048,64605,1,28.1,23.1,24.3,32.1,23.1,24.5,23.2
Princes Town,2006-01-05,82.1,0.0,11.4,80.1,1010.3,84.8,7.8,190.6875,16.5,23070,64637,0,31.1,22.2,25.8,33.8,22.2,26.9,22.2
Princes Town,2006-01-06,78.6,0.0,16.1,62.9,1011.1,81.7,9.1,184.79375,15.975,23090,64670,0,30.7,20.1,25.1,33.1,20.1,26.0,20.8
Princes Town,2006-01-07,74.6,0.0,13.9,72.4,1012.5,70.4,9.4,182.93125,15.8125,23110,64702,0,31.1,21.1,25.7,33.1,21.1,26.3,20.4
Princes Town,2006-01-08,77.9,0.0,12.8,35.7,1013.3,70.0,8.0,195.9375,16.975,23129,64734,0,29.7,20.1,25.1,32.1,20.1,25.9,20.6
Princes Town,2006-01-09,75.5,0.0,16.1,59.4,1012.9,51.7,8.0,191.7,16.5625,23147,64766,0,31.1,22.7,26.3,33.8,22.7,27.2,21.3
Princes Town,2006-01-10,80.1,0.3048,13.9,65.8,1012.7,35.7,7.9,200.13125,17.275,23165,64798,1,31.1,22.3,25.6,33.8,22.3,26.4,21.7
Princes Town,2006-01-11,91.3,3.9878,18.3,63.8,1011.9,70.8,6.5,210.7875,18.23125,23181,64830,1,27.6,22.1,24.2,30.3,22.1,24.4,22.7
Princes Town,2006-01-12,89.9,15.011399999999998,17.2,74.7,1011.6,64.6,6.1,204.53125,17.70625,23196,64861,1,27.7,23.1,25.1,31.6,23.1,25.8,23.3
Princes Town,2006-01-13,94.6,20.6248,9.2,90.2,1012.1,78.8,5.3,204.8625,17.7375,23211,64892,1,26.1,24.1,25.0,26.1,24.1,25.0,24.1
Princes Town,2006-01-14,82.4,0.7874,16.1,73.3,1011.8,77.4,7.5,211.31875,18.2875,23224,64922,1,29.1,23.8,26.2,32.8,23.8,27.4,22.8
Princes Town,2006-01-15,82.7,0.0,15.0,70.2,1011.2,40.8,8.2,205.8375,17.8125,23237,64953,0,31.1,22.1,25.9,34.7,22.1,27.2,22.4
Princes Town,2006-01-16,85.5,2.0065999999999997,20.8,79.2,1012.2,75.2,6.8,205.05625,17.7,23249,64983,1,29.7,22.1,25.7,33.8,22.1,26.6,22.9
Princes Town,2006-01-17,80.0,0.0,16.1,58.3,1013.6,77.9,7.8,209.99375,18.1625,23259,65012,0,30.1,22.7,26.1,33.4,22.7,27.1,22.0
Princes Town,2006-01-18,90.1,2.0065999999999997,10.3,51.9,1013.4,76.5,6.7,215.1875,18.6125,23269,65042,1,30.1,22.1,24.6,32.7,22.1,24.9,22.7
Princes Town,2006-01-19,76.3,5.08,13.9,334.7,1010.9,75.2,8.5,213.30625,18.4375,23277,65070,1,31.3,21.1,25.7,33.1,21.1,26.4,20.7
Princes Town,2006-01-20,76.5,0.0,11.4,74.2,1010.2,54.1,8.8,223.86875,19.31875,23285,65099,0,32.1,20.1,26.1,34.3,20.1,27.1,21.2
Princes Town,2006-01-21,82.3,3.302,19.5,57.0,1011.3,61.7,7.3,213.9625,18.48125,23292,65126,1,30.1,23.1,26.2,34.3,23.1,27.4,22.7
Princes Town,2006-01-22,79.4,0.6096,25.3,68.5,1011.9,63.3,7.2,211.0,18.18125,23297,65154,1,30.1,24.1,26.4,33.5,24.1,27.3,22.4
Princes Town,2006-01-23,77.5,0.3048,19.5,72.1,1011.6,63.0,7.1,214.68125,18.525,23302,65180,1,29.8,23.1,26.4,33.2,23.1,27.6,21.9
Princes Town,2006-01-24,94.0,86.7918,17.2,84.7,1011.4,87.1,4.1,228.6125,19.69375,23305,65207,1,25.1,23.7,24.3,25.1,23.7,24.3,23.2
Princes Town,2006-01-25,92.5,29.006799999999995,18.3,75.6,1013.0,93.8,5.6,227.3625,19.6875,23307,65232,1,28.1,24.1,24.9,32.1,24.1,25.1,23.6
Princes Town,2006-01-26,83.2,0.0,16.1,80.1,1013.5,75.4,7.8,223.225,19.30625,23309,65258,0,30.1,23.7,26.6,35.2,23.7,28.2,23.3
Princes Town,2006-01-27,87.0,3.5052000000000003,16.1,81.2,1013.8,77.1,6.5,210.725,18.18125,23309,65282,1,29.2,24.6,26.2,34.7,24.6,27.4,23.8
Princes Town,2006-01-28,79.5,0.508,16.1,37.1,1014.1,72.6,7.3,216.5375,18.69375,23308,65306,1,31.1,23.1,26.6,34.7,23.1,27.9,22.4
Princes Town,2006-01-29,81.4,0.9905999999999999,13.9,53.2,1013.4,77.4,7.6,210.09375,18.08125,23307,65330,1,30.1,22.8,25.6,33.4,22.8,26.7,22.1
Princes Town,2006-01-30,77.3,0.0,17.2,74.2,1012.8,52.9,9.5,222.9375,19.23125,23304,65352,0,31.1,22.1,26.1,34.7,22.1,26.9,21.4
Princes Town,2006-01-31,76.1,0.0,18.3,77.5,1012.4,40.0,8.7,229.48125,19.7875,23300,65375,0,31.1,21.1,26.0,33.8,21.1,26.9,21.1
Princes Town,2006-02-01,79.5,0.9905999999999999,17.2,84.5,1011.9,55.4,8.3,229.45,19.8125,23295,65396,1,31.1,23.1,26.5,34.7,23.1,27.8,22.4
Princes Town,2006-02-02,80.6,0.0,15.0,85.5,1011.6,70.8,8.1,231.00625,19.9625,23289,65417,0,30.2,23.8,26.5,33.4,23.8,27.7,22.7
Princes Town,2006-02-03,69.4,0.0,23.0,75.4,1012.2,86.3,8.6,225.25,19.43125,23283,65437,0,30.2,23.6,26.6,34.3,23.6,27.2,20.2
Princes Town,2006-02-04,76.1,0.0,16.1,83.9,1012.0,90.0,8.3,225.5,19.41875,23275,65457,0,30.1,21.1,25.2,32.7,21.1,25.8,20.2
Princes Town,2006-02-05,80.3,0.9905999999999999,25.3,70.5,1013.1,86.3,7.2,217.85,18.8125,23266,65476,1,28.8,21.1,24.6,31.7,21.1,25.2,20.7
Princes Town,2006-02-06,82.6,4.013199999999999,17.2,86.0,1013.0,67.5,7.2,221.55,19.14375,23256,65494,1,29.1,22.1,24.8,31.4,22.1,25.6,21.4
Princes Town,2006-02-07,72.7,0.0,17.2,78.0,1012.5,44.6,8.1,234.3375,20.19375,23245,65512,0,30.1,21.1,25.5,32.0,21.1,26.1,19.8
Princes Town,2006-02-08,77.0,0.0,15.0,81.5,1012.6,38.3,8.6,233.60625000000002,20.14375,23233,65529,0,31.1,21.1,25.4,32.1,21.1,26.0,20.6
Princes Town,2006-02-09,76.7,0.508,18.3,81.7,1014.1,59.6,8.0,238.05,20.54375,23221,65546,1,30.1,23.1,26.1,32.7,23.1,27.1,21.3
Princes Town,2006-02-10,69.6,0.0,15.0,75.4,1015.3,55.0,9.6,232.15625,20.09375,23207,65561,0,31.1,22.2,26.3,32.7,22.2,27.0,20.0
Princes Town,2006-02-11,77.5,0.0,18.3,82.2,1014.9,50.0,8.7,238.43125,20.675,23192,65577,0,30.8,21.1,25.1,32.7,21.1,25.8,20.4
Princes Town,2006-02-12,81.3,3.9878,16.1,78.4,1014.9,81.7,7.6,230.65,19.95,23177,65591,1,29.3,22.1,25.2,32.2,22.1,26.1,21.4
Princes Town,2006-02-13,82.4,2.9972,18.3,77.2,1015.3,76.1,7.4,241.64375,20.89375,23160,65605,1,29.2,22.1,25.3,32.1,22.1,26.1,21.9
Princes Town,2006-02-14,76.1,0.3048,19.5,70.3,1014.9,42.5,8.8,219.3625,18.95625,23143,65618,1,29.7,22.1,25.7,31.4,22.1,26.3,20.8
Princes Town,2006-02-15,85.1,2.794,18.3,70.4,1013.8,62.9,6.8,240.3875,20.80625,23125,65631,1,28.8,22.1,24.7,31.8,22.1,25.5,21.8
Princes Town,2006-02-16,80.4,1.9811999999999999,20.8,76.6,1013.5,58.8,7.2,241.3,20.8625,23106,65643,1,30.1,21.8,25.3,32.7,21.8,26.0,21.4
Princes Town,2006-02-17,80.3,7.112,13.9,80.9,1012.9,40.4,8.3,234.43125,20.29375,23086,65654,1,30.1,21.1,25.1,32.1,21.1,25.9,21.2
Princes Town,2006-02-18,79.6,11.2014,10.3,56.4,1013.0,50.4,8.6,238.41875,20.625,23065,65665,1,31.1,20.3,24.6,32.5,20.3,25.1,20.3
Princes Town,2006-02-19,82.5,5.1054,5.8,344.1,1013.2,61.3,8.6,239.5875,20.725,23044,65675,1,31.7,19.1,24.1,33.0,19.1,24.4,20.4
Princes Town,2006-02-20,80.3,0.0,16.1,63.3,1013.2,59.2,8.6,244.3375,21.11875,23022,65685,0,30.2,20.1,25.1,33.2,20.1,26.2,21.1
Princes Town,2006-02-21,92.0,33.502599999999994,19.5,64.4,1013.4,91.7,5.6,250.41875,21.6125,22999,65694,1,27.1,22.8,24.3,30.2,22.8,24.5,22.9
Princes Town,2006-02-22,78.9,2.0065999999999997,16.1,56.5,1013.5,70.8,7.0,228.21875,19.73125,22975,65702,1,29.3,23.6,25.9,33.3,23.6,27.1,21.9
Princes Town,2006-02-23,67.9,0.0,19.5,58.6,1013.3,42.5,8.5,233.9375,20.23125,22951,65710,0,30.1,22.1,25.9,30.9,22.1,26.4,19.2
Princes Town,2006-02-24,84.9,1.2953999999999999,18.3,64.0,1013.5,70.9,6.8,231.075,19.99375,22926,65718,1,28.1,21.8,24.7,31.4,21.8,25.4,21.9
Princes Town,2006-02-25,73.0,0.0,16.1,55.3,1013.8,52.9,9.6,239.0125,20.662499999999998,22900,65725,0,31.2,22.1,26.2,33.4,22.1,27.0,20.7
Princes Town,2006-02-26,71.5,0.0,21.9,59.1,1012.8,41.3,9.6,249.43125,21.55,22873,65731,0,30.1,22.3,26.3,32.0,22.3,26.9,20.4
Princes Town,2006-02-27,77.5,0.0,13.9,73.4,1014.2,62.4,9.3,239.3125,20.68125,22846,65737,0,31.8,20.1,25.7,33.9,20.1,26.7,20.9
Princes Town,2006-02-28,76.8,0.9905999999999999,17.2,76.2,1014.4,72.2,8.4,250.7625,21.66875,22819,65743,1,30.3,23.8,26.4,33.4,23.8,27.6,21.8
Princes Town,2006-03-01,73.5,0.0,18.3,72.6,1014.6,45.0,8.4,248.7875,21.50625,22790,65748,0,31.1,22.1,26.1,32.7,22.1,26.8,20.6
Princes Town,2006-03-02,74.3,0.0,20.8,81.4,1014.5,34.2,9.0,240.45,20.80625,22762,65752,0,31.1,22.7,26.3,33.1,22.7,27.2,21.0
Princes Town,2006-03-03,76.1,0.0,17.2,84.6,1013.3,46.3,8.4,252.7,21.84375,22732,65756,0,32.1,23.1,26.7,35.0,23.1,28.0,21.8
Princes Town,2006-03-04,76.4,0.0,16.1,93.8,1013.4,42.6,7.2,240.5875,20.79375,22703,65760,0,31.1,23.8,26.9,34.7,23.8,28.2,22.1
Princes Town,2006-03-05,78.1,0.0,15.0,82.1,1013.4,40.9,8.1,243.88125,21.00625,22672,65763,0,32.1,23.1,26.4,35.9,23.1,27.6,22.0
Princes Town,2006-03-06,77.1,0.0,18.3,73.0,1014.1,70.8,8.6,250.44375,21.66875,22641,65766,0,31.1,23.1,26.6,34.7,23.1,27.8,22.0
Princes Town,2006-03-07,77.1,0.0,18.3,72.6,1013.5,90.0,8.6,250.39375,21.6125,22610,65769,0,31.1,23.1,26.5,34.7,23.1,27.8,21.9
Princes Town,2006-03-08,76.3,0.3048,18.3,93.3,1012.9,84.2,8.7,252.89375,21.83125,22578,65771,1,31.1,23.1,26.4,34.7,23.1,27.6,21.7
Princes Town,2006-03-09,81.1,0.9905999999999999,13.9,55.5,1013.1,85.0,7.4,250.70625,21.60625,22546,65773,1,32.1,22.1,25.8,35.9,22.1,26.9,22.0
Princes Town,2006-03-10,73.2,0.0,15.0,69.1,1013.5,69.1,9.1,233.85625,20.225,22514,65775,0,31.1,22.6,26.4,33.1,22.6,27.3,20.9
Princes Town,2006-03-11,76.8,3.7845999999999997,21.9,76.9,1014.0,73.8,8.5,239.675,20.69375,22481,65776,1,31.1,22.8,25.7,33.8,22.8,26.5,21.0
Princes Town,2006-03-12,71.6,0.0,17.2,79.2,1013.4,85.4,8.7,251.225,21.65,22448,65777,0,31.1,20.8,25.7,31.6,20.8,26.0,19.3
Princes Town,2006-03-13,87.2,17.779999999999998,25.3,74.4,1012.5,84.6,6.3,250.70625,21.65625,22415,65778,1,29.1,22.3,24.6,31.4,22.3,25.1,22.2
Princes Town,2006-03-14,91.8,57.0992,13.9,65.6,1012.0,83.9,4.8,252.825,21.81875,22381,65778,1,27.1,22.8,24.6,30.2,22.8,24.9,23.1
Princes Town,2006-03-15,81.1,2.9972,16.1,78.1,1013.0,90.0,5.8,243.2625,21.025,22347,65779,1,30.3,24.1,26.8,35.2,24.1,28.5,23.1
Princes Town,2006-03-16,73.1,0.0,17.2,76.9,1013.3,80.0,7.2,246.19375,21.23125,22313,65779,0,30.7,24.1,26.8,32.7,24.1,27.9,21.4
Princes Town,2006-03-17,74.3,0.0,16.1,83.9,1012.6,84.2,8.5,273.14375,23.575,22278,65779,0,32.3,21.1,26.1,35.0,21.1,26.8,20.6
Princes Town,2006-03-18,78.7,0.0,13.9,80.0,1011.6,68.3,8.5,270.525,23.43125,22244,65778,0,31.1,23.1,26.4,33.8,23.1,27.7,22.1
Princes Town,2006-03-19,82.8,1.2953999999999999,19.5,71.7,1011.4,80.9,7.0,260.9875,22.54375,22209,65778,1,30.2,23.1,26.3,34.1,23.1,27.5,22.8
Princes Town,2006-03-20,86.1,28.981399999999997,16.1,68.0,1011.9,88.3,5.5,261.0,22.50625,22174,65777,1,29.1,23.1,25.4,32.8,23.1,26.1,22.8
Princes Town,2006-03-21,79.6,0.0,16.1,83.5,1012.6,72.2,4.8,251.84375,21.75,22139,65777,0,30.8,23.1,26.6,34.5,23.1,27.9,22.4
Princes Town,2006-03-22,79.9,0.7874,18.3,77.8,1012.9,82.5,6.4,257.79375,22.28125,22104,65776,1,31.1,24.1,26.6,34.7,24.1,27.9,22.6
Princes Town,2006-03-23,73.1,0.0,18.3,83.7,1013.7,51.3,7.1,254.925,22.0,22068,65775,0,31.1,23.1,26.7,33.1,23.1,27.5,21.1
Princes Town,2006-03-24,72.2,0.0,17.2,74.3,1012.8,36.3,8.0,264.70625,22.86875,22033,65774,0,31.1,21.7,25.9,32.7,21.7,26.6,20.0
Princes Town,2006-03-25,78.7,0.0,15.0,81.2,1013.0,48.3,8.2,257.86875,22.28125,21998,65773,0,31.2,21.8,26.4,35.6,21.8,28.2,22.2
Princes Town,2006-03-26,77.9,0.0,15.0,90.0,1013.8,43.3,6.5,256.4375,22.16875,21963,65772,0,31.3,24.1,27.3,34.7,24.1,28.9,22.8
Princes Town,2006-03-27,76.6,0.0,18.3,85.0,1014.9,45.8,6.3,262.775,22.675,21927,65771,0,31.1,23.7,27.2,35.6,23.7,28.7,22.4
Princes Town,2006-03-28,74.9,0.0,16.1,84.3,1015.8,64.2,7.3,263.2125,22.725,21892,65770,0,32.1,22.1,26.8,35.0,22.1,27.8,21.6
Princes Town,2006-03-29,74.9,0.0,13.9,75.0,1014.8,39.5,8.2,260.5625,22.5,21857,65769,0,31.1,21.1,25.9,33.1,21.1,26.7,20.6
Princes Town,2006-03-30,77.1,0.0,16.1,80.4,1013.8,39.6,7.7,259.55,22.41875,21822,65768,0,31.1,23.1,26.7,34.0,23.1,27.9,22.0
Princes Town,2006-03-31,74.0,0.0,16.1,84.9,1014.5,45.4,7.6,243.16875,21.04375,21787,65767,0,32.1,23.1,27.0,33.8,23.1,27.9,21.6
Princes Town,2006-04-01,67.7,0.0,16.1,81.0,1013.7,38.1,6.5,258.43125,22.36875,21752,65766,0,31.1,22.1,27.1,33.1,22.1,27.9,20.1
Princes Town,2006-04-02,74.1,0.0,16.1,66.4,1012.4,57.5,7.6,258.14375,22.3,21717,65766,0,31.1,21.1,26.0,33.8,21.1,26.7,20.5
Princes Town,2006-04-03,78.9,0.0,16.1,99.0,1012.3,71.7,8.6,262.34375,22.66875,21683,65765,0,31.1,21.3,25.9,35.6,21.3,27.2,21.7
Princes Town,2006-04-04,74.4,0.0,18.3,71.4,1012.4,60.4,8.2,263.7,22.79375,21648,65764,0,32.1,22.7,27.2,34.7,22.7,28.4,21.8
Princes Town,2006-04-05,76.9,6.095999999999999,16.1,77.2,1012.1,53.3,7.6,259.35,22.41875,21614,65764,1,31.1,24.1,26.9,33.8,24.1,28.1,22.3
Princes Town,2006-04-06,78.5,0.0,17.2,84.9,1011.8,78.3,7.6,253.11874999999998,21.825,21580,65764,0,32.1,23.1,26.8,35.9,23.1,28.4,22.4
Princes Town,2006-04-07,73.9,0.0,20.8,84.0,1012.8,80.0,8.5,262.475,22.6875,21547,65764,0,32.1,23.8,27.2,35.0,23.8,28.3,21.7
Princes Town,2006-04-08,71.8,0.0,16.1,77.3,1012.7,84.2,8.0,258.98125,22.39375,21513,65764,0,32.1,22.1,26.6,33.0,22.1,27.3,20.4
Princes Town,2006-04-09,74.0,0.0,15.0,70.4,1011.8,60.4,7.9,258.41875,22.3,21480,65764,0,32.1,21.3,26.4,35.0,21.3,27.6,21.0
Princes Town,2006-04-10,74.1,0.0,23.0,70.0,1010.7,55.4,8.8,260.64375,22.55625,21448,65764,0,32.1,22.7,26.8,34.3,22.7,27.8,21.3
Princes Town,2006-04-11,74.7,0.0,15.0,76.2,1010.7,86.3,7.9,262.55625,22.63125,21415,65765,0,32.1,24.1,27.3,35.0,24.1,28.7,22.0
Princes Town,2006-04-12,75.4,0.0,19.5,80.5,1010.8,80.9,9.2,256.69375,22.13125,21383,65766,0,33.1,24.1,27.5,37.2,24.1,29.2,22.5
Princes Town,2006-04-13,73.3,0.0,18.3,81.6,1010.1,51.7,8.2,254.16875,21.9625,21352,65767,0,32.1,24.1,27.7,35.0,24.1,29.0,22.0
Princes Town,2006-04-14,74.5,0.0,15.0,79.4,1009.8,65.8,8.3,239.6,20.73125,21320,65769,0,33.1,23.6,27.6,36.2,23.6,29.1,22.2
Princes Town,2006-04-15,74.9,0.0,11.4,80.0,1011.1,90.0,9.2,240.85,20.78125,21289,65770,0,33.1,22.1,26.8,35.4,22.1,27.9,21.6
Princes Town,2006-04-16,73.2,0.0,13.9,99.6,1013.4,61.8,8.6,255.75625,22.08125,21259,65772,0,33.1,22.1,27.2,36.2,22.1,28.6,21.4
Princes Town,2006-04-17,73.2,0.0,18.3,73.2,1013.2,77.6,9.1,252.5375,21.80625,21229,65774,0,33.1,22.1,27.1,36.2,22.1,28.2,21.2
Princes Town,2006-04-18,72.6,0.0,16.1,76.5,1012.0,73.3,8.6,255.81875,22.0875,21200,65777,0,33.1,21.7,27.4,36.2,21.7,28.8,21.6
Princes Town,2006-04-19,74.9,0.0,16.1,95.3,1011.9,64.6,8.5,244.83125,21.15,21171,65780,0,34.1,24.1,28.3,38.4,24.1,30.7,23.1
Princes Town,2006-04-20,77.1,0.0,16.1,100.3,1012.7,49.2,6.4,241.60625,20.89375,21142,65783,0,32.3,24.1,27.9,37.1,24.1,29.8,23.1
Princes Town,2006-04-21,73.0,0.0,17.2,88.5,1013.9,55.0,6.2,243.70625,21.09375,21114,65786,0,32.8,24.1,28.3,36.9,24.1,30.3,22.7
Princes Town,2006-04-22,72.5,6.095999999999999,21.9,83.2,1014.2,56.3,7.9,258.0375,22.26875,21087,65790,1,31.3,24.2,27.5,34.7,24.2,28.8,21.8
Princes Town,2006-04-23,75.6,0.0,16.1,83.2,1012.9,67.9,8.1,249.11875,21.525,21060,65794,0,32.6,22.2,27.1,35.1,22.2,28.4,21.8
Princes Town,2006-04-24,85.9,16.002,12.8,87.8,1012.7,75.8,7.0,251.10000000000002,21.69375,21033,65799,1,30.1,23.7,26.0,33.4,23.7,27.5,23.3
Princes Town,2006-04-25,76.4,0.0,18.3,87.8,1012.0,64.6,8.8,247.0125,21.275,21008,65804,0,31.1,22.1,26.7,34.7,22.1,28.2,21.8
Princes Town,2006-04-26,76.0,0.0,18.3,78.4,1012.3,90.0,8.4,256.91875,22.18125,20983,65809,0,31.3,23.1,26.9,34.7,23.1,28.3,22.0
Princes Town,2006-04-27,73.8,0.0,27.5,81.2,1012.6,90.0,9.3,242.725,20.95625,20958,65814,0,33.1,22.1,27.1,36.2,22.1,28.4,21.6
Princes Town,2006-04-28,77.6,0.9905999999999999,17.2,86.0,1012.2,83.3,8.2,260.54375,22.525,20934,65820,1,30.1,23.1,26.4,33.4,23.1,27.7,22.1
Princes Town,2006-04-29,69.7,0.0,13.9,91.9,1010.8,74.2,8.9,229.61333333333332,19.833333333333332,20911,65827,0,32.6,23.1,27.4,34.3,23.1,28.4,20.9
Princes Town,2006-04-30,74.9,0.0,16.1,85.2,1010.5,88.3,8.9,249.62,21.526666666666664,20889,65833,0,33.1,22.1,27.3,36.2,22.1,29.0,22.0
Princes Town,2006-05-01,80.0,0.0,16.1,95.2,1011.0,90.0,8.1,239.43333333333334,20.666666666666668,20867,65840,0,33.1,24.1,27.7,39.4,24.1,29.9,23.6
Princes Town,2006-05-02,87.9,29.9974,16.1,82.8,1012.0,84.2,7.2,227.28000000000003,19.646666666666665,20846,65848,1,30.7,24.6,26.3,36.4,24.6,27.5,24.1
Princes Town,2006-05-03,80.6,1.778,12.8,90.9,1012.6,90.4,8.1,227.57333333333332,19.646666666666665,20825,65856,1,32.1,24.1,27.4,36.9,24.1,29.6,23.6
Princes Town,2006-05-04,75.6,0.0,12.8,93.4,1011.7,60.9,8.7,236.32666666666668,20.38,20805,65864,0,32.1,23.1,27.8,36.9,23.1,29.8,22.8
Princes Town,2006-05-05,76.2,0.0,15.0,86.9,1011.8,59.6,8.9,257.54,22.240000000000002,20786,65872,0,33.1,23.8,27.7,37.2,23.8,29.4,22.7
Princes Town,2006-05-06,74.1,0.0,15.0,89.4,1012.4,60.0,9.2,253.53333333333333,21.86,20768,65881,0,33.1,23.1,27.9,36.4,23.1,29.6,22.4
Princes Town,2006-05-07,77.0,0.0,18.3,81.7,1012.8,70.4,8.0,258.2266666666667,22.259999999999998,20750,65891,0,32.1,24.1,27.5,35.9,24.1,29.3,22.8
Princes Town,2006-05-08,73.4,0.0,18.3,94.0,1011.9,90.0,8.6,227.12,19.626666666666665,20734,65901,0,33.1,21.1,27.3,36.9,21.1,29.3,21.8
Princes Town,2006-05-09,73.2,0.0,17.2,86.3,1011.7,70.0,8.9,245.52,21.240000000000002,20718,65911,0,34.1,24.7,28.1,38.4,24.7,30.1,22.5
Princes Town,2006-05-10,73.1,0.0,13.9,89.0,1012.4,43.8,8.9,241.36666666666667,20.833333333333332,20702,65921,0,33.1,23.3,28.1,37.2,23.3,29.8,22.4
Princes Town,2006-05-11,82.9,0.0,10.3,93.8,1012.6,76.9,8.2,262.49333333333334,22.626666666666665,20688,65932,0,30.1,24.1,26.8,35.2,24.1,28.8,23.6
Princes Town,2006-05-12,80.2,0.0,8.1,100.5,1013.2,91.3,8.4,250.81333333333333,21.686666666666667,20674,65943,0,30.1,25.1,27.6,35.2,25.1,30.2,23.8
Princes Town,2006-05-13,82.6,0.0,12.8,100.8,1013.7,90.4,7.5,257.35333333333335,22.233333333333334,20661,65955,0,33.1,25.1,27.4,38.2,25.1,29.8,24.1
Princes Town,2006-05-14,75.4,0.0,15.0,94.3,1014.5,68.8,7.6,226.82,19.586666666666666,20649,65967,0,33.1,25.8,28.6,38.2,25.8,31.2,23.5
Princes Town,2006-05-15,73.0,0.0,16.1,86.3,1014.1,72.1,8.2,227.76000000000002,19.64,20637,65979,0,33.1,24.1,28.1,36.7,24.1,30.1,22.5
Princes Town,2006-05-16,80.4,2.0065999999999997,13.9,84.5,1012.7,79.2,7.5,238.27333333333334,20.573333333333334,20627,65992,1,32.1,24.1,27.7,39.3,24.1,30.4,23.9
Princes Town,2006-05-17,86.2,0.0,13.9,78.6,1013.6,55.7,7.7,244.72,21.18,20617,66005,0,31.7,25.1,27.5,37.9,25.1,30.2,24.8
Princes Town,2006-05-18,80.2,5.8928,18.3,80.1,1014.9,56.3,7.7,240.72666666666666,20.740000000000002,20608,66018,1,32.1,24.3,27.9,38.1,24.3,30.2,23.8
Princes Town,2006-05-19,71.4,0.0,13.9,88.3,1015.5,32.9,8.1,237.61333333333332,20.553333333333335,20600,66032,0,33.1,24.1,28.1,35.6,24.1,29.4,21.9
Princes Town,2006-05-20,73.1,0.3048,19.5,74.7,1014.3,38.3,7.5,246.41333333333333,21.279999999999998,20592,66045,1,33.1,23.1,27.3,35.0,23.1,28.8,21.6
Princes Town,2006-05-21,73.3,0.3048,19.5,74.4,1013.0,50.8,8.0,230.35333333333332,19.88,20586,66060,1,33.1,24.1,28.1,38.2,24.1,30.6,22.6
Princes Town,2006-05-22,72.3,0.0,18.3,76.3,1014.5,61.3,7.8,219.64,18.959999999999997,20580,66074,0,32.1,25.2,28.4,35.9,25.2,30.3,22.6
Princes Town,2006-05-23,74.5,0.3048,18.3,72.0,1015.8,82.1,7.8,222.1,19.186666666666667,20575,66089,1,33.1,24.1,28.0,35.9,24.1,29.6,22.5
Princes Town,2006-05-24,72.4,0.0,15.0,79.2,1015.1,53.8,7.8,241.92000000000002,20.886666666666667,20571,66104,0,33.1,23.1,28.2,36.3,23.1,29.9,22.2
Princes Town,2006-05-25,74.1,0.0,13.9,88.1,1013.8,36.3,8.3,230.43333333333334,19.873333333333335,20567,66119,0,33.1,23.1,27.8,37.2,23.1,29.9,22.4
Princes Town,2006-05-26,76.8,0.0,17.2,77.3,1012.8,62.1,7.9,207.38,17.88,20564,66134,0,32.8,23.8,27.9,37.4,23.8,30.5,23.2
Princes Town,2006-05-27,74.5,0.0,17.2,81.9,1012.6,47.9,7.8,212.19333333333333,18.3,20562,66149,0,33.1,24.1,28.3,37.2,24.1,30.6,23.0
Princes Town,2006-05-28,75.2,0.508,16.1,74.0,1012.9,80.4,8.2,210.79333333333335,18.220000000000002,20561,66165,1,33.1,25.1,28.1,38.2,25.1,30.2,23.0
Princes Town,2006-05-29,72.5,0.0,12.8,92.7,1012.6,60.9,7.9,194.19333333333333,16.753333333333334,20561,66181,0,34.1,23.3,27.8,36.0,23.3,29.2,21.9
Princes Town,2006-05-30,74.2,0.0,13.9,95.0,1012.9,75.0,7.7,205.21999999999997,17.740000000000002,20561,66197,0,32.2,24.1,27.8,35.9,24.1,29.4,22.3
Princes Town,2006-05-31,72.9,0.0,16.1,91.1,1013.0,57.1,8.1,207.68666666666664,17.959999999999997,20562,66213,0,34.1,23.7,28.3,37.4,23.7,30.2,22.4
Princes Town,2006-06-01,72.3,0.0,15.0,88.4,1013.1,59.2,7.0,208.17333333333332,17.953333333333333,20564,66229,0,34.1,24.1,28.3,36.6,24.1,30.2,22.4
Princes Town,2006-06-02,90.1,3.5052000000000003,13.9,93.1,1013.3,85.0,7.3,209.84666666666666,18.133333333333333,20567,66245,1,30.1,25.1,26.3,35.2,25.1,27.8,24.6
Princes Town,2006-06-03,80.8,1.778,15.0,95.5,1012.9,66.7,7.0,225.3,19.42,20570,66261,1,31.7,25.1,27.9,36.7,25.1,30.7,24.1
Princes Town,2006-06-04,85.2,9.118599999999999,17.2,86.1,1012.6,72.5,7.0,212.3,18.326666666666664,20574,66278,1,32.7,24.1,27.1,38.0,24.1,29.4,24.2
Princes Town,2006-06-05,83.9,10.693399999999999,17.2,101.1,1012.4,83.0,6.7,184.49333333333334,15.9,20578,66294,1,31.1,25.2,27.6,36.7,25.2,30.2,24.5
Princes Town,2006-06-06,81.4,7.188199999999999,18.3,79.0,1013.4,88.3,6.6,198.36666666666667,17.146666666666665,20583,66310,1,31.1,24.1,27.7,36.7,24.1,30.1,24.0
Princes Town,2006-06-07,86.0,7.619999999999999,17.2,78.8,1013.4,67.5,6.8,214.35333333333335,18.459999999999997,20589,66326,1,31.1,25.1,27.1,36.7,25.1,29.0,24.4
Princes Town,2006-06-08,82.5,7.924799999999999,17.2,72.8,1012.7,74.1,6.6,209.26000000000002,18.086666666666666,20596,66343,1,31.1,24.1,27.4,36.7,24.1,30.3,24.1
Princes Town,2006-06-09,75.8,0.3048,17.2,77.3,1012.7,90.0,7.3,219.33333333333334,18.913333333333334,20603,66359,1,32.1,25.1,28.2,36.9,25.1,30.6,23.3
Princes Town,2006-06-10,77.0,0.0,18.3,74.1,1013.0,90.0,7.1,208.02,17.946666666666665,20610,66375,0,31.7,24.8,28.1,36.1,24.8,30.1,23.3
Princes Town,2006-06-11,76.4,0.9905999999999999,17.2,80.7,1013.6,66.7,7.6,204.66666666666666,17.64,20619,66390,1,33.1,24.1,28.1,37.2,24.1,30.2,23.2
Princes Town,2006-06-12,81.7,2.9972,16.1,74.7,1013.4,73.8,8.0,218.96666666666667,18.86,20627,66406,1,31.1,24.1,27.1,36.7,24.1,29.0,23.4
Princes Town,2006-06-13,92.1,21.8948,13.9,83.5,1014.1,80.4,6.1,196.84,16.98,20637,66421,1,29.6,24.1,25.7,36.2,24.1,26.4,24.3
Princes Town,2006-06-14,81.7,5.5118,15.0,83.7,1014.4,87.1,7.4,218.26000000000002,18.779999999999998,20647,66437,1,31.1,24.7,27.3,35.6,24.7,29.3,23.7
Princes Town,2006-06-15,77.0,0.0,16.1,80.3,1013.7,53.3,7.5,184.2133333333333,15.933333333333334,20657,66452,0,32.1,23.1,27.4,35.9,23.1,29.2,22.7
Princes Town,2006-06-16,80.7,0.0,12.8,89.7,1012.6,45.8,8.5,199.92666666666668,17.253333333333334,20668,66466,0,31.1,23.1,27.1,35.6,23.1,29.1,23.2
Princes Town,2006-06-17,86.8,10.8966,6.9,59.2,1013.4,90.0,8.2,199.44666666666666,17.226666666666667,20679,66481,1,29.1,24.1,26.3,34.7,24.1,28.0,23.8
Princes Town,2006-06-18,83.4,0.3048,13.9,77.1,1013.1,78.8,7.6,183.56,15.833333333333334,20691,66495,1,31.8,23.3,27.2,37.6,23.3,29.8,23.9
Princes Town,2006-06-19,86.2,0.0,16.1,76.1,1012.7,87.9,6.9,188.23333333333332,16.293333333333333,20703,66509,0,31.7,23.8,26.8,36.9,23.8,28.9,24.2
Princes Town,2006-06-20,87.2,16.002,16.1,75.7,1012.8,86.7,6.5,189.28,16.366666666666667,20715,66522,1,31.1,25.1,27.1,37.6,25.1,29.0,24.6
Princes Town,2006-06-21,78.8,10.0076,12.8,84.4,1014.1,63.3,8.8,205.94666666666666,17.813333333333333,20728,66535,1,32.1,24.7,27.8,36.9,24.7,29.9,23.5
Princes Town,2006-06-22,79.6,0.3048,11.4,78.8,1014.2,69.2,7.7,212.25333333333336,18.32,20741,66548,1,32.7,24.1,27.8,38.1,24.1,29.8,23.6
Princes Town,2006-06-23,82.7,0.8128,13.9,94.4,1013.2,87.1,7.7,197.85333333333335,17.073333333333334,20755,66560,1,31.1,24.1,27.4,36.6,24.1,29.7,24.0
Princes Town,2006-06-24,84.6,3.5052000000000003,12.8,91.6,1013.4,87.9,7.0,207.2866666666667,17.92,20769,66572,1,31.1,24.8,27.2,36.7,24.8,29.7,24.3
Princes Town,2006-06-25,77.7,2.0065999999999997,13.9,81.0,1013.4,62.1,7.3,207.33333333333334,17.886666666666667,20783,66583,1,33.1,24.1,27.8,37.2,24.1,29.8,23.2
Princes Town,2006-06-26,82.9,1.4986,17.2,75.8,1013.3,70.0,7.6,214.8,18.506666666666668,20797,66594,1,32.1,24.1,27.4,38.1,24.1,30.2,24.1
Princes Town,2006-06-27,91.3,49.072799999999994,16.1,82.7,1014.7,90.9,6.3,205.86,17.746666666666666,20811,66605,1,29.3,25.1,26.5,36.4,25.1,28.3,24.9
Princes Town,2006-06-28,89.6,28.194000000000003,8.1,89.3,1015.2,90.0,7.1,205.93333333333334,17.773333333333333,20826,66614,1,29.1,24.1,26.4,34.7,24.1,28.1,24.4
Princes Town,2006-06-29,83.9,2.0065999999999997,15.0,81.2,1015.2,88.3,7.0,190.92666666666668,16.513333333333332,20841,66624,1,32.1,25.1,27.9,38.1,25.1,30.3,24.6
Princes Town,2006-06-30,82.7,19.1008,16.1,77.2,1015.0,83.3,6.9,182.7866666666667,15.753333333333334,20856,66632,1,32.1,24.1,27.7,38.1,24.1,30.9,24.3
Princes Town,2006-07-01,89.1,20.802599999999998,20.8,96.0,1015.4,75.4,6.3,180.69333333333333,15.58,20871,66640,1,30.1,24.8,26.8,37.6,24.8,29.1,24.8
Princes Town,2006-07-02,89.7,10.1092,17.2,91.1,1015.7,79.6,6.7,221.04,19.053333333333335,20886,66648,1,30.7,25.1,26.9,37.6,25.1,29.2,25.0
Princes Town,2006-07-03,89.3,22.4028,16.1,86.3,1016.0,87.9,6.5,220.37333333333333,19.02,20901,66655,1,31.3,24.1,26.6,37.9,24.1,28.8,24.5
Princes Town,2006-07-04,83.1,0.3048,17.2,73.4,1016.2,94.6,7.5,201.34,17.38,20917,66661,1,31.2,24.7,27.9,39.3,24.7,31.6,24.7
Princes Town,2006-07-05,75.7,0.0,17.2,66.5,1016.1,83.3,7.2,199.24666666666664,17.186666666666667,20932,66666,0,31.7,25.8,28.6,36.7,25.8,31.7,23.7
Princes Town,2006-07-06,75.6,0.0,20.8,63.2,1016.6,76.7,7.7,190.1,16.386666666666667,20947,66671,0,31.3,26.2,28.7,36.8,26.2,32.6,23.8
Princes Town,2006-07-07,78.7,5.9944,17.2,73.3,1015.9,77.1,8.2,222.82000000000002,19.279999999999998,20962,66675,1,32.1,24.7,27.8,36.9,24.7,30.0,23.4
Princes Town,2006-07-08,78.4,0.0,16.1,61.2,1014.5,46.3,8.7,205.08666666666667,17.673333333333336,20978,66678,0,32.8,24.1,28.3,38.8,24.1,31.4,23.9
Princes Town,2006-07-09,86.1,7.112,15.0,68.7,1012.9,78.3,7.3,189.58666666666667,16.37333333333333,20993,66681,1,32.1,24.7,27.7,39.3,24.7,31.1,25.1
Princes Town,2006-07-10,94.0,50.0126,18.3,74.8,1013.0,91.3,3.9,202.18666666666667,17.433333333333334,21008,66683,1,28.1,24.8,25.9,33.7,24.8,26.9,24.9
Princes Town,2006-07-11,91.7,56.9214,52.8,48.4,1014.2,90.0,7.0,204.48666666666668,17.60666666666667,21023,66684,1,30.7,24.1,26.0,37.1,24.1,26.9,24.5
Princes Town,2006-07-12,89.6,47.8028,8.1,42.5,1014.1,82.6,6.4,192.93333333333334,16.606666666666666,21038,66684,1,31.2,23.7,26.4,36.9,23.7,28.3,24.4
Princes Town,2006-07-13,85.0,3.5052000000000003,17.9,72.1,1013.1,79.2,6.7,199.44666666666666,17.2,21052,66684,1,32.1,25.1,27.6,38.1,25.1,30.1,24.6
Princes Town,2006-07-14,90.9,19.1008,10.3,63.8,1013.6,85.0,7.1,205.69333333333333,17.8,21067,66683,1,29.7,25.1,26.4,35.8,25.1,27.9,24.7
Princes Town,2006-07-15,82.4,5.8928,18.3,59.4,1014.5,90.0,7.0,187.42666666666668,16.186666666666667,21081,66681,1,31.1,24.1,27.5,37.1,24.1,30.3,24.1
Princes Town,2006-07-16,80.6,0.0,16.1,44.9,1013.7,73.8,7.2,207.59333333333333,17.873333333333335,21095,66678,0,33.1,24.1,27.7,38.2,24.1,29.7,23.7
Princes Town,2006-07-17,84.6,7.594599999999999,12.8,90.2,1013.1,76.3,8.2,196.28,16.92,21109,66675,1,31.2,24.1,27.4,37.9,24.1,30.4,24.4
Princes Town,2006-07-18,85.7,5.9944,12.8,87.9,1014.4,78.8,9.0,217.0,18.773333333333333,21123,66670,1,31.2,25.8,27.7,37.9,25.8,30.7,25.0
Princes Town,2006-07-19,82.8,0.8128,13.9,77.1,1015.1,90.0,7.6,198.73999999999998,17.146666666666665,21136,66665,1,31.1,25.1,27.7,37.6,25.1,30.0,24.3
Princes Town,2006-07-20,77.7,0.0,16.1,79.6,1015.0,85.0,7.4,228.7866666666667,19.779999999999998,21149,66659,0,32.2,24.1,27.7,37.1,24.1,29.8,23.2
Princes Town,2006-07-21,78.7,0.0,11.4,88.6,1014.2,83.3,8.3,217.57333333333332,18.8,21162,66652,0,32.1,23.1,27.7,39.3,23.1,30.3,23.3
Princes Town,2006-07-22,81.8,2.0065999999999997,19.5,79.9,1013.9,80.4,7.7,212.3,18.313333333333333,21174,66644,1,32.1,25.1,27.9,38.1,25.1,30.8,24.3
Princes Town,2006-07-23,78.3,3.5052000000000003,19.5,74.6,1013.7,74.2,7.4,216.7866666666667,18.673333333333336,21187,66636,1,32.1,26.1,28.3,38.1,26.1,31.2,23.9
Princes Town,2006-07-24,75.5,0.0,18.3,77.5,1012.8,57.1,7.5,208.98666666666665,18.02,21198,66627,0,32.3,26.1,28.8,38.1,26.1,32.1,23.8
Princes Town,2006-07-25,84.3,2.0065999999999997,16.1,73.8,1011.8,75.4,7.4,197.78666666666666,17.09333333333333,21210,66616,1,30.1,24.1,26.6,35.2,24.1,28.1,23.7
Princes Town,2006-07-26,90.0,8.102599999999999,8.1,112.0,1011.3,88.8,7.2,226.04,19.506666666666664,21221,66605,1,28.3,24.1,26.2,32.8,24.1,27.8,24.4
Princes Town,2006-07-27,88.7,13.8938,11.4,98.0,1012.4,84.6,7.6,197.92666666666668,17.053333333333335,21232,66593,1,31.2,23.8,26.2,38.7,23.8,28.1,24.1
Princes Town,2006-07-28,85.3,7.188199999999999,11.4,87.9,1012.7,85.0,6.6,191.7866666666667,16.546666666666667,21242,66581,1,32.1,23.7,27.2,38.1,23.7,29.9,24.3
Princes Town,2006-07-29,86.9,10.1092,15.0,33.9,1013.0,65.0,7.2,221.46,19.16,21252,66567,1,31.1,24.6,26.7,36.7,24.6,28.3,24.2
Princes Town,2006-07-30,86.8,26.187399999999997,10.3,167.0,1013.2,76.5,6.7,215.01333333333332,18.526666666666664,21262,66553,1,31.3,23.1,26.4,37.2,23.1,28.4,23.9
Princes Town,2006-07-31,89.5,7.086600000000001,11.4,62.7,1015.2,85.4,6.6,217.94666666666666,18.779999999999998,21271,66538,1,30.1,23.8,26.0,35.2,23.8,27.8,24.0
Princes Town,2006-08-01,79.2,2.0065999999999997,12.8,103.3,1017.0,52.9,10.0,196.84,17.013333333333332,21280,66522,1,32.7,23.1,27.6,37.3,23.1,29.9,23.2
Princes Town,2006-08-02,79.2,4.0893999999999995,16.1,89.5,1016.4,43.8,8.7,187.92666666666668,16.273333333333333,21288,66505,1,32.1,24.1,27.7,36.9,24.1,30.0,23.5
Princes Town,2006-08-03,76.6,0.0,16.1,73.8,1015.2,33.5,8.9,179.79333333333335,15.479999999999999,21296,66487,0,33.1,24.1,28.0,36.2,24.1,30.1,23.1
Princes Town,2006-08-04,76.1,0.0,16.1,79.2,1013.5,35.0,7.8,194.66666666666666,16.813333333333333,21304,66469,0,33.1,23.1,27.3,37.2,23.1,29.1,22.3
Princes Town,2006-08-05,75.4,0.0,11.4,94.5,1012.4,37.9,8.4,215.24666666666664,18.58,21311,66450,0,33.1,23.1,27.6,38.2,23.1,29.9,22.5
Princes Town,2006-08-06,74.1,0.0,13.9,89.5,1012.1,36.3,8.5,234.08666666666664,20.220000000000002,21318,66430,0,33.1,23.1,27.9,38.2,23.1,30.3,22.6
Princes Town,2006-08-07,87.2,9.8806,16.1,77.8,1011.1,81.3,7.6,212.58666666666667,18.333333333333332,21324,66409,1,31.1,24.7,27.2,39.3,24.7,29.9,24.8
Princes Town,2006-08-08,78.8,4.0893999999999995,15.0,78.5,1011.3,54.6,8.1,202.65333333333334,17.473333333333336,21330,66388,1,33.1,24.7,28.3,38.3,24.7,31.1,23.9
Princes Town,2006-08-09,85.4,1.1176,12.8,81.8,1011.2,71.3,7.2,207.16666666666666,17.853333333333335,21336,66366,1,33.1,24.8,27.5,39.5,24.8,30.1,24.7
Princes Town,2006-08-10,85.1,6.095999999999999,18.3,103.4,1011.7,75.0,7.8,216.2866666666667,18.653333333333332,21341,66343,1,32.1,25.1,27.6,39.3,25.1,30.7,24.7
Princes Town,2006-08-11,80.1,2.9972,13.9,90.3,1012.0,44.6,7.6,220.32666666666668,19.040000000000003,21346,66319,1,33.1,25.1,27.9,39.4,25.1,30.8,24.1
Princes Town,2006-08-12,86.4,6.7818,11.4,69.0,1012.4,79.6,7.5,215.82666666666668,18.60666666666667,21350,66295,1,30.2,24.7,26.6,35.5,24.7,28.2,24.0
Princes Town,2006-08-13,84.3,7.112,9.2,3.3,1012.0,81.7,8.0,227.91333333333333,19.666666666666668,21354,66270,1,33.6,23.1,26.9,39.4,23.1,28.7,23.7
Princes Town,2006-08-14,79.3,0.0,9.2,84.8,1012.1,42.5,8.0,201.97333333333333,17.413333333333334,21357,66244,0,34.2,23.1,28.2,40.7,23.1,31.2,23.9
Princes Town,2006-08-15,85.5,0.9905999999999999,11.4,75.2,1011.9,61.3,7.8,198.66,17.14,21360,66218,1,32.1,25.1,27.2,38.1,25.1,29.7,24.5
Princes Town,2006-08-16,90.5,23.0886,18.3,77.2,1011.8,81.7,5.6,216.83333333333334,18.78666666666667,21363,66191,1,31.1,23.6,25.9,36.7,23.6,26.9,24.2
Princes Town,2006-08-17,87.8,27.8892,11.4,77.2,1012.2,91.7,7.1,217.27333333333334,18.753333333333334,21365,66163,1,30.2,22.2,26.1,36.3,22.2,27.6,23.7
Princes Town,2006-08-18,87.6,8.889999999999999,9.2,98.6,1012.4,90.8,7.5,197.82000000000002,17.073333333333334,21367,66135,1,29.1,23.8,26.1,33.7,23.8,27.4,23.8
Princes Town,2006-08-19,83.6,0.0,9.2,112.4,1012.9,82.3,8.2,198.59333333333333,17.14,21368,66106,0,32.1,23.1,27.1,38.1,23.1,29.6,23.9
Princes Town,2006-08-20,78.9,0.0,11.4,88.9,1013.5,63.8,8.3,185.64,16.053333333333335,21369,66076,0,33.2,24.1,28.1,38.1,24.1,30.9,23.7
Princes Town,2006-08-21,79.3,2.9972,17.9,89.1,1013.8,89.6,8.1,198.69333333333333,17.233333333333334,21370,66046,1,33.1,24.3,28.3,38.2,24.3,31.1,24.0
Princes Town,2006-08-22,87.4,0.7874,9.2,97.0,1013.5,89.6,7.2,216.52,18.69333333333333,21371,66016,1,31.1,24.3,26.8,36.7,24.3,28.9,24.4
Princes Town,2006-08-23,90.3,49.8094,18.3,75.4,1012.2,94.2,7.1,186.96,16.173333333333332,21371,65985,1,31.1,23.1,25.6,37.9,23.1,27.0,23.8
Princes Town,2006-08-24,94.3,67.00519999999999,9.2,126.4,1011.3,92.5,5.3,201.84666666666666,17.44,21370,65953,1,28.1,23.1,25.1,33.7,23.1,26.1,24.1
Princes Town,2006-08-25,92.0,56.108599999999996,16.1,229.9,1012.0,92.2,6.9,215.47333333333333,18.613333333333333,21370,65921,1,27.3,23.1,24.8,30.7,23.1,25.3,23.4
Princes Town,2006-08-26,86.1,2.0065999999999997,11.4,140.5,1012.0,60.8,7.5,214.32666666666668,18.52,21369,65888,1,31.8,24.1,26.9,38.5,24.1,28.8,24.2
Princes Town,2006-08-27,81.2,8.889999999999999,13.9,83.1,1011.6,73.3,8.1,223.25333333333336,19.259999999999998,21368,65855,1,32.1,23.8,27.4,36.9,23.8,29.5,23.6
Princes Town,2006-08-28,87.5,0.508,9.2,89.2,1012.1,86.7,8.4,218.27333333333334,18.826666666666664,21366,65821,1,30.1,23.1,26.3,36.3,23.1,28.2,23.9
Princes Town,2006-08-29,78.9,0.0,13.9,86.4,1012.9,42.1,8.6,208.46666666666667,18.040000000000003,21364,65787,0,33.1,24.1,28.4,39.4,24.1,31.6,24.0
Princes Town,2006-08-30,77.9,0.0,13.9,78.6,1013.2,40.8,8.7,203.72,17.60666666666667,21362,65753,0,33.1,24.8,28.3,38.2,24.8,31.1,23.8
Princes Town,2006-08-31,77.4,0.0,9.2,84.8,1013.4,33.2,8.9,207.2866666666667,17.873333333333335,21360,65718,0,33.2,23.1,27.4,37.2,23.1,29.4,22.7
Princes Town,2006-09-01,79.8,0.0,11.4,84.3,1012.1,33.3,11.1,216.66,18.720000000000002,21357,65683,0,33.1,22.1,26.9,36.9,22.1,28.4,22.6
Princes Town,2006-09-02,77.7,0.0,8.1,87.9,1010.7,38.7,9.5,214.12,18.526666666666667,21354,65648,0,33.2,21.1,27.2,39.5,21.1,29.2,22.6
Princes Town,2006-09-03,83.1,0.508,10.3,95.5,1010.0,60.4,7.7,189.84,16.393333333333334,21351,65612,1,33.1,23.1,27.3,39.4,23.1,29.8,23.9
Princes Town,2006-09-04,88.5,0.0,16.1,54.8,1010.8,50.6,7.3,206.88666666666666,17.89333333333333,21348,65576,0,31.1,23.1,25.8,36.7,23.1,27.1,23.6
Princes Town,2006-09-05,88.4,30.5054,11.4,88.1,1011.9,81.3,7.6,218.22,18.86,21345,65539,1,32.1,23.1,26.4,39.3,23.1,28.3,24.2
Princes Town,2006-09-06,84.5,28.701999999999995,11.4,241.4,1012.8,86.8,8.9,199.56,17.153333333333332,21341,65502,1,30.1,24.1,26.9,36.3,24.1,29.3,23.9
Princes Town,2006-09-07,85.5,11.9126,12.8,79.0,1012.2,80.0,7.8,208.3,18.0,21337,65465,1,34.1,23.1,26.9,42.1,23.1,29.4,24.1
Princes Town,2006-09-08,80.2,0.0,12.8,89.9,1012.1,45.8,7.4,220.10666666666665,19.0,21333,65428,0,32.2,23.6,27.9,38.1,23.6,31.1,23.9
Princes Town,2006-09-09,76.7,0.0,10.3,86.0,1012.7,53.3,8.3,220.56666666666666,19.073333333333334,21329,65391,0,33.2,24.1,28.3,39.3,24.1,31.0,23.6
Princes Town,2006-09-10,78.0,0.7874,15.0,84.6,1012.6,65.0,8.4,221.02,19.066666666666666,21325,65353,1,33.1,25.1,28.0,37.2,25.1,30.7,23.6
Princes Town,2006-09-11,86.9,4.3942,16.1,64.9,1012.5,83.3,8.1,224.56,19.366666666666667,21321,65316,1,31.1,23.7,26.5,37.9,23.7,28.3,24.1
Princes Town,2006-09-12,82.9,0.0,11.4,83.0,1012.0,90.0,8.7,212.50666666666666,18.34,21317,65278,0,32.1,23.7,27.6,38.1,23.7,30.3,24.1
Princes Town,2006-09-13,91.6,16.814799999999998,10.3,11.2,1012.9,89.6,6.9,203.20666666666665,17.540000000000003,21312,65240,1,31.1,23.8,25.7,37.9,23.8,26.8,24.1
Princes Town,2006-09-14,90.1,9.906,15.0,80.8,1013.5,88.3,7.4,226.32666666666668,19.566666666666666,21308,65202,1,31.1,24.1,26.1,37.9,24.1,27.5,24.2
Princes Town,2006-09-15,80.0,2.0065999999999997,18.3,78.4,1012.6,55.0,6.3,220.42666666666668,19.09333333333333,21303,65163,1,33.1,25.1,28.4,39.4,25.1,31.3,24.2
Princes Town,2006-09-16,75.5,0.0,18.3,85.3,1012.2,68.5,7.0,214.72666666666666,18.52,21299,65125,0,32.3,24.6,28.6,37.2,24.6,31.2,23.4
Princes Town,2006-09-17,75.4,0.0,13.9,89.0,1011.0,75.3,6.6,186.08666666666667,16.12,21294,65087,0,33.1,23.8,28.7,38.2,23.8,31.9,23.5
Princes Town,2006-09-18,79.3,0.0,13.9,102.5,1013.4,55.5,7.7,192.48666666666668,16.64,21290,65049,0,33.1,25.1,28.6,39.4,25.1,31.8,24.3
Princes Town,2006-09-19,77.6,0.0,11.4,114.3,1014.2,68.3,8.5,208.34,18.0,21285,65010,0,33.1,24.1,28.3,38.2,24.1,30.7,23.6
Princes Town,2006-09-20,82.4,0.0,11.4,107.6,1013.4,77.9,8.6,209.92666666666668,18.14,21281,64972,0,33.2,23.1,27.5,39.9,23.1,30.3,23.9
Princes Town,2006-09-21,79.9,0.0,16.1,62.5,1013.0,72.9,8.8,201.86,17.433333333333334,21277,64934,0,33.2,23.2,28.1,40.3,23.2,31.3,23.9
Princes Town,2006-09-22,76.2,0.0,11.4,73.5,1012.6,67.1,9.4,192.45333333333335,16.673333333333332,21272,64896,0,33.1,24.1,28.2,37.5,24.1,30.6,23.2
Princes Town,2006-09-23,86.1,4.0893999999999995,13.9,76.8,1011.7,71.7,7.6,204.72666666666666,17.71333333333333,21268,64858,1,34.1,23.7,26.7,40.7,23.7,28.3,23.9
Princes Town,2006-09-24,81.5,0.0,11.4,74.9,1011.9,60.8,9.4,206.12,17.8,21264,64820,0,33.1,24.1,28.1,39.4,24.1,31.2,24.3
Princes Town,2006-09-25,84.8,2.0065999999999997,13.9,54.0,1013.2,73.8,7.9,210.56666666666666,18.186666666666667,21260,64782,1,31.8,23.8,27.3,38.2,23.8,30.0,24.4
Princes Town,2006-09-26,88.8,22.605999999999998,13.9,54.9,1013.6,67.1,7.1,205.72,17.766666666666666,21256,64745,1,32.1,24.1,26.4,38.1,24.1,28.1,24.3
Princes Town,2006-09-27,89.1,11.9126,15.0,54.8,1013.1,80.0,7.3,202.58666666666667,17.52,21253,64707,1,30.2,23.8,26.3,37.6,23.8,28.2,24.3
Princes Town,2006-09-28,87.1,5.1054,12.8,81.8,1012.2,80.0,7.2,219.12,18.9,21250,64670,1,31.1,24.1,27.0,37.9,24.1,29.5,24.6
Princes Town,2006-09-29,83.9,0.0,13.9,70.1,1012.0,62.5,6.7,214.77333333333334,18.56,21246,64633,0,32.1,24.1,27.2,39.3,24.1,29.7,24.0
Princes Town,2006-09-30,86.4,0.0,11.4,85.8,1012.0,90.0,6.5,186.40666666666667,16.106666666666666,21243,64597,0,33.1,24.1,27.3,40.7,24.1,30.2,24.7
Princes Town,2006-10-01,81.6,0.0,10.3,91.2,1012.1,76.7,6.8,207.6,17.966666666666665,21241,64560,0,33.1,24.1,28.0,39.4,24.1,30.7,24.3
Princes Town,2006-10-02,79.5,0.0,11.4,92.9,1011.5,85.4,7.7,195.30666666666667,16.853333333333335,21238,64524,0,32.1,24.1,27.8,38.1,24.1,30.1,23.6
Princes Town,2006-10-03,80.1,0.0,13.9,98.3,1010.9,64.6,9.4,194.78,16.88,21236,64488,0,33.1,23.2,27.7,45.9,23.2,30.3,23.6
Princes Town,2006-10-04,83.9,6.400799999999999,12.8,85.9,1010.3,57.9,8.2,200.36666666666667,17.353333333333335,21234,64453,1,32.2,23.7,27.5,39.3,23.7,30.3,24.3
Princes Town,2006-10-05,87.6,0.508,15.0,84.9,1010.8,78.8,6.8,186.27333333333334,16.133333333333333,21233,64418,1,30.1,24.1,26.7,36.3,24.1,29.1,24.4
Princes Town,2006-10-06,85.4,25.603199999999998,13.9,62.1,1011.7,79.6,7.6,177.39333333333335,15.333333333333334,21232,64383,1,32.1,24.1,27.6,40.8,24.1,30.9,24.8
Princes Town,2006-10-07,94.7,22.9108,15.0,79.6,1012.3,90.0,7.4,196.55333333333334,17.0,21231,64349,1,30.1,23.8,25.3,36.3,23.8,26.0,24.4
Princes Town,2006-10-08,88.9,0.9905999999999999,17.2,65.3,1011.0,69.1,7.5,185.00666666666666,16.0,21230,64315,1,32.1,24.1,26.9,39.3,24.1,29.3,24.8
Princes Town,2006-10-09,90.5,0.3048,13.9,78.2,1011.8,82.1,7.2,190.38,16.426666666666666,21230,64282,1,28.1,24.1,25.6,31.4,24.1,26.4,23.8
Princes Town,2006-10-10,84.9,0.0,13.9,82.2,1011.9,72.5,8.4,189.80666666666667,16.34,21230,64249,0,33.1,24.1,27.2,39.3,24.1,29.8,24.2
Princes Town,2006-10-11,86.2,23.9014,10.3,73.4,1011.7,76.7,8.4,200.69333333333333,17.366666666666667,21231,64217,1,33.8,24.6,27.3,41.8,24.6,30.4,24.7
Princes Town,2006-10-12,86.7,5.1054,10.3,76.9,1011.1,65.8,7.4,207.33333333333334,17.913333333333334,21232,64186,1,33.1,25.1,27.4,40.7,25.1,30.3,24.8
Princes Town,2006-10-13,89.4,4.0893999999999995,11.4,88.4,1009.9,65.4,7.0,204.66,17.64,21234,64154,1,31.1,24.1,27.1,39.3,24.1,29.9,25.1
Princes Town,2006-10-14,86.0,17.5006,15.0,66.9,1009.7,66.7,8.0,194.55333333333334,16.806666666666665,21236,64124,1,32.2,24.1,27.6,38.9,24.1,30.5,24.8
Princes Town,2006-10-15,82.4,0.0,10.3,85.2,1010.3,67.9,8.5,201.80666666666667,17.426666666666666,21239,64094,0,33.1,24.1,28.2,39.4,24.1,31.8,24.7
Princes Town,2006-10-16,79.0,0.0,11.4,81.4,1010.7,37.9,9.0,205.82666666666668,17.753333333333334,21242,64065,0,33.1,24.3,28.3,38.2,24.3,31.4,24.1
Princes Town,2006-10-17,80.8,0.0,9.2,94.5,1009.8,80.0,9.4,183.88,15.893333333333334,21245,64036,0,32.6,24.1,28.0,38.1,24.1,31.2,24.2
Princes Town,2006-10-18,83.6,0.0,8.1,91.6,1009.4,90.0,8.2,176.84666666666666,15.293333333333333,21249,64008,0,31.1,24.7,27.5,37.9,24.7,29.9,24.3
Princes Town,2006-10-19,84.8,2.0065999999999997,11.4,104.3,1008.8,72.5,7.9,173.24666666666664,14.933333333333334,21254,63981,1,34.1,24.1,27.6,39.5,24.1,30.7,24.6
Princes Town,2006-10-20,89.7,5.08,11.4,69.7,1009.5,90.4,6.8,188.51333333333332,16.279999999999998,21259,63954,1,30.1,24.1,26.1,36.3,24.1,27.4,24.2
Princes Town,2006-10-21,85.7,0.0,10.3,80.5,1012.4,86.7,7.9,197.66,17.046666666666667,21265,63928,0,30.1,25.1,26.9,35.2,25.1,28.9,24.2
Princes Town,2006-10-22,81.2,0.0,9.2,79.4,1012.5,56.7,9.2,193.70666666666665,16.706666666666667,21272,63903,0,33.1,24.1,28.1,38.2,24.1,30.9,24.2
Princes Town,2006-10-23,93.0,4.8768,11.4,41.9,1011.7,88.3,5.8,199.40666666666667,17.28666666666667,21279,63879,1,29.2,25.1,26.7,35.9,25.1,28.8,25.4
Princes Town,2006-10-24,87.3,8.407399999999999,9.2,101.0,1011.4,88.1,8.2,193.19333333333333,16.72,21286,63855,1,33.1,24.2,27.6,40.7,24.2,30.7,25.1
Princes Town,2006-10-25,87.8,2.9972,9.2,94.6,1011.8,90.0,8.3,184.02666666666667,15.92,21294,63833,1,32.1,24.1,27.1,40.2,24.1,29.6,24.7
Princes Town,2006-10-26,83.2,0.0,11.4,87.4,1011.6,76.3,8.0,162.55333333333334,14.033333333333333,21303,63811,0,33.1,24.8,28.1,40.8,24.8,31.4,24.7
Princes Town,2006-10-27,87.7,29.006799999999995,9.2,224.1,1011.0,68.3,8.6,178.85333333333335,15.473333333333333,21313,63790,1,33.1,24.1,27.2,39.4,24.1,29.5,24.7
Princes Town,2006-10-28,93.3,11.8872,18.3,79.4,1011.1,90.8,7.0,189.16666666666666,16.279999999999998,21323,63770,1,29.1,25.1,26.2,34.7,25.1,27.4,24.9
Princes Town,2006-10-29,97.4,58.92799999999999,11.4,75.3,1011.0,89.6,5.9,190.05333333333334,16.48,21333,63751,1,26.1,24.7,25.4,26.1,24.7,25.4,25.0
Princes Town,2006-10-30,90.4,7.086600000000001,13.9,76.6,1009.5,90.0,7.2,181.78,15.666666666666666,21345,63732,1,29.1,24.1,26.6,35.8,24.1,28.6,24.8
Princes Town,2006-10-31,81.2,2.0065999999999997,12.8,78.5,1009.4,71.7,8.1,191.97333333333333,16.606666666666666,21357,63715,1,32.1,23.1,27.3,38.1,23.1,29.7,23.6
Princes Town,2006-11-01,82.9,0.0,15.0,87.9,1009.7,65.4,8.0,187.39333333333335,16.2,21370,63699,0,32.3,23.1,27.3,38.2,23.1,29.6,23.8
Princes Town,2006-11-02,86.9,0.508,11.4,85.6,1010.8,72.2,7.5,169.52,14.613333333333333,21383,63683,1,31.8,24.1,26.7,37.9,24.1,28.6,24.1
Princes Town,2006-11-03,87.6,9.0932,13.9,86.9,1010.9,59.6,7.6,193.53333333333333,16.720000000000002,21397,63669,1,32.1,24.1,26.8,38.1,24.1,29.0,24.4
Princes Town,2006-11-04,87.3,0.0,9.2,100.2,1010.3,46.3,7.5,183.44666666666666,15.853333333333333,21412,63655,0,32.1,23.1,26.7,39.3,23.1,28.8,24.1
Princes Town,2006-11-05,91.3,22.098,11.4,75.1,1009.5,72.6,7.3,179.57333333333332,15.533333333333333,21427,63643,1,30.1,23.8,26.3,36.3,23.8,28.6,24.7
Princes Town,2006-11-06,85.6,0.0,11.4,93.4,1009.8,67.5,8.5,170.84666666666666,14.753333333333334,21444,63631,0,31.1,23.1,26.3,35.6,23.1,27.7,23.4
Princes Town,2006-11-07,80.4,0.0,12.8,88.0,1010.0,45.4,8.4,193.63333333333333,16.713333333333335,21460,63621,0,32.1,23.1,27.4,36.9,23.1,29.7,23.4
Princes Town,2006-11-08,83.2,0.0,13.9,74.0,1009.9,39.2,8.3,174.9,15.113333333333333,21478,63611,0,32.1,23.1,27.5,39.3,23.1,30.0,24.1
Princes Town,2006-11-09,85.9,0.0,13.9,71.4,1011.2,42.5,8.4,160.72,13.853333333333333,21496,63603,0,33.1,23.8,27.5,39.4,23.8,30.2,24.7
Princes Town,2006-11-10,91.9,10.413999999999998,16.1,64.1,1012.1,77.1,7.2,151.13333333333333,13.020000000000001,21515,63595,1,30.2,23.1,25.9,35.9,23.1,27.4,24.4
Princes Town,2006-11-11,88.4,0.9905999999999999,15.0,75.1,1011.7,77.1,7.5,178.40666666666667,15.419999999999998,21534,63589,1,31.1,23.1,26.2,36.9,23.1,28.2,23.9
Princes Town,2006-11-12,91.4,4.013199999999999,11.4,80.7,1011.4,88.8,8.0,178.55333333333334,15.433333333333334,21555,63584,1,30.1,23.1,25.9,36.3,23.1,27.3,24.3
Princes Town,2006-11-13,91.5,7.899399999999999,16.1,246.4,1011.0,83.0,7.2,173.64,15.013333333333332,21576,63580,1,33.1,23.7,25.9,39.4,23.7,26.8,24.2
Princes Town,2006-11-14,86.6,79.70519999999999,12.8,100.5,1010.3,60.0,8.1,168.92000000000002,14.613333333333335,21597,63577,1,33.1,22.7,26.4,38.2,22.7,28.1,23.6
Princes Town,2006-11-15,86.1,0.0,9.2,111.3,1009.7,54.6,8.7,179.62666666666667,15.486666666666668,21619,63575,0,32.1,24.1,26.9,38.1,24.1,29.2,24.2
Princes Town,2006-11-16,88.6,4.0893999999999995,12.8,78.6,1010.2,77.7,7.3,195.67333333333332,16.913333333333334,21642,63574,1,32.1,23.1,26.4,38.1,23.1,28.4,24.2
Princes Town,2006-11-17,92.2,0.0,12.8,80.6,1011.0,83.0,6.5,184.12666666666667,15.906666666666666,21665,63574,0,31.1,23.1,25.3,37.9,23.1,26.6,23.9
Princes Town,2006-11-18,85.8,18.796,9.2,85.4,1011.6,86.5,7.9,185.2866666666667,16.04,21689,63575,1,31.3,24.1,26.7,37.2,24.1,28.8,24.0
Princes Town,2006-11-19,82.6,0.9905999999999999,12.8,95.3,1012.0,59.6,8.8,196.6,16.993333333333332,21714,63577,1,32.1,24.1,27.4,38.2,24.1,29.6,23.9
Princes Town,2006-11-20,82.4,0.0,11.4,89.6,1012.8,44.6,10.0,192.20666666666665,16.646666666666665,21739,63581,0,32.1,22.8,27.1,36.7,22.8,29.3,23.4
Princes Town,2006-11-21,91.2,7.112,13.9,88.2,1012.9,74.2,7.2,190.5,16.5,21765,63585,1,30.1,23.8,25.7,37.6,23.8,27.2,24.1
Princes Town,2006-11-22,89.9,1.9811999999999999,16.1,87.6,1012.3,72.2,7.3,171.72666666666666,14.833333333333334,21791,63591,1,30.1,22.1,25.8,36.3,22.1,27.7,23.9
Princes Town,2006-11-23,87.5,2.0065999999999997,9.2,83.5,1010.6,81.7,8.6,160.92666666666668,13.873333333333333,21818,63597,1,31.1,23.1,26.1,36.7,23.1,27.8,23.7
Princes Town,2006-11-24,85.4,2.0065999999999997,8.1,96.9,1009.9,67.0,8.7,154.43333333333334,13.32,21845,63605,1,31.3,22.8,26.2,37.7,22.8,28.1,23.4
Princes Town,2006-11-25,85.1,0.0,9.2,87.6,1010.5,53.9,9.5,163.53333333333333,14.126666666666667,21872,63613,0,31.2,23.8,27.2,36.7,23.8,29.8,24.3
Princes Town,2006-11-26,85.8,0.0,13.9,79.1,1011.3,67.1,8.9,165.6,14.34,21901,63623,0,32.2,24.1,27.4,38.2,24.1,29.9,24.6
Princes Town,2006-11-27,86.7,0.9905999999999999,13.9,73.2,1010.5,65.8,7.2,154.67999999999998,13.34,21929,63634,1,32.1,24.1,27.0,38.1,24.1,29.5,24.4
Princes Town,2006-11-28,91.7,5.7912,17.2,70.5,1010.1,64.6,7.9,175.19333333333333,15.166666666666666,21958,63646,1,31.1,23.7,25.9,37.9,23.7,27.6,24.4
Princes Town,2006-11-29,85.6,3.6067999999999993,11.4,81.0,1011.0,79.6,7.6,183.02,15.833333333333334,21988,63658,1,31.6,23.1,26.8,37.9,23.1,28.8,23.8
Princes Town,2006-11-30,86.0,4.013199999999999,13.9,70.0,1011.4,70.0,7.9,167.22,14.479999999999999,22017,63672,1,31.2,23.1,26.5,35.6,23.1,28.1,23.6
Princes Town,2006-12-01,86.1,8.889999999999999,11.4,75.3,1010.7,55.7,8.1,173.16666666666666,14.96,22048,63687,1,31.1,23.1,26.0,35.9,23.1,27.4,23.2
Princes Town,2006-12-02,85.5,0.3048,26.8,65.7,1010.4,55.0,8.8,179.17999999999998,15.533333333333333,22078,63703,1,32.1,21.2,25.9,36.9,21.2,27.7,23.1
Princes Town,2006-12-03,90.7,27.9908,9.2,91.2,1010.2,67.9,7.7,167.67333333333332,14.413333333333332,22109,63719,1,30.1,22.1,25.6,35.2,22.1,26.9,23.8
Princes Town,2006-12-04,87.0,0.0,12.8,76.2,1010.5,77.5,8.5,165.03333333333333,14.233333333333333,22140,63737,0,31.1,23.1,26.3,36.2,23.1,28.0,23.7
Princes Town,2006-12-05,90.3,11.2014,13.9,75.0,1011.3,89.2,6.4,185.76000000000002,16.046666666666667,22171,63755,1,30.3,24.1,26.8,37.6,24.1,28.9,24.9
Princes Town,2006-12-06,96.9,7.899399999999999,17.2,70.4,1012.4,93.2,5.9,193.32000000000002,16.71333333333333,22202,63775,1,27.1,23.1,24.9,30.8,23.1,25.1,24.4
Princes Town,2006-12-07,89.3,5.0038,15.0,74.9,1012.0,84.3,7.0,163.80666666666667,14.206666666666667,22233,63795,1,32.1,23.1,26.3,38.1,23.1,27.7,24.2
Princes Town,2006-12-08,86.7,10.8966,16.1,66.2,1011.7,86.7,6.8,159.80666666666667,13.826666666666666,22265,63816,1,31.1,23.8,26.8,36.7,23.8,28.9,24.2
Princes Town,2006-12-09,87.7,4.3180000000000005,17.2,59.0,1012.4,90.4,6.6,171.50666666666666,14.853333333333333,22297,63838,1,30.1,24.1,26.4,34.7,24.1,27.9,24.1
Princes Town,2006-12-10,91.5,8.915399999999998,13.9,62.4,1013.1,86.7,5.6,179.23333333333332,15.513333333333332,22329,63860,1,30.2,23.8,26.1,37.9,23.8,27.7,24.5
Princes Town,2006-12-11,84.5,7.086600000000001,17.2,66.2,1013.2,77.1,7.3,177.27333333333334,15.353333333333333,22360,63884,1,31.1,24.1,26.7,36.7,24.1,28.3,23.7
Princes Town,2006-12-12,88.7,0.7874,13.9,98.5,1013.6,72.5,7.3,173.02666666666667,14.993333333333334,22392,63908,1,28.3,23.1,25.1,32.7,23.1,25.8,23.0
Princes Town,2006-12-13,85.9,3.8099999999999996,13.9,97.4,1013.2,69.2,8.0,170.87333333333333,14.766666666666667,22424,63933,1,31.1,22.8,25.4,35.6,22.8,26.5,22.8
Princes Town,2006-12-14,84.5,0.9905999999999999,16.1,85.1,1012.6,78.8,8.0,185.48,16.04,22455,63958,1,30.2,22.1,25.6,34.3,22.1,26.7,22.5
Princes Town,2006-12-15,79.9,0.0,12.8,74.1,1012.3,60.0,8.6,197.0533333333333,17.046666666666667,22487,63984,0,32.1,21.1,26.4,36.9,21.1,28.3,22.3
Princes Town,2006-12-16,87.5,0.0,12.8,91.1,1013.1,88.3,7.9,195.19333333333333,16.866666666666667,22518,64011,0,30.6,22.8,25.5,35.2,22.8,26.7,23.1
Princes Town,2006-12-17,85.3,0.0,16.1,75.5,1013.0,59.6,8.0,193.41333333333333,16.686666666666667,22550,64039,0,30.7,22.7,26.2,36.2,22.7,27.9,23.4
Princes Town,2006-12-18,88.4,2.0065999999999997,13.9,79.2,1012.7,77.9,7.1,194.24666666666664,16.8,22581,64067,1,30.1,22.1,25.5,36.3,22.1,26.9,23.3
Princes Town,2006-12-19,87.3,4.0893999999999995,15.0,74.1,1011.8,80.0,7.3,187.10666666666665,16.18,22611,64095,1,30.7,22.6,26.0,35.4,22.6,27.6,23.5
Princes Town,2006-12-20,91.3,3.7845999999999997,13.9,85.1,1012.8,90.0,7.2,194.5,16.8,22642,64124,1,31.1,24.1,26.1,36.7,24.1,27.2,24.4
Princes Town,2006-12-21,87.1,2.9972,17.2,80.5,1014.2,76.3,8.1,181.61333333333332,15.706666666666667,22672,64154,1,31.1,23.6,26.6,36.7,23.6,28.5,24.1
Princes Town,2006-12-22,93.1,1.778,11.4,78.2,1014.3,87.0,6.4,188.28,16.246666666666666,22702,64184,1,30.8,23.8,25.9,36.5,23.8,27.4,24.7
Princes Town,2006-12-23,83.7,10.1092,16.1,80.2,1014.4,81.3,6.7,190.60666666666665,16.493333333333332,22731,64214,1,30.3,24.1,26.9,34.7,24.1,28.8,23.8
Princes Town,2006-12-24,86.1,0.0,20.8,76.5,1014.4,90.0,6.6,181.38,15.673333333333334,22760,64245,0,30.1,23.1,26.1,34.3,23.1,27.6,23.5
Princes Town,2006-12-25,87.9,1.5748,15.0,64.8,1014.0,73.3,7.3,198.35333333333335,17.18,22789,64276,1,30.3,22.1,25.6,35.2,22.1,27.1,23.2
Princes Town,2006-12-26,84.6,0.3048,16.1,65.3,1014.0,86.7,7.2,199.25333333333336,17.240000000000002,22817,64307,1,30.1,23.1,25.7,33.4,23.1,26.8,22.7
Princes Town,2006-12-27,83.0,0.0,13.9,81.5,1015.1,49.6,7.8,203.98666666666668,17.66,22845,64339,0,30.1,21.8,25.9,34.3,21.8,27.4,22.6
Princes Town,2006-12-28,89.3,4.013199999999999,16.1,81.7,1016.0,58.8,8.6,197.17333333333332,17.053333333333335,22872,64371,1,30.6,23.1,25.4,34.3,23.1,26.3,23.3
Princes Town,2006-12-29,85.4,0.0,17.2,75.8,1015.6,49.1,8.2,181.35333333333335,15.7,22898,64403,0,30.1,22.1,25.7,34.3,22.1,27.1,22.8
Princes Town,2006-12-30,92.4,4.5973999999999995,12.8,75.6,1015.3,54.7,7.9,178.02666666666667,15.426666666666668,22924,64435,1,29.2,23.1,24.8,32.8,23.1,25.3,23.3
Princes Town,2006-12-31,85.5,0.0,13.9,71.3,1014.8,43.2,8.3,193.76000000000002,16.82,22949,64467,0,30.1,22.1,25.8,34.3,22.1,27.2,22.9
Princes Town,2007-01-01,84.8,0.0,16.1,70.1,1014.6,56.3,7.2,188.91875,16.31875,22974,64500,0,31.1,22.8,26.2,35.6,22.8,28.0,23.3
Princes Town,2007-01-02,79.6,0.0,20.8,65.4,1014.7,40.0,7.3,200.6,17.3375,22997,64532,0,30.1,24.1,26.9,34.3,24.1,28.2,22.9
Princes Town,2007-01-03,76.6,0.0,21.9,65.7,1015.1,40.4,7.6,206.85625,17.90625,23021,64565,0,30.1,23.8,26.7,34.3,23.8,27.9,22.1
Princes Town,2007-01-04,78.9,0.0,18.3,66.5,1014.7,67.9,6.9,198.2125,17.16875,23043,64597,0,30.1,22.1,25.9,34.3,22.1,27.1,21.8
Princes Town,2007-01-05,84.1,0.0,18.3,63.7,1013.4,68.8,7.7,190.6875,16.5,23065,64630,0,30.6,20.1,25.2,34.3,20.1,26.4,22.0
Princes Town,2007-01-06,84.2,0.0,15.0,72.6,1013.1,63.0,7.8,184.79375,15.975,23086,64662,0,30.1,22.1,25.5,33.4,22.1,26.6,22.3
Princes Town,2007-01-07,84.1,0.3048,12.8,74.8,1013.6,73.3,7.7,182.93125,15.8125,23106,64694,1,30.2,20.8,25.2,33.7,20.8,26.4,22.0
Princes Town,2007-01-08,88.1,0.0,11.4,78.7,1013.2,63.8,7.5,195.9375,16.975,23125,64727,0,29.1,21.1,24.9,33.7,21.1,26.2,22.7
Princes Town,2007-01-09,85.7,0.0,12.8,77.6,1012.8,44.2,7.2,191.7,16.5625,23143,64759,0,31.2,22.3,26.5,36.7,22.3,28.5,23.7
Princes Town,2007-01-10,93.7,4.0893999999999995,13.9,78.9,1013.0,83.3,6.8,200.13125,17.275,23161,64790,1,29.1,23.1,25.6,35.8,23.1,27.1,24.4
Princes Town,2007-01-11,95.3,32.6898,16.1,65.9,1013.7,87.1,5.9,210.7875,18.23125,23177,64822,1,29.1,23.6,25.2,33.7,23.6,25.7,24.3
Princes Town,2007-01-12,92.8,2.9972,17.2,71.1,1013.1,78.8,7.2,204.53125,17.70625,23193,64853,1,29.1,24.1,25.7,34.1,24.1,26.4,24.3
Princes Town,2007-01-13,91.5,2.9972,18.3,67.8,1012.3,88.3,7.6,204.8625,17.7375,23207,64884,1,28.3,22.8,24.9,32.7,22.8,25.6,23.4
Princes Town,2007-01-14,89.8,0.9905999999999999,15.0,70.3,1012.1,84.2,8.0,211.31875,18.2875,23221,64915,1,30.1,22.1,25.6,35.2,22.1,26.9,23.7
Princes Town,2007-01-15,84.2,0.0,16.1,64.2,1012.6,44.2,8.4,205.8375,17.8125,23234,64946,0,30.1,23.1,26.3,34.3,23.1,27.8,23.2
Princes Town,2007-01-16,85.2,0.0,17.2,67.9,1012.4,63.8,7.7,205.05625,17.7,23246,64976,0,30.2,23.1,26.2,35.2,23.1,27.9,23.3
Princes Town,2007-01-17,87.0,0.9905999999999999,15.0,72.3,1012.2,76.7,7.0,209.99375,18.1625,23257,65005,1,30.6,23.6,26.7,35.9,23.6,28.8,24.2
Princes Town,2007-01-18,85.1,6.095999999999999,11.4,61.5,1013.3,64.3,6.9,215.1875,18.6125,23267,65035,1,31.7,23.1,26.7,36.9,23.1,28.9,23.8
Princes Town,2007-01-19,85.0,0.0,11.4,65.5,1012.8,33.9,6.9,213.30625,18.4375,23275,65064,0,31.1,21.8,26.3,36.7,21.8,28.2,23.3
Princes Town,2007-01-20,85.8,0.0,15.0,60.4,1013.7,43.8,7.1,223.86875,19.31875,23283,65092,0,30.3,23.1,26.3,36.3,23.1,28.5,23.6
Princes Town,2007-01-21,81.8,0.0,16.1,63.1,1014.5,32.5,7.1,213.9625,18.48125,23290,65120,0,31.1,23.1,26.4,34.7,23.1,27.7,22.7
Princes Town,2007-01-22,83.6,0.0,13.9,66.4,1013.5,57.5,7.8,211.0,18.18125,23296,65147,0,31.1,22.1,26.3,35.9,22.1,28.2,23.2
Princes Town,2007-01-23,88.0,0.0,16.1,66.9,1012.8,62.7,7.8,214.68125,18.525,23301,65174,0,31.1,23.8,26.2,35.6,23.8,27.9,23.9
Princes Town,2007-01-24,85.0,0.0,16.1,67.7,1013.3,43.2,7.9,228.6125,19.69375,23304,65201,0,31.1,22.3,26.0,34.9,22.3,27.5,22.9
Princes Town,2007-01-25,85.6,0.0,17.2,76.4,1013.5,33.6,8.6,227.3625,19.6875,23307,65226,0,31.1,19.8,25.1,35.6,19.8,26.5,22.2
Princes Town,2007-01-26,84.1,0.0,13.9,81.0,1013.7,46.8,7.9,223.225,19.30625,23309,65252,0,30.2,21.8,26.1,34.4,21.8,27.7,22.9
Princes Town,2007-01-27,87.2,0.0,13.9,75.7,1014.9,57.9,8.7,210.725,18.18125,23309,65276,0,30.7,23.1,25.4,34.7,23.1,26.2,22.8
Princes Town,2007-01-28,84.1,0.0,16.1,74.0,1015.6,66.4,9.0,216.5375,18.69375,23309,65301,0,31.1,21.1,25.3,34.7,21.1,26.5,22.1
Princes Town,2007-01-29,79.1,0.0,17.2,72.1,1015.4,32.9,8.0,210.09375,18.08125,23307,65324,0,30.2,21.8,25.6,32.0,21.8,26.4,21.2
Princes Town,2007-01-30,75.6,0.0,11.4,80.7,1014.9,34.3,8.3,222.9375,19.23125,23305,65347,0,30.6,20.1,25.5,32.1,20.1,26.2,20.3
Princes Town,2007-01-31,77.5,0.0,15.0,72.9,1014.5,40.8,7.9,229.48125,19.7875,23301,65369,0,30.7,20.1,25.1,33.1,20.1,25.9,20.4
Princes Town,2007-02-01,77.9,0.0,17.2,88.0,1014.9,50.0,8.7,229.45,19.8125,23297,65391,0,31.1,20.1,25.2,33.1,20.1,25.9,20.8
Princes Town,2007-02-02,83.6,1.2953999999999999,18.3,71.1,1015.2,70.4,6.9,231.00625,19.9625,23291,65412,1,29.7,21.1,24.6,32.8,21.1,25.3,21.4
Princes Town,2007-02-03,87.3,4.9784,19.5,73.1,1015.7,57.0,6.9,225.25,19.43125,23284,65433,1,29.1,22.1,24.8,32.1,22.1,25.4,22.3
Princes Town,2007-02-04,74.6,0.0,20.8,77.3,1014.9,30.0,8.8,225.5,19.41875,23277,65452,0,30.1,21.6,25.7,31.4,21.6,26.2,20.3
Princes Town,2007-02-05,81.1,0.0,17.2,78.4,1015.5,43.8,7.6,217.85,18.8125,23268,65472,0,30.1,20.1,24.8,32.7,20.1,25.5,21.0
Princes Town,2007-02-06,78.7,0.3048,16.1,75.4,1015.7,57.9,7.8,221.55,19.14375,23259,65490,1,29.2,22.1,24.9,31.4,22.1,25.7,20.8
Princes Town,2007-02-07,78.2,0.3048,16.1,63.2,1015.1,56.7,8.3,234.3375,20.19375,23248,65508,1,31.1,21.1,25.1,33.1,21.1,25.6,20.6
Princes Town,2007-02-08,75.9,0.0,16.1,88.3,1014.8,47.8,8.1,233.60625000000002,20.14375,23236,65525,0,31.1,20.3,25.5,32.5,20.3,26.1,20.3
Princes Town,2007-02-09,82.4,0.508,15.0,70.4,1014.9,60.4,7.1,238.05,20.54375,23224,65542,1,30.1,21.1,24.9,32.1,21.1,25.8,21.4
Princes Town,2007-02-10,76.2,0.0,16.1,72.6,1015.6,33.3,8.3,232.15625,20.09375,23210,65558,0,31.3,21.1,25.9,33.8,21.1,26.9,21.0
Princes Town,2007-02-11,76.9,0.0,17.2,75.7,1015.7,41.7,8.1,238.43125,20.675,23196,65573,0,31.2,22.1,26.4,34.7,22.1,27.4,21.6
Princes Town,2007-02-12,79.1,0.0,21.9,66.0,1014.6,39.1,8.7,230.65,19.95,23181,65588,0,30.3,22.1,25.9,33.2,22.1,26.9,21.7
Princes Town,2007-02-13,72.8,0.0,20.8,62.3,1013.4,39.6,8.8,241.64375,20.89375,23165,65602,0,31.3,23.1,26.3,32.5,23.1,26.8,20.6
Princes Town,2007-02-14,77.4,0.0,16.1,82.8,1013.1,33.3,7.1,219.3625,18.95625,23148,65615,0,31.1,20.1,25.5,33.1,20.1,26.4,20.7
Princes Town,2007-02-15,76.0,0.0,17.2,77.9,1013.1,47.4,8.2,240.3875,20.80625,23130,65628,0,30.3,23.1,26.5,32.9,23.1,27.6,21.7
Princes Town,2007-02-16,77.1,1.4986,18.3,73.6,1012.6,48.3,7.7,241.3,20.8625,23111,65640,1,30.8,22.1,26.2,33.8,22.1,27.1,21.7
Princes Town,2007-02-17,70.9,0.0,16.1,69.6,1013.4,58.6,7.7,234.43125,20.29375,23091,65652,0,31.2,23.8,27.0,33.8,23.8,27.9,21.0
Princes Town,2007-02-18,74.4,0.0,13.9,79.5,1013.8,39.0,7.3,238.41875,20.625,23071,65663,0,31.7,19.8,24.9,31.3,19.8,25.2,19.3
Princes Town,2007-02-19,85.1,18.008599999999998,12.8,65.2,1013.9,57.0,7.4,239.5875,20.725,23049,65673,1,30.1,19.1,24.0,32.1,19.1,24.4,21.1
Princes Town,2007-02-20,81.6,0.508,16.1,79.4,1013.4,50.8,8.7,244.3375,21.11875,23027,65683,1,30.1,21.1,24.8,32.0,21.1,25.4,21.1
Princes Town,2007-02-21,77.5,0.0,16.1,78.7,1012.7,41.3,8.1,250.41875,21.6125,23005,65692,0,31.1,20.1,24.9,33.1,20.1,25.6,20.3
Princes Town,2007-02-22,72.4,0.0,15.0,78.5,1013.6,33.2,8.4,228.21875,19.73125,22981,65701,0,31.1,20.1,25.4,31.4,20.1,25.8,19.4
Princes Town,2007-02-23,78.7,0.0,12.8,88.7,1013.5,41.3,8.2,233.9375,20.23125,22957,65709,0,31.1,21.7,25.8,33.1,21.7,26.8,21.4
Princes Town,2007-02-24,77.4,0.0,15.0,90.0,1013.5,72.5,7.4,231.075,19.99375,22932,65716,0,31.1,24.6,27.2,34.7,24.6,28.7,22.7
Princes Town,2007-02-25,77.2,0.0,16.1,80.9,1014.2,61.7,7.7,239.0125,20.662499999999998,22906,65723,0,32.1,24.1,26.9,35.0,24.1,28.1,22.3
Princes Town,2007-02-26,77.6,0.0,17.2,84.9,1014.8,62.5,7.4,249.43125,21.55,22880,65730,0,31.1,23.1,26.4,35.7,23.1,27.5,21.8
Princes Town,2007-02-27,76.9,2.9972,17.2,77.4,1014.3,52.9,7.2,239.3125,20.68125,22853,65736,1,30.2,22.1,26.0,32.7,22.1,26.9,21.3
Princes Town,2007-02-28,78.5,0.0,15.0,80.3,1012.3,52.0,6.4,250.7625,21.66875,22826,65742,0,31.1,21.2,25.5,33.1,21.2,26.1,20.8
Princes Town,2007-03-01,78.5,0.9905999999999999,29.1,83.4,1012.0,59.5,7.7,248.7875,21.50625,22798,65747,1,31.1,21.6,25.8,33.8,21.6,26.9,21.5
Princes Town,2007-03-02,77.6,0.0,23.0,71.5,1011.9,64.6,6.7,240.45,20.80625,22769,65751,0,31.1,24.1,26.6,34.7,24.1,27.8,22.2
Princes Town,2007-03-03,71.6,0.0,18.3,67.9,1012.4,53.8,7.7,252.7,21.84375,22740,65756,0,31.3,22.1,26.2,32.5,22.1,26.7,20.0
Princes Town,2007-03-04,72.5,0.0,15.0,86.8,1012.6,52.9,7.0,240.5875,20.79375,22710,65759,0,32.1,22.1,26.4,34.3,22.1,27.2,20.6
Princes Town,2007-03-05,70.1,0.0,18.3,82.7,1013.3,72.9,7.0,243.88125,21.00625,22680,65763,0,31.2,25.1,27.7,34.1,25.1,28.9,21.4
Princes Town,2007-03-06,70.3,0.0,16.1,85.4,1014.8,31.7,6.5,250.44375,21.66875,22649,65766,0,32.1,22.7,26.5,32.1,22.7,26.8,19.9
Princes Town,2007-03-07,71.7,0.0,20.8,72.0,1015.3,35.8,6.2,250.39375,21.6125,22618,65769,0,31.1,23.3,27.0,33.3,23.3,27.9,21.1
Princes Town,2007-03-08,75.4,0.7874,18.3,71.0,1014.5,77.0,5.5,252.89375,21.83125,22586,65771,1,31.1,25.1,26.9,33.8,25.1,28.0,22.0
Princes Town,2007-03-09,73.6,0.0,15.0,81.2,1013.9,55.4,5.9,250.70625,21.60625,22554,65773,0,32.1,24.1,27.1,35.0,24.1,28.3,21.7
Princes Town,2007-03-10,72.2,0.0,17.2,79.6,1014.0,51.7,5.9,233.85625,20.225,22522,65775,0,32.1,23.1,26.6,33.6,23.1,27.3,20.7
Princes Town,2007-03-11,74.6,0.0,18.3,83.4,1013.3,41.3,6.9,239.675,20.69375,22489,65776,0,31.1,20.1,25.6,32.3,20.1,26.2,20.3
Princes Town,2007-03-12,85.9,7.112,16.1,81.6,1013.0,64.6,5.8,251.225,21.65,22456,65777,1,30.1,22.1,25.2,34.3,22.1,26.2,22.6
Princes Town,2007-03-13,72.8,0.0,16.1,79.2,1013.6,58.8,6.9,250.70625,21.65625,22423,65778,0,31.1,24.1,26.9,32.7,24.1,27.8,21.3
Princes Town,2007-03-14,73.1,0.0,13.9,78.4,1013.4,75.0,7.6,252.825,21.81875,22389,65778,0,32.1,21.1,26.2,33.6,21.1,26.9,20.5
Princes Town,2007-03-15,76.4,0.0,13.9,82.5,1013.0,82.5,7.8,243.2625,21.025,22355,65779,0,32.1,20.8,25.8,34.3,20.8,26.8,20.9
Princes Town,2007-03-16,72.2,0.0,15.0,83.3,1013.4,65.0,5.3,246.19375,21.23125,22321,65779,0,31.1,22.6,26.7,33.1,22.6,27.4,20.8
Princes Town,2007-03-17,71.1,0.0,18.3,82.6,1013.8,69.6,4.5,273.14375,23.575,22287,65779,0,31.1,23.2,26.8,33.1,23.2,27.8,20.8
Princes Town,2007-03-18,71.3,0.0,16.1,76.5,1013.9,73.3,7.9,270.525,23.43125,22252,65779,0,32.1,22.1,26.7,33.6,22.1,27.5,20.6
Princes Town,2007-03-19,75.4,0.0,17.2,71.3,1014.9,86.8,8.0,260.9875,22.54375,22217,65778,0,30.1,23.1,26.4,32.7,23.1,27.4,21.5
Princes Town,2007-03-20,72.0,0.0,17.2,76.2,1014.3,87.1,7.7,261.0,22.50625,22183,65778,0,31.6,23.8,27.0,33.9,23.8,27.9,21.2
Princes Town,2007-03-21,81.1,1.778,13.9,74.7,1013.2,72.1,7.0,251.84375,21.75,22148,65777,1,30.1,22.1,25.6,32.4,22.1,26.3,21.9
Princes Town,2007-03-22,78.0,0.0,31.3,67.2,1011.7,59.6,7.4,257.79375,22.28125,22112,65776,0,30.1,22.1,25.8,32.7,22.1,26.7,21.3
Princes Town,2007-03-23,74.8,2.9972,16.1,80.2,1011.7,64.2,8.3,254.925,22.0,22077,65775,1,31.1,22.1,26.3,33.4,22.1,27.2,21.1
Princes Town,2007-03-24,86.6,1.778,16.1,76.7,1012.3,78.8,7.4,264.70625,22.86875,22042,65775,1,29.1,23.8,25.4,32.8,23.8,26.2,22.9
Princes Town,2007-03-25,89.1,3.302,12.8,72.9,1011.8,82.9,6.2,257.86875,22.28125,22007,65774,1,27.3,23.7,25.2,30.2,23.7,25.5,23.3
Princes Town,2007-03-26,84.7,7.112,9.2,82.2,1011.6,88.8,7.2,256.4375,22.16875,21971,65773,1,29.1,24.1,26.0,32.1,24.1,27.1,23.1
Princes Town,2007-03-27,92.9,5.08,11.4,89.1,1011.7,92.1,6.4,262.775,22.675,21936,65772,1,28.1,23.1,24.9,32.1,23.1,25.1,23.7
Princes Town,2007-03-28,77.0,2.794,13.9,90.0,1010.9,75.9,9.0,263.2125,22.725,21901,65771,1,32.1,24.1,27.2,35.0,24.1,28.7,22.4
Princes Town,2007-03-29,79.2,0.0,15.0,77.2,1010.3,83.5,8.6,260.5625,22.5,21866,65770,0,33.1,22.3,27.3,38.2,22.3,29.6,23.1
Princes Town,2007-03-30,79.7,0.0,11.4,75.2,1010.1,90.0,8.7,259.55,22.41875,21831,65769,0,30.1,24.1,27.1,34.3,24.1,28.9,23.1
Princes Town,2007-03-31,77.3,0.0,11.4,74.0,1010.7,87.9,8.2,243.16875,21.04375,21796,65768,0,32.1,22.7,27.2,35.9,22.7,29.0,22.6
Princes Town,2007-04-01,71.2,0.0,16.1,60.1,1012.4,50.4,9.0,258.43125,22.36875,21761,65767,0,32.7,22.1,27.5,33.8,22.1,28.4,21.1
Princes Town,2007-04-02,75.6,0.0,18.3,77.5,1012.5,73.8,7.2,258.14375,22.3,21726,65766,0,32.1,23.1,27.3,35.9,23.1,29.1,22.3
Princes Town,2007-04-03,75.6,0.0,16.1,79.9,1012.2,80.0,7.1,262.34375,22.66875,21691,65765,0,32.3,24.1,27.4,34.7,24.1,28.7,22.2
Princes Town,2007-04-04,74.7,0.0,13.9,73.3,1011.5,90.0,7.2,263.7,22.79375,21657,65765,0,31.1,23.1,26.9,33.8,23.1,28.2,21.7
Princes Town,2007-04-05,75.7,0.0,15.0,79.2,1011.6,73.3,7.3,259.35,22.41875,21623,65764,0,32.2,22.7,27.2,35.2,22.7,28.6,22.0
Princes Town,2007-04-06,82.4,13.9954,16.1,81.4,1012.6,67.0,7.7,253.11874999999998,21.825,21589,65764,1,30.2,23.8,26.6,34.4,23.8,28.2,23.2
Princes Town,2007-04-07,76.7,0.0,17.2,56.5,1014.0,76.1,7.6,262.475,22.6875,21555,65764,0,31.1,24.1,27.3,33.9,24.1,28.9,22.6
Princes Town,2007-04-08,75.7,0.0,18.3,58.0,1014.8,70.0,7.2,258.98125,22.39375,21522,65764,0,32.1,24.8,27.7,36.9,24.8,29.4,22.8
Princes Town,2007-04-09,74.1,0.0,19.5,41.7,1014.5,43.6,7.6,258.41875,22.3,21489,65764,0,32.1,24.1,27.6,35.0,24.1,29.1,22.2
Princes Town,2007-04-10,77.1,0.0,16.1,87.1,1013.9,67.4,6.6,260.64375,22.55625,21456,65765,0,32.1,23.1,27.1,35.9,23.1,28.6,22.4
Princes Town,2007-04-11,68.7,0.0,16.1,81.1,1014.0,53.0,7.3,262.55625,22.63125,21423,65765,0,32.3,23.1,28.3,35.0,23.1,29.8,21.6
Princes Town,2007-04-12,74.1,0.0,16.1,84.8,1014.4,69.2,7.9,256.69375,22.13125,21391,65766,0,32.1,24.1,27.8,35.9,24.1,29.4,22.4
Princes Town,2007-04-13,72.2,0.0,13.9,82.9,1013.5,40.8,7.3,254.16875,21.9625,21359,65767,0,33.1,23.1,27.6,35.0,23.1,28.8,21.6
Princes Town,2007-04-14,69.4,59.8932,17.2,81.9,1012.7,33.5,6.8,239.6,20.73125,21328,65768,1,33.1,22.6,27.7,35.4,22.6,28.6,20.9
Princes Town,2007-04-15,73.6,0.0,16.1,83.8,1013.4,71.3,6.3,240.85,20.78125,21297,65770,0,32.3,22.7,27.3,35.1,22.7,28.7,21.7
Princes Town,2007-04-16,79.3,0.0,16.1,85.5,1013.2,72.2,7.1,255.75625,22.08125,21267,65772,0,31.1,25.1,27.3,35.6,25.1,29.3,23.3
Princes Town,2007-04-17,76.5,1.4986,12.8,92.9,1011.3,82.9,7.5,252.5375,21.80625,21237,65774,1,33.1,24.1,27.8,37.2,24.1,29.5,22.9
Princes Town,2007-04-18,73.5,0.0,16.1,93.8,1010.0,49.6,7.4,255.81875,22.0875,21207,65777,0,33.1,24.8,28.1,37.2,24.8,29.9,22.6
Princes Town,2007-04-19,75.2,0.0,16.1,100.4,1010.6,75.0,6.3,244.83125,21.15,21178,65779,0,33.1,24.1,27.9,36.7,24.1,29.6,22.7
Princes Town,2007-04-20,76.8,0.0,13.9,96.3,1011.7,90.0,5.7,241.60625,20.89375,21149,65782,0,33.1,24.1,28.1,37.2,24.1,30.2,23.1
Princes Town,2007-04-21,72.4,0.0,16.1,89.7,1012.5,73.3,7.1,243.70625,21.09375,21121,65786,0,33.2,24.7,28.3,36.3,24.7,29.9,22.4
Princes Town,2007-04-22,72.8,0.0,13.9,96.5,1013.1,60.4,7.8,258.0375,22.26875,21094,65789,0,33.1,23.7,27.8,35.7,23.7,29.1,21.9
Princes Town,2007-04-23,72.2,0.0,16.1,79.9,1013.5,72.1,7.3,249.11875,21.525,21067,65793,0,33.1,22.1,27.7,35.4,22.1,29.0,21.6
Princes Town,2007-04-24,71.6,0.0,16.1,76.3,1013.4,77.5,7.6,251.10000000000002,21.69375,21040,65798,0,32.1,25.1,28.3,35.0,25.1,30.2,22.4
Princes Town,2007-04-25,74.2,0.0,17.2,73.0,1013.0,52.5,7.0,247.0125,21.275,21014,65803,0,32.1,24.1,27.4,35.9,24.1,29.1,22.2
Princes Town,2007-04-26,69.4,2.9972,16.1,84.4,1012.6,57.8,9.2,256.91875,22.18125,20989,65808,1,33.1,23.1,27.3,33.6,23.1,27.7,20.2
Princes Town,2007-04-27,74.5,0.9905999999999999,20.8,79.0,1013.0,66.3,8.8,242.725,20.95625,20964,65813,1,31.1,23.8,26.8,33.4,23.8,28.1,21.7
Princes Town,2007-04-28,69.3,0.0,18.6,89.5,1013.9,51.7,9.1,260.54375,22.525,20940,65819,0,32.2,22.1,27.3,33.8,22.1,28.2,20.6
Princes Town,2007-04-29,70.3,0.0,16.1,86.6,1013.7,70.8,8.0,229.61333333333332,19.833333333333332,20917,65825,0,33.1,22.8,27.4,35.4,22.8,28.6,21.1
Princes Town,2007-04-30,71.7,0.0,15.0,90.6,1012.7,79.6,7.5,249.62,21.526666666666664,20894,65832,0,31.8,23.7,27.6,35.1,23.7,29.0,21.7
Princes Town,2007-05-01,69.5,0.0,17.2,83.4,1012.4,54.2,8.1,239.43333333333334,20.666666666666668,20872,65839,0,33.1,24.1,27.8,35.4,24.1,28.9,21.2
Princes Town,2007-05-02,67.6,0.0,21.9,74.5,1012.7,55.7,7.6,227.28000000000003,19.646666666666665,20851,65846,0,33.1,24.7,28.1,35.4,24.7,29.3,21.1
Princes Town,2007-05-03,70.4,0.3048,18.3,74.1,1012.7,57.5,8.5,227.57333333333332,19.646666666666665,20830,65854,1,32.1,23.8,27.6,34.3,23.8,28.6,21.2
Princes Town,2007-05-04,78.9,0.0,13.9,86.4,1012.0,73.3,8.6,236.32666666666668,20.38,20810,65862,0,33.1,24.1,26.8,36.2,24.1,28.1,22.6
Princes Town,2007-05-05,71.7,0.7874,15.0,87.0,1010.6,57.9,7.9,257.54,22.240000000000002,20791,65871,1,33.1,25.1,28.4,36.2,25.1,29.9,22.2
Princes Town,2007-05-06,73.2,0.0,13.9,90.3,1010.2,67.5,7.8,253.53333333333333,21.86,20773,65880,0,34.1,25.1,28.7,38.4,25.1,31.1,22.9
Princes Town,2007-05-07,72.5,0.0,15.0,87.3,1010.4,54.2,7.9,258.2266666666667,22.259999999999998,20755,65889,0,34.1,25.1,28.7,38.4,25.1,30.8,22.8
Princes Town,2007-05-08,70.7,0.0,17.2,94.8,1011.5,75.0,6.1,227.12,19.626666666666665,20738,65899,0,33.1,25.7,28.7,36.7,25.7,30.9,22.6
Princes Town,2007-05-09,73.4,0.0,16.1,81.5,1012.6,75.8,8.3,245.52,21.240000000000002,20722,65909,0,32.7,24.6,28.1,36.7,24.6,30.1,22.6
Princes Town,2007-05-10,68.4,0.0,13.9,95.2,1012.7,63.9,8.1,241.36666666666667,20.833333333333332,20706,65919,0,34.1,22.7,28.2,35.8,22.7,29.3,21.0
Princes Town,2007-05-11,73.6,0.0,16.1,87.7,1013.4,41.3,8.3,262.49333333333334,22.626666666666665,20691,65930,0,35.1,23.7,28.6,38.7,23.7,30.9,22.8
Princes Town,2007-05-12,72.5,0.0,13.9,90.5,1014.3,40.8,7.0,250.81333333333333,21.686666666666667,20678,65941,0,34.1,25.8,28.9,37.6,25.8,31.2,23.0
Princes Town,2007-05-13,73.1,0.0,18.3,70.9,1014.0,38.3,7.1,257.35333333333335,22.233333333333334,20664,65952,0,33.3,25.1,28.8,37.7,25.1,31.3,23.1
Princes Town,2007-05-14,72.0,0.0,17.2,80.7,1013.6,58.3,6.5,226.82,19.586666666666666,20652,65964,0,33.1,26.1,29.2,38.2,26.1,32.4,23.3
Princes Town,2007-05-15,71.4,0.0,18.3,70.6,1013.3,83.8,3.3,227.76000000000002,19.64,20640,65977,0,33.1,25.8,28.8,37.2,25.8,31.1,22.7
Princes Town,2007-05-16,67.6,0.0,18.3,76.6,1012.4,55.8,4.9,238.27333333333334,20.573333333333334,20630,65989,0,33.1,24.1,28.3,35.5,24.1,29.8,21.3
Princes Town,2007-05-17,70.1,0.0,17.2,69.1,1012.2,67.1,5.9,244.72,21.18,20620,66002,0,33.1,25.8,28.9,37.2,25.8,31.7,22.7
Princes Town,2007-05-18,70.6,0.0,17.2,70.0,1013.1,84.6,4.3,240.72666666666666,20.740000000000002,20610,66015,0,33.1,26.1,28.9,37.2,26.1,32.1,22.8
Princes Town,2007-05-19,67.8,0.0,17.2,65.4,1013.8,86.7,4.6,237.61333333333332,20.553333333333335,20602,66029,0,33.1,25.1,28.7,36.9,25.1,30.4,21.8
Princes Town,2007-05-20,69.8,0.0,18.3,70.3,1013.2,58.3,6.6,246.41333333333333,21.279999999999998,20594,66042,0,33.1,23.7,27.8,34.7,23.7,28.8,21.2
Princes Town,2007-05-21,70.6,0.0,16.1,85.7,1012.3,42.5,7.5,230.35333333333332,19.88,20588,66057,0,33.2,22.7,27.9,36.2,22.7,29.4,21.5
Princes Town,2007-05-22,75.6,0.0,17.2,92.8,1011.7,57.1,7.1,219.64,18.959999999999997,20582,66071,0,32.1,23.3,27.5,35.9,23.3,29.3,22.5
Princes Town,2007-05-23,79.1,0.3048,15.0,89.9,1011.0,54.3,8.0,222.1,19.186666666666667,20576,66085,1,33.1,24.1,27.7,36.7,24.1,30.0,23.3
Princes Town,2007-05-24,82.1,0.508,16.1,83.3,1011.7,66.7,7.4,241.92000000000002,20.886666666666667,20572,66100,1,31.1,24.8,27.8,37.9,24.8,30.5,24.3
Princes Town,2007-05-25,73.7,0.3048,15.0,93.3,1012.0,69.2,6.7,230.43333333333334,19.873333333333335,20568,66115,1,33.1,25.1,28.7,36.2,25.1,31.2,23.1
Princes Town,2007-05-26,73.3,0.0,15.0,80.1,1012.2,90.0,7.5,207.38,17.88,20565,66131,0,34.1,25.1,28.8,37.4,25.1,30.9,23.0
Princes Town,2007-05-27,70.4,0.0,16.1,79.9,1012.3,50.4,7.7,212.19333333333333,18.3,20563,66146,0,34.1,25.1,29.1,37.4,25.1,31.5,22.7
Princes Town,2007-05-28,92.9,31.0134,12.8,74.4,1012.9,78.3,5.9,210.79333333333335,18.220000000000002,20562,66162,1,29.1,24.1,25.7,34.7,24.1,26.6,24.4
Princes Town,2007-05-29,77.7,0.0,12.8,93.4,1012.7,84.8,9.6,194.19333333333333,16.753333333333334,20561,66177,0,33.1,24.7,28.3,40.6,24.7,30.8,23.7
Princes Town,2007-05-30,82.7,16.9926,15.0,93.1,1013.3,77.9,6.9,205.21999999999997,17.740000000000002,20561,66193,1,32.1,24.1,27.6,38.1,24.1,30.4,24.2
Princes Town,2007-05-31,81.8,0.0,17.2,76.0,1013.0,64.6,7.4,207.68666666666664,17.959999999999997,20562,66209,0,33.1,24.1,27.7,38.2,24.1,29.7,23.9
Princes Town,2007-06-01,92.1,48.513999999999996,13.9,79.6,1013.4,80.4,5.8,208.17333333333332,17.953333333333333,20564,66225,1,30.1,24.1,26.1,37.6,24.1,27.4,24.7
Princes Town,2007-06-02,91.5,13.9954,12.8,80.6,1013.8,73.3,7.2,209.84666666666666,18.133333333333333,20566,66242,1,28.2,24.1,25.7,32.8,24.1,26.6,24.2
Princes Town,2007-06-03,89.8,16.9672,16.1,79.8,1014.4,73.3,6.2,225.3,19.42,20569,66258,1,30.1,24.3,26.3,35.2,24.3,27.7,24.4
Princes Town,2007-06-04,89.5,6.400799999999999,15.0,75.9,1016.5,76.3,6.1,212.3,18.326666666666664,20573,66274,1,30.2,24.1,26.0,36.1,24.1,27.2,24.0
Princes Town,2007-06-05,79.2,0.0,17.2,71.8,1015.5,45.0,7.2,184.49333333333334,15.9,20577,66290,0,31.3,23.1,27.1,35.6,23.1,28.9,22.8
Princes Town,2007-06-06,77.0,0.0,17.2,65.8,1013.7,63.3,8.3,198.36666666666667,17.146666666666665,20582,66307,0,32.1,24.1,27.4,35.9,24.1,28.8,22.6
Princes Town,2007-06-07,90.3,23.875999999999998,13.9,69.6,1012.3,85.0,6.1,214.35333333333335,18.459999999999997,20588,66323,1,30.1,23.1,26.2,35.2,23.1,27.8,24.4
Princes Town,2007-06-08,77.8,0.0,11.4,86.6,1011.6,79.6,9.1,209.26000000000002,18.086666666666666,20594,66339,0,32.2,24.8,28.0,36.1,24.8,30.0,23.4
Princes Town,2007-06-09,82.1,2.0065999999999997,12.8,82.8,1011.5,80.0,8.1,219.33333333333334,18.913333333333334,20601,66355,1,31.1,24.3,27.4,36.7,24.3,29.7,23.9
Princes Town,2007-06-10,88.7,2.9972,16.1,86.2,1012.8,83.3,6.8,208.02,17.946666666666665,20609,66371,1,31.2,24.1,26.0,36.1,24.1,27.0,23.9
Princes Town,2007-06-11,77.4,0.0,16.1,75.8,1013.4,53.8,7.4,204.66666666666666,17.64,20617,66387,0,31.1,24.1,27.3,34.7,24.1,28.9,22.7
Princes Town,2007-06-12,78.0,0.0,17.2,68.1,1012.6,39.1,7.9,218.96666666666667,18.86,20626,66403,0,32.1,23.1,27.2,35.2,23.1,28.7,22.6
Princes Town,2007-06-13,89.2,6.604,15.0,72.9,1011.5,77.5,7.0,196.84,16.98,20635,66418,1,30.1,24.1,26.4,35.2,24.1,28.1,24.4
Princes Town,2007-06-14,90.5,17.0942,16.1,72.4,1012.3,77.5,6.6,218.26000000000002,18.779999999999998,20645,66433,1,27.1,23.1,25.6,30.8,23.1,26.2,23.8
Princes Town,2007-06-15,77.0,0.0,16.1,71.1,1013.4,63.8,7.3,184.2133333333333,15.933333333333334,20655,66448,0,31.6,25.1,27.9,35.8,25.1,29.9,23.3
Princes Town,2007-06-16,80.9,3.9878,16.1,75.7,1013.7,54.2,7.3,199.92666666666668,17.253333333333334,20666,66463,1,31.1,24.1,26.7,34.7,24.1,28.2,22.9
Princes Town,2007-06-17,82.6,2.794,17.2,71.0,1013.5,80.4,8.1,199.44666666666666,17.226666666666667,20677,66478,1,30.8,23.3,26.7,35.2,23.3,28.4,23.3
Princes Town,2007-06-18,84.1,7.899399999999999,16.1,87.6,1013.6,83.8,7.2,183.56,15.833333333333334,20688,66492,1,31.1,23.8,26.7,36.7,23.8,28.2,23.6
Princes Town,2007-06-19,81.7,0.7874,11.4,84.9,1013.9,70.8,8.5,188.23333333333332,16.293333333333333,20700,66506,1,32.1,24.6,27.7,38.1,24.6,29.8,23.9
Princes Town,2007-06-20,81.5,1.4986,13.9,68.9,1014.2,60.0,7.8,189.28,16.366666666666667,20713,66519,1,31.2,24.8,27.6,36.3,24.8,30.1,23.9
Princes Town,2007-06-21,76.4,0.0,17.2,71.2,1014.3,41.3,7.5,205.94666666666666,17.813333333333333,20725,66533,0,32.1,25.1,27.9,35.9,25.1,30.1,23.2
Princes Town,2007-06-22,70.6,0.0,18.3,69.9,1012.8,54.8,8.3,212.25333333333336,18.32,20738,66545,0,32.2,25.6,28.3,35.9,25.6,29.9,22.2
Princes Town,2007-06-23,74.2,0.9905999999999999,16.1,74.4,1011.8,53.8,8.2,197.85333333333335,17.073333333333334,20752,66558,1,32.1,24.1,27.6,35.0,24.1,29.3,22.3
Princes Town,2007-06-24,81.2,10.8966,17.2,70.3,1012.6,75.0,7.8,207.2866666666667,17.92,20766,66570,1,32.1,25.1,27.4,36.9,25.1,29.2,23.7
Princes Town,2007-06-25,91.3,19.1008,11.4,88.8,1014.7,88.3,6.8,207.33333333333334,17.886666666666667,20780,66581,1,29.1,23.1,25.4,34.7,23.1,26.1,23.9
Princes Town,2007-06-26,82.4,0.0,16.1,85.3,1014.2,54.6,6.4,214.8,18.506666666666668,20794,66592,0,32.1,23.8,27.2,36.9,23.8,29.3,23.7
Princes Town,2007-06-27,76.2,0.3048,13.9,87.8,1013.1,37.5,8.1,205.86,17.746666666666666,20808,66603,1,31.6,24.1,27.5,34.4,24.1,29.0,22.6
Princes Town,2007-06-28,87.8,21.1074,17.2,78.9,1014.3,80.0,6.9,205.93333333333334,17.773333333333333,20823,66612,1,30.1,24.1,25.9,35.2,24.1,27.0,23.7
Princes Town,2007-06-29,82.0,4.0893999999999995,12.8,80.0,1015.0,69.2,7.8,190.92666666666668,16.513333333333332,20838,66622,1,31.1,24.1,27.2,35.6,24.1,29.2,23.6
Princes Town,2007-06-30,84.4,2.0065999999999997,13.9,80.8,1015.6,67.4,7.3,182.7866666666667,15.753333333333334,20853,66631,1,30.1,24.1,26.9,36.3,24.1,29.2,23.9
Princes Town,2007-07-01,80.9,2.0065999999999997,13.9,79.0,1016.9,67.9,7.4,180.69333333333333,15.58,20868,66639,1,31.2,25.1,27.8,36.3,25.1,30.3,23.9
Princes Town,2007-07-02,74.5,0.0,12.8,69.2,1016.6,77.1,6.5,221.04,19.053333333333335,20883,66646,0,31.3,24.2,27.6,33.8,24.2,29.2,22.3
Princes Town,2007-07-03,77.4,0.508,10.3,77.8,1015.3,50.0,7.3,220.37333333333333,19.02,20898,66653,1,31.7,23.1,26.7,34.3,23.1,28.0,22.1
Princes Town,2007-07-04,81.8,3.5052000000000003,16.1,71.6,1014.1,55.5,6.8,201.34,17.38,20913,66660,1,32.1,23.8,27.2,36.9,23.8,29.4,23.6
Princes Town,2007-07-05,93.1,32.004,15.0,67.7,1014.4,82.1,5.8,199.24666666666664,17.186666666666667,20929,66665,1,29.2,23.8,25.2,33.7,23.8,25.6,23.9
Princes Town,2007-07-06,78.1,15.290799999999999,18.3,70.8,1013.9,68.3,7.3,190.1,16.386666666666667,20944,66670,1,32.1,24.1,27.4,36.9,24.1,29.3,23.1
Princes Town,2007-07-07,88.0,16.7894,17.2,72.7,1012.5,86.7,7.0,222.82000000000002,19.279999999999998,20959,66674,1,31.3,24.1,26.3,36.8,24.1,27.5,24.0
Princes Town,2007-07-08,78.5,0.0,18.3,74.9,1012.2,52.9,7.6,205.08666666666667,17.673333333333336,20974,66678,0,31.1,24.1,27.4,36.2,24.1,29.3,23.1
Princes Town,2007-07-09,87.6,12.420599999999999,15.0,81.8,1013.4,81.7,6.7,189.58666666666667,16.37333333333333,20990,66681,1,29.7,24.1,26.2,35.4,24.1,27.2,23.9
Princes Town,2007-07-10,77.6,0.0,16.1,67.0,1014.0,59.6,8.1,202.18666666666667,17.433333333333334,21005,66683,0,32.1,24.7,27.5,35.9,24.7,29.2,22.9
Princes Town,2007-07-11,84.1,10.8966,18.3,75.1,1013.0,55.2,6.2,204.48666666666668,17.60666666666667,21020,66684,1,30.8,24.1,26.8,36.9,24.1,28.7,23.8
Princes Town,2007-07-12,90.7,11.176,16.1,75.5,1013.8,85.0,5.9,192.93333333333334,16.606666666666666,21035,66685,1,31.1,24.1,26.1,36.7,24.1,27.4,24.3
Princes Town,2007-07-13,78.8,2.0065999999999997,16.1,72.5,1013.8,57.0,7.1,199.44666666666666,17.2,21049,66685,1,31.2,24.6,27.5,35.6,24.6,29.4,23.2
Princes Town,2007-07-14,78.2,0.0,12.8,76.6,1013.3,80.4,7.7,205.69333333333333,17.8,21064,66684,0,32.1,23.1,27.2,35.9,23.1,28.9,22.7
Princes Town,2007-07-15,78.6,0.0,11.4,88.6,1013.3,90.0,8.0,187.42666666666668,16.186666666666667,21078,66682,0,32.1,24.7,28.3,38.1,24.7,30.9,23.9
Princes Town,2007-07-16,77.1,0.9905999999999999,18.3,68.8,1012.6,82.1,7.6,207.59333333333333,17.873333333333335,21092,66679,1,32.1,24.8,27.9,38.1,24.8,30.4,23.4
Princes Town,2007-07-17,73.7,0.0,15.0,65.0,1012.4,66.7,7.1,196.28,16.92,21106,66676,0,32.8,24.1,28.1,36.3,24.1,29.8,22.5
Princes Town,2007-07-18,84.9,9.906,9.2,81.8,1012.2,89.6,7.5,217.0,18.773333333333333,21120,66672,1,31.1,23.7,26.9,36.7,23.7,29.1,24.0
Princes Town,2007-07-19,90.0,33.502599999999994,9.2,119.0,1012.6,92.0,7.1,198.73999999999998,17.146666666666665,21133,66667,1,29.1,24.1,25.8,33.7,24.1,26.7,23.9
Princes Town,2007-07-20,81.0,0.0,16.1,83.6,1012.2,71.0,7.5,228.7866666666667,19.779999999999998,21146,66661,0,31.1,23.7,27.2,36.7,23.7,29.3,23.4
Princes Town,2007-07-21,77.9,0.0,13.9,83.8,1012.5,49.1,7.2,217.57333333333332,18.8,21159,66654,0,32.1,24.3,28.0,36.9,24.3,30.4,23.6
Princes Town,2007-07-22,79.2,0.0,11.4,83.1,1012.3,44.2,8.0,212.3,18.313333333333333,21172,66647,0,32.1,24.1,27.8,38.1,24.1,30.3,23.6
Princes Town,2007-07-23,77.3,0.0,11.4,80.8,1012.5,41.0,9.1,216.7866666666667,18.673333333333336,21184,66638,0,33.1,24.1,28.0,38.2,24.1,30.3,23.2
Princes Town,2007-07-24,76.7,0.0,17.2,74.4,1011.7,67.7,7.0,208.98666666666665,18.02,21196,66629,0,32.3,24.1,28.1,37.4,24.1,30.4,23.3
Princes Town,2007-07-25,85.3,0.7874,18.3,73.5,1012.8,90.0,6.5,197.78666666666666,17.09333333333333,21208,66619,1,31.2,24.1,26.9,36.7,24.1,29.0,24.1
Princes Town,2007-07-26,79.1,0.9905999999999999,15.0,76.9,1013.4,63.3,7.0,226.04,19.506666666666664,21219,66608,1,32.1,25.1,28.0,38.1,25.1,30.6,23.8
Princes Town,2007-07-27,77.0,0.0,15.0,76.2,1012.8,60.0,7.1,197.92666666666668,17.053333333333335,21230,66597,0,32.8,24.1,28.1,38.1,24.1,30.4,23.3
Princes Town,2007-07-28,81.8,5.1054,13.9,92.8,1013.0,55.4,8.0,191.7866666666667,16.546666666666667,21240,66584,1,32.1,24.1,26.7,35.9,24.1,27.8,22.9
Princes Town,2007-07-29,90.1,8.407399999999999,11.4,176.6,1013.7,69.2,7.8,221.46,19.16,21250,66571,1,28.7,23.1,25.0,32.3,23.1,25.3,23.2
Princes Town,2007-07-30,85.3,23.0886,9.2,245.7,1012.8,63.8,8.6,215.01333333333332,18.526666666666664,21260,66557,1,32.2,22.1,25.7,36.8,22.1,27.2,22.8
Princes Town,2007-07-31,84.4,5.4102,11.4,350.6,1011.7,88.3,7.5,217.94666666666666,18.779999999999998,21269,66542,1,31.1,22.1,26.2,35.2,22.1,27.7,23.1
Princes Town,2007-08-01,92.3,45.1866,15.0,112.5,1011.0,89.2,7.6,196.84,17.013333333333332,21278,66526,1,32.1,23.1,25.3,38.1,23.1,26.4,23.8
Princes Town,2007-08-02,85.7,5.6133999999999995,10.3,93.3,1011.4,68.3,7.9,187.92666666666668,16.273333333333333,21287,66509,1,32.1,22.8,26.6,38.1,22.8,29.1,23.8
Princes Town,2007-08-03,86.9,32.004,11.4,28.0,1012.6,65.0,7.2,179.79333333333335,15.479999999999999,21295,66492,1,31.1,24.1,26.3,36.7,24.1,27.9,23.8
Princes Town,2007-08-04,85.6,13.9954,8.1,102.5,1012.6,80.0,8.4,194.66666666666666,16.813333333333333,21303,66474,1,32.1,23.6,26.7,39.3,23.6,28.7,23.9
Princes Town,2007-08-05,86.7,42.9006,9.2,301.7,1012.3,77.1,8.4,215.24666666666664,18.58,21310,66455,1,31.7,23.8,26.6,38.2,23.8,28.8,24.1
Princes Town,2007-08-06,86.2,70.10399999999998,13.9,92.7,1011.3,81.7,7.1,234.08666666666664,20.220000000000002,21317,66435,1,31.7,24.1,26.6,36.7,24.1,28.6,23.9
Princes Town,2007-08-07,93.8,4.0893999999999995,8.1,85.9,1011.3,91.3,8.1,212.58666666666667,18.333333333333332,21323,66415,1,27.1,23.1,24.9,30.2,23.1,25.2,23.8
Princes Town,2007-08-08,91.4,0.7874,9.2,77.1,1011.5,88.3,8.2,202.65333333333334,17.473333333333336,21329,66393,1,28.1,22.7,25.2,32.8,22.7,26.2,23.7
Princes Town,2007-08-09,80.5,0.508,10.3,90.8,1011.4,81.7,8.8,207.16666666666666,17.853333333333335,21335,66371,1,32.3,25.1,27.9,37.9,25.1,30.4,23.9
Princes Town,2007-08-10,93.6,13.8938,9.2,88.4,1012.3,83.9,6.6,216.2866666666667,18.653333333333332,21340,66349,1,29.1,24.1,25.3,34.7,24.1,25.8,24.1
Princes Town,2007-08-11,87.0,0.3048,10.3,109.3,1013.1,90.0,7.1,220.32666666666668,19.040000000000003,21345,66325,1,31.1,23.1,26.4,37.9,23.1,28.4,23.9
Princes Town,2007-08-12,86.3,0.508,11.4,67.4,1013.5,85.0,7.5,215.82666666666668,18.60666666666667,21349,66301,1,31.1,22.8,26.1,36.7,22.8,27.8,23.5
Princes Town,2007-08-13,78.0,0.3048,11.4,97.4,1011.9,62.9,8.9,227.91333333333333,19.666666666666668,21353,66276,1,32.1,23.1,27.4,36.9,23.1,29.4,22.9
Princes Town,2007-08-14,78.6,0.0,12.8,83.0,1011.3,41.3,8.2,201.97333333333333,17.413333333333334,21357,66251,0,33.1,23.3,27.5,37.2,23.3,29.7,23.1
Princes Town,2007-08-15,77.6,0.0,22.4,78.0,1011.4,59.1,9.3,198.66,17.14,21360,66225,0,33.1,24.1,28.2,39.4,24.1,30.9,23.7
Princes Town,2007-08-16,82.5,0.0,13.9,52.3,1011.1,76.7,7.0,216.83333333333334,18.78666666666667,21363,66198,0,32.1,24.1,27.4,39.3,24.1,29.7,23.9
Princes Town,2007-08-17,85.3,21.005799999999997,11.4,201.2,1009.8,90.0,7.3,217.27333333333334,18.753333333333334,21365,66170,1,32.1,24.1,27.1,38.1,24.1,29.7,24.2
Princes Town,2007-08-18,82.0,0.9905999999999999,16.1,80.6,1011.4,90.5,7.8,197.82000000000002,17.073333333333334,21367,66142,1,32.1,23.8,27.3,38.1,23.8,29.4,23.8
Princes Town,2007-08-19,73.4,0.9905999999999999,9.2,86.6,1011.2,76.5,8.0,198.59333333333333,17.14,21368,66113,1,33.1,23.7,28.4,38.2,23.7,30.9,22.8
Princes Town,2007-08-20,90.9,8.889999999999999,8.1,30.0,1011.7,90.4,6.8,185.64,16.053333333333335,21370,66084,1,31.1,24.1,25.6,36.7,24.1,26.3,23.8
Princes Town,2007-08-21,79.1,0.0,9.2,82.7,1013.6,73.8,8.8,198.69333333333333,17.233333333333334,21370,66054,0,32.1,22.1,27.4,44.3,22.1,29.8,23.2
Princes Town,2007-08-22,85.8,6.095999999999999,9.2,54.5,1012.8,82.1,6.9,216.52,18.69333333333333,21371,66024,1,32.1,24.1,26.7,38.1,24.1,28.6,24.0
Princes Town,2007-08-23,87.5,5.9944,15.0,80.9,1011.2,90.0,7.8,186.96,16.173333333333332,21371,65992,1,31.1,23.1,25.9,36.7,23.1,27.1,23.6
Princes Town,2007-08-24,92.0,13.9954,9.2,83.2,1010.7,88.6,7.2,201.84666666666666,17.44,21371,65961,1,27.3,23.8,25.1,30.9,23.8,25.5,23.6
Princes Town,2007-08-25,85.6,4.0893999999999995,8.1,145.0,1010.6,79.2,7.8,215.47333333333333,18.613333333333333,21370,65929,1,31.6,24.1,26.6,37.9,24.1,28.6,23.8
Princes Town,2007-08-26,85.4,8.889999999999999,10.3,86.3,1011.5,54.2,7.3,214.32666666666668,18.52,21369,65896,1,32.1,24.1,26.9,38.1,24.1,29.4,24.1
Princes Town,2007-08-27,83.1,0.7874,9.2,69.6,1012.8,70.0,7.0,223.25333333333336,19.259999999999998,21368,65863,1,33.7,23.3,27.1,38.2,23.3,29.1,23.6
Princes Town,2007-08-28,92.2,13.9954,6.9,43.1,1012.4,76.7,5.9,218.27333333333334,18.826666666666664,21367,65830,1,28.1,24.8,26.0,32.8,24.8,27.4,24.6
Princes Town,2007-08-29,85.0,19.6088,11.4,91.0,1012.1,62.2,6.9,208.46666666666667,18.040000000000003,21365,65796,1,31.2,24.1,26.9,39.1,24.1,29.0,23.9
Princes Town,2007-08-30,77.1,0.0,16.1,69.9,1012.2,40.4,8.8,203.72,17.60666666666667,21363,65762,0,32.3,23.8,27.9,36.9,23.8,30.4,23.2
Princes Town,2007-08-31,91.4,2.0065999999999997,12.8,316.3,1012.7,75.4,6.3,207.2866666666667,17.873333333333335,21361,65727,1,30.2,23.1,25.2,35.2,23.1,26.0,23.7
Princes Town,2007-09-01,86.9,36.093399999999995,11.4,100.4,1012.5,92.9,7.5,216.66,18.720000000000002,21358,65692,1,31.1,23.1,26.6,36.7,23.1,28.7,24.1
Princes Town,2007-09-02,83.7,3.302,12.8,85.6,1013.7,82.9,7.0,214.12,18.526666666666667,21355,65657,1,31.1,24.1,26.9,36.7,24.1,29.2,23.8
Princes Town,2007-09-03,82.9,0.0,12.8,82.3,1013.6,68.3,8.1,189.84,16.393333333333334,21353,65621,0,32.1,23.8,26.7,36.9,23.8,28.5,23.3
Princes Town,2007-09-04,85.2,0.0,10.3,72.7,1012.9,90.0,8.2,206.88666666666666,17.89333333333333,21349,65585,0,32.1,23.7,26.4,38.1,23.7,28.4,23.7
Princes Town,2007-09-05,78.9,3.302,11.4,86.2,1013.3,65.2,8.8,218.22,18.86,21346,65548,1,32.3,24.1,28.1,37.9,24.1,30.9,23.8
Princes Town,2007-09-06,76.9,0.0,13.9,93.0,1014.1,43.8,8.3,199.56,17.153333333333332,21342,65512,0,33.1,23.8,28.0,38.3,23.8,30.4,23.2
Princes Town,2007-09-07,81.2,0.9905999999999999,12.8,76.3,1013.7,55.8,8.2,208.3,18.0,21339,65475,1,32.3,23.1,27.1,38.1,23.1,29.2,23.3
Princes Town,2007-09-08,77.6,0.0,11.4,85.0,1012.8,50.8,8.1,220.10666666666665,19.0,21335,65438,0,33.1,24.1,27.9,38.2,24.1,30.3,23.2
Princes Town,2007-09-09,78.1,0.0,9.2,78.0,1012.2,60.4,8.6,220.56666666666666,19.073333333333334,21331,65400,0,33.1,23.8,27.9,39.4,23.8,30.3,23.4
Princes Town,2007-09-10,84.7,2.0065999999999997,12.8,81.8,1011.7,67.4,7.9,221.02,19.066666666666666,21327,65363,1,33.2,23.1,26.7,39.4,23.1,28.4,23.7
Princes Town,2007-09-11,91.0,0.0,12.8,81.7,1011.7,86.5,5.6,224.56,19.366666666666667,21322,65325,0,30.1,24.1,26.2,35.2,24.1,27.7,24.6
Princes Town,2007-09-12,72.6,43.687999999999995,17.2,75.1,1011.6,60.4,7.4,212.50666666666666,18.34,21318,65287,1,32.6,25.1,28.6,36.9,25.1,31.2,22.9
Princes Town,2007-09-13,86.5,2.5146,16.1,74.0,1010.8,73.8,7.1,203.20666666666665,17.540000000000003,21314,65249,1,31.1,23.1,26.2,35.6,23.1,27.5,23.6
Princes Town,2007-09-14,85.0,6.095999999999999,11.4,79.9,1011.0,88.3,8.3,226.32666666666668,19.566666666666666,21309,65211,1,31.1,25.1,26.8,37.9,25.1,28.4,23.9
Princes Town,2007-09-15,79.4,0.0,11.4,108.6,1011.4,65.4,8.2,220.42666666666668,19.09333333333333,21305,65173,0,33.1,24.7,28.2,38.2,24.7,30.9,23.9
Princes Town,2007-09-16,78.7,0.0,9.2,99.4,1011.8,58.3,8.6,214.72666666666666,18.52,21300,65135,0,33.7,23.8,28.1,39.1,23.8,30.9,23.7
Princes Town,2007-09-17,79.5,0.0,9.2,90.9,1011.9,48.3,8.4,186.08666666666667,16.12,21296,65096,0,34.1,23.1,27.6,38.4,23.1,30.1,23.4
Princes Town,2007-09-18,78.3,0.0,8.1,101.4,1011.7,48.7,9.0,192.48666666666668,16.64,21291,65058,0,34.1,23.1,27.6,39.5,23.1,29.9,23.0
Princes Town,2007-09-19,77.3,0.0,11.4,77.8,1011.4,66.7,9.0,208.34,18.0,21287,65020,0,33.1,23.7,28.1,38.2,23.7,30.9,23.3
Princes Town,2007-09-20,76.8,0.0,12.8,85.4,1011.7,88.3,8.5,209.92666666666668,18.14,21282,64982,0,33.1,25.1,28.7,39.4,25.1,31.8,23.9
Princes Town,2007-09-21,80.4,0.0,16.1,73.8,1012.2,87.3,8.5,201.86,17.433333333333334,21278,64943,0,33.1,24.1,27.8,38.2,24.1,30.3,23.9
Princes Town,2007-09-22,75.4,0.3048,9.2,78.8,1012.0,77.1,8.9,192.45333333333335,16.673333333333332,21274,64905,1,34.1,23.7,28.2,38.9,23.7,30.4,22.9
Princes Town,2007-09-23,72.6,0.0,9.2,80.5,1011.1,53.3,7.2,204.72666666666666,17.71333333333333,21269,64867,0,34.6,23.7,28.2,39.1,23.7,29.9,22.2
Princes Town,2007-09-24,81.3,78.99399999999999,13.9,157.2,1011.4,72.9,7.0,206.12,17.8,21265,64829,1,35.1,22.1,25.9,38.7,22.1,26.9,21.9
Princes Town,2007-09-25,80.8,0.0,11.4,91.0,1012.2,78.3,8.0,210.56666666666666,18.186666666666667,21261,64792,0,32.3,25.1,27.8,38.6,25.1,30.6,24.1
Princes Town,2007-09-26,88.0,4.8006,15.0,78.3,1013.1,81.7,7.2,205.72,17.766666666666666,21258,64754,1,31.1,23.7,26.4,39.3,23.7,28.5,24.2
Princes Town,2007-09-27,90.0,14.300199999999998,17.2,70.2,1012.5,88.3,7.1,202.58666666666667,17.52,21254,64717,1,30.1,23.1,25.4,35.2,23.1,26.7,23.6
Princes Town,2007-09-28,91.1,3.9878,9.2,81.2,1012.5,84.3,7.7,219.12,18.9,21251,64679,1,28.1,24.1,25.4,32.8,24.1,26.1,23.9
Princes Town,2007-09-29,83.8,0.0,9.2,90.6,1012.1,82.2,8.5,214.77333333333334,18.56,21247,64642,0,32.1,23.1,26.8,38.1,23.1,29.0,23.7
Princes Town,2007-09-30,83.6,0.0,10.3,97.7,1012.3,84.6,8.0,186.40666666666667,16.106666666666666,21244,64606,0,31.6,24.1,27.3,37.4,24.1,29.7,24.2
Princes Town,2007-10-01,80.2,0.0,12.8,94.5,1012.6,75.8,8.4,207.6,17.966666666666665,21242,64569,0,32.2,25.1,28.1,38.1,25.1,31.1,24.2
Princes Town,2007-10-02,79.8,0.0,11.4,85.2,1013.6,62.1,8.0,195.30666666666667,16.853333333333335,21239,64533,0,33.2,24.8,28.3,39.3,24.8,30.9,24.1
Princes Town,2007-10-03,81.0,0.0,9.2,99.2,1012.5,52.9,7.6,194.78,16.88,21237,64497,0,33.1,24.1,27.4,38.2,24.1,29.5,23.6
Princes Town,2007-10-04,81.6,0.0,11.4,86.4,1010.9,58.8,8.9,200.36666666666667,17.353333333333335,21235,64462,0,33.1,23.8,27.8,39.4,23.8,30.8,24.2
Princes Town,2007-10-05,78.9,0.0,11.4,96.0,1010.5,78.3,8.6,186.27333333333334,16.133333333333333,21233,64427,0,33.1,24.1,28.0,39.4,24.1,30.5,23.7
Princes Town,2007-10-06,82.2,0.0,17.2,91.6,1009.9,87.0,8.4,177.39333333333335,15.333333333333334,21232,64392,0,33.1,24.1,27.3,39.5,24.1,29.5,23.8
Princes Town,2007-10-07,82.1,0.0,11.4,95.1,1009.1,88.3,8.4,196.55333333333334,17.0,21231,64358,0,32.3,24.1,27.7,39.3,24.1,30.6,24.1
Princes Town,2007-10-08,79.7,0.0,13.9,91.2,1009.9,70.0,8.7,185.00666666666666,16.0,21231,64324,0,33.1,24.8,28.3,39.4,24.8,31.2,24.2
Princes Town,2007-10-09,83.2,2.9972,18.3,63.9,1010.7,59.1,7.7,190.38,16.426666666666666,21230,64290,1,33.1,24.1,27.5,39.4,24.1,29.9,24.1
Princes Town,2007-10-10,88.2,3.5052000000000003,13.9,1.6,1010.8,83.8,7.9,189.80666666666667,16.34,21231,64258,1,33.1,24.1,26.3,40.7,24.1,27.6,24.0
Princes Town,2007-10-11,81.7,0.508,16.1,86.0,1009.4,88.3,9.0,200.69333333333333,17.366666666666667,21231,64225,1,32.3,24.1,27.6,38.1,24.1,30.2,23.9
Princes Town,2007-10-12,88.7,3.7845999999999997,9.2,78.2,1009.2,88.3,7.2,207.33333333333334,17.913333333333334,21232,64193,1,29.3,25.1,26.3,35.3,25.1,27.7,24.3
Princes Town,2007-10-13,85.4,29.006799999999995,18.3,69.4,1009.4,85.4,7.2,204.66,17.64,21234,64162,1,31.1,23.8,26.8,37.3,23.8,28.7,23.9
Princes Town,2007-10-14,93.9,28.981399999999997,16.1,75.7,1009.8,88.3,5.8,194.55333333333334,16.806666666666665,21236,64131,1,26.1,21.7,24.3,26.1,21.7,24.3,23.2
Princes Town,2007-10-15,90.0,14.401799999999998,11.4,69.7,1010.7,90.0,7.2,201.80666666666667,17.426666666666666,21238,64101,1,31.1,24.1,25.7,36.7,24.1,26.6,23.8
Princes Town,2007-10-16,81.5,0.0,13.9,81.4,1011.9,64.6,9.0,205.82666666666668,17.753333333333334,21241,64072,0,32.1,24.1,27.8,38.1,24.1,30.3,24.1
Princes Town,2007-10-17,81.8,4.0893999999999995,13.9,80.5,1012.0,83.0,8.3,183.88,15.893333333333334,21245,64043,1,33.1,23.8,27.3,39.4,23.8,29.2,23.6
Princes Town,2007-10-18,88.4,11.8872,16.1,109.6,1011.3,69.2,8.3,176.84666666666666,15.293333333333333,21249,64015,1,33.1,23.1,25.8,39.4,23.1,27.0,23.4
Princes Town,2007-10-19,80.9,0.0,11.4,81.3,1011.4,54.2,8.9,173.24666666666664,14.933333333333334,21253,63987,0,33.1,23.1,27.7,39.4,23.1,30.6,23.7
Princes Town,2007-10-20,82.9,10.8966,15.0,73.8,1011.6,73.6,8.4,188.51333333333332,16.279999999999998,21258,63961,1,32.7,23.1,26.5,37.4,23.1,27.8,23.1
Princes Town,2007-10-21,88.1,2.9972,17.2,72.2,1011.5,86.7,7.9,197.66,17.046666666666667,21264,63935,1,29.1,24.1,25.4,32.8,24.1,25.9,23.2
Princes Town,2007-10-22,88.0,36.093399999999995,17.2,71.4,1011.0,90.0,7.9,193.70666666666665,16.706666666666667,21270,63909,1,32.1,23.1,25.5,36.9,23.1,26.7,23.2
Princes Town,2007-10-23,87.5,0.0,9.2,70.5,1010.9,90.0,7.7,199.40666666666667,17.28666666666667,21277,63885,0,31.1,22.7,26.3,37.6,22.7,28.5,23.9
Princes Town,2007-10-24,86.2,2.9972,9.2,103.7,1010.6,85.0,8.6,193.19333333333333,16.72,21284,63861,1,31.1,24.1,26.6,37.9,24.1,28.4,24.0
Princes Town,2007-10-25,88.2,4.3942,10.3,94.1,1009.4,82.1,7.8,184.02666666666667,15.92,21293,63838,1,30.1,23.8,26.2,36.3,23.8,27.7,24.1
Princes Town,2007-10-26,88.0,26.212799999999998,8.1,82.5,1009.7,91.3,7.5,162.55333333333334,14.033333333333333,21301,63816,1,29.3,22.1,25.7,35.0,22.1,27.3,23.4
Princes Town,2007-10-27,89.3,4.0893999999999995,15.0,78.3,1009.6,90.5,7.3,178.85333333333335,15.473333333333333,21310,63795,1,31.1,24.1,26.6,36.4,24.1,27.9,24.5
Princes Town,2007-10-28,80.8,3.9878,15.0,82.1,1010.0,81.7,8.2,189.16666666666666,16.279999999999998,21320,63775,1,32.1,25.1,27.8,39.3,25.1,30.2,23.9
Princes Town,2007-10-29,89.5,16.002,18.3,73.4,1010.4,86.8,7.3,190.05333333333334,16.48,21331,63755,1,31.1,23.8,26.4,37.9,23.8,28.2,24.4
Princes Town,2007-10-30,87.0,7.086600000000001,16.1,71.2,1010.6,73.3,6.8,181.78,15.666666666666666,21342,63737,1,31.1,24.1,26.8,36.7,24.1,28.7,24.3
Princes Town,2007-10-31,82.1,0.0,16.1,62.9,1009.8,67.7,7.8,191.97333333333333,16.606666666666666,21354,63719,0,31.6,23.1,26.4,35.6,23.1,27.9,22.9
Princes Town,2007-11-01,86.9,0.0,11.4,70.2,1009.3,77.5,8.2,187.39333333333335,16.2,21367,63703,0,30.1,23.7,26.3,35.2,23.7,28.3,23.8
Princes Town,2007-11-02,83.7,0.0,12.8,78.4,1010.3,44.2,8.3,169.52,14.613333333333333,21380,63687,0,32.1,23.1,27.3,39.3,23.1,29.8,24.1
Princes Town,2007-11-03,80.3,0.0,15.0,75.0,1010.3,53.3,8.4,193.53333333333333,16.720000000000002,21394,63672,0,32.1,25.1,27.9,37.2,25.1,30.5,24.0
Princes Town,2007-11-04,84.2,9.906,12.8,68.7,1008.7,67.9,8.1,183.44666666666666,15.853333333333333,21409,63659,1,31.7,24.1,27.1,36.7,24.1,29.2,24.0
Princes Town,2007-11-05,84.4,7.899399999999999,8.1,79.8,1008.1,81.7,8.4,179.57333333333332,15.533333333333333,21424,63646,1,31.6,23.3,26.7,37.5,23.3,28.8,23.7
Princes Town,2007-11-06,83.9,0.0,11.4,83.4,1009.1,70.8,8.1,170.84666666666666,14.753333333333334,21440,63634,0,31.8,23.7,27.1,37.9,23.7,29.6,23.9
Princes Town,2007-11-07,79.7,2.3114,11.4,83.7,1009.6,73.8,9.0,193.63333333333333,16.713333333333335,21457,63623,1,32.2,24.7,27.9,38.1,24.7,30.4,23.8
Princes Town,2007-11-08,79.4,0.0,12.8,80.7,1009.8,54.3,9.5,174.9,15.113333333333333,21474,63614,0,32.1,25.1,27.7,36.7,25.1,29.5,23.4
Princes Town,2007-11-09,83.4,0.0,11.4,77.2,1009.7,51.3,8.2,160.72,13.853333333333333,21492,63605,0,32.1,24.1,27.1,37.1,24.1,29.3,23.8
Princes Town,2007-11-10,90.7,2.9972,12.8,74.9,1009.8,85.0,6.7,151.13333333333333,13.020000000000001,21511,63597,1,31.1,23.8,25.4,35.6,23.8,26.6,23.7
Princes Town,2007-11-11,86.7,0.9905999999999999,15.0,71.8,1010.0,64.3,6.2,178.40666666666667,15.419999999999998,21530,63591,1,31.2,23.1,26.3,37.8,23.1,28.4,23.8
Princes Town,2007-11-12,77.4,0.0,16.1,68.2,1010.7,51.7,5.7,178.55333333333334,15.433333333333334,21550,63585,0,31.8,22.3,27.1,35.9,22.3,28.7,22.5
Princes Town,2007-11-13,84.5,7.619999999999999,8.1,80.4,1009.5,82.1,6.9,173.64,15.013333333333332,21571,63581,1,31.1,23.8,26.4,36.7,23.8,28.1,23.4
Princes Town,2007-11-14,84.4,0.7874,15.0,64.0,1009.4,63.8,7.0,168.92000000000002,14.613333333333335,21592,63578,1,31.1,23.1,26.7,37.9,23.1,28.9,23.7
Princes Town,2007-11-15,90.7,5.588,15.0,75.5,1010.6,79.6,6.9,179.62666666666667,15.486666666666668,21614,63575,1,29.1,23.1,25.3,33.7,23.1,26.0,23.6
Princes Town,2007-11-16,84.2,1.778,11.4,83.0,1010.1,83.3,7.7,195.67333333333332,16.913333333333334,21636,63574,1,32.1,24.7,27.3,37.0,24.7,29.6,24.2
Princes Town,2007-11-17,92.0,5.1054,19.5,57.9,1011.1,92.5,7.1,184.12666666666667,15.906666666666666,21660,63574,1,27.1,23.3,24.6,29.3,23.3,24.7,23.2
Princes Town,2007-11-18,85.0,5.1054,23.0,74.5,1011.9,83.3,7.5,185.2866666666667,16.04,21684,63575,1,31.1,23.7,26.7,37.9,23.7,28.5,23.8
Princes Town,2007-11-19,80.2,0.0,12.8,72.8,1010.9,46.5,7.5,196.6,16.993333333333332,21708,63577,0,31.2,22.1,26.4,34.7,22.1,27.7,22.3
Princes Town,2007-11-20,80.8,0.0,16.1,76.5,1010.2,58.5,7.9,192.20666666666665,16.646666666666665,21733,63580,0,31.2,21.1,26.2,34.7,21.1,27.8,22.3
Princes Town,2007-11-21,88.7,2.9972,12.8,82.4,1012.3,84.2,8.1,190.5,16.5,21758,63584,1,29.6,23.1,25.6,35.3,23.1,27.0,23.5
Princes Town,2007-11-22,80.4,0.0,15.0,63.1,1012.9,80.8,8.6,171.72666666666666,14.833333333333334,21785,63589,0,32.1,22.8,26.9,36.7,22.8,28.8,23.0
Princes Town,2007-11-23,78.8,0.0,16.1,71.5,1012.2,81.7,8.9,160.92666666666668,13.873333333333333,21811,63596,0,31.2,23.1,26.9,36.3,23.1,28.7,22.7
Princes Town,2007-11-24,83.7,16.002,15.0,50.3,1012.0,70.0,7.5,154.43333333333334,13.32,21838,63603,1,32.1,23.1,26.3,36.9,23.1,27.7,23.1
Princes Town,2007-11-25,82.0,3.302,17.2,69.3,1012.0,65.7,7.9,163.53333333333333,14.126666666666667,21866,63611,1,31.1,24.1,27.0,36.7,24.1,29.1,23.5
Princes Town,2007-11-26,79.2,0.508,19.5,57.0,1012.1,76.3,7.3,165.6,14.34,21894,63621,1,31.1,24.3,27.2,35.2,24.3,28.6,23.0
Princes Town,2007-11-27,74.2,0.0,18.3,64.2,1012.0,42.1,8.1,154.67999999999998,13.34,21922,63631,0,31.1,24.6,27.6,34.7,24.6,29.1,22.3
Princes Town,2007-11-28,82.8,13.5128,13.9,66.5,1011.2,55.4,8.0,175.19333333333333,15.166666666666666,21951,63643,1,31.1,22.1,25.6,34.7,22.1,26.6,22.2
Princes Town,2007-11-29,84.0,12.191999999999998,10.3,88.1,1010.5,72.9,8.1,183.02,15.833333333333334,21981,63655,1,31.3,21.1,25.2,34.4,21.1,26.2,22.1
Princes Town,2007-11-30,84.6,3.302,8.1,72.5,1010.7,86.7,8.1,167.22,14.479999999999999,22010,63669,1,31.3,21.1,24.9,34.4,21.1,25.9,21.9
Princes Town,2007-12-01,77.8,0.0,9.2,317.1,1010.9,76.5,9.4,173.16666666666666,14.96,22040,63683,0,32.1,21.1,25.8,35.0,21.1,26.9,21.1
Princes Town,2007-12-02,78.0,0.0,6.9,45.1,1011.8,74.8,9.2,179.17999999999998,15.533333333333333,22071,63699,0,33.1,20.1,25.6,36.5,20.1,26.7,21.0
Princes Town,2007-12-03,78.1,0.0,8.1,27.2,1011.5,85.0,9.5,167.67333333333332,14.413333333333332,22101,63715,0,32.1,20.8,25.5,34.3,20.8,26.4,20.9
Princes Town,2007-12-04,81.9,0.0,5.8,4.0,1010.8,86.3,8.7,165.03333333333333,14.233333333333333,22132,63733,0,33.1,21.1,25.7,36.2,21.1,26.7,22.0
Princes Town,2007-12-05,84.4,2.3114,17.2,57.8,1011.9,88.8,7.0,185.76000000000002,16.046666666666667,22163,63751,1,32.1,22.1,26.1,38.1,22.1,27.9,23.0
Princes Town,2007-12-06,95.0,11.2014,11.4,68.6,1013.7,85.4,6.1,193.32000000000002,16.71333333333333,22195,63770,1,27.1,23.1,24.6,30.2,23.1,24.7,23.7
Princes Town,2007-12-07,76.9,10.8966,13.9,64.2,1012.8,63.5,8.5,163.80666666666667,14.206666666666667,22226,63790,1,32.1,23.1,26.8,36.9,23.1,28.4,22.1
Princes Town,2007-12-08,86.1,2.0065999999999997,12.8,72.5,1011.0,47.5,7.8,159.80666666666667,13.826666666666666,22258,63811,1,29.1,21.8,25.1,32.1,21.8,25.9,22.4
Princes Town,2007-12-09,85.5,4.0893999999999995,9.2,57.8,1010.6,62.9,8.2,171.50666666666666,14.853333333333333,22289,63832,1,31.7,21.8,25.3,36.0,21.8,26.3,22.4
Princes Town,2007-12-10,86.3,0.0,11.4,83.5,1010.5,86.3,8.0,179.23333333333332,15.513333333333332,22321,63855,0,31.1,21.6,25.6,35.6,21.6,27.1,22.8
Princes Town,2007-12-11,89.7,2.0065999999999997,18.3,66.3,1010.6,77.0,6.5,177.27333333333334,15.353333333333333,22353,63878,1,30.8,23.1,25.7,36.9,23.1,26.9,23.7
Princes Town,2007-12-12,92.4,109.80420000000001,18.3,66.4,1010.8,87.1,5.9,173.02666666666667,14.993333333333334,22385,63902,1,26.1,23.1,24.7,26.1,23.1,24.7,23.4
Princes Town,2007-12-13,92.0,36.093399999999995,16.1,63.8,1011.4,92.9,5.6,170.87333333333333,14.766666666666667,22416,63927,1,27.7,22.7,24.3,31.1,22.7,24.7,22.8
Princes Town,2007-12-14,92.2,25.476199999999995,18.3,60.2,1011.5,90.0,5.4,185.48,16.04,22448,63952,1,29.1,23.1,24.8,32.8,23.1,25.4,23.4
Princes Town,2007-12-15,81.8,9.6266,23.0,68.9,1011.1,90.4,7.1,197.0533333333333,17.046666666666667,22480,63978,1,30.1,23.7,25.9,32.8,23.7,26.6,22.2
Princes Town,2007-12-16,79.0,0.0,20.8,57.6,1010.7,52.9,7.9,195.19333333333333,16.866666666666667,22511,64005,0,30.2,22.1,25.8,32.7,22.1,26.7,21.6
Princes Town,2007-12-17,85.5,8.102599999999999,17.2,60.4,1011.4,83.3,6.6,193.41333333333333,16.686666666666667,22542,64032,1,29.1,22.7,25.3,33.7,22.7,26.2,22.6
Princes Town,2007-12-18,89.7,21.005799999999997,10.3,66.5,1011.6,76.3,5.4,194.24666666666664,16.8,22573,64060,1,31.1,23.1,25.3,35.6,23.1,26.6,23.4
Princes Town,2007-12-19,91.7,19.7866,15.0,66.4,1011.9,92.5,5.6,187.10666666666665,16.18,22604,64088,1,27.1,22.1,24.6,30.2,22.1,24.8,23.1
Princes Town,2007-12-20,85.4,5.0038,17.2,66.9,1010.7,85.0,6.6,194.5,16.8,22635,64117,1,30.1,22.7,25.7,33.4,22.7,26.8,22.9
Princes Town,2007-12-21,92.9,21.081999999999997,15.0,67.0,1011.1,92.1,4.9,181.61333333333332,15.706666666666667,22665,64147,1,27.2,23.6,24.6,30.6,23.6,24.8,23.3
Princes Town,2007-12-22,85.2,0.0,15.0,69.6,1011.6,65.2,8.5,188.28,16.246666666666666,22695,64177,0,30.1,22.7,25.9,35.2,22.7,27.4,23.1
Princes Town,2007-12-23,81.2,0.0,13.9,76.6,1011.8,79.2,8.7,190.60666666666665,16.493333333333332,22724,64207,0,31.1,22.1,26.2,35.6,22.1,27.8,22.5
Princes Town,2007-12-24,77.1,0.0,11.4,68.4,1011.3,85.0,8.6,181.38,15.673333333333334,22753,64237,0,31.2,22.2,26.3,34.0,22.2,27.3,21.6
Princes Town,2007-12-25,89.5,10.8966,13.9,75.5,1011.5,87.5,6.4,198.35333333333335,17.18,22782,64268,1,28.1,22.1,24.2,31.4,22.1,24.7,22.3
Princes Town,2007-12-26,85.5,0.0,16.1,63.3,1010.8,81.3,7.8,199.25333333333336,17.240000000000002,22810,64300,0,29.3,23.1,25.8,33.7,23.1,26.9,23.1
Princes Town,2007-12-27,76.8,0.3048,21.9,62.8,1011.2,48.8,8.3,203.98666666666668,17.66,22838,64331,1,31.1,24.7,27.1,35.4,24.7,28.6,22.5
Princes Town,2007-12-28,78.6,0.0,18.3,63.3,1012.3,64.6,7.7,197.17333333333332,17.053333333333335,22865,64363,0,31.1,24.1,26.7,34.7,24.1,28.0,22.4
Princes Town,2007-12-29,77.1,0.0,11.4,75.3,1012.3,44.2,9.0,181.35333333333335,15.7,22892,64395,0,31.1,21.2,25.8,33.1,21.2,26.5,20.9
Princes Town,2007-12-30,79.8,0.0,15.0,69.5,1012.3,62.9,9.7,178.02666666666667,15.426666666666668,22918,64427,0,31.1,20.1,25.0,33.8,20.1,25.9,20.8
Princes Town,2007-12-31,76.1,0.0,15.0,73.9,1013.0,60.4,9.4,193.76000000000002,16.82,22943,64460,0,31.1,22.1,25.8,33.1,22.1,26.7,20.9
Princes Town,2008-01-01,78.1,0.0,15.0,66.1,1013.2,41.7,8.7,188.91875,16.31875,22968,64492,0,29.8,22.1,25.5,32.2,22.1,26.2,21.2
Princes Town,2008-01-02,81.2,0.0,16.1,66.4,1012.7,40.8,7.4,200.6,17.3375,22992,64524,0,30.1,21.8,25.5,33.4,21.8,26.5,21.7
Princes Town,2008-01-03,83.7,0.0,20.8,48.0,1014.1,55.4,7.2,206.85625,17.90625,23015,64557,0,30.1,21.1,25.3,33.4,21.1,26.6,22.2
Princes Town,2008-01-04,83.9,3.9878,18.3,72.9,1014.5,59.2,8.1,198.2125,17.16875,23038,64589,1,31.1,22.2,25.8,34.7,22.2,27.1,22.6
Princes Town,2008-01-05,85.1,2.0065999999999997,51.7,51.8,1014.7,48.3,8.1,190.6875,16.5,23060,64622,1,30.1,22.1,25.2,32.8,22.1,26.3,22.3
Princes Town,2008-01-06,82.0,0.0,16.1,64.9,1014.0,40.9,8.2,184.79375,15.975,23081,64654,0,30.1,21.1,25.1,33.4,21.1,25.9,21.4
Princes Town,2008-01-07,80.4,0.0,13.9,72.0,1013.4,78.8,7.7,182.93125,15.8125,23101,64687,0,31.1,20.1,25.4,33.1,20.1,26.4,21.3
Princes Town,2008-01-08,96.1,16.002,6.9,86.8,1012.7,95.0,6.0,195.9375,16.975,23120,64719,1,27.1,22.1,23.8,30.2,22.1,23.9,23.2
Princes Town,2008-01-09,84.5,2.9972,9.2,94.2,1011.1,82.5,7.6,191.7,16.5625,23139,64751,1,30.1,21.7,25.1,33.4,21.7,26.1,22.0
Princes Town,2008-01-10,85.3,6.095999999999999,15.0,82.5,1010.7,90.0,7.8,200.13125,17.275,23156,64783,1,30.2,21.1,24.9,33.4,21.1,25.9,22.0
Princes Town,2008-01-11,86.1,0.3048,13.9,78.5,1011.0,82.1,8.4,210.7875,18.23125,23173,64815,1,30.1,22.1,25.6,35.2,22.1,26.9,22.9
Princes Town,2008-01-12,88.6,0.7874,17.2,72.3,1011.0,81.3,7.1,204.53125,17.70625,23189,64846,1,28.8,23.1,25.3,32.6,23.1,26.4,23.2
Princes Town,2008-01-13,82.6,0.3048,17.2,68.8,1010.7,77.9,7.5,204.8625,17.7375,23204,64877,1,31.1,23.1,26.3,35.6,23.1,27.9,22.9
Princes Town,2008-01-14,81.1,0.0,16.1,71.3,1011.9,55.0,7.9,211.31875,18.2875,23218,64908,0,30.3,22.8,26.2,34.3,22.8,27.6,22.5
Princes Town,2008-01-15,75.5,0.0,15.0,80.9,1011.4,53.8,8.5,205.8375,17.8125,23231,64938,0,31.1,22.7,26.2,33.4,22.7,27.2,21.2
Princes Town,2008-01-16,80.0,4.0893999999999995,16.1,75.4,1011.7,77.5,8.2,205.05625,17.7,23243,64969,1,29.3,21.8,25.1,31.4,21.8,25.8,21.2
Princes Town,2008-01-17,80.0,0.0,16.1,76.1,1013.0,39.6,8.1,209.99375,18.1625,23254,64998,0,30.1,21.8,25.6,32.7,21.8,26.7,21.6
Princes Town,2008-01-18,83.2,0.9905999999999999,18.3,68.7,1014.4,50.4,7.1,215.1875,18.6125,23264,65028,1,29.1,22.8,25.6,32.8,22.8,26.6,22.4
Princes Town,2008-01-19,75.7,0.0,19.5,67.5,1013.7,45.8,7.9,213.30625,18.4375,23273,65057,0,31.1,23.1,26.3,33.8,23.1,27.3,21.4
Princes Town,2008-01-20,73.9,0.508,17.2,74.0,1013.5,35.4,8.6,223.86875,19.31875,23282,65085,1,30.1,20.1,25.4,32.0,20.1,26.1,20.1
Princes Town,2008-01-21,78.2,0.0,18.3,64.2,1014.1,60.0,8.2,213.9625,18.48125,23289,65113,0,31.1,20.7,25.8,33.8,20.7,26.6,21.5
Princes Town,2008-01-22,77.4,10.8966,23.0,61.1,1012.8,60.4,7.5,211.0,18.18125,23295,65141,1,30.1,23.1,26.1,32.8,23.1,27.1,21.5
Princes Town,2008-01-23,77.7,0.7874,17.2,74.5,1013.1,57.1,6.9,214.68125,18.525,23300,65168,1,30.1,22.1,25.6,31.6,22.1,26.3,21.1
Princes Town,2008-01-24,77.5,0.0,17.2,71.5,1012.8,50.0,8.3,228.6125,19.69375,23304,65194,0,30.2,23.1,26.1,32.7,23.1,27.1,21.6
Princes Town,2008-01-25,86.0,4.0893999999999995,13.9,67.5,1013.4,63.8,7.6,227.3625,19.6875,23307,65220,1,29.1,22.1,24.9,32.8,22.1,25.6,22.3
Princes Town,2008-01-26,75.6,7.594599999999999,15.0,78.8,1013.4,32.1,9.5,223.225,19.30625,23308,65246,1,30.1,21.1,25.1,32.0,21.1,25.8,20.1
Princes Town,2008-01-27,75.0,0.0,15.0,72.4,1012.9,35.0,8.8,210.725,18.18125,23309,65271,0,30.1,19.1,24.4,31.4,19.1,24.9,19.2
Princes Town,2008-01-28,75.8,0.0,13.9,76.3,1012.0,38.8,9.3,216.5375,18.69375,23309,65295,0,30.3,20.1,25.2,32.2,20.1,25.8,20.1
Princes Town,2008-01-29,78.1,0.0,18.3,64.8,1012.2,70.8,8.5,210.09375,18.08125,23308,65319,0,31.7,20.1,25.3,33.8,20.1,26.3,20.8
Princes Town,2008-01-30,77.7,0.0,11.4,60.9,1012.1,85.8,8.2,222.9375,19.23125,23306,65342,0,32.1,21.7,25.6,33.6,21.7,26.2,20.9
Princes Town,2008-01-31,80.2,0.0,12.8,348.4,1011.6,64.2,8.2,229.48125,19.7875,23302,65364,0,30.1,21.1,24.9,32.0,21.1,25.6,20.9
Princes Town,2008-02-01,68.8,0.0,13.9,337.7,1011.5,39.2,9.3,229.45,19.8125,23298,65386,0,31.1,21.1,25.8,31.4,21.1,26.0,18.8
Princes Town,2008-02-02,81.4,2.0065999999999997,9.2,69.0,1012.8,62.9,9.2,231.00625,19.9625,23293,65407,1,29.8,19.1,23.6,30.8,19.1,23.8,19.8
Princes Town,2008-02-03,77.4,0.0,16.1,69.2,1013.5,68.8,8.5,225.25,19.43125,23286,65428,0,30.1,22.1,25.6,32.7,22.1,26.4,21.1
Princes Town,2008-02-04,74.0,0.0,17.2,63.6,1014.4,52.9,8.7,225.5,19.41875,23279,65448,0,31.1,23.1,26.1,33.1,23.1,27.0,20.8
Princes Town,2008-02-05,76.0,0.0,16.1,65.2,1014.7,36.1,8.2,217.85,18.8125,23271,65467,0,31.1,20.1,25.2,33.1,20.1,25.9,20.2
Princes Town,2008-02-06,68.6,0.0,16.1,58.4,1014.7,75.0,8.4,221.55,19.14375,23261,65486,0,31.1,23.1,26.3,32.5,23.1,26.8,19.7
Princes Town,2008-02-07,75.3,0.3048,20.8,58.6,1014.5,83.3,7.6,234.3375,20.19375,23251,65504,1,29.2,23.1,25.7,31.4,23.1,26.4,20.8
Princes Town,2008-02-08,75.5,0.0,23.0,66.3,1014.1,74.2,7.9,233.60625000000002,20.14375,23239,65521,0,30.1,23.8,26.1,32.7,23.8,26.9,21.3
Princes Town,2008-02-09,75.5,0.0,18.3,60.9,1013.0,75.7,7.4,238.05,20.54375,23227,65538,0,31.1,23.1,26.5,33.1,23.1,27.7,21.6
Princes Town,2008-02-10,94.4,73.5076,13.9,57.9,1013.2,87.4,4.9,232.15625,20.09375,23214,65554,1,24.3,22.1,23.4,24.3,22.1,23.4,22.4
Princes Town,2008-02-11,87.0,11.0998,18.3,64.0,1012.5,82.1,7.1,238.43125,20.675,23200,65570,1,29.1,22.6,25.1,33.7,22.6,25.6,22.7
Princes Town,2008-02-12,83.6,2.8956,18.3,66.7,1013.0,60.3,7.3,230.65,19.95,23185,65584,1,30.1,23.1,25.7,34.3,23.1,27.0,22.6
Princes Town,2008-02-13,81.4,2.9972,19.5,69.9,1013.1,77.1,6.5,241.64375,20.89375,23169,65599,1,29.1,23.1,25.6,32.1,23.1,26.2,21.9
Princes Town,2008-02-14,81.7,0.9905999999999999,17.2,72.3,1014.2,62.1,7.2,219.3625,18.95625,23152,65612,1,29.1,23.1,25.5,32.1,23.1,26.4,22.0
Princes Town,2008-02-15,73.2,0.3048,19.5,62.8,1013.5,49.4,7.8,240.3875,20.80625,23134,65625,1,30.2,22.1,25.9,32.0,22.1,26.3,20.2
Princes Town,2008-02-16,86.1,4.521199999999999,21.9,51.8,1012.0,70.4,7.3,241.3,20.8625,23115,65637,1,28.1,22.1,24.2,31.4,22.1,24.6,21.6
Princes Town,2008-02-17,81.9,0.9905999999999999,20.8,41.9,1012.4,69.2,7.9,234.43125,20.29375,23096,65649,1,29.1,22.1,24.8,31.4,22.1,25.3,21.3
Princes Town,2008-02-18,72.6,0.0,23.0,58.2,1014.3,80.4,8.5,238.41875,20.625,23076,65660,0,30.1,23.1,26.1,32.7,23.1,26.9,20.7
Princes Town,2008-02-19,69.6,0.0,19.5,62.0,1015.3,76.3,8.5,239.5875,20.725,23055,65671,0,31.1,23.1,26.6,33.8,23.1,27.4,20.3
Princes Town,2008-02-20,70.1,0.0,15.0,67.7,1014.9,88.3,8.9,244.3375,21.11875,23033,65681,0,30.2,21.1,25.6,31.4,21.1,26.1,19.3
Princes Town,2008-02-21,74.6,0.0,16.1,71.6,1014.7,80.0,8.5,250.41875,21.6125,23010,65690,0,31.1,20.1,25.1,32.5,20.1,25.7,19.7
Princes Town,2008-02-22,76.2,0.508,16.1,67.4,1015.0,67.7,7.0,228.21875,19.73125,22987,65699,1,30.1,22.1,25.6,31.8,22.1,26.3,20.8
Princes Town,2008-02-23,70.1,0.0,52.8,60.4,1015.8,70.0,7.5,233.9375,20.23125,22963,65707,0,30.1,22.1,25.8,30.9,22.1,26.1,19.5
Princes Town,2008-02-24,76.9,0.3048,18.3,64.0,1015.4,86.7,7.7,231.075,19.99375,22938,65715,1,30.1,21.1,24.7,32.0,21.1,25.1,20.1
Princes Town,2008-02-25,75.8,0.0,13.9,67.4,1014.2,70.8,8.8,239.0125,20.662499999999998,22913,65722,0,31.1,21.1,25.5,33.1,21.1,26.3,20.6
Princes Town,2008-02-26,76.2,0.0,13.9,68.0,1013.6,70.5,8.6,249.43125,21.55,22887,65729,0,29.1,21.1,25.5,31.4,21.1,26.4,20.8
Princes Town,2008-02-27,71.8,0.0,16.1,71.9,1013.7,80.0,8.5,239.3125,20.68125,22860,65735,0,31.1,21.1,25.9,33.1,21.1,26.5,19.9
Princes Town,2008-02-28,73.9,0.0,18.3,68.8,1014.5,63.3,7.1,250.7625,21.66875,22832,65740,0,31.1,23.7,26.5,34.7,23.7,27.5,21.3
Princes Town,2008-02-29,74.3,0.0,18.3,67.4,1014.2,66.7,7.5,246.825,21.375,22805,65746,0,29.1,22.6,25.8,30.3,22.6,26.5,20.7
Princes Town,2008-03-01,80.0,2.3114,16.1,72.3,1013.5,60.0,7.1,248.7875,21.50625,22776,65751,1,29.1,21.1,24.7,30.8,21.1,25.1,20.8
Princes Town,2008-03-02,72.3,0.0,16.1,56.2,1013.2,60.4,8.0,240.45,20.80625,22747,65755,0,31.1,21.1,25.3,32.5,21.1,25.7,19.6
Princes Town,2008-03-03,73.8,0.0,16.1,73.8,1013.6,59.6,8.2,252.7,21.84375,22717,65759,0,30.6,20.1,25.3,32.6,20.1,25.9,19.9
Princes Town,2008-03-04,81.7,24.892,20.8,65.0,1013.7,71.7,6.6,240.5875,20.79375,22687,65762,1,30.1,23.1,25.1,32.0,23.1,25.6,21.4
Princes Town,2008-03-05,86.0,0.0,16.1,56.2,1013.3,90.0,6.3,243.88125,21.00625,22657,65765,0,27.1,22.1,24.2,29.3,22.1,24.3,21.6
Princes Town,2008-03-06,77.9,0.9905999999999999,18.3,62.2,1012.6,80.0,7.7,250.44375,21.66875,22626,65768,1,30.1,22.6,25.4,32.0,22.6,26.1,21.0
Princes Town,2008-03-07,79.0,0.0,12.8,60.6,1012.9,74.3,6.2,250.39375,21.6125,22594,65771,0,29.1,22.1,24.8,31.4,22.1,25.2,20.7
Princes Town,2008-03-08,69.6,0.0,19.5,63.4,1013.6,70.0,6.8,252.89375,21.83125,22562,65773,0,30.1,23.1,26.0,31.4,23.1,26.6,19.8
Princes Town,2008-03-09,70.4,0.0,13.9,60.3,1013.3,59.2,7.5,250.70625,21.60625,22530,65774,0,30.1,21.1,25.7,31.4,21.1,26.2,19.6
Princes Town,2008-03-10,73.8,0.0,47.2,53.9,1013.9,53.8,8.7,233.85625,20.225,22497,65776,0,30.1,20.1,24.7,30.9,20.1,25.1,19.3
Princes Town,2008-03-11,74.6,0.9905999999999999,11.4,44.4,1013.7,77.1,8.3,239.675,20.69375,22464,65777,1,30.6,20.1,24.6,31.4,20.1,24.8,19.3
Princes Town,2008-03-12,73.2,0.0,13.9,72.3,1013.9,83.8,8.4,251.225,21.65,22431,65778,0,30.3,23.1,26.2,32.7,23.1,27.2,20.8
Princes Town,2008-03-13,81.0,4.0893999999999995,17.2,72.4,1014.4,79.1,6.1,250.70625,21.65625,22398,65779,1,30.6,22.1,25.8,33.9,22.1,26.9,22.1
Princes Town,2008-03-14,74.2,0.0,17.2,76.2,1013.8,45.8,6.0,252.825,21.81875,22364,65779,0,31.1,23.1,26.3,33.1,23.1,27.2,21.1
Princes Town,2008-03-15,77.1,0.0,13.9,73.2,1014.3,69.6,6.4,243.2625,21.025,22330,65779,0,31.1,22.1,26.0,34.7,22.1,27.1,21.3
Princes Town,2008-03-16,75.4,0.0,13.9,82.8,1014.1,84.2,7.2,246.19375,21.23125,22295,65779,0,31.1,21.1,25.9,33.1,21.1,26.8,20.8
Princes Town,2008-03-17,74.0,0.0,11.4,67.6,1013.7,59.4,7.6,273.14375,23.575,22261,65779,0,32.1,19.1,25.2,33.6,19.1,25.8,19.6
Princes Town,2008-03-18,75.3,0.0,11.4,88.8,1013.5,50.0,7.6,270.525,23.43125,22226,65779,0,31.1,20.8,25.3,32.5,20.8,25.8,20.1
Princes Town,2008-03-19,76.4,0.0,13.9,60.6,1013.6,60.4,7.4,260.9875,22.54375,22191,65778,0,31.1,20.1,24.8,32.5,20.1,25.3,20.0
Princes Town,2008-03-20,71.2,0.0,13.9,94.0,1013.8,78.7,8.4,261.0,22.50625,22156,65778,0,31.1,21.1,25.8,32.5,21.1,26.3,19.6
Princes Town,2008-03-21,71.7,0.0,17.2,77.7,1013.7,68.8,9.7,251.84375,21.75,22121,65777,0,32.1,20.7,26.0,33.6,20.7,26.7,20.0
Princes Town,2008-03-22,78.0,0.0,16.1,83.3,1013.4,90.0,7.5,257.79375,22.28125,22086,65776,0,30.1,23.1,25.6,32.7,23.1,26.4,21.2
Princes Town,2008-03-23,81.1,0.9905999999999999,19.5,75.4,1014.0,75.0,6.3,254.925,22.0,22051,65775,1,30.1,23.1,25.6,32.8,23.1,26.5,21.9
Princes Town,2008-03-24,69.7,0.0,20.8,71.1,1014.6,62.1,7.2,264.70625,22.86875,22015,65774,0,32.1,22.1,26.5,33.0,22.1,26.9,19.9
Princes Town,2008-03-25,71.7,0.0,16.1,92.6,1014.7,66.3,8.0,257.86875,22.28125,21980,65773,0,31.1,22.1,26.1,33.1,22.1,26.8,20.2
Princes Town,2008-03-26,74.6,0.0,13.9,73.9,1014.0,68.3,7.6,256.4375,22.16875,21945,65772,0,32.1,21.1,25.8,34.3,21.1,26.4,20.4
Princes Town,2008-03-27,71.1,0.3048,20.8,74.3,1012.2,52.2,8.5,262.775,22.675,21910,65771,1,31.1,21.1,26.1,32.5,21.1,26.7,19.9
Princes Town,2008-03-28,77.1,0.0,15.0,84.2,1011.9,75.8,6.6,263.2125,22.725,21874,65770,0,31.1,22.1,25.7,33.8,22.1,26.4,21.0
Princes Town,2008-03-29,69.0,0.0,16.1,88.1,1011.7,90.0,6.8,260.5625,22.5,21839,65769,0,31.1,22.1,26.7,33.1,22.1,27.4,20.1
Princes Town,2008-03-30,85.5,0.0,18.3,87.1,1011.9,84.8,6.0,259.55,22.41875,21804,65768,0,28.1,22.1,24.2,30.8,22.1,24.4,21.5
Princes Town,2008-03-31,78.5,4.2926,11.4,94.3,1012.0,86.7,7.6,243.16875,21.04375,21769,65767,1,30.1,22.1,25.3,32.0,22.1,26.1,21.0
Princes Town,2008-04-01,74.8,0.9905999999999999,21.9,58.5,1012.3,75.0,7.5,258.43125,22.36875,21735,65767,1,30.1,22.1,25.7,32.0,22.1,26.6,20.6
Princes Town,2008-04-02,78.4,6.095999999999999,20.8,67.7,1012.3,54.2,7.8,258.14375,22.3,21700,65766,1,30.1,22.1,25.1,32.7,22.1,25.8,20.9
Princes Town,2008-04-03,81.3,22.098,18.3,65.6,1012.8,81.3,6.6,262.34375,22.66875,21666,65765,1,30.2,22.8,25.4,33.6,22.8,26.2,21.8
Princes Town,2008-04-04,78.0,2.9972,18.3,65.6,1013.6,49.6,7.5,263.7,22.79375,21631,65765,1,30.3,23.1,26.2,33.4,23.1,27.2,21.8
Princes Town,2008-04-05,74.1,0.0,19.5,62.8,1014.2,62.5,7.0,259.35,22.41875,21597,65764,0,31.3,23.8,26.7,34.2,23.8,27.7,21.4
Princes Town,2008-04-06,72.9,0.0,13.9,71.1,1013.1,60.0,7.5,253.11874999999998,21.825,21564,65764,0,30.1,22.1,26.2,32.7,22.1,27.3,20.8
Princes Town,2008-04-07,84.0,9.118599999999999,15.0,73.9,1012.1,77.4,6.3,262.475,22.6875,21530,65764,1,30.1,22.6,24.9,32.7,22.6,25.6,21.8
Princes Town,2008-04-08,77.5,0.0,20.8,75.7,1011.6,65.8,7.7,258.98125,22.39375,21497,65764,0,31.1,23.1,26.3,33.8,23.1,27.4,21.7
Princes Town,2008-04-09,75.9,0.0,17.2,71.6,1011.3,71.3,8.6,258.41875,22.3,21464,65765,0,31.1,23.1,26.7,34.0,23.1,27.8,21.8
Princes Town,2008-04-10,75.3,0.0,16.1,60.2,1010.4,68.3,7.8,260.64375,22.55625,21431,65765,0,31.3,23.1,26.8,34.7,23.1,28.1,21.8
Princes Town,2008-04-11,82.7,4.013199999999999,12.8,53.0,1010.5,72.9,6.8,262.55625,22.63125,21399,65766,1,29.1,23.1,25.6,32.8,23.1,26.4,22.4
Princes Town,2008-04-12,83.7,0.0,12.8,66.8,1011.3,89.2,6.3,256.69375,22.13125,21367,65767,0,29.1,23.7,25.7,32.1,23.7,26.6,22.6
Princes Town,2008-04-13,91.1,8.407399999999999,16.1,71.6,1012.0,88.8,4.5,254.16875,21.9625,21336,65768,1,28.1,24.1,25.4,32.8,24.1,25.9,23.8
Princes Town,2008-04-14,81.9,0.0,15.0,75.0,1012.3,68.6,7.3,239.6,20.73125,21305,65770,0,31.1,24.6,26.9,36.7,24.6,28.6,23.4
Princes Town,2008-04-15,78.4,0.0,18.3,66.0,1012.7,56.7,8.1,240.85,20.78125,21274,65772,0,31.2,24.1,26.9,35.6,24.1,28.4,22.7
Princes Town,2008-04-16,74.8,0.0,15.0,81.4,1012.8,40.4,7.7,255.75625,22.08125,21244,65774,0,32.1,23.1,27.1,34.7,23.1,28.3,21.8
Princes Town,2008-04-17,76.6,0.0,17.2,65.3,1013.4,53.8,8.0,252.5375,21.80625,21214,65776,0,32.1,23.1,27.3,35.9,23.1,28.9,22.4
Princes Town,2008-04-18,74.4,0.0,15.0,66.7,1013.4,73.5,7.3,255.81875,22.0875,21185,65779,0,32.1,24.1,27.2,35.0,24.1,28.3,21.9
Princes Town,2008-04-19,73.8,0.0,15.0,67.8,1012.5,86.7,7.1,244.83125,21.15,21156,65782,0,31.3,24.1,27.6,34.8,24.1,29.0,22.2
Princes Town,2008-04-20,77.2,0.0,19.5,75.1,1011.8,73.5,7.3,241.60625,20.89375,21128,65785,0,32.1,23.1,27.0,35.9,23.1,28.6,22.4
Princes Town,2008-04-21,75.3,0.0,12.8,83.3,1011.6,85.4,6.3,243.70625,21.09375,21100,65789,0,32.1,24.1,27.2,35.0,24.1,28.7,22.2
Princes Town,2008-04-22,75.0,0.0,17.2,76.6,1011.4,71.3,7.2,258.0375,22.26875,21073,65793,0,31.1,24.3,27.1,33.8,24.3,28.6,22.1
Princes Town,2008-04-23,73.1,0.0,17.2,83.2,1011.2,67.9,6.8,249.11875,21.525,21047,65797,0,32.1,23.6,27.5,35.0,23.6,28.9,21.9
Princes Town,2008-04-24,74.2,0.0,13.9,89.9,1011.0,80.4,8.0,251.10000000000002,21.69375,21021,65802,0,33.1,24.1,27.9,37.2,24.1,29.7,22.5
Princes Town,2008-04-25,77.1,0.9905999999999999,15.0,79.3,1011.0,89.6,6.4,247.0125,21.275,20995,65807,1,32.1,25.1,27.9,35.9,25.1,29.7,23.2
Princes Town,2008-04-26,76.2,0.0,13.9,74.2,1011.2,90.0,5.9,256.91875,22.18125,20971,65812,0,31.1,25.1,27.9,34.7,25.1,29.7,23.1
Princes Town,2008-04-27,71.9,0.0,15.0,73.7,1012.0,64.6,6.3,242.725,20.95625,20946,65818,0,32.6,25.1,28.1,35.1,25.1,29.8,22.2
Princes Town,2008-04-28,69.7,0.0,17.2,72.0,1012.7,50.0,6.5,260.54375,22.525,20923,65824,0,32.7,24.1,28.0,35.6,24.1,29.3,21.6
Princes Town,2008-04-29,68.8,0.0,13.9,80.2,1012.3,55.4,7.7,229.61333333333332,19.833333333333332,20900,65831,0,33.1,23.1,27.9,35.4,23.1,29.1,21.1
Princes Town,2008-04-30,70.1,0.0,17.2,80.5,1011.1,48.3,7.9,249.62,21.526666666666664,20878,65838,0,33.1,24.1,27.9,37.2,24.1,29.6,21.7
Princes Town,2008-05-01,69.2,0.0,13.9,71.8,1010.5,54.2,7.7,239.43333333333334,20.666666666666668,20856,65845,0,33.1,24.1,27.9,35.4,24.1,29.1,21.4
Princes Town,2008-05-02,70.8,0.0,11.4,73.3,1010.4,72.1,8.2,227.28000000000003,19.646666666666665,20836,65852,0,33.2,22.8,27.4,36.2,22.8,28.7,21.2
Princes Town,2008-05-03,68.4,0.0,13.9,82.3,1011.0,68.3,8.4,227.57333333333332,19.646666666666665,20815,65860,0,33.1,22.1,27.3,34.7,22.1,28.1,20.4
Princes Town,2008-05-04,69.2,0.0,15.0,72.9,1012.1,88.8,8.5,236.32666666666668,20.38,20796,65869,0,33.3,23.6,27.8,36.2,23.6,29.1,21.2
Princes Town,2008-05-05,70.7,0.0,15.0,77.1,1012.6,76.7,7.7,257.54,22.240000000000002,20777,65878,0,34.1,24.1,28.3,36.6,24.1,29.8,21.9
Princes Town,2008-05-06,76.1,6.095999999999999,16.1,70.7,1012.8,80.4,6.2,253.53333333333333,21.86,20759,65887,1,32.2,25.1,28.3,36.7,25.1,30.9,23.4
Princes Town,2008-05-07,79.7,4.7752,18.3,70.5,1012.4,88.3,5.2,258.2266666666667,22.259999999999998,20742,65896,1,31.7,25.1,27.8,36.7,25.1,30.8,23.8
Princes Town,2008-05-08,73.3,0.0,18.3,75.4,1013.0,70.4,5.0,227.12,19.626666666666665,20726,65906,0,33.1,25.1,28.3,37.2,25.1,30.4,22.8
Princes Town,2008-05-09,71.4,0.0,20.8,66.4,1013.7,60.4,6.5,245.52,21.240000000000002,20710,65917,0,32.1,25.1,27.9,34.3,25.1,29.3,21.9
Princes Town,2008-05-10,69.6,0.508,17.2,68.8,1013.8,54.2,7.5,241.36666666666667,20.833333333333332,20695,65928,1,33.1,24.1,28.1,35.4,24.1,29.3,21.6
Princes Town,2008-05-11,71.5,0.0,15.0,71.3,1013.9,43.3,7.7,262.49333333333334,22.626666666666665,20681,65939,0,33.1,23.1,27.8,37.2,23.1,29.4,21.8
Princes Town,2008-05-12,71.7,0.0,16.1,72.5,1014.3,73.5,7.9,250.81333333333333,21.686666666666667,20668,65950,0,33.1,22.7,27.4,35.0,22.7,28.6,21.4
Princes Town,2008-05-13,71.7,0.0,26.4,67.0,1013.7,65.8,8.1,257.35333333333335,22.233333333333334,20655,65962,0,33.1,23.7,27.9,37.2,23.7,29.4,21.9
Princes Town,2008-05-14,72.1,0.0,18.3,71.1,1012.7,38.7,8.2,226.82,19.586666666666666,20644,65974,0,34.1,25.1,28.3,37.4,25.1,30.1,22.4
Princes Town,2008-05-15,72.0,0.0,17.2,67.5,1012.8,57.1,7.9,227.76000000000002,19.64,20633,65986,0,34.1,24.1,28.8,39.5,24.1,31.3,22.9
Princes Town,2008-05-16,82.4,6.095999999999999,15.0,66.0,1012.8,76.7,7.3,238.27333333333334,20.573333333333334,20622,65999,1,32.1,25.7,27.2,36.9,25.7,28.6,23.8
Princes Town,2008-05-17,76.4,0.0,16.1,59.5,1012.9,90.0,7.6,244.72,21.18,20613,66012,0,33.1,25.1,28.3,38.2,25.1,30.7,23.4
Princes Town,2008-05-18,77.0,0.0,19.5,69.2,1013.1,80.0,7.2,240.72666666666666,20.740000000000002,20604,66026,0,32.1,24.8,28.2,35.9,24.8,30.5,23.4
Princes Town,2008-05-19,70.7,0.3048,17.2,71.7,1014.1,77.1,7.8,237.61333333333332,20.553333333333335,20597,66039,1,33.1,25.3,28.6,36.2,25.3,30.4,22.3
Princes Town,2008-05-20,66.8,0.0,16.1,69.0,1013.4,53.3,7.5,246.41333333333333,21.279999999999998,20590,66053,0,33.1,24.1,28.1,34.7,24.1,28.8,20.6
Princes Town,2008-05-21,66.1,0.0,16.1,67.1,1012.4,62.1,7.9,230.35333333333332,19.88,20583,66068,0,32.1,22.1,27.5,33.6,22.1,28.3,20.0
Princes Town,2008-05-22,68.5,0.0,15.0,64.0,1012.1,73.9,7.9,219.64,18.959999999999997,20578,66082,0,33.1,24.1,28.6,36.2,24.1,30.6,21.8
Princes Town,2008-05-23,66.4,0.0,21.9,68.2,1012.4,73.9,7.8,222.1,19.186666666666667,20573,66097,0,34.1,25.1,28.9,37.4,25.1,30.7,21.6
Princes Town,2008-05-24,71.7,0.0,12.8,84.1,1011.9,74.6,7.8,241.92000000000002,20.886666666666667,20569,66112,0,34.1,24.7,28.4,37.4,24.7,30.2,22.3
Princes Town,2008-05-25,72.9,0.0,18.3,66.7,1011.4,82.1,8.2,230.43333333333334,19.873333333333335,20566,66127,0,32.1,24.1,27.6,35.9,24.1,29.1,22.1
Princes Town,2008-05-26,70.5,0.0,13.9,83.8,1010.9,52.1,7.9,207.38,17.88,20564,66143,0,34.1,23.7,28.3,36.6,23.7,29.9,21.8
Princes Town,2008-05-27,72.5,0.0,16.1,79.2,1011.5,51.7,7.4,212.19333333333333,18.3,20563,66158,0,33.2,24.1,28.3,37.3,24.1,30.2,22.3
Princes Town,2008-05-28,75.0,5.1054,26.4,67.8,1012.0,62.9,6.9,210.79333333333335,18.220000000000002,20562,66174,1,33.1,24.8,28.4,38.2,24.8,31.1,23.2
Princes Town,2008-05-29,69.3,0.0,18.3,66.3,1012.8,49.2,7.5,194.19333333333333,16.753333333333334,20562,66190,0,33.1,25.1,28.7,37.2,25.1,31.0,22.3
Princes Town,2008-05-30,71.4,0.0,13.9,71.9,1013.2,45.0,7.7,205.21999999999997,17.740000000000002,20562,66206,0,34.1,23.6,28.3,37.4,23.6,29.9,22.1
Princes Town,2008-05-31,71.2,0.0,13.9,74.1,1013.7,59.2,7.8,207.68666666666664,17.959999999999997,20564,66222,0,34.1,23.8,28.4,36.6,23.8,30.3,22.2
Princes Town,2008-06-01,73.1,0.0,18.3,63.2,1014.3,69.6,7.9,208.17333333333332,17.953333333333333,20566,66238,0,33.1,24.8,28.4,37.2,24.8,30.6,22.8
Princes Town,2008-06-02,71.2,0.0,16.1,73.2,1013.4,77.1,7.5,209.84666666666666,18.133333333333333,20569,66254,0,33.7,24.8,28.6,36.4,24.8,30.5,22.3
Princes Town,2008-06-03,81.5,0.9905999999999999,13.9,69.1,1013.0,86.7,7.7,225.3,19.42,20572,66271,1,32.1,25.1,27.3,38.1,25.1,29.6,23.8
Princes Town,2008-06-04,75.2,4.0893999999999995,16.1,81.7,1013.0,78.3,6.7,212.3,18.326666666666664,20577,66287,1,33.1,24.1,28.1,36.2,24.1,29.9,22.8
Princes Town,2008-06-05,72.2,0.0,17.2,71.3,1013.8,80.8,8.0,184.49333333333334,15.9,20582,66303,0,33.1,24.1,27.9,36.2,24.1,29.6,22.0
Princes Town,2008-06-06,68.8,0.0,18.3,66.3,1013.9,55.9,7.2,198.36666666666667,17.146666666666665,20587,66319,0,33.1,23.1,28.3,35.4,23.1,29.6,21.3
Princes Town,2008-06-07,80.5,15.493999999999998,16.1,69.7,1012.7,84.9,6.7,214.35333333333335,18.459999999999997,20593,66335,1,33.1,25.1,28.2,37.6,25.1,30.4,24.1
Princes Town,2008-06-08,78.6,0.0,15.0,69.3,1012.4,88.3,8.0,209.26000000000002,18.086666666666666,20600,66352,0,32.3,25.1,28.2,37.3,25.1,30.8,23.8
Princes Town,2008-06-09,72.9,0.0,16.1,71.1,1013.0,85.4,7.8,219.33333333333334,18.913333333333334,20607,66368,0,33.1,24.8,28.5,36.5,24.8,30.7,22.8
Princes Town,2008-06-10,71.7,0.0,11.4,86.9,1013.1,82.2,7.1,208.02,17.946666666666665,20615,66383,0,33.8,24.1,28.5,37.7,24.1,30.6,22.6
Princes Town,2008-06-11,75.2,2.0065999999999997,13.9,69.9,1012.0,78.6,7.2,204.66666666666666,17.64,20624,66399,1,34.1,23.1,27.6,36.6,23.1,28.8,22.2
Princes Town,2008-06-12,81.9,9.0932,17.2,64.8,1011.8,88.8,7.0,218.96666666666667,18.86,20633,66415,1,32.1,25.1,28.1,39.3,25.1,31.0,24.5
Princes Town,2008-06-13,82.6,13.0048,13.9,87.7,1012.4,70.0,7.5,196.84,16.98,20643,66430,1,32.1,25.1,27.8,37.3,25.1,30.4,24.3
Princes Town,2008-06-14,75.0,0.0,18.3,61.2,1012.3,57.5,7.7,218.26000000000002,18.779999999999998,20653,66445,0,33.1,25.7,28.6,36.2,25.7,31.0,23.3
Princes Town,2008-06-15,72.2,0.0,16.1,74.7,1012.9,49.2,7.4,184.2133333333333,15.933333333333334,20663,66460,0,33.1,25.1,28.4,36.2,25.1,30.6,22.6
Princes Town,2008-06-16,71.6,0.0,18.3,61.2,1014.2,59.2,7.7,199.92666666666668,17.253333333333334,20674,66475,0,32.8,25.1,28.4,36.5,25.1,30.5,22.4
Princes Town,2008-06-17,70.9,0.0,18.3,58.3,1013.3,90.0,7.6,199.44666666666666,17.226666666666667,20686,66489,0,33.1,26.1,28.9,39.4,26.1,32.2,22.9
Princes Town,2008-06-18,69.4,0.0,20.8,53.3,1012.2,83.3,7.2,183.56,15.833333333333334,20698,66503,0,33.3,26.6,29.3,37.3,26.6,32.5,22.8
Princes Town,2008-06-19,76.0,0.9905999999999999,16.1,57.8,1011.8,83.8,6.8,188.23333333333332,16.293333333333333,20710,66517,1,32.8,25.1,28.6,38.1,25.1,31.4,23.7
Princes Town,2008-06-20,92.3,66.0146,17.2,58.8,1013.0,91.3,4.9,189.28,16.366666666666667,20723,66530,1,30.1,23.8,25.3,36.3,23.8,25.9,23.9
Princes Town,2008-06-21,81.0,4.495799999999999,20.8,71.7,1012.6,80.0,5.7,205.94666666666666,17.813333333333333,20736,66543,1,31.2,24.7,27.4,35.8,24.7,29.9,23.8
Princes Town,2008-06-22,77.3,0.0,19.5,64.8,1012.1,74.6,7.8,212.25333333333336,18.32,20749,66555,0,33.1,24.6,28.2,38.2,24.6,30.7,23.6
Princes Town,2008-06-23,83.2,10.1854,17.2,80.1,1012.6,90.4,7.5,197.85333333333335,17.073333333333334,20763,66567,1,32.2,25.1,27.4,38.6,25.1,29.7,24.2
Princes Town,2008-06-24,84.9,18.4912,18.3,77.0,1013.2,89.6,5.9,207.2866666666667,17.92,20777,66579,1,31.7,24.3,27.2,36.7,24.3,29.1,24.3
Princes Town,2008-06-25,93.6,13.9954,11.4,77.4,1013.6,91.4,5.9,207.33333333333334,17.886666666666667,20791,66590,1,27.1,24.1,25.2,30.8,24.1,25.4,24.1
Princes Town,2008-06-26,83.7,4.0893999999999995,18.3,79.3,1012.6,92.1,7.1,214.8,18.506666666666668,20805,66600,1,31.1,25.8,27.5,36.7,25.8,30.6,24.4
Princes Town,2008-06-27,80.2,7.899399999999999,16.1,75.4,1013.1,76.3,7.0,205.86,17.746666666666666,20820,66610,1,32.1,24.7,27.9,38.1,24.7,30.6,24.1
Princes Town,2008-06-28,86.4,7.086600000000001,11.4,84.9,1014.6,85.4,7.3,205.93333333333334,17.773333333333333,20834,66620,1,31.1,24.7,26.8,37.9,24.7,28.7,24.2
Princes Town,2008-06-29,76.2,0.3048,18.3,83.6,1015.0,63.9,8.1,190.92666666666668,16.513333333333332,20849,66629,1,32.1,24.8,28.0,36.9,24.8,30.3,23.2
Princes Town,2008-06-30,84.1,4.0893999999999995,17.2,79.0,1013.7,66.8,6.8,182.7866666666667,15.753333333333334,20864,66637,1,30.1,24.6,26.8,35.2,24.6,28.6,23.8
Princes Town,2008-07-01,84.8,5.08,10.3,77.4,1012.5,85.0,6.8,180.69333333333333,15.58,20879,66645,1,31.1,24.1,26.6,36.7,24.1,28.3,23.7
Princes Town,2008-07-02,85.1,10.8966,12.8,83.4,1013.2,78.8,7.2,221.04,19.053333333333335,20895,66652,1,31.1,24.1,27.4,39.3,24.1,30.6,24.6
Princes Town,2008-07-03,85.4,8.102599999999999,17.2,80.6,1014.0,72.9,6.7,220.37333333333333,19.02,20910,66658,1,33.1,25.1,27.4,39.4,25.1,29.7,24.6
Princes Town,2008-07-04,73.8,0.0,13.9,70.0,1014.1,52.5,7.3,201.34,17.38,20925,66664,0,32.2,24.1,28.1,35.9,24.1,29.7,22.5
Princes Town,2008-07-05,76.7,0.0,21.9,77.8,1013.3,59.2,7.9,199.24666666666664,17.186666666666667,20941,66669,0,33.1,23.1,27.3,37.2,23.1,29.2,22.6
Princes Town,2008-07-06,77.1,2.9972,15.0,56.4,1013.4,47.5,7.6,190.1,16.386666666666667,20956,66674,1,32.6,23.1,27.6,36.9,23.1,29.9,22.9
Princes Town,2008-07-07,74.8,0.0,12.8,59.5,1013.1,38.8,7.6,222.82000000000002,19.279999999999998,20971,66678,0,33.1,24.2,28.2,37.2,24.2,30.6,23.0
Princes Town,2008-07-08,77.8,0.7874,15.0,79.6,1012.7,59.2,7.5,205.08666666666667,17.673333333333336,20986,66681,1,33.1,25.1,28.0,38.2,25.1,30.2,23.4
Princes Town,2008-07-09,78.5,0.0,12.8,70.5,1012.8,46.9,7.9,189.58666666666667,16.37333333333333,21001,66683,0,33.1,24.7,28.3,39.4,24.7,31.1,23.9
Princes Town,2008-07-10,94.1,63.093599999999995,10.3,73.8,1013.8,83.8,5.9,202.18666666666667,17.433333333333334,21016,66684,1,26.8,24.1,25.4,30.2,24.1,25.6,24.4
Princes Town,2008-07-11,80.7,2.0065999999999997,13.9,71.4,1014.5,90.0,5.9,204.48666666666668,17.60666666666667,21031,66685,1,32.1,25.3,28.3,38.1,25.3,31.5,24.4
Princes Town,2008-07-12,77.1,0.9905999999999999,16.1,73.9,1014.2,78.8,8.0,192.93333333333334,16.606666666666666,21046,66685,1,33.1,24.1,28.2,38.2,24.1,30.8,23.4
Princes Town,2008-07-13,89.5,37.795199999999994,11.4,46.0,1011.8,91.7,6.9,199.44666666666666,17.2,21061,66684,1,31.1,24.1,25.9,35.6,24.1,26.9,23.9
Princes Town,2008-07-14,93.3,13.208,16.1,67.9,1011.4,90.4,6.5,205.69333333333333,17.8,21075,66683,1,27.3,24.1,25.4,31.3,24.1,25.9,24.3
Princes Town,2008-07-15,87.1,14.909799999999999,12.8,65.6,1013.0,80.4,6.8,187.42666666666668,16.186666666666667,21089,66680,1,32.1,25.1,26.9,38.2,25.1,28.7,24.4
Princes Town,2008-07-16,84.7,0.0,11.4,265.0,1013.0,77.7,7.7,207.59333333333333,17.873333333333335,21103,66677,0,30.1,23.7,26.7,35.2,23.7,28.6,23.7
Princes Town,2008-07-17,88.6,2.0065999999999997,10.3,107.7,1013.1,90.4,7.2,196.28,16.92,21117,66673,1,28.6,24.1,25.6,32.6,24.1,26.3,23.5
Princes Town,2008-07-18,81.9,0.0,16.1,73.8,1013.4,74.2,8.4,217.0,18.773333333333333,21130,66668,0,32.2,23.1,26.7,36.5,23.1,28.3,23.1
Princes Town,2008-07-19,91.2,12.6746,17.2,70.8,1013.7,88.3,7.0,198.73999999999998,17.146666666666665,21144,66663,1,26.1,23.8,25.2,26.1,23.8,25.2,23.6
Princes Town,2008-07-20,83.7,4.013199999999999,15.0,74.1,1014.0,62.5,7.8,228.7866666666667,19.779999999999998,21157,66656,1,32.1,24.1,27.7,38.1,24.1,30.8,24.6
Princes Town,2008-07-21,75.5,0.0,16.1,66.1,1013.8,45.0,7.1,217.57333333333332,18.8,21169,66649,0,33.1,25.1,28.5,39.4,25.1,31.1,23.5
Princes Town,2008-07-22,75.7,0.0,16.1,79.6,1013.7,55.4,8.1,212.3,18.313333333333333,21182,66641,0,33.2,24.1,28.4,38.2,24.1,31.2,23.4
Princes Town,2008-07-23,77.2,0.3048,16.1,78.2,1013.2,50.0,8.1,216.7866666666667,18.673333333333336,21194,66632,1,33.1,24.1,28.1,38.2,24.1,30.8,23.5
Princes Town,2008-07-24,83.7,9.1694,18.3,82.7,1013.2,55.0,7.5,208.98666666666665,18.02,21205,66622,1,32.2,25.1,27.6,38.1,25.1,30.2,24.4
Princes Town,2008-07-25,75.3,11.6078,16.1,78.3,1013.9,34.2,8.0,197.78666666666666,17.09333333333333,21217,66611,1,32.6,24.1,27.9,35.7,24.1,29.6,22.6
Princes Town,2008-07-26,89.7,0.0,8.1,79.6,1013.2,72.9,5.5,226.04,19.506666666666664,21228,66600,0,30.1,24.1,25.6,36.3,24.1,26.4,23.7
Princes Town,2008-07-27,83.9,16.002,17.2,84.6,1013.1,82.5,7.0,197.92666666666668,17.053333333333335,21238,66588,1,32.1,23.8,27.2,38.1,23.8,29.6,24.1
Princes Town,2008-07-28,79.5,2.3114,12.8,92.2,1013.8,74.2,7.7,191.7866666666667,16.546666666666667,21248,66575,1,33.1,25.1,28.3,39.4,25.1,31.7,24.2
Princes Town,2008-07-29,78.0,0.0,13.9,80.7,1013.4,62.9,7.8,221.46,19.16,21258,66561,0,33.1,24.7,28.4,40.7,24.7,31.7,23.9
Princes Town,2008-07-30,86.0,3.9878,11.4,22.0,1011.6,84.2,7.0,215.01333333333332,18.526666666666664,21268,66546,1,31.2,25.1,27.2,37.5,25.1,29.6,24.6
Princes Town,2008-07-31,81.6,8.178799999999999,8.1,97.0,1011.0,64.2,6.8,217.94666666666666,18.779999999999998,21277,66530,1,32.6,22.8,27.3,39.3,22.8,30.2,23.7
Princes Town,2008-08-01,89.8,22.098,9.2,103.1,1011.9,87.5,7.3,196.84,17.013333333333332,21285,66514,1,31.1,24.7,26.2,36.7,24.7,27.2,24.3
Princes Town,2008-08-02,85.1,6.095999999999999,13.9,86.2,1011.9,74.3,8.1,187.92666666666668,16.273333333333333,21293,66497,1,32.3,24.1,27.7,39.8,24.1,31.1,24.8
Princes Town,2008-08-03,78.7,1.778,17.2,65.7,1012.0,56.3,7.3,179.79333333333335,15.479999999999999,21301,66479,1,33.1,25.3,28.7,39.4,25.3,32.4,24.4
Princes Town,2008-08-04,80.6,2.9972,15.0,62.8,1011.4,69.1,7.6,194.66666666666666,16.813333333333333,21309,66460,1,33.1,24.1,27.7,38.2,24.1,29.9,23.8
Princes Town,2008-08-05,89.4,7.112,11.4,63.9,1011.3,90.0,6.2,215.24666666666664,18.58,21316,66440,1,30.1,25.1,26.6,37.6,25.1,28.4,24.7
Princes Town,2008-08-06,84.7,13.9954,11.4,82.6,1011.9,81.1,7.6,234.08666666666664,20.220000000000002,21322,66420,1,31.2,24.1,27.4,37.9,24.1,30.2,24.4
Princes Town,2008-08-07,76.6,0.0,13.9,53.6,1011.3,64.6,5.8,212.58666666666667,18.333333333333332,21328,66399,0,34.1,25.8,29.3,42.1,25.8,33.2,24.4
Princes Town,2008-08-08,78.5,0.0,16.1,68.8,1011.3,67.1,6.3,202.65333333333334,17.473333333333336,21334,66377,0,33.1,25.1,28.6,38.2,25.1,32.1,24.3
Princes Town,2008-08-09,85.8,0.0,15.0,69.3,1012.6,90.0,6.5,207.16666666666666,17.853333333333335,21339,66355,0,32.1,25.8,27.6,39.3,25.8,31.0,24.9
Princes Town,2008-08-10,81.0,10.8966,15.0,68.5,1012.9,83.3,7.3,216.2866666666667,18.653333333333332,21344,66331,1,33.1,24.7,28.4,40.7,24.7,32.1,24.6
Princes Town,2008-08-11,79.0,0.0,11.4,78.1,1011.0,79.5,8.0,220.32666666666668,19.040000000000003,21349,66307,0,34.1,24.8,28.3,40.7,24.8,31.5,24.1
Princes Town,2008-08-12,78.3,8.889999999999999,13.9,24.7,1010.6,77.8,7.3,215.82666666666668,18.60666666666667,21353,66283,1,32.270833333333336,24.1,28.3,47.1,24.1,31.4,23.9
Princes Town,2008-08-13,83.5,0.508,11.4,315.4,1011.3,73.0,7.8,227.91333333333333,19.666666666666668,21356,66257,1,33.1,23.8,27.6,40.7,23.8,30.7,24.3
Princes Town,2008-08-14,81.6,16.3068,8.1,90.4,1012.0,48.3,8.1,201.97333333333333,17.413333333333334,21360,66231,1,34.1,23.8,27.8,40.7,23.8,30.9,24.1
Princes Town,2008-08-15,78.6,2.9972,17.9,78.2,1012.3,65.4,7.9,198.66,17.14,21362,66205,1,34.1,24.6,28.8,41.3,24.6,32.6,24.4
Princes Town,2008-08-16,74.3,0.0,12.8,84.1,1011.3,64.6,8.3,216.83333333333334,18.78666666666667,21365,66177,0,34.1,24.1,28.8,39.5,24.1,31.8,23.4
Princes Town,2008-08-17,78.2,0.0,13.9,232.7,1010.6,56.4,7.5,217.27333333333334,18.753333333333334,21367,66149,0,34.1,24.1,28.4,40.7,24.1,31.5,23.9
Princes Town,2008-08-18,78.7,2.0065999999999997,10.3,85.6,1011.4,64.6,7.8,197.82000000000002,17.073333333333334,21368,66121,1,33.3,24.7,28.7,40.7,24.7,32.3,24.3
Princes Town,2008-08-19,85.1,16.9926,10.3,20.7,1011.4,87.1,7.3,198.59333333333333,17.14,21370,66091,1,31.3,24.1,26.6,36.6,24.1,28.1,23.7
Princes Town,2008-08-20,89.0,2.5146,8.1,88.5,1010.4,86.5,6.9,185.64,16.053333333333335,21371,66062,1,32.1,24.1,26.4,39.3,24.1,28.3,24.3
Princes Town,2008-08-21,84.9,2.794,9.2,71.2,1010.2,88.1,7.8,198.69333333333333,17.233333333333334,21371,66031,1,32.1,24.1,27.2,38.1,24.1,29.4,24.2
Princes Town,2008-08-22,85.6,2.5146,5.8,22.6,1009.6,90.0,7.3,216.52,18.69333333333333,21371,66000,1,31.1,24.1,27.0,39.3,24.1,29.6,24.3
Princes Town,2008-08-23,92.9,2.9972,17.2,85.8,1009.1,90.4,6.5,186.96,16.173333333333332,21371,65969,1,30.3,24.1,25.3,37.6,24.1,26.4,24.1
Princes Town,2008-08-24,83.3,76.19999999999999,9.2,114.2,1010.4,90.0,8.3,201.84666666666666,17.44,21371,65937,1,32.1,24.1,27.6,38.1,24.1,30.7,24.3
Princes Town,2008-08-25,81.6,30.987999999999996,15.0,227.6,1012.2,85.8,6.8,215.47333333333333,18.613333333333333,21370,65905,1,33.1,23.6,27.7,39.4,23.6,30.6,24.0
Princes Town,2008-08-26,83.3,2.9972,13.9,200.8,1011.4,71.3,8.2,214.32666666666668,18.52,21369,65872,1,33.1,24.1,27.7,40.7,24.1,30.8,24.4
Princes Town,2008-08-27,87.8,52.0954,23.0,42.0,1010.5,62.5,7.0,223.25333333333336,19.259999999999998,21368,65838,1,33.1,24.1,26.4,39.8,24.1,28.1,24.1
Princes Town,2008-08-28,86.7,18.516599999999997,8.1,175.5,1009.3,71.3,7.6,218.27333333333334,18.826666666666664,21366,65805,1,31.7,23.1,26.8,38.2,23.1,29.0,24.2
Princes Town,2008-08-29,83.0,6.095999999999999,10.3,84.0,1009.5,80.8,7.9,208.46666666666667,18.040000000000003,21364,65770,1,32.1,25.7,27.8,39.1,25.7,30.5,24.4
Princes Town,2008-08-30,78.7,4.0893999999999995,12.8,100.6,1009.4,56.7,8.3,203.72,17.60666666666667,21362,65736,1,33.1,25.3,28.7,40.7,25.3,32.1,24.3
Princes Town,2008-08-31,78.6,0.0,9.2,89.5,1009.5,60.8,9.1,207.2866666666667,17.873333333333335,21359,65701,0,34.2,24.7,29.0,41.0,24.7,32.8,24.6
Princes Town,2008-09-01,75.8,0.0,11.4,125.5,1008.9,70.0,8.3,216.66,18.720000000000002,21357,65665,0,35.2,24.6,29.1,40.7,24.6,32.2,23.8
Princes Town,2008-09-02,77.1,0.0,10.3,109.1,1009.1,80.0,7.9,214.12,18.526666666666667,21354,65630,0,34.7,24.8,29.1,40.7,24.8,32.8,24.2
Princes Town,2008-09-03,77.4,0.0,11.4,99.0,1009.8,64.8,7.8,189.84,16.393333333333334,21350,65594,0,34.1,25.8,29.4,42.1,25.8,33.6,24.7
Princes Town,2008-09-04,76.6,0.3048,12.8,89.8,1010.9,46.7,8.5,206.88666666666666,17.89333333333333,21347,65557,1,34.2,26.1,29.3,40.7,26.1,33.6,24.5
Princes Town,2008-09-05,77.8,9.906,13.9,95.9,1011.9,61.3,7.9,218.22,18.86,21344,65521,1,34.1,24.7,28.6,40.6,24.7,31.4,23.9
Princes Town,2008-09-06,85.4,5.6133999999999995,9.2,78.3,1010.7,79.6,8.3,199.56,17.153333333333332,21340,65484,1,33.2,25.1,27.6,40.9,25.1,30.3,24.7
Princes Town,2008-09-07,89.6,0.0,10.3,94.1,1011.3,81.7,6.4,208.3,18.0,21336,65447,0,33.1,23.1,25.8,42.3,23.1,27.4,23.9
Princes Town,2008-09-08,80.6,78.2066,12.8,97.6,1012.6,62.9,8.0,220.10666666666665,19.0,21332,65410,1,33.1,23.1,28.4,40.7,23.1,32.6,24.5
Princes Town,2008-09-09,78.2,0.0,12.8,73.7,1013.5,52.5,8.5,220.56666666666666,19.073333333333334,21328,65372,0,34.1,25.1,28.7,40.7,25.1,32.1,24.3
Princes Town,2008-09-10,77.1,0.0,10.3,356.4,1012.7,53.3,7.6,221.02,19.066666666666666,21324,65334,0,33.2,24.1,28.6,39.3,24.1,31.9,23.9
Princes Town,2008-09-11,80.4,0.0,15.0,86.6,1012.4,77.4,7.3,224.56,19.366666666666667,21319,65297,0,34.1,25.1,28.5,42.1,25.1,32.1,24.6
Princes Town,2008-09-12,80.0,2.9972,8.1,131.6,1012.0,78.3,7.7,212.50666666666666,18.34,21315,65259,1,34.3,24.1,28.3,40.6,24.1,31.6,24.2
Princes Town,2008-09-13,81.8,11.8872,13.9,86.8,1011.3,83.0,8.1,203.20666666666665,17.540000000000003,21311,65221,1,32.3,24.8,28.2,39.5,24.8,31.8,24.6
Princes Town,2008-09-14,81.1,0.0,12.8,109.2,1011.5,64.8,8.2,226.32666666666668,19.566666666666666,21306,65182,0,33.1,25.1,28.1,39.4,25.1,31.1,24.3
Princes Town,2008-09-15,83.0,0.0,11.4,105.3,1011.9,61.3,8.0,220.42666666666668,19.09333333333333,21302,65144,0,34.1,24.1,27.8,42.0,24.1,30.2,24.3
Princes Town,2008-09-16,78.2,0.0,11.4,93.2,1012.5,83.3,8.0,214.72666666666666,18.52,21297,65106,0,34.2,25.1,29.1,40.7,25.1,32.9,24.5
Princes Town,2008-09-17,84.2,0.508,9.2,79.5,1012.1,88.2,8.0,186.08666666666667,16.12,21293,65068,1,32.1,25.1,27.8,39.3,25.1,31.1,24.8
Princes Town,2008-09-18,79.6,11.7094,8.1,48.1,1010.7,88.3,8.8,192.48666666666668,16.64,21288,65029,1,32.1,24.1,27.3,36.9,24.1,29.0,23.1
Princes Town,2008-09-19,85.7,0.0,6.9,81.2,1010.5,91.3,8.4,208.34,18.0,21284,64991,0,30.1,25.1,26.8,35.2,25.1,28.7,24.1
Princes Town,2008-09-20,84.8,5.6133999999999995,9.2,79.0,1012.0,90.4,7.4,209.92666666666668,18.14,21279,64953,1,33.1,24.1,27.5,40.7,24.1,30.6,24.6
Princes Town,2008-09-21,81.2,0.0,11.4,88.2,1012.9,85.0,7.0,201.86,17.433333333333334,21275,64915,0,33.1,25.8,28.7,40.8,25.8,32.6,24.9
Princes Town,2008-09-22,81.8,4.5973999999999995,10.3,77.4,1012.4,85.0,7.3,192.45333333333335,16.673333333333332,21271,64877,1,32.2,25.6,28.3,40.8,25.6,31.7,24.8
Princes Town,2008-09-23,86.1,56.896,11.4,86.2,1010.5,64.6,8.7,204.72666666666666,17.71333333333333,21267,64839,1,34.1,23.7,26.7,41.7,23.7,28.7,23.9
Princes Town,2008-09-24,82.7,6.095999999999999,9.2,138.6,1010.3,81.7,9.1,206.12,17.8,21263,64801,1,33.1,23.6,27.6,40.7,23.6,30.8,24.2
Princes Town,2008-09-25,79.0,0.0,10.3,97.7,1011.5,81.7,8.9,210.56666666666666,18.186666666666667,21259,64763,0,33.1,24.1,27.9,39.4,24.1,30.7,23.7
Princes Town,2008-09-26,76.1,0.0,11.4,90.4,1011.6,76.3,8.7,205.72,17.766666666666666,21255,64726,0,34.1,25.1,29.4,40.7,25.1,33.3,24.4
Princes Town,2008-09-27,85.4,4.013199999999999,13.9,69.5,1011.2,76.4,7.2,202.58666666666667,17.52,21252,64689,1,32.1,24.1,26.9,39.3,24.1,28.9,24.1
Princes Town,2008-09-28,84.5,11.2014,10.3,56.9,1010.8,77.1,7.8,219.12,18.9,21248,64652,1,33.2,23.1,27.1,39.7,23.1,29.6,24.1
Princes Town,2008-09-29,82.2,2.4892,6.9,88.4,1011.2,70.4,9.1,214.77333333333334,18.56,21245,64615,1,35.1,23.1,27.8,42.1,23.1,31.3,24.2
Princes Town,2008-09-30,77.2,0.0,9.2,91.0,1011.8,89.6,9.5,186.40666666666667,16.106666666666666,21243,64578,0,34.7,25.1,29.3,42.1,25.1,33.3,24.5
Princes Town,2008-10-01,77.6,0.0,11.4,82.1,1011.3,80.9,8.0,207.6,17.966666666666665,21240,64542,0,34.1,24.1,29.1,40.7,24.1,32.7,24.3
Princes Town,2008-10-02,77.4,0.9905999999999999,11.4,53.7,1010.3,84.3,7.8,195.30666666666667,16.853333333333335,21238,64506,1,35.1,24.8,29.4,42.1,24.8,33.7,24.7
Princes Town,2008-10-03,83.4,5.08,15.0,74.6,1010.4,90.0,7.3,194.78,16.88,21236,64471,1,33.1,24.1,27.1,38.2,24.1,28.6,23.7
Princes Town,2008-10-04,83.8,0.7874,10.3,68.6,1009.9,80.8,8.6,200.36666666666667,17.353333333333335,21234,64435,1,32.1,23.8,27.6,38.4,23.8,30.6,24.4
Princes Town,2008-10-05,79.0,0.0,9.2,100.4,1010.0,50.0,8.9,186.27333333333334,16.133333333333333,21233,64401,0,34.1,23.1,28.6,43.7,23.1,32.7,24.3
Princes Town,2008-10-06,86.0,7.899399999999999,9.2,91.9,1010.4,78.3,7.4,177.39333333333335,15.333333333333334,21232,64366,1,33.1,25.2,27.7,44.0,25.2,30.4,25.0
Princes Town,2008-10-07,84.3,4.0893999999999995,9.2,91.0,1011.4,84.8,7.9,196.55333333333334,17.0,21231,64332,1,34.1,25.8,28.3,43.7,25.8,32.1,25.3
Princes Town,2008-10-08,84.6,22.098,11.4,252.6,1012.3,76.7,7.2,185.00666666666666,16.0,21231,64299,1,32.1,25.1,27.4,40.8,25.1,30.2,24.4
Princes Town,2008-10-09,89.6,38.099999999999994,13.9,157.3,1011.1,90.0,7.1,190.38,16.426666666666666,21231,64266,1,31.6,24.3,26.3,37.9,24.3,27.4,24.3
Princes Town,2008-10-10,91.3,10.8966,10.3,218.4,1009.1,90.8,6.8,189.80666666666667,16.34,21231,64233,1,29.1,23.7,25.6,33.7,23.7,26.4,24.0
Princes Town,2008-10-11,86.4,5.6133999999999995,11.4,111.4,1009.0,90.0,7.6,200.69333333333333,17.366666666666667,21232,64201,1,31.1,23.8,25.7,36.7,23.8,26.8,23.2
Princes Town,2008-10-12,82.5,2.0065999999999997,13.9,78.1,1010.3,90.0,7.7,207.33333333333334,17.913333333333334,21234,64170,1,32.1,23.1,27.2,36.9,23.1,29.8,23.7
Princes Town,2008-10-13,80.3,0.0,10.3,100.9,1008.8,85.4,8.2,204.66,17.64,21236,64139,0,33.6,25.1,28.6,39.8,25.1,32.0,24.5
Princes Town,2008-10-14,80.2,0.0,11.4,91.5,1007.9,90.0,8.7,194.55333333333334,16.806666666666665,21238,64109,0,33.1,24.7,28.6,44.0,24.7,32.4,24.6
Princes Town,2008-10-15,86.3,6.095999999999999,8.1,130.0,1010.7,90.0,8.4,201.80666666666667,17.426666666666666,21241,64079,1,32.1,24.1,27.1,39.3,24.1,29.8,24.4
Princes Town,2008-10-16,79.0,0.0,11.4,73.3,1012.6,83.0,7.1,205.82666666666668,17.753333333333334,21244,64050,0,34.7,24.7,28.6,42.3,24.7,32.1,24.2
Princes Town,2008-10-17,84.4,0.0,13.9,83.9,1013.5,52.9,7.5,183.88,15.893333333333334,21248,64022,0,33.1,25.1,27.5,40.7,25.1,30.2,24.4
Princes Town,2008-10-18,78.5,2.3114,13.9,80.0,1012.0,83.8,8.1,176.84666666666666,15.293333333333333,21252,63994,1,33.1,23.8,28.2,38.8,23.8,30.9,23.7
Princes Town,2008-10-19,92.8,51.308,8.1,63.1,1011.1,79.6,7.2,173.24666666666664,14.933333333333334,21257,63967,1,30.1,24.1,25.9,37.6,24.1,27.3,24.7
Princes Town,2008-10-20,81.6,0.0,9.2,96.4,1012.1,53.8,8.7,188.51333333333332,16.279999999999998,21263,63941,0,34.1,24.1,28.2,42.1,24.1,31.8,24.6
Princes Town,2008-10-21,87.3,0.0,11.4,64.6,1011.8,71.3,8.0,197.66,17.046666666666667,21269,63916,0,32.1,24.1,27.1,39.3,24.1,30.1,24.7
Princes Town,2008-10-22,88.8,27.914599999999997,9.2,109.5,1011.1,80.4,6.7,193.70666666666665,16.706666666666667,21276,63891,1,31.1,24.1,26.5,37.9,24.1,28.1,24.4
Princes Town,2008-10-23,95.4,5.6133999999999995,10.3,70.0,1011.1,87.1,6.2,199.40666666666667,17.28666666666667,21283,63867,1,27.1,24.1,24.9,30.8,24.1,25.3,24.2
Princes Town,2008-10-24,85.3,13.9954,8.1,22.9,1011.4,72.4,7.5,193.19333333333333,16.72,21291,63844,1,34.1,23.1,26.7,39.5,23.1,28.5,23.8
Princes Town,2008-10-25,87.9,0.0,11.4,52.6,1011.3,70.9,8.5,184.02666666666667,15.92,21299,63822,0,31.2,23.1,25.9,37.9,23.1,27.1,23.6
Princes Town,2008-10-26,83.0,0.0,13.9,67.1,1011.6,90.0,7.7,162.55333333333334,14.033333333333333,21308,63801,0,31.1,23.7,26.9,36.7,23.7,29.2,23.7
Princes Town,2008-10-27,80.3,0.9905999999999999,11.4,80.9,1012.2,62.1,7.9,178.85333333333335,15.473333333333333,21318,63780,1,33.1,24.1,27.6,37.2,24.1,29.6,23.5
Princes Town,2008-10-28,79.5,0.0,12.8,70.8,1011.6,41.7,7.7,189.16666666666666,16.279999999999998,21329,63760,0,33.1,23.7,27.9,38.2,23.7,30.6,23.8
Princes Town,2008-10-29,82.8,8.2042,12.8,73.1,1011.0,51.7,7.3,190.05333333333334,16.48,21340,63742,1,34.1,23.1,27.3,40.7,23.1,29.6,23.8
Princes Town,2008-10-30,84.4,24.104599999999998,15.0,58.3,1011.1,65.0,6.9,181.78,15.666666666666666,21351,63724,1,31.1,24.1,27.0,37.9,24.1,29.1,24.0
Princes Town,2008-10-31,83.8,0.7874,12.8,77.4,1011.0,47.5,8.2,191.97333333333333,16.606666666666666,21364,63707,1,32.2,23.8,27.2,38.2,23.8,29.5,24.0
Princes Town,2008-11-01,84.9,2.0065999999999997,11.4,86.7,1010.5,66.7,7.3,187.39333333333335,16.2,21377,63691,1,32.1,24.1,26.9,38.1,24.1,28.9,24.0
Princes Town,2008-11-02,81.6,0.9905999999999999,11.4,96.3,1011.3,40.4,8.4,169.52,14.613333333333333,21391,63676,1,32.1,24.1,27.7,39.3,24.1,30.5,24.0
Princes Town,2008-11-03,77.1,0.0,10.3,85.1,1012.3,39.6,9.3,193.53333333333333,16.720000000000002,21405,63662,0,33.1,24.1,28.0,38.2,24.1,30.2,23.2
Princes Town,2008-11-04,77.3,0.0,11.4,85.9,1011.8,32.1,9.1,183.44666666666666,15.853333333333333,21420,63649,0,33.1,23.1,27.7,38.2,23.1,29.8,22.9
Princes Town,2008-11-05,82.7,11.9126,9.2,90.7,1011.5,43.3,8.4,179.57333333333332,15.533333333333333,21436,63637,1,33.2,23.1,27.2,39.3,23.1,29.3,23.7
Princes Town,2008-11-06,83.7,0.9905999999999999,10.3,97.0,1011.1,56.3,8.3,170.84666666666666,14.753333333333334,21453,63626,1,34.1,23.1,27.4,40.7,23.1,30.3,24.2
Princes Town,2008-11-07,83.2,10.8966,11.4,56.4,1010.2,63.3,7.7,193.63333333333333,16.713333333333335,21470,63616,1,33.2,23.1,27.0,38.7,23.1,29.4,23.7
Princes Town,2008-11-08,82.7,0.9905999999999999,9.2,47.2,1009.6,51.3,7.8,174.9,15.113333333333333,21488,63607,1,34.1,23.1,27.3,44.3,23.1,29.7,23.7
Princes Town,2008-11-09,80.4,0.9905999999999999,13.9,64.4,1010.2,32.1,8.3,160.72,13.853333333333333,21506,63599,1,34.1,22.8,27.6,39.5,22.8,30.3,23.6
Princes Town,2008-11-10,83.0,7.899399999999999,12.8,109.2,1010.3,45.0,9.3,151.13333333333333,13.020000000000001,21525,63593,1,33.1,23.1,27.1,39.4,23.1,29.1,23.7
Princes Town,2008-11-11,80.0,0.0,9.2,105.9,1009.7,45.8,8.2,178.40666666666667,15.419999999999998,21545,63587,0,33.1,24.1,27.4,38.2,24.1,29.7,23.3
Princes Town,2008-11-12,82.1,0.9905999999999999,17.2,79.8,1009.0,66.3,7.4,178.55333333333334,15.433333333333334,21566,63582,1,32.1,23.7,26.9,39.3,23.7,29.1,23.4
Princes Town,2008-11-13,79.7,0.0,13.9,91.4,1008.7,72.5,8.0,173.64,15.013333333333332,21587,63578,0,32.1,23.8,27.1,38.1,23.8,28.9,23.1
Princes Town,2008-11-14,86.3,24.180799999999998,15.0,71.7,1008.0,60.1,7.2,168.92000000000002,14.613333333333335,21609,63576,1,31.2,24.1,26.4,37.9,24.1,27.9,23.9
Princes Town,2008-11-15,92.3,16.2306,11.4,64.2,1008.4,89.2,7.5,179.62666666666667,15.486666666666668,21631,63574,1,27.1,23.7,25.3,30.2,23.7,25.6,23.9
Princes Town,2008-11-16,90.1,9.398,24.2,119.5,1009.4,91.7,7.1,195.67333333333332,16.913333333333334,21654,63574,1,29.1,24.2,26.1,34.7,24.2,27.4,24.3
Princes Town,2008-11-17,84.2,0.508,11.4,90.9,1009.2,86.5,7.3,184.12666666666667,15.906666666666666,21678,63575,1,32.1,23.1,26.8,39.3,23.1,28.9,23.7
Princes Town,2008-11-18,85.8,0.7874,9.2,92.7,1008.9,88.8,7.9,185.2866666666667,16.04,21702,63577,1,31.1,23.1,26.3,36.7,23.1,27.7,23.6
Princes Town,2008-11-19,87.1,0.9905999999999999,9.2,104.0,1008.3,72.9,8.3,196.6,16.993333333333332,21727,63579,1,32.1,23.6,26.2,38.1,23.6,28.2,23.8
Princes Town,2008-11-20,84.4,9.906,11.4,78.0,1009.1,83.3,8.1,192.20666666666665,16.646666666666665,21752,63583,1,30.1,24.1,26.7,35.2,24.1,28.6,23.8
Princes Town,2008-11-21,83.2,0.0,13.9,76.8,1010.7,86.5,7.9,190.5,16.5,21778,63588,0,31.1,24.6,27.1,36.7,24.6,29.2,23.8
Princes Town,2008-11-22,78.9,0.0,13.9,83.6,1011.1,65.8,8.1,171.72666666666666,14.833333333333334,21805,63594,0,32.1,25.1,28.2,38.1,25.1,31.0,24.1
Princes Town,2008-11-23,77.9,0.0,9.2,77.7,1010.3,69.2,7.9,160.92666666666668,13.873333333333333,21832,63601,0,33.1,24.1,28.1,38.2,24.1,30.7,23.6
Princes Town,2008-11-24,83.1,7.112,13.9,61.0,1009.9,72.9,7.4,154.43333333333334,13.32,21859,63610,1,33.1,23.8,27.2,39.4,23.8,29.3,23.8
Princes Town,2008-11-25,76.0,0.508,11.4,23.6,1009.7,62.5,8.2,163.53333333333333,14.126666666666667,21887,63619,1,33.1,23.8,27.8,37.2,23.8,29.8,22.8
Princes Town,2008-11-26,82.1,7.112,16.1,68.4,1010.7,82.5,7.4,165.6,14.34,21916,63629,1,31.1,24.7,27.2,36.7,24.7,29.4,23.7
Princes Town,2008-11-27,80.9,0.0,9.2,104.2,1011.5,86.7,7.7,154.67999999999998,13.34,21944,63640,0,34.1,24.1,27.1,36.6,24.1,28.4,23.1
Princes Town,2008-11-28,78.4,0.0,12.8,61.5,1010.5,80.0,8.2,175.19333333333333,15.166666666666666,21974,63653,0,30.8,24.1,27.1,36.2,24.1,28.7,22.8
Princes Town,2008-11-29,88.3,16.002,11.4,30.5,1011.0,75.8,6.2,183.02,15.833333333333334,22003,63666,1,30.1,24.1,25.7,36.3,24.1,26.7,23.6
Princes Town,2008-11-30,82.7,4.0893999999999995,9.2,88.0,1011.5,83.8,8.0,167.22,14.479999999999999,22033,63680,1,32.1,24.1,27.2,36.9,24.1,29.4,23.8
Princes Town,2008-12-01,85.9,1.778,11.4,69.3,1013.4,82.9,7.2,173.16666666666666,14.96,22063,63695,1,32.8,24.1,27.0,38.9,24.1,29.1,24.2
Princes Town,2008-12-02,78.7,6.095999999999999,16.1,76.6,1013.0,68.3,7.3,179.17999999999998,15.533333333333333,22094,63711,1,33.1,24.1,27.4,37.2,24.1,29.0,22.9
Princes Town,2008-12-03,77.0,0.0,12.8,92.0,1011.5,47.1,7.9,167.67333333333332,14.413333333333332,22125,63729,0,32.1,21.1,26.4,35.9,21.1,27.6,21.6
Princes Town,2008-12-04,76.2,0.0,12.8,60.8,1010.9,47.0,8.4,165.03333333333333,14.233333333333333,22156,63747,0,31.1,21.7,26.5,34.7,21.7,27.7,21.6
Princes Town,2008-12-05,84.4,9.194799999999999,11.4,138.3,1011.8,85.4,7.1,185.76000000000002,16.046666666666667,22187,63765,1,30.1,24.3,26.1,33.4,24.3,27.1,23.1
Princes Town,2008-12-06,87.0,0.508,8.1,75.5,1012.4,86.5,7.5,193.32000000000002,16.71333333333333,22218,63785,1,30.1,24.1,26.2,35.2,24.1,27.7,23.8
Princes Town,2008-12-07,91.7,9.8806,8.1,64.2,1013.1,87.1,5.9,163.80666666666667,14.206666666666667,22250,63806,1,30.1,24.1,25.7,35.3,24.1,26.8,24.1
Princes Town,2008-12-08,77.9,0.3048,12.8,10.6,1013.5,78.3,8.3,159.80666666666667,13.826666666666666,22282,63827,1,31.1,22.8,26.4,33.8,22.8,27.5,21.9
Princes Town,2008-12-09,78.0,0.3048,15.0,70.6,1013.0,53.9,9.0,171.50666666666666,14.853333333333333,22313,63850,1,31.1,21.1,25.7,35.6,21.1,26.7,21.3
Princes Town,2008-12-10,72.1,0.9905999999999999,9.2,35.5,1011.2,50.4,9.0,179.23333333333332,15.513333333333332,22345,63873,1,32.1,22.1,26.4,33.8,22.1,27.3,20.6
Princes Town,2008-12-11,76.9,0.0,15.0,76.5,1010.1,52.9,8.9,177.27333333333334,15.353333333333333,22377,63896,0,32.1,21.1,26.4,35.9,21.1,27.7,21.6
Princes Town,2008-12-12,78.7,0.0,12.8,81.5,1010.2,53.8,8.2,173.02666666666667,14.993333333333334,22409,63921,0,33.1,22.1,26.9,38.2,22.1,28.7,22.5
Princes Town,2008-12-13,77.3,0.0,11.4,85.4,1010.8,44.2,8.1,170.87333333333333,14.766666666666667,22440,63946,0,32.3,22.1,26.8,35.9,22.1,28.3,22.1
Princes Town,2008-12-14,79.8,0.9905999999999999,10.3,29.7,1012.0,79.6,8.1,185.48,16.04,22472,63972,1,31.8,22.1,26.5,36.8,22.1,28.4,22.5
Princes Town,2008-12-15,87.0,2.5146,18.3,69.8,1011.6,83.3,7.2,197.0533333333333,17.046666666666667,22503,63999,1,31.1,23.1,25.7,35.9,23.1,27.2,23.2
Princes Town,2008-12-16,83.9,0.0,9.2,65.6,1009.9,76.3,6.8,195.19333333333333,16.866666666666667,22535,64026,0,30.1,22.8,26.0,35.2,22.8,27.6,22.9
Princes Town,2008-12-17,85.6,4.3942,5.8,70.7,1010.1,86.5,6.8,193.41333333333333,16.686666666666667,22566,64053,1,29.1,23.1,25.3,31.8,23.1,25.8,22.6
Princes Town,2008-12-18,84.8,2.0065999999999997,12.8,160.5,1010.6,79.6,7.0,194.24666666666664,16.8,22597,64082,1,30.6,23.1,25.9,34.6,23.1,27.1,22.9
Princes Town,2008-12-19,90.5,16.281399999999998,11.4,6.3,1010.9,91.7,6.4,187.10666666666665,16.18,22627,64110,1,31.1,23.1,24.9,35.6,23.1,25.6,23.2
Princes Town,2008-12-20,91.5,7.899399999999999,6.9,169.7,1009.9,85.7,5.7,194.5,16.8,22658,64140,1,31.1,23.1,25.1,35.6,23.1,25.6,23.4
Princes Town,2008-12-21,78.5,14.706599999999998,11.4,61.2,1010.2,60.7,7.1,181.61333333333332,15.706666666666667,22688,64169,1,32.1,23.1,26.8,38.1,23.1,28.1,22.3
Princes Town,2008-12-22,75.8,0.0,16.1,54.3,1011.8,64.6,7.7,188.28,16.246666666666666,22717,64200,0,31.1,22.8,26.8,34.7,22.8,28.3,21.8
Princes Town,2008-12-23,68.8,0.0,17.2,66.0,1012.9,41.7,8.9,190.60666666666665,16.493333333333332,22747,64230,0,32.1,23.1,27.0,35.0,23.1,27.9,20.4
Princes Town,2008-12-24,77.5,0.0,18.3,67.8,1012.1,49.6,7.7,181.38,15.673333333333334,22775,64261,0,32.1,22.1,26.8,35.9,22.1,28.3,22.2
Princes Town,2008-12-25,72.3,0.0,18.3,63.0,1011.8,44.2,7.9,198.35333333333335,17.18,22804,64292,0,32.1,24.1,27.4,35.9,24.1,28.8,21.7
Princes Town,2008-12-26,81.2,7.899399999999999,20.8,64.1,1011.4,77.9,6.1,199.25333333333336,17.240000000000002,22831,64324,1,30.1,23.1,25.8,33.4,23.1,26.7,22.2
Princes Town,2008-12-27,78.3,0.0,13.9,58.3,1010.9,53.3,8.3,203.98666666666668,17.66,22859,64355,0,32.1,22.1,26.1,35.9,22.1,27.3,21.8
Princes Town,2008-12-28,79.1,1.2953999999999999,16.1,68.7,1011.1,63.3,8.1,197.17333333333332,17.053333333333335,22885,64387,1,31.1,22.1,26.1,34.7,22.1,27.3,21.9
Princes Town,2008-12-29,79.1,2.0065999999999997,15.0,63.1,1011.7,80.0,6.7,181.35333333333335,15.7,22912,64420,1,30.6,23.1,26.3,34.3,23.1,27.7,22.3
Princes Town,2008-12-30,77.3,0.0,12.8,61.2,1011.4,79.6,8.5,178.02666666666667,15.426666666666668,22937,64452,0,29.1,22.3,25.8,31.4,22.3,26.6,21.3
Princes Town,2008-12-31,79.2,0.0,13.9,78.6,1011.6,75.0,8.1,193.76000000000002,16.82,22962,64484,0,31.1,21.8,25.7,34.7,21.8,26.8,21.5
Princes Town,2009-01-01,91.3,7.086600000000001,11.4,30.0,1011.6,85.4,6.2,188.91875,16.31875,22985,64516,1,30.1,23.1,25.0,35.2,23.1,25.5,23.4
Princes Town,2009-01-02,89.6,3.9878,15.0,91.6,1011.5,63.8,6.6,200.6,17.3375,23009,64548,1,30.1,23.1,25.8,35.9,23.1,27.2,23.9
Princes Town,2009-01-03,85.4,0.9905999999999999,17.2,72.5,1011.3,75.8,7.6,206.85625,17.90625,23031,64581,1,31.1,23.1,26.8,36.7,23.1,29.5,24.0
Princes Town,2009-01-04,78.0,0.3048,17.2,67.3,1011.9,71.7,7.6,198.2125,17.16875,23053,64613,1,31.1,24.7,27.2,35.7,24.7,28.7,22.8
Princes Town,2009-01-05,82.0,0.0,15.0,68.9,1012.3,77.6,7.6,190.6875,16.5,23075,64646,0,31.1,23.1,26.4,35.6,23.1,28.0,22.9
Princes Town,2009-01-06,76.3,0.0,17.2,66.8,1011.7,75.0,7.2,184.79375,15.975,23095,64678,0,31.2,25.1,27.7,35.6,25.1,29.6,22.9
Princes Town,2009-01-07,73.0,0.0,16.1,72.3,1012.2,43.2,7.2,182.93125,15.8125,23115,64710,0,31.2,23.6,27.4,34.2,23.6,28.7,21.8
Princes Town,2009-01-08,73.4,0.0,11.4,80.8,1011.9,39.1,8.3,195.9375,16.975,23133,64742,0,32.1,23.1,27.1,35.9,23.1,28.4,21.6
Princes Town,2009-01-09,76.6,0.0,13.9,73.3,1013.1,50.4,7.9,191.7,16.5625,23151,64774,0,31.1,21.7,26.5,34.7,21.7,28.0,21.7
Princes Town,2009-01-10,78.2,2.9972,18.3,66.3,1013.6,62.5,7.4,200.13125,17.275,23168,64806,1,31.1,23.8,26.7,34.7,23.8,28.2,22.4
Princes Town,2009-01-11,77.1,2.0065999999999997,16.1,67.4,1013.6,50.4,7.3,210.7875,18.23125,23184,64837,1,29.1,23.7,25.9,31.9,23.7,26.6,21.4
Princes Town,2009-01-12,76.6,4.5973999999999995,18.3,77.4,1013.6,48.8,7.7,204.53125,17.70625,23200,64869,1,30.1,21.1,25.6,32.0,21.1,26.4,20.9
Princes Town,2009-01-13,74.2,2.0065999999999997,20.8,65.7,1013.7,39.6,8.0,204.8625,17.7375,23214,64900,1,31.1,22.1,26.5,33.8,22.1,27.6,21.2
Princes Town,2009-01-14,83.1,16.205199999999998,18.3,68.2,1014.1,68.3,6.9,211.31875,18.2875,23227,64930,1,30.2,23.1,25.4,33.0,23.1,26.2,22.2
Princes Town,2009-01-15,74.2,0.0,16.1,75.0,1013.3,73.8,8.1,205.8375,17.8125,23239,64960,0,31.1,23.1,26.4,33.7,23.1,27.2,21.1
Princes Town,2009-01-16,80.7,0.0,9.2,104.2,1013.1,43.0,8.3,205.05625,17.7,23251,64990,0,31.6,21.1,25.6,35.6,21.1,26.9,21.8
Princes Town,2009-01-17,90.3,16.3068,11.4,54.5,1013.9,65.8,6.8,209.99375,18.1625,23261,65020,1,29.1,23.1,25.3,33.7,23.1,26.2,23.6
Princes Town,2009-01-18,83.3,5.1054,18.3,71.8,1013.8,64.8,7.7,215.1875,18.6125,23270,65049,1,31.1,23.1,26.3,35.6,23.1,27.9,23.1
Princes Town,2009-01-19,79.4,0.0,17.2,80.6,1013.1,59.6,8.4,213.30625,18.4375,23279,65077,0,31.1,23.7,26.9,35.6,23.7,28.8,22.8
Princes Town,2009-01-20,80.7,2.9972,11.4,81.0,1013.6,71.7,7.7,223.86875,19.31875,23286,65106,1,31.8,23.1,26.7,35.4,23.1,28.2,22.8
Princes Town,2009-01-21,81.7,0.0,15.0,72.2,1013.7,86.7,8.0,213.9625,18.48125,23292,65133,0,31.1,23.8,26.8,35.6,23.8,28.6,23.2
Princes Town,2009-01-22,85.9,5.715,13.9,64.7,1014.1,82.9,6.4,211.0,18.18125,23298,65160,1,28.1,23.8,25.6,32.1,23.8,26.4,23.0
Princes Town,2009-01-23,75.5,0.0,13.9,67.8,1013.4,80.0,8.2,214.68125,18.525,23302,65187,0,31.1,22.1,26.6,34.1,22.1,27.8,21.7
Princes Town,2009-01-24,76.9,0.3048,13.9,72.9,1012.0,70.8,8.1,228.6125,19.69375,23305,65213,1,31.1,23.1,26.4,35.6,23.1,27.7,21.7
Princes Town,2009-01-25,79.3,0.0,12.8,59.1,1011.7,68.3,7.8,227.3625,19.6875,23307,65239,0,32.1,21.1,25.6,35.9,21.1,26.8,21.5
Princes Town,2009-01-26,82.5,2.3114,17.2,71.7,1012.8,56.7,7.2,223.225,19.30625,23308,65264,1,30.1,22.1,25.8,34.3,22.1,27.2,22.4
Princes Town,2009-01-27,75.0,0.0,13.9,69.5,1013.1,44.6,7.7,210.725,18.18125,23308,65288,0,31.1,22.1,26.4,34.7,22.1,27.4,21.4
Princes Town,2009-01-28,84.0,2.0065999999999997,19.5,53.7,1012.7,55.8,7.5,216.5375,18.69375,23307,65312,1,29.1,23.1,25.6,32.8,23.1,26.6,22.5
Princes Town,2009-01-29,90.1,11.684,16.1,69.2,1012.6,74.2,6.4,210.09375,18.08125,23305,65335,1,30.1,23.3,25.3,35.2,23.3,25.8,23.6
Princes Town,2009-01-30,89.4,15.011399999999998,11.4,73.9,1012.6,86.3,6.0,222.9375,19.23125,23302,65358,1,29.1,23.8,25.6,33.7,23.8,26.8,23.7
Princes Town,2009-01-31,81.5,2.9972,13.9,78.7,1012.7,75.0,7.2,229.48125,19.7875,23298,65380,1,31.2,23.7,26.5,34.6,23.7,27.9,22.8
Princes Town,2009-02-01,80.9,2.5146,15.0,67.2,1012.6,59.2,8.0,229.45,19.8125,23293,65401,1,31.1,23.3,26.5,34.7,23.3,27.9,22.7
Princes Town,2009-02-02,91.7,17.779999999999998,19.5,66.9,1012.0,82.9,4.8,231.00625,19.9625,23287,65422,1,27.1,23.1,24.7,30.2,23.1,25.1,23.2
Princes Town,2009-02-03,80.9,6.095999999999999,17.2,75.5,1012.7,66.3,8.4,225.25,19.43125,23280,65442,1,30.1,24.1,26.3,34.7,24.1,27.5,22.6
Princes Town,2009-02-04,89.2,28.701999999999995,15.0,76.2,1014.4,70.0,6.3,225.5,19.41875,23272,65462,1,30.1,23.1,25.2,35.2,23.1,26.1,23.1
Princes Town,2009-02-05,82.4,4.0893999999999995,13.9,60.4,1014.0,59.3,7.5,217.85,18.8125,23263,65481,1,31.2,24.1,25.6,34.9,24.1,26.3,22.2
Princes Town,2009-02-06,72.8,0.0,13.9,66.9,1014.0,48.6,8.0,221.55,19.14375,23252,65499,0,32.1,22.2,26.8,34.3,22.2,27.7,21.0
Princes Town,2009-02-07,81.4,0.0,17.2,55.4,1014.5,70.0,7.8,234.3375,20.19375,23241,65516,0,30.1,22.8,25.4,33.4,22.8,26.2,21.8
Princes Town,2009-02-08,76.6,0.0,12.8,65.7,1013.7,88.2,7.9,233.60625000000002,20.14375,23229,65533,0,30.1,24.1,26.3,33.4,24.1,27.3,21.8
Princes Town,2009-02-09,88.3,25.1206,11.4,76.1,1012.9,85.8,6.1,238.05,20.54375,23216,65549,1,29.1,23.1,24.9,32.8,23.1,25.5,22.8
Princes Town,2009-02-10,86.4,12.9794,9.2,75.5,1013.5,95.2,6.2,232.15625,20.09375,23202,65565,1,27.6,24.1,25.2,30.4,24.1,25.6,22.7
Princes Town,2009-02-11,72.0,0.0,18.3,63.6,1014.2,90.0,7.8,238.43125,20.675,23188,65580,0,30.1,23.3,26.8,32.7,23.3,27.8,21.2
Princes Town,2009-02-12,81.6,1.016,16.1,61.6,1013.2,82.1,6.1,230.65,19.95,23172,65594,1,30.8,23.1,25.6,33.7,23.1,26.5,22.0
Princes Town,2009-02-13,74.6,0.0,13.9,52.3,1011.7,51.3,8.3,241.64375,20.89375,23155,65608,0,30.1,23.1,25.8,32.7,23.1,26.5,20.7
Princes Town,2009-02-14,72.4,0.0,13.9,64.5,1011.5,83.0,8.3,219.3625,18.95625,23138,65621,0,31.1,22.1,25.9,32.7,22.1,26.7,20.2
Princes Town,2009-02-15,84.1,8.889999999999999,15.0,64.6,1011.3,89.1,6.7,240.3875,20.80625,23119,65634,1,29.1,23.1,25.3,32.1,23.1,26.1,22.2
Princes Town,2009-02-16,84.7,26.695399999999996,18.3,69.6,1011.0,76.5,6.0,241.3,20.8625,23100,65645,1,30.2,23.1,26.2,34.5,23.1,27.6,23.2
Princes Town,2009-02-17,84.6,1.2953999999999999,15.0,65.5,1011.7,77.9,7.0,234.43125,20.29375,23080,65657,1,30.2,24.1,26.1,34.3,24.1,27.1,23.1
Princes Town,2009-02-18,77.8,3.8099999999999996,17.2,65.8,1012.6,48.2,7.9,238.41875,20.625,23059,65667,1,31.1,22.8,26.6,34.7,22.8,27.9,22.1
Princes Town,2009-02-19,68.6,0.0,13.9,72.4,1012.3,69.6,8.3,239.5875,20.725,23037,65677,0,31.1,22.1,26.3,32.5,22.1,26.8,19.6
Princes Town,2009-02-20,81.2,0.9905999999999999,19.5,64.7,1011.4,70.8,6.7,244.3375,21.11875,23015,65687,1,29.1,22.1,25.3,31.4,22.1,26.0,21.7
Princes Town,2009-02-21,78.6,4.0893999999999995,18.3,58.8,1012.7,74.8,6.6,250.41875,21.6125,22992,65696,1,29.1,23.3,25.8,32.1,23.3,26.7,21.7
Princes Town,2009-02-22,79.5,4.8006,20.8,60.6,1014.1,71.3,6.7,228.21875,19.73125,22968,65704,1,29.6,22.1,25.4,32.1,22.1,26.2,21.5
Princes Town,2009-02-23,80.4,5.1054,15.0,68.9,1013.6,56.8,7.7,233.9375,20.23125,22943,65712,1,29.1,22.1,24.9,31.1,22.1,25.5,21.1
Princes Town,2009-02-24,75.1,0.0,13.9,60.0,1012.3,54.6,7.5,231.075,19.99375,22918,65719,0,30.1,22.1,25.3,32.0,22.1,25.8,20.3
Princes Town,2009-02-25,72.5,0.0,16.1,71.1,1011.7,65.2,8.4,239.0125,20.662499999999998,22892,65726,0,31.1,23.1,26.5,33.1,23.1,27.3,20.8
Princes Town,2009-02-26,76.6,4.0893999999999995,15.0,76.8,1012.1,70.9,7.9,249.43125,21.55,22866,65733,1,30.1,23.1,25.7,32.1,23.1,26.4,20.9
Princes Town,2009-02-27,77.1,0.0,13.9,69.8,1011.5,70.4,8.5,239.3125,20.68125,22838,65738,0,31.1,20.8,25.7,33.8,20.8,26.7,21.0
Princes Town,2009-02-28,85.3,0.508,13.9,76.9,1011.7,79.2,7.5,250.7625,21.66875,22811,65744,1,28.1,22.1,24.9,31.4,22.1,25.3,22.2
Princes Town,2009-03-01,78.1,0.0,11.4,91.3,1012.2,80.8,9.1,248.7875,21.50625,22782,65749,0,30.7,21.1,26.0,34.2,21.1,27.2,21.6
Princes Town,2009-03-02,88.5,1.2953999999999999,11.4,74.5,1012.3,85.8,7.2,240.45,20.80625,22753,65753,1,28.1,23.1,25.0,31.4,23.1,25.5,22.9
Princes Town,2009-03-03,83.9,1.4986,16.1,73.1,1013.0,85.4,7.3,252.7,21.84375,22724,65757,1,30.1,23.1,25.9,34.3,23.1,27.3,22.8
Princes Town,2009-03-04,87.4,8.102599999999999,15.0,55.3,1013.3,82.2,7.3,240.5875,20.79375,22694,65761,1,28.1,23.7,25.2,31.4,23.7,26.0,22.9
Princes Town,2009-03-05,78.5,0.0,11.4,58.8,1013.0,79.2,7.7,243.88125,21.00625,22663,65764,0,32.1,23.1,26.3,35.9,23.1,27.6,22.1
Princes Town,2009-03-06,78.6,0.0,5.8,52.5,1013.1,88.3,8.0,250.44375,21.66875,22632,65767,0,33.1,22.6,26.1,36.2,22.6,27.1,21.8
Princes Town,2009-03-07,70.5,0.0,16.1,337.2,1013.2,76.7,8.5,250.39375,21.6125,22601,65769,0,32.2,23.1,26.7,33.7,23.1,27.6,20.4
Princes Town,2009-03-08,63.3,0.0,20.8,0.4,1013.1,54.2,8.1,252.89375,21.83125,22569,65771,0,30.7,22.1,26.3,31.3,22.1,26.6,18.3
Princes Town,2009-03-09,69.4,0.3048,12.8,343.5,1013.6,67.4,8.1,250.70625,21.60625,22537,65773,1,31.1,20.1,24.8,31.1,20.1,24.9,18.0
Princes Town,2009-03-10,66.0,0.0,13.9,345.8,1012.8,77.9,8.9,233.85625,20.225,22504,65775,0,31.1,19.6,24.9,30.3,19.6,24.9,17.3
Princes Town,2009-03-11,75.4,0.0,9.2,0.1,1012.1,77.4,9.0,239.675,20.69375,22472,65776,0,29.2,19.8,24.6,31.0,19.8,25.1,19.6
Princes Town,2009-03-12,74.8,0.0,11.4,49.8,1012.3,88.3,8.2,251.225,21.65,22438,65777,0,29.1,23.1,25.8,31.4,23.1,26.6,20.9
Princes Town,2009-03-13,67.9,0.3048,13.9,28.5,1012.3,80.4,8.2,250.70625,21.65625,22405,65778,1,31.6,22.8,26.3,33.1,22.8,26.9,19.7
Princes Town,2009-03-14,76.5,0.7874,15.0,64.3,1013.7,65.4,7.1,252.825,21.81875,22371,65778,1,29.1,21.6,25.1,32.1,21.6,25.5,20.5
Princes Town,2009-03-15,79.0,0.508,17.2,58.0,1015.1,68.8,7.2,243.2625,21.025,22337,65778,1,28.1,23.1,25.2,30.8,23.1,25.6,21.2
Princes Town,2009-03-16,73.7,0.0,12.8,69.4,1014.9,65.8,8.2,246.19375,21.23125,22303,65778,0,30.1,21.1,25.8,32.0,21.1,26.5,20.5
Princes Town,2009-03-17,68.6,0.0,16.1,76.0,1012.5,67.9,9.0,273.14375,23.575,22268,65778,0,31.2,20.1,25.8,32.5,20.1,26.2,19.0
Princes Town,2009-03-18,73.0,0.0,13.9,72.0,1011.7,48.3,8.1,270.525,23.43125,22234,65778,0,31.3,20.1,26.1,33.8,20.1,27.1,20.5
Princes Town,2009-03-19,80.3,5.0038,16.1,68.2,1011.3,70.8,7.2,260.9875,22.54375,22199,65778,1,29.1,23.8,25.8,32.1,23.8,26.8,22.1
Princes Town,2009-03-20,73.8,0.0,16.1,67.6,1010.9,44.2,9.1,261.0,22.50625,22164,65777,0,32.1,23.1,27.0,35.0,23.1,28.2,21.6
Princes Town,2009-03-21,75.3,0.0,16.1,77.5,1011.0,44.3,8.2,251.84375,21.75,22129,65776,0,31.2,24.1,26.9,34.4,24.1,28.2,22.0
Princes Town,2009-03-22,73.9,0.0,13.9,72.1,1010.9,60.8,7.6,257.79375,22.28125,22094,65775,0,32.6,21.6,27.1,35.9,21.6,28.5,21.5
Princes Town,2009-03-23,72.1,0.0,28.9,62.5,1011.0,60.4,8.2,254.925,22.0,22058,65775,0,33.1,21.1,26.6,35.4,21.1,27.6,20.6
Princes Town,2009-03-24,73.1,0.0,12.8,63.5,1011.2,57.1,8.3,264.70625,22.86875,22023,65774,0,32.3,21.1,26.4,35.0,21.1,27.4,20.7
Princes Town,2009-03-25,74.0,0.0,10.3,18.9,1011.0,74.2,8.3,257.86875,22.28125,21988,65773,0,31.7,21.1,26.2,33.8,21.1,27.2,20.8
Princes Town,2009-03-26,72.1,0.0,10.3,349.3,1011.0,87.9,8.7,256.4375,22.16875,21953,65772,0,33.1,22.1,27.1,35.0,22.1,28.1,21.0
Princes Town,2009-03-27,84.6,0.6096,15.0,79.7,1011.5,90.0,7.2,262.775,22.675,21917,65771,1,31.1,24.1,26.1,35.6,24.1,27.4,23.2
Princes Town,2009-03-28,81.9,7.7978,16.1,73.2,1012.3,88.8,7.0,263.2125,22.725,21882,65770,1,31.1,23.8,26.9,35.6,23.8,28.6,23.3
Princes Town,2009-03-29,77.4,0.0,16.1,72.6,1012.1,68.3,7.7,260.5625,22.5,21847,65769,0,32.1,23.1,26.9,35.9,23.1,28.6,22.3
Princes Town,2009-03-30,70.5,0.0,15.0,73.2,1012.5,76.7,8.5,259.55,22.41875,21812,65768,0,32.1,23.8,27.3,35.0,23.8,28.3,21.1
Princes Town,2009-03-31,70.9,0.0,17.2,73.6,1012.3,88.3,8.0,243.16875,21.04375,21777,65767,0,32.1,23.1,26.8,33.6,23.1,27.6,20.6
Princes Town,2009-04-01,66.1,0.0,13.9,66.4,1012.4,61.3,8.5,258.43125,22.36875,21742,65766,0,32.1,21.1,26.8,33.3,21.1,27.4,19.4
Princes Town,2009-04-02,68.8,0.0,13.9,76.9,1011.7,49.2,8.7,258.14375,22.3,21708,65765,0,32.1,21.7,26.4,34.3,21.7,27.2,19.8
Princes Town,2009-04-03,71.6,0.0,13.9,70.6,1012.2,73.3,8.7,262.34375,22.66875,21673,65765,0,31.3,20.1,26.1,33.3,20.1,26.9,20.1
Princes Town,2009-04-04,67.8,0.0,15.0,70.8,1012.5,31.4,8.5,263.7,22.79375,21639,65764,0,33.1,21.1,26.7,34.1,21.1,27.2,19.6
Princes Town,2009-04-05,66.2,0.0,11.4,69.1,1011.8,40.0,7.5,259.35,22.41875,21605,65764,0,32.3,21.1,26.8,32.5,21.1,27.1,19.1
Princes Town,2009-04-06,73.3,0.0,13.9,88.6,1011.8,76.1,7.9,253.11874999999998,21.825,21571,65764,0,32.3,23.1,26.9,35.4,23.1,28.4,21.5
Princes Town,2009-04-07,82.4,0.0,13.9,82.4,1012.7,80.8,6.5,262.475,22.6875,21537,65764,0,32.1,23.1,26.5,36.9,23.1,28.2,23.1
Princes Town,2009-04-08,84.1,23.0886,11.4,82.4,1013.4,87.5,7.1,258.98125,22.39375,21504,65764,1,31.1,23.7,26.4,36.7,23.7,28.1,23.3
Princes Town,2009-04-09,78.7,0.9905999999999999,16.1,71.2,1013.6,82.1,7.6,258.41875,22.3,21471,65764,1,31.8,24.1,27.1,35.3,24.1,28.6,22.7
Princes Town,2009-04-10,74.2,0.3048,16.1,63.6,1014.4,73.3,8.1,260.64375,22.55625,21439,65764,1,32.2,24.1,27.4,35.4,24.1,28.8,22.1
Princes Town,2009-04-11,71.3,0.0,16.1,66.9,1013.7,62.5,8.0,262.55625,22.63125,21406,65765,0,31.1,22.6,26.9,33.9,22.6,28.2,21.1
Princes Town,2009-04-12,72.4,0.0,11.4,71.5,1012.8,48.3,8.1,256.69375,22.13125,21374,65766,0,32.1,23.1,26.9,35.9,23.1,28.1,21.2
Princes Town,2009-04-13,75.0,0.0,13.9,61.8,1013.3,57.0,8.1,254.16875,21.9625,21343,65767,0,31.1,23.1,26.6,34.7,23.1,27.9,21.6
Princes Town,2009-04-14,70.7,0.3048,16.1,66.1,1013.9,50.0,8.1,239.6,20.73125,21312,65769,1,32.1,23.1,27.3,35.0,23.1,28.6,21.2
Princes Town,2009-04-15,77.2,0.508,18.3,65.2,1014.4,68.3,7.3,240.85,20.78125,21281,65771,1,31.6,23.8,26.8,34.7,23.8,28.1,22.2
Princes Town,2009-04-16,73.7,0.0,16.1,78.2,1014.1,85.8,7.4,255.75625,22.08125,21251,65773,0,31.7,24.1,27.4,34.7,24.1,28.7,22.0
Princes Town,2009-04-17,74.0,0.0,21.9,73.8,1012.3,64.6,8.3,252.5375,21.80625,21221,65775,0,32.1,24.1,27.7,35.0,24.1,29.4,22.4
Princes Town,2009-04-18,76.4,0.0,13.9,79.6,1011.3,90.0,8.2,255.81875,22.0875,21191,65778,0,32.1,24.7,27.9,36.9,24.7,30.4,23.2
Princes Town,2009-04-19,75.1,0.0,21.9,69.4,1011.6,79.6,8.5,244.83125,21.15,21163,65780,0,33.1,25.1,28.7,38.2,25.1,31.2,23.4
Princes Town,2009-04-20,77.9,0.9905999999999999,16.1,67.3,1013.1,79.2,7.7,241.60625,20.89375,21134,65784,1,32.3,25.3,28.2,36.9,25.3,30.7,23.7
Princes Town,2009-04-21,74.1,0.0,20.8,55.3,1014.4,75.8,7.0,243.70625,21.09375,21106,65787,0,32.2,25.1,28.2,36.3,25.1,30.7,22.9
Princes Town,2009-04-22,69.7,0.0,19.5,59.1,1014.6,43.9,8.4,258.0375,22.26875,21079,65791,0,33.1,24.3,28.3,37.2,24.3,30.0,21.9
Princes Town,2009-04-23,71.4,0.9905999999999999,20.8,57.3,1013.7,49.2,8.1,249.11875,21.525,21052,65795,1,32.1,24.1,27.3,34.3,24.1,28.5,21.4
Princes Town,2009-04-24,69.1,0.0,16.1,77.0,1013.4,36.3,7.8,251.10000000000002,21.69375,21026,65800,0,33.1,23.1,27.3,35.4,23.1,28.3,20.6
Princes Town,2009-04-25,71.2,0.0,11.4,67.9,1013.3,41.4,8.3,247.0125,21.275,21001,65805,0,33.2,22.1,27.2,36.2,22.1,28.4,21.0
Princes Town,2009-04-26,72.8,0.0,17.2,71.4,1013.9,56.1,7.2,256.91875,22.18125,20976,65810,0,33.1,23.1,27.7,38.2,23.1,29.3,22.0
Princes Town,2009-04-27,69.4,0.0,16.1,62.6,1013.8,73.8,7.9,242.725,20.95625,20952,65816,0,33.1,24.1,28.1,36.2,24.1,29.4,21.6
Princes Town,2009-04-28,69.7,0.0,17.2,64.6,1013.6,52.9,8.2,260.54375,22.525,20928,65822,0,33.1,24.1,28.2,36.2,24.1,29.7,21.7
Princes Town,2009-04-29,70.1,0.0,15.0,81.2,1012.9,54.2,7.5,229.61333333333332,19.833333333333332,20905,65828,0,33.1,23.6,28.2,35.4,23.6,29.5,21.7
Princes Town,2009-04-30,73.8,0.0,13.9,72.5,1013.2,75.8,6.9,249.62,21.526666666666664,20883,65835,0,33.3,24.1,28.2,37.2,24.1,30.6,22.7
Princes Town,2009-05-01,71.8,0.0,18.3,79.8,1013.5,88.3,5.9,239.43333333333334,20.666666666666668,20861,65842,0,34.1,26.1,29.1,37.8,26.1,31.9,23.1
Princes Town,2009-05-02,75.5,0.0,11.4,73.6,1013.0,76.3,5.5,227.28000000000003,19.646666666666665,20840,65850,0,33.7,25.1,28.4,37.9,25.1,31.0,23.3
Princes Town,2009-05-03,85.0,38.785799999999995,11.4,101.5,1012.9,67.5,6.4,227.57333333333332,19.646666666666665,20820,65858,1,33.1,24.7,26.8,50.6,24.7,29.1,24.0
Princes Town,2009-05-04,74.0,0.0,13.9,83.6,1012.8,69.2,7.2,236.32666666666668,20.38,20800,65866,0,33.2,24.3,28.2,37.2,24.3,29.8,22.6
Princes Town,2009-05-05,71.6,0.0,15.0,76.8,1013.4,46.3,7.5,257.54,22.240000000000002,20781,65875,0,33.2,24.1,28.1,35.9,24.1,29.6,22.1
Princes Town,2009-05-06,76.8,1.9811999999999999,17.2,73.4,1013.7,67.5,7.9,253.53333333333333,21.86,20763,65884,1,32.1,24.1,27.8,36.9,24.1,30.2,23.1
Princes Town,2009-05-07,84.3,12.496799999999999,15.0,62.0,1013.6,80.8,7.1,258.2266666666667,22.259999999999998,20746,65894,1,31.3,24.3,26.8,36.0,24.3,28.3,23.7
Princes Town,2009-05-08,78.0,0.0,16.1,72.9,1013.4,75.8,6.5,227.12,19.626666666666665,20729,65903,0,31.1,25.8,27.8,35.6,25.8,30.1,23.5
Princes Town,2009-05-09,78.3,4.0893999999999995,18.3,70.3,1014.1,63.9,5.6,245.52,21.240000000000002,20713,65914,1,32.1,24.1,27.5,35.9,24.1,29.2,23.1
Princes Town,2009-05-10,76.6,4.0893999999999995,16.1,55.2,1013.3,54.2,6.7,241.36666666666667,20.833333333333332,20698,65924,1,31.8,24.1,27.4,35.4,24.1,29.1,22.6
Princes Town,2009-05-11,73.6,0.0,16.1,70.3,1012.2,36.3,7.5,262.49333333333334,22.626666666666665,20684,65935,0,32.1,22.8,27.0,34.3,22.8,28.2,21.4
Princes Town,2009-05-12,73.4,0.0,13.9,72.6,1011.7,48.3,7.8,250.81333333333333,21.686666666666667,20670,65947,0,32.1,23.2,27.5,35.2,23.2,29.1,22.0
Princes Town,2009-05-13,78.6,1.2953999999999999,16.1,70.7,1011.8,59.6,6.7,257.35333333333335,22.233333333333334,20658,65958,1,33.1,24.1,27.3,37.2,24.1,28.9,23.0
Princes Town,2009-05-14,78.1,2.3114,16.1,76.5,1012.4,74.8,8.1,226.82,19.586666666666666,20646,65970,1,32.1,23.8,27.6,35.9,23.8,29.6,23.1
Princes Town,2009-05-15,74.8,0.0,21.9,81.9,1011.1,88.3,8.3,227.76000000000002,19.64,20635,65983,0,32.1,24.8,28.0,35.9,24.8,30.1,22.8
Princes Town,2009-05-16,75.1,0.0,17.2,90.1,1010.9,87.9,6.7,238.27333333333334,20.573333333333334,20624,65995,0,32.1,25.1,28.2,35.9,25.1,30.2,23.0
Princes Town,2009-05-17,74.9,57.91199999999999,13.9,91.6,1010.8,90.0,7.3,244.72,21.18,20615,66008,1,33.1,24.7,28.0,36.2,24.7,29.7,22.8
Princes Town,2009-05-18,72.5,0.0,16.1,91.3,1011.8,90.0,6.8,240.72666666666666,20.740000000000002,20606,66022,0,32.7,24.8,28.7,36.7,24.8,31.5,23.0
Princes Town,2009-05-19,81.3,0.9905999999999999,18.3,80.8,1012.3,90.0,6.7,237.61333333333332,20.553333333333335,20598,66036,1,31.7,26.1,28.1,38.2,26.1,31.3,24.4
Princes Town,2009-05-20,79.1,0.0,16.1,86.9,1012.3,79.6,7.6,246.41333333333333,21.279999999999998,20591,66049,0,33.1,25.1,28.4,38.2,25.1,31.2,24.1
Princes Town,2009-05-21,76.6,0.0,17.2,75.1,1012.3,60.4,7.1,230.35333333333332,19.88,20584,66064,0,33.1,25.1,28.5,38.2,25.1,31.3,23.7
Princes Town,2009-05-22,75.7,0.3048,15.0,81.3,1012.7,56.3,7.7,219.64,18.959999999999997,20579,66078,1,32.8,25.1,28.5,38.1,25.1,31.0,23.4
Princes Town,2009-05-23,74.2,0.0,15.0,72.2,1013.7,48.8,6.0,222.1,19.186666666666667,20574,66093,0,33.2,25.1,28.6,37.2,25.1,30.8,23.1
Princes Town,2009-05-24,73.4,0.0,15.0,70.3,1013.6,41.7,8.0,241.92000000000002,20.886666666666667,20570,66108,0,33.6,24.7,28.7,37.4,24.7,31.3,23.1
Princes Town,2009-05-25,79.6,2.9972,13.9,71.5,1013.2,57.5,7.4,230.43333333333334,19.873333333333335,20566,66123,1,32.1,24.7,27.9,36.9,24.7,31.0,23.9
Princes Town,2009-05-26,74.9,0.0,16.1,77.5,1013.1,51.7,6.9,207.38,17.88,20564,66138,0,33.1,26.1,28.8,38.2,26.1,31.7,23.6
Princes Town,2009-05-27,73.3,0.9905999999999999,17.2,67.4,1013.0,59.6,7.4,212.19333333333333,18.3,20562,66154,1,33.1,25.7,28.8,36.2,25.7,31.4,23.2
Princes Town,2009-05-28,71.5,0.3048,27.5,59.2,1013.7,47.9,6.8,210.79333333333335,18.220000000000002,20561,66170,1,33.1,25.6,28.7,36.2,25.6,30.8,22.7
Princes Town,2009-05-29,70.4,0.0,17.2,60.2,1014.6,75.0,7.9,194.19333333333333,16.753333333333334,20561,66185,0,33.1,24.3,28.5,35.9,24.3,30.4,22.2
Princes Town,2009-05-30,70.4,0.0,16.1,55.4,1013.9,90.0,8.0,205.21999999999997,17.740000000000002,20562,66201,0,32.3,23.8,28.1,35.9,23.8,29.6,21.8
Princes Town,2009-05-31,74.6,2.9972,16.1,75.0,1013.3,90.0,7.8,207.68666666666664,17.959999999999997,20563,66217,1,33.1,24.1,27.9,36.2,24.1,29.6,22.6
Princes Town,2009-06-01,86.1,5.1054,13.9,61.9,1013.3,80.0,5.8,208.17333333333332,17.953333333333333,20565,66234,1,31.1,24.1,26.6,36.7,24.1,28.4,24.0
Princes Town,2009-06-02,79.0,0.508,13.9,84.6,1012.9,75.4,6.2,209.84666666666666,18.133333333333333,20568,66250,1,32.1,25.3,28.1,37.1,25.3,30.6,23.8
Princes Town,2009-06-03,73.6,0.508,15.0,88.1,1013.2,77.5,6.9,225.3,19.42,20571,66266,1,33.1,24.3,28.0,36.2,24.3,29.6,22.4
Princes Town,2009-06-04,76.3,0.0,17.2,117.7,1013.2,90.0,7.5,212.3,18.326666666666664,20575,66282,0,32.1,24.1,27.5,35.9,24.1,29.2,22.7
Princes Town,2009-06-05,84.7,5.9944,18.3,72.6,1013.6,71.7,7.1,184.49333333333334,15.9,20580,66299,1,30.1,24.1,26.4,34.6,24.1,28.2,23.6
Princes Town,2009-06-06,75.8,0.0,20.8,68.3,1013.9,66.7,7.7,198.36666666666667,17.146666666666665,20585,66315,0,33.2,23.1,28.2,38.2,23.1,30.6,23.1
Princes Town,2009-06-07,87.9,0.9905999999999999,13.9,62.5,1012.8,85.4,5.7,214.35333333333335,18.459999999999997,20591,66331,1,29.7,25.1,27.0,35.8,25.1,29.6,24.8
Princes Town,2009-06-08,78.5,0.508,15.0,77.4,1013.1,80.0,5.3,209.26000000000002,18.086666666666666,20598,66347,1,32.1,25.1,28.2,36.9,25.1,30.6,23.7
Princes Town,2009-06-09,78.5,0.0,18.3,62.4,1013.2,55.2,7.2,219.33333333333334,18.913333333333334,20605,66363,0,32.1,25.1,27.9,36.9,25.1,29.9,23.5
Princes Town,2009-06-10,74.9,0.0,16.1,75.4,1013.1,51.7,7.9,208.02,17.946666666666665,20613,66379,0,33.1,23.8,27.7,36.2,23.8,29.3,22.4
Princes Town,2009-06-11,71.1,0.0,15.0,63.1,1014.1,35.4,8.7,204.66666666666666,17.64,20621,66395,0,33.2,23.8,28.2,36.9,23.8,29.7,21.8
Princes Town,2009-06-12,77.6,0.508,16.1,70.9,1013.9,63.3,7.6,218.96666666666667,18.86,20630,66410,1,34.1,24.3,28.1,48.2,24.3,30.7,23.6
Princes Town,2009-06-13,90.7,51.0794,13.9,78.3,1014.2,88.7,6.9,196.84,16.98,20640,66426,1,28.1,23.8,25.4,32.1,23.8,25.9,23.8
Princes Town,2009-06-14,79.0,0.0,16.1,86.1,1013.3,54.5,7.9,218.26000000000002,18.779999999999998,20650,66441,0,32.1,23.1,27.4,36.9,23.1,29.8,23.2
Princes Town,2009-06-15,86.1,11.684,10.3,76.1,1013.3,68.7,6.9,184.2133333333333,15.933333333333334,20660,66456,1,30.1,24.8,26.8,35.2,24.8,28.9,24.2
Princes Town,2009-06-16,78.8,0.0,13.9,79.8,1013.9,52.2,7.7,199.92666666666668,17.253333333333334,20671,66471,0,32.1,24.1,27.9,38.1,24.1,30.3,23.6
Princes Town,2009-06-17,77.7,0.9905999999999999,16.1,79.3,1013.4,69.6,7.4,199.44666666666666,17.226666666666667,20683,66485,1,32.3,24.1,27.8,36.9,24.1,29.7,23.2
Princes Town,2009-06-18,73.4,0.0,15.0,69.9,1012.3,83.3,8.7,183.56,15.833333333333334,20694,66499,0,33.1,24.1,27.7,36.2,24.1,29.3,22.2
Princes Town,2009-06-19,73.4,0.0,16.1,68.6,1011.7,47.8,9.1,188.23333333333332,16.293333333333333,20707,66513,0,32.7,23.1,27.6,35.8,23.1,29.2,22.0
Princes Town,2009-06-20,74.5,0.0,13.9,75.9,1011.7,73.3,8.3,189.28,16.366666666666667,20719,66526,0,32.1,23.1,27.6,35.9,23.1,29.3,22.3
Princes Town,2009-06-21,73.7,0.0,15.0,67.8,1011.0,73.8,8.7,205.94666666666666,17.813333333333333,20732,66539,0,33.1,24.1,28.0,36.2,24.1,29.9,22.5
Princes Town,2009-06-22,85.0,5.1054,13.9,75.6,1011.4,90.0,6.6,212.25333333333336,18.32,20745,66552,1,29.2,25.1,26.7,35.2,25.1,28.4,23.8
Princes Town,2009-06-23,78.4,2.5146,13.9,74.0,1012.8,70.6,8.2,197.85333333333335,17.073333333333334,20759,66564,1,32.2,23.7,27.6,36.5,23.7,30.1,23.3
Princes Town,2009-06-24,78.9,0.0,18.3,62.8,1013.5,77.5,6.5,207.2866666666667,17.92,20773,66575,0,32.2,24.1,27.9,38.1,24.1,30.6,23.7
Princes Town,2009-06-25,85.9,15.214599999999999,15.0,69.3,1013.6,74.2,6.4,207.33333333333334,17.886666666666667,20787,66587,1,31.1,25.1,26.9,36.7,25.1,28.4,24.3
Princes Town,2009-06-26,81.8,0.508,13.9,80.5,1014.9,90.0,5.2,214.8,18.506666666666668,20801,66597,1,32.1,25.1,27.4,36.9,25.1,29.8,23.9
Princes Town,2009-06-27,80.4,0.9905999999999999,23.0,55.6,1015.6,63.9,6.1,205.86,17.746666666666666,20816,66607,1,31.3,24.1,27.0,35.6,24.1,28.3,23.1
Princes Town,2009-06-28,76.5,0.0,16.1,53.5,1014.2,62.6,6.1,205.93333333333334,17.773333333333333,20830,66617,0,32.1,24.1,27.9,35.9,24.1,30.1,23.1
Princes Town,2009-06-29,75.1,0.9905999999999999,16.1,56.4,1013.0,79.6,6.0,190.92666666666668,16.513333333333332,20845,66626,1,32.1,23.8,27.6,35.9,23.8,29.2,22.4
Princes Town,2009-06-30,80.2,4.0893999999999995,17.2,63.6,1012.1,78.3,7.2,182.7866666666667,15.753333333333334,20860,66635,1,31.3,23.1,26.9,35.1,23.1,28.8,22.9
Princes Town,2009-07-01,83.4,3.7845999999999997,17.2,65.9,1012.8,77.8,7.3,180.69333333333333,15.58,20875,66642,1,31.3,24.8,27.6,37.9,24.8,30.3,24.3
Princes Town,2009-07-02,76.4,0.508,18.3,71.5,1013.4,63.8,7.2,221.04,19.053333333333335,20890,66650,1,32.1,25.8,28.4,38.1,25.8,31.2,23.6
Princes Town,2009-07-03,91.4,42.9006,11.4,75.7,1012.8,88.2,6.1,220.37333333333333,19.02,20906,66656,1,27.1,23.1,25.9,30.8,23.1,26.7,24.4
Princes Town,2009-07-04,79.1,0.9905999999999999,18.3,72.2,1012.2,71.3,7.0,201.34,17.38,20921,66662,1,32.1,25.1,27.9,36.9,25.1,30.1,23.7
Princes Town,2009-07-05,89.9,7.112,13.9,78.7,1013.0,80.0,6.9,199.24666666666664,17.186666666666667,20936,66668,1,28.2,24.1,26.1,32.9,24.1,27.6,24.3
Princes Town,2009-07-06,78.6,0.0,17.2,64.2,1013.7,51.7,7.1,190.1,16.386666666666667,20952,66672,0,31.8,24.1,27.9,36.9,24.1,30.4,23.6
Princes Town,2009-07-07,72.8,0.0,15.0,65.4,1012.6,35.8,5.8,222.82000000000002,19.279999999999998,20967,66676,0,33.1,25.1,28.3,37.2,25.1,30.4,22.7
Princes Town,2009-07-08,78.4,0.8128,13.9,74.1,1012.4,56.5,7.1,205.08666666666667,17.673333333333336,20982,66679,1,32.1,24.8,27.8,36.9,24.8,29.9,23.5
Princes Town,2009-07-09,75.1,2.0065999999999997,11.4,71.5,1012.9,65.8,7.8,189.58666666666667,16.37333333333333,20997,66682,1,33.2,24.1,28.3,37.2,24.1,30.5,23.1
Princes Town,2009-07-10,84.5,32.791399999999996,20.8,69.8,1013.2,83.3,6.7,202.18666666666667,17.433333333333334,21012,66683,1,30.1,24.7,27.2,37.6,24.7,30.0,24.3
Princes Town,2009-07-11,76.2,7.594599999999999,15.0,63.1,1013.2,45.4,7.5,204.48666666666668,17.60666666666667,21027,66684,1,32.6,26.1,28.6,38.1,26.1,31.7,23.8
Princes Town,2009-07-12,75.5,0.0,13.9,66.7,1013.7,32.9,7.9,192.93333333333334,16.606666666666666,21042,66685,0,33.1,24.6,28.4,37.5,24.6,30.9,23.3
Princes Town,2009-07-13,73.2,0.0,16.1,64.2,1013.7,35.8,8.1,199.44666666666666,17.2,21057,66684,0,33.1,24.8,28.4,36.2,24.8,30.6,22.8
Princes Town,2009-07-14,78.6,2.9972,16.1,78.4,1014.5,50.0,7.6,205.69333333333333,17.8,21071,66683,1,33.1,25.1,28.5,40.7,25.1,31.7,24.2
Princes Town,2009-07-15,82.7,23.9014,17.2,72.2,1013.4,63.8,6.0,187.42666666666668,16.186666666666667,21085,66680,1,32.1,26.1,28.0,38.1,26.1,30.5,24.6
Princes Town,2009-07-16,81.5,21.310599999999997,17.2,64.9,1012.4,74.2,6.3,207.59333333333333,17.873333333333335,21099,66677,1,33.1,25.1,28.0,39.4,25.1,30.7,24.3
Princes Town,2009-07-17,86.8,12.2174,13.9,70.9,1013.1,83.8,6.4,196.28,16.92,21113,66674,1,29.1,25.1,26.7,34.7,25.1,28.4,24.3
Princes Town,2009-07-18,82.0,2.9972,10.3,79.0,1014.0,85.0,7.6,217.0,18.773333333333333,21127,66669,1,33.1,25.1,27.9,39.4,25.1,30.9,24.4
Princes Town,2009-07-19,79.7,0.0,16.1,73.5,1013.0,77.9,7.5,198.73999999999998,17.146666666666665,21140,66663,0,33.1,24.1,27.5,37.2,24.1,29.6,23.4
Princes Town,2009-07-20,79.9,0.0,9.2,73.7,1011.1,55.8,7.8,228.7866666666667,19.779999999999998,21153,66657,0,32.7,23.7,27.7,38.1,23.7,30.7,23.7
Princes Town,2009-07-21,76.5,0.0,12.8,76.3,1011.8,72.9,8.0,217.57333333333332,18.8,21166,66650,0,33.1,25.7,29.0,39.4,25.7,32.7,24.2
Princes Town,2009-07-22,86.1,10.1854,20.8,65.7,1012.3,79.6,6.1,212.3,18.313333333333333,21178,66642,1,32.1,25.8,27.5,38.1,25.8,29.8,24.8
Princes Town,2009-07-23,82.7,0.0,16.1,82.1,1012.6,63.8,7.4,216.7866666666667,18.673333333333336,21190,66633,0,32.2,25.1,27.9,38.1,25.1,30.6,24.5
Princes Town,2009-07-24,83.7,17.2974,15.0,71.1,1012.6,55.2,6.6,208.98666666666665,18.02,21202,66624,1,30.7,24.3,27.6,37.1,24.3,30.7,24.4
Princes Town,2009-07-25,71.7,0.0,17.2,69.9,1012.6,58.3,8.4,197.78666666666666,17.09333333333333,21213,66613,0,32.1,25.1,28.5,35.9,25.1,30.5,22.5
Princes Town,2009-07-26,84.5,19.1008,13.9,68.0,1014.0,72.5,6.9,226.04,19.506666666666664,21224,66602,1,30.1,24.7,26.9,36.3,24.7,29.0,24.0
Princes Town,2009-07-27,81.4,7.289799999999999,16.1,84.2,1013.9,60.4,7.6,197.92666666666668,17.053333333333335,21235,66590,1,32.3,25.1,27.9,38.2,25.1,30.6,24.2
Princes Town,2009-07-28,85.5,10.0838,13.9,66.5,1012.6,57.1,6.7,191.7866666666667,16.546666666666667,21245,66577,1,30.1,25.1,27.0,37.6,25.1,29.3,24.3
Princes Town,2009-07-29,90.4,11.9126,10.3,82.3,1012.0,83.3,5.3,221.46,19.16,21255,66563,1,31.1,25.1,26.4,37.9,25.1,28.2,24.7
Princes Town,2009-07-30,84.5,18.9992,11.4,64.5,1012.9,74.7,7.3,215.01333333333332,18.526666666666664,21265,66549,1,31.1,25.1,27.4,37.9,25.1,30.4,24.6
Princes Town,2009-07-31,78.5,16.814799999999998,16.1,65.2,1013.1,67.4,7.4,217.94666666666666,18.779999999999998,21274,66533,1,32.2,25.3,28.4,38.1,25.3,31.3,24.1
Princes Town,2009-08-01,74.9,0.0,16.1,86.8,1013.1,63.3,7.7,196.84,17.013333333333332,21283,66517,0,33.1,25.1,28.6,38.4,25.1,31.6,23.5
Princes Town,2009-08-02,78.6,0.0,12.8,72.8,1012.9,77.5,7.7,187.92666666666668,16.273333333333333,21291,66500,0,33.1,26.1,28.3,39.4,26.1,31.7,24.1
Princes Town,2009-08-03,79.6,0.0,15.0,72.2,1012.8,63.6,7.8,179.79333333333335,15.479999999999999,21299,66482,0,33.1,24.8,28.4,40.7,24.8,31.9,24.4
Princes Town,2009-08-04,79.7,5.6133999999999995,13.9,75.5,1012.3,61.3,7.4,194.66666666666666,16.813333333333333,21306,66464,1,32.1,25.7,28.4,38.4,25.7,31.9,24.4
Princes Town,2009-08-05,87.0,29.9974,15.0,71.7,1012.4,68.8,6.3,215.24666666666664,18.58,21313,66445,1,33.1,24.1,26.7,39.4,24.1,28.2,24.2
Princes Town,2009-08-06,77.9,0.0,12.8,79.9,1012.6,87.0,8.0,234.08666666666664,20.220000000000002,21320,66424,0,33.1,24.8,28.4,38.2,24.8,31.4,23.9
Princes Town,2009-08-07,85.7,28.905199999999997,21.9,74.3,1013.0,87.9,6.0,212.58666666666667,18.333333333333332,21326,66404,1,32.1,23.8,26.7,39.3,23.8,28.7,23.9
Princes Town,2009-08-08,89.0,49.3014,17.2,99.3,1013.7,87.1,5.8,202.65333333333334,17.473333333333336,21332,66382,1,31.1,24.1,26.3,37.9,24.1,27.6,24.2
Princes Town,2009-08-09,84.9,19.812,11.4,267.2,1013.6,66.7,6.9,207.16666666666666,17.853333333333335,21337,66359,1,33.1,24.1,27.0,40.7,24.1,29.5,24.1
Princes Town,2009-08-10,82.4,85.598,16.1,94.2,1013.4,47.5,8.1,216.2866666666667,18.653333333333332,21342,66336,1,33.1,23.8,26.9,39.4,23.8,28.9,23.4
Princes Town,2009-08-11,83.5,0.0,12.8,237.9,1012.0,63.8,7.4,220.32666666666668,19.040000000000003,21347,66313,0,33.1,24.1,27.2,39.5,24.1,29.4,23.9
Princes Town,2009-08-12,74.7,0.0,11.4,92.7,1012.2,75.3,7.9,215.82666666666668,18.60666666666667,21351,66288,0,34.1,23.8,29.0,39.5,23.8,32.7,23.7
Princes Town,2009-08-13,80.3,8.889999999999999,11.4,105.5,1013.1,83.8,7.8,227.91333333333333,19.666666666666668,21355,66263,1,32.8,24.7,27.8,38.1,24.7,30.2,23.9
Princes Town,2009-08-14,88.0,8.102599999999999,11.4,59.7,1012.1,80.0,6.2,201.97333333333333,17.413333333333334,21358,66237,1,31.1,24.1,26.3,36.7,24.1,27.5,24.0
Princes Town,2009-08-15,90.9,13.182599999999999,12.8,77.5,1011.1,69.6,6.8,198.66,17.14,21361,66210,1,31.1,24.1,25.8,36.7,24.1,26.7,24.1
Princes Town,2009-08-16,86.4,2.4892,13.9,82.6,1010.2,76.7,7.4,216.83333333333334,18.78666666666667,21364,66183,1,31.1,24.1,26.9,36.8,24.1,29.5,24.4
Princes Town,2009-08-17,78.1,0.0,13.9,80.5,1011.4,37.1,8.2,217.27333333333334,18.753333333333334,21366,66155,0,33.1,24.2,28.6,39.4,24.2,31.8,24.1
Princes Town,2009-08-18,75.1,0.0,13.9,64.0,1010.5,42.2,7.7,197.82000000000002,17.073333333333334,21368,66127,0,33.1,25.1,28.7,38.2,25.1,31.5,23.6
Princes Town,2009-08-19,77.9,0.0,8.1,40.1,1009.5,70.9,6.9,198.59333333333333,17.14,21369,66098,0,35.1,23.8,28.0,39.7,23.8,30.6,23.4
Princes Town,2009-08-20,86.8,3.5052000000000003,10.3,81.1,1010.5,78.3,7.7,185.64,16.053333333333335,21370,66068,1,29.3,24.1,26.3,34.2,24.1,27.6,23.8
Princes Town,2009-08-21,81.2,0.0,17.2,80.9,1011.2,59.2,7.4,198.69333333333333,17.233333333333334,21371,66038,0,33.1,24.8,27.9,40.7,24.8,30.7,24.2
Princes Town,2009-08-22,91.2,36.6014,17.9,71.1,1009.9,89.6,6.1,216.52,18.69333333333333,21371,66007,1,30.1,25.1,26.0,36.3,25.1,26.8,24.4
Princes Town,2009-08-23,86.7,51.308,13.9,60.0,1009.9,90.0,6.7,186.96,16.173333333333332,21371,65976,1,30.1,24.1,26.8,36.3,24.1,28.9,24.2
Princes Town,2009-08-24,78.2,0.0,16.1,98.8,1010.5,48.7,9.2,201.84666666666666,17.44,21370,65944,0,33.3,24.1,28.5,38.7,24.1,31.5,23.9
Princes Town,2009-08-25,75.5,0.0,12.8,85.2,1011.3,40.4,9.1,215.47333333333333,18.613333333333333,21370,65912,0,33.1,25.8,29.2,38.8,25.8,32.8,24.1
Princes Town,2009-08-26,77.0,0.3048,13.9,69.8,1012.0,40.8,7.9,214.32666666666668,18.52,21369,65879,1,33.2,25.1,29.1,40.7,25.1,32.7,24.3
Princes Town,2009-08-27,75.5,0.0,11.4,79.5,1012.6,32.5,7.3,223.25333333333336,19.259999999999998,21367,65846,0,33.7,24.1,28.7,38.9,24.1,31.8,23.6
Princes Town,2009-08-28,81.6,5.08,12.8,63.7,1012.9,43.5,7.8,218.27333333333334,18.826666666666664,21366,65812,1,31.8,25.1,28.1,39.3,25.1,31.5,24.6
Princes Town,2009-08-29,79.2,0.0,11.4,78.8,1012.2,45.8,8.2,208.46666666666667,18.040000000000003,21364,65778,0,33.1,25.1,28.6,39.8,25.1,32.1,24.3
Princes Town,2009-08-30,80.3,1.778,11.4,61.9,1011.4,50.0,8.0,203.72,17.60666666666667,21362,65743,1,33.1,25.1,28.3,38.3,25.1,31.8,24.3
Princes Town,2009-08-31,81.0,0.0,10.3,68.4,1010.9,82.5,7.9,207.2866666666667,17.873333333333335,21359,65709,0,33.1,24.8,28.1,39.4,24.8,31.2,24.3
Princes Town,2009-09-01,81.4,20.0914,12.8,75.4,1011.5,53.8,7.6,216.66,18.720000000000002,21357,65673,1,33.2,24.1,28.2,40.9,24.1,32.1,24.6
Princes Town,2009-09-02,79.2,0.0,11.4,88.7,1011.8,69.6,7.7,214.12,18.526666666666667,21354,65638,0,33.1,25.8,29.3,40.7,25.8,34.6,25.2
Princes Town,2009-09-03,75.9,0.0,33.3,73.6,1011.9,75.8,8.0,189.84,16.393333333333334,21351,65602,0,33.2,25.8,29.1,39.4,25.8,32.6,24.1
Princes Town,2009-09-04,75.7,0.0,12.8,88.4,1012.1,67.7,8.9,206.88666666666666,17.89333333333333,21347,65566,0,34.1,25.1,29.1,39.5,25.1,32.3,23.9
Princes Town,2009-09-05,74.5,0.0,16.1,73.1,1013.7,50.8,8.7,218.22,18.86,21344,65529,0,34.1,26.1,29.4,39.5,26.1,32.8,23.9
Princes Town,2009-09-06,79.7,1.778,23.0,70.6,1013.2,54.2,7.9,199.56,17.153333333333332,21340,65492,1,33.1,25.7,28.8,40.7,25.7,32.7,24.7
Princes Town,2009-09-07,74.4,0.0,13.9,75.6,1011.0,55.0,7.5,208.3,18.0,21336,65455,0,33.2,25.1,28.8,38.7,25.1,31.5,23.4
Princes Town,2009-09-08,75.5,0.0,15.0,88.4,1011.0,42.1,7.4,220.10666666666665,19.0,21332,65418,0,34.1,26.1,29.1,39.5,26.1,32.7,24.1
Princes Town,2009-09-09,71.6,0.0,13.9,74.9,1011.8,31.7,8.0,220.56666666666666,19.073333333333334,21328,65381,0,34.7,25.2,29.3,38.4,25.2,32.1,23.2
Princes Town,2009-09-10,74.2,0.0,16.1,66.5,1013.0,59.6,7.6,221.02,19.066666666666666,21324,65343,0,34.1,25.1,29.1,39.5,25.1,31.9,23.6
Princes Town,2009-09-11,77.9,0.0,13.9,74.8,1012.7,76.7,7.6,224.56,19.366666666666667,21320,65305,0,35.1,24.1,28.6,42.1,24.1,32.2,24.1
Princes Town,2009-09-12,83.8,0.0,13.9,70.2,1012.1,83.8,8.3,212.50666666666666,18.34,21315,65267,0,30.1,25.1,27.4,36.3,25.1,30.2,24.4
Princes Town,2009-09-13,89.5,25.4,8.1,119.4,1012.7,80.4,6.6,203.20666666666665,17.540000000000003,21311,65229,1,31.1,24.1,26.1,36.7,24.1,27.3,24.2
Princes Town,2009-09-14,84.5,0.0,10.3,71.1,1013.1,88.8,7.8,226.32666666666668,19.566666666666666,21307,65191,0,32.1,24.1,27.2,39.3,24.1,30.1,24.3
Princes Town,2009-09-15,82.3,0.508,16.1,74.4,1012.2,86.7,7.1,220.42666666666668,19.09333333333333,21302,65153,1,31.2,25.1,27.5,37.9,25.1,29.7,24.1
Princes Town,2009-09-16,91.9,16.002,16.1,67.3,1012.3,90.0,6.0,214.72666666666666,18.52,21298,65115,1,30.1,23.7,25.2,36.3,23.7,25.9,23.8
Princes Town,2009-09-17,80.1,0.0,12.8,75.2,1011.9,83.0,8.4,186.08666666666667,16.12,21293,65076,0,33.1,23.1,27.6,38.3,23.1,30.4,23.6
Princes Town,2009-09-18,88.2,27.9908,11.4,70.0,1011.6,84.6,6.7,192.48666666666668,16.64,21289,65038,1,33.1,25.1,26.8,40.7,25.1,28.4,24.6
Princes Town,2009-09-19,80.2,0.0,13.9,70.8,1011.1,70.9,8.9,208.34,18.0,21284,65000,0,33.1,24.1,28.3,39.4,24.1,31.8,24.3
Princes Town,2009-09-20,78.8,0.0,16.1,61.2,1011.6,79.2,9.0,209.92666666666668,18.14,21280,64962,0,33.1,26.1,28.9,40.7,26.1,32.8,24.7
Princes Town,2009-09-21,74.3,0.0,13.9,68.7,1011.6,65.8,8.5,201.86,17.433333333333334,21275,64923,0,34.1,25.7,29.1,39.5,25.7,32.4,23.7
Princes Town,2009-09-22,74.3,0.0,13.9,69.1,1010.8,69.1,9.5,192.45333333333335,16.673333333333332,21271,64885,0,34.1,24.1,28.8,38.4,24.1,31.7,23.4
Princes Town,2009-09-23,76.7,0.0,9.2,81.6,1011.0,90.0,9.1,204.72666666666666,17.71333333333333,21267,64847,0,33.3,24.1,28.6,39.4,24.1,31.7,23.8
Princes Town,2009-09-24,77.6,0.0,12.8,73.0,1011.2,69.6,9.0,206.12,17.8,21263,64809,0,35.1,25.1,28.9,40.8,25.1,32.4,24.2
Princes Town,2009-09-25,85.8,16.9926,17.2,85.3,1011.2,84.2,7.8,210.56666666666666,18.186666666666667,21259,64772,1,32.1,25.1,27.2,38.1,25.1,29.6,24.5
Princes Town,2009-09-26,78.6,0.0,15.0,70.7,1011.5,59.2,8.3,205.72,17.766666666666666,21255,64734,0,34.1,25.1,28.8,40.7,25.1,32.6,24.5
Princes Town,2009-09-27,86.8,1.4986,13.9,71.5,1011.5,81.3,6.6,202.58666666666667,17.52,21252,64697,1,31.1,25.1,27.4,37.9,25.1,30.7,25.0
Princes Town,2009-09-28,78.2,0.0,12.8,80.7,1013.2,58.3,7.7,219.12,18.9,21249,64660,0,33.3,25.1,28.8,39.9,25.1,32.3,24.3
Princes Town,2009-09-29,75.8,0.0,13.9,71.1,1013.5,64.0,8.5,214.77333333333334,18.56,21245,64623,0,33.8,24.1,28.5,40.4,24.1,31.6,23.6
Princes Town,2009-09-30,77.8,0.0,13.9,72.9,1012.6,55.8,8.5,186.40666666666667,16.106666666666666,21243,64586,0,34.1,25.1,28.6,42.1,25.1,32.2,24.1
Princes Town,2009-10-01,80.5,0.0,16.1,58.4,1011.6,50.4,8.2,207.6,17.966666666666665,21240,64550,0,32.7,24.8,28.4,40.3,24.8,32.3,24.6
Princes Town,2009-10-02,77.7,0.0,11.4,75.6,1011.7,75.8,8.4,195.30666666666667,16.853333333333335,21238,64514,0,34.1,25.6,29.0,40.7,25.6,32.8,24.4
Princes Town,2009-10-03,81.6,0.508,17.2,48.1,1012.4,83.8,7.3,194.78,16.88,21236,64478,1,33.1,25.7,28.2,40.7,25.7,31.2,24.6
Princes Town,2009-10-04,76.1,0.0,13.9,63.6,1012.1,73.8,8.8,200.36666666666667,17.353333333333335,21234,64443,0,34.3,25.1,28.8,39.9,25.1,31.9,23.9
Princes Town,2009-10-05,80.0,0.9905999999999999,15.0,56.8,1010.6,68.8,7.6,186.27333333333334,16.133333333333333,21232,64408,1,33.1,24.1,27.8,39.4,24.1,30.4,23.8
Princes Town,2009-10-06,88.3,9.906,11.4,65.4,1010.9,90.8,7.6,177.39333333333335,15.333333333333334,21231,64374,1,29.1,24.1,26.3,34.7,24.1,27.3,24.1
Princes Town,2009-10-07,77.1,8.102599999999999,12.8,82.9,1012.9,49.6,8.1,196.55333333333334,17.0,21230,64340,1,34.1,24.7,28.6,39.5,24.7,31.4,23.8
Princes Town,2009-10-08,76.4,0.7874,15.0,69.1,1013.6,65.0,7.7,185.00666666666666,16.0,21230,64306,1,34.1,24.1,28.6,39.9,24.1,31.5,23.7
Princes Town,2009-10-09,86.0,29.616399999999995,13.9,75.7,1012.0,88.3,6.9,190.38,16.426666666666666,21230,64273,1,31.1,24.1,26.5,37.9,24.1,28.3,23.9
Princes Town,2009-10-10,76.8,0.0,18.3,65.7,1011.5,45.8,6.7,189.80666666666667,16.34,21231,64240,0,33.3,24.3,28.3,38.1,24.3,30.8,23.5
Princes Town,2009-10-11,72.7,0.0,17.2,76.1,1010.6,32.5,7.4,200.69333333333333,17.366666666666667,21231,64208,0,33.1,23.1,28.6,38.2,23.1,31.0,22.9
Princes Town,2009-10-12,76.3,0.0,17.2,73.0,1010.7,62.9,8.3,207.33333333333334,17.913333333333334,21233,64177,0,33.1,24.1,28.2,38.3,24.1,30.5,23.2
Princes Town,2009-10-13,73.4,0.0,18.3,68.8,1010.7,79.6,7.9,204.66,17.64,21234,64146,0,34.1,24.1,28.3,37.9,24.1,30.4,22.6
Princes Town,2009-10-14,77.4,0.0,11.4,83.9,1009.5,64.6,8.3,194.55333333333334,16.806666666666665,21237,64115,0,34.1,24.8,28.6,39.5,24.8,31.6,23.8
Princes Town,2009-10-15,85.0,9.118599999999999,11.4,89.9,1010.0,88.8,7.8,201.80666666666667,17.426666666666666,21239,64086,1,33.1,24.7,27.1,39.4,24.7,28.8,24.1
Princes Town,2009-10-16,79.6,0.3048,15.0,75.3,1011.1,74.3,8.1,205.82666666666668,17.753333333333334,21243,64056,1,33.1,24.8,27.9,38.2,24.8,30.6,23.8
Princes Town,2009-10-17,76.4,0.0,18.3,72.4,1012.3,58.2,7.3,183.88,15.893333333333334,21246,64028,0,33.1,25.1,28.6,38.2,25.1,31.6,23.7
Princes Town,2009-10-18,75.4,0.0,18.3,71.4,1011.0,49.6,7.6,176.84666666666666,15.293333333333333,21251,64000,0,33.1,24.3,28.2,37.2,24.3,30.4,23.1
Princes Town,2009-10-19,80.2,3.302,17.2,76.5,1009.7,81.3,7.1,173.24666666666664,14.933333333333334,21255,63973,1,32.1,25.1,27.4,38.1,25.1,29.5,23.5
Princes Town,2009-10-20,82.0,0.0,9.2,95.2,1010.0,72.5,8.7,188.51333333333332,16.279999999999998,21261,63947,0,31.1,23.7,26.1,36.7,23.7,27.3,22.6
Princes Town,2009-10-21,76.4,0.0,0.0,95.2,1010.0,31.0,8.5,197.66,17.046666666666667,21267,63921,0,33.1,22.1,27.6,38.1,22.1,29.9,22.6
Princes Town,2009-10-22,79.7,0.0,0.0,95.2,1009.9,56.7,7.8,193.70666666666665,16.706666666666667,21273,63896,0,33.1,23.8,27.9,39.4,23.8,30.7,23.8
Princes Town,2009-10-23,86.4,0.0,0.0,95.2,1010.5,70.8,6.5,199.40666666666667,17.28666666666667,21280,63872,0,30.2,25.1,26.9,36.6,25.1,29.1,24.4
Princes Town,2009-10-24,77.5,2.794,0.0,95.2,1011.1,79.6,9.3,193.19333333333333,16.72,21288,63849,1,32.2,25.1,28.2,37.6,25.1,30.6,23.6
Princes Town,2009-10-25,79.0,0.0,0.0,95.2,1011.4,72.1,7.7,184.02666666666667,15.92,21296,63826,0,33.6,23.3,27.8,39.6,23.3,30.4,23.4
Princes Town,2009-10-26,85.1,3.7845999999999997,0.0,95.2,1010.9,52.1,7.8,162.55333333333334,14.033333333333333,21305,63805,1,33.1,23.8,27.1,40.7,23.8,29.4,24.1
Princes Town,2009-10-27,83.0,0.0,0.0,95.2,1010.1,62.2,7.9,178.85333333333335,15.473333333333333,21315,63784,0,33.1,24.1,27.9,39.4,24.1,31.3,24.6
Princes Town,2009-10-28,92.0,31.496,0.0,95.2,1010.3,82.9,6.1,189.16666666666666,16.279999999999998,21325,63764,1,29.3,24.8,25.8,35.2,24.8,26.2,24.3
Princes Town,2009-10-29,85.5,0.9905999999999999,0.0,95.2,1009.4,80.0,7.0,190.05333333333334,16.48,21336,63745,1,31.8,24.1,26.9,38.2,24.1,29.3,24.2
Princes Town,2009-10-30,87.2,15.493999999999998,0.0,95.2,1007.8,88.6,7.2,181.78,15.666666666666666,21348,63727,1,32.1,24.7,26.9,38.1,24.7,29.1,24.5
Princes Town,2009-10-31,83.2,0.0,0.0,95.2,1007.7,90.0,8.0,191.97333333333333,16.606666666666666,21360,63710,0,31.7,24.1,27.3,37.9,24.1,29.7,24.1
Princes Town,2009-11-01,83.3,0.508,0.0,95.2,1008.5,84.8,8.8,187.39333333333335,16.2,21373,63694,1,31.7,23.8,27.4,38.1,23.8,30.2,24.1
Princes Town,2009-11-02,89.6,1.9811999999999999,0.0,95.2,1010.2,82.1,6.8,169.52,14.613333333333333,21387,63679,1,28.6,23.8,25.7,33.2,23.8,26.3,23.8
Princes Town,2009-11-03,81.9,0.0,0.0,95.2,1010.0,81.7,9.0,193.53333333333333,16.720000000000002,21401,63665,0,33.1,24.1,27.8,39.4,24.1,30.4,24.2
Princes Town,2009-11-04,82.5,0.0,0.0,95.2,1010.5,76.3,8.2,183.44666666666666,15.853333333333333,21416,63651,0,33.1,23.1,27.4,39.4,23.1,30.0,23.9
Princes Town,2009-11-05,80.1,0.3048,0.0,95.2,1010.9,55.8,8.2,179.57333333333332,15.533333333333333,21432,63639,1,32.1,24.7,27.9,37.9,24.7,30.8,24.0
Princes Town,2009-11-06,82.7,0.0,0.0,95.2,1010.2,58.8,7.8,170.84666666666666,14.753333333333334,21448,63628,0,32.1,24.1,27.1,38.1,24.1,29.2,23.8
Princes Town,2009-11-07,77.1,0.0,0.0,95.2,1009.8,58.3,8.9,193.63333333333333,16.713333333333335,21465,63618,0,32.3,23.8,28.0,38.2,23.8,30.3,23.3
Princes Town,2009-11-08,79.7,0.0,0.0,95.2,1009.9,65.0,8.7,174.9,15.113333333333333,21483,63609,0,32.1,24.1,27.9,38.1,24.1,30.6,23.8
Princes Town,2009-11-09,80.1,0.0,13.9,100.2,1010.1,75.4,9.0,160.72,13.853333333333333,21501,63600,0,33.3,24.7,28.2,40.7,24.7,31.4,24.2
Princes Town,2009-11-10,78.0,0.0,24.6,111.0,1010.0,80.0,8.8,151.13333333333333,13.020000000000001,21520,63593,0,33.1,25.1,28.7,39.4,25.1,32.0,24.2
Princes Town,2009-11-11,80.2,0.0,13.9,91.9,1009.0,82.1,8.0,178.40666666666667,15.419999999999998,21540,63587,0,33.1,26.1,28.7,39.4,26.1,32.2,24.7
Princes Town,2009-11-12,82.8,0.0,11.4,114.6,1008.2,68.3,7.9,178.55333333333334,15.433333333333334,21560,63582,0,32.3,25.1,28.1,39.3,25.1,31.2,24.7
Princes Town,2009-11-13,82.8,0.0,13.9,102.5,1008.8,52.2,7.9,173.64,15.013333333333332,21581,63579,0,33.1,25.1,28.1,39.4,25.1,31.1,24.7
Princes Town,2009-11-14,78.5,0.0,15.0,110.0,1009.6,60.9,7.7,168.92000000000002,14.613333333333335,21603,63576,0,33.1,23.8,28.0,38.2,23.8,30.6,23.6
Princes Town,2009-11-15,80.1,0.0,13.9,110.8,1010.2,73.0,8.2,179.62666666666667,15.486666666666668,21625,63574,0,33.1,24.1,28.2,39.4,24.1,31.3,24.2
Princes Town,2009-11-16,77.1,0.0,12.8,120.4,1009.6,43.3,7.9,195.67333333333332,16.913333333333334,21648,63573,0,33.7,24.8,28.5,38.7,24.8,31.3,23.7
Princes Town,2009-11-17,79.9,0.0,12.8,117.9,1009.6,52.1,9.2,184.12666666666667,15.906666666666666,21671,63574,0,33.3,24.8,28.3,39.4,24.8,31.4,24.2
Princes Town,2009-11-18,81.2,0.508,15.0,110.0,1009.9,61.5,9.1,185.2866666666667,16.04,21695,63575,1,33.1,25.1,28.1,39.4,25.1,30.8,24.3
Princes Town,2009-11-19,84.1,5.1054,16.1,99.5,1009.9,69.2,8.1,196.6,16.993333333333332,21720,63578,1,32.1,25.1,27.8,39.3,25.1,30.7,24.7
Princes Town,2009-11-20,81.6,2.0065999999999997,15.0,108.2,1010.2,90.0,8.2,192.20666666666665,16.646666666666665,21745,63581,1,33.1,25.1,28.2,39.4,25.1,31.3,24.5
Princes Town,2009-11-21,79.4,0.3048,18.3,106.5,1011.1,59.6,7.2,190.5,16.5,21771,63586,1,32.6,26.1,28.2,38.1,26.1,30.8,24.1
Princes Town,2009-11-22,85.8,14.224,17.2,94.8,1011.5,58.8,7.3,171.72666666666666,14.833333333333334,21798,63592,1,32.1,23.8,26.7,38.1,23.8,28.8,24.1
Princes Town,2009-11-23,86.5,16.002,13.9,87.9,1011.3,77.5,6.4,160.92666666666668,13.873333333333333,21824,63599,1,32.1,24.1,26.9,37.9,24.1,28.8,24.3
Princes Town,2009-11-24,91.2,74.90459999999999,13.9,96.2,1010.5,90.8,5.5,154.43333333333334,13.32,21852,63607,1,30.1,23.7,25.3,36.3,23.7,26.3,23.7
Princes Town,2009-11-25,80.0,15.290799999999999,16.1,106.1,1010.5,64.2,5.9,163.53333333333333,14.126666666666667,21880,63616,1,32.1,23.1,27.3,37.1,23.1,29.3,23.2
Princes Town,2009-11-26,77.9,0.508,13.9,111.0,1011.1,41.3,7.1,165.6,14.34,21908,63626,1,32.1,23.7,27.3,36.9,23.7,29.1,22.8
Princes Town,2009-11-27,83.3,2.9972,16.1,103.3,1010.7,58.8,6.7,154.67999999999998,13.34,21937,63637,1,31.6,22.1,26.3,37.7,22.1,28.2,23.1
Princes Town,2009-11-28,80.9,17.2974,17.2,99.6,1010.5,42.9,8.7,175.19333333333333,15.166666666666666,21966,63649,1,32.1,24.1,27.8,38.1,24.1,30.5,24.0
Princes Town,2009-11-29,84.5,24.892,11.4,105.1,1011.8,80.8,7.4,183.02,15.833333333333334,21995,63662,1,31.1,23.7,26.6,36.7,23.7,28.5,23.6
Princes Town,2009-11-30,89.6,11.176,13.9,117.1,1011.1,84.6,5.9,167.22,14.479999999999999,22025,63676,1,29.3,24.1,25.9,34.4,24.1,26.8,24.0
Princes Town,2009-12-01,80.2,0.0,13.9,83.1,1010.4,39.6,8.1,173.16666666666666,14.96,22055,63691,0,32.3,23.7,27.7,38.1,23.7,30.3,23.7
Princes Town,2009-12-02,78.0,0.0,16.1,102.9,1010.8,35.8,7.8,179.17999999999998,15.533333333333333,22086,63707,0,32.2,24.1,27.9,37.1,24.1,30.5,23.5
Princes Town,2009-12-03,82.2,0.7874,13.9,98.1,1011.2,47.9,7.8,167.67333333333332,14.413333333333332,22116,63724,1,32.1,25.1,27.3,38.1,25.1,29.4,23.9
Princes Town,2009-12-04,79.6,0.0,19.5,105.1,1010.9,61.3,7.8,165.03333333333333,14.233333333333333,22147,63741,0,31.2,24.1,27.3,36.7,24.1,29.0,23.2
Princes Town,2009-12-05,83.2,2.4892,17.2,105.5,1011.3,69.6,7.5,185.76000000000002,16.046666666666667,22179,63760,1,31.1,24.1,26.7,35.6,24.1,28.3,23.4
Princes Town,2009-12-06,84.4,2.8956,19.5,102.4,1012.1,73.8,7.7,193.32000000000002,16.71333333333333,22210,63780,1,31.1,23.7,26.2,35.6,23.7,27.4,23.2
Princes Town,2009-12-07,79.8,0.0,18.3,102.8,1012.1,57.5,7.8,163.80666666666667,14.206666666666667,22242,63800,0,31.6,24.1,27.2,36.7,24.1,29.2,23.2
Princes Town,2009-12-08,81.9,3.9878,20.8,92.9,1012.0,49.1,6.6,159.80666666666667,13.826666666666666,22273,63821,1,31.1,24.1,26.9,35.6,24.1,28.7,23.4
Princes Town,2009-12-09,79.6,0.9905999999999999,23.0,91.5,1011.8,51.7,8.0,171.50666666666666,14.853333333333333,22305,63843,1,31.1,24.1,27.1,35.2,24.1,28.8,23.0
Princes Town,2009-12-10,77.0,2.794,23.0,88.7,1012.6,80.0,7.6,179.23333333333332,15.513333333333332,22337,63866,1,30.2,24.8,27.3,33.7,24.8,29.0,22.8
Princes Town,2009-12-11,82.3,10.998199999999999,19.5,91.4,1013.0,68.3,6.0,177.27333333333334,15.353333333333333,22368,63890,1,31.3,24.1,26.4,36.1,24.1,28.1,22.9
Princes Town,2009-12-12,81.7,5.0038,16.1,104.6,1013.3,46.7,7.2,173.02666666666667,14.993333333333334,22400,63914,1,30.3,23.8,26.2,35.2,23.8,27.5,22.6
Princes Town,2009-12-13,78.7,0.9905999999999999,23.0,94.5,1012.4,45.0,8.0,170.87333333333333,14.766666666666667,22432,63939,1,31.1,22.6,26.6,34.7,22.6,28.1,22.3
Princes Town,2009-12-14,72.4,1.2953999999999999,20.8,93.5,1011.8,40.8,8.6,185.48,16.04,22463,63965,1,31.1,22.7,26.8,33.4,22.7,27.6,21.1
Princes Town,2009-12-15,75.3,0.0,18.3,90.8,1011.5,31.7,8.4,197.0533333333333,17.046666666666667,22495,63991,0,31.7,21.1,25.9,33.7,21.1,26.7,20.7
Princes Town,2009-12-16,77.1,0.0,13.9,99.3,1011.3,31.3,9.1,195.19333333333333,16.866666666666667,22526,64018,0,31.2,20.7,25.7,33.8,20.7,26.5,20.8
Princes Town,2009-12-17,78.6,0.0,13.9,105.1,1010.6,52.5,8.7,193.41333333333333,16.686666666666667,22557,64046,0,32.1,21.1,26.6,36.9,21.1,28.2,22.2
Princes Town,2009-12-18,79.9,0.0,13.9,104.3,1011.0,55.0,8.4,194.24666666666664,16.8,22588,64074,0,31.7,23.1,26.7,36.0,23.1,28.2,22.6
Princes Town,2009-12-19,80.7,0.0,18.3,104.6,1012.1,64.6,8.4,187.10666666666665,16.18,22619,64103,0,31.1,23.1,26.8,36.7,23.1,28.4,23.0
Princes Town,2009-12-20,83.9,0.9905999999999999,17.2,103.6,1013.1,81.3,8.1,194.5,16.8,22649,64132,1,31.1,25.1,27.0,36.7,25.1,28.9,23.9
Princes Town,2009-12-21,81.4,0.0,17.2,97.9,1013.4,68.3,8.3,181.61333333333332,15.706666666666667,22680,64161,0,31.1,24.1,27.6,36.7,24.1,29.9,23.8
Princes Town,2009-12-22,79.0,0.0,16.1,104.5,1013.8,71.3,8.1,188.28,16.246666666666666,22709,64191,0,32.1,23.1,27.6,38.1,23.1,29.6,23.3
Princes Town,2009-12-23,82.4,2.9972,17.2,105.9,1013.0,72.2,7.5,190.60666666666665,16.493333333333332,22739,64222,1,31.2,25.1,27.5,36.7,25.1,29.8,24.1
Princes Town,2009-12-24,83.2,9.7028,13.9,115.1,1012.7,60.0,7.9,181.38,15.673333333333334,22767,64253,1,31.6,25.1,27.6,37.5,25.1,30.1,24.3
Princes Town,2009-12-25,78.6,0.0,13.9,105.8,1012.3,37.9,8.4,198.35333333333335,17.18,22796,64284,0,32.1,24.1,27.4,36.9,24.1,29.3,23.2
Princes Town,2009-12-26,80.1,0.0,17.2,100.8,1011.8,36.7,7.9,199.25333333333336,17.240000000000002,22824,64315,0,31.6,24.1,27.1,35.8,24.1,28.9,23.1
Princes Town,2009-12-27,77.3,0.0,16.1,101.7,1013.0,40.8,8.2,203.98666666666668,17.66,22851,64347,0,32.1,23.1,26.9,35.9,23.1,28.4,22.3
Princes Town,2009-12-28,80.6,1.0921999999999998,19.5,108.4,1013.2,38.3,7.4,197.17333333333332,17.053333333333335,22878,64379,1,31.2,24.1,26.9,35.6,24.1,28.4,23.1
Princes Town,2009-12-29,78.5,0.9905999999999999,17.2,105.3,1013.6,57.0,8.1,181.35333333333335,15.7,22904,64411,1,31.1,23.7,27.0,35.6,23.7,28.6,22.7
Princes Town,2009-12-30,79.3,0.0,35.6,90.5,1014.0,70.4,7.9,178.02666666666667,15.426666666666668,22930,64443,0,32.1,22.3,26.7,35.9,22.3,28.2,22.5
Princes Town,2009-12-31,80.6,0.0,16.1,98.3,1014.2,50.5,7.0,0.0,0.0,22955,64476,0,31.1,23.7,26.6,33.8,23.7,27.9,22.7
Princes Town,2010-01-01,73.8,0.0,16.1,103.5,1013.3,31.3,6.8,266.5,22.9,22979,64508,0,32.1,22.0,26.5,33.7,22.0,27.1,20.6
Princes Town,2010-01-02,74.7,0.0,13.9,118.6,1011.5,32.3,8.1,265.4,22.9,23003,64540,0,32.1,20.9,25.9,34.2,20.9,26.7,20.5
Princes Town,2010-01-03,75.5,0.0,16.1,104.6,1011.3,31.5,8.1,255.0,22.0,23026,64573,0,32.0,21.0,25.8,33.7,21.0,26.7,20.7
Princes Town,2010-01-04,71.8,0.0,18.3,110.9,1012.2,39.3,7.4,251.4,21.7,23048,64606,0,31.9,22.0,26.7,33.9,22.0,27.6,20.9
Princes Town,2010-01-05,74.4,0.0,25.3,99.3,1012.7,51.9,6.7,246.8,21.3,23070,64638,0,31.0,24.0,27.5,34.6,24.0,29.2,22.3
Princes Town,2010-01-06,76.4,0.0,23.0,111.2,1012.7,40.0,6.4,236.8,20.5,23090,64670,0,31.2,24.0,27.2,34.9,24.0,28.9,22.5
Princes Town,2010-01-07,75.9,0.0,17.2,110.2,1013.3,38.5,6.6,254.3,22.0,23110,64703,0,31.1,23.0,26.4,34.6,23.0,27.6,21.6
Princes Town,2010-01-08,83.2,0.9905999999999999,17.2,109.3,1013.4,53.3,6.9,258.2,22.5,23129,64735,1,30.0,22.0,25.0,34.2,22.0,25.9,21.8
Princes Town,2010-01-09,80.2,4.0893999999999995,20.8,104.5,1012.6,50.5,7.3,250.7,21.6,23147,64767,1,30.7,22.0,25.8,35.1,22.0,26.9,21.8
Princes Town,2010-01-10,77.3,0.0,13.9,120.5,1012.5,36.6,7.7,266.7,22.9,23164,64799,0,31.0,22.9,26.4,34.6,22.9,27.6,21.7
Princes Town,2010-01-11,77.5,1.016,17.2,96.8,1013.7,73.5,7.6,255.0,22.0,23181,64830,1,31.8,22.0,26.0,34.6,22.0,27.2,21.4
Princes Town,2010-01-12,81.7,0.3048,17.2,117.8,1013.7,73.8,7.1,258.2,22.4,23196,64861,1,31.0,22.0,25.7,35.5,22.0,26.9,22.1
Princes Town,2010-01-13,79.3,0.0,16.1,112.7,1014.4,45.6,7.4,257.0,22.3,23211,64892,0,32.0,21.0,25.6,35.8,21.0,26.8,21.4
Princes Town,2010-01-14,76.0,0.0,18.3,95.9,1014.1,45.4,7.3,259.1,22.3,23224,64923,0,32.0,22.0,26.7,35.8,22.0,28.1,21.8
Princes Town,2010-01-15,72.0,0.0,21.9,96.3,1015.1,29.2,7.4,264.9,22.8,23237,64953,0,32.0,21.2,26.7,34.2,21.2,27.5,20.7
Princes Town,2010-01-16,74.6,0.0,19.5,96.6,1014.6,40.5,7.3,257.1,22.2,23248,64983,0,32.0,22.0,26.6,34.9,22.0,27.6,21.3
Princes Town,2010-01-17,73.9,0.0,17.2,106.5,1015.0,66.8,7.3,254.2,21.9,23259,65013,0,32.0,21.0,26.5,34.2,21.0,27.5,20.9
Princes Town,2010-01-18,72.7,0.0,20.8,99.4,1014.7,41.1,7.8,259.6,22.5,23268,65042,0,32.0,22.9,26.9,34.9,22.9,27.8,21.1
Princes Town,2010-01-19,77.4,0.0,12.8,107.8,1013.5,74.2,7.0,235.4,20.3,23277,65071,0,31.0,22.0,26.0,33.7,22.0,26.9,21.3
Princes Town,2010-01-20,77.9,0.0,18.3,109.2,1013.1,44.0,6.6,253.1,21.9,23284,65099,0,32.0,22.0,26.2,35.8,22.0,27.5,21.7
Princes Town,2010-01-21,74.3,0.0,23.0,115.0,1013.4,42.9,6.9,261.9,22.7,23291,65127,0,32.0,21.7,26.1,33.1,21.7,26.8,20.6
Princes Town,2010-01-22,75.9,0.3048,18.3,98.4,1013.1,73.1,6.9,262.4,22.7,23297,65154,1,31.1,21.2,26.1,33.1,21.2,27.1,21.1
Princes Town,2010-01-23,71.3,0.0,12.8,113.3,1012.2,80.2,7.1,237.4,20.5,23301,65181,0,32.0,22.9,26.7,33.5,22.9,27.4,20.6
Princes Town,2010-01-24,70.5,0.0,19.5,104.0,1012.3,70.0,7.0,255.0,22.0,23304,65207,0,32.0,21.9,26.4,32.9,21.9,27.1,20.1
Princes Town,2010-01-25,70.2,0.0,18.3,102.3,1012.9,61.5,6.9,232.6,20.2,23307,65233,0,31.8,21.0,26.1,33.8,21.0,26.7,19.8
Princes Town,2010-01-26,71.2,0.0,18.3,103.5,1012.7,56.3,6.8,268.1,23.1,23308,65258,0,32.0,21.0,26.0,32.6,21.0,26.4,19.6
Princes Town,2010-01-27,79.3,0.0,12.8,102.0,1012.7,63.8,6.1,267.2,22.8,23308,65283,0,31.1,19.0,24.6,33.1,19.0,25.5,20.5
Princes Town,2010-01-28,89.5,3.302,15.0,106.4,1011.6,75.4,5.8,243.0,21.0,23308,65306,1,28.2,22.0,24.6,31.6,22.0,25.2,22.7
Princes Town,2010-01-29,77.8,0.3048,18.3,75.7,1011.5,80.0,6.1,221.2,19.1,23306,65330,1,29.0,24.0,26.2,32.1,24.0,27.2,21.9
Princes Town,2010-01-30,70.3,0.0,20.8,92.4,1011.8,69.3,6.9,245.5,21.4,23303,65353,0,31.0,23.7,26.7,33.1,23.7,27.5,20.6
Princes Town,2010-01-31,73.7,0.9905999999999999,19.5,97.8,1012.7,53.3,7.5,260.1,22.4,23299,65375,1,31.1,21.9,26.2,33.3,21.9,27.1,20.8
Princes Town,2010-02-01,75.5,0.0,19.5,95.3,1013.3,60.5,6.9,254.4,22.0,23295,65396,0,31.0,24.0,26.7,34.6,24.0,27.9,21.8
Princes Town,2010-02-02,78.1,0.508,17.2,106.0,1012.5,60.7,7.0,242.8,21.0,23289,65417,1,30.0,23.0,26.0,32.6,23.0,26.8,21.7
Princes Town,2010-02-03,79.9,1.2953999999999999,18.3,98.0,1012.3,69.3,6.4,245.3,21.2,23282,65438,1,31.0,23.0,26.3,34.6,23.0,27.5,22.3
Princes Town,2010-02-04,77.7,0.0,20.8,91.8,1012.0,67.7,7.1,247.8,21.3,23274,65457,0,31.0,23.0,26.8,35.5,23.0,28.4,22.4
Princes Town,2010-02-05,75.2,0.0,18.3,96.7,1012.9,89.1,7.5,263.6,22.8,23265,65476,0,31.0,24.2,27.0,34.6,24.2,28.3,22.0
Princes Town,2010-02-06,73.8,0.0,20.8,90.9,1012.0,81.2,7.6,263.3,22.7,23255,65495,0,32.0,21.0,26.0,34.2,21.0,26.7,20.5
Princes Town,2010-02-07,76.7,0.0,12.8,99.4,1011.8,69.6,7.5,274.6,23.6,23244,65512,0,32.8,20.8,26.3,36.5,20.8,27.7,21.4
Princes Town,2010-02-08,75.3,0.0,17.2,102.4,1012.6,55.1,7.3,252.6,21.8,23232,65529,0,32.1,23.2,27.3,35.1,23.2,28.7,22.2
Princes Town,2010-02-09,73.9,0.0,28.0,94.6,1012.2,42.9,6.0,257.1,22.1,23220,65546,0,31.2,24.0,27.5,34.6,24.0,29.1,22.2
Princes Town,2010-02-10,71.8,0.0,18.3,98.7,1010.8,49.7,7.0,278.6,24.1,23206,65561,0,32.0,23.8,27.1,34.6,23.8,28.1,21.2
Princes Town,2010-02-11,70.5,0.0,13.9,113.5,1010.8,38.1,6.3,291.0,25.1,23191,65577,0,30.612,22.0,27.1,41.3,22.0,27.9,20.6
Princes Town,2010-02-12,72.0,0.0,16.1,94.6,1011.4,33.4,7.3,291.2,25.1,23176,65591,0,32.7,22.0,27.0,35.1,22.0,28.1,21.1
Princes Town,2010-02-13,71.0,0.0,18.3,108.6,1011.3,27.8,7.0,293.4,25.3,23159,65605,0,32.0,23.0,26.8,34.2,23.0,27.7,20.7
Princes Town,2010-02-14,71.9,0.0,18.3,108.2,1011.3,56.1,5.5,290.5,25.2,23142,65618,0,33.0,22.0,26.6,35.3,22.0,27.4,20.7
Princes Town,2010-02-15,72.6,0.0,23.0,116.0,1011.6,44.8,6.8,286.8,24.8,23124,65631,0,32.8,21.0,26.4,34.4,21.0,27.3,20.7
Princes Town,2010-02-16,70.5,0.0,18.3,114.4,1012.2,31.5,7.1,280.8,24.3,23105,65643,0,33.0,22.0,26.8,34.1,22.0,27.4,20.4
Princes Town,2010-02-17,71.8,0.0,16.1,116.8,1011.6,30.8,7.3,275.8,24.0,23085,65654,0,33.0,22.0,26.7,34.6,22.0,27.6,20.6
Princes Town,2010-02-18,72.2,0.0,16.1,111.2,1012.1,28.5,6.3,292.9,25.3,23064,65665,0,32.1,22.0,26.9,34.2,22.0,27.9,20.9
Princes Town,2010-02-19,74.5,0.0,20.8,80.6,1012.7,66.0,7.2,260.4,22.5,23043,65675,0,32.1,23.8,27.4,35.8,23.8,29.1,22.2
Princes Town,2010-02-20,72.2,0.0,17.2,83.0,1013.3,76.0,7.3,244.2,21.0,23021,65685,0,33.0,22.2,27.3,36.1,22.2,28.6,21.4
Princes Town,2010-02-21,71.2,0.0,18.3,108.8,1012.7,63.1,7.4,295.9,25.6,22998,65694,0,32.0,21.0,26.6,33.8,21.0,27.3,20.3
Princes Town,2010-02-22,72.5,0.0,16.1,86.0,1011.4,76.6,7.3,262.9,22.7,22974,65702,0,31.2,24.0,27.4,34.6,24.0,28.8,21.8
Princes Town,2010-02-23,74.9,0.0,17.2,113.7,1010.5,81.0,7.0,263.0,22.8,22949,65710,0,34.0,24.9,27.7,38.3,24.9,29.4,22.6
Princes Town,2010-02-24,72.5,0.0,13.9,115.8,1011.4,57.6,7.2,290.3,25.1,22924,65718,0,36.0,25.0,28.8,40.8,25.0,31.0,22.8
Princes Town,2010-02-25,74.7,0.0,15.0,112.3,1011.0,71.0,6.9,292.6,25.4,22899,65725,0,36.2,25.0,29.0,41.1,25.0,31.6,23.5
Princes Town,2010-02-26,74.1,0.0,15.0,117.5,1010.9,72.6,7.1,294.5,25.6,22872,65731,0,34.0,24.0,28.3,38.3,24.0,30.3,22.7
Princes Town,2010-02-27,73.7,0.0,16.1,122.0,1012.0,89.1,7.3,277.5,24.0,22845,65737,0,34.0,23.2,27.9,37.3,23.2,29.8,22.3
Princes Town,2010-02-28,71.5,0.0,18.3,112.8,1012.4,89.1,7.0,291.0,25.2,22817,65743,0,33.1,24.8,28.2,36.1,24.8,29.8,22.2
Princes Town,2010-03-01,71.7,0.0,16.1,108.4,1012.3,54.6,7.3,275.9,23.8,22789,65748,0,33.1,24.7,28.2,37.1,24.7,30.1,22.3
Princes Town,2010-03-02,70.7,0.0,28.0,100.9,1012.0,40.3,6.9,277.8,24.1,22760,65752,0,34.0,24.0,28.3,38.3,24.0,30.0,22.1
Princes Town,2010-03-03,69.7,0.0,17.2,113.8,1011.8,33.4,7.0,282.2,24.3,22731,65756,0,34.0,24.9,28.7,38.3,24.9,30.9,22.3
Princes Town,2010-03-04,72.9,0.0,19.5,102.3,1012.3,60.3,6.9,287.4,24.8,22701,65760,0,34.0,25.0,28.6,38.3,25.0,30.8,22.9
Princes Town,2010-03-05,74.6,0.0,17.2,120.0,1011.8,37.8,6.5,287.2,24.8,22671,65763,0,33.0,25.0,28.2,37.1,25.0,30.1,22.8
Princes Town,2010-03-06,71.2,0.0,20.8,107.9,1010.7,48.9,6.4,296.1,25.4,22640,65766,0,34.1,24.7,28.3,36.5,24.7,29.9,22.0
Princes Town,2010-03-07,73.0,0.0,13.9,117.1,1010.7,85.8,6.8,297.0,25.7,22609,65769,0,34.1,24.0,28.1,38.2,24.0,29.9,22.3
Princes Town,2010-03-08,73.5,0.0,17.2,116.1,1010.6,49.3,7.0,298.8,25.8,22577,65771,0,35.0,24.0,28.9,38.7,24.0,31.2,23.1
Princes Town,2010-03-09,73.0,0.0,17.2,108.4,1011.6,52.0,6.7,283.3,24.5,22545,65773,0,34.0,25.0,29.1,38.3,25.0,31.9,23.3
Princes Town,2010-03-10,73.4,0.0,16.1,108.2,1011.5,71.7,6.4,267.2,23.1,22513,65775,0,34.0,25.8,28.9,38.3,25.8,31.4,23.2
Princes Town,2010-03-11,70.3,0.0,16.1,114.1,1010.8,55.0,5.1,289.3,24.9,22480,65776,0,34.2,25.0,28.8,37.3,25.0,30.4,22.3
Princes Town,2010-03-12,70.0,0.0,13.9,102.4,1011.1,84.2,7.1,288.3,24.8,22447,65777,0,33.2,24.0,28.0,35.7,24.0,29.1,21.3
Princes Town,2010-03-13,69.6,0.0,19.5,108.7,1011.6,67.1,7.2,306.3,26.5,22413,65778,0,34.0,23.9,27.7,35.8,23.9,28.8,21.2
Princes Town,2010-03-14,71.2,0.0,18.3,122.4,1011.6,42.6,7.2,298.0,25.6,22380,65778,0,33.2,23.9,28.2,37.1,23.9,30.2,21.9
Princes Town,2010-03-15,76.0,0.0,17.2,113.8,1010.9,47.5,6.7,296.5,25.7,22346,65779,0,35.0,26.0,29.4,41.9,26.0,33.2,24.3
Princes Town,2010-03-16,71.8,0.0,18.3,126.1,1011.0,70.7,6.4,300.0,26.0,22311,65779,0,35.0,26.1,29.6,39.6,26.1,33.3,23.5
Princes Town,2010-03-17,71.4,0.0,15.0,120.8,1011.3,82.4,6.4,292.2,25.4,22277,65779,0,35.0,26.0,29.4,38.6,26.0,32.4,23.2
Princes Town,2010-03-18,73.2,0.0,20.8,108.0,1012.5,74.2,6.6,282.1,24.4,22242,65778,0,34.0,26.0,29.1,39.4,26.0,32.3,23.4
Princes Town,2010-03-19,68.5,0.0,19.5,113.5,1014.3,80.0,7.0,232.0,20.2,22208,65778,0,33.0,25.9,28.7,36.1,25.9,30.6,21.9
Princes Town,2010-03-20,69.4,0.0,19.5,109.5,1014.4,53.1,6.3,299.0,25.7,22173,65777,0,34.0,24.0,28.6,36.2,24.0,30.3,21.9
Princes Town,2010-03-21,68.4,0.0,21.9,94.8,1014.7,36.8,5.0,303.5,26.2,22138,65777,0,33.8,25.0,28.6,36.2,25.0,30.3,21.8
Princes Town,2010-03-22,63.7,0.0,23.0,104.2,1013.4,27.0,4.4,279.6,24.0,22102,65776,0,34.0,24.1,28.3,35.1,24.1,29.2,20.2
Princes Town,2010-03-23,68.7,0.0,18.3,107.9,1012.7,46.6,5.9,307.2,26.5,22067,65775,0,33.0,23.0,28.2,35.3,23.0,29.7,21.4
Princes Town,2010-03-24,73.6,4.2926,18.3,96.1,1012.2,51.0,6.8,304.3,26.3,22032,65774,1,33.0,25.0,28.4,37.1,25.0,30.9,22.9
Princes Town,2010-03-25,70.4,0.0,18.3,99.8,1011.9,43.8,6.6,298.0,25.6,21997,65773,0,34.7,25.0,29.1,38.3,25.0,31.4,22.6
Princes Town,2010-03-26,68.0,0.0,19.5,102.7,1011.6,59.6,7.1,239.7,20.8,21961,65772,0,34.0,25.0,28.9,36.5,25.0,31.0,21.9
Princes Town,2010-03-27,66.9,0.0,20.8,104.9,1012.2,89.3,7.0,300.5,25.9,21926,65771,0,34.0,24.9,28.5,35.8,24.9,29.8,21.2
Princes Town,2010-03-28,68.4,0.0,17.2,113.8,1012.0,68.6,6.8,305.6,26.3,21891,65770,0,34.0,23.0,28.2,36.5,23.0,29.7,21.3
Princes Town,2010-03-29,65.7,0.0,16.1,108.8,1011.7,36.6,6.6,314.7,27.1,21856,65769,0,34.0,24.0,28.5,35.8,24.0,29.7,20.8
Princes Town,2010-03-30,69.6,0.0,18.3,108.4,1012.1,57.3,5.4,296.9,25.6,21821,65768,0,34.0,25.0,28.7,37.3,25.0,30.8,22.2
Princes Town,2010-03-31,68.9,0.0,17.2,97.0,1012.1,35.0,5.3,294.4,25.6,21786,65767,0,35.0,24.9,29.3,38.6,24.9,31.5,22.4
Princes Town,2010-04-01,65.3,0.0,16.1,102.5,1011.5,75.1,3.5,278.8,24.1,21751,65766,0,34.8,25.0,29.0,36.1,25.0,30.7,21.3
Princes Town,2010-04-02,70.3,0.0,16.1,112.4,1010.6,89.1,2.7,286.1,24.7,21716,65766,0,34.1,24.0,28.4,37.3,24.0,30.3,22.1
Princes Town,2010-04-03,73.4,0.0,18.3,112.2,1010.2,89.2,4.1,273.3,23.5,21682,65765,0,33.0,25.0,28.6,37.1,25.0,31.3,23.1
Princes Town,2010-04-04,68.9,0.3048,17.2,108.7,1010.6,53.7,5.4,294.0,25.4,21647,65765,1,35.0,25.0,29.1,38.0,25.0,31.3,22.2
Princes Town,2010-04-05,66.4,0.0,18.3,105.3,1011.4,87.9,5.1,275.4,23.6,21613,65764,0,34.1,25.0,29.1,38.3,25.0,31.2,21.8
Princes Town,2010-04-06,64.8,0.0,20.8,99.2,1011.1,85.5,4.5,186.2,16.2,21579,65764,0,34.0,26.8,29.3,36.5,28.9,31.9,21.6
Princes Town,2010-04-07,68.0,0.0,18.3,100.9,1010.9,86.8,5.2,284.7,24.6,21546,65764,0,35.0,25.0,29.6,38.6,25.0,32.3,22.6
Princes Town,2010-04-08,72.2,0.0,18.3,114.9,1011.3,85.7,3.9,224.0,19.4,21513,65764,0,33.0,25.9,28.8,35.7,25.9,31.2,22.8
Princes Town,2010-04-09,69.0,0.3048,17.2,102.5,1012.2,80.2,4.3,283.7,24.3,21479,65764,1,35.0,25.0,29.1,38.1,25.0,31.2,22.3
Princes Town,2010-04-10,63.5,0.0,15.0,101.0,1012.4,86.1,5.9,297.9,25.8,21447,65765,0,35.0,26.0,29.6,36.9,26.0,31.8,21.4
Princes Town,2010-04-11,67.3,0.0,15.0,103.0,1010.6,78.2,5.7,290.2,25.0,21414,65765,0,35.0,24.0,28.9,37.7,24.0,30.7,21.7
Princes Town,2010-04-12,65.7,0.0,17.2,106.8,1009.7,31.3,4.7,300.3,25.9,21382,65766,0,35.0,23.0,28.6,36.3,23.0,29.9,20.8
Princes Town,2010-04-13,73.3,0.0,13.9,108.8,1009.9,72.1,5.0,272.0,23.5,21351,65767,0,33.0,24.8,28.7,37.1,24.8,31.7,23.2
Princes Town,2010-04-14,74.5,0.0,17.2,107.1,1010.8,80.0,6.5,173.9,15.0,21319,65769,0,34.2,26.0,29.3,39.4,26.0,33.2,24.0
Princes Town,2010-04-15,88.0,0.0,12.8,107.0,1010.8,90.1,6.5,110.6,9.6,21289,65771,0,29.9,25.1,27.2,35.8,25.1,29.9,24.9
Princes Town,2010-04-16,87.5,2.0065999999999997,11.4,84.0,1011.1,89.6,5.8,222.4,19.1,21258,65772,1,31.1,24.2,26.6,35.6,24.2,27.8,24.2
Princes Town,2010-04-17,83.7,20.0914,9.2,106.4,1011.2,77.3,7.3,283.2,24.6,21228,65775,1,34.0,24.1,27.3,38.3,24.1,29.8,24.0
Princes Town,2010-04-18,77.0,0.0,12.8,120.4,1011.6,87.7,7.5,286.3,24.8,21199,65777,0,34.0,25.0,29.0,39.4,25.0,32.5,24.2
Princes Town,2010-04-19,77.3,0.0,16.1,109.3,1011.9,73.3,7.5,219.7,19.1,21170,65780,0,34.0,25.8,29.4,42.0,25.8,33.8,24.7
Princes Town,2010-04-20,75.5,0.0,15.0,102.1,1010.8,54.8,8.2,268.9,23.3,21141,65783,0,36.1,26.0,29.8,43.3,26.0,34.8,24.7
Princes Town,2010-04-21,76.8,2.0065999999999997,18.3,114.0,1010.7,72.3,7.9,304.8,26.5,21113,65787,1,34.0,26.8,29.4,40.6,30.2,34.3,24.6
Princes Town,2010-04-22,74.0,0.0,20.8,108.0,1010.9,50.5,7.9,312.8,26.9,21086,65791,0,35.0,23.9,29.4,40.4,23.9,32.8,23.8
Princes Town,2010-04-23,71.2,0.0,18.3,112.3,1011.1,71.3,7.9,301.1,26.0,21059,65795,0,35.0,26.0,29.7,39.7,26.0,33.6,23.6
Princes Town,2010-04-24,75.2,0.0,18.3,105.0,1011.5,89.1,7.3,291.1,25.0,21033,65799,0,34.0,27.0,29.7,40.6,30.1,34.7,24.5
Princes Town,2010-04-25,70.1,0.0,19.5,104.9,1011.6,57.9,7.2,313.5,27.0,21007,65804,0,34.1,26.0,29.8,38.4,26.0,33.6,23.3
Princes Town,2010-04-26,77.8,2.0065999999999997,20.8,104.6,1011.3,71.0,5.3,289.1,25.0,20982,65809,1,34.1,25.9,28.8,40.7,25.9,32.0,24.2
Princes Town,2010-04-27,77.4,13.3096,20.8,105.0,1012.8,92.0,4.0,215.5,18.5,20958,65815,1,34.0,25.8,29.3,39.4,25.8,33.9,24.7
Princes Town,2010-04-28,74.0,0.0,17.2,115.9,1013.6,84.4,4.0,295.5,25.4,20934,65821,0,33.0,26.2,29.2,38.1,26.2,33.2,23.8
Princes Town,2010-04-29,76.8,7.899399999999999,16.1,102.2,1013.7,71.0,5.5,289.6,25.0,20911,65827,1,32.0,25.0,28.2,36.8,25.0,31.0,23.5
Princes Town,2010-04-30,71.5,0.0,15.8,106.0,1013.6,60.1,7.2,298.4,25.9,20888,65834,0,34.1,23.9,28.6,37.3,23.9,30.8,22.4
Princes Town,2010-05-01,68.5,0.0,18.3,98.4,1012.8,45.6,7.1,311.8,26.9,20866,65841,0,35.0,24.0,29.2,37.7,24.0,31.5,22.2
Princes Town,2010-05-02,66.7,0.0,18.3,93.1,1013.3,46.0,7.7,289.8,25.1,20845,65848,0,34.0,24.1,28.7,37.3,24.1,30.2,21.3
Princes Town,2010-05-03,66.5,0.0,18.3,95.4,1013.3,53.9,8.0,233.0,20.1,20825,65856,0,34.1,24.1,28.9,36.5,24.1,30.7,21.4
Princes Town,2010-05-04,65.8,0.3048,15.0,94.4,1012.3,54.2,7.4,307.9,26.4,20805,65865,1,35.0,24.0,29.2,36.3,24.0,30.7,21.3
Princes Town,2010-05-05,67.7,0.0,18.3,112.9,1011.8,50.7,7.7,328.7,28.2,20786,65873,0,34.1,23.8,28.8,37.4,23.8,30.8,21.6
Princes Town,2010-05-06,68.0,0.0,16.1,111.2,1012.0,38.3,7.8,316.5,27.3,20768,65882,0,35.1,24.0,29.2,38.7,24.0,31.2,22.0
Princes Town,2010-05-07,69.2,0.0,18.3,89.8,1012.1,61.7,7.3,279.7,24.0,20750,65892,0,34.1,25.0,29.2,38.4,25.0,31.8,22.6
Princes Town,2010-05-08,68.5,0.0,18.3,96.4,1011.8,42.5,7.3,296.0,25.6,20734,65901,0,35.0,23.3,29.4,38.6,23.3,32.3,22.4
Princes Town,2010-05-09,69.1,0.0,19.5,91.8,1012.5,79.6,7.1,289.2,24.9,20718,65911,0,35.0,24.0,29.4,37.8,24.0,32.2,22.7
Princes Town,2010-05-10,70.0,0.0,18.3,101.6,1011.7,84.3,7.2,232.8,19.9,20702,65922,0,34.0,24.9,29.0,38.3,24.9,31.8,22.7
Princes Town,2010-05-11,67.2,0.0,17.2,99.4,1011.2,66.8,7.4,289.1,25.0,20688,65933,0,35.0,25.0,29.7,39.6,25.0,32.5,22.5
Princes Town,2010-05-12,76.2,0.0,20.8,105.1,1011.2,80.3,7.1,276.8,24.0,20674,65944,0,33.7,26.0,28.3,38.1,26.0,31.3,23.6
Princes Town,2010-05-13,76.7,4.5973999999999995,18.3,113.5,1012.1,75.5,6.6,278.6,24.0,20661,65956,1,33.2,25.0,28.6,38.7,25.0,31.4,23.7
Princes Town,2010-05-14,87.8,26.416,18.3,97.5,1013.3,86.0,6.2,194.8,16.8,20649,65968,1,30.0,25.0,26.8,36.2,25.0,28.8,24.6
Princes Town,2010-05-15,78.0,2.9972,19.5,106.3,1012.7,85.9,6.9,223.3,19.2,20638,65980,1,32.1,26.0,28.5,36.8,26.0,31.8,24.0
Princes Town,2010-05-16,78.3,7.899399999999999,19.5,120.7,1012.2,87.5,7.2,173.0,15.2,20627,65993,1,34.0,26.0,28.9,40.6,26.0,32.8,24.5
Princes Town,2010-05-17,86.0,21.1074,13.9,105.3,1012.4,88.5,4.9,157.7,13.6,20617,66006,1,31.0,26.0,27.8,37.8,26.0,31.3,25.1
Princes Town,2010-05-18,84.7,12.191999999999998,13.9,117.4,1012.5,88.5,5.9,156.0,13.4,20608,66019,1,31.0,25.9,27.8,36.6,25.9,31.2,24.6
Princes Town,2010-05-19,77.5,0.8128,25.3,80.6,1011.4,58.2,6.2,287.2,24.8,20600,66033,1,32.0,26.0,28.8,37.9,26.0,32.6,24.2
Princes Town,2010-05-20,78.3,0.7874,20.8,103.2,1011.4,45.6,6.7,280.0,24.1,20593,66046,1,32.2,25.0,28.7,39.2,25.0,32.3,24.3
Princes Town,2010-05-21,75.6,0.0,21.9,97.4,1011.1,35.4,7.2,292.5,25.1,20586,66061,0,33.2,26.0,29.3,39.6,26.0,33.3,24.3
Princes Town,2010-05-22,78.6,0.9905999999999999,18.3,111.9,1009.9,67.3,5.9,283.6,24.3,20580,66075,1,33.7,25.9,29.1,40.6,25.9,33.4,24.7
Princes Town,2010-05-23,90.0,29.8958,13.9,93.4,1009.6,83.8,5.6,178.6,15.4,20575,66090,1,31.0,25.0,27.0,39.1,25.0,29.8,25.2
Princes Town,2010-05-24,81.9,9.194799999999999,20.8,111.3,1009.8,83.8,5.8,169.9,14.7,20571,66105,1,33.0,25.8,28.7,40.6,25.8,33.1,25.1
Princes Town,2010-05-25,87.1,21.8186,18.3,107.4,1009.9,84.7,5.2,139.2,12.0,20568,66120,1,31.7,25.8,27.9,39.8,25.8,32.7,25.6
Princes Town,2010-05-26,90.8,156.0068,13.9,102.7,1011.6,93.4,4.9,97.6,8.3,20565,66135,1,31.0,24.8,26.2,37.8,24.8,27.8,24.6
Princes Town,2010-05-27,83.0,1.4986,10.3,111.1,1011.9,87.8,6.8,169.2,14.7,20563,66150,1,32.0,25.9,28.1,38.7,25.9,31.4,24.8
Princes Town,2010-05-28,89.5,2.9972,17.2,109.5,1012.3,89.6,6.8,117.2,10.1,20562,66166,1,28.2,25.0,26.6,33.6,25.0,28.4,24.7
Princes Town,2010-05-29,89.9,14.300199999999998,8.1,103.1,1012.3,86.6,7.3,121.0,10.2,20562,66182,1,30.0,25.0,26.7,35.1,25.0,29.2,24.9
Princes Town,2010-05-30,79.3,0.0,13.9,113.0,1013.5,85.3,7.7,188.7,16.3,20562,66198,0,33.0,25.9,29.1,40.6,25.9,33.3,24.9
Princes Town,2010-05-31,79.5,0.0,18.3,107.8,1014.4,56.0,7.2,251.7,21.9,20563,66214,0,33.0,23.9,29.3,40.6,23.9,34.7,25.2
Princes Town,2010-06-01,81.5,9.9822,20.8,106.8,1014.4,49.3,6.7,246.4,21.2,20565,66230,1,33.0,26.1,28.8,42.1,26.1,34.0,25.2
Princes Town,2010-06-02,77.6,0.3048,20.8,102.4,1013.3,30.8,5.2,278.5,24.2,20567,66246,1,33.0,26.0,29.0,39.3,26.0,33.0,24.4
Princes Town,2010-06-03,79.8,0.7874,18.3,94.2,1013.8,57.9,5.9,268.2,23.3,20571,66262,1,33.0,25.0,28.4,38.3,25.0,31.6,24.3
Princes Town,2010-06-04,83.0,24.104599999999998,15.0,116.7,1014.7,84.4,5.8,241.9,20.9,20574,66279,1,33.1,25.0,28.1,39.4,25.0,31.3,24.6
Princes Town,2010-06-05,78.2,0.508,15.0,95.4,1014.4,69.6,7.0,160.7,14.0,20579,66295,1,34.0,25.0,29.0,41.8,25.0,32.9,24.6
Princes Town,2010-06-06,79.3,0.508,20.8,96.5,1013.6,61.7,7.4,204.2,17.6,20584,66311,1,34.1,25.0,28.4,39.5,25.0,31.8,24.3
Princes Town,2010-06-07,79.2,2.5146,13.6,103.2,1013.8,82.6,6.4,127.0,10.9,20590,66327,1,33.0,25.8,28.2,39.3,25.8,31.1,24.1
Princes Town,2010-06-08,87.6,29.921199999999995,12.8,88.4,1014.4,90.5,5.8,79.9,6.9,20597,66344,1,29.0,24.0,26.7,34.6,24.0,29.1,24.4
Princes Town,2010-06-09,86.3,29.209999999999997,11.4,91.5,1013.6,85.7,6.0,117.3,9.9,20604,66360,1,33.1,25.0,27.3,40.3,25.0,30.3,24.7
Princes Town,2010-06-10,87.8,9.8806,10.3,112.6,1014.3,78.9,6.1,203.7,17.5,20611,66376,1,29.7,25.0,26.2,34.4,25.0,27.1,23.9
Princes Town,2010-06-11,81.3,0.0,11.4,100.7,1014.9,69.8,6.5,145.0,12.5,20620,66391,0,31.1,24.0,26.8,35.5,24.0,28.5,23.2
Princes Town,2010-06-12,76.3,0.3048,13.9,110.7,1014.4,33.2,6.8,229.5,19.9,20629,66407,1,33.0,23.9,28.0,38.1,23.9,30.4,23.1
Princes Town,2010-06-13,79.7,0.0,18.3,84.8,1013.0,62.4,6.3,197.6,17.0,20638,66422,0,32.1,25.0,28.2,39.2,25.0,31.6,24.2
Princes Town,2010-06-14,80.4,8.6868,13.4,89.6,1012.8,83.6,6.6,263.5,22.8,20648,66438,1,32.1,24.8,27.7,39.2,24.8,30.2,23.8
Princes Town,2010-06-15,77.0,0.0,20.8,84.3,1012.9,89.1,7.7,188.7,16.4,20658,66453,0,33.0,24.8,28.3,39.1,24.8,31.1,23.6
Princes Town,2010-06-16,84.2,1.2953999999999999,12.1,93.5,1013.2,87.5,6.7,221.2,19.2,20669,66467,1,32.8,25.0,27.9,40.3,25.0,31.7,24.8
Princes Town,2010-06-17,79.8,0.508,12.8,104.5,1012.4,84.2,7.0,215.4,18.5,20680,66482,1,33.1,25.0,28.7,39.4,25.0,32.6,24.6
Princes Town,2010-06-18,77.5,0.0,13.9,105.1,1011.9,84.9,6.4,182.1,15.7,20692,66496,0,34.0,24.9,28.9,39.4,24.9,32.4,24.2
Princes Town,2010-06-19,85.5,9.423399999999999,17.2,94.1,1010.5,87.5,6.5,129.3,11.4,20704,66510,1,31.0,25.8,27.9,40.7,25.8,31.8,25.2
Princes Town,2010-06-20,93.0,15.493999999999998,9.2,106.9,1010.5,79.7,6.5,180.8,15.7,20716,66523,1,28.0,25.0,26.0,32.7,25.0,26.7,24.8
Princes Town,2010-06-21,85.7,28.803599999999996,11.4,125.0,1012.6,90.1,6.5,102.2,9.0,20729,66536,1,29.0,24.8,26.4,32.8,24.8,28.1,23.7
Princes Town,2010-06-22,82.5,1.016,13.9,144.8,1012.5,78.5,7.4,286.2,24.9,20742,66549,1,33.0,25.0,27.7,40.1,25.0,30.4,24.2
Princes Town,2010-06-23,86.7,0.6096,16.1,104.2,1012.9,84.8,6.5,199.0,17.2,20756,66561,1,32.0,25.0,27.1,37.9,25.0,29.4,24.6
Princes Town,2010-06-24,81.7,0.508,11.9,92.1,1012.0,52.6,6.9,240.6,20.8,20770,66573,1,33.0,24.8,28.5,40.6,24.8,32.5,24.8
Princes Town,2010-06-25,82.1,4.0893999999999995,13.9,106.8,1012.3,53.8,7.4,251.2,21.7,20784,66584,1,33.0,26.0,28.6,42.1,26.0,32.8,25.1
Princes Town,2010-06-26,73.9,2.3114,12.8,110.1,1012.2,30.9,7.6,271.9,23.6,20798,66595,1,34.0,25.8,29.4,39.0,25.8,33.1,23.9
Princes Town,2010-06-27,79.8,16.002,14.3,93.5,1011.5,55.2,7.2,232.2,20.0,20813,66605,1,33.0,26.0,28.6,39.3,26.0,32.4,24.5
Princes Town,2010-06-28,74.5,0.0,14.3,91.4,1012.5,63.5,7.0,278.5,24.0,20827,66615,0,34.0,25.0,29.2,40.6,25.0,32.5,23.8
Princes Town,2010-06-29,78.6,2.3114,10.7,93.4,1013.2,59.1,6.8,295.3,25.4,20842,66624,1,33.1,24.9,28.2,38.2,24.9,30.8,23.8
Princes Town,2010-06-30,80.9,5.9944,14.1,99.6,1013.5,60.7,7.1,245.0,21.3,20857,66633,1,33.0,25.0,28.2,40.6,25.0,31.7,24.4
Princes Town,2010-07-01,87.6,18.9992,23.0,106.2,1013.7,88.3,5.1,127.9,11.0,20872,66641,1,31.1,23.0,26.6,37.8,23.0,28.8,24.3
Princes Town,2010-07-02,82.0,5.1054,17.2,104.5,1012.4,68.7,5.5,229.1,19.8,20887,66648,1,33.0,25.0,28.6,40.7,25.0,32.8,24.9
Princes Town,2010-07-03,77.6,0.3048,13.6,91.5,1012.7,77.4,6.7,162.0,14.0,20902,66655,1,32.0,25.0,28.8,38.5,25.0,32.9,24.3
Princes Town,2010-07-04,89.8,13.9954,11.0,56.2,1012.9,89.6,6.6,98.2,8.5,20918,66661,1,27.0,24.0,25.7,30.6,24.0,26.2,23.8
Princes Town,2010-07-05,86.6,2.0065999999999997,13.9,107.2,1012.4,82.6,7.3,185.5,16.2,20933,66667,1,30.1,23.9,26.3,35.1,23.9,28.1,23.8
Princes Town,2010-07-06,79.3,0.508,23.0,90.3,1011.9,78.2,5.6,97.9,8.4,20948,66671,1,33.2,25.2,28.6,39.3,25.2,31.9,24.4
Princes Town,2010-07-07,86.7,5.0038,15.4,96.7,1011.6,84.0,6.7,219.3,18.8,20964,66676,1,33.0,24.9,27.3,40.6,24.9,30.0,24.8
Princes Town,2010-07-08,92.2,14.300199999999998,13.9,96.0,1011.9,89.4,5.7,189.4,16.4,20979,66679,1,28.0,25.0,26.2,32.7,25.0,27.2,24.8
Princes Town,2010-07-09,89.6,0.508,12.8,84.7,1012.8,85.0,6.8,154.7,13.4,20994,66682,1,30.8,25.0,26.6,37.2,25.0,28.4,24.7
Princes Town,2010-07-10,81.2,0.7874,23.0,91.5,1012.4,80.0,6.6,143.7,12.5,21009,66683,1,33.0,26.0,28.8,40.6,26.0,33.2,25.1
Princes Town,2010-07-11,79.8,2.0065999999999997,18.3,100.6,1011.4,79.4,7.3,197.3,17.1,21024,66685,1,32.6,26.0,28.8,39.2,26.0,32.9,24.7
Princes Town,2010-07-12,76.1,0.0,17.2,103.0,1011.2,78.0,7.4,231.8,19.9,21039,66685,0,33.1,25.0,28.9,38.8,25.0,31.9,23.9
Princes Town,2010-07-13,84.3,16.9926,17.2,100.5,1011.3,89.2,6.2,130.9,11.4,21054,66684,1,30.0,25.0,27.1,36.2,25.0,29.5,24.2
Princes Town,2010-07-14,84.7,5.9944,11.4,107.3,1010.9,69.1,6.7,208.8,18.1,21068,66683,1,31.2,24.8,27.5,39.1,24.8,30.3,24.6
Princes Town,2010-07-15,85.8,0.508,20.1,100.5,1011.1,89.2,7.2,225.8,19.7,21082,66681,1,30.0,25.0,27.0,37.4,25.0,29.1,24.3
Princes Town,2010-07-16,82.5,0.8128,17.2,127.9,1012.3,80.2,7.5,170.0,14.6,21096,66678,1,31.0,24.8,27.7,37.9,24.8,30.8,24.3
Princes Town,2010-07-17,86.8,26.8986,6.9,134.5,1015.4,89.4,6.2,152.6,13.2,21110,66675,1,30.0,24.0,26.1,34.2,24.0,27.2,23.7
Princes Town,2010-07-18,80.3,0.0,7.8,114.5,1014.6,75.2,7.2,303.5,26.1,21124,66670,0,33.0,23.1,27.4,38.1,23.1,29.8,23.4
Princes Town,2010-07-19,81.2,4.013199999999999,10.1,121.1,1013.6,55.4,7.7,255.1,22.1,21137,66665,1,33.2,23.8,27.8,39.3,23.8,31.0,24.1
Princes Town,2010-07-20,86.0,0.9905999999999999,11.4,102.2,1013.6,69.4,6.6,189.9,16.4,21150,66659,1,32.0,24.0,26.9,37.9,24.0,28.8,24.2
Princes Town,2010-07-21,87.8,13.4874,9.4,80.8,1013.7,81.9,7.0,151.6,13.2,21163,66652,1,31.0,23.9,26.3,36.6,23.9,28.1,24.0
Princes Town,2010-07-22,87.9,9.906,13.6,96.3,1014.3,54.5,7.8,121.1,10.6,21176,66645,1,31.2,24.0,26.5,39.1,24.0,28.6,24.3
Princes Town,2010-07-23,76.5,0.0,16.1,86.4,1014.6,46.4,7.3,275.2,23.7,21188,66636,0,33.0,23.9,28.2,37.1,23.9,30.6,23.2
Princes Town,2010-07-24,82.6,9.0932,14.5,89.5,1014.1,82.6,7.1,150.7,13.1,21199,66627,1,32.0,24.0,27.7,39.2,24.0,30.9,24.3
Princes Town,2010-07-25,75.9,0.0,13.9,78.5,1012.9,45.1,6.9,282.5,24.5,21211,66616,0,33.1,25.0,28.8,39.4,25.0,32.0,23.8
Princes Town,2010-07-26,76.5,0.1016,17.2,92.1,1012.3,57.1,7.0,274.9,23.7,21222,66605,1,33.0,24.1,28.2,38.1,24.1,31.0,23.4
Princes Town,2010-07-27,88.9,7.112,12.3,118.9,1013.2,86.1,6.3,124.2,10.7,21233,66593,1,31.0,23.9,25.9,36.6,23.9,27.2,23.9
Princes Town,2010-07-28,76.8,0.0,9.8,102.5,1013.6,61.3,8.8,159.6,13.8,21243,66581,0,33.0,23.0,28.1,39.3,23.0,31.1,23.3
Princes Town,2010-07-29,87.4,0.4064,11.4,107.3,1012.9,77.0,5.7,116.8,10.1,21253,66567,1,32.0,25.0,26.6,39.2,25.0,28.1,24.1
Princes Town,2010-07-30,86.1,33.9852,8.1,97.1,1010.7,81.0,6.4,136.2,11.9,21263,66553,1,32.7,24.0,27.3,39.2,24.0,30.2,24.6
Princes Town,2010-07-31,81.8,5.1054,20.1,74.6,1009.4,69.6,7.4,144.7,12.5,21272,66538,1,33.0,24.0,27.9,39.3,24.0,30.6,24.2
Princes Town,2010-08-01,85.8,12.395199999999999,10.1,77.1,1009.5,73.3,7.5,157.9,13.6,21281,66522,1,33.0,25.0,27.5,39.9,25.0,30.2,24.7
Princes Town,2010-08-02,89.3,48.00599999999999,6.0,53.5,1010.0,89.1,6.5,101.4,8.7,21289,66505,1,33.0,24.8,26.4,40.6,24.8,27.8,24.4
Princes Town,2010-08-03,84.0,34.0106,6.7,148.8,1011.2,87.5,7.4,100.2,8.7,21297,66487,1,33.0,24.0,27.4,40.6,24.0,30.2,24.2
Princes Town,2010-08-04,90.5,7.086600000000001,7.6,114.6,1012.3,89.1,6.5,204.8,17.6,21305,66469,1,29.0,24.9,26.0,33.6,24.9,26.7,24.3
Princes Town,2010-08-05,85.1,31.0134,9.4,141.7,1013.0,63.1,7.3,220.8,19.2,21312,66450,1,32.0,24.0,27.3,37.9,24.0,30.1,24.4
Princes Town,2010-08-06,81.8,10.8966,5.1,70.7,1012.2,51.9,7.3,250.6,21.7,21319,66430,1,33.2,24.0,28.1,39.6,24.0,31.6,24.4
Princes Town,2010-08-07,83.2,21.1074,4.9,72.3,1011.7,56.8,6.2,283.1,24.5,21325,66409,1,32.0,24.9,27.3,39.2,24.9,29.3,24.0
Princes Town,2010-08-08,86.5,31.496,9.6,111.9,1012.2,74.6,7.1,167.6,14.4,21331,66387,1,31.1,24.0,26.8,36.8,24.0,28.8,24.2
Princes Town,2010-08-09,86.4,0.0,11.4,135.3,1013.1,88.6,6.4,174.8,15.0,21337,66365,0,32.0,24.0,26.7,37.9,24.0,28.7,24.1
Princes Town,2010-08-10,85.4,48.4886,7.4,135.3,1013.0,71.9,7.2,245.1,21.1,21342,66342,1,31.8,23.0,26.8,37.8,23.0,28.9,23.9
Princes Town,2010-08-11,83.1,0.0,10.1,122.8,1012.8,65.7,7.4,228.7,19.8,21346,66319,0,32.0,24.0,27.4,37.9,24.0,30.2,24.1
Princes Town,2010-08-12,82.1,5.8928,11.9,114.0,1012.7,81.6,7.3,256.6,22.2,21351,66294,1,33.0,25.0,27.9,39.3,25.0,31.0,24.4
Princes Town,2010-08-13,81.8,20.0152,15.2,111.9,1013.4,71.1,6.6,270.7,23.4,21354,66269,1,33.0,25.0,28.1,40.6,25.0,31.4,24.5
Princes Town,2010-08-14,87.2,47.2948,20.1,87.7,1014.7,85.9,6.1,245.4,21.2,21358,66244,1,31.1,24.0,26.3,36.7,24.0,27.7,23.9
Princes Town,2010-08-15,80.4,2.0065999999999997,7.6,87.6,1013.5,58.9,7.4,224.4,19.5,21361,66217,1,34.1,23.0,27.4,40.7,23.0,30.1,23.5
Princes Town,2010-08-16,83.9,9.0932,5.4,142.5,1012.6,77.3,6.7,173.2,14.9,21363,66190,1,31.1,24.0,26.6,35.6,24.0,28.3,23.4
Princes Town,2010-08-17,77.9,0.0,6.7,107.7,1013.4,69.0,7.7,173.2,14.9,21366,66162,0,33.0,24.0,28.4,39.3,24.0,31.4,23.8
Princes Town,2010-08-18,79.7,0.0,8.3,87.1,1012.8,77.0,6.3,143.5,12.3,21368,66134,0,34.0,24.0,28.5,40.6,24.0,32.2,24.3
Princes Town,2010-08-19,80.1,0.0,6.7,102.9,1011.6,69.2,5.9,138.9,12.0,21369,66105,0,32.1,24.0,27.7,39.2,24.0,29.9,23.7
Princes Town,2010-08-20,82.9,0.0,3.1,138.1,1011.7,75.5,7.2,229.2,19.7,21370,66076,0,33.0,23.9,26.9,38.1,23.9,29.1,23.6
Princes Town,2010-08-21,80.5,0.508,6.3,85.4,1012.7,65.3,6.9,123.7,10.6,21371,66046,1,34.0,23.0,27.8,40.4,23.0,30.8,23.8
Princes Town,2010-08-22,82.6,0.0,8.9,97.8,1013.3,71.7,6.8,116.5,10.3,21371,66015,0,34.0,25.0,27.8,40.6,25.0,30.6,24.3
Princes Town,2010-08-23,87.7,18.008599999999998,12.1,94.4,1012.1,78.5,6.6,120.8,10.5,21371,65984,1,31.1,25.0,26.7,39.1,25.0,28.8,24.4
Princes Town,2010-08-24,90.0,2.9972,11.2,93.5,1010.9,83.5,6.4,110.5,9.4,21371,65952,1,31.0,24.0,26.3,36.6,24.0,27.8,24.5
Princes Town,2010-08-25,84.9,10.693399999999999,9.6,113.9,1011.5,75.6,6.9,131.5,11.5,21370,65920,1,33.0,24.8,27.5,40.6,24.8,30.8,24.6
Princes Town,2010-08-26,86.7,47.0154,10.3,134.2,1011.9,83.5,6.9,147.3,12.8,21369,65887,1,33.0,24.2,27.1,40.6,24.2,28.9,24.5
Princes Town,2010-08-27,78.3,0.2032,10.1,114.0,1011.9,79.8,7.0,199.8,17.2,21368,65854,1,34.0,24.0,28.8,42.0,24.0,32.6,24.3
Princes Town,2010-08-28,78.8,0.0,6.9,87.1,1011.3,59.6,7.5,161.0,13.9,21367,65821,0,35.0,24.7,28.5,41.9,24.7,31.5,24.1
Princes Town,2010-08-29,82.3,5.1054,6.0,112.3,1010.7,82.9,7.0,232.3,20.1,21365,65787,1,35.0,25.0,27.7,43.3,25.0,30.0,24.2
Princes Town,2010-08-30,83.9,7.112,9.2,125.7,1010.9,90.3,6.5,183.8,15.9,21363,65752,1,33.7,24.0,27.9,42.7,24.0,31.4,24.7
Princes Town,2010-08-31,79.1,21.59,8.3,128.0,1009.7,93.3,7.4,152.1,13.1,21360,65717,1,35.1,25.0,29.0,43.4,25.0,33.1,24.7
Princes Town,2010-09-01,74.7,0.0,13.4,112.7,1011.1,77.9,7.6,251.9,21.9,21358,65682,0,34.0,25.0,29.2,40.6,25.0,32.8,23.9
Princes Town,2010-09-02,82.4,0.0,12.1,86.8,1013.7,78.4,6.9,126.3,11.0,21355,65647,0,32.0,25.0,27.9,39.2,25.0,31.3,24.5
Princes Town,2010-09-03,77.4,0.0,8.7,41.9,1013.2,74.5,7.3,131.7,11.4,21352,65611,0,33.1,24.8,28.9,40.6,24.8,32.6,24.3
Princes Town,2010-09-04,86.6,22.098,6.5,69.0,1012.3,76.1,6.7,120.2,10.6,21348,65575,1,33.2,24.0,26.6,40.6,24.0,27.8,23.9
Princes Town,2010-09-05,80.5,0.508,6.0,113.7,1011.8,78.3,7.3,191.4,16.6,21345,65538,1,33.2,24.0,28.0,39.3,24.0,31.1,23.9
Princes Town,2010-09-06,81.2,0.0,8.7,101.3,1012.5,61.0,6.5,146.6,12.4,21341,65501,0,33.8,24.0,28.2,41.3,24.0,31.3,24.3
Princes Town,2010-09-07,85.6,53.1114,7.2,112.7,1012.3,74.2,6.7,103.7,9.0,21338,65465,1,33.0,23.2,26.8,40.6,23.2,28.9,24.1
Princes Town,2010-09-08,87.1,4.2926,4.3,46.2,1011.6,80.0,6.9,128.6,10.9,21334,65427,1,33.0,23.8,26.2,40.6,23.8,27.7,23.7
Princes Town,2010-09-09,85.8,89.89059999999999,7.4,319.5,1011.2,87.3,6.8,132.1,11.3,21330,65390,1,31.0,23.0,26.3,35.5,23.0,27.8,23.5
Princes Town,2010-09-10,84.5,2.0065999999999997,7.4,188.2,1010.2,89.2,7.3,191.7,16.6,21326,65352,1,32.0,23.7,27.1,38.5,23.7,29.6,24.1
Princes Town,2010-09-11,80.8,2.3114,8.9,158.2,1010.6,88.4,6.1,212.9,18.5,21321,65315,1,33.0,24.0,27.8,38.1,24.0,30.8,23.9
Princes Town,2010-09-12,83.9,43.2054,8.7,137.4,1010.6,66.1,7.3,196.7,16.9,21317,65277,1,33.7,25.0,27.7,40.3,25.0,30.2,24.5
Princes Town,2010-09-13,82.5,0.508,7.8,117.9,1010.1,53.4,7.5,129.5,11.3,21312,65239,1,33.0,23.9,27.8,40.6,23.9,31.2,24.3
Princes Town,2010-09-14,79.1,0.0,6.5,135.9,1010.6,68.4,7.9,237.2,20.4,21308,65201,0,35.0,24.8,28.3,41.9,24.8,31.2,24.0
Princes Town,2010-09-15,84.6,9.906,7.2,124.1,1009.9,82.8,7.2,220.8,19.1,21304,65162,1,33.9,24.0,27.3,40.6,24.0,29.8,24.3
Princes Town,2010-09-16,78.3,0.7874,5.8,152.2,1008.6,87.6,7.1,125.9,10.8,21299,65124,1,34.1,25.0,28.7,40.7,25.0,32.1,24.1
Princes Town,2010-09-17,88.2,37.4142,7.8,170.7,1009.3,89.6,6.5,118.0,10.3,21294,65086,1,32.2,23.9,26.4,38.2,23.9,28.1,24.2
Princes Town,2010-09-18,83.9,4.0893999999999995,8.5,132.0,1011.2,90.7,7.2,150.8,13.0,21290,65048,1,33.0,23.8,27.5,40.6,23.8,31.0,24.4
Princes Town,2010-09-19,80.2,0.0,5.1,93.9,1011.5,84.3,7.3,164.8,14.3,21286,65009,0,34.0,25.0,28.3,40.4,25.0,31.3,24.3
Princes Town,2010-09-20,86.3,6.095999999999999,7.6,178.9,1009.8,87.5,6.6,118.7,10.4,21281,64971,1,32.7,24.0,26.7,38.8,24.0,28.4,24.1
Princes Town,2010-09-21,87.7,7.112,8.1,132.5,1010.3,90.3,7.3,143.0,12.3,21277,64933,1,31.0,23.9,26.2,36.6,23.9,27.9,23.9
Princes Town,2010-09-22,82.4,0.0,10.3,108.3,1010.4,63.5,7.3,177.0,15.3,21273,64895,0,33.2,24.0,27.8,40.8,24.0,31.2,24.3
Princes Town,2010-09-23,83.5,1.2953999999999999,7.6,99.1,1010.1,71.7,7.3,185.0,15.9,21268,64857,1,32.0,24.7,27.4,37.9,24.7,30.2,24.2
Princes Town,2010-09-24,80.3,0.0,11.6,113.9,1009.9,52.6,7.2,255.5,22.1,21264,64819,0,33.0,24.8,28.3,40.2,24.8,31.7,24.3
Princes Town,2010-09-25,83.8,4.0893999999999995,12.3,120.8,1010.7,75.2,6.7,251.6,21.8,21260,64781,1,33.0,25.0,27.1,39.3,25.0,28.9,24.0
Princes Town,2010-09-26,78.8,0.0,9.2,115.7,1010.5,63.4,7.3,161.4,13.8,21257,64744,0,34.0,23.9,28.1,39.4,23.9,30.5,23.7
Princes Town,2010-09-27,85.4,7.899399999999999,10.1,114.1,1009.9,72.8,7.2,128.5,11.1,21253,64706,1,33.0,24.8,27.3,39.3,24.8,29.3,24.4
Princes Town,2010-09-28,77.0,0.0,8.9,88.8,1008.9,57.0,7.5,185.5,15.9,21250,64669,0,33.1,24.0,28.3,39.2,24.0,30.9,23.3
Princes Town,2010-09-29,80.2,2.0065999999999997,10.1,89.7,1009.4,77.7,7.1,233.1,20.0,21247,64632,1,34.0,24.0,28.2,40.6,24.0,31.1,24.2
Princes Town,2010-09-30,86.5,0.0,6.5,114.1,1009.2,75.5,6.8,164.3,14.1,21244,64596,0,34.7,24.0,27.1,42.6,24.0,29.1,24.3
Princes Town,2010-10-01,89.3,14.1986,5.6,129.3,1009.0,81.8,7.5,155.3,13.5,21241,64559,1,31.0,23.7,26.6,36.6,23.7,28.8,24.6
Princes Town,2010-10-02,81.8,0.3048,12.3,178.9,1009.2,90.3,7.7,166.4,14.4,21238,64523,1,32.0,25.0,27.6,37.9,25.0,29.8,23.9
Princes Town,2010-10-03,77.1,0.0,9.2,131.5,1009.5,89.1,7.3,180.6,15.5,21236,64487,0,35.0,25.0,29.2,41.9,25.0,33.4,24.5
Princes Town,2010-10-04,80.3,0.0,14.1,133.9,1010.6,90.4,7.2,211.2,18.3,21234,64452,0,34.0,23.0,27.9,40.6,23.0,31.2,23.8
Princes Town,2010-10-05,80.6,0.0,10.7,128.4,1010.6,85.9,7.2,163.9,14.3,21233,64417,0,33.0,25.9,29.0,40.6,25.9,33.4,25.1
Princes Town,2010-10-06,78.7,1.778,12.5,129.6,1010.9,87.8,7.0,119.4,10.3,21232,64382,1,33.1,25.9,28.8,40.3,25.9,32.8,24.5
Princes Town,2010-10-07,76.8,0.0,12.8,118.4,1011.7,87.5,7.2,255.1,22.0,21231,64348,0,32.2,26.0,28.9,40.7,26.0,32.6,24.2
Princes Town,2010-10-08,79.4,0.0,11.4,102.1,1011.7,73.5,7.4,179.9,15.4,21230,64315,0,34.0,25.0,28.7,42.1,25.0,32.7,24.6
Princes Town,2010-10-09,81.5,0.9905999999999999,10.3,115.9,1012.0,52.2,8.0,175.5,15.2,21230,64281,1,33.0,25.0,28.6,40.7,25.0,32.4,24.8
Princes Town,2010-10-10,76.3,0.0,18.3,113.1,1012.4,47.9,7.5,257.2,22.3,21231,64249,0,33.0,26.0,29.2,39.3,26.0,33.1,24.2
Princes Town,2010-10-11,74.4,0.0,20.1,96.7,1012.5,38.7,7.5,269.1,23.3,21231,64216,0,33.0,24.0,28.7,38.1,24.0,31.7,23.4
Princes Town,2010-10-12,80.9,0.9905999999999999,20.1,98.4,1012.0,45.2,7.0,199.7,17.2,21233,64185,1,33.0,25.0,27.8,39.3,25.0,30.4,24.0
Princes Town,2010-10-13,79.8,0.0,12.1,95.3,1011.9,42.7,6.9,271.8,23.3,21234,64154,0,34.0,21.9,27.9,40.6,21.9,30.6,23.8
Princes Town,2010-10-14,87.8,0.0,11.9,90.7,1011.6,70.5,6.6,189.6,16.3,21236,64123,0,30.0,24.9,26.2,35.1,24.9,27.4,23.9
Princes Town,2010-10-15,80.0,0.0,11.9,93.8,1011.0,45.5,7.8,192.9,16.6,21239,64093,0,34.0,24.0,28.4,42.0,24.0,32.1,24.4
Princes Town,2010-10-16,82.0,0.3048,20.1,91.5,1011.5,55.2,7.6,96.6,8.4,21242,64064,1,33.1,24.0,28.1,40.6,24.0,31.3,24.5
Princes Town,2010-10-17,83.9,19.1008,8.5,69.0,1011.7,68.2,7.3,91.0,7.9,21246,64035,1,34.1,24.0,27.2,40.4,24.0,29.4,23.9
Princes Town,2010-10-18,83.3,0.0,9.4,77.1,1011.5,68.4,6.8,149.3,13.0,21250,64007,0,33.4,24.0,27.1,39.9,24.0,29.2,23.7
Princes Town,2010-10-19,82.4,15.011399999999998,10.1,77.5,1011.5,50.1,6.9,228.2,19.6,21254,63980,1,32.2,23.9,27.0,38.2,23.9,29.1,23.6
Princes Town,2010-10-20,84.3,2.5146,20.1,89.2,1010.8,70.4,7.3,178.6,15.5,21260,63953,1,32.0,24.8,26.8,39.2,24.8,28.9,23.9
Princes Town,2010-10-21,78.7,0.0,13.0,77.2,1011.2,82.6,7.7,221.4,19.1,21265,63928,0,33.0,23.0,27.7,38.1,23.0,30.1,23.3
Princes Town,2010-10-22,82.1,0.9905999999999999,11.9,86.5,1010.8,70.3,7.4,263.2,22.7,21272,63903,1,33.0,24.0,27.9,39.3,24.0,31.1,24.3
Princes Town,2010-10-23,75.2,0.508,14.8,60.2,1009.9,31.1,7.6,270.3,23.3,21279,63878,1,33.1,24.0,28.5,38.1,24.0,31.2,23.3
Princes Town,2010-10-24,75.7,0.0,14.1,64.3,1008.9,72.6,7.4,274.7,23.7,21286,63855,0,33.0,24.0,27.8,37.1,24.0,29.7,22.8
Princes Town,2010-10-25,82.8,0.9905999999999999,11.2,73.6,1009.2,74.7,7.4,223.3,19.3,21295,63832,1,32.0,23.0,26.6,37.9,23.0,28.7,23.3
Princes Town,2010-10-26,80.6,0.0,10.7,105.7,1009.7,88.3,7.8,92.6,8.2,21303,63810,0,33.0,23.0,27.4,39.3,23.0,30.2,23.4
Princes Town,2010-10-27,85.4,0.9905999999999999,10.5,70.0,1009.5,85.9,7.5,163.2,14.3,21313,63789,1,32.0,24.0,26.7,39.2,24.0,28.7,23.9
Princes Town,2010-10-28,82.0,2.9972,9.2,107.7,1009.2,82.3,7.5,186.4,16.0,21323,63769,1,32.0,23.0,26.8,37.9,23.0,28.8,23.3
Princes Town,2010-10-29,78.0,0.3048,10.7,40.9,1008.8,89.3,7.7,168.8,14.6,21334,63750,1,34.0,24.9,28.1,39.4,24.9,30.2,23.5
Princes Town,2010-10-30,78.2,0.2032,6.9,162.6,1007.8,86.2,7.7,164.7,14.2,21345,63732,1,33.0,24.0,28.3,39.3,24.0,31.2,23.8
Princes Town,2010-10-31,86.5,6.095999999999999,11.6,107.4,1009.7,90.0,6.5,105.9,9.2,21357,63715,1,30.8,24.0,26.9,38.6,24.0,29.7,24.4
Princes Town,2010-11-01,82.6,2.0065999999999997,13.6,88.4,1011.3,86.3,7.2,160.3,13.8,21370,63698,1,32.1,26.0,28.2,39.3,26.0,32.2,24.8
Princes Town,2010-11-02,85.0,7.899399999999999,6.9,87.9,1009.4,89.3,6.6,176.4,15.2,21384,63683,1,33.1,24.0,27.3,40.9,24.0,29.6,24.4
Princes Town,2010-11-03,76.9,0.9905999999999999,11.4,23.4,1007.8,87.5,7.3,109.3,9.5,21398,63668,1,33.7,24.0,28.2,40.6,24.0,30.6,23.4
Princes Town,2010-11-04,82.9,0.0,12.8,105.6,1007.5,76.3,7.2,146.2,12.7,21412,63655,0,32.2,23.0,27.2,36.2,23.0,29.6,23.8
Princes Town,2010-11-05,88.3,43.8912,13.3,115.2,1009.7,84.5,6.1,195.5,16.9,21428,63642,1,30.7,24.0,26.2,36.3,24.0,27.4,24.1
Princes Town,2010-11-06,85.3,32.004,10.3,105.0,1009.6,82.2,7.2,214.3,18.6,21444,63631,1,31.1,24.9,27.3,39.3,24.9,29.9,24.4
Princes Town,2010-11-07,82.0,2.0065999999999997,9.4,123.0,1008.5,58.7,7.5,240.9,20.8,21461,63620,1,33.1,24.0,27.8,39.3,24.0,30.6,24.2
Princes Town,2010-11-08,78.8,0.0,20.1,118.0,1008.6,43.8,7.9,207.2,18.0,21478,63611,0,33.0,24.9,28.2,39.3,24.9,31.1,23.9
Princes Town,2010-11-09,77.9,0.0,13.4,108.4,1009.5,58.3,7.8,238.0,20.6,21497,63603,0,33.1,25.0,28.3,39.3,25.0,31.3,23.8
Princes Town,2010-11-10,79.6,0.0,13.9,99.5,1009.8,45.0,7.4,123.0,10.6,21515,63595,0,33.1,24.0,28.3,39.4,24.0,30.9,24.0
Princes Town,2010-11-11,87.7,9.398,13.9,93.2,1010.4,78.5,6.1,105.6,9.1,21535,63589,1,32.0,25.0,27.0,39.2,25.0,29.2,24.7
Princes Town,2010-11-12,83.5,0.0,9.2,112.5,1010.9,89.1,7.2,136.6,11.9,21555,63584,0,33.1,24.0,27.8,40.7,24.0,30.9,24.5
Princes Town,2010-11-13,83.6,5.1054,13.9,110.6,1010.9,77.4,7.3,136.9,11.8,21576,63580,1,32.0,24.0,27.3,39.2,24.0,29.5,24.1
Princes Town,2010-11-14,89.4,17.779999999999998,10.3,97.5,1011.1,89.4,6.6,91.0,7.9,21598,63577,1,28.0,23.0,25.8,31.9,23.0,26.9,23.8
Princes Town,2010-11-15,80.9,0.0,16.1,93.4,1010.3,65.4,7.4,121.6,10.3,21620,63575,0,32.9,23.8,27.4,38.8,23.8,29.7,23.6
Princes Town,2010-11-16,77.1,0.0,13.9,92.1,1010.4,49.9,7.9,240.0,20.8,21642,63574,0,33.1,24.0,28.0,39.4,24.0,30.5,23.3
Princes Town,2010-11-17,91.4,123.5202,11.4,86.8,1010.7,72.5,6.2,143.7,12.6,21666,63574,1,28.1,24.0,25.8,32.2,24.0,26.4,24.3
Princes Town,2010-11-18,79.9,0.508,11.4,121.0,1009.9,69.4,7.4,117.6,10.2,21690,63575,1,33.1,23.0,27.4,38.2,23.0,29.9,23.4
Princes Town,2010-11-19,79.1,0.7874,12.8,110.3,1009.8,52.3,7.4,219.7,18.9,21714,63577,1,33.1,23.7,27.7,39.3,23.7,30.2,23.4
Princes Town,2010-11-20,83.5,9.0932,17.2,116.8,1010.8,55.2,7.0,161.8,13.9,21739,63581,1,32.2,23.0,26.5,37.9,23.0,28.1,23.3
Princes Town,2010-11-21,86.6,3.5052000000000003,13.9,82.6,1011.0,81.2,6.5,121.1,10.6,21765,63585,1,29.1,24.0,25.9,34.6,24.0,27.2,23.4
Princes Town,2010-11-22,87.5,32.004,14.3,92.0,1009.6,79.1,6.2,96.6,8.3,21791,63591,1,32.1,23.0,25.6,36.6,23.0,26.4,23.1
Princes Town,2010-11-23,90.6,27.914599999999997,9.2,94.1,1007.8,90.2,6.1,63.0,5.4,21818,63597,1,31.0,22.8,24.9,36.6,22.8,26.0,23.2
Princes Town,2010-11-24,93.2,18.9992,16.1,88.3,1008.1,83.8,5.2,147.2,12.9,21845,63605,1,27.0,23.0,24.6,29.6,23.0,24.7,23.3
Princes Town,2010-11-25,84.8,1.2953999999999999,18.3,92.2,1008.9,73.5,6.8,96.8,8.5,21873,63614,1,32.0,24.0,26.9,39.2,24.0,29.2,24.1
Princes Town,2010-11-26,95.0,50.0888,12.8,82.2,1009.4,89.8,5.3,68.7,6.0,21901,63623,1,25.1,24.0,24.6,25.1,24.0,24.6,23.8
Princes Town,2010-11-27,86.5,1.2953999999999999,13.9,98.6,1010.3,87.6,6.7,93.5,8.0,21930,63634,1,32.1,23.9,26.6,39.8,23.9,28.6,23.9
Princes Town,2010-11-28,81.4,0.0,16.1,100.6,1010.1,45.2,6.7,172.5,14.9,21959,63646,0,32.1,24.0,27.3,36.8,24.0,29.4,23.6
Princes Town,2010-11-29,88.2,13.8938,16.1,83.8,1009.5,68.5,6.2,154.1,13.4,21988,63659,1,30.0,24.0,25.9,36.2,24.0,27.3,23.7
Princes Town,2010-11-30,77.5,4.0893999999999995,16.1,90.4,1009.4,75.0,6.9,122.1,10.4,22018,63672,1,31.3,24.0,27.0,35.3,24.0,28.5,22.5
Princes Town,2010-12-01,76.2,0.0,12.8,98.7,1009.6,77.1,7.4,223.7,19.4,22048,63687,0,32.1,23.0,27.1,35.9,23.0,28.6,22.2
Princes Town,2010-12-02,85.2,0.9905999999999999,24.6,96.5,1009.5,89.1,6.9,222.8,19.2,22078,63703,1,29.2,24.0,25.8,33.9,24.0,26.9,23.1
Princes Town,2010-12-03,87.8,8.407399999999999,13.9,97.1,1009.8,85.4,6.1,168.2,14.4,22109,63720,1,29.0,23.0,25.4,33.6,23.0,26.6,23.2
Princes Town,2010-12-04,91.4,24.180799999999998,15.0,94.1,1010.9,89.6,5.6,196.1,16.9,22140,63737,1,30.9,23.8,25.3,37.4,23.8,26.2,23.7
Princes Town,2010-12-05,83.4,7.899399999999999,16.1,106.7,1011.5,61.5,7.3,208.6,17.9,22171,63756,1,31.1,23.0,26.9,37.5,23.0,29.1,23.7
Princes Town,2010-12-06,78.3,0.0,17.2,87.1,1011.3,65.1,7.7,175.6,15.1,22203,63775,0,32.0,24.8,27.4,35.8,24.8,29.0,23.0
Princes Town,2010-12-07,88.8,7.112,15.0,101.9,1011.1,85.4,6.7,97.3,8.5,22234,63795,1,32.0,23.0,25.2,37.9,23.0,26.4,23.2
Princes Town,2010-12-08,91.6,28.498800000000003,12.8,101.0,1010.8,76.6,6.3,135.8,11.7,22266,63816,1,30.1,24.0,25.6,35.2,24.0,26.4,24.1
Princes Town,2010-12-09,88.6,11.8872,16.1,86.7,1010.1,64.9,6.1,160.5,13.9,22297,63838,1,30.0,22.9,25.7,36.2,22.9,27.1,23.6
Princes Town,2010-12-10,85.3,0.9905999999999999,23.0,91.6,1009.5,64.5,7.2,184.9,16.0,22329,63861,1,31.0,23.0,26.7,36.6,23.0,28.7,23.9
Princes Town,2010-12-11,85.7,11.684,15.0,81.7,1009.9,82.4,6.5,229.3,20.0,22361,63884,1,31.1,24.0,26.9,37.9,24.0,29.0,24.1
Princes Town,2010-12-12,79.6,0.0,13.9,103.0,1009.2,39.2,7.7,236.4,20.6,22393,63908,0,32.0,23.0,27.0,37.9,23.0,28.8,22.9
Princes Town,2010-12-13,75.5,7.899399999999999,12.8,108.3,1008.5,31.5,7.5,258.1,22.3,22424,63933,1,32.2,22.0,26.7,35.8,22.0,27.9,21.5
Princes Town,2010-12-14,84.3,2.0065999999999997,13.9,98.6,1007.4,67.5,6.8,236.0,20.5,22456,63959,1,31.0,22.6,25.9,34.6,22.6,27.4,22.9
Princes Town,2010-12-15,93.3,5.6133999999999995,13.9,95.7,1008.3,89.6,5.6,220.0,19.2,22487,63985,1,25.7,23.0,24.2,25.7,23.0,24.2,23.1
Princes Town,2010-12-16,83.5,0.0,13.9,92.4,1010.6,80.9,7.3,124.5,10.7,22519,64012,0,31.2,22.0,26.1,37.0,22.0,28.2,22.9
Princes Town,2010-12-17,80.9,0.0,12.8,94.9,1010.8,82.9,7.9,201.2,17.5,22550,64039,0,31.2,23.0,26.5,35.8,23.0,28.1,22.7
Princes Town,2010-12-18,79.4,0.0,20.1,75.5,1009.3,75.8,7.4,245.1,21.3,22581,64067,0,32.0,22.0,26.3,35.8,22.0,27.8,22.2
Princes Town,2010-12-19,79.4,0.0,11.4,108.0,1008.6,57.0,7.3,244.9,21.3,22612,64096,0,32.0,22.9,26.7,36.8,22.9,28.6,22.6
Princes Town,2010-12-20,78.7,0.0,13.9,118.7,1009.8,31.7,7.6,253.0,21.9,22642,64125,0,32.1,23.0,26.9,35.8,23.0,28.5,22.4
Princes Town,2010-12-21,84.7,7.899399999999999,9.2,357.1,1010.6,75.0,6.5,212.2,18.2,22672,64154,1,34.0,23.0,26.4,37.3,23.0,27.7,23.2
Princes Town,2010-12-22,90.8,0.9905999999999999,13.9,102.7,1011.6,83.6,5.9,182.1,15.8,22702,64184,1,27.9,22.0,24.8,31.7,22.0,25.5,23.2
Princes Town,2010-12-23,86.9,11.684,9.2,103.8,1010.6,85.8,6.9,130.9,11.1,22732,64215,1,31.0,23.0,26.0,36.6,23.0,27.6,23.5
Princes Town,2010-12-24,88.4,10.413999999999998,11.4,99.0,1010.3,72.3,7.3,117.2,10.2,22761,64245,1,32.1,23.0,26.2,37.7,23.0,28.3,23.9
Princes Town,2010-12-25,82.9,0.0,16.1,95.7,1010.9,78.0,7.4,224.8,19.5,22789,64276,0,31.7,23.0,26.6,37.3,23.0,28.7,23.3
Princes Town,2010-12-26,80.5,0.0,17.2,95.2,1011.6,78.1,6.9,214.1,18.6,22817,64308,0,31.0,23.0,27.1,35.5,23.0,28.9,23.2
Princes Town,2010-12-27,80.2,0.9905999999999999,20.8,90.8,1011.2,89.1,6.8,237.9,20.5,22845,64339,1,30.2,25.0,27.4,35.1,25.0,30.0,23.6
Princes Town,2010-12-28,75.2,0.0,15.0,85.3,1011.4,58.5,7.4,251.6,21.8,22872,64371,0,32.0,23.0,27.3,35.5,23.0,28.8,22.2
Princes Town,2010-12-29,80.0,0.9905999999999999,23.0,80.2,1010.1,79.0,7.2,248.3,21.6,22898,64403,1,31.0,22.0,26.2,35.5,22.0,27.7,22.3
Princes Town,2010-12-30,82.8,6.095999999999999,22.3,64.1,1009.9,83.3,5.9,191.7,16.6,22924,64435,1,31.0,23.0,25.8,33.7,23.0,26.6,22.4
Princes Town,2010-12-31,76.8,4.0893999999999995,15.0,92.5,1009.8,76.6,7.4,228.4,20.0,22949,64468,1,31.8,23.0,26.7,34.8,23.0,28.1,21.9
Princes Town,2011-01-01,79.6,0.0,18.3,90.2,1010.1,69.1,7.3,225.3,19.4,22974,64500,0,31.0,22.0,25.9,34.6,22.0,27.2,21.8
Princes Town,2011-01-02,75.7,0.0,13.9,52.8,1010.1,70.5,7.4,231.4,20.0,22998,64533,0,32.0,23.0,26.5,34.9,23.0,27.4,21.4
Princes Town,2011-01-03,75.8,0.0,11.4,125.0,1009.5,35.2,8.0,238.9,20.5,23021,64565,0,32.0,20.0,25.6,33.5,20.0,26.3,20.3
Princes Town,2011-01-04,79.5,0.0,15.0,90.8,1010.2,66.6,7.6,253.0,21.8,23043,64598,0,31.0,22.0,26.4,35.5,22.0,28.1,22.3
Princes Town,2011-01-05,82.6,0.9905999999999999,16.1,94.3,1011.0,84.0,7.2,170.0,14.7,23065,64630,1,31.0,23.0,26.1,36.4,23.0,27.5,22.7
Princes Town,2011-01-06,93.6,69.596,15.0,99.7,1011.0,91.6,6.0,77.6,6.6,23085,64663,1,27.0,22.9,23.9,30.1,22.9,24.0,22.8
Princes Town,2011-01-07,85.6,0.7874,16.1,94.9,1010.5,86.8,6.9,106.1,9.1,23105,64695,1,31.1,22.9,26.3,36.7,22.9,28.2,23.5
Princes Town,2011-01-08,82.7,0.3048,18.3,95.4,1010.8,87.5,6.9,180.0,15.4,23125,64727,1,31.0,24.0,26.7,35.5,24.0,28.3,23.2
Princes Town,2011-01-09,85.2,3.5052000000000003,20.8,82.2,1011.8,86.1,6.5,216.5,18.5,23143,64759,1,30.1,23.0,26.3,35.2,23.0,28.2,23.5
Princes Town,2011-01-10,80.3,0.508,25.3,78.8,1011.8,81.8,7.1,229.5,19.9,23160,64791,1,31.0,23.9,26.6,34.2,23.9,28.0,22.6
Princes Town,2011-01-11,76.0,0.0,19.5,84.6,1012.6,81.1,7.5,253.8,21.9,23177,64823,0,31.1,22.0,26.0,33.4,22.0,26.8,21.1
Princes Town,2011-01-12,84.7,9.9822,18.3,93.3,1011.7,67.5,6.0,224.3,19.4,23192,64854,1,30.0,23.0,25.6,34.2,23.0,26.6,22.7
Princes Town,2011-01-13,81.2,1.9811999999999999,20.8,91.3,1012.0,53.9,6.0,231.7,20.1,23207,64885,1,31.0,24.0,26.7,35.5,24.0,28.1,23.0
Princes Town,2011-01-14,74.9,0.0,21.9,88.7,1011.8,31.5,6.9,240.0,20.8,23221,64916,0,31.1,24.0,27.1,34.7,24.0,28.5,22.0
Princes Town,2011-01-15,75.5,0.0,18.3,90.8,1011.3,67.8,6.8,259.5,22.5,23234,64946,0,31.2,23.0,26.4,34.2,23.0,27.7,21.6
Princes Town,2011-01-16,73.8,0.0,19.5,95.7,1011.2,41.5,7.3,239.8,20.7,23246,64976,0,31.1,23.8,27.0,34.6,23.8,28.2,21.6
Princes Town,2011-01-17,75.6,0.3048,16.1,104.1,1011.6,73.4,8.2,259.0,22.4,23256,65006,1,31.0,22.0,26.2,33.1,22.0,27.1,21.1
Princes Town,2011-01-18,79.3,1.4986,14.5,103.3,1012.0,59.8,7.1,264.6,22.8,23266,65035,1,30.8,23.0,25.9,34.3,23.0,27.0,21.9
Princes Town,2011-01-19,77.5,0.9905999999999999,16.1,97.0,1011.9,38.3,7.1,254.6,22.1,23275,65064,1,31.1,22.7,26.4,35.5,22.7,27.7,21.9
Princes Town,2011-01-20,77.1,2.9972,23.0,86.5,1010.7,43.9,7.4,264.1,22.7,23283,65092,1,31.0,22.0,26.1,33.3,22.0,27.0,21.3
Princes Town,2011-01-21,80.4,0.0,15.0,89.4,1010.0,50.8,6.8,255.0,22.1,23290,65120,0,31.0,23.0,26.1,34.6,23.0,27.4,22.1
Princes Town,2011-01-22,85.1,6.095999999999999,16.1,104.6,1010.5,58.2,6.6,248.6,21.4,23295,65148,1,31.0,23.0,25.8,35.5,23.0,27.2,22.8
Princes Town,2011-01-23,76.9,0.0,18.3,92.0,1011.7,44.0,7.5,265.4,22.9,23300,65175,0,31.0,22.9,26.1,33.7,22.9,27.2,21.5
Princes Town,2011-01-24,83.6,9.423399999999999,16.1,100.7,1012.4,67.5,7.1,252.3,21.8,23304,65201,1,30.1,22.0,25.2,34.2,22.0,26.1,22.0
Princes Town,2011-01-25,76.9,0.0,15.0,100.6,1011.9,33.1,6.8,274.9,23.8,23306,65227,0,31.0,21.2,26.1,33.7,21.2,27.1,21.2
Princes Town,2011-01-26,73.6,0.3048,15.0,110.1,1011.8,30.0,7.6,271.7,23.4,23308,65252,1,30.2,21.9,25.9,31.9,21.9,26.6,20.4
Princes Town,2011-01-27,84.3,4.521199999999999,17.2,78.0,1012.0,60.9,6.4,139.3,12.0,23309,65277,1,29.2,22.0,24.8,32.1,22.0,25.6,21.9
Princes Town,2011-01-28,83.7,4.0893999999999995,17.2,94.9,1012.6,60.4,5.9,263.2,22.8,23308,65301,1,29.0,23.0,25.2,32.4,23.0,26.1,22.1
Princes Town,2011-01-29,92.3,55.9054,12.8,98.1,1014.4,78.0,5.0,258.6,22.2,23307,65324,1,29.0,23.0,24.3,33.6,23.0,24.6,22.9
Princes Town,2011-01-30,77.7,4.0893999999999995,20.8,75.5,1014.4,52.2,6.5,259.1,22.4,23304,65347,1,30.1,23.0,26.3,33.3,23.0,27.4,21.8
Princes Town,2011-01-31,73.6,0.0,15.0,83.5,1014.2,63.5,8.1,260.0,22.2,23300,65370,0,31.0,22.0,26.1,33.2,22.0,27.0,20.7
Princes Town,2011-02-01,82.9,2.0065999999999997,15.9,83.5,1013.9,62.9,7.4,250.2,21.7,23296,65391,1,30.3,22.0,25.2,33.4,22.0,26.1,21.8
Princes Town,2011-02-02,77.5,0.0,13.9,75.4,1013.9,41.3,7.8,279.0,24.0,23290,65412,0,31.2,20.0,25.6,33.8,20.0,26.8,21.0
Princes Town,2011-02-03,83.2,2.5146,11.4,342.0,1012.7,60.4,6.9,278.3,24.1,23284,65433,1,29.3,21.0,24.8,32.8,21.0,25.7,21.6
Princes Town,2011-02-04,83.0,1.4986,16.1,74.7,1011.7,78.4,6.5,274.1,23.5,23276,65453,1,29.0,22.0,25.2,32.0,22.0,25.9,21.9
Princes Town,2011-02-05,80.2,0.0,18.3,83.4,1011.2,48.6,7.4,263.0,22.6,23267,65472,0,31.0,22.0,26.0,34.6,22.0,27.1,22.0
Princes Town,2011-02-06,79.2,0.7874,24.2,77.2,1012.3,33.8,7.8,257.5,22.3,23258,65490,1,31.0,22.0,26.4,34.6,22.0,27.8,22.3
Princes Town,2011-02-07,77.7,0.0,20.8,88.3,1013.5,49.7,7.1,249.1,21.5,23247,65508,0,32.0,24.0,26.6,35.8,24.0,27.9,22.2
Princes Town,2011-02-08,73.6,1.778,21.9,80.7,1013.9,50.8,6.9,273.1,23.6,23235,65525,1,31.0,23.0,26.4,33.7,23.0,27.4,21.0
Princes Town,2011-02-09,71.9,0.4064,19.5,93.1,1012.5,44.1,7.0,254.5,22.1,23223,65542,1,31.0,22.8,26.4,33.7,22.8,27.2,20.6
Princes Town,2011-02-10,86.9,36.093399999999995,17.2,78.6,1012.1,76.5,4.7,214.4,18.5,23209,65558,1,29.0,23.0,24.9,32.0,23.0,25.7,22.5
Princes Town,2011-02-11,83.3,0.508,20.8,79.7,1012.4,70.3,6.9,241.3,20.9,23195,65573,1,30.0,23.8,26.2,34.7,23.8,27.7,23.0
Princes Town,2011-02-12,80.1,0.0,18.3,85.9,1013.4,49.8,7.1,278.6,24.0,23180,65588,0,30.1,22.9,26.1,34.4,22.9,27.2,22.1
Princes Town,2011-02-13,77.7,0.0,20.8,73.9,1012.8,49.8,7.0,278.7,23.9,23163,65602,0,31.0,23.0,26.5,34.4,23.0,27.7,21.9
Princes Town,2011-02-14,83.1,2.9972,18.8,103.5,1013.0,72.2,6.9,266.3,23.0,23146,65615,1,30.0,23.0,25.7,33.6,23.0,26.8,22.4
Princes Town,2011-02-15,80.7,2.0065999999999997,20.8,109.5,1012.9,85.2,7.1,276.2,23.9,23128,65628,1,31.0,23.7,26.3,36.8,23.7,27.5,22.4
Princes Town,2011-02-16,82.9,0.9905999999999999,19.5,97.2,1013.0,83.6,6.9,271.8,23.5,23110,65640,1,30.0,23.0,25.4,32.8,23.0,26.3,22.1
Princes Town,2011-02-17,75.0,2.0065999999999997,23.0,92.7,1012.5,52.7,6.8,283.1,24.6,23090,65652,1,31.0,23.0,26.3,33.4,23.0,27.3,21.2
Princes Town,2011-02-18,74.2,0.3048,13.9,86.2,1011.9,77.5,7.4,256.7,22.2,23069,65663,1,31.0,24.0,26.3,33.7,24.0,27.3,21.2
Princes Town,2011-02-19,82.8,2.9972,13.9,108.4,1010.7,73.8,6.7,249.5,21.6,23048,65673,1,31.3,22.0,24.9,33.7,22.0,25.4,21.4
Princes Town,2011-02-20,75.7,0.0,16.1,63.3,1011.0,67.3,7.2,285.8,24.7,23026,65683,0,31.1,22.0,26.2,33.8,22.0,27.3,21.2
Princes Town,2011-02-21,79.8,1.4223999999999999,15.2,56.8,1012.5,71.1,7.8,252.7,21.8,23003,65692,1,31.3,22.0,25.9,34.3,22.0,26.9,21.8
Princes Town,2011-02-22,92.3,24.892,20.8,95.2,1013.0,91.2,4.7,208.8,18.0,22980,65701,1,28.0,22.0,24.1,31.3,22.0,24.4,22.7
Princes Town,2011-02-23,89.3,13.8938,17.2,111.5,1011.7,86.6,7.0,223.3,19.5,22956,65709,1,29.2,23.0,25.2,33.0,23.0,25.9,23.2
Princes Town,2011-02-24,81.3,0.508,18.3,96.3,1011.7,78.4,6.7,238.0,20.4,22931,65716,1,30.7,23.2,26.4,34.2,23.2,27.8,22.8
Princes Town,2011-02-25,81.6,0.0,19.5,87.9,1012.8,80.6,7.0,257.4,22.4,22905,65723,0,30.0,24.0,26.0,33.6,24.0,26.9,22.4
Princes Town,2011-02-26,78.0,0.3048,23.0,86.5,1012.0,41.5,7.2,274.1,23.6,22879,65730,1,31.1,24.0,27.0,34.7,24.0,28.4,22.6
Princes Town,2011-02-27,83.8,6.095999999999999,15.2,82.1,1012.7,73.0,5.9,273.3,23.7,22852,65736,1,29.0,23.7,25.5,32.0,23.7,26.1,22.4
Princes Town,2011-02-28,69.3,4.0893999999999995,18.3,58.7,1013.1,75.4,7.4,268.2,23.3,22824,65742,1,31.0,23.0,26.3,31.9,23.0,26.8,19.9
Princes Town,2011-03-01,70.3,0.0,16.1,66.3,1012.1,43.2,7.2,286.7,24.6,22796,65747,0,31.0,21.9,25.7,32.6,21.9,26.3,19.6
Princes Town,2011-03-02,76.6,0.0,13.9,105.3,1011.0,52.2,7.6,292.7,25.2,22768,65751,0,30.9,19.9,25.1,33.4,19.9,25.8,20.3
Princes Town,2011-03-03,74.8,0.0,17.2,106.3,1011.2,51.9,7.5,288.6,25.1,22738,65756,0,31.1,22.9,26.3,33.8,22.9,27.2,20.9
Princes Town,2011-03-04,76.2,0.0,18.3,102.4,1011.4,66.6,6.6,242.5,21.0,22709,65759,0,31.0,23.0,26.6,34.6,23.0,27.9,21.9
Princes Town,2011-03-05,79.1,0.9905999999999999,23.0,86.5,1011.7,84.0,6.6,270.6,23.5,22678,65763,1,31.0,23.9,25.9,33.7,23.9,26.7,21.9
Princes Town,2011-03-06,75.1,0.508,13.9,84.4,1011.3,78.9,7.1,200.6,17.5,22648,65766,1,31.0,23.6,26.4,33.1,23.6,27.4,21.4
Princes Town,2011-03-07,75.2,0.0,17.2,104.1,1010.7,74.9,7.5,287.6,24.9,22617,65769,0,31.1,21.9,26.4,34.2,21.9,27.4,21.3
Princes Town,2011-03-08,77.1,0.0,13.9,101.1,1012.1,81.6,7.5,247.4,21.4,22585,65771,0,30.1,23.7,26.3,33.2,23.7,27.1,21.8
Princes Town,2011-03-09,73.6,0.0,11.4,88.6,1012.3,67.3,7.6,274.6,23.8,22553,65773,0,31.7,23.0,26.6,34.7,23.0,27.9,21.2
Princes Town,2011-03-10,76.1,0.3048,13.9,14.6,1011.7,85.8,7.0,244.2,21.0,22521,65775,1,31.0,23.1,26.0,34.6,23.1,26.8,21.2
Princes Town,2011-03-11,72.1,0.0,11.4,58.9,1012.7,81.1,7.7,211.0,18.1,22488,65776,0,32.0,21.8,25.8,33.1,21.8,26.3,19.8
Princes Town,2011-03-12,68.3,0.0,15.0,93.6,1013.3,75.3,7.6,277.1,23.9,22455,65777,0,32.0,20.9,25.9,31.9,20.9,26.3,19.0
Princes Town,2011-03-13,78.9,2.9972,15.0,61.8,1012.9,82.7,6.9,266.9,23.0,22422,65778,1,30.0,22.0,24.9,31.3,22.0,25.6,20.8
Princes Town,2011-03-14,72.1,0.0,15.0,83.7,1012.5,79.4,6.7,267.2,23.0,22388,65778,0,31.0,23.0,26.0,32.6,23.0,26.4,20.3
Princes Town,2011-03-15,69.3,2.0065999999999997,11.4,86.0,1013.4,81.1,7.5,278.9,24.2,22354,65779,1,32.0,24.8,26.8,33.5,24.8,27.4,20.4
Princes Town,2011-03-16,78.6,0.9905999999999999,17.2,90.6,1014.3,78.6,6.9,229.0,19.7,22320,65779,1,31.0,23.0,26.6,34.6,23.0,27.8,22.4
Princes Town,2011-03-17,77.3,0.0,18.3,93.1,1013.5,61.7,7.4,288.4,24.8,22285,65779,0,32.1,24.0,27.1,35.9,24.0,28.7,22.5
Princes Town,2011-03-18,75.9,0.9905999999999999,18.3,103.1,1012.2,34.8,7.4,303.6,26.2,22251,65779,1,32.2,21.9,27.0,36.3,21.9,28.7,22.1
Princes Town,2011-03-19,75.4,0.0,13.9,110.7,1012.1,56.4,7.2,305.1,26.2,22216,65778,0,32.1,22.0,26.8,35.8,22.0,28.1,21.6
Princes Town,2011-03-20,83.2,3.7845999999999997,19.5,76.4,1011.5,72.5,6.5,293.9,25.4,22181,65778,1,32.1,22.0,25.3,35.1,22.0,25.9,22.1
Princes Town,2011-03-21,81.9,2.9972,13.9,85.9,1010.8,79.6,6.7,288.7,24.7,22146,65777,1,31.0,23.0,26.1,36.6,23.0,27.3,22.6
Princes Town,2011-03-22,84.6,2.0065999999999997,16.1,67.4,1010.3,87.7,6.5,268.9,23.3,22111,65776,1,29.1,22.8,25.3,32.8,22.8,26.3,22.3
Princes Town,2011-03-23,81.1,0.3048,16.1,85.5,1011.5,90.3,7.4,252.3,21.7,22076,65776,1,30.0,23.0,26.2,34.2,23.0,27.3,22.5
Princes Town,2011-03-24,78.6,0.9905999999999999,17.2,95.5,1012.0,80.0,7.1,258.2,22.2,22041,65775,1,31.2,24.8,27.6,35.6,24.8,29.8,23.3
Princes Town,2011-03-25,79.7,1.2953999999999999,23.0,86.4,1012.2,62.2,6.1,275.5,23.7,22006,65774,1,32.0,24.8,27.6,36.8,24.8,29.6,23.5
Princes Town,2011-03-26,76.4,0.0,16.1,92.1,1012.7,76.3,5.2,259.7,22.4,21970,65773,0,31.2,24.0,27.5,35.4,24.0,29.2,22.7
Princes Town,2011-03-27,78.4,6.095999999999999,23.0,85.0,1013.3,57.4,6.8,303.9,26.3,21935,65772,1,31.0,23.8,26.4,34.6,23.8,27.6,22.1
Princes Town,2011-03-28,74.7,0.0,13.9,101.2,1013.2,55.8,7.6,311.5,26.8,21900,65771,0,32.0,22.0,26.9,34.6,22.0,28.2,21.6
Princes Town,2011-03-29,77.8,0.0,18.3,109.7,1013.6,58.6,7.6,298.2,25.8,21865,65770,0,32.0,23.8,27.3,35.8,23.8,29.2,22.8
Princes Town,2011-03-30,75.8,0.3048,24.2,99.9,1013.5,55.1,6.6,288.1,25.0,21830,65769,1,32.0,25.0,27.7,35.8,25.0,29.3,22.7
Princes Town,2011-03-31,79.1,2.0065999999999997,20.8,105.6,1012.8,58.1,7.0,298.7,25.8,21795,65768,1,32.0,23.8,26.8,35.8,23.8,28.3,22.7
Princes Town,2011-04-01,77.0,0.0,17.2,101.1,1013.4,89.1,6.7,302.7,26.3,21760,65767,0,31.0,24.0,26.8,34.6,24.0,28.1,22.2
Princes Town,2011-04-02,72.9,0.2032,23.0,102.8,1013.6,73.0,6.6,299.3,25.9,21725,65766,1,33.0,24.0,27.7,36.1,24.0,29.6,22.1
Princes Town,2011-04-03,72.5,0.0,20.8,124.3,1013.3,34.4,5.9,297.6,25.8,21690,65766,0,32.0,24.2,27.8,35.8,24.2,29.3,22.1
Princes Town,2011-04-04,78.9,16.1798,20.8,95.6,1013.6,59.1,5.9,293.1,25.4,21656,65765,1,31.0,23.0,26.2,34.2,23.0,27.4,22.0
Princes Town,2011-04-05,74.1,0.0,26.4,94.0,1013.5,41.9,6.8,298.4,25.8,21622,65765,0,32.1,22.0,26.8,34.3,22.0,28.1,21.4
Princes Town,2011-04-06,77.2,3.302,18.3,93.4,1013.7,64.8,6.1,288.9,24.9,21588,65764,1,31.8,24.0,26.8,35.7,24.0,28.1,22.3
Princes Town,2011-04-07,74.3,0.0,20.8,91.5,1012.5,69.6,6.5,304.5,26.3,21554,65764,0,32.1,23.8,27.1,35.8,23.8,28.6,21.9
Princes Town,2011-04-08,68.9,0.0,13.9,91.5,1012.5,85.9,7.3,309.9,26.8,21521,65764,0,32.0,22.7,26.8,32.4,22.7,27.3,20.0
Princes Town,2011-04-09,74.4,0.0,19.5,101.6,1012.7,84.3,7.7,317.3,27.2,21488,65764,0,31.2,22.0,26.6,34.7,22.0,27.6,21.2
Princes Town,2011-04-10,77.1,0.0,15.0,95.8,1012.3,68.4,7.5,309.7,26.7,21455,65765,0,33.0,22.8,27.0,37.1,22.8,28.6,22.2
Princes Town,2011-04-11,79.7,0.0,15.0,95.5,1011.8,86.0,7.0,196.5,17.0,21423,65765,0,31.0,25.0,27.6,35.5,25.0,29.8,23.7
Princes Town,2011-04-12,86.2,3.5052000000000003,13.9,88.1,1012.0,90.2,6.7,93.8,8.2,21390,65766,1,27.6,24.7,26.1,30.8,24.7,27.0,23.5
Princes Town,2011-04-13,77.8,0.0,20.8,107.2,1012.4,74.0,5.6,220.9,19.0,21359,65767,0,32.0,23.9,27.3,36.4,23.9,29.1,22.7
Princes Town,2011-04-14,75.1,0.0,20.8,98.7,1011.5,87.5,6.4,167.8,14.6,21327,65769,0,33.0,24.0,27.7,36.1,24.0,29.3,22.6
Princes Town,2011-04-15,75.2,0.0,16.1,110.3,1010.8,86.0,6.1,301.9,26.1,21296,65770,0,33.0,24.7,27.8,37.1,24.7,29.6,22.7
Princes Town,2011-04-16,71.7,0.0,13.9,94.8,1010.2,81.2,6.2,260.6,22.4,21266,65772,0,34.3,22.8,27.7,37.3,22.8,29.1,21.5
Princes Town,2011-04-17,78.9,3.302,11.4,111.4,1010.4,81.6,6.9,293.8,25.3,21236,65774,1,33.0,22.0,26.4,36.1,22.0,28.1,22.2
Princes Town,2011-04-18,82.9,7.112,9.2,105.7,1011.8,81.3,6.8,308.9,26.6,21206,65777,1,34.0,22.0,26.1,38.3,22.0,27.6,22.6
Princes Town,2011-04-19,78.4,0.0,16.1,96.4,1012.2,70.5,7.2,295.6,25.4,21177,65780,0,32.0,23.0,26.8,35.8,23.0,28.3,22.3
Princes Town,2011-04-20,74.8,0.2032,17.2,93.2,1011.2,71.5,7.5,300.3,26.0,21149,65783,1,32.9,23.0,27.6,39.1,23.0,29.6,22.4
Princes Town,2011-04-21,77.8,0.0,16.1,101.6,1010.6,79.3,7.8,286.1,24.8,21121,65786,0,32.6,23.7,27.7,37.1,23.7,30.2,23.2
Princes Town,2011-04-22,75.5,0.0,17.2,99.8,1011.1,81.1,7.8,262.4,22.6,21093,65790,0,34.1,24.1,28.6,40.7,24.1,31.4,23.4
Princes Town,2011-04-23,82.8,2.9972,17.2,79.8,1011.9,86.0,7.3,295.2,25.5,21066,65794,1,32.0,24.9,27.4,37.9,24.9,30.1,24.1
Princes Town,2011-04-24,82.4,5.1054,15.0,94.0,1012.5,77.5,7.4,282.6,24.4,21040,65798,1,32.0,23.9,26.7,37.9,23.9,28.5,23.3
Princes Town,2011-04-25,73.6,0.0,15.0,84.5,1011.5,77.7,7.3,312.8,27.0,21014,65803,0,33.0,23.0,27.7,37.1,23.0,29.3,22.0
Princes Town,2011-04-26,76.2,0.0,18.3,102.7,1011.5,44.7,7.6,304.4,26.4,20989,65808,0,32.9,24.0,27.5,37.7,24.0,29.4,22.7
Princes Town,2011-04-27,75.0,0.0,20.8,101.3,1012.0,72.8,7.5,286.9,24.8,20964,65814,0,33.1,24.0,27.9,38.1,24.0,29.7,22.7
Princes Town,2011-04-28,86.4,7.416799999999999,19.5,94.7,1012.2,90.3,5.7,259.0,22.5,20940,65820,1,29.0,24.0,25.8,34.6,24.0,26.5,23.3
Princes Town,2011-04-29,76.3,9.194799999999999,17.2,102.6,1010.8,81.5,7.5,154.6,13.5,20917,65826,1,32.2,23.8,27.8,37.1,23.8,30.1,22.9
Princes Town,2011-04-30,77.6,0.9905999999999999,18.3,107.0,1009.8,82.6,7.7,279.2,24.0,20894,65833,1,32.2,25.8,28.3,37.9,25.8,31.1,23.8
Princes Town,2011-05-01,82.3,6.8834,15.0,106.2,1009.6,70.3,6.8,255.0,22.1,20872,65840,1,33.0,25.0,27.6,38.1,25.0,29.8,24.1
Princes Town,2011-05-02,79.8,13.0048,15.0,100.0,1010.8,89.1,7.0,221.3,19.2,20851,65847,1,33.0,25.0,27.9,39.3,25.0,30.4,23.8
Princes Town,2011-05-03,76.8,0.0,13.9,116.6,1011.2,87.0,6.9,169.2,14.7,20830,65855,0,33.0,24.8,28.4,39.3,24.8,31.3,23.7
Princes Town,2011-05-04,84.3,22.098,13.9,89.0,1011.1,84.5,6.7,151.4,13.0,20810,65863,1,32.0,24.0,27.2,39.2,24.0,30.2,24.2
Princes Town,2011-05-05,86.1,2.9972,12.8,96.6,1011.2,77.0,6.8,274.0,23.7,20791,65871,1,31.0,21.1,26.7,37.1,21.1,28.3,24.2
Princes Town,2011-05-06,78.5,9.398,11.4,102.0,1011.8,76.3,7.6,300.2,26.0,20773,65880,1,33.0,24.0,28.2,39.3,24.0,31.1,23.8
Princes Town,2011-05-07,78.8,0.0,16.1,85.7,1011.9,82.6,7.7,297.3,25.7,20755,65890,0,33.2,25.0,28.4,39.5,25.0,31.8,24.2
Princes Town,2011-05-08,80.7,0.2032,16.1,96.2,1011.1,79.0,7.3,154.5,13.2,20738,65899,1,32.0,24.9,28.3,38.5,24.9,31.7,24.4
Princes Town,2011-05-09,79.6,0.0,16.1,94.9,1010.2,65.9,6.8,267.1,23.0,20722,65909,0,33.0,25.8,28.7,39.3,25.8,32.2,24.5
Princes Town,2011-05-10,77.3,0.0,17.2,101.4,1010.2,80.6,6.7,237.4,20.6,20706,65920,0,33.1,25.8,28.8,38.1,25.8,32.1,24.1
Princes Town,2011-05-11,80.7,0.9905999999999999,13.9,99.4,1010.9,74.2,5.9,291.3,25.3,20692,65931,1,33.1,25.0,28.3,39.6,25.0,31.9,24.5
Princes Town,2011-05-12,75.7,0.0,18.3,91.9,1010.9,75.3,6.4,299.2,25.8,20678,65942,0,33.2,25.0,28.6,38.2,25.0,31.4,23.6
Princes Town,2011-05-13,78.2,0.0,11.4,99.0,1009.5,76.8,6.6,251.5,21.9,20665,65953,0,32.0,24.9,28.3,37.9,24.9,31.6,23.9
Princes Town,2011-05-14,76.8,0.0,18.3,107.9,1009.7,87.6,6.8,177.2,15.1,20652,65965,0,33.0,25.9,28.6,38.1,25.9,31.4,23.8
Princes Town,2011-05-15,82.5,0.0,11.4,92.9,1011.0,89.6,6.6,147.2,12.7,20641,65977,0,32.0,25.9,27.9,37.9,25.9,31.2,24.5
Princes Town,2011-05-16,75.7,0.0,16.1,99.4,1011.0,70.3,6.5,256.2,22.1,20630,65990,0,33.0,25.0,28.4,37.9,25.0,31.1,23.4
Princes Town,2011-05-17,76.5,0.0,92.2,91.7,1010.4,71.7,6.5,277.9,23.9,20620,66003,0,33.0,25.0,28.1,38.1,25.0,30.4,23.2
Princes Town,2011-05-18,80.1,0.3048,18.3,82.8,1011.1,75.5,6.4,298.8,25.8,20611,66016,1,34.0,23.9,27.4,39.4,23.9,29.4,23.4
Princes Town,2011-05-19,85.4,0.9905999999999999,15.0,91.7,1011.9,85.9,6.5,109.2,9.5,20602,66030,1,30.0,24.0,26.8,35.6,24.0,28.9,24.1
Princes Town,2011-05-20,76.2,0.0,17.2,93.4,1011.6,52.5,7.2,304.7,26.2,20595,66043,0,33.1,24.0,28.5,38.1,24.0,30.9,23.4
Princes Town,2011-05-21,78.0,0.0,18.3,93.5,1012.5,67.6,7.1,198.8,17.2,20588,66058,0,33.0,24.9,28.2,38.0,24.9,30.8,23.7
Princes Town,2011-05-22,75.4,0.0,13.9,97.1,1012.6,86.6,6.5,278.9,24.1,20582,66072,0,34.0,24.9,28.8,38.3,24.9,31.7,23.6
Princes Town,2011-05-23,81.3,0.9905999999999999,15.0,102.0,1012.0,76.1,6.1,195.9,17.0,20577,66086,1,32.0,25.0,27.9,39.0,25.0,31.2,24.3
Princes Town,2011-05-24,76.0,0.0,13.9,110.3,1011.4,81.2,5.4,241.5,20.7,20573,66101,0,34.2,25.0,28.7,39.3,25.0,31.3,23.6
Princes Town,2011-05-25,86.8,0.0,12.8,88.5,1011.9,81.7,5.8,260.2,22.3,20569,66116,0,31.0,24.7,27.0,37.8,24.7,29.3,24.5
Princes Town,2011-05-26,77.8,24.409399999999998,13.9,103.7,1012.9,83.3,7.4,228.1,19.8,20566,66132,1,33.8,25.9,28.8,40.4,25.9,31.9,24.2
Princes Town,2011-05-27,83.9,2.9972,14.3,99.8,1013.0,87.3,6.8,193.2,16.6,20564,66147,1,32.0,24.7,27.2,39.2,24.7,29.7,24.1
Princes Town,2011-05-28,78.5,0.0,15.0,99.2,1011.0,61.7,6.7,260.7,22.5,20563,66163,0,34.0,23.0,28.1,39.4,23.0,31.3,23.6
Princes Town,2011-05-29,81.8,11.2014,20.8,99.7,1011.3,64.2,6.8,117.1,10.0,20562,66178,1,32.0,24.0,27.7,37.9,24.0,30.2,24.1
Princes Town,2011-05-30,82.1,2.0065999999999997,20.8,83.9,1011.3,79.6,6.8,164.0,14.1,20562,66194,1,32.0,24.9,27.9,37.9,24.9,31.1,24.4
Princes Town,2011-05-31,91.7,22.098,17.2,97.7,1011.6,88.0,5.5,130.1,11.3,20563,66210,1,28.0,24.0,26.0,33.6,24.0,27.1,24.5
Princes Town,2011-06-01,80.6,11.4046,17.2,94.2,1011.5,61.0,5.7,189.2,16.3,20565,66227,1,32.0,24.9,28.1,37.9,24.9,31.1,24.2
Princes Town,2011-06-02,78.5,1.0921999999999998,16.1,92.9,1011.0,58.4,6.5,285.9,24.6,20567,66243,1,33.0,24.2,28.1,39.2,24.2,31.1,23.8
Princes Town,2011-06-03,89.5,4.0893999999999995,13.9,92.0,1011.5,85.6,5.2,286.9,24.6,20570,66259,1,30.0,24.9,26.3,36.2,24.9,27.8,24.4
Princes Town,2011-06-04,90.0,6.604,11.4,98.4,1012.5,86.0,6.3,178.1,15.5,20574,66275,1,32.0,23.9,26.3,39.2,23.9,27.8,24.3
Princes Town,2011-06-05,81.2,0.3048,15.0,235.9,1012.6,89.2,7.1,114.1,9.9,20578,66291,1,33.1,24.7,27.9,38.2,24.7,30.7,24.1
Princes Town,2011-06-06,81.0,0.1016,16.1,94.6,1012.4,82.3,7.7,160.6,13.9,20583,66308,1,33.1,24.0,28.3,39.3,24.0,31.7,24.4
Princes Town,2011-06-07,76.8,0.0,15.0,96.2,1012.3,77.9,6.9,213.9,18.4,20589,66324,0,34.0,25.7,28.9,40.6,25.7,32.4,24.1
Princes Town,2011-06-08,81.3,0.3048,16.1,101.0,1012.4,74.2,6.8,190.7,16.5,20596,66340,1,33.0,25.9,28.9,40.7,25.9,33.4,25.2
Princes Town,2011-06-09,80.9,0.8128,17.2,78.9,1013.3,74.7,6.6,184.7,16.0,20602,66356,1,33.1,25.9,28.5,40.7,25.9,32.4,24.7
Princes Town,2011-06-10,79.6,0.0,17.2,73.4,1013.4,44.9,6.7,280.2,24.4,20610,66372,0,33.1,25.0,28.6,39.3,25.0,32.2,24.5
Princes Town,2011-06-11,76.1,0.0,16.1,72.1,1012.4,40.8,7.3,285.5,24.6,20618,66388,0,33.0,25.0,28.6,38.1,25.0,31.4,23.7
Princes Town,2011-06-12,77.9,1.9811999999999999,17.2,85.5,1012.0,49.5,6.5,293.9,25.4,20627,66404,1,33.0,24.7,28.3,39.3,24.7,31.3,23.8
Princes Town,2011-06-13,76.6,4.0893999999999995,13.9,113.6,1012.9,44.6,7.1,235.0,20.2,20636,66419,1,33.7,25.0,28.7,39.1,25.0,31.4,23.7
Princes Town,2011-06-14,85.6,2.0065999999999997,13.9,98.3,1012.5,78.3,7.0,162.1,14.0,20646,66434,1,32.1,25.0,27.2,39.4,25.0,29.6,24.4
Princes Town,2011-06-15,89.1,9.906,13.9,93.5,1012.5,87.5,6.6,196.7,17.0,20656,66449,1,32.0,24.0,26.1,37.9,24.0,27.1,24.0
Princes Town,2011-06-16,80.2,3.9878,16.1,84.2,1012.4,86.8,7.1,269.3,23.3,20667,66464,1,32.0,25.0,28.2,39.2,25.0,31.6,24.2
Princes Town,2011-06-17,78.9,5.1054,17.2,95.6,1012.9,85.1,6.9,262.5,22.6,20678,66479,1,33.0,24.0,28.2,39.3,24.0,31.9,24.1
Princes Town,2011-06-18,90.1,29.1846,13.9,87.2,1013.4,84.9,5.4,181.9,15.6,20690,66493,1,30.0,24.0,26.3,36.2,24.0,28.3,24.6
Princes Town,2011-06-19,83.0,0.6096,16.1,101.0,1012.1,78.0,6.7,177.5,15.2,20702,66507,1,32.7,24.9,27.6,38.8,24.9,30.4,24.3
Princes Town,2011-06-20,84.4,12.420599999999999,23.0,86.8,1012.0,67.1,6.7,219.4,19.1,20714,66520,1,30.9,24.0,27.3,36.6,24.0,29.9,24.3
Princes Town,2011-06-21,86.6,9.398,23.0,101.0,1012.3,88.2,5.7,222.0,19.2,20727,66534,1,30.7,25.0,27.3,37.2,25.0,29.9,24.7
Princes Town,2011-06-22,92.7,48.285399999999996,15.0,103.2,1013.0,92.7,5.4,144.5,12.5,20740,66546,1,27.2,24.1,25.8,31.0,24.1,26.4,24.5
Princes Town,2011-06-23,80.1,9.906,19.5,96.6,1012.5,72.8,6.7,243.6,21.0,20753,66559,1,32.0,25.0,28.1,37.9,25.0,30.6,24.1
Princes Town,2011-06-24,83.2,5.4102,23.0,100.3,1012.1,85.1,6.2,259.1,22.3,20767,66571,1,32.0,25.0,27.4,37.9,25.0,29.7,24.1
Princes Town,2011-06-25,86.5,35.81399999999999,11.4,111.0,1013.4,91.9,6.1,110.1,9.6,20781,66582,1,30.1,23.0,26.3,35.2,23.0,27.9,23.7
Princes Town,2011-06-26,86.4,8.102599999999999,18.3,88.1,1012.8,86.2,7.0,166.4,14.3,20795,66593,1,31.0,24.2,27.0,38.8,24.2,29.6,24.4
Princes Town,2011-06-27,80.5,0.508,18.3,91.3,1012.8,82.8,5.8,149.4,12.9,20809,66603,1,32.0,24.9,27.9,37.9,24.9,30.4,23.9
Princes Town,2011-06-28,84.1,3.5052000000000003,17.2,85.3,1012.4,81.7,5.4,252.5,21.7,20824,66613,1,31.0,24.9,27.2,37.8,24.9,29.6,24.1
Princes Town,2011-06-29,90.8,20.5994,12.3,91.2,1012.1,89.6,5.4,117.7,10.3,20839,66623,1,28.2,24.0,25.8,32.7,24.0,27.1,24.2
Princes Town,2011-06-30,88.0,0.0,118.6,124.2,1011.0,86.3,6.9,92.9,7.9,20854,66631,0,32.0,24.8,26.8,38.9,24.8,29.1,24.6
Princes Town,2011-07-01,83.8,0.0,15.0,94.9,1011.2,85.1,6.9,154.3,13.3,20869,66639,0,32.0,25.0,26.9,37.9,25.0,29.1,23.8
Princes Town,2011-07-02,87.1,6.604,16.1,95.7,1011.7,69.2,6.6,171.3,14.8,20884,66647,1,32.0,24.0,26.8,39.2,24.0,29.1,24.3
Princes Town,2011-07-03,83.3,31.496,15.0,99.6,1011.2,67.0,7.6,214.4,18.5,20899,66654,1,32.8,24.0,27.3,39.0,24.0,29.8,23.9
Princes Town,2011-07-04,79.6,0.0,18.3,88.3,1011.7,57.6,6.4,269.0,23.1,20915,66660,0,32.0,25.0,28.1,37.9,25.0,30.9,24.0
Princes Town,2011-07-05,82.1,4.0893999999999995,19.5,86.8,1011.9,71.1,6.1,275.2,23.8,20930,66666,1,33.0,24.0,27.3,39.3,24.0,29.1,23.7
Princes Town,2011-07-06,86.1,29.3878,11.4,109.1,1013.3,74.9,6.7,193.1,16.5,20945,66671,1,31.2,24.0,26.6,36.6,24.0,28.1,23.9
Princes Town,2011-07-07,79.0,0.0,15.0,86.3,1013.5,76.1,7.1,199.0,17.1,20960,66675,0,32.2,24.9,27.9,37.9,24.9,30.3,23.6
Princes Town,2011-07-08,89.8,11.176,16.1,93.2,1013.0,88.7,6.1,93.7,8.0,20976,66679,1,29.0,24.0,25.6,33.6,24.0,26.6,23.8
Princes Town,2011-07-09,81.3,0.508,17.2,107.5,1012.6,65.1,8.1,210.2,18.1,20991,66681,1,33.0,24.9,28.2,39.3,24.9,31.3,24.4
Princes Town,2011-07-10,79.1,0.0,17.2,102.0,1012.9,38.7,7.1,274.2,23.7,21006,66683,0,32.2,25.0,28.2,36.8,25.0,30.8,23.9
Princes Town,2011-07-11,78.1,0.7874,20.8,85.0,1013.4,51.9,6.9,282.3,24.4,21021,66685,1,33.0,25.0,28.3,37.9,25.0,31.1,23.8
Princes Town,2011-07-12,77.5,0.0,12.8,90.6,1013.1,77.2,7.3,246.7,21.2,21036,66685,0,33.1,25.0,28.2,38.1,25.0,30.6,23.6
Princes Town,2011-07-13,82.6,6.095999999999999,18.3,85.3,1012.5,80.7,7.2,194.1,16.8,21050,66685,1,32.2,24.0,27.2,37.9,24.0,28.9,23.8
Princes Town,2011-07-14,78.7,2.0065999999999997,13.9,90.9,1011.7,87.5,6.8,212.1,18.3,21065,66684,1,32.0,25.0,28.2,37.9,25.0,30.8,23.9
Princes Town,2011-07-15,76.8,0.0,13.9,94.7,1012.3,89.2,6.6,169.3,14.7,21079,66682,0,33.0,24.0,27.9,37.8,24.0,30.4,23.3
Princes Town,2011-07-16,76.9,0.0,19.5,87.5,1013.5,62.9,7.1,290.0,24.9,21093,66680,0,32.3,24.0,27.7,37.9,24.0,30.0,22.9
Princes Town,2011-07-17,83.1,0.0,69.1,77.6,1013.3,85.1,7.0,143.6,12.4,21107,66676,0,29.1,25.0,27.0,33.7,25.0,29.1,23.8
Princes Town,2011-07-18,85.0,0.3048,9.2,88.9,1012.4,77.7,6.8,159.4,13.8,21121,66672,1,30.1,23.9,26.4,35.1,23.9,28.3,23.6
Princes Town,2011-07-19,83.2,26.8986,12.8,81.5,1012.8,68.1,6.3,159.0,13.7,21134,66667,1,32.8,24.0,26.9,39.5,24.0,29.1,23.6
Princes Town,2011-07-20,76.9,0.0,18.3,90.0,1012.8,50.7,6.3,137.5,11.9,21148,66661,0,33.0,25.0,28.8,39.3,25.0,32.3,24.1
Princes Town,2011-07-21,73.9,2.0065999999999997,17.2,91.2,1013.0,36.4,6.7,269.2,23.1,21160,66654,1,33.1,24.9,28.7,39.2,24.9,31.6,23.3
Princes Town,2011-07-22,71.6,0.0,11.4,110.3,1013.1,28.7,7.6,304.7,26.3,21173,66647,0,34.0,25.0,29.2,38.3,25.0,32.1,23.2
Princes Town,2011-07-23,81.4,5.0038,13.9,97.9,1013.7,60.1,7.0,187.8,16.1,21185,66638,1,33.1,25.0,27.8,41.8,25.0,30.2,24.1
Princes Town,2011-07-24,85.1,29.9974,8.1,116.0,1013.7,50.0,6.5,137.6,11.8,21197,66629,1,33.0,25.0,27.3,40.6,25.0,29.9,24.4
Princes Town,2011-07-25,84.5,20.802599999999998,9.2,76.6,1012.4,64.5,6.7,120.0,10.2,21209,66619,1,33.0,25.0,27.3,40.6,25.0,29.8,24.3
Princes Town,2011-07-26,89.0,15.011399999999998,13.9,137.8,1011.8,61.0,6.7,164.2,14.3,21220,66608,1,31.1,24.0,26.3,37.9,24.0,27.8,24.2
Princes Town,2011-07-27,92.1,69.2912,13.9,149.4,1012.1,89.1,6.7,124.2,10.7,21231,66597,1,31.8,24.0,25.4,39.9,24.0,26.1,23.9
Princes Town,2011-07-28,81.3,0.0,15.0,103.6,1011.4,72.1,7.1,243.3,21.0,21241,66584,0,33.0,24.0,27.6,39.3,24.0,30.2,23.8
Princes Town,2011-07-29,76.9,0.9905999999999999,17.2,93.6,1009.8,57.6,7.2,270.8,23.4,21251,66571,1,33.0,25.0,28.6,39.3,25.0,31.7,23.9
Princes Town,2011-07-30,84.4,19.0754,12.8,98.0,1009.9,66.8,6.6,171.6,14.6,21261,66557,1,32.2,24.0,27.2,39.1,24.0,29.3,24.2
Princes Town,2011-07-31,81.8,9.398,13.9,7.8,1011.2,72.4,7.1,289.5,25.1,21270,66542,1,34.0,24.0,27.3,40.6,24.0,29.7,23.7
Princes Town,2011-08-01,80.1,0.0,17.2,267.8,1010.2,72.2,7.2,169.6,14.6,21279,66526,0,32.0,23.0,27.7,37.9,23.0,31.0,23.8
Princes Town,2011-08-02,75.5,0.0,13.9,95.0,1010.3,69.5,7.1,133.2,11.5,21288,66509,0,34.1,25.7,28.9,40.8,25.7,31.9,23.7
Princes Town,2011-08-03,77.2,0.0,13.9,99.5,1011.1,58.2,7.1,189.8,16.3,21296,66492,0,34.0,25.9,29.1,42.4,25.9,33.1,24.4
Princes Town,2011-08-04,85.7,26.085799999999995,13.9,96.0,1012.7,73.8,6.7,121.4,10.6,21304,66474,1,32.1,26.0,27.8,39.3,26.0,31.7,25.2
Princes Town,2011-08-05,82.6,8.102599999999999,16.1,84.3,1013.0,86.8,6.1,173.7,15.1,21311,66455,1,33.0,25.0,27.9,40.6,25.0,30.6,24.4
Princes Town,2011-08-06,82.0,0.7874,12.8,97.8,1013.6,66.1,6.7,251.2,21.6,21318,66435,1,33.1,25.0,28.2,40.6,25.0,31.7,24.6
Princes Town,2011-08-07,76.7,0.3048,12.8,117.2,1014.2,40.3,7.5,293.9,25.4,21324,66414,1,34.0,25.9,28.9,40.6,25.9,32.4,24.2
Princes Town,2011-08-08,75.3,0.3048,8.1,96.3,1013.6,47.5,7.2,285.7,24.7,21330,66393,1,35.1,24.0,28.5,39.5,24.0,31.2,23.2
Princes Town,2011-08-09,75.4,0.0,11.4,116.9,1012.6,46.7,7.6,314.6,27.2,21336,66371,0,34.0,24.0,28.3,39.4,24.0,30.9,23.2
Princes Town,2011-08-10,72.2,0.0,9.2,122.0,1012.2,36.3,7.3,309.3,26.8,21341,66348,0,34.8,24.0,28.8,38.4,24.0,31.2,22.7
Princes Town,2011-08-11,79.3,0.9905999999999999,13.9,99.6,1012.5,57.6,7.0,224.4,19.7,21346,66325,1,35.0,24.0,27.9,40.7,24.0,30.5,23.8
Princes Town,2011-08-12,76.9,0.508,16.1,91.1,1011.8,44.5,6.9,238.8,20.6,21350,66301,1,33.9,25.0,28.4,39.3,25.0,31.4,23.7
Princes Town,2011-08-13,82.1,5.0038,10.3,98.5,1011.6,50.1,6.0,283.8,24.3,21354,66276,1,32.7,23.1,27.3,40.3,23.1,29.6,23.8
Princes Town,2011-08-14,76.2,0.0,16.1,91.7,1011.1,31.3,7.5,292.9,25.4,21357,66250,0,34.0,24.0,28.6,38.8,24.0,31.4,23.5
Princes Town,2011-08-15,81.7,13.0048,8.1,99.7,1011.1,56.6,6.9,266.9,22.9,21361,66224,1,33.0,24.0,27.3,39.3,24.0,29.4,23.7
Princes Town,2011-08-16,75.9,0.508,13.9,134.9,1011.6,73.8,7.5,206.6,17.9,21363,66197,1,34.0,23.8,28.3,38.8,23.8,31.3,23.3
Princes Town,2011-08-17,83.6,13.0048,15.0,106.1,1012.3,82.4,6.7,111.2,9.9,21366,66169,1,34.0,24.8,27.4,40.6,24.8,29.2,24.1
Princes Town,2011-08-18,80.1,0.0,16.1,91.1,1010.7,79.3,7.0,170.9,14.9,21367,66141,0,33.0,24.9,28.2,40.6,24.9,31.4,24.2
Princes Town,2011-08-19,78.0,0.3048,15.0,97.2,1009.4,43.7,7.1,153.4,13.1,21369,66113,1,34.0,25.0,29.0,42.0,25.0,33.0,24.5
Princes Town,2011-08-20,80.1,6.095999999999999,13.9,89.8,1009.4,58.7,6.7,155.7,13.6,21370,66083,1,34.0,24.9,28.2,40.6,24.9,31.6,24.3
Princes Town,2011-08-21,83.8,10.8966,16.1,184.9,1010.0,64.5,7.0,89.3,7.8,21371,66053,1,32.0,24.0,27.5,38.4,24.0,30.6,24.3
Princes Town,2011-08-22,80.7,0.1016,17.2,99.1,1010.6,61.4,7.0,125.1,10.7,21371,66023,1,34.2,25.0,28.2,42.1,25.0,31.3,24.3
Princes Town,2011-08-23,77.8,7.391399999999999,11.4,135.4,1011.1,77.7,7.6,137.9,11.9,21372,65992,1,34.0,25.0,28.6,40.6,25.0,31.7,24.0
Princes Town,2011-08-24,79.0,0.0,9.2,111.1,1012.7,81.9,7.2,109.5,9.4,21371,65960,0,32.1,25.0,28.2,38.0,25.0,31.6,24.1
Princes Town,2011-08-25,86.2,10.8966,9.2,234.0,1014.8,89.4,6.7,119.8,10.4,21371,65928,1,30.0,23.9,26.0,33.3,23.9,26.9,23.4
Princes Town,2011-08-26,80.4,0.508,6.9,175.5,1014.9,75.1,7.3,167.4,14.4,21370,65896,1,34.0,22.9,27.1,38.3,22.9,29.4,23.1
Princes Town,2011-08-27,82.4,9.906,13.9,173.9,1013.0,64.2,6.7,205.1,17.7,21369,65863,1,35.0,23.0,26.7,39.4,23.0,28.1,23.0
Princes Town,2011-08-28,82.1,7.619999999999999,13.9,99.9,1011.9,73.0,7.2,209.7,18.0,21367,65829,1,34.0,23.0,27.5,39.4,23.0,30.5,23.8
Princes Town,2011-08-29,86.2,8.889999999999999,17.2,72.2,1012.6,76.7,6.5,227.3,19.7,21366,65795,1,32.7,24.0,26.8,39.0,24.0,28.5,24.2
Princes Town,2011-08-30,80.7,5.1054,15.0,92.5,1012.0,65.6,6.7,226.4,19.7,21363,65761,1,34.0,24.0,27.8,39.4,24.0,30.4,23.8
Princes Town,2011-08-31,84.1,0.9905999999999999,13.9,95.8,1013.0,73.4,7.0,247.5,21.4,21361,65726,1,32.0,21.8,27.4,39.2,21.8,30.2,24.4
Princes Town,2011-09-01,74.7,0.0,12.8,106.3,1013.2,39.6,7.1,264.9,23.0,21359,65691,0,34.0,26.0,29.4,42.0,26.0,33.6,24.1
Princes Town,2011-09-02,77.8,0.0,10.3,100.4,1013.0,43.3,7.3,304.8,26.3,21356,65656,0,34.1,24.0,28.4,40.7,24.0,31.5,23.8
Princes Town,2011-09-03,72.9,0.0,9.2,120.1,1012.7,30.2,8.2,307.2,26.3,21353,65620,0,35.1,23.8,28.9,39.7,23.8,31.6,23.0
Princes Town,2011-09-04,77.1,0.0,13.9,123.8,1012.9,50.0,7.3,313.4,27.1,21350,65584,0,36.0,23.0,27.9,39.8,23.0,30.7,23.2
Princes Town,2011-09-05,74.0,0.0,11.4,105.3,1012.5,37.2,7.4,297.1,25.6,21346,65547,0,34.1,23.7,28.6,40.6,23.7,31.4,23.1
Princes Town,2011-09-06,78.2,4.3942,16.1,85.6,1012.2,70.0,7.2,254.8,21.8,21343,65511,1,32.7,25.0,28.0,39.2,25.0,30.6,23.7
Princes Town,2011-09-07,80.3,0.7874,10.3,92.0,1011.7,63.3,7.1,264.5,22.8,21339,65474,1,33.0,24.8,28.1,40.6,24.8,31.4,24.2
Princes Town,2011-09-08,75.0,0.0,11.4,106.1,1011.1,75.7,7.8,252.8,21.8,21335,65437,0,34.2,25.0,29.1,40.6,25.0,32.5,23.9
Princes Town,2011-09-09,79.8,0.0,16.1,291.3,1009.0,86.1,7.4,203.7,17.6,21331,65399,0,33.2,24.7,28.2,39.3,24.7,31.2,24.1
Princes Town,2011-09-10,80.4,0.0,11.4,116.8,1010.1,86.8,7.4,191.4,16.6,21327,65362,0,33.0,24.9,28.7,40.6,24.9,32.9,24.7
Princes Town,2011-09-11,84.7,2.0065999999999997,13.9,100.8,1013.3,86.3,6.5,182.2,15.7,21323,65324,1,31.1,24.7,27.8,38.9,24.7,31.8,24.9
Princes Town,2011-09-12,87.7,92.91319999999999,16.1,96.0,1014.7,80.5,6.6,131.9,11.3,21318,65286,1,34.0,23.0,26.4,39.2,23.0,27.9,23.9
Princes Town,2011-09-13,88.6,4.2926,11.4,97.2,1014.1,89.1,7.1,149.4,12.8,21314,65248,1,30.0,24.0,25.9,36.1,24.0,27.2,23.8
Princes Town,2011-09-14,78.4,0.0,12.8,99.3,1013.6,66.8,8.0,113.6,9.9,21309,65210,0,33.0,23.1,27.8,37.9,23.1,30.2,23.3
Princes Town,2011-09-15,82.2,0.508,23.0,94.4,1012.8,82.6,7.3,136.0,11.8,21305,65172,1,32.0,23.0,26.7,37.9,23.0,28.7,23.2
Princes Town,2011-09-16,83.6,5.1054,16.1,99.0,1012.1,77.5,7.4,183.6,16.0,21300,65134,1,32.1,23.7,26.6,38.1,23.7,28.5,23.5
Princes Town,2011-09-17,85.7,78.0034,11.4,155.8,1011.6,88.4,7.2,102.4,9.0,21296,65095,1,32.0,24.0,26.6,36.8,24.0,28.6,23.8
Princes Town,2011-09-18,80.6,0.0,15.0,104.8,1012.1,79.5,7.5,172.0,14.8,21291,65057,0,33.2,24.2,28.3,39.5,24.2,31.8,24.4
Princes Town,2011-09-19,75.9,0.0,12.8,87.6,1011.3,81.1,7.2,208.2,18.0,21287,65019,0,33.0,25.0,28.5,39.3,25.0,31.5,23.6
Princes Town,2011-09-20,78.4,0.3048,16.1,82.3,1011.4,63.7,6.9,209.5,18.2,21283,64981,1,33.8,24.8,28.0,39.3,24.8,30.9,23.7
Princes Town,2011-09-21,85.0,25.984199999999998,8.1,66.3,1012.0,79.5,6.9,127.5,11.0,21278,64942,1,31.0,25.0,27.2,37.8,25.0,29.7,24.3
Princes Town,2011-09-22,84.8,7.899399999999999,13.9,104.7,1012.2,76.4,6.9,179.4,15.5,21274,64904,1,32.52916666666667,24.6,27.8,43.4,24.6,30.6,24.7
Princes Town,2011-09-23,80.1,10.8966,17.2,90.1,1011.5,85.8,6.8,195.9,17.1,21270,64866,1,33.0,23.0,27.7,40.6,23.0,30.6,23.8
Princes Town,2011-09-24,81.5,0.0,11.4,100.2,1011.2,79.0,6.6,113.8,10.0,21266,64828,0,34.0,24.0,27.9,42.0,24.0,31.4,24.2
Princes Town,2011-09-25,81.0,2.9972,11.4,114.4,1011.8,88.3,6.8,139.7,11.9,21262,64791,1,33.2,25.0,28.6,42.3,25.0,32.8,24.8
Princes Town,2011-09-26,76.5,0.0,11.4,110.1,1012.7,72.6,7.5,283.8,24.4,21258,64753,0,34.7,25.0,28.9,40.6,25.0,32.2,24.0
Princes Town,2011-09-27,78.2,0.0,11.4,124.5,1012.6,60.5,7.1,275.5,23.7,21254,64716,0,35.0,23.8,28.3,41.3,23.8,31.0,23.7
Princes Town,2011-09-28,79.3,0.3048,12.8,119.5,1010.9,49.6,11.2,177.4,15.2,21251,64678,1,35.0,24.0,28.3,41.9,24.0,31.7,24.1
Princes Town,2011-09-29,79.8,0.0,9.2,114.0,1010.5,65.8,7.0,266.8,23.1,21248,64641,0,34.1,25.0,28.6,40.9,25.0,32.4,24.5
Princes Town,2011-09-30,77.8,7.112,13.9,116.1,1011.2,37.3,7.2,133.3,11.6,21245,64605,1,33.0,25.0,28.9,40.6,25.0,32.7,24.3
Princes Town,2011-10-01,77.8,2.9972,17.2,90.3,1011.3,53.9,7.2,136.7,11.8,21242,64568,1,34.1,25.0,28.7,39.5,25.0,31.4,24.1
Princes Town,2011-10-02,90.6,26.1112,11.4,77.7,1011.6,76.8,6.5,93.2,8.0,21239,64532,1,29.0,23.1,25.8,33.6,23.1,26.7,24.1
Princes Town,2011-10-03,84.7,9.118599999999999,12.8,82.9,1011.6,71.0,7.1,146.5,12.8,21237,64496,1,31.0,24.0,26.9,37.8,24.0,28.9,24.0
Princes Town,2011-10-04,85.2,8.6868,13.9,77.4,1011.5,89.8,6.2,101.5,8.9,21235,64461,1,30.0,23.9,26.6,35.1,23.9,28.3,23.8
Princes Town,2011-10-05,91.6,9.906,18.3,76.1,1011.3,87.7,6.5,203.3,17.6,21234,64426,1,27.0,24.0,25.1,30.1,24.0,25.2,23.6
Princes Town,2011-10-06,88.0,7.112,13.9,89.4,1011.1,86.3,6.9,194.2,16.7,21232,64391,1,30.0,24.0,26.2,35.1,24.0,28.1,24.0
Princes Town,2011-10-07,80.3,0.1016,13.9,100.5,1011.3,88.6,7.1,189.8,16.5,21231,64357,1,32.2,26.0,28.4,37.9,26.0,31.6,24.4
Princes Town,2011-10-08,77.0,0.3048,16.1,91.4,1011.5,51.5,7.5,252.2,21.9,21231,64323,1,33.0,25.0,28.4,39.3,25.0,30.8,23.6
Princes Town,2011-10-09,79.0,0.9905999999999999,15.0,83.6,1010.3,59.4,7.2,215.5,18.5,21231,64290,1,34.0,24.0,28.6,39.4,24.0,31.6,24.1
Princes Town,2011-10-10,84.7,5.8166,11.4,89.6,1009.9,76.1,7.1,159.1,13.8,21231,64257,1,33.2,25.0,28.1,39.6,25.0,31.7,25.1
Princes Town,2011-10-11,78.5,3.302,15.0,99.7,1010.1,60.7,7.5,162.6,14.2,21232,64224,1,34.1,24.3875,28.4,40.3,24.3875,31.6,24.3
Princes Town,2011-10-12,81.6,4.0893999999999995,17.2,96.2,1010.0,52.8,6.9,190.1,16.4,21233,64193,1,33.0,24.0,27.6,39.3,24.0,29.8,23.8
Princes Town,2011-10-13,90.5,35.788599999999995,15.0,96.2,1009.8,74.2,6.0,159.9,13.8,21234,64161,1,31.0,23.8,25.7,37.8,23.8,26.6,23.9
Princes Town,2011-10-14,78.4,15.011399999999998,25.3,87.8,1009.2,56.1,6.1,204.4,17.8,21236,64131,1,32.0,23.8,27.8,37.9,23.8,30.4,23.4
Princes Town,2011-10-15,89.5,59.8932,20.8,82.2,1009.5,73.9,4.6,237.8,20.5,21239,64101,1,31.8,24.0,25.7,38.9,24.0,26.7,23.7
Princes Town,2011-10-16,85.0,9.7028,11.4,75.2,1009.7,87.9,6.7,154.4,13.4,21242,64071,1,33.8,23.8,26.6,39.9,23.8,28.6,23.6
Princes Town,2011-10-17,82.7,15.011399999999998,20.8,85.9,1008.9,84.7,6.6,189.5,16.5,21245,64042,1,31.1,23.8,26.7,36.8,23.8,28.9,23.4
Princes Town,2011-10-18,77.3,3.5052000000000003,15.0,86.8,1009.4,89.6,6.7,243.9,20.9,21249,64014,1,33.0,24.0,27.8,38.1,24.0,30.5,23.2
Princes Town,2011-10-19,85.9,0.0,6.9,109.7,1010.6,89.1,6.1,139.5,12.0,21254,63987,0,30.0,24.9,26.8,35.1,24.9,28.8,24.2
Princes Town,2011-10-20,78.8,0.3048,11.4,23.5,1009.8,89.1,6.7,118.2,10.3,21259,63960,1,34.0,24.0,27.4,38.3,24.0,29.4,23.1
Princes Town,2011-10-21,79.5,0.0,10.3,346.0,1008.3,82.0,6.7,123.5,10.6,21264,63934,0,32.0,22.8,26.8,35.5,22.8,28.2,22.6
Princes Town,2011-10-22,77.3,0.0,12.8,354.2,1008.8,63.7,7.1,270.0,23.4,21271,63909,0,34.0,21.1,27.2,38.3,21.1,28.8,22.3
Princes Town,2011-10-23,76.5,0.0,15.0,6.1,1010.1,50.4,7.6,204.7,17.7,21277,63884,0,34.0,22.0,27.7,39.4,22.0,30.1,22.7
Princes Town,2011-10-24,88.2,29.9974,13.9,126.6,1009.6,76.6,6.3,177.4,15.5,21285,63861,1,32.0,23.0,26.0,39.2,23.0,27.6,23.7
Princes Town,2011-10-25,84.3,0.0,9.2,94.8,1009.8,67.6,7.1,119.8,10.4,21293,63838,0,32.1,23.0,26.8,38.1,23.0,29.2,23.8
Princes Town,2011-10-26,86.2,9.906,15.0,77.0,1008.6,58.9,6.7,197.2,16.8,21302,63816,1,33.0,24.0,27.0,40.7,24.0,29.7,24.3
Princes Town,2011-10-27,88.7,2.032,11.6,87.4,1008.8,69.1,7.4,119.0,10.3,21311,63795,1,29.1,24.0,26.3,34.3,24.0,28.5,24.3
Princes Town,2011-10-28,90.0,0.3048,11.4,87.3,1010.5,84.5,6.4,104.6,8.9,21321,63774,1,30.1,24.0,25.8,36.4,24.0,26.6,24.0
Princes Town,2011-10-29,80.5,0.0,11.4,103.7,1011.1,89.6,7.7,118.7,10.3,21331,63755,0,33.0,23.0,27.5,39.3,23.0,30.0,23.5
Princes Town,2011-10-30,79.4,0.508,13.9,83.2,1010.6,64.3,7.7,180.0,15.5,21343,63737,1,33.0,24.0,27.6,39.3,24.0,30.3,23.5
Princes Town,2011-10-31,81.7,0.9905999999999999,15.0,83.4,1009.9,70.0,7.7,199.8,17.4,21355,63719,1,33.2,23.0,27.3,39.2,23.0,29.6,23.6
Princes Town,2011-11-01,86.5,10.1092,16.1,80.7,1010.6,82.4,6.7,149.2,12.8,21367,63702,1,30.7,24.0,26.4,36.2,24.0,28.2,23.9
Princes Town,2011-11-02,85.9,2.5146,15.0,99.7,1011.2,81.9,6.3,113.1,9.8,21380,63687,1,31.0,24.2,26.9,37.8,24.2,29.2,24.2
Princes Town,2011-11-03,81.5,2.0065999999999997,13.9,102.0,1010.7,82.0,5.7,194.7,16.9,21394,63672,1,33.0,24.9,27.9,40.6,24.9,31.1,24.3
Princes Town,2011-11-04,85.3,0.3048,13.9,99.8,1010.2,79.7,6.6,119.6,10.4,21409,63658,1,33.0,25.0,27.8,42.1,25.0,30.9,24.9
Princes Town,2011-11-05,83.0,0.0,15.0,104.2,1010.3,83.3,7.3,137.9,12.0,21424,63646,0,33.1,24.9,28.0,40.6,24.9,30.9,24.6
Princes Town,2011-11-06,81.5,0.0,16.1,96.6,1010.6,62.6,7.2,192.0,16.6,21440,63634,0,33.0,16.3,28.0,39.3,16.3,31.2,24.6
Princes Town,2011-11-07,87.3,6.5024,13.9,89.8,1009.9,71.9,6.8,123.1,10.7,21457,63623,1,30.0,25.0,26.8,36.2,25.0,29.0,24.5
Princes Town,2011-11-08,82.2,0.0,17.2,108.0,1008.9,79.9,7.5,169.2,14.7,21474,63614,0,33.0,24.0,27.4,39.3,24.0,29.9,23.9
Princes Town,2011-11-09,86.3,0.0,18.3,94.3,1009.1,79.3,6.7,128.0,10.9,21492,63605,0,31.0,24.9,27.4,39.1,24.9,30.2,24.8
Princes Town,2011-11-10,84.3,0.0,17.2,104.3,1009.9,75.2,6.8,74.2,6.4,21511,63597,0,32.0,24.9,27.4,39.2,24.9,30.4,24.4
Princes Town,2011-11-11,81.8,1.2953999999999999,18.3,87.2,1009.6,75.9,6.9,138.9,12.0,21530,63591,1,33.0,25.0,28.1,39.3,25.0,31.2,24.4
Princes Town,2011-11-12,84.5,3.302,10.3,119.7,1010.4,88.2,7.0,94.7,8.3,21550,63585,1,32.1,24.0,26.8,36.8,24.0,28.6,23.8
Princes Town,2011-11-13,85.5,0.508,20.8,89.7,1010.4,86.1,8.1,109.6,9.4,21571,63581,1,31.0,24.9,26.7,36.6,24.9,28.4,24.0
Princes Town,2011-11-14,88.6,8.6106,11.4,111.9,1011.0,84.9,6.8,97.7,8.5,21592,63578,1,29.0,23.9,25.8,33.6,23.9,26.9,23.7
Princes Town,2011-11-15,84.8,0.3048,13.9,74.4,1009.6,68.9,7.3,202.9,17.3,21614,63575,1,31.8,22.9,26.7,36.7,22.9,28.7,24.1
Princes Town,2011-11-16,81.7,0.508,19.5,97.7,1009.2,78.9,7.4,210.1,18.2,21637,63574,1,33.0,23.0,27.1,38.1,23.0,29.0,23.3
Princes Town,2011-11-17,87.1,12.420599999999999,18.3,106.3,1009.7,84.0,7.0,90.3,7.8,21660,63574,1,30.0,23.7,25.8,36.2,23.7,27.1,23.4
Princes Town,2011-11-18,83.1,0.0,11.4,129.6,1010.0,89.4,7.8,177.2,15.3,21684,63575,0,32.0,22.9,26.6,37.9,22.9,28.6,23.2
Princes Town,2011-11-19,86.3,7.112,18.3,105.4,1011.1,80.9,7.6,178.5,15.4,21709,63577,1,31.7,23.0,25.6,36.6,23.0,26.7,23.1
Princes Town,2011-11-20,80.4,0.6096,12.8,102.3,1010.2,54.4,8.5,249.8,21.7,21734,63580,1,32.0,22.8,27.1,37.8,22.8,28.9,23.2
Princes Town,2011-11-21,81.4,0.1016,12.8,112.2,1010.8,68.2,7.3,190.0,16.4,21759,63584,1,32.1,23.0,26.9,37.9,23.0,28.6,23.2
Princes Town,2011-11-22,80.4,0.3048,15.0,97.8,1011.8,71.6,7.5,148.1,12.7,21785,63590,1,33.1,23.9,27.4,38.2,23.9,29.7,23.4
Princes Town,2011-11-23,90.0,2.0065999999999997,11.4,90.8,1012.1,87.5,6.8,81.1,6.9,21812,63596,1,29.0,24.0,25.9,33.6,24.0,26.9,24.1
Princes Town,2011-11-24,92.5,7.899399999999999,11.4,85.9,1012.1,89.6,6.6,77.4,6.6,21839,63603,1,28.0,24.0,25.6,32.7,24.0,26.4,24.2
Princes Town,2011-11-25,86.4,0.0,12.8,83.6,1010.8,89.1,6.9,179.1,15.5,21866,63612,0,31.0,23.0,26.4,36.6,23.0,28.6,23.8
Princes Town,2011-11-26,82.2,0.9905999999999999,10.3,104.7,1009.5,57.3,7.7,187.4,16.2,21895,63621,1,33.0,23.0,27.3,39.3,23.0,29.6,23.7
Princes Town,2011-11-27,87.9,20.0914,13.9,83.4,1008.1,62.8,7.4,142.8,12.4,21923,63632,1,30.1,24.0,26.4,36.4,24.0,28.4,24.2
Princes Town,2011-11-28,83.3,0.6096,11.4,104.2,1007.2,70.3,7.2,87.3,7.5,21952,63643,1,32.0,24.0,27.6,37.9,24.0,30.8,24.3
Princes Town,2011-11-29,86.8,6.400799999999999,13.9,78.6,1008.2,85.9,6.8,87.3,7.5,21981,63656,1,30.0,25.0,27.1,36.2,25.0,29.8,24.7
Princes Town,2011-11-30,88.8,1.3208,17.2,118.8,1008.9,88.0,6.9,106.2,9.1,22011,63669,1,29.1,24.0,26.2,33.7,24.0,27.7,24.1
Princes Town,2011-12-01,82.4,0.0,13.9,89.0,1010.6,76.2,7.2,139.5,12.3,22041,63684,0,32.7,23.0,27.2,39.9,23.0,29.7,23.7
Princes Town,2011-12-02,90.4,9.6266,11.4,90.7,1010.6,76.3,6.7,122.1,10.9,22071,63699,1,31.0,24.0,25.8,37.8,24.0,26.9,24.1
Princes Town,2011-12-03,94.2,30.5054,8.1,82.6,1010.1,90.0,6.3,96.1,8.1,22102,63716,1,27.2,23.0,25.1,30.3,23.0,25.6,24.1
Princes Town,2011-12-04,82.7,15.798799999999998,13.9,87.2,1008.9,74.2,6.9,184.1,15.8,22133,63733,1,31.0,24.0,26.9,36.6,24.0,29.0,23.6
Princes Town,2011-12-05,83.7,0.0,13.9,98.7,1008.3,60.7,6.9,177.5,15.4,22164,63751,0,31.0,23.0,26.5,37.8,23.0,28.4,23.3
Princes Town,2011-12-06,79.6,0.0,13.9,110.4,1008.6,70.0,7.1,221.7,19.1,22195,63770,0,33.0,23.0,27.3,38.1,23.0,29.7,23.2
Princes Town,2011-12-07,89.2,17.779999999999998,17.2,88.8,1009.9,83.6,5.8,128.1,11.0,22227,63790,1,29.0,24.0,25.1,33.6,24.0,25.6,23.2
Princes Town,2011-12-08,83.0,0.0,12.8,91.3,1010.6,76.8,6.8,116.2,10.1,22258,63811,0,32.0,23.0,26.8,37.9,23.0,28.8,23.4
Princes Town,2011-12-09,84.7,0.2032,15.0,93.7,1010.4,65.4,7.2,152.5,13.3,22290,63833,1,31.0,22.2,26.1,36.6,22.2,27.7,23.1
Princes Town,2011-12-10,83.6,1.4986,11.4,104.3,1009.8,72.2,7.4,217.8,18.8,22321,63855,1,32.0,23.8,27.0,37.9,23.8,29.2,23.7
Princes Town,2011-12-11,82.1,1.4986,17.2,116.6,1010.0,74.2,7.6,182.8,15.9,22353,63879,1,33.0,24.0,27.3,39.3,24.0,29.6,23.7
Princes Town,2011-12-12,79.5,0.0,15.0,118.8,1010.5,70.0,7.6,163.8,14.2,22385,63903,0,33.0,24.7,27.9,40.1,24.7,30.6,23.8
Princes Town,2011-12-13,80.5,2.9972,17.2,114.4,1010.2,68.1,7.0,129.4,11.3,22417,63927,1,34.0,24.2,27.6,40.6,24.2,30.1,23.7
Princes Town,2011-12-14,80.0,0.0,13.9,91.2,1009.5,53.6,6.4,211.0,18.4,22448,63953,0,32.7,24.0,27.6,39.2,24.0,30.1,23.5
Princes Town,2011-12-15,80.5,0.0,16.1,85.4,1009.7,56.0,6.6,196.6,17.0,22480,63979,0,34.0,23.9,26.9,39.4,23.9,28.6,23.0
Princes Town,2011-12-16,83.5,13.2842,11.4,97.1,1010.5,43.6,7.1,244.9,21.2,22511,64006,1,31.0,24.0,26.6,36.6,24.0,28.6,23.4
Princes Town,2011-12-17,74.4,0.0,13.9,90.1,1011.4,64.7,7.8,241.0,21.0,22543,64033,0,33.0,22.0,27.1,36.1,22.0,28.4,21.7
Princes Town,2011-12-18,71.8,0.0,15.0,20.7,1011.6,55.2,7.5,225.4,19.7,22574,64061,0,32.0,23.0,27.0,43.9,23.0,28.3,20.9
Princes Town,2011-12-19,78.7,6.095999999999999,13.9,59.8,1012.3,83.6,7.4,205.2,17.6,22604,64089,1,31.0,23.0,25.7,33.1,23.0,26.3,21.4
Princes Town,2011-12-20,79.1,2.0065999999999997,13.9,23.7,1012.5,74.9,7.1,189.1,16.3,22635,64118,1,32.0,23.0,26.9,36.8,23.0,28.7,22.6
Princes Town,2011-12-21,83.2,13.2842,17.2,69.9,1011.7,76.6,5.6,162.2,14.0,22665,64147,1,31.0,24.0,26.6,36.6,24.0,27.9,23.4
Princes Town,2011-12-22,84.9,35.20439999999999,16.1,65.1,1011.6,89.6,6.4,181.4,15.7,22695,64177,1,30.1,24.0,26.2,35.2,24.0,27.7,23.4
Princes Town,2011-12-23,69.0,0.3048,16.1,64.8,1011.8,45.1,7.3,242.7,21.1,22725,64207,1,32.0,25.1,28.0,35.5,25.1,29.6,21.6
Princes Town,2011-12-24,73.0,0.0,18.3,82.3,1012.8,54.7,7.0,262.5,22.8,22754,64238,0,32.1,24.0,27.1,34.3,24.0,28.3,21.6
Princes Town,2011-12-25,74.0,0.0,19.5,83.3,1013.5,49.1,7.5,241.8,21.0,22782,64269,0,32.2,23.0,27.1,35.8,23.0,28.4,21.7
Princes Town,2011-12-26,70.4,0.3048,13.9,85.0,1013.3,34.0,8.3,241.1,20.9,22811,64300,1,32.8,22.9,27.2,35.2,22.9,28.3,20.9
Princes Town,2011-12-27,85.9,4.8768,8.1,96.8,1014.9,87.7,7.0,230.8,19.8,22838,64332,1,28.0,24.0,25.4,31.3,24.0,25.7,22.9
Princes Town,2011-12-28,78.3,1.4986,15.0,103.3,1014.4,61.3,7.4,209.3,18.0,22865,64364,1,32.1,24.0,27.4,35.9,24.0,29.5,23.1
Princes Town,2011-12-29,76.6,1.6001999999999998,19.5,93.0,1014.1,72.3,7.0,222.6,19.2,22892,64396,1,32.0,25.0,27.7,36.8,25.0,29.3,23.0
Princes Town,2011-12-30,81.0,6.5786,23.0,84.3,1013.5,70.9,6.6,206.8,17.9,22918,64428,1,30.2,24.0,26.3,34.7,24.0,27.6,22.7
Princes Town,2011-12-31,75.2,0.0,21.1,88.8,1013.6,40.8,7.1,238.2,20.6,22943,64460,0,31.0,23.0,26.9,35.5,23.0,28.4,22.0
Princes Town,2012-01-01,71.3,0.508,17.2,85.9,1013.5,27.6,7.3,229.1,19.8,22968,64493,1,32.2,23.0,27.8,35.8,23.0,29.4,21.8
Princes Town,2012-01-02,74.7,0.0,17.2,95.5,1012.6,42.1,6.9,232.4,20.1,22992,64525,0,33.1,24.0,27.7,37.2,24.0,29.7,22.5
Princes Town,2012-01-03,78.3,2.0065999999999997,16.1,87.5,1013.0,54.3,6.9,236.0,20.4,23015,64558,1,32.0,23.8,27.2,36.8,23.8,29.0,22.9
Princes Town,2012-01-04,78.3,0.9905999999999999,17.2,88.3,1013.2,58.4,6.6,226.5,19.7,23038,64590,1,32.0,24.0,27.1,36.8,24.0,28.8,22.8
Princes Town,2012-01-05,78.3,0.508,18.3,89.5,1013.0,49.2,6.8,239.6,20.8,23060,64623,1,32.0,23.0,26.7,35.8,23.0,28.1,22.3
Princes Town,2012-01-06,77.3,0.0,15.0,91.6,1012.8,32.5,7.1,229.4,19.8,23081,64655,0,32.2,23.0,26.9,36.8,23.0,28.6,22.3
Princes Town,2012-01-07,76.1,0.508,15.0,78.8,1013.1,41.6,7.3,240.9,20.7,23101,64687,1,32.0,23.0,27.2,36.8,23.0,29.1,22.4
Princes Town,2012-01-08,87.2,11.8872,15.0,86.3,1013.2,75.2,5.1,201.5,17.2,23120,64720,1,30.0,24.0,25.5,33.6,24.0,26.1,23.1
Princes Town,2012-01-09,84.4,6.985,16.1,98.6,1012.9,80.9,6.1,202.5,17.4,23139,64752,1,31.0,24.0,25.9,35.5,24.0,26.8,23.0
Princes Town,2012-01-10,76.8,0.0,15.0,108.3,1012.0,73.5,7.4,197.0,17.0,23156,64783,0,31.2,23.9,27.2,35.7,23.9,28.9,22.5
Princes Town,2012-01-11,72.7,0.9905999999999999,17.2,91.0,1011.8,59.1,7.3,237.7,20.5,23173,64815,1,32.0,24.0,27.1,35.8,24.0,28.4,21.6
Princes Town,2012-01-12,70.3,0.0,12.8,110.1,1013.0,66.4,7.6,255.4,22.2,23189,64847,0,32.0,21.7,26.7,34.2,21.7,27.4,20.3
Princes Town,2012-01-13,79.1,0.3048,18.3,97.4,1013.8,59.9,7.1,239.2,20.7,23204,64878,1,32.0,24.0,27.3,37.9,24.0,29.4,23.2
Princes Town,2012-01-14,77.9,0.9905999999999999,20.8,81.9,1014.1,69.5,6.8,243.5,21.1,23218,64908,1,31.0,24.0,27.1,35.5,24.0,28.8,22.7
Princes Town,2012-01-15,82.0,5.1054,18.3,72.4,1014.9,70.2,6.8,230.7,20.0,23231,64939,1,30.1,22.0,25.7,34.9,22.0,26.7,22.3
Princes Town,2012-01-16,71.3,0.0,18.3,88.0,1014.6,67.9,7.4,231.5,19.9,23243,64969,0,32.0,22.9,27.4,35.8,22.9,28.9,21.3
Princes Town,2012-01-17,68.5,0.0,15.0,92.2,1014.0,49.1,7.1,261.0,22.7,23254,64999,0,33.0,22.0,26.9,35.3,22.0,27.9,20.3
Princes Town,2012-01-18,64.0,0.3048,17.2,96.1,1012.8,39.6,7.9,265.0,23.1,23264,65028,1,32.2,23.0,27.5,34.2,23.0,28.2,19.7
Princes Town,2012-01-19,73.8,0.0,15.0,65.2,1012.5,46.8,7.4,260.5,22.5,23273,65057,0,32.0,21.0,25.8,35.5,21.0,26.8,20.4
Princes Town,2012-01-20,72.8,0.9905999999999999,16.1,83.4,1012.2,59.6,7.1,271.4,23.3,23281,65086,1,33.0,22.0,27.3,36.1,22.0,28.7,21.6
Princes Town,2012-01-21,85.0,45.999399999999994,17.2,92.8,1012.7,71.9,5.6,224.4,19.5,23288,65114,1,31.9,23.8,25.3,35.4,23.8,26.1,22.5
Princes Town,2012-01-22,85.9,6.9088,17.2,90.8,1012.2,86.7,5.5,196.0,17.0,23294,65141,1,29.0,23.0,25.2,32.8,23.0,25.8,22.6
Princes Town,2012-01-23,84.6,10.5918,20.8,95.2,1011.7,86.1,5.8,183.6,15.8,23299,65168,1,30.0,24.0,25.8,34.2,24.0,26.7,22.9
Princes Town,2012-01-24,76.9,0.9905999999999999,13.9,83.1,1011.6,82.0,7.1,191.3,16.6,23303,65195,1,31.1,24.0,26.8,34.6,24.0,28.2,22.2
Princes Town,2012-01-25,72.1,0.0,15.0,74.7,1012.2,53.8,7.9,258.5,22.5,23306,65221,0,31.9,23.0,26.7,34.1,23.0,27.8,20.9
Princes Town,2012-01-26,67.8,0.0,13.9,34.8,1011.9,34.5,7.4,180.6,15.5,23308,65246,0,33.0,22.2,27.4,34.9,22.2,28.3,20.5
Princes Town,2012-01-27,76.3,6.095999999999999,18.3,84.5,1012.3,72.3,6.5,188.5,16.4,23309,65271,1,30.0,24.0,26.6,33.8,24.0,27.9,22.0
Princes Town,2012-01-28,64.7,0.0,17.2,83.5,1013.6,56.0,7.4,236.9,20.5,23308,65295,0,31.0,24.8,27.4,33.1,24.8,28.3,20.0
Princes Town,2012-01-29,62.3,0.0,20.8,83.8,1013.1,53.5,7.6,212.7,18.4,23307,65319,0,31.9,24.0,27.2,33.4,24.0,27.8,19.1
Princes Town,2012-01-30,65.3,0.0,16.1,96.6,1012.7,36.9,7.5,210.8,18.3,23305,65342,0,32.0,24.9,27.6,34.2,24.9,28.5,20.3
Princes Town,2012-01-31,68.0,0.0,19.5,74.6,1012.3,47.0,7.1,256.1,22.1,23302,65364,0,31.8,24.0,26.9,33.8,24.0,27.8,20.3
Princes Town,2012-02-01,74.9,0.9905999999999999,20.8,92.6,1012.4,44.7,7.1,259.8,22.4,23297,65386,1,30.0,22.0,25.8,32.9,22.0,26.7,20.8
Princes Town,2012-02-02,73.5,3.5052000000000003,17.2,108.8,1012.0,44.3,7.1,278.4,24.0,23292,65408,1,32.0,22.9,26.4,33.9,22.9,27.2,20.9
Princes Town,2012-02-03,76.9,4.0893999999999995,19.5,89.6,1011.1,66.9,6.6,229.7,19.8,23285,65428,1,31.0,24.0,26.6,35.5,24.0,27.7,22.1
Princes Town,2012-02-04,73.7,0.9905999999999999,23.0,67.1,1011.4,67.9,6.9,224.7,19.4,23278,65448,1,30.8,24.0,27.1,34.2,24.0,28.5,21.8
Princes Town,2012-02-05,70.7,0.3048,20.8,78.1,1012.2,70.7,7.4,248.0,21.4,23270,65467,1,31.2,25.0,27.8,34.7,25.0,29.3,21.8
Princes Town,2012-02-06,75.1,0.0,20.8,78.7,1012.7,51.0,7.0,231.7,20.1,23260,65486,0,32.0,25.0,27.7,36.8,25.0,29.8,22.7
Princes Town,2012-02-07,74.0,0.0,17.2,98.6,1012.1,42.6,6.7,253.2,21.9,23250,65504,0,33.0,25.1,28.1,37.7,25.1,30.2,22.8
Princes Town,2012-02-08,72.3,0.3048,12.8,108.0,1011.7,65.6,5.9,260.1,22.5,23238,65521,1,32.2,24.0,27.6,35.2,24.0,28.9,21.7
Princes Town,2012-02-09,77.1,18.008599999999998,18.3,78.1,1012.9,52.6,6.6,269.1,23.2,23226,65538,1,30.2,24.8,26.7,34.2,24.8,27.8,22.2
Princes Town,2012-02-10,73.9,0.0,17.2,81.4,1013.0,35.9,7.1,282.2,24.5,23213,65554,0,32.0,23.0,26.9,34.9,23.0,28.2,21.6
Princes Town,2012-02-11,74.2,0.3048,17.2,86.9,1012.6,45.4,6.8,280.5,24.3,23199,65570,1,32.0,24.0,27.0,34.9,24.0,28.2,21.7
Princes Town,2012-02-12,76.3,2.0065999999999997,15.0,94.5,1012.4,46.9,6.4,283.2,24.6,23184,65584,1,31.8,23.0,26.2,34.1,23.0,27.1,21.3
Princes Town,2012-02-13,68.4,0.0,12.8,74.0,1012.0,54.8,7.7,289.8,25.0,23168,65599,0,33.0,21.0,26.7,34.0,21.0,27.3,19.6
Princes Town,2012-02-14,69.5,0.0,18.3,77.3,1013.2,58.0,7.8,282.1,24.4,23151,65612,0,32.1,23.0,27.0,34.3,23.0,27.9,20.6
Princes Town,2012-02-15,73.0,0.7874,12.8,54.7,1013.2,65.2,6.8,290.3,25.1,23133,65625,1,32.0,23.0,26.8,34.2,23.0,27.8,21.2
Princes Town,2012-02-16,75.0,8.889999999999999,16.1,93.3,1013.2,65.4,6.8,281.1,24.2,23114,65637,1,32.1,23.0,26.7,34.9,23.0,27.8,21.4
Princes Town,2012-02-17,70.0,0.0,15.0,92.0,1012.7,37.5,7.4,286.4,24.8,23095,65649,0,32.0,23.2,27.3,34.4,23.2,28.3,20.9
Princes Town,2012-02-18,67.5,0.0,15.0,97.5,1012.9,28.4,7.5,288.4,24.9,23075,65660,0,32.0,22.8,26.7,33.5,22.8,27.2,19.6
Princes Town,2012-02-19,72.4,0.0,15.0,101.5,1013.1,38.9,7.3,295.6,25.7,23054,65671,0,31.0,21.0,25.6,33.7,21.0,26.3,19.9
Princes Town,2012-02-20,70.0,0.0,12.8,102.9,1013.2,35.9,7.4,296.7,25.7,23032,65681,0,33.0,22.0,26.8,34.6,22.0,27.5,20.2
Princes Town,2012-02-21,71.5,0.0,13.9,104.9,1013.5,34.7,7.6,277.7,23.9,23009,65690,0,33.0,22.0,26.8,35.8,22.0,27.8,20.7
Princes Town,2012-02-22,72.9,0.0,20.8,77.2,1012.8,57.9,7.4,273.8,23.9,22986,65699,0,32.1,22.7,26.9,36.6,22.7,28.4,21.4
Princes Town,2012-02-23,74.6,0.508,17.2,92.9,1012.3,77.0,7.2,258.8,22.3,22962,65707,1,32.1,24.1,27.2,35.9,24.1,28.5,22.0
Princes Town,2012-02-24,73.7,5.1054,20.8,84.7,1012.5,74.0,7.2,296.3,25.5,22937,65715,1,31.1,23.0,26.4,34.7,23.0,27.1,21.0
Princes Town,2012-02-25,81.4,5.384799999999999,19.5,91.0,1012.6,81.6,6.2,239.5,20.7,22911,65722,1,30.1,22.9,25.2,32.8,22.9,25.8,21.6
Princes Town,2012-02-26,71.8,0.0,20.8,86.7,1013.2,63.2,7.3,268.6,22.9,22885,65729,0,31.2,23.7,26.8,34.1,23.7,27.7,21.0
Princes Town,2012-02-27,65.9,0.0,26.4,79.4,1013.7,68.9,7.5,291.0,25.1,22859,65735,0,32.0,24.9,27.4,34.2,24.9,28.4,20.3
Princes Town,2012-02-28,67.1,0.0,18.3,84.5,1013.2,72.2,6.8,296.4,25.6,22831,65740,0,32.1,24.8,27.5,34.9,24.8,28.6,20.6
Princes Town,2012-02-29,79.5,1.2953999999999999,15.0,91.6,1013.4,87.6,6.7,245.8,21.4,22803,65746,1,32.0,22.0,25.8,35.8,22.0,26.7,21.7
Princes Town,2012-03-01,90.3,37.0078,13.9,83.0,1013.3,93.9,4.9,232.9,20.2,22775,65750,1,27.8,23.0,24.4,31.0,23.0,24.7,22.7
Princes Town,2012-03-02,80.8,7.619999999999999,20.4,83.7,1013.6,85.0,6.8,247.0,21.4,22746,65755,1,31.1,23.0,26.6,36.2,23.0,28.3,22.8
Princes Town,2012-03-03,79.1,2.0065999999999997,17.2,90.5,1013.5,64.0,6.8,272.7,23.7,22716,65759,1,30.8,24.8,27.3,35.3,24.8,29.3,23.2
Princes Town,2012-03-04,83.0,9.398,19.5,88.4,1013.7,72.1,5.9,262.8,22.7,22686,65762,1,31.1,24.0,26.4,35.5,24.0,27.7,23.1
Princes Town,2012-03-05,76.5,3.6067999999999993,18.3,68.7,1014.2,51.9,6.8,298.4,25.8,22655,65765,1,31.9,24.0,26.9,35.6,24.0,28.3,22.2
Princes Town,2012-03-06,75.2,2.9972,20.8,78.9,1013.4,57.1,6.3,287.3,24.8,22624,65768,1,31.2,23.0,26.8,34.9,23.0,28.0,21.8
Princes Town,2012-03-07,73.0,5.1054,17.2,83.1,1013.3,45.0,5.9,236.8,20.6,22593,65771,1,32.0,23.0,26.7,35.2,23.0,27.8,21.3
Princes Town,2012-03-08,77.3,8.889999999999999,24.2,73.6,1013.1,75.4,5.9,265.4,23.0,22561,65773,1,31.0,22.9,26.1,33.7,22.9,27.2,21.5
Princes Town,2012-03-09,83.5,11.8872,13.9,92.4,1013.5,86.1,5.7,220.4,18.9,22529,65774,1,29.0,21.0,25.4,32.8,21.0,26.3,22.3
Princes Town,2012-03-10,83.8,10.1854,12.8,89.9,1013.7,85.5,6.5,182.0,15.9,22496,65776,1,29.0,24.0,25.9,32.8,24.0,26.7,22.9
Princes Town,2012-03-11,75.8,0.0,18.3,80.9,1014.0,76.3,6.9,239.7,20.8,22463,65777,0,32.0,25.0,27.5,35.8,25.0,29.2,22.6
Princes Town,2012-03-12,77.4,0.0,18.3,89.9,1013.4,76.8,6.7,179.1,15.5,22430,65778,0,32.0,23.9,27.1,36.8,23.9,28.7,22.6
Princes Town,2012-03-13,80.8,0.9905999999999999,17.2,83.3,1013.7,67.3,7.0,260.7,22.5,22396,65779,1,31.1,22.0,25.9,35.5,22.0,27.1,22.0
Princes Town,2012-03-14,80.1,0.0,18.3,85.5,1013.6,44.3,6.8,270.2,23.4,22363,65779,0,31.1,22.2,26.3,34.6,22.2,27.6,22.2
Princes Town,2012-03-15,83.9,1.5239999999999998,16.1,85.4,1013.7,54.0,6.7,290.1,25.2,22328,65779,1,29.0,23.0,25.8,32.8,23.0,26.9,22.7
Princes Town,2012-03-16,79.6,0.508,15.0,96.0,1013.8,72.4,6.2,184.5,15.9,22294,65779,1,31.0,22.9,26.4,34.6,22.9,27.6,22.2
Princes Town,2012-03-17,78.1,0.0,15.0,91.0,1013.5,69.6,6.7,276.1,23.8,22260,65779,0,31.8,22.9,26.5,35.1,22.9,28.0,22.1
Princes Town,2012-03-18,79.0,0.0,17.2,108.0,1012.4,75.3,6.6,260.0,22.4,22225,65779,0,31.2,22.3,26.7,35.6,22.3,28.2,22.4
Princes Town,2012-03-19,80.4,0.0,17.2,87.5,1011.4,84.3,5.8,214.5,18.4,22190,65778,0,32.0,22.6,26.3,34.9,22.6,27.6,22.4
Princes Town,2012-03-20,92.8,22.9108,8.1,95.4,1011.8,90.3,5.5,153.0,13.4,22155,65778,1,27.0,23.0,24.6,30.1,23.0,24.7,23.3
Princes Town,2012-03-21,91.9,9.1694,15.0,79.4,1011.8,90.0,5.5,157.5,13.7,22120,65777,1,28.7,22.9,25.1,33.8,22.9,26.1,23.7
Princes Town,2012-03-22,83.0,0.3048,16.1,92.1,1011.5,79.6,5.9,248.1,21.5,22085,65776,1,30.1,23.7,26.4,34.3,23.7,27.9,23.1
Princes Town,2012-03-23,81.0,0.0,13.9,92.1,1010.8,89.1,6.0,206.4,17.9,22050,65775,0,31.0,24.0,26.8,35.7,24.0,28.5,23.1
Princes Town,2012-03-24,81.3,0.0,17.2,99.2,1011.5,73.3,6.0,242.0,20.8,22014,65774,0,32.0,23.8,26.9,36.8,23.8,28.8,23.2
Princes Town,2012-03-25,86.3,0.0,16.1,87.6,1012.5,80.9,4.6,167.4,14.4,21979,65773,0,30.8,24.0,26.2,36.2,24.0,27.8,23.6
Princes Town,2012-03-26,84.4,1.4986,17.2,85.2,1012.0,87.4,5.7,180.5,15.6,21944,65772,1,30.1,24.0,26.8,35.3,24.0,28.6,23.8
Princes Town,2012-03-27,77.9,0.0,13.9,88.4,1012.7,70.8,6.4,264.6,22.9,21909,65771,0,31.0,24.0,27.0,34.6,24.0,28.4,22.5
Princes Town,2012-03-28,80.0,0.0,16.1,72.2,1012.9,69.4,5.7,263.5,22.7,21873,65770,0,32.0,23.0,26.8,35.8,23.0,28.4,22.7
Princes Town,2012-03-29,78.7,0.0,21.1,82.6,1013.0,64.7,6.6,266.0,22.9,21838,65769,0,32.0,23.0,26.8,35.8,23.0,28.4,22.4
Princes Town,2012-03-30,77.9,0.0,16.1,93.6,1014.5,57.1,6.8,298.3,25.6,21803,65768,0,31.8,24.0,27.1,35.3,24.0,28.5,22.4
Princes Town,2012-03-31,79.6,0.0,15.0,102.6,1014.7,51.4,7.5,218.8,19.0,21768,65767,0,31.0,23.0,26.7,35.1,23.0,28.2,22.5
Princes Town,2012-04-01,81.8,0.0,15.0,95.1,1012.7,74.4,7.8,263.4,22.9,21734,65767,0,31.0,22.8,26.2,35.5,22.8,27.4,22.6
Princes Town,2012-04-02,78.2,0.0,18.3,91.5,1011.6,69.2,7.5,316.2,27.1,21699,65766,0,32.0,22.9,26.7,34.6,22.9,28.1,22.1
Princes Town,2012-04-03,79.2,0.0,13.9,93.0,1011.4,65.4,7.2,290.3,25.0,21665,65765,0,32.0,22.0,26.8,36.8,22.0,28.6,22.6
Princes Town,2012-04-04,81.7,0.0,18.3,83.9,1011.2,83.7,7.2,301.3,26.0,21630,65765,0,32.0,23.7,26.7,36.8,23.7,28.6,23.1
Princes Town,2012-04-05,78.2,0.0,16.1,87.7,1011.2,72.5,7.1,303.6,26.3,21596,65765,0,32.0,22.9,27.1,36.8,22.9,28.9,22.6
Princes Town,2012-04-06,75.6,0.0,17.2,83.2,1011.9,81.0,7.5,294.2,25.5,21563,65764,0,32.0,24.0,27.4,35.8,24.0,29.1,22.4
Princes Town,2012-04-07,77.9,0.0,11.4,99.2,1012.3,85.9,7.2,236.4,20.4,21529,65764,0,33.0,24.0,27.7,37.1,24.0,29.8,23.2
Princes Town,2012-04-08,77.9,0.0,15.0,93.0,1011.5,50.6,7.4,291.7,25.2,21496,65765,0,34.1,22.9,27.1,38.4,22.9,28.7,22.4
Princes Town,2012-04-09,75.6,0.0,15.0,91.6,1010.7,62.6,7.6,290.3,25.0,21463,65765,0,32.0,21.9,26.8,34.9,21.9,28.1,21.6
Princes Town,2012-04-10,80.3,0.0,20.8,86.7,1011.6,85.8,7.5,241.7,20.9,21431,65766,0,33.0,22.0,26.7,38.1,22.0,28.6,22.8
Princes Town,2012-04-11,79.9,0.0,18.3,90.7,1012.8,83.5,7.2,281.5,24.3,21399,65766,0,32.1,23.8,27.4,36.8,23.8,29.5,23.3
Princes Town,2012-04-12,89.5,2.9972,20.8,79.7,1013.0,82.6,6.0,231.2,20.0,21367,65767,1,31.1,24.0,26.1,36.6,24.0,27.3,24.1
Princes Town,2012-04-13,85.2,2.5146,15.0,95.4,1012.8,90.0,7.0,234.4,20.3,21335,65769,1,30.9,24.0,26.6,35.1,24.0,28.3,23.7
Princes Town,2012-04-14,78.0,0.0,12.8,78.7,1012.7,82.6,7.7,155.2,13.4,21304,65770,0,32.0,22.9,26.7,35.8,22.9,28.3,22.2
Princes Town,2012-04-15,80.4,0.9905999999999999,13.9,60.6,1012.3,45.8,7.6,309.1,26.6,21274,65772,1,33.0,21.0,26.2,37.1,21.0,27.7,22.2
Princes Town,2012-04-16,81.6,0.9905999999999999,17.2,73.4,1012.3,65.1,7.5,310.9,26.9,21244,65774,1,32.0,22.9,26.7,36.6,22.9,28.6,23.0
Princes Town,2012-04-17,80.5,0.0,20.8,93.6,1012.3,70.1,7.6,218.3,18.8,21214,65777,0,31.8,23.7,27.0,36.6,23.7,29.2,23.2
Princes Town,2012-04-18,93.9,24.892,13.9,99.3,1011.8,83.3,6.4,257.5,22.2,21185,65779,1,30.0,24.0,25.6,35.1,24.0,26.5,24.4
Princes Town,2012-04-19,92.6,2.0065999999999997,20.8,88.3,1011.7,89.3,7.0,197.6,17.1,21156,65782,1,30.0,23.8,25.5,36.2,23.8,26.3,24.1
Princes Town,2012-04-20,93.7,16.509999999999998,10.3,91.4,1011.2,82.8,6.0,217.8,18.8,21128,65786,1,29.0,25.0,26.2,35.6,25.0,27.9,25.1
Princes Town,2012-04-21,89.4,4.0893999999999995,13.9,87.5,1011.6,86.8,5.0,228.1,19.6,21100,65789,1,32.0,24.9,26.9,37.9,24.9,29.2,24.8
Princes Town,2012-04-22,81.4,0.0,15.0,99.4,1012.4,81.4,6.6,293.2,25.4,21073,65793,0,32.0,24.0,27.7,37.0,24.0,30.1,23.9
Princes Town,2012-04-23,82.3,0.0,17.2,91.0,1012.3,48.9,7.4,269.6,23.4,21046,65798,0,32.0,24.0,27.4,37.9,24.0,29.7,23.8
Princes Town,2012-04-24,85.5,8.407399999999999,13.9,104.3,1011.8,53.1,7.3,305.1,26.3,21020,65802,1,31.0,24.0,26.7,36.1,24.0,28.9,23.9
Princes Town,2012-04-25,79.8,0.0,16.1,83.9,1012.0,33.8,8.0,306.9,26.4,20995,65807,0,32.1,24.0,27.7,37.9,24.0,29.9,23.6
Princes Town,2012-04-26,77.8,0.0,18.3,76.8,1012.4,61.2,7.4,294.1,25.3,20970,65813,0,33.0,24.0,27.6,37.1,24.0,29.4,22.9
Princes Town,2012-04-27,77.4,0.508,16.1,74.1,1011.9,49.7,7.6,303.8,26.2,20946,65819,1,33.0,22.8,27.4,37.1,22.8,29.5,22.8
Princes Town,2012-04-28,75.6,0.0,15.0,90.3,1011.7,49.1,7.5,306.1,26.6,20923,65825,0,33.0,24.0,28.1,38.1,24.0,30.3,23.0
Princes Town,2012-04-29,82.7,0.0,15.0,84.1,1012.0,82.9,7.3,263.2,22.6,20900,65831,0,32.0,22.8,27.1,37.9,22.8,29.4,23.6
Princes Town,2012-04-30,87.3,2.5146,13.9,92.4,1011.5,88.4,6.2,300.7,25.9,20878,65838,1,31.1,24.0,26.9,36.8,24.0,29.2,24.4
Princes Town,2012-05-01,90.3,14.985999999999999,11.4,89.2,1011.2,80.3,6.4,255.8,22.0,20856,65845,1,30.2,25.0,26.8,36.7,25.0,28.9,25.0
Princes Town,2012-05-02,89.4,8.889999999999999,10.3,90.6,1011.3,85.8,6.9,113.1,9.8,20836,65853,1,31.0,24.2,26.9,37.8,24.2,29.6,24.9
Princes Town,2012-05-03,91.0,8.407399999999999,12.8,96.7,1012.7,89.5,6.8,90.8,7.9,20816,65861,1,30.0,24.0,26.2,35.1,24.0,27.7,24.5
Princes Town,2012-05-04,96.4,9.8806,6.9,59.5,1012.8,90.5,6.5,223.6,19.5,20796,65870,1,28.0,23.8,25.2,32.7,23.8,25.7,24.6
Princes Town,2012-05-05,88.2,0.7874,44.7,95.7,1011.5,88.9,7.5,226.4,19.6,20778,65879,1,32.0,23.9,27.1,39.2,23.9,30.1,24.8
Princes Town,2012-05-06,91.4,2.9972,9.2,92.8,1011.6,90.5,6.8,148.2,12.7,20760,65888,1,29.0,24.9,26.7,35.4,24.9,28.8,25.1
Princes Town,2012-05-07,92.1,2.0065999999999997,10.5,131.1,1011.7,87.8,6.1,252.8,21.9,20742,65897,1,31.7,24.8,26.6,39.8,24.8,28.2,25.1
Princes Town,2012-05-08,85.6,14.808199999999998,12.8,97.6,1011.9,71.2,7.7,150.5,13.0,20726,65907,1,32.8,25.0,27.8,40.2,25.0,30.9,24.9
Princes Town,2012-05-09,95.2,26.212799999999998,9.2,97.6,1011.7,85.8,6.4,106.3,9.1,20710,65918,1,28.9,24.0,25.6,35.5,24.0,26.6,24.8
Princes Town,2012-05-10,92.9,11.9126,11.4,95.4,1011.4,84.7,7.0,176.7,15.3,20696,65928,1,32.0,23.0,26.0,38.9,23.0,27.7,24.6
Princes Town,2012-05-11,91.5,2.9972,20.8,91.3,1012.2,85.4,5.1,197.9,17.0,20682,65939,1,29.0,24.0,26.4,35.6,24.0,28.9,24.9
Princes Town,2012-05-12,84.2,0.0,20.8,88.0,1013.5,71.4,4.5,259.1,22.5,20668,65951,0,32.0,24.8,27.8,39.2,24.8,30.6,24.7
Princes Town,2012-05-13,79.0,0.3048,28.0,82.5,1012.7,89.1,5.0,259.3,22.4,20656,65963,1,32.1,25.0,28.1,36.9,25.0,31.0,23.9
Princes Town,2012-05-14,77.6,0.0,18.3,91.9,1012.3,89.1,5.7,144.0,12.4,20644,65975,0,32.0,25.0,28.0,37.9,25.0,30.7,23.6
Princes Town,2012-05-15,90.1,1.2953999999999999,13.9,89.6,1012.7,90.4,5.6,150.0,12.8,20633,65987,1,31.0,24.0,26.5,37.8,24.0,28.4,24.6
Princes Town,2012-05-16,92.0,0.1016,15.0,90.0,1012.8,66.9,6.3,146.1,12.7,20623,66000,1,31.0,23.9,26.3,39.1,23.9,28.0,24.8
Princes Town,2012-05-17,92.4,14.477999999999998,16.1,103.4,1012.3,74.0,6.5,231.8,19.9,20613,66013,1,31.0,23.2,26.1,38.6,23.2,28.2,24.7
Princes Town,2012-05-18,88.4,11.0998,17.2,104.5,1011.4,57.7,5.6,213.1,18.4,20605,66027,1,31.0,24.2,26.6,37.8,24.2,28.4,24.4
Princes Town,2012-05-19,82.5,0.0,16.1,97.6,1012.2,51.9,6.7,281.3,24.3,20597,66040,0,31.0,23.9,27.1,36.6,23.9,29.3,23.6
Princes Town,2012-05-20,80.3,0.8128,17.2,92.8,1012.9,37.4,7.0,294.0,25.5,20590,66055,1,31.0,24.0,27.3,35.5,24.0,29.2,23.3
Princes Town,2012-05-21,88.5,8.407399999999999,16.1,92.8,1014.0,63.6,5.8,282.2,24.4,20584,66069,1,32.0,24.0,27.1,39.2,24.0,29.8,24.8
Princes Town,2012-05-22,83.3,7.112,16.1,90.8,1013.5,78.2,6.1,243.6,21.0,20579,66083,1,32.0,25.0,27.6,37.7,25.0,30.0,24.3
Princes Town,2012-05-23,85.8,0.9905999999999999,16.1,97.0,1013.7,78.7,6.6,190.1,16.5,20574,66098,1,32.1,24.0,27.5,39.3,24.0,30.3,24.7
Princes Town,2012-05-24,90.2,23.114,15.0,98.7,1014.1,88.4,7.0,196.6,16.9,20570,66113,1,31.1,24.1,26.8,37.6,24.1,29.3,25.0
Princes Town,2012-05-25,88.7,2.0065999999999997,15.0,103.8,1013.8,50.8,6.6,252.9,21.8,20567,66128,1,32.0,24.2,27.4,40.7,24.2,30.6,25.3
Princes Town,2012-05-26,84.7,0.3048,13.9,106.1,1013.2,37.8,6.5,304.7,26.2,20565,66144,1,32.2,24.0,27.9,39.2,24.0,30.9,24.8
Princes Town,2012-05-27,83.6,0.0,18.3,97.5,1013.4,33.9,6.6,299.2,25.8,20563,66159,0,32.0,24.0,28.0,39.2,24.0,31.3,24.7
Princes Town,2012-05-28,84.0,3.9878,16.1,91.6,1012.8,52.6,6.0,286.1,24.8,20563,66175,1,32.9,24.0,27.7,39.0,24.0,30.6,24.4
Princes Town,2012-05-29,86.0,15.8242,13.9,96.1,1013.0,83.5,7.1,170.4,14.9,20563,66191,1,32.9,24.2,27.0,39.2,24.2,29.2,24.3
Princes Town,2012-05-30,87.3,11.9126,11.4,105.3,1012.9,79.2,7.0,143.6,12.6,20563,66207,1,30.2,24.0,26.7,36.7,24.0,28.8,24.3
Princes Town,2012-05-31,86.6,5.5118,17.2,111.8,1014.6,86.6,6.7,152.1,13.2,20565,66223,1,31.0,24.0,26.9,37.8,24.0,29.2,24.4
Princes Town,2012-06-01,87.8,2.9972,11.4,97.6,1016.0,90.0,5.2,125.8,11.0,20567,66239,1,29.9,24.0,26.7,36.1,24.0,29.0,24.4
Princes Town,2012-06-02,79.8,0.0,13.9,94.5,1015.6,88.0,5.8,269.5,23.3,20570,66255,0,32.0,24.0,27.6,37.9,24.0,29.9,23.5
Princes Town,2012-06-03,78.8,2.9972,16.1,78.8,1014.9,74.6,6.7,299.8,26.0,20573,66272,1,32.0,24.0,27.3,36.8,24.0,29.2,23.2
Princes Town,2012-06-04,77.4,2.9972,18.3,87.5,1013.5,70.6,7.4,257.7,22.3,20578,66288,1,33.0,23.9,27.4,36.7,23.9,29.1,22.7
Princes Town,2012-06-05,83.6,2.9972,23.0,81.6,1013.4,85.1,7.0,152.0,13.0,20583,66304,1,31.0,24.0,27.1,36.6,24.0,29.5,23.9
Princes Town,2012-06-06,85.0,2.9972,20.8,83.1,1013.7,88.4,6.3,177.2,15.4,20588,66320,1,32.0,25.0,27.6,39.2,25.0,30.2,24.7
Princes Town,2012-06-07,83.8,0.0,23.0,80.0,1013.5,85.1,5.6,181.4,15.7,20594,66337,0,30.8,26.0,27.6,35.9,26.0,30.3,24.5
Princes Town,2012-06-08,81.7,2.0065999999999997,23.0,70.2,1012.6,89.1,6.6,268.2,23.1,20601,66353,1,32.0,25.0,27.8,36.8,25.0,30.0,24.1
Princes Town,2012-06-09,79.6,0.9905999999999999,18.3,86.6,1012.6,54.0,6.6,254.2,21.9,20609,66369,1,32.1,24.0,27.8,37.5,24.0,30.2,23.7
Princes Town,2012-06-10,93.9,79.502,13.9,95.7,1013.2,87.5,5.1,166.1,14.4,20617,66385,1,29.0,24.0,25.9,34.9,24.0,27.4,24.8
Princes Town,2012-06-11,90.4,12.9032,16.1,97.8,1012.6,68.7,6.6,185.0,15.9,20625,66400,1,31.0,24.8,26.5,36.9,24.8,28.7,24.7
Princes Town,2012-06-12,90.1,16.3068,18.3,135.3,1012.1,82.6,5.8,156.0,13.4,20634,66416,1,30.0,24.0,26.2,36.2,24.0,27.9,24.4
Princes Town,2012-06-13,94.2,43.992799999999995,16.1,115.3,1013.4,93.2,5.8,92.8,8.0,20644,66431,1,26.0,23.0,24.4,26.0,23.0,24.4,23.4
Princes Town,2012-06-14,76.8,2.0065999999999997,13.9,79.1,1013.5,75.9,7.1,248.4,21.2,20654,66446,1,33.0,23.7,27.8,38.1,23.7,29.9,22.9
Princes Town,2012-06-15,93.2,19.1008,11.4,94.8,1013.1,71.7,6.7,110.7,9.5,20665,66461,1,28.0,24.0,25.8,32.7,24.0,26.7,24.6
Princes Town,2012-06-16,81.6,0.0,13.9,97.5,1013.1,67.7,7.2,128.9,11.1,20676,66476,0,32.1,24.9,28.1,39.2,24.9,30.9,24.3
Princes Town,2012-06-17,82.2,0.0,12.8,103.3,1013.7,64.3,7.1,241.5,20.7,20687,66490,0,32.8,24.0,27.9,38.7,24.0,30.9,24.4
Princes Town,2012-06-18,78.2,0.9905999999999999,17.2,94.6,1014.1,54.0,6.9,293.8,25.3,20699,66504,1,32.0,24.8,27.7,36.6,24.8,29.8,23.3
Princes Town,2012-06-19,80.7,5.1054,18.3,100.5,1014.3,48.4,6.8,276.6,24.0,20711,66518,1,33.0,24.0,27.6,39.3,24.0,30.1,23.7
Princes Town,2012-06-20,85.8,7.112,12.8,103.5,1013.4,72.8,6.6,217.3,18.7,20724,66531,1,32.8,23.9,27.3,40.0,23.9,30.2,24.5
Princes Town,2012-06-21,81.2,0.0,18.3,100.0,1013.0,76.8,6.8,123.3,10.8,20737,66544,0,33.0,25.0,28.2,39.3,25.0,30.9,24.4
Princes Town,2012-06-22,77.2,0.0,13.9,99.6,1013.6,54.3,6.7,269.3,23.1,20750,66556,0,33.0,25.0,28.3,38.2,25.0,30.8,23.7
Princes Town,2012-06-23,94.9,33.096199999999996,10.3,96.1,1015.5,79.6,6.1,125.5,10.8,20764,66568,1,28.0,22.8,24.6,31.9,22.8,24.8,23.7
Princes Town,2012-06-24,85.1,6.095999999999999,13.9,100.1,1015.3,67.2,6.9,170.6,14.9,20778,66580,1,32.0,24.0,27.2,38.0,24.0,29.5,24.3
Princes Town,2012-06-25,78.0,0.508,13.9,108.6,1014.6,40.3,7.8,288.3,24.8,20792,66591,1,32.1,23.0,27.5,35.8,23.0,29.2,22.9
Princes Town,2012-06-26,90.2,17.2974,16.1,95.0,1014.7,71.6,6.8,174.1,15.0,20806,66601,1,30.0,23.0,25.4,35.1,23.0,26.2,23.6
Princes Town,2012-06-27,80.1,0.0,15.0,93.4,1015.7,49.5,5.6,247.8,21.4,20821,66611,0,33.0,24.0,28.0,40.6,24.0,30.6,23.9
Princes Town,2012-06-28,78.5,0.0,16.1,100.3,1015.3,39.8,7.0,290.8,25.2,20836,66621,0,33.1,23.0,27.4,37.2,23.0,29.4,22.9
Princes Town,2012-06-29,78.9,0.3048,15.0,102.4,1013.5,35.3,7.4,286.6,24.7,20851,66630,1,33.1,23.0,27.7,38.2,23.0,30.2,23.3
Princes Town,2012-06-30,85.0,2.5146,12.8,106.7,1012.9,75.5,7.2,165.5,14.1,20866,66638,1,32.0,24.0,27.3,39.2,24.0,29.9,24.3
Princes Town,2012-07-01,86.5,0.9905999999999999,13.9,100.9,1013.1,89.2,7.2,136.2,11.8,20880,66645,1,32.0,24.0,26.6,39.2,24.0,28.7,24.0
Princes Town,2012-07-02,82.7,4.013199999999999,13.9,90.6,1012.5,83.5,5.9,203.5,17.6,20895,66652,1,33.1,24.8,27.7,39.4,24.8,30.3,24.2
Princes Town,2012-07-03,78.9,0.3048,16.1,84.8,1012.0,70.9,6.7,270.2,23.3,20910,66658,1,33.0,24.1,28.1,38.8,24.1,30.6,23.8
Princes Town,2012-07-04,89.1,4.5973999999999995,16.1,94.7,1011.7,63.5,6.5,137.7,11.8,20926,66664,1,32.0,24.0,27.2,39.3,24.0,30.0,25.1
Princes Town,2012-07-05,85.0,4.013199999999999,21.9,80.2,1011.2,62.5,6.5,102.1,8.9,20941,66669,1,33.0,24.0,27.3,39.3,24.0,29.7,24.2
Princes Town,2012-07-06,85.2,10.693399999999999,18.3,77.1,1011.9,89.6,5.8,191.7,16.5,20956,66673,1,31.2,24.0,26.8,36.7,24.0,28.7,24.0
Princes Town,2012-07-07,75.2,5.1054,13.9,90.9,1012.6,50.1,7.0,289.0,25.0,20971,66677,1,33.0,24.0,28.0,37.6,24.0,30.2,22.8
Princes Town,2012-07-08,76.4,0.0,14.9,89.2,1013.2,73.2,7.4,268.1,23.2,20987,66680,0,33.3,24.0,27.9,40.4,24.0,30.6,23.1
Princes Town,2012-07-09,78.6,0.7111999999999999,15.4,90.4,1012.7,69.7,7.0,227.4,19.5,21002,66682,1,29.0,24.9,27.2,33.1,24.9,29.2,23.1
Princes Town,2012-07-10,80.8,10.8966,20.8,71.4,1012.2,76.1,5.3,243.2,20.9,21017,66684,1,30.2,24.0,27.4,35.1,24.0,30.0,23.7
Princes Town,2012-07-11,90.9,25.0952,13.9,87.3,1011.3,85.4,6.1,142.1,12.2,21032,66685,1,30.0,23.8,25.8,37.4,23.8,26.9,24.1
Princes Town,2012-07-12,77.7,2.794,18.3,86.9,1011.2,87.5,7.3,193.9,16.7,21046,66685,1,33.0,24.0,27.8,37.1,24.0,29.9,23.2
Princes Town,2012-07-13,78.5,0.0,18.3,91.4,1013.0,59.1,7.6,256.5,22.0,21061,66684,0,32.0,23.8,27.7,36.8,23.8,29.9,23.3
Princes Town,2012-07-14,85.3,12.9032,12.8,100.2,1013.9,63.2,7.2,187.6,16.2,21075,66682,1,31.2,23.8,26.3,36.6,23.8,27.7,23.5
Princes Town,2012-07-15,87.6,0.0,17.2,94.0,1013.6,87.5,6.7,205.4,17.8,21090,66680,0,31.0,24.0,26.4,37.8,24.0,28.6,24.1
Princes Town,2012-07-16,83.1,16.205199999999998,15.0,108.9,1013.4,79.1,6.2,223.5,19.2,21103,66676,1,31.2,22.9,27.5,36.6,22.9,30.3,24.2
Princes Town,2012-07-17,77.5,0.0,12.8,93.8,1013.8,89.1,7.1,247.2,21.4,21117,66672,0,32.9,24.0,27.8,38.1,24.0,30.4,23.3
Princes Town,2012-07-18,75.0,0.0,15.0,94.0,1014.2,54.6,7.6,303.9,26.3,21131,66668,0,33.0,24.0,28.1,39.3,24.0,30.2,22.8
Princes Town,2012-07-19,73.8,0.0,15.0,98.5,1013.8,30.8,7.8,298.4,25.7,21144,66662,0,33.1,23.9,28.1,37.2,23.9,30.0,22.5
Princes Town,2012-07-20,74.7,0.2032,13.9,99.5,1012.8,39.0,7.7,279.6,24.1,21157,66655,1,33.0,23.0,27.9,36.3,23.0,29.8,22.4
Princes Town,2012-07-21,81.2,2.0065999999999997,13.9,102.6,1014.1,44.2,6.7,142.5,12.3,21169,66648,1,33.0,25.0,27.9,40.6,25.0,30.9,24.2
Princes Town,2012-07-22,81.4,0.9905999999999999,18.3,96.9,1014.0,72.1,6.8,136.6,11.7,21182,66640,1,31.0,24.9,27.6,37.8,24.9,30.4,23.9
Princes Town,2012-07-23,84.5,7.112,13.9,95.8,1013.9,90.9,7.0,99.8,8.4,21194,66631,1,29.0,24.0,26.7,33.6,24.0,28.4,23.8
Princes Town,2012-07-24,82.8,4.0893999999999995,16.1,73.5,1014.0,68.4,7.2,280.9,24.3,21205,66621,1,32.0,25.0,27.8,39.2,25.0,30.9,24.4
Princes Town,2012-07-25,79.3,3.8099999999999996,18.3,97.4,1014.1,49.4,6.9,220.6,19.2,21217,66610,1,32.2,25.0,28.4,37.9,25.0,31.3,24.2
Princes Town,2012-07-26,73.8,0.0,18.3,98.4,1014.2,59.0,6.8,298.8,25.9,21228,66599,0,32.0,24.9,28.1,35.4,24.9,29.9,22.6
Princes Town,2012-07-27,75.8,0.0,15.0,104.3,1013.7,66.6,7.0,295.6,25.3,21238,66587,0,32.7,24.0,27.7,36.4,24.0,29.4,22.7
Princes Town,2012-07-28,77.9,0.508,11.4,101.8,1013.0,49.6,6.8,288.8,25.0,21248,66573,1,33.1,25.0,28.4,39.3,25.0,31.5,23.9
Princes Town,2012-07-29,79.6,4.0893999999999995,9.2,27.0,1011.4,37.3,7.4,289.6,25.1,21258,66560,1,34.0,24.1,28.6,53.2,24.1,33.1,24.5
Princes Town,2012-07-30,80.4,5.1054,11.4,129.9,1011.7,49.9,7.3,286.4,24.8,21268,66545,1,33.0,24.2,28.1,39.3,24.2,31.4,24.2
Princes Town,2012-07-31,74.7,0.0,13.9,97.2,1013.3,66.8,7.1,184.9,15.9,21277,66529,0,34.0,25.0,29.2,40.9,25.0,33.2,23.9
Princes Town,2012-08-01,80.4,11.9126,13.9,102.1,1013.6,75.1,6.7,182.2,15.8,21285,66513,1,32.1,25.0,27.9,37.9,25.0,30.7,24.0
Princes Town,2012-08-02,76.5,0.2032,13.9,28.4,1011.8,69.0,7.0,164.3,14.3,21293,66495,1,32.0,24.9,28.2,35.8,24.9,30.7,23.4
Princes Town,2012-08-03,86.9,2.5146,12.8,111.7,1011.2,79.6,6.9,145.2,12.4,21301,66477,1,29.8,25.0,26.6,35.6,25.0,28.2,24.2
Princes Town,2012-08-04,86.4,9.194799999999999,11.4,89.9,1013.4,82.4,6.5,225.5,19.5,21309,66459,1,31.0,25.0,26.7,37.8,25.0,28.3,24.1
Princes Town,2012-08-05,83.2,4.0893999999999995,17.2,93.5,1013.7,64.5,6.2,295.3,25.6,21315,66439,1,30.0,24.9,27.0,35.6,24.9,29.0,23.8
Princes Town,2012-08-06,88.0,27.101799999999997,9.2,100.5,1012.4,75.9,5.6,272.5,23.5,21322,66419,1,32.0,24.8,26.7,38.8,24.8,28.9,24.5
Princes Town,2012-08-07,87.2,1.4986,9.2,95.2,1012.0,72.6,7.0,160.0,13.8,21328,66398,1,31.0,24.0,26.8,37.8,24.0,29.2,24.3
Princes Town,2012-08-08,83.3,9.398,11.4,122.8,1012.8,73.5,6.9,238.4,20.7,21334,66376,1,33.0,24.7,27.6,40.6,24.7,30.4,24.3
Princes Town,2012-08-09,83.3,5.4102,11.4,122.7,1013.6,64.8,7.4,198.7,17.1,21339,66353,1,32.0,24.7,27.8,39.2,24.7,31.0,24.6
Princes Town,2012-08-10,83.1,1.4986,13.9,99.6,1012.9,62.3,6.1,208.8,17.8,21344,66330,1,32.0,24.0,27.7,39.1,24.0,30.9,24.3
Princes Town,2012-08-11,91.9,28.981399999999997,8.1,73.0,1011.7,90.7,6.1,107.0,9.4,21348,66306,1,28.0,23.8,25.5,31.9,23.8,26.1,24.1
Princes Town,2012-08-12,86.2,16.7132,13.9,115.2,1012.7,81.0,6.3,245.7,21.1,21352,66281,1,32.9,24.0,27.0,39.0,24.0,29.3,24.3
Princes Town,2012-08-13,82.9,5.9944,11.6,89.0,1013.2,45.0,7.3,239.9,20.7,21356,66256,1,31.0,23.9,26.9,37.8,23.9,29.2,23.6
Princes Town,2012-08-14,80.8,7.112,13.9,95.9,1013.1,44.0,7.3,254.9,22.0,21359,66230,1,32.0,24.0,27.7,37.9,24.0,30.6,23.9
Princes Town,2012-08-15,80.2,0.9905999999999999,13.9,102.2,1013.9,54.8,6.9,119.4,10.2,21362,66203,1,33.0,24.9,27.7,39.3,24.9,30.1,23.7
Princes Town,2012-08-16,77.1,0.0,13.9,97.9,1012.7,57.0,7.5,209.5,18.2,21364,66176,0,32.2,24.0,28.1,37.9,24.0,30.7,23.4
Princes Town,2012-08-17,80.5,0.0,13.9,108.9,1012.8,67.0,6.9,253.7,21.8,21366,66148,0,33.0,24.0,27.7,39.0,24.0,30.3,23.8
Princes Town,2012-08-18,78.7,0.7874,13.9,106.9,1013.9,68.4,7.5,237.3,20.6,21368,66119,1,33.0,24.0,27.8,38.1,24.0,30.4,23.6
Princes Town,2012-08-19,81.7,6.604,13.9,108.3,1014.5,68.2,6.5,112.8,9.9,21369,66090,1,32.7,24.0,27.0,38.8,24.0,29.1,23.4
Princes Town,2012-08-20,73.8,0.0,11.4,102.2,1013.1,41.2,7.0,205.6,17.7,21370,66060,0,34.0,23.0,28.1,37.3,23.0,30.1,22.5
Princes Town,2012-08-21,75.8,0.0,6.9,20.0,1012.6,44.3,7.4,221.7,19.3,21371,66030,0,34.0,22.9,28.3,38.3,22.9,31.3,23.2
Princes Town,2012-08-22,77.1,0.0,12.8,289.5,1011.4,77.3,7.0,179.1,15.6,21371,65999,0,31.7,25.0,28.1,36.2,25.0,30.8,23.5
Princes Town,2012-08-23,88.7,18.008599999999998,17.2,139.2,1012.2,90.9,6.1,122.2,10.5,21371,65967,1,31.0,23.0,25.7,37.8,23.0,27.2,23.6
Princes Town,2012-08-24,82.3,2.0065999999999997,17.2,120.7,1011.9,85.2,6.8,226.7,19.5,21370,65935,1,31.0,23.8,26.9,35.5,23.8,28.8,23.4
Princes Town,2012-08-25,84.6,7.899399999999999,12.8,87.6,1012.1,74.9,6.4,214.1,18.4,21370,65903,1,33.1,25.0,27.3,39.2,25.0,29.7,24.3
Princes Town,2012-08-26,83.5,0.7874,13.9,99.0,1013.8,79.3,7.3,180.9,15.6,21368,65870,1,32.0,24.183333333333334,26.9,37.3,24.183333333333334,29.4,24.3
Princes Town,2012-08-27,76.8,0.2032,13.9,96.3,1015.0,46.8,7.5,253.8,21.9,21367,65837,1,33.0,23.9,27.9,38.1,23.9,30.3,23.1
Princes Town,2012-08-28,76.4,0.0,11.4,94.6,1014.7,50.3,7.2,276.7,23.8,21365,65803,0,33.1,24.0,28.4,38.1,24.0,31.6,23.6
Princes Town,2012-08-29,82.4,29.006799999999995,13.9,72.5,1013.7,53.6,6.8,239.4,20.7,21363,65769,1,34.0,25.0,27.5,40.6,25.0,29.6,23.9
Princes Town,2012-08-30,78.9,0.0,12.8,111.4,1013.6,45.6,7.3,300.5,26.1,21361,65734,0,35.0,23.8,28.2,41.9,23.8,31.8,23.9
Princes Town,2012-08-31,82.4,5.1054,11.4,83.6,1013.0,38.6,7.1,300.3,25.9,21359,65699,1,34.0,24.0,28.0,40.6,24.0,30.8,24.3
Princes Town,2012-09-01,76.1,0.0,9.2,114.8,1012.9,75.6,7.2,259.6,22.4,21356,65664,0,35.0,24.0,28.7,41.9,24.0,32.1,23.7
Princes Town,2012-09-02,73.2,0.0,11.4,111.2,1014.1,51.4,7.4,227.3,19.8,21353,65628,0,35.0,24.3,29.1,40.7,24.3,32.3,23.4
Princes Town,2012-09-03,76.9,6.095999999999999,15.0,100.5,1014.9,61.3,7.3,135.2,11.7,21350,65592,1,33.0,25.0,28.4,38.1,25.0,31.4,23.8
Princes Town,2012-09-04,83.4,0.508,13.9,88.9,1014.0,81.0,6.9,106.4,9.1,21346,65556,1,32.0,25.0,27.6,37.9,25.0,30.2,24.3
Princes Town,2012-09-05,78.0,5.588,13.9,104.8,1013.5,48.8,7.2,225.7,19.8,21343,65519,1,33.2,25.7,29.0,39.6,25.7,32.8,24.5
Princes Town,2012-09-06,81.2,0.3048,12.8,172.4,1014.2,54.9,7.2,276.8,23.9,21339,65482,1,34.0,25.0,27.8,39.4,25.0,29.9,24.0
Princes Town,2012-09-07,76.8,0.0,11.4,120.9,1013.4,55.3,7.4,292.8,25.4,21335,65445,0,35.0,24.0,28.3,39.6,24.0,31.1,23.4
Princes Town,2012-09-08,73.8,0.0,12.8,113.1,1013.8,37.6,7.6,280.6,24.2,21331,65408,0,34.0,24.0,28.8,40.6,24.0,31.8,23.3
Princes Town,2012-09-09,78.8,0.0,13.9,98.7,1014.1,47.1,7.3,289.6,24.9,21327,65370,0,34.0,25.9,28.3,40.6,25.9,31.6,24.1
Princes Town,2012-09-10,87.6,3.5052000000000003,11.4,107.0,1013.1,89.6,7.0,220.7,19.0,21323,65333,1,29.2,24.0,26.2,34.6,24.0,27.6,23.9
Princes Town,2012-09-11,86.2,19.812,17.2,104.6,1012.3,82.4,6.4,274.1,23.7,21319,65295,1,33.1,24.0,26.5,40.7,24.0,28.2,23.8
Princes Town,2012-09-12,84.4,0.508,11.4,114.5,1011.4,75.1,7.1,157.5,13.5,21314,65257,1,33.0,23.9,26.9,42.1,23.9,29.1,23.9
Princes Town,2012-09-13,83.6,0.9905999999999999,15.0,106.7,1012.0,79.3,7.5,164.9,14.1,21310,65219,1,33.0,24.0,27.8,40.6,24.0,31.3,24.6
Princes Town,2012-09-14,75.6,0.0,16.1,107.2,1013.1,52.0,7.3,272.9,23.7,21305,65181,0,34.0,25.0,28.9,39.4,25.0,32.1,23.8
Princes Town,2012-09-15,75.0,0.2032,13.9,97.8,1012.8,46.2,6.9,270.6,23.5,21301,65142,1,35.0,24.0,29.1,40.7,24.0,32.1,23.6
Princes Town,2012-09-16,78.3,4.0893999999999995,15.0,139.0,1012.3,60.5,7.0,182.3,15.6,21296,65104,1,34.1,24.0,27.9,39.3,24.0,30.5,23.4
Princes Town,2012-09-17,79.8,1.5239999999999998,9.2,138.7,1012.5,39.0,7.3,207.6,18.0,21292,65066,1,34.0,24.0,27.6,40.6,24.0,29.7,23.4
Princes Town,2012-09-18,80.7,15.189199999999998,13.9,80.3,1013.2,52.4,7.1,176.9,15.1,21287,65028,1,33.0,24.8,28.1,40.6,24.8,31.7,24.3
Princes Town,2012-09-19,76.0,0.3048,16.1,107.7,1012.9,48.0,7.3,281.4,24.2,21283,64989,1,34.0,24.8,29.0,40.6,24.8,32.3,23.9
Princes Town,2012-09-20,82.8,5.1054,20.8,99.5,1011.5,54.9,6.8,178.7,15.4,21279,64951,1,32.0,25.0,27.6,37.9,25.0,30.3,24.3
Princes Town,2012-09-21,78.7,0.0,17.2,109.3,1011.1,47.3,7.5,201.5,17.4,21274,64913,0,33.0,25.0,28.6,40.7,25.0,32.1,24.3
Princes Town,2012-09-22,80.8,2.0065999999999997,16.1,98.9,1012.4,68.0,7.0,132.7,11.6,21270,64875,1,32.0,25.9,27.8,36.8,25.9,30.7,24.1
Princes Town,2012-09-23,84.8,0.508,13.9,112.0,1011.9,90.5,6.8,177.4,15.5,21266,64837,1,32.1,23.9,26.5,37.9,23.9,28.0,23.6
Princes Town,2012-09-24,84.8,0.508,13.9,118.3,1011.6,78.4,7.2,160.2,14.0,21262,64799,1,33.0,23.0,27.1,39.3,23.0,30.1,24.1
Princes Town,2012-09-25,80.8,0.0,12.8,115.1,1012.2,84.9,7.0,149.5,13.0,21258,64761,0,35.0,24.8,28.3,44.9,24.8,31.7,24.4
Princes Town,2012-09-26,76.4,0.0,11.4,105.4,1012.3,76.3,7.2,219.6,18.9,21254,64724,0,35.0,24.0,28.1,40.3,24.0,30.9,23.2
Princes Town,2012-09-27,74.1,0.0,9.2,123.9,1012.2,62.7,7.1,247.3,21.3,21251,64687,0,35.0,23.9,28.8,40.4,23.9,31.9,23.3
Princes Town,2012-09-28,74.3,0.0,9.2,116.8,1013.2,79.4,7.0,221.1,19.1,21248,64650,0,35.0,25.0,29.1,40.7,25.0,32.6,23.7
Princes Town,2012-09-29,73.3,0.0,13.9,107.3,1013.5,44.0,7.3,224.0,19.4,21245,64613,0,35.0,25.0,29.2,40.5,25.0,31.8,23.3
Princes Town,2012-09-30,86.0,11.9888,12.8,102.0,1013.2,64.2,6.6,179.5,15.4,21242,64576,1,31.0,25.8,26.9,37.8,25.8,28.9,24.4
Princes Town,2012-10-01,78.1,3.302,16.1,101.0,1012.0,56.6,7.5,232.8,20.2,21239,64540,1,34.0,24.0,28.3,39.4,24.0,31.3,23.8
Princes Town,2012-10-02,81.9,4.0893999999999995,9.2,121.2,1012.6,68.6,7.2,134.4,11.6,21237,64504,1,31.0,24.0,27.3,36.3,24.0,29.9,23.8
Princes Town,2012-10-03,80.3,0.0,10.3,115.5,1012.2,69.6,7.0,183.3,15.9,21235,64469,0,33.0,24.8,28.1,39.4,24.8,31.3,24.2
Princes Town,2012-10-04,79.4,5.7912,17.2,93.9,1011.5,89.1,7.4,184.9,16.1,21233,64434,1,34.0,25.0,28.4,39.4,25.0,31.9,24.2
Princes Town,2012-10-05,82.8,2.0065999999999997,17.2,121.4,1009.8,80.3,6.8,167.9,14.5,21232,64399,1,32.0,24.0,27.7,39.2,24.0,30.9,24.3
Princes Town,2012-10-06,78.9,1.4223999999999999,13.9,116.3,1009.5,87.6,7.1,100.1,8.6,21231,64364,1,32.1,25.8,28.8,39.3,25.8,32.8,24.6
Princes Town,2012-10-07,82.7,10.413999999999998,20.8,114.4,1011.6,72.8,6.7,155.4,13.5,21230,64331,1,34.1,25.2,28.3,42.0,25.2,31.3,24.8
Princes Town,2012-10-08,76.5,0.0,17.2,110.7,1013.1,58.2,7.2,184.6,16.0,21230,64297,0,33.1,25.0,28.8,39.4,25.0,32.1,24.0
Princes Town,2012-10-09,84.0,3.302,17.2,83.5,1011.9,75.0,6.6,184.9,15.9,21230,64264,1,33.1,24.0,27.7,40.6,24.0,30.6,24.4
Princes Town,2012-10-10,81.5,10.8966,11.4,56.9,1010.3,77.5,7.4,185.1,16.0,21231,64232,1,32.1,24.7,27.7,40.7,24.7,30.4,24.1
Princes Town,2012-10-11,84.5,8.5852,15.0,124.6,1008.8,88.1,6.8,172.9,14.9,21232,64200,1,32.1,24.0,26.9,39.2,24.0,29.2,23.9
Princes Town,2012-10-12,87.2,31.292799999999996,15.0,137.2,1009.2,86.1,5.9,137.6,11.7,21233,64168,1,33.0,23.9,26.4,40.6,23.9,28.6,24.0
Princes Town,2012-10-13,82.8,0.9905999999999999,8.1,146.9,1010.4,90.7,7.8,115.6,10.1,21235,64137,1,32.0,24.0,27.0,37.9,24.0,29.3,23.7
Princes Town,2012-10-14,85.1,19.7866,18.3,56.6,1010.6,82.9,6.5,131.8,11.3,21237,64107,1,33.0,23.9,26.7,39.4,23.9,28.3,23.8
Princes Town,2012-10-15,82.6,0.1016,16.1,130.5,1009.8,79.1,7.8,140.1,12.0,21240,64078,1,34.0,23.0,26.9,42.0,23.0,28.9,23.4
Princes Town,2012-10-16,77.8,0.0,15.0,111.1,1009.6,65.1,7.5,244.1,20.9,21243,64049,0,34.0,22.9,28.4,40.6,22.9,32.0,23.7
Princes Town,2012-10-17,81.5,2.9972,19.5,104.5,1010.5,59.7,7.5,105.5,9.1,21247,64020,1,33.9,24.9,28.3,40.6,24.9,31.7,24.6
Princes Town,2012-10-18,82.4,0.508,23.0,96.4,1010.4,64.8,7.3,132.3,11.6,21252,63993,1,34.0,24.0,27.6,40.6,24.0,30.8,24.2
Princes Town,2012-10-19,82.6,0.9905999999999999,20.8,104.1,1010.1,81.0,6.8,156.5,13.5,21257,63966,1,32.0,24.7,27.6,37.9,24.7,30.8,24.3
Princes Town,2012-10-20,76.3,0.0,15.0,119.4,1010.2,81.3,7.5,236.2,20.4,21262,63940,0,34.1,25.0,28.9,42.1,25.0,32.2,23.9
Princes Town,2012-10-21,77.3,0.0,16.1,114.3,1009.5,52.6,8.1,246.7,21.3,21268,63914,0,34.0,24.1,28.7,48.3,24.1,32.4,24.1
Princes Town,2012-10-22,79.1,0.0,17.2,103.9,1009.7,40.5,8.3,213.3,18.2,21275,63890,0,32.0,24.9,27.6,36.8,24.9,30.1,23.5
Princes Town,2012-10-23,73.0,0.0,18.3,109.7,1008.9,42.0,7.6,243.8,21.0,21282,63866,0,33.8,24.7,28.8,38.5,24.7,31.7,23.2
Princes Town,2012-10-24,82.0,0.508,18.3,110.7,1009.3,44.6,6.9,165.5,14.2,21290,63843,1,33.0,25.9,28.3,40.6,25.9,31.7,24.8
Princes Town,2012-10-25,82.2,0.7874,19.5,105.4,1009.8,73.5,7.7,132.3,11.4,21299,63821,1,34.0,24.9,28.1,40.6,24.9,31.5,24.6
Princes Town,2012-10-26,78.6,0.7874,13.9,121.3,1010.2,74.5,7.3,198.5,17.1,21308,63799,1,33.8,24.0,28.5,40.5,24.0,32.3,24.2
Princes Town,2012-10-27,78.2,0.0,13.9,112.7,1010.4,59.1,8.2,227.3,19.7,21318,63779,0,34.0,25.0,29.0,42.0,25.0,32.8,24.4
Princes Town,2012-10-28,76.2,0.0,13.9,113.6,1010.5,49.5,8.2,259.1,22.2,21328,63759,0,34.1,25.7,29.1,40.7,25.7,32.9,24.2
Princes Town,2012-10-29,76.8,0.0,16.1,110.8,1011.3,37.0,7.8,257.0,22.3,21339,63740,0,35.0,25.0,29.1,43.3,25.0,33.3,24.4
Princes Town,2012-10-30,76.1,0.0,17.2,104.2,1011.7,34.1,7.7,232.5,19.9,21351,63723,0,34.0,25.0,28.9,42.4,25.0,32.4,23.9
Princes Town,2012-10-31,76.0,0.0,15.0,111.7,1011.4,68.4,7.5,240.7,20.8,21363,63706,0,33.0,24.0,28.2,38.2,24.0,30.7,23.3
Princes Town,2012-11-01,81.3,15.011399999999998,11.4,352.9,1010.9,77.0,7.6,227.5,19.6,21376,63690,1,33.0,23.0,27.4,42.1,23.0,30.1,23.7
Princes Town,2012-11-02,73.1,0.0,15.0,72.5,1010.7,74.7,7.6,250.2,21.7,21390,63675,0,33.0,24.0,28.2,39.3,24.0,30.0,22.4
Princes Town,2012-11-03,75.7,0.0,16.1,121.3,1011.4,73.3,7.6,248.0,21.5,21405,63661,0,34.0,23.0,28.1,39.4,23.0,30.9,23.1
Princes Town,2012-11-04,87.7,4.013199999999999,16.1,106.3,1011.4,89.1,7.0,137.6,11.9,21420,63648,1,30.0,25.0,26.4,35.1,25.0,27.9,24.2
Princes Town,2012-11-05,87.7,38.099999999999994,15.0,102.9,1010.7,80.3,5.3,55.8,4.8,21436,63636,1,31.0,24.8,26.8,37.8,24.8,28.6,24.5
Princes Town,2012-11-06,84.5,126.39039999999999,15.0,103.6,1010.9,79.3,7.0,157.1,13.6,21452,63625,1,32.0,24.0,26.9,37.9,24.0,28.8,23.9
Princes Town,2012-11-07,77.1,0.0,17.2,113.8,1010.2,40.0,8.3,236.1,20.3,21469,63615,0,33.3,24.2,28.4,38.9,24.2,31.2,23.7
Princes Town,2012-11-08,89.9,29.9974,11.4,147.5,1010.5,63.2,6.9,172.2,14.7,21487,63606,1,30.0,24.0,25.6,35.1,24.0,26.5,23.8
Princes Town,2012-11-09,83.6,0.3048,11.4,132.1,1009.5,73.5,6.8,105.8,9.1,21506,63598,1,33.0,24.0,27.5,39.3,24.0,30.3,24.3
Princes Town,2012-11-10,85.0,0.1016,16.1,93.2,1009.7,66.9,7.1,178.8,15.5,21525,63592,1,30.8,24.0,26.8,37.2,24.0,29.3,24.0
Princes Town,2012-11-11,79.2,0.508,17.2,92.9,1009.9,74.5,7.4,195.6,16.7,21545,63586,1,33.1,24.7,28.1,39.5,24.7,30.9,23.8
Princes Town,2012-11-12,76.8,0.0,12.8,109.4,1010.0,68.7,7.6,224.5,19.5,21565,63581,0,34.0,24.1,28.3,39.4,24.1,31.1,23.6
Princes Town,2012-11-13,84.7,0.0,17.2,104.7,1010.0,75.3,7.5,154.2,13.3,21587,63578,0,32.1,24.8,27.3,39.3,24.8,29.9,24.4
Princes Town,2012-11-14,79.1,0.3048,17.2,112.0,1010.1,64.5,7.8,179.7,15.4,21608,63575,1,33.7,25.0,28.6,40.7,25.0,32.4,24.4
Princes Town,2012-11-15,84.5,7.112,13.9,151.1,1009.8,58.7,6.7,215.4,18.5,21631,63574,1,32.0,25.0,27.2,40.7,25.0,29.2,24.2
Princes Town,2012-11-16,86.7,23.9014,13.9,119.7,1010.4,67.9,7.2,219.7,18.9,21654,63573,1,31.1,24.0,26.7,36.7,24.0,28.4,24.1
Princes Town,2012-11-17,80.4,0.0,16.1,108.2,1011.5,64.4,7.7,219.5,19.0,21678,63574,0,33.0,24.0,28.2,40.6,24.0,31.7,24.2
Princes Town,2012-11-18,77.8,0.508,11.4,111.9,1011.7,59.1,7.7,201.3,17.3,21702,63576,1,33.0,25.0,28.6,39.3,25.0,31.7,24.1
Princes Town,2012-11-19,80.4,0.0,18.3,100.5,1010.9,72.0,7.3,212.4,18.5,21727,63579,0,33.0,25.0,27.8,39.3,25.0,30.6,23.9
Princes Town,2012-11-20,79.6,0.9905999999999999,23.0,99.2,1009.6,62.3,7.1,257.4,22.3,21752,63583,1,32.1,25.0,27.8,36.9,25.0,30.7,23.8
Princes Town,2012-11-21,77.1,0.0,15.0,116.4,1010.0,45.1,7.9,255.4,22.3,21778,63588,0,33.0,25.0,28.6,40.6,25.0,32.2,24.0
Princes Town,2012-11-22,77.3,0.0,15.0,117.4,1010.9,60.2,7.8,249.7,21.6,21804,63594,0,34.0,24.8,28.7,40.6,24.8,32.0,24.0
Princes Town,2012-11-23,75.8,0.0,17.2,108.6,1011.4,37.5,7.8,262.0,22.5,21831,63601,0,33.1,25.0,28.4,37.2,25.0,31.2,23.4
Princes Town,2012-11-24,81.9,2.0065999999999997,18.3,102.1,1010.6,81.9,6.5,115.4,10.0,21859,63609,1,32.1,25.8,27.7,37.6,25.8,29.9,24.1
Princes Town,2012-11-25,85.6,9.194799999999999,16.1,113.0,1011.4,83.4,6.6,173.8,14.9,21887,63618,1,31.1,24.9,27.1,37.8,24.9,29.3,24.3
Princes Town,2012-11-26,80.7,11.6078,20.8,104.2,1012.2,58.4,6.8,237.7,20.6,21915,63628,1,31.1,24.2,27.8,37.8,24.2,30.7,23.9
Princes Town,2012-11-27,78.9,4.013199999999999,13.9,91.3,1011.6,49.1,7.2,255.5,22.1,21944,63640,1,32.9,24.8,27.7,38.1,24.8,30.1,23.5
Princes Town,2012-11-28,78.1,1.778,16.1,97.1,1010.7,51.9,7.3,246.0,21.2,21973,63652,1,32.0,24.2,27.7,36.4,24.2,29.9,23.2
Princes Town,2012-11-29,76.5,0.1016,15.0,111.3,1010.5,64.7,7.5,250.9,21.7,22003,63665,1,33.0,24.6,28.1,40.4,24.6,30.5,23.3
Princes Town,2012-11-30,82.1,11.9126,13.9,117.5,1010.5,85.4,7.0,185.2,16.1,22033,63680,1,32.0,24.0,26.6,36.7,24.0,27.9,23.1
Princes Town,2012-12-01,92.1,3.302,12.1,69.9,1010.4,89.2,6.1,85.0,7.2,22063,63695,1,26.9,24.0,25.0,30.0,24.0,25.2,23.6
Princes Town,2012-12-02,89.2,33.2994,5.8,360.0,1010.3,94.1,7.0,129.9,11.5,22094,63711,1,28.0,23.9,25.5,31.9,23.9,26.6,23.5
Princes Town,2012-12-03,84.3,0.3048,12.8,35.1,1010.1,81.4,7.8,100.3,8.5,22124,63728,1,31.1,22.9,26.2,35.6,22.9,28.1,23.2
Princes Town,2012-12-04,83.1,0.0,10.3,119.7,1011.2,87.8,7.6,114.3,9.8,22155,63746,0,32.1,24.0,26.9,38.1,24.0,28.9,23.7
Princes Town,2012-12-05,80.5,0.0,12.8,112.5,1010.4,78.3,7.3,207.0,18.0,22187,63765,0,33.0,23.9,27.4,39.3,23.9,29.9,23.6
Princes Town,2012-12-06,79.9,2.0065999999999997,16.1,101.5,1009.8,71.3,7.3,236.6,20.4,22218,63785,1,33.0,23.8,27.1,39.3,23.8,29.0,23.1
Princes Town,2012-12-07,85.9,23.114,17.2,104.5,1010.3,86.0,6.6,109.7,9.5,22250,63805,1,31.1,24.0,26.8,37.8,24.0,29.3,24.1
Princes Town,2012-12-08,87.4,10.2108,18.3,109.2,1011.8,72.8,6.5,162.2,14.0,22281,63827,1,31.0,25.0,27.0,37.8,25.0,29.6,24.7
Princes Town,2012-12-09,83.1,2.0065999999999997,17.2,101.5,1012.1,74.1,6.6,150.3,13.0,22313,63849,1,32.1,24.8,27.6,39.2,24.8,30.4,24.3
Princes Town,2012-12-10,87.7,13.0048,11.4,105.0,1010.5,78.0,6.0,131.4,11.6,22345,63872,1,30.1,25.0,26.7,35.8,25.0,28.3,24.3
Princes Town,2012-12-11,86.6,2.0065999999999997,15.0,103.1,1010.5,64.1,7.0,235.3,20.3,22376,63896,1,31.2,23.9,26.2,36.6,23.9,27.8,23.7
Princes Town,2012-12-12,86.7,14.1986,18.3,104.2,1011.0,61.4,6.9,223.5,19.2,22408,63921,1,30.9,23.9,26.4,36.3,23.9,28.0,23.9
Princes Town,2012-12-13,78.9,2.0065999999999997,18.3,103.5,1010.0,56.3,7.4,236.1,20.4,22440,63946,1,31.8,24.0,27.2,35.5,24.0,28.9,22.9
Princes Town,2012-12-14,79.0,0.0,18.3,101.5,1010.0,69.8,7.3,237.4,20.5,22471,63972,0,31.2,23.0,26.4,34.7,23.0,27.9,22.2
Princes Town,2012-12-15,80.0,0.0,11.4,96.1,1010.9,82.9,7.8,242.5,20.9,22503,63998,0,33.0,23.9,26.6,37.1,23.9,27.8,22.6
Princes Town,2012-12-16,75.8,0.0,6.9,73.1,1011.3,81.4,8.1,192.8,16.8,22534,64025,0,31.1,23.0,26.7,35.6,23.0,28.2,21.8
Princes Town,2012-12-17,80.3,13.0048,13.9,120.9,1012.0,77.3,7.7,200.8,17.3,22565,64053,1,32.0,22.8,26.7,36.8,22.8,28.3,22.8
Princes Town,2012-12-18,88.9,12.420599999999999,11.4,101.6,1011.2,84.4,6.3,179.3,15.5,22596,64081,1,28.0,24.0,25.6,32.7,24.0,26.1,23.6
Princes Town,2012-12-19,83.2,5.308599999999999,20.8,95.0,1010.7,87.7,6.8,129.2,11.2,22627,64110,1,31.0,23.1,26.4,35.5,23.1,27.9,23.2
Princes Town,2012-12-20,84.4,11.9888,12.8,91.0,1010.5,76.4,7.9,163.5,14.1,22657,64139,1,32.1,24.0,26.6,36.9,24.0,28.3,23.6
Princes Town,2012-12-21,87.6,2.4892,13.9,105.6,1010.9,80.7,6.8,114.9,10.0,22687,64169,1,30.6,24.0,26.1,35.1,24.0,27.0,23.7
Princes Town,2012-12-22,79.8,0.0,18.3,111.2,1011.1,65.5,7.1,212.8,18.3,22717,64199,0,32.1,25.0,27.6,36.9,25.0,29.8,23.6
Princes Town,2012-12-23,79.9,0.3048,23.0,106.6,1011.6,91.9,7.2,154.4,13.6,22746,64230,1,31.0,25.0,27.3,35.5,25.0,28.9,23.4
Princes Town,2012-12-24,87.2,2.9972,12.8,118.9,1011.8,89.3,6.9,106.9,9.3,22775,64261,1,28.0,24.0,25.8,31.9,24.0,26.6,23.5
Princes Town,2012-12-25,91.5,26.212799999999998,10.3,114.1,1012.4,92.5,6.0,193.2,16.6,22803,64292,1,25.1,23.0,24.6,25.1,23.0,24.6,23.1
Princes Town,2012-12-26,79.2,0.2032,23.0,111.3,1012.7,61.0,7.3,236.7,20.4,22831,64323,1,32.0,24.0,27.3,36.8,24.0,29.2,23.2
Princes Town,2012-12-27,76.9,0.1016,20.8,109.3,1012.5,50.0,7.7,244.2,21.2,22858,64355,1,30.2,23.7,26.8,33.3,23.7,27.9,22.2
Princes Town,2012-12-28,75.0,0.9905999999999999,23.0,101.9,1012.4,62.7,7.6,240.4,20.7,22885,64387,1,31.1,24.2,27.2,33.6,24.2,28.4,22.1
Princes Town,2012-12-29,74.5,2.0065999999999997,17.2,102.1,1012.4,50.1,7.6,235.3,20.2,22911,64419,1,31.6,23.9,27.2,34.7,23.9,28.7,21.9
Princes Town,2012-12-30,84.1,3.9878,23.0,97.0,1013.4,58.6,7.1,216.5,18.7,22936,64452,1,30.7,24.0,26.5,35.4,24.0,28.1,23.4
Princes Town,2012-12-31,77.3,2.0065999999999997,18.3,104.1,1013.5,42.1,7.6,233.0,20.2,22961,64484,1,31.2,24.0,26.9,34.7,24.0,28.3,22.3
Princes Town,2013-01-01,77.5,0.0,16.1,105.1,1013.2,35.9,7.9,255.6,22.1,22985,64516,0,31.1,22.9,26.4,37.9,22.9,27.7,21.9
Princes Town,2013-01-02,83.7,3.9878,18.3,106.4,1013.2,65.4,7.2,246.1,21.3,23009,64549,1,29.0,23.0,25.3,31.4,23.0,25.9,22.2
Princes Town,2013-01-03,79.7,0.0,18.3,92.8,1014.2,64.0,6.9,225.7,19.5,23031,64581,0,30.7,22.2,26.1,34.1,22.2,27.3,22.1
Princes Town,2013-01-04,74.5,0.1016,23.0,90.0,1015.4,63.3,7.2,247.2,21.3,23053,64614,1,31.0,24.0,27.1,33.7,24.0,28.2,21.9
Princes Town,2013-01-05,86.7,11.8872,17.2,107.1,1015.2,63.2,6.4,241.5,20.8,23075,64646,1,29.2,23.6,25.4,32.3,23.6,26.2,22.9
Princes Town,2013-01-06,81.7,6.095999999999999,23.0,101.9,1013.6,56.1,7.2,197.2,17.1,23095,64679,1,30.0,23.8,26.1,33.3,23.8,27.3,22.6
Princes Town,2013-01-07,87.8,39.80179999999999,18.3,95.6,1013.3,82.3,5.1,254.7,22.0,23115,64711,1,28.1,23.1,24.9,32.1,23.1,25.4,22.7
Princes Town,2013-01-08,82.9,9.0932,25.3,97.9,1013.9,66.1,6.4,249.2,21.6,23133,64743,1,30.0,23.2,25.7,32.6,23.2,26.7,22.4
Princes Town,2013-01-09,80.0,2.3114,20.8,108.0,1014.6,57.4,6.9,254.8,22.0,23151,64775,1,30.2,23.0,25.8,33.3,23.0,26.6,21.8
Princes Town,2013-01-10,74.2,0.0,16.1,100.2,1014.1,58.6,7.6,249.5,21.6,23168,64807,0,29.2,23.3,26.0,32.0,23.3,26.9,20.9
Princes Town,2013-01-11,86.5,0.0,20.8,94.2,1012.0,65.6,7.0,224.2,19.3,23184,64838,0,29.0,22.8,24.9,32.8,22.8,25.6,22.4
Princes Town,2013-01-12,78.0,0.9905999999999999,18.3,97.8,1011.1,64.4,8.1,236.4,20.5,23199,64869,1,31.1,23.0,26.2,34.7,23.0,27.3,21.8
Princes Town,2013-01-13,83.5,0.0,11.4,97.9,1012.5,60.1,7.8,251.1,21.8,23214,64900,0,30.1,21.0,25.0,33.4,21.0,25.8,21.8
Princes Town,2013-01-14,74.6,0.0,15.0,106.3,1013.0,64.2,7.9,258.9,22.4,23227,64931,0,31.1,21.9,26.2,33.8,21.9,27.2,21.0
Princes Town,2013-01-15,73.2,0.0,13.9,87.5,1012.4,57.5,8.0,236.5,20.6,23239,64961,0,31.0,23.0,25.9,33.1,23.0,26.7,20.6
Princes Town,2013-01-16,73.4,0.0,23.0,96.1,1012.2,62.1,8.0,237.4,20.5,23250,64991,0,31.1,23.9,26.6,34.6,23.9,27.8,21.3
Princes Town,2013-01-17,79.3,0.0,16.1,94.8,1013.5,51.1,7.5,246.4,21.5,23261,65020,0,30.1,22.0,25.4,33.3,22.0,26.1,21.4
Princes Town,2013-01-18,75.1,0.0,13.9,111.2,1014.1,58.2,8.0,245.3,21.3,23270,65049,0,32.1,22.0,26.3,35.9,22.0,27.4,21.1
Princes Town,2013-01-19,75.1,0.0,74.9,114.1,1013.7,84.8,7.6,226.6,19.6,23278,65078,0,31.1,21.8,26.3,33.9,21.8,27.4,21.2
Princes Town,2013-01-20,74.5,0.0,18.3,111.3,1013.3,40.2,8.2,269.8,23.3,23286,65106,0,31.1,22.0,26.3,33.8,22.0,27.3,21.0
Princes Town,2013-01-21,76.5,0.0,18.3,103.6,1013.1,42.3,8.6,268.1,23.1,23292,65134,0,32.0,22.1,26.6,34.7,22.1,27.7,21.7
Princes Town,2013-01-22,76.6,0.0,17.2,106.4,1014.0,34.4,7.2,253.6,21.8,23297,65161,0,31.2,23.8,26.7,35.3,23.8,27.8,21.9
Princes Town,2013-01-23,76.5,2.9972,18.3,100.2,1014.6,42.3,7.1,259.7,22.5,23301,65188,1,31.0,23.0,26.1,33.7,23.0,26.9,21.4
Princes Town,2013-01-24,84.9,2.2859999999999996,16.1,108.1,1014.6,74.5,6.3,252.2,21.8,23304,65214,1,29.9,22.6,25.1,33.1,22.6,25.9,22.2
Princes Town,2013-01-25,78.3,2.5907999999999998,18.3,99.4,1014.5,81.2,7.1,264.0,22.8,23307,65239,1,31.0,23.1,26.4,33.7,23.1,27.4,22.0
Princes Town,2013-01-26,76.9,2.0065999999999997,25.3,105.2,1014.4,67.1,7.6,260.0,22.4,23308,65264,1,31.0,23.0,26.5,33.7,23.0,27.6,21.8
Princes Town,2013-01-27,80.7,0.0,18.3,100.3,1015.0,58.1,7.6,259.7,22.5,23308,65289,0,30.6,23.3,25.9,33.7,23.3,26.6,22.2
Princes Town,2013-01-28,78.5,0.1016,17.2,91.9,1015.6,70.3,7.8,248.8,21.5,23307,65312,1,30.7,23.0,26.0,32.8,23.0,26.9,21.8
Princes Town,2013-01-29,75.4,0.8128,23.0,73.0,1014.4,66.8,7.1,227.3,19.5,23305,65336,1,30.1,23.8,26.3,32.4,23.8,26.9,21.4
Princes Town,2013-01-30,75.4,0.0,16.1,92.3,1013.7,69.3,7.8,259.3,22.5,23302,65358,0,31.1,23.0,26.3,33.8,23.0,27.2,21.3
Princes Town,2013-01-31,76.5,1.4986,23.0,97.0,1013.5,57.9,7.0,271.9,23.6,23297,65380,1,30.1,23.0,25.7,31.7,23.0,26.3,20.9
Princes Town,2013-02-01,71.0,0.0,20.8,96.6,1012.9,34.7,7.3,280.6,24.2,23292,65402,0,31.0,23.0,26.1,32.4,23.0,26.7,20.2
Princes Town,2013-02-02,76.2,0.0,15.0,103.1,1013.1,52.7,7.6,279.8,24.0,23286,65422,0,32.0,20.8,25.6,34.2,20.8,26.4,20.7
Princes Town,2013-02-03,69.8,0.3048,17.2,97.5,1012.5,63.4,7.8,265.1,22.7,23279,65442,1,31.1,23.2,26.7,33.8,23.2,27.4,20.4
Princes Town,2013-02-04,70.7,0.0,13.9,99.9,1011.9,41.2,8.1,271.6,23.3,23271,65462,0,31.7,21.0,25.8,33.1,21.0,26.4,19.6
Princes Town,2013-02-05,76.3,0.0,17.2,92.5,1012.1,77.4,7.5,206.7,17.8,23262,65481,0,30.1,22.0,26.0,33.4,22.0,27.2,21.4
Princes Town,2013-02-06,80.2,0.3048,21.9,94.4,1012.3,68.8,7.2,245.5,21.1,23252,65499,1,30.1,23.1,26.1,33.4,23.1,27.0,22.2
Princes Town,2013-02-07,77.1,2.3114,19.5,98.8,1012.1,53.0,7.4,264.0,22.7,23240,65516,1,31.1,23.0,26.6,33.8,23.0,27.7,21.9
Princes Town,2013-02-08,77.2,2.0065999999999997,19.5,104.1,1012.1,54.5,7.4,275.4,23.9,23228,65533,1,31.0,22.849999999999998,25.3,33.1,22.849999999999998,26.3,21.4
Princes Town,2013-02-09,76.7,0.0,23.0,101.4,1012.3,34.6,7.8,281.0,24.2,23215,65550,0,32.1,21.0,26.1,35.0,21.0,27.2,21.3
Princes Town,2013-02-10,80.3,0.0,18.3,92.7,1012.8,58.7,7.8,228.3,19.7,23201,65565,0,29.8,24.0,26.0,32.9,24.0,27.2,22.2
Princes Town,2013-02-11,68.3,0.0,24.5,84.4,1013.4,61.5,7.2,276.7,24.0,23187,65580,0,32.0,24.0,26.8,33.5,24.0,27.7,20.2
Princes Town,2013-02-12,64.9,0.0,19.5,100.4,1013.4,63.4,7.4,293.6,25.3,23171,65594,0,31.2,22.1,26.6,32.9,22.1,27.1,19.1
Princes Town,2013-02-13,73.4,0.7874,16.1,101.1,1013.2,51.1,7.3,291.5,25.3,23154,65608,1,31.6,22.0,26.3,33.4,22.0,27.2,20.8
Princes Town,2013-02-14,73.9,0.0,19.5,102.9,1013.8,39.7,7.5,279.5,24.0,23137,65621,0,31.1,22.0,26.5,41.1,22.0,27.7,21.2
Princes Town,2013-02-15,71.9,0.0,18.3,101.5,1014.2,32.8,7.2,282.6,24.4,23118,65634,0,31.0,22.0,26.4,32.4,22.0,27.0,20.5
Princes Town,2013-02-16,72.5,0.0,18.3,99.7,1013.3,48.2,7.5,269.2,23.2,23099,65646,0,31.0,23.1,26.4,33.3,23.1,27.2,20.8
Princes Town,2013-02-17,72.6,0.3048,21.9,106.8,1013.3,47.8,7.3,285.8,24.7,23079,65657,1,31.1,23.7,26.8,33.7,23.7,27.8,21.2
Princes Town,2013-02-18,75.3,0.0,23.0,94.7,1013.5,45.3,5.7,273.2,23.6,23058,65667,0,31.1,24.7,27.3,34.9,24.7,28.7,22.3
Princes Town,2013-02-19,73.3,0.0,21.9,94.4,1013.5,40.5,6.9,277.8,23.9,23036,65677,0,31.0,23.0,26.7,33.7,23.0,27.9,21.4
Princes Town,2013-02-20,73.7,0.0,18.3,97.2,1012.5,47.2,7.1,272.1,23.5,23014,65687,0,31.0,24.0,26.8,33.7,24.0,27.8,21.4
Princes Town,2013-02-21,74.8,0.3048,17.2,97.6,1012.0,45.8,6.8,288.9,24.9,22991,65696,1,31.7,24.0,26.9,34.2,24.0,28.0,21.7
Princes Town,2013-02-22,77.3,0.0,17.5,89.0,1012.6,46.7,7.1,241.2,20.7,22967,65704,0,32.0,22.9,26.6,34.9,22.9,27.6,22.0
Princes Town,2013-02-23,74.6,0.0,18.3,105.7,1012.5,64.6,6.9,287.8,25.0,22942,65712,0,32.1,22.1,26.8,35.9,22.1,28.1,21.6
Princes Town,2013-02-24,70.3,0.0,18.3,112.8,1012.3,58.5,7.4,287.9,25.0,22917,65719,0,32.1,23.6,27.2,34.3,23.6,28.1,20.9
Princes Town,2013-02-25,73.5,0.0,20.8,103.1,1012.2,39.1,7.8,287.4,24.8,22891,65726,0,31.1,23.0,26.8,33.8,23.0,28.2,21.4
Princes Town,2013-02-26,74.8,0.0,20.8,105.2,1013.0,48.2,6.7,279.4,24.2,22864,65732,0,31.1,24.7,27.4,34.6,24.7,29.1,22.4
Princes Town,2013-02-27,72.2,0.0,23.0,105.2,1013.5,60.8,6.6,284.9,24.5,22837,65738,0,32.1,25.2,27.7,35.0,25.2,29.2,22.0
Princes Town,2013-02-28,69.2,0.0,17.2,105.2,1013.0,66.7,7.5,294.5,25.5,22809,65744,0,32.1,24.0,27.4,34.3,24.0,28.3,20.8
Princes Town,2013-03-01,72.3,0.0,18.3,109.5,1011.9,84.4,7.2,274.8,23.8,22781,65749,0,31.1,23.0,26.8,33.3,23.0,27.7,21.1
Princes Town,2013-03-02,71.5,0.0,17.2,112.5,1012.3,62.0,7.6,289.0,24.9,22752,65753,0,31.2,23.0,26.8,33.4,23.0,27.8,20.9
Princes Town,2013-03-03,73.8,0.0,21.9,100.2,1013.6,41.1,6.5,299.3,25.8,22723,65757,0,32.2,22.1,26.7,34.2,22.1,27.8,21.3
Princes Town,2013-03-04,74.4,0.0,17.2,113.2,1013.8,64.3,7.4,280.9,24.2,22693,65761,0,32.3,23.0,27.2,35.1,23.0,28.6,21.9
Princes Town,2013-03-05,76.0,0.0,18.3,105.6,1014.0,76.4,7.2,274.3,23.7,22662,65764,0,32.1,23.0,27.3,35.9,23.0,28.8,22.3
Princes Town,2013-03-06,73.4,0.0,20.8,103.3,1014.4,67.8,7.2,287.0,24.8,22631,65767,0,32.1,22.7,27.1,35.0,22.7,28.3,21.6
Princes Town,2013-03-07,73.0,0.0,18.3,103.7,1014.8,57.2,7.5,300.4,25.9,22600,65769,0,32.8,23.0,27.3,35.9,23.0,28.6,21.5
Princes Town,2013-03-08,75.0,0.0,16.1,104.0,1014.4,46.8,7.3,301.7,26.2,22568,65771,0,32.0,22.0,27.0,34.9,22.0,28.4,21.8
Princes Town,2013-03-09,73.3,0.0,19.5,103.3,1013.3,43.3,7.1,305.7,26.3,22536,65773,0,31.7,23.6,27.2,34.6,23.6,28.5,21.7
Princes Town,2013-03-10,73.1,0.0,17.2,100.3,1012.2,70.3,7.4,290.5,25.2,22503,65775,0,33.0,22.8,27.7,36.5,22.8,29.6,22.1
Princes Town,2013-03-11,75.7,0.0,20.8,108.3,1011.4,74.1,7.4,246.3,21.3,22470,65776,0,33.0,25.0,28.1,38.1,25.0,30.5,23.2
Princes Town,2013-03-12,72.4,0.0,24.2,95.5,1012.2,79.8,7.2,262.7,22.7,22437,65777,0,31.8,25.7,28.1,35.9,25.7,30.1,22.4
Princes Town,2013-03-13,73.7,0.0,23.0,97.9,1012.1,79.6,7.2,280.2,24.2,22404,65778,0,32.1,24.9,27.9,35.8,24.9,29.8,22.5
Princes Town,2013-03-14,82.0,0.9905999999999999,23.0,94.1,1011.6,83.6,6.8,297.5,25.8,22370,65778,1,31.1,23.9,26.3,35.6,23.9,27.4,22.8
Princes Town,2013-03-15,81.7,3.6067999999999993,18.3,92.7,1011.7,89.4,7.0,266.5,23.1,22336,65778,1,30.1,23.0,26.3,33.4,23.0,27.6,22.7
Princes Town,2013-03-16,75.0,0.9905999999999999,23.0,88.1,1012.4,83.0,7.7,309.0,26.5,22302,65778,1,32.1,24.6,27.5,35.0,24.6,28.9,22.4
Princes Town,2013-03-17,67.8,0.0,18.3,98.6,1013.8,89.7,8.3,304.8,26.3,22267,65778,0,33.1,23.8,27.6,36.2,23.8,28.8,20.8
Princes Town,2013-03-18,72.0,0.0,17.2,100.8,1013.5,89.4,7.7,301.4,26.0,22233,65778,0,31.1,23.0,26.9,33.8,23.0,28.3,21.3
Princes Town,2013-03-19,72.1,0.0,16.1,105.7,1012.2,83.9,7.5,293.4,25.5,22198,65778,0,32.1,23.0,27.2,34.3,23.0,28.4,21.4
Princes Town,2013-03-20,73.8,0.0,18.3,112.4,1011.4,82.9,8.1,294.0,25.4,22163,65777,0,32.1,24.0,27.6,35.0,24.0,29.0,22.2
Princes Town,2013-03-21,72.7,0.0,18.3,103.7,1011.4,81.4,7.6,293.6,25.5,22128,65776,0,33.0,25.0,28.1,36.1,25.0,29.9,22.4
Princes Town,2013-03-22,72.5,0.0,20.8,88.8,1012.5,65.8,7.4,283.4,24.7,22093,65775,0,32.2,25.0,28.5,36.9,25.0,31.1,22.8
Princes Town,2013-03-23,71.2,0.0,23.0,86.0,1013.1,65.9,7.1,300.6,25.8,22057,65775,0,32.1,25.0,28.2,35.0,25.0,29.9,22.2
Princes Town,2013-03-24,70.5,0.0,17.2,93.3,1012.3,78.4,7.4,309.2,26.9,22022,65774,0,32.1,24.0,27.9,34.3,24.0,29.0,21.5
Princes Town,2013-03-25,68.4,0.0,23.0,98.4,1011.9,73.9,7.3,308.6,26.7,21987,65773,0,32.1,24.9,27.8,33.6,24.9,28.9,21.1
Princes Town,2013-03-26,70.2,0.0,20.8,108.7,1013.4,46.0,7.4,300.3,25.9,21952,65772,0,32.3,24.0,27.4,34.6,24.0,28.6,21.2
Princes Town,2013-03-27,80.6,37.1094,16.6,99.4,1013.3,61.9,7.5,288.2,24.9,21916,65771,1,29.8,25.0,26.9,33.8,25.0,28.5,23.2
Princes Town,2013-03-28,76.0,0.0,19.5,99.4,1013.0,46.4,7.2,300.7,25.8,21881,65770,0,32.7,24.2,27.8,36.8,24.2,29.6,22.9
Princes Town,2013-03-29,72.4,0.0,17.2,105.8,1014.2,44.9,7.2,292.8,25.3,21846,65769,0,33.0,24.8,28.3,35.3,24.8,30.2,22.4
Princes Town,2013-03-30,68.9,0.0,18.3,103.7,1015.5,40.3,8.1,295.7,25.4,21811,65768,0,33.1,25.0,28.4,36.1,25.0,30.0,21.8
Princes Town,2013-03-31,68.4,0.0,19.5,106.8,1015.5,37.4,7.8,304.6,26.3,21776,65767,0,32.1,23.1,27.5,33.1,23.1,28.4,20.7
Princes Town,2013-04-01,70.2,0.0,23.0,111.2,1014.8,42.6,7.5,306.2,26.6,21741,65766,0,31.2,23.8,27.5,33.8,23.8,28.9,21.3
Princes Town,2013-04-02,71.0,0.0,20.6,95.5,1014.3,38.1,6.0,295.0,25.4,21707,65765,0,29.7,24.9,27.6,32.3,24.9,29.2,21.7
Princes Town,2013-04-03,73.2,0.0,17.4,95.2,1014.0,33.2,6.7,305.9,26.4,21672,65765,0,29.8,24.1,27.3,32.8,24.1,28.4,21.8
Princes Town,2013-04-04,74.5,0.0,18.3,95.2,1014.3,62.4,6.6,297.9,25.9,21638,65764,0,32.1,24.0,27.2,35.0,24.0,28.4,21.8
Princes Town,2013-04-05,68.8,0.0,23.0,102.2,1014.0,49.8,6.7,311.4,27.0,21604,65764,0,33.1,25.0,27.9,35.4,25.0,29.2,21.4
Princes Town,2013-04-06,71.6,0.0,23.0,103.0,1013.9,43.6,6.7,298.3,25.8,21570,65764,0,33.1,25.0,27.9,36.2,25.0,29.5,22.0
Princes Town,2013-04-07,70.5,0.0,23.0,108.6,1013.6,52.9,6.7,308.1,26.6,21537,65764,0,32.1,25.0,28.3,35.9,25.0,30.0,22.1
Princes Town,2013-04-08,69.1,0.0,24.5,108.9,1013.1,47.4,7.5,308.5,26.6,21504,65764,0,33.0,24.9,28.2,34.9,24.9,29.4,21.5
Princes Town,2013-04-09,68.9,0.0,21.9,101.3,1013.2,70.4,7.3,292.7,25.3,21471,65764,0,33.1,24.0,27.9,34.9,24.0,29.0,21.1
Princes Town,2013-04-10,69.0,0.0,19.5,108.1,1012.9,89.5,6.3,295.8,25.5,21438,65765,0,33.1,23.0,27.6,34.7,23.0,28.6,20.8
Princes Town,2013-04-11,66.3,0.0,20.8,100.7,1012.4,84.9,7.1,296.2,25.5,21406,65766,0,33.1,22.0,27.5,34.1,22.0,28.3,20.1
Princes Town,2013-04-12,70.2,0.0,19.5,102.6,1012.3,78.4,7.7,288.7,24.8,21374,65767,0,34.0,24.0,28.2,36.6,24.0,29.7,21.7
Princes Town,2013-04-13,69.0,0.0,25.3,104.9,1012.6,82.8,7.4,306.0,26.5,21342,65768,0,33.1,25.0,28.7,36.1,25.0,30.1,21.9
Princes Town,2013-04-14,69.0,0.0,23.0,102.9,1012.5,66.2,7.6,295.0,25.6,21311,65769,0,34.0,24.7,28.6,37.3,24.7,30.4,21.9
Princes Town,2013-04-15,72.4,0.0,23.0,106.4,1013.3,74.7,7.3,290.0,25.2,21280,65771,0,34.0,25.0,28.7,38.3,25.0,31.2,22.9
Princes Town,2013-04-16,74.0,2.9972,18.3,107.7,1013.3,84.6,6.4,289.8,25.1,21250,65773,1,34.0,25.0,28.4,38.3,25.0,30.5,22.9
Princes Town,2013-04-17,72.1,0.0,18.3,112.8,1012.5,69.3,7.2,284.2,24.4,21220,65775,0,34.0,24.9,28.4,37.4,24.9,30.3,22.4
Princes Town,2013-04-18,70.4,0.0,20.8,105.8,1012.5,61.6,7.1,256.0,22.2,21191,65778,0,33.1,25.0,28.3,36.2,25.0,29.8,21.9
Princes Town,2013-04-19,70.6,0.508,20.8,96.2,1012.7,79.6,7.1,210.2,18.2,21162,65781,1,34.0,24.8,28.4,36.5,24.8,30.3,22.1
Princes Town,2013-04-20,72.7,0.0,20.8,97.8,1012.8,88.2,7.1,264.0,22.8,21134,65784,0,32.1,25.8,27.9,35.0,25.8,29.9,22.4
Princes Town,2013-04-21,74.9,0.3048,16.1,106.1,1012.4,88.5,7.3,230.3,20.0,21106,65788,1,33.0,24.1,27.7,37.1,24.1,29.7,22.6
Princes Town,2013-04-22,73.1,0.0,13.9,120.5,1011.8,71.6,6.8,262.4,22.5,21079,65792,0,34.1,23.0,27.7,37.4,23.0,29.4,22.1
Princes Town,2013-04-23,79.0,0.3048,17.2,105.2,1012.3,88.3,7.0,224.4,19.6,21052,65796,1,31.0,24.0,26.9,35.1,24.0,28.6,22.8
Princes Town,2013-04-24,86.3,2.0065999999999997,16.1,112.9,1012.4,87.8,6.4,245.2,21.3,21026,65801,1,29.3,24.8,26.2,33.6,24.8,27.2,23.6
Princes Town,2013-04-25,85.1,19.304,13.9,108.1,1012.8,91.0,6.0,201.5,17.4,21001,65806,1,30.0,24.1,26.2,34.2,24.1,27.5,23.4
Princes Town,2013-04-26,81.4,2.9972,13.9,100.0,1012.5,86.8,7.0,241.9,20.9,20976,65811,1,33.0,24.0,27.2,38.1,24.0,28.4,23.4
Princes Town,2013-04-27,93.4,74.59979999999999,11.4,101.2,1012.1,92.5,3.8,158.9,13.8,20951,65817,1,25.9,24.0,24.7,25.9,24.0,24.7,23.5
Princes Town,2013-04-28,85.4,4.495799999999999,11.4,115.4,1011.8,93.1,7.0,218.4,18.8,20928,65823,1,30.1,24.7,26.2,33.7,24.7,27.3,23.4
Princes Town,2013-04-29,85.5,0.0,12.8,114.9,1011.8,92.6,6.3,260.1,22.3,20905,65829,0,31.1,23.7,26.1,35.6,23.7,27.4,23.3
Princes Town,2013-04-30,76.2,11.7094,17.2,105.5,1012.3,89.5,8.4,252.5,21.9,20883,65836,1,32.1,24.0,27.6,36.8,24.0,29.7,22.8
Princes Town,2013-05-01,78.4,0.2032,12.8,122.3,1012.4,84.2,7.4,248.5,21.5,20861,65843,1,33.1,25.0,27.8,37.2,25.0,29.9,23.4
Princes Town,2013-05-02,74.2,0.0,13.9,121.6,1011.5,75.4,7.9,286.0,24.9,20840,65851,0,33.2,24.2,28.3,39.3,24.2,30.8,22.9
Princes Town,2013-05-03,78.9,0.1016,13.9,114.1,1011.4,78.3,7.5,274.7,23.6,20820,65859,1,33.3,25.1,28.5,39.6,25.1,32.1,24.3
Princes Town,2013-05-04,80.9,0.889,10.3,118.1,1011.1,88.1,6.9,178.1,15.4,20800,65867,1,33.0,26.0,28.4,40.6,26.0,32.5,24.7
Princes Town,2013-05-05,75.9,0.0,16.1,123.6,1011.7,87.1,6.6,287.1,24.8,20781,65876,0,33.0,25.1,28.7,38.1,25.1,31.5,23.7
Princes Town,2013-05-06,75.6,0.0,17.2,108.5,1013.5,88.0,6.7,291.6,25.2,20763,65885,0,32.1,25.8,28.4,36.9,25.8,30.7,23.4
Princes Town,2013-05-07,72.3,0.0,16.1,105.0,1014.7,87.9,7.3,293.3,25.2,20746,65894,0,32.2,24.8,27.9,35.9,24.8,29.6,22.2
Princes Town,2013-05-08,72.9,0.1016,20.8,100.2,1016.1,69.3,6.7,256.8,22.4,20729,65904,1,33.1,24.8,28.5,37.2,24.8,31.1,22.9
Princes Town,2013-05-09,73.3,0.0,17.2,103.3,1015.8,54.6,6.9,298.9,25.9,20714,65915,0,33.1,24.9,28.2,37.2,24.9,30.4,22.7
Princes Town,2013-05-10,68.9,0.0,31.3,109.4,1015.0,29.4,7.6,306.9,26.4,20699,65925,0,33.0,23.8,28.1,36.0,23.8,29.6,21.4
Princes Town,2013-05-11,72.3,0.0,16.1,105.9,1013.4,39.6,7.7,300.0,25.7,20684,65936,0,33.1,24.0,28.2,37.1,24.0,30.1,22.2
Princes Town,2013-05-12,71.6,0.2032,26.8,102.4,1012.7,74.9,7.5,246.5,21.2,20671,65948,1,33.1,24.6,28.3,37.1,24.6,30.5,22.3
Princes Town,2013-05-13,72.6,0.0,20.8,108.7,1013.0,63.4,6.8,281.5,24.2,20658,65959,0,33.1,25.0,28.4,37.1,25.0,30.6,22.7
Princes Town,2013-05-14,79.0,0.9905999999999999,23.0,108.3,1013.1,53.2,6.5,287.2,24.8,20646,65971,1,32.6,25.0,27.8,37.9,25.0,30.1,23.6
Princes Town,2013-05-15,75.8,2.6923999999999997,23.0,103.1,1012.5,53.9,6.9,285.8,24.6,20635,65984,1,33.1,24.0,28.2,38.2,24.0,30.5,23.2
Princes Town,2013-05-16,70.8,0.0,18.3,103.3,1012.6,68.5,7.1,284.5,24.4,20625,65996,0,33.1,24.0,28.2,36.8,24.0,30.1,22.1
Princes Town,2013-05-17,70.9,0.0,18.3,103.4,1013.5,82.8,7.4,262.8,22.9,20615,66010,0,33.7,25.0,28.8,38.1,25.0,31.3,22.7
Princes Town,2013-05-18,70.5,0.0,18.3,109.6,1014.1,59.4,7.0,277.6,23.9,20606,66023,0,33.2,25.1,28.9,37.6,25.1,31.4,22.7
Princes Town,2013-05-19,76.3,0.508,17.2,112.4,1013.2,65.3,6.9,201.9,17.5,20598,66037,1,33.1,25.0,28.7,38.2,25.0,31.6,23.8
Princes Town,2013-05-20,88.8,17.703799999999998,23.0,99.2,1012.8,89.1,5.3,244.3,21.2,20591,66051,1,31.0,24.0,25.6,36.6,24.0,26.1,23.5
Princes Town,2013-05-21,75.8,0.0,20.8,100.0,1011.9,89.0,6.8,177.9,15.4,20585,66065,0,32.1,25.2,28.1,36.6,25.2,30.4,23.3
Princes Town,2013-05-22,78.2,0.9905999999999999,15.0,106.2,1012.1,83.4,7.3,265.4,23.1,20579,66079,1,33.0,24.9,27.4,37.1,24.9,28.8,22.9
Princes Town,2013-05-23,75.2,0.1016,16.1,97.0,1013.1,88.2,7.4,269.7,23.3,20575,66094,1,33.0,24.1,27.8,37.1,24.1,29.8,22.7
Princes Town,2013-05-24,78.0,2.9972,13.9,103.0,1013.3,83.9,7.0,291.8,25.3,20571,66109,1,33.1,23.8,27.3,36.2,23.8,28.9,22.8
Princes Town,2013-05-25,83.8,10.0076,15.0,108.8,1013.5,87.9,7.1,225.6,19.5,20567,66124,1,32.1,24.8,27.2,38.1,24.8,29.9,24.1
Princes Town,2013-05-26,86.2,16.002,18.3,104.2,1013.2,91.1,6.4,103.7,9.0,20565,66139,1,28.1,25.0,26.6,32.8,25.0,28.2,24.1
Princes Town,2013-05-27,89.8,28.498800000000003,17.2,100.6,1013.1,88.9,5.7,104.4,9.1,20563,66155,1,28.0,24.0,26.1,32.7,24.0,27.0,24.2
Princes Town,2013-05-28,87.4,38.4048,16.1,93.2,1013.0,91.9,5.2,132.5,11.4,20562,66171,1,31.3,24.0,26.7,37.9,24.0,28.6,24.3
Princes Town,2013-05-29,80.3,2.0065999999999997,19.7,92.3,1012.4,89.5,5.4,119.0,10.2,20562,66187,1,31.6,25.0,27.9,37.1,25.0,30.7,24.1
Princes Town,2013-05-30,77.1,0.4064,23.0,87.6,1013.1,88.0,5.4,105.0,9.1,20563,66202,1,32.0,26.0,28.4,36.8,26.0,31.6,23.8
Princes Town,2013-05-31,77.2,2.1082,18.3,88.9,1013.3,88.3,5.5,172.9,14.9,20564,66219,1,31.7,26.0,28.2,36.9,26.0,31.6,23.7
Princes Town,2013-06-01,75.5,0.7111999999999999,20.8,96.4,1013.6,72.4,5.3,252.7,21.8,20566,66235,1,32.2,26.0,28.3,37.9,26.0,31.2,23.4
Princes Town,2013-06-02,80.7,3.9878,18.3,105.2,1013.8,89.5,5.8,159.8,13.8,20569,66251,1,32.1,24.9,27.7,38.1,24.9,30.1,23.9
Princes Town,2013-06-03,90.1,2.9972,13.9,99.9,1014.4,89.6,5.5,120.5,10.3,20572,66267,1,31.1,23.8,25.7,37.4,23.8,26.7,23.9
Princes Town,2013-06-04,79.5,7.213599999999999,18.3,85.1,1014.4,72.5,6.1,169.1,14.5,20576,66283,1,32.1,25.0,27.9,38.1,25.0,30.3,23.8
Princes Town,2013-06-05,78.3,0.0,16.1,109.2,1013.2,75.5,6.7,220.4,18.9,20581,66300,0,33.0,25.0,28.3,39.3,25.0,31.1,23.9
Princes Town,2013-06-06,76.2,0.0,17.2,101.2,1013.3,74.1,7.2,203.8,17.6,20586,66316,0,31.7,25.6,28.0,35.6,25.6,30.1,23.2
Princes Town,2013-06-07,76.2,0.0,16.1,110.9,1013.9,88.3,7.3,239.6,20.8,20592,66332,0,32.1,24.8,27.9,35.9,24.8,30.0,23.1
Princes Town,2013-06-08,72.6,0.0,13.9,105.5,1014.3,61.1,7.3,213.8,18.4,20599,66348,0,32.1,24.8,28.2,35.8,24.8,30.2,22.5
Princes Town,2013-06-09,81.9,26.3144,20.8,110.8,1013.1,65.6,6.4,250.9,21.6,20606,66364,1,33.0,24.0,27.2,38.1,24.0,29.1,23.5
Princes Town,2013-06-10,85.3,10.998199999999999,17.2,113.3,1013.0,86.1,6.3,181.1,15.4,20614,66380,1,31.6,24.0,26.8,38.3,24.0,29.0,24.1
Princes Town,2013-06-11,78.0,0.3048,19.7,104.5,1013.8,67.1,6.4,215.3,18.6,20623,66396,1,32.1,24.0,28.0,36.9,24.0,30.4,23.5
Princes Town,2013-06-12,74.0,0.4064,21.9,100.9,1014.0,73.6,5.9,168.9,14.5,20632,66411,1,32.1,25.8,28.4,36.9,25.8,30.8,23.1
Princes Town,2013-06-13,91.1,14.985999999999999,16.1,109.1,1013.3,84.3,5.1,129.4,11.3,20641,66427,1,30.1,24.0,25.8,36.3,24.0,26.6,24.2
Princes Town,2013-06-14,89.6,33.909,13.9,105.9,1013.1,89.9,6.2,118.3,10.2,20651,66442,1,30.0,24.7,26.3,35.1,24.7,27.6,24.4
Princes Town,2013-06-15,79.4,0.0,20.8,98.2,1013.4,54.3,6.6,197.4,16.9,20662,66457,0,32.1,25.9,28.2,37.8,25.9,30.9,24.1
Princes Town,2013-06-16,81.3,2.9972,23.0,94.3,1012.9,64.3,6.0,274.9,23.8,20672,66472,1,31.1,24.8,27.5,36.7,24.8,30.2,23.9
Princes Town,2013-06-17,80.2,0.9905999999999999,26.8,106.3,1013.0,63.4,6.3,246.7,21.2,20684,66486,1,32.0,25.7,27.4,36.8,25.7,29.2,23.6
Princes Town,2013-06-18,88.0,34.0106,11.4,111.2,1013.4,90.7,6.3,122.4,10.5,20696,66500,1,30.1,24.1,26.1,35.1,24.1,26.8,23.8
Princes Town,2013-06-19,83.1,2.1082,19.6,105.1,1012.6,68.9,7.7,159.7,13.7,20708,66514,1,32.0,25.0,27.4,37.9,25.0,29.8,24.1
Princes Town,2013-06-20,77.8,0.7111999999999999,17.2,102.8,1013.1,62.5,6.3,180.1,15.6,20720,66527,1,32.1,25.0,27.9,36.9,25.0,30.3,23.5
Princes Town,2013-06-21,74.0,0.0,17.2,101.4,1013.6,35.9,7.1,292.0,25.3,20733,66540,0,32.0,24.0,27.9,35.8,24.0,29.8,22.6
Princes Town,2013-06-22,74.2,0.0,18.3,101.5,1013.6,70.8,7.1,272.7,23.5,20747,66553,0,32.0,25.0,27.8,34.9,25.0,29.6,22.5
Princes Town,2013-06-23,75.1,0.8128,17.2,98.5,1013.4,80.2,7.1,260.9,22.5,20760,66565,1,32.1,25.1,28.1,36.8,25.1,30.2,23.0
Princes Town,2013-06-24,83.4,6.985,20.8,97.0,1013.8,57.3,6.4,226.8,19.6,20774,66576,1,31.1,25.0,27.6,37.8,25.0,30.2,24.4
Princes Town,2013-06-25,76.2,0.0,13.9,106.2,1013.5,63.3,7.0,220.5,19.0,20788,66587,0,33.0,24.8,28.5,38.1,24.8,31.2,23.6
Princes Town,2013-06-26,81.9,11.9888,20.8,107.0,1014.1,88.3,6.6,251.4,21.7,20802,66598,1,31.1,24.1,27.4,36.7,24.1,29.8,23.9
Princes Town,2013-06-27,73.4,0.0,18.3,108.8,1013.9,52.9,6.6,286.5,24.7,20817,66608,0,32.0,25.0,28.2,35.8,25.0,30.1,22.7
Princes Town,2013-06-28,74.7,8.991599999999998,15.0,79.2,1013.1,72.7,6.3,255.6,22.2,20832,66618,1,33.1,24.1,27.9,37.1,24.1,29.6,22.6
Princes Town,2013-06-29,85.3,11.9126,13.9,113.3,1012.6,84.0,7.3,113.5,9.8,20847,66627,1,32.1,24.0,26.8,38.1,24.0,28.5,23.9
Princes Town,2013-06-30,79.9,3.9878,17.2,100.3,1013.0,83.2,5.6,167.3,14.3,20862,66635,1,31.1,25.1,27.8,36.6,25.1,30.2,23.8
Princes Town,2013-07-01,77.9,0.0,18.3,99.4,1014.7,62.3,6.0,287.4,24.8,20877,66643,0,32.0,25.1,28.0,38.0,25.1,30.8,23.7
Princes Town,2013-07-02,79.3,3.2003999999999997,9.2,63.8,1014.9,41.7,6.3,298.2,25.8,20892,66650,1,31.0,23.1,26.5,34.6,23.1,27.9,22.4
Princes Town,2013-07-03,76.4,0.0,13.9,92.3,1014.2,40.8,6.9,301.8,26.0,20907,66657,0,32.1,23.8,27.6,35.9,23.8,29.5,22.7
Princes Town,2013-07-04,73.8,0.2032,16.1,92.8,1014.1,34.0,6.9,270.2,23.2,20922,66663,1,32.1,24.7,28.1,35.9,24.7,30.0,22.6
Princes Town,2013-07-05,73.5,0.0,12.8,115.1,1013.6,51.0,6.7,283.0,24.4,20938,66668,0,33.0,24.0,28.3,38.1,24.0,30.8,22.8
Princes Town,2013-07-06,74.4,0.0,15.0,111.6,1013.2,62.9,7.3,249.8,21.6,20953,66673,0,33.0,25.0,28.4,38.1,25.0,31.1,23.2
Princes Town,2013-07-07,78.4,0.6096,11.4,145.1,1012.7,43.2,7.6,249.7,21.6,20968,66677,1,32.2,24.9,28.3,37.9,24.9,31.7,24.0
Princes Town,2013-07-08,84.0,8.991599999999998,13.9,111.9,1013.4,61.3,6.1,138.8,12.0,20983,66680,1,31.1,24.8,27.1,37.9,24.8,29.2,24.1
Princes Town,2013-07-09,85.0,19.6088,8.1,118.0,1014.5,70.8,6.6,116.1,10.0,20999,66682,1,31.2,24.9,26.8,37.8,24.9,28.4,23.9
Princes Town,2013-07-10,76.2,0.508,15.0,101.7,1014.6,59.7,6.7,220.0,18.9,21014,66684,1,33.0,26.0,28.4,37.1,26.0,31.1,23.6
Princes Town,2013-07-11,72.9,0.0,16.1,103.6,1013.6,35.7,6.5,279.1,24.1,21029,66685,0,32.8,24.1,28.7,37.2,24.1,31.3,23.0
Princes Town,2013-07-12,73.6,0.0,11.4,112.9,1013.0,43.3,6.2,270.6,23.4,21043,66685,0,33.1,24.0,28.5,38.1,24.0,31.0,23.0
Princes Town,2013-07-13,75.9,0.0,15.0,111.4,1013.3,63.5,6.8,285.1,24.7,21058,66684,0,33.1,24.6,28.2,39.5,24.6,30.6,23.2
Princes Town,2013-07-14,75.6,0.6096,13.9,118.4,1013.3,78.8,7.0,168.8,14.8,21072,66683,1,33.0,25.0,28.0,37.1,25.0,29.9,23.0
Princes Town,2013-07-15,77.8,0.0,18.3,105.5,1013.6,63.4,6.8,204.5,17.6,21087,66681,0,32.0,25.0,27.9,36.8,25.0,30.3,23.4
Princes Town,2013-07-16,81.2,2.794,13.9,125.8,1013.7,66.8,6.7,207.7,17.8,21101,66678,1,32.1,24.0,27.8,37.9,24.0,30.6,24.0
Princes Town,2013-07-17,89.5,27.686,13.9,112.8,1014.0,77.0,5.1,227.5,19.8,21114,66674,1,30.0,25.0,26.7,37.4,25.0,29.1,24.8
Princes Town,2013-07-18,81.8,3.4036,18.3,105.9,1013.8,71.1,6.8,103.1,9.2,21128,66669,1,32.0,24.7,27.4,37.9,24.7,29.6,23.8
Princes Town,2013-07-19,79.8,13.3858,18.3,106.7,1013.6,84.7,5.3,107.4,9.4,21141,66664,1,30.2,24.9,27.7,35.1,24.9,30.5,23.7
Princes Town,2013-07-20,72.3,2.0065999999999997,17.2,103.2,1013.2,82.7,6.7,263.2,22.8,21154,66657,1,32.1,26.0,28.4,36.0,26.0,31.3,22.8
Princes Town,2013-07-21,86.6,5.5118,12.8,113.6,1013.4,72.5,6.7,193.5,16.8,21167,66650,1,29.8,24.0,26.1,35.6,24.0,27.4,23.7
Princes Town,2013-07-22,77.0,0.508,16.1,106.3,1013.9,41.2,7.4,214.8,18.4,21179,66642,1,32.1,24.0,28.0,36.8,24.0,30.8,23.3
Princes Town,2013-07-23,74.4,0.2032,20.8,104.8,1012.8,64.1,5.8,256.2,22.1,21191,66634,1,32.0,26.1,28.7,37.4,26.1,32.2,23.5
Princes Town,2013-07-24,75.5,0.0,17.9,105.1,1012.9,52.0,5.9,168.0,14.6,21203,66624,0,34.0,26.0,28.8,39.4,26.0,31.9,23.8
Princes Town,2013-07-25,77.4,0.0,12.8,111.3,1014.8,59.6,6.9,265.2,22.8,21214,66614,0,33.0,24.8,28.2,38.1,24.8,30.9,23.6
Princes Town,2013-07-26,76.1,0.9905999999999999,13.9,119.7,1015.8,46.6,6.9,289.7,24.9,21225,66602,1,33.1,25.0,28.3,37.2,25.0,30.9,23.4
Princes Town,2013-07-27,78.8,27.304999999999996,12.8,111.2,1015.2,59.7,6.5,267.8,23.3,21236,66590,1,32.1,24.8,27.8,36.9,24.8,30.1,23.4
Princes Town,2013-07-28,84.6,4.0893999999999995,10.3,202.6,1015.1,65.4,6.8,115.4,9.9,21246,66577,1,30.6,24.0,26.6,35.7,24.0,28.3,23.6
Princes Town,2013-07-29,76.4,0.2032,13.9,100.7,1015.2,47.9,7.7,252.6,21.9,21256,66563,1,33.0,24.0,28.0,37.1,24.0,30.4,23.1
Princes Town,2013-07-30,76.3,0.0,13.9,113.4,1015.3,58.8,7.6,225.8,19.5,21266,66549,0,33.1,24.8,28.5,38.2,24.8,31.4,23.6
Princes Town,2013-07-31,75.6,5.9944,11.4,120.8,1014.4,80.5,7.2,217.7,18.6,21275,66533,1,33.1,24.6,28.5,40.6,24.6,31.1,23.4
Princes Town,2013-08-01,75.5,0.1016,17.2,101.9,1013.9,69.6,7.0,124.9,11.0,21284,66517,1,33.0,25.1,28.6,38.1,25.1,31.6,23.6
Princes Town,2013-08-02,77.9,0.6096,15.0,92.6,1013.9,91.8,6.4,178.8,15.4,21292,66500,1,32.1,26.0,28.2,37.9,26.0,31.3,23.8
Princes Town,2013-08-03,77.5,0.7111999999999999,19.7,93.7,1013.9,79.7,4.7,155.9,13.4,21300,66482,1,32.1,26.6,28.6,38.4,26.6,32.6,24.1
Princes Town,2013-08-04,73.2,0.6096,17.2,95.6,1013.3,36.2,6.7,266.5,22.9,21307,66464,1,33.1,25.0,28.8,38.1,25.0,31.7,23.2
Princes Town,2013-08-05,73.5,0.0,11.4,95.9,1012.9,51.1,6.8,295.0,25.4,21314,66444,0,33.1,24.0,28.2,37.2,24.0,30.2,22.7
Princes Town,2013-08-06,74.2,0.0,10.3,108.4,1012.0,49.0,7.8,294.9,25.5,21321,66424,0,34.2,24.0,28.4,39.3,24.0,31.1,23.1
Princes Town,2013-08-07,81.4,8.001,12.3,110.0,1011.6,67.2,6.9,205.1,17.7,21327,66403,1,32.2,24.0,27.4,37.9,24.0,30.1,23.8
Princes Town,2013-08-08,82.6,1.0921999999999998,10.3,119.0,1010.9,83.2,7.2,189.2,16.4,21333,66382,1,29.1,24.0,26.8,33.6,24.0,28.6,23.5
Princes Town,2013-08-09,74.3,0.0,12.8,121.9,1010.9,60.7,8.3,232.7,20.0,21338,66359,0,33.1,23.0,28.0,38.2,23.0,30.5,22.6
Princes Town,2013-08-10,85.8,2.9972,21.1,109.6,1011.9,81.6,6.1,122.4,10.5,21343,66336,1,32.0,24.1,26.2,37.9,24.1,27.1,23.6
Princes Town,2013-08-11,81.3,24.104599999999998,17.2,114.4,1012.1,87.5,6.6,122.1,10.5,21348,66312,1,32.0,24.0,27.2,36.8,24.0,29.5,23.6
Princes Town,2013-08-12,75.8,8.3058,17.2,121.1,1012.3,83.8,7.4,229.1,19.8,21352,66288,1,32.1,24.0,28.0,36.9,24.0,30.2,23.0
Princes Town,2013-08-13,77.3,2.2097999999999995,13.9,104.0,1012.6,84.3,7.0,282.7,24.5,21356,66262,1,32.0,24.0,28.1,36.4,24.0,30.4,23.4
Princes Town,2013-08-14,73.8,0.9143999999999999,17.2,94.2,1012.6,84.7,6.7,202.0,17.4,21359,66236,1,32.1,26.1,28.9,36.9,26.1,32.6,23.6
Princes Town,2013-08-15,77.9,8.991599999999998,11.4,50.6,1012.5,68.0,6.4,274.5,23.7,21362,66210,1,32.6,25.0,27.8,38.5,25.0,30.4,23.4
Princes Town,2013-08-16,74.1,0.0,10.3,116.5,1012.0,78.6,7.4,278.8,24.1,21364,66183,0,34.0,23.0,28.4,38.4,23.0,31.0,22.9
Princes Town,2013-08-17,81.6,17.018,9.2,49.2,1012.2,65.9,7.2,211.6,18.3,21366,66155,1,33.4,23.7,27.1,38.7,23.7,28.8,23.4
Princes Town,2013-08-18,89.3,3.9878,9.2,352.5,1011.7,77.1,7.3,135.6,11.7,21368,66126,1,32.1,24.0,26.0,38.1,24.0,27.3,24.0
Princes Town,2013-08-19,81.6,2.2097999999999995,9.2,155.8,1011.8,88.4,7.5,180.7,15.8,21370,66097,1,32.1,24.1,27.6,37.5,24.1,30.6,23.9
Princes Town,2013-08-20,74.3,0.0,13.9,110.5,1012.8,59.3,7.8,258.0,22.2,21370,66068,0,34.0,24.8,28.8,39.2,24.8,30.9,23.2
Princes Town,2013-08-21,72.6,0.0,9.2,126.2,1012.7,51.5,7.4,211.5,18.4,21371,66037,0,34.3,24.9,29.2,40.6,24.9,32.5,23.4
Princes Town,2013-08-22,73.1,0.1016,15.0,95.4,1011.5,30.7,7.5,281.4,24.4,21371,66007,1,34.1,24.0,28.7,39.5,24.0,31.6,23.1
Princes Town,2013-08-23,72.2,0.1016,15.0,106.3,1010.9,39.3,6.9,287.2,24.7,21371,65975,1,34.1,25.0,28.9,38.4,25.0,31.7,23.0
Princes Town,2013-08-24,76.9,3.0987999999999998,12.8,110.9,1011.7,74.4,6.6,232.1,20.0,21371,65943,1,33.2,25.0,28.6,39.3,25.0,32.0,23.9
Princes Town,2013-08-25,75.9,2.9972,13.9,117.5,1012.6,84.1,7.4,229.6,19.8,21370,65911,1,32.2,26.0,28.7,37.9,26.0,31.8,23.8
Princes Town,2013-08-26,78.9,5.9944,10.3,244.7,1012.4,60.8,6.9,272.3,23.6,21369,65878,1,33.1,24.0,27.4,39.3,24.0,29.6,23.2
Princes Town,2013-08-27,81.8,0.0,9.2,227.1,1012.4,79.3,7.2,181.9,15.8,21368,65845,0,33.1,24.0,27.1,37.9,24.0,28.9,23.4
Princes Town,2013-08-28,84.2,10.0076,12.8,167.8,1014.0,78.8,6.5,129.2,11.2,21366,65811,1,31.0,23.8,26.7,36.6,23.8,29.1,23.7
Princes Town,2013-08-29,82.6,5.9944,13.9,120.0,1014.4,66.2,7.6,199.0,17.3,21364,65777,1,34.0,24.0,27.3,39.4,24.0,28.9,23.7
Princes Town,2013-08-30,81.9,2.0065999999999997,21.9,42.0,1013.9,63.2,7.6,201.5,17.2,21362,65743,1,35.0,22.9,26.8,40.7,22.9,28.8,23.2
Princes Town,2013-08-31,81.1,0.2032,13.9,280.5,1012.8,84.7,7.0,153.5,13.0,21360,65708,1,31.2,23.0,27.1,35.9,23.0,29.2,23.3
Princes Town,2013-09-01,77.3,0.0,12.8,238.5,1011.4,70.3,7.9,208.4,18.0,21357,65673,0,32.1,24.0,28.1,37.9,24.0,30.8,23.4
Princes Town,2013-09-02,82.6,2.0065999999999997,10.3,229.3,1010.1,87.7,6.6,176.9,15.3,21354,65637,1,32.1,24.9,27.7,38.1,24.9,30.6,24.3
Princes Town,2013-09-03,79.1,0.2032,11.4,172.3,1010.2,86.5,7.2,129.7,11.3,21351,65601,1,34.0,24.8,28.4,42.0,24.8,31.8,24.2
Princes Town,2013-09-04,76.0,4.3942,9.2,114.1,1012.0,75.6,7.6,224.5,19.3,21348,65565,1,34.2,24.0,28.8,41.0,24.0,32.7,23.8
Princes Town,2013-09-05,85.9,35.0012,12.8,91.7,1012.6,78.7,6.6,168.3,14.5,21344,65528,1,31.0,24.8,27.0,37.8,24.8,29.7,24.4
Princes Town,2013-09-06,82.1,2.0065999999999997,9.2,107.8,1013.0,78.6,7.2,112.8,9.6,21341,65491,1,32.1,24.0,27.5,39.2,24.0,30.6,24.0
Princes Town,2013-09-07,74.9,0.0,13.9,111.4,1012.8,53.6,7.9,124.9,10.9,21337,65454,0,34.3,25.0,28.9,40.0,25.0,32.1,23.6
Princes Town,2013-09-08,76.0,0.1016,12.8,109.1,1012.7,26.4,7.2,230.8,20.0,21333,65417,1,34.0,25.0,28.9,39.4,25.0,32.3,23.9
Princes Town,2013-09-09,77.1,0.2032,11.4,109.9,1012.7,41.8,6.6,259.4,22.5,21329,65380,1,34.1,25.0,28.4,40.7,25.0,31.6,23.8
Princes Town,2013-09-10,79.9,1.4986,11.4,110.0,1013.1,76.4,6.7,188.4,16.3,21324,65342,1,33.1,24.0,27.8,40.7,24.0,30.9,23.9
Princes Town,2013-09-11,87.2,27.9908,8.1,4.7,1012.2,86.1,7.2,146.5,12.7,21320,65304,1,32.0,24.0,26.6,37.9,24.0,28.3,24.1
Princes Town,2013-09-12,80.4,0.0,11.4,243.2,1008.5,82.2,7.2,286.4,24.7,21316,65266,0,33.2,23.1,27.6,39.3,23.1,30.3,23.6
Princes Town,2013-09-13,82.0,0.889,8.1,103.0,1007.7,86.4,7.0,207.7,18.1,21311,65228,1,32.1,25.0,27.8,39.2,25.0,30.9,24.3
Princes Town,2013-09-14,83.0,0.7111999999999999,13.9,105.8,1010.9,89.1,7.2,195.0,16.7,21307,65190,1,31.1,25.0,27.8,39.3,25.0,31.3,24.6
Princes Town,2013-09-15,85.7,19.7104,15.8,113.4,1012.6,82.4,5.9,224.8,19.5,21302,65152,1,32.0,25.0,27.3,39.2,25.0,29.5,24.5
Princes Town,2013-09-16,87.7,26.796999999999997,23.0,111.7,1011.5,89.2,5.7,248.0,21.5,21298,65114,1,32.0,16.1,26.8,37.9,16.1,29.3,24.8
Princes Town,2013-09-17,82.2,7.188199999999999,12.8,110.3,1010.8,86.9,6.8,110.2,9.6,21293,65076,1,32.0,24.8,28.0,39.2,24.8,30.9,24.5
Princes Town,2013-09-18,86.1,5.0038,13.9,127.6,1011.2,85.6,6.3,151.6,13.1,21289,65037,1,32.0,25.0,27.6,39.2,25.0,30.7,24.9
Princes Town,2013-09-19,75.4,0.0,9.2,120.1,1013.1,87.2,7.0,233.9,20.2,21284,64999,0,34.0,25.8,29.4,40.6,25.8,32.8,24.1
Princes Town,2013-09-20,75.6,0.0,11.4,122.2,1012.5,89.1,7.3,193.3,16.7,21280,64961,0,35.0,25.9,29.2,41.9,25.9,33.1,24.2
Princes Town,2013-09-21,74.7,0.0,11.4,119.5,1011.6,48.3,7.6,284.4,24.5,21276,64923,0,34.8,24.9,29.2,40.4,24.9,32.6,23.8
Princes Town,2013-09-22,74.9,0.0,10.3,117.7,1012.5,34.5,6.8,290.5,25.1,21271,64884,0,35.0,25.0,29.3,41.9,25.0,33.3,24.1
Princes Town,2013-09-23,78.8,0.9905999999999999,11.4,121.1,1014.1,54.7,6.8,191.6,16.8,21267,64847,1,32.0,25.0,28.4,39.2,25.0,32.1,24.2
Princes Town,2013-09-24,78.0,5.9944,17.2,124.2,1013.1,71.2,6.8,257.6,22.2,21263,64809,1,33.0,24.0,28.3,38.1,24.0,31.1,23.8
Princes Town,2013-09-25,78.4,0.0,11.4,126.8,1011.9,69.3,7.1,232.8,20.1,21259,64771,0,34.0,25.0,28.8,41.5,25.0,32.6,24.4
Princes Town,2013-09-26,77.7,0.0,12.8,121.0,1011.8,89.1,7.0,235.0,20.3,21256,64733,0,34.0,25.0,28.7,40.6,25.0,32.3,24.2
Princes Town,2013-09-27,74.3,0.0,7.7,125.5,1012.2,77.7,7.7,227.7,19.8,21252,64696,0,35.1,24.0,29.1,40.7,24.0,32.7,23.6
Princes Town,2013-09-28,75.3,0.0,11.4,133.1,1012.6,47.5,7.4,243.9,21.1,21249,64659,0,34.7,25.0,29.4,46.2,25.0,33.8,24.3
Princes Town,2013-09-29,73.8,0.0,15.0,109.3,1012.6,32.0,6.6,196.6,17.0,21246,64622,0,34.0,25.0,29.3,39.4,25.0,32.9,23.7
Princes Town,2013-09-30,87.3,30.987999999999996,23.0,112.6,1012.3,78.2,5.7,152.4,13.3,21243,64586,1,30.0,23.2,26.3,36.2,23.2,27.8,24.1
Princes Town,2013-10-01,81.5,0.889,13.9,99.4,1011.5,60.5,6.4,220.8,19.1,21240,64549,1,33.0,24.0,27.2,38.1,24.0,29.2,23.5
Princes Town,2013-10-02,81.8,8.2042,10.3,105.1,1011.0,84.9,6.3,178.8,15.4,21238,64513,1,31.0,24.0,27.4,36.6,24.0,29.7,23.8
Princes Town,2013-10-03,78.7,4.3942,12.8,109.8,1011.7,83.3,6.8,173.7,15.0,21236,64478,1,33.1,25.0,28.6,40.8,25.0,32.3,24.3
Princes Town,2013-10-04,77.9,2.7178,11.4,117.8,1012.2,82.6,6.9,139.3,12.1,21234,64443,1,33.9,25.9,28.7,39.4,25.9,32.2,24.2
Princes Town,2013-10-05,88.4,25.019,10.3,100.2,1013.0,88.6,6.6,175.3,15.2,21233,64408,1,31.0,23.8,26.3,37.8,23.8,28.1,24.1
Princes Town,2013-10-06,77.6,0.0,10.3,117.7,1012.4,64.0,7.5,161.2,13.8,21232,64373,0,36.0,25.0,28.6,41.9,25.0,31.9,23.9
Princes Town,2013-10-07,82.8,1.4986,9.2,124.7,1013.1,82.1,6.4,162.1,14.0,21231,64339,1,32.0,25.9,27.6,37.9,25.9,30.4,24.3
Princes Town,2013-10-08,80.8,5.0038,13.9,117.1,1013.3,65.6,6.4,170.4,14.7,21230,64306,1,32.0,25.9,28.1,37.9,25.9,31.3,24.3
Princes Town,2013-10-09,75.6,0.0,13.9,95.7,1012.4,41.0,6.9,301.7,26.1,21230,64272,0,33.0,24.8,28.3,36.8,24.8,30.6,23.3
Princes Town,2013-10-10,81.9,1.2953999999999999,18.3,108.3,1011.4,65.2,6.3,203.2,17.4,21231,64240,1,32.0,24.8,27.4,38.8,24.8,29.6,23.8
Princes Town,2013-10-11,80.7,10.0076,11.4,111.6,1010.9,67.3,6.5,207.2,17.8,21232,64208,1,33.0,24.9,27.7,37.9,24.9,30.5,23.8
Princes Town,2013-10-12,79.3,0.0,15.0,113.0,1011.0,72.8,7.1,211.6,18.3,21233,64176,0,33.0,24.9,28.2,39.3,24.9,31.3,24.0
Princes Town,2013-10-13,82.2,0.2032,11.4,119.8,1010.7,63.3,7.2,166.0,14.4,21235,64145,1,35.0,24.0,27.7,43.3,24.0,30.6,24.2
Princes Town,2013-10-14,80.6,2.3114,16.1,104.0,1010.3,49.1,6.9,138.9,12.1,21237,64115,1,31.1,25.9,27.8,37.8,25.9,30.3,24.0
Princes Town,2013-10-15,85.2,18.008599999999998,10.3,107.2,1011.3,70.7,6.1,128.3,11.1,21240,64085,1,32.0,25.0,27.3,40.7,25.0,30.3,24.5
Princes Town,2013-10-16,75.9,0.0,13.9,112.4,1011.5,58.9,7.1,215.7,18.6,21243,64056,0,34.0,25.0,28.7,40.6,25.0,31.7,23.7
Princes Town,2013-10-17,92.1,24.409399999999998,11.4,98.7,1012.3,77.0,5.6,158.5,13.6,21247,64028,1,26.0,23.7,24.8,26.0,23.7,24.8,23.4
Princes Town,2013-10-18,81.5,2.0065999999999997,12.8,84.6,1011.5,59.8,7.0,160.7,13.8,21251,64000,1,33.0,22.0,26.7,39.0,22.0,29.1,23.0
Princes Town,2013-10-19,89.9,7.9756,0.0,180.0,1011.6,80.7,6.3,165.3,14.3,21256,63973,1,29.1,24.0,25.7,35.6,24.0,27.1,23.9
Princes Town,2013-10-20,81.2,0.0,12.8,116.2,1011.5,77.8,7.3,182.4,15.8,21261,63946,0,33.0,23.0,27.7,39.3,23.0,30.8,23.9
Princes Town,2013-10-21,91.4,43.992799999999995,10.3,92.8,1011.8,87.2,5.7,110.1,9.6,21267,63921,1,29.0,24.0,25.8,34.6,24.0,26.8,24.3
Princes Town,2013-10-22,82.9,7.010400000000001,12.8,104.5,1011.0,81.9,6.7,228.5,19.7,21274,63896,1,33.0,23.9,27.1,39.1,23.9,28.5,23.6
Princes Town,2013-10-23,78.2,3.302,11.4,113.0,1011.2,80.5,7.2,210.6,18.3,21281,63872,1,33.0,25.0,28.4,39.3,25.0,31.4,24.0
Princes Town,2013-10-24,85.1,20.9804,12.8,92.3,1012.2,69.8,6.1,169.3,14.5,21289,63849,1,32.8,23.9,26.7,37.9,23.9,28.4,23.8
Princes Town,2013-10-25,90.0,38.2016,10.3,109.3,1012.4,73.5,6.2,162.5,14.0,21297,63826,1,31.0,25.0,26.3,36.6,25.0,27.6,24.4
Princes Town,2013-10-26,80.8,1.3208,16.1,102.8,1012.1,88.9,6.9,90.0,7.6,21306,63805,1,32.0,25.0,27.6,37.9,25.0,29.9,23.9
Princes Town,2013-10-27,75.8,0.2032,17.2,100.4,1011.1,87.1,7.0,231.4,20.0,21316,63784,1,32.0,25.0,28.1,36.8,25.0,30.6,23.1
Princes Town,2013-10-28,80.1,0.508,10.2,58.5,1010.5,79.4,6.7,202.1,17.2,21326,63764,1,32.0,24.0,27.6,40.7,24.0,30.1,23.7
Princes Town,2013-10-29,91.8,33.096199999999996,12.1,107.8,1010.9,86.5,5.6,153.8,13.4,21337,63745,1,28.0,24.0,25.3,31.9,24.0,26.1,23.8
Princes Town,2013-10-30,84.5,0.7111999999999999,11.4,111.7,1010.3,89.8,6.1,163.8,14.2,21348,63727,1,29.0,24.1,26.4,33.4,24.1,28.0,23.5
Princes Town,2013-10-31,81.0,0.0,12.8,108.5,1008.9,72.1,6.7,217.3,18.8,21361,63710,0,32.0,24.0,27.1,36.8,24.0,29.0,23.2
Princes Town,2013-11-01,80.2,1.6001999999999998,13.9,136.3,1010.0,81.9,6.8,156.7,13.5,21374,63694,1,32.0,24.0,27.2,36.8,24.0,28.8,23.3
Princes Town,2013-11-02,79.9,1.2953999999999999,12.8,112.0,1011.3,67.0,6.5,147.2,12.7,21387,63679,1,32.9,24.8,27.8,38.0,24.8,30.3,23.8
Princes Town,2013-11-03,77.3,0.9905999999999999,11.4,101.7,1010.9,79.6,7.2,258.5,22.3,21401,63665,1,33.0,24.9,27.9,38.1,24.9,29.9,23.2
Princes Town,2013-11-04,79.0,0.0,13.9,106.7,1010.1,77.1,7.0,236.5,20.4,21416,63651,0,33.0,24.0,27.5,38.1,24.0,29.7,23.2
Princes Town,2013-11-05,79.8,0.2032,11.4,111.0,1010.3,69.6,6.9,247.1,21.2,21432,63639,1,32.0,23.8,26.9,36.8,23.8,28.7,22.9
Princes Town,2013-11-06,79.9,0.0,15.0,135.7,1010.5,65.9,7.1,238.8,20.6,21448,63628,0,33.0,23.8,27.6,38.1,23.8,30.1,23.6
Princes Town,2013-11-07,79.2,0.0,12.8,117.7,1010.6,61.4,6.9,231.5,20.0,21465,63618,0,33.0,25.0,28.1,38.1,25.0,30.9,23.9
Princes Town,2013-11-08,82.7,20.193,15.0,95.0,1011.1,81.8,6.4,179.7,15.5,21483,63609,1,32.0,24.0,26.9,37.9,24.0,28.5,23.5
Princes Town,2013-11-09,88.5,7.9756,21.9,74.0,1012.1,78.6,5.2,101.1,8.7,21501,63601,1,29.0,24.8,26.4,34.6,24.8,28.1,24.4
Princes Town,2013-11-10,94.2,35.026599999999995,9.2,86.5,1011.7,84.7,6.4,87.8,7.6,21521,63593,1,25.8,23.9,24.7,25.8,23.9,24.7,23.7
Princes Town,2013-11-11,89.5,6.2992,16.1,80.7,1011.9,88.6,5.8,130.6,11.4,21540,63588,1,30.0,23.6,26.0,35.9,23.6,27.5,24.1
Princes Town,2013-11-12,84.6,5.9944,17.2,71.4,1010.8,59.3,6.2,232.2,20.2,21561,63583,1,31.0,24.0,27.0,36.6,24.0,29.1,24.0
Princes Town,2013-11-13,84.2,13.3096,23.0,74.4,1010.5,71.4,6.3,237.1,20.5,21582,63579,1,31.0,24.0,27.2,36.6,24.0,29.7,24.1
Princes Town,2013-11-14,87.4,0.1016,19.6,83.1,1011.8,81.0,6.5,131.8,11.3,21603,63576,1,30.1,24.0,26.7,36.2,24.0,28.7,24.3
Princes Town,2013-11-15,82.6,0.9905999999999999,16.1,79.5,1011.3,38.9,6.9,261.4,22.3,21626,63574,1,32.0,24.0,27.4,37.9,24.0,30.1,24.0
Princes Town,2013-11-16,80.1,0.0,19.6,323.4,1010.3,29.5,7.2,248.0,21.3,21648,63574,0,32.0,22.7,27.2,37.9,22.7,29.7,23.2
Princes Town,2013-11-17,81.1,0.0,18.3,303.6,1008.7,29.1,7.0,254.5,22.0,21672,63574,0,32.0,22.0,26.9,37.9,22.0,29.2,23.1
Princes Town,2013-11-18,82.1,0.0,11.4,274.7,1007.8,37.8,7.0,265.4,22.9,21696,63576,0,32.0,22.0,26.4,36.8,22.0,28.0,22.8
Princes Town,2013-11-19,87.5,0.1016,11.4,75.3,1009.3,84.5,7.0,232.0,20.1,21721,63578,1,30.0,23.0,26.1,36.2,23.0,28.3,23.8
Princes Town,2013-11-20,83.1,0.0,15.0,92.9,1012.0,89.1,7.0,129.2,11.3,21746,63582,0,31.0,25.0,27.4,37.8,25.0,29.8,24.2
Princes Town,2013-11-21,89.3,3.9878,19.6,74.4,1011.9,70.5,5.7,224.2,19.3,21772,63587,1,30.0,24.0,26.0,36.2,24.0,27.4,24.1
Princes Town,2013-11-22,90.6,13.5128,10.3,88.2,1010.5,83.5,6.1,159.3,13.7,21798,63592,1,27.0,23.8,25.4,30.2,23.8,26.3,23.7
Princes Town,2013-11-23,89.6,2.9972,15.0,67.9,1009.8,76.2,6.4,155.1,13.3,21825,63599,1,29.0,23.2,25.4,34.6,23.2,26.3,23.5
Princes Town,2013-11-24,92.8,32.9946,17.2,77.4,1010.3,64.9,5.3,225.7,19.4,21853,63607,1,28.0,23.0,25.1,34.0,23.0,25.9,23.8
Princes Town,2013-11-25,91.4,21.310599999999997,24.2,76.1,1011.0,72.4,5.8,166.9,14.4,21880,63616,1,31.0,23.0,25.4,37.8,23.0,26.6,23.8
Princes Town,2013-11-26,86.9,21.691599999999998,20.8,64.2,1010.2,80.5,4.9,184.5,15.9,21909,63626,1,31.0,23.0,25.9,36.6,23.0,27.3,23.4
Princes Town,2013-11-27,91.9,26.8224,11.4,70.3,1009.3,86.8,5.9,95.6,8.3,21937,63637,1,28.1,23.0,24.7,32.1,23.0,25.3,23.3
Princes Town,2013-11-28,88.9,6.095999999999999,17.2,79.3,1010.4,68.6,6.3,174.9,15.0,21966,63649,1,30.0,23.0,25.3,34.2,23.0,25.9,23.2
Princes Town,2013-11-29,77.7,0.9905999999999999,16.1,91.2,1010.5,34.0,7.4,229.0,19.8,21996,63662,1,31.0,22.0,26.3,33.7,22.0,27.7,21.8
Princes Town,2013-11-30,78.4,0.0,23.0,98.4,1010.1,56.3,7.1,190.5,16.3,22026,63676,0,30.0,23.0,26.4,33.2,23.0,27.7,22.2
Princes Town,2013-12-01,91.0,60.020199999999996,11.4,99.3,1010.5,91.9,5.3,167.8,14.4,22056,63691,1,27.0,23.2,25.2,30.1,23.2,25.7,23.6
Princes Town,2013-12-02,86.5,0.4064,11.4,121.8,1011.5,87.6,7.2,153.5,13.2,22086,63707,1,31.6,25.0,26.9,36.6,25.0,28.8,24.3
Princes Town,2013-12-03,81.8,0.0,16.1,107.4,1013.4,70.5,7.3,184.1,15.8,22117,63724,0,31.8,25.9,27.9,36.2,25.9,30.4,24.3
Princes Town,2013-12-04,82.6,4.0893999999999995,16.1,103.0,1012.9,71.5,6.8,129.2,11.2,22148,63742,1,31.0,24.0,26.8,35.5,24.0,28.4,23.5
Princes Town,2013-12-05,75.3,0.0,12.8,111.9,1012.5,59.6,7.2,226.7,19.5,22179,63761,0,32.0,23.9,27.3,34.9,23.9,28.8,22.2
Princes Town,2013-12-06,76.3,0.0,12.8,104.3,1012.4,89.1,7.3,236.6,20.5,22211,63780,0,31.9,22.0,26.8,34.9,22.0,28.1,21.9
Princes Town,2013-12-07,82.0,0.508,12.8,81.3,1012.0,51.9,6.9,231.5,20.0,22242,63801,1,32.0,23.0,26.3,36.8,23.0,27.6,22.8
Princes Town,2013-12-08,81.3,0.0,13.9,104.6,1012.5,64.3,7.5,186.6,16.1,22274,63822,0,31.0,22.0,26.3,34.6,22.0,27.8,22.6
Princes Town,2013-12-09,84.1,0.508,15.0,100.3,1013.0,87.0,7.1,153.0,13.4,22305,63844,1,30.0,24.9,27.0,34.6,24.9,29.1,24.0
Princes Town,2013-12-10,81.8,0.1016,23.0,88.2,1012.8,83.5,6.4,174.6,15.1,22337,63867,1,31.0,24.9,27.1,36.6,24.9,28.9,23.6
Princes Town,2013-12-11,94.0,24.002999999999997,15.0,88.7,1013.6,88.2,4.7,161.7,14.0,22369,63891,1,28.0,23.9,24.8,32.7,23.9,25.1,23.7
Princes Town,2013-12-12,79.9,2.0065999999999997,13.9,99.5,1012.7,41.7,7.4,228.0,19.9,22401,63915,1,32.0,23.0,26.7,35.8,23.0,28.2,22.5
Princes Town,2013-12-13,90.6,20.0152,17.2,100.1,1012.1,80.6,6.1,163.7,14.2,22432,63940,1,28.7,22.9,25.6,34.1,22.9,26.7,23.9
Princes Town,2013-12-14,80.6,5.4102,19.6,94.9,1012.5,78.7,6.0,209.4,18.2,22464,63966,1,31.0,25.0,27.2,36.6,25.0,29.0,23.3
Princes Town,2013-12-15,79.7,23.0124,21.9,91.3,1012.7,49.4,6.3,245.4,21.1,22496,63992,1,31.0,23.9,27.0,35.5,23.9,28.7,22.9
Princes Town,2013-12-16,85.5,6.7056,19.6,92.5,1012.1,64.7,5.8,240.0,20.8,22527,64019,1,30.0,23.8,26.1,35.1,23.8,27.7,23.3
Princes Town,2013-12-17,75.2,0.0,20.8,86.1,1011.8,72.1,6.7,229.3,19.7,22558,64047,0,31.2,24.1,27.3,35.5,24.1,29.0,22.4
Princes Town,2013-12-18,86.0,5.0038,23.0,93.4,1011.8,73.3,6.2,232.6,20.0,22589,64075,1,30.1,24.0,25.9,35.1,24.0,27.2,23.3
Princes Town,2013-12-19,83.9,0.0,16.1,95.7,1011.9,75.4,6.7,235.7,20.4,22620,64103,0,30.0,22.0,25.6,35.1,22.0,27.0,22.6
Princes Town,2013-12-20,80.5,0.7111999999999999,18.3,89.3,1011.5,70.7,6.3,221.1,19.1,22650,64133,1,30.8,22.0,25.9,35.1,22.0,26.9,22.0
Princes Town,2013-12-21,76.4,2.2097999999999995,17.2,84.7,1011.7,76.8,6.6,246.7,21.3,22680,64162,1,32.0,23.0,26.4,34.9,23.0,27.6,21.6
Princes Town,2013-12-22,77.5,2.0065999999999997,16.1,89.6,1012.5,45.7,6.8,235.1,20.4,22710,64192,1,31.2,22.9,26.3,35.5,22.9,27.6,21.7
Princes Town,2013-12-23,79.1,0.0,15.0,89.5,1012.4,38.0,7.4,240.5,20.8,22739,64223,0,32.0,21.0,26.0,34.6,21.0,27.2,21.7
Princes Town,2013-12-24,85.4,2.9972,11.4,114.3,1011.1,55.1,6.0,227.5,19.6,22768,64253,1,31.0,23.9,26.3,36.6,23.9,28.2,23.6
Princes Town,2013-12-25,88.1,19.7866,12.8,94.9,1011.7,83.7,6.1,194.9,16.9,22796,64285,1,28.8,23.0,25.2,32.3,23.0,25.7,23.0
Princes Town,2013-12-26,85.2,5.6133999999999995,11.4,94.2,1013.8,78.7,5.6,167.7,14.6,22824,64316,1,30.1,24.0,26.4,35.2,24.0,28.3,23.7
Princes Town,2013-12-27,78.5,0.0,16.1,88.8,1014.2,85.8,6.3,222.5,19.2,22852,64348,0,30.0,24.8,26.9,35.1,24.8,28.3,22.7
Princes Town,2013-12-28,75.2,0.4064,16.1,91.5,1013.5,42.6,6.9,231.9,20.1,22878,64380,1,31.0,22.9,26.6,33.7,22.9,27.8,21.6
Princes Town,2013-12-29,77.4,0.0,16.1,102.7,1012.6,42.4,7.3,246.4,21.4,22905,64412,0,31.2,23.0,26.7,35.5,23.0,28.3,22.2
Princes Town,2013-12-30,80.2,2.9972,17.2,106.3,1012.8,48.9,6.6,225.9,19.6,22930,64444,1,32.0,24.9,27.1,36.8,24.9,28.8,23.2
Princes Town,2013-12-31,77.3,0.508,18.3,100.2,1012.4,41.0,6.5,228.6,19.9,22955,64476,1,31.8,24.9,27.2,35.5,24.9,28.8,22.7
Princes Town,2014-01-01,76.5,1.4223999999999999,20.8,106.7,1012.1,30.8,6.1,190.0,16.6,22980,64509,1,30.9,23.9,27.0,34.4,23.9,28.6,22.3
Princes Town,2014-01-02,78.4,1.5239999999999998,21.9,99.9,1011.3,54.8,6.2,187.0,16.2,23003,64541,1,29.9,22.9,26.8,34.1,22.9,28.4,22.6
Princes Town,2014-01-03,75.9,0.7111999999999999,17.2,107.7,1012.0,34.7,6.2,209.9,18.1,23026,64574,1,30.9,23.9,27.0,34.4,23.9,28.5,22.2
Princes Town,2014-01-04,79.2,3.5306,16.1,113.4,1013.0,36.0,6.2,205.9,17.9,23048,64606,1,30.9,21.9,26.2,34.4,21.9,27.5,22.0
Princes Town,2014-01-05,82.7,1.4223999999999999,16.1,104.5,1013.2,60.1,5.6,184.9,16.0,23070,64639,1,29.9,22.9,25.5,34.1,22.9,26.4,22.2
Princes Town,2014-01-06,85.0,3.3274,13.9,105.2,1013.0,55.4,5.7,186.6,16.1,23090,64671,1,29.9,23.9,25.9,35.0,23.9,27.3,23.1
Princes Town,2014-01-07,84.1,3.2512,17.2,91.3,1012.6,70.7,5.8,181.7,15.7,23110,64703,1,29.9,23.9,25.8,34.1,23.9,27.0,22.8
Princes Town,2014-01-08,75.5,1.3208,18.3,93.1,1013.3,51.2,5.8,226.5,19.5,23129,64735,1,30.9,22.9,26.1,32.9,22.9,26.9,21.1
Princes Town,2014-01-09,70.1,0.2032,18.3,88.1,1013.6,26.0,6.2,243.1,21.1,23147,64767,1,30.9,22.9,26.4,32.9,22.9,27.1,20.2
Princes Town,2014-01-10,78.4,1.2192,15.0,108.7,1013.3,45.1,6.0,205.3,17.8,23164,64799,1,29.9,21.9,25.4,32.6,21.9,26.3,21.2
Princes Town,2014-01-11,77.5,1.2192,18.3,100.7,1014.2,39.1,6.1,218.7,18.9,23181,64831,1,30.9,20.9,25.5,33.7,20.9,26.4,20.9
Princes Town,2014-01-12,79.6,0.8128,17.2,98.0,1014.9,44.4,6.2,172.9,14.9,23196,64862,1,30.9,21.9,25.9,35.4,21.9,27.0,21.8
Princes Town,2014-01-13,84.3,6.6293999999999995,20.8,90.4,1014.6,57.5,5.7,151.6,13.0,23210,64893,1,28.9,23.9,25.5,32.6,23.9,26.4,22.6
Princes Town,2014-01-14,73.3,0.7111999999999999,13.9,103.5,1014.7,57.5,6.2,213.7,18.4,23224,64924,1,29.9,22.9,25.8,31.8,22.9,26.4,20.3
Princes Town,2014-01-15,67.5,0.0,15.0,94.8,1013.9,32.8,6.2,222.0,19.1,23236,64954,0,30.9,21.9,25.7,32.3,21.9,26.1,18.9
Princes Town,2014-01-16,73.7,0.1016,13.9,97.3,1013.4,53.3,6.2,181.1,15.6,23248,64984,1,29.9,19.9,25.1,31.8,19.9,25.8,19.7
Princes Town,2014-01-17,83.6,2.6416,16.1,90.6,1013.8,64.3,5.7,154.9,13.3,23258,65013,1,28.9,23.9,26.0,33.4,23.9,27.2,22.9
Princes Town,2014-01-18,76.9,1.2192,18.3,95.9,1014.6,44.3,5.7,225.1,19.4,23268,65043,1,30.9,24.9,27.3,34.4,24.9,28.7,22.7
Princes Town,2014-01-19,77.3,0.3048,23.0,90.5,1015.0,49.1,5.8,228.2,19.8,23277,65071,1,30.9,23.9,26.9,35.4,23.9,28.4,22.4
Princes Town,2014-01-20,70.8,0.3048,20.8,97.1,1014.5,50.2,5.9,236.9,20.6,23284,65099,1,30.9,22.9,26.4,32.9,22.9,26.9,20.2
Princes Town,2014-01-21,73.7,0.6096,13.9,109.1,1013.1,28.5,6.2,231.2,20.0,23291,65127,1,30.9,19.9,25.5,32.9,19.9,26.1,19.9
Princes Town,2014-01-22,74.9,0.8128,12.8,122.0,1013.5,47.8,6.2,228.9,19.5,23296,65155,1,31.9,21.9,26.9,35.7,21.9,28.5,21.7
Princes Town,2014-01-23,78.2,0.6096,18.3,98.3,1014.0,46.9,5.9,198.2,17.2,23301,65181,1,31.9,23.9,26.9,35.7,23.9,28.2,22.4
Princes Town,2014-01-24,71.9,0.9143999999999999,16.1,98.7,1013.3,33.9,6.2,226.9,19.5,23304,65208,1,31.9,22.9,26.6,34.8,22.9,27.6,20.7
Princes Town,2014-01-25,70.8,0.1016,18.3,86.7,1012.5,47.0,6.1,268.9,23.3,23306,65233,1,31.9,21.9,26.2,33.4,21.9,26.8,19.9
Princes Town,2014-01-26,83.6,1.7272,23.0,91.2,1012.6,60.1,5.7,205.8,17.8,23308,65258,1,29.9,22.9,25.2,34.1,22.9,26.0,22.1
Princes Town,2014-01-27,79.3,0.508,18.3,95.9,1012.7,46.4,6.0,223.4,19.4,23308,65283,1,30.9,22.9,25.6,32.9,22.9,26.4,21.4
Princes Town,2014-01-28,73.3,0.6096,18.3,95.1,1013.7,33.3,6.2,225.2,19.3,23307,65307,1,30.9,22.9,25.9,32.3,22.9,26.6,20.4
Princes Town,2014-01-29,75.2,0.6096,20.8,94.4,1013.7,37.0,6.0,222.9,19.2,23305,65330,1,30.9,21.9,25.4,32.9,21.9,26.0,20.4
Princes Town,2014-01-30,73.9,0.3048,18.3,98.8,1013.5,37.8,5.9,238.6,20.5,23303,65353,1,29.9,20.9,25.1,32.4,20.9,25.7,19.8
Princes Town,2014-01-31,67.9,0.3048,16.1,100.0,1012.8,44.2,6.2,216.0,18.7,23299,65375,1,30.9,21.9,26.1,32.3,21.9,26.7,19.3
Princes Town,2014-02-01,74.1,2.032,17.2,94.5,1013.1,74.8,6.2,184.5,15.9,23294,65397,1,30.9,21.9,26.1,33.7,21.9,27.1,20.9
Princes Town,2014-02-02,78.2,1.9304,17.2,97.9,1012.8,55.4,6.2,202.3,17.5,23288,65418,1,30.9,22.9,26.3,35.4,22.9,27.7,22.0
Princes Town,2014-02-03,72.3,1.3208,17.2,84.8,1011.9,32.3,6.0,223.1,19.2,23281,65438,1,31.9,22.9,26.9,35.7,22.9,28.1,21.2
Princes Town,2014-02-04,78.8,2.8194,15.0,81.9,1012.2,68.5,5.8,222.2,19.1,23273,65457,1,31.9,22.9,26.1,35.7,22.9,27.2,21.9
Princes Town,2014-02-05,75.3,4.8006,16.1,90.7,1012.1,57.6,6.2,224.8,19.4,23264,65476,1,30.9,22.9,26.4,33.7,22.9,27.6,21.6
Princes Town,2014-02-06,87.1,13.3604,11.4,94.1,1013.2,74.3,5.7,186.1,16.2,23254,65495,1,27.9,22.9,24.2,30.6,22.9,24.5,21.9
Princes Town,2014-02-07,79.1,2.6161999999999996,15.0,105.5,1013.9,81.7,5.8,214.9,18.5,23243,65512,1,30.9,23.9,26.7,34.4,23.9,28.0,22.5
Princes Town,2014-02-08,81.0,1.8287999999999998,15.0,100.1,1013.4,68.5,6.0,216.9,18.7,23232,65530,1,28.9,22.9,25.9,31.9,22.9,26.8,22.3
Princes Town,2014-02-09,76.5,3.2512,17.2,105.3,1012.7,51.7,6.1,209.2,18.0,23219,65546,1,30.9,23.9,26.7,33.7,23.9,27.7,21.9
Princes Town,2014-02-10,72.7,0.4064,16.1,102.2,1012.8,43.8,6.2,227.5,19.7,23205,65562,1,30.276,22.9,27.6,44.9,22.9,28.7,21.7
Princes Town,2014-02-11,74.9,2.8194,18.3,101.9,1013.2,51.7,6.2,233.2,20.3,23190,65577,1,30.9,24.9,27.1,34.4,24.9,28.5,22.0
Princes Town,2014-02-12,79.0,0.7111999999999999,17.2,102.0,1013.1,53.3,5.5,232.9,20.1,23175,65591,1,29.9,23.9,26.3,33.4,23.9,27.5,22.2
Princes Town,2014-02-13,76.6,0.3048,16.1,101.0,1013.3,52.8,6.1,253.8,22.1,23158,65605,1,30.9,23.9,26.8,34.4,23.9,28.1,22.1
Princes Town,2014-02-14,72.8,0.2032,15.0,102.7,1014.4,38.6,6.2,257.2,22.3,23141,65618,1,31.9,22.9,26.7,34.1,22.9,27.7,21.1
Princes Town,2014-02-15,75.4,1.6256,18.3,100.5,1015.2,43.8,6.2,244.9,21.3,23123,65631,1,30.9,23.9,26.4,32.9,23.9,27.3,21.4
Princes Town,2014-02-16,71.7,0.8128,16.1,100.2,1014.3,28.7,6.2,243.5,21.2,23104,65643,1,30.9,22.9,26.6,32.9,22.9,27.4,20.7
Princes Town,2014-02-17,70.8,2.54,16.1,100.0,1013.4,32.3,6.2,233.8,20.4,23084,65654,1,30.9,22.9,26.9,33.7,22.9,27.9,20.8
Princes Town,2014-02-18,71.8,0.0,16.1,105.9,1013.0,32.8,6.2,271.3,23.5,23063,65665,0,31.9,21.9,26.3,33.4,21.9,27.0,20.4
Princes Town,2014-02-19,76.9,2.032,18.3,94.9,1012.8,47.0,6.1,205.7,17.8,23042,65675,1,30.9,21.9,25.3,32.9,21.9,26.1,20.7
Princes Town,2014-02-20,70.1,0.4064,18.3,98.3,1013.2,30.8,6.0,256.1,22.1,23020,65685,1,31.9,21.9,26.1,32.8,21.9,26.7,19.7
Princes Town,2014-02-21,72.3,0.9143999999999999,18.3,101.5,1013.0,32.3,6.2,238.1,20.5,22997,65694,1,32.9,21.9,26.4,36.0,21.9,27.6,20.7
Princes Town,2014-02-22,68.0,0.7111999999999999,24.2,93.5,1013.2,50.6,6.2,220.2,19.1,22973,65702,1,31.9,23.9,27.1,34.1,23.9,28.1,20.4
Princes Town,2014-02-23,73.6,1.9304,20.8,100.2,1013.4,49.6,5.9,225.0,19.5,22948,65710,1,30.9,23.9,26.5,34.4,23.9,27.4,21.1
Princes Town,2014-02-24,69.8,0.0,18.3,96.7,1013.4,71.7,6.1,243.6,21.0,22923,65718,0,31.9,23.9,27.1,34.1,23.9,27.8,20.7
Princes Town,2014-02-25,78.6,1.3208,18.3,93.2,1013.4,58.3,6.1,285.0,24.5,22898,65725,1,28.9,21.9,25.6,31.9,21.9,26.6,21.4
Princes Town,2014-02-26,71.6,0.4064,16.1,95.2,1013.4,75.8,6.2,284.0,24.6,22871,65731,1,31.9,22.9,27.0,34.8,22.9,28.1,21.1
Princes Town,2014-02-27,73.9,0.2032,15.0,102.9,1013.4,58.6,6.2,280.9,24.4,22844,65737,1,31.9,22.9,26.8,34.8,22.9,28.1,21.5
Princes Town,2014-02-28,71.7,0.2032,16.1,107.0,1013.4,29.2,6.2,290.1,25.0,22816,65743,1,32.9,23.9,27.2,35.2,23.9,28.2,21.2
Princes Town,2014-03-01,77.9,1.7272,18.3,92.3,1013.4,44.4,6.1,285.0,24.8,22788,65748,1,30.9,22.9,26.1,33.7,22.9,26.9,21.6
Princes Town,2014-03-02,73.8,0.0,18.3,91.1,1013.4,45.4,6.2,294.4,25.4,22759,65752,0,31.9,22.9,26.7,34.1,22.9,27.6,21.2
Princes Town,2014-03-03,70.9,0.0,19.5,91.1,1013.4,31.3,6.2,298.3,25.8,22730,65756,0,31.9,22.9,26.8,34.1,22.9,27.7,20.7
Princes Town,2014-03-04,72.8,0.0,16.1,91.6,1013.4,35.6,6.1,287.7,24.8,22700,65760,0,31.9,21.9,26.6,34.1,21.9,27.4,20.9
Princes Town,2014-03-05,70.2,0.0,18.3,93.3,1013.4,41.2,6.2,291.6,25.2,22670,65763,0,31.9,22.9,26.9,34.1,22.9,27.9,20.7
Princes Town,2014-03-06,69.9,0.0,17.2,101.7,1013.4,36.5,6.1,281.0,24.5,22639,65766,0,31.9,21.9,26.6,34.1,21.9,27.3,20.2
Princes Town,2014-03-07,68.6,0.0,13.9,112.7,1013.4,46.6,6.2,294.8,25.5,22608,65769,0,31.9,21.9,26.3,33.4,21.9,26.8,19.6
Princes Town,2014-03-08,71.1,0.0,15.0,108.9,1013.4,47.5,6.1,302.8,26.0,22576,65771,0,31.9,21.9,26.5,34.8,21.9,27.5,20.4
Princes Town,2014-03-09,69.2,0.0,13.9,102.1,1013.4,49.6,6.2,302.6,26.1,22544,65773,0,33.9,20.9,26.8,35.1,20.9,27.5,20.0
Princes Town,2014-03-10,70.3,0.0,16.1,106.6,1013.4,38.1,5.6,295.2,25.7,22512,65775,0,32.9,21.9,26.7,35.2,21.9,27.6,20.4
Princes Town,2014-03-11,71.9,0.0,15.0,108.3,1013.4,54.4,6.2,304.3,26.1,22479,65776,0,31.9,21.9,26.6,34.1,21.9,27.7,20.7
Princes Town,2014-03-12,71.6,0.0,17.2,104.2,1013.4,41.8,6.2,290.9,25.1,22446,65777,0,32.9,21.9,26.9,36.0,21.9,28.1,20.9
Princes Town,2014-03-13,70.7,1.016,13.9,106.0,1013.4,62.8,5.7,284.8,24.7,22412,65778,1,32.9,22.9,27.1,36.0,22.9,28.1,20.9
Princes Town,2014-03-14,76.6,2.7432,13.9,107.5,1013.4,58.6,5.9,293.5,25.4,22379,65778,1,32.9,22.9,26.6,36.0,22.9,27.7,21.7
Princes Town,2014-03-15,71.2,0.1016,17.2,107.9,1013.4,47.0,6.2,262.4,22.7,22345,65779,1,31.9,22.9,26.4,34.1,22.9,27.3,20.2
Princes Town,2014-03-16,75.5,0.8128,17.2,111.1,1013.4,42.3,6.1,300.8,26.0,22310,65779,1,31.9,22.9,26.9,35.7,22.9,28.4,21.9
Princes Town,2014-03-17,79.0,0.0,16.1,104.1,1013.4,43.3,6.1,302.7,26.4,22276,65779,0,30.9,24.9,26.9,34.4,24.9,28.4,22.7
Princes Town,2014-03-18,72.5,0.0,18.3,99.3,1013.4,47.3,6.2,290.5,25.0,22241,65778,0,31.9,22.9,27.5,34.8,22.9,29.1,21.8
Princes Town,2014-03-19,73.1,0.0,16.1,99.8,1013.4,53.3,6.1,301.2,26.0,22207,65778,0,32.9,24.9,27.9,36.0,24.9,29.3,22.2
Princes Town,2014-03-20,70.4,0.0,19.5,101.5,1013.4,31.3,6.1,301.5,26.1,22172,65777,0,32.9,24.9,27.8,36.0,24.9,29.1,21.6
Princes Town,2014-03-21,69.0,0.0,19.5,103.9,1013.4,41.2,6.2,282.8,24.5,22137,65777,0,32.9,24.9,27.9,36.0,24.9,29.1,21.4
Princes Town,2014-03-22,70.5,0.0,18.3,96.9,1013.4,42.8,6.1,292.5,25.3,22102,65776,0,31.9,23.9,27.6,34.8,23.9,28.8,21.4
Princes Town,2014-03-23,69.6,0.1016,18.3,97.8,1013.4,59.5,6.2,251.8,21.9,22066,65775,1,31.9,23.9,27.3,34.8,23.9,28.4,20.9
Princes Town,2014-03-24,71.4,0.0,16.1,105.5,1013.4,63.4,6.2,305.1,26.4,22031,65774,0,32.9,21.9,26.7,35.2,21.9,27.6,20.5
Princes Town,2014-03-25,70.9,0.0,16.1,103.9,1013.4,78.6,6.2,311.2,27.0,21996,65773,0,32.9,21.9,26.8,35.2,21.9,27.8,20.6
Princes Town,2014-03-26,69.2,0.0,16.1,103.8,1013.4,52.3,5.8,310.7,26.7,21961,65772,0,32.9,22.9,27.4,36.0,22.9,28.6,20.8
Princes Town,2014-03-27,61.3,0.0,16.1,104.7,1013.4,46.0,6.0,319.4,27.5,21925,65771,0,31.256,23.9,28.5,44.9,23.9,29.3,19.5
Princes Town,2014-03-28,75.7,0.6096,20.8,97.4,1013.4,50.1,6.0,293.8,25.5,21890,65770,1,31.9,20.9,25.9,34.1,20.9,26.6,20.8
Princes Town,2014-03-29,71.2,0.0,16.1,105.2,1013.4,36.0,6.2,313.6,27.0,21855,65769,0,31.9,21.9,27.0,34.1,21.9,27.9,20.7
Princes Town,2014-03-30,69.6,0.0,16.1,115.6,1013.4,38.0,6.2,315.9,27.3,21820,65768,0,32.9,22.9,27.4,35.2,22.9,28.5,20.9
Princes Town,2014-03-31,71.0,1.6256,17.2,104.4,1013.4,45.4,6.2,254.2,21.9,21785,65768,1,32.9,24.9,28.2,36.0,24.9,30.1,22.1
Princes Town,2014-04-01,75.0,2.9464,18.3,108.1,1013.4,88.0,6.1,227.0,19.7,21750,65767,1,30.9,24.9,26.9,35.4,24.9,28.2,21.7
Princes Town,2014-04-02,71.4,0.508,15.0,115.9,1013.4,77.5,6.2,293.7,25.4,21716,65766,1,32.9,23.9,27.6,35.2,23.9,29.0,21.6
Princes Town,2014-04-03,70.6,0.0,16.1,112.8,1013.4,59.5,6.2,302.7,26.2,21681,65765,0,32.9,23.9,27.7,36.0,23.9,29.1,21.6
Princes Town,2014-04-04,68.2,0.0,17.2,102.2,1013.4,80.1,6.2,290.4,25.0,21647,65765,0,31.9,22.9,27.1,34.1,22.9,27.9,20.3
Princes Town,2014-04-05,76.3,0.7111999999999999,18.3,99.7,1013.4,70.6,6.1,299.6,25.9,21613,65764,1,30.9,22.9,26.4,34.1,22.9,27.7,21.7
Princes Town,2014-04-06,82.5,1.8287999999999998,18.3,103.3,1013.4,80.1,5.9,270.2,23.4,21579,65764,1,30.9,23.9,26.6,35.4,23.9,28.2,23.2
Princes Town,2014-04-07,73.6,0.0,18.3,100.2,1013.4,57.0,6.2,308.3,26.9,21545,65764,0,32.9,24.9,27.4,36.0,24.9,28.4,21.8
Princes Town,2014-04-08,69.4,0.3048,18.3,111.1,1013.4,52.8,6.2,292.9,25.5,21512,65764,1,32.9,24.9,28.2,36.0,24.9,29.8,21.7
Princes Town,2014-04-09,75.4,0.4064,18.3,112.1,1013.4,54.9,5.9,304.7,26.4,21479,65765,1,30.9,23.9,27.2,35.0,23.9,28.8,22.3
Princes Town,2014-04-10,69.9,0.0,18.3,103.2,1013.4,37.5,6.2,301.1,26.2,21446,65765,0,32.9,23.9,27.8,35.2,23.9,29.1,21.3
Princes Town,2014-04-11,64.2,0.0,18.3,100.3,1013.4,43.4,6.2,314.9,27.1,21414,65766,0,31.9,22.9,27.7,34.1,22.9,28.3,19.8
Princes Town,2014-04-12,63.7,0.0,16.1,95.2,1013.4,39.1,6.2,322.6,27.8,21382,65767,0,31.9,22.9,27.1,33.4,22.9,27.5,19.1
Princes Town,2014-04-13,67.1,0.0,13.9,103.0,1013.4,58.0,6.2,307.8,26.6,21350,65768,0,33.9,21.9,27.2,35.7,21.9,28.1,20.1
Princes Town,2014-04-14,70.4,0.0,19.5,98.4,1013.4,79.0,6.2,301.6,26.2,21319,65769,0,32.9,22.9,27.3,36.0,22.9,28.6,21.2
Princes Town,2014-04-15,68.9,0.7111999999999999,20.8,103.4,1013.4,80.1,6.2,225.2,19.5,21288,65771,1,32.9,24.9,28.2,35.2,24.9,29.7,21.6
Princes Town,2014-04-16,77.3,0.6096,16.1,108.1,1013.4,84.8,6.1,258.4,22.4,21258,65773,1,29.9,24.9,26.9,34.1,24.9,28.2,22.4
Princes Town,2014-04-17,77.0,3.7591999999999994,17.2,94.4,1013.4,91.2,5.8,242.7,20.9,21228,65775,1,31.9,22.9,26.7,35.7,22.9,27.8,22.1
Princes Town,2014-04-18,84.8,6.5786,13.9,101.7,1013.4,88.5,5.3,241.4,20.9,21199,65778,1,28.9,23.9,25.9,32.6,23.9,26.8,23.1
Princes Town,2014-04-19,72.5,0.4064,18.3,94.3,1013.4,81.7,6.2,284.4,24.5,21170,65781,1,31.9,24.9,27.9,35.7,24.9,29.6,22.2
Princes Town,2014-04-20,79.8,2.8447999999999998,19.5,104.8,1013.4,65.3,6.2,274.7,23.5,21141,65784,1,29.9,24.9,26.9,36.1,24.9,28.7,23.1
Princes Town,2014-04-21,80.9,3.4544,17.2,103.2,1013.4,66.9,5.7,280.9,24.2,21113,65787,1,31.9,24.9,27.1,36.7,24.9,29.1,23.4
Princes Town,2014-04-22,79.2,1.7272,18.3,95.8,1013.4,78.0,5.8,249.9,21.5,21086,65791,1,31.9,23.9,27.1,35.7,23.9,28.7,22.9
Princes Town,2014-04-23,75.1,0.7111999999999999,20.8,103.0,1013.4,57.0,6.0,279.8,24.1,21059,65795,1,32.9,24.9,27.9,36.7,24.9,30.0,22.8
Princes Town,2014-04-24,76.2,2.032,17.2,98.5,1013.4,84.8,5.8,291.3,25.1,21033,65800,1,31.9,24.9,28.1,36.7,24.9,30.3,23.2
Princes Town,2014-04-25,71.5,0.0,18.3,98.3,1013.4,83.3,6.2,290.9,25.0,21007,65805,0,31.9,24.9,27.9,34.8,24.9,29.5,22.0
Princes Town,2014-04-26,70.4,0.0,17.2,97.9,1013.4,50.6,6.1,287.5,24.9,20982,65810,0,32.9,23.9,27.7,36.0,23.9,29.1,21.5
Princes Town,2014-04-27,68.9,0.0,17.2,96.8,1013.4,50.6,6.2,294.3,25.3,20958,65816,0,32.9,23.9,27.7,35.2,23.9,28.9,21.1
Princes Town,2014-04-28,70.1,0.0,17.2,95.4,1013.4,63.8,6.2,289.2,25.0,20934,65822,0,31.9,23.9,27.8,34.8,23.9,29.4,21.6
Princes Town,2014-04-29,75.5,0.0,17.2,101.4,1013.4,67.1,6.0,278.5,24.1,20911,65828,0,31.9,24.9,27.7,35.7,24.9,30.0,22.8
Princes Town,2014-04-30,68.9,0.0,20.8,97.0,1013.4,68.9,6.2,282.6,24.3,20888,65835,0,32.9,24.9,28.1,35.2,24.9,29.4,21.4
Princes Town,2014-05-01,64.7,0.0,16.1,95.6,1013.4,53.2,6.2,286.1,24.8,20867,65842,0,33.9,23.9,28.2,35.1,23.9,29.2,20.2
Princes Town,2014-05-02,66.2,0.0,20.8,89.4,1013.4,51.7,6.0,293.4,25.5,20846,65849,0,32.9,23.9,28.2,35.2,23.9,29.8,20.9
Princes Town,2014-05-03,68.3,0.0,18.3,89.8,1013.4,49.1,6.0,283.1,24.4,20825,65857,0,32.9,24.9,28.4,36.0,24.9,30.2,21.7
Princes Town,2014-05-04,67.2,0.0,18.3,86.6,1013.4,28.6,6.2,285.6,24.7,20805,65865,0,32.9,24.9,27.8,35.2,24.9,29.0,20.9
Princes Town,2014-05-05,74.1,0.0,18.3,92.9,1013.4,53.3,6.1,292.1,25.3,20786,65874,0,31.9,23.9,27.2,34.8,23.9,28.7,22.0
Princes Town,2014-05-06,71.8,0.1016,17.2,103.2,1013.4,32.3,6.2,298.2,25.9,20768,65883,1,33.9,24.9,28.4,37.2,24.9,30.3,22.4
Princes Town,2014-05-07,71.9,0.0,16.1,111.4,1013.4,44.3,6.2,300.0,26.0,20751,65892,0,32.9,24.9,28.4,36.9,24.9,30.6,22.6
Princes Town,2014-05-08,65.7,0.0,19.5,91.3,1013.4,62.7,6.2,319.7,27.6,20734,65902,0,32.9,23.9,27.8,35.2,23.9,28.7,20.3
Princes Town,2014-05-09,67.7,0.0,15.0,105.1,1013.4,76.9,6.2,209.0,18.2,20718,65912,0,32.9,21.9,27.3,34.5,21.9,28.2,20.2
Princes Town,2014-05-10,71.5,0.8128,15.0,104.0,1013.4,86.4,6.2,251.1,21.6,20703,65923,1,31.9,23.9,27.5,34.8,23.9,28.8,21.6
Princes Town,2014-05-11,74.1,0.9143999999999999,16.1,99.5,1013.4,88.0,6.2,261.6,22.5,20688,65934,1,31.9,24.9,27.2,34.8,24.9,28.4,22.0
Princes Town,2014-05-12,71.2,1.5239999999999998,18.3,94.3,1013.4,86.4,6.2,292.9,25.3,20675,65945,1,31.9,23.9,27.7,34.8,23.9,29.1,21.7
Princes Town,2014-05-13,67.0,0.1016,20.8,90.7,1013.4,57.5,6.1,314.1,27.2,20662,65957,1,31.9,23.9,28.2,34.1,23.9,29.5,21.1
Princes Town,2014-05-14,72.3,1.6256,18.3,97.7,1013.4,83.8,6.2,204.6,17.6,20650,65969,1,31.9,24.9,27.7,34.8,24.9,29.2,22.0
Princes Town,2014-05-15,71.4,0.4064,17.2,100.6,1013.4,83.3,6.2,265.4,22.9,20638,65981,1,32.9,24.9,28.2,36.9,24.9,29.8,22.1
Princes Town,2014-05-16,68.4,0.0,16.1,100.0,1013.4,80.4,6.2,308.0,26.4,20628,65994,0,33.9,24.9,28.7,37.2,24.9,30.4,21.7
Princes Town,2014-05-17,70.4,0.0,16.1,107.2,1013.4,47.5,6.2,310.9,26.9,20618,66007,0,33.9,23.9,28.4,37.2,23.9,29.9,21.9
Princes Town,2014-05-18,68.0,0.0,16.1,93.9,1013.4,36.5,6.1,314.1,27.0,20609,66020,0,33.9,23.9,28.4,36.4,23.9,29.8,21.4
Princes Town,2014-05-19,74.1,3.3528,17.2,96.4,1013.4,47.0,6.0,287.4,24.9,20601,66034,1,33.9,22.9,27.5,38.2,22.9,29.1,22.0
Princes Town,2014-05-20,73.5,1.9304,18.3,103.2,1013.4,61.7,6.1,292.2,25.0,20593,66048,1,32.9,24.9,28.3,36.9,24.9,30.3,22.7
Princes Town,2014-05-21,70.9,2.2352,23.0,89.8,1013.4,44.9,6.2,299.5,25.8,20587,66062,1,32.9,24.9,28.1,36.9,24.9,29.6,21.9
Princes Town,2014-05-22,68.6,0.3048,20.8,99.7,1013.4,43.3,6.2,292.6,25.2,20581,66076,1,32.9,23.9,27.7,35.2,23.9,28.9,21.0
Princes Town,2014-05-23,69.1,3.0479999999999996,23.0,96.5,1013.4,47.5,5.8,300.0,25.8,20576,66091,1,32.9,23.9,27.8,36.0,23.9,29.1,21.2
Princes Town,2014-05-24,71.7,3.4544,18.3,96.6,1013.4,47.6,6.2,298.8,25.8,20572,66106,1,33.9,23.9,27.9,37.2,23.9,29.5,21.9
Princes Town,2014-05-25,77.0,10.363199999999999,23.0,93.7,1013.4,45.4,5.8,189.1,16.3,20569,66121,1,30.9,24.9,27.3,34.4,24.9,28.8,22.7
Princes Town,2014-05-26,72.3,2.54,19.5,96.8,1013.4,45.4,6.1,250.9,21.7,20566,66136,1,32.9,25.9,28.7,37.9,25.9,31.3,22.9
Princes Town,2014-05-27,74.3,4.8768,24.2,95.1,1013.4,52.8,6.0,186.7,16.1,20564,66152,1,30.9,25.9,27.9,34.4,25.9,30.6,22.8
Princes Town,2014-05-28,70.2,2.4384,19.5,99.2,1013.4,40.1,6.2,268.1,23.2,20563,66167,1,32.9,24.9,28.6,36.0,24.9,30.5,22.2
Princes Town,2014-05-29,73.2,3.3528,18.3,109.6,1013.4,62.5,6.2,250.3,21.5,20563,66183,1,32.9,25.9,28.2,36.9,25.9,30.1,22.7
Princes Town,2014-05-30,79.5,2.2352,17.2,103.3,1013.4,71.1,6.0,303.0,26.1,20563,66199,1,31.9,23.9,27.1,35.7,23.9,28.4,22.9
Princes Town,2014-05-31,73.9,2.6416,18.3,98.3,1013.4,36.5,6.2,280.9,24.3,20564,66215,1,32.9,23.9,28.3,36.9,23.9,30.7,22.8
Princes Town,2014-06-01,74.1,2.3367999999999998,23.0,110.0,1013.4,39.6,5.8,174.4,14.9,20566,66231,1,31.9,25.9,28.5,36.7,25.9,31.3,23.2
Princes Town,2014-06-02,71.0,1.016,18.3,108.1,1013.4,51.7,6.0,264.9,22.9,20568,66247,1,32.9,25.9,28.6,36.0,25.9,30.5,22.4
Princes Town,2014-06-03,71.7,1.2192,20.8,91.8,1013.4,42.8,6.1,289.4,24.9,20572,66264,1,32.9,24.9,28.4,36.9,24.9,30.4,22.4
Princes Town,2014-06-04,71.5,0.4064,19.5,88.5,1013.4,36.0,6.2,288.0,24.9,20576,66280,1,32.9,24.9,28.4,36.9,24.9,30.2,22.3
Princes Town,2014-06-05,69.6,0.3048,19.5,91.4,1013.4,40.7,6.0,288.2,25.0,20580,66296,1,32.9,24.9,28.3,36.0,24.9,30.1,21.8
Princes Town,2014-06-06,68.1,13.208,20.8,90.4,1013.4,57.5,6.0,264.2,22.8,20586,66312,1,33.9,24.9,28.9,37.2,24.9,30.7,21.9
Princes Town,2014-06-07,85.3,25.3492,18.3,95.1,1013.4,56.9,4.9,168.4,14.4,20591,66329,1,30.9,23.9,26.8,36.4,23.9,29.0,24.0
Princes Town,2014-06-08,82.6,6.095999999999999,19.5,93.4,1013.4,52.0,5.7,269.0,23.3,20598,66345,1,30.9,24.9,26.8,36.4,24.9,28.4,23.5
Princes Town,2014-06-09,79.2,2.032,23.0,93.9,1013.4,47.0,5.9,276.6,23.9,20605,66361,1,30.9,24.9,27.7,36.4,24.9,30.1,23.6
Princes Town,2014-06-10,77.0,1.2192,21.9,95.8,1013.4,45.9,6.1,250.8,21.6,20613,66377,1,32.9,24.9,28.2,37.9,24.9,30.9,23.6
Princes Town,2014-06-11,73.5,5.4864,24.2,93.8,1013.4,48.5,6.0,259.8,22.2,20621,66393,1,31.9,25.9,28.5,36.4,25.9,31.4,23.1
Princes Town,2014-06-12,86.1,15.062199999999999,16.1,92.2,1013.4,49.1,5.4,202.3,17.4,20630,66408,1,29.9,23.9,26.7,36.1,23.9,28.4,24.1
Princes Town,2014-06-13,81.2,3.1496,19.5,85.2,1013.4,54.8,6.0,245.9,21.3,20639,66424,1,31.9,24.9,27.9,38.9,24.9,31.1,24.2
Princes Town,2014-06-14,76.3,1.8287999999999998,18.3,95.3,1013.4,41.2,6.1,269.8,23.3,20649,66439,1,31.9,24.9,28.3,37.8,24.9,31.3,23.6
Princes Town,2014-06-15,81.9,8.128,19.5,86.8,1013.4,53.8,5.8,158.1,13.7,20660,66454,1,31.9,24.9,27.7,37.8,24.9,30.4,24.2
Princes Town,2014-06-16,76.3,0.9143999999999999,18.3,90.4,1013.4,28.1,5.9,228.7,19.7,20670,66469,1,32.9,24.9,28.1,37.9,24.9,30.5,23.3
Princes Town,2014-06-17,70.0,0.9143999999999999,15.0,102.6,1013.4,30.2,6.2,237.7,20.5,20682,66483,1,32.9,24.9,28.5,36.7,24.9,30.3,22.1
Princes Town,2014-06-18,72.6,0.0,13.9,123.3,1013.4,37.8,6.2,298.1,25.8,20693,66497,0,32.9,23.9,27.9,36.0,23.9,29.6,22.1
Princes Town,2014-06-19,73.5,1.4223999999999999,15.0,114.9,1013.4,38.7,6.2,252.9,21.9,20705,66511,1,32.9,24.9,28.8,39.1,24.9,31.6,23.2
Princes Town,2014-06-20,81.3,4.8768,17.2,113.4,1013.4,54.3,5.6,211.4,18.2,20718,66524,1,31.9,24.9,27.7,37.8,24.9,30.6,24.1
Princes Town,2014-06-21,72.2,1.5239999999999998,24.2,107.3,1013.4,39.1,6.0,266.3,23.0,20731,66537,1,32.9,25.9,28.9,37.9,25.9,31.9,23.2
Princes Town,2014-06-22,73.1,2.4384,20.8,112.1,1013.4,52.8,6.1,231.6,19.9,20744,66550,1,31.9,25.9,28.7,36.7,25.9,31.7,23.2
Princes Town,2014-06-23,75.1,2.2352,20.8,118.1,1013.4,51.2,6.1,276.3,23.9,20757,66562,1,32.9,25.9,28.5,37.9,25.9,31.3,23.4
Princes Town,2014-06-24,77.3,5.588,19.5,100.9,1013.4,45.4,6.1,262.7,22.6,20771,66574,1,30.9,25.9,27.9,36.4,25.9,30.8,23.5
Princes Town,2014-06-25,75.3,3.4544,19.5,98.1,1013.4,39.8,6.1,205.9,17.7,20785,66585,1,31.9,24.9,28.3,37.8,24.9,31.1,23.3
Princes Town,2014-06-26,69.5,1.8287999999999998,16.1,89.7,1013.4,32.8,6.2,250.1,21.6,20800,66596,1,33.9,25.9,28.8,38.2,25.9,31.1,22.4
Princes Town,2014-06-27,75.9,3.3528,18.3,107.0,1013.4,47.0,5.9,170.1,14.8,20814,66606,1,31.9,24.9,28.1,37.8,24.9,30.6,23.2
Princes Town,2014-06-28,82.6,5.384799999999999,16.1,89.5,1013.4,43.8,6.1,193.5,16.7,20829,66616,1,30.9,24.9,27.5,37.6,24.9,30.4,24.2
Princes Town,2014-06-29,81.2,4.368799999999999,15.0,98.2,1013.4,53.3,5.6,205.4,17.7,20844,66625,1,30.9,24.9,27.3,36.4,24.9,29.3,23.7
Princes Town,2014-06-30,78.1,1.9304,13.9,105.5,1013.4,33.6,6.1,120.1,10.5,20858,66634,1,32.9,25.9,28.2,37.9,25.9,30.9,23.8
Princes Town,2014-07-01,73.3,0.2032,16.1,90.2,1013.4,37.0,6.0,263.1,22.7,20874,66642,1,32.9,25.9,28.6,36.9,25.9,30.8,23.0
Princes Town,2014-07-02,70.1,0.0,17.2,93.6,1013.4,37.5,6.2,301.6,25.9,20889,66649,0,32.9,23.9,27.8,34.5,23.9,29.0,21.4
Princes Town,2014-07-03,72.5,0.0,19.5,91.0,1013.4,33.9,6.2,277.6,24.0,20904,66656,0,32.9,23.9,28.2,36.9,23.9,30.5,22.5
Princes Town,2014-07-04,69.4,0.2032,19.5,101.5,1013.4,29.4,6.2,286.8,24.7,20919,66662,1,32.9,24.9,28.7,36.9,24.9,30.6,22.2
Princes Town,2014-07-05,75.4,1.5239999999999998,18.3,96.2,1013.4,35.5,6.1,296.0,25.4,20935,66668,1,32.9,23.9,27.9,37.9,23.9,30.2,22.8
Princes Town,2014-07-06,77.5,2.1336,18.3,103.1,1013.4,39.6,5.8,262.1,22.7,20950,66672,1,31.9,24.9,28.1,37.8,24.9,31.1,23.6
Princes Town,2014-07-07,74.3,1.3208,19.5,98.2,1013.4,39.7,5.9,286.3,24.9,20965,66676,1,32.9,24.9,28.4,36.9,24.9,30.8,23.1
Princes Town,2014-07-08,68.7,0.8128,24.2,92.3,1013.4,31.3,6.2,283.0,24.3,20980,66680,1,32.9,24.9,28.9,36.9,24.9,31.1,22.2
Princes Town,2014-07-09,71.8,12.2936,23.0,89.6,1013.4,35.7,6.1,191.5,16.7,20995,66682,1,32.9,25.9,28.1,36.0,25.9,30.2,22.3
Princes Town,2014-07-10,83.7,24.790399999999998,19.5,101.2,1013.4,53.6,5.8,87.3,7.4,21011,66684,1,31.9,23.9,26.7,37.8,23.9,28.2,23.6
Princes Town,2014-07-11,83.0,15.9766,20.8,96.6,1013.4,54.9,5.3,101.0,8.8,21025,66685,1,29.9,23.9,26.7,35.0,23.9,28.6,23.4
Princes Town,2014-07-12,72.5,7.619999999999999,18.3,97.5,1013.4,52.8,6.2,177.8,15.4,21040,66686,1,31.9,25.9,28.4,36.7,25.9,31.1,22.8
Princes Town,2014-07-13,72.4,0.508,16.1,94.9,1013.4,42.3,6.2,286.3,24.7,21055,66685,1,32.9,25.9,28.6,36.9,25.9,30.6,22.7
Princes Town,2014-07-14,77.4,5.1815999999999995,18.3,112.2,1013.4,31.7,6.2,218.0,18.8,21069,66684,1,31.9,23.9,27.7,37.8,23.9,30.2,23.2
Princes Town,2014-07-15,84.3,10.0838,11.4,124.6,1013.4,41.8,5.8,129.9,11.3,21084,66682,1,30.9,24.9,26.9,37.6,24.9,28.7,23.9
Princes Town,2014-07-16,77.8,6.095999999999999,15.0,126.3,1013.4,35.4,6.1,174.0,14.9,21098,66679,1,32.9,24.9,28.4,37.9,24.9,31.0,23.8
Princes Town,2014-07-17,75.6,16.637,17.2,97.3,1013.4,42.4,6.0,166.5,14.4,21112,66675,1,31.9,24.9,28.3,37.8,24.9,30.9,23.3
Princes Town,2014-07-18,92.6,57.8358,11.4,107.2,1013.4,47.0,4.7,227.4,19.7,21125,66671,1,25.9,22.9,24.9,25.9,22.9,24.9,23.6
Princes Town,2014-07-19,87.0,19.177,16.1,104.6,1013.4,48.0,5.5,278.8,24.2,21138,66666,1,30.9,24.9,26.4,36.4,24.9,27.9,24.1
Princes Town,2014-07-20,87.0,12.496799999999999,13.9,95.3,1013.4,51.2,5.2,252.7,21.8,21152,66660,1,29.9,24.9,26.3,35.0,24.9,27.7,23.9
Princes Town,2014-07-21,76.7,2.1336,17.2,108.8,1013.4,36.0,5.8,288.2,25.0,21164,66653,1,31.9,24.9,27.7,36.4,24.9,29.6,22.9
Princes Town,2014-07-22,85.7,8.889999999999999,16.1,107.6,1013.4,43.3,5.6,285.2,24.4,21177,66645,1,30.9,22.9,26.1,35.4,22.9,27.1,23.4
Princes Town,2014-07-23,76.7,1.1176,15.0,109.2,1013.4,39.1,6.1,268.0,23.0,21189,66636,1,32.9,24.9,28.3,37.9,24.9,31.3,23.6
Princes Town,2014-07-24,74.7,1.2192,16.1,105.7,1013.4,40.8,6.2,266.6,22.9,21201,66627,1,32.9,23.9,28.4,39.1,23.9,31.1,23.2
Princes Town,2014-07-25,81.4,8.331199999999999,19.5,100.7,1013.4,41.2,6.0,157.4,13.6,21212,66617,1,31.9,24.9,27.0,36.7,24.9,28.5,23.4
Princes Town,2014-07-26,77.8,4.9784,18.3,105.1,1013.4,51.1,6.0,216.1,18.7,21223,66605,1,31.9,25.9,28.2,37.8,25.9,30.9,23.7
Princes Town,2014-07-27,75.7,0.9143999999999999,16.1,108.5,1013.4,41.3,5.9,160.1,13.7,21234,66594,1,31.9,24.9,28.2,39.1,24.9,30.9,23.3
Princes Town,2014-07-28,72.5,1.6256,17.2,109.3,1013.4,28.1,6.2,138.9,12.0,21244,66581,1,32.9,24.9,28.7,39.1,24.9,31.6,23.1
Princes Town,2014-07-29,72.0,1.016,12.8,116.6,1013.4,44.9,6.2,277.4,24.0,21254,66567,1,32.9,24.9,28.3,37.9,24.9,30.8,22.6
Princes Town,2014-07-30,75.8,2.032,13.9,107.6,1013.4,29.2,6.2,209.9,18.0,21264,66553,1,32.9,24.9,28.0,36.9,24.9,30.2,23.1
Princes Town,2014-07-31,73.0,2.4384,11.4,109.3,1013.4,41.0,6.2,280.6,24.2,21273,66538,1,33.9,24.9,28.5,40.4,24.9,30.9,22.8
Princes Town,2014-08-01,81.7,1.7272,11.4,93.9,1013.4,28.1,6.1,168.1,14.6,21282,66522,1,28.9,23.9,26.6,32.6,23.9,28.3,23.1
Princes Town,2014-08-02,78.5,4.368799999999999,15.9,95.0,1013.4,36.0,6.0,235.9,20.3,21290,66505,1,32.9,24.9,27.6,39.1,24.9,29.8,22.9
Princes Town,2014-08-03,73.8,1.7272,16.1,101.8,1013.4,33.9,6.2,305.4,26.2,21298,66487,1,31.9,23.9,27.9,36.7,23.9,29.9,22.5
Princes Town,2014-08-04,75.7,4.2672,15.0,100.4,1013.4,39.2,6.1,289.9,25.0,21306,66469,1,32.9,23.9,27.9,37.9,23.9,30.0,22.8
Princes Town,2014-08-05,74.5,4.2672,16.1,105.6,1013.4,40.4,6.2,220.2,19.2,21313,66450,1,33.9,23.9,28.4,39.2,23.9,31.3,23.2
Princes Town,2014-08-06,80.0,10.8712,9.2,62.6,1013.4,44.4,6.0,195.3,16.8,21320,66430,1,32.9,24.9,27.3,37.9,24.9,29.2,23.3
Princes Town,2014-08-07,86.4,9.398,11.4,92.3,1013.4,39.3,5.9,130.9,11.3,21326,66409,1,28.9,23.9,25.7,32.6,23.9,26.7,23.2
Princes Town,2014-08-08,80.8,6.7056,16.1,109.8,1013.4,38.6,6.1,165.3,14.2,21332,66387,1,31.9,23.9,27.1,36.7,23.9,29.3,23.2
Princes Town,2014-08-09,75.6,1.6256,17.2,99.6,1013.4,33.3,6.1,246.8,21.2,21337,66365,1,32.9,23.9,27.9,37.9,23.9,30.2,22.9
Princes Town,2014-08-10,82.6,3.0479999999999996,12.8,108.4,1013.4,31.3,5.9,276.8,23.9,21343,66342,1,30.9,22.9,26.6,36.4,22.9,28.7,23.2
Princes Town,2014-08-11,79.2,6.2992,12.8,120.2,1013.4,32.8,6.2,229.5,19.9,21347,66318,1,32.9,23.9,27.8,39.1,23.9,30.7,23.7
Princes Town,2014-08-12,79.4,11.074399999999999,17.2,122.5,1013.4,44.4,6.0,219.1,18.9,21351,66294,1,32.9,24.9,27.9,39.1,24.9,30.6,23.7
Princes Town,2014-08-13,71.5,3.8608,18.3,105.8,1013.4,41.8,6.1,203.1,17.5,21355,66269,1,31.9,25.9,28.7,35.7,25.9,31.0,22.7
Princes Town,2014-08-14,84.7,6.8072,15.0,111.6,1013.4,69.0,5.4,146.8,12.6,21359,66243,1,31.9,24.9,26.4,37.8,24.9,27.5,23.6
Princes Town,2014-08-15,81.2,4.7752,16.1,42.9,1013.4,47.5,5.7,210.2,18.3,21362,66217,1,32.9,23.9,27.1,37.9,23.9,29.1,23.3
Princes Town,2014-08-16,77.3,2.1336,11.4,118.3,1013.4,49.0,6.1,191.4,16.6,21364,66190,1,32.9,24.9,28.3,37.9,24.9,30.9,23.6
Princes Town,2014-08-17,76.4,2.032,13.9,99.0,1013.4,38.7,6.1,255.1,22.2,21366,66162,1,32.9,24.9,28.7,39.1,24.9,32.0,23.9
Princes Town,2014-08-18,70.1,5.842,15.0,102.4,1013.4,27.6,6.2,265.5,22.8,21368,66134,1,33.9,24.9,28.7,37.2,24.9,30.7,22.3
Princes Town,2014-08-19,81.0,8.2296,15.0,76.0,1013.4,44.6,5.8,272.9,23.5,21370,66105,1,30.9,23.9,26.9,36.4,23.9,29.0,23.2
Princes Town,2014-08-20,78.1,4.8768,12.8,33.9,1013.4,50.1,6.1,197.8,17.2,21371,66075,1,34.9,23.9,27.4,38.4,23.9,28.9,22.8
Princes Town,2014-08-21,82.4,5.2832,10.3,245.7,1013.4,32.8,6.1,150.1,12.9,21371,66045,1,30.9,23.9,26.7,36.1,23.9,28.8,23.4
Princes Town,2014-08-22,76.8,6.8072,15.0,146.7,1013.4,38.6,6.2,156.3,13.5,21372,66015,1,32.9,24.9,28.1,38.0,24.9,30.7,23.4
Princes Town,2014-08-23,77.1,5.2832,13.9,114.7,1013.4,42.8,6.2,111.3,9.6,21372,65983,1,32.9,24.9,28.2,39.1,24.9,30.7,23.6
Princes Town,2014-08-24,74.0,3.1496,17.2,108.6,1013.4,46.6,6.2,242.1,21.1,21371,65952,1,32.9,24.9,28.4,36.7,24.9,30.5,22.8
Princes Town,2014-08-25,84.7,9.448799999999999,13.9,117.7,1013.4,39.6,5.8,152.3,13.2,21371,65919,1,30.9,24.9,27.0,37.6,24.9,29.3,24.1
Princes Town,2014-08-26,84.0,14.0462,11.4,118.6,1013.4,36.0,5.9,134.6,11.5,21370,65887,1,30.9,24.9,26.7,35.4,24.9,28.1,23.6
Princes Town,2014-08-27,86.9,10.5918,11.4,157.0,1013.4,47.0,5.7,190.6,16.5,21369,65854,1,30.9,23.9,25.6,36.4,23.9,26.4,23.2
Princes Town,2014-08-28,75.8,3.1496,12.8,98.7,1013.4,38.6,6.2,197.3,17.2,21367,65820,1,32.9,24.9,28.1,37.9,24.9,30.4,23.1
Princes Town,2014-08-29,74.6,4.9784,10.3,82.1,1013.4,38.6,6.2,171.5,14.7,21365,65786,1,32.9,23.9,28.2,37.9,23.9,30.7,22.9
Princes Town,2014-08-30,82.3,7.823199999999999,13.9,87.6,1013.4,41.6,5.7,127.5,11.0,21363,65752,1,30.9,24.9,26.9,36.4,24.9,29.0,23.6
Princes Town,2014-08-31,77.6,4.2672,15.0,108.2,1013.4,40.2,6.2,255.1,21.9,21361,65717,1,32.9,23.9,28.1,37.9,23.9,30.7,23.5
Princes Town,2014-09-01,77.2,5.384799999999999,13.9,95.1,1013.4,33.3,6.1,148.0,12.8,21358,65682,1,33.9,24.9,28.2,38.2,24.9,30.7,23.6
Princes Town,2014-09-02,80.9,7.7216,13.9,106.1,1013.4,40.7,5.9,158.5,13.7,21355,65646,1,31.9,24.9,27.7,37.8,24.9,30.4,23.9
Princes Town,2014-09-03,84.9,7.416799999999999,13.9,102.6,1013.4,40.3,5.5,186.8,16.0,21352,65610,1,29.9,24.9,26.8,35.0,24.9,28.7,24.0
Princes Town,2014-09-04,78.6,5.7912,69.1,115.1,1013.4,46.0,6.0,199.0,17.3,21349,65574,1,33.9,23.9,28.1,39.2,23.9,30.6,23.6
Princes Town,2014-09-05,85.8,15.290799999999999,16.1,131.6,1013.4,40.7,5.7,202.0,17.5,21345,65538,1,32.9,23.9,26.6,39.1,23.9,27.7,23.8
Princes Town,2014-09-06,77.8,1.6256,15.0,112.4,1013.4,29.2,6.2,142.8,12.2,21342,65501,1,32.9,23.9,28.0,37.9,23.9,30.6,23.4
Princes Town,2014-09-07,85.5,3.7591999999999994,13.9,113.9,1013.4,43.8,6.0,209.1,17.9,21338,65464,1,31.9,24.9,26.1,36.7,24.9,26.9,23.3
Princes Town,2014-09-08,76.8,1.7272,18.3,92.9,1013.4,38.1,6.2,248.4,21.6,21334,65427,1,32.9,24.9,27.9,37.9,24.9,30.3,23.2
Princes Town,2014-09-09,73.0,2.54,18.3,90.0,1013.4,30.2,6.2,299.1,25.9,21330,65389,1,31.9,23.9,28.1,34.8,23.9,30.0,22.3
Princes Town,2014-09-10,72.9,5.08,17.2,91.3,1013.4,31.3,6.2,275.5,23.8,21326,65352,1,31.9,24.9,28.4,36.7,24.9,30.7,22.8
Princes Town,2014-09-11,82.7,12.4714,16.1,95.3,1013.4,51.2,5.6,242.5,21.0,21322,65314,1,30.9,23.9,27.0,37.6,23.9,29.7,23.7
Princes Town,2014-09-12,75.6,1.9304,17.2,101.9,1013.4,28.1,6.2,190.7,16.5,21317,65276,1,32.9,24.9,28.5,39.1,24.9,31.1,23.4
Princes Town,2014-09-13,80.7,1.7272,16.1,95.5,1013.4,30.2,6.1,248.8,21.5,21313,65238,1,31.9,23.9,27.4,36.7,23.9,29.6,23.6
Princes Town,2014-09-14,77.7,0.508,15.0,114.5,1013.4,35.5,6.2,265.6,22.9,21308,65200,1,32.9,24.9,28.2,37.9,24.9,30.8,23.6
Princes Town,2014-09-15,77.6,1.2192,13.9,103.8,1013.4,33.7,6.1,223.6,19.2,21304,65162,1,33.9,24.9,28.3,39.2,24.9,31.1,23.7
Princes Town,2014-09-16,74.7,2.7432,11.4,108.9,1013.4,38.2,6.2,166.1,14.3,21299,65123,1,32.9,23.9,28.1,37.9,23.9,30.8,23.0
Princes Town,2014-09-17,81.8,7.112,11.4,119.9,1013.4,40.1,5.7,226.3,19.6,21295,65085,1,32.50416666666667,23.9,27.8,46.9,23.9,29.9,23.9
Princes Town,2014-09-18,84.5,5.8928,12.8,110.7,1013.4,34.4,6.0,136.0,11.7,21290,65047,1,31.9,23.9,26.9,39.1,23.9,28.9,23.9
Princes Town,2014-09-19,82.7,4.4704,10.3,99.7,1013.4,41.2,6.1,138.5,11.8,21286,65009,1,29.9,22.9,26.2,34.1,22.9,27.8,22.9
Princes Town,2014-09-20,83.8,4.1655999999999995,13.9,111.5,1013.4,33.3,6.2,196.5,17.0,21281,64970,1,30.9,22.9,26.5,36.4,22.9,28.7,23.4
Princes Town,2014-09-21,86.0,3.1496,6.9,101.1,1013.4,31.8,6.0,162.4,14.0,21277,64932,1,30.9,23.9,26.7,36.4,23.9,28.7,24.1
Princes Town,2014-09-22,83.1,3.9623999999999997,10.3,115.8,1013.4,43.8,6.1,190.5,16.7,21273,64894,1,31.9,24.9,27.1,39.1,24.9,29.4,23.9
Princes Town,2014-09-23,83.2,5.1815999999999995,13.9,108.8,1013.4,32.8,5.9,147.2,12.7,21269,64856,1,32.9,24.9,26.9,40.4,24.9,29.1,23.7
Princes Town,2014-09-24,83.5,1.5239999999999998,13.9,91.5,1013.4,31.8,6.2,202.4,17.3,21265,64818,1,32.9,24.9,26.9,39.1,24.9,28.6,23.9
Princes Town,2014-09-25,76.0,0.0,11.4,115.6,1013.4,40.7,6.2,241.0,20.9,21261,64781,0,32.9,23.9,28.2,39.1,23.9,30.9,23.2
Princes Town,2014-09-26,75.6,0.0,12.8,114.2,1013.4,38.1,6.2,252.5,22.0,21257,64743,0,32.9,24.9,28.2,39.1,24.9,30.7,23.2
Princes Town,2014-09-27,77.1,0.0,13.9,119.6,1013.4,26.0,6.2,283.0,24.5,21253,64706,0,32.9,24.9,28.1,37.9,24.9,30.5,23.4
Princes Town,2014-09-28,73.1,0.0,15.0,117.0,1013.4,27.2,6.2,305.5,26.3,21250,64668,0,32.9,23.9,28.2,36.9,23.9,30.2,22.5
Princes Town,2014-09-29,76.4,1.5239999999999998,12.5,102.4,1013.4,38.9,6.1,243.1,21.1,21247,64632,1,32.9,23.9,28.3,39.1,23.9,31.3,23.5
Princes Town,2014-09-30,74.6,1.016,11.4,108.9,1013.4,33.4,6.2,210.6,18.3,21244,64595,1,33.9,24.9,28.7,39.1,24.9,31.4,23.3
Princes Town,2014-10-01,78.3,7.188199999999999,16.1,95.2,1013.4,34.9,6.2,213.2,18.5,21241,64559,1,32.9,24.9,28.0,37.9,24.9,30.5,23.6
Princes Town,2014-10-02,80.4,18.770599999999998,18.3,111.9,1013.4,52.0,5.3,169.9,14.6,21239,64523,1,32.9,22.9,26.8,37.9,22.9,28.2,22.8
Princes Town,2014-10-03,89.6,35.20439999999999,15.0,101.9,1013.4,51.2,5.1,207.0,17.8,21237,64487,1,30.9,22.9,24.7,36.4,22.9,25.1,22.8
Princes Town,2014-10-04,88.2,8.026399999999999,19.5,100.5,1013.4,43.3,5.2,160.7,13.9,21235,64451,1,26.9,23.9,25.2,30.5,23.9,25.4,23.1
Princes Town,2014-10-05,78.6,0.8128,14.1,98.8,1013.4,31.2,6.1,216.9,18.7,21233,64416,1,32.9,23.9,27.7,37.9,23.9,29.9,23.3
Princes Town,2014-10-06,79.4,4.8768,12.8,118.3,1013.4,40.2,6.2,215.7,18.7,21232,64382,1,32.9,24.9,27.7,37.8,24.9,29.8,23.6
Princes Town,2014-10-07,78.3,3.556,12.8,113.2,1013.4,35.5,6.2,195.8,16.8,21231,64348,1,32.9,24.9,27.7,39.1,24.9,30.5,23.5
Princes Town,2014-10-08,76.3,0.0,12.8,124.4,1013.4,36.5,6.2,146.5,12.6,21231,64314,0,33.9,23.9,28.3,39.2,23.9,30.8,23.4
Princes Town,2014-10-09,76.9,0.0,11.4,132.9,1013.4,33.4,6.2,175.0,15.0,21231,64281,0,32.9,23.9,27.9,37.9,23.9,30.4,23.3
Princes Town,2014-10-10,75.5,0.3048,8.3,114.2,1013.4,38.7,6.2,198.9,17.0,21231,64248,1,33.9,24.9,28.3,39.2,24.9,30.8,23.2
Princes Town,2014-10-11,77.5,0.0,11.4,128.1,1013.4,35.5,6.2,209.5,17.9,21232,64216,0,33.9,23.9,28.1,39.2,23.9,31.1,23.6
Princes Town,2014-10-12,72.5,0.0,10.3,128.1,1013.4,31.5,6.2,255.2,22.1,21233,64184,0,33.9,21.9,28.2,38.2,21.9,30.3,22.4
Princes Town,2014-10-13,76.1,0.0,11.4,105.5,1013.4,43.2,6.1,224.9,19.6,21235,64153,0,34.9,22.9,27.7,40.5,22.9,30.4,22.8
Princes Town,2014-10-14,74.5,0.0,28.9,138.2,1013.4,31.1,6.2,230.4,19.9,21237,64123,0,34.9,24.9,28.8,39.4,24.9,32.0,23.5
Princes Town,2014-10-15,69.1,0.0,11.4,114.2,1013.4,35.5,6.2,254.5,21.8,21239,64093,0,34.9,23.9,28.6,39.4,23.9,30.8,21.9
Princes Town,2014-10-16,71.1,0.6096,10.3,98.1,1013.4,48.5,6.2,267.3,23.0,21242,64063,1,35.9,22.9,28.6,43.1,22.9,31.7,22.5
Princes Town,2014-10-17,78.1,4.953,12.8,91.1,1013.4,51.8,5.9,274.6,23.7,21246,64035,1,34.9,22.9,27.6,39.4,22.9,29.7,23.1
Princes Town,2014-10-18,82.3,12.9032,10.3,133.3,1013.4,29.9,6.0,197.2,17.0,21250,64007,1,32.9,22.9,26.7,39.1,22.9,28.5,23.2
Princes Town,2014-10-19,77.7,4.064,8.1,138.4,1013.4,30.8,6.2,220.6,19.0,21255,63980,1,34.9,23.9,28.2,40.4,23.9,30.8,23.4
Princes Town,2014-10-20,80.8,10.16,13.9,98.5,1013.4,36.9,6.1,223.4,19.2,21260,63953,1,31.9,24.9,27.8,39.1,24.9,31.0,24.1
Princes Town,2014-10-21,84.1,11.9126,11.4,288.5,1013.4,34.4,5.9,212.8,18.4,21266,63927,1,33.9,23.9,26.6,39.2,23.9,27.8,23.4
Princes Town,2014-10-22,82.0,6.985,11.4,113.8,1013.4,35.5,5.9,145.6,12.7,21272,63902,1,32.9,23.9,27.4,39.1,23.9,30.0,23.8
Princes Town,2014-10-23,89.1,13.2842,11.4,96.9,1013.4,40.7,5.7,131.3,11.5,21279,63878,1,28.9,23.9,25.8,34.4,23.9,27.1,23.9
Princes Town,2014-10-24,80.7,8.128,15.0,99.4,1013.4,42.8,5.9,177.9,15.4,21287,63855,1,31.9,23.9,26.9,35.7,23.9,28.8,23.1
Princes Town,2014-10-25,79.7,6.0706,17.2,111.7,1013.4,31.3,6.2,161.0,13.9,21295,63832,1,31.9,24.9,27.9,37.6,24.9,30.6,23.7
Princes Town,2014-10-26,86.5,20.802599999999998,11.4,97.5,1013.4,45.4,5.8,151.1,13.0,21304,63810,1,29.9,23.9,26.2,36.1,23.9,27.7,23.7
Princes Town,2014-10-27,83.0,10.9474,11.4,117.8,1013.4,42.8,6.0,124.4,10.8,21313,63789,1,29.9,23.9,26.9,36.1,23.9,28.9,23.7
Princes Town,2014-10-28,78.2,0.7111999999999999,13.9,115.3,1013.4,38.1,6.2,179.3,15.5,21324,63769,1,33.9,23.9,28.1,39.2,23.9,31.0,23.6
Princes Town,2014-10-29,76.1,0.508,9.2,108.9,1013.4,32.8,6.0,209.6,18.2,21334,63750,1,32.9,24.9,28.4,37.9,24.9,30.9,23.5
Princes Town,2014-10-30,77.1,0.3048,11.4,107.2,1013.4,30.2,6.2,228.1,19.8,21346,63732,1,33.9,24.9,28.3,40.4,24.9,30.9,23.6
Princes Town,2014-10-31,78.2,0.0,13.9,100.4,1013.4,41.8,6.1,202.6,17.4,21358,63715,0,32.9,24.9,28.6,40.4,24.9,31.4,24.1
Princes Town,2014-11-01,80.0,2.4384,16.1,101.8,1013.4,30.2,6.1,236.2,20.5,21371,63698,1,32.9,23.9,27.9,39.1,23.9,30.4,23.8
Princes Town,2014-11-02,78.9,2.1336,16.1,111.9,1013.4,34.0,6.2,212.1,18.2,21384,63683,1,32.9,23.9,27.6,39.1,23.9,30.1,23.4
Princes Town,2014-11-03,75.0,0.6096,13.9,102.1,1013.4,29.4,6.2,271.6,23.4,21398,63668,1,32.9,21.9,27.1,36.9,21.9,28.9,21.9
Princes Town,2014-11-04,76.1,0.9143999999999999,13.9,108.8,1013.4,30.2,6.2,274.2,23.7,21413,63655,1,32.9,23.9,27.8,37.9,23.9,29.9,22.8
Princes Town,2014-11-05,77.8,6.2992,16.1,88.1,1013.4,39.7,6.1,222.7,19.3,21429,63642,1,33.9,23.9,27.7,39.2,23.9,29.6,23.1
Princes Town,2014-11-06,87.3,14.0462,13.9,91.4,1013.4,58.5,4.8,126.3,11.0,21445,63631,1,31.9,24.9,26.5,39.1,24.9,28.3,24.1
Princes Town,2014-11-07,85.6,15.748,17.2,108.2,1013.4,44.9,6.1,194.5,16.8,21462,63621,1,32.9,24.9,27.3,39.1,24.9,29.5,24.4
Princes Town,2014-11-08,81.9,12.090399999999999,15.0,114.4,1013.4,38.6,6.2,144.8,12.7,21479,63611,1,32.9,24.9,28.2,40.4,24.9,31.8,24.6
Princes Town,2014-11-09,83.0,22.301199999999998,13.9,97.5,1013.4,61.7,5.5,137.5,11.9,21497,63603,1,31.9,23.9,27.0,37.6,23.9,28.9,23.6
Princes Town,2014-11-10,86.9,22.453599999999998,20.8,70.7,1013.4,47.5,5.6,93.9,8.0,21516,63595,1,28.9,23.9,25.6,33.4,23.9,26.4,23.2
Princes Town,2014-11-11,80.4,4.1655999999999995,13.9,93.9,1013.4,38.6,6.2,259.9,22.4,21536,63589,1,31.9,23.9,26.8,36.7,23.9,28.3,22.8
Princes Town,2014-11-12,83.5,13.2842,15.0,114.1,1013.4,55.4,5.8,256.8,22.2,21556,63584,1,30.9,22.9,26.2,36.4,22.9,28.0,23.1
Princes Town,2014-11-13,94.1,46.228,11.4,92.4,1013.4,36.4,5.1,112.5,9.8,21577,63580,1,26.3,22.9,24.1,26.3,22.9,24.1,23.1
Princes Town,2014-11-14,91.4,15.5956,9.2,104.9,1013.4,30.8,5.5,135.5,11.9,21598,63577,1,26.9,22.9,24.7,29.9,22.9,24.8,23.2
Princes Town,2014-11-15,88.4,7.213599999999999,13.9,75.2,1013.4,44.0,6.1,93.7,8.0,21620,63575,1,28.9,22.9,25.3,33.4,22.9,26.0,23.2
Princes Town,2014-11-16,88.1,10.5664,11.4,98.2,1013.4,51.2,5.1,131.6,11.4,21643,63574,1,28.9,23.9,25.2,32.6,23.9,25.7,23.1
Princes Town,2014-11-17,85.8,8.991599999999998,12.8,118.9,1013.4,33.4,6.2,134.3,11.7,21667,63574,1,31.9,23.9,26.4,37.8,23.9,28.3,23.7
Princes Town,2014-11-18,88.0,16.3068,13.9,84.1,1013.4,32.8,5.7,118.9,10.1,21690,63575,1,29.9,22.9,25.3,36.1,22.9,26.2,23.1
Princes Town,2014-11-19,85.3,9.906,16.1,95.3,1013.4,42.8,6.0,214.6,18.6,21715,63578,1,28.9,22.9,25.3,32.6,22.9,26.3,22.6
Princes Town,2014-11-20,88.2,13.4112,17.2,91.3,1013.4,43.8,5.9,170.3,14.9,21740,63581,1,27.9,22.9,24.5,31.8,22.9,24.7,22.4
Princes Town,2014-11-21,85.9,13.8176,16.1,97.1,1013.4,48.5,5.5,100.2,8.6,21766,63586,1,30.9,23.9,26.1,36.4,23.9,27.4,23.3
Princes Town,2014-11-22,81.8,4.1655999999999995,16.1,95.2,1013.4,35.4,6.2,105.6,9.2,21792,63591,1,31.9,23.9,27.0,37.8,23.9,29.1,23.5
Princes Town,2014-11-23,85.7,2.032,13.9,84.1,1013.4,37.0,5.9,165.0,14.3,21819,63598,1,29.9,23.9,26.2,35.0,23.9,27.4,23.4
Princes Town,2014-11-24,78.9,3.4544,19.5,94.8,1013.4,44.4,6.2,230.0,19.9,21846,63606,1,30.9,24.9,27.2,35.4,24.9,29.0,23.1
Princes Town,2014-11-25,77.3,1.8287999999999998,19.5,95.1,1013.4,30.2,6.2,242.6,20.9,21874,63614,1,31.9,22.9,27.2,36.7,22.9,28.9,22.6
Princes Town,2014-11-26,74.9,2.6416,17.2,110.1,1013.4,47.0,6.2,241.6,21.0,21902,63624,1,31.9,23.9,27.7,36.7,23.9,29.7,22.6
Princes Town,2014-11-27,78.8,1.5239999999999998,15.0,114.7,1013.4,32.3,6.2,206.1,17.7,21931,63635,1,31.9,23.9,27.1,36.7,23.9,28.9,22.8
Princes Town,2014-11-28,80.4,2.4384,11.4,128.8,1013.4,34.3,6.0,202.7,17.6,21960,63647,1,31.9,23.9,27.3,36.7,23.9,29.2,23.3
Princes Town,2014-11-29,77.5,2.4384,17.2,104.3,1013.4,32.8,6.2,218.5,18.9,21989,63659,1,31.9,24.9,27.8,37.8,24.9,30.3,23.3
Princes Town,2014-11-30,78.7,3.7591999999999994,12.8,109.8,1013.0,44.4,6.0,169.4,14.6,22019,63673,1,31.9,24.9,27.1,35.7,24.9,28.7,22.8
Princes Town,2014-12-01,83.1,12.039599999999998,13.9,89.2,1012.1,38.6,6.0,186.6,16.0,22049,63688,1,30.9,22.9,26.4,36.1,22.9,28.2,23.2
Princes Town,2014-12-02,85.4,6.8326,13.9,100.2,1010.6,38.6,6.1,196.3,16.7,22079,63704,1,30.9,23.9,26.4,35.0,23.9,27.8,23.6
Princes Town,2014-12-03,86.6,1.9304,11.4,106.4,1009.9,32.8,5.9,198.0,17.1,22110,63720,1,31.9,23.9,26.2,39.1,23.9,27.4,23.7
Princes Town,2014-12-04,79.3,0.1016,12.8,111.2,1010.6,30.8,6.2,220.7,19.1,22141,63738,1,31.9,22.9,26.9,42.1,22.9,28.7,22.7
Princes Town,2014-12-05,76.0,0.0,10.3,117.9,1011.3,34.3,6.2,244.3,21.2,22172,63756,0,31.9,21.9,26.7,35.7,21.9,28.1,21.7
Princes Town,2014-12-06,81.2,1.1176,9.2,91.8,1010.9,32.8,6.2,222.4,19.3,22203,63776,1,32.9,22.9,26.9,37.9,22.9,28.9,23.1
Princes Town,2014-12-07,78.7,7.7216,11.4,106.6,1011.3,31.3,6.2,205.9,17.9,22235,63796,1,31.9,23.9,27.3,37.8,23.9,29.4,23.1
Princes Town,2014-12-08,79.1,5.8166,15.0,105.7,1011.8,31.3,6.2,205.3,17.8,22266,63817,1,32.9,23.9,27.4,39.1,23.9,29.3,23.2
Princes Town,2014-12-09,79.8,4.2164,17.2,93.7,1011.1,48.0,5.8,195.2,17.1,22298,63839,1,31.9,23.9,27.3,36.7,23.9,29.3,23.3
Princes Town,2014-12-10,78.1,3.3274,17.2,93.0,1011.4,31.3,6.2,180.7,15.8,22330,63862,1,31.9,23.9,27.3,35.7,23.9,28.8,22.8
Princes Town,2014-12-11,76.7,0.6096,18.3,98.0,1013.0,32.3,6.2,216.0,18.8,22362,63885,1,31.9,22.9,27.3,36.7,22.9,29.1,22.6
Princes Town,2014-12-12,74.5,2.3367999999999998,16.1,102.6,1013.5,31.3,6.2,208.9,18.1,22393,63909,1,32.9,22.9,27.2,36.9,22.9,28.7,21.9
Princes Town,2014-12-13,77.5,2.1336,11.4,85.9,1011.5,37.8,6.2,213.8,18.4,22425,63934,1,32.9,21.8,26.5,36.0,21.8,27.8,21.8
Princes Town,2014-12-14,78.3,0.4064,13.9,101.3,1011.0,37.0,6.2,223.0,19.3,22457,63960,1,32.9,22.9,26.7,36.9,22.9,28.1,22.3
Princes Town,2014-12-15,78.8,0.3048,16.1,100.6,1012.0,33.3,6.2,172.1,14.9,22488,63986,1,31.9,23.9,27.2,36.7,23.9,29.1,22.9
Princes Town,2014-12-16,81.2,1.8287999999999998,9.2,96.9,1013.5,41.2,6.1,206.3,17.7,22519,64013,1,31.9,23.9,26.9,37.8,23.9,28.7,23.2
Princes Town,2014-12-17,81.9,1.7272,17.2,87.9,1013.6,35.5,6.2,180.9,15.5,22551,64040,1,30.9,22.9,26.1,36.4,22.9,27.5,22.6
Princes Town,2014-12-18,81.6,3.2258,11.4,87.8,1012.8,47.0,5.9,200.9,17.3,22582,64068,1,31.9,22.9,26.1,36.7,22.9,27.5,22.5
Princes Town,2014-12-19,73.2,0.4064,12.8,94.4,1012.0,32.3,6.2,232.5,20.0,22612,64097,1,31.9,22.9,27.0,34.8,22.9,28.2,21.4
Princes Town,2014-12-20,76.1,3.302,15.0,75.2,1012.9,31.2,6.2,214.3,18.4,22643,64126,1,31.9,21.9,26.5,35.7,21.9,27.7,21.6
Princes Town,2014-12-21,71.8,0.8128,17.2,88.7,1013.4,30.2,6.2,231.9,20.1,22673,64155,1,31.9,22.9,27.6,36.7,22.9,29.3,21.7
Princes Town,2014-12-22,83.2,2.4384,20.8,97.1,1013.1,45.4,5.7,198.6,17.2,22703,64185,1,30.9,23.9,26.6,35.4,23.9,28.1,23.4
Princes Town,2014-12-23,82.1,2.54,20.8,80.1,1012.1,51.7,5.5,209.5,18.1,22732,64216,1,30.9,24.9,26.7,34.4,24.9,28.1,23.2
Princes Town,2014-12-24,76.1,3.5306,16.1,101.1,1012.3,39.1,6.2,197.5,17.1,22761,64246,1,31.9,23.9,27.4,35.7,23.9,29.2,22.6
Princes Town,2014-12-25,73.3,1.2192,16.1,94.5,1013.6,38.0,6.2,208.0,18.0,22790,64277,1,31.9,23.9,27.4,34.8,23.9,28.8,21.9
Princes Town,2014-12-26,75.0,1.5239999999999998,18.3,96.8,1013.5,36.5,6.1,190.3,16.4,22818,64309,1,30.9,23.9,26.7,33.7,23.9,27.9,21.6
Princes Town,2014-12-27,78.5,1.4223999999999999,16.1,97.1,1013.8,47.5,6.1,206.5,17.8,22845,64340,1,31.9,23.9,26.8,36.7,23.9,28.6,22.6
Princes Town,2014-12-28,79.6,1.6256,11.4,98.8,1014.0,38.1,5.9,177.4,15.3,22872,64372,1,31.9,22.9,26.4,35.7,22.9,27.8,22.4
Princes Town,2014-12-29,87.1,7.6453999999999995,17.2,100.2,1015.0,51.2,5.9,185.9,16.0,22899,64404,1,28.9,22.9,25.3,33.4,22.9,26.4,22.9
Princes Town,2014-12-30,79.9,1.7272,20.8,88.6,1015.3,40.1,6.0,167.3,14.5,22924,64436,1,30.9,22.9,26.8,35.4,22.9,28.6,22.8
Princes Town,2014-12-31,78.8,0.508,18.3,93.3,1015.1,44.1,6.1,172.1,15.0,22950,64469,1,34.9,21.9,26.6,39.2,21.9,28.2,22.3
Princes Town,2015-01-01,78.0,11.4046,25.3,99.7,1014.6,44.2,6.0,189.7,16.2,22974,64501,1,31.0,23.0,26.7,34.6,23.0,28.3,22.3
Princes Town,2015-01-02,75.8,2.0065999999999997,23.0,90.3,1015.0,40.1,6.3,218.8,18.9,22998,64534,1,31.7,24.2,27.0,35.5,24.2,28.4,22.2
Princes Town,2015-01-03,73.5,2.9972,18.3,98.9,1014.8,36.4,6.5,237.5,20.7,23021,64566,1,31.0,23.0,26.6,33.7,23.0,27.4,21.1
Princes Town,2015-01-04,75.5,2.9972,26.3,101.2,1015.4,34.5,7.2,226.6,19.7,23043,64599,1,33.2,22.0,26.4,36.4,22.0,27.6,21.4
Princes Town,2015-01-05,77.4,0.6096,25.3,79.8,1016.0,37.5,6.5,207.5,18.0,23065,64631,1,29.0,22.9,25.8,31.4,22.9,26.7,21.3
Princes Town,2015-01-06,83.3,6.985,17.2,100.5,1015.2,63.8,6.4,182.4,15.8,23086,64663,1,30.0,23.0,25.1,32.8,23.0,25.9,21.9
Princes Town,2015-01-07,77.6,0.0,18.3,100.6,1014.1,44.7,6.7,194.8,16.9,23106,64696,0,30.7,22.0,25.3,32.2,22.0,25.9,20.9
Princes Town,2015-01-08,77.4,0.0,18.3,103.7,1014.0,47.7,6.9,210.3,18.4,23125,64728,0,31.0,21.9,26.1,34.6,21.9,27.3,21.6
Princes Town,2015-01-09,82.7,5.0038,15.0,99.6,1014.3,62.1,6.0,88.2,7.6,23143,64760,1,30.0,24.0,26.1,34.2,24.0,27.3,22.8
Princes Town,2015-01-10,83.2,14.376399999999999,15.0,98.2,1014.6,58.2,5.8,190.1,16.3,23160,64792,1,29.0,24.0,25.8,33.6,24.0,27.0,22.7
Princes Town,2015-01-11,86.9,3.5813999999999995,16.1,95.4,1014.4,47.5,6.7,200.4,17.4,23177,64823,1,29.0,23.0,25.4,33.6,23.0,26.3,22.9
Princes Town,2015-01-12,86.8,10.617199999999999,16.1,99.6,1014.1,68.1,5.6,192.3,16.5,23193,64855,1,29.9,23.8,25.3,34.1,23.8,26.2,22.9
Princes Town,2015-01-13,88.0,5.9944,15.0,99.5,1013.4,47.0,6.3,177.8,15.4,23207,64886,1,27.8,23.0,25.1,30.8,23.0,25.6,22.9
Princes Town,2015-01-14,81.2,0.1016,17.2,105.4,1012.8,46.1,6.5,185.5,16.0,23221,64916,1,30.9,24.0,26.5,35.1,24.0,28.0,22.8
Princes Town,2015-01-15,80.8,0.2032,15.0,97.6,1013.7,43.2,6.7,223.2,19.2,23234,64947,1,31.0,24.0,26.9,36.6,24.0,28.6,23.1
Princes Town,2015-01-16,78.9,0.0,16.1,95.2,1013.4,30.7,6.8,199.6,17.3,23245,64977,0,31.1,23.8,26.9,35.5,23.8,28.6,22.7
Princes Town,2015-01-17,81.2,0.0,13.9,103.6,1013.5,36.1,6.8,203.3,17.4,23256,65006,0,31.0,23.0,26.4,35.5,23.0,27.8,22.7
Princes Town,2015-01-18,77.0,0.0,11.4,109.1,1013.6,37.8,6.9,222.9,19.1,23266,65036,0,32.0,23.0,26.6,34.9,23.0,27.8,21.9
Princes Town,2015-01-19,77.8,0.0,13.9,100.3,1013.1,36.4,7.3,216.5,18.8,23275,65065,0,31.7,22.0,26.4,35.4,22.0,27.8,21.9
Princes Town,2015-01-20,76.1,0.0,15.0,91.8,1012.6,36.6,7.2,213.9,18.3,23283,65093,0,31.7,23.0,26.9,34.7,23.0,28.3,22.0
Princes Town,2015-01-21,78.3,0.0,16.1,103.9,1012.9,34.7,7.2,220.4,19.1,23289,65121,0,32.0,22.8,26.5,35.8,22.8,27.9,22.1
Princes Town,2015-01-22,77.5,0.0,11.4,102.8,1013.4,38.7,6.5,197.5,16.9,23295,65148,0,32.0,23.0,26.6,34.9,23.0,27.8,22.0
Princes Town,2015-01-23,82.4,3.9878,15.0,95.3,1013.8,39.4,6.7,205.8,17.8,23300,65175,1,29.0,22.8,25.1,32.0,22.8,25.9,21.8
Princes Town,2015-01-24,78.4,0.0,15.0,104.5,1013.7,32.7,7.5,237.8,20.5,23303,65201,0,31.0,21.0,25.8,33.7,21.0,26.9,21.4
Princes Town,2015-01-25,77.4,0.0,16.1,123.3,1013.2,36.0,7.6,231.8,20.2,23306,65227,0,30.9,22.0,26.1,33.6,22.0,27.2,21.4
Princes Town,2015-01-26,78.3,0.4064,17.2,122.1,1013.3,44.7,7.0,230.8,20.2,23308,65253,1,31.0,23.0,26.2,33.7,23.0,27.2,21.7
Princes Town,2015-01-27,73.8,0.1016,17.2,116.2,1013.8,35.8,7.5,244.5,21.1,23308,65277,1,31.0,22.8,26.3,33.1,22.8,27.2,20.9
Princes Town,2015-01-28,73.2,0.0,13.9,105.2,1013.0,31.3,7.2,240.0,20.8,23308,65301,0,32.0,21.7,26.2,33.5,21.7,26.8,20.4
Princes Town,2015-01-29,74.5,0.0,18.3,105.2,1012.9,37.6,7.3,231.2,19.9,23306,65325,0,31.0,23.0,26.4,34.6,23.0,27.7,21.3
Princes Town,2015-01-30,83.7,11.8872,16.1,100.7,1012.7,58.2,6.2,212.8,18.3,23304,65348,1,30.0,23.0,25.8,35.1,23.0,26.9,22.7
Princes Town,2015-01-31,77.8,0.0,17.2,110.3,1013.3,41.5,7.5,225.9,19.6,23300,65370,0,31.0,23.0,26.7,34.6,23.0,28.1,22.2
Princes Town,2015-02-01,76.8,0.3048,18.3,99.1,1014.4,30.9,6.9,227.3,19.7,23295,65392,1,31.0,22.0,26.2,34.5,22.0,27.3,21.4
Princes Town,2015-02-02,75.9,0.0,18.3,106.6,1014.8,29.2,7.1,243.8,21.1,23290,65413,0,31.2,21.9,26.1,33.4,21.9,27.2,21.2
Princes Town,2015-02-03,77.4,0.1016,16.1,107.8,1015.1,42.0,6.0,224.5,19.4,23283,65433,1,32.0,22.0,26.7,36.8,22.0,28.4,22.2
Princes Town,2015-02-04,75.7,0.7874,15.0,111.4,1014.3,36.9,6.5,245.7,21.2,23275,65453,1,32.0,24.0,26.8,35.8,24.0,28.2,21.9
Princes Town,2015-02-05,74.9,0.0,25.3,90.9,1014.2,29.4,7.0,237.0,20.5,23267,65472,0,31.8,23.0,26.2,33.8,23.0,27.1,21.2
Princes Town,2015-02-06,73.4,0.0,16.1,113.6,1013.3,34.3,7.0,265.7,23.1,23257,65491,0,31.1,22.2,26.2,33.1,22.2,26.9,20.7
Princes Town,2015-02-07,72.9,0.0,13.9,126.4,1012.4,30.6,7.0,245.4,21.3,23246,65508,0,32.0,21.0,25.9,33.5,21.0,26.6,20.2
Princes Town,2015-02-08,76.3,0.0,15.0,113.2,1013.2,34.7,7.4,247.4,21.4,23235,65526,0,32.0,21.0,26.1,34.9,21.0,27.4,21.3
Princes Town,2015-02-09,76.5,0.0,16.1,109.7,1012.8,49.8,7.5,245.3,21.2,23222,65542,0,32.0,22.0,26.3,34.9,22.0,27.4,21.4
Princes Town,2015-02-10,76.8,0.0,13.9,119.7,1011.7,37.0,7.5,221.4,19.2,23209,65558,0,32.0,23.0,26.9,35.8,23.0,28.4,22.1
Princes Town,2015-02-11,74.7,0.0,12.8,119.5,1012.4,36.6,7.1,258.6,22.4,23194,65573,0,33.0,24.0,27.3,37.1,24.0,28.8,22.1
Princes Town,2015-02-12,78.0,0.0,13.9,121.6,1013.3,43.0,7.0,237.3,20.5,23179,65588,0,33.0,24.0,27.6,37.1,24.0,29.6,23.1
Princes Town,2015-02-13,78.9,0.0,16.1,111.3,1014.5,46.8,6.9,252.8,21.8,23163,65602,0,32.0,24.0,27.5,36.8,24.0,29.4,23.2
Princes Town,2015-02-14,74.1,0.0,18.3,101.6,1014.5,44.3,7.2,244.8,21.2,23146,65615,0,32.0,22.9,26.8,34.9,22.9,27.8,21.4
Princes Town,2015-02-15,76.6,0.3048,15.0,99.5,1014.1,46.3,7.1,250.2,21.6,23128,65628,1,32.0,22.0,25.8,34.2,22.0,26.7,21.0
Princes Town,2015-02-16,73.2,0.0,11.4,115.3,1014.0,34.6,7.2,240.1,20.8,23109,65640,0,32.0,21.8,26.4,34.2,21.8,27.2,20.7
Princes Town,2015-02-17,76.0,0.0,17.2,109.7,1013.8,43.6,7.5,215.0,18.6,23089,65652,0,33.0,22.8,26.4,37.1,22.8,27.6,21.5
Princes Town,2015-02-18,73.9,0.0,18.3,99.4,1013.7,55.9,6.4,229.7,20.0,23069,65663,0,30.0,23.0,26.3,32.6,23.0,27.6,21.1
Princes Town,2015-02-19,71.3,0.0,16.1,108.7,1012.4,24.8,7.5,262.4,22.7,23047,65673,0,32.0,20.0,26.1,33.5,20.0,26.8,19.9
Princes Town,2015-02-20,79.4,1.2953999999999999,18.3,103.9,1012.5,44.4,7.6,205.1,17.8,23025,65683,1,32.0,22.8,26.0,34.9,22.8,27.3,21.9
Princes Town,2015-02-21,74.1,0.1016,16.1,109.1,1013.6,34.3,6.6,244.5,21.2,23003,65692,1,32.0,23.0,26.9,35.8,23.0,28.3,21.5
Princes Town,2015-02-22,71.0,0.0,16.1,94.8,1013.6,49.8,6.9,234.7,20.4,22979,65701,0,31.0,23.0,26.7,33.1,23.0,27.6,20.6
Princes Town,2015-02-23,68.6,0.0,17.2,103.7,1013.7,32.0,7.2,260.2,22.5,22955,65709,0,32.0,22.1,26.6,33.2,22.1,27.2,19.8
Princes Town,2015-02-24,72.7,0.508,18.3,103.6,1013.5,34.0,7.2,247.9,21.3,22930,65716,1,32.0,21.8,26.2,34.2,21.8,26.8,20.3
Princes Town,2015-02-25,69.4,0.0,17.2,102.3,1013.9,36.6,6.6,262.9,22.7,22904,65723,0,32.1,22.0,26.6,33.5,22.0,27.1,19.8
Princes Town,2015-02-26,76.6,23.0124,16.1,101.2,1013.8,57.2,5.6,185.4,16.2,22878,65730,1,32.0,22.8,26.1,34.2,22.8,27.2,21.2
Princes Town,2015-02-27,84.0,30.099,20.8,98.0,1013.8,72.6,5.9,183.7,15.8,22851,65736,1,29.0,23.7,25.8,32.8,23.7,26.7,22.8
Princes Town,2015-02-28,67.4,0.0,19.7,97.2,1014.2,44.7,7.4,258.2,22.3,22824,65742,0,31.0,24.0,26.9,33.1,24.0,27.6,19.9
Princes Town,2015-03-01,78.9,2.9972,18.3,101.2,1014.3,69.3,6.5,202.1,17.5,22795,65747,1,30.0,22.8,25.1,31.9,22.8,25.7,21.0
Princes Town,2015-03-02,83.0,10.998199999999999,12.8,60.5,1013.4,50.5,6.5,227.6,19.5,22767,65751,1,29.0,21.0,24.3,31.4,21.0,24.8,21.0
Princes Town,2015-03-03,76.1,0.1016,13.9,97.8,1012.2,40.0,6.7,247.1,21.3,22738,65756,1,32.0,21.2,26.2,34.9,21.2,27.2,21.2
Princes Town,2015-03-04,75.2,0.2032,19.7,99.8,1013.0,51.0,6.5,226.6,19.6,22708,65759,1,31.0,23.0,26.6,34.4,23.0,27.6,21.6
Princes Town,2015-03-05,72.5,0.3048,19.7,87.6,1013.5,39.4,7.2,243.7,20.0,22678,65763,1,31.0,24.0,26.8,33.7,24.0,27.8,21.2
Princes Town,2015-03-06,64.3,0.0,16.1,95.3,1013.9,31.3,7.2,269.6,23.3,22647,65766,0,31.2,24.0,27.2,33.1,24.0,27.8,19.6
Princes Town,2015-03-07,66.1,0.0,19.7,95.1,1013.9,35.1,6.9,231.8,20.1,22616,65769,0,32.0,23.0,27.1,34.2,23.0,28.0,19.9
Princes Town,2015-03-08,62.6,0.0,16.1,95.3,1013.5,27.1,7.7,268.5,23.3,22584,65771,0,31.2,22.2,26.5,31.9,22.2,26.8,18.3
Princes Town,2015-03-09,73.8,0.0,20.8,107.7,1013.2,40.8,6.9,235.2,20.3,22552,65773,0,31.1,22.0,26.5,33.8,22.0,27.7,21.1
Princes Town,2015-03-10,76.8,3.9878,23.0,95.4,1014.0,66.3,6.6,189.6,16.3,22520,65775,1,30.3,24.0,26.8,33.5,24.0,28.2,22.3
Princes Town,2015-03-11,66.3,0.0,23.0,97.9,1013.8,34.3,7.0,274.7,23.8,22487,65776,0,32.0,24.7,27.3,34.2,24.7,28.1,20.2
Princes Town,2015-03-12,77.4,0.1016,18.3,95.8,1013.1,66.3,6.1,241.6,20.8,22454,65777,1,30.0,22.2,25.6,31.9,22.2,26.2,21.2
Princes Town,2015-03-13,78.2,0.3048,18.3,98.9,1012.2,44.5,6.3,222.4,19.4,22421,65778,1,29.0,21.9,25.3,32.0,21.9,26.1,21.1
Princes Town,2015-03-14,66.3,0.1016,18.3,99.7,1012.4,33.5,6.5,242.1,21.0,22387,65778,1,31.7,23.8,26.7,31.9,23.8,27.3,19.6
Princes Town,2015-03-15,67.1,0.0,20.8,95.3,1012.9,30.3,6.8,228.2,19.7,22353,65779,0,32.0,24.0,27.1,33.5,24.0,27.8,20.1
Princes Town,2015-03-16,73.3,0.0,17.2,108.8,1012.4,63.8,6.5,170.7,14.8,22319,65779,0,32.0,23.0,26.7,34.2,23.0,27.7,21.2
Princes Town,2015-03-17,71.6,0.0,17.2,103.9,1012.9,54.0,6.0,249.6,21.6,22285,65779,0,32.0,23.9,27.3,34.9,23.9,28.2,21.2
Princes Town,2015-03-18,77.7,0.0,20.8,108.6,1012.6,37.3,6.3,254.9,22.0,22250,65779,0,32.0,23.0,26.8,35.8,23.0,28.4,22.3
Princes Town,2015-03-19,75.6,0.0,18.3,110.2,1012.9,46.6,6.5,237.2,20.6,22215,65778,0,32.0,24.0,27.5,35.8,24.0,29.2,22.5
Princes Town,2015-03-20,73.6,0.0,18.3,112.5,1013.3,38.9,7.0,275.2,23.7,22181,65778,0,32.1,23.2,27.2,34.9,23.2,28.3,21.6
Princes Town,2015-03-21,78.4,0.7874,15.0,89.4,1013.3,63.4,6.4,234.3,20.2,22146,65777,1,32.0,22.0,25.8,34.9,22.0,26.7,21.3
Princes Town,2015-03-22,75.6,0.0,17.2,91.8,1013.6,42.7,7.2,248.0,21.4,22110,65776,0,31.0,22.0,26.2,33.7,22.0,27.1,21.2
Princes Town,2015-03-23,71.6,0.0,15.0,102.5,1014.6,28.5,7.3,253.8,21.8,22075,65776,0,33.0,22.0,26.7,35.3,22.0,27.6,20.6
Princes Town,2015-03-24,73.0,0.0,16.1,120.2,1015.3,38.2,7.3,276.0,23.8,22040,65775,0,33.8,22.0,26.8,36.1,22.0,27.8,21.1
Princes Town,2015-03-25,77.3,0.0,17.2,103.8,1014.7,53.5,7.3,250.3,21.4,22005,65774,0,31.7,23.8,26.8,35.4,23.8,28.2,22.2
Princes Town,2015-03-26,76.8,0.0,19.7,97.3,1014.2,49.6,7.0,251.8,21.9,21970,65773,0,32.0,24.0,26.9,35.0,24.0,28.3,22.2
Princes Town,2015-03-27,75.2,0.4064,23.0,98.9,1014.9,58.0,7.2,233.5,20.2,21934,65772,1,33.0,23.0,26.7,36.1,23.0,27.8,21.6
Princes Town,2015-03-28,80.9,0.3048,16.1,103.1,1015.7,46.0,6.2,249.5,21.4,21899,65771,1,29.0,23.0,25.5,31.9,23.0,26.4,21.8
Princes Town,2015-03-29,76.1,6.985,18.3,97.9,1015.3,50.0,7.3,263.4,22.6,21864,65770,1,32.0,23.0,26.2,34.9,23.0,27.2,21.3
Princes Town,2015-03-30,73.1,0.0,17.2,90.1,1014.4,43.3,7.5,229.7,19.9,21829,65769,0,30.1,22.8,26.2,32.5,22.8,27.1,20.7
Princes Town,2015-03-31,67.9,0.0,18.3,92.3,1014.1,46.9,7.3,257.0,22.2,21794,65768,0,32.0,22.0,26.3,33.5,22.0,26.9,19.4
Princes Town,2015-04-01,68.7,0.0,18.3,100.7,1014.7,36.6,6.8,274.0,23.6,21759,65767,0,32.0,22.9,26.9,33.5,22.9,27.7,20.2
Princes Town,2015-04-02,73.6,0.0,17.2,113.3,1014.4,40.8,6.9,269.8,23.3,21724,65766,0,32.0,23.8,27.2,34.9,23.8,28.6,21.7
Princes Town,2015-04-03,78.9,0.1016,16.1,99.5,1013.2,68.3,6.1,243.1,21.1,21690,65766,1,32.0,22.1,26.1,34.9,22.1,27.2,21.7
Princes Town,2015-04-04,79.5,0.508,16.1,103.8,1011.8,52.8,6.5,243.0,20.9,21655,65765,1,30.0,22.8,25.8,33.3,22.8,26.8,21.7
Princes Town,2015-04-05,72.8,0.0,18.3,104.4,1011.6,38.7,6.3,240.9,20.8,21621,65765,0,32.0,22.0,26.9,35.3,22.0,28.2,21.2
Princes Town,2015-04-06,69.4,0.0,17.2,108.5,1012.5,41.7,6.4,270.9,23.4,21587,65765,0,32.0,23.0,27.4,34.2,23.0,28.4,20.8
Princes Town,2015-04-07,72.9,0.2032,18.3,101.1,1012.8,47.5,5.9,236.5,20.4,21554,65765,1,32.2,23.0,27.0,35.2,23.0,28.0,21.2
Princes Town,2015-04-08,74.4,0.0,17.2,97.6,1012.7,48.2,6.7,236.4,20.5,21520,65765,0,32.7,22.8,27.1,35.9,22.8,28.5,21.7
Princes Town,2015-04-09,76.1,0.4064,17.2,102.0,1013.5,45.6,7.2,232.5,20.2,21487,65765,1,32.0,24.0,27.0,34.9,24.0,28.3,22.1
Princes Town,2015-04-10,74.8,0.0,18.3,103.3,1014.0,40.5,6.9,265.0,22.7,21455,65765,0,32.9,23.8,27.2,35.9,23.8,28.6,22.0
Princes Town,2015-04-11,73.7,0.0,19.7,100.9,1014.4,51.7,6.9,296.8,25.5,21422,65766,0,32.0,23.7,27.1,34.9,23.7,28.4,21.7
Princes Town,2015-04-12,75.7,0.0,18.3,93.2,1014.7,55.2,7.1,278.7,24.1,21390,65767,0,32.0,23.0,27.1,35.8,23.0,28.6,22.1
Princes Town,2015-04-13,79.6,0.9905999999999999,18.3,94.3,1015.3,61.9,6.8,234.9,20.3,21358,65768,1,30.6,24.0,26.5,34.6,24.0,27.9,22.6
Princes Town,2015-04-14,80.3,7.010400000000001,18.3,93.8,1014.9,48.2,6.5,265.8,23.0,21327,65769,1,31.2,24.0,26.8,34.6,24.0,28.2,22.9
Princes Town,2015-04-15,77.2,0.1016,21.9,92.5,1013.8,44.3,6.4,247.0,21.2,21296,65771,1,31.9,24.9,27.6,36.6,24.9,29.8,23.1
Princes Town,2015-04-16,74.7,0.7111999999999999,20.8,96.8,1013.6,42.7,5.9,261.8,22.5,21266,65773,1,32.0,25.0,27.9,35.8,25.0,29.7,22.7
Princes Town,2015-04-17,75.4,0.4064,20.8,84.6,1013.1,51.0,6.2,238.4,20.6,21236,65775,1,32.0,24.0,27.5,35.8,24.0,29.2,22.5
Princes Town,2015-04-18,79.0,2.5907999999999998,18.3,93.3,1013.9,65.8,6.5,239.1,20.7,21206,65778,1,31.0,24.2,27.2,35.1,24.2,28.7,22.9
Princes Town,2015-04-19,76.0,0.0,18.3,90.3,1013.3,42.2,5.6,245.1,21.1,21177,65780,0,31.1,21.9,27.3,35.2,21.9,28.7,22.4
Princes Town,2015-04-20,72.5,0.0,20.8,90.7,1013.4,46.2,6.3,247.4,21.4,21149,65783,0,32.0,24.7,27.6,34.9,24.7,28.9,21.9
Princes Town,2015-04-21,72.6,0.0,17.5,105.1,1013.3,34.1,6.3,277.6,24.0,21120,65787,0,32.0,23.0,27.2,34.9,23.0,28.3,21.3
Princes Town,2015-04-22,72.7,0.0,16.1,95.4,1012.9,36.8,6.5,280.4,24.3,21093,65791,0,33.0,22.9,27.2,35.3,22.9,28.2,21.3
Princes Town,2015-04-23,75.9,0.1016,15.1,108.4,1012.8,37.5,6.0,271.8,23.4,21066,65795,1,33.2,22.9,27.4,37.1,22.9,29.0,22.2
Princes Town,2015-04-24,74.1,0.0,18.3,105.3,1013.3,35.7,5.9,289.6,25.0,21040,65799,0,33.0,24.8,28.1,37.1,24.8,29.8,22.6
Princes Town,2015-04-25,76.1,0.3048,16.1,115.8,1013.6,49.2,6.4,263.8,22.8,21014,65804,1,33.0,24.9,27.8,37.1,24.9,29.8,22.9
Princes Town,2015-04-26,77.4,0.1016,17.2,108.3,1013.2,41.7,5.8,268.3,23.1,20989,65809,1,33.0,24.6,28.1,37.1,24.6,30.7,23.4
Princes Town,2015-04-27,72.3,0.0,16.1,111.7,1012.8,36.8,5.2,282.0,24.3,20964,65815,0,33.0,25.0,28.2,36.1,25.0,29.6,22.3
Princes Town,2015-04-28,72.4,0.0,18.3,109.8,1012.6,40.8,4.7,280.5,24.2,20940,65820,0,33.0,24.0,27.9,35.8,24.0,29.3,22.0
Princes Town,2015-04-29,71.4,0.0,13.9,117.4,1013.1,38.1,4.6,298.1,25.7,20917,65827,0,33.0,23.9,27.7,35.9,23.9,28.9,21.5
Princes Town,2015-04-30,70.5,0.0,17.2,109.0,1013.4,31.3,6.4,288.1,25.0,20894,65833,0,33.0,22.9,27.3,34.6,22.9,28.4,20.9
Princes Town,2015-05-01,70.6,0.0,16.1,107.1,1013.4,35.5,7.0,296.4,25.6,20872,65840,0,33.0,23.0,27.5,35.3,23.0,28.6,21.1
Princes Town,2015-05-02,71.2,0.0,16.1,111.9,1012.9,35.8,7.0,298.1,25.7,20851,65848,0,33.0,23.0,27.5,35.3,23.0,28.6,21.3
Princes Town,2015-05-03,71.5,0.0,20.8,100.6,1013.1,31.6,6.6,284.7,24.6,20830,65856,0,32.9,24.0,27.9,35.8,24.0,29.6,21.9
Princes Town,2015-05-04,66.0,0.0,19.7,91.0,1014.7,34.5,6.2,291.7,25.2,20811,65864,0,33.0,24.1,28.4,35.3,24.1,29.9,21.1
Princes Town,2015-05-05,65.0,0.0,19.7,85.9,1015.0,29.2,5.8,253.7,22.0,20791,65872,0,32.1,25.0,28.2,34.3,25.0,29.4,20.7
Princes Town,2015-05-06,68.1,0.0,21.9,100.0,1014.6,38.8,5.2,270.5,23.2,20773,65881,0,33.0,23.8,28.2,35.3,23.8,29.7,21.3
Princes Town,2015-05-07,66.5,0.0,19.7,103.7,1015.0,33.0,5.6,300.0,25.9,20755,65891,0,33.0,25.0,28.1,35.3,25.0,29.2,20.9
Princes Town,2015-05-08,66.3,0.0,21.9,103.9,1015.2,39.0,5.8,248.9,21.6,20738,65900,0,34.0,23.0,27.8,35.1,23.0,28.7,20.4
Princes Town,2015-05-09,68.5,0.0,18.3,99.1,1015.2,50.8,5.0,242.2,21.0,20722,65910,0,33.0,24.0,27.8,34.6,24.0,28.7,20.9
Princes Town,2015-05-10,70.8,0.2032,21.9,90.5,1014.4,50.5,5.9,259.5,22.4,20707,65921,1,32.2,24.8,27.9,35.3,24.8,30.0,21.9
Princes Town,2015-05-11,66.1,0.0,23.0,89.3,1014.2,58.9,6.1,297.3,25.6,20692,65932,0,33.0,26.0,28.7,34.9,26.0,30.6,21.4
Princes Town,2015-05-12,69.7,1.397,28.9,94.3,1014.0,44.3,5.9,254.6,22.1,20678,65943,1,32.8,24.7,28.1,34.9,24.7,29.7,21.7
Princes Town,2015-05-13,68.9,0.3048,20.8,97.0,1013.7,57.7,5.5,297.9,25.7,20665,65954,1,32.1,25.0,28.1,34.8,25.0,29.7,21.6
Princes Town,2015-05-14,65.6,0.0,21.9,95.8,1013.7,38.7,6.1,294.0,25.5,20653,65966,0,33.0,25.9,28.5,35.3,25.9,29.8,21.1
Princes Town,2015-05-15,69.6,0.2032,21.9,102.1,1013.6,43.3,6.1,262.6,22.7,20641,65979,1,33.2,24.7,27.9,34.6,24.7,29.1,21.4
Princes Town,2015-05-16,66.1,0.3048,18.3,94.2,1014.6,34.5,6.3,240.1,20.7,20631,65991,1,33.2,24.0,28.2,34.6,24.0,29.1,20.7
Princes Town,2015-05-17,68.5,0.3048,18.3,109.3,1014.5,43.5,6.9,260.6,22.5,20621,66004,1,33.0,25.0,28.6,36.1,25.0,30.5,21.8
Princes Town,2015-05-18,74.4,0.0,16.1,103.6,1014.1,51.9,6.4,198.2,17.0,20612,66017,0,33.0,25.0,28.2,37.1,25.0,30.6,22.9
Princes Town,2015-05-19,72.4,0.0,17.2,104.8,1013.6,47.2,6.9,254.4,22.1,20603,66031,0,34.0,24.6,28.5,37.8,24.6,30.6,22.6
Princes Town,2015-05-20,72.9,0.1016,17.2,101.5,1013.2,36.6,6.0,262.5,22.9,20596,66045,1,33.1,25.0,28.6,37.2,25.0,31.1,22.9
Princes Town,2015-05-21,72.9,0.1016,20.8,102.2,1013.7,64.5,6.0,285.7,24.6,20589,66059,1,33.0,25.0,28.4,37.1,25.0,30.9,22.8
Princes Town,2015-05-22,69.3,0.0,18.3,97.9,1015.1,69.8,4.5,256.3,22.1,20583,66073,0,33.0,26.0,28.7,36.1,26.0,31.3,22.3
Princes Town,2015-05-23,68.2,0.0,23.0,104.3,1015.2,47.2,5.9,251.3,21.6,20578,66088,0,34.0,26.8,29.1,36.6,28.9,32.2,22.4
Princes Town,2015-05-24,66.8,0.0,20.8,92.1,1014.3,40.2,6.0,278.4,23.9,20573,66103,0,32.1,25.2,28.4,34.2,25.2,29.8,21.3
Princes Town,2015-05-25,68.8,0.7874,18.3,105.9,1014.1,42.4,6.4,273.6,23.7,20570,66118,1,32.9,24.0,27.6,36.6,24.0,28.8,21.1
Princes Town,2015-05-26,65.9,0.0,17.2,100.5,1013.5,38.6,6.6,277.9,23.9,20567,66133,0,34.0,22.2,27.8,35.3,22.2,28.7,20.1
Princes Town,2015-05-27,74.5,0.0,17.2,103.4,1012.5,45.7,6.7,240.5,20.7,20565,66148,0,33.0,22.9,27.5,38.1,22.9,29.6,22.3
Princes Town,2015-05-28,82.9,7.899399999999999,18.3,111.7,1012.3,70.0,6.1,215.5,18.7,20564,66164,1,32.1,25.0,27.6,37.9,25.0,30.6,24.2
Princes Town,2015-05-29,79.8,2.2859999999999996,20.8,99.7,1012.0,49.6,6.2,149.9,13.1,20563,66180,1,31.1,25.2,27.7,36.6,25.2,30.2,23.8
Princes Town,2015-05-30,74.8,0.0,19.7,102.9,1012.3,61.5,6.4,247.0,21.4,20563,66196,0,32.0,25.9,28.2,35.8,25.9,30.6,23.1
Princes Town,2015-05-31,78.6,3.9878,20.8,100.4,1013.6,57.5,6.4,238.7,20.4,20564,66212,1,32.0,25.0,27.8,36.8,25.0,30.3,23.5
Princes Town,2015-06-01,73.7,0.4064,20.8,109.0,1014.4,52.8,6.8,230.0,19.8,20566,66228,1,32.0,25.8,27.9,35.8,25.8,29.9,22.7
Princes Town,2015-06-02,76.4,0.1016,16.1,116.6,1013.1,64.6,6.2,236.1,20.4,20568,66244,1,33.0,25.0,28.1,37.7,25.0,30.4,23.3
Princes Town,2015-06-03,71.6,0.508,17.2,95.0,1012.7,48.6,6.8,256.3,22.0,20571,66260,1,33.2,25.9,28.9,37.0,25.9,31.3,22.8
Princes Town,2015-06-04,84.1,7.010400000000001,15.0,100.2,1013.4,65.4,6.1,223.2,19.1,20575,66277,1,32.0,25.0,27.4,36.6,25.0,29.6,24.3
Princes Town,2015-06-05,78.7,7.289799999999999,15.0,98.1,1013.6,51.0,6.7,229.6,19.7,20580,66293,1,33.0,25.0,28.1,38.1,25.0,30.8,23.8
Princes Town,2015-06-06,83.0,2.0065999999999997,17.2,99.1,1013.0,61.4,5.7,244.6,21.2,20585,66309,1,33.0,25.0,27.7,39.3,25.0,30.2,24.4
Princes Town,2015-06-07,76.1,0.508,20.8,95.4,1013.7,45.7,6.3,283.1,24.4,20590,66325,1,32.1,25.0,28.2,36.7,25.0,30.6,23.3
Princes Town,2015-06-08,72.4,0.7111999999999999,18.3,100.5,1014.2,37.9,7.2,262.7,22.7,20597,66341,1,33.0,24.8,28.2,36.1,24.8,30.1,22.3
Princes Town,2015-06-09,68.5,0.1016,16.1,99.1,1012.9,31.2,7.4,252.2,21.8,20604,66357,1,33.0,24.0,28.0,35.8,24.0,29.2,21.2
Princes Town,2015-06-10,76.4,0.0,17.2,84.3,1013.1,53.2,7.6,208.8,17.9,20611,66373,0,32.0,23.0,26.8,34.9,23.0,28.2,22.0
Princes Town,2015-06-11,77.2,0.0,20.8,92.2,1013.9,61.2,5.9,266.6,22.8,20620,66389,0,32.0,24.7,27.8,35.8,24.7,30.0,23.1
Princes Town,2015-06-12,76.2,0.3048,18.3,89.2,1014.2,47.9,5.8,274.5,23.6,20628,66405,1,32.0,24.6,28.2,36.8,24.6,30.9,23.4
Princes Town,2015-06-13,76.8,1.0921999999999998,20.8,92.3,1013.7,58.7,5.9,255.2,22.0,20638,66420,1,31.2,25.0,28.0,36.0,25.0,30.4,23.4
Princes Town,2015-06-14,75.7,0.4064,23.0,85.1,1012.8,54.1,5.8,243.3,21.0,20647,66436,1,32.0,26.0,28.1,36.8,26.0,30.8,23.3
Princes Town,2015-06-15,90.8,50.3174,15.0,96.9,1013.7,70.4,5.6,68.1,5.8,20658,66451,1,27.7,24.9,25.8,31.7,24.9,26.2,24.2
Princes Town,2015-06-16,81.0,0.4064,19.7,93.2,1013.9,55.4,6.6,165.9,14.3,20668,66466,1,32.0,25.2,28.2,37.9,25.2,31.2,24.4
Princes Town,2015-06-17,74.8,0.7874,18.3,88.7,1013.8,49.0,4.9,237.1,20.5,20679,66480,1,32.0,26.0,28.4,36.8,26.0,31.4,23.3
Princes Town,2015-06-18,81.2,10.693399999999999,18.3,92.5,1013.8,56.1,5.4,188.2,16.3,20691,66494,1,31.8,25.8,28.1,37.8,25.8,31.4,24.4
Princes Town,2015-06-19,74.9,0.1016,19.7,92.5,1014.7,42.0,6.4,248.7,21.6,20703,66508,1,32.0,25.6,28.0,35.8,25.6,29.9,22.9
Princes Town,2015-06-20,77.8,0.7111999999999999,28.0,89.0,1014.7,50.5,7.7,237.9,20.6,20715,66522,1,31.0,24.6,27.5,36.6,24.6,29.4,23.1
Princes Town,2015-06-21,84.8,20.193,16.1,88.6,1014.8,74.2,7.4,224.4,19.3,20728,66535,1,28.1,24.3,26.1,31.9,24.3,27.3,23.3
Princes Town,2015-06-22,83.7,2.2097999999999995,16.1,107.4,1015.5,59.5,6.5,239.9,20.8,20741,66548,1,31.0,25.0,27.3,36.2,25.0,29.4,24.2
Princes Town,2015-06-23,89.9,20.2946,17.2,96.1,1016.4,71.7,5.1,172.8,15.0,20755,66560,1,30.0,24.0,26.1,36.2,24.0,27.2,24.2
Princes Town,2015-06-24,78.0,15.392399999999999,19.7,90.9,1016.6,55.5,5.6,265.0,23.1,20768,66572,1,31.0,25.0,27.7,35.5,25.0,29.8,23.3
Princes Town,2015-06-25,73.7,0.0,16.1,93.0,1016.3,33.0,5.7,283.2,24.4,20782,66583,0,32.0,24.8,27.9,35.8,24.8,29.7,22.6
Princes Town,2015-06-26,83.7,4.3942,16.1,106.1,1016.0,52.4,6.5,236.0,20.3,20797,66594,1,31.0,24.0,27.2,37.8,24.0,29.6,24.1
Princes Town,2015-06-27,83.3,15.011399999999998,18.3,87.9,1016.4,61.6,6.1,212.3,18.5,20811,66604,1,30.9,24.0,27.1,35.6,24.0,29.1,23.8
Princes Town,2015-06-28,83.4,7.594599999999999,18.3,103.3,1015.7,62.3,6.3,204.7,17.6,20826,66614,1,31.0,25.7,27.3,36.2,25.7,29.5,24.1
Princes Town,2015-06-29,75.6,3.2003999999999997,16.1,98.3,1014.9,47.5,6.6,218.6,18.9,20840,66624,1,31.1,25.0,27.3,33.7,25.0,28.7,22.4
Princes Town,2015-06-30,86.7,18.7198,17.2,97.2,1014.9,64.7,6.1,171.6,15.0,20855,66632,1,31.0,24.9,26.7,37.8,24.9,28.7,24.2
Princes Town,2015-07-01,74.1,0.2032,31.3,95.8,1014.9,44.7,6.9,249.3,21.5,20869,66640,1,32.1,25.0,27.8,35.8,25.0,29.7,22.6
Princes Town,2015-07-02,75.5,0.9905999999999999,16.1,100.4,1013.7,42.7,7.1,257.5,22.2,20885,66647,1,32.0,25.0,27.8,36.8,25.0,29.8,22.8
Princes Town,2015-07-03,78.4,2.8956,13.9,98.8,1013.7,39.2,6.3,247.5,21.3,20900,66654,1,32.2,25.0,27.8,36.9,25.0,29.9,23.4
Princes Town,2015-07-04,80.3,7.010400000000001,20.8,98.8,1013.1,64.9,5.9,252.6,21.9,20915,66660,1,32.0,24.9,27.5,35.8,24.9,29.4,23.5
Princes Town,2015-07-05,83.8,89.50959999999999,16.1,99.2,1013.4,61.2,5.5,165.3,14.2,20930,66666,1,31.2,23.7,26.6,35.5,23.7,28.1,23.4
Princes Town,2015-07-06,84.4,12.5222,20.8,98.7,1013.7,64.9,5.7,171.1,14.7,20946,66671,1,30.0,24.8,26.3,35.1,24.8,27.4,23.4
Princes Town,2015-07-07,81.5,18.415,17.2,99.7,1013.7,50.2,6.3,195.6,16.8,20961,66675,1,31.0,24.1,27.0,35.5,24.1,28.9,23.4
Princes Town,2015-07-08,75.0,0.3048,16.1,94.1,1013.7,48.8,6.7,217.0,18.6,20976,66678,1,31.8,25.7,27.8,35.5,25.7,29.7,22.8
Princes Town,2015-07-09,72.2,0.0,13.9,103.3,1013.3,34.0,7.1,226.0,19.5,20991,66681,0,33.0,24.8,28.3,37.5,24.8,30.2,22.4
Princes Town,2015-07-10,78.9,0.0,11.4,104.3,1014.1,42.8,7.3,229.4,19.9,21006,66683,0,32.0,24.0,27.3,37.9,24.0,29.6,23.2
Princes Town,2015-07-11,78.5,0.7111999999999999,16.1,106.4,1014.7,47.3,7.4,244.7,21.1,21021,66685,1,32.0,24.0,28.0,36.8,24.0,30.9,23.7
Princes Town,2015-07-12,79.6,0.4064,33.6,102.2,1014.2,48.4,6.8,193.8,16.8,21036,66685,1,32.1,24.8,27.7,35.9,24.8,29.8,23.6
Princes Town,2015-07-13,84.3,8.712200000000001,18.3,104.7,1013.6,50.5,6.4,227.3,19.6,21051,66685,1,30.8,24.0,26.7,35.3,24.0,28.4,23.7
Princes Town,2015-07-14,80.8,5.0038,17.2,105.2,1013.2,57.3,6.4,234.3,20.2,21065,66684,1,32.0,25.0,27.7,37.9,25.0,30.1,23.9
Princes Town,2015-07-15,74.0,2.6923999999999997,15.0,99.1,1013.3,37.0,6.4,253.4,21.8,21080,66682,1,32.0,24.0,27.8,35.8,24.0,29.7,22.5
Princes Town,2015-07-16,83.8,5.9944,11.4,110.4,1014.0,39.6,6.6,230.4,20.0,21094,66679,1,30.8,24.0,26.9,36.4,24.0,29.3,23.8
Princes Town,2015-07-17,77.3,5.9944,15.0,99.2,1014.4,51.2,6.4,239.6,20.6,21108,66676,1,32.0,24.3,27.4,36.7,24.3,29.0,22.7
Princes Town,2015-07-18,72.2,0.0,18.3,83.6,1014.1,52.5,7.0,206.6,17.8,21121,66672,0,32.0,24.0,27.6,35.8,24.0,29.1,21.8
Princes Town,2015-07-19,81.6,2.5146,17.2,105.8,1013.7,53.3,6.5,197.2,17.1,21135,66667,1,31.0,24.9,27.0,36.2,24.9,28.8,23.4
Princes Town,2015-07-20,84.1,18.9992,13.9,98.2,1013.3,52.6,6.2,167.1,14.7,21148,66661,1,32.0,24.0,27.4,38.4,24.0,29.9,24.2
Princes Town,2015-07-21,89.8,19.9898,9.2,100.7,1013.6,59.3,6.9,174.6,15.0,21161,66654,1,28.7,25.1,26.6,33.8,25.1,27.9,24.7
Princes Town,2015-07-22,77.6,9.7028,16.1,103.5,1014.7,41.0,6.9,200.9,17.3,21173,66646,1,33.0,25.0,28.7,39.3,25.0,31.8,24.1
Princes Town,2015-07-23,75.3,4.0893999999999995,16.1,100.1,1015.4,37.1,7.0,270.0,23.2,21186,66638,1,32.1,25.8,28.4,37.4,25.8,30.8,23.3
Princes Town,2015-07-24,73.8,0.1016,15.0,97.4,1015.7,31.9,7.1,269.6,23.3,21197,66629,1,33.0,24.0,28.2,37.1,24.0,30.4,22.7
Princes Town,2015-07-25,85.8,24.002999999999997,15.0,99.6,1014.6,47.8,6.7,207.1,18.0,21209,66619,1,30.0,24.0,26.2,33.6,24.0,27.5,23.4
Princes Town,2015-07-26,74.1,0.0,16.1,98.0,1014.2,30.4,7.1,274.3,23.8,21220,66608,0,32.0,24.0,27.9,35.8,24.0,29.7,22.5
Princes Town,2015-07-27,75.9,0.9905999999999999,17.2,100.6,1013.5,40.1,7.1,254.3,21.9,21231,66596,1,32.0,23.8,27.8,36.8,23.8,30.4,22.9
Princes Town,2015-07-28,75.2,0.508,17.2,97.1,1012.8,34.5,6.5,224.4,19.3,21241,66584,1,33.0,25.0,28.4,38.6,25.0,31.2,23.3
Princes Town,2015-07-29,75.6,0.3048,16.1,96.1,1012.9,33.5,6.5,266.9,23.0,21252,66570,1,33.0,23.9,27.8,37.8,23.9,30.3,22.8
Princes Town,2015-07-30,81.7,7.112,13.9,112.8,1013.7,44.7,6.8,186.2,15.9,21261,66556,1,33.0,25.0,28.0,39.3,25.0,30.7,24.3
Princes Town,2015-07-31,75.4,0.0,13.9,101.5,1013.8,41.0,7.1,245.1,21.1,21270,66541,0,33.8,25.0,28.5,38.1,25.0,31.1,23.4
Princes Town,2015-08-01,72.3,2.0065999999999997,15.0,95.4,1012.7,33.3,7.1,259.8,22.5,21279,66525,1,32.1,24.2,28.1,37.3,24.2,30.0,22.4
Princes Town,2015-08-02,74.6,0.0,16.1,110.1,1012.1,31.7,7.5,269.6,23.5,21288,66508,0,34.0,22.0,27.9,38.3,22.0,30.1,22.4
Princes Town,2015-08-03,77.7,7.112,16.1,108.2,1012.6,48.7,6.8,225.7,19.6,21296,66491,1,32.1,25.0,28.4,38.9,25.0,31.4,23.9
Princes Town,2015-08-04,78.6,0.9905999999999999,17.2,106.0,1013.7,41.0,7.4,245.1,21.2,21304,66473,1,33.8,25.8,28.5,40.6,25.8,31.8,24.2
Princes Town,2015-08-05,76.7,0.2032,13.9,108.9,1013.6,41.7,7.3,231.9,19.8,21311,66454,1,34.0,25.0,28.6,40.6,25.0,31.6,23.8
Princes Town,2015-08-06,79.1,1.6001999999999998,20.8,101.3,1012.5,52.6,7.2,231.9,20.1,21318,66434,1,34.0,25.0,28.0,39.4,25.0,30.7,23.8
Princes Town,2015-08-07,86.1,16.3068,16.1,81.0,1012.1,51.0,6.4,211.9,18.2,21324,66413,1,31.0,24.9,27.0,37.8,24.9,29.3,24.4
Princes Town,2015-08-08,89.4,16.002,16.1,109.3,1012.6,60.0,5.8,196.0,16.9,21330,66392,1,30.9,24.9,26.3,37.4,24.9,27.6,24.3
Princes Town,2015-08-09,81.5,6.8072,13.9,111.7,1012.3,41.9,7.2,224.2,19.2,21336,66370,1,33.0,24.0,27.8,39.3,24.0,30.4,24.0
Princes Town,2015-08-10,73.4,0.1016,15.0,111.5,1012.5,34.7,7.7,244.6,21.0,21341,66347,1,33.0,24.9,28.3,38.1,24.9,30.6,22.8
Princes Town,2015-08-11,76.4,0.0,15.0,122.8,1012.9,38.9,7.7,278.2,24.0,21346,66324,0,33.2,23.8,27.9,38.4,23.8,30.6,23.1
Princes Town,2015-08-12,77.5,0.0,13.9,98.9,1012.6,46.1,7.0,229.4,19.6,21350,66300,0,34.0,25.0,28.4,38.3,25.0,30.9,23.8
Princes Town,2015-08-13,75.2,0.0,16.1,98.2,1012.7,32.9,7.5,279.2,24.0,21354,66275,0,33.2,25.0,28.2,37.1,25.0,30.3,23.1
Princes Town,2015-08-14,79.1,0.4064,15.0,92.7,1013.3,45.2,7.2,199.7,17.2,21357,66249,1,34.0,24.0,27.9,40.8,24.0,30.8,23.7
Princes Town,2015-08-15,78.8,15.087599999999998,18.3,86.9,1013.2,53.3,6.7,229.7,19.6,21360,66223,1,33.0,25.0,28.3,38.8,25.0,31.2,24.1
Princes Town,2015-08-16,73.4,0.7111999999999999,16.1,97.2,1013.5,36.6,7.0,234.1,20.3,21363,66196,1,33.1,25.0,28.7,38.1,25.0,30.8,23.0
Princes Town,2015-08-17,73.4,0.0,16.1,90.9,1013.6,48.7,7.6,279.2,24.1,21365,66168,0,33.0,24.0,28.3,36.8,24.0,30.5,22.7
Princes Town,2015-08-18,72.2,0.0,16.1,94.8,1013.0,40.7,7.2,265.7,22.9,21367,66140,0,33.0,25.0,28.9,38.6,25.0,31.3,23.0
Princes Town,2015-08-19,84.8,38.099999999999994,13.9,100.5,1012.4,57.1,5.7,205.1,17.8,21369,66111,1,33.1,23.0,26.7,38.3,23.0,28.4,23.7
Princes Town,2015-08-20,90.5,47.498,13.9,104.8,1011.9,65.6,5.5,167.8,14.4,21370,66082,1,28.0,24.2,26.2,31.9,24.2,27.3,24.4
Princes Town,2015-08-21,80.7,0.0,13.9,101.9,1012.3,54.0,6.8,167.9,14.6,21371,66052,0,33.0,25.0,28.2,42.1,25.0,31.4,24.3
Princes Town,2015-08-22,73.3,0.508,12.8,106.6,1011.6,41.4,7.0,224.6,19.3,21371,66022,1,33.4,24.0,28.6,38.7,24.0,31.2,23.0
Princes Town,2015-08-23,82.8,0.1016,15.0,97.8,1011.0,58.4,6.7,224.4,19.5,21371,65990,1,32.0,25.0,27.7,38.9,25.0,30.9,24.3
Princes Town,2015-08-24,77.4,0.2032,10.3,110.9,1011.0,36.2,7.2,274.2,23.8,21371,65959,1,34.2,24.7,28.6,40.6,24.7,31.4,23.8
Princes Town,2015-08-25,74.6,0.0,11.4,100.8,1011.0,31.1,6.5,247.4,21.4,21371,65927,0,34.7,24.0,28.9,40.0,24.0,31.9,23.6
Princes Town,2015-08-26,76.9,0.0,11.4,116.1,1010.9,46.1,7.2,259.1,22.4,21370,65894,0,34.0,24.0,28.9,42.0,24.0,32.7,24.1
Princes Town,2015-08-27,75.8,0.0,12.8,124.7,1012.0,35.7,7.2,289.0,25.0,21368,65861,0,33.2,26.0,28.9,38.1,26.0,32.6,23.9
Princes Town,2015-08-28,75.2,0.0,12.8,106.1,1013.1,39.1,7.3,231.2,20.1,21367,65828,0,34.0,25.8,29.1,40.2,25.8,32.8,23.9
Princes Town,2015-08-29,80.3,34.0106,10.3,110.9,1012.6,45.2,7.2,253.2,21.9,21365,65794,1,33.0,24.9,28.2,39.3,24.9,31.4,24.2
Princes Town,2015-08-30,79.1,4.013199999999999,13.9,114.1,1013.1,42.7,7.3,220.5,19.1,21363,65759,1,34.0,25.0,28.7,40.6,25.0,32.2,24.5
Princes Town,2015-08-31,82.4,32.004,11.4,96.7,1014.0,36.6,7.5,239.8,20.6,21361,65725,1,33.0,25.0,28.2,40.6,25.0,31.8,24.7
Princes Town,2015-09-01,80.6,4.9784,13.9,108.0,1013.7,40.4,7.3,244.6,21.1,21358,65690,1,33.0,25.0,28.4,40.7,25.0,32.3,24.6
Princes Town,2015-09-02,76.7,0.9905999999999999,16.1,110.4,1013.7,39.6,6.5,238.6,20.6,21355,65654,1,34.0,25.2,29.1,42.0,25.2,32.8,24.3
Princes Town,2015-09-03,75.7,0.0,16.1,109.5,1012.9,37.7,6.5,230.3,19.9,21352,65618,0,34.0,25.0,29.1,39.4,25.0,32.8,24.1
Princes Town,2015-09-04,75.5,0.0,12.8,109.2,1013.1,35.0,6.7,259.2,22.4,21349,65582,0,33.2,24.9,28.6,38.1,24.9,31.4,23.5
Princes Town,2015-09-05,76.5,0.9905999999999999,15.0,110.6,1012.8,37.1,7.7,261.8,22.9,21346,65546,1,34.0,25.0,28.7,39.3,25.0,31.9,23.8
Princes Town,2015-09-06,77.5,0.0,15.0,115.1,1012.7,37.5,7.3,224.2,19.2,21342,65509,0,34.0,25.0,29.1,40.7,25.0,33.2,24.5
Princes Town,2015-09-07,87.4,8.001,13.9,90.8,1012.3,60.2,6.4,180.8,15.6,21338,65472,1,32.0,25.0,27.2,37.9,25.0,29.7,24.8
Princes Town,2015-09-08,79.4,0.508,16.1,105.5,1011.2,41.7,7.3,228.4,19.8,21335,65435,1,33.2,25.0,28.6,40.6,25.0,32.2,24.4
Princes Town,2015-09-09,88.3,8.001,11.4,107.9,1010.0,51.7,5.8,194.1,16.6,21331,65398,1,29.0,24.0,26.2,33.6,24.0,27.7,24.1
Princes Town,2015-09-10,81.3,0.889,10.3,107.3,1011.0,47.2,7.4,234.2,20.1,21326,65360,1,33.0,25.0,28.3,39.3,25.0,31.6,24.5
Princes Town,2015-09-11,72.9,0.0,10.3,123.8,1012.5,37.3,7.8,259.8,22.4,21322,65323,0,34.0,24.0,28.8,37.8,24.0,31.2,22.9
Princes Town,2015-09-12,78.0,0.9905999999999999,11.4,95.1,1013.0,52.2,7.7,197.2,17.0,21318,65285,1,33.2,24.9,27.8,39.2,24.9,29.9,23.3
Princes Town,2015-09-13,81.4,7.010400000000001,11.4,89.5,1013.0,49.2,7.1,229.0,19.8,21313,65247,1,33.0,24.8,28.0,40.7,24.8,31.3,24.3
Princes Town,2015-09-14,77.7,0.0,13.9,99.9,1012.5,41.6,7.3,233.0,20.1,21309,65209,0,34.0,25.0,29.0,40.6,25.0,32.8,24.4
Princes Town,2015-09-15,77.6,0.0,18.3,101.5,1013.1,47.5,7.3,199.4,17.3,21304,65170,0,34.0,26.0,29.2,40.7,26.0,33.7,24.6
Princes Town,2015-09-16,83.8,5.4102,16.1,95.3,1012.1,43.5,6.7,235.2,20.3,21300,65132,1,31.1,24.9,27.6,37.4,24.9,30.6,24.4
Princes Town,2015-09-17,84.9,14.985999999999999,11.4,105.3,1010.6,49.5,7.2,240.2,20.7,21295,65094,1,32.0,25.0,27.4,40.7,25.0,30.1,24.5
Princes Town,2015-09-18,87.9,8.2804,13.9,105.5,1011.0,55.6,6.6,219.0,19.1,21291,65056,1,29.0,24.8,26.2,33.6,24.8,27.4,23.9
Princes Town,2015-09-19,83.0,0.0,12.8,108.6,1011.5,56.2,7.4,228.0,19.8,21286,65017,0,32.7,23.0,27.2,40.3,23.0,30.3,23.9
Princes Town,2015-09-20,82.4,5.0038,8.1,96.0,1011.2,43.9,7.1,256.6,22.1,21282,64979,1,33.9,25.0,28.1,40.7,25.0,31.8,24.7
Princes Town,2015-09-21,77.3,0.0,11.4,109.3,1011.3,42.2,7.5,273.0,23.7,21278,64941,0,34.1,25.8,29.1,40.7,25.8,32.9,24.4
Princes Town,2015-09-22,76.3,0.1016,13.9,122.5,1011.0,30.2,7.3,265.0,23.0,21273,64903,1,34.0,25.0,28.9,40.6,25.0,32.3,23.9
Princes Town,2015-09-23,75.2,0.0,11.4,115.0,1010.6,34.3,7.3,276.7,23.9,21269,64865,0,34.0,25.0,28.9,39.4,25.0,32.0,23.7
Princes Town,2015-09-24,74.6,0.0,13.9,114.8,1011.3,36.4,7.5,246.4,21.3,21265,64827,0,34.1,24.0,28.8,42.0,24.0,31.8,23.4
Princes Town,2015-09-25,75.4,0.0,16.1,119.7,1012.1,38.2,7.7,284.1,24.6,21261,64789,0,33.0,25.0,28.9,38.1,25.0,32.1,23.8
Princes Town,2015-09-26,77.0,0.0,11.4,116.5,1012.0,34.7,7.0,257.5,22.4,21257,64752,0,34.0,25.0,28.7,40.6,25.0,31.7,23.9
Princes Town,2015-09-27,75.3,0.0,11.4,123.3,1012.8,27.8,7.1,282.8,24.4,21254,64714,0,34.0,24.0,28.7,39.9,24.0,31.3,23.4
Princes Town,2015-09-28,73.6,0.0,11.4,126.5,1011.3,31.0,7.3,279.8,24.2,21250,64677,0,34.0,23.0,28.3,38.3,23.0,30.5,22.7
Princes Town,2015-09-29,73.8,0.0,9.2,130.9,1009.7,41.7,7.8,282.9,24.4,21247,64640,0,35.0,24.0,28.4,40.6,24.0,30.7,22.7
Princes Town,2015-09-30,76.5,0.0,13.9,129.2,1008.8,48.8,7.7,243.2,21.1,21244,64603,0,34.0,24.7,28.5,39.4,24.7,31.7,23.7
Princes Town,2015-10-01,80.2,0.0,9.2,129.2,1008.4,43.1,7.4,144.8,12.5,21241,64567,0,33.1,25.9,28.2,38.2,25.9,31.4,24.3
Princes Town,2015-10-02,77.9,0.0,12.8,118.7,1009.7,47.0,7.0,268.5,23.2,21239,64531,0,33.0,25.9,28.6,39.3,25.9,31.7,24.1
Princes Town,2015-10-03,76.7,0.0,13.9,127.6,1011.0,41.2,6.8,258.3,22.5,21237,64495,0,34.0,25.0,28.9,40.6,25.0,32.4,24.1
Princes Town,2015-10-04,73.7,0.0,12.8,113.5,1011.9,36.9,6.8,284.2,24.7,21235,64459,0,34.0,25.0,29.3,38.9,25.0,32.6,23.6
Princes Town,2015-10-05,79.0,2.0065999999999997,13.9,110.1,1013.1,41.8,7.3,186.5,16.1,21233,64424,1,34.0,25.9,28.6,42.0,25.9,32.4,24.4
Princes Town,2015-10-06,85.2,15.087599999999998,25.3,100.0,1013.0,51.9,6.8,220.6,19.1,21232,64390,1,32.0,24.1,27.4,39.2,24.1,30.6,24.6
Princes Town,2015-10-07,76.9,0.0,13.9,120.5,1011.8,38.2,7.4,260.3,22.5,21231,64355,0,34.0,25.0,28.7,39.4,25.0,31.5,23.8
Princes Town,2015-10-08,86.3,16.9926,26.4,104.1,1012.1,55.1,6.5,204.1,17.7,21230,64322,1,33.0,24.0,26.4,39.3,24.0,27.8,23.8
Princes Town,2015-10-09,83.2,0.9143999999999999,17.2,112.4,1012.1,65.3,6.4,204.4,17.6,21230,64288,1,32.6,25.0,27.2,40.2,25.0,29.4,24.0
Princes Town,2015-10-10,85.2,4.2926,16.1,91.1,1011.5,48.9,6.3,213.2,18.4,21230,64255,1,31.0,24.8,27.4,37.8,24.8,29.9,24.6
Princes Town,2015-10-11,90.3,4.1148,13.9,98.4,1011.3,57.2,6.4,133.9,11.9,21231,64223,1,28.2,24.9,26.2,32.9,24.9,27.4,24.4
Princes Town,2015-10-12,79.6,0.0,21.9,89.6,1011.6,46.1,6.9,232.9,20.1,21232,64191,0,33.0,24.0,28.1,39.3,24.0,30.8,23.8
Princes Town,2015-10-13,87.2,2.5146,13.9,117.7,1011.7,47.7,6.3,166.7,14.3,21234,64160,1,31.0,25.0,27.1,37.8,25.0,29.8,24.7
Princes Town,2015-10-14,79.5,0.0,18.7,111.3,1012.4,41.5,7.2,249.0,21.3,21236,64129,0,32.2,25.0,28.3,37.9,25.0,31.2,24.1
Princes Town,2015-10-15,82.0,2.9972,12.8,109.2,1011.8,43.2,7.3,225.8,19.5,21238,64099,1,33.0,24.0,27.5,40.7,24.0,30.1,24.0
Princes Town,2015-10-16,78.3,0.0,12.8,113.6,1011.5,39.9,7.7,250.2,21.7,21241,64070,0,34.0,24.0,28.4,40.6,24.0,31.4,23.9
Princes Town,2015-10-17,76.0,0.0,12.8,110.4,1012.8,35.7,7.8,274.6,23.7,21245,64041,0,34.0,24.9,28.8,39.4,24.9,31.7,23.7
Princes Town,2015-10-18,76.6,0.0,12.8,106.3,1013.3,34.5,8.1,264.3,22.8,21249,64013,0,33.1,24.0,28.4,39.3,24.0,31.1,23.6
Princes Town,2015-10-19,76.4,0.0,12.8,101.0,1013.3,28.0,7.8,280.5,24.4,21253,63986,0,34.0,23.9,28.2,40.6,23.9,30.8,23.3
Princes Town,2015-10-20,76.1,0.0,15.0,90.0,1012.5,42.4,7.5,222.2,19.3,21258,63959,0,35.0,23.7,28.2,41.9,23.7,31.2,23.3
Princes Town,2015-10-21,78.7,0.889,11.4,75.8,1011.2,42.1,7.4,224.9,19.4,21264,63933,1,34.0,25.0,28.4,40.6,25.0,31.8,24.2
Princes Town,2015-10-22,85.9,0.508,11.4,107.6,1010.5,48.5,6.8,212.6,18.3,21270,63908,1,31.0,25.7,27.3,37.8,25.7,30.2,24.7
Princes Town,2015-10-23,76.4,0.0,12.8,109.5,1010.0,43.8,7.4,239.6,20.8,21277,63883,0,35.0,25.7,29.2,40.7,25.7,33.1,24.3
Princes Town,2015-10-24,75.3,0.0,15.0,120.8,1010.6,43.8,7.2,169.0,14.7,21284,63860,0,34.0,26.0,29.4,40.6,26.0,33.7,24.3
Princes Town,2015-10-25,81.6,24.002999999999997,15.0,103.0,1012.4,50.3,7.0,169.9,14.8,21292,63837,1,33.0,23.2,27.9,40.6,23.2,31.8,24.3
Princes Town,2015-10-26,78.5,0.0,11.4,117.7,1012.3,43.5,7.3,224.5,19.5,21301,63815,0,34.0,24.9,28.6,39.6,24.9,31.8,24.2
Princes Town,2015-10-27,86.2,18.9992,16.1,102.6,1012.6,53.4,6.2,202.6,17.3,21310,63794,1,32.9,24.0,27.0,40.3,24.0,29.1,24.3
Princes Town,2015-10-28,86.6,0.9905999999999999,15.0,104.7,1012.6,49.2,7.2,202.9,17.7,21320,63773,1,32.9,24.2,27.1,41.8,24.2,29.7,24.5
Princes Town,2015-10-29,79.9,0.0,11.4,113.1,1011.3,41.7,7.7,224.9,19.4,21331,63754,0,34.0,23.8,28.4,42.0,23.8,32.1,24.2
Princes Town,2015-10-30,87.2,7.010400000000001,11.4,99.7,1011.3,41.2,6.9,207.0,18.0,21342,63736,1,31.0,24.9,27.2,37.8,24.9,29.9,24.8
Princes Town,2015-10-31,85.4,11.0998,13.9,96.3,1011.0,44.0,7.1,208.2,18.2,21354,63718,1,33.0,24.0,27.4,40.6,24.0,30.0,24.6
Princes Town,2015-11-01,85.9,7.518399999999999,18.3,95.3,1010.3,52.1,6.5,188.4,16.3,21367,63701,1,32.0,25.0,27.2,37.9,25.0,29.3,24.4
Princes Town,2015-11-02,85.1,2.0065999999999997,12.8,104.1,1010.0,63.8,7.2,207.8,17.9,21380,63686,1,33.0,24.2,27.2,39.3,24.2,29.7,24.3
Princes Town,2015-11-03,84.6,0.7111999999999999,15.0,99.9,1010.6,50.5,7.4,197.0,17.0,21394,63671,1,32.0,24.0,27.1,38.6,24.0,29.3,24.1
Princes Town,2015-11-04,82.8,0.6096,23.0,97.9,1010.8,58.2,7.0,200.3,17.3,21409,63657,1,33.0,24.9,27.5,40.6,24.9,29.7,24.2
Princes Town,2015-11-05,91.6,24.409399999999998,16.1,105.0,1010.9,59.5,6.4,196.7,17.1,21424,63645,1,30.0,23.9,25.7,36.2,23.9,26.7,24.2
Princes Town,2015-11-06,82.7,2.4892,13.9,101.4,1011.8,52.1,7.6,120.3,10.3,21440,63633,1,33.0,24.0,27.6,40.6,24.0,30.4,24.2
Princes Town,2015-11-07,82.5,0.0,13.9,107.9,1012.2,39.4,7.4,236.9,20.5,21457,63622,0,34.0,24.0,28.1,42.0,24.0,31.4,24.5
Princes Town,2015-11-08,84.0,0.0,16.1,102.0,1012.0,49.7,6.6,189.8,16.4,21474,63613,0,33.0,25.0,28.2,40.6,25.0,31.4,24.9
Princes Town,2015-11-09,95.1,35.407599999999995,13.9,102.5,1013.0,53.0,6.7,94.7,8.1,21492,63604,1,29.2,24.0,25.3,34.6,24.0,25.9,24.5
Princes Town,2015-11-10,90.2,18.9992,18.3,99.1,1012.8,55.1,6.3,130.3,11.2,21511,63597,1,32.0,23.9,26.3,40.7,23.9,28.4,24.4
Princes Town,2015-11-11,90.5,11.379199999999999,13.9,105.3,1012.4,44.7,6.3,180.0,15.5,21530,63590,1,31.0,23.0,25.9,37.8,23.0,27.9,24.2
Princes Town,2015-11-12,84.4,0.4064,13.9,101.7,1011.6,39.1,7.0,211.0,18.2,21550,63585,1,32.0,23.0,26.9,38.5,23.0,28.9,23.7
Princes Town,2015-11-13,81.1,2.0065999999999997,18.3,104.1,1011.3,34.6,6.9,220.4,18.9,21571,63580,1,33.0,23.0,27.2,38.2,23.0,29.5,23.4
Princes Town,2015-11-14,82.8,0.3048,15.0,110.9,1012.5,41.7,7.3,223.8,19.3,21592,63577,1,32.1,23.8,27.2,38.1,23.8,29.5,23.8
Princes Town,2015-11-15,85.7,2.2097999999999995,15.0,108.7,1013.0,42.2,7.0,215.0,18.5,21614,63575,1,32.0,24.0,26.8,37.9,24.0,28.7,24.0
Princes Town,2015-11-16,88.0,13.0048,17.2,103.0,1011.8,51.0,6.3,217.9,18.8,21637,63574,1,31.0,24.0,26.7,37.8,24.0,29.0,24.4
Princes Town,2015-11-17,84.1,1.7018,12.8,110.4,1010.4,40.3,6.9,207.3,17.9,21660,63573,1,33.0,23.2,27.2,38.1,23.2,29.7,24.0
Princes Town,2015-11-18,84.2,2.413,16.1,104.1,1010.1,48.6,6.9,202.2,17.4,21684,63574,1,32.0,24.0,26.9,37.9,24.0,29.0,23.8
Princes Town,2015-11-19,83.6,0.4064,5.8,72.3,1010.2,42.2,7.3,219.0,18.9,21708,63576,1,32.0,22.9,26.4,37.9,22.9,28.3,23.2
Princes Town,2015-11-20,80.8,0.0,11.4,70.9,1009.2,54.9,6.9,188.9,16.3,21733,63580,0,33.0,23.0,27.0,38.1,23.0,29.1,23.2
Princes Town,2015-11-21,81.5,0.2032,13.9,111.3,1010.2,32.1,7.8,238.7,20.7,21759,63584,1,32.0,22.1,26.9,37.9,22.1,28.9,23.2
Princes Town,2015-11-22,84.4,0.0,15.0,107.3,1011.4,40.6,7.5,206.2,17.9,21785,63589,0,32.0,24.7,27.5,39.2,24.7,30.2,24.5
Princes Town,2015-11-23,88.7,6.400799999999999,18.3,101.3,1010.8,55.6,5.9,190.0,16.4,21812,63596,1,30.2,24.0,26.4,36.2,24.0,27.9,24.2
Princes Town,2015-11-24,86.6,17.8054,11.4,102.8,1010.4,52.2,6.5,191.2,16.7,21839,63603,1,32.0,24.0,26.9,37.9,24.0,29.2,24.2
Princes Town,2015-11-25,86.4,6.019799999999999,16.1,98.8,1011.4,54.5,6.1,188.6,16.4,21866,63611,1,32.0,24.0,26.7,39.2,24.0,28.8,24.1
Princes Town,2015-11-26,83.0,0.0,18.3,111.3,1011.6,36.1,6.8,215.7,18.6,21894,63621,0,32.0,23.0,27.1,37.9,23.0,29.5,23.7
Princes Town,2015-11-27,89.0,21.005799999999997,16.1,111.1,1011.2,52.7,6.2,179.5,15.4,21923,63631,1,31.0,24.0,26.7,37.8,24.0,28.7,24.6
Princes Town,2015-11-28,88.2,1.6001999999999998,18.3,114.5,1010.4,55.1,6.8,190.8,16.5,21952,63643,1,31.1,24.0,26.7,39.1,24.0,28.9,24.4
Princes Town,2015-11-29,82.8,0.0,16.1,113.9,1010.8,44.5,7.1,227.7,19.8,21981,63656,0,32.1,24.0,27.6,38.9,24.0,30.1,24.1
Princes Town,2015-11-30,82.7,0.0,11.4,118.6,1011.2,34.5,7.8,234.0,20.2,22011,63669,0,33.0,23.0,27.6,39.3,23.0,30.2,24.1
Princes Town,2015-12-01,83.9,0.508,17.2,107.9,1012.4,44.1,7.0,215.6,18.5,22041,63684,1,33.0,24.0,27.8,40.6,24.0,31.0,24.6
Princes Town,2015-12-02,89.8,26.796999999999997,16.1,103.3,1013.6,60.0,6.3,162.1,14.2,22071,63699,1,31.1,24.0,26.6,37.8,24.0,28.6,24.6
Princes Town,2015-12-03,83.1,0.3048,17.2,91.9,1013.9,39.4,7.2,185.0,15.8,22102,63715,1,33.0,23.8,27.8,39.3,23.8,30.8,24.3
Princes Town,2015-12-04,85.7,16.002,16.1,98.8,1014.3,47.9,5.4,181.4,15.9,22133,63733,1,31.1,24.9,27.0,39.1,24.9,29.0,24.3
Princes Town,2015-12-05,82.2,0.9905999999999999,23.0,87.1,1015.0,39.7,6.7,202.9,17.5,22164,63751,1,32.0,24.7,27.0,36.8,24.7,28.6,23.4
Princes Town,2015-12-06,82.6,4.3180000000000005,18.3,89.3,1013.9,48.6,6.6,186.7,16.1,22195,63770,1,32.0,23.0,26.6,36.3,23.0,28.2,23.1
Princes Town,2015-12-07,87.1,5.8166,13.9,115.8,1012.6,54.2,6.8,200.7,17.5,22226,63790,1,32.0,23.0,26.4,37.9,23.0,28.3,23.9
Princes Town,2015-12-08,88.6,5.1054,20.8,105.2,1013.3,47.6,6.1,197.5,17.0,22258,63811,1,30.9,24.0,26.5,36.6,24.0,28.4,24.3
Princes Town,2015-12-09,91.0,31.1912,13.9,97.3,1013.7,64.2,6.2,196.2,17.0,22290,63833,1,29.9,23.9,25.8,35.0,23.9,27.1,24.1
Princes Town,2015-12-10,82.4,0.0,12.8,103.3,1013.9,39.4,7.4,222.0,19.2,22321,63855,0,33.0,23.0,27.0,38.1,23.0,28.8,23.4
Princes Town,2015-12-11,81.9,0.0,16.1,99.9,1013.9,34.0,7.0,212.1,18.4,22353,63879,0,32.0,23.8,27.1,37.6,23.8,29.2,23.4
Princes Town,2015-12-12,82.9,0.0,16.1,108.1,1013.4,33.6,6.9,221.4,18.9,22385,63903,0,31.1,23.0,26.8,36.5,23.0,28.9,23.5
Princes Town,2015-12-13,89.0,6.1975999999999996,17.2,96.1,1012.8,67.5,6.3,162.3,14.2,22417,63927,1,31.0,23.8,25.8,36.6,23.8,26.9,23.7
Princes Town,2015-12-14,93.0,16.002,13.9,105.4,1012.1,71.2,6.7,184.1,15.9,22448,63953,1,30.0,24.0,25.9,35.6,24.0,27.3,24.6
Princes Town,2015-12-15,86.1,2.9972,16.1,100.4,1011.4,54.5,7.0,168.7,14.7,22480,63979,1,31.0,24.0,26.9,37.8,24.0,29.1,24.2
Princes Town,2015-12-16,85.6,0.0,16.1,110.3,1012.0,46.1,7.1,190.9,16.6,22511,64005,0,31.0,24.8,27.1,37.8,24.8,29.6,24.3
Princes Town,2015-12-17,87.2,2.1843999999999997,16.1,105.8,1012.5,43.8,7.2,182.4,15.6,22542,64033,1,30.9,24.8,26.6,36.6,24.8,28.3,24.2
Princes Town,2015-12-18,90.8,25.1968,19.7,104.7,1013.5,43.8,5.4,188.6,16.3,22573,64061,1,28.0,23.0,24.9,31.9,23.0,25.3,23.3
Princes Town,2015-12-19,86.1,1.9049999999999998,13.9,101.5,1014.3,50.0,6.7,196.4,17.0,22604,64089,1,32.0,22.2,26.1,37.9,22.2,27.7,23.4
Princes Town,2015-12-20,87.8,2.9972,13.9,99.9,1014.9,57.7,5.8,204.0,17.7,22635,64118,1,30.0,24.0,25.9,35.1,24.0,26.9,23.6
Princes Town,2015-12-21,81.1,0.9905999999999999,18.3,105.9,1014.1,45.2,6.9,212.8,18.3,22665,64147,1,31.0,23.8,26.7,35.5,23.8,28.4,23.0
Princes Town,2015-12-22,85.3,0.889,16.1,108.5,1013.0,52.6,6.6,215.4,18.5,22695,64177,1,30.1,22.2,26.0,35.1,22.2,27.7,23.2
Princes Town,2015-12-23,79.7,5.0038,18.3,97.7,1013.4,33.5,7.1,232.3,20.2,22724,64207,1,32.0,23.0,26.5,36.8,23.0,27.9,22.5
Princes Town,2015-12-24,80.5,0.1016,17.2,102.0,1014.2,35.9,7.0,204.2,17.7,22753,64238,1,31.0,22.7,26.0,35.5,22.7,27.3,22.1
Princes Town,2015-12-25,90.8,9.194799999999999,18.3,98.7,1014.7,47.6,6.6,188.7,16.4,22782,64269,1,28.0,22.7,24.9,32.6,22.7,25.8,23.2
Princes Town,2015-12-26,82.5,2.8956,16.1,98.4,1013.4,41.4,7.4,219.0,18.9,22810,64300,1,30.1,22.0,25.8,33.4,22.0,26.8,22.3
Princes Town,2015-12-27,96.0,25.0952,15.0,93.7,1012.3,75.7,4.6,190.7,16.6,22838,64332,1,28.0,22.8,23.8,32.7,22.8,24.0,23.1
Princes Town,2015-12-28,85.1,12.496799999999999,16.1,97.6,1013.1,55.4,7.0,188.5,16.3,22865,64364,1,31.0,22.9,26.2,35.5,22.9,27.5,23.2
Princes Town,2015-12-29,87.6,0.6096,18.3,99.8,1015.8,61.7,6.5,179.9,15.6,22891,64396,1,30.0,23.0,26.3,36.2,23.0,27.8,23.9
Princes Town,2015-12-30,85.1,5.9944,17.2,105.4,1016.1,45.1,6.4,210.6,18.4,22917,64428,1,30.1,23.8,26.2,35.1,23.8,27.6,23.3
Princes Town,2015-12-31,85.3,3.9878,16.1,101.1,1014.7,35.5,6.8,215.1,18.7,22943,64460,1,29.0,23.0,25.6,33.6,23.0,26.9,22.8
Princes Town,2016-01-01,92.2,7.594599999999999,17.2,100.3,1013.7,45.4,6.2,188.2,16.3,22967,64493,1,28.0,22.0,24.7,32.3,22.0,25.4,23.3
Princes Town,2016-01-02,85.5,2.9972,20.8,95.2,1013.6,35.2,7.2,192.1,16.4,22991,64525,1,29.1,23.0,25.8,32.8,23.0,27.0,22.9
Princes Town,2016-01-03,85.6,0.0,18.3,90.1,1013.6,47.6,6.9,217.1,18.9,23015,64558,0,30.0,22.8,25.8,33.8,22.8,27.1,23.0
Princes Town,2016-01-04,90.1,3.4036,23.0,110.2,1013.2,66.2,5.6,201.7,17.5,23037,64590,1,30.1,23.0,25.6,35.4,23.0,27.1,23.7
Princes Town,2016-01-05,84.0,0.3048,13.9,97.5,1014.4,47.1,7.0,214.4,18.6,23059,64622,1,31.0,22.9,26.2,35.5,22.9,27.6,23.0
Princes Town,2016-01-06,85.9,2.9972,15.0,112.8,1014.6,55.1,6.6,212.6,18.4,23080,64655,1,29.0,23.0,25.4,32.8,23.0,26.3,22.7
Princes Town,2016-01-07,82.9,0.0,18.3,100.9,1013.8,49.8,6.5,217.6,18.9,23100,64687,0,31.0,22.8,26.0,35.5,22.8,27.4,22.7
Princes Town,2016-01-08,85.9,0.0,12.8,110.4,1012.6,40.5,6.1,204.7,17.7,23119,64719,0,31.0,23.0,26.1,36.6,23.0,27.7,23.4
Princes Town,2016-01-09,81.9,0.508,13.9,113.9,1012.1,42.2,6.8,199.2,17.1,23138,64751,1,31.0,24.0,26.5,35.5,24.0,27.9,22.9
Princes Town,2016-01-10,81.5,0.0,13.9,98.2,1012.8,35.0,7.5,213.1,18.4,23156,64783,0,32.0,23.0,26.3,36.8,23.0,27.8,22.6
Princes Town,2016-01-11,81.9,0.3048,13.9,104.0,1013.8,41.2,7.5,214.0,18.5,23172,64815,1,31.7,21.8,25.8,35.7,21.8,27.2,22.2
Princes Town,2016-01-12,78.3,0.0,13.9,103.2,1013.6,45.8,8.4,221.1,19.1,23188,64846,0,31.3,21.0,25.7,35.1,21.0,26.9,21.3
Princes Town,2016-01-13,78.0,0.0,8.1,104.1,1013.4,37.5,8.0,251.5,21.8,23203,64877,0,33.0,20.9,25.6,36.1,20.9,26.8,21.1
Princes Town,2016-01-14,82.8,0.2032,13.9,78.1,1013.5,58.9,7.0,213.9,18.5,23217,64908,1,31.0,20.7,24.9,33.9,20.7,25.8,21.6
Princes Town,2016-01-15,75.5,0.0,11.4,93.5,1012.9,57.8,8.2,217.5,18.9,23230,64939,0,32.0,22.8,26.4,35.3,22.8,27.4,21.4
Princes Town,2016-01-16,78.0,0.0,15.0,93.6,1012.6,37.7,7.9,213.4,18.5,23242,64969,0,31.8,21.0,25.6,34.7,21.0,26.7,21.1
Princes Town,2016-01-17,78.6,0.0,13.9,125.3,1012.9,38.7,7.3,214.1,18.7,23253,64999,0,32.0,20.9,25.8,35.8,20.9,27.2,21.4
Princes Town,2016-01-18,79.4,2.1082,16.1,101.8,1012.7,46.0,7.2,187.9,16.2,23263,65028,1,31.1,23.1,26.2,34.8,23.1,27.3,22.0
Princes Town,2016-01-19,79.2,0.0,13.9,95.6,1013.5,32.5,8.3,219.3,19.1,23272,65057,0,32.1,21.0,25.9,34.9,21.0,27.1,21.6
Princes Town,2016-01-20,78.3,0.2032,17.2,95.4,1013.4,45.3,7.6,225.2,19.5,23280,65085,1,32.0,22.9,26.2,34.9,22.9,27.3,21.7
Princes Town,2016-01-21,81.6,0.0,16.1,102.7,1013.4,52.6,6.6,225.1,19.3,23287,65113,0,31.2,22.0,26.1,35.5,22.0,27.3,22.3
Princes Town,2016-01-22,77.4,0.2032,16.1,100.3,1014.4,44.1,7.0,243.2,21.1,23293,65141,1,31.0,23.0,26.1,33.1,23.0,26.8,21.4
Princes Town,2016-01-23,80.9,1.1176,15.0,111.9,1014.6,65.2,7.1,189.7,16.4,23298,65168,1,30.0,23.0,25.6,33.8,23.0,26.7,21.9
Princes Town,2016-01-24,77.2,0.0,16.1,121.1,1014.0,29.6,7.6,219.3,18.8,23302,65194,0,32.0,22.0,26.1,34.9,22.0,27.2,21.4
Princes Town,2016-01-25,78.3,0.0,13.9,104.6,1015.8,31.5,6.8,218.9,19.0,23305,65220,0,32.0,22.0,26.4,35.8,22.0,27.9,22.0
Princes Town,2016-01-26,76.6,0.0,20.8,93.4,1015.6,34.1,6.4,205.2,17.9,23307,65246,0,32.0,24.0,26.6,34.9,24.0,27.9,21.9
Princes Town,2016-01-27,72.3,0.1016,18.3,97.2,1015.3,40.1,6.7,236.8,20.4,23307,65271,1,31.0,24.0,26.6,33.7,24.0,27.4,20.8
Princes Town,2016-01-28,79.6,1.016,18.3,97.9,1014.6,49.4,6.6,199.2,17.0,23307,65295,1,30.0,22.9,25.8,33.3,22.9,26.9,21.8
Princes Town,2016-01-29,75.5,0.0,16.1,111.0,1013.7,30.1,6.7,226.6,19.4,23306,65318,0,31.1,23.0,26.2,33.8,23.0,27.3,21.2
Princes Town,2016-01-30,73.9,0.0,16.1,105.0,1014.0,40.3,6.9,232.7,20.0,23304,65342,0,32.0,23.0,26.3,34.9,23.0,27.4,21.0
Princes Town,2016-01-31,75.0,0.508,16.1,99.7,1014.3,45.1,6.1,235.3,20.3,23300,65364,1,32.0,23.0,26.5,33.7,23.0,27.4,21.3
Princes Town,2016-02-01,75.7,0.0,17.2,96.2,1013.9,26.1,6.2,224.8,19.3,23296,65386,0,32.0,23.0,26.6,35.4,23.0,27.7,21.5
Princes Town,2016-02-02,75.5,0.0,15.0,98.5,1013.2,23.8,6.7,235.7,20.5,23291,65407,0,33.0,22.0,26.5,36.1,22.0,27.6,21.3
Princes Town,2016-02-03,76.4,0.0,13.9,102.2,1012.5,31.9,6.8,218.8,18.9,23284,65428,0,33.3,21.0,26.4,37.8,21.0,27.7,21.4
Princes Town,2016-02-04,81.3,6.1975999999999996,13.9,86.0,1011.9,32.2,6.1,240.9,20.8,23277,65448,1,31.0,21.3,25.6,34.6,21.3,26.9,21.9
Princes Town,2016-02-05,90.3,12.2936,15.0,90.8,1014.1,79.2,5.6,166.1,14.3,23268,65467,1,26.0,23.2,24.9,26.0,23.2,24.9,23.2
Princes Town,2016-02-06,78.0,0.7111999999999999,20.8,99.4,1015.4,48.8,5.9,224.6,19.5,23259,65485,1,31.2,24.0,27.1,34.6,24.0,28.5,22.7
Princes Town,2016-02-07,79.7,0.9905999999999999,17.2,104.1,1014.5,38.7,6.3,239.4,20.6,23248,65503,1,31.1,23.6,26.4,35.5,23.6,27.8,22.4
Princes Town,2016-02-08,78.3,0.0,16.1,107.7,1014.6,33.8,6.0,260.8,22.4,23237,65521,0,32.0,22.9,26.3,36.8,22.9,27.5,21.9
Princes Town,2016-02-09,78.4,0.1016,17.2,91.1,1015.2,52.0,6.8,227.3,19.6,23225,65538,1,32.0,23.9,26.7,34.9,23.9,28.2,22.3
Princes Town,2016-02-10,75.6,0.0,16.1,89.6,1015.5,28.0,7.3,270.4,23.5,23211,65554,0,32.2,23.0,26.9,35.8,23.0,28.3,21.9
Princes Town,2016-02-11,78.2,0.2032,18.3,96.1,1015.3,38.8,6.2,224.0,19.3,23197,65569,1,31.0,24.8,27.0,35.5,24.8,28.6,22.7
Princes Town,2016-02-12,77.7,0.1016,20.8,92.0,1015.2,42.0,6.0,230.5,20.1,23182,65584,1,31.0,23.1,26.5,34.6,23.1,27.8,22.1
Princes Town,2016-02-13,76.1,0.2032,17.2,103.5,1014.1,32.1,6.0,236.8,20.7,23166,65598,1,31.2,23.0,26.4,33.9,23.0,27.3,21.4
Princes Town,2016-02-14,76.0,0.0,16.1,109.8,1012.7,33.7,6.7,269.8,23.3,23149,65612,0,31.0,22.7,26.1,33.1,22.7,26.9,21.1
Princes Town,2016-02-15,77.0,0.0,15.0,112.2,1012.5,33.2,6.6,268.6,23.2,23131,65624,0,32.0,22.0,26.6,35.8,22.0,27.8,21.8
Princes Town,2016-02-16,78.8,0.0,18.3,106.9,1012.0,47.3,6.0,232.7,20.2,23113,65637,0,31.0,24.9,27.2,35.5,24.9,29.1,23.1
Princes Town,2016-02-17,75.9,0.0,23.0,97.8,1013.1,39.4,6.9,243.8,20.9,23093,65648,0,33.0,24.0,27.4,36.1,24.0,29.0,22.5
Princes Town,2016-02-18,76.2,0.4064,18.3,113.1,1013.4,45.6,6.8,241.1,20.9,23073,65659,1,31.9,23.0,27.0,34.8,23.0,28.2,21.9
Princes Town,2016-02-19,77.0,0.0,16.1,105.4,1013.1,43.6,6.8,266.9,23.1,23052,65670,0,33.0,23.0,26.9,36.1,23.0,28.2,22.1
Princes Town,2016-02-20,74.8,0.0,18.3,91.6,1012.1,48.5,7.2,269.3,23.2,23030,65680,0,33.0,22.9,26.9,36.1,22.9,28.1,21.6
Princes Town,2016-02-21,74.9,0.0,16.1,98.8,1011.1,39.8,6.7,282.6,24.4,23008,65689,0,33.0,21.0,26.2,34.6,21.0,27.1,20.7
Princes Town,2016-02-22,74.7,0.1016,16.1,100.6,1011.2,42.2,7.3,246.0,21.3,22984,65698,1,32.2,22.0,26.6,35.1,22.0,27.6,21.3
Princes Town,2016-02-23,75.1,0.0,17.2,102.8,1013.1,44.8,6.9,257.7,22.3,22960,65706,0,32.0,23.7,27.1,34.9,23.7,28.3,21.9
Princes Town,2016-02-24,79.3,1.397,18.3,102.1,1013.9,54.5,6.8,214.1,18.5,22935,65714,1,32.1,24.0,27.1,35.8,24.0,28.7,22.8
Princes Town,2016-02-25,75.6,0.0,19.7,107.7,1013.5,42.7,6.9,247.8,21.4,22910,65721,0,32.0,23.8,27.2,35.8,23.8,28.6,22.1
Princes Town,2016-02-26,76.0,0.508,18.3,106.3,1013.5,45.2,7.3,235.4,20.3,22884,65728,1,31.1,21.9,25.9,33.2,21.9,26.9,21.1
Princes Town,2016-02-27,75.6,0.0,15.0,114.4,1013.3,37.7,7.4,253.9,21.8,22857,65734,0,33.0,22.0,26.6,36.1,22.0,27.9,21.5
Princes Town,2016-02-28,75.6,0.2032,18.3,107.5,1013.1,39.1,5.9,257.0,22.2,22830,65740,1,33.0,24.0,27.4,37.1,24.0,29.2,22.4
Princes Town,2016-02-29,75.4,0.0,15.0,105.6,1013.4,44.9,6.3,253.0,21.8,22802,65745,0,32.2,24.9,27.7,35.8,24.9,29.3,22.6
Princes Town,2016-03-01,75.2,0.0,17.2,99.8,1013.6,46.3,5.5,268.3,23.1,22773,65750,0,33.0,22.9,27.4,37.1,22.9,28.8,22.2
Princes Town,2016-03-02,74.3,0.0,13.9,95.8,1013.8,54.0,5.6,250.3,21.6,22744,65754,0,33.2,23.8,27.3,36.5,23.8,28.7,21.9
Princes Town,2016-03-03,73.4,0.0,15.0,102.5,1012.6,38.1,6.6,270.2,23.5,22714,65758,0,33.1,22.8,27.2,36.1,22.8,28.4,21.4
Princes Town,2016-03-04,75.2,0.1016,16.1,101.7,1012.7,37.0,6.6,268.3,23.0,22684,65761,1,32.9,22.7,26.9,35.3,22.7,28.3,21.8
Princes Town,2016-03-05,71.6,0.0,12.8,99.6,1012.8,23.2,6.8,288.4,25.0,22654,65765,0,33.0,22.0,27.0,35.3,22.0,27.8,20.8
Princes Town,2016-03-06,83.3,2.0065999999999997,16.1,87.5,1013.6,57.1,6.3,208.6,18.0,22623,65767,1,30.2,22.2,25.7,34.3,22.2,26.9,22.5
Princes Town,2016-03-07,78.7,0.508,16.1,104.5,1013.4,56.8,6.5,232.9,20.0,22591,65770,1,32.1,23.0,26.8,35.1,23.0,28.2,22.5
Princes Town,2016-03-08,71.2,0.0,13.9,98.3,1013.4,44.3,7.3,254.5,22.0,22559,65772,0,34.0,22.7,27.6,36.3,22.7,28.8,21.3
Princes Town,2016-03-09,72.4,0.0,15.0,99.6,1013.5,32.4,7.3,262.5,22.7,22527,65774,0,34.0,21.0,27.1,37.3,21.0,28.4,21.2
Princes Town,2016-03-10,80.7,0.0,13.9,80.8,1013.9,61.9,5.6,205.8,17.9,22494,65775,0,32.0,21.7,25.4,35.8,21.7,26.5,21.6
Princes Town,2016-03-11,73.8,5.0038,16.1,9.7,1013.8,63.1,6.8,174.0,15.1,22462,65776,1,34.0,22.0,26.8,36.5,22.0,27.9,21.1
Princes Town,2016-03-12,69.1,0.0,9.2,73.2,1013.9,44.2,7.4,243.8,21.2,22428,65777,0,34.0,22.0,26.9,34.1,22.0,27.3,19.9
Princes Town,2016-03-13,77.4,0.2032,15.0,100.0,1013.6,51.0,7.3,242.4,20.9,22395,65778,1,33.0,22.0,27.3,38.1,22.0,29.3,22.6
Princes Town,2016-03-14,75.7,0.0,12.8,109.3,1013.9,45.6,7.3,282.0,24.2,22361,65778,0,34.0,23.9,28.2,39.4,23.9,30.4,23.1
Princes Town,2016-03-15,74.1,0.0,13.9,105.0,1013.5,42.0,7.2,257.5,22.3,22327,65778,0,34.1,23.8,27.9,37.6,23.8,29.6,22.4
Princes Town,2016-03-16,71.9,0.0,13.9,119.0,1013.0,34.9,7.7,281.7,24.3,22292,65778,0,34.0,24.0,27.8,37.3,24.0,28.9,21.7
Princes Town,2016-03-17,70.3,0.0,17.2,109.0,1013.0,35.9,8.4,280.9,24.3,22258,65778,0,33.1,23.9,27.9,35.8,23.9,29.3,21.5
Princes Town,2016-03-18,71.8,0.0,16.1,102.5,1013.3,46.6,7.1,266.5,23.1,22223,65778,0,32.2,24.0,27.6,35.8,24.0,29.0,21.7
Princes Town,2016-03-19,71.2,0.0,18.3,103.2,1013.5,45.2,6.7,275.3,23.8,22188,65777,0,34.0,23.9,28.1,35.8,23.9,29.7,21.8
Princes Town,2016-03-20,75.4,0.0,15.0,106.7,1013.8,40.0,7.2,269.8,23.2,22153,65777,0,33.0,23.9,27.8,37.1,23.9,29.6,22.6
Princes Town,2016-03-21,73.3,0.0,19.7,103.8,1014.5,43.4,7.1,278.8,24.2,22118,65776,0,33.2,24.7,28.3,37.4,24.7,30.4,22.7
Princes Town,2016-03-22,73.1,0.0,16.1,107.3,1015.1,55.0,6.7,266.8,23.1,22083,65775,0,33.0,25.0,28.0,37.1,25.0,29.6,22.4
Princes Town,2016-03-23,70.9,0.1016,21.9,93.1,1015.1,42.4,7.1,278.8,24.0,22048,65774,1,34.0,24.1,28.2,37.3,24.1,29.8,21.9
Princes Town,2016-03-24,71.7,0.0,18.3,98.4,1014.5,32.2,6.9,272.3,23.5,22013,65773,0,33.1,23.8,27.4,35.4,23.8,28.7,21.4
Princes Town,2016-03-25,65.8,0.0,17.2,97.3,1014.0,26.2,7.0,294.1,25.4,21978,65772,0,33.2,23.2,27.6,35.4,23.2,28.3,20.0
Princes Town,2016-03-26,66.1,0.0,18.3,95.3,1015.3,31.0,6.8,273.2,23.6,21942,65771,0,33.1,23.0,27.6,34.5,23.0,28.5,20.2
Princes Town,2016-03-27,67.6,0.0,17.2,100.1,1014.9,33.6,7.3,266.8,23.0,21907,65771,0,33.2,23.0,27.9,35.4,23.0,29.0,20.9
Princes Town,2016-03-28,68.3,0.0,17.2,96.5,1014.4,34.5,7.3,265.0,22.9,21872,65770,0,34.0,24.0,28.1,37.3,24.0,29.3,21.2
Princes Town,2016-03-29,72.4,0.1016,17.2,108.7,1014.1,34.4,7.1,262.8,22.6,21837,65769,1,34.0,23.0,27.7,37.3,23.0,29.1,21.8
Princes Town,2016-03-30,73.9,0.1016,16.1,102.3,1013.9,34.1,7.1,246.4,21.4,21802,65768,1,33.0,24.0,27.9,37.1,24.0,29.7,22.4
Princes Town,2016-03-31,76.4,0.0,18.3,105.1,1014.5,53.5,6.8,200.9,17.4,21767,65767,0,31.0,25.8,28.1,35.5,25.8,30.8,23.4
Princes Town,2016-04-01,85.9,7.391399999999999,21.9,100.6,1014.4,58.3,5.5,219.9,18.9,21732,65766,1,30.6,25.0,26.7,36.9,25.0,28.4,24.1
Princes Town,2016-04-02,76.8,24.409399999999998,19.7,90.7,1013.2,45.7,6.8,255.2,22.0,21698,65765,1,32.0,24.0,27.4,35.8,24.0,29.1,22.6
Princes Town,2016-04-03,73.3,0.2032,18.3,102.1,1013.4,39.1,7.2,270.7,23.4,21663,65765,1,34.0,23.9,27.8,37.3,23.9,29.3,22.1
Princes Town,2016-04-04,73.2,0.1016,17.2,91.2,1014.0,41.0,7.4,265.7,23.1,21629,65764,1,33.0,24.0,27.8,36.8,24.0,29.6,22.2
Princes Town,2016-04-05,73.9,0.0,18.3,90.8,1013.7,37.9,7.7,237.0,20.5,21595,65764,0,33.0,23.8,27.9,37.1,23.8,29.9,22.6
Princes Town,2016-04-06,80.1,0.508,18.3,99.6,1012.7,78.3,7.0,243.2,21.0,21561,65764,1,33.0,25.0,27.3,37.1,25.0,28.8,23.3
Princes Town,2016-04-07,74.6,0.1016,17.2,99.3,1012.4,39.2,7.1,271.0,23.4,21528,65764,1,33.1,24.9,28.1,37.1,24.9,29.9,22.7
Princes Town,2016-04-08,72.1,0.0,17.2,98.8,1012.1,40.3,7.9,267.7,23.1,21495,65764,0,34.0,25.0,28.3,37.3,25.0,30.0,22.3
Princes Town,2016-04-09,70.7,0.1016,18.3,98.1,1011.6,43.4,8.0,247.9,21.2,21462,65765,1,34.0,24.0,28.1,37.3,24.0,29.6,21.8
Princes Town,2016-04-10,68.8,0.0,18.3,93.3,1012.2,38.2,7.9,261.3,22.7,21429,65765,0,34.0,24.0,28.1,36.5,24.0,29.4,21.3
Princes Town,2016-04-11,71.6,0.1016,15.0,95.3,1011.8,60.4,7.7,238.4,20.6,21397,65766,1,34.0,23.0,27.3,37.3,23.0,28.8,21.4
Princes Town,2016-04-12,69.9,0.1016,15.0,94.5,1011.8,40.8,7.6,251.3,21.7,21365,65767,1,35.0,22.0,27.9,37.7,22.0,29.2,21.2
Princes Town,2016-04-13,70.6,0.0,23.0,105.0,1011.8,47.3,7.9,280.9,24.4,21334,65768,0,35.0,24.0,28.3,38.6,24.0,29.9,21.9
Princes Town,2016-04-14,72.7,0.0,10.3,114.9,1011.6,55.6,6.6,233.4,20.2,21303,65770,0,35.0,23.9,28.4,39.6,23.9,30.3,22.6
Princes Town,2016-04-15,74.4,0.1016,16.1,100.8,1011.1,51.0,7.6,252.6,21.8,21273,65772,1,34.0,23.0,28.2,39.4,23.0,30.9,22.8
Princes Town,2016-04-16,76.2,0.2032,12.8,106.8,1011.0,52.6,7.1,251.1,21.6,21242,65774,1,35.0,26.0,29.1,40.7,26.0,32.5,24.1
Princes Town,2016-04-17,74.8,0.0,15.0,107.2,1012.2,57.0,7.2,275.2,23.9,21213,65776,0,34.0,25.0,28.8,38.3,25.0,31.8,23.6
Princes Town,2016-04-18,72.9,0.0,13.9,112.2,1012.0,44.6,7.2,289.8,25.0,21184,65779,0,34.9,25.7,29.1,39.4,25.7,31.8,23.3
Princes Town,2016-04-19,71.2,0.0,15.0,106.4,1011.3,48.7,6.8,281.4,24.4,21155,65782,0,34.0,25.8,29.2,39.4,25.8,32.0,23.1
Princes Town,2016-04-20,74.0,0.0,15.0,109.7,1010.9,51.6,6.9,221.6,19.2,21127,65785,0,35.0,25.8,29.2,40.7,25.8,32.4,23.7
Princes Town,2016-04-21,73.6,0.0,13.9,103.8,1011.8,45.2,7.0,204.1,17.8,21099,65789,0,35.0,26.0,29.4,40.7,26.0,33.1,23.8
Princes Town,2016-04-22,88.5,5.9944,11.4,92.5,1013.3,58.3,6.2,203.1,17.6,21072,65793,1,28.0,25.0,26.9,32.7,25.0,29.5,24.8
Princes Town,2016-04-23,76.9,0.2032,20.8,95.6,1012.1,54.7,6.7,255.8,22.0,21046,65797,1,33.0,25.2,28.6,39.3,25.2,32.1,23.9
Princes Town,2016-04-24,73.0,0.0,17.2,110.2,1011.5,52.2,6.7,296.6,25.6,21020,65802,0,34.0,25.0,28.6,37.3,25.0,30.6,22.9
Princes Town,2016-04-25,72.7,0.0,18.3,92.6,1010.5,68.7,7.3,285.5,24.6,20994,65807,0,34.0,24.4,28.6,38.3,24.4,31.3,22.9
Princes Town,2016-04-26,81.3,2.1082,16.1,101.8,1009.9,61.0,7.5,268.6,23.2,20970,65813,1,32.0,25.8,27.9,39.2,25.8,30.5,24.2
Princes Town,2016-04-27,85.7,3.8861999999999997,16.1,106.1,1010.9,57.6,7.0,236.3,20.4,20945,65818,1,31.9,24.6,27.4,40.1,24.6,30.8,24.7
Princes Town,2016-04-28,80.6,0.889,17.2,98.0,1011.6,59.0,6.5,236.8,20.4,20922,65825,1,33.0,26.0,28.5,39.3,26.0,32.0,24.6
Princes Town,2016-04-29,80.5,3.9878,15.0,89.1,1011.8,59.0,6.3,162.7,14.1,20899,65831,1,31.0,26.0,28.1,39.1,26.0,31.8,24.3
Princes Town,2016-04-30,82.4,0.508,11.4,111.9,1011.8,57.2,6.5,74.2,6.5,20877,65838,1,31.0,25.0,27.6,36.6,25.0,30.2,24.2
Princes Town,2016-05-01,89.6,73.6092,17.2,104.4,1013.2,73.8,5.6,78.8,6.8,20856,65845,1,27.0,22.0,25.2,30.6,22.0,25.8,23.3
Princes Town,2016-05-02,87.7,9.9822,16.1,88.4,1014.2,73.2,6.6,124.3,10.6,20835,65853,1,30.2,23.0,26.1,35.4,23.0,27.3,23.7
Princes Town,2016-05-03,77.6,18.4912,13.9,95.9,1014.3,58.3,7.3,199.9,17.1,20815,65861,1,32.0,24.0,27.6,35.5,24.0,29.4,22.9
Princes Town,2016-05-04,79.6,0.0,17.2,116.4,1013.2,45.6,6.9,273.1,23.6,20796,65870,0,32.0,24.0,27.4,37.9,24.0,29.6,23.4
Princes Town,2016-05-05,74.6,0.0,16.1,101.0,1012.8,51.2,8.0,283.7,24.6,20777,65879,0,33.0,24.9,28.1,37.1,24.9,30.1,22.8
Princes Town,2016-05-06,78.1,0.0,16.1,105.4,1012.5,41.7,7.7,257.8,22.1,20759,65888,0,34.0,23.0,28.1,39.4,23.0,30.9,23.6
Princes Town,2016-05-07,88.7,8.991599999999998,18.3,107.2,1012.9,50.5,6.6,202.1,17.4,20742,65897,1,32.0,24.0,26.6,36.8,24.0,28.3,24.4
Princes Town,2016-05-08,81.6,0.2032,15.0,100.5,1012.6,32.4,6.9,249.6,21.6,20726,65907,1,33.0,24.6,27.8,39.3,24.6,30.6,24.1
Princes Town,2016-05-09,80.1,0.889,18.3,96.1,1012.9,47.7,6.5,245.8,21.3,20710,65918,1,32.8,24.0,27.4,38.0,24.0,29.4,23.4
Princes Town,2016-05-10,76.8,0.4064,17.2,92.7,1013.0,53.2,7.9,243.5,21.1,20695,65929,1,31.8,25.0,27.9,37.5,25.0,30.8,23.3
Princes Town,2016-05-11,75.7,0.2032,16.1,92.6,1013.6,66.2,7.5,251.5,21.6,20681,65940,1,33.0,24.8,28.2,38.1,24.8,30.8,23.3
Princes Town,2016-05-12,76.6,0.0,18.3,100.5,1013.6,62.0,7.0,227.2,19.5,20668,65951,0,33.0,25.0,28.6,39.3,25.0,31.7,23.8
Princes Town,2016-05-13,76.2,0.1016,13.9,110.7,1013.6,53.5,7.8,278.0,24.2,20655,65963,1,34.0,24.9,28.9,40.6,24.9,32.2,23.9
Princes Town,2016-05-14,88.4,0.4064,13.9,106.4,1013.8,53.6,6.8,214.0,18.5,20644,65975,1,30.0,24.8,27.0,36.2,24.8,29.2,24.8
Princes Town,2016-05-15,83.0,31.292799999999996,18.3,103.3,1014.6,62.8,6.5,188.6,16.2,20633,65988,1,32.0,24.0,27.4,36.8,24.0,29.8,24.0
Princes Town,2016-05-16,76.0,0.7111999999999999,18.3,105.1,1014.6,37.5,7.8,264.5,22.9,20623,66000,1,33.0,25.7,28.4,38.8,25.7,31.0,23.5
Princes Town,2016-05-17,81.5,0.9905999999999999,23.0,104.0,1014.2,60.8,6.7,233.2,20.3,20613,66014,1,31.0,25.0,28.1,37.8,25.0,31.6,24.5
Princes Town,2016-05-18,80.4,1.2953999999999999,20.8,96.7,1013.9,57.5,7.6,252.8,21.9,20605,66027,1,32.1,24.0,27.4,36.2,24.0,29.6,23.5
Princes Town,2016-05-19,78.0,0.0,19.7,88.6,1014.2,51.7,7.4,275.8,23.8,20597,66041,0,32.0,23.8,27.9,36.8,23.8,30.4,23.4
Princes Town,2016-05-20,78.5,0.2032,18.3,98.8,1014.4,50.3,6.8,205.5,17.7,20590,66055,1,32.0,26.0,28.1,37.9,26.0,31.2,23.8
Princes Town,2016-05-21,87.6,3.175,13.9,100.4,1014.4,58.8,6.2,154.9,13.3,20584,66069,1,30.0,25.2,27.0,35.1,25.2,29.4,24.7
Princes Town,2016-05-22,89.3,5.08,13.9,105.4,1013.6,61.4,6.3,208.1,17.9,20579,66084,1,28.2,25.0,26.6,33.6,25.0,28.6,24.7
Princes Town,2016-05-23,82.6,1.4986,18.3,108.6,1014.9,53.0,6.5,246.0,21.3,20574,66098,1,31.2,25.2,27.9,37.8,25.2,31.1,24.6
Princes Town,2016-05-24,75.1,0.0,20.8,96.8,1016.1,39.8,6.6,280.2,24.1,20570,66113,0,32.0,25.2,28.2,36.8,25.2,30.7,23.2
Princes Town,2016-05-25,73.5,0.0,13.9,91.7,1014.9,41.1,7.2,240.9,20.8,20567,66129,0,33.0,22.9,27.5,37.1,22.9,29.2,21.9
Princes Town,2016-05-26,76.3,0.0,17.2,95.7,1013.1,49.8,7.7,185.2,16.0,20565,66144,0,33.0,23.0,27.7,38.1,23.0,30.2,22.9
Princes Town,2016-05-27,78.8,1.1938,18.3,97.1,1012.3,52.6,8.5,237.7,20.4,20564,66160,1,34.0,25.0,28.7,42.0,25.0,32.4,24.4
Princes Town,2016-05-28,82.2,0.3048,16.1,106.8,1013.7,56.1,7.3,213.3,18.5,20563,66175,1,32.1,25.7,28.2,39.0,25.7,32.0,24.7
Princes Town,2016-05-29,85.2,27.609799999999996,18.3,94.8,1013.8,55.9,6.8,212.1,18.3,20563,66191,1,33.0,24.0,27.4,39.3,24.0,29.8,24.4
Princes Town,2016-05-30,81.9,10.693399999999999,16.1,98.5,1012.7,60.5,7.3,219.9,18.9,20564,66207,1,32.0,24.9,27.7,37.6,24.9,30.4,24.1
Princes Town,2016-05-31,82.7,5.5118,20.8,91.7,1011.7,56.7,6.8,207.9,18.0,20565,66223,1,32.0,25.8,27.8,37.9,25.8,30.6,24.4
Princes Town,2016-06-01,93.4,50.3174,18.3,108.5,1013.5,57.9,5.9,198.9,17.1,20567,66240,1,28.0,24.0,25.4,33.6,24.0,26.0,24.3
Princes Town,2016-06-02,83.8,4.9022,18.3,94.2,1014.0,54.1,5.8,262.3,22.7,20570,66256,1,32.2,24.0,27.6,38.0,24.0,30.3,24.3
Princes Town,2016-06-03,83.9,8.7884,17.2,98.6,1013.2,49.5,6.6,251.6,21.6,20574,66272,1,32.0,25.0,27.6,37.9,25.0,30.2,24.4
Princes Town,2016-06-04,77.3,0.0,18.3,97.6,1012.9,30.5,7.1,286.4,24.6,20578,66288,0,33.0,24.0,28.2,39.3,24.0,30.9,23.6
Princes Town,2016-06-05,82.2,0.508,16.1,103.3,1012.6,50.4,7.0,252.6,21.7,20583,66305,1,32.0,24.8,27.8,39.9,24.8,30.4,24.3
Princes Town,2016-06-06,88.8,13.9954,19.7,100.9,1014.3,69.4,6.3,147.3,12.7,20589,66321,1,29.0,24.0,25.9,32.8,24.0,26.9,23.8
Princes Town,2016-06-07,88.4,8.001,16.1,105.1,1014.3,52.0,7.3,208.6,17.9,20595,66337,1,31.2,24.0,26.9,38.0,24.0,29.3,24.7
Princes Town,2016-06-08,85.5,10.388599999999999,16.1,112.4,1015.8,50.6,6.6,227.9,19.8,20602,66353,1,32.0,24.9,27.4,39.2,24.9,30.3,24.7
Princes Town,2016-06-09,79.5,0.508,17.2,106.1,1015.9,38.0,6.7,264.8,23.0,20609,66369,1,33.0,25.0,28.3,39.3,25.0,30.9,24.1
Princes Town,2016-06-10,80.2,2.1082,16.1,104.2,1016.2,42.3,6.8,249.7,21.7,20617,66385,1,32.0,23.8,27.6,37.9,23.8,30.1,23.7
Princes Town,2016-06-11,88.4,2.0065999999999997,13.9,95.2,1017.0,56.8,6.9,177.6,15.3,20626,66401,1,31.0,24.6,26.1,35.5,24.6,27.2,23.9
Princes Town,2016-06-12,86.6,3.5052000000000003,11.4,111.2,1017.0,59.1,7.6,192.2,16.6,20635,66416,1,30.0,23.9,26.8,35.9,23.9,28.8,24.2
Princes Town,2016-06-13,80.1,0.0,20.8,95.8,1016.4,55.1,7.4,248.9,21.5,20644,66432,0,32.0,24.9,27.8,36.8,24.9,29.9,23.7
Princes Town,2016-06-14,78.4,0.0,17.2,105.9,1017.0,45.5,6.9,247.3,21.3,20655,66447,0,33.0,24.8,28.1,39.3,24.8,30.7,23.7
Princes Town,2016-06-15,74.4,0.0,16.1,104.4,1017.6,32.9,7.9,291.4,25.1,20665,66462,0,33.0,24.0,27.8,36.1,24.0,29.4,22.4
Princes Town,2016-06-16,79.1,0.2032,16.1,104.1,1016.1,46.3,7.8,235.4,20.4,20676,66476,1,32.8,24.0,27.6,37.9,24.0,29.7,23.3
Princes Town,2016-06-17,76.3,0.0,18.3,101.5,1014.8,42.3,7.5,280.3,24.2,20688,66490,0,33.0,24.4,28.0,37.1,24.4,29.9,23.0
Princes Town,2016-06-18,82.6,2.5146,12.8,104.0,1013.9,59.3,7.3,246.9,21.4,20700,66504,1,31.7,23.8,27.2,37.6,23.8,29.6,23.8
Princes Town,2016-06-19,93.1,32.9946,12.8,113.5,1013.8,55.4,5.8,173.0,15.0,20712,66518,1,28.0,24.0,25.6,32.7,24.0,26.7,24.3
Princes Town,2016-06-20,92.8,30.784799999999997,11.4,104.5,1014.6,55.7,6.5,160.0,13.8,20725,66531,1,30.0,24.8,25.9,36.2,24.8,27.0,24.6
Princes Town,2016-06-21,80.6,7.010400000000001,15.0,109.0,1014.3,48.6,6.0,236.9,20.4,20738,66544,1,33.0,24.8,27.9,38.1,24.8,30.6,24.0
Princes Town,2016-06-22,84.4,10.0076,17.2,99.9,1015.5,52.1,6.4,202.7,17.5,20751,66556,1,30.0,23.9,26.6,35.1,23.9,28.2,23.7
Princes Town,2016-06-23,86.9,8.991599999999998,17.2,104.0,1015.1,49.5,6.5,199.5,17.2,20765,66568,1,32.1,24.0,26.4,39.0,24.0,28.2,24.0
Princes Town,2016-06-24,87.8,14.808199999999998,17.2,104.6,1013.9,57.8,5.9,202.0,17.4,20779,66580,1,31.2,24.4,27.0,37.9,24.4,29.8,24.7
Princes Town,2016-06-25,83.0,2.9972,16.1,97.3,1013.6,50.8,6.5,206.5,17.9,20793,66591,1,31.8,24.3,27.5,37.8,24.3,29.9,24.2
Princes Town,2016-06-26,78.7,0.508,13.9,96.0,1014.3,40.2,7.2,231.9,19.8,20807,66602,1,33.0,19.9,27.7,38.1,19.9,29.6,23.3
Princes Town,2016-06-27,80.8,0.508,18.3,84.6,1014.4,42.4,6.9,250.3,21.5,20822,66612,1,32.2,24.0,27.4,35.8,24.0,29.3,23.4
Princes Town,2016-06-28,91.6,21.996399999999998,11.4,91.2,1014.7,58.9,6.5,177.7,15.4,20836,66621,1,29.0,24.0,25.7,33.6,24.0,26.3,24.1
Princes Town,2016-06-29,86.8,8.991599999999998,20.8,102.5,1014.5,49.4,6.5,209.5,18.1,20851,66630,1,30.0,23.9,26.6,36.2,23.9,28.9,24.1
Princes Town,2016-06-30,79.8,0.2032,17.2,102.1,1014.5,36.0,6.8,260.7,22.5,20866,66638,1,33.0,22.9,27.3,38.1,22.9,29.5,23.2
Princes Town,2016-07-01,77.4,0.0,12.8,108.5,1014.4,45.8,7.2,259.3,22.5,20882,66646,0,34.0,23.2,28.0,38.3,23.2,30.3,23.3
Princes Town,2016-07-02,79.8,0.7874,20.8,96.5,1014.8,42.8,7.1,234.6,20.3,20897,66653,1,32.0,25.0,28.0,39.2,25.0,30.9,23.9
Princes Town,2016-07-03,75.4,0.0,17.2,94.7,1014.9,41.9,7.1,242.7,21.0,20912,66659,0,32.0,23.9,28.1,36.8,23.9,30.4,23.1
Princes Town,2016-07-04,85.5,3.9878,16.1,99.8,1015.0,61.5,6.1,217.7,18.9,20927,66665,1,32.0,24.8,27.6,39.2,24.8,30.6,24.8
Princes Town,2016-07-05,86.6,6.7056,20.8,95.0,1014.4,58.0,6.7,176.9,15.2,20943,66670,1,31.3,25.0,27.2,37.4,25.0,29.8,24.6
Princes Town,2016-07-06,81.8,3.9878,18.3,90.8,1014.7,45.0,6.7,195.2,17.0,20958,66675,1,32.0,25.2,28.4,39.3,25.2,32.4,24.8
Princes Town,2016-07-07,78.3,0.0,13.9,110.7,1014.9,47.8,7.4,230.5,19.9,20973,66678,0,34.0,25.0,28.7,42.0,25.0,31.7,24.1
Princes Town,2016-07-08,77.3,0.0,16.1,102.6,1015.5,37.2,7.3,254.2,21.9,20988,66681,0,34.0,23.9,28.4,40.6,23.9,31.7,23.8
Princes Town,2016-07-09,81.0,0.0,16.1,97.4,1015.3,42.1,7.0,224.5,19.4,21003,66683,0,33.1,24.0,27.8,38.6,24.0,30.3,23.9
Princes Town,2016-07-10,88.7,21.59,16.1,105.2,1014.7,61.9,6.9,219.0,18.9,21018,66685,1,32.0,24.0,27.2,39.2,24.0,30.6,25.1
Princes Town,2016-07-11,79.6,1.4986,24.2,86.0,1013.6,43.2,6.6,271.4,23.4,21033,66686,1,33.2,25.0,28.5,40.6,25.0,31.2,24.3
Princes Town,2016-07-12,78.4,0.9905999999999999,16.1,100.5,1012.6,37.3,7.1,263.2,22.8,21048,66686,1,33.0,24.0,28.3,38.1,24.0,30.6,23.7
Princes Town,2016-07-13,93.7,10.998199999999999,15.0,100.3,1013.3,60.3,6.7,0.0,0.0,21063,66685,1,30.0,24.0,25.7,37.4,24.0,26.6,24.6
Princes Town,2016-07-14,96.6,101.19359999999999,8.1,98.5,1013.0,64.1,5.7,181.0,15.8,21077,66683,1,28.0,23.8,25.2,33.6,23.8,25.8,24.6
Princes Town,2016-07-15,91.9,18.008599999999998,21.9,92.2,1011.9,54.7,6.4,137.9,11.8,21091,66681,1,32.0,23.2,25.7,39.2,23.2,27.3,24.2
Princes Town,2016-07-16,85.3,10.795,15.0,103.7,1013.0,41.7,7.0,238.9,20.3,21105,66677,1,32.2,23.9,27.3,39.7,23.9,30.3,24.4
Princes Town,2016-07-17,74.6,0.0,16.1,98.8,1014.2,24.5,7.7,258.9,22.3,21119,66673,0,33.7,23.9,27.9,38.1,23.9,29.5,22.4
Princes Town,2016-07-18,78.2,0.0,11.4,117.1,1013.2,31.0,8.2,268.8,23.4,21132,66668,0,33.0,22.9,27.1,38.1,22.9,29.1,22.7
Princes Town,2016-07-19,79.3,0.0,17.2,95.1,1013.8,32.0,7.9,243.8,21.0,21145,66663,0,33.8,22.9,27.8,38.8,22.9,30.3,23.4
Princes Town,2016-07-20,77.7,0.0,13.9,113.1,1014.2,31.6,7.2,260.0,22.4,21158,66656,0,34.0,24.0,28.6,39.4,24.0,31.2,23.8
Princes Town,2016-07-21,79.2,0.2032,13.9,103.4,1013.9,41.0,7.4,241.1,20.9,21171,66649,1,34.0,24.9,28.7,40.6,24.9,32.1,24.4
Princes Town,2016-07-22,76.9,5.9944,16.1,74.1,1013.7,38.5,7.1,210.3,18.1,21183,66641,1,34.0,25.1,28.5,40.6,25.1,31.1,23.7
Princes Town,2016-07-23,79.2,0.2032,15.0,112.9,1012.8,35.3,7.6,249.0,21.4,21195,66632,1,33.3,23.0,27.8,39.3,23.0,30.3,23.4
Princes Town,2016-07-24,75.6,0.0,17.2,99.6,1013.0,33.5,7.1,207.4,17.8,21207,66622,0,33.0,24.0,28.3,38.1,24.0,30.7,23.2
Princes Town,2016-07-25,78.2,0.2032,11.4,98.3,1012.9,42.1,7.4,221.7,19.3,21218,66611,1,34.0,23.8,28.1,38.3,23.8,30.3,23.5
Princes Town,2016-07-26,79.5,0.6096,17.2,101.2,1012.6,45.7,7.1,219.4,18.8,21229,66600,1,33.3,24.7,28.0,38.2,24.7,30.7,23.8
Princes Town,2016-07-27,81.3,2.0065999999999997,13.9,90.9,1013.1,48.4,7.5,209.4,18.0,21239,66587,1,33.7,25.0,27.8,40.1,25.0,30.5,24.1
Princes Town,2016-07-28,76.6,0.3048,16.1,88.0,1012.9,52.1,7.3,246.9,21.3,21250,66574,1,34.1,24.0,28.6,39.5,24.0,31.4,23.7
Princes Town,2016-07-29,80.1,0.9905999999999999,16.1,97.1,1012.2,45.3,7.5,210.1,18.1,21259,66560,1,33.0,24.0,27.9,39.3,24.0,30.7,23.9
Princes Town,2016-07-30,83.1,5.9944,13.9,299.5,1011.2,45.5,6.9,248.3,21.5,21269,66545,1,35.0,24.0,27.6,41.9,24.0,29.8,24.1
Princes Town,2016-07-31,86.8,21.5138,15.0,111.7,1011.9,45.7,6.7,241.6,20.8,21278,66530,1,32.9,23.9,27.0,41.6,23.9,29.5,24.4
Princes Town,2016-08-01,77.8,0.1016,18.3,101.1,1012.5,43.2,7.3,229.1,19.8,21286,66513,1,33.8,24.0,28.8,40.6,24.0,32.4,24.2
Princes Town,2016-08-02,78.3,2.2097999999999995,17.2,103.5,1013.3,35.1,7.0,258.4,22.4,21295,66496,1,33.0,24.0,28.6,40.6,24.0,31.9,24.1
Princes Town,2016-08-03,82.1,14.604999999999999,17.2,100.9,1013.3,44.2,6.9,181.2,15.7,21302,66478,1,32.1,25.0,28.0,39.2,25.0,30.9,24.4
Princes Town,2016-08-04,86.5,4.9784,15.0,337.3,1012.9,64.1,7.0,218.6,18.8,21310,66459,1,32.7,24.0,27.3,40.7,24.0,30.1,24.7
Princes Town,2016-08-05,84.5,4.495799999999999,12.8,107.2,1012.7,58.5,7.3,241.2,20.7,21317,66439,1,33.1,24.0,27.7,39.3,24.0,31.2,24.7
Princes Town,2016-08-06,83.5,43.6118,15.0,293.3,1014.7,57.4,6.3,229.4,19.8,21323,66419,1,33.0,23.0,27.8,42.1,23.0,31.3,24.6
Princes Town,2016-08-07,79.5,0.0,13.9,110.9,1014.6,47.7,7.3,256.5,22.0,21329,66398,0,34.0,24.0,28.5,43.6,24.0,31.7,24.2
Princes Town,2016-08-08,82.5,13.182599999999999,18.3,105.2,1013.1,58.4,7.1,256.8,22.1,21335,66376,1,34.0,24.2,28.1,42.0,24.2,32.1,24.7
Princes Town,2016-08-09,84.1,13.5128,15.0,101.3,1013.9,44.1,6.6,223.3,19.2,21340,66353,1,33.1,23.9,27.8,40.7,23.9,30.9,24.7
Princes Town,2016-08-10,86.7,16.1036,16.1,100.1,1014.4,53.0,5.9,222.1,19.3,21345,66330,1,31.0,24.0,26.8,37.8,24.0,28.6,24.2
Princes Town,2016-08-11,88.5,26.0096,13.9,105.5,1013.4,47.7,6.5,220.3,19.0,21349,66306,1,30.0,24.0,26.6,38.8,24.0,29.1,24.4
Princes Town,2016-08-12,84.3,5.0038,12.8,105.8,1012.5,48.9,7.3,236.4,20.4,21353,66281,1,33.1,24.0,27.5,40.7,24.0,30.4,24.4
Princes Town,2016-08-13,76.8,2.0065999999999997,18.3,94.9,1013.2,31.7,7.0,245.3,21.3,21357,66256,1,33.2,23.9,28.0,39.3,23.9,30.3,23.1
Princes Town,2016-08-14,90.7,9.4996,20.8,112.8,1012.6,55.0,6.6,179.4,15.3,21360,66230,1,30.0,23.0,25.8,36.2,23.0,27.2,24.1
Princes Town,2016-08-15,80.7,0.9905999999999999,18.3,98.1,1013.0,48.5,6.9,191.3,16.5,21363,66203,1,33.1,24.9,27.9,39.3,24.9,30.4,23.9
Princes Town,2016-08-16,77.2,0.0,19.7,112.1,1013.3,43.6,7.0,259.7,22.5,21365,66176,0,33.8,23.9,28.1,39.3,23.9,30.8,23.4
Princes Town,2016-08-17,84.4,3.6067999999999993,16.1,102.9,1013.3,48.9,7.0,252.9,21.7,21367,66148,1,34.1,23.9,27.4,42.2,23.9,30.2,24.3
Princes Town,2016-08-18,80.6,0.4064,18.3,97.3,1012.8,37.4,7.5,237.1,20.6,21369,66119,1,33.0,24.9,28.3,40.6,24.9,31.3,24.3
Princes Town,2016-08-19,80.1,2.9972,13.9,100.9,1012.6,46.7,7.3,225.7,19.5,21370,66090,1,34.0,25.0,28.5,40.6,25.0,32.0,24.4
Princes Town,2016-08-20,77.3,1.6001999999999998,16.1,103.4,1012.1,38.9,7.3,230.8,20.0,21371,66060,1,34.1,25.0,28.9,40.6,25.0,32.6,24.2
Princes Town,2016-08-21,76.9,0.2032,15.0,103.5,1013.2,37.3,7.3,263.1,22.9,21372,66030,1,34.1,24.9,28.6,39.4,24.9,31.5,23.8
Princes Town,2016-08-22,75.0,0.0,13.9,107.0,1013.3,41.0,7.5,261.2,22.5,21372,65999,0,34.1,25.0,29.0,40.6,25.0,32.1,23.8
Princes Town,2016-08-23,78.9,18.008599999999998,11.4,96.8,1012.6,37.3,7.1,230.7,20.0,21372,65967,1,35.0,24.0,28.1,43.3,24.0,30.8,23.7
Princes Town,2016-08-24,75.6,0.0,12.8,114.6,1012.1,36.0,7.3,273.8,23.6,21371,65935,0,34.0,23.8,28.3,39.4,23.8,30.9,23.1
Princes Town,2016-08-25,78.4,0.0,12.8,124.6,1012.0,44.3,6.8,257.8,22.4,21370,65903,0,34.0,23.9,28.5,42.0,23.9,31.9,24.0
Princes Town,2016-08-26,82.7,1.4986,12.8,106.0,1012.5,38.9,7.3,214.1,18.6,21369,65870,1,33.0,25.0,27.9,40.6,25.0,31.1,24.6
Princes Town,2016-08-27,86.6,10.998199999999999,23.0,105.7,1012.6,40.8,7.3,232.9,20.1,21368,65836,1,33.0,24.0,26.7,39.3,24.0,28.4,24.1
Princes Town,2016-08-28,83.2,4.5973999999999995,13.9,98.4,1012.9,54.9,7.7,231.7,20.0,21366,65803,1,32.0,23.0,27.6,39.1,23.0,30.8,24.3
Princes Town,2016-08-29,85.0,0.889,16.1,97.3,1013.4,49.5,7.1,187.4,16.2,21364,65768,1,33.0,23.9,27.2,38.1,23.9,29.3,24.2
Princes Town,2016-08-30,80.4,2.9972,17.2,100.2,1012.6,36.9,6.6,241.8,20.8,21362,65734,1,34.0,25.0,28.6,40.6,25.0,32.1,24.5
Princes Town,2016-08-31,77.2,0.2032,18.3,101.2,1012.2,54.7,6.6,246.1,21.3,21359,65699,1,33.2,25.2,28.8,39.3,25.2,31.8,24.1
Princes Town,2016-09-01,82.7,0.1016,16.1,107.3,1013.1,53.8,7.4,133.0,11.4,21357,65663,1,34.0,25.0,28.1,42.0,25.0,31.4,24.6
Princes Town,2016-09-02,79.3,5.0038,17.2,100.3,1013.9,51.3,7.4,258.9,22.3,21354,65628,1,34.0,25.0,28.3,40.6,25.0,31.1,24.1
Princes Town,2016-09-03,87.8,25.222199999999997,10.3,94.8,1011.8,45.3,6.4,245.3,21.4,21351,65592,1,33.0,24.7,27.2,40.6,24.7,29.8,24.9
Princes Town,2016-09-04,85.3,0.0,13.9,259.0,1010.5,37.9,6.8,269.8,23.3,21347,65555,0,32.0,23.9,27.2,37.9,23.9,29.7,24.3
Princes Town,2016-09-05,79.6,0.0,15.0,115.1,1012.1,51.7,7.0,256.8,22.1,21344,65519,0,34.1,24.9,28.8,40.6,24.9,32.4,24.7
Princes Town,2016-09-06,88.7,28.600399999999997,16.1,90.4,1013.8,49.8,6.2,186.3,16.1,21340,65482,1,31.0,25.0,26.9,39.1,25.0,29.1,24.7
Princes Town,2016-09-07,84.5,0.2032,13.9,103.4,1014.1,45.9,7.0,221.0,19.3,21336,65445,1,32.1,24.0,27.4,38.1,24.0,30.0,24.3
Princes Town,2016-09-08,88.2,12.2936,6.9,128.4,1013.9,53.1,6.9,200.6,17.3,21332,65407,1,32.0,24.0,26.4,37.9,24.0,28.1,24.2
Princes Town,2016-09-09,81.3,0.0,13.9,115.4,1013.8,49.7,7.4,219.3,19.1,21328,65370,0,33.0,24.0,28.0,39.3,24.0,31.2,24.2
Princes Town,2016-09-10,80.7,2.9972,18.3,90.3,1014.0,39.6,7.2,226.5,19.5,21324,65332,1,34.0,24.2,28.4,40.7,24.2,32.1,24.5
Princes Town,2016-09-11,84.1,2.0065999999999997,15.0,77.7,1013.3,42.4,6.9,225.1,19.3,21319,65294,1,33.9,25.0,27.8,41.7,25.0,30.7,24.6
Princes Town,2016-09-12,87.0,0.9905999999999999,11.4,72.4,1011.5,46.7,6.6,216.5,18.6,21315,65256,1,32.0,24.1,27.4,39.2,24.1,30.5,24.9
Princes Town,2016-09-13,91.5,3.4036,16.1,95.8,1011.8,49.5,6.7,184.8,15.9,21310,65218,1,30.0,24.2,26.3,36.2,24.2,28.0,24.8
Princes Town,2016-09-14,82.0,0.3048,13.9,112.8,1012.9,48.3,7.8,243.7,21.2,21306,65180,1,33.0,24.7,28.3,41.8,24.7,32.1,24.6
Princes Town,2016-09-15,79.2,0.1016,12.8,115.6,1012.8,48.4,7.6,248.5,21.6,21301,65142,1,34.0,24.9,28.9,40.6,24.9,32.7,24.6
Princes Town,2016-09-16,75.8,0.0,16.1,103.2,1012.5,28.3,7.3,285.8,24.5,21297,65104,0,34.0,24.9,28.8,39.4,24.9,31.7,23.7
Princes Town,2016-09-17,85.4,15.011399999999998,9.2,103.4,1012.9,43.0,7.5,203.4,17.6,21292,65065,1,32.0,24.0,27.2,39.2,24.0,29.9,24.4
Princes Town,2016-09-18,81.5,0.6096,15.0,108.1,1012.5,46.2,7.4,230.8,19.7,21288,65027,1,33.2,25.0,28.1,39.3,25.0,31.2,24.4
Princes Town,2016-09-19,78.6,0.0,13.9,115.2,1012.5,45.0,7.7,259.7,22.6,21283,64989,0,34.0,24.8,28.9,41.2,24.8,32.7,24.4
Princes Town,2016-09-20,80.3,0.3048,15.0,96.5,1011.9,38.6,7.6,247.4,21.3,21279,64951,1,34.2,24.0,28.2,41.1,24.0,31.6,24.2
Princes Town,2016-09-21,80.7,2.0065999999999997,13.9,119.9,1011.0,40.9,7.3,258.8,22.6,21275,64913,1,34.0,24.0,28.1,43.6,24.0,31.7,24.2
Princes Town,2016-09-22,76.8,0.0,15.0,121.8,1011.9,40.8,7.3,233.0,20.2,21271,64875,0,35.0,25.0,29.3,43.3,25.0,33.3,24.4
Princes Town,2016-09-23,81.8,0.9905999999999999,16.1,109.3,1013.4,41.4,7.3,235.5,20.3,21266,64837,1,34.0,25.0,28.6,41.7,25.0,32.1,24.8
Princes Town,2016-09-24,77.2,2.0065999999999997,13.9,105.7,1013.4,26.2,7.3,235.9,20.2,21262,64799,1,34.0,24.9,28.9,40.6,24.9,32.1,24.1
Princes Town,2016-09-25,85.8,13.0048,11.4,119.0,1012.5,45.2,7.0,228.4,19.8,21259,64761,1,31.7,24.0,27.1,38.5,24.0,29.7,24.4
Princes Town,2016-09-26,81.6,0.0,12.8,122.0,1012.0,42.4,7.2,214.8,18.6,21255,64724,0,33.0,23.8,27.8,40.3,23.8,31.2,24.1
Princes Town,2016-09-27,78.9,0.1016,10.3,90.9,1011.3,39.1,7.2,252.4,21.9,21252,64686,1,35.0,24.0,28.8,42.0,24.0,32.5,24.4
Princes Town,2016-09-28,80.0,0.0,12.8,276.3,1010.6,46.6,7.3,242.0,20.9,21248,64649,0,32.1,25.2,28.1,39.2,25.2,31.1,24.2
Princes Town,2016-09-29,92.2,36.017199999999995,15.0,90.2,1011.0,53.6,6.2,223.8,19.4,21245,64613,1,28.0,23.8,25.8,33.6,23.8,26.7,24.4
Princes Town,2016-09-30,82.3,0.1016,9.2,107.4,1009.9,35.0,6.7,259.9,22.4,21242,64576,1,33.1,24.0,27.9,40.5,24.0,30.9,24.3
Princes Town,2016-10-01,80.4,0.1016,16.1,111.4,1009.1,34.6,7.2,247.8,21.5,21240,64540,1,33.0,24.9,28.0,39.3,24.9,31.1,24.1
Princes Town,2016-10-02,90.5,14.097000000000001,16.1,94.8,1010.3,57.1,6.5,239.3,20.6,21238,64504,1,31.0,24.7,26.6,39.1,24.7,28.1,24.8
Princes Town,2016-10-03,89.0,2.9972,16.1,111.7,1010.8,44.7,6.8,211.0,18.2,21236,64468,1,32.0,24.9,27.2,40.7,24.9,30.3,25.1
Princes Town,2016-10-04,80.7,0.0,17.2,112.3,1011.8,41.7,6.9,268.1,23.1,21234,64433,0,34.0,25.0,28.6,40.6,25.0,31.8,24.6
Princes Town,2016-10-05,79.7,0.0,17.2,103.5,1010.7,47.3,7.7,207.2,18.0,21233,64399,0,33.0,24.1,28.5,40.6,24.1,32.2,24.4
Princes Town,2016-10-06,86.7,5.0038,19.7,90.9,1009.8,46.3,7.2,223.7,19.5,21231,64364,1,33.0,24.8,27.0,42.1,24.8,28.9,24.4
Princes Town,2016-10-07,84.7,0.7874,13.9,128.5,1008.1,48.7,7.1,235.7,20.5,21231,64330,1,33.0,23.9,27.7,40.7,23.9,31.1,24.7
Princes Town,2016-10-08,86.5,0.6096,15.0,107.7,1009.2,54.1,7.2,211.4,18.3,21231,64297,1,32.9,25.0,27.8,40.4,25.0,30.7,25.1
Princes Town,2016-10-09,83.4,0.1016,16.1,124.0,1009.9,43.0,7.0,208.7,18.0,21231,64264,1,32.0,25.0,28.2,39.2,25.0,31.9,24.9
Princes Town,2016-10-10,78.4,0.0,16.1,120.2,1011.3,39.6,7.0,244.1,21.1,21231,64231,0,34.0,25.2,29.0,40.7,25.2,32.8,24.5
Princes Town,2016-10-11,81.5,3.2003999999999997,18.3,107.7,1011.1,47.9,6.6,220.9,19.0,21232,64199,1,32.0,26.0,27.9,39.2,26.0,31.6,24.3
Princes Town,2016-10-12,77.0,0.2032,16.1,102.7,1010.2,47.6,7.3,240.1,20.7,21234,64168,1,33.1,26.0,29.1,39.3,26.0,33.6,24.5
Princes Town,2016-10-13,78.7,0.0,17.2,98.7,1011.1,42.1,7.8,229.2,19.8,21235,64137,0,35.0,26.0,29.2,43.3,26.0,33.8,24.8
Princes Town,2016-10-14,77.6,0.3048,13.9,111.4,1012.4,37.2,7.1,251.8,21.8,21238,64107,1,34.0,26.0,28.8,39.5,26.0,32.7,24.2
Princes Town,2016-10-15,74.3,0.1016,13.9,113.3,1011.8,35.6,7.3,235.9,20.4,21241,64077,1,35.0,26.0,29.3,41.9,26.0,33.0,23.9
Princes Town,2016-10-16,76.9,0.1016,15.0,114.2,1010.3,37.3,7.7,258.7,22.2,21244,64048,1,35.0,25.9,28.6,41.6,25.9,31.9,23.9
Princes Town,2016-10-17,73.9,0.0,12.8,124.1,1010.4,29.4,8.3,258.2,22.2,21248,64020,0,36.1,25.8,29.4,42.1,25.8,33.1,23.9
Princes Town,2016-10-18,74.5,0.0,13.9,125.1,1011.0,33.8,8.0,263.9,23.0,21252,63993,0,34.0,24.9,29.2,40.3,24.9,32.8,23.9
Princes Town,2016-10-19,75.5,0.0,13.9,126.0,1011.2,38.8,7.4,220.2,18.8,21257,63966,0,35.0,26.0,29.6,42.0,26.0,34.3,24.5
Princes Town,2016-10-20,75.0,0.1016,16.1,111.5,1010.7,34.1,7.4,241.4,20.8,21263,63940,1,35.0,25.9,29.7,40.7,25.9,34.0,24.3
Princes Town,2016-10-21,72.5,0.2032,17.2,108.0,1009.4,34.3,7.6,245.3,21.1,21269,63914,1,35.0,25.0,29.6,40.7,25.0,33.3,23.7
Princes Town,2016-10-22,72.7,0.1016,13.9,109.6,1010.3,35.8,7.4,230.8,19.9,21276,63890,1,35.0,25.0,29.7,41.5,25.0,33.5,23.8
Princes Town,2016-10-23,74.7,0.0,16.1,104.8,1011.3,51.0,7.5,202.3,17.4,21283,63866,0,35.0,26.0,29.4,41.9,26.0,33.4,24.1
Princes Town,2016-10-24,78.8,0.508,10.3,130.7,1010.1,37.0,7.8,238.7,20.7,21291,63843,1,33.9,24.9,28.3,41.4,24.9,31.7,24.1
Princes Town,2016-10-25,83.2,0.6096,11.4,125.9,1008.8,50.1,7.7,213.7,18.5,21299,63821,1,32.2,23.0,27.2,37.9,23.0,30.1,23.9
Princes Town,2016-10-26,80.3,0.1016,15.0,119.4,1008.9,45.9,7.3,219.0,19.0,21309,63799,1,34.0,24.2,28.2,40.6,24.2,31.4,24.2
Princes Town,2016-10-27,77.8,0.0,13.9,112.9,1008.9,48.4,7.2,212.9,18.3,21318,63779,0,35.0,25.0,28.9,40.7,25.0,32.3,24.3
Princes Town,2016-10-28,80.1,0.9905999999999999,12.8,115.9,1009.9,41.1,7.4,228.4,19.9,21329,63759,1,33.0,24.8,28.2,39.2,24.8,31.2,24.2
Princes Town,2016-10-29,85.5,21.996399999999998,13.9,119.6,1011.3,41.2,7.3,208.6,18.2,21340,63740,1,34.0,24.0,26.9,40.6,24.0,28.8,24.1
Princes Town,2016-10-30,87.5,16.9926,9.2,138.0,1011.3,47.2,6.7,140.0,12.1,21352,63723,1,31.0,24.0,26.3,36.6,24.0,27.9,24.0
Princes Town,2016-10-31,83.6,0.0,12.8,99.7,1008.9,43.2,7.4,217.7,18.8,21364,63706,0,33.0,23.7,27.6,39.3,23.7,30.9,24.3
Princes Town,2016-11-01,78.3,0.0,11.4,137.6,1008.6,46.4,6.9,220.2,19.2,21377,63690,0,33.1,25.0,28.7,40.6,25.0,32.3,24.3
Princes Town,2016-11-02,80.7,0.0,9.2,125.3,1009.7,38.9,7.1,214.6,18.5,21391,63675,0,32.0,25.2,28.3,39.2,25.2,31.6,24.5
Princes Town,2016-11-03,79.7,0.0,13.9,109.3,1010.6,47.3,6.9,229.6,19.8,21406,63661,0,33.0,26.0,28.7,39.3,26.0,32.7,24.7
Princes Town,2016-11-04,85.0,2.9972,13.9,109.4,1011.6,52.3,7.1,223.0,19.2,21421,63648,1,32.0,25.7,27.7,40.7,25.7,30.4,24.8
Princes Town,2016-11-05,85.2,2.9972,15.0,106.5,1012.6,47.5,7.3,184.2,16.1,21436,63636,1,31.8,25.7,27.7,39.1,25.7,30.4,24.8
Princes Town,2016-11-06,90.5,84.5058,18.3,92.5,1012.1,66.6,5.9,173.6,15.0,21453,63625,1,32.0,23.0,26.3,38.9,23.0,28.0,24.5
Princes Town,2016-11-07,84.8,0.3048,11.4,103.4,1010.6,41.8,7.1,225.2,19.5,21470,63615,1,32.0,24.0,27.3,37.9,24.0,30.1,24.3
Princes Town,2016-11-08,88.0,0.2032,9.2,107.6,1010.4,43.4,7.2,173.3,15.0,21488,63607,1,31.0,24.0,26.5,37.8,24.0,28.4,24.3
Princes Town,2016-11-09,85.2,0.9905999999999999,17.2,109.0,1010.5,50.8,7.6,193.7,16.8,21507,63599,1,33.2,23.9,27.6,40.6,23.9,31.1,24.7
Princes Town,2016-11-10,86.8,1.8795999999999997,16.1,98.1,1010.9,50.5,7.1,157.2,13.7,21526,63592,1,32.8,24.9,27.5,40.4,24.9,30.6,25.0
Princes Town,2016-11-11,84.7,6.8072,12.8,108.7,1010.1,54.2,6.8,174.8,15.1,21546,63586,1,33.0,24.4,28.1,42.1,24.4,31.3,24.9
Princes Town,2016-11-12,88.1,3.7845999999999997,13.9,100.9,1010.3,43.3,6.9,159.8,13.7,21566,63582,1,32.0,25.8,27.3,39.2,25.8,30.1,25.1
Princes Town,2016-11-13,79.4,0.4064,16.1,94.3,1009.0,38.0,7.4,221.9,19.3,21587,63578,1,33.0,24.0,28.2,40.6,24.0,31.2,23.9
Princes Town,2016-11-14,77.4,0.0,11.4,83.0,1007.7,36.9,8.0,219.2,18.9,21609,63576,0,34.0,23.0,27.7,39.2,23.0,29.8,22.8
Princes Town,2016-11-15,83.1,0.0,11.4,121.4,1007.2,39.8,7.2,163.4,14.2,21632,63574,0,32.0,24.8,27.7,39.2,24.8,30.9,24.5
Princes Town,2016-11-16,88.0,2.0065999999999997,11.4,111.9,1008.7,47.6,7.1,175.0,15.1,21655,63574,1,31.0,24.0,26.4,37.8,24.0,28.1,24.2
Princes Town,2016-11-17,84.0,0.0,13.9,102.5,1008.3,49.1,6.5,197.7,17.0,21678,63574,0,32.1,24.0,27.4,39.5,24.0,30.1,24.3
Princes Town,2016-11-18,85.2,2.0065999999999997,15.0,100.7,1009.3,61.4,6.3,189.7,16.4,21703,63576,1,32.1,24.2,27.4,39.0,24.2,30.2,24.5
Princes Town,2016-11-19,89.0,3.9878,13.9,89.3,1009.0,50.4,6.5,198.6,17.1,21728,63579,1,32.1,24.0,26.7,38.2,24.0,28.4,24.5
Princes Town,2016-11-20,83.0,0.0,15.0,103.1,1008.4,44.6,7.5,212.0,18.4,21753,63583,0,32.0,23.0,26.9,37.8,23.0,29.2,23.6
Princes Town,2016-11-21,77.3,0.1016,11.4,104.9,1008.5,38.5,7.7,228.1,19.8,21779,63588,1,33.0,22.8,27.2,37.1,22.8,29.2,22.6
Princes Town,2016-11-22,83.1,0.1016,17.2,95.5,1009.0,46.8,7.2,207.5,18.0,21805,63594,1,32.2,23.0,27.3,38.2,23.0,30.1,23.9
Princes Town,2016-11-23,86.2,0.2032,11.4,99.7,1009.8,57.0,6.5,168.4,14.5,21832,63601,1,32.0,24.8,27.0,39.2,24.8,29.3,24.4
Princes Town,2016-11-24,91.2,15.011399999999998,13.9,104.6,1010.2,57.7,5.7,124.1,10.7,21860,63610,1,30.1,24.0,26.2,37.4,24.0,27.7,24.9
Princes Town,2016-11-25,94.1,43.992799999999995,9.2,91.6,1010.9,70.7,5.8,124.8,10.7,21888,63619,1,28.0,23.0,24.9,32.7,23.0,25.6,23.9
Princes Town,2016-11-26,89.5,15.011399999999998,12.8,89.9,1010.2,57.9,6.5,189.2,16.5,21916,63629,1,30.0,23.0,25.6,36.2,23.0,26.9,23.7
Princes Town,2016-11-27,83.2,0.1016,17.2,110.4,1009.9,46.1,7.6,182.6,15.7,21945,63640,1,31.2,24.2,27.3,38.1,24.2,29.6,24.0
Princes Town,2016-11-28,80.9,0.0,15.0,121.7,1009.0,55.8,6.9,216.2,18.7,21974,63653,0,32.0,25.8,28.2,39.2,25.8,31.8,24.5
Princes Town,2016-11-29,82.8,0.0,11.4,124.9,1009.5,63.8,6.8,164.8,14.2,22004,63666,0,31.7,25.0,27.9,37.8,25.0,31.4,24.6
Princes Town,2016-11-30,90.4,3.2258,10.3,103.6,1010.8,73.4,6.3,75.7,6.7,22034,63680,1,30.0,25.0,26.9,37.4,25.0,29.3,25.1
Princes Town,2016-12-01,86.6,2.9972,13.9,100.2,1011.6,45.4,6.8,129.6,11.1,22064,63696,1,32.8,24.0,27.0,40.2,24.0,29.3,24.4
Princes Town,2016-12-02,79.7,0.0,20.8,100.7,1012.6,33.0,7.8,222.8,19.4,22095,63712,0,33.0,23.9,27.6,38.1,23.9,29.8,23.3
Princes Town,2016-12-03,80.5,0.0,20.8,96.6,1012.0,38.3,6.9,206.4,17.7,22125,63729,0,32.0,23.9,27.3,37.9,23.9,29.4,23.4
Princes Town,2016-12-04,82.0,0.0,13.9,84.2,1011.9,39.7,7.1,206.7,17.8,22156,63747,0,32.8,23.0,27.1,37.9,23.0,29.3,23.6
Princes Town,2016-12-05,78.6,0.0,13.9,109.0,1012.1,36.6,7.5,182.6,15.8,22188,63766,0,33.0,23.2,27.8,38.1,23.2,30.3,23.4
Princes Town,2016-12-06,81.2,5.0038,15.0,104.3,1012.6,44.1,7.5,193.3,16.6,22219,63786,1,33.0,23.9,27.6,38.3,23.9,30.2,23.8
Princes Town,2016-12-07,87.1,0.1016,13.9,88.8,1012.3,48.4,6.1,195.3,16.9,22251,63806,1,32.0,24.0,26.4,37.9,24.0,28.1,23.9
Princes Town,2016-12-08,91.2,29.514799999999997,23.0,98.2,1012.0,60.2,5.7,130.9,11.4,22282,63828,1,31.0,24.0,25.7,37.8,24.0,26.8,24.0
Princes Town,2016-12-09,85.1,2.9972,19.7,92.1,1012.1,47.1,6.4,197.7,17.0,22314,63850,1,32.0,24.0,27.1,37.9,24.0,29.4,24.2
Princes Town,2016-12-10,81.2,11.074399999999999,21.9,98.7,1013.3,47.5,6.1,180.9,15.6,22346,63873,1,32.0,24.0,27.6,37.9,24.0,29.6,23.8
Princes Town,2016-12-11,73.6,0.1016,18.3,86.7,1012.9,27.3,7.3,210.9,18.1,22377,63897,1,31.7,23.9,27.6,34.6,23.9,29.1,22.2
Princes Town,2016-12-12,88.1,12.9794,18.3,89.5,1012.6,47.9,6.4,178.6,15.5,22409,63922,1,30.8,22.7,25.5,36.1,22.7,26.6,23.3
Princes Town,2016-12-13,84.9,0.508,17.2,102.4,1012.1,40.7,6.6,190.5,16.4,22441,63947,1,31.0,23.0,26.1,35.5,23.0,27.9,23.2
Princes Town,2016-12-14,85.7,4.8768,17.2,97.7,1012.6,39.1,6.8,197.9,16.9,22472,63973,1,31.0,22.0,25.6,35.5,22.0,27.2,22.8
Princes Town,2016-12-15,81.7,0.1016,20.8,101.5,1012.6,29.8,7.5,223.0,19.3,22504,63999,1,32.0,22.0,26.4,35.8,22.0,27.9,22.7
Princes Town,2016-12-16,81.4,0.1016,20.8,94.4,1013.2,39.3,7.5,206.6,17.9,22535,64026,1,31.1,23.0,26.6,35.5,23.0,28.1,22.8
Princes Town,2016-12-17,80.9,0.3048,23.0,85.7,1013.2,47.6,6.9,176.9,15.4,22566,64054,1,31.0,23.0,26.5,35.1,23.0,28.0,22.7
Princes Town,2016-12-18,75.5,0.508,18.3,79.8,1013.4,49.1,7.2,217.8,18.7,22597,64082,1,31.0,23.0,26.6,34.6,23.0,27.7,21.7
Princes Town,2016-12-19,75.2,0.0,23.0,88.6,1012.4,33.0,6.9,213.9,18.5,22628,64111,0,32.0,23.8,27.1,35.3,23.8,28.4,22.0
Princes Town,2016-12-20,79.1,0.3048,17.2,102.4,1010.5,41.1,6.9,203.9,17.6,22658,64141,1,31.0,22.9,26.5,34.6,22.9,28.1,22.4
Princes Town,2016-12-21,87.8,7.188199999999999,17.2,91.6,1009.8,52.8,7.6,190.7,16.5,22688,64170,1,29.6,23.2,25.4,34.6,23.2,26.4,23.2
Princes Town,2016-12-22,85.3,0.4064,15.0,99.3,1010.6,60.0,7.0,175.0,15.0,22718,64200,1,33.0,22.8,26.3,38.1,22.8,28.4,23.4
Princes Town,2016-12-23,85.2,1.7018,12.8,110.4,1011.5,50.7,6.5,190.9,16.4,22747,64231,1,31.0,23.9,26.4,36.2,23.9,28.3,23.6
Princes Town,2016-12-24,91.4,3.9878,18.3,90.7,1012.5,70.0,6.5,164.7,14.2,22775,64262,1,28.0,23.0,24.9,31.9,23.0,25.7,23.4
Princes Town,2016-12-25,81.0,5.0038,18.3,91.1,1011.4,51.0,7.4,162.5,13.9,22804,64293,1,31.0,23.8,26.5,35.5,23.8,27.8,22.7
Princes Town,2016-12-26,79.5,0.508,15.0,94.9,1011.7,43.7,7.4,205.4,17.7,22832,64325,1,31.2,22.0,26.3,35.5,22.0,27.9,22.3
Princes Town,2016-12-27,76.5,0.0,18.3,92.2,1011.9,47.7,7.0,191.9,16.6,22859,64356,0,32.0,23.9,27.0,35.8,23.9,28.5,22.2
Princes Town,2016-12-28,88.6,24.383999999999997,23.0,87.1,1012.2,84.5,4.4,187.6,16.2,22885,64388,1,30.0,22.9,25.1,34.2,22.9,25.8,22.9
Princes Town,2016-12-29,88.8,24.790399999999998,15.0,102.4,1012.0,67.0,6.7,157.6,13.6,22912,64420,1,30.8,23.0,25.7,37.1,23.0,26.9,23.6
Princes Town,2016-12-30,89.0,12.191999999999998,17.2,99.2,1012.4,77.9,6.0,164.4,14.3,22937,64453,1,29.8,24.0,25.7,34.7,24.0,26.7,23.6
Princes Town,2016-12-31,79.6,0.508,17.2,102.6,1013.7,45.6,7.8,209.9,18.2,22962,64485,1,31.0,23.0,26.4,35.5,23.0,27.9,22.4
Princes Town,2017-01-01,74.8,0.0,17.2,109.7,1013.9,33.0,8.0,238.3,20.6,22985,64516,0,31.0,20.0,25.5,34.6,20.0,26.3,20.3
Princes Town,2017-01-02,82.0,3.9878,18.3,87.6,1013.5,31.3,7.2,211.4,18.2,23008,64549,1,30.9,21.0,25.6,34.2,21.0,27.0,22.0
Princes Town,2017-01-03,72.2,0.3048,16.1,105.8,1012.1,34.5,8.8,196.2,16.9,23031,64581,1,31.1,23.0,26.7,34.3,23.0,27.6,20.9
Princes Town,2017-01-04,79.7,0.2032,15.0,102.5,1012.1,38.6,7.7,213.0,18.4,23053,64614,1,31.0,21.8,25.8,33.7,21.8,26.8,21.8
Princes Town,2017-01-05,86.9,7.010400000000001,19.7,108.3,1012.5,49.7,7.0,161.9,13.9,23074,64646,1,30.0,24.0,25.8,35.1,24.0,27.2,23.3
Princes Town,2017-01-06,86.5,0.889,17.2,107.1,1013.1,41.2,6.5,168.6,14.4,23095,64679,1,30.0,23.0,26.3,35.1,23.0,28.1,23.7
Princes Town,2017-01-07,81.8,0.4064,20.8,105.1,1013.6,43.3,6.2,168.2,14.5,23114,64711,1,30.0,24.9,26.7,35.1,24.9,28.2,23.2
Princes Town,2017-01-08,80.7,0.508,17.2,105.3,1014.3,43.6,7.1,187.2,16.3,23133,64743,1,31.7,23.9,26.3,36.2,23.9,27.6,22.5
Princes Town,2017-01-09,77.7,0.3048,13.9,94.2,1013.3,37.9,7.5,205.4,17.9,23151,64775,1,31.1,21.9,25.8,34.4,21.9,26.6,21.2
Princes Town,2017-01-10,78.8,0.1016,12.8,75.1,1011.7,43.2,7.9,197.0,17.0,23168,64807,1,31.0,20.0,24.8,33.1,20.0,25.4,20.6
Princes Town,2017-01-11,80.6,0.2032,18.3,82.2,1012.2,41.9,7.0,190.2,16.6,23184,64838,1,31.0,22.0,25.3,33.2,22.0,26.3,21.6
Princes Town,2017-01-12,72.1,0.0,12.8,52.4,1013.0,39.8,7.9,203.3,17.6,23199,64869,0,32.0,22.0,26.1,33.5,22.0,26.7,20.2
Princes Town,2017-01-13,78.3,0.7111999999999999,13.9,28.1,1013.2,47.6,7.7,189.9,16.5,23213,64900,1,30.7,20.2,25.0,33.2,20.2,25.8,20.6
Princes Town,2017-01-14,74.2,0.0,13.9,7.3,1012.6,43.8,8.1,226.5,19.6,23226,64931,0,31.0,20.0,25.1,32.4,20.0,25.6,19.6
Princes Town,2017-01-15,77.5,0.4064,12.8,89.2,1012.0,31.8,8.2,222.9,19.4,23238,64961,1,30.6,20.0,24.7,32.4,20.0,25.6,20.2
Princes Town,2017-01-16,77.0,0.0,16.1,104.7,1012.4,38.9,7.4,215.2,18.5,23250,64991,0,31.0,20.0,25.3,33.7,20.0,26.2,20.6
Princes Town,2017-01-17,80.7,0.9905999999999999,15.0,97.0,1012.7,48.9,7.3,193.2,16.6,23260,65020,1,30.0,21.0,25.2,34.2,21.0,26.2,21.5
Princes Town,2017-01-18,82.4,0.9905999999999999,11.4,99.6,1013.2,52.9,7.2,182.5,15.9,23269,65049,1,29.9,22.9,25.1,32.4,22.9,25.7,21.7
Princes Town,2017-01-19,78.6,0.0,13.9,79.1,1012.2,43.1,7.2,196.0,16.9,23278,65078,0,31.0,21.0,25.8,34.3,21.0,26.9,21.4
Princes Town,2017-01-20,83.3,6.5024,16.1,89.5,1012.4,38.2,7.2,210.5,18.1,23285,65106,1,31.0,22.0,25.8,35.5,22.0,27.2,22.5
Princes Town,2017-01-21,86.0,10.0076,17.2,81.0,1012.8,56.0,6.3,154.7,13.5,23291,65134,1,32.0,23.0,25.3,35.8,23.0,26.2,22.5
Princes Town,2017-01-22,84.9,2.0065999999999997,16.1,88.1,1012.7,53.9,7.4,185.9,15.9,23296,65161,1,29.2,23.0,25.4,32.9,23.0,26.6,22.6
Princes Town,2017-01-23,89.0,11.5824,18.3,80.9,1012.9,52.4,6.4,215.1,18.4,23300,65187,1,29.0,22.9,25.0,32.8,22.9,25.9,22.9
Princes Town,2017-01-24,81.7,0.0,20.8,105.0,1013.5,33.8,7.3,212.9,18.3,23304,65213,0,31.3,22.8,26.4,35.1,22.8,28.1,22.8
Princes Town,2017-01-25,77.6,0.0,13.9,97.6,1014.6,40.5,7.7,238.8,20.7,23306,65239,0,32.0,23.8,26.6,34.9,23.8,27.9,22.1
Princes Town,2017-01-26,75.6,0.1016,12.8,84.5,1015.0,40.8,7.4,235.9,20.4,23307,65264,1,31.0,21.0,25.8,33.8,21.0,26.8,20.8
Princes Town,2017-01-27,73.8,0.1016,15.0,93.4,1015.0,40.0,7.6,223.3,19.2,23307,65288,1,31.0,21.0,25.9,33.1,21.0,26.7,20.4
Princes Town,2017-01-28,73.9,0.0,17.2,92.9,1014.3,39.6,7.2,228.7,19.7,23306,65312,0,31.0,23.8,26.7,34.6,23.8,27.9,21.4
Princes Town,2017-01-29,73.6,0.0,20.8,96.2,1014.5,33.3,6.9,210.7,18.2,23304,65335,0,31.0,24.0,26.8,33.1,24.0,27.8,21.4
Princes Town,2017-01-30,74.5,0.0,16.1,90.9,1014.7,31.1,7.4,248.7,21.3,23301,65358,0,31.2,22.2,26.4,34.6,22.2,27.6,21.2
Princes Town,2017-01-31,73.5,0.0,17.2,93.9,1014.3,36.8,6.8,216.5,18.7,23296,65380,0,32.0,23.0,26.6,34.9,23.0,27.6,21.2
Princes Town,2017-02-01,77.2,0.2032,19.7,99.9,1014.0,39.8,6.7,231.6,20.0,23291,65401,1,32.0,21.9,26.2,34.9,21.9,27.3,21.5
Princes Town,2017-02-02,79.4,0.0,25.3,92.6,1013.7,51.0,6.6,208.9,18.1,23285,65422,0,30.1,23.8,26.6,34.2,23.8,28.0,22.5
Princes Town,2017-02-03,78.2,0.0,21.9,95.7,1013.8,38.9,6.7,238.0,20.5,23278,65442,0,31.0,23.0,26.6,34.6,23.0,27.9,22.2
Princes Town,2017-02-04,82.8,0.0,16.1,103.6,1013.5,31.5,6.8,207.9,17.8,23270,65462,0,30.0,22.0,26.2,34.2,22.0,27.8,22.8
Princes Town,2017-02-05,74.3,0.0,19.7,105.7,1012.9,40.3,6.5,248.7,21.5,23261,65480,0,32.0,24.0,27.2,35.8,24.0,28.7,21.9
Princes Town,2017-02-06,80.3,0.2032,19.7,102.2,1013.1,45.4,6.4,183.8,15.8,23250,65499,1,30.0,23.0,26.3,34.9,23.0,27.7,22.4
Princes Town,2017-02-07,78.4,0.3048,19.7,104.5,1013.3,37.1,6.8,254.2,21.9,23239,65516,1,31.0,22.9,26.4,34.6,22.9,27.7,22.1
Princes Town,2017-02-08,82.9,2.9972,28.9,103.0,1013.3,49.4,5.3,207.7,17.8,23227,65533,1,30.1,23.0,25.9,34.2,23.0,27.0,22.7
Princes Town,2017-02-09,72.8,5.8928,19.7,102.8,1014.7,30.6,6.6,258.0,22.2,23214,65549,1,31.0,23.0,26.4,33.1,23.0,27.1,20.7
Princes Town,2017-02-10,73.3,0.7874,21.9,101.7,1015.0,36.6,6.6,237.6,20.7,23200,65565,1,31.0,22.8,26.3,32.9,22.8,27.1,20.8
Princes Town,2017-02-11,70.8,0.1016,24.2,92.7,1014.2,33.4,6.8,226.6,19.7,23185,65580,1,31.0,22.0,26.2,33.1,22.0,26.9,20.2
Princes Town,2017-02-12,74.1,0.0,16.1,107.4,1012.8,46.1,7.0,215.6,18.6,23170,65594,0,32.0,21.0,25.6,34.2,21.0,26.1,20.1
Princes Town,2017-02-13,73.8,0.0,16.1,82.1,1011.7,48.4,7.0,223.9,19.4,23153,65608,0,30.0,22.0,25.4,31.9,22.0,26.1,20.1
Princes Town,2017-02-14,71.9,0.0,15.0,109.2,1013.0,32.1,7.4,231.2,20.0,23135,65621,0,32.0,21.0,25.6,32.4,21.0,26.1,19.5
Princes Town,2017-02-15,75.4,0.0,16.1,112.1,1014.7,46.8,7.0,249.9,21.5,23117,65633,0,31.0,20.0,25.2,33.1,20.0,26.1,20.1
Princes Town,2017-02-16,74.5,0.0,17.2,109.5,1015.2,36.3,7.3,238.9,20.7,23098,65645,0,31.8,21.9,26.3,33.8,21.9,27.2,20.9
Princes Town,2017-02-17,73.9,0.0,16.1,102.6,1014.6,43.3,7.3,208.7,18.2,23077,65656,0,32.0,22.0,26.5,34.9,22.0,27.7,21.2
Princes Town,2017-02-18,79.4,0.2032,17.2,88.2,1014.2,57.7,7.0,207.0,17.9,23057,65667,1,31.2,23.0,25.6,32.7,23.0,26.3,21.4
Princes Town,2017-02-19,86.0,4.1148,15.0,92.5,1014.1,48.1,6.4,195.3,16.8,23035,65677,1,27.0,22.1,24.6,29.6,22.1,24.9,22.1
Princes Town,2017-02-20,80.4,0.0,17.2,100.4,1013.1,36.1,7.1,228.8,19.8,23012,65686,0,30.0,20.2,25.1,33.3,20.2,26.1,21.2
Princes Town,2017-02-21,74.7,0.0,8.1,121.1,1010.9,48.6,7.5,241.6,20.8,22989,65695,0,32.0,22.0,26.2,34.7,22.0,27.2,20.9
Princes Town,2017-02-22,71.4,0.0,13.9,254.2,1010.4,32.6,7.7,262.8,22.6,22965,65704,0,33.0,20.8,26.4,34.9,20.8,27.2,20.2
Princes Town,2017-02-23,75.5,0.0,12.8,118.4,1011.9,36.4,7.0,244.2,21.0,22941,65711,0,31.0,19.9,25.3,33.1,19.9,26.1,20.2
Princes Town,2017-02-24,77.0,0.0,16.1,115.7,1012.7,40.3,7.6,206.3,17.7,22916,65719,0,32.1,21.2,26.2,35.8,21.2,27.5,21.4
Princes Town,2017-02-25,76.6,0.0,17.2,108.2,1013.3,40.5,7.0,203.1,17.5,22890,65726,0,32.1,23.9,27.1,34.6,23.9,28.4,22.3
Princes Town,2017-02-26,78.2,5.9944,20.8,102.6,1013.1,39.6,6.8,243.9,21.0,22863,65732,1,32.1,22.0,26.3,34.2,22.0,27.1,21.7
Princes Town,2017-02-27,80.6,0.8128,17.2,94.7,1013.5,56.8,6.2,235.7,20.3,22836,65738,1,32.0,21.7,25.7,34.9,21.7,26.9,21.7
Princes Town,2017-02-28,81.9,2.6161999999999996,18.3,85.2,1013.2,56.3,6.7,235.3,20.4,22808,65743,1,30.0,23.0,25.7,34.2,23.0,26.9,22.2
Princes Town,2017-03-01,73.4,5.9944,19.7,88.6,1012.7,42.4,7.0,257.6,22.4,22780,65748,1,31.0,22.0,26.4,33.7,22.0,27.3,20.8
Princes Town,2017-03-02,70.3,0.0,26.4,90.3,1013.1,40.7,7.0,191.2,16.7,22751,65752,0,31.2,23.0,26.7,33.8,23.0,27.8,20.7
Princes Town,2017-03-03,72.0,0.0,17.2,87.8,1013.7,35.7,7.0,208.3,18.0,22721,65756,0,32.0,24.0,27.2,34.9,24.0,28.5,21.5
Princes Town,2017-03-04,72.9,0.0,23.0,86.5,1012.9,43.1,6.9,222.4,19.3,22691,65760,0,32.0,24.0,27.4,34.9,24.0,28.7,21.8
Princes Town,2017-03-05,84.6,3.6067999999999993,20.8,101.6,1011.3,50.5,6.0,221.0,19.1,22661,65763,1,31.0,23.0,25.9,35.5,23.0,27.2,22.9
Princes Town,2017-03-06,79.3,0.0,20.8,94.1,1012.2,49.3,6.2,232.1,20.1,22630,65766,0,31.0,23.9,26.4,34.6,23.9,27.7,22.3
Princes Town,2017-03-07,78.6,1.1176,20.8,86.5,1013.5,54.6,6.4,230.2,19.8,22598,65769,1,30.0,23.0,26.0,34.2,23.0,27.1,21.8
Princes Town,2017-03-08,74.2,0.0,15.0,90.5,1013.9,44.2,6.5,254.1,22.0,22567,65771,0,32.0,22.9,26.6,34.9,22.9,27.6,21.2
Princes Town,2017-03-09,78.3,3.2003999999999997,21.9,95.1,1013.2,49.3,6.9,224.0,19.2,22534,65773,1,31.0,23.0,26.6,35.1,23.0,28.0,22.2
Princes Town,2017-03-10,83.4,3.9878,20.8,97.0,1012.6,49.8,5.3,210.9,18.3,22502,65774,1,29.0,24.2,26.0,33.6,24.2,27.1,22.9
Princes Town,2017-03-11,81.5,2.5146,20.8,85.3,1013.1,42.1,6.3,250.4,21.7,22469,65775,1,31.0,24.0,26.7,35.6,24.0,28.4,23.1
Princes Town,2017-03-12,74.4,0.0,20.8,98.0,1013.2,30.8,6.9,277.2,23.9,22436,65776,0,32.0,23.0,26.8,34.5,23.0,27.9,21.4
Princes Town,2017-03-13,83.7,1.8033999999999997,19.7,93.0,1013.6,56.3,6.2,231.2,19.8,22402,65777,1,31.0,23.0,25.3,34.2,23.0,26.1,22.1
Princes Town,2017-03-14,76.4,0.0,16.1,84.9,1013.4,33.7,7.4,255.7,22.1,22369,65777,0,32.0,22.0,25.9,34.2,22.0,27.0,21.1
Princes Town,2017-03-15,75.5,0.0,16.1,104.9,1013.4,39.1,7.5,272.1,23.3,22334,65778,0,32.0,20.0,25.8,34.9,20.0,26.9,20.7
Princes Town,2017-03-16,73.6,0.0,18.3,101.4,1014.2,40.3,6.8,253.5,21.8,22300,65778,0,32.2,23.0,26.4,34.2,23.0,27.3,20.9
Princes Town,2017-03-17,69.1,0.0,19.7,103.3,1013.9,29.8,6.5,264.0,22.5,22266,65778,0,32.0,22.0,26.6,34.2,22.0,27.2,19.9
Princes Town,2017-03-18,72.1,0.0,17.2,91.7,1013.6,31.5,6.7,259.9,22.8,22231,65777,0,32.1,20.8,26.3,34.2,20.8,27.1,20.3
Princes Town,2017-03-19,71.0,0.0,15.0,91.7,1013.5,46.8,7.2,265.0,22.8,22196,65777,0,33.0,22.0,26.8,34.6,22.0,27.6,20.5
Princes Town,2017-03-20,83.6,8.001,13.9,103.1,1013.5,48.7,6.6,247.2,21.2,22161,65776,1,32.2,22.0,25.8,36.1,22.0,26.9,22.5
Princes Town,2017-03-21,78.6,0.0,15.0,104.9,1014.0,51.2,6.9,215.8,18.6,22126,65776,0,32.1,23.9,27.2,36.7,23.9,28.9,22.8
Princes Town,2017-03-22,86.2,1.2953999999999999,18.3,111.7,1013.5,55.1,6.2,144.4,12.3,22091,65775,1,31.0,24.0,26.1,34.6,24.0,27.2,23.4
Princes Town,2017-03-23,81.1,1.1176,16.1,101.1,1012.9,47.0,6.4,252.9,21.8,22056,65774,1,31.0,23.8,26.4,35.5,23.8,27.7,22.7
Princes Town,2017-03-24,80.5,0.0,17.2,109.7,1012.9,41.7,6.9,212.5,18.4,22021,65773,0,31.0,22.0,26.2,35.1,22.0,27.7,22.3
Princes Town,2017-03-25,78.5,0.0,19.7,104.8,1012.2,39.1,7.5,230.1,20.0,21986,65772,0,32.0,22.0,26.7,35.9,22.0,28.3,22.3
Princes Town,2017-03-26,75.6,0.0,16.1,105.6,1011.7,35.9,7.5,250.9,21.6,21950,65771,0,33.0,23.0,27.4,37.1,23.0,29.2,22.3
Princes Town,2017-03-27,74.9,0.0,17.2,112.3,1011.9,39.9,7.1,242.6,21.1,21915,65770,0,33.0,24.0,27.7,37.1,24.0,29.4,22.4
Princes Town,2017-03-28,73.1,0.0,13.9,111.0,1011.8,31.7,6.9,277.0,24.0,21880,65769,0,33.2,24.0,28.2,36.1,24.0,29.8,22.4
Princes Town,2017-03-29,74.2,0.0,16.1,103.4,1011.5,39.4,7.3,269.8,23.2,21845,65768,0,34.0,23.9,28.3,38.3,23.9,30.3,22.7
Princes Town,2017-03-30,73.4,0.0,19.7,104.4,1012.1,40.6,7.6,276.1,23.6,21810,65767,0,34.0,23.0,27.8,37.3,23.0,29.2,22.1
Princes Town,2017-03-31,74.0,0.0,18.3,103.0,1013.5,47.9,7.2,249.5,21.7,21775,65766,0,32.0,23.0,27.3,35.5,23.0,28.8,21.8
Princes Town,2017-04-01,77.1,0.0,18.3,100.8,1014.8,45.6,6.1,270.4,23.5,21740,65766,0,33.0,24.0,27.5,37.1,24.0,29.4,22.9
Princes Town,2017-04-02,74.1,0.0,21.1,91.6,1014.1,35.0,5.0,283.8,24.4,21705,65765,0,33.0,25.0,28.3,37.1,25.0,30.4,22.9
Princes Town,2017-04-03,75.5,0.0,18.3,101.9,1013.6,35.3,5.8,285.1,24.5,21671,65764,0,32.7,24.0,27.7,36.5,24.0,29.3,22.6
Princes Town,2017-04-04,74.9,0.0,19.7,99.5,1014.0,36.8,5.1,255.1,22.0,21637,65764,0,33.0,24.0,27.7,37.1,24.0,29.3,22.4
Princes Town,2017-04-05,70.8,0.0,19.7,104.1,1014.9,26.1,5.5,259.6,22.5,21603,65764,0,33.0,24.0,27.9,36.1,24.0,29.3,21.7
Princes Town,2017-04-06,68.7,0.0,24.2,100.8,1014.8,35.5,6.3,275.7,23.7,21569,65763,0,33.0,23.9,27.8,34.6,23.9,28.9,21.1
Princes Town,2017-04-07,72.1,0.7111999999999999,19.7,102.0,1013.0,33.6,6.7,287.5,24.8,21536,65763,1,33.0,22.9,27.2,36.1,22.9,28.3,21.3
Princes Town,2017-04-08,74.4,7.010400000000001,18.3,101.1,1012.1,38.4,6.7,267.4,23.0,21502,65764,1,32.0,23.0,27.2,39.5,23.0,28.7,21.8
Princes Town,2017-04-09,71.1,0.0,19.7,106.2,1012.1,31.9,6.9,270.0,23.5,21469,65764,0,33.0,22.2,27.0,34.6,22.2,27.9,20.7
Princes Town,2017-04-10,71.1,0.0,20.8,103.2,1011.9,30.5,7.1,237.6,20.5,21437,65764,0,33.1,21.9,26.9,35.3,21.9,27.7,20.5
Princes Town,2017-04-11,73.3,0.0,17.2,106.5,1011.5,46.4,6.8,246.9,21.5,21405,65765,0,33.1,22.0,27.3,36.1,22.0,28.9,21.7
Princes Town,2017-04-12,72.2,0.0,17.2,105.2,1011.6,38.0,6.9,288.2,24.8,21373,65766,0,33.0,24.0,27.9,38.1,24.0,29.6,22.1
Princes Town,2017-04-13,73.9,0.0,16.1,116.4,1012.0,48.9,7.2,238.6,20.5,21341,65768,0,34.0,24.0,28.1,36.6,24.0,29.8,22.5
Princes Town,2017-04-14,76.4,0.0,17.2,107.5,1012.0,45.6,6.3,256.3,22.0,21310,65769,0,33.0,24.8,28.2,36.1,24.8,30.3,23.2
Princes Town,2017-04-15,74.4,0.0,23.0,98.7,1012.7,41.0,6.5,271.0,23.4,21279,65771,0,33.2,25.0,28.4,38.1,25.0,30.7,23.1
Princes Town,2017-04-16,73.0,0.0,17.2,97.2,1012.8,45.9,6.4,277.0,24.0,21249,65773,0,33.0,24.8,28.2,36.1,24.8,29.9,22.5
Princes Town,2017-04-17,73.8,0.0,19.7,99.4,1012.7,39.6,5.8,282.2,24.3,21219,65775,0,34.0,24.8,28.2,38.3,24.8,30.1,22.7
Princes Town,2017-04-18,77.0,0.9905999999999999,18.3,110.3,1013.1,41.6,6.8,275.4,23.9,21190,65778,1,32.9,20.9,27.0,36.7,20.9,28.3,22.2
Princes Town,2017-04-19,69.5,0.0,16.1,106.3,1012.7,44.2,6.8,286.7,24.8,21161,65781,0,33.0,23.9,27.8,35.3,23.9,28.9,21.2
Princes Town,2017-04-20,70.8,0.0,15.0,116.5,1011.8,40.8,6.6,277.3,24.0,21133,65784,0,34.0,23.8,28.2,37.3,23.8,29.7,21.8
Princes Town,2017-04-21,71.6,0.0,16.1,110.6,1011.7,50.3,7.2,254.1,22.2,21105,65788,0,34.0,24.2,28.3,37.3,24.2,29.9,22.2
Princes Town,2017-04-22,71.3,0.0,16.1,121.8,1012.6,31.5,6.8,292.5,25.3,21078,65792,0,34.0,24.0,28.4,37.3,24.0,30.1,22.2
Princes Town,2017-04-23,72.9,0.0,18.3,118.5,1012.5,39.8,7.2,256.7,22.1,21051,65796,0,33.8,23.9,28.1,36.6,23.9,29.7,22.2
Princes Town,2017-04-24,73.2,0.0,21.9,105.8,1012.4,38.9,6.4,262.1,22.7,21025,65801,0,33.1,25.0,28.6,37.1,25.0,30.6,22.8
Princes Town,2017-04-25,72.4,0.0,18.3,114.5,1011.7,35.9,5.9,298.6,25.7,21000,65805,0,35.0,24.0,28.7,37.7,24.0,30.7,22.6
Princes Town,2017-04-26,71.8,0.0,20.8,109.9,1011.7,35.6,5.8,295.5,25.5,20975,65811,0,33.8,24.9,28.8,37.8,24.9,31.2,22.8
Princes Town,2017-04-27,72.0,0.0,21.9,107.6,1012.5,36.6,6.8,279.0,24.0,20951,65817,0,34.0,25.7,28.8,38.3,25.7,31.0,22.8
Princes Town,2017-04-28,74.6,0.0,19.7,103.1,1013.8,47.9,6.9,307.7,26.5,20927,65823,0,32.0,24.0,27.9,35.8,24.0,29.6,22.6
Princes Town,2017-04-29,72.6,0.0,20.8,100.7,1014.1,45.6,6.5,247.6,21.3,20904,65829,0,34.0,25.7,28.5,38.3,25.7,30.5,22.7
Princes Town,2017-04-30,76.6,0.2032,23.0,107.3,1013.7,50.1,6.4,253.1,21.8,20882,65836,1,33.0,25.0,28.1,37.1,25.0,29.7,23.2
Princes Town,2017-05-01,74.0,0.2032,21.9,93.3,1013.5,47.2,6.7,249.3,21.5,20860,65843,1,34.0,25.0,28.3,37.7,25.0,30.7,22.9
Princes Town,2017-05-02,71.1,1.2953999999999999,23.0,90.0,1012.5,49.6,7.0,120.6,10.2,20839,65851,1,34.0,25.9,28.9,38.3,25.9,31.6,22.8
Princes Town,2017-05-03,74.6,0.1016,16.1,107.4,1012.5,42.8,6.2,259.6,22.4,20819,65859,1,34.0,25.8,28.7,38.3,25.8,31.6,23.4
Princes Town,2017-05-04,74.1,0.0,18.3,102.2,1011.8,36.8,6.3,250.5,21.6,20800,65867,0,34.0,25.0,28.6,38.3,25.0,30.8,23.1
Princes Town,2017-05-05,73.4,0.0,19.7,104.5,1011.4,32.3,6.3,276.7,23.9,20781,65876,0,33.8,25.0,28.6,37.1,25.0,30.5,22.8
Princes Town,2017-05-06,75.3,0.0,21.9,97.5,1012.1,47.9,6.6,251.8,21.6,20763,65885,0,34.0,25.9,28.4,39.1,25.9,30.9,23.3
Princes Town,2017-05-07,72.8,0.3048,20.8,98.6,1011.3,42.2,6.4,293.2,25.4,20746,65895,1,34.0,24.8,28.7,38.1,24.8,30.6,22.8
Princes Town,2017-05-08,77.1,0.889,17.2,101.9,1010.8,50.3,7.1,235.3,20.4,20729,65905,1,33.0,23.8,28.1,37.7,23.8,30.8,23.3
Princes Town,2017-05-09,77.0,0.9905999999999999,20.8,102.2,1011.5,47.0,6.7,227.4,19.8,20713,65915,1,33.0,25.0,28.3,38.1,25.0,30.5,23.5
Princes Town,2017-05-10,83.1,2.0065999999999997,21.9,102.6,1012.1,42.1,6.5,234.3,20.3,20698,65925,1,33.0,25.0,27.7,38.1,25.0,29.8,24.2
Princes Town,2017-05-11,80.5,4.0893999999999995,20.8,111.5,1011.8,42.1,6.9,246.1,21.3,20684,65936,1,32.0,24.9,27.4,36.8,24.9,29.5,23.6
Princes Town,2017-05-12,91.4,22.987,13.9,102.6,1012.4,49.1,6.6,144.4,12.5,20671,65948,1,30.0,25.0,25.9,35.1,25.0,26.8,24.3
Princes Town,2017-05-13,85.6,5.9944,16.1,103.8,1013.3,50.7,5.8,174.6,14.9,20658,65960,1,32.1,25.0,27.2,37.7,25.0,29.7,24.4
Princes Town,2017-05-14,88.1,16.9926,17.2,107.8,1012.9,50.5,5.6,201.6,17.4,20646,65972,1,31.0,25.0,27.1,37.8,25.0,29.6,24.8
Princes Town,2017-05-15,76.8,0.4064,19.7,100.8,1013.1,60.9,6.3,251.1,21.6,20635,65984,1,32.2,26.2,28.6,37.9,26.2,32.7,24.0
Princes Town,2017-05-16,75.1,0.0,20.8,104.7,1013.5,48.3,5.5,263.7,22.5,20625,65997,0,33.0,25.8,28.4,38.1,25.8,30.9,23.3
Princes Town,2017-05-17,73.5,0.0,20.8,104.9,1013.9,30.5,7.1,267.9,23.2,20615,66010,0,33.0,24.0,28.1,36.1,24.0,29.9,22.4
Princes Town,2017-05-18,72.3,0.0,23.0,102.8,1012.1,38.9,6.6,248.6,21.3,20606,66023,0,32.2,25.0,28.6,36.8,25.0,31.2,22.8
Princes Town,2017-05-19,82.3,4.724399999999999,19.7,103.0,1011.4,38.6,6.6,277.7,24.0,20598,66037,1,33.0,25.0,27.3,38.1,25.0,29.4,23.8
Princes Town,2017-05-20,75.6,0.0,18.3,102.1,1010.7,44.7,7.0,265.1,23.0,20591,66051,0,33.0,24.9,28.5,37.5,24.9,31.0,23.3
Princes Town,2017-05-21,77.3,6.2992,23.0,84.8,1012.2,48.6,6.2,253.6,22.1,20585,66065,1,32.0,25.0,28.3,36.8,25.0,31.1,23.7
Princes Town,2017-05-22,74.4,0.4064,20.8,95.8,1012.9,45.2,4.8,238.6,20.6,20579,66080,1,32.0,26.0,28.8,36.8,26.0,32.1,23.6
Princes Town,2017-05-23,82.5,20.0914,20.8,102.0,1013.8,49.3,6.5,153.9,13.4,20575,66094,1,33.0,24.0,27.8,39.3,24.0,30.9,24.3
Princes Town,2017-05-24,77.5,0.9905999999999999,18.3,100.5,1014.8,43.8,6.4,270.2,23.4,20571,66109,1,32.2,25.9,28.4,36.9,25.9,30.9,23.8
Princes Town,2017-05-25,75.1,0.0,20.8,98.8,1014.6,31.3,6.3,281.8,24.2,20567,66125,0,33.0,24.9,28.2,38.1,24.9,30.2,23.0
Princes Town,2017-05-26,73.7,0.0,20.8,103.4,1014.4,43.1,6.6,262.3,22.6,20565,66140,0,32.0,24.0,28.2,36.8,24.0,30.3,22.7
Princes Town,2017-05-27,77.7,0.0,18.3,105.5,1014.2,40.0,6.8,245.3,21.3,20563,66156,0,33.1,24.0,27.4,38.1,24.0,29.4,22.9
Princes Town,2017-05-28,85.8,16.9926,13.9,106.6,1014.2,39.4,7.5,247.4,21.4,20563,66171,1,32.0,23.0,26.7,39.2,23.0,28.9,24.0
Princes Town,2017-05-29,85.6,1.8795999999999997,21.9,99.7,1014.7,45.3,5.6,212.8,18.5,20562,66187,1,32.0,25.0,27.5,37.9,25.0,30.1,24.7
Princes Town,2017-05-30,75.5,0.508,95.8,96.5,1014.9,46.3,6.6,247.6,21.4,20563,66203,1,32.2,25.8,28.5,36.8,25.8,31.2,23.5
Princes Town,2017-05-31,80.8,4.0893999999999995,18.3,113.2,1014.9,41.9,6.8,259.8,22.3,20564,66219,1,33.0,24.9,27.6,37.5,24.9,29.2,23.6
Princes Town,2017-06-01,77.8,2.9972,21.9,108.2,1014.5,43.8,7.1,257.4,22.2,20566,66235,1,33.0,24.0,27.9,37.1,24.0,30.0,23.2
Princes Town,2017-06-02,87.3,13.9954,17.2,102.0,1013.7,47.2,6.5,146.9,12.9,20569,66252,1,30.9,24.0,26.6,36.6,24.0,28.1,24.2
Princes Town,2017-06-03,88.7,5.715,18.3,110.8,1013.4,47.7,6.1,217.7,18.8,20572,66268,1,30.8,25.0,27.2,37.2,25.0,29.7,25.1
Princes Town,2017-06-04,86.6,7.213599999999999,18.3,99.6,1013.0,55.4,6.6,258.3,22.4,20577,66284,1,33.0,25.0,27.6,39.3,25.0,30.2,24.9
Princes Town,2017-06-05,85.4,58.6994,19.7,97.0,1012.7,53.2,5.8,161.7,14.0,20581,66300,1,30.8,24.0,26.6,35.3,24.0,28.6,23.8
Princes Town,2017-06-06,83.0,0.0,19.7,99.9,1011.8,51.4,6.7,166.4,14.5,20587,66317,0,31.0,25.9,27.4,37.8,25.9,29.8,24.2
Princes Town,2017-06-07,80.6,2.3876,20.8,98.1,1011.8,50.9,6.8,243.2,20.9,20593,66333,1,32.0,25.8,28.2,37.9,25.8,31.0,24.3
Princes Town,2017-06-08,74.1,0.0,18.3,95.7,1012.4,44.0,7.2,254.8,22.0,20600,66349,0,32.8,25.0,28.6,36.9,25.0,31.1,23.1
Princes Town,2017-06-09,80.4,4.3942,18.3,100.3,1013.9,54.9,7.1,229.7,19.9,20607,66365,1,32.0,25.0,27.6,37.9,25.0,29.7,23.7
Princes Town,2017-06-10,84.2,11.5062,23.0,100.4,1014.6,48.4,6.5,213.8,18.3,20615,66381,1,30.0,25.0,27.2,36.2,25.0,29.6,24.2
Princes Town,2017-06-11,80.6,4.8768,19.7,87.2,1013.2,43.7,6.8,242.6,21.0,20623,66397,1,32.1,24.9,27.7,37.1,24.9,29.6,23.8
Princes Town,2017-06-12,79.2,0.3048,15.0,95.6,1012.3,40.1,7.1,203.9,17.5,20632,66412,1,32.0,24.9,27.8,36.7,24.9,30.1,23.6
Princes Town,2017-06-13,86.9,12.2936,19.7,106.7,1012.8,51.5,6.8,175.4,15.0,20642,66428,1,30.2,24.0,26.9,36.3,24.0,29.2,24.5
Princes Town,2017-06-14,83.6,8.991599999999998,16.1,111.7,1014.0,46.2,6.9,191.4,16.5,20652,66443,1,33.1,24.0,27.1,38.3,24.0,29.1,23.8
Princes Town,2017-06-15,93.1,46.99,16.1,100.4,1014.1,49.5,5.7,169.6,14.7,20662,66458,1,27.8,24.0,25.2,32.1,24.0,25.7,24.0
Princes Town,2017-06-16,90.8,34.721799999999995,17.2,101.6,1013.7,48.2,6.3,193.9,16.7,20673,66472,1,29.0,23.0,25.6,33.6,23.0,26.4,23.8
Princes Town,2017-06-17,84.4,10.2108,18.3,104.3,1012.7,36.8,7.0,224.0,19.4,20685,66487,1,32.0,23.0,26.7,37.9,23.0,28.5,23.7
Princes Town,2017-06-18,86.2,6.5024,19.7,104.5,1011.8,44.9,7.0,179.2,15.3,20696,66501,1,30.0,24.0,27.0,35.9,24.0,29.3,24.4
Princes Town,2017-06-19,85.0,10.7188,21.9,96.1,1011.8,49.3,6.6,186.0,16.0,20709,66514,1,32.0,23.8,26.4,36.8,23.8,27.8,23.6
Princes Town,2017-06-20,91.1,73.3044,28.9,113.2,1013.4,60.2,5.0,152.3,13.2,20721,66528,1,30.0,23.9,25.8,35.1,23.9,27.1,24.1
Princes Town,2017-06-21,78.8,0.0,19.7,97.8,1013.0,31.7,6.8,266.9,23.1,20734,66541,0,32.0,24.8,27.7,37.9,24.8,30.3,23.5
Princes Town,2017-06-22,73.7,0.0,15.0,110.0,1012.4,27.3,7.3,285.2,24.5,20747,66553,0,33.0,23.0,27.6,36.1,23.0,29.2,22.1
Princes Town,2017-06-23,91.4,41.9862,16.1,112.9,1012.2,43.6,5.8,210.1,18.2,20761,66565,1,29.0,23.0,25.2,33.7,23.0,26.2,23.7
Princes Town,2017-06-24,82.3,7.213599999999999,16.1,102.3,1013.9,46.1,7.0,172.2,15.0,20775,66577,1,31.2,23.7,27.2,37.8,23.7,29.6,23.7
Princes Town,2017-06-25,89.2,12.014199999999999,18.3,93.9,1014.1,51.5,6.5,165.5,14.2,20789,66588,1,31.0,24.0,26.4,37.8,24.0,28.0,24.4
Princes Town,2017-06-26,75.5,0.0,18.3,103.5,1013.2,34.5,6.5,262.8,22.6,20803,66599,0,32.2,25.7,28.3,37.9,25.7,30.7,23.3
Princes Town,2017-06-27,79.8,2.0065999999999997,18.3,87.5,1012.2,42.8,6.2,213.8,18.3,20818,66609,1,32.0,23.8,27.2,35.3,23.8,28.7,23.1
Princes Town,2017-06-28,89.0,34.5948,13.9,102.7,1012.1,45.1,6.9,212.9,18.4,20833,66618,1,30.0,25.0,26.8,36.2,25.0,29.0,24.8
Princes Town,2017-06-29,83.3,5.9944,16.1,120.2,1013.8,42.0,7.1,194.3,16.8,20847,66627,1,32.0,25.0,27.8,39.2,25.0,30.7,24.6
Princes Town,2017-06-30,83.2,0.9905999999999999,17.2,95.0,1014.7,41.8,7.2,192.2,16.5,20862,66636,1,32.2,24.7,27.4,38.2,24.7,29.6,24.1
Princes Town,2017-07-01,85.8,13.0048,13.9,106.8,1015.0,39.6,6.9,212.7,18.4,20877,66644,1,31.8,24.2,27.1,39.1,24.2,29.5,24.4
Princes Town,2017-07-02,85.1,24.993599999999997,20.8,76.9,1015.4,40.3,7.1,216.6,18.5,20893,66651,1,32.0,24.0,27.1,37.9,24.0,29.1,24.1
Princes Town,2017-07-03,81.5,0.0,17.2,78.1,1014.2,39.1,6.9,213.7,18.5,20908,66658,0,33.0,24.0,27.3,37.1,24.0,29.3,23.6
Princes Town,2017-07-04,77.2,0.0,15.0,112.4,1013.9,27.8,7.4,270.0,23.2,20923,66663,0,33.0,23.8,27.9,37.1,23.8,30.2,23.1
Princes Town,2017-07-05,83.2,8.991599999999998,23.0,96.8,1014.6,41.5,6.1,209.3,18.0,20939,66669,1,31.0,24.8,27.0,37.2,24.8,29.1,23.8
Princes Town,2017-07-06,78.2,0.1016,16.1,96.0,1014.4,39.4,7.0,204.2,17.6,20954,66673,1,32.0,24.0,27.8,37.9,24.0,30.1,23.4
Princes Town,2017-07-07,85.6,42.011599999999994,13.9,96.3,1014.4,42.0,7.2,200.1,17.4,20969,66677,1,31.0,24.8,26.8,36.6,24.8,28.7,24.1
Princes Town,2017-07-08,80.6,2.0065999999999997,16.1,107.2,1014.1,37.8,8.0,242.3,20.8,20984,66680,1,32.0,24.0,27.8,37.9,24.0,30.5,23.9
Princes Town,2017-07-09,80.4,0.0,16.1,103.2,1014.0,35.2,7.6,222.8,19.2,20999,66683,0,33.1,24.8,28.4,40.7,24.8,32.1,24.4
Princes Town,2017-07-10,75.4,0.0,18.3,96.4,1013.9,30.8,6.9,263.7,22.9,21014,66684,0,33.1,25.7,28.8,38.3,25.7,32.0,23.8
Princes Town,2017-07-11,76.5,0.0,15.0,104.7,1013.4,30.0,6.8,225.6,19.3,21029,66685,0,34.0,24.6,28.7,40.6,24.6,31.8,23.8
Princes Town,2017-07-12,87.1,21.996399999999998,18.3,89.7,1014.3,42.8,6.6,206.5,17.8,21044,66685,1,32.0,25.0,26.7,37.9,25.0,28.2,24.2
Princes Town,2017-07-13,85.6,2.8956,15.8,107.0,1014.2,41.6,6.6,198.0,17.0,21059,66685,1,31.1,24.0,27.1,37.8,24.0,29.6,24.3
Princes Town,2017-07-14,87.4,10.0076,10.3,155.8,1013.9,43.6,7.2,200.9,17.4,21073,66683,1,32.0,23.9,26.7,37.9,23.9,29.0,24.3
Princes Town,2017-07-15,78.6,0.0,13.9,107.3,1013.4,46.7,7.6,170.4,14.8,21087,66681,0,33.0,24.0,28.1,39.3,24.0,31.0,23.7
Princes Town,2017-07-16,76.9,0.0,16.1,105.2,1013.1,36.4,7.3,197.8,17.1,21101,66678,0,33.0,23.9,28.1,37.7,23.9,30.9,23.4
Princes Town,2017-07-17,77.8,5.0038,13.9,114.5,1013.8,41.2,7.1,247.5,21.3,21115,66674,1,32.0,25.0,27.9,37.9,25.0,30.3,23.5
Princes Town,2017-07-18,89.9,29.006799999999995,16.1,109.6,1013.9,47.2,6.2,216.4,18.9,21129,66669,1,32.0,23.0,25.7,37.9,23.0,27.2,23.8
Princes Town,2017-07-19,86.0,9.398,16.1,108.3,1013.9,41.7,6.6,175.0,15.0,21142,66664,1,32.1,24.0,26.9,39.2,24.0,29.4,24.2
Princes Town,2017-07-20,79.8,0.0,12.8,89.7,1013.7,43.8,7.0,246.2,21.3,21155,66658,0,31.8,23.8,27.2,36.4,23.8,28.9,23.1
Princes Town,2017-07-21,89.6,6.7818,13.9,334.5,1014.2,46.8,6.9,227.7,19.5,21167,66650,1,29.8,24.0,26.3,35.7,24.0,28.2,24.4
Princes Town,2017-07-22,87.8,3.9878,11.4,299.9,1014.4,42.7,6.6,221.4,19.3,21180,66642,1,32.0,24.0,26.9,37.9,24.0,29.3,24.6
Princes Town,2017-07-23,86.6,19.304,6.3,153.6,1014.1,47.3,6.7,212.3,18.4,21192,66634,1,31.0,24.0,26.7,36.6,24.0,28.8,24.2
Princes Town,2017-07-24,86.7,6.400799999999999,13.9,88.7,1014.5,47.0,7.1,223.5,19.2,21204,66624,1,31.0,23.9,26.7,37.8,23.9,29.2,24.2
Princes Town,2017-07-25,89.5,28.524199999999997,12.8,106.7,1014.4,48.8,6.5,228.9,19.5,21215,66613,1,31.0,23.7,25.9,36.6,23.7,27.1,24.0
Princes Town,2017-07-26,79.7,0.0,18.3,112.7,1013.3,39.4,7.5,224.3,19.4,21226,66602,0,33.8,22.0,27.2,38.8,22.0,29.5,23.0
Princes Town,2017-07-27,77.6,0.0,13.9,103.7,1012.3,40.5,7.4,186.2,15.9,21237,66590,0,34.0,24.7,28.6,40.6,24.7,31.6,23.9
Princes Town,2017-07-28,78.6,0.0,17.2,107.8,1012.8,41.7,7.4,248.9,21.5,21247,66577,0,33.0,25.0,28.6,40.7,25.0,32.2,24.2
Princes Town,2017-07-29,80.4,3.9878,16.1,111.4,1013.8,47.2,6.8,236.3,20.3,21257,66563,1,33.9,24.0,27.8,40.6,24.0,30.4,23.9
Princes Town,2017-07-30,88.0,12.090399999999999,16.1,94.5,1015.4,46.3,6.5,212.2,18.2,21266,66549,1,30.0,23.0,25.2,34.1,23.0,25.7,23.1
Princes Town,2017-07-31,78.5,3.9878,12.8,92.5,1014.5,44.9,7.0,205.7,17.8,21275,66533,1,34.0,25.0,28.2,39.4,25.0,31.2,23.9
Princes Town,2017-08-01,79.1,0.2032,13.9,99.8,1012.5,37.3,7.0,228.5,19.7,21284,66517,1,34.0,24.0,27.9,38.3,24.0,30.3,23.6
Princes Town,2017-08-02,86.2,50.9778,9.2,345.2,1012.3,44.0,6.8,193.9,16.8,21292,66500,1,32.0,24.0,26.9,39.2,24.0,29.1,24.2
Princes Town,2017-08-03,93.5,22.1996,10.3,96.4,1014.3,46.8,6.6,143.8,12.4,21300,66482,1,26.0,24.0,25.1,26.0,24.0,25.1,24.0
Princes Town,2017-08-04,80.6,3.9115999999999995,12.8,118.0,1015.4,52.6,7.6,180.5,15.6,21308,66463,1,33.0,23.0,27.4,39.3,23.0,30.1,23.5
Princes Town,2017-08-05,84.0,0.508,9.2,102.5,1013.9,46.0,7.1,222.4,19.1,21315,66444,1,33.0,24.9,27.1,37.1,24.9,28.9,23.9
Princes Town,2017-08-06,76.2,0.7111999999999999,12.8,96.0,1012.8,45.1,7.7,237.4,20.7,21321,66424,1,33.0,24.0,28.5,39.3,24.0,31.6,23.6
Princes Town,2017-08-07,78.1,0.0,16.1,97.3,1012.7,32.7,7.4,241.1,20.9,21327,66403,0,34.0,24.0,28.7,40.6,24.0,31.9,24.1
Princes Town,2017-08-08,75.7,0.0,13.9,104.5,1012.5,35.3,7.2,240.0,20.6,21333,66381,0,34.1,24.9,29.1,40.8,24.9,32.6,23.9
Princes Town,2017-08-09,91.8,37.0078,11.4,102.7,1013.7,55.6,5.1,212.2,18.3,21339,66359,1,31.0,24.0,25.8,37.8,24.0,26.9,24.3
Princes Town,2017-08-10,88.1,40.9956,16.1,97.9,1014.2,56.0,6.3,242.7,20.9,21343,66336,1,33.0,23.9,26.3,40.6,23.9,27.7,24.0
Princes Town,2017-08-11,81.3,0.1016,16.1,91.0,1012.9,35.2,7.5,229.7,19.9,21348,66312,1,33.1,24.0,27.8,39.3,24.0,30.6,23.9
Princes Town,2017-08-12,77.2,0.0,16.1,102.8,1012.7,35.4,6.9,228.6,19.6,21352,66287,0,34.0,24.0,28.7,39.9,24.0,31.7,23.8
Princes Town,2017-08-13,79.6,0.6096,18.3,96.8,1012.9,35.2,7.0,223.6,19.3,21356,66262,1,33.0,24.0,28.2,40.6,24.0,31.4,24.1
Princes Town,2017-08-14,73.5,0.0,16.1,100.0,1011.7,34.3,7.4,252.4,21.8,21359,66236,0,34.0,24.9,29.2,40.3,24.9,32.3,23.6
Princes Town,2017-08-15,77.6,0.2032,16.1,108.2,1010.9,38.3,6.4,209.9,18.2,21362,66209,1,34.0,25.0,28.8,40.6,25.0,32.3,24.2
Princes Town,2017-08-16,81.1,1.397,12.8,115.2,1011.4,35.2,6.6,246.0,21.3,21364,66182,1,33.1,24.7,28.0,40.8,24.7,31.2,24.2
Princes Town,2017-08-17,75.4,0.0,16.1,98.1,1011.4,41.4,7.3,240.5,20.6,21367,66154,0,35.0,25.0,29.0,39.7,25.0,31.7,23.7
Princes Town,2017-08-18,78.7,19.9898,11.4,272.6,1009.7,43.5,6.8,249.1,21.4,21368,66126,1,33.0,24.9,28.3,38.1,24.9,31.4,23.9
Princes Town,2017-08-19,73.7,0.0,16.1,113.6,1009.8,33.6,7.1,280.6,24.3,21370,66097,0,35.0,25.0,29.4,40.7,25.0,32.9,23.8
Princes Town,2017-08-20,86.8,43.1038,16.1,98.4,1012.0,42.3,6.3,191.7,16.7,21371,66067,1,31.0,24.0,26.8,37.8,24.0,29.1,24.4
Princes Town,2017-08-21,78.1,0.0,13.9,109.9,1013.4,36.1,7.5,253.0,22.0,21371,66037,0,34.8,24.0,28.6,41.6,24.0,31.9,24.0
Princes Town,2017-08-22,79.3,1.9811999999999999,11.4,116.2,1012.9,38.6,7.1,262.5,22.6,21371,66006,1,33.0,24.9,28.2,39.3,24.9,31.2,24.1
Princes Town,2017-08-23,73.9,0.0,11.4,102.8,1011.3,24.9,7.2,276.0,24.0,21371,65974,0,35.0,23.9,28.7,40.7,23.9,31.9,23.1
Princes Town,2017-08-24,73.0,0.0,17.2,102.7,1011.3,36.3,7.2,212.3,18.5,21371,65943,0,34.8,25.0,29.3,40.6,25.0,32.6,23.6
Princes Town,2017-08-25,71.0,0.0,15.0,89.7,1011.5,41.3,6.7,246.0,21.2,21370,65910,0,34.9,24.0,29.1,38.4,24.0,31.5,22.7
Princes Town,2017-08-26,80.2,0.0,18.3,95.4,1011.2,44.0,6.9,201.8,17.4,21369,65877,0,32.7,24.0,27.4,38.9,24.0,29.9,23.6
Princes Town,2017-08-27,83.9,2.9972,15.0,113.5,1011.2,52.5,6.7,187.6,16.4,21368,65844,1,32.0,24.0,26.9,38.1,24.0,29.2,23.7
Princes Town,2017-08-28,75.7,0.0,15.0,106.4,1011.8,38.0,6.9,269.9,23.2,21366,65810,0,34.0,25.8,29.1,40.6,25.8,32.3,24.0
Princes Town,2017-08-29,84.4,29.006799999999995,11.4,254.7,1012.7,39.1,6.9,227.1,19.7,21364,65776,1,32.0,24.0,26.9,37.9,24.0,28.7,23.9
Princes Town,2017-08-30,88.4,8.001,12.8,92.4,1012.6,43.3,6.6,145.1,12.5,21362,65742,1,30.0,24.0,26.2,35.1,24.0,27.8,24.1
Princes Town,2017-08-31,91.8,29.006799999999995,11.4,69.6,1013.8,51.0,6.9,200.0,17.2,21360,65707,1,30.0,24.0,25.9,36.2,24.0,27.3,24.4
Princes Town,2017-09-01,86.9,0.6096,11.4,73.2,1014.1,39.1,11.8,245.3,21.2,21357,65672,1,29.4,23.8,26.7,35.3,23.8,28.8,24.3
Princes Town,2017-09-02,85.8,0.3048,13.9,99.7,1014.1,43.0,10.7,244.4,21.3,21354,65636,1,30.7,23.6,26.8,36.6,23.6,29.0,24.1
Princes Town,2017-09-03,87.9,2.9972,5.8,108.5,1013.8,41.0,8.4,245.2,21.2,21351,65600,1,29.7,24.7,26.8,36.6,24.7,29.3,24.6
Princes Town,2017-09-04,81.8,0.0,10.3,162.5,1011.5,33.6,7.3,259.4,22.3,21348,65564,0,34.8,23.0,27.7,41.6,23.0,30.8,24.0
Princes Town,2017-09-05,79.7,0.0,13.9,283.8,1010.3,35.2,7.0,271.7,23.5,21344,65527,0,33.2,23.0,28.2,39.5,23.0,31.6,24.0
Princes Town,2017-09-06,82.4,5.0038,5.8,160.2,1011.5,47.9,6.6,193.4,16.6,21340,65490,1,32.0,24.0,26.8,37.9,24.0,28.6,23.4
Princes Town,2017-09-07,76.7,0.7111999999999999,11.4,110.9,1011.9,44.1,7.5,187.1,16.1,21337,65453,1,34.0,23.9,28.1,39.2,23.9,30.4,23.1
Princes Town,2017-09-08,82.6,0.2032,12.8,136.1,1010.5,41.4,7.0,170.1,14.7,21333,65416,1,33.1,24.8,27.6,40.3,24.8,30.3,24.2
Princes Town,2017-09-09,81.5,3.9878,10.3,113.7,1010.2,41.9,7.1,235.7,20.3,21328,65379,1,33.8,24.0,28.3,41.8,24.0,32.2,24.6
Princes Town,2017-09-10,73.1,0.0,12.8,101.2,1011.3,32.2,7.6,267.0,23.0,21324,65341,0,34.2,25.0,29.4,39.3,25.0,32.6,23.6
Princes Town,2017-09-11,88.9,19.9898,8.1,315.8,1010.7,54.5,6.2,177.9,15.4,21320,65303,1,31.0,25.0,26.9,37.6,25.0,29.0,24.8
Princes Town,2017-09-12,79.9,0.0,9.2,123.6,1011.0,44.7,7.5,196.4,17.1,21316,65265,0,34.0,25.0,28.5,40.6,25.0,31.9,24.4
Princes Town,2017-09-13,80.3,6.095999999999999,8.1,104.6,1012.8,43.6,7.2,157.0,13.5,21311,65227,1,33.0,23.9,27.2,38.1,23.9,29.3,23.3
Princes Town,2017-09-14,76.7,0.0,10.3,113.3,1013.6,43.6,7.1,208.3,18.2,21307,65189,0,35.0,26.0,29.1,40.7,26.0,32.2,24.1
Princes Town,2017-09-15,74.8,0.0,12.8,88.6,1013.0,34.7,7.3,229.7,20.0,21302,65151,0,35.0,25.0,29.0,39.6,25.0,31.8,23.6
Princes Town,2017-09-16,78.1,0.508,16.1,97.5,1012.1,39.4,7.4,258.0,22.3,21298,65113,1,34.0,25.0,28.8,40.7,25.0,32.1,24.3
Princes Town,2017-09-17,72.9,0.0,13.9,357.6,1010.8,36.6,7.1,253.7,21.9,21293,65074,0,36.0,23.0,28.8,40.8,23.0,31.1,22.7
Princes Town,2017-09-18,77.1,0.1016,10.3,249.3,1010.2,48.2,7.2,220.5,18.9,21289,65036,1,32.1,25.0,28.4,38.7,25.0,31.5,23.7
Princes Town,2017-09-19,85.5,2.0065999999999997,8.1,129.1,1011.9,46.1,6.5,127.2,10.9,21284,64998,1,31.0,24.2,26.7,36.6,24.2,28.4,24.3
Princes Town,2017-09-20,87.5,23.0124,8.1,104.6,1011.9,38.8,7.2,220.9,19.1,21280,64960,1,32.8,25.0,27.3,40.4,25.0,29.8,24.9
Princes Town,2017-09-21,84.9,0.3048,8.1,111.3,1011.5,68.8,11.8,242.6,21.0,21275,64921,1,32.3,24.6,27.9,39.2,24.6,31.4,25.0
Princes Town,2017-09-22,83.8,1.4223999999999999,9.4,109.9,1011.7,72.7,7.1,245.8,21.2,21271,64883,1,32.0,24.7,28.1,39.2,24.7,32.1,25.0
Princes Town,2017-09-23,88.5,4.699,10.3,91.0,1012.1,50.2,6.5,196.8,17.0,21267,64845,1,30.8,25.0,26.6,38.4,25.0,28.1,24.5
Princes Town,2017-09-24,90.8,10.287,16.1,87.0,1013.1,52.0,6.7,181.0,15.5,21263,64807,1,31.0,24.0,25.8,37.8,24.0,26.7,24.2
Princes Town,2017-09-25,87.5,21.005799999999997,11.4,104.7,1012.8,58.4,5.8,212.2,18.2,21259,64770,1,32.0,24.0,25.9,39.2,24.0,27.3,23.6
Princes Town,2017-09-26,78.0,0.0,17.2,94.8,1011.9,34.0,5.2,235.5,20.3,21255,64732,0,33.7,24.0,28.3,39.1,24.0,31.2,23.7
Princes Town,2017-09-27,89.5,9.423399999999999,8.1,103.6,1010.7,45.9,6.2,140.9,12.2,21252,64695,1,30.0,24.0,26.0,36.2,24.0,27.3,24.1
Princes Town,2017-09-28,86.6,40.1066,16.1,94.4,1010.6,55.7,6.2,209.1,18.1,21249,64658,1,33.0,23.0,27.2,40.6,23.0,29.8,24.6
Princes Town,2017-09-29,89.1,5.9944,9.2,102.0,1011.7,45.4,6.7,190.1,16.4,21245,64621,1,31.0,23.8,26.6,39.1,23.8,28.2,24.6
Princes Town,2017-09-30,84.1,0.0,12.8,100.9,1011.4,44.2,7.2,221.1,19.0,21243,64584,0,33.0,24.0,27.7,40.6,24.0,30.4,24.4
Princes Town,2017-10-01,87.6,8.991599999999998,9.2,82.8,1009.3,46.8,6.8,187.8,16.3,21240,64548,1,33.0,24.0,26.8,40.6,24.0,29.1,24.4
Princes Town,2017-10-02,86.5,9.017,11.4,87.5,1009.1,53.5,6.6,199.2,17.2,21238,64512,1,31.0,23.9,26.9,37.4,23.9,29.7,24.4
Princes Town,2017-10-03,85.7,4.495799999999999,12.8,96.8,1009.4,48.2,7.0,229.7,19.8,21236,64477,1,31.6,24.8,27.5,39.0,24.8,30.4,24.7
Princes Town,2017-10-04,81.5,0.3048,10.3,114.9,1010.5,47.5,6.4,242.8,20.7,21234,64441,1,33.0,24.8,28.4,40.6,24.8,31.9,24.7
Princes Town,2017-10-05,76.4,0.0,15.0,109.9,1011.9,37.0,6.9,250.5,21.7,21232,64406,0,34.0,25.0,29.2,40.6,25.0,32.7,24.2
Princes Town,2017-10-06,78.8,2.0065999999999997,10.3,100.7,1012.5,44.8,7.2,248.9,21.5,21231,64372,1,34.0,25.0,28.2,40.6,25.0,30.4,23.8
Princes Town,2017-10-07,91.7,13.0048,11.4,5.4,1012.6,52.8,6.4,203.7,17.7,21230,64338,1,32.0,23.9,25.4,37.9,23.9,26.5,23.9
Princes Town,2017-10-08,88.9,32.9946,11.4,82.2,1011.1,43.1,6.4,252.1,21.8,21230,64304,1,32.8,23.0,25.3,39.0,23.0,26.3,23.2
Princes Town,2017-10-09,86.2,6.095999999999999,8.1,164.1,1010.1,38.9,7.3,225.2,19.5,21230,64271,1,31.0,22.8,26.2,36.6,22.8,28.0,23.5
Princes Town,2017-10-10,80.5,0.7111999999999999,13.9,119.2,1010.2,42.2,7.5,258.2,22.2,21231,64239,1,33.2,24.0,28.3,40.6,24.0,31.8,24.3
Princes Town,2017-10-11,76.2,0.0,13.9,106.8,1010.0,41.8,8.4,262.9,22.5,21231,64207,0,34.0,25.0,28.9,40.6,25.0,32.2,23.9
Princes Town,2017-10-12,79.4,0.7111999999999999,18.3,102.7,1009.8,32.3,6.6,215.0,18.4,21233,64175,1,33.1,24.2,28.1,39.3,24.2,30.9,23.9
Princes Town,2017-10-13,80.6,0.9905999999999999,17.2,106.2,1009.6,40.7,6.3,228.9,19.7,21234,64144,1,34.0,24.2,28.1,40.6,24.2,31.2,24.2
Princes Town,2017-10-14,88.6,7.010400000000001,11.4,104.7,1010.6,40.0,6.5,197.0,17.0,21237,64114,1,32.0,24.0,26.6,37.9,24.0,28.0,24.4
Princes Town,2017-10-15,90.5,6.985,12.8,102.5,1011.9,52.9,6.2,190.7,16.4,21239,64084,1,29.0,24.0,25.8,34.6,24.0,27.0,24.1
Princes Town,2017-10-16,80.6,0.0,18.3,112.4,1012.7,48.6,7.5,223.7,19.3,21243,64055,0,34.0,25.0,28.4,40.6,25.0,31.7,24.4
Princes Town,2017-10-17,78.9,0.0,17.2,106.8,1012.8,41.4,7.0,224.8,19.5,21246,64026,0,34.0,26.0,28.7,40.6,26.0,31.9,24.3
Princes Town,2017-10-18,95.8,64.1096,11.4,109.8,1012.5,55.1,5.2,49.9,4.3,21251,63999,1,27.0,23.0,24.6,30.6,23.0,24.7,23.8
Princes Town,2017-10-19,93.1,31.2166,17.2,107.1,1012.4,56.8,5.1,55.7,4.7,21256,63972,1,28.0,24.0,25.2,31.9,24.0,25.9,24.0
Princes Town,2017-10-20,92.3,38.5064,17.2,110.7,1011.9,53.5,5.7,147.9,12.7,21261,63945,1,28.8,24.0,25.3,33.2,24.0,26.3,23.9
Princes Town,2017-10-21,88.3,21.920199999999998,16.1,109.7,1012.1,49.9,6.2,187.2,16.2,21267,63920,1,31.0,23.8,26.5,39.1,23.8,28.7,24.3
Princes Town,2017-10-22,84.7,9.6012,13.9,95.0,1013.1,43.1,6.0,212.8,18.2,21273,63895,1,32.0,24.0,27.0,39.1,24.0,29.1,24.1
Princes Town,2017-10-23,83.6,0.7874,16.1,103.9,1011.8,39.6,6.8,193.5,16.8,21281,63871,1,31.1,24.0,26.8,36.8,24.0,28.8,23.7
Princes Town,2017-10-24,88.3,0.6096,11.4,102.1,1011.2,46.0,6.4,155.0,13.5,21288,63848,1,31.0,24.0,26.1,35.8,24.0,27.6,23.9
Princes Town,2017-10-25,82.3,0.0,8.1,124.4,1011.3,40.5,6.9,202.6,17.5,21297,63825,0,32.0,24.0,27.2,37.9,24.0,29.3,23.7
Princes Town,2017-10-26,83.6,0.0,10.3,116.5,1011.3,45.8,7.3,123.8,10.7,21306,63804,0,31.0,24.0,26.8,37.8,24.0,28.7,23.6
Princes Town,2017-10-27,80.6,0.0,12.8,107.2,1010.7,42.2,7.7,191.6,16.5,21315,63783,0,32.0,24.0,27.4,36.8,24.0,30.0,23.7
Princes Town,2017-10-28,84.4,0.0,12.8,104.4,1010.6,40.1,7.5,216.3,18.6,21326,63763,0,31.0,24.7,27.4,36.6,24.7,30.1,24.4
Princes Town,2017-10-29,81.7,0.0,11.4,101.2,1010.1,39.1,6.7,162.1,14.0,21337,63744,0,31.8,25.0,27.9,37.5,25.0,30.7,24.3
Princes Town,2017-10-30,87.3,2.9972,13.9,106.5,1010.8,45.6,6.7,186.0,15.9,21348,63726,1,28.0,24.8,25.8,31.6,24.8,26.6,23.5
Princes Town,2017-10-31,86.2,10.5918,12.8,111.1,1010.4,46.9,6.6,201.9,17.5,21361,63709,1,30.9,23.2,26.1,36.1,23.2,27.4,23.4
Princes Town,2017-11-01,82.6,0.4064,13.9,98.7,1010.9,49.9,7.0,225.6,19.5,21373,63693,1,32.0,23.0,26.3,35.8,23.0,27.6,22.8
Princes Town,2017-11-02,80.5,0.9905999999999999,13.9,104.7,1010.7,56.5,7.1,195.5,16.7,21387,63678,1,32.0,24.0,26.8,37.9,24.0,28.5,22.9
Princes Town,2017-11-03,91.0,0.3048,13.9,98.0,1010.4,51.2,7.4,139.6,12.1,21401,63664,1,28.0,23.9,25.3,31.9,23.9,26.2,23.7
Princes Town,2017-11-04,85.9,0.0,12.8,105.9,1010.6,43.3,6.6,107.9,9.4,21416,63651,0,30.0,23.8,26.4,36.2,23.8,28.6,23.8
Princes Town,2017-11-05,84.6,8.407399999999999,13.9,109.5,1011.5,42.7,7.1,244.1,21.0,21432,63638,1,31.8,24.0,27.4,36.6,24.0,30.2,24.4
Princes Town,2017-11-06,91.7,7.594599999999999,10.3,84.1,1012.3,74.1,6.3,154.6,13.4,21448,63627,1,30.0,24.0,25.8,36.2,24.0,27.1,24.3
Princes Town,2017-11-07,88.4,8.991599999999998,17.2,101.5,1010.3,66.7,6.6,163.7,14.1,21465,63617,1,30.0,23.7,26.6,36.2,23.7,28.7,24.4
Princes Town,2017-11-08,82.2,2.0065999999999997,15.0,102.2,1009.3,40.7,6.4,232.2,20.1,21483,63608,1,31.2,24.7,27.2,36.6,24.7,29.2,23.7
Princes Town,2017-11-09,79.6,0.9905999999999999,13.9,110.7,1009.6,34.1,6.2,252.5,21.8,21501,63600,1,31.7,23.9,27.2,35.5,23.9,29.2,23.2
Princes Town,2017-11-10,87.2,11.302999999999999,15.0,97.0,1009.2,46.8,6.5,220.7,19.0,21521,63593,1,29.1,23.9,26.0,34.6,23.9,27.6,23.7
Princes Town,2017-11-11,82.6,0.7874,16.1,96.7,1009.4,35.7,7.2,228.8,19.7,21540,63587,1,31.1,23.0,27.0,36.6,23.0,29.2,23.6
Princes Town,2017-11-12,80.2,0.0,17.2,95.5,1010.0,39.6,7.2,230.9,19.8,21561,63582,0,32.0,22.9,27.0,36.8,22.9,29.0,23.0
Princes Town,2017-11-13,81.2,0.508,20.8,94.4,1009.8,41.0,7.0,227.1,19.6,21582,63578,1,32.0,24.7,27.3,37.9,24.7,29.4,23.7
Princes Town,2017-11-14,85.4,0.2032,17.2,105.7,1009.2,51.9,7.0,210.0,18.2,21603,63575,1,32.5,25.0,27.2,39.6,25.0,29.4,24.3
Princes Town,2017-11-15,84.4,0.9905999999999999,13.9,103.9,1009.9,46.1,7.1,219.6,19.1,21626,63574,1,31.0,24.0,26.8,36.2,24.0,28.7,23.8
Princes Town,2017-11-16,82.1,0.0,13.9,105.9,1010.1,44.9,7.2,209.5,18.2,21649,63573,0,32.0,25.0,27.7,37.9,25.0,30.4,24.2
Princes Town,2017-11-17,78.9,0.1016,13.9,113.3,1009.6,44.1,7.4,222.8,19.3,21672,63574,1,32.1,25.0,27.9,36.6,25.0,30.3,23.7
Princes Town,2017-11-18,80.2,0.0,17.2,109.2,1008.8,42.6,7.6,201.7,17.6,21696,63575,0,32.0,24.8,27.6,36.8,24.8,29.9,23.6
Princes Town,2017-11-19,83.0,0.1016,18.3,99.9,1009.2,48.7,6.6,220.6,19.1,21721,63578,1,32.0,24.9,27.4,39.1,24.9,29.8,24.1
Princes Town,2017-11-20,86.6,24.002999999999997,18.3,97.8,1010.0,44.5,6.5,194.8,16.9,21746,63581,1,31.0,24.0,26.2,36.6,24.0,27.4,23.7
Princes Town,2017-11-21,94.2,13.0048,13.9,100.5,1010.9,50.5,6.4,144.6,12.4,21772,63586,1,27.0,23.7,24.7,30.6,23.7,24.9,23.7
Princes Town,2017-11-22,85.4,2.0065999999999997,18.3,98.7,1011.0,38.0,7.0,235.6,20.3,21798,63592,1,30.1,23.0,26.4,36.2,23.0,28.6,23.6
Princes Town,2017-11-23,80.5,0.0,12.8,107.6,1010.7,25.0,7.4,236.2,20.4,21825,63599,0,32.0,22.0,26.7,36.8,22.0,28.4,22.7
Princes Town,2017-11-24,86.2,2.0065999999999997,18.3,94.8,1011.1,43.3,7.2,175.5,15.2,21853,63607,1,30.0,22.0,26.2,35.7,22.0,28.1,23.6
Princes Town,2017-11-25,77.5,0.2032,11.4,106.1,1012.2,36.9,8.1,213.3,18.5,21881,63616,1,32.0,25.0,27.8,37.8,25.0,30.0,23.2
Princes Town,2017-11-26,80.2,0.1016,13.9,112.6,1011.9,33.0,8.8,221.4,19.2,21909,63626,1,31.3,24.0,27.2,36.7,24.0,29.3,23.3
Princes Town,2017-11-27,82.3,2.0065999999999997,17.2,105.1,1011.9,37.1,7.2,180.4,15.6,21938,63637,1,30.1,24.1,26.5,35.1,24.1,28.2,23.2
Princes Town,2017-11-28,78.7,0.0,17.2,105.7,1012.6,38.7,7.7,249.2,21.5,21967,63649,0,31.1,22.8,26.4,35.5,22.8,27.9,22.2
Princes Town,2017-11-29,74.9,0.0,13.9,105.1,1011.4,33.6,7.5,217.8,18.8,21996,63662,0,31.1,22.0,26.8,34.4,22.0,28.3,21.7
Princes Town,2017-11-30,88.0,5.0038,11.4,120.9,1010.2,46.3,7.2,146.2,12.9,22026,63676,1,31.0,24.0,26.3,36.6,24.0,27.7,24.1
Princes Town,2017-12-01,84.6,0.6096,18.3,107.4,1009.7,43.7,6.9,177.3,15.5,22056,63691,1,31.0,23.2,27.0,36.6,23.2,29.3,24.0
Princes Town,2017-12-02,80.2,0.0,16.1,101.5,1009.9,31.3,6.8,227.6,19.5,22087,63707,0,31.0,24.0,27.2,36.6,24.0,29.3,23.3
Princes Town,2017-12-03,89.4,26.0096,23.0,85.1,1010.3,51.8,6.3,165.5,14.3,22117,63724,1,29.0,24.0,25.5,33.6,24.0,26.3,23.6
Princes Town,2017-12-04,85.5,0.2032,16.1,105.8,1011.4,43.5,7.1,96.9,8.4,22148,63742,1,31.0,24.0,27.1,36.6,24.0,29.7,24.3
Princes Town,2017-12-05,86.6,14.985999999999999,18.3,89.0,1012.2,45.4,7.0,171.6,14.9,22180,63761,1,30.0,24.9,26.8,36.2,24.9,28.9,24.3
Princes Town,2017-12-06,83.4,6.095999999999999,18.3,103.7,1012.2,41.8,6.1,213.1,18.4,22211,63780,1,31.0,23.0,26.9,37.1,23.0,28.6,23.6
Princes Town,2017-12-07,81.4,0.0,23.0,104.8,1011.8,48.1,7.0,221.5,19.2,22242,63801,0,31.0,23.0,26.6,34.6,23.0,28.2,22.9
Princes Town,2017-12-08,80.4,0.0,19.7,103.5,1012.1,42.1,7.3,224.5,19.5,22274,63822,0,32.0,22.0,26.4,35.8,22.0,27.8,22.4
Princes Town,2017-12-09,87.0,2.9972,17.2,95.6,1012.3,46.8,6.1,198.4,17.1,22306,63844,1,29.0,24.0,25.6,32.8,24.0,26.7,23.2
Princes Town,2017-12-10,85.2,12.115799999999998,16.1,101.7,1011.3,49.8,6.9,191.6,16.5,22337,63867,1,30.0,22.7,25.8,34.2,22.7,27.1,22.9
Princes Town,2017-12-11,76.0,0.0,10.3,106.3,1010.8,34.5,7.2,195.4,16.9,22369,63891,0,32.0,20.0,25.3,34.9,20.0,26.2,20.4
Princes Town,2017-12-12,81.8,2.9972,56.0,100.4,1011.9,50.0,7.2,195.1,17.0,22401,63915,1,30.1,21.0,24.8,33.3,21.0,25.6,21.3
Princes Town,2017-12-13,86.5,0.0,18.3,94.7,1013.4,54.4,6.4,179.0,15.3,22433,63940,0,30.0,23.0,25.4,34.2,23.0,26.6,22.8
Princes Town,2017-12-14,80.1,10.1092,19.7,98.6,1013.3,27.3,6.3,216.4,18.6,22464,63966,1,31.1,23.0,26.8,35.5,23.0,28.6,22.8
Princes Town,2017-12-15,72.9,0.0,25.3,96.3,1013.7,29.4,6.7,224.0,19.3,22496,63992,0,31.0,23.0,26.7,34.6,23.0,27.8,21.1
Princes Town,2017-12-16,78.4,0.4064,17.2,88.2,1013.1,36.6,6.8,217.2,18.9,22527,64019,1,31.0,21.0,25.6,33.7,21.0,26.7,21.3
Princes Town,2017-12-17,80.6,1.016,18.3,92.7,1012.8,38.2,7.3,201.8,17.4,22558,64047,1,31.2,22.0,25.6,34.6,22.0,26.9,21.9
Princes Town,2017-12-18,79.5,0.3048,19.7,91.2,1013.1,31.3,7.2,214.8,18.5,22589,64075,1,31.1,21.0,26.1,35.6,21.0,27.4,21.9
Princes Town,2017-12-19,81.0,2.0065999999999997,23.0,88.4,1013.0,39.1,6.8,201.0,17.4,22620,64104,1,30.0,24.0,26.3,34.2,24.0,27.7,22.7
Princes Town,2017-12-20,84.6,8.001,15.0,86.8,1012.2,42.6,6.7,196.4,17.1,22650,64133,1,30.0,20.9,25.8,34.7,20.9,26.9,22.9
Princes Town,2017-12-21,78.5,0.508,18.3,103.6,1012.2,35.2,7.1,203.7,17.6,22680,64162,1,31.0,22.8,26.4,34.6,22.8,27.7,22.1
Princes Town,2017-12-22,78.5,0.0,23.0,97.0,1012.8,34.4,7.0,190.3,16.3,22710,64192,0,31.0,22.0,26.3,35.5,22.0,27.9,22.1
Princes Town,2017-12-23,77.4,2.0065999999999997,20.8,86.0,1012.7,34.8,7.1,193.0,16.6,22739,64223,1,30.0,23.0,26.0,33.3,23.0,27.0,21.6
Princes Town,2017-12-24,79.0,0.9905999999999999,17.2,87.6,1012.8,32.9,7.0,206.3,17.8,22768,64254,1,30.0,22.0,25.6,33.3,22.0,26.5,21.4
Princes Town,2017-12-25,82.1,0.8128,17.2,83.1,1012.1,47.9,6.5,188.8,16.4,22796,64285,1,30.0,21.0,25.3,33.3,21.0,26.3,21.8
Princes Town,2017-12-26,87.2,17.8054,20.8,100.4,1012.2,52.6,6.3,168.2,14.5,22824,64316,1,30.1,23.0,25.6,35.1,23.0,26.4,23.2
Princes Town,2017-12-27,92.4,12.5984,18.3,97.4,1012.2,61.8,5.8,135.0,11.7,22852,64348,1,29.1,22.9,24.6,33.6,22.9,25.2,23.2
Princes Town,2017-12-28,96.4,10.998199999999999,16.1,102.7,1011.8,59.1,5.8,162.0,14.0,22878,64380,1,28.9,23.0,24.7,34.5,23.0,25.5,24.1
Princes Town,2017-12-29,99.3,112.4712,16.1,98.5,1012.2,64.8,4.7,61.8,5.4,22905,64412,1,25.0,23.0,23.9,25.0,23.0,23.9,23.8
Princes Town,2017-12-30,99.0,1.0921999999999998,18.3,105.9,1012.7,55.1,5.5,76.6,6.6,22930,64444,1,25.0,23.8,24.1,25.0,23.8,24.1,23.9
Princes Town,2017-12-31,90.7,0.7111999999999999,16.1,107.8,1014.0,61.9,5.7,80.4,6.9,22955,64476,1,28.0,23.0,25.3,31.4,23.0,26.1,23.6
Princes Town,2018-01-01,88.4,9.8806,18.3,106.6,1013.1,41.4,5.7,80.4,6.9,22980,64509,1,30.0,23.0,25.9,35.2,23.0,27.2,23.7
Princes Town,2018-01-02,85.7,0.9905999999999999,17.2,102.0,1012.4,32.4,6.5,210.7,18.4,23003,64541,1,30.1,24.0,26.6,35.3,24.0,28.5,23.8
Princes Town,2018-01-03,82.7,0.0,23.0,109.6,1012.6,37.0,6.5,197.3,17.2,23026,64574,0,30.1,23.0,26.3,34.8,23.0,27.8,22.9
Princes Town,2018-01-04,81.0,0.0,16.1,102.0,1013.6,37.6,6.6,209.9,18.2,23048,64606,0,30.0,22.9,26.1,33.3,22.9,27.4,22.3
Princes Town,2018-01-05,82.6,0.6096,13.9,123.2,1014.7,44.4,6.6,213.8,18.6,23070,64639,1,30.0,23.0,25.6,32.8,23.0,26.3,22.2
Princes Town,2018-01-06,85.4,5.0038,17.2,113.5,1014.1,46.7,6.5,191.2,16.5,23090,64671,1,30.0,22.0,24.8,32.6,22.0,25.4,22.1
Princes Town,2018-01-07,80.9,0.0,19.7,111.5,1013.1,41.3,6.3,187.0,16.1,23110,64703,0,30.0,22.1,25.6,33.1,22.1,26.7,21.8
Princes Town,2018-01-08,77.4,0.0,15.0,108.9,1013.2,35.3,6.9,200.4,17.4,23129,64736,0,31.0,21.0,25.4,33.1,21.0,26.1,20.7
Princes Town,2018-01-09,78.2,0.0,12.8,119.0,1013.3,37.0,6.6,221.0,19.1,23147,64768,0,30.0,21.0,25.2,32.6,21.0,26.0,20.8
Princes Town,2018-01-10,86.1,5.9944,16.1,123.3,1013.5,56.9,6.2,192.2,16.4,23164,64799,1,30.0,22.9,25.1,34.2,22.9,26.2,22.5
Princes Town,2018-01-11,87.6,0.9905999999999999,17.2,111.0,1014.4,49.8,6.7,180.0,15.6,23180,64831,1,28.0,24.0,25.3,31.3,24.0,26.1,23.0
Princes Town,2018-01-12,89.1,6.1975999999999996,13.9,109.7,1013.8,50.7,6.6,174.3,15.0,23196,64862,1,30.0,22.0,24.8,34.2,22.0,25.6,22.8
Princes Town,2018-01-13,85.8,7.594599999999999,16.1,106.9,1012.7,41.3,6.7,196.4,16.8,23210,64893,1,29.0,21.9,25.4,32.8,21.9,26.9,22.7
Princes Town,2018-01-14,80.9,0.0,10.3,124.1,1012.1,48.6,7.0,207.5,17.9,23223,64924,0,31.0,22.9,25.9,34.6,22.9,27.1,22.1
Princes Town,2018-01-15,84.5,0.7874,15.0,109.1,1012.7,44.7,6.2,184.0,15.9,23236,64954,1,29.0,22.0,25.2,34.6,22.0,26.2,22.3
Princes Town,2018-01-16,90.9,14.020800000000001,17.2,108.0,1013.1,53.5,6.3,173.1,14.9,23247,64984,1,28.0,23.0,25.1,32.0,23.0,25.7,23.4
Princes Town,2018-01-17,87.6,0.7874,13.9,110.1,1013.2,59.3,6.6,188.7,16.4,23258,65013,1,29.1,23.0,25.7,33.6,23.0,26.9,23.4
Princes Town,2018-01-18,82.8,2.3114,17.2,108.9,1013.2,35.8,6.5,204.0,17.6,23268,65043,1,30.0,23.0,25.9,34.2,23.0,27.3,22.6
Princes Town,2018-01-19,82.3,2.0065999999999997,13.9,113.8,1013.8,36.2,6.6,214.5,18.3,23276,65071,1,30.1,22.8,25.8,34.2,22.8,27.2,22.4
Princes Town,2018-01-20,84.3,5.9944,18.3,110.8,1014.0,45.8,6.5,227.0,19.5,23284,65099,1,29.0,22.9,25.4,32.8,22.9,26.6,22.5
Princes Town,2018-01-21,88.2,0.8128,9.2,110.5,1012.6,49.5,6.2,218.5,18.8,23290,65127,1,28.0,22.9,24.9,31.3,22.9,25.4,22.8
Princes Town,2018-01-22,83.2,0.889,20.8,93.0,1011.9,47.8,6.8,232.6,20.0,23296,65154,1,30.0,23.1,25.9,34.2,23.1,27.0,22.7
Princes Town,2018-01-23,78.7,3.5052000000000003,17.2,108.6,1012.1,38.4,6.5,225.3,19.4,23300,65181,1,30.0,22.0,25.4,32.6,22.0,26.2,21.1
Princes Town,2018-01-24,76.3,0.0,13.9,119.5,1012.4,29.7,7.0,234.8,20.2,23303,65207,0,30.0,21.0,25.6,32.1,21.0,26.3,20.6
Princes Town,2018-01-25,83.4,0.9905999999999999,17.2,107.7,1012.8,54.2,6.6,210.8,18.2,23306,65233,1,30.0,22.6,25.2,33.3,22.6,26.1,22.0
Princes Town,2018-01-26,79.1,0.1016,16.1,88.8,1012.7,62.2,7.2,224.2,19.3,23307,65258,1,30.0,22.7,25.7,32.6,22.7,26.6,21.6
Princes Town,2018-01-27,79.4,0.0,17.2,81.5,1012.0,50.3,7.4,230.5,20.0,23307,65283,0,30.1,22.2,25.7,33.8,22.2,26.8,21.6
Princes Town,2018-01-28,79.6,0.3048,19.7,91.3,1011.6,40.1,6.8,223.7,19.3,23306,65307,1,30.1,22.7,25.7,33.3,22.7,26.7,21.7
Princes Town,2018-01-29,84.3,0.2032,16.1,100.0,1010.5,52.2,6.4,200.5,17.3,23305,65330,1,29.0,22.7,25.4,32.5,22.7,26.4,22.5
Princes Town,2018-01-30,79.3,0.889,16.1,101.2,1010.6,33.4,6.3,243.4,20.9,23302,65353,1,31.0,22.7,26.1,43.9,22.7,27.6,21.9
Princes Town,2018-01-31,82.2,2.6161999999999996,16.1,96.6,1011.7,67.6,6.1,222.5,19.0,23298,65375,1,29.0,23.0,25.1,32.1,23.0,25.8,21.7
Princes Town,2018-02-01,76.6,0.0,17.2,101.6,1012.8,40.5,6.9,215.8,18.7,23293,65396,0,30.1,22.8,25.9,33.2,22.8,26.8,21.2
Princes Town,2018-02-02,89.8,2.921,12.8,89.9,1012.8,47.0,6.2,195.9,16.8,23287,65417,1,27.0,21.0,23.4,28.9,21.0,23.5,21.5
Princes Town,2018-02-03,72.8,0.0,9.2,55.1,1012.5,49.0,7.4,214.4,18.5,23280,65438,0,30.0,22.0,25.5,31.3,22.0,25.9,19.7
Princes Town,2018-02-04,73.7,0.0,13.9,114.4,1012.6,39.1,7.2,262.1,22.6,23272,65457,0,30.0,19.9,24.7,31.4,19.9,25.2,19.2
Princes Town,2018-02-05,80.8,1.778,16.1,114.0,1012.7,43.0,7.0,207.7,17.9,23263,65476,1,29.0,21.0,25.2,31.8,21.0,26.3,21.5
Princes Town,2018-02-06,73.6,0.2032,18.3,98.7,1013.8,37.9,6.8,237.8,20.4,23253,65494,1,30.0,23.0,25.8,31.9,23.0,26.4,20.5
Princes Town,2018-02-07,76.8,0.6096,18.3,108.3,1013.9,48.7,6.7,226.7,19.6,23242,65512,1,30.0,21.0,25.2,31.9,21.0,25.9,20.5
Princes Town,2018-02-08,78.2,6.9088,24.2,110.1,1013.7,54.7,6.5,232.8,20.0,23231,65529,1,30.0,22.0,25.3,32.5,22.0,26.1,20.9
Princes Town,2018-02-09,73.2,0.0,18.3,113.5,1013.4,31.3,6.8,263.9,22.8,23218,65546,0,30.0,20.9,25.5,31.9,20.9,26.2,19.9
Princes Town,2018-02-10,76.7,0.8128,20.8,105.9,1014.2,37.0,6.7,237.0,20.5,23204,65561,1,29.0,22.0,25.4,32.1,22.0,26.2,20.8
Princes Town,2018-02-11,70.2,0.1016,23.0,100.1,1014.6,42.9,6.7,235.2,20.4,23189,65576,1,30.9,23.9,26.3,33.3,23.9,27.2,20.3
Princes Town,2018-02-12,64.6,0.0,20.8,95.2,1014.7,41.1,6.8,214.8,18.6,23174,65591,0,29.1,22.9,25.8,30.1,22.9,26.2,18.4
Princes Town,2018-02-13,71.2,0.0,16.1,112.0,1014.6,32.1,6.9,179.9,15.6,23157,65605,0,30.0,20.0,25.0,31.7,20.0,25.6,19.2
Princes Town,2018-02-14,76.2,0.0,20.8,98.1,1014.6,58.6,6.4,161.4,14.1,23140,65618,0,28.0,22.9,25.0,29.7,22.9,25.6,20.4
Princes Town,2018-02-15,76.4,0.7874,21.9,95.9,1014.6,47.9,6.5,172.7,14.9,23122,65631,1,29.0,23.0,25.1,31.4,23.0,25.7,20.6
Princes Town,2018-02-16,65.3,0.0,18.3,112.6,1014.8,47.7,6.8,222.9,19.4,23103,65642,0,30.0,23.0,25.9,31.4,23.0,26.3,18.6
Princes Town,2018-02-17,75.3,0.6096,20.8,94.6,1015.4,42.5,6.7,221.4,19.2,23083,65654,1,29.1,20.0,24.3,30.8,20.0,24.8,19.4
Princes Town,2018-02-18,71.0,0.6096,19.7,96.4,1014.8,57.8,7.1,268.4,23.1,23062,65665,1,30.0,21.7,25.3,31.2,21.7,25.7,19.3
Princes Town,2018-02-19,73.2,2.9972,18.3,102.3,1014.5,45.8,6.5,238.1,20.5,23041,65675,1,28.0,21.1,24.7,29.7,21.1,25.0,19.4
Princes Town,2018-02-20,73.3,0.3048,20.8,109.7,1014.9,36.7,7.0,231.3,20.1,23018,65684,1,30.1,21.9,25.1,30.9,21.9,25.4,19.6
Princes Town,2018-02-21,68.3,0.0,16.1,107.5,1015.6,44.4,7.1,236.0,20.5,22995,65694,0,30.1,21.1,25.4,30.9,21.1,25.8,18.9
Princes Town,2018-02-22,72.0,0.9905999999999999,20.8,91.0,1015.5,47.2,6.9,236.4,20.4,22972,65702,1,29.0,20.8,24.9,30.3,20.8,25.4,19.3
Princes Town,2018-02-23,72.5,0.0,17.2,98.5,1014.0,33.4,7.0,257.1,22.1,22947,65710,0,30.0,19.9,24.7,30.4,19.9,25.1,19.4
Princes Town,2018-02-24,86.4,3.5052000000000003,20.8,98.9,1013.4,71.7,5.8,178.7,15.4,22922,65717,1,26.3,20.0,22.8,26.3,20.0,22.8,20.3
Princes Town,2018-02-25,85.5,0.0,19.7,103.4,1014.1,69.4,6.4,219.7,19.0,22896,65724,0,29.0,20.0,23.9,31.4,20.0,24.6,21.2
Princes Town,2018-02-26,73.3,0.0,17.2,107.8,1014.1,49.1,6.9,238.4,20.7,22870,65731,0,30.0,20.9,25.3,31.3,20.9,25.8,19.8
Princes Town,2018-02-27,79.2,0.1016,13.9,111.8,1013.3,39.7,6.9,219.9,19.0,22843,65737,1,28.0,21.0,24.3,29.7,21.0,24.8,20.3
Princes Town,2018-02-28,83.6,1.0921999999999998,11.4,114.7,1012.6,49.6,7.2,217.5,18.7,22815,65742,1,29.9,20.0,23.9,32.4,20.0,24.6,20.7
Princes Town,2018-03-01,80.2,0.0,13.9,94.2,1014.0,45.2,6.8,231.1,20.1,22787,65747,0,29.0,20.0,24.6,32.1,20.0,25.3,20.7
Princes Town,2018-03-02,78.9,0.0,16.1,112.3,1013.5,44.5,7.1,235.1,20.4,22758,65752,0,30.0,21.0,25.2,33.1,21.0,26.3,21.1
Princes Town,2018-03-03,75.6,0.0,11.4,123.7,1011.2,54.4,7.1,254.0,21.9,22729,65756,0,32.0,22.0,26.1,36.8,22.0,27.2,21.1
Princes Town,2018-03-04,85.5,127.0,25.3,104.1,1010.0,59.0,6.1,215.8,18.6,22699,65760,1,31.0,21.2,25.5,35.5,21.2,26.7,22.8
Princes Town,2018-03-05,94.3,4.3942,10.3,105.6,1010.4,45.8,6.5,171.6,14.9,22668,65763,1,29.0,23.9,26.2,35.7,23.9,28.2,25.1
Princes Town,2018-03-06,85.6,0.9905999999999999,17.2,103.0,1012.6,57.6,6.7,185.8,16.2,22638,65766,1,30.8,22.9,26.9,39.1,22.9,29.8,24.2
Princes Town,2018-03-07,82.8,0.0,18.3,104.6,1013.8,52.3,6.3,270.1,23.3,22606,65768,0,31.0,24.1,27.0,36.6,24.1,28.9,23.7
Princes Town,2018-03-08,75.3,0.0,20.8,105.5,1014.4,40.9,6.6,254.1,21.8,22575,65771,0,30.7,24.0,26.7,34.6,24.0,27.9,21.8
Princes Town,2018-03-09,75.9,0.0,19.7,103.6,1015.3,48.9,6.5,261.8,22.6,22543,65773,0,30.0,23.0,26.2,33.3,23.0,27.3,21.4
Princes Town,2018-03-10,73.2,0.3048,18.3,95.2,1015.1,56.9,6.6,264.3,22.9,22510,65774,1,30.0,23.0,26.2,31.9,23.0,27.1,20.8
Princes Town,2018-03-11,74.4,2.9972,18.3,112.9,1014.6,39.7,6.6,263.7,22.7,22477,65775,1,30.0,23.0,26.1,32.6,23.0,27.0,20.9
Princes Town,2018-03-12,75.8,0.3048,18.3,108.8,1014.5,36.8,6.5,256.2,22.0,22444,65776,1,30.0,23.0,26.1,32.6,23.0,27.0,21.3
Princes Town,2018-03-13,73.5,0.2032,20.8,112.2,1014.5,34.9,6.6,289.3,25.0,22411,65777,1,31.0,23.0,26.3,33.1,23.0,27.2,20.9
Princes Town,2018-03-14,72.5,0.3048,17.2,106.3,1015.0,29.6,6.5,272.5,23.5,22377,65778,1,30.0,23.9,26.5,32.6,23.9,27.4,20.9
Princes Town,2018-03-15,73.0,0.0,18.3,111.6,1014.5,28.4,6.5,274.2,23.6,22343,65778,0,30.1,23.0,26.3,32.6,23.0,27.0,20.7
Princes Town,2018-03-16,72.6,0.0,20.8,112.3,1014.1,43.9,6.7,256.2,22.0,22309,65778,0,30.9,23.0,26.5,32.3,23.0,27.3,20.9
Princes Town,2018-03-17,71.8,0.0,17.2,113.4,1013.5,39.5,6.5,267.6,23.0,22275,65778,0,31.0,23.1,26.7,33.2,23.1,27.6,20.8
Princes Town,2018-03-18,71.9,0.0,16.1,114.4,1012.0,36.2,6.5,237.9,20.6,22240,65778,0,31.1,21.0,25.8,32.4,21.0,26.3,19.8
Princes Town,2018-03-19,70.6,0.0,18.3,115.9,1011.0,34.8,6.8,281.9,24.3,22205,65777,0,30.8,20.9,25.4,31.3,20.9,25.7,19.0
Princes Town,2018-03-20,70.5,0.0,16.1,116.0,1012.0,36.6,6.8,268.6,23.1,22170,65777,0,31.0,20.8,26.1,33.1,20.8,26.9,19.8
Princes Town,2018-03-21,83.7,8.991599999999998,20.8,108.8,1013.3,54.7,6.1,217.3,18.7,22135,65776,1,30.0,23.9,26.3,35.2,23.9,28.0,23.3
Princes Town,2018-03-22,74.8,0.0,20.8,115.9,1014.1,38.1,6.6,261.8,22.6,22100,65775,0,31.0,24.0,26.8,36.9,24.0,28.1,21.7
Princes Town,2018-03-23,72.3,0.2032,20.8,109.3,1013.6,42.7,6.7,259.4,22.4,22065,65775,1,30.0,22.0,26.1,31.4,22.0,26.8,20.3
Princes Town,2018-03-24,74.0,0.1016,17.2,100.2,1012.6,43.6,7.1,261.8,22.7,22030,65774,1,31.0,20.9,25.4,33.1,20.9,26.1,20.1
Princes Town,2018-03-25,79.2,0.1016,19.7,108.1,1012.9,55.5,6.4,269.0,23.2,21995,65773,1,30.0,22.0,25.6,33.3,22.0,26.7,21.6
Princes Town,2018-03-26,80.7,3.2003999999999997,17.2,104.3,1012.6,49.1,6.4,263.4,22.7,21959,65772,1,29.1,23.1,26.0,32.1,23.1,27.3,22.3
Princes Town,2018-03-27,74.3,0.0,15.0,110.8,1012.0,39.0,6.8,272.1,23.5,21924,65771,0,31.0,23.9,26.8,33.8,23.9,27.8,21.5
Princes Town,2018-03-28,75.7,0.0,15.0,122.4,1012.0,42.4,4.7,266.5,23.0,21889,65770,0,31.0,23.0,26.7,34.3,23.0,27.8,21.7
Princes Town,2018-03-29,75.6,0.0,15.0,115.3,1012.3,40.7,5.6,255.6,22.1,21854,65769,0,31.0,23.0,26.8,34.6,23.0,28.1,21.9
Princes Town,2018-03-30,73.0,0.0,16.1,112.4,1011.8,41.6,6.4,270.4,23.4,21819,65768,0,32.0,22.0,26.9,34.9,22.0,28.1,21.3
Princes Town,2018-03-31,75.1,0.0,17.2,104.9,1011.3,47.9,6.8,231.0,20.2,21784,65767,0,31.0,22.1,26.1,33.1,22.1,27.1,21.1
Princes Town,2018-04-01,72.7,0.0,16.1,108.4,1011.3,40.4,6.8,284.9,24.6,21749,65766,0,31.1,21.9,26.3,33.8,21.9,27.2,20.5
Princes Town,2018-04-02,74.4,0.0,16.1,102.4,1011.2,36.6,6.8,269.3,23.2,21714,65766,0,32.0,21.0,26.3,34.2,21.0,27.4,21.0
Princes Town,2018-04-03,73.9,2.0065999999999997,21.9,90.4,1011.4,45.4,6.8,258.1,22.5,21680,65765,1,31.1,24.0,26.9,33.8,24.0,28.2,21.6
Princes Town,2018-04-04,69.2,0.0,17.2,95.3,1011.5,36.5,6.9,255.5,22.2,21646,65764,0,32.0,23.0,27.2,34.2,23.0,28.2,20.7
Princes Town,2018-04-05,68.2,0.0,13.9,105.2,1011.4,35.3,6.9,249.5,21.5,21611,65764,0,32.0,22.9,26.7,33.6,22.9,27.4,20.0
Princes Town,2018-04-06,71.6,0.0,12.8,102.6,1011.9,33.3,6.7,273.8,23.6,21578,65764,0,32.0,21.1,26.4,34.9,21.1,27.4,20.3
Princes Town,2018-04-07,79.4,0.1016,18.3,106.0,1012.5,56.4,6.6,240.2,20.7,21544,65764,1,31.0,22.0,25.4,33.8,22.0,26.3,21.4
Princes Town,2018-04-08,77.6,5.0038,21.9,90.9,1013.0,54.2,6.9,253.2,21.8,21511,65764,1,31.1,23.0,26.2,34.8,23.0,27.2,21.7
Princes Town,2018-04-09,70.3,0.0,18.3,87.3,1013.3,37.8,7.1,232.3,20.1,21478,65764,0,31.0,22.0,27.0,33.8,22.0,28.2,20.8
Princes Town,2018-04-10,73.4,0.2032,20.8,92.9,1014.0,42.3,7.0,252.9,21.9,21445,65765,1,30.0,23.9,26.5,32.8,23.9,27.6,21.3
Princes Town,2018-04-11,73.4,0.508,16.1,96.2,1013.6,50.8,7.0,270.1,23.3,21413,65765,1,31.1,23.3,26.6,33.1,23.3,27.6,21.2
Princes Town,2018-04-12,84.2,8.966199999999999,16.1,100.6,1013.1,61.5,6.0,263.5,22.6,21381,65766,1,30.0,23.0,25.3,32.6,23.0,26.0,22.3
Princes Town,2018-04-13,72.8,0.3048,18.3,96.0,1013.9,38.7,6.7,226.9,19.5,21349,65768,1,31.0,23.0,26.6,33.8,23.0,27.4,20.9
Princes Town,2018-04-14,77.2,25.0952,20.8,93.6,1014.8,60.1,6.1,188.8,16.3,21318,65769,1,32.452000000000005,22.0,27.1,58.9,22.0,28.0,21.7
Princes Town,2018-04-15,78.6,0.1016,17.2,94.7,1015.6,45.3,6.5,241.1,20.7,21287,65771,1,29.9,23.9,26.3,33.0,23.9,27.7,22.2
Princes Town,2018-04-16,83.8,2.0065999999999997,15.0,102.5,1014.9,52.0,5.4,170.5,14.9,21257,65773,1,29.0,23.9,26.1,33.5,23.9,27.4,23.1
Princes Town,2018-04-17,88.7,3.8099999999999996,13.9,97.5,1014.4,51.6,5.6,222.9,19.2,21227,65775,1,28.1,24.4,25.8,32.8,24.4,26.9,23.8
Princes Town,2018-04-18,82.5,3.2003999999999997,18.3,103.3,1015.2,55.0,6.5,216.9,18.7,21198,65778,1,30.0,24.0,26.3,34.0,24.0,27.6,22.9
Princes Town,2018-04-19,80.3,0.0,19.7,94.1,1015.8,50.3,6.2,261.9,22.7,21169,65781,0,31.0,22.9,26.1,34.6,22.9,27.2,22.1
Princes Town,2018-04-20,78.0,0.0,19.7,97.6,1014.6,42.3,6.9,244.3,21.2,21140,65784,0,31.0,23.0,26.7,34.2,23.0,28.0,22.2
Princes Town,2018-04-21,80.0,0.4064,17.2,103.7,1013.1,43.5,6.8,253.7,21.9,21112,65787,1,30.1,23.0,26.6,33.6,23.0,28.2,22.6
Princes Town,2018-04-22,76.9,0.0,16.4,100.4,1012.8,39.3,7.0,284.6,24.3,21085,65791,0,31.1,22.0,26.7,34.7,22.0,28.2,22.0
Princes Town,2018-04-23,74.9,0.0,16.1,108.7,1013.4,47.0,7.1,267.7,23.1,21058,65795,0,31.0,23.9,27.1,34.6,23.9,28.4,21.9
Princes Town,2018-04-24,77.2,0.0,17.2,99.8,1013.6,47.2,6.8,232.8,20.1,21032,65800,0,31.0,23.9,26.5,35.6,23.9,27.7,22.0
Princes Town,2018-04-25,74.9,0.0,16.1,109.6,1013.6,42.6,6.8,261.4,22.4,21006,65805,0,31.0,23.9,27.1,34.6,23.9,28.6,22.0
Princes Town,2018-04-26,73.0,0.3048,17.2,105.4,1013.3,37.1,6.9,287.3,24.9,20981,65810,1,31.1,24.0,27.3,33.8,24.0,28.6,21.7
Princes Town,2018-04-27,72.3,0.0,15.0,115.9,1012.9,42.3,7.0,291.6,25.1,20957,65816,0,32.0,23.9,27.3,34.9,23.9,28.5,21.5
Princes Town,2018-04-28,72.5,0.0,18.3,106.3,1013.9,33.2,6.7,221.9,19.3,20933,65822,0,31.1,24.0,27.1,34.0,24.0,28.4,21.5
Princes Town,2018-04-29,75.4,0.2032,18.3,101.3,1014.4,53.5,6.4,237.2,20.6,20910,65828,1,32.0,24.0,27.1,34.9,24.0,28.3,22.1
Princes Town,2018-04-30,76.4,0.0,19.7,106.5,1014.1,43.4,6.4,268.8,23.3,20888,65835,0,31.0,24.9,27.3,35.4,24.9,28.9,22.6
Princes Town,2018-05-01,76.8,0.9905999999999999,19.7,103.3,1014.8,56.6,6.5,262.5,22.7,20866,65842,1,31.1,24.0,26.9,34.7,24.0,28.4,22.3
Princes Town,2018-05-02,77.7,0.2032,17.2,114.0,1014.7,46.2,6.5,243.3,21.1,20845,65849,1,31.0,23.9,27.2,35.6,23.9,29.0,22.7
Princes Town,2018-05-03,75.9,0.0,18.3,118.4,1013.9,44.2,6.6,260.3,22.6,20825,65857,0,31.8,24.0,27.5,34.7,24.0,29.2,22.6
Princes Town,2018-05-04,77.2,0.3048,20.8,109.8,1013.0,52.2,6.3,209.7,18.1,20805,65866,1,31.0,24.0,27.1,33.8,24.0,28.3,22.6
Princes Town,2018-05-05,79.2,0.3048,19.7,109.9,1013.7,52.9,6.5,255.4,22.1,20786,65874,1,31.0,24.0,26.8,34.6,24.0,28.5,22.8
Princes Town,2018-05-06,87.1,12.014199999999999,21.9,108.4,1015.1,51.3,6.1,214.6,18.5,20768,65883,1,29.1,24.0,25.6,32.8,24.0,26.3,23.2
Princes Town,2018-05-07,75.0,0.0,20.8,108.2,1014.9,41.8,6.8,258.0,22.3,20750,65893,0,31.0,24.0,27.2,34.6,24.0,28.6,22.1
Princes Town,2018-05-08,83.3,7.416799999999999,18.3,113.3,1014.6,64.8,6.3,216.1,18.6,20734,65903,1,31.0,23.9,25.9,34.6,23.9,26.9,22.6
Princes Town,2018-05-09,82.7,1.6001999999999998,20.8,99.2,1014.1,53.2,6.4,240.2,20.7,20718,65913,1,30.0,24.0,26.4,34.2,24.0,27.8,23.1
Princes Town,2018-05-10,81.4,0.9905999999999999,18.3,102.7,1014.3,52.9,6.6,263.1,22.8,20702,65923,1,30.0,24.0,26.7,34.1,24.0,28.3,23.2
Princes Town,2018-05-11,76.0,0.0,19.7,108.9,1014.8,40.0,6.6,263.1,22.6,20688,65934,0,31.0,25.0,27.5,35.6,25.0,29.2,22.7
Princes Town,2018-05-12,75.3,0.2032,20.8,103.7,1014.3,40.0,6.7,234.7,20.4,20674,65946,1,31.0,24.9,27.2,33.8,24.9,28.7,22.2
Princes Town,2018-05-13,84.8,11.5062,20.8,113.9,1013.5,58.8,5.9,231.6,20.0,20661,65957,1,30.1,24.0,26.3,35.2,24.0,27.7,23.4
Princes Town,2018-05-14,79.0,2.0065999999999997,25.3,103.5,1013.1,59.9,6.7,244.7,21.1,20649,65969,1,31.0,24.0,27.2,35.6,24.0,28.9,22.9
Princes Town,2018-05-15,79.5,2.3114,18.3,101.4,1014.0,49.7,6.4,255.9,22.1,20638,65982,1,30.0,24.0,26.7,34.1,24.0,28.4,22.7
Princes Town,2018-05-16,72.8,0.4064,18.3,105.6,1013.8,39.6,7.1,281.0,24.4,20628,65994,1,31.0,24.0,27.2,33.1,24.0,28.2,21.5
Princes Town,2018-05-17,70.1,0.0,17.2,110.9,1013.1,34.3,7.4,280.3,24.3,20618,66007,0,31.0,23.0,26.9,32.9,23.0,27.8,20.6
Princes Town,2018-05-18,73.1,0.0,18.3,113.2,1012.4,42.1,7.4,272.1,23.4,20609,66021,0,32.0,21.9,26.9,34.9,21.9,28.2,21.3
Princes Town,2018-05-19,83.9,0.2032,17.2,114.8,1013.7,68.1,6.9,151.2,13.1,20601,66034,1,27.9,24.0,25.7,30.4,24.0,26.2,22.7
Princes Town,2018-05-20,85.5,4.8768,17.2,106.9,1013.3,60.4,6.8,215.6,18.5,20593,66048,1,30.6,25.0,26.7,35.4,25.0,28.6,23.9
Princes Town,2018-05-21,83.8,4.013199999999999,16.1,121.7,1012.6,44.9,6.7,233.1,20.0,20587,66062,1,31.0,24.8,27.1,36.6,24.8,29.2,23.9
Princes Town,2018-05-22,87.4,3.302,23.0,108.5,1013.7,49.8,6.6,178.7,15.5,20581,66077,1,30.0,24.8,26.4,35.1,24.8,28.1,24.1
Princes Town,2018-05-23,81.1,2.0065999999999997,19.7,105.8,1014.8,53.5,7.2,260.6,22.6,20576,66091,1,31.0,24.0,27.3,35.5,24.0,29.3,23.5
Princes Town,2018-05-24,79.7,0.6096,17.2,110.2,1014.8,41.9,7.1,283.3,24.6,20572,66106,1,31.2,24.0,27.2,36.6,24.0,29.1,23.1
Princes Town,2018-05-25,78.4,0.0,20.8,114.8,1013.7,44.3,6.9,278.8,24.0,20569,66121,0,31.0,23.0,26.9,35.5,23.0,28.7,22.6
Princes Town,2018-05-26,87.3,11.6078,18.3,111.7,1013.1,56.0,6.5,232.8,20.1,20566,66137,1,30.0,23.0,26.4,35.1,23.0,28.4,24.0
Princes Town,2018-05-27,79.2,0.1016,20.8,102.8,1014.1,44.3,6.6,284.8,24.5,20564,66152,1,31.2,24.0,27.6,35.5,24.0,29.6,23.3
Princes Town,2018-05-28,75.5,0.0,18.3,105.5,1014.6,41.7,6.9,259.2,22.3,20563,66168,0,31.2,24.2,27.4,33.9,24.2,28.9,22.4
Princes Town,2018-05-29,75.7,0.0,17.2,105.3,1014.8,37.3,7.1,269.6,23.2,20563,66184,0,31.9,23.8,27.2,34.6,23.8,28.6,22.2
Princes Town,2018-05-30,77.9,0.889,18.3,104.7,1013.8,44.5,6.4,245.7,21.2,20563,66200,1,31.0,23.8,26.7,34.6,23.8,28.1,22.3
Princes Town,2018-05-31,78.5,0.4064,17.2,103.2,1012.8,56.3,6.7,247.6,21.6,20564,66216,1,31.2,23.0,27.0,34.6,23.0,28.6,22.7
Princes Town,2018-06-01,79.7,0.0,17.2,109.6,1012.0,53.3,5.9,141.7,12.3,20566,66232,0,31.0,25.0,27.4,34.6,25.0,29.7,23.4
Princes Town,2018-06-02,74.0,0.0,23.0,109.1,1013.2,54.0,6.3,254.3,22.0,20569,66248,0,32.0,25.8,27.9,35.8,25.8,29.8,22.7
Princes Town,2018-06-03,75.2,0.6096,19.7,105.3,1015.0,40.5,6.4,254.4,22.0,20572,66264,1,31.0,24.0,27.3,34.6,24.0,28.8,22.2
Princes Town,2018-06-04,75.5,0.3048,18.3,105.8,1014.7,58.4,6.7,209.4,18.2,20576,66281,1,32.0,24.0,27.9,36.8,24.0,30.0,22.9
Princes Town,2018-06-05,80.4,0.4064,17.2,108.4,1013.7,35.7,6.6,266.1,23.0,20581,66297,1,32.1,24.0,27.7,36.9,24.0,29.9,23.7
Princes Town,2018-06-06,75.0,0.0,25.3,100.7,1013.3,51.9,5.9,198.5,17.2,20586,66313,0,32.0,25.1,28.1,35.5,25.1,30.4,23.1
Princes Town,2018-06-07,76.6,3.9878,23.0,104.4,1014.7,39.3,5.6,260.5,22.4,20592,66329,1,31.0,24.8,27.3,35.1,24.8,29.1,22.7
Princes Town,2018-06-08,72.8,0.0,18.3,106.2,1015.1,31.0,6.3,278.1,24.0,20598,66346,0,32.0,24.0,27.2,34.2,24.0,28.5,21.6
Princes Town,2018-06-09,75.6,0.0,19.7,102.6,1015.0,54.2,6.4,258.1,22.3,20606,66362,0,31.8,22.8,27.2,34.7,22.8,28.8,22.2
Princes Town,2018-06-10,81.5,1.2953999999999999,20.8,105.2,1014.1,57.5,7.0,213.3,18.3,20613,66378,1,31.0,24.8,27.5,35.5,24.8,30.1,23.9
Princes Town,2018-06-11,71.9,0.2032,18.3,97.3,1013.5,52.3,6.7,233.3,20.2,20622,66393,1,32.0,25.0,28.4,35.8,25.0,30.6,22.6
Princes Town,2018-06-12,74.6,0.0,25.3,99.5,1014.4,54.0,5.3,270.2,23.4,20631,66409,0,32.0,24.9,28.1,36.8,24.9,30.3,22.9
Princes Town,2018-06-13,90.2,6.019799999999999,13.9,111.4,1015.3,66.3,5.3,200.5,17.4,20640,66424,1,28.0,24.0,26.0,32.7,24.0,27.2,24.2
Princes Town,2018-06-14,72.6,0.0,20.8,103.9,1015.7,34.0,6.6,277.9,23.7,20650,66440,0,32.0,24.0,27.7,34.1,24.0,29.2,21.9
Princes Town,2018-06-15,80.3,0.1016,17.2,105.6,1015.3,46.3,6.5,251.8,21.7,20660,66455,1,30.0,23.0,26.2,34.2,23.0,27.4,22.4
Princes Town,2018-06-16,89.5,3.4036,16.1,106.0,1015.6,45.6,6.3,187.9,16.0,20671,66469,1,28.0,24.8,25.9,32.7,24.8,26.9,24.0
Princes Town,2018-06-17,87.4,3.4036,18.3,105.5,1015.8,45.4,6.9,176.4,15.2,20682,66484,1,30.0,23.9,26.2,34.6,23.9,27.3,23.7
Princes Town,2018-06-18,90.6,18.008599999999998,15.0,106.7,1016.2,52.6,6.9,153.1,13.3,20694,66498,1,31.0,23.8,25.6,37.1,23.8,26.5,23.8
Princes Town,2018-06-19,93.2,10.668,11.4,90.8,1015.9,58.1,6.7,152.0,12.9,20706,66512,1,28.0,23.8,25.2,32.7,23.8,26.1,24.0
Princes Town,2018-06-20,90.6,47.980599999999995,13.9,115.1,1015.2,50.5,6.6,160.4,13.8,20719,66525,1,30.0,23.0,25.3,35.6,23.0,26.6,23.6
Princes Town,2018-06-21,88.5,6.604,11.4,116.0,1014.7,56.8,6.2,178.8,15.5,20732,66538,1,32.0,23.0,25.8,37.9,23.0,27.2,23.6
Princes Town,2018-06-22,79.6,0.0,19.7,101.4,1014.9,46.1,7.5,215.7,18.5,20745,66551,0,32.0,24.2,27.4,35.8,24.2,29.3,23.3
Princes Town,2018-06-23,78.2,5.0038,23.0,101.2,1013.9,55.1,6.7,248.3,21.5,20758,66563,1,31.0,25.0,27.6,35.6,25.0,29.4,23.2
Princes Town,2018-06-24,83.5,10.5156,21.9,101.3,1014.0,57.0,6.3,224.4,19.4,20772,66575,1,30.0,24.0,26.9,35.1,24.0,28.7,23.7
Princes Town,2018-06-25,83.3,7.594599999999999,19.7,100.5,1014.2,37.7,6.4,219.2,19.0,20786,66586,1,31.0,24.9,27.4,36.7,24.9,30.2,24.2
Princes Town,2018-06-26,79.0,0.0,20.8,102.3,1013.4,46.4,6.5,252.5,21.8,20800,66597,0,31.0,25.0,27.8,36.6,25.0,30.3,23.7
Princes Town,2018-06-27,75.1,0.0,19.7,97.9,1013.0,35.9,6.5,217.9,18.7,20815,66607,0,31.0,25.0,27.9,35.6,25.0,30.1,22.9
Princes Town,2018-06-28,81.4,0.508,16.1,102.3,1013.2,45.6,6.6,203.9,17.6,20830,66617,1,30.8,25.0,27.2,37.1,25.0,29.0,23.6
Princes Town,2018-06-29,81.7,7.112,20.8,101.3,1013.4,46.1,5.9,244.6,21.2,20844,66626,1,31.1,25.0,27.5,36.6,25.0,29.5,23.7
Princes Town,2018-06-30,90.1,5.4102,19.7,99.7,1011.7,52.1,6.2,181.8,15.6,20859,66635,1,29.0,24.0,26.0,34.6,24.0,27.6,24.2
Princes Town,2018-07-01,93.5,52.4002,16.1,115.0,1012.0,63.3,5.5,191.1,16.2,20874,66643,1,30.0,23.9,25.8,37.4,23.9,27.4,24.7
Princes Town,2018-07-02,82.9,0.2032,17.2,107.9,1012.4,39.7,7.0,249.2,21.4,20890,66650,1,31.0,23.8,27.3,37.8,23.8,30.2,23.9
Princes Town,2018-07-03,87.6,2.8194,17.2,116.6,1012.7,50.5,6.5,174.7,14.9,20905,66657,1,29.1,24.0,26.0,33.7,24.0,27.3,23.8
Princes Town,2018-07-04,85.5,8.6868,18.3,110.6,1013.5,55.4,6.5,183.9,16.0,20920,66663,1,31.0,24.7,27.0,36.6,24.7,29.4,24.2
Princes Town,2018-07-05,76.9,0.0,20.8,106.0,1014.0,38.0,6.8,242.5,21.0,20935,66668,0,30.1,24.8,27.2,34.4,24.8,28.8,22.6
Princes Town,2018-07-06,85.2,2.921,18.3,106.5,1013.2,54.0,6.4,206.7,17.8,20951,66673,1,30.0,24.9,26.6,35.1,24.9,28.2,23.8
Princes Town,2018-07-07,79.3,2.8956,18.3,108.0,1012.8,42.8,6.7,216.2,18.6,20966,66677,1,31.0,24.8,27.4,35.5,24.8,29.5,23.3
Princes Town,2018-07-08,79.8,0.7874,13.9,116.9,1013.0,44.9,7.0,243.0,20.9,20981,66680,1,32.1,24.0,27.3,37.1,24.0,29.1,23.2
Princes Town,2018-07-09,77.2,0.0,12.8,120.8,1014.5,47.7,7.0,216.1,18.6,20996,66683,0,32.7,24.9,28.4,36.8,24.9,31.2,23.7
Princes Town,2018-07-10,81.9,2.2859999999999996,13.9,127.6,1014.2,40.1,6.5,264.0,22.8,21011,66685,1,30.9,24.8,27.4,37.3,24.8,29.8,23.9
Princes Town,2018-07-11,85.5,6.1975999999999996,19.7,110.0,1014.1,47.5,6.2,185.5,16.1,21026,66686,1,30.0,25.0,27.2,37.4,25.0,29.8,24.5
Princes Town,2018-07-12,90.3,34.721799999999995,13.9,111.3,1015.2,55.1,6.1,130.3,11.1,21041,66686,1,28.0,23.0,25.7,31.9,23.0,26.4,24.0
Princes Town,2018-07-13,88.7,7.696199999999999,20.8,110.1,1015.2,58.4,6.4,149.6,13.0,21056,66685,1,30.0,24.0,26.2,35.1,24.0,27.9,24.1
Princes Town,2018-07-14,83.4,3.0987999999999998,13.9,121.7,1014.4,45.2,6.7,248.1,21.4,21070,66684,1,32.0,24.9,27.2,37.9,24.9,29.2,23.9
Princes Town,2018-07-15,85.4,3.4036,17.2,111.2,1014.1,43.1,7.0,262.3,22.6,21084,66682,1,31.0,24.0,26.9,37.8,24.0,29.6,24.2
Princes Town,2018-07-16,86.5,5.0038,20.8,120.2,1015.1,56.3,6.3,253.2,21.7,21099,66679,1,30.0,24.8,26.9,37.0,24.8,29.1,24.4
Princes Town,2018-07-17,77.7,0.0,18.3,104.7,1014.8,46.5,6.4,243.0,20.9,21112,66676,0,31.1,25.0,28.1,36.6,25.0,30.7,23.6
Princes Town,2018-07-18,88.3,5.9944,13.9,110.4,1013.7,47.2,6.4,201.1,17.4,21126,66671,1,30.0,24.9,26.6,36.2,24.9,28.4,24.4
Princes Town,2018-07-19,81.2,0.9143999999999999,16.1,109.0,1013.3,40.2,6.8,250.0,21.4,21139,66666,1,32.0,24.2,27.7,37.6,24.2,30.3,23.9
Princes Town,2018-07-20,75.0,0.1016,19.7,106.1,1012.8,32.4,6.3,254.1,21.9,21152,66660,1,31.9,25.0,28.3,36.6,25.0,31.0,23.2
Princes Town,2018-07-21,76.5,0.0,21.9,110.0,1012.7,42.8,6.7,210.4,18.1,21165,66653,0,32.0,25.0,28.0,35.8,25.0,30.4,23.3
Princes Town,2018-07-22,76.0,0.0,18.3,101.7,1012.8,35.7,7.1,247.2,21.4,21177,66645,0,32.0,25.0,27.8,35.8,25.0,29.7,22.9
Princes Town,2018-07-23,78.4,0.3048,19.7,99.9,1013.5,44.7,6.7,225.9,19.5,21190,66636,1,32.0,23.0,27.6,37.9,23.0,30.1,23.2
Princes Town,2018-07-24,82.1,12.9032,15.0,109.9,1015.1,42.8,7.0,212.0,18.3,21201,66627,1,32.0,24.9,27.6,37.9,24.9,30.1,24.1
Princes Town,2018-07-25,74.9,0.0,16.1,105.7,1015.0,32.2,6.5,278.7,24.0,21213,66617,0,32.0,24.0,27.8,35.8,24.0,29.9,22.7
Princes Town,2018-07-26,80.7,2.1082,16.1,115.9,1015.0,42.2,6.6,252.7,21.9,21224,66606,1,32.0,24.0,27.3,37.7,24.0,29.6,23.5
Princes Town,2018-07-27,86.5,8.991599999999998,12.8,101.5,1015.1,45.8,6.7,234.1,20.3,21235,66594,1,29.7,24.8,26.7,35.8,24.8,29.0,24.2
Princes Town,2018-07-28,82.2,2.6161999999999996,13.9,94.9,1014.6,54.5,7.0,165.8,14.3,21245,66581,1,30.2,24.0,26.8,35.1,24.0,28.6,23.3
Princes Town,2018-07-29,81.0,0.6096,19.7,106.9,1013.4,50.5,7.0,239.2,20.6,21255,66567,1,32.0,24.0,27.7,39.2,24.0,30.4,23.9
Princes Town,2018-07-30,85.4,6.223,19.7,109.3,1012.9,51.5,6.5,207.2,17.6,21265,66553,1,31.1,25.0,27.3,36.8,25.0,29.8,24.5
Princes Town,2018-07-31,91.3,41.9862,16.1,102.7,1013.8,71.2,5.4,185.8,16.0,21274,66538,1,28.1,24.0,25.6,32.7,24.0,26.7,24.1
Princes Town,2018-08-01,89.0,16.002,16.1,95.8,1013.7,55.8,6.4,120.9,10.4,21283,66522,1,29.2,24.0,25.8,34.6,24.0,27.0,23.7
Princes Town,2018-08-02,90.1,21.005799999999997,15.0,106.7,1013.3,61.7,6.2,143.9,12.5,21291,66505,1,30.0,24.0,25.8,35.1,24.0,26.8,24.0
Princes Town,2018-08-03,79.8,0.0,11.4,110.4,1012.6,41.7,6.9,216.7,18.7,21299,66487,0,32.0,22.8,27.2,36.8,22.8,29.2,23.0
Princes Town,2018-08-04,82.3,8.407399999999999,9.2,122.4,1012.2,58.4,6.9,207.1,17.8,21306,66469,1,32.0,24.8,27.4,36.8,24.8,29.7,23.9
Princes Town,2018-08-05,76.1,0.0,11.4,113.0,1013.2,40.0,7.7,276.4,23.9,21314,66449,0,32.0,23.9,27.9,37.9,23.9,30.5,23.1
Princes Town,2018-08-06,78.7,0.0,18.3,107.9,1013.8,43.1,6.5,214.4,18.5,21320,66429,0,32.0,23.9,27.8,37.9,23.9,30.9,23.6
Princes Town,2018-08-07,83.1,2.0065999999999997,18.3,112.9,1014.5,47.0,5.3,266.2,22.9,21327,66409,1,31.1,24.9,27.6,38.1,24.9,30.6,24.4
Princes Town,2018-08-08,79.0,0.0,15.0,107.1,1015.0,36.5,6.5,217.4,18.7,21332,66387,0,32.2,24.0,28.0,38.0,24.0,30.6,23.8
Princes Town,2018-08-09,88.2,2.3114,10.3,112.1,1015.4,51.4,6.7,250.5,21.6,21338,66365,1,29.2,24.0,25.9,34.6,24.0,27.2,23.7
Princes Town,2018-08-10,80.4,0.0,11.4,125.4,1014.9,37.6,7.4,246.2,21.3,21343,66342,0,32.0,23.9,27.6,39.2,23.9,30.6,23.7
Princes Town,2018-08-11,82.1,5.9944,15.0,104.0,1015.0,41.2,7.0,247.7,21.4,21348,66318,1,32.1,24.0,27.7,39.2,24.0,30.4,24.2
Princes Town,2018-08-12,75.6,0.1016,18.3,110.5,1014.4,41.7,6.5,262.1,22.6,21352,66294,1,33.0,25.0,28.1,38.1,25.0,30.5,23.1
Princes Town,2018-08-13,93.5,47.980599999999995,8.1,130.8,1013.0,59.1,5.5,131.8,11.5,21356,66269,1,27.0,22.9,24.5,31.1,22.9,24.8,23.3
Princes Town,2018-08-14,90.1,33.019999999999996,13.9,104.8,1012.6,59.3,6.5,156.4,13.4,21359,66243,1,32.0,23.8,26.1,39.2,23.8,27.6,24.2
Princes Town,2018-08-15,78.3,0.0,11.4,116.6,1013.8,31.5,7.1,280.6,24.3,21362,66216,0,32.0,22.8,27.2,35.8,22.8,28.8,22.6
Princes Town,2018-08-16,79.9,0.0,12.8,113.9,1015.2,37.8,7.8,271.9,23.6,21364,66189,0,32.0,22.8,27.3,37.9,22.8,29.6,23.2
Princes Town,2018-08-17,84.0,2.1082,13.9,127.5,1015.8,51.2,6.7,246.4,21.1,21367,66162,1,32.1,24.0,27.2,37.0,24.0,29.2,23.9
Princes Town,2018-08-18,89.2,23.875999999999998,10.3,108.0,1014.6,47.5,6.3,251.2,21.9,21368,66133,1,31.0,23.0,26.3,39.1,23.0,27.9,24.2
Princes Town,2018-08-19,80.9,0.1016,11.4,117.3,1014.6,43.3,7.0,221.2,19.1,21370,66104,1,32.0,24.0,27.7,39.2,24.0,30.6,23.9
Princes Town,2018-08-20,81.0,2.5146,13.9,106.2,1014.9,47.5,7.0,208.0,18.1,21371,66075,1,31.0,24.2,27.3,36.6,24.2,29.1,23.6
Princes Town,2018-08-21,93.6,46.4058,11.4,104.5,1015.0,66.6,6.0,193.2,16.7,21372,66045,1,30.1,23.1,25.4,36.3,23.1,26.6,24.3
Princes Town,2018-08-22,84.2,3.9115999999999995,12.8,114.1,1014.4,46.1,6.8,251.6,21.6,21372,66014,1,32.0,24.1,27.4,39.1,24.1,30.3,24.2
Princes Town,2018-08-23,92.9,23.0124,10.3,112.1,1013.7,52.8,6.2,212.7,18.4,21372,65983,1,30.0,23.9,25.4,36.2,23.9,26.8,24.1
Princes Town,2018-08-24,80.7,3.9115999999999995,13.9,108.2,1013.2,40.1,7.0,225.1,19.5,21372,65951,1,32.0,24.0,27.3,36.8,24.0,29.3,23.3
Princes Town,2018-08-25,83.6,0.0,16.1,109.3,1014.0,47.7,7.4,244.8,21.1,21371,65919,0,32.2,24.7,27.6,41.2,24.7,30.5,24.4
Princes Town,2018-08-26,85.5,0.0,13.9,112.8,1014.0,40.3,7.3,240.9,21.0,21370,65886,0,32.7,24.8,27.9,41.6,24.8,31.3,25.1
Princes Town,2018-08-27,78.7,0.0,16.1,107.1,1013.7,42.0,7.3,231.0,20.0,21369,65853,0,33.0,23.0,27.7,38.1,23.0,30.1,23.3
Princes Town,2018-08-28,91.3,0.1016,11.4,246.0,1013.0,42.6,6.8,243.9,20.9,21367,65819,1,32.0,24.0,26.2,39.1,24.0,28.0,24.6
Princes Town,2018-08-29,84.9,5.5118,11.4,124.8,1012.7,40.3,7.7,266.0,23.0,21365,65785,1,32.8,23.8,27.7,40.4,23.8,31.6,24.8
Princes Town,2018-08-30,83.2,0.0,13.9,114.1,1012.4,43.3,7.6,236.0,20.3,21363,65751,0,33.1,24.9,28.3,40.6,24.9,32.1,24.9
Princes Town,2018-08-31,88.7,3.9878,16.1,104.2,1012.5,45.2,6.2,252.7,21.8,21361,65716,1,31.0,24.8,27.3,38.9,24.8,30.6,25.2
Princes Town,2018-09-01,83.0,0.0,15.0,114.4,1011.6,41.0,6.9,295.8,25.6,21358,65681,0,32.1,24.0,27.7,39.4,24.0,30.7,24.3
Princes Town,2018-09-02,79.6,0.0,13.9,115.2,1011.4,31.7,7.1,270.5,23.3,21355,65645,0,34.0,23.2,27.9,41.9,23.2,30.9,23.7
Princes Town,2018-09-03,86.0,0.4064,13.9,113.8,1011.6,41.0,7.1,221.4,19.0,21352,65609,1,32.7,23.7,27.7,40.1,23.7,31.4,24.9
Princes Town,2018-09-04,86.9,1.7018,17.2,101.9,1011.5,53.1,6.8,220.9,19.1,21349,65573,1,31.0,25.0,27.5,38.8,25.0,30.7,25.0
Princes Town,2018-09-05,83.7,0.0,15.0,108.3,1011.6,47.5,6.9,265.3,22.9,21345,65537,0,33.0,23.0,27.8,40.0,23.0,31.3,24.5
Princes Town,2018-09-06,88.9,6.2992,15.0,110.9,1012.4,43.3,6.5,240.3,20.9,21342,65500,1,31.1,24.0,26.7,39.1,24.0,29.1,24.6
Princes Town,2018-09-07,86.3,8.001,12.8,112.1,1012.7,34.3,7.3,225.3,19.5,21338,65463,1,32.2,24.8,27.2,39.3,24.8,29.6,24.6
Princes Town,2018-09-08,86.4,0.3048,13.9,90.1,1012.5,48.4,7.2,234.0,20.2,21334,65426,1,33.0,23.8,27.9,43.8,23.8,32.6,25.3
Princes Town,2018-09-09,79.0,0.0,11.4,108.8,1011.6,38.9,7.4,229.5,19.9,21330,65388,0,34.0,24.0,28.3,40.6,24.0,31.6,24.0
Princes Town,2018-09-10,82.1,5.9944,13.9,116.4,1011.7,41.2,7.2,226.7,19.5,21326,65351,1,33.0,24.0,27.4,39.3,24.0,29.9,23.8
Princes Town,2018-09-11,77.4,0.0,13.9,113.7,1011.6,35.7,7.2,249.0,21.4,21321,65313,0,34.0,23.0,27.8,39.4,23.0,30.1,23.1
Princes Town,2018-09-12,86.6,30.7086,9.2,279.2,1010.6,47.4,7.0,249.9,21.8,21317,65275,1,32.0,22.0,26.3,37.4,22.0,28.1,23.7
Princes Town,2018-09-13,84.9,10.0076,9.2,146.2,1009.2,52.4,6.7,281.2,24.1,21313,65237,1,32.0,24.9,27.6,40.7,24.9,30.8,24.6
Princes Town,2018-09-14,77.4,0.0,16.1,124.0,1009.7,46.6,7.1,258.4,22.3,21308,65199,0,34.0,26.0,28.9,40.6,26.0,32.3,24.2
Princes Town,2018-09-15,86.3,0.6096,15.0,108.9,1010.6,44.6,7.2,232.6,20.2,21304,65161,1,31.8,24.1,27.7,38.6,24.1,31.1,25.1
Princes Town,2018-09-16,87.5,3.0987999999999998,10.3,121.6,1011.2,54.2,7.7,237.4,20.3,21299,65122,1,30.2,25.0,27.3,37.4,25.0,30.6,25.0
Princes Town,2018-09-17,90.5,5.8928,8.3,78.0,1012.7,92.5,7.7,156.3,13.4,21295,65084,1,28.6,24.2,25.7,34.1,24.2,26.6,24.1
Princes Town,2018-09-18,82.8,15.011399999999998,12.8,108.8,1012.2,51.7,7.3,225.2,19.6,21290,65046,1,33.0,23.8,27.7,39.3,23.8,30.8,24.3
Princes Town,2018-09-19,90.3,8.991599999999998,17.2,104.6,1011.9,59.4,7.2,243.0,21.0,21286,65008,1,31.7,24.9,26.8,39.1,24.9,29.3,25.1
Princes Town,2018-09-20,88.4,14.503399999999997,15.0,113.2,1012.3,49.4,5.3,193.6,16.8,21281,64969,1,31.1,23.1,27.1,37.7,23.1,30.0,24.8
Princes Town,2018-09-21,93.7,3.8861999999999997,16.1,108.7,1011.4,55.8,6.1,117.0,10.2,21277,64931,1,31.1,24.0,25.8,36.8,24.0,27.1,24.7
Princes Town,2018-09-22,83.0,0.1016,10.3,127.2,1010.7,47.9,7.2,175.2,15.3,21273,64893,1,32.0,24.0,27.5,37.9,24.0,30.3,24.2
Princes Town,2018-09-23,83.1,0.0,8.1,113.7,1011.1,44.5,7.5,197.8,17.2,21268,64855,0,33.0,23.0,27.2,40.0,23.0,30.0,23.9
Princes Town,2018-09-24,77.4,0.0,11.4,116.1,1012.2,43.1,7.6,232.7,20.2,21264,64817,0,33.0,24.8,28.3,37.1,24.8,30.9,23.6
Princes Town,2018-09-25,88.8,5.9944,17.2,101.3,1011.7,44.7,7.0,218.5,19.0,21260,64779,1,32.0,23.9,26.6,39.2,23.9,28.4,24.3
Princes Town,2018-09-26,88.7,1.7018,15.0,113.6,1009.8,45.6,6.6,173.9,14.8,21257,64742,1,31.0,24.0,26.9,37.8,24.0,29.6,24.7
Princes Town,2018-09-27,90.4,13.9954,6.9,221.2,1009.5,50.7,6.7,140.0,11.9,21253,64704,1,31.2,23.2,26.0,37.8,23.2,27.4,24.2
Princes Town,2018-09-28,89.9,18.1102,13.9,127.3,1011.1,48.1,6.2,202.8,17.4,21250,64667,1,32.0,23.0,26.2,39.2,23.0,27.9,24.3
Princes Town,2018-09-29,84.0,2.0065999999999997,15.0,116.3,1011.3,45.9,6.0,243.8,21.2,21247,64630,1,32.2,25.0,27.8,38.2,25.0,30.9,24.7
Princes Town,2018-09-30,92.3,9.9822,16.1,107.7,1011.1,43.1,6.4,209.2,18.0,21244,64594,1,30.0,24.9,26.2,37.1,24.9,27.6,24.8
Princes Town,2018-10-01,86.6,0.0,13.9,109.6,1011.2,45.3,6.8,244.6,21.2,21241,64557,0,32.0,24.9,27.3,39.2,24.9,30.4,24.8
Princes Town,2018-10-02,82.1,0.0,12.8,122.2,1010.9,36.1,7.6,255.7,22.2,21239,64521,0,33.0,24.8,27.9,42.1,24.8,31.0,24.4
Princes Town,2018-10-03,86.6,8.001,15.0,114.9,1010.5,40.3,7.0,239.1,20.7,21236,64486,1,32.8,24.0,27.3,40.6,24.0,30.5,24.7
Princes Town,2018-10-04,80.7,0.0,16.1,125.6,1011.1,40.3,7.3,258.7,22.5,21235,64450,0,33.0,26.0,28.7,40.6,26.0,32.2,24.8
Princes Town,2018-10-05,86.2,2.0065999999999997,16.1,119.0,1011.7,40.3,7.0,235.4,20.4,21233,64415,1,31.0,24.7,27.0,36.6,24.7,29.2,24.4
Princes Town,2018-10-06,90.7,23.5204,11.4,110.1,1011.5,50.3,6.8,210.3,18.3,21232,64381,1,29.9,23.0,26.3,38.9,23.0,27.9,24.7
Princes Town,2018-10-07,90.0,0.508,13.9,108.2,1011.7,42.1,7.4,165.5,14.4,21231,64347,1,29.0,24.7,26.3,35.6,24.7,28.1,24.5
Princes Town,2018-10-08,83.0,0.0,13.9,118.3,1011.1,41.4,7.6,234.8,20.4,21231,64313,0,33.0,24.0,28.0,40.6,24.0,31.5,24.6
Princes Town,2018-10-09,83.5,0.1016,17.2,105.5,1011.0,42.2,7.0,213.3,18.4,21230,64280,1,32.0,25.8,27.8,38.9,25.8,30.9,24.7
Princes Town,2018-10-10,84.3,0.0,13.9,93.7,1010.1,42.8,7.3,216.8,18.5,21231,64247,0,30.0,24.0,27.2,36.2,24.0,30.0,24.3
Princes Town,2018-10-11,78.7,0.0,11.4,111.4,1010.3,42.8,7.9,255.4,22.2,21232,64215,0,34.0,24.0,28.1,39.4,24.0,30.9,23.7
Princes Town,2018-10-12,77.5,0.0,11.4,117.7,1011.8,42.7,7.7,260.2,22.6,21233,64183,0,34.0,24.9,28.4,39.4,24.9,31.1,23.8
Princes Town,2018-10-13,73.9,0.0,11.4,119.9,1012.6,36.4,7.9,247.4,21.4,21234,64152,0,34.0,24.0,28.7,38.3,24.0,31.3,23.1
Princes Town,2018-10-14,75.8,0.0,13.9,114.9,1013.0,40.3,7.7,273.5,23.7,21237,64122,0,34.0,23.8,28.4,40.6,23.8,31.8,23.5
Princes Town,2018-10-15,86.7,3.302,13.9,92.4,1011.6,47.3,6.3,214.5,18.8,21239,64092,1,31.1,23.7,26.6,36.6,23.7,28.6,24.1
Princes Town,2018-10-16,90.8,0.9905999999999999,9.2,86.3,1010.2,44.7,6.7,157.0,13.7,21242,64062,1,30.0,24.7,26.9,37.4,24.7,30.1,25.2
Princes Town,2018-10-17,95.2,94.0054,23.0,107.2,1009.9,51.9,5.8,126.0,11.0,21246,64034,1,28.7,24.0,25.4,34.2,24.0,26.1,24.6
Princes Town,2018-10-18,95.1,48.9966,10.3,96.3,1010.0,53.7,5.5,83.1,7.0,21250,64006,1,27.0,24.0,24.9,30.1,24.0,25.0,24.1
Princes Town,2018-10-19,95.4,72.009,12.8,83.1,1009.7,55.1,4.6,132.1,11.4,21255,63979,1,29.0,23.0,24.8,35.6,23.0,25.4,24.0
Princes Town,2018-10-20,88.5,0.1016,12.8,105.1,1008.7,52.8,7.1,95.1,8.1,21260,63952,1,30.0,23.0,25.9,35.1,23.0,27.6,23.8
Princes Town,2018-10-21,88.8,5.9944,13.9,85.5,1008.5,53.7,7.9,152.4,13.2,21266,63926,1,32.0,24.7,26.7,38.8,24.7,28.7,24.5
Princes Town,2018-10-22,91.5,0.6096,15.0,112.0,1010.1,55.5,6.5,92.4,7.9,21272,63901,1,30.0,23.9,25.8,36.2,23.9,27.3,24.2
Princes Town,2018-10-23,83.2,11.811,15.0,106.3,1010.9,50.5,7.4,193.1,16.7,21279,63877,1,33.0,22.9,26.9,39.3,22.9,28.8,23.5
Princes Town,2018-10-24,80.9,0.0,13.9,101.6,1011.0,45.5,7.7,224.9,19.4,21287,63854,0,32.1,25.0,28.0,37.9,25.0,31.1,24.2
Princes Town,2018-10-25,76.7,0.0,12.8,110.1,1010.8,39.6,7.8,252.0,21.7,21295,63831,0,32.2,25.0,28.2,36.8,25.0,30.7,23.4
Princes Town,2018-10-26,80.7,0.0,13.9,112.5,1011.2,42.6,7.9,237.5,20.5,21304,63809,0,31.1,24.1,27.7,37.5,24.1,30.4,23.9
Princes Town,2018-10-27,75.2,0.0,13.9,109.9,1011.7,28.5,8.0,255.6,22.2,21313,63788,0,33.0,24.0,27.7,38.1,24.0,29.4,22.5
Princes Town,2018-10-28,76.6,0.0,11.4,107.1,1011.7,28.1,7.8,230.1,19.8,21323,63768,0,33.7,21.0,27.2,38.0,21.0,29.2,22.2
Princes Town,2018-10-29,80.3,0.0,9.2,118.1,1011.3,29.8,7.8,248.8,21.6,21334,63749,0,33.0,22.0,27.3,36.8,22.0,29.4,23.1
Princes Town,2018-10-30,85.6,9.9822,18.3,107.6,1011.7,51.2,6.9,205.9,17.8,21346,63731,1,32.2,23.9,27.3,39.1,23.9,30.1,24.5
Princes Town,2018-10-31,93.9,21.209,9.2,96.4,1012.8,46.3,6.9,165.0,14.3,21358,63714,1,26.0,24.0,25.3,26.0,24.0,25.3,24.2
Princes Town,2018-11-01,88.5,2.7178,11.4,97.6,1012.5,44.6,7.0,194.5,16.8,21371,63697,1,30.0,24.0,26.3,36.2,24.0,28.3,24.2
Princes Town,2018-11-02,85.4,5.0038,13.9,103.3,1011.6,47.9,6.3,128.7,11.1,21384,63682,1,30.0,24.1,26.7,35.1,24.1,28.5,24.0
Princes Town,2018-11-03,80.1,0.0,15.0,106.1,1011.1,43.1,7.2,188.6,16.4,21398,63668,0,32.0,25.0,27.7,36.8,25.0,30.2,23.8
Princes Town,2018-11-04,80.3,0.0,17.2,117.5,1010.3,37.3,7.6,232.7,20.1,21413,63654,0,33.0,23.0,27.4,39.3,23.0,30.0,23.5
Princes Town,2018-11-05,87.0,0.2032,12.8,115.8,1009.8,40.1,6.8,197.1,17.0,21429,63642,1,30.7,23.7,26.8,37.4,23.7,29.7,24.3
Princes Town,2018-11-06,88.7,1.2953999999999999,10.3,87.8,1009.4,41.0,6.7,163.1,14.2,21445,63630,1,32.1,24.0,26.6,39.4,24.0,28.4,24.4
Princes Town,2018-11-07,84.9,0.4064,10.3,115.6,1009.7,41.9,7.4,227.5,19.6,21462,63620,1,32.0,24.0,27.5,40.7,24.0,30.7,24.6
Princes Town,2018-11-08,80.5,0.0,9.2,122.3,1009.7,49.3,7.4,229.7,19.9,21479,63610,0,32.1,25.8,28.4,38.0,25.8,31.8,24.5
Princes Town,2018-11-09,80.0,0.0,11.4,121.0,1009.8,40.3,7.5,176.6,15.3,21497,63602,0,33.0,26.0,28.4,40.7,26.0,32.1,24.4
Princes Town,2018-11-10,76.5,0.0,11.4,130.0,1010.2,42.8,7.6,233.5,20.2,21516,63595,0,34.0,25.0,28.4,38.7,25.0,30.9,23.5
Princes Town,2018-11-11,81.0,2.0065999999999997,10.3,173.4,1009.6,39.7,7.0,215.0,18.7,21536,63589,1,34.0,24.0,27.9,40.6,24.0,30.6,24.1
Princes Town,2018-11-12,85.1,0.0,12.8,122.2,1010.4,37.7,7.1,221.9,19.2,21556,63583,0,32.0,24.0,27.4,39.2,24.0,30.4,24.5
Princes Town,2018-11-13,89.6,24.612599999999997,12.8,110.5,1011.1,55.1,6.5,185.1,16.1,21577,63579,1,31.0,23.9,26.7,38.3,23.9,28.7,24.7
Princes Town,2018-11-14,92.5,21.996399999999998,18.3,106.4,1010.9,57.4,5.4,166.1,14.3,21598,63576,1,29.0,24.7,26.0,34.6,24.7,26.8,24.6
Princes Town,2018-11-15,94.9,35.0012,15.0,105.1,1011.4,56.7,4.2,107.2,9.1,21620,63574,1,26.9,23.9,24.9,30.4,23.9,25.1,24.1
Princes Town,2018-11-16,86.5,45.1866,16.1,113.1,1011.5,48.9,6.0,172.5,15.1,21643,63574,1,31.0,24.0,26.6,36.6,24.0,28.6,24.0
Princes Town,2018-11-17,82.7,3.4036,15.0,112.6,1011.9,40.5,7.2,170.4,14.7,21667,63574,1,31.2,24.0,27.1,36.6,24.0,29.2,23.7
Princes Town,2018-11-18,84.6,2.1082,16.1,121.4,1012.1,46.8,6.7,202.0,17.6,21691,63575,1,31.0,24.2,26.8,36.6,24.2,28.6,23.8
Princes Town,2018-11-19,82.7,0.6096,16.1,110.0,1011.8,45.9,6.6,204.9,17.8,21715,63577,1,33.0,24.0,27.1,37.1,24.0,29.1,23.6
Princes Town,2018-11-20,86.9,0.7111999999999999,23.0,109.7,1012.2,48.6,6.8,201.1,17.3,21740,63581,1,30.9,24.0,26.3,36.1,24.0,28.1,23.8
Princes Town,2018-11-21,77.6,2.0065999999999997,18.3,108.2,1012.5,32.4,7.7,254.2,22.0,21766,63585,1,31.0,23.9,26.9,34.6,23.9,28.2,22.3
Princes Town,2018-11-22,81.2,0.0,15.0,107.4,1012.1,43.0,7.9,209.7,18.3,21792,63591,0,32.0,22.8,27.1,37.9,22.8,29.5,23.3
Princes Town,2018-11-23,80.5,0.889,16.1,114.5,1011.4,41.6,7.4,214.3,18.5,21819,63598,1,31.7,24.9,27.3,35.2,24.9,29.1,23.4
Princes Town,2018-11-24,80.7,0.0,16.1,111.2,1011.5,43.6,7.3,242.2,20.8,21846,63605,0,31.0,22.8,27.2,36.6,22.8,29.5,23.3
Princes Town,2018-11-25,80.3,0.2032,20.8,114.5,1011.6,47.0,7.2,188.9,16.3,21874,63614,1,31.0,24.0,27.6,35.3,24.0,29.8,23.6
Princes Town,2018-11-26,81.2,0.2032,16.1,105.8,1011.7,48.7,6.9,218.1,19.0,21902,63624,1,30.0,23.0,26.4,34.2,23.0,27.9,22.8
Princes Town,2018-11-27,84.1,2.0065999999999997,16.1,96.8,1010.9,44.5,6.6,192.8,16.6,21931,63635,1,31.0,23.0,26.7,37.8,23.0,28.8,23.7
Princes Town,2018-11-28,76.8,0.0,13.9,89.5,1011.7,52.6,7.0,192.0,16.7,21960,63646,0,30.0,24.8,26.8,33.3,24.8,28.1,22.2
Princes Town,2018-11-29,78.2,0.0,16.1,118.6,1012.9,53.8,7.0,239.3,20.7,21989,63659,0,31.0,22.9,26.6,34.6,22.9,28.2,22.3
Princes Town,2018-11-30,82.9,0.0,17.2,99.4,1012.8,45.2,6.8,200.3,17.3,22019,63673,0,31.0,22.0,26.3,35.4,22.0,28.1,22.9
Princes Town,2018-12-01,75.3,0.3048,20.8,93.8,1013.1,38.9,7.2,204.1,17.6,22049,63688,1,31.0,24.8,26.9,34.6,24.8,28.3,22.1
Princes Town,2018-12-02,81.7,2.794,17.2,95.5,1013.4,52.1,6.5,223.5,19.3,22080,63704,1,29.9,23.0,25.4,32.9,23.0,26.3,22.0
Princes Town,2018-12-03,79.3,0.0,25.3,91.2,1012.5,49.3,7.0,199.9,17.2,22110,63720,0,30.0,22.8,25.9,33.3,22.8,26.8,21.8
Princes Town,2018-12-04,80.1,0.0,13.9,117.0,1011.8,43.5,5.9,210.8,18.2,22141,63738,0,32.0,22.0,26.4,36.8,22.0,27.9,22.4
Princes Town,2018-12-05,78.4,0.0,18.3,102.2,1012.5,38.4,6.7,183.4,15.8,22172,63756,0,31.1,23.9,26.6,34.6,23.9,27.9,22.3
Princes Town,2018-12-06,74.9,0.0,15.0,98.6,1014.1,33.8,7.3,238.5,20.7,22204,63776,0,31.2,22.0,26.3,34.1,22.0,27.2,21.1
Princes Town,2018-12-07,82.7,0.2032,13.9,94.2,1015.6,55.0,6.7,195.2,16.9,22235,63796,1,30.0,22.8,25.6,33.3,22.8,26.6,22.2
Princes Town,2018-12-08,77.1,0.0,16.1,103.5,1015.1,33.6,7.2,208.8,18.0,22267,63817,0,31.0,22.8,26.4,33.7,22.8,27.6,21.7
Princes Town,2018-12-09,75.2,0.0,18.3,103.8,1015.2,38.5,7.4,204.9,17.9,22298,63839,0,31.0,21.0,25.9,32.0,21.0,26.6,20.7
Princes Town,2018-12-10,75.7,0.0,18.3,110.0,1015.5,38.0,7.4,192.2,16.6,22330,63862,0,30.0,22.8,26.2,32.6,22.8,27.2,21.3
Princes Town,2018-12-11,80.9,0.0,20.8,100.1,1015.8,39.6,6.8,195.7,16.9,22362,63885,0,30.0,24.0,26.6,33.7,24.0,28.1,22.9
Princes Town,2018-12-12,76.8,0.0,16.1,101.3,1015.2,29.4,6.8,196.4,17.0,22394,63909,0,31.0,24.0,26.8,34.2,24.0,27.9,22.0
Princes Town,2018-12-13,74.4,0.0,17.2,95.8,1015.0,40.8,6.7,243.5,20.9,22425,63934,0,31.0,22.0,26.3,33.1,22.0,27.2,21.0
Princes Town,2018-12-14,82.8,0.9905999999999999,23.0,95.3,1015.6,49.6,5.7,217.3,18.7,22457,63960,1,29.8,22.9,25.6,33.7,22.9,26.8,22.3
Princes Town,2018-12-15,79.5,0.2032,16.1,102.5,1016.9,32.9,7.0,218.7,18.9,22488,63986,1,31.0,21.0,25.4,33.1,21.0,25.9,21.2
Princes Town,2018-12-16,87.6,3.302,15.0,95.8,1016.0,49.8,6.0,209.0,17.9,22520,64013,1,29.0,23.0,24.9,32.8,23.0,25.6,22.6
Princes Town,2018-12-17,82.2,0.1016,17.2,101.3,1015.3,36.8,7.3,190.5,16.5,22551,64040,1,30.0,21.9,25.5,33.3,21.9,26.6,21.9
Princes Town,2018-12-18,79.7,0.1016,15.0,102.8,1014.6,36.8,7.4,226.7,19.7,22582,64068,1,30.0,22.0,25.9,32.6,22.0,27.1,21.8
Princes Town,2018-12-19,91.1,2.9972,17.2,99.9,1013.8,65.4,5.4,179.5,15.6,22613,64097,1,29.0,24.0,25.6,33.8,24.0,26.6,23.9
Princes Town,2018-12-20,81.6,4.495799999999999,15.0,102.3,1013.8,42.1,7.0,219.4,18.9,22643,64126,1,30.0,24.0,26.5,34.2,24.0,27.9,22.9
Princes Town,2018-12-21,81.5,0.508,13.9,100.0,1013.5,34.5,7.0,216.2,18.7,22673,64155,1,31.0,22.8,26.2,33.6,22.8,27.4,22.4
Princes Town,2018-12-22,81.8,2.794,18.3,99.5,1014.2,41.9,7.2,214.5,18.6,22703,64185,1,30.2,22.0,25.5,33.4,22.0,26.4,21.9
Princes Town,2018-12-23,77.4,0.2032,15.0,100.7,1014.1,39.8,7.6,243.9,21.2,22732,64216,1,30.0,22.0,25.7,32.6,22.0,26.8,21.2
Princes Town,2018-12-24,74.5,0.0,16.1,93.0,1013.2,55.6,7.0,187.8,16.3,22761,64246,0,29.9,24.0,26.1,31.9,24.0,26.8,21.0
Princes Town,2018-12-25,74.9,0.0,18.3,99.2,1013.3,40.5,7.5,221.6,19.3,22790,64278,0,29.9,23.0,25.8,32.0,23.0,26.5,20.8
Princes Town,2018-12-26,83.7,0.0,15.0,101.4,1013.6,36.4,7.1,199.7,17.2,22818,64309,0,29.7,21.9,25.3,33.8,21.9,26.7,22.2
Princes Town,2018-12-27,75.2,0.0,20.8,89.6,1014.0,28.3,6.8,214.7,18.8,22845,64340,0,30.2,23.0,26.3,32.6,23.0,27.2,21.3
Princes Town,2018-12-28,79.1,1.0921999999999998,18.3,91.8,1014.7,47.3,6.9,210.9,18.3,22872,64372,1,29.0,21.9,25.3,31.4,21.9,25.8,21.2
Princes Town,2018-12-29,79.0,0.1016,20.8,99.0,1014.1,38.2,7.0,193.8,16.8,22899,64404,1,30.0,20.0,25.1,32.6,20.0,26.1,21.0
Princes Town,2018-12-30,71.4,0.0,20.8,94.2,1013.6,30.6,7.1,206.2,17.7,22924,64437,0,30.0,22.7,26.3,31.9,22.7,27.1,20.5
Princes Town,2018-12-31,76.6,1.0921999999999998,17.2,99.7,1014.2,51.7,6.8,204.4,17.8,22950,64469,1,30.0,21.9,25.4,33.3,21.9,26.2,20.9
Princes Town,2019-01-01,79.6,0.508,21.9,86.2,1014.2,41.2,6.2,193.3,16.6,22974,64501,1,29.2,22.0,24.9,31.4,22.0,25.4,20.9
Princes Town,2019-01-02,84.5,0.889,17.2,97.5,1014.7,49.1,6.5,205.5,17.9,22998,64534,1,30.0,21.9,24.8,32.6,21.9,25.4,21.8
Princes Town,2019-01-03,74.3,0.0,19.7,86.6,1014.6,43.8,7.4,226.4,19.7,23021,64566,0,30.0,24.0,26.3,32.6,24.0,27.3,21.2
Princes Town,2019-01-04,70.3,0.0,23.0,96.3,1015.2,33.6,7.4,232.9,20.1,23043,64599,0,31.0,23.8,26.3,31.9,23.8,26.9,20.2
Princes Town,2019-01-05,77.3,0.0,17.2,108.9,1015.3,33.7,7.7,233.8,20.4,23065,64631,0,30.0,21.1,25.4,32.4,21.1,26.3,20.8
Princes Town,2019-01-06,80.1,0.0,16.1,103.5,1014.7,38.7,7.3,229.7,19.9,23086,64664,0,30.0,20.1,25.5,32.8,20.1,26.6,21.5
Princes Town,2019-01-07,79.0,0.0,18.3,99.7,1014.4,37.3,6.7,175.1,15.1,23106,64696,0,30.0,24.0,26.2,33.3,24.0,27.3,22.1
Princes Town,2019-01-08,74.6,0.0,17.2,101.8,1014.2,30.6,7.0,193.8,16.9,23125,64728,0,31.0,23.1,26.4,33.7,23.1,27.4,21.2
Princes Town,2019-01-09,75.3,0.0,15.0,106.3,1013.5,38.2,7.0,198.5,17.1,23143,64760,0,31.0,22.0,25.9,32.4,22.0,26.5,20.8
Princes Town,2019-01-10,79.1,0.0,15.0,114.9,1013.2,37.5,6.8,215.5,18.7,23160,64792,0,30.0,21.0,25.7,33.3,21.0,26.7,21.4
Princes Town,2019-01-11,76.2,0.0,15.0,126.2,1014.1,28.1,6.2,243.6,21.1,23177,64823,0,31.0,22.8,26.4,33.7,22.8,27.4,21.5
Princes Town,2019-01-12,75.3,0.0,16.1,106.3,1014.9,25.7,6.7,234.4,20.3,23192,64855,0,30.0,23.0,25.9,31.9,23.0,26.6,20.8
Princes Town,2019-01-13,72.4,0.0,15.0,107.8,1014.7,30.6,7.1,203.1,17.6,23207,64886,0,30.0,20.0,25.3,31.3,20.0,25.8,19.6
Princes Town,2019-01-14,74.6,0.0,12.8,114.2,1014.7,31.3,7.1,203.4,17.5,23221,64917,0,30.0,19.0,24.6,31.3,19.0,25.0,19.2
Princes Town,2019-01-15,76.3,0.0,16.1,105.3,1014.5,34.8,7.1,226.7,19.6,23233,64947,0,31.0,20.9,25.6,33.7,20.9,26.6,20.8
Princes Town,2019-01-16,77.7,0.0,20.8,97.0,1015.1,33.8,6.9,193.1,16.5,23245,64977,0,30.0,23.0,26.3,33.3,23.0,27.4,21.9
Princes Town,2019-01-17,80.6,10.0076,13.9,103.0,1015.5,48.7,6.7,227.2,19.7,23256,65007,1,30.0,23.8,26.1,33.3,23.8,27.0,22.3
Princes Town,2019-01-18,74.6,0.0,16.1,108.1,1014.7,34.3,7.1,231.3,20.0,23266,65036,0,31.0,23.0,26.4,33.1,23.0,27.2,21.2
Princes Town,2019-01-19,74.4,0.0,16.1,101.8,1014.4,30.8,7.3,240.4,20.7,23275,65065,0,31.0,21.0,25.8,31.9,21.0,26.4,20.4
Princes Town,2019-01-20,81.6,0.0,18.3,99.9,1014.7,32.4,7.2,234.4,20.4,23282,65093,0,31.0,20.9,25.4,33.7,20.9,26.6,21.8
Princes Town,2019-01-21,76.7,0.0,18.3,108.6,1015.2,32.0,7.0,231.8,19.9,23289,65121,0,31.0,23.0,26.6,34.6,23.0,27.6,21.8
Princes Town,2019-01-22,77.8,0.9905999999999999,20.8,92.5,1016.0,43.5,6.9,198.4,17.1,23295,65148,1,30.0,24.0,26.3,31.9,24.0,27.2,21.8
Princes Town,2019-01-23,76.8,0.3048,15.0,105.3,1015.8,43.1,6.9,205.3,17.8,23299,65175,1,30.0,23.2,25.9,31.9,23.2,26.8,21.3
Princes Town,2019-01-24,72.3,0.0,21.9,99.3,1015.4,31.3,7.1,237.7,20.4,23303,65201,0,30.0,21.0,25.8,31.9,21.0,26.4,20.1
Princes Town,2019-01-25,75.1,0.0,18.3,100.5,1015.6,29.4,7.1,223.0,19.2,23306,65227,0,30.7,21.0,25.6,32.7,21.0,26.3,20.4
Princes Town,2019-01-26,86.3,3.5052000000000003,13.9,106.0,1014.4,54.0,6.5,193.7,16.7,23307,65253,1,28.0,21.0,24.1,30.2,21.0,24.6,21.6
Princes Town,2019-01-27,78.3,0.0,16.1,109.9,1013.6,42.9,7.4,235.7,20.4,23308,65277,0,30.0,20.0,25.1,31.3,20.0,25.7,20.6
Princes Town,2019-01-28,81.7,0.0,17.2,103.3,1013.5,35.0,7.0,203.0,17.5,23307,65301,0,28.7,23.0,25.6,31.3,23.0,26.6,22.1
Princes Town,2019-01-29,75.5,0.3048,18.3,93.3,1013.2,38.7,6.9,218.4,18.8,23306,65325,1,29.0,22.2,25.7,30.8,22.2,26.3,20.8
Princes Town,2019-01-30,77.7,0.0,16.1,112.9,1013.7,34.8,8.0,222.9,19.3,23303,65348,0,32.0,21.0,25.7,34.9,21.0,26.7,21.0
Princes Town,2019-01-31,72.4,0.0,15.0,93.6,1013.9,35.0,7.7,227.6,19.7,23299,65370,0,31.0,21.0,25.4,33.1,21.0,26.1,19.7
Princes Town,2019-02-01,68.8,0.0,16.1,106.2,1014.2,28.0,7.5,243.2,20.9,23295,65392,0,30.0,21.0,25.3,30.8,21.0,25.6,18.7
Princes Town,2019-02-02,74.5,0.0,16.1,102.2,1014.0,39.4,7.3,231.1,20.0,23289,65413,0,30.0,20.0,24.9,38.0,20.0,25.7,19.7
Princes Town,2019-02-03,72.9,0.0,16.1,103.9,1013.1,29.0,7.0,240.3,20.8,23282,65433,0,32.0,20.0,25.3,33.4,20.0,25.8,19.4
Princes Town,2019-02-04,73.3,0.0,15.0,110.4,1013.0,29.9,7.2,231.6,19.9,23275,65453,0,31.8,21.0,25.9,33.2,21.0,26.6,20.3
Princes Town,2019-02-05,81.7,0.0,18.3,113.1,1013.1,51.4,6.7,206.2,17.8,23266,65472,0,30.0,23.7,26.3,33.3,23.7,27.5,22.7
Princes Town,2019-02-06,74.1,0.0,18.3,116.3,1013.2,41.0,7.4,256.1,22.1,23256,65490,0,31.0,23.9,26.7,33.1,23.9,27.5,21.4
Princes Town,2019-02-07,73.3,0.0,17.2,104.9,1013.2,32.4,7.3,257.2,22.1,23246,65508,0,31.1,22.0,26.4,33.1,22.0,27.3,20.9
Princes Town,2019-02-08,70.3,0.0,16.1,109.6,1012.9,33.8,6.7,256.0,22.2,23234,65526,0,31.0,23.0,26.4,31.4,23.0,26.9,20.1
Princes Town,2019-02-09,70.4,0.0,15.0,109.7,1013.5,29.9,6.9,266.6,23.0,23221,65542,0,31.1,21.0,25.9,32.4,21.0,26.3,19.4
Princes Town,2019-02-10,71.0,0.0,17.2,106.8,1013.6,35.4,7.1,225.5,19.5,23208,65558,0,31.7,20.9,26.0,32.6,20.9,26.7,19.9
Princes Town,2019-02-11,68.5,0.0,23.0,100.3,1013.6,31.6,7.2,236.0,20.5,23193,65573,0,29.7,22.0,25.4,31.4,22.0,25.8,18.9
Princes Town,2019-02-12,75.0,0.0,23.0,106.7,1014.4,36.6,6.9,250.7,21.7,23178,65588,0,30.0,22.0,25.9,31.9,22.0,26.7,20.8
Princes Town,2019-02-13,68.0,0.0,23.0,101.2,1014.9,28.3,6.4,264.8,22.9,23162,65602,0,31.0,23.0,26.6,31.8,23.0,26.9,19.7
Princes Town,2019-02-14,73.4,0.0,20.8,109.5,1014.6,31.9,6.6,212.9,18.2,23145,65615,0,32.0,23.0,26.6,33.5,23.0,27.5,21.1
Princes Town,2019-02-15,75.1,0.0,18.3,127.0,1014.3,53.1,6.6,265.0,23.0,23127,65628,0,32.0,23.9,27.2,34.2,23.9,28.3,21.8
Princes Town,2019-02-16,75.8,0.0,18.3,122.1,1014.6,37.5,6.2,254.5,22.0,23108,65640,0,31.0,25.0,27.5,33.7,25.0,28.9,22.5
Princes Town,2019-02-17,72.7,0.0,23.0,107.6,1015.4,45.8,6.6,242.0,21.0,23088,65652,0,31.0,24.0,27.1,33.7,24.0,28.2,21.5
Princes Town,2019-02-18,72.2,0.0,18.3,107.2,1015.7,40.7,6.7,220.9,19.2,23068,65662,0,31.0,22.0,26.1,33.1,22.0,26.8,20.3
Princes Town,2019-02-19,72.9,0.0,18.3,103.6,1015.3,44.4,7.0,269.7,23.3,23046,65673,0,31.0,23.7,26.4,33.1,23.7,27.2,20.8
Princes Town,2019-02-20,73.3,0.0,21.9,110.2,1014.3,31.3,7.4,254.8,21.9,23024,65683,0,31.8,20.0,25.9,33.3,20.0,26.7,20.3
Princes Town,2019-02-21,69.1,0.0,20.8,106.1,1014.7,39.1,7.3,235.5,20.4,23002,65692,0,31.0,23.7,26.6,33.1,23.7,27.4,20.2
Princes Town,2019-02-22,80.2,2.0065999999999997,20.8,104.8,1015.6,46.1,6.9,222.7,19.3,22978,65700,1,29.7,23.0,25.4,32.1,23.0,26.2,21.6
Princes Town,2019-02-23,77.3,4.3942,20.8,99.8,1015.4,39.4,7.0,246.7,21.4,22954,65709,1,30.0,21.9,25.4,32.6,21.9,25.8,20.7
Princes Town,2019-02-24,81.9,0.7111999999999999,18.3,100.5,1014.6,47.2,7.1,204.9,17.8,22929,65716,1,30.0,22.0,25.0,31.9,22.0,25.7,21.4
Princes Town,2019-02-25,85.2,5.1054,15.0,113.0,1014.3,53.2,6.1,228.0,19.9,22903,65723,1,31.0,22.0,24.9,35.5,22.0,25.7,22.1
Princes Town,2019-02-26,75.4,0.0,54.1,109.6,1015.3,36.6,7.4,278.1,24.0,22877,65730,0,30.1,22.7,26.1,31.9,22.7,26.9,21.1
Princes Town,2019-02-27,78.9,0.2032,21.9,108.4,1015.3,47.8,6.7,263.5,22.8,22850,65736,1,31.0,23.8,26.2,34.2,23.8,27.1,21.9
Princes Town,2019-02-28,75.5,0.1016,23.0,108.9,1016.1,41.0,6.9,261.6,22.5,22822,65741,1,30.2,23.7,26.4,32.8,23.7,27.3,21.4
Princes Town,2019-03-01,71.3,0.0,20.8,107.2,1015.8,29.9,6.9,273.5,23.7,22794,65746,0,31.0,21.8,25.8,32.4,21.8,26.4,19.8
Princes Town,2019-03-02,77.0,0.3048,19.7,109.7,1015.1,58.3,6.5,216.1,18.8,22766,65751,1,30.0,23.0,25.6,31.9,23.0,26.2,21.0
Princes Town,2019-03-03,82.2,0.2032,18.3,114.0,1014.1,53.0,6.1,210.9,18.3,22736,65755,1,29.0,23.0,25.1,31.4,23.0,25.7,21.7
Princes Town,2019-03-04,76.2,0.0,18.3,115.2,1014.1,32.4,6.6,231.2,20.0,22707,65759,0,30.7,22.9,26.1,33.1,22.9,26.9,21.2
Princes Town,2019-03-05,75.8,0.0,20.8,112.2,1014.3,42.6,6.2,248.8,21.4,22676,65762,0,30.0,23.0,25.9,32.2,23.0,27.0,21.2
Princes Town,2019-03-06,74.9,0.0,16.1,114.6,1014.7,38.7,6.7,257.4,22.3,22646,65766,0,31.0,23.0,26.6,33.7,23.0,27.7,21.4
Princes Town,2019-03-07,75.7,0.0,16.1,119.7,1014.1,38.0,6.4,257.4,22.1,22615,65768,0,31.1,23.0,26.8,33.7,23.0,28.1,21.8
Princes Town,2019-03-08,80.7,1.4986,20.8,114.5,1013.7,49.8,6.5,226.9,19.6,22583,65771,1,30.0,24.0,25.9,32.6,24.0,26.7,22.2
Princes Town,2019-03-09,73.2,0.0,18.3,115.8,1013.3,44.2,7.2,261.6,22.5,22551,65772,0,31.0,23.2,26.7,33.1,23.2,27.4,21.1
Princes Town,2019-03-10,75.0,0.0,20.8,109.6,1013.5,43.8,6.8,239.4,20.7,22519,65774,0,31.0,22.9,26.4,34.3,22.9,27.4,21.3
Princes Town,2019-03-11,75.3,0.508,15.0,116.0,1013.5,46.5,7.2,229.8,20.0,22486,65776,1,31.0,23.0,26.2,33.1,23.0,27.0,21.1
Princes Town,2019-03-12,83.4,8.991599999999998,16.1,108.2,1013.2,47.9,6.3,240.5,20.7,22453,65777,1,30.0,21.0,24.8,32.6,21.0,25.5,21.6
Princes Town,2019-03-13,80.5,0.2032,16.1,109.1,1013.1,59.2,8.0,224.3,19.4,22419,65777,1,29.8,23.8,26.3,33.0,23.8,27.3,22.4
Princes Town,2019-03-14,74.0,0.0,17.2,110.5,1013.4,41.7,7.2,253.7,21.9,22386,65778,0,31.0,24.0,26.8,33.7,24.0,27.8,21.5
Princes Town,2019-03-15,78.1,0.0,13.9,110.7,1013.5,45.5,7.2,181.2,15.6,22352,65778,0,31.9,23.0,26.5,34.9,23.0,27.8,22.1
Princes Town,2019-03-16,77.5,0.0,15.0,108.0,1013.6,43.1,6.6,270.2,23.3,22318,65779,0,32.0,24.8,26.9,35.8,24.8,28.3,22.4
Princes Town,2019-03-17,75.0,0.0,16.1,109.3,1013.7,37.8,4.4,279.9,24.2,22283,65779,0,31.0,22.7,26.4,33.7,22.7,27.4,21.3
Princes Town,2019-03-18,71.7,0.0,20.8,112.2,1013.7,28.3,4.6,270.2,23.5,22249,65778,0,31.0,23.2,26.7,32.2,23.2,27.4,20.7
Princes Town,2019-03-19,72.3,0.0,17.2,106.2,1013.7,29.2,5.1,265.8,22.9,22214,65778,0,31.0,22.0,26.8,33.2,22.0,27.8,20.9
Princes Town,2019-03-20,74.9,0.0,17.2,109.6,1013.2,35.0,6.4,279.5,24.1,22179,65777,0,31.0,23.1,26.8,34.6,23.1,28.2,21.7
Princes Town,2019-03-21,72.0,0.0,15.0,119.2,1013.0,33.6,6.0,246.1,21.2,22144,65777,0,32.1,23.0,27.1,35.0,23.0,28.3,21.2
Princes Town,2019-03-22,73.2,0.0,13.9,111.9,1013.4,48.0,6.5,268.9,23.2,22109,65776,0,32.0,22.0,26.8,34.9,22.0,28.2,21.2
Princes Town,2019-03-23,68.9,0.0,18.3,107.4,1014.8,42.9,6.5,291.9,25.2,22074,65775,0,32.0,24.8,27.4,33.5,24.8,28.2,20.8
Princes Town,2019-03-24,69.1,0.0,16.1,112.6,1014.8,31.5,7.0,276.6,24.0,22039,65774,0,32.2,22.8,27.2,33.7,22.8,28.1,20.6
Princes Town,2019-03-25,73.0,0.0,17.2,112.7,1013.2,40.7,6.9,248.3,21.7,22004,65773,0,31.2,22.0,26.7,34.0,22.0,27.8,21.1
Princes Town,2019-03-26,74.3,0.7874,15.0,121.2,1012.2,38.9,6.9,274.6,23.8,21968,65773,1,31.7,22.9,27.1,34.5,22.9,28.4,21.8
Princes Town,2019-03-27,86.4,0.7111999999999999,17.2,114.4,1012.6,44.4,6.3,264.2,22.7,21933,65772,1,29.0,23.9,25.3,32.0,23.9,26.1,22.8
Princes Town,2019-03-28,81.3,0.0,17.2,113.6,1013.1,42.0,6.9,250.1,21.7,21898,65771,0,32.0,23.0,26.4,36.8,23.0,28.0,22.7
Princes Town,2019-03-29,80.7,0.0,16.1,120.1,1013.2,44.0,6.7,260.3,22.5,21863,65770,0,31.0,24.0,27.1,35.5,24.0,28.8,23.2
Princes Town,2019-03-30,79.7,0.0,16.1,117.8,1013.3,46.3,6.9,260.0,22.4,21828,65769,0,31.0,24.0,26.9,34.6,24.0,28.5,22.9
Princes Town,2019-03-31,74.5,0.0,16.1,114.2,1013.2,39.4,6.9,265.3,23.0,21793,65768,0,32.1,24.0,27.4,36.8,24.0,29.0,22.2
Princes Town,2019-04-01,70.9,0.0,16.1,115.0,1013.3,31.5,6.7,258.3,22.3,21758,65767,0,32.1,23.0,27.3,34.5,23.0,28.4,21.1
Princes Town,2019-04-02,73.1,0.2032,17.2,107.2,1014.0,41.9,6.9,234.5,20.4,21723,65766,1,32.0,23.0,26.8,34.2,23.0,27.8,21.2
Princes Town,2019-04-03,81.7,0.7874,20.8,101.2,1014.9,53.7,6.2,224.4,19.2,21689,65766,1,29.9,23.0,25.5,32.3,23.0,26.1,21.9
Princes Town,2019-04-04,73.2,0.0,18.3,103.1,1014.3,34.0,7.3,261.6,22.5,21654,65765,0,31.0,24.0,27.1,34.2,24.0,28.3,21.5
Princes Town,2019-04-05,71.0,0.0,15.0,101.8,1014.1,37.3,7.1,293.2,25.3,21620,65765,0,32.0,23.8,27.1,34.9,23.8,28.3,21.1
Princes Town,2019-04-06,80.6,2.9972,21.9,108.9,1014.7,49.3,6.8,237.2,20.4,21586,65764,1,31.0,23.8,26.3,34.6,23.8,27.5,22.4
Princes Town,2019-04-07,66.9,0.0,18.3,99.8,1015.0,29.6,7.4,306.0,26.6,21553,65764,0,31.8,24.0,27.2,32.6,24.0,27.7,19.9
Princes Town,2019-04-08,73.9,0.0,15.0,106.6,1014.3,38.0,7.5,280.3,24.4,21519,65764,0,32.0,22.0,26.7,34.9,22.0,27.9,21.3
Princes Town,2019-04-09,73.9,0.0,19.7,108.6,1013.5,44.0,7.3,258.5,22.4,21486,65765,0,32.0,22.0,26.8,34.9,22.0,28.1,21.4
Princes Town,2019-04-10,74.0,0.0,17.2,110.7,1012.6,42.2,7.1,289.7,25.1,21454,65765,0,32.0,22.9,27.2,35.8,22.9,28.7,21.8
Princes Town,2019-04-11,74.2,0.0,19.7,116.6,1012.6,43.3,7.1,275.4,23.7,21421,65766,0,33.0,24.8,27.8,36.1,24.8,29.5,22.4
Princes Town,2019-04-12,73.2,0.0,17.2,117.2,1012.8,46.1,7.3,269.3,23.3,21389,65767,0,33.0,24.9,28.1,37.1,24.9,29.6,22.4
Princes Town,2019-04-13,74.9,0.0,23.0,112.5,1012.9,42.9,6.8,290.1,25.0,21357,65768,0,32.0,24.0,27.5,34.9,24.0,28.8,22.3
Princes Town,2019-04-14,72.1,0.0,21.9,108.9,1012.6,46.1,6.7,281.6,24.3,21326,65769,0,33.0,25.0,27.9,36.1,25.0,29.5,22.1
Princes Town,2019-04-15,72.5,0.0,17.2,115.5,1013.1,40.0,7.0,247.5,21.5,21295,65771,0,32.0,24.0,27.8,35.8,24.0,29.3,22.0
Princes Town,2019-04-16,75.3,0.0,21.9,104.8,1013.6,39.4,6.7,245.1,21.1,21265,65773,0,31.0,24.8,27.2,34.6,24.8,28.7,22.3
Princes Town,2019-04-17,82.1,0.0,17.2,102.9,1012.5,54.4,6.4,219.4,19.1,21235,65775,0,29.0,23.0,25.8,32.0,23.0,26.4,22.3
Princes Town,2019-04-18,75.8,0.4064,20.8,106.4,1012.3,59.1,7.1,206.0,17.7,21205,65777,1,33.0,24.8,27.1,35.3,24.8,28.3,22.2
Princes Town,2019-04-19,75.4,0.1016,19.7,111.8,1013.2,38.9,7.2,249.7,21.5,21176,65780,1,32.0,24.0,27.6,35.4,24.0,29.3,22.5
Princes Town,2019-04-20,75.3,0.1016,20.8,103.2,1013.9,48.6,6.4,244.8,21.2,21148,65783,1,32.0,24.8,27.4,34.2,24.8,28.9,22.4
Princes Town,2019-04-21,75.1,0.0,20.8,100.2,1013.3,48.2,6.6,259.9,22.4,21120,65787,0,31.0,25.0,27.6,34.6,25.0,29.2,22.6
Princes Town,2019-04-22,76.3,0.0,15.0,107.1,1012.0,50.7,7.0,251.0,21.8,21092,65791,0,31.1,24.0,27.3,34.6,24.0,29.0,22.6
Princes Town,2019-04-23,73.7,0.0,18.3,109.5,1011.9,40.1,7.0,257.1,22.3,21065,65795,0,33.0,23.9,27.8,36.2,23.9,29.6,22.3
Princes Town,2019-04-24,74.2,0.0,17.2,110.1,1012.2,51.2,6.7,262.4,22.7,21039,65799,0,33.0,24.9,28.5,38.1,24.9,31.1,23.3
Princes Town,2019-04-25,79.7,5.0038,19.7,104.2,1013.0,51.0,6.8,219.1,18.9,21013,65804,1,32.0,25.9,28.2,37.9,25.9,31.5,24.2
Princes Town,2019-04-26,81.5,0.2032,19.7,114.0,1013.6,53.6,6.3,254.4,21.9,20988,65809,1,32.0,25.0,28.1,37.2,25.0,30.9,24.4
Princes Town,2019-04-27,74.5,0.0,18.3,117.3,1013.9,49.3,7.0,283.5,24.5,20963,65815,0,32.8,24.7,28.2,36.8,24.7,30.2,22.9
Princes Town,2019-04-28,75.2,0.0,17.2,116.4,1013.7,44.7,7.3,271.1,23.4,20940,65821,0,32.2,24.0,27.9,39.4,24.0,30.1,22.8
Princes Town,2019-04-29,78.0,0.4064,16.1,111.6,1013.7,46.3,7.1,256.5,22.4,20916,65827,1,32.0,23.2,27.4,35.8,23.2,29.3,23.0
Princes Town,2019-04-30,72.3,0.0,19.7,109.1,1014.0,40.8,6.9,302.0,26.0,20894,65834,0,32.0,24.0,27.9,35.8,24.0,29.4,22.1
Princes Town,2019-05-01,74.1,0.3048,19.7,111.1,1014.4,44.7,6.9,259.1,22.3,20872,65841,1,32.2,24.9,27.7,36.8,24.9,29.7,22.5
Princes Town,2019-05-02,77.4,1.397,21.9,106.2,1013.4,56.8,6.7,252.9,21.8,20850,65848,1,31.0,25.0,27.1,34.6,25.0,28.7,22.7
Princes Town,2019-05-03,82.3,3.8861999999999997,19.7,107.8,1012.9,59.8,6.2,234.1,20.2,20830,65856,1,31.0,24.0,26.4,34.6,24.0,27.6,22.9
Princes Town,2019-05-04,75.3,3.0987999999999998,21.9,107.8,1012.7,47.2,7.1,265.3,22.8,20810,65864,1,31.7,24.0,27.6,35.3,24.0,29.6,22.6
Princes Town,2019-05-05,78.0,2.0065999999999997,20.8,104.7,1012.7,47.9,6.6,274.9,23.7,20791,65873,1,31.0,24.2,27.2,34.6,24.2,28.5,22.7
Princes Town,2019-05-06,77.8,0.0,20.8,112.6,1013.6,54.5,6.5,253.3,21.9,20773,65882,0,32.0,24.9,27.7,37.0,24.9,29.7,23.2
Princes Town,2019-05-07,77.5,0.0,20.8,115.0,1013.0,49.6,7.0,269.0,23.2,20755,65891,0,32.0,25.0,27.8,36.8,25.0,30.1,23.3
Princes Town,2019-05-08,78.5,0.1016,18.3,109.4,1012.1,50.5,6.5,262.7,22.7,20738,65901,1,31.6,25.0,27.8,36.1,25.0,30.1,23.4
Princes Town,2019-05-09,73.8,0.0,17.2,107.3,1012.0,45.4,6.5,280.3,24.3,20722,65911,0,33.0,25.7,28.5,36.6,25.7,30.9,23.0
Princes Town,2019-05-10,78.8,1.397,20.8,105.7,1011.1,44.9,6.1,240.2,20.7,20707,65921,1,32.0,25.9,28.1,36.8,25.9,31.3,23.9
Princes Town,2019-05-11,77.6,0.0,19.7,105.2,1011.9,51.9,6.2,255.8,22.1,20692,65932,0,32.0,25.9,28.4,37.9,25.9,31.7,23.9
Princes Town,2019-05-12,79.1,1.6001999999999998,24.2,106.9,1013.6,51.7,6.5,247.2,21.3,20678,65943,1,32.0,25.0,28.1,36.8,25.0,31.1,23.9
Princes Town,2019-05-13,77.7,0.9905999999999999,23.0,106.4,1014.5,48.9,6.3,272.3,23.5,20665,65955,1,32.0,25.8,28.0,36.8,25.8,30.8,23.6
Princes Town,2019-05-14,73.9,0.0,20.8,105.6,1014.2,43.6,6.5,243.9,21.1,20653,65967,0,32.2,25.0,28.2,36.1,25.0,30.7,22.9
Princes Town,2019-05-15,75.4,0.0,18.3,106.9,1013.9,43.3,6.7,254.1,21.8,20641,65979,0,33.0,24.9,28.4,38.1,24.9,31.3,23.4
Princes Town,2019-05-16,75.8,0.0,21.9,113.7,1013.7,47.0,6.8,271.0,23.4,20631,65992,0,33.0,24.2,28.2,42.3,24.2,30.7,23.2
Princes Town,2019-05-17,76.4,0.4064,20.8,111.0,1013.0,48.1,6.6,300.5,26.1,20621,66005,1,33.0,25.0,27.9,37.1,25.0,29.8,23.1
Princes Town,2019-05-18,74.0,0.0,18.3,107.0,1012.2,38.2,6.8,287.4,24.8,20612,66018,0,32.0,24.0,27.9,35.8,24.0,29.9,22.5
Princes Town,2019-05-19,76.4,0.9905999999999999,20.8,110.1,1012.8,38.7,7.1,267.8,23.2,20603,66031,1,32.2,24.0,27.8,39.2,24.0,29.9,23.0
Princes Town,2019-05-20,72.8,0.0,18.3,102.1,1012.8,35.2,7.0,288.5,24.9,20596,66045,0,32.9,24.0,28.0,36.8,24.0,29.9,22.3
Princes Town,2019-05-21,68.8,0.0,17.2,110.8,1012.4,36.1,7.2,229.7,19.9,20589,66059,0,33.7,24.0,28.4,39.9,24.0,30.6,21.9
Princes Town,2019-05-22,76.0,0.0,18.3,111.9,1012.4,51.9,6.9,177.0,15.4,20583,66074,0,33.0,25.0,27.9,39.3,25.0,30.1,23.1
Princes Town,2019-05-23,75.7,0.0,15.0,111.3,1012.0,41.0,6.9,264.6,22.9,20578,66088,0,33.7,25.0,28.7,44.7,25.0,31.9,23.7
Princes Town,2019-05-24,73.1,0.0,16.1,111.7,1012.0,42.4,6.9,238.6,20.6,20574,66103,0,33.2,26.0,28.9,38.1,26.0,31.6,23.2
Princes Town,2019-05-25,84.5,3.9878,17.2,100.6,1011.8,50.0,6.1,219.1,19.0,20570,66118,1,31.0,25.9,27.4,36.6,25.9,29.9,24.5
Princes Town,2019-05-26,77.7,9.4996,16.1,108.4,1012.4,55.7,6.6,256.3,22.1,20567,66134,1,32.8,25.0,28.0,37.7,25.0,30.1,23.4
Princes Town,2019-05-27,71.7,0.0,16.1,113.4,1012.1,51.4,7.5,238.8,20.6,20565,66149,0,33.0,24.8,28.1,36.1,24.8,29.9,22.2
Princes Town,2019-05-28,86.6,25.019,16.1,110.5,1012.3,57.2,6.5,217.9,18.9,20564,66165,1,31.0,24.0,26.3,35.5,24.0,27.2,23.8
Princes Town,2019-05-29,76.9,0.0,16.1,117.5,1012.6,46.5,6.7,253.8,21.8,20563,66181,0,32.0,25.0,28.2,36.8,25.0,30.5,23.4
Princes Town,2019-05-30,71.7,0.3048,15.0,124.2,1012.6,52.8,6.8,269.4,23.2,20564,66197,1,32.0,25.0,27.9,33.7,25.0,29.2,21.8
Princes Town,2019-05-31,69.3,0.0,15.0,118.4,1012.5,40.1,7.5,252.2,21.8,20565,66213,0,33.0,24.0,28.1,36.1,24.0,29.5,21.4
Princes Town,2019-06-01,71.0,0.0,16.1,123.9,1011.7,40.3,7.5,267.6,23.0,20566,66229,0,32.0,24.0,27.8,34.6,24.0,29.7,21.8
Princes Town,2019-06-02,87.0,7.010400000000001,18.3,126.6,1012.9,48.6,6.9,135.4,11.6,20569,66245,1,28.0,24.2,26.2,32.7,24.2,27.4,23.8
Princes Town,2019-06-03,84.8,8.001,19.7,114.5,1014.3,45.6,6.1,207.2,17.9,20572,66261,1,32.0,25.8,27.4,39.2,25.8,30.1,24.6
Princes Town,2019-06-04,82.3,2.6923999999999997,18.3,109.0,1014.4,53.8,6.2,197.3,17.0,20576,66277,1,31.0,25.8,27.9,37.8,25.8,30.9,24.5
Princes Town,2019-06-05,79.2,3.0987999999999998,16.1,114.5,1014.1,50.3,6.7,215.9,18.6,20580,66294,1,30.0,25.8,27.6,34.6,25.8,29.8,23.6
Princes Town,2019-06-06,73.5,2.9972,16.1,113.6,1013.2,50.5,6.6,230.0,19.9,20585,66310,1,32.0,25.0,28.1,35.8,25.0,30.1,22.6
Princes Town,2019-06-07,77.4,0.0,18.3,111.4,1012.7,43.8,6.4,262.6,22.6,20591,66326,0,32.0,24.0,27.7,36.8,24.0,29.8,23.1
Princes Town,2019-06-08,75.7,0.0,15.0,105.6,1013.8,45.8,6.8,173.8,15.1,20597,66342,0,31.0,26.0,28.3,35.5,26.0,31.6,23.5
Princes Town,2019-06-09,84.5,0.0,13.9,120.9,1014.2,48.6,6.3,173.6,14.9,20604,66358,0,30.1,24.1,26.9,36.2,24.1,29.3,24.1
Princes Town,2019-06-10,74.4,0.0,19.7,111.2,1014.8,54.2,5.9,253.9,22.0,20612,66374,0,32.0,24.0,27.6,34.9,24.0,29.3,22.3
Princes Town,2019-06-11,73.7,0.0,18.3,112.2,1014.3,51.0,6.6,263.1,22.6,20620,66390,0,32.0,24.0,27.7,35.8,24.0,29.4,22.2
Princes Town,2019-06-12,71.6,0.0,21.9,105.3,1014.0,41.9,7.0,274.7,23.5,20629,66406,0,33.0,24.0,28.0,35.3,24.0,29.8,22.0
Princes Town,2019-06-13,74.7,4.2926,15.0,107.4,1014.2,47.5,6.7,212.7,18.4,20638,66421,1,33.0,25.0,27.7,37.1,25.0,29.2,22.4
Princes Town,2019-06-14,75.1,2.0065999999999997,17.2,112.7,1014.1,37.5,6.6,292.6,25.2,20648,66437,1,32.0,24.9,28.1,35.8,24.9,30.0,22.9
Princes Town,2019-06-15,82.2,2.0065999999999997,17.2,116.5,1013.6,55.6,6.8,198.9,17.2,20658,66452,1,31.0,25.0,27.5,36.6,25.0,30.3,24.1
Princes Town,2019-06-16,81.6,3.9878,23.0,105.2,1013.7,51.9,5.9,150.5,13.0,20669,66466,1,32.0,25.1,27.8,37.9,25.1,30.5,24.2
Princes Town,2019-06-17,93.0,70.40879999999999,17.2,106.7,1014.9,61.1,5.1,79.1,6.9,20680,66481,1,28.0,23.9,25.5,32.7,23.9,25.9,24.2
Princes Town,2019-06-18,92.2,28.3972,13.9,108.9,1014.4,51.9,6.1,89.9,7.6,20692,66495,1,27.0,24.9,25.5,31.2,24.9,25.8,24.2
Princes Town,2019-06-19,87.1,10.769599999999999,16.1,109.0,1014.2,55.3,6.0,119.2,10.3,20704,66509,1,28.1,25.0,26.4,32.1,25.0,27.7,24.1
Princes Town,2019-06-20,80.3,0.1016,18.3,110.2,1015.9,53.8,5.9,215.1,18.5,20716,66523,1,31.0,25.0,27.7,36.6,25.0,30.4,23.8
Princes Town,2019-06-21,74.1,0.0,23.0,104.0,1016.3,45.4,5.7,280.2,24.1,20729,66536,0,32.0,25.0,28.2,36.8,25.0,30.7,22.9
Princes Town,2019-06-22,78.2,2.9972,17.2,110.4,1015.8,49.6,6.4,234.0,20.3,20742,66548,1,32.0,25.0,27.6,36.8,25.0,29.3,23.2
Princes Town,2019-06-23,84.3,2.0065999999999997,9.2,108.9,1015.5,42.4,7.2,173.8,14.9,20756,66561,1,30.0,25.0,27.1,36.2,25.0,29.1,24.1
Princes Town,2019-06-24,76.3,0.508,19.7,104.3,1013.4,33.3,7.0,224.3,19.4,20769,66573,1,32.0,25.0,27.9,36.8,25.0,30.4,23.2
Princes Town,2019-06-25,69.2,0.0,18.3,104.9,1013.5,42.6,6.5,268.9,23.1,20783,66584,0,32.0,26.0,28.6,35.8,26.0,30.9,22.2
Princes Town,2019-06-26,72.4,0.0,19.7,108.1,1014.3,34.5,6.6,288.5,24.9,20797,66595,0,32.1,24.9,28.1,35.8,24.9,29.9,22.3
Princes Town,2019-06-27,69.7,0.0,20.8,114.6,1013.5,43.3,7.2,290.4,25.1,20812,66605,0,32.0,25.0,27.9,34.2,25.0,29.6,21.6
Princes Town,2019-06-28,87.5,16.205199999999998,15.0,102.4,1013.8,50.3,6.2,147.9,12.8,20827,66615,1,27.0,24.8,26.2,30.6,24.8,27.3,23.9
Princes Town,2019-06-29,76.4,0.0,23.0,101.6,1013.4,38.7,5.6,270.9,23.3,20841,66625,0,31.0,25.9,28.1,35.5,25.9,30.8,23.4
Princes Town,2019-06-30,76.3,40.2082,20.8,98.8,1012.9,56.2,5.7,231.5,19.8,20856,66633,1,32.0,24.8,27.9,35.5,24.8,30.3,23.2
Princes Town,2019-07-01,79.6,0.0,23.0,97.8,1013.4,55.4,4.9,147.8,12.9,20871,66641,0,31.0,25.0,27.6,35.5,25.0,29.8,23.6
Princes Town,2019-07-02,72.4,0.0,15.4,97.3,1013.5,38.2,6.7,295.3,25.4,20887,66649,0,32.0,25.7,28.2,36.8,25.7,30.4,22.6
Princes Town,2019-07-03,70.1,0.0,17.2,101.4,1012.6,29.7,7.0,261.5,22.5,20902,66656,0,32.1,24.0,28.1,35.0,24.0,29.8,21.8
Princes Town,2019-07-04,82.7,16.9926,20.8,105.6,1012.8,46.1,6.8,190.0,16.4,20917,66662,1,31.1,23.0,27.1,36.6,23.0,29.3,23.7
Princes Town,2019-07-05,85.0,20.193,23.0,106.0,1014.6,49.6,5.7,151.5,12.9,20932,66668,1,30.1,24.0,26.8,35.1,24.0,28.5,24.0
Princes Town,2019-07-06,76.2,0.0,13.9,114.7,1015.2,42.6,6.3,223.2,19.2,20948,66672,0,31.0,25.0,27.8,36.6,25.0,29.9,23.1
Princes Town,2019-07-07,76.4,0.4064,13.9,109.7,1014.5,38.8,6.9,241.9,20.8,20963,66677,1,32.1,24.9,27.9,36.3,24.9,30.3,23.1
Princes Town,2019-07-08,80.5,2.0065999999999997,17.2,107.7,1014.4,47.7,7.2,240.2,20.7,20978,66680,1,32.0,25.0,27.2,37.9,25.0,29.1,23.4
Princes Town,2019-07-09,84.7,11.4046,18.3,123.4,1015.5,54.7,6.8,165.1,14.5,20993,66683,1,30.2,25.0,27.1,36.8,25.0,29.7,24.2
Princes Town,2019-07-10,74.8,0.9905999999999999,16.1,102.4,1015.0,30.6,6.8,283.5,24.4,21008,66685,1,32.0,25.0,28.1,34.9,25.0,30.2,22.9
Princes Town,2019-07-11,80.8,7.010400000000001,15.0,106.2,1012.7,38.0,6.2,247.4,21.2,21023,66686,1,30.0,23.9,26.6,34.2,23.9,28.2,22.9
Princes Town,2019-07-12,80.8,0.0,11.4,116.2,1012.2,39.6,6.9,148.7,12.8,21038,66687,0,31.0,24.0,27.1,35.1,24.0,29.2,23.3
Princes Town,2019-07-13,81.8,2.0065999999999997,15.0,107.7,1013.4,43.5,6.9,216.4,18.6,21053,66686,1,31.0,24.9,27.4,36.2,24.9,29.9,23.9
Princes Town,2019-07-14,76.9,0.6096,18.1,106.3,1012.8,40.3,6.7,252.0,21.8,21067,66685,1,32.0,24.0,27.3,35.8,24.0,29.0,22.8
Princes Town,2019-07-15,79.4,4.8006,16.1,107.4,1012.2,51.4,6.5,195.6,16.8,21082,66683,1,32.1,24.8,27.7,37.7,24.8,30.1,23.6
Princes Town,2019-07-16,74.5,0.9905999999999999,15.0,104.8,1013.8,42.1,7.1,184.5,15.9,21096,66681,1,32.0,24.9,27.7,34.6,24.9,29.5,22.4
Princes Town,2019-07-17,86.7,8.407399999999999,17.2,111.0,1014.6,52.7,6.8,125.1,10.9,21110,66677,1,30.0,24.0,26.1,34.2,24.0,27.0,23.6
Princes Town,2019-07-18,80.9,0.9905999999999999,13.9,121.7,1014.5,47.0,7.1,248.3,21.4,21123,66673,1,32.0,24.0,27.7,37.8,24.0,30.4,23.9
Princes Town,2019-07-19,73.8,0.0,18.3,104.6,1014.4,30.3,6.7,228.0,19.7,21137,66668,0,32.0,25.0,28.2,36.8,25.0,30.4,22.8
Princes Town,2019-07-20,72.2,0.2032,16.1,109.5,1013.7,36.6,7.2,298.4,25.7,21150,66662,1,32.0,25.0,27.9,35.8,25.0,29.8,22.3
Princes Town,2019-07-21,83.5,4.7752,18.3,119.4,1013.2,45.7,6.6,227.0,19.7,21163,66655,1,31.1,24.0,26.6,35.5,24.0,27.8,23.4
Princes Town,2019-07-22,78.8,0.9905999999999999,16.1,110.9,1013.5,44.5,7.4,209.4,17.9,21175,66648,1,32.1,24.9,28.0,36.8,24.9,30.4,23.6
Princes Town,2019-07-23,78.3,3.0987999999999998,17.2,114.2,1013.8,42.8,6.8,225.9,19.7,21187,66639,1,32.0,25.0,28.0,37.8,25.0,30.7,23.7
Princes Town,2019-07-24,76.8,3.4036,16.1,112.5,1013.7,33.1,7.1,265.4,23.0,21199,66630,1,32.0,24.0,27.7,36.8,24.0,29.9,22.9
Princes Town,2019-07-25,75.0,0.0,16.1,114.4,1013.5,32.0,7.3,241.5,20.9,21211,66620,0,33.0,24.0,28.2,37.1,24.0,30.7,23.0
Princes Town,2019-07-26,70.3,0.2032,20.8,104.5,1013.8,34.3,6.2,252.9,21.9,21222,66609,1,32.3,25.0,28.6,36.6,25.0,31.0,22.4
Princes Town,2019-07-27,84.0,35.9918,9.2,129.3,1014.1,45.6,6.4,199.7,17.4,21233,66597,1,30.0,23.0,25.8,36.8,23.0,26.9,22.8
Princes Town,2019-07-28,85.7,0.1016,6.9,226.1,1013.0,50.1,6.9,228.1,19.6,21243,66585,1,29.2,22.9,25.5,33.1,22.9,26.8,22.8
Princes Town,2019-07-29,85.7,6.095999999999999,13.9,112.1,1012.7,44.5,6.7,232.5,20.2,21253,66571,1,32.1,23.0,25.8,39.2,23.0,27.2,23.1
Princes Town,2019-07-30,80.4,0.1016,12.8,108.9,1013.1,48.9,7.1,258.9,22.6,21263,66557,1,32.0,24.0,27.7,37.9,24.0,30.6,23.8
Princes Town,2019-07-31,75.2,0.0,17.2,105.6,1013.2,41.4,7.1,258.1,22.3,21272,66542,0,32.2,25.0,28.3,37.0,25.0,30.9,23.2
Princes Town,2019-08-01,75.2,2.0065999999999997,13.9,110.1,1011.9,30.8,7.2,268.0,23.2,21281,66526,1,33.0,24.0,27.9,36.8,24.0,30.1,22.8
Princes Town,2019-08-02,80.4,0.1016,13.9,91.4,1011.7,42.0,7.4,229.8,20.0,21290,66510,1,32.1,24.0,27.7,39.2,24.0,30.7,23.8
Princes Town,2019-08-03,83.7,63.9826,15.0,96.1,1013.2,47.7,6.3,170.3,14.5,21298,66492,1,31.0,24.0,26.9,35.5,24.0,28.8,23.8
Princes Town,2019-08-04,82.9,29.9974,16.1,68.6,1013.6,47.2,6.7,188.3,16.2,21305,66474,1,33.0,24.0,27.0,38.1,24.0,29.0,23.7
Princes Town,2019-08-05,86.0,10.0076,16.1,294.3,1014.6,55.9,6.6,203.6,17.5,21312,66455,1,31.0,23.0,26.2,37.8,23.0,28.0,23.6
Princes Town,2019-08-06,83.5,12.9032,8.1,244.1,1015.4,41.9,6.9,202.9,17.4,21319,66435,1,32.0,24.0,26.7,39.2,24.0,28.4,23.4
Princes Town,2019-08-07,84.6,13.9954,12.8,129.1,1016.1,41.7,6.6,165.7,14.3,21326,66414,1,30.0,24.0,26.2,34.2,24.0,27.5,23.3
Princes Town,2019-08-08,79.8,4.013199999999999,6.9,105.4,1015.9,41.4,7.1,182.9,15.9,21332,66393,1,32.0,24.0,27.5,36.6,24.0,30.0,23.5
Princes Town,2019-08-09,74.2,0.0,13.9,106.1,1015.0,35.9,7.4,259.1,22.3,21337,66371,0,33.0,24.8,28.6,38.1,24.8,31.4,23.3
Princes Town,2019-08-10,78.3,15.011399999999998,12.8,119.0,1014.6,44.5,6.9,170.4,14.6,21342,66348,1,31.2,24.0,27.3,35.5,24.0,29.3,23.0
Princes Town,2019-08-11,76.6,0.9905999999999999,11.4,105.0,1014.4,33.1,7.1,218.4,18.6,21347,66325,1,32.0,24.0,27.7,35.8,24.0,29.9,22.9
Princes Town,2019-08-12,89.6,24.790399999999998,11.4,107.5,1013.0,47.0,6.5,124.2,10.7,21351,66300,1,29.0,24.9,26.2,34.6,24.9,27.2,24.3
Princes Town,2019-08-13,79.8,0.3048,21.9,101.3,1013.2,48.1,7.1,233.3,20.2,21355,66275,1,32.0,25.0,27.8,35.8,25.0,30.0,23.7
Princes Town,2019-08-14,86.4,1.8795999999999997,15.0,106.9,1014.3,42.4,6.8,114.5,9.8,21359,66250,1,31.2,24.9,26.6,36.5,24.9,28.0,24.1
Princes Town,2019-08-15,91.3,18.9992,10.3,95.0,1014.6,46.8,6.3,87.0,7.5,21362,66223,1,27.0,24.9,25.7,30.7,24.9,26.3,24.2
Princes Town,2019-08-16,75.9,0.0,20.8,101.4,1013.9,32.2,6.3,254.5,22.0,21365,66197,0,32.0,24.9,28.4,36.8,24.9,30.8,23.4
Princes Town,2019-08-17,81.7,0.0,11.4,109.9,1014.0,47.5,6.7,184.4,15.8,21367,66169,0,31.0,25.0,27.4,36.6,25.0,29.8,23.8
Princes Town,2019-08-18,78.9,7.112,9.2,125.1,1014.2,48.9,7.5,194.0,16.6,21369,66141,1,32.2,24.0,27.8,38.0,24.0,30.5,23.6
Princes Town,2019-08-19,75.5,0.0,11.4,103.0,1014.2,46.8,7.7,207.3,17.8,21370,66112,0,32.1,25.0,28.3,37.3,25.0,30.8,23.3
Princes Town,2019-08-20,76.5,0.0,11.4,116.4,1014.3,40.9,6.8,204.3,17.5,21371,66083,0,33.0,24.9,28.3,40.6,24.9,31.3,23.6
Princes Town,2019-08-21,78.1,0.7874,11.4,106.8,1013.9,34.9,6.9,221.3,19.3,21372,66053,1,31.3,24.0,27.1,36.6,24.0,29.3,22.8
Princes Town,2019-08-22,75.5,0.0,13.9,121.4,1014.4,31.0,6.7,220.5,18.9,21373,66022,0,33.0,25.0,28.5,39.3,25.0,31.3,23.4
Princes Town,2019-08-23,76.3,0.0,16.1,107.5,1014.7,30.7,6.9,169.6,14.8,21373,65991,0,32.0,25.0,28.4,37.9,25.0,31.2,23.6
Princes Town,2019-08-24,81.4,2.0065999999999997,15.0,99.9,1014.7,33.5,6.8,208.6,18.0,21372,65959,1,31.0,24.0,27.0,35.5,24.0,29.2,23.4
Princes Town,2019-08-25,76.0,0.0,15.0,106.4,1013.4,29.9,5.9,246.3,21.2,21372,65927,0,33.0,24.0,28.3,40.7,24.0,31.1,23.3
Princes Town,2019-08-26,79.2,5.9944,9.2,313.0,1012.6,35.7,6.1,189.3,16.5,21371,65895,1,32.2,24.0,27.7,37.8,24.0,30.2,23.5
Princes Town,2019-08-27,82.1,8.001,11.4,115.2,1012.3,42.4,6.1,173.6,15.0,21370,65862,1,31.0,24.0,27.5,36.6,24.0,30.2,23.9
Princes Town,2019-08-28,76.9,0.0,13.9,128.3,1012.8,30.0,6.6,241.0,20.8,21368,65828,0,32.9,26.0,28.8,38.0,26.0,32.0,24.0
Princes Town,2019-08-29,75.2,0.0,11.4,113.8,1013.1,34.3,6.7,262.3,22.5,21366,65794,0,33.0,25.0,28.8,39.3,25.0,32.1,23.7
Princes Town,2019-08-30,72.5,0.0,9.2,122.4,1012.6,33.6,6.9,267.6,23.0,21364,65760,0,33.0,24.2,28.5,37.1,24.2,30.8,22.6
Princes Town,2019-08-31,77.5,0.0,11.4,122.4,1012.1,34.3,7.4,208.1,18.0,21362,65725,0,33.0,24.0,28.0,38.1,24.0,30.9,23.5
Princes Town,2019-09-01,75.7,2.0065999999999997,11.4,131.6,1012.3,38.4,6.7,195.3,16.8,21359,65690,1,33.0,25.0,28.7,38.8,25.0,32.2,23.8
Princes Town,2019-09-02,73.9,0.0,13.9,115.3,1011.2,32.6,7.4,213.1,18.5,21357,65654,0,33.0,25.0,28.7,38.1,25.0,31.6,23.3
Princes Town,2019-09-03,87.5,12.420599999999999,9.2,127.3,1011.6,40.6,6.9,139.5,12.0,21354,65619,1,30.0,25.0,26.5,35.1,25.0,27.9,24.2
Princes Town,2019-09-04,87.8,9.017,12.8,125.1,1012.9,41.7,6.5,113.0,9.8,21350,65583,1,31.0,24.0,26.3,35.9,24.0,27.9,24.0
Princes Town,2019-09-05,78.5,0.0,11.4,135.1,1013.3,41.2,7.2,237.1,20.3,21347,65546,0,33.0,25.0,28.5,38.9,25.0,31.9,24.1
Princes Town,2019-09-06,76.7,0.0,8.1,135.6,1013.4,38.1,6.5,213.9,18.2,21343,65509,0,33.0,25.0,28.4,38.1,25.0,31.2,23.7
Princes Town,2019-09-07,77.6,0.0,8.1,128.0,1013.6,48.2,6.7,215.6,18.6,21340,65473,0,33.0,24.0,28.1,39.3,24.0,31.0,23.6
Princes Town,2019-09-08,73.5,0.0,11.4,127.0,1014.2,38.7,6.9,225.3,19.4,21336,65435,0,33.1,24.8,28.6,37.1,24.8,31.1,23.0
Princes Town,2019-09-09,80.4,3.5052000000000003,11.4,113.8,1014.1,38.1,7.1,207.2,18.0,21332,65398,1,33.0,25.0,28.1,39.3,25.0,31.2,24.2
Princes Town,2019-09-10,78.5,0.7874,17.2,110.9,1012.8,51.7,7.0,178.1,15.3,21327,65360,1,32.0,25.9,28.3,36.8,25.9,30.9,23.9
Princes Town,2019-09-11,79.7,0.508,11.4,131.0,1011.5,41.2,6.7,209.1,18.0,21323,65323,1,32.0,25.0,28.2,37.9,25.0,31.4,24.2
Princes Town,2019-09-12,77.2,0.0,10.3,122.2,1010.8,53.7,7.8,227.2,19.6,21319,65285,0,34.0,25.0,28.9,39.4,25.0,32.3,24.2
Princes Town,2019-09-13,75.5,0.0,16.1,122.8,1011.9,45.9,7.2,212.2,18.1,21314,65247,0,34.0,25.0,28.9,40.6,25.0,32.4,23.9
Princes Town,2019-09-14,74.0,0.0,13.9,117.5,1012.5,37.8,7.0,218.0,18.7,21310,65209,0,33.1,25.0,28.8,38.1,25.0,31.9,23.4
Princes Town,2019-09-15,77.8,3.9878,13.9,65.9,1011.4,36.8,7.1,158.9,13.9,21305,65171,1,33.2,24.0,27.9,38.5,24.0,30.3,23.4
Princes Town,2019-09-16,83.8,0.2032,13.9,77.1,1010.8,38.4,6.6,113.8,9.8,21301,65132,1,33.0,24.2,27.0,38.1,24.2,28.6,23.8
Princes Town,2019-09-17,91.3,3.9878,9.2,106.9,1010.7,56.7,5.8,50.7,4.3,21296,65094,1,27.1,25.0,26.0,30.6,25.0,26.6,24.4
Princes Town,2019-09-18,87.1,12.014199999999999,11.4,119.5,1009.6,45.6,7.1,101.7,8.8,21292,65056,1,31.2,24.8,26.4,36.6,24.8,27.8,24.0
Princes Town,2019-09-19,84.4,0.2032,9.2,133.3,1009.2,52.1,7.0,176.8,15.4,21287,65017,1,32.0,24.0,27.3,37.9,24.0,30.3,24.3
Princes Town,2019-09-20,78.4,0.0,11.4,126.9,1011.1,43.1,7.6,227.7,19.6,21283,64979,0,33.0,24.8,28.8,40.6,24.8,32.8,24.4
Princes Town,2019-09-21,86.4,16.3068,10.3,105.1,1010.9,47.8,6.2,204.3,17.7,21278,64941,1,31.0,25.7,27.3,39.1,25.7,30.1,24.8
Princes Town,2019-09-22,93.0,64.008,9.2,180.6,1011.5,60.8,5.7,46.1,3.9,21274,64903,1,27.0,23.9,24.7,30.6,23.9,24.9,23.4
Princes Town,2019-09-23,79.9,0.3048,9.2,131.5,1012.9,50.2,8.0,207.4,17.9,21270,64865,1,32.0,24.0,27.2,35.8,24.0,29.6,23.2
Princes Town,2019-09-24,78.6,3.9878,11.4,121.3,1012.9,47.2,7.5,228.4,19.7,21266,64827,1,33.0,25.0,28.4,39.3,25.0,32.2,24.2
Princes Town,2019-09-25,77.5,0.0,9.2,129.6,1013.3,40.5,7.1,166.1,14.4,21262,64789,0,32.0,25.9,28.6,39.2,25.9,31.9,24.1
Princes Town,2019-09-26,74.9,0.0,11.4,131.2,1012.5,40.8,6.7,133.8,11.5,21258,64751,0,33.8,25.0,28.8,38.1,25.0,31.9,23.6
Princes Town,2019-09-27,74.3,0.0,12.8,102.7,1012.2,30.9,7.5,182.3,15.8,21255,64714,0,33.0,24.0,28.2,38.1,24.0,30.6,22.9
Princes Town,2019-09-28,75.3,0.0,11.4,130.7,1011.9,36.4,7.8,172.9,14.9,21251,64677,0,33.0,24.0,28.0,38.1,24.0,30.5,22.9
Princes Town,2019-09-29,79.9,2.0065999999999997,10.3,131.7,1011.3,52.8,7.3,167.5,14.4,21248,64640,1,32.0,25.0,28.0,37.9,25.0,31.3,24.1
Princes Town,2019-09-30,82.9,7.9756,11.4,115.2,1010.6,50.1,6.9,107.0,9.3,21245,64603,1,31.0,26.0,27.7,37.8,26.0,31.2,24.5
Princes Town,2019-10-01,78.2,0.0,11.4,126.1,1010.1,38.2,7.1,197.1,17.0,21242,64567,0,33.1,24.0,28.5,40.4,24.0,31.9,24.1
Princes Town,2019-10-02,75.9,0.9905999999999999,13.9,104.2,1010.4,43.4,6.9,179.0,15.4,21240,64531,1,33.0,25.7,28.6,38.1,25.7,31.5,23.7
Princes Town,2019-10-03,83.6,20.777199999999997,13.9,114.6,1011.8,53.6,6.5,153.0,13.2,21237,64495,1,32.0,24.9,27.7,39.2,24.9,31.1,24.6
Princes Town,2019-10-04,80.2,1.1938,16.7,118.8,1012.6,46.7,7.0,201.1,17.4,21236,64459,1,33.0,25.0,28.1,39.3,25.0,31.1,24.1
Princes Town,2019-10-05,81.5,4.013199999999999,11.4,112.0,1011.7,46.4,7.1,213.2,18.4,21234,64424,1,32.0,24.8,27.2,36.8,24.8,28.9,23.6
Princes Town,2019-10-06,81.2,0.1016,15.0,115.8,1011.1,38.7,6.3,207.7,17.9,21233,64390,1,32.0,24.0,27.8,38.6,24.0,31.0,24.1
Princes Town,2019-10-07,78.1,0.2032,10.3,125.1,1010.3,48.7,5.2,208.2,18.0,21232,64355,1,32.2,24.9,28.2,37.9,24.9,30.8,23.7
Princes Town,2019-10-08,91.5,14.020800000000001,10.3,109.2,1010.6,49.3,6.6,75.9,6.5,21231,64322,1,28.0,24.0,25.1,32.7,24.0,25.5,23.6
Princes Town,2019-10-09,88.2,4.0893999999999995,12.8,126.0,1010.5,43.5,6.9,75.6,6.5,21231,64288,1,31.1,23.0,25.6,36.7,23.0,26.7,23.5
Princes Town,2019-10-10,89.8,51.9938,11.4,146.7,1010.7,50.4,7.0,85.4,7.2,21231,64255,1,30.1,23.0,25.1,36.2,23.0,25.9,23.3
Princes Town,2019-10-11,81.7,1.016,9.2,127.6,1010.9,52.0,7.0,159.9,14.0,21232,64223,1,32.0,23.0,26.8,37.9,23.0,28.9,23.2
Princes Town,2019-10-12,77.4,0.1016,12.8,128.7,1011.6,45.5,7.1,194.3,16.8,21233,64191,1,32.0,24.0,28.0,36.8,24.0,30.6,23.4
Princes Town,2019-10-13,78.2,0.0,13.9,115.2,1011.7,43.5,7.0,140.3,12.0,21234,64160,0,33.0,24.0,27.6,37.1,24.0,29.5,23.1
Princes Town,2019-10-14,88.2,1.1176,12.8,129.9,1012.1,42.2,6.5,96.5,8.4,21236,64129,1,29.0,24.0,26.2,34.6,24.0,27.5,24.0
Princes Town,2019-10-15,79.6,0.7111999999999999,12.8,104.6,1012.4,53.1,6.7,156.8,13.7,21239,64099,1,31.0,24.8,27.6,36.6,24.8,30.2,23.6
Princes Town,2019-10-16,77.6,0.0,9.2,132.2,1012.1,36.4,6.9,100.7,8.7,21242,64070,0,32.8,23.9,27.8,37.9,23.9,30.3,23.3
Princes Town,2019-10-17,82.9,4.9784,6.9,105.3,1012.0,37.2,6.9,122.9,10.7,21245,64041,1,31.9,23.2,26.6,38.0,23.2,28.2,23.3
Princes Town,2019-10-18,84.2,10.998199999999999,86.3,103.9,1011.5,44.8,7.1,102.5,8.8,21249,64013,1,30.0,23.9,26.4,36.2,23.9,28.3,23.4
Princes Town,2019-10-19,88.7,3.9878,15.0,102.7,1012.3,43.3,6.4,81.0,7.1,21254,63986,1,29.2,24.0,25.7,35.0,24.0,26.7,23.7
Princes Town,2019-10-20,86.1,4.8006,15.0,120.8,1012.2,39.1,6.7,123.0,10.4,21259,63959,1,30.0,23.1,26.4,36.2,23.1,28.5,23.7
Princes Town,2019-10-21,76.4,0.0,8.1,113.0,1011.6,36.1,7.2,153.4,13.2,21265,63933,0,32.0,21.2,26.4,35.8,21.2,28.1,21.7
Princes Town,2019-10-22,84.0,0.7874,11.4,104.1,1010.8,45.4,7.0,87.9,7.7,21271,63908,1,30.1,23.0,26.2,34.2,23.0,27.8,23.1
Princes Town,2019-10-23,82.5,7.010400000000001,17.2,118.2,1010.4,40.5,7.2,143.7,12.5,21278,63883,1,32.1,24.0,27.0,37.9,24.0,29.3,23.6
Princes Town,2019-10-24,77.0,0.0,17.2,112.7,1010.7,42.8,7.2,166.9,14.5,21285,63860,0,32.1,25.9,28.6,37.9,25.9,31.7,23.9
Princes Town,2019-10-25,75.7,0.0,13.9,112.4,1011.9,38.7,6.9,162.4,14.0,21293,63837,0,32.0,24.2,28.1,37.9,24.2,30.6,23.1
Princes Town,2019-10-26,74.4,0.0,12.8,115.9,1012.0,36.8,7.2,113.6,9.8,21302,63815,0,32.1,23.0,27.7,35.9,23.0,30.0,22.4
Princes Town,2019-10-27,76.6,0.0,13.9,106.2,1011.5,40.7,8.0,143.9,12.4,21311,63794,0,33.0,24.8,28.1,38.1,24.8,30.6,23.3
Princes Town,2019-10-28,84.8,1.2953999999999999,13.9,106.7,1011.0,38.9,6.5,122.3,10.4,21321,63774,1,32.0,24.0,26.7,37.9,24.0,28.2,23.8
Princes Town,2019-10-29,79.6,0.9905999999999999,9.2,128.8,1009.6,46.3,7.2,103.7,8.9,21332,63754,1,32.0,24.0,27.7,36.8,24.0,30.4,23.6
Princes Town,2019-10-30,79.2,0.0,11.4,120.1,1009.7,42.1,7.5,105.5,8.9,21343,63736,0,33.1,24.0,27.9,39.3,24.0,30.6,23.7
Princes Town,2019-10-31,80.7,0.0,12.8,115.9,1010.6,39.6,7.2,88.5,7.5,21355,63718,0,33.0,24.0,27.7,38.1,24.0,30.6,23.8
Princes Town,2019-11-01,83.9,8.991599999999998,11.4,125.9,1011.2,39.1,6.9,92.5,8.0,21368,63702,1,33.0,23.9,26.4,38.1,23.9,28.1,23.3
Princes Town,2019-11-02,81.0,0.508,8.1,120.9,1010.4,46.3,7.0,92.5,8.0,21381,63686,1,31.0,24.0,27.7,37.8,24.0,30.6,23.9
Princes Town,2019-11-03,77.2,0.0,14.2,107.7,1010.2,39.4,7.1,158.0,13.5,21395,63671,0,33.0,25.0,28.3,37.9,25.0,31.2,23.7
Princes Town,2019-11-04,81.9,8.712200000000001,18.3,105.9,1010.0,43.1,6.8,122.9,10.7,21410,63658,1,33.0,25.0,27.6,38.1,25.0,29.9,24.0
Princes Town,2019-11-05,87.5,12.496799999999999,18.3,105.2,1011.0,49.0,6.4,121.7,10.6,21425,63645,1,31.0,24.0,26.6,37.8,24.0,28.4,24.2
Princes Town,2019-11-06,85.1,18.313399999999998,23.0,104.2,1011.8,45.8,6.4,89.8,7.7,21441,63633,1,30.1,24.0,26.5,35.4,24.0,28.0,23.7
Princes Town,2019-11-07,81.4,0.3048,16.1,102.9,1010.5,46.3,6.5,133.2,11.4,21458,63623,1,31.0,24.0,27.5,36.6,24.0,29.9,23.9
Princes Town,2019-11-08,88.7,11.8872,17.2,109.1,1009.7,52.7,6.6,91.1,7.8,21475,63613,1,29.0,24.0,25.9,34.6,24.0,27.3,23.8
Princes Town,2019-11-09,82.4,0.0,17.2,112.1,1009.9,45.6,7.1,82.0,7.0,21493,63604,0,32.0,24.0,27.0,37.9,24.0,29.2,23.6
Princes Town,2019-11-10,80.9,0.0,16.1,108.5,1010.7,44.9,6.9,127.3,10.9,21512,63597,0,32.0,24.0,27.4,37.9,24.0,30.2,23.7
Princes Town,2019-11-11,79.0,0.0,18.3,107.1,1009.8,41.2,7.5,165.3,14.3,21531,63590,0,32.0,24.0,27.9,37.9,24.0,30.7,23.7
Princes Town,2019-11-12,76.6,0.0,16.1,110.5,1009.6,37.0,8.0,134.5,11.6,21551,63585,0,32.0,24.9,28.0,36.8,24.9,30.0,23.2
Princes Town,2019-11-13,77.5,0.0,13.9,110.6,1010.1,36.8,7.2,132.3,11.4,21572,63581,0,32.1,24.0,28.0,37.9,24.0,30.7,23.4
Princes Town,2019-11-14,82.0,44.0182,10.3,118.2,1010.9,42.4,7.3,175.6,15.3,21593,63577,1,33.0,23.9,26.9,39.3,23.9,28.9,23.4
Princes Town,2019-11-15,82.4,2.0065999999999997,11.4,22.6,1009.8,35.9,7.1,202.8,17.5,21615,63575,1,32.0,23.0,26.6,36.8,23.0,28.4,23.2
Princes Town,2019-11-16,85.2,0.1016,13.9,160.1,1008.1,41.4,7.4,207.6,18.0,21638,63574,1,31.1,23.0,26.2,36.6,23.0,27.8,23.4
Princes Town,2019-11-17,84.4,0.9905999999999999,11.4,76.7,1008.3,41.0,6.8,224.0,19.2,21661,63574,1,31.0,23.9,26.3,35.5,23.9,28.1,23.4
Princes Town,2019-11-18,81.7,0.0,9.2,124.7,1009.5,41.0,7.0,181.4,15.6,21685,63575,0,32.0,23.8,27.2,37.9,23.8,29.7,23.6
Princes Town,2019-11-19,86.0,19.7866,11.4,101.9,1011.0,49.8,6.8,100.6,8.7,21710,63577,1,29.1,24.0,26.1,33.7,24.0,27.1,23.5
Princes Town,2019-11-20,84.0,0.9905999999999999,17.2,105.1,1011.3,50.7,7.2,135.2,11.6,21735,63580,1,30.2,25.0,26.9,35.1,25.0,28.7,23.9
Princes Town,2019-11-21,81.9,0.0,13.9,116.3,1010.5,41.4,7.0,102.0,8.9,21760,63585,0,31.1,24.0,26.9,36.6,24.0,29.0,23.4
Princes Town,2019-11-22,84.8,2.0065999999999997,12.8,77.7,1010.3,41.0,6.8,91.3,8.1,21786,63590,1,32.0,24.0,26.2,36.8,24.0,27.2,23.2
Princes Town,2019-11-23,85.2,8.001,13.9,69.3,1010.6,40.1,6.7,94.3,8.1,21813,63596,1,31.0,23.0,26.4,36.6,23.0,28.2,23.6
Princes Town,2019-11-24,83.1,0.0,12.8,116.1,1010.5,47.2,7.0,88.2,7.5,21840,63604,0,32.0,24.0,27.4,37.9,24.0,30.2,24.1
Princes Town,2019-11-25,88.0,8.001,13.9,105.6,1010.4,42.0,6.6,82.8,7.1,21868,63612,1,30.0,25.0,26.7,36.2,25.0,28.8,24.6
Princes Town,2019-11-26,91.7,14.020800000000001,12.8,111.5,1010.8,52.3,6.0,66.3,5.6,21896,63622,1,29.8,24.0,25.8,37.1,24.0,26.8,24.3
Princes Town,2019-11-27,81.2,0.1016,16.1,101.5,1011.6,40.1,6.7,104.0,9.0,21924,63632,1,31.0,25.9,27.7,36.6,25.9,30.4,24.1
Princes Town,2019-11-28,79.9,2.0065999999999997,13.9,102.5,1010.9,37.5,7.0,116.1,10.2,21953,63644,1,32.0,23.2,27.1,36.6,23.2,29.3,23.1
Princes Town,2019-11-29,85.9,0.0,12.8,38.8,1010.2,42.8,6.4,93.0,8.0,21983,63656,0,31.0,22.9,25.7,34.6,22.9,26.7,22.9
Princes Town,2019-11-30,88.0,32.3088,8.1,129.8,1010.7,38.9,7.0,95.0,8.4,22012,63670,1,28.2,22.9,25.8,32.7,22.9,27.3,23.6
Princes Town,2019-12-01,83.1,0.0,13.9,118.1,1012.0,42.6,7.3,117.0,10.0,22042,63684,0,32.0,24.9,27.6,38.7,24.9,30.4,24.3
Princes Town,2019-12-02,84.9,3.2003999999999997,13.9,110.1,1012.6,46.5,7.0,124.4,10.9,22073,63700,1,30.8,25.0,26.9,37.5,25.0,29.0,24.1
Princes Town,2019-12-03,82.5,10.3124,16.1,113.1,1012.6,48.7,6.5,130.3,11.2,22103,63716,1,31.1,23.0,26.8,36.7,23.0,29.0,23.4
Princes Town,2019-12-04,80.5,3.4036,18.3,116.5,1011.9,43.3,6.9,114.3,9.8,22134,63734,1,30.1,25.0,27.1,36.2,25.0,29.2,23.4
Princes Town,2019-12-05,79.7,0.9905999999999999,17.2,109.4,1012.7,41.7,6.5,116.7,10.0,22165,63752,1,31.1,24.0,27.1,35.5,24.0,28.9,23.2
Princes Town,2019-12-06,83.5,2.794,16.1,92.9,1012.7,46.3,6.8,93.4,8.2,22196,63771,1,31.0,24.0,26.4,35.5,24.0,27.9,23.3
Princes Town,2019-12-07,76.8,0.0,15.0,106.7,1012.1,39.9,7.2,124.8,10.9,22228,63791,0,32.0,23.9,27.4,35.8,23.9,29.3,22.7
Princes Town,2019-12-08,73.0,0.0,17.2,104.5,1011.8,39.1,7.3,125.0,10.8,22259,63812,0,32.0,23.0,27.2,35.6,23.0,28.7,21.7
Princes Town,2019-12-09,74.1,0.0,17.2,101.3,1012.0,52.8,7.1,144.5,12.4,22291,63834,0,31.2,24.0,27.0,35.7,24.0,28.3,21.7
Princes Town,2019-12-10,82.3,4.5973999999999995,15.0,97.0,1011.8,44.2,6.5,86.0,7.5,22323,63856,1,30.0,23.9,26.0,34.2,23.9,27.0,22.6
Princes Town,2019-12-11,92.3,71.2216,17.2,103.7,1011.5,55.1,4.6,33.8,3.1,22355,63880,1,24.1,22.0,23.3,24.1,22.0,23.3,22.0
Princes Town,2019-12-12,86.0,5.8928,11.4,116.0,1010.3,48.2,6.7,107.3,9.3,22386,63904,1,29.0,22.0,24.8,32.8,22.0,25.4,22.2
Princes Town,2019-12-13,84.5,2.1082,13.9,104.4,1010.4,50.5,6.8,162.1,14.1,22418,63928,1,29.0,22.0,25.2,32.8,22.0,26.1,22.3
Princes Town,2019-12-14,84.0,0.2032,16.1,114.9,1011.8,48.8,6.8,120.4,10.6,22450,63954,1,30.8,24.0,26.4,35.4,24.0,28.3,23.4
Princes Town,2019-12-15,91.7,22.1996,16.1,109.8,1013.0,54.4,5.7,128.2,11.1,22481,63980,1,27.0,23.9,25.1,30.1,23.9,25.4,23.6
Princes Town,2019-12-16,81.2,8.2042,20.8,98.3,1012.1,41.2,6.7,177.8,15.2,22513,64007,1,31.0,24.9,27.1,35.5,24.9,28.9,23.4
Princes Town,2019-12-17,79.4,2.9972,20.8,108.7,1011.2,45.4,6.4,191.3,16.3,22544,64034,1,31.0,24.0,27.0,35.5,24.0,28.8,23.0
Princes Town,2019-12-18,80.0,3.2003999999999997,19.7,110.5,1011.3,41.9,6.3,177.7,15.1,22575,64062,1,30.0,24.7,26.8,34.2,24.7,28.1,22.9
Princes Town,2019-12-19,79.5,0.7111999999999999,20.8,106.1,1011.6,57.2,6.5,171.0,14.7,22606,64090,1,31.0,25.0,26.9,35.5,25.0,28.5,22.9
Princes Town,2019-12-20,80.6,7.899399999999999,18.3,107.9,1012.2,52.6,6.7,109.0,9.4,22636,64119,1,31.0,24.0,26.8,36.6,24.0,28.6,23.1
Princes Town,2019-12-21,82.7,0.8128,16.1,104.3,1012.0,45.2,6.9,114.7,10.0,22666,64149,1,30.0,24.8,26.7,35.1,24.8,28.4,23.4
Princes Town,2019-12-22,82.6,7.010400000000001,18.3,109.4,1012.0,47.3,6.9,116.7,9.9,22696,64178,1,30.0,24.9,26.9,35.1,24.9,28.7,23.7
Princes Town,2019-12-23,81.5,2.0065999999999997,18.3,107.6,1012.3,48.4,6.8,124.2,10.7,22726,64209,1,31.0,24.8,27.2,35.0,24.8,29.3,23.6
Princes Town,2019-12-24,80.3,1.1938,16.1,120.5,1011.5,47.7,6.3,137.7,11.8,22755,64239,1,30.0,24.9,26.9,34.2,24.9,28.4,23.1
Princes Town,2019-12-25,80.8,0.0,13.9,141.0,1010.9,34.7,6.6,142.5,12.4,22783,64270,0,31.0,24.0,26.7,35.5,24.0,28.3,23.0
Princes Town,2019-12-26,79.5,0.0,12.8,119.1,1011.3,37.3,6.6,188.7,16.2,22812,64302,0,30.0,23.9,26.7,34.2,23.9,28.4,22.7
Princes Town,2019-12-27,80.4,0.0,13.9,117.3,1011.8,31.9,6.8,222.4,19.2,22839,64333,0,31.0,24.0,27.4,36.6,24.0,29.9,23.6
Princes Town,2019-12-28,77.9,0.0,16.1,108.8,1011.7,43.4,6.9,123.8,10.7,22866,64365,0,31.0,23.8,27.0,35.0,23.8,28.8,22.6
Princes Town,2019-12-29,77.7,0.0,15.0,118.2,1011.2,47.3,6.8,118.8,10.3,22893,64397,0,31.0,22.0,26.4,33.7,22.0,27.7,21.9
Princes Town,2019-12-30,77.4,0.0,15.0,114.8,1011.8,36.4,6.1,136.1,12.0,22919,64429,0,32.0,22.0,26.4,34.9,22.0,27.7,21.8
Princes Town,2019-12-31,73.8,0.0,13.9,115.7,1012.8,28.0,6.5,129.0,11.2,22944,64461,0,31.0,23.0,26.7,34.6,23.0,27.9,21.4
Princes Town,2020-01-01,74.7,0.0,17.2,111.3,1013.1,31.2,6.9,129.8,11.3,22969,64494,0,31.0,22.7,26.3,33.1,22.7,27.3,21.1
Princes Town,2020-01-02,74.1,0.0,17.2,113.9,1013.4,32.0,7.7,197.9,17.0,22993,64526,0,31.2,23.0,26.6,34.1,23.0,27.8,21.4
Princes Town,2020-01-03,80.7,2.9972,13.9,120.9,1015.2,39.1,6.8,176.2,15.2,23016,64559,1,29.0,22.0,25.0,32.2,22.0,25.6,21.2
Princes Town,2020-01-04,77.8,0.0,13.9,112.7,1015.2,30.6,7.9,111.0,9.9,23038,64591,0,31.0,20.0,25.1,33.4,20.0,26.0,20.5
Princes Town,2020-01-05,76.6,0.9905999999999999,10.3,103.3,1013.6,40.7,7.2,100.4,8.7,23060,64624,1,31.0,22.0,25.7,33.7,22.0,26.5,20.9
Princes Town,2020-01-06,81.1,0.508,11.4,106.9,1012.7,39.9,6.9,97.1,8.4,23081,64656,1,30.0,21.0,24.9,33.3,21.0,25.9,21.3
Princes Town,2020-01-07,76.4,0.0,15.0,113.5,1014.1,41.7,7.4,126.1,11.0,23101,64689,0,31.0,23.0,26.2,36.6,23.0,27.4,21.4
Princes Town,2020-01-08,74.3,0.0,17.2,107.0,1015.1,33.8,6.8,124.1,10.9,23121,64721,0,31.0,22.9,26.8,34.1,22.9,28.2,21.6
Princes Town,2020-01-09,78.0,0.1016,17.2,101.7,1014.8,36.1,6.4,116.2,10.1,23139,64753,1,29.0,22.0,25.7,31.7,22.0,26.4,21.4
Princes Town,2020-01-10,80.1,5.8166,24.2,104.7,1014.7,51.6,6.7,116.7,10.1,23157,64785,1,30.0,23.0,25.2,33.3,23.0,25.9,21.4
Princes Town,2020-01-11,77.6,0.2032,18.3,108.4,1015.0,33.4,6.8,150.4,12.9,23173,64816,1,31.0,22.9,25.8,33.1,22.9,26.8,21.4
Princes Town,2020-01-12,77.2,0.9905999999999999,20.8,102.3,1015.4,38.2,6.7,125.1,10.9,23189,64848,1,30.0,23.0,25.8,32.6,23.0,26.8,21.3
Princes Town,2020-01-13,78.7,0.0,17.2,96.3,1014.7,39.3,6.7,120.3,10.4,23204,64879,0,29.0,22.9,25.3,31.4,22.9,26.0,21.1
Princes Town,2020-01-14,83.3,5.7912,20.8,104.9,1013.3,50.0,6.5,116.8,10.2,23218,64910,1,29.8,22.9,25.3,33.2,22.9,26.2,22.1
Princes Town,2020-01-15,88.8,8.509,16.1,104.4,1012.9,57.7,6.2,87.5,7.5,23231,64940,1,28.0,23.7,25.1,32.7,23.7,25.3,23.1
Princes Town,2020-01-16,77.9,15.189199999999998,15.0,103.7,1014.1,51.2,7.0,171.4,14.8,23243,64970,1,30.0,23.9,26.6,32.6,23.9,27.6,22.2
Princes Town,2020-01-17,84.7,2.0065999999999997,17.2,105.9,1014.6,50.2,5.9,188.5,16.2,23254,65000,1,28.0,23.9,25.5,31.3,23.9,26.4,22.7
Princes Town,2020-01-18,80.0,0.0,12.8,110.5,1014.7,29.0,7.3,204.0,17.6,23264,65029,0,32.0,22.0,26.2,35.8,22.0,27.7,22.3
Princes Town,2020-01-19,83.4,8.3058,17.2,95.7,1014.1,54.9,5.9,192.9,16.6,23273,65058,1,30.0,23.8,25.4,34.2,23.8,26.2,22.3
Princes Town,2020-01-20,85.9,4.3942,20.8,102.0,1013.6,39.6,6.6,200.4,17.4,23281,65087,1,30.0,23.0,25.6,33.3,23.0,26.9,23.0
Princes Town,2020-01-21,81.6,0.3048,11.4,115.5,1012.6,41.9,7.1,189.7,16.3,23288,65115,1,30.0,21.9,25.3,33.3,21.9,26.3,21.8
Princes Town,2020-01-22,79.0,0.0,9.2,119.0,1011.6,43.0,7.0,170.4,14.9,23294,65142,0,30.0,21.0,25.2,32.8,21.0,26.2,21.1
Princes Town,2020-01-23,75.1,0.0,11.4,123.5,1011.1,31.9,7.4,252.2,21.8,23299,65169,0,31.0,20.0,25.3,33.1,20.0,26.2,20.2
Princes Town,2020-01-24,82.2,0.0,12.8,117.0,1011.9,41.4,7.3,203.8,17.5,23303,65196,0,29.9,20.2,25.3,33.8,20.2,26.5,21.8
Princes Town,2020-01-25,78.1,0.0,11.4,121.7,1013.3,38.9,7.3,218.3,18.9,23306,65221,0,30.0,24.0,26.3,32.0,24.0,27.2,21.9
Princes Town,2020-01-26,78.0,0.0,12.8,116.5,1013.6,46.1,7.2,259.0,22.4,23307,65247,0,32.0,22.8,26.2,34.9,22.8,27.3,21.7
Princes Town,2020-01-27,74.6,0.0,11.4,117.5,1013.9,40.7,7.3,227.7,19.6,23308,65272,0,30.0,21.0,25.8,32.8,21.0,26.7,20.6
Princes Town,2020-01-28,79.2,0.0,11.4,116.6,1012.8,37.3,7.4,212.7,18.5,23308,65296,0,32.0,23.2,26.9,36.8,23.2,28.5,22.8
Princes Town,2020-01-29,77.3,0.0,16.1,118.7,1012.9,37.5,6.6,195.9,16.7,23307,65320,0,33.0,23.9,26.9,38.1,23.9,28.5,22.4
Princes Town,2020-01-30,76.7,0.0,16.1,106.6,1013.7,30.8,6.2,226.6,19.5,23304,65343,0,31.0,24.0,27.1,34.6,24.0,28.6,22.3
Princes Town,2020-01-31,78.1,0.0,17.2,105.9,1014.8,34.3,5.2,219.4,18.8,23301,65365,0,31.0,24.0,27.2,35.5,24.0,28.8,22.8
Princes Town,2020-02-01,78.0,0.2032,16.1,116.3,1014.7,37.3,5.2,230.6,19.8,23296,65387,1,31.0,24.0,26.9,34.6,24.0,28.3,22.6
Princes Town,2020-02-02,74.0,0.0,12.8,116.0,1014.9,32.4,5.2,253.7,21.9,23291,65408,0,31.1,23.0,26.6,33.1,23.0,27.4,21.2
Princes Town,2020-02-03,73.4,0.0,16.1,110.2,1016.0,29.9,6.1,257.0,22.2,23285,65429,0,31.0,22.0,26.2,33.1,22.0,27.2,20.7
Princes Town,2020-02-04,71.8,0.0,16.1,102.6,1015.6,32.7,6.5,220.8,19.1,23277,65449,0,30.0,22.0,26.1,31.9,22.0,26.8,20.3
Princes Town,2020-02-05,74.1,0.0,16.1,114.6,1015.4,31.7,6.6,259.9,22.5,23269,65468,0,30.2,22.0,26.1,32.6,22.0,26.9,20.8
Princes Town,2020-02-06,70.3,0.0,17.2,120.8,1014.7,34.5,6.6,244.0,21.0,23259,65486,0,31.0,24.0,26.8,33.6,24.0,27.7,20.6
Princes Town,2020-02-07,74.4,1.9811999999999999,24.2,106.4,1015.2,39.4,6.5,254.1,21.7,23249,65504,1,30.8,22.0,25.6,32.6,22.0,26.2,20.4
Princes Town,2020-02-08,75.6,2.9972,15.0,106.7,1014.7,40.1,6.7,242.8,20.9,23237,65522,1,31.2,21.0,25.3,32.7,21.0,26.0,20.2
Princes Town,2020-02-09,78.4,5.206999999999999,16.1,120.4,1015.5,47.9,6.4,244.0,21.1,23225,65539,1,31.0,22.0,25.8,33.7,22.0,26.7,21.4
Princes Town,2020-02-10,72.1,2.0065999999999997,19.7,115.6,1015.8,30.4,6.1,258.4,22.4,23212,65555,1,31.1,22.8,26.3,32.8,22.8,27.0,20.6
Princes Town,2020-02-11,73.8,0.0,17.2,109.5,1014.8,33.2,6.2,233.0,20.2,23198,65570,0,31.0,23.0,26.8,34.6,23.0,28.1,21.5
Princes Town,2020-02-12,73.0,0.9905999999999999,18.3,104.2,1014.2,44.9,6.0,207.4,17.8,23182,65585,1,30.1,24.0,27.0,32.8,24.0,28.1,21.6
Princes Town,2020-02-13,75.9,0.889,21.9,103.5,1013.8,47.1,6.1,247.8,21.3,23166,65599,1,31.1,23.8,26.0,32.4,23.8,26.7,21.2
Princes Town,2020-02-14,84.1,0.2032,16.1,107.1,1014.4,46.5,6.7,72.5,6.1,23149,65612,1,27.0,23.0,25.2,29.3,23.0,25.6,22.2
Princes Town,2020-02-15,74.9,1.4986,17.2,110.2,1013.8,42.4,6.8,224.0,19.3,23132,65625,1,29.1,24.0,26.2,31.4,24.0,27.2,21.3
Princes Town,2020-02-16,78.6,0.0,18.3,111.8,1012.9,46.8,6.6,233.5,20.1,23113,65638,0,31.0,22.8,26.0,34.6,22.8,27.1,21.8
Princes Town,2020-02-17,84.4,2.9972,17.2,111.5,1012.5,56.5,5.8,144.2,12.4,23094,65649,1,29.0,24.0,25.7,32.8,24.0,26.5,22.8
Princes Town,2020-02-18,86.2,8.915399999999998,16.1,113.0,1013.5,50.5,6.2,211.3,18.2,23073,65660,1,30.0,24.0,26.1,34.2,24.0,27.4,23.5
Princes Town,2020-02-19,78.7,0.7874,15.0,114.3,1013.3,43.1,5.4,236.2,20.5,23052,65671,1,31.1,23.7,26.3,33.1,23.7,27.4,22.1
Princes Town,2020-02-20,75.2,0.2032,18.3,105.6,1013.0,43.6,5.4,239.6,20.8,23030,65681,1,30.8,23.0,25.9,32.9,23.0,26.8,20.9
Princes Town,2020-02-21,74.7,0.0,16.1,109.6,1013.2,39.7,6.7,231.7,20.1,23008,65690,0,31.0,22.0,25.8,33.3,22.0,26.7,20.6
Princes Town,2020-02-22,74.4,0.0,16.1,105.7,1013.3,47.2,6.6,225.2,19.5,22984,65699,0,31.0,23.0,26.5,34.6,23.0,27.8,21.4
Princes Town,2020-02-23,81.1,0.0,15.0,115.0,1013.0,44.0,6.0,233.9,20.2,22960,65707,0,31.0,22.0,26.1,35.5,22.0,27.4,22.4
Princes Town,2020-02-24,83.0,3.9878,18.3,118.0,1013.2,43.8,6.2,243.3,21.3,22935,65715,1,30.0,24.0,26.3,35.0,24.0,27.7,23.0
Princes Town,2020-02-25,73.9,0.0,16.1,111.2,1013.3,39.0,6.6,247.8,21.4,22910,65722,0,31.0,23.0,26.7,33.1,23.0,27.6,21.3
Princes Town,2020-02-26,73.9,0.0,15.0,119.2,1013.5,41.1,6.6,286.0,24.8,22884,65729,0,31.0,22.0,26.3,33.7,22.0,27.3,21.0
Princes Town,2020-02-27,73.8,0.1016,18.3,116.9,1014.2,46.5,6.9,245.2,21.2,22857,65735,1,31.0,22.0,26.1,34.2,22.0,27.0,20.7
Princes Town,2020-02-28,73.1,0.1016,13.9,111.0,1015.1,35.4,6.7,228.0,19.6,22830,65740,1,30.9,21.0,25.7,32.2,21.0,26.2,20.1
Princes Town,2020-02-29,69.5,0.0,17.2,113.1,1015.7,34.3,7.4,248.6,21.5,22802,65746,0,31.0,22.7,26.1,31.9,22.7,26.6,19.7
Princes Town,2020-03-01,69.3,0.0,16.1,108.6,1015.1,27.1,7.6,235.3,20.3,22773,65750,0,31.0,22.0,25.9,31.4,22.0,26.3,19.4
Princes Town,2020-03-02,69.8,0.0,16.1,112.8,1014.2,31.7,7.4,246.9,21.4,22744,65755,0,30.7,21.2,25.7,32.4,21.2,26.3,19.4
Princes Town,2020-03-03,75.3,0.7111999999999999,17.2,122.1,1014.1,41.2,6.7,249.6,21.4,22714,65759,1,31.0,20.2,24.9,32.4,20.2,25.6,19.9
Princes Town,2020-03-04,74.4,0.7111999999999999,17.2,110.7,1015.1,34.1,6.4,238.0,20.6,22684,65762,1,31.0,22.0,26.2,32.4,22.0,27.1,20.9
Princes Town,2020-03-05,71.8,0.6096,21.9,104.9,1015.8,36.8,6.6,217.6,18.9,22654,65765,1,30.0,23.7,26.1,31.3,23.7,26.8,20.4
Princes Town,2020-03-06,67.5,0.0,18.3,113.0,1015.3,24.8,6.1,249.4,21.6,22623,65768,0,30.2,22.0,26.2,32.1,22.0,26.8,19.5
Princes Town,2020-03-07,71.2,0.0,16.1,116.2,1013.3,36.9,6.5,250.7,21.6,22591,65770,0,30.2,23.0,26.4,32.6,23.0,27.3,20.4
Princes Town,2020-03-08,70.2,0.0,17.2,114.8,1014.4,33.3,6.3,286.8,24.6,22559,65773,0,31.0,22.9,26.4,33.1,22.9,27.2,20.2
Princes Town,2020-03-09,69.8,0.0,18.3,109.8,1016.0,35.7,6.3,244.3,20.9,22527,65774,0,31.0,22.8,26.6,32.4,22.8,27.3,20.3
Princes Town,2020-03-10,70.5,0.0,19.7,113.2,1014.9,40.6,6.0,249.3,21.6,22494,65776,0,31.0,22.7,26.4,32.4,22.7,27.1,20.2
Princes Town,2020-03-11,68.5,0.0,15.0,120.0,1012.4,33.1,6.8,266.6,23.0,22461,65777,0,31.0,21.0,26.1,32.4,21.0,26.6,19.4
Princes Town,2020-03-12,70.1,0.0,17.2,115.5,1011.1,36.6,6.8,279.0,24.0,22428,65778,0,31.0,21.8,26.2,32.4,21.8,26.9,19.9
Princes Town,2020-03-13,70.8,0.0,15.0,121.6,1012.5,36.6,6.7,252.7,21.8,22394,65778,0,32.0,22.7,26.9,34.2,22.7,27.8,20.7
Princes Town,2020-03-14,74.8,0.0,10.3,73.9,1013.0,46.3,6.7,236.9,20.4,22361,65779,0,30.0,23.0,26.3,32.6,23.0,27.5,21.2
Princes Town,2020-03-15,85.3,0.508,20.8,106.0,1013.2,51.4,6.3,205.1,17.7,22327,65779,1,28.0,22.9,24.6,30.7,22.9,24.9,21.8
Princes Town,2020-03-16,80.2,0.0,13.9,121.4,1013.3,43.3,7.2,213.2,18.6,22292,65779,0,30.0,22.9,25.7,34.2,22.9,26.9,21.8
Princes Town,2020-03-17,73.2,0.0,13.9,107.0,1013.5,49.4,7.4,261.4,22.5,22258,65779,0,31.0,21.0,25.9,33.7,21.0,26.7,20.4
Princes Town,2020-03-18,69.5,0.0,13.9,105.4,1014.3,41.5,6.9,258.6,22.6,22223,65779,0,32.0,22.0,26.8,34.2,22.0,27.8,20.3
Princes Town,2020-03-19,68.6,0.0,17.2,112.5,1014.8,32.4,7.1,282.1,24.5,22188,65778,0,32.0,22.0,26.8,33.5,22.0,27.6,20.2
Princes Town,2020-03-20,66.6,0.0,15.0,99.6,1014.4,36.4,7.5,254.4,22.1,22153,65777,0,32.0,23.0,27.0,33.5,23.0,27.8,19.9
Princes Town,2020-03-21,72.5,0.0,15.0,93.6,1013.7,45.6,6.7,236.0,20.5,22118,65777,0,30.9,22.2,26.3,32.6,22.2,27.2,20.7
Princes Town,2020-03-22,69.2,0.1016,20.8,108.5,1014.5,53.8,7.0,270.9,23.6,22083,65776,1,32.0,23.9,27.2,34.9,23.9,28.2,20.8
Princes Town,2020-03-23,72.3,0.889,16.1,103.2,1015.5,37.5,7.0,222.9,19.2,22048,65775,1,31.0,23.9,26.9,33.1,23.9,27.9,21.2
Princes Town,2020-03-24,69.3,2.794,17.2,107.1,1014.8,42.8,7.2,244.5,21.1,22013,65774,1,31.2,23.9,27.2,33.7,23.9,28.4,20.9
Princes Town,2020-03-25,68.1,0.0,17.2,106.5,1013.1,38.4,6.7,250.1,21.6,21977,65773,0,31.9,23.0,26.8,33.3,23.0,27.4,20.0
Princes Town,2020-03-26,67.7,0.0,16.1,109.4,1011.5,44.2,6.7,259.8,22.5,21942,65772,0,31.8,22.9,26.8,33.1,22.9,27.4,19.9
Princes Town,2020-03-27,69.8,0.0,16.1,111.2,1010.4,38.0,7.2,266.2,22.9,21907,65771,0,31.8,21.0,26.6,33.3,21.0,27.3,20.1
Princes Town,2020-03-28,76.5,2.0065999999999997,18.3,102.0,1011.9,57.0,6.6,258.2,22.3,21872,65770,1,29.0,24.0,26.3,32.8,24.0,27.3,21.8
Princes Town,2020-03-29,72.7,2.0065999999999997,21.9,100.1,1013.2,51.0,7.1,263.5,22.7,21837,65769,1,31.1,24.9,27.3,34.6,24.9,28.8,21.8
Princes Town,2020-03-30,66.3,0.0,19.7,85.5,1012.6,44.5,7.2,236.9,20.5,21802,65768,0,31.0,22.8,26.7,33.1,22.8,27.3,19.6
Princes Town,2020-03-31,68.2,0.0,16.1,111.6,1011.8,40.5,7.2,282.5,24.2,21767,65768,0,31.1,19.9,26.0,32.4,19.9,26.5,19.2
Princes Town,2020-04-01,67.2,0.0,18.3,111.6,1011.5,39.8,7.0,275.5,23.9,21732,65767,0,31.0,19.9,25.6,32.7,19.9,26.1,18.7
Princes Town,2020-04-02,71.1,0.0,16.1,119.6,1012.7,43.8,6.9,249.4,21.5,21698,65766,0,32.0,22.9,27.1,34.6,22.9,28.4,21.2
Princes Town,2020-04-03,75.4,0.0,17.2,120.1,1011.8,51.4,7.4,259.8,22.4,21663,65766,0,32.0,24.0,27.9,36.8,24.0,29.9,22.8
Princes Town,2020-04-04,71.6,0.0,15.0,120.2,1011.2,40.9,6.6,283.4,24.4,21629,65765,0,33.0,25.0,28.2,37.1,25.0,29.9,22.2
Princes Town,2020-04-05,73.4,0.0,20.8,119.3,1012.1,51.9,5.9,267.8,23.1,21595,65765,0,32.8,24.2,28.1,36.5,24.2,29.9,22.6
Princes Town,2020-04-06,74.2,0.0,16.1,110.9,1013.5,43.8,6.2,224.5,19.2,21561,65765,0,31.0,25.8,27.8,34.6,25.8,29.9,22.7
Princes Town,2020-04-07,74.2,0.0,17.2,110.8,1014.0,44.7,6.1,273.9,23.6,21528,65765,0,32.0,25.0,27.7,35.8,25.0,29.5,22.5
Princes Town,2020-04-08,68.1,0.0,19.7,107.0,1012.8,33.3,6.4,281.1,24.3,21495,65765,0,32.0,24.9,28.1,34.2,24.9,29.1,21.2
Princes Town,2020-04-09,73.2,0.0,17.2,113.0,1012.5,42.1,6.7,258.3,22.3,21462,65765,0,31.0,24.8,27.6,34.3,24.8,29.2,22.2
Princes Town,2020-04-10,73.5,0.0,16.1,117.9,1012.9,44.4,6.4,281.8,24.5,21429,65766,0,32.0,25.2,27.8,35.8,25.2,29.4,22.4
Princes Town,2020-04-11,70.7,0.0,13.9,117.3,1014.2,50.5,6.6,285.3,24.6,21397,65767,0,32.0,23.0,27.5,34.2,23.0,28.6,21.2
Princes Town,2020-04-12,68.6,0.0,13.9,120.0,1015.1,34.5,6.2,266.5,22.9,21366,65768,0,32.0,24.0,27.7,34.9,24.0,28.7,20.9
Princes Town,2020-04-13,66.3,0.0,15.0,111.3,1015.2,38.7,6.6,248.0,21.4,21334,65769,0,34.0,22.8,27.5,34.7,22.8,28.3,20.1
Princes Town,2020-04-14,65.6,0.0,18.3,104.5,1013.5,38.4,7.4,263.0,22.7,21303,65771,0,32.0,22.0,27.4,33.6,22.0,28.2,19.9
Princes Town,2020-04-15,68.0,0.0,17.2,108.3,1013.2,45.6,6.5,257.0,22.2,21273,65773,0,32.0,23.0,27.5,40.7,23.0,28.8,20.7
Princes Town,2020-04-16,67.9,0.0,16.1,109.0,1014.6,41.0,6.4,280.2,24.3,21242,65775,0,33.2,23.0,27.8,36.1,23.0,29.0,20.9
Princes Town,2020-04-17,68.6,0.0,24.2,103.0,1015.3,40.5,6.9,266.1,23.1,21213,65777,0,32.0,22.9,27.3,34.2,22.9,28.2,20.6
Princes Town,2020-04-18,66.7,0.0,17.2,115.1,1014.6,30.8,6.8,278.3,23.8,21184,65780,0,32.1,23.0,27.4,34.9,23.0,28.4,20.3
Princes Town,2020-04-19,75.3,0.1016,17.2,107.8,1014.4,38.4,6.5,245.9,21.3,21155,65783,1,32.0,22.7,26.5,35.0,22.7,27.4,21.4
Princes Town,2020-04-20,70.0,0.0,17.2,117.5,1013.8,45.6,7.0,261.4,22.7,21127,65787,0,32.0,22.9,27.3,34.9,22.9,28.4,20.9
Princes Town,2020-04-21,68.8,0.0,17.2,115.4,1014.0,41.1,6.8,267.1,23.1,21099,65790,0,31.2,25.0,28.1,33.7,25.0,29.4,21.4
Princes Town,2020-04-22,64.2,0.0,17.2,107.3,1013.7,33.4,6.1,283.4,24.6,21072,65794,0,32.0,25.0,28.0,33.1,25.0,28.8,20.1
Princes Town,2020-04-23,70.1,0.0,18.3,108.7,1013.5,48.9,6.9,280.2,24.2,21046,65799,0,32.0,23.9,27.3,33.5,23.9,28.2,20.8
Princes Town,2020-04-24,67.4,0.0,19.7,108.1,1013.2,41.9,7.2,265.3,23.1,21020,65803,0,33.0,23.8,27.9,35.3,23.8,29.2,20.9
Princes Town,2020-04-25,64.9,0.0,19.7,108.2,1014.0,40.1,7.3,258.0,22.1,20995,65808,0,32.0,24.0,27.9,33.5,24.0,28.9,20.3
Princes Town,2020-04-26,64.4,0.0,20.8,97.9,1014.5,44.3,7.0,239.0,20.5,20970,65814,0,32.2,25.8,28.3,34.2,25.8,29.6,20.7
Princes Town,2020-04-27,67.4,0.0,16.1,104.4,1014.3,40.6,6.9,262.3,22.6,20946,65820,0,32.0,24.0,27.7,33.1,24.0,28.7,20.7
Princes Town,2020-04-28,66.9,0.0,17.2,111.6,1013.9,35.1,6.9,269.1,23.2,20922,65826,0,32.1,24.2,28.1,34.2,24.2,29.2,20.9
Princes Town,2020-04-29,78.2,0.508,15.0,99.6,1013.8,44.9,6.8,250.1,21.8,20900,65833,1,29.0,22.9,26.1,31.9,22.9,27.2,21.9
Princes Town,2020-04-30,67.5,0.0,17.2,111.8,1014.4,37.3,7.5,292.0,25.1,20878,65839,0,32.8,23.0,27.7,34.9,23.0,28.8,20.7
Princes Town,2020-05-01,77.1,1.3208,18.3,109.0,1014.9,46.0,6.8,200.9,17.2,20856,65847,1,31.0,24.8,26.9,34.2,24.8,28.3,22.4
Princes Town,2020-05-02,74.0,0.9905999999999999,21.9,112.0,1014.5,47.0,6.4,287.6,24.8,20835,65855,1,32.0,25.0,28.3,34.9,25.0,30.5,22.8
Princes Town,2020-05-03,70.7,1.2953999999999999,21.9,102.2,1013.1,45.6,6.4,271.4,23.3,20815,65863,1,33.0,25.7,28.7,38.1,25.7,31.3,22.6
Princes Town,2020-05-04,72.0,0.0,20.8,98.3,1011.7,48.2,6.7,265.3,23.0,20796,65871,0,33.0,25.8,28.6,38.1,25.8,31.2,22.8
Princes Town,2020-05-05,71.8,0.0,20.8,105.2,1012.2,57.2,6.2,274.3,23.7,20778,65880,0,32.0,25.0,28.3,35.3,25.0,30.4,22.5
Princes Town,2020-05-06,69.8,0.0,20.8,97.9,1013.2,64.9,6.3,288.6,25.0,20760,65889,0,32.0,26.0,28.8,34.9,26.0,31.7,22.5
Princes Town,2020-05-07,68.8,0.3048,21.9,99.5,1014.1,48.2,6.0,280.6,24.1,20743,65899,1,32.0,26.7,28.8,34.9,29.3,31.6,22.3
Princes Town,2020-05-08,72.0,0.7111999999999999,23.0,105.7,1015.0,51.7,6.3,257.8,22.3,20726,65909,1,32.0,25.0,28.3,35.5,25.0,30.8,22.6
Princes Town,2020-05-09,67.7,0.0,19.7,103.1,1015.5,38.9,7.1,293.6,25.4,20711,65919,0,33.0,24.7,28.3,34.2,24.7,29.5,21.2
Princes Town,2020-05-10,68.1,0.2032,20.8,98.8,1014.8,48.1,6.6,263.1,22.6,20696,65930,1,32.2,24.0,28.2,34.2,24.0,29.5,21.3
Princes Town,2020-05-11,74.4,0.9905999999999999,21.9,102.0,1013.8,50.7,6.4,261.9,22.6,20682,65941,1,33.0,23.0,27.6,36.8,23.0,29.1,22.3
Princes Town,2020-05-12,74.1,10.0076,19.7,107.0,1013.3,49.8,6.4,233.8,20.2,20669,65953,1,32.0,25.0,27.9,34.9,25.0,30.0,22.6
Princes Town,2020-05-13,66.7,0.4064,21.9,100.9,1013.6,47.3,6.6,278.3,24.0,20656,65965,1,32.0,26.0,28.4,34.2,26.0,30.1,21.3
Princes Town,2020-05-14,66.6,0.0,21.9,100.9,1014.2,37.3,7.0,264.7,23.0,20645,65977,0,32.0,25.0,28.4,35.8,25.0,30.1,21.4
Princes Town,2020-05-15,71.5,0.0,19.7,102.9,1014.1,48.2,6.6,271.8,23.6,20634,65989,0,33.0,24.9,28.0,35.3,24.9,29.2,21.9
Princes Town,2020-05-16,83.5,4.013199999999999,20.8,101.3,1014.1,50.3,5.9,254.9,22.0,20624,66002,1,31.0,24.0,26.9,36.2,24.0,29.1,23.8
Princes Town,2020-05-17,76.5,3.9878,19.7,97.4,1014.3,40.1,6.4,267.5,23.1,20614,66015,1,32.1,25.2,27.7,35.7,25.2,29.7,23.0
Princes Town,2020-05-18,71.6,0.0,19.7,100.9,1014.6,44.9,6.6,267.1,23.1,20606,66029,0,32.2,23.0,27.6,34.5,23.0,29.0,21.6
Princes Town,2020-05-19,68.4,0.0,15.0,103.4,1013.6,40.3,6.9,271.4,23.4,20598,66043,0,32.8,24.0,28.1,35.1,24.0,29.6,21.3
Princes Town,2020-05-20,73.6,0.1016,19.7,109.7,1013.7,66.3,7.2,224.1,19.2,20591,66057,1,33.0,25.0,28.6,38.1,25.0,31.3,23.1
Princes Town,2020-05-21,76.6,2.0065999999999997,20.8,103.3,1013.5,47.7,6.9,259.3,22.4,20585,66071,1,33.0,25.0,28.4,39.3,25.0,31.6,23.7
Princes Town,2020-05-22,71.3,0.0,16.1,114.0,1014.3,37.3,6.2,268.8,23.1,20580,66086,0,33.0,26.0,28.8,36.8,26.0,30.9,22.6
Princes Town,2020-05-23,72.4,0.0,20.8,106.9,1014.7,44.0,6.8,257.6,22.3,20575,66100,0,33.0,24.0,28.3,36.8,24.0,30.2,22.5
Princes Town,2020-05-24,70.8,0.0,20.8,100.5,1013.9,43.2,7.3,258.3,22.3,20571,66115,0,33.1,24.0,28.1,36.1,24.0,30.0,21.9
Princes Town,2020-05-25,72.3,0.0,17.2,105.6,1013.6,51.7,7.3,279.8,24.2,20568,66131,0,32.0,25.0,28.4,36.8,25.0,30.9,22.7
Princes Town,2020-05-26,73.4,0.6096,16.1,111.7,1013.4,51.2,7.4,238.6,20.5,20566,66146,1,33.0,25.7,28.7,36.1,25.7,31.0,23.1
Princes Town,2020-05-27,73.2,0.6096,16.1,111.3,1013.1,43.8,6.6,220.8,18.9,20565,66162,1,33.0,25.8,28.8,37.8,25.8,31.6,23.2
Princes Town,2020-05-28,73.5,0.0,18.3,96.4,1013.6,47.0,6.6,123.7,10.7,20564,66177,0,31.0,26.0,28.1,34.6,26.0,30.6,22.7
Princes Town,2020-05-29,80.5,7.7216,16.1,107.0,1013.8,44.9,6.2,231.5,20.1,20564,66193,1,31.0,24.9,27.2,34.3,24.9,29.4,23.4
Princes Town,2020-05-30,73.2,0.4064,17.2,104.8,1013.6,49.5,6.6,197.5,17.1,20565,66209,1,33.0,25.8,27.9,36.1,25.8,29.4,22.4
Princes Town,2020-05-31,82.8,2.8956,11.4,100.0,1014.1,44.0,6.3,175.8,15.2,20566,66225,1,29.0,25.8,27.0,33.6,25.8,28.9,23.8
Princes Town,2020-06-01,69.0,1.4986,16.1,107.0,1014.7,37.3,6.6,253.4,22.0,20569,66242,1,32.0,24.7,27.8,34.2,24.7,29.0,21.2
Princes Town,2020-06-02,72.1,0.0,16.1,111.7,1013.8,40.3,6.7,270.3,23.4,20572,66258,0,31.9,23.0,27.2,34.8,23.0,28.6,21.3
Princes Town,2020-06-03,71.2,0.4064,18.3,106.5,1013.6,36.6,6.9,279.2,24.1,20575,66274,1,33.0,23.9,27.8,34.6,23.9,29.2,21.6
Princes Town,2020-06-04,77.1,1.397,17.2,97.6,1013.7,44.5,6.3,260.5,22.5,20580,66290,1,32.0,24.9,27.8,36.2,24.9,29.9,23.2
Princes Town,2020-06-05,94.3,58.191399999999994,11.4,105.1,1014.7,44.0,6.1,49.4,4.1,20585,66307,1,26.0,22.2,24.7,26.0,22.2,24.7,23.7
Princes Town,2020-06-06,82.5,7.010400000000001,11.4,103.5,1014.5,40.3,6.9,225.7,19.4,20590,66323,1,30.0,23.9,26.9,35.1,23.9,29.1,23.6
Princes Town,2020-06-07,77.8,0.1016,16.1,98.1,1014.8,49.8,7.0,203.3,17.6,20596,66339,1,32.2,24.9,27.8,37.0,24.9,30.3,23.4
Princes Town,2020-06-08,81.0,2.0065999999999997,8.1,123.5,1013.6,42.6,6.8,264.9,22.8,20603,66355,1,33.1,24.0,27.1,36.6,24.0,29.1,23.3
Princes Town,2020-06-09,81.8,2.0065999999999997,13.9,117.3,1012.4,46.1,7.0,194.5,16.6,20611,66371,1,31.2,24.0,27.1,36.6,24.0,29.2,23.6
Princes Town,2020-06-10,85.9,29.006799999999995,12.8,118.8,1012.9,41.7,6.3,197.2,17.0,20619,66387,1,29.0,24.9,26.2,34.6,24.9,27.2,23.6
Princes Town,2020-06-11,76.0,0.0,15.0,106.4,1013.2,37.3,7.0,211.2,18.2,20627,66403,0,31.0,22.7,27.2,35.4,22.7,28.9,22.2
Princes Town,2020-06-12,75.6,2.9972,15.0,114.2,1012.7,36.1,7.0,261.5,22.4,20637,66418,1,32.0,24.0,27.8,36.0,24.0,29.7,22.7
Princes Town,2020-06-13,71.1,0.0,17.2,99.1,1012.9,38.9,7.3,277.9,24.0,20646,66434,0,32.0,24.0,27.7,35.8,24.0,29.2,21.6
Princes Town,2020-06-14,78.2,0.0,16.1,105.9,1013.7,42.6,6.7,241.8,20.7,20656,66449,0,31.1,24.0,27.2,36.4,24.0,29.3,22.9
Princes Town,2020-06-15,81.6,3.6067999999999993,18.3,95.7,1013.5,51.0,6.9,203.5,17.7,20667,66464,1,30.0,24.8,27.1,36.2,24.8,29.6,23.6
Princes Town,2020-06-16,73.3,0.0,20.8,89.8,1013.8,38.0,7.3,271.7,23.5,20678,66478,0,31.1,24.0,27.8,35.5,24.0,30.0,22.3
Princes Town,2020-06-17,89.7,24.993599999999997,18.3,102.7,1012.9,53.0,6.1,82.3,7.2,20690,66492,1,26.0,24.9,25.6,26.0,24.9,25.6,23.8
Princes Town,2020-06-18,81.7,3.6067999999999993,20.8,98.2,1012.9,40.3,6.7,163.4,13.9,20702,66506,1,32.0,25.0,27.4,37.9,25.0,29.3,23.8
Princes Town,2020-06-19,78.2,0.0,15.0,101.2,1013.7,39.1,5.0,160.3,13.9,20714,66520,0,32.0,25.2,28.1,37.9,25.2,30.6,23.7
Princes Town,2020-06-20,77.2,0.0,16.1,103.7,1013.3,54.7,6.4,197.5,17.1,20727,66533,0,32.8,25.0,28.6,39.2,25.0,31.9,23.9
Princes Town,2020-06-21,77.6,0.0,23.0,92.2,1013.8,34.3,3.3,151.6,13.1,20740,66546,0,32.0,24.9,28.1,37.9,24.9,31.3,23.7
Princes Town,2020-06-22,78.6,8.813799999999999,19.7,97.3,1013.8,42.2,4.9,164.4,14.1,20753,66559,1,32.1,26.0,28.6,38.9,26.0,32.6,24.3
Princes Town,2020-06-23,72.9,0.0,16.1,100.6,1012.3,29.0,4.7,155.3,13.4,20767,66571,0,33.0,25.9,28.6,37.1,25.9,31.5,23.1
Princes Town,2020-06-24,77.3,0.0,25.3,94.9,1012.1,44.1,5.5,139.0,11.8,20781,66582,0,31.1,25.0,27.7,36.4,25.0,30.1,23.3
Princes Town,2020-06-25,80.7,7.7978,18.3,100.5,1013.1,46.6,5.9,166.4,14.2,20795,66593,1,31.1,25.1,27.8,37.4,25.1,30.8,24.1
Princes Town,2020-06-26,74.1,0.0,20.8,94.1,1012.5,40.3,4.6,160.0,13.8,20809,66604,0,32.0,26.0,28.8,36.8,26.0,32.2,23.5
Princes Town,2020-06-27,84.0,32.9946,16.1,100.4,1011.4,41.0,5.4,90.9,7.7,20824,66614,1,31.0,23.0,26.7,36.6,23.0,28.6,23.6
Princes Town,2020-06-28,76.7,3.6067999999999993,15.0,107.6,1011.8,32.9,6.3,177.9,15.3,20838,66623,1,32.0,25.0,28.1,36.8,25.0,30.6,23.4
Princes Town,2020-06-29,76.0,0.0,15.0,101.4,1012.7,40.3,6.6,161.0,13.9,20853,66632,0,32.0,21.2,27.7,37.8,21.2,29.9,22.9
Princes Town,2020-06-30,79.1,2.9972,18.3,110.1,1012.2,42.5,6.7,144.0,12.4,20868,66640,1,32.0,24.7,27.2,36.8,24.7,29.2,23.1
Princes Town,2020-07-01,77.3,0.4064,15.0,102.0,1012.3,49.8,7.5,177.6,15.2,20884,66648,1,32.0,25.7,27.9,38.1,25.7,30.3,23.5
Princes Town,2020-07-02,81.3,3.2258,18.3,104.7,1011.8,53.5,5.9,153.9,13.2,20899,66655,1,31.0,26.0,27.6,36.2,26.0,29.7,23.9
Princes Town,2020-07-03,76.2,0.508,17.2,98.1,1011.8,39.1,6.5,186.5,16.1,20914,66661,1,32.0,25.9,28.1,36.8,25.9,30.1,23.3
Princes Town,2020-07-04,74.1,0.508,18.3,104.6,1012.0,43.5,6.9,188.4,16.3,20929,66667,1,31.1,25.0,27.9,35.5,25.0,29.9,22.6
Princes Town,2020-07-05,85.7,4.3942,10.3,112.2,1012.2,57.3,6.0,93.9,8.1,20945,66672,1,30.0,23.7,26.1,34.6,23.7,27.3,23.4
Princes Town,2020-07-06,83.9,8.001,11.4,123.5,1012.2,56.8,6.9,130.7,11.3,20960,66676,1,31.0,25.0,27.1,36.6,25.0,29.2,24.0
Princes Town,2020-07-07,83.2,3.9878,6.9,115.9,1013.2,55.6,7.0,110.1,9.5,20975,66680,1,31.0,24.0,27.2,36.6,24.0,29.5,23.9
Princes Town,2020-07-08,75.3,0.0,18.3,95.9,1012.5,30.1,7.3,218.6,18.8,20990,66683,0,32.0,24.0,28.0,37.9,24.0,30.4,22.9
Princes Town,2020-07-09,74.9,0.7111999999999999,19.7,95.7,1013.0,35.5,6.6,195.9,16.9,21005,66685,1,32.0,24.0,27.8,35.9,24.0,30.0,22.7
Princes Town,2020-07-10,77.6,2.0065999999999997,13.9,101.4,1013.2,41.4,5.4,105.6,9.1,21020,66687,1,30.0,26.0,27.7,35.1,26.0,30.4,23.4
Princes Town,2020-07-11,81.4,2.0065999999999997,15.0,110.0,1012.5,41.9,6.7,158.4,13.6,21035,66687,1,31.0,24.8,27.2,36.6,24.8,29.3,23.7
Princes Town,2020-07-12,79.3,0.1016,11.4,106.3,1013.0,46.3,7.4,149.5,12.8,21050,66687,1,32.0,24.8,28.1,37.9,24.8,30.9,23.9
Princes Town,2020-07-13,77.3,0.6096,15.0,103.8,1013.6,33.1,6.6,201.8,17.3,21065,66686,1,32.0,24.8,28.1,36.8,24.8,30.9,23.6
Princes Town,2020-07-14,74.2,0.0,16.1,99.8,1013.1,28.8,5.0,168.9,14.5,21079,66685,0,32.2,25.9,28.6,36.8,25.9,31.3,23.3
Princes Town,2020-07-15,83.2,2.5146,7.2,103.9,1012.8,29.8,5.6,258.5,22.2,21093,66682,1,29.3,24.0,26.7,34.0,24.0,28.8,23.6
Princes Town,2020-07-16,85.9,5.9944,13.9,98.9,1013.1,39.5,6.5,168.0,14.5,21107,66679,1,29.0,24.2,26.5,33.6,24.2,28.3,23.9
Princes Town,2020-07-17,80.5,6.7818,13.9,109.9,1012.8,45.6,6.8,174.8,14.9,21121,66675,1,31.0,24.9,27.3,36.2,24.9,29.6,23.6
Princes Town,2020-07-18,81.2,1.1938,15.0,101.8,1012.0,42.6,6.7,191.5,16.5,21134,66670,1,31.2,24.8,27.3,37.7,24.8,29.9,23.8
Princes Town,2020-07-19,84.8,0.6096,16.1,105.4,1011.6,33.8,6.9,192.2,16.5,21147,66664,1,31.1,24.9,26.9,36.4,24.9,28.8,24.0
Princes Town,2020-07-20,84.5,4.3942,12.8,110.0,1012.0,56.1,6.4,182.9,15.8,21160,66658,1,32.0,24.7,27.0,40.7,24.7,29.3,24.1
Princes Town,2020-07-21,82.1,19.7866,26.4,96.2,1012.4,43.8,6.7,206.6,17.9,21173,66650,1,31.7,24.0,26.8,36.6,24.0,28.4,23.3
Princes Town,2020-07-22,83.5,1.2192,15.0,110.1,1012.1,47.3,6.6,189.5,16.3,21185,66642,1,31.0,24.0,26.7,36.6,24.0,28.6,23.5
Princes Town,2020-07-23,84.1,5.0038,9.2,118.2,1012.5,50.7,6.4,169.9,14.6,21197,66633,1,32.0,23.0,26.4,36.8,23.0,28.0,23.3
Princes Town,2020-07-24,76.7,4.0893999999999995,11.4,110.4,1012.3,35.9,6.7,187.8,16.3,21209,66623,1,32.0,23.0,27.4,35.8,23.0,29.4,22.6
Princes Town,2020-07-25,88.5,5.9944,12.8,106.6,1012.2,46.8,6.6,92.8,8.0,21220,66612,1,28.0,24.0,25.8,31.9,24.0,26.6,23.7
Princes Town,2020-07-26,77.3,0.0,13.9,97.9,1013.5,43.1,7.1,192.4,16.5,21231,66601,0,32.8,24.0,28.1,37.6,24.0,30.7,23.4
Princes Town,2020-07-27,85.8,2.3114,9.2,39.4,1011.9,47.7,5.8,114.4,9.8,21241,66589,1,30.9,24.0,26.9,36.6,24.0,29.3,24.3
Princes Town,2020-07-28,88.0,4.2926,6.9,352.8,1010.4,37.5,6.8,78.7,6.7,21252,66575,1,29.8,24.0,26.1,34.8,24.0,27.2,23.8
Princes Town,2020-07-29,83.2,13.0048,23.0,158.3,1010.7,52.3,6.4,178.3,15.6,21261,66561,1,33.2,24.0,26.6,39.7,24.0,28.3,23.2
Princes Town,2020-07-30,80.4,0.508,12.8,113.5,1012.0,50.0,7.0,183.1,15.8,21271,66546,1,33.1,24.0,28.2,40.7,24.0,31.9,24.3
Princes Town,2020-07-31,78.2,3.4036,13.9,108.3,1012.0,40.6,7.5,230.2,19.8,21280,66531,1,32.0,24.0,27.7,35.9,24.0,29.8,23.3
Princes Town,2020-08-01,83.5,6.985,10.3,37.7,1012.8,39.1,7.0,216.7,18.8,21288,66514,1,32.0,24.0,27.2,37.9,24.0,29.8,24.1
Princes Town,2020-08-02,86.8,48.00599999999999,9.2,113.4,1013.4,49.3,6.4,127.0,10.9,21296,66497,1,30.0,23.8,25.8,35.1,23.8,26.9,23.4
Princes Town,2020-08-03,81.5,2.0065999999999997,12.8,122.8,1015.0,42.7,7.2,188.8,16.2,21304,66479,1,33.0,24.0,27.6,39.3,24.0,30.2,23.9
Princes Town,2020-08-04,80.2,10.0076,9.2,110.7,1015.1,39.0,6.7,161.7,13.9,21311,66460,1,33.0,24.0,27.4,42.3,24.0,29.8,23.5
Princes Town,2020-08-05,84.9,9.9822,8.1,115.1,1014.0,45.2,6.2,171.1,14.9,21318,66441,1,30.7,24.0,26.1,36.1,24.0,27.4,23.2
Princes Town,2020-08-06,83.1,0.7111999999999999,11.4,114.5,1013.2,38.7,6.9,181.7,15.8,21325,66420,1,32.0,24.0,27.2,37.5,24.0,29.3,23.8
Princes Town,2020-08-07,86.1,10.5156,11.4,96.8,1014.1,50.9,7.1,133.8,11.5,21331,66399,1,30.2,24.2,26.9,38.8,24.2,29.2,24.3
Princes Town,2020-08-08,86.1,86.8172,8.1,110.2,1014.7,54.9,5.9,89.9,7.8,21337,66377,1,31.0,24.7,26.8,36.6,24.7,28.7,24.2
Princes Town,2020-08-09,85.8,14.604999999999999,12.8,89.5,1014.2,37.7,7.0,124.6,10.8,21342,66354,1,30.3,24.0,26.1,35.1,24.0,27.4,23.4
Princes Town,2020-08-10,75.8,0.0,10.3,102.2,1012.3,37.0,6.8,196.0,16.8,21347,66331,0,33.1,25.0,28.6,38.1,25.0,31.6,23.6
Princes Town,2020-08-11,78.7,2.9972,13.9,107.0,1010.8,36.2,7.1,232.1,20.0,21351,66307,1,33.1,24.0,28.1,39.3,24.0,30.9,23.7
Princes Town,2020-08-12,84.2,11.9888,11.4,117.3,1010.7,54.7,6.5,154.7,13.4,21355,66282,1,32.0,25.8,27.9,42.3,25.8,31.1,24.9
Princes Town,2020-08-13,73.6,0.508,16.1,98.8,1010.5,39.6,7.0,228.6,19.6,21359,66257,1,33.0,25.0,28.8,39.3,25.0,31.6,23.3
Princes Town,2020-08-14,74.3,0.0,10.3,101.6,1009.8,46.3,7.1,130.0,11.4,21362,66231,0,32.0,25.0,28.1,36.3,25.0,30.3,22.9
Princes Town,2020-08-15,80.6,0.1016,12.8,129.7,1010.1,43.3,7.2,146.9,12.6,21365,66204,1,34.0,25.0,27.9,42.0,25.0,30.5,24.1
Princes Town,2020-08-16,76.5,0.0,10.3,60.0,1010.1,40.5,7.0,124.0,10.8,21367,66176,0,33.0,24.0,28.2,38.1,24.0,30.9,23.4
Princes Town,2020-08-17,88.9,71.3994,6.9,15.2,1009.7,49.8,6.5,117.7,10.0,21369,66148,1,29.0,25.0,26.6,34.6,25.0,28.4,24.6
Princes Town,2020-08-18,85.9,35.712399999999995,15.0,121.1,1011.2,48.8,6.8,97.5,8.5,21371,66120,1,30.1,22.8,26.1,35.1,22.8,27.6,23.3
Princes Town,2020-08-19,79.4,2.0065999999999997,9.2,95.5,1011.1,47.3,7.0,191.9,16.6,21372,66090,1,33.0,24.8,27.9,38.1,24.8,30.5,23.7
Princes Town,2020-08-20,87.0,25.603199999999998,10.3,144.4,1010.9,45.6,6.5,110.3,9.5,21373,66061,1,32.1,24.9,26.7,39.0,24.9,28.2,24.2
Princes Town,2020-08-21,90.3,19.9898,8.1,69.9,1011.3,45.8,6.4,209.2,18.3,21373,66030,1,31.1,23.0,25.4,38.1,23.0,26.8,23.7
Princes Town,2020-08-22,79.6,2.5907999999999998,10.3,125.3,1011.6,44.9,7.0,273.7,23.6,21373,65999,1,33.0,23.0,27.7,38.1,23.0,31.0,23.6
Princes Town,2020-08-23,78.6,2.3114,9.2,66.2,1012.4,45.8,7.0,170.5,14.8,21373,65968,1,33.2,23.7,27.3,37.5,23.7,29.1,23.0
Princes Town,2020-08-24,79.7,0.9905999999999999,10.3,124.7,1012.0,44.9,7.1,129.0,11.1,21373,65936,1,33.0,24.0,27.3,38.1,24.0,29.4,23.2
Princes Town,2020-08-25,75.6,0.0,12.8,105.9,1011.5,41.3,7.4,213.7,18.4,21372,65903,0,33.2,24.0,28.4,38.2,24.0,31.2,23.3
Princes Town,2020-08-26,74.5,0.6096,11.4,81.1,1011.9,34.5,7.3,206.2,17.7,21371,65870,1,33.0,25.0,28.9,38.1,25.0,31.9,23.6
Princes Town,2020-08-27,82.4,1.6256,6.9,68.5,1012.6,31.4,7.7,262.3,22.4,21369,65837,1,31.2,24.9,27.7,37.9,24.9,30.9,24.3
Princes Town,2020-08-28,82.1,3.0225999999999997,8.7,48.1,1012.4,31.1,7.7,245.6,21.3,21367,65803,1,31.2,25.6,27.7,36.7,25.6,30.2,24.2
Princes Town,2020-08-29,80.8,3.9878,12.8,57.2,1009.8,56.0,7.3,171.6,14.9,21365,65769,1,33.0,24.8,27.9,39.3,24.8,30.8,24.1
Princes Town,2020-08-30,85.1,21.005799999999997,12.8,311.3,1009.0,53.7,6.9,62.1,5.5,21363,65734,1,31.0,24.0,26.9,36.6,24.0,29.2,24.1
Princes Town,2020-08-31,84.4,50.0888,13.9,243.7,1012.3,65.1,6.9,80.2,6.9,21361,65699,1,29.0,22.8,25.8,32.0,22.8,26.9,22.9
Princes Town,2020-09-01,82.2,64.008,17.2,124.7,1012.2,42.1,7.4,167.3,14.6,21358,65664,1,32.1,22.9,26.3,36.9,22.9,27.7,22.8
Princes Town,2020-09-02,81.2,4.191,11.4,101.2,1010.6,48.6,6.9,213.8,18.6,21355,65628,1,31.9,24.0,27.4,37.8,24.0,29.9,23.7
Princes Town,2020-09-03,86.5,33.9852,10.3,255.9,1011.8,50.3,6.4,60.9,5.4,21352,65592,1,30.0,23.0,25.1,35.1,23.0,25.7,22.6
Princes Town,2020-09-04,78.2,0.0,11.4,121.0,1012.0,36.4,7.6,222.6,19.3,21348,65556,0,33.1,22.0,27.6,39.0,22.0,30.6,23.1
Princes Town,2020-09-05,75.4,0.9905999999999999,13.9,96.4,1012.1,35.9,7.5,160.4,13.9,21345,65519,1,33.0,25.0,28.3,38.1,25.0,31.3,23.3
Princes Town,2020-09-06,79.6,0.3048,11.4,111.9,1010.3,37.8,7.5,223.0,19.4,21341,65482,1,32.1,24.0,27.6,38.1,24.0,30.1,23.6
Princes Town,2020-09-07,76.6,0.0,9.2,121.1,1008.7,39.4,7.4,211.1,18.1,21337,65445,0,34.0,24.0,28.6,39.9,24.0,31.6,23.7
Princes Town,2020-09-08,80.7,37.0078,15.0,80.9,1009.5,37.3,7.1,146.5,12.6,21333,65408,1,34.0,24.0,27.1,39.2,24.0,28.7,23.2
Princes Town,2020-09-09,82.3,2.9972,6.9,110.0,1011.7,42.6,7.2,129.3,11.4,21329,65370,1,32.0,24.0,27.1,37.9,24.0,29.4,23.7
Princes Town,2020-09-10,79.9,0.2032,11.4,105.2,1012.0,41.7,7.2,156.3,13.6,21325,65332,1,32.0,24.0,27.7,36.8,24.0,30.2,23.7
Princes Town,2020-09-11,79.0,34.2138,11.4,108.0,1010.1,41.9,6.9,252.5,21.9,21320,65295,1,32.0,24.0,27.6,37.8,24.0,30.4,23.5
Princes Town,2020-09-12,84.3,13.106399999999999,12.8,94.2,1010.1,44.2,6.8,210.7,18.3,21316,65257,1,31.0,23.0,26.9,37.8,23.0,30.1,23.9
Princes Town,2020-09-13,80.2,7.899399999999999,8.1,114.8,1011.5,46.8,7.1,167.2,14.4,21312,65219,1,33.8,24.8,28.3,40.2,24.8,32.0,24.4
Princes Town,2020-09-14,72.6,0.0,9.2,124.0,1013.0,36.1,7.7,191.8,16.6,21307,65180,0,34.0,25.7,29.2,39.3,25.7,32.4,23.4
Princes Town,2020-09-15,73.3,0.0,12.8,117.9,1011.7,31.0,7.9,225.3,19.5,21303,65142,0,34.0,24.8,29.1,40.6,24.8,32.1,23.4
Princes Town,2020-09-16,75.2,0.508,15.0,53.8,1010.8,43.8,6.6,184.9,15.9,21298,65104,1,33.0,24.8,28.4,39.3,24.8,31.2,23.3
Princes Town,2020-09-17,79.9,0.0,9.2,107.9,1010.4,35.0,6.3,196.8,16.8,21293,65066,0,33.1,24.0,27.3,37.8,24.0,29.2,23.2
Princes Town,2020-09-18,81.3,10.998199999999999,8.1,17.1,1010.2,40.7,6.7,183.5,15.8,21289,65027,1,33.0,23.0,27.3,39.3,23.0,30.5,23.7
Princes Town,2020-09-19,85.0,56.007,17.2,206.9,1011.2,39.6,6.9,111.0,9.6,21285,64989,1,31.0,22.8,26.5,36.2,22.8,28.1,23.7
Princes Town,2020-09-20,76.6,0.0,11.4,122.2,1011.2,37.2,7.2,209.5,18.1,21280,64951,0,33.2,25.0,29.1,39.3,25.0,32.8,24.2
Princes Town,2020-09-21,75.2,0.0,12.8,112.6,1011.3,33.6,7.4,220.0,18.9,21276,64913,0,34.0,25.0,29.1,39.4,25.0,32.5,23.9
Princes Town,2020-09-22,77.7,0.0,10.3,119.9,1011.4,40.3,7.2,174.1,15.2,21272,64875,0,34.1,25.0,28.8,40.6,25.0,32.3,24.2
Princes Town,2020-09-23,75.4,0.0,9.2,117.8,1012.1,45.2,7.1,209.1,18.0,21267,64837,0,34.0,24.9,29.1,39.4,24.9,32.8,23.9
Princes Town,2020-09-24,73.4,0.0,11.4,117.5,1014.0,37.1,7.4,223.1,19.3,21263,64799,0,34.0,26.0,29.3,39.3,26.0,33.0,23.7
Princes Town,2020-09-25,70.2,0.0,10.3,107.2,1013.8,31.2,7.7,211.9,18.2,21260,64761,0,34.0,24.0,28.9,36.5,24.0,30.9,22.4
Princes Town,2020-09-26,77.5,0.9905999999999999,8.1,108.0,1011.7,43.8,7.2,92.4,8.1,21256,64724,1,32.9,25.0,28.3,37.9,25.0,31.2,23.7
Princes Town,2020-09-27,88.5,24.993599999999997,5.8,86.4,1009.4,45.2,7.2,89.1,7.7,21252,64686,1,30.2,23.0,25.4,35.3,23.0,26.3,23.3
Princes Town,2020-09-28,83.1,13.081,9.2,151.5,1010.5,41.9,7.8,140.8,12.1,21249,64649,1,30.0,24.0,26.3,33.0,24.0,27.9,23.1
Princes Town,2020-09-29,77.6,0.0,11.4,104.6,1011.7,38.7,8.0,180.2,15.6,21246,64613,0,34.1,24.9,28.6,40.9,24.9,32.3,24.1
Princes Town,2020-09-30,88.5,7.010400000000001,8.1,104.3,1011.3,49.5,6.7,62.9,5.5,21243,64576,1,28.9,25.0,26.3,34.2,25.0,27.4,24.3
Princes Town,2020-10-01,80.2,0.0,13.9,108.6,1010.2,42.1,7.1,205.7,17.8,21241,64540,0,32.0,24.8,28.1,39.1,24.8,31.4,24.1
Princes Town,2020-10-02,79.1,0.0,17.2,105.9,1010.7,38.0,6.6,150.9,13.0,21238,64504,0,31.0,25.0,27.4,36.6,25.0,29.8,23.3
Princes Town,2020-10-03,82.4,0.9905999999999999,15.0,107.1,1011.6,48.4,6.6,181.6,15.8,21236,64468,1,30.0,24.0,26.6,33.9,24.0,27.9,23.2
Princes Town,2020-10-04,86.9,28.498800000000003,15.0,105.6,1011.5,50.7,5.9,89.5,7.8,21235,64433,1,31.0,23.0,26.1,37.8,23.0,27.8,23.7
Princes Town,2020-10-05,84.3,6.095999999999999,11.4,89.8,1011.0,38.0,6.9,165.6,14.4,21233,64399,1,32.0,24.0,26.8,37.9,24.0,28.7,23.8
Princes Town,2020-10-06,85.8,8.991599999999998,11.4,272.1,1011.9,41.0,6.8,101.1,8.6,21232,64364,1,30.0,24.0,26.1,34.2,24.0,27.3,23.4
Princes Town,2020-10-07,79.5,0.0,13.9,110.9,1013.0,43.8,7.3,137.5,11.9,21232,64330,0,33.0,24.0,27.8,39.2,24.0,30.5,23.7
Princes Town,2020-10-08,83.4,3.9878,13.9,107.1,1013.0,45.4,7.3,101.8,8.9,21232,64297,1,34.0,24.8,27.7,40.6,24.8,30.3,24.3
Princes Town,2020-10-09,78.5,0.0,9.2,110.5,1013.4,36.8,7.2,136.9,11.8,21232,64264,0,32.1,23.0,27.5,36.8,23.0,29.5,23.1
Princes Town,2020-10-10,87.9,2.0065999999999997,9.2,66.1,1013.1,56.5,7.0,140.7,12.2,21232,64231,1,32.2,23.4,26.3,37.9,23.4,27.7,24.0
Princes Town,2020-10-11,84.8,0.1016,11.4,106.9,1011.9,37.4,7.3,136.5,11.7,21233,64199,1,29.0,23.0,26.1,33.6,23.0,27.6,23.2
Princes Town,2020-10-12,89.4,0.3048,17.2,110.9,1011.5,51.7,6.3,93.7,8.2,21235,64168,1,31.0,23.0,25.0,37.8,23.0,25.7,23.1
Princes Town,2020-10-13,84.8,83.31199999999998,9.2,113.9,1011.2,39.6,7.0,207.0,17.9,21236,64137,1,33.0,23.0,26.2,39.1,23.0,27.9,23.2
Princes Town,2020-10-14,79.6,0.0,13.9,94.7,1010.6,39.8,7.3,111.6,9.7,21239,64107,0,33.0,23.0,26.8,37.1,23.0,28.9,22.8
Princes Town,2020-10-15,78.0,0.4064,8.1,117.1,1010.8,41.2,7.2,162.5,14.0,21242,64077,1,32.0,23.8,27.6,36.8,23.8,30.1,23.2
Princes Town,2020-10-16,75.4,0.0,11.4,104.7,1011.7,35.2,7.2,223.7,19.3,21245,64048,0,33.0,24.0,27.9,38.1,24.0,30.3,22.9
Princes Town,2020-10-17,78.3,0.0,16.1,104.3,1011.0,40.3,7.3,129.9,11.3,21249,64020,0,33.0,24.0,28.3,38.1,24.0,31.2,23.8
Princes Town,2020-10-18,79.3,37.0078,30.0,166.8,1009.9,40.2,7.4,199.3,17.2,21253,63993,1,34.1,24.0,27.7,40.6,24.0,29.6,23.4
Princes Town,2020-10-19,72.7,0.0,8.1,106.4,1009.1,25.3,7.7,195.9,16.8,21258,63966,0,33.0,21.8,27.4,37.1,21.8,29.3,21.7
Princes Town,2020-10-20,74.8,0.0,10.3,116.0,1010.3,29.4,7.4,263.2,22.7,21264,63940,0,33.1,23.0,28.2,38.1,23.0,30.9,22.8
Princes Town,2020-10-21,75.4,0.7874,11.4,117.7,1012.0,39.8,7.3,256.4,22.1,21270,63914,1,33.0,24.9,28.6,39.3,24.9,31.6,23.5
Princes Town,2020-10-22,83.9,2.9972,16.1,113.4,1012.3,51.2,6.4,217.7,18.8,21277,63890,1,29.0,25.0,26.9,32.8,25.0,29.0,23.9
Princes Town,2020-10-23,85.6,5.9944,17.2,98.0,1012.1,54.2,6.7,140.9,12.2,21284,63866,1,32.0,24.0,26.4,37.9,24.0,28.1,23.7
Princes Town,2020-10-24,86.3,16.205199999999998,12.8,94.3,1011.5,42.6,6.6,194.1,16.8,21292,63843,1,30.0,24.8,26.7,38.8,24.8,28.7,24.1
Princes Town,2020-10-25,88.0,35.407599999999995,11.4,97.1,1011.5,49.3,6.7,211.7,18.3,21300,63821,1,31.0,24.0,26.2,37.8,24.0,27.6,23.9
Princes Town,2020-10-26,86.2,0.508,9.2,110.4,1011.2,38.4,6.7,220.9,19.1,21310,63799,1,31.1,24.0,26.6,36.7,24.0,28.6,23.9
Princes Town,2020-10-27,78.7,2.8956,15.0,96.7,1009.8,42.6,7.1,234.4,20.3,21319,63779,1,32.1,24.8,27.6,37.9,24.8,29.8,23.3
Princes Town,2020-10-28,81.9,15.011399999999998,6.9,29.1,1008.0,48.7,6.8,199.0,17.0,21330,63759,1,32.0,23.9,27.4,39.2,23.9,30.4,23.9
Princes Town,2020-10-29,87.9,16.205199999999998,11.4,95.3,1008.3,40.8,6.7,177.0,15.3,21341,63741,1,31.0,24.0,26.7,37.8,24.0,29.4,24.4
Princes Town,2020-10-30,86.9,13.0048,16.1,96.2,1010.0,54.2,6.1,173.0,14.9,21353,63723,1,31.0,25.0,26.9,39.1,25.0,29.3,24.5
Princes Town,2020-10-31,85.3,8.6106,13.9,107.8,1010.7,41.2,6.9,185.5,16.1,21365,63706,1,32.0,24.9,27.2,37.8,24.9,29.5,24.3
Princes Town,2020-11-01,88.8,6.985,13.9,107.0,1011.0,55.6,6.8,157.8,13.6,21378,63690,1,28.1,24.0,25.8,32.7,24.0,27.0,23.8
Princes Town,2020-11-02,91.6,23.0124,12.8,115.2,1011.4,49.1,6.1,45.9,3.9,21392,63675,1,27.0,23.9,24.6,30.1,23.9,24.8,23.1
Princes Town,2020-11-03,79.3,0.0,13.9,103.0,1010.8,47.5,6.5,200.3,17.3,21407,63661,0,32.0,24.0,26.9,36.8,24.0,28.7,22.8
Princes Town,2020-11-04,74.7,0.0,16.1,104.3,1012.0,38.2,6.9,210.9,18.2,21422,63648,0,31.1,23.0,27.3,34.4,23.0,28.8,22.1
Princes Town,2020-11-05,72.7,0.0,12.8,103.9,1010.5,31.7,6.9,138.6,11.8,21438,63637,0,32.0,23.0,27.6,34.9,23.0,29.3,21.9
Princes Town,2020-11-06,82.8,0.0,12.8,103.1,1009.1,52.4,6.1,161.0,13.7,21454,63626,0,32.0,24.9,27.3,37.9,24.9,29.8,24.0
Princes Town,2020-11-07,82.6,0.0,12.8,111.5,1009.6,42.1,7.0,143.9,12.5,21471,63616,0,31.7,24.8,27.5,37.8,24.8,30.2,24.1
Princes Town,2020-11-08,84.2,0.7111999999999999,10.3,117.3,1010.9,44.0,7.4,116.6,10.0,21489,63607,1,30.0,25.0,27.1,35.6,25.0,29.1,24.1
Princes Town,2020-11-09,84.1,0.0,12.8,110.1,1011.8,46.8,6.9,140.1,11.9,21508,63599,0,30.0,24.9,27.0,35.7,24.9,28.9,24.0
Princes Town,2020-11-10,76.1,0.0,9.2,116.4,1011.6,42.9,7.2,181.5,15.4,21527,63592,0,32.0,24.9,27.9,35.8,24.9,29.7,22.9
Princes Town,2020-11-11,81.0,0.6096,12.8,107.0,1011.4,41.7,7.2,159.2,13.7,21547,63587,1,32.0,24.0,27.4,37.9,24.0,30.2,23.7
Princes Town,2020-11-12,88.0,2.2097999999999995,12.8,98.5,1011.1,35.7,7.1,141.0,12.3,21568,63582,1,28.2,24.6,25.8,32.8,24.6,26.8,23.7
Princes Town,2020-11-13,81.9,0.0,9.2,114.1,1010.5,44.8,7.5,145.8,12.6,21589,63578,0,33.1,23.0,27.3,39.2,23.0,29.9,23.7
Princes Town,2020-11-14,86.1,2.0065999999999997,11.4,98.0,1010.4,48.8,7.1,101.0,8.8,21611,63576,1,30.0,24.8,26.3,34.2,24.8,27.7,23.7
Princes Town,2020-11-15,83.7,0.889,16.1,113.8,1010.6,53.3,7.0,153.2,13.5,21633,63575,1,31.1,24.0,26.9,36.6,24.0,28.9,23.7
Princes Town,2020-11-16,85.4,2.0065999999999997,17.2,95.4,1010.9,61.7,6.8,154.8,13.5,21656,63574,1,31.0,23.1,26.4,37.8,23.1,27.9,23.6
Princes Town,2020-11-17,86.5,4.0893999999999995,12.8,95.9,1010.9,47.9,6.8,136.9,11.9,21680,63575,1,30.0,23.0,26.3,35.9,23.0,28.1,23.8
Princes Town,2020-11-18,78.3,0.0,11.4,99.1,1011.7,37.8,6.8,225.6,19.5,21704,63577,0,31.7,23.9,27.2,35.6,23.9,29.1,22.8
Princes Town,2020-11-19,76.1,0.0,13.9,96.6,1011.4,35.4,6.7,228.9,19.8,21729,63580,0,31.2,24.0,27.6,34.9,24.0,29.3,22.7
Princes Town,2020-11-20,79.5,1.0921999999999998,13.9,103.2,1011.1,48.9,6.7,212.3,18.3,21754,63584,1,32.0,23.0,26.8,36.8,23.0,28.4,22.7
Princes Town,2020-11-21,89.9,53.0098,17.2,103.5,1010.6,62.5,5.7,176.9,15.3,21780,63589,1,28.0,23.9,25.1,31.3,23.9,25.7,23.3
Princes Town,2020-11-22,89.5,17.703799999999998,8.1,105.7,1011.5,55.1,4.7,106.1,8.9,21807,63595,1,28.0,24.0,25.3,32.7,24.0,25.9,23.4
Princes Town,2020-11-23,82.9,2.1082,15.0,93.2,1011.4,51.4,5.7,133.4,11.6,21834,63602,1,31.0,23.8,26.2,35.5,23.8,27.5,22.9
Princes Town,2020-11-24,83.4,11.7094,13.9,97.9,1011.3,64.1,5.8,98.3,8.3,21861,63610,1,30.0,23.9,26.2,34.2,23.9,27.8,23.0
Princes Town,2020-11-25,82.7,0.2032,17.2,102.5,1011.4,52.3,6.7,140.8,12.2,21889,63620,1,30.0,24.0,26.4,35.1,24.0,27.7,23.2
Princes Town,2020-11-26,86.7,0.0,15.0,99.8,1010.8,60.0,6.6,93.8,8.1,21918,63630,0,31.0,23.8,25.7,35.5,23.8,26.5,23.2
Princes Town,2020-11-27,84.3,17.906999999999996,10.3,103.2,1010.5,43.9,7.4,105.7,9.1,21947,63641,1,31.0,23.0,26.3,36.6,23.0,27.8,23.2
Princes Town,2020-11-28,81.2,0.0,9.2,100.3,1011.4,41.4,7.5,110.3,9.5,21976,63654,0,32.0,24.0,27.1,36.8,24.0,29.2,23.3
Princes Town,2020-11-29,80.0,0.0,11.4,102.0,1012.3,39.8,7.5,110.8,9.6,22005,63667,0,32.0,23.9,27.3,36.8,23.9,29.4,23.3
Princes Town,2020-11-30,79.6,0.0,12.8,94.6,1011.9,46.3,7.0,167.6,14.5,22035,63681,0,31.0,24.9,27.3,35.5,24.9,29.2,23.2
Princes Town,2020-12-01,82.2,0.4064,15.0,96.4,1011.6,39.0,6.1,171.9,15.0,22066,63696,1,31.0,24.0,26.9,35.5,24.0,28.9,23.4
Princes Town,2020-12-02,74.7,0.6096,10.3,106.1,1011.9,35.7,6.9,151.7,13.3,22096,63713,1,31.7,23.0,26.7,34.6,23.0,27.9,21.4
Princes Town,2020-12-03,76.1,0.2032,11.4,63.6,1011.8,35.9,7.2,123.3,10.6,22127,63730,1,32.0,22.0,26.3,34.6,22.0,27.6,21.4
Princes Town,2020-12-04,81.9,0.3048,13.9,104.5,1012.7,58.6,6.8,87.2,7.5,22158,63748,1,30.0,23.9,25.9,34.2,23.9,26.9,22.5
Princes Town,2020-12-05,82.2,5.0038,11.4,99.2,1013.0,45.2,7.1,141.9,12.3,22189,63767,1,32.0,24.0,26.6,37.9,24.0,28.4,23.2
Princes Town,2020-12-06,77.8,0.0,13.9,105.2,1012.5,39.1,7.9,169.6,14.7,22221,63787,0,31.0,23.0,26.8,34.6,23.0,28.4,22.3
Princes Town,2020-12-07,81.1,3.9878,15.0,95.0,1012.4,49.6,7.2,116.0,10.1,22252,63807,1,30.0,24.0,26.4,34.2,24.0,27.8,22.8
Princes Town,2020-12-08,77.6,0.0,11.4,112.0,1013.6,35.0,7.5,127.9,11.2,22284,63829,0,33.2,23.0,26.8,37.3,23.0,28.4,22.3
Princes Town,2020-12-09,76.0,0.0,11.4,99.1,1013.9,38.7,7.5,114.0,9.9,22316,63851,0,31.1,23.0,26.6,34.4,23.0,28.0,21.7
Princes Town,2020-12-10,71.9,0.0,11.4,104.0,1012.7,30.8,7.4,142.0,12.3,22347,63874,0,31.0,22.2,26.4,33.7,22.2,27.3,20.6
Princes Town,2020-12-11,78.7,2.0065999999999997,12.8,108.6,1011.9,35.7,7.0,151.4,13.0,22379,63898,1,30.3,22.0,25.9,34.1,22.0,27.3,21.8
Princes Town,2020-12-12,78.4,0.0,16.1,97.9,1012.7,38.0,7.7,26.2,2.4,22411,63923,0,30.2,22.9,26.2,33.3,22.9,27.2,21.9
Princes Town,2020-12-13,84.6,0.508,18.3,116.2,1013.1,46.1,6.9,86.4,7.3,22442,63948,1,29.1,23.7,25.8,32.8,23.7,26.8,22.9
Princes Town,2020-12-14,78.2,0.0,13.9,99.9,1012.3,35.1,7.1,143.9,12.5,22474,63974,0,31.1,23.0,26.6,34.6,23.0,27.9,22.2
Princes Town,2020-12-15,77.1,0.0,12.8,103.5,1011.4,33.5,6.8,157.5,13.7,22505,64000,0,32.0,22.9,26.8,35.8,22.9,28.2,22.1
Princes Town,2020-12-16,76.1,0.0,12.8,97.5,1011.9,37.5,6.8,145.2,12.7,22537,64028,0,32.0,22.0,26.8,35.8,22.0,28.1,21.8
Princes Town,2020-12-17,77.4,0.508,19.7,93.9,1012.8,43.3,7.1,165.3,14.3,22568,64055,1,31.1,24.8,27.2,34.2,24.8,28.6,22.6
Princes Town,2020-12-18,84.6,0.9905999999999999,8.1,104.5,1012.6,46.3,6.6,93.1,8.2,22599,64084,1,30.0,24.0,26.2,34.6,24.0,27.7,23.3
Princes Town,2020-12-19,84.2,2.9972,11.4,111.4,1011.4,41.2,6.4,130.0,11.3,22629,64112,1,31.0,23.0,26.2,34.6,23.0,27.3,23.1
Princes Town,2020-12-20,83.9,10.998199999999999,12.8,105.9,1011.6,41.9,6.8,138.0,12.0,22660,64142,1,30.0,23.0,25.7,35.1,23.0,26.9,22.6
Princes Town,2020-12-21,84.8,4.3942,16.1,102.9,1012.5,50.3,6.1,100.0,8.8,22689,64172,1,30.8,23.0,25.8,35.4,23.0,27.1,22.9
Princes Town,2020-12-22,80.5,0.3048,15.0,97.0,1012.2,46.1,6.8,149.6,13.0,22719,64202,1,30.7,23.0,26.1,34.9,23.0,27.4,22.3
Princes Town,2020-12-23,80.3,2.8956,17.2,94.7,1011.5,43.6,6.8,137.3,11.8,22748,64232,1,30.2,23.0,26.2,33.3,23.0,27.3,22.3
Princes Town,2020-12-24,78.0,0.1016,12.8,108.8,1011.3,31.7,7.0,181.8,15.7,22777,64263,1,30.0,22.0,26.1,32.9,22.0,27.1,21.7
Princes Town,2020-12-25,79.0,0.9905999999999999,15.0,104.2,1010.0,44.7,6.8,181.9,15.8,22805,64294,1,29.3,24.0,26.5,32.8,24.0,27.8,22.4
Princes Town,2020-12-26,77.1,0.7111999999999999,13.9,115.0,1008.8,41.9,7.0,184.8,16.2,22833,64326,1,31.0,22.8,26.2,34.6,22.8,27.2,21.6
Princes Town,2020-12-27,74.6,0.0,11.4,103.2,1009.7,37.1,7.0,191.0,16.7,22860,64358,0,31.0,21.9,26.1,33.6,21.9,27.1,20.9
Princes Town,2020-12-28,77.2,0.0,9.2,121.3,1011.1,38.8,7.1,167.3,14.6,22887,64390,0,31.0,21.0,26.0,34.6,21.0,27.3,21.4
Princes Town,2020-12-29,85.6,16.9926,9.2,119.6,1010.9,52.5,6.7,98.7,8.6,22913,64422,1,30.0,23.0,25.3,34.2,23.0,26.0,22.6
Princes Town,2020-12-30,87.1,13.9954,5.8,280.0,1011.5,45.6,6.7,97.2,8.4,22938,64454,1,29.2,22.0,24.4,32.8,22.0,25.1,22.0
Princes Town,2020-12-31,82.3,0.508,11.4,114.3,1012.1,53.5,7.0,137.2,11.9,22963,64486,1,29.0,22.0,25.4,32.0,22.0,26.5,22.1
Princes Town,2021-01-01,80.5,2.0065999999999997,20.8,104.9,1013.7,51.2,6.8,109.9,9.4,22987,64519,1,30.0,23.7,25.9,33.3,23.7,26.9,22.1
Princes Town,2021-01-02,76.5,2.794,15.0,83.9,1013.2,54.6,6.5,138.1,11.9,23011,64551,1,30.0,23.0,25.7,31.9,23.0,26.2,20.9
Princes Town,2021-01-03,63.3,0.0,15.0,61.2,1012.8,34.3,7.7,163.7,14.3,23033,64584,0,30.0,21.0,25.7,30.4,21.0,25.8,17.6
Princes Town,2021-01-04,71.7,0.0,12.8,116.9,1011.6,31.0,7.5,168.2,14.6,23055,64616,0,30.8,20.8,24.9,31.2,20.8,25.3,18.9
Princes Town,2021-01-05,83.4,0.3048,13.9,114.1,1011.7,44.2,7.2,85.5,7.3,23077,64649,1,30.0,19.0,23.6,32.6,19.0,23.9,20.4
Princes Town,2021-01-06,86.4,13.9954,11.4,114.2,1012.0,53.3,6.8,100.7,8.7,23097,64681,1,30.0,23.0,25.5,35.1,23.0,26.6,23.0
Princes Town,2021-01-07,83.8,1.778,12.8,106.5,1013.0,53.7,6.4,117.3,9.9,23116,64713,1,30.0,22.9,25.6,34.2,22.9,26.8,22.4
Princes Town,2021-01-08,75.4,2.794,16.1,106.2,1013.1,52.3,8.1,175.1,15.1,23135,64745,1,30.1,23.9,26.4,32.7,23.9,27.4,21.4
Princes Town,2021-01-09,87.7,12.014199999999999,9.2,110.1,1013.0,39.8,6.4,102.1,8.9,23153,64777,1,28.0,23.0,25.3,31.3,23.0,25.9,23.1
Princes Town,2021-01-10,77.3,0.2032,17.2,112.8,1013.9,32.4,6.2,167.0,14.4,23170,64809,1,30.1,25.0,26.7,33.7,25.0,27.8,22.2
Princes Town,2021-01-11,70.6,0.0,16.1,111.9,1014.6,37.5,7.0,196.8,16.9,23186,64840,0,31.0,22.9,26.4,33.1,22.9,27.0,20.2
Princes Town,2021-01-12,75.0,0.0,13.9,110.6,1013.8,40.1,7.5,179.3,15.5,23201,64872,0,30.1,22.0,25.6,32.0,22.0,26.4,20.6
Princes Town,2021-01-13,76.9,0.7874,16.1,108.1,1013.1,55.4,6.9,205.2,17.7,23215,64902,1,31.0,22.0,25.7,33.1,22.0,26.5,20.8
Princes Town,2021-01-14,77.6,2.0065999999999997,15.0,110.8,1011.9,55.3,6.8,184.3,15.9,23228,64933,1,30.0,22.9,26.1,32.6,22.9,27.2,21.7
Princes Town,2021-01-15,75.8,0.1016,12.8,115.0,1011.8,45.4,7.1,155.2,13.3,23241,64963,1,30.0,22.0,25.9,32.0,22.0,26.8,21.1
Princes Town,2021-01-16,75.3,0.0,13.9,108.6,1011.5,31.0,7.1,183.5,15.9,23252,64993,0,31.0,21.0,25.8,33.1,21.0,26.7,20.7
Princes Town,2021-01-17,70.9,0.0,13.9,95.1,1011.7,35.9,7.2,179.5,15.6,23262,65023,0,31.1,23.9,26.4,32.5,23.9,27.1,20.4
Princes Town,2021-01-18,77.8,0.508,17.2,104.3,1012.4,43.3,6.5,148.1,12.8,23271,65052,1,30.0,23.0,25.8,32.0,23.0,26.9,21.5
Princes Town,2021-01-19,81.7,10.8204,19.7,99.3,1012.9,48.2,6.5,149.6,12.9,23280,65080,1,29.0,23.0,25.3,32.0,23.0,25.8,21.8
Princes Town,2021-01-20,77.1,0.2032,13.9,115.0,1012.3,37.2,6.9,172.6,15.0,23287,65108,1,30.0,21.0,25.3,32.3,21.0,26.0,20.8
Princes Town,2021-01-21,77.7,0.0,13.9,107.0,1012.7,34.2,7.9,194.0,16.7,23293,65136,0,30.3,21.8,25.9,32.7,21.8,26.8,21.3
Princes Town,2021-01-22,80.0,0.2032,11.4,100.7,1013.1,42.9,6.5,148.2,12.7,23298,65163,1,30.2,22.1,26.0,33.4,22.1,27.2,22.1
Princes Town,2021-01-23,74.5,0.4064,19.7,104.6,1013.2,52.1,6.5,173.4,15.0,23302,65190,1,30.2,24.1,26.8,33.4,24.1,27.8,21.7
Princes Town,2021-01-24,73.1,0.0,11.4,108.1,1012.5,36.1,7.0,204.8,17.5,23305,65216,0,31.1,21.7,26.1,33.1,21.7,26.9,20.6
Princes Town,2021-01-25,74.8,0.0,15.0,103.0,1012.6,35.6,7.0,180.4,15.8,23308,65241,0,31.0,22.0,26.2,33.7,22.0,27.3,21.1
Princes Town,2021-01-26,72.5,0.0,17.2,82.4,1013.6,57.1,6.9,155.8,13.6,23309,65266,0,30.1,23.8,26.2,32.6,23.8,27.1,20.7
Princes Town,2021-01-27,70.2,0.0,16.1,84.4,1013.7,31.6,7.6,180.1,15.5,23309,65291,0,31.1,23.6,26.7,32.0,23.6,27.4,20.4
Princes Town,2021-01-28,66.3,0.0,15.0,116.7,1012.7,34.5,6.9,159.3,13.8,23307,65314,0,31.0,23.7,26.7,32.4,23.7,27.3,19.6
Princes Town,2021-01-29,72.9,0.0,11.4,104.1,1012.2,40.1,7.1,218.5,18.9,23305,65338,0,31.0,21.0,25.7,32.9,21.0,26.3,20.0
Princes Town,2021-01-30,78.6,2.0065999999999997,15.0,98.3,1013.2,51.5,6.5,168.0,14.5,23302,65360,1,30.0,22.0,25.5,32.6,22.0,26.6,21.3
Princes Town,2021-01-31,74.3,0.0,23.0,97.4,1013.4,41.7,5.9,225.4,19.4,23298,65382,0,30.8,23.0,26.7,33.3,23.0,27.7,21.4
Princes Town,2021-02-01,69.7,0.2032,20.8,86.7,1012.9,38.7,6.5,236.4,20.5,23293,65403,1,30.1,23.0,26.4,32.6,23.0,27.1,20.2
Princes Town,2021-02-02,74.3,0.0,16.1,109.6,1012.3,37.7,6.6,176.8,15.3,23287,65424,0,31.0,21.0,25.7,32.6,21.0,26.4,20.4
Princes Town,2021-02-03,83.1,2.794,19.7,107.2,1012.4,62.7,5.8,123.5,10.6,23280,65444,1,29.0,25.0,26.4,33.6,25.0,27.7,23.2
Princes Town,2021-02-04,79.4,1.1176,17.2,98.5,1013.7,59.8,5.7,118.0,10.1,23271,65464,1,30.0,23.7,26.6,33.3,23.7,27.9,22.6
Princes Town,2021-02-05,70.9,0.0,18.3,96.6,1013.5,41.9,6.7,181.2,15.7,23262,65482,0,31.0,23.9,26.6,33.1,23.9,27.2,20.6
Princes Town,2021-02-06,73.3,0.6096,18.3,98.5,1013.7,42.4,7.1,154.7,13.4,23252,65501,1,30.0,23.0,25.9,31.9,23.0,26.8,20.6
Princes Town,2021-02-07,73.3,0.0,17.2,95.1,1013.6,42.9,7.0,179.7,15.6,23241,65518,0,31.0,23.2,26.5,33.1,23.2,27.3,21.1
Princes Town,2021-02-08,71.2,0.0,17.2,98.2,1013.8,35.7,6.9,159.0,13.5,23229,65535,0,31.0,24.0,26.6,33.1,24.0,27.4,20.6
Princes Town,2021-02-09,66.5,0.0,15.0,101.2,1013.4,26.9,7.0,183.7,15.8,23216,65551,0,31.2,21.0,26.1,31.9,21.0,26.3,18.6
Princes Town,2021-02-10,73.2,0.0,17.2,100.8,1013.0,39.3,6.6,196.7,17.0,23202,65567,0,30.0,22.0,25.1,30.8,22.0,25.6,19.7
Princes Town,2021-02-11,74.5,0.0,16.1,99.4,1012.9,41.3,6.2,165.1,14.4,23187,65582,0,30.0,22.0,25.7,31.3,22.0,26.2,20.4
Princes Town,2021-02-12,83.5,0.2032,16.1,91.1,1013.1,63.1,5.9,78.1,6.6,23171,65596,1,28.0,22.9,25.0,30.7,22.9,25.3,21.9
Princes Town,2021-02-13,72.6,1.1938,19.7,91.2,1013.2,43.6,6.7,205.9,17.7,23154,65610,1,30.8,24.8,26.9,32.8,24.8,27.8,21.3
Princes Town,2021-02-14,77.0,0.9905999999999999,20.8,100.4,1013.8,55.6,6.7,161.6,14.1,23137,65623,1,30.0,23.0,26.2,33.1,23.0,27.0,21.6
Princes Town,2021-02-15,72.1,5.588,23.0,94.3,1014.4,41.7,6.7,171.1,14.8,23118,65635,1,30.0,23.8,26.3,31.9,23.8,27.1,20.6
Princes Town,2021-02-16,73.5,0.0,18.3,94.8,1014.7,43.4,7.0,187.6,16.2,23099,65647,0,30.0,21.0,25.7,31.3,21.0,26.3,20.2
Princes Town,2021-02-17,77.5,3.4036,15.0,99.0,1014.3,42.1,6.6,151.2,12.9,23079,65658,1,29.0,21.9,24.7,31.4,21.9,25.3,20.3
Princes Town,2021-02-18,80.0,8.2042,19.7,84.7,1014.3,40.0,6.9,129.1,11.2,23058,65669,1,28.0,20.9,24.4,30.1,20.9,24.8,20.6
Princes Town,2021-02-19,79.1,3.3274,10.7,80.2,1015.0,32.7,7.0,219.7,18.9,23036,65679,1,28.6,21.0,24.3,30.5,21.0,24.7,20.3
Princes Town,2021-02-20,77.4,0.508,9.6,83.3,1014.4,38.5,7.0,248.5,21.5,23014,65688,1,28.7,22.2,24.8,30.3,22.2,25.3,20.3
Princes Town,2021-02-21,73.5,0.0,11.4,89.4,1013.7,50.6,7.8,260.3,22.5,22990,65697,0,31.1,22.3,25.8,31.4,22.3,26.2,20.3
Princes Town,2021-02-22,82.7,1.6001999999999998,16.1,89.1,1013.5,56.5,5.4,223.4,19.2,22967,65706,1,28.0,23.0,24.9,31.3,23.0,25.5,21.7
Princes Town,2021-02-23,82.9,8.102599999999999,17.2,99.5,1013.7,46.8,6.1,96.6,8.2,22942,65713,1,29.0,22.8,25.3,32.0,22.8,26.0,22.1
Princes Town,2021-02-24,79.3,11.0998,13.9,96.6,1013.9,59.5,6.4,216.6,18.8,22917,65721,1,30.0,23.9,26.2,33.1,23.9,27.2,22.1
Princes Town,2021-02-25,79.1,4.8006,23.0,99.4,1013.1,54.4,6.3,239.2,20.9,22891,65727,1,30.0,23.0,25.9,32.6,23.0,26.7,21.8
Princes Town,2021-02-26,77.8,2.3114,21.9,97.4,1012.4,48.7,6.3,229.9,19.8,22864,65734,1,30.0,23.0,25.9,33.3,23.0,27.0,21.6
Princes Town,2021-02-27,73.9,0.0,24.2,87.1,1012.9,34.7,6.5,204.8,17.8,22837,65740,0,28.9,24.0,25.6,30.3,24.0,26.2,20.4
Princes Town,2021-02-28,65.7,0.0,17.2,100.9,1012.3,37.1,6.9,273.8,23.8,22809,65745,0,30.2,22.9,26.1,31.3,22.9,26.5,18.9
Princes Town,2021-03-01,71.9,1.0921999999999998,15.0,73.3,1011.1,44.0,6.6,245.5,21.1,22781,65750,1,30.0,22.0,25.3,30.8,22.0,25.7,19.6
Princes Town,2021-03-02,67.5,0.0,13.9,92.9,1011.8,27.1,7.3,251.4,21.9,22752,65754,0,31.2,20.0,25.5,31.9,20.0,25.7,18.2
Princes Town,2021-03-03,68.5,0.1016,16.1,100.6,1013.4,52.2,7.0,224.8,19.3,22722,65758,1,31.0,22.0,26.1,31.8,22.0,26.6,19.4
Princes Town,2021-03-04,87.9,15.392399999999999,13.9,104.0,1013.1,77.4,5.9,208.5,18.2,22692,65762,1,28.0,23.0,25.2,31.9,23.0,25.9,23.0
Princes Town,2021-03-05,85.3,12.090399999999999,18.3,101.3,1012.5,45.6,6.7,214.7,18.6,22662,65765,1,28.2,23.0,25.3,31.3,23.0,26.1,22.6
Princes Town,2021-03-06,76.9,0.0,18.3,108.7,1013.0,60.5,6.9,258.2,22.4,22631,65768,0,30.7,24.0,26.6,34.1,24.0,27.5,21.9
Princes Town,2021-03-07,85.0,1.778,20.8,105.7,1013.7,58.2,6.6,241.8,20.9,22599,65770,1,29.0,24.0,25.7,32.8,24.0,26.7,22.9
Princes Town,2021-03-08,77.5,2.0065999999999997,19.7,96.9,1014.0,62.8,6.9,250.9,21.7,22567,65773,1,30.1,23.7,25.9,32.0,23.7,26.7,21.4
Princes Town,2021-03-09,70.3,0.3048,17.2,102.5,1013.8,46.8,7.0,242.3,20.8,22535,65774,1,31.0,22.7,26.1,33.1,22.7,26.8,19.9
Princes Town,2021-03-10,75.3,0.0,19.7,109.5,1013.2,49.6,7.1,253.6,21.8,22503,65776,0,29.2,22.0,25.4,32.0,22.0,26.2,20.5
Princes Town,2021-03-11,84.8,8.6106,13.9,93.3,1013.3,62.5,5.6,201.0,17.3,22470,65777,1,29.0,22.8,24.4,31.4,22.8,24.6,21.6
Princes Town,2021-03-12,77.6,2.7178,18.3,105.9,1013.4,41.4,6.6,204.9,17.6,22437,65778,1,30.0,22.8,26.1,32.6,22.8,27.2,21.8
Princes Town,2021-03-13,87.1,8.991599999999998,15.0,108.2,1013.8,47.0,6.6,150.1,12.9,22403,65779,1,28.0,23.0,24.9,31.3,23.0,25.1,22.6
Princes Town,2021-03-14,91.9,26.416,12.8,110.1,1014.2,59.8,5.7,109.6,9.5,22369,65779,1,26.0,22.9,23.8,26.0,22.9,23.8,22.4
Princes Town,2021-03-15,79.4,0.2032,16.1,102.0,1013.0,49.7,7.1,179.1,15.4,22335,65780,1,30.1,22.9,26.3,33.8,22.9,27.7,22.2
Princes Town,2021-03-16,75.4,0.0,16.1,98.4,1012.8,36.4,7.0,244.3,21.1,22301,65780,0,31.0,22.0,26.3,33.1,22.0,27.3,21.3
Princes Town,2021-03-17,76.3,2.0065999999999997,18.3,94.7,1013.1,48.6,6.9,288.8,25.0,22267,65779,1,30.1,23.0,26.0,31.9,23.0,26.7,21.3
Princes Town,2021-03-18,69.7,0.0,15.0,114.9,1012.9,38.7,7.9,281.4,24.5,22232,65779,0,31.0,23.0,26.3,31.4,23.0,26.7,19.8
Princes Town,2021-03-19,73.6,0.0,17.2,105.4,1012.8,43.1,7.5,252.1,21.6,22197,65779,0,30.0,21.0,25.4,31.9,21.0,26.1,20.0
Princes Town,2021-03-20,71.1,0.0,15.0,104.5,1013.1,39.8,7.7,273.3,23.6,22162,65778,0,30.8,21.0,25.9,32.7,21.0,26.6,19.9
Princes Town,2021-03-21,72.7,0.2032,16.1,104.1,1013.5,55.8,7.0,271.2,23.5,22127,65777,1,30.0,23.0,25.7,31.3,23.0,26.2,20.1
Princes Town,2021-03-22,77.2,0.0,19.7,102.4,1012.6,48.7,7.1,259.1,22.5,22092,65777,0,30.8,22.0,26.2,34.2,22.0,27.3,21.6
Princes Town,2021-03-23,73.0,0.0,19.7,103.8,1012.9,55.4,7.0,242.6,21.0,22057,65776,0,31.0,23.7,26.3,32.4,23.7,26.9,20.8
Princes Town,2021-03-24,82.5,2.0065999999999997,15.0,114.0,1013.5,64.9,6.6,234.4,20.3,22022,65775,1,28.0,22.0,24.7,30.7,22.0,25.1,21.4
Princes Town,2021-03-25,74.3,0.0,15.0,108.8,1014.0,39.8,7.2,261.2,22.5,21986,65774,0,30.0,21.9,25.9,32.6,21.9,26.7,20.7
Princes Town,2021-03-26,76.8,1.0921999999999998,18.3,100.4,1013.8,58.0,7.0,234.9,20.3,21951,65773,1,28.0,23.0,25.5,30.1,23.0,26.0,21.1
Princes Town,2021-03-27,81.3,2.0065999999999997,16.1,105.6,1013.3,50.0,6.7,211.1,18.3,21916,65772,1,29.0,23.0,25.6,32.0,23.0,26.5,22.1
Princes Town,2021-03-28,88.4,44.323,12.8,95.3,1012.6,63.8,6.1,184.9,16.0,21881,65771,1,28.0,23.0,25.3,31.4,23.0,26.1,23.2
Princes Town,2021-03-29,78.7,1.1938,23.0,103.3,1012.7,53.0,5.9,110.4,9.6,21846,65770,1,30.0,25.0,27.1,34.2,25.0,28.8,22.9
Princes Town,2021-03-30,75.2,0.0,20.8,99.0,1013.2,50.7,6.4,251.0,21.7,21811,65769,0,30.7,24.1,26.9,34.2,24.1,28.2,22.0
Princes Town,2021-03-31,77.3,1.1938,19.7,103.7,1012.1,68.6,6.3,257.5,22.3,21776,65768,1,31.0,23.0,26.2,33.7,23.0,27.0,21.6
Princes Town,2021-04-01,71.1,0.3048,16.1,104.5,1011.5,48.6,6.8,277.9,24.2,21741,65768,1,30.0,23.0,26.5,32.6,23.0,27.4,20.6
Princes Town,2021-04-02,76.1,0.7874,17.2,112.9,1012.1,57.1,6.9,246.4,21.4,21706,65767,1,30.0,23.8,26.4,33.0,23.8,27.6,21.6
Princes Town,2021-04-03,75.5,0.0,17.2,101.1,1012.3,50.1,6.8,293.2,25.2,21672,65766,0,31.0,22.0,26.3,33.1,22.0,27.4,21.3
Princes Town,2021-04-04,69.5,0.0,13.9,99.6,1011.5,44.6,6.8,261.2,22.6,21638,65766,0,31.0,25.0,27.6,33.7,25.0,28.7,21.2
Princes Town,2021-04-05,75.0,0.0,15.0,104.6,1011.5,45.4,6.9,215.6,18.8,21604,65766,0,31.0,24.8,27.2,34.6,24.8,28.7,22.2
Princes Town,2021-04-06,73.9,0.0,15.0,104.9,1011.6,38.9,6.6,281.2,24.2,21570,65765,0,32.0,23.0,27.2,34.9,23.0,28.7,21.8
Princes Town,2021-04-07,76.2,0.7111999999999999,15.0,108.3,1011.5,33.6,6.0,251.4,21.8,21536,65765,1,31.0,23.8,26.9,34.4,23.8,28.4,22.1
Princes Town,2021-04-08,75.5,0.0,15.0,105.3,1011.6,40.6,5.2,251.0,21.5,21503,65766,0,32.0,23.0,27.1,34.9,23.0,28.8,22.2
Princes Town,2021-04-09,76.2,0.0,13.9,105.2,1012.3,40.7,5.5,243.5,21.0,21470,65766,0,31.8,23.0,26.8,35.4,23.0,28.1,22.1
Princes Town,2021-04-10,82.9,24.002999999999997,9.2,109.4,1011.5,60.9,7.0,184.8,15.9,21438,65766,1,30.0,23.0,26.1,34.2,23.0,27.2,22.8
Princes Town,2021-04-11,78.0,0.0,11.4,114.6,1010.9,41.9,6.4,196.6,16.9,21406,65767,0,31.0,23.0,26.8,35.5,23.0,28.6,22.4
Princes Town,2021-04-12,82.5,0.0,13.9,115.1,1011.5,46.3,6.7,206.9,17.9,21374,65768,0,30.0,24.0,26.9,35.1,24.0,29.0,23.5
Princes Town,2021-04-13,78.1,0.0,12.8,117.5,1011.6,44.0,6.8,272.7,23.6,21342,65770,0,32.0,25.0,28.1,37.9,25.0,30.8,23.7
Princes Town,2021-04-14,77.0,0.0,11.4,114.9,1011.9,43.1,6.8,269.0,23.3,21311,65771,0,32.0,25.8,28.0,36.8,25.8,30.2,23.4
Princes Town,2021-04-15,74.6,0.0,11.4,109.1,1011.8,37.5,6.4,265.9,23.1,21280,65773,0,32.0,24.0,27.4,34.9,24.0,29.5,22.3
Princes Town,2021-04-16,72.8,0.0,15.0,104.0,1012.2,45.8,6.6,291.2,25.0,21250,65775,0,31.2,25.7,27.8,34.2,25.7,29.2,22.2
Princes Town,2021-04-17,72.9,0.1016,20.8,102.6,1013.6,39.1,6.6,268.3,23.1,21221,65777,1,31.0,23.9,27.5,34.6,23.9,29.2,21.9
Princes Town,2021-04-18,70.6,0.889,19.7,96.5,1014.2,42.2,6.2,293.8,25.4,21191,65780,1,30.8,24.9,27.3,32.7,24.9,28.5,21.3
Princes Town,2021-04-19,66.7,0.0,17.2,98.7,1015.1,37.3,6.8,271.8,23.4,21162,65783,0,31.1,24.0,27.4,33.1,24.0,28.3,20.3
Princes Town,2021-04-20,80.3,8.178799999999999,18.3,91.5,1014.6,47.9,6.8,269.3,23.4,21134,65786,1,29.2,22.2,25.3,33.1,22.2,25.9,21.5
Princes Town,2021-04-21,75.0,0.0,13.9,113.6,1013.9,37.5,6.9,253.9,22.2,21106,65790,0,31.0,23.0,26.6,33.1,23.0,27.7,21.5
Princes Town,2021-04-22,71.8,0.0,16.1,103.5,1013.4,34.9,7.0,252.9,21.9,21079,65794,0,31.1,24.0,27.4,33.7,24.0,28.7,21.6
Princes Town,2021-04-23,71.9,0.0,18.3,101.4,1013.1,45.0,6.5,269.7,23.3,21053,65798,0,32.0,25.0,27.6,34.9,25.0,29.3,21.9
Princes Town,2021-04-24,76.2,3.302,18.3,105.9,1013.1,41.7,6.5,243.8,21.0,21027,65803,1,30.2,24.0,27.0,34.2,24.0,28.5,22.2
Princes Town,2021-04-25,71.8,0.0,18.3,101.1,1012.5,45.9,6.6,287.6,24.8,21001,65808,0,31.0,24.0,27.0,33.7,24.0,28.1,21.2
Princes Town,2021-04-26,77.5,0.1016,18.3,107.1,1011.5,57.0,6.9,236.1,20.3,20976,65813,1,31.0,23.0,26.2,34.6,23.0,27.3,21.8
Princes Town,2021-04-27,76.7,0.1016,15.0,109.9,1011.7,45.4,6.9,253.4,22.0,20952,65819,1,31.0,23.0,26.5,33.9,23.0,27.7,21.8
Princes Town,2021-04-28,72.1,0.0,12.8,110.8,1011.6,43.1,7.0,226.4,19.6,20929,65825,0,32.0,24.0,27.2,34.2,24.0,28.3,21.4
Princes Town,2021-04-29,85.8,5.384799999999999,13.9,104.7,1013.4,41.4,6.7,80.5,6.9,20906,65831,1,28.0,23.0,24.8,30.7,23.0,25.2,22.2
Princes Town,2021-04-30,87.1,21.996399999999998,11.4,91.6,1013.2,64.2,6.5,148.4,12.8,20883,65838,1,28.0,23.8,24.9,31.3,23.8,25.3,22.6
Princes Town,2021-05-01,80.4,0.7111999999999999,13.9,92.2,1012.8,54.2,6.9,188.1,16.2,20862,65846,1,30.2,23.0,26.1,33.4,23.0,27.1,22.2
Princes Town,2021-05-02,80.7,0.2032,11.4,73.9,1012.8,48.6,6.9,176.3,15.4,20841,65853,1,29.0,23.8,26.1,32.0,23.8,27.3,22.4
Princes Town,2021-05-03,85.4,5.9944,39.2,112.4,1012.8,62.6,6.7,154.3,13.4,20821,65861,1,28.0,23.9,25.6,31.3,23.9,26.3,22.9
Princes Town,2021-05-04,93.4,62.102999999999994,17.2,105.3,1014.1,52.1,6.0,160.6,13.7,20801,65870,1,25.9,23.0,24.1,25.9,23.0,24.1,22.9
Princes Town,2021-05-05,85.5,16.1036,15.0,101.6,1014.0,63.3,6.4,198.6,17.1,20783,65878,1,29.0,23.2,25.2,32.8,23.2,26.0,22.5
Princes Town,2021-05-06,77.1,0.0,17.2,107.8,1013.0,49.6,7.1,241.4,20.8,20765,65888,0,32.0,22.0,26.5,35.8,22.0,28.0,21.9
Princes Town,2021-05-07,88.3,24.002999999999997,15.0,103.1,1013.6,63.0,6.3,181.7,15.7,20747,65897,1,29.0,23.0,24.9,32.8,23.0,25.3,22.8
Princes Town,2021-05-08,91.1,45.288199999999996,12.8,103.6,1014.4,67.0,5.4,62.2,5.2,20731,65907,1,26.0,23.9,24.6,26.0,23.9,24.6,23.1
Princes Town,2021-05-09,82.8,14.503399999999997,13.9,113.1,1014.6,49.6,6.5,237.2,20.4,20715,65917,1,31.0,24.8,26.7,35.5,24.8,28.2,23.3
Princes Town,2021-05-10,79.4,0.0,17.2,102.8,1014.1,40.1,6.4,260.1,22.5,20700,65928,0,30.0,24.0,26.8,34.2,24.0,28.5,22.8
Princes Town,2021-05-11,73.4,0.0,16.1,103.3,1013.8,35.2,6.1,282.0,24.2,20686,65939,0,31.0,25.0,27.4,34.6,25.0,28.7,21.9
Princes Town,2021-05-12,72.1,0.0,12.8,101.9,1013.7,41.8,7.1,284.6,24.5,20672,65951,0,31.0,23.0,27.3,33.7,23.0,28.6,21.4
Princes Town,2021-05-13,79.4,0.3048,12.8,103.0,1013.6,70.6,6.5,210.6,18.1,20660,65962,1,30.0,23.8,26.3,34.2,23.8,27.4,22.3
Princes Town,2021-05-14,76.6,0.0,16.1,113.5,1013.4,38.9,6.6,232.6,19.9,20648,65974,0,31.4,23.8,26.9,35.0,23.8,28.3,22.2
Princes Town,2021-05-15,77.2,0.1016,16.1,97.5,1013.2,39.9,6.0,186.7,16.2,20637,65987,1,31.0,24.1,27.1,34.4,24.1,28.7,22.6
Princes Town,2021-05-16,72.8,0.0,17.2,106.8,1013.4,38.2,6.1,197.2,17.1,20626,66000,0,32.0,23.0,27.4,35.3,23.0,28.9,21.8
Princes Town,2021-05-17,83.1,5.9944,17.7,95.6,1013.5,58.4,6.5,153.9,13.2,20617,66013,1,30.0,24.9,26.9,35.1,24.9,29.0,23.7
Princes Town,2021-05-18,78.6,0.8128,13.9,114.9,1014.1,47.3,5.6,182.6,15.7,20608,66026,1,31.0,24.7,27.3,35.5,24.7,29.0,23.1
Princes Town,2021-05-19,74.8,0.0,18.3,104.2,1013.9,35.7,5.0,176.6,15.4,20600,66040,0,31.0,25.0,27.4,34.6,25.0,29.0,22.3
Princes Town,2021-05-20,75.0,1.1938,18.3,104.5,1013.6,40.3,5.3,189.1,16.4,20593,66054,1,31.0,25.0,27.6,34.6,25.0,29.3,22.6
Princes Town,2021-05-21,74.0,0.0,18.3,101.6,1013.3,42.4,5.1,189.6,16.4,20587,66068,0,32.0,25.0,27.7,35.8,25.0,29.6,22.4
Princes Town,2021-05-22,81.2,4.9784,119.7,107.5,1012.5,65.4,5.9,147.5,12.8,20582,66083,1,30.8,25.0,27.2,34.4,25.0,28.7,23.5
Princes Town,2021-05-23,80.1,2.9972,20.8,98.8,1012.5,61.7,4.9,166.6,14.4,20577,66097,1,31.2,25.8,27.8,37.0,25.8,30.7,23.9
Princes Town,2021-05-24,70.2,0.0,17.2,104.0,1013.2,47.0,6.4,192.2,16.6,20573,66112,0,31.0,25.9,28.3,34.6,25.9,30.6,22.2
Princes Town,2021-05-25,69.8,0.0,13.9,106.3,1013.8,31.7,6.5,201.3,17.4,20570,66128,0,32.0,24.0,27.9,34.6,24.0,29.3,21.6
Princes Town,2021-05-26,73.3,0.0,15.0,99.5,1014.1,42.8,6.5,129.9,11.2,20567,66143,0,32.0,24.9,27.8,35.8,24.9,30.1,22.4
Princes Town,2021-05-27,79.9,2.3114,24.2,104.3,1013.8,55.1,5.4,87.6,7.6,20566,66159,1,30.0,25.0,27.3,34.2,25.0,29.9,23.4
Princes Town,2021-05-28,70.2,0.6096,13.9,100.0,1013.1,47.0,5.7,189.5,16.2,20565,66174,1,31.0,24.7,27.5,33.7,24.7,28.6,21.3
Princes Town,2021-05-29,72.9,0.0,17.2,102.4,1012.3,27.3,6.2,190.0,16.4,20565,66190,0,31.0,22.8,27.0,34.1,22.8,28.4,21.5
Princes Town,2021-05-30,77.8,2.0065999999999997,17.2,98.9,1013.6,39.4,6.4,154.5,13.4,20565,66206,1,30.1,25.0,27.2,35.1,25.0,28.8,22.9
Princes Town,2021-05-31,78.2,23.0124,19.7,96.4,1013.9,52.6,5.7,109.9,9.6,20567,66222,1,30.1,24.9,26.8,33.3,24.9,28.0,22.6
Princes Town,2021-06-01,68.9,0.0,13.9,94.5,1012.7,32.4,6.7,207.6,17.9,20569,66238,0,31.0,23.8,27.3,33.1,23.8,28.2,20.7
Princes Town,2021-06-02,70.7,0.0,12.8,94.9,1012.5,35.5,7.2,196.3,16.8,20571,66255,0,32.0,22.0,26.9,34.2,22.0,27.8,20.6
Princes Town,2021-06-03,72.4,0.0,15.0,95.6,1012.9,46.2,6.5,188.5,16.2,20575,66271,0,32.0,24.0,27.7,34.9,24.0,29.2,21.9
Princes Town,2021-06-04,91.4,62.00139999999999,13.9,96.4,1013.7,70.5,4.6,58.4,5.1,20579,66287,1,27.0,23.7,24.8,30.6,23.7,25.0,23.3
Princes Town,2021-06-05,91.3,58.496199999999995,13.9,93.8,1013.3,56.0,5.3,33.3,2.8,20584,66303,1,26.9,24.0,25.2,29.9,24.0,25.3,23.7
Princes Town,2021-06-06,76.6,0.0,16.1,96.4,1013.2,35.0,6.4,192.0,16.7,20589,66320,0,31.0,24.8,27.4,35.1,24.8,29.3,22.8
Princes Town,2021-06-07,78.8,3.9878,19.7,91.7,1012.0,47.4,5.1,159.2,13.6,20595,66336,1,31.9,24.7,27.3,35.9,24.7,29.1,23.1
Princes Town,2021-06-08,80.1,2.0065999999999997,12.8,107.4,1012.9,44.0,4.3,116.9,10.1,20602,66352,1,30.1,24.0,27.3,35.9,24.0,29.4,23.4
Princes Town,2021-06-09,78.6,0.1016,16.1,97.0,1013.2,43.7,4.4,211.3,18.3,20610,66368,1,32.0,25.0,27.7,36.8,25.0,30.0,23.4
Princes Town,2021-06-10,77.7,0.7111999999999999,16.1,101.8,1014.0,55.6,4.9,192.4,16.7,20617,66384,1,32.0,25.8,27.8,36.8,25.8,30.1,23.4
Princes Town,2021-06-11,76.7,0.0,12.8,95.9,1014.2,37.3,6.4,162.0,14.0,20626,66400,0,32.0,24.0,27.3,35.8,24.0,28.8,22.6
Princes Town,2021-06-12,76.8,0.0,17.2,92.9,1013.5,42.4,6.0,178.1,15.4,20635,66415,0,31.9,23.9,27.6,35.8,23.9,29.7,22.9
Princes Town,2021-06-13,73.4,0.0,13.9,94.6,1013.8,39.6,6.3,152.5,13.2,20644,66431,0,32.2,24.0,27.8,36.8,24.0,29.7,22.3
Princes Town,2021-06-14,78.8,0.0,18.3,96.5,1013.8,55.8,5.3,118.1,10.1,20654,66446,0,31.1,24.2,27.2,35.5,24.2,29.1,23.0
Princes Town,2021-06-15,74.7,2.0065999999999997,19.7,101.7,1013.8,49.8,6.2,137.0,12.0,20665,66461,1,32.0,25.1,28.1,36.8,25.1,30.0,22.9
Princes Town,2021-06-16,86.9,8.7884,10.3,95.9,1012.9,48.4,6.4,83.7,7.2,20676,66475,1,28.0,25.0,26.1,31.9,25.0,26.8,23.7
Princes Town,2021-06-17,87.4,4.3942,12.8,112.3,1014.0,62.9,6.1,101.9,9.0,20687,66490,1,31.0,24.0,26.2,36.6,24.0,27.6,23.9
Princes Town,2021-06-18,78.0,3.8099999999999996,16.1,98.2,1014.9,40.8,5.6,169.8,14.7,20699,66504,1,31.9,24.0,27.4,35.8,24.0,29.4,23.0
Princes Town,2021-06-19,83.2,2.0065999999999997,19.7,108.5,1014.9,48.7,6.0,139.6,12.2,20711,66518,1,30.9,24.9,27.3,37.4,24.9,29.7,24.0
Princes Town,2021-06-20,79.3,3.9878,17.2,103.8,1015.0,45.6,6.6,163.3,14.2,20724,66531,1,32.0,25.0,27.7,37.9,25.0,30.0,23.6
Princes Town,2021-06-21,71.9,0.0,13.9,94.8,1014.5,30.8,6.7,182.6,15.8,20737,66544,0,32.0,24.8,28.2,35.8,24.8,30.3,22.4
Princes Town,2021-06-22,85.4,18.1102,8.1,108.2,1014.5,52.2,6.5,96.9,8.4,20750,66556,1,31.0,23.0,25.6,35.5,23.0,26.3,22.9
Princes Town,2021-06-23,89.2,2.6923999999999997,5.8,110.3,1013.8,47.0,6.7,74.1,6.6,20764,66568,1,29.0,23.0,25.4,32.8,23.0,26.5,23.4
Princes Town,2021-06-24,84.4,0.9905999999999999,9.2,90.5,1012.8,49.6,7.3,113.6,9.9,20778,66580,1,30.0,23.0,26.1,34.2,23.0,27.9,23.2
Princes Town,2021-06-25,77.2,0.4064,13.9,117.3,1012.8,43.8,7.2,177.1,15.4,20792,66591,1,32.0,23.0,27.5,36.8,23.0,29.7,22.8
Princes Town,2021-06-26,87.5,22.0218,8.1,101.6,1012.5,47.2,5.7,90.5,7.8,20806,66602,1,29.1,24.0,25.7,33.7,24.0,26.6,23.4
Princes Town,2021-06-27,76.0,0.0,20.8,100.7,1013.1,49.4,6.2,182.2,15.6,20821,66612,0,32.0,24.0,27.4,36.2,24.0,29.3,22.6
Princes Town,2021-06-28,75.6,3.9878,17.2,112.6,1014.5,48.4,4.6,179.1,15.5,20836,66622,1,31.7,24.0,27.9,36.6,24.0,30.0,22.9
Princes Town,2021-06-29,77.8,1.6001999999999998,11.4,68.9,1014.8,42.9,5.8,124.4,10.9,20850,66631,1,32.0,24.0,27.1,35.8,24.0,28.8,22.6
Princes Town,2021-06-30,86.3,4.2926,11.4,129.0,1012.6,48.6,6.6,114.0,9.8,20865,66639,1,33.0,24.0,26.3,38.1,24.0,27.6,23.7
Princes Town,2021-07-01,83.9,4.191,13.9,119.8,1013.0,61.2,6.4,117.8,10.3,20881,66647,1,32.0,24.8,27.3,40.7,24.8,29.9,24.2
Princes Town,2021-07-02,88.3,39.80179999999999,8.1,158.3,1013.6,60.9,6.4,67.7,5.9,20896,66654,1,29.1,23.8,25.8,33.8,23.8,27.1,23.6
Princes Town,2021-07-03,77.2,0.0,8.1,128.3,1016.3,47.9,8.2,128.3,11.2,20911,66661,0,32.7,23.0,27.4,35.8,23.0,29.3,22.7
Princes Town,2021-07-04,72.8,0.0,11.4,123.3,1015.8,35.0,7.2,186.9,16.1,20926,66666,0,32.0,24.0,27.8,35.8,24.0,29.4,22.1
Princes Town,2021-07-05,73.9,0.0,16.1,111.0,1015.8,35.2,7.2,183.5,15.8,20942,66672,0,32.0,23.8,27.6,36.6,23.8,29.6,22.2
Princes Town,2021-07-06,89.5,32.9692,6.9,139.7,1015.3,48.4,5.9,49.9,4.3,20957,66676,1,27.8,23.8,24.9,32.2,23.8,25.3,23.1
Princes Town,2021-07-07,78.6,0.7111999999999999,17.2,115.4,1013.1,52.2,5.8,249.2,21.7,20972,66680,1,32.0,24.0,27.6,36.8,24.0,29.8,23.3
Princes Town,2021-07-08,82.6,19.5834,20.8,109.2,1013.1,51.4,5.3,143.5,12.4,20987,66683,1,30.0,23.0,26.2,35.0,23.0,27.3,22.9
Princes Town,2021-07-09,82.5,13.0048,18.3,106.9,1013.5,59.1,5.8,101.0,8.7,21002,66686,1,30.0,24.9,26.5,34.6,24.9,27.7,23.2
Princes Town,2021-07-10,79.7,0.508,17.2,112.1,1012.9,49.8,6.3,190.3,16.3,21017,66687,1,32.0,20.9,27.3,37.9,20.9,29.4,23.4
Princes Town,2021-07-11,86.6,5.1054,9.2,133.3,1013.2,50.0,6.6,97.2,8.4,21032,66688,1,30.0,24.7,26.6,35.1,24.7,28.2,24.1
Princes Town,2021-07-12,77.3,0.4064,18.3,113.2,1014.0,44.0,5.6,181.6,15.5,21047,66688,1,32.0,25.0,28.2,37.9,25.0,30.9,23.6
Princes Town,2021-07-13,78.2,2.9972,16.1,110.3,1014.2,42.9,6.1,166.9,14.5,21062,66687,1,30.0,24.2,27.4,35.1,24.2,29.6,23.2
Princes Town,2021-07-14,73.5,0.7111999999999999,13.9,113.3,1014.2,32.7,7.3,190.3,16.5,21076,66686,1,32.0,23.0,27.3,34.3,23.0,28.8,21.8
Princes Town,2021-07-15,85.8,13.0048,12.8,99.8,1013.9,54.7,5.9,133.2,11.6,21090,66684,1,28.1,24.0,26.1,32.7,24.0,27.0,23.4
Princes Town,2021-07-16,75.7,0.9905999999999999,17.2,110.9,1013.8,38.7,6.1,180.6,15.7,21104,66681,1,32.0,24.8,27.7,36.8,24.8,29.7,22.8
Princes Town,2021-07-17,81.3,5.9944,11.4,117.6,1014.0,56.6,6.1,155.0,13.3,21118,66677,1,32.0,23.0,26.6,37.9,23.0,28.2,22.9
Princes Town,2021-07-18,77.9,0.7111999999999999,12.8,116.0,1014.4,47.1,6.6,194.1,16.8,21132,66672,1,32.0,24.7,27.9,36.8,24.7,30.6,23.5
Princes Town,2021-07-19,78.1,0.4064,15.0,108.2,1014.4,43.7,5.2,156.2,13.6,21145,66667,1,32.0,25.2,27.9,37.0,25.2,30.1,23.6
Princes Town,2021-07-20,71.4,0.3048,21.9,106.9,1014.2,33.8,5.6,182.3,15.7,21158,66660,1,32.2,25.8,28.4,35.1,25.8,30.3,22.4
Princes Town,2021-07-21,71.7,0.9905999999999999,17.2,109.2,1014.5,39.4,6.3,182.6,15.6,21171,66653,1,32.0,24.9,28.3,35.8,24.9,30.6,22.4
Princes Town,2021-07-22,84.0,6.5024,17.2,113.2,1015.4,54.2,5.9,155.4,13.5,21183,66645,1,31.0,25.0,27.2,36.6,25.0,29.3,24.2
Princes Town,2021-07-23,86.0,21.996399999999998,11.4,111.5,1013.7,52.3,6.0,154.0,13.2,21195,66636,1,29.7,25.0,26.7,34.6,25.0,28.7,24.1
Princes Town,2021-07-24,86.2,11.2014,8.1,131.8,1012.9,47.0,6.7,128.7,11.2,21207,66626,1,29.0,25.0,26.8,35.6,25.0,28.8,24.2
Princes Town,2021-07-25,82.1,1.4986,11.4,123.8,1013.3,56.1,6.5,133.4,11.7,21218,66616,1,32.0,25.0,27.6,37.3,25.0,30.1,24.1
Princes Town,2021-07-26,82.9,0.889,9.2,144.9,1013.5,53.5,7.0,124.0,10.6,21229,66605,1,32.0,24.0,27.4,37.8,24.0,30.1,24.1
Princes Town,2021-07-27,81.3,2.9972,11.4,108.7,1013.2,45.2,6.3,157.1,13.4,21240,66592,1,30.0,25.0,26.8,35.1,25.0,28.3,23.2
Princes Town,2021-07-28,83.6,2.6161999999999996,12.8,111.4,1013.4,53.2,6.8,143.7,12.4,21250,66579,1,30.9,24.0,26.6,37.3,24.0,28.3,23.5
Princes Town,2021-07-29,83.1,54.60999999999999,6.9,111.4,1015.0,52.4,5.8,133.3,11.5,21260,66566,1,32.0,23.0,26.1,36.8,23.0,27.2,22.7
Princes Town,2021-07-30,75.2,0.0,12.8,115.4,1014.4,31.3,6.7,195.9,16.8,21269,66551,0,32.1,24.0,27.8,36.3,24.0,29.9,22.7
Princes Town,2021-07-31,81.2,2.5146,12.8,102.9,1015.0,44.9,7.1,174.1,15.0,21278,66535,1,31.0,24.9,27.7,37.8,24.9,30.4,24.0
Princes Town,2021-08-01,80.7,2.1082,12.8,122.4,1016.1,40.8,7.0,149.3,12.8,21287,66519,1,32.0,25.0,27.4,37.9,25.0,29.8,23.7
Princes Town,2021-08-02,80.4,0.0,9.2,105.2,1016.3,37.3,6.9,146.8,12.8,21295,66502,0,32.0,24.0,27.3,37.9,24.0,29.5,23.4
Princes Town,2021-08-03,82.6,0.508,11.4,117.1,1016.0,42.1,6.9,139.4,11.9,21303,66484,1,32.0,24.0,26.4,37.9,24.0,27.9,23.1
Princes Town,2021-08-04,74.7,0.0,13.9,99.9,1015.9,34.5,6.8,150.5,13.0,21310,66466,0,33.0,22.9,27.6,38.1,22.9,29.4,22.2
Princes Town,2021-08-05,77.1,2.9972,10.3,18.3,1015.9,33.5,7.3,203.8,17.5,21317,66446,1,32.0,22.9,27.2,35.9,22.9,29.3,22.6
Princes Town,2021-08-06,72.2,0.0,13.9,117.5,1014.8,32.2,6.9,207.8,18.0,21324,66426,0,33.0,24.0,28.0,35.5,24.0,29.7,22.0
Princes Town,2021-08-07,76.4,0.0,12.2,90.8,1013.4,56.8,6.9,151.8,13.0,21330,66405,0,32.9,24.0,26.8,37.7,24.0,28.1,22.1
Princes Town,2021-08-08,81.6,19.9898,11.4,90.2,1012.7,45.6,6.3,152.4,13.1,21336,66383,1,32.8,23.8,26.7,38.7,23.8,28.3,23.1
Princes Town,2021-08-09,83.1,13.0048,11.4,102.9,1013.5,46.8,6.8,52.0,4.4,21341,66361,1,31.2,24.0,26.4,35.1,24.0,27.5,23.1
Princes Town,2021-08-10,78.6,0.0,8.1,129.4,1013.7,46.6,7.4,187.3,16.3,21346,66338,0,32.7,23.8,27.8,37.9,23.8,30.8,23.5
Princes Town,2021-08-11,74.4,4.699,9.2,108.3,1013.1,39.6,7.1,194.1,16.6,21351,66314,1,33.1,25.0,28.7,37.6,25.0,31.6,23.3
Princes Town,2021-08-12,88.2,64.008,10.3,191.8,1012.7,41.2,6.1,105.4,9.1,21355,66289,1,31.0,23.1,25.8,35.5,23.1,26.5,23.6
Princes Town,2021-08-13,86.7,6.095999999999999,10.3,122.5,1012.3,43.5,6.5,133.5,11.5,21358,66264,1,32.0,23.9,26.7,37.9,23.9,29.0,24.1
Princes Town,2021-08-14,81.5,29.006799999999995,11.4,134.6,1013.7,48.2,6.7,139.3,12.1,21362,66238,1,31.0,23.0,26.7,35.5,23.0,28.1,23.1
Princes Town,2021-08-15,90.0,18.796,8.1,257.2,1014.6,47.5,5.9,66.5,5.8,21365,66211,1,27.2,23.0,24.7,29.6,23.0,24.9,22.9
Princes Town,2021-08-16,75.6,26.8986,13.9,113.4,1012.7,31.7,7.0,189.5,16.5,21367,66184,1,32.2,22.0,27.6,37.9,22.0,29.9,22.5
Princes Town,2021-08-17,77.3,5.9944,18.3,119.7,1012.5,37.3,6.6,153.0,13.2,21369,66156,1,32.0,25.0,27.7,37.9,25.0,30.3,23.2
Princes Town,2021-08-18,91.5,58.01359999999999,11.4,106.6,1013.7,76.5,5.2,19.4,1.6,21371,66127,1,26.0,23.0,24.4,26.0,23.0,24.4,22.9
Princes Town,2021-08-19,83.8,5.9944,11.4,220.9,1011.8,46.8,7.0,141.7,12.2,21372,66098,1,32.9,22.0,26.1,40.2,22.0,27.7,22.9
Princes Town,2021-08-20,83.1,0.0,6.9,110.5,1010.4,38.7,6.9,111.1,9.5,21373,66069,0,32.0,23.8,26.9,39.2,23.8,29.4,23.7
Princes Town,2021-08-21,78.8,4.495799999999999,11.4,125.7,1010.3,41.2,7.3,152.3,13.2,21374,66038,1,32.0,24.0,27.9,38.0,24.0,30.9,23.7
Princes Town,2021-08-22,83.1,0.3048,13.9,136.3,1009.7,42.2,6.9,166.9,14.3,21374,66007,1,32.0,24.9,27.6,37.8,24.9,30.3,24.2
Princes Town,2021-08-23,88.5,6.985,13.9,107.1,1008.9,50.7,6.3,95.3,8.2,21374,65976,1,30.0,24.0,25.9,35.1,24.0,26.8,23.8
Princes Town,2021-08-24,82.8,6.400799999999999,12.8,130.4,1009.2,55.6,6.8,134.0,11.4,21373,65944,1,32.0,24.7,27.1,36.8,24.7,29.4,23.8
Princes Town,2021-08-25,77.5,0.1016,13.9,119.1,1010.5,40.9,7.0,229.1,19.7,21373,65912,1,32.2,24.0,28.2,38.2,24.0,31.3,23.7
Princes Town,2021-08-26,70.4,0.0,12.8,118.4,1011.2,32.4,6.6,214.8,18.5,21372,65879,0,33.0,24.0,28.3,36.1,24.0,30.2,22.1
Princes Town,2021-08-27,72.3,0.0,13.9,113.8,1010.5,44.5,6.5,196.0,16.8,21370,65846,0,33.1,24.9,28.9,39.3,24.9,31.7,23.1
Princes Town,2021-08-28,84.4,14.1986,9.2,104.9,1012.0,52.8,5.9,85.5,7.4,21369,65812,1,31.0,25.0,27.1,37.8,25.0,29.2,24.2
Princes Town,2021-08-29,78.4,10.4902,9.2,141.6,1012.7,44.0,7.2,141.7,12.4,21367,65778,1,34.0,24.9,28.1,40.6,24.9,30.7,23.6
Princes Town,2021-08-30,81.5,5.0038,6.9,114.7,1011.7,37.7,7.0,126.7,11.0,21364,65743,1,32.0,25.0,27.2,39.2,25.0,29.1,23.6
Princes Town,2021-08-31,83.5,0.0,8.1,177.7,1012.4,54.2,7.0,100.5,8.8,21362,65708,0,30.2,24.0,26.6,36.2,24.0,28.3,23.5
Princes Town,2021-09-01,76.6,2.794,8.1,171.1,1013.1,46.3,7.4,153.5,13.1,21359,65673,1,33.0,23.9,27.9,38.1,23.9,30.4,23.2
Princes Town,2021-09-02,77.4,8.7884,6.9,88.5,1012.7,35.6,7.0,167.2,14.5,21356,65637,1,33.0,24.0,27.8,37.1,24.0,30.1,23.2
Princes Town,2021-09-03,85.1,10.998199999999999,23.0,107.7,1011.4,53.1,5.7,83.7,7.1,21353,65601,1,31.0,24.0,25.9,37.8,24.0,27.2,23.2
Princes Town,2021-09-04,89.2,2.9972,11.4,99.9,1011.0,45.4,6.5,67.9,5.9,21350,65565,1,28.0,24.0,25.7,31.9,24.0,26.4,23.8
Princes Town,2021-09-05,84.2,15.011399999999998,11.4,243.6,1012.6,44.8,7.2,78.1,6.6,21346,65529,1,29.0,24.0,25.9,32.8,24.0,27.0,23.0
Princes Town,2021-09-06,77.5,0.9905999999999999,10.3,129.7,1012.0,42.3,8.3,119.4,10.3,21343,65492,1,33.0,23.0,27.6,38.2,23.0,30.2,22.9
Princes Town,2021-09-07,78.1,0.508,10.3,115.7,1012.0,36.4,7.4,154.4,13.3,21339,65455,1,32.7,24.9,28.4,40.1,24.9,31.4,23.9
Princes Town,2021-09-08,78.7,13.0048,18.9,106.9,1012.8,46.6,6.9,177.8,15.3,21335,65417,1,31.7,23.2,27.6,36.7,23.2,29.8,23.3
Princes Town,2021-09-09,80.4,14.985999999999999,12.8,121.0,1013.1,42.6,6.0,165.5,14.2,21331,65380,1,32.0,24.0,27.4,37.9,24.0,29.9,23.6
Princes Town,2021-09-10,75.2,0.0,13.9,111.6,1012.8,35.2,6.8,215.3,18.4,21326,65342,0,33.0,25.0,28.4,37.1,25.0,30.8,23.3
Princes Town,2021-09-11,74.7,0.0,16.1,112.8,1013.5,41.0,7.9,193.1,16.5,21322,65304,0,33.0,24.0,28.3,37.8,24.0,30.7,23.0
Princes Town,2021-09-12,75.2,0.0,11.4,115.6,1014.1,38.7,7.2,166.5,14.2,21318,65266,0,33.0,24.0,28.4,38.1,24.0,31.2,23.3
Princes Town,2021-09-13,75.6,0.0,10.3,144.0,1013.0,44.5,6.9,150.9,13.1,21313,65228,0,33.0,24.0,28.4,38.1,24.0,31.2,23.4
Princes Town,2021-09-14,74.4,0.0,9.2,120.8,1012.4,27.1,7.4,168.4,14.5,21309,65190,0,33.0,24.0,28.6,39.3,24.0,31.3,23.2
Princes Town,2021-09-15,77.3,0.0,13.9,117.6,1013.2,39.8,6.7,138.4,11.8,21304,65152,0,33.0,25.0,28.6,39.3,25.0,31.7,23.9
Princes Town,2021-09-16,78.8,0.0,17.2,106.8,1014.5,38.4,6.2,184.3,16.0,21300,65114,0,33.0,24.8,27.9,38.1,24.8,30.1,23.6
Princes Town,2021-09-17,74.9,0.1016,13.9,117.4,1014.0,36.3,6.6,166.7,14.6,21295,65075,1,32.2,24.0,27.9,36.6,24.0,29.8,22.7
Princes Town,2021-09-18,75.8,0.0,12.8,106.2,1011.6,49.1,6.8,130.9,11.4,21291,65037,0,32.0,23.0,27.1,35.8,23.0,28.7,22.1
Princes Town,2021-09-19,77.8,15.011399999999998,8.1,123.3,1010.8,40.1,7.2,182.4,15.6,21286,64999,1,33.0,22.0,26.8,36.2,22.0,28.3,22.2
Princes Town,2021-09-20,74.8,0.0,8.1,126.1,1011.2,41.6,7.1,187.4,16.2,21282,64961,0,34.0,23.0,27.9,38.3,23.0,30.1,22.6
Princes Town,2021-09-21,78.8,0.0,10.3,139.0,1011.5,44.7,7.0,165.3,14.2,21277,64922,0,33.0,24.9,28.2,39.3,24.9,31.1,23.9
Princes Town,2021-09-22,73.8,0.0,9.2,126.8,1010.8,36.1,7.3,137.3,11.8,21273,64884,0,34.0,24.7,28.5,39.4,24.7,31.0,23.1
Princes Town,2021-09-23,74.5,0.0,9.2,129.9,1011.0,32.4,7.2,149.7,12.9,21269,64846,0,34.0,24.9,28.7,39.4,24.9,31.9,23.4
Princes Town,2021-09-24,81.2,0.9905999999999999,9.2,55.3,1012.6,36.6,7.2,114.9,9.9,21265,64809,1,33.1,24.0,27.4,37.9,24.0,29.5,23.6
Princes Town,2021-09-25,83.8,0.0,15.0,83.9,1013.1,50.0,6.5,145.1,12.5,21261,64771,0,33.0,24.0,26.9,39.1,24.0,28.6,23.7
Princes Town,2021-09-26,83.9,51.0032,11.4,104.5,1012.9,34.8,6.9,164.1,14.2,21257,64733,1,34.0,23.0,26.5,40.6,23.0,28.0,23.3
Princes Town,2021-09-27,83.2,0.4064,9.2,115.8,1012.7,46.8,6.9,144.7,12.6,21254,64696,1,33.0,23.8,26.3,38.1,23.8,27.7,23.0
Princes Town,2021-09-28,78.9,0.4064,13.9,116.9,1011.2,39.4,7.4,175.8,15.3,21251,64659,1,32.2,23.9,27.6,39.5,23.9,30.3,23.4
Princes Town,2021-09-29,79.3,0.0,8.1,141.6,1011.3,38.9,7.3,133.1,11.4,21247,64622,0,32.0,24.0,27.5,39.2,24.0,30.0,23.4
Princes Town,2021-09-30,78.3,2.9972,13.9,111.2,1011.0,37.3,7.1,123.0,10.7,21245,64585,1,32.0,24.0,28.0,37.8,24.0,30.8,23.7
Princes Town,2021-10-01,79.3,6.400799999999999,17.2,118.0,1011.4,39.2,7.2,180.3,15.6,21242,64549,1,33.0,25.0,27.7,37.9,25.0,30.1,23.6
Princes Town,2021-10-02,85.1,17.018,23.0,125.2,1010.6,47.9,6.2,177.8,15.4,21240,64513,1,30.2,24.0,26.2,37.4,24.0,28.0,23.4
Princes Town,2021-10-03,86.5,5.9944,13.9,133.4,1010.1,54.4,4.6,125.4,10.9,21238,64478,1,29.9,22.9,25.3,34.8,22.9,26.0,22.8
Princes Town,2021-10-04,82.8,23.0124,17.2,110.9,1010.2,45.5,5.9,142.3,12.2,21236,64442,1,31.0,25.0,27.1,37.1,25.0,29.1,23.8
Princes Town,2021-10-05,78.3,1.1176,17.2,108.2,1011.0,54.1,6.5,156.0,13.5,21234,64407,1,32.0,24.8,28.2,39.2,24.8,31.6,23.9
Princes Town,2021-10-06,74.1,0.1016,15.0,124.9,1010.9,44.7,6.4,187.6,16.3,21233,64373,1,33.0,25.9,28.6,37.9,25.9,31.4,23.2
Princes Town,2021-10-07,82.6,0.0,17.2,118.6,1010.1,52.3,6.5,128.4,11.0,21232,64339,0,31.0,24.7,27.2,36.9,24.7,29.7,23.9
Princes Town,2021-10-08,78.0,0.0,16.1,113.6,1009.9,42.1,7.0,149.2,12.9,21232,64305,0,32.0,24.9,27.3,36.5,24.9,29.0,22.8
Princes Town,2021-10-09,81.8,24.714199999999998,10.3,86.9,1009.9,39.3,7.3,136.3,11.9,21232,64272,1,31.8,23.0,26.6,37.7,23.0,28.4,23.1
Princes Town,2021-10-10,78.9,0.0,15.0,121.7,1010.4,44.5,7.2,155.4,13.4,21233,64240,0,33.0,25.0,28.4,39.3,25.0,31.8,24.2
Princes Town,2021-10-11,76.1,0.0,16.1,119.5,1011.0,42.4,6.5,180.2,15.6,21233,64208,0,33.0,26.0,28.8,38.1,26.0,32.2,23.9
Princes Town,2021-10-12,76.0,0.6096,11.4,132.2,1011.3,45.4,7.1,196.5,17.0,21235,64176,1,33.0,25.0,28.6,40.6,25.0,32.0,23.8
Princes Town,2021-10-13,83.4,13.9954,15.0,119.7,1010.7,54.0,6.5,152.0,12.8,21237,64145,1,32.0,25.0,27.4,39.2,25.0,29.7,24.2
Princes Town,2021-10-14,82.9,2.0065999999999997,10.3,120.7,1009.5,41.6,7.0,96.4,8.1,21239,64115,1,32.1,25.0,27.8,39.2,25.0,31.0,24.5
Princes Town,2021-10-15,78.1,0.0,13.9,141.0,1010.1,50.0,7.2,186.8,16.1,21241,64085,0,33.0,26.0,28.6,40.6,26.0,32.1,24.2
Princes Town,2021-10-16,74.5,0.0,11.4,129.5,1011.3,38.7,8.4,184.3,15.9,21245,64056,0,33.0,25.0,28.8,40.0,25.0,32.2,23.7
Princes Town,2021-10-17,76.4,0.0,10.3,126.6,1012.0,36.4,7.8,129.8,11.2,21248,64028,0,33.0,25.0,28.7,39.3,25.0,32.2,23.9
Princes Town,2021-10-18,77.9,0.0,12.8,85.8,1011.7,35.7,7.4,100.0,8.8,21253,64000,0,33.1,24.8,27.5,36.9,24.8,29.6,23.1
Princes Town,2021-10-19,84.8,35.20439999999999,6.9,103.4,1012.3,37.1,6.6,72.5,6.2,21258,63973,1,30.0,23.9,25.9,34.2,23.9,26.9,23.1
Princes Town,2021-10-20,84.5,5.2832,13.9,120.5,1013.0,49.4,6.7,143.5,12.4,21263,63946,1,31.1,23.0,26.5,37.4,23.0,28.6,23.6
Princes Town,2021-10-21,77.8,23.5966,18.3,110.2,1012.3,53.3,3.9,149.9,12.9,21269,63921,1,32.0,24.0,27.8,37.9,24.0,30.1,23.3
Princes Town,2021-10-22,85.1,5.715,17.2,107.4,1012.2,53.3,5.0,117.3,10.1,21276,63896,1,28.2,24.2,26.2,32.1,24.2,27.3,23.4
Princes Town,2021-10-23,77.3,24.104599999999998,19.7,109.5,1011.8,47.5,5.9,162.6,14.2,21283,63872,1,31.0,23.8,27.4,36.6,23.8,29.8,22.9
Princes Town,2021-10-24,75.0,0.4064,13.9,103.7,1012.5,38.0,6.5,121.1,10.4,21290,63849,1,31.0,25.0,27.4,35.5,25.0,29.2,22.4
Princes Town,2021-10-25,87.9,34.721799999999995,13.9,123.8,1012.9,59.8,4.4,91.7,7.9,21299,63826,1,29.0,24.2,26.3,35.6,24.2,28.0,24.2
Princes Town,2021-10-26,80.5,7.213599999999999,13.9,123.2,1012.9,47.2,4.0,101.1,8.6,21308,63805,1,30.0,25.0,26.8,34.2,25.0,28.3,23.1
Princes Town,2021-10-27,87.5,26.492199999999997,12.8,111.7,1013.6,54.7,3.7,94.5,8.0,21318,63784,1,29.0,23.9,25.6,34.6,23.9,26.5,23.3
Princes Town,2021-10-28,80.7,2.6161999999999996,11.4,130.0,1013.8,43.3,3.7,116.8,10.0,21328,63764,1,30.2,24.2,26.6,33.3,24.2,27.8,22.8
Princes Town,2021-10-29,78.9,0.0,15.0,118.9,1012.6,34.7,4.2,169.8,14.5,21339,63745,0,32.0,24.0,27.3,36.8,24.0,29.2,23.1
Princes Town,2021-10-30,78.2,0.0,11.4,117.4,1011.6,39.1,5.8,127.8,11.0,21350,63728,0,31.0,23.0,26.8,35.5,23.0,28.4,22.4
Princes Town,2021-10-31,76.7,0.0,9.7,104.7,1012.2,37.7,6.9,202.7,17.5,21363,63710,0,31.1,22.0,26.6,35.6,22.0,28.1,21.9
Princes Town,2021-11-01,74.8,0.1016,10.3,122.7,1012.2,37.6,7.0,124.8,10.8,21376,63694,1,31.0,23.0,26.8,35.5,23.0,28.2,21.7
Princes Town,2021-11-02,81.9,4.9784,17.2,122.5,1011.6,47.3,6.9,150.6,13.0,21389,63679,1,30.0,24.0,26.3,34.3,24.0,27.7,22.8
Princes Town,2021-11-03,80.4,4.8006,12.8,122.7,1011.4,51.2,6.7,141.1,12.2,21404,63665,1,31.0,24.0,26.6,36.6,24.0,28.3,22.7
Princes Town,2021-11-04,78.7,4.2926,16.1,113.8,1011.3,33.8,6.8,175.8,15.0,21419,63652,1,31.0,23.0,27.0,35.5,23.0,28.8,22.7
Princes Town,2021-11-05,76.1,0.0,15.0,112.7,1011.9,38.4,7.1,171.0,14.7,21434,63640,0,32.0,24.8,27.9,35.8,24.8,30.3,23.1
Princes Town,2021-11-06,74.3,0.0,17.2,108.0,1011.9,40.5,7.2,139.3,11.9,21451,63629,0,31.2,25.0,27.9,35.9,25.0,30.0,22.7
Princes Town,2021-11-07,77.4,2.4892,19.7,108.9,1012.0,40.3,7.0,153.8,13.3,21468,63618,1,32.0,25.0,27.6,36.8,25.0,29.3,23.1
Princes Town,2021-11-08,77.3,0.0,13.9,103.8,1012.1,43.5,6.7,153.7,13.2,21485,63609,0,31.0,24.0,27.4,34.6,24.0,29.2,22.8
Princes Town,2021-11-09,71.0,0.0,11.4,111.7,1012.0,40.1,6.9,164.0,14.0,21504,63601,0,32.0,24.0,26.9,34.2,24.0,27.9,20.9
Princes Town,2021-11-10,71.9,0.4064,12.8,105.5,1011.7,47.5,7.1,122.2,10.5,21523,63594,1,30.2,23.9,26.7,32.8,23.9,27.8,21.1
Princes Town,2021-11-11,73.2,0.0,13.9,116.8,1012.3,38.0,7.0,186.7,16.4,21543,63588,0,31.0,23.9,26.9,33.7,23.9,28.3,21.6
Princes Town,2021-11-12,76.7,0.1016,19.7,111.8,1012.3,38.0,7.0,158.0,13.6,21563,63583,1,31.0,23.7,26.7,33.7,23.7,28.0,22.0
Princes Town,2021-11-13,79.6,0.7874,13.9,118.2,1011.3,35.6,6.9,151.0,13.0,21584,63580,1,31.0,23.0,26.4,34.6,23.0,27.7,22.4
Princes Town,2021-11-14,78.1,0.7874,16.1,116.2,1011.5,32.9,6.6,168.8,14.6,21606,63577,1,31.0,23.0,26.8,35.5,23.0,28.1,22.4
Princes Town,2021-11-15,74.9,0.0,17.2,114.6,1011.3,31.5,7.1,162.2,14.0,21628,63575,0,31.2,24.0,27.2,34.7,24.0,28.7,22.1
Princes Town,2021-11-16,67.8,0.0,12.8,115.8,1010.7,29.6,7.2,176.0,15.3,21651,63575,0,31.0,23.0,27.4,33.1,23.0,28.4,20.6
Princes Town,2021-11-17,77.9,0.6096,13.9,97.2,1010.8,42.8,6.7,159.9,13.8,21674,63575,1,31.0,23.0,26.2,33.7,23.0,27.4,21.8
Princes Town,2021-11-18,84.7,1.9811999999999999,15.0,121.0,1011.0,62.0,6.3,119.2,10.4,21699,63577,1,30.0,23.9,25.8,33.8,23.9,27.0,22.9
Princes Town,2021-11-19,85.8,16.7894,9.2,113.4,1011.1,71.2,6.3,79.9,6.7,21723,63579,1,29.1,23.9,25.9,34.7,23.9,27.2,23.3
Princes Town,2021-11-20,78.8,0.0,16.1,103.0,1010.6,49.8,6.9,151.0,13.1,21749,63583,0,31.0,24.0,27.0,35.5,24.0,28.6,22.8
Princes Town,2021-11-21,76.9,0.0,11.4,119.7,1011.1,38.0,8.1,205.3,17.8,21775,63588,0,32.0,23.0,26.9,34.9,23.0,28.4,22.2
Princes Town,2021-11-22,76.6,0.0,13.9,99.6,1010.6,46.1,7.0,121.2,10.5,21801,63594,0,30.1,24.0,26.6,33.3,24.0,28.0,22.0
Princes Town,2021-11-23,81.5,0.3048,12.8,115.2,1010.8,41.1,7.3,92.3,8.0,21828,63601,1,30.0,24.0,26.8,35.1,24.0,28.6,23.2
Princes Town,2021-11-24,77.7,0.0,11.4,120.5,1011.5,39.8,7.2,129.9,11.1,21855,63609,0,32.0,24.0,27.6,36.8,24.0,29.7,23.1
Princes Town,2021-11-25,77.6,0.1016,6.9,74.6,1010.7,45.9,7.7,144.2,12.3,21883,63618,1,32.8,23.0,27.1,36.9,23.0,28.9,22.6
Princes Town,2021-11-26,84.0,0.9905999999999999,8.1,128.9,1010.7,39.8,7.0,89.8,7.6,21911,63628,1,30.2,23.0,26.3,36.2,23.0,28.1,23.3
Princes Town,2021-11-27,89.6,17.983199999999997,8.1,152.1,1011.5,44.0,6.5,72.1,6.2,21940,63639,1,30.0,24.0,25.4,36.2,24.0,26.2,23.6
Princes Town,2021-11-28,82.1,3.5052000000000003,13.9,121.1,1011.2,43.8,7.2,173.9,15.2,21969,63651,1,31.0,23.8,26.8,35.6,23.8,28.7,23.3
Princes Town,2021-11-29,76.6,1.397,17.2,107.2,1011.2,41.4,7.3,180.4,15.8,21999,63664,1,31.0,24.8,27.2,34.6,24.8,28.8,22.6
Princes Town,2021-11-30,83.2,5.0038,12.8,108.0,1011.8,48.7,6.4,180.4,15.8,22029,63678,1,32.0,22.0,26.1,36.8,22.0,27.7,22.8
Princes Town,2021-12-01,80.3,32.715199999999996,18.3,108.4,1012.0,47.7,5.9,180.4,15.8,22059,63693,1,31.0,24.0,27.0,36.6,24.0,28.9,23.1
Princes Town,2021-12-02,79.8,6.1975999999999996,19.7,114.9,1011.9,46.2,6.8,179.8,15.6,22089,63709,1,31.0,24.0,26.6,36.6,24.0,27.8,22.7
Princes Town,2021-12-03,75.7,0.4064,13.9,104.6,1010.9,38.7,7.2,165.0,14.2,22120,63726,1,31.1,24.0,27.1,35.7,24.0,28.7,22.2
Princes Town,2021-12-04,81.7,1.0921999999999998,12.8,108.2,1012.1,50.0,6.9,152.9,13.1,22151,63744,1,30.0,23.0,25.9,34.6,23.0,27.1,22.4
Princes Town,2021-12-05,81.5,3.5052000000000003,18.0,106.3,1013.2,49.2,6.8,144.9,12.5,22182,63763,1,29.1,23.0,25.9,33.3,23.0,27.2,22.4
Princes Town,2021-12-06,75.2,1.0921999999999998,20.8,106.6,1013.0,30.6,7.0,160.3,13.9,22213,63782,1,31.0,23.9,27.0,35.5,23.9,28.4,22.0
Princes Town,2021-12-07,70.7,0.0,15.0,77.8,1012.1,40.9,7.0,143.2,12.4,22245,63803,0,31.0,24.0,27.1,33.1,24.0,28.1,21.1
Princes Town,2021-12-08,75.5,0.0,13.9,106.3,1012.0,41.1,7.1,159.7,13.8,22277,63824,0,32.0,23.0,26.9,35.2,23.0,28.4,21.9
Princes Town,2021-12-09,71.2,0.0,13.9,98.1,1011.6,41.2,6.7,166.2,14.3,22308,63846,0,32.0,24.0,27.7,35.8,24.0,29.4,21.8
Princes Town,2021-12-10,71.2,0.0,17.2,102.3,1010.2,47.0,6.6,155.7,13.5,22340,63869,0,32.0,24.0,27.5,34.9,24.0,28.8,21.6
Princes Town,2021-12-11,89.9,10.0076,12.8,114.5,1009.8,58.9,5.4,63.1,5.3,22372,63893,1,27.0,23.9,24.7,30.6,23.9,25.1,22.9
Princes Town,2021-12-12,91.0,21.005799999999997,8.1,104.4,1010.5,62.5,6.6,66.3,5.9,22404,63917,1,26.8,23.9,24.9,30.0,23.9,25.1,23.4
Princes Town,2021-12-13,87.3,10.998199999999999,11.4,103.8,1011.2,52.6,6.2,104.2,9.1,22435,63942,1,29.8,23.8,25.5,33.9,23.8,26.3,23.2
Princes Town,2021-12-14,89.4,18.516599999999997,13.9,93.0,1011.5,59.4,6.3,58.3,5.0,22467,63968,1,27.3,24.0,25.1,31.0,24.0,25.4,23.2
Princes Town,2021-12-15,77.8,2.794,18.3,105.1,1011.1,42.1,6.9,159.6,13.9,22498,63994,1,30.6,24.0,26.8,34.2,24.0,28.2,22.4
Princes Town,2021-12-16,72.7,0.0,17.7,103.2,1011.1,34.3,7.1,155.8,13.4,22530,64021,0,30.4,23.8,26.8,33.5,23.8,28.1,21.3
Princes Town,2021-12-17,77.4,0.7874,20.8,100.2,1011.4,57.1,6.5,143.5,12.2,22561,64049,1,31.0,24.0,26.3,34.6,24.0,27.4,21.9
Princes Town,2021-12-18,79.5,31.1912,16.9,97.8,1012.1,59.4,6.3,121.6,10.6,22592,64077,1,30.0,23.0,26.1,33.3,23.0,27.3,22.1
Princes Town,2021-12-19,74.1,0.0,16.1,98.0,1011.3,50.5,6.7,128.8,11.2,22622,64106,0,30.0,24.0,26.4,33.3,24.0,27.5,21.3
Princes Town,2021-12-20,71.0,0.508,17.2,97.2,1010.5,38.2,6.8,143.2,12.3,22653,64135,1,31.0,25.0,27.3,33.7,25.0,28.6,21.4
Princes Town,2021-12-21,89.4,13.9954,17.2,114.8,1010.6,65.4,5.0,92.0,8.0,22683,64165,1,28.6,23.9,25.4,33.5,23.9,26.3,23.5
Princes Town,2021-12-22,87.3,34.2138,17.2,107.2,1011.5,64.4,6.1,94.2,8.1,22712,64195,1,28.0,25.0,26.1,32.7,25.0,27.1,23.8
Princes Town,2021-12-23,80.0,0.508,17.2,119.0,1012.0,55.8,6.7,152.8,13.1,22742,64225,1,30.0,24.8,26.9,34.2,24.8,28.5,23.1
Princes Town,2021-12-24,90.3,8.001,17.2,108.0,1012.0,67.6,5.4,123.1,10.7,22770,64256,1,27.0,23.0,25.0,30.6,23.0,25.4,23.3
Princes Town,2021-12-25,78.5,0.1016,16.1,117.0,1012.3,37.3,7.7,155.9,13.4,22799,64287,1,30.0,23.1,26.4,33.3,23.1,27.5,22.1
Princes Town,2021-12-26,76.2,0.0,11.4,101.7,1013.1,28.8,8.1,165.4,14.4,22827,64319,0,31.0,21.0,25.2,33.1,21.0,26.0,20.4
Princes Town,2021-12-27,76.2,0.0,13.9,105.8,1012.4,32.1,8.1,121.9,10.5,22854,64350,0,30.0,21.9,25.8,33.3,21.9,26.9,21.1
Princes Town,2021-12-28,72.1,0.0,17.2,108.7,1013.0,35.3,7.9,151.6,13.1,22881,64382,0,30.0,22.2,26.2,32.4,22.2,27.1,20.5
Princes Town,2021-12-29,77.7,0.508,13.9,101.6,1013.4,43.5,6.9,140.8,12.0,22907,64414,1,31.0,22.0,25.7,34.3,22.0,26.7,21.3
Princes Town,2021-12-30,76.2,0.7874,17.2,106.7,1012.8,56.9,6.5,164.4,14.3,22933,64447,1,30.0,24.0,26.3,34.2,24.0,27.3,21.6
Princes Town,2021-12-31,70.8,0.1016,12.8,108.6,1013.0,35.9,7.6,233.5,20.3,22958,64479,1,30.0,22.0,25.8,31.3,22.0,26.3,19.7
Princes Town,2022-01-01,72.2,0.0,17.2,115.0,1013.6,48.9,7.5,230.4,19.8,22982,64511,0,31.0,23.9,26.4,33.7,23.9,27.3,20.8
Princes Town,2022-01-02,87.6,10.0076,13.9,122.5,1014.5,59.8,6.5,131.1,11.5,23006,64544,1,27.0,22.0,24.3,30.1,22.0,24.4,22.1
Princes Town,2022-01-03,78.1,0.3048,17.2,108.7,1014.8,38.6,7.1,133.7,11.5,23029,64576,1,30.0,22.0,25.3,33.3,22.0,26.2,21.0
Princes Town,2022-01-04,83.3,0.2032,11.4,106.6,1013.5,56.8,6.4,102.0,8.9,23051,64609,1,27.9,21.8,23.7,29.6,21.8,23.9,20.6
Princes Town,2022-01-05,73.4,5.6895999999999995,12.8,115.5,1012.4,26.8,7.9,178.8,15.5,23072,64641,1,30.0,19.8,24.4,31.1,19.8,24.8,18.8
Princes Town,2022-01-06,71.7,0.0,12.8,105.4,1013.0,24.6,8.1,182.1,15.8,23093,64674,0,31.0,20.0,25.2,31.0,20.0,25.6,19.1
Princes Town,2022-01-07,70.4,0.0,17.2,103.5,1014.0,32.9,7.6,165.9,14.4,23112,64706,0,30.0,23.0,26.3,31.9,23.0,27.2,20.3
Princes Town,2022-01-08,67.7,0.0,15.0,100.8,1015.0,26.3,7.1,175.9,15.3,23131,64738,0,31.0,22.0,26.1,32.4,22.0,26.6,19.3
Princes Town,2022-01-09,72.5,0.9905999999999999,16.1,107.0,1014.8,38.5,6.7,123.0,10.7,23149,64770,1,29.0,21.9,24.9,30.3,21.9,25.3,19.4
Princes Town,2022-01-10,76.1,0.0,25.3,100.5,1013.8,36.4,7.1,131.3,11.5,23166,64802,0,29.0,20.2,24.8,31.4,20.2,25.5,20.1
Princes Town,2022-01-11,74.9,1.397,16.8,100.6,1013.8,46.6,7.2,143.0,12.6,23183,64833,1,30.0,22.0,25.0,31.4,22.0,25.5,20.0
Princes Town,2022-01-12,78.4,4.3942,13.9,106.4,1013.5,37.5,7.5,106.2,9.2,23198,64865,1,30.0,21.0,24.4,31.9,21.0,24.9,20.3
Princes Town,2022-01-13,75.5,0.0,13.9,124.1,1013.7,29.8,7.6,149.8,13.1,23212,64895,0,30.8,20.9,25.2,32.6,20.9,26.0,20.2
Princes Town,2022-01-14,75.7,0.0,10.3,126.3,1013.9,33.1,7.4,143.7,12.7,23226,64926,0,32.0,22.0,26.2,34.9,22.0,27.4,21.2
Princes Town,2022-01-15,80.5,0.0,16.1,116.4,1014.3,41.4,7.0,124.6,10.8,23238,64956,0,30.0,23.0,26.5,34.6,23.0,28.2,22.7
Princes Town,2022-01-16,79.8,1.4986,21.9,106.5,1013.7,43.3,7.2,140.9,12.3,23250,64986,1,30.0,23.9,26.1,34.2,23.9,27.4,22.2
Princes Town,2022-01-17,75.1,0.1016,11.4,115.7,1013.4,41.5,7.2,125.0,10.8,23260,65016,1,31.0,21.0,25.6,33.7,21.0,26.5,20.6
Princes Town,2022-01-18,82.8,1.6001999999999998,17.2,103.9,1013.9,52.3,6.7,123.5,10.6,23270,65045,1,30.0,22.0,25.0,33.3,22.0,25.9,21.7
Princes Town,2022-01-19,76.2,0.0,17.2,116.5,1014.9,34.1,7.2,146.6,12.7,23278,65074,0,30.1,22.0,25.6,32.6,22.0,26.3,20.7
Princes Town,2022-01-20,71.1,0.0,13.9,109.6,1014.0,35.4,7.6,166.0,14.3,23286,65102,0,30.1,21.9,26.1,31.9,21.9,26.8,20.1
Princes Town,2022-01-21,76.7,0.6096,30.4,100.0,1013.0,69.5,6.9,122.6,10.6,23292,65130,1,29.0,23.0,25.8,31.7,23.0,26.7,21.2
Princes Town,2022-01-22,68.3,0.0,14.4,106.4,1013.2,33.5,7.4,169.0,14.6,23298,65157,0,31.0,22.0,25.8,31.4,22.0,26.2,19.1
Princes Town,2022-01-23,76.0,0.0,17.2,121.9,1012.5,39.6,7.6,148.8,12.7,23302,65184,0,28.1,20.0,24.6,30.1,20.0,25.2,19.8
Princes Town,2022-01-24,75.4,0.0,16.1,119.2,1012.2,31.5,7.3,205.1,17.9,23305,65210,0,31.0,21.2,25.7,42.0,21.2,26.9,20.7
Princes Town,2022-01-25,68.8,0.0,18.3,115.7,1012.5,42.5,7.2,227.5,19.5,23308,65236,0,31.0,24.0,26.6,33.1,24.0,27.3,20.2
Princes Town,2022-01-26,69.5,0.0,13.9,109.2,1013.0,41.2,7.3,226.5,19.6,23309,65261,0,31.2,21.7,25.6,31.9,21.7,26.0,19.1
Princes Town,2022-01-27,82.1,2.794,11.4,125.7,1013.0,58.0,7.3,119.1,10.3,23309,65285,1,29.0,20.9,23.8,31.9,20.9,24.2,20.4
Princes Town,2022-01-28,72.1,0.0,13.9,120.5,1012.3,32.0,7.3,144.8,12.6,23308,65309,0,30.0,20.0,24.8,31.9,20.0,25.3,18.9
Princes Town,2022-01-29,71.1,0.0,16.9,111.4,1012.7,37.6,7.5,103.9,8.9,23306,65332,0,30.0,20.0,24.8,31.4,20.0,25.5,18.9
Princes Town,2022-01-30,77.5,2.0065999999999997,16.1,108.9,1013.1,44.2,6.6,139.8,12.0,23304,65355,1,29.8,20.8,24.8,33.0,20.8,25.8,20.5
Princes Town,2022-01-31,74.5,0.2032,18.3,110.4,1013.4,46.1,7.3,163.5,14.2,23300,65377,1,30.0,22.5,25.8,34.2,22.5,26.9,20.8
Princes Town,2022-02-01,78.1,0.1016,16.1,124.7,1013.1,43.0,7.2,131.4,11.5,23295,65399,1,30.0,23.0,25.9,33.3,23.0,27.2,21.7
Princes Town,2022-02-02,73.9,0.0,18.3,113.4,1012.9,34.5,6.9,159.8,13.8,23289,65420,0,31.0,23.9,26.6,34.6,23.9,27.8,21.4
Princes Town,2022-02-03,72.4,0.0,16.1,110.3,1013.3,29.4,7.2,146.7,12.8,23282,65440,0,31.1,23.0,26.2,33.1,23.0,27.1,20.5
Princes Town,2022-02-04,70.4,0.0,13.9,112.7,1013.3,31.1,7.2,158.5,13.8,23274,65459,0,31.0,21.0,25.6,32.4,21.0,26.3,19.5
Princes Town,2022-02-05,70.9,0.0,16.7,110.9,1013.1,46.4,7.3,91.1,7.9,23265,65478,0,31.0,19.1,25.4,32.4,19.1,26.2,19.6
Princes Town,2022-02-06,73.7,0.1016,15.0,101.6,1013.2,41.4,7.4,118.7,10.1,23255,65497,1,32.0,21.7,26.4,35.8,21.7,27.7,21.2
Princes Town,2022-02-07,79.0,0.7111999999999999,15.6,117.3,1013.1,49.5,7.2,171.1,14.8,23244,65514,1,31.0,22.2,26.1,35.3,22.2,27.3,22.0
Princes Town,2022-02-08,73.8,0.0,16.1,107.7,1012.9,50.8,7.4,119.2,10.4,23232,65531,0,31.9,21.6,26.3,35.3,21.6,27.3,20.9
Princes Town,2022-02-09,70.2,0.0,13.9,99.2,1012.3,45.4,7.6,147.4,12.9,23219,65548,0,31.0,21.0,25.4,32.6,21.0,26.0,19.2
Princes Town,2022-02-10,76.0,0.0,20.8,94.2,1012.1,47.9,7.2,118.2,10.2,23206,65564,0,29.0,22.0,24.8,30.8,22.0,25.1,20.1
Princes Town,2022-02-11,70.0,3.7083999999999997,18.3,96.0,1012.3,47.2,7.0,193.0,16.8,23191,65579,1,32.0,22.5,26.2,33.5,22.5,26.7,19.9
Princes Town,2022-02-12,63.0,0.0,17.2,96.7,1013.3,39.4,7.4,172.9,15.1,23175,65593,0,30.0,23.0,26.3,30.4,23.0,26.5,18.3
Princes Town,2022-02-13,66.6,0.0,17.3,103.5,1012.9,33.3,7.3,170.2,14.7,23159,65607,0,31.0,22.0,26.0,32.4,22.0,26.3,18.8
Princes Town,2022-02-14,64.7,0.0,13.9,108.6,1012.9,29.9,7.1,159.8,13.9,23141,65620,0,32.0,21.2,26.3,32.4,21.2,26.6,18.5
Princes Town,2022-02-15,77.6,2.0065999999999997,13.9,95.4,1014.0,55.1,5.7,142.5,12.4,23123,65633,1,29.2,22.8,25.9,32.8,22.8,27.2,21.6
Princes Town,2022-02-16,73.4,1.1176,20.8,100.6,1015.2,39.3,5.8,198.2,17.1,23104,65645,1,31.0,23.9,26.6,33.7,23.9,27.5,21.2
Princes Town,2022-02-17,67.3,0.0,16.4,102.4,1014.6,36.4,5.9,201.1,17.4,23084,65656,0,31.0,23.2,26.6,33.1,23.2,27.3,19.8
Princes Town,2022-02-18,70.8,0.0,15.8,103.8,1012.6,27.7,7.0,153.8,13.4,23063,65667,0,32.0,21.0,25.9,33.5,21.0,26.6,19.7
Princes Town,2022-02-19,70.4,0.0,15.0,91.5,1012.6,38.4,6.8,130.3,11.4,23042,65677,0,30.0,21.0,25.6,32.4,21.0,26.2,19.4
Princes Town,2022-02-20,69.6,0.0,16.1,105.3,1013.1,33.7,6.3,132.5,11.5,23020,65687,0,31.0,21.0,26.1,33.1,21.0,26.8,19.7
Princes Town,2022-02-21,69.7,0.0,16.1,95.3,1013.4,46.0,6.4,172.5,14.8,22997,65696,0,31.0,22.0,26.4,33.1,22.0,27.3,20.2
Princes Town,2022-02-22,81.6,5.8928,20.8,104.6,1013.3,51.1,5.9,78.5,6.8,22973,65704,1,28.0,24.0,25.5,31.9,24.0,26.3,22.1
Princes Town,2022-02-23,81.5,4.3180000000000005,15.0,104.1,1012.0,57.4,6.4,121.1,10.5,22948,65712,1,28.6,23.2,25.4,32.0,23.2,26.2,22.0
Princes Town,2022-02-24,78.7,9.8806,11.4,83.4,1012.4,71.9,6.4,82.2,7.3,22923,65719,1,29.0,22.9,25.5,30.8,22.9,26.1,21.4
Princes Town,2022-02-25,79.5,30.7086,12.8,94.7,1013.8,56.6,6.3,120.5,10.3,22897,65726,1,28.8,21.0,24.6,31.2,21.0,25.1,20.6
Princes Town,2022-02-26,79.4,8.2042,18.3,94.5,1014.2,75.6,6.4,93.0,8.1,22871,65733,1,29.0,23.0,25.5,32.4,23.0,26.2,21.6
Princes Town,2022-02-27,81.7,2.0065999999999997,12.9,82.3,1013.2,46.5,6.7,69.8,6.0,22844,65739,1,28.0,24.0,25.7,31.3,24.0,26.5,22.3
Princes Town,2022-02-28,80.6,1.1176,19.7,92.1,1012.4,52.1,6.7,128.9,11.1,22816,65744,1,30.0,23.4,25.7,33.3,23.4,26.4,22.0
Princes Town,2022-03-01,80.9,0.0,17.2,96.9,1012.7,59.3,6.5,164.3,14.2,22788,65749,0,30.0,23.8,25.9,34.2,23.8,27.2,22.3
Princes Town,2022-03-02,77.5,0.0,13.9,99.0,1012.6,48.0,6.4,154.7,13.4,22759,65754,0,30.7,23.8,26.6,34.2,23.8,27.9,22.1
Princes Town,2022-03-03,75.1,0.0,15.0,102.9,1012.2,34.7,7.1,175.1,15.3,22730,65758,0,31.7,22.0,26.5,34.7,22.0,27.9,21.5
Princes Town,2022-03-04,70.6,0.0,19.7,89.9,1012.2,42.8,6.8,126.2,10.9,22700,65762,0,30.0,24.0,26.6,31.9,24.0,27.3,20.6
Princes Town,2022-03-05,79.0,8.3058,19.7,92.0,1012.2,53.3,5.7,117.6,10.1,22670,65765,1,29.0,23.8,25.3,30.8,23.8,25.9,21.3
Princes Town,2022-03-06,66.8,0.0,15.0,95.7,1012.2,44.9,6.5,196.6,17.0,22639,65768,0,31.0,24.0,26.9,32.4,24.0,27.8,20.1
Princes Town,2022-03-07,77.4,9.0932,18.3,95.3,1011.6,67.0,6.0,141.3,12.1,22607,65770,1,30.0,22.0,25.5,33.3,22.0,26.2,21.1
Princes Town,2022-03-08,81.5,1.1176,12.8,90.8,1011.5,54.2,6.6,89.8,7.8,22576,65773,1,28.0,23.0,24.9,30.1,23.0,25.3,21.4
Princes Town,2022-03-09,77.7,0.9143999999999999,12.8,73.9,1012.1,55.3,6.5,105.5,9.2,22544,65774,1,29.0,23.8,26.1,32.0,23.8,27.2,21.7
Princes Town,2022-03-10,79.0,0.9905999999999999,15.0,95.4,1012.5,51.9,6.3,116.7,10.2,22511,65776,1,30.0,24.0,26.3,33.3,24.0,27.5,22.2
Princes Town,2022-03-11,76.8,1.397,18.3,95.1,1012.4,51.6,6.7,176.5,15.3,22478,65777,1,30.8,23.0,26.6,33.6,23.0,27.8,21.9
Princes Town,2022-03-12,77.6,0.0,21.9,98.3,1012.5,45.4,6.5,195.3,16.8,22445,65778,0,30.0,23.0,26.0,33.3,23.0,27.2,21.7
Princes Town,2022-03-13,67.4,0.0,18.3,91.9,1013.2,38.2,7.0,207.5,17.9,22412,65779,0,31.0,23.8,26.8,33.1,23.8,27.7,20.1
Princes Town,2022-03-14,70.2,0.0,15.0,108.6,1013.3,42.2,6.7,220.8,19.0,22378,65780,0,31.0,23.0,26.6,32.4,23.0,27.5,20.4
Princes Town,2022-03-15,80.3,5.1054,16.1,70.7,1012.9,60.7,6.1,127.7,11.0,22344,65780,1,29.0,23.4,25.6,32.8,23.4,26.3,21.8
Princes Town,2022-03-16,74.3,2.9972,23.0,82.0,1013.2,40.8,6.0,142.9,12.3,22310,65780,1,30.0,24.0,26.6,32.6,24.0,27.8,21.5
Princes Town,2022-03-17,66.6,0.0,20.8,85.1,1013.4,30.8,6.7,219.8,19.0,22276,65780,0,31.0,21.0,26.5,33.1,21.0,27.2,19.6
Princes Town,2022-03-18,72.3,0.0,19.7,92.2,1013.7,31.9,6.8,196.2,17.0,22241,65780,0,31.0,23.7,26.8,33.1,23.7,27.8,21.1
Princes Town,2022-03-19,73.1,0.1016,18.3,95.9,1013.8,44.6,6.7,156.0,13.5,22206,65779,1,30.1,23.2,26.8,33.3,23.2,28.1,21.4
Princes Town,2022-03-20,69.6,0.0,19.7,91.5,1013.7,39.2,7.0,190.9,16.3,22171,65779,0,30.0,23.1,26.4,31.3,23.1,26.9,20.1
Princes Town,2022-03-21,71.5,0.0,18.3,90.3,1012.8,48.8,7.3,211.5,18.2,22136,65778,0,31.0,21.6,25.9,33.1,21.6,26.4,19.9
Princes Town,2022-03-22,72.7,0.0,16.1,82.4,1013.1,37.5,7.0,208.0,18.0,22101,65777,0,32.0,22.0,26.2,33.7,22.0,26.9,20.4
Princes Town,2022-03-23,66.0,0.0,18.3,90.0,1014.1,32.7,6.3,225.0,19.5,22066,65777,0,31.0,22.4,26.6,32.4,22.4,27.2,19.4
Princes Town,2022-03-24,73.1,0.4064,18.3,68.3,1014.1,42.5,7.2,241.0,20.7,22031,65776,1,29.8,19.9,26.4,32.2,19.9,27.3,21.1
Princes Town,2022-03-25,77.3,8.001,20.8,105.2,1012.9,58.4,7.0,170.8,14.7,21995,65775,1,29.0,23.2,26.1,32.8,23.2,27.1,21.7
Princes Town,2022-03-26,70.9,0.0,20.8,93.3,1012.3,37.5,6.9,193.0,16.8,21960,65774,0,30.0,24.4,26.6,34.6,24.4,27.4,20.7
Princes Town,2022-03-27,74.0,0.508,18.3,82.7,1013.2,51.1,7.1,181.4,15.7,21925,65773,1,29.0,22.7,25.8,30.9,22.7,26.4,20.7
Princes Town,2022-03-28,80.7,2.9972,17.2,108.3,1014.0,54.6,6.6,164.0,14.2,21890,65772,1,30.0,22.4,25.6,31.9,22.4,26.2,21.7
Princes Town,2022-03-29,70.4,0.0,16.1,105.2,1014.1,47.6,7.3,203.0,17.7,21855,65771,0,30.0,23.7,26.2,30.8,23.7,26.8,20.2
Princes Town,2022-03-30,72.8,0.0,16.1,88.8,1012.5,44.5,7.2,151.1,13.1,21820,65770,0,31.0,21.0,26.3,33.1,21.0,27.2,20.7
Princes Town,2022-03-31,74.3,0.9905999999999999,17.2,100.7,1012.3,65.1,7.0,169.4,14.6,21785,65769,1,31.0,24.0,26.4,33.1,24.0,27.4,21.3
Princes Town,2022-04-01,79.2,1.016,17.2,105.3,1013.4,47.7,6.8,204.7,17.7,21750,65768,1,30.0,23.9,25.9,32.6,23.9,26.9,21.8
Princes Town,2022-04-02,76.5,0.6096,13.9,100.1,1013.2,43.3,6.9,195.5,17.1,21715,65768,1,31.0,23.0,26.7,34.6,23.0,27.8,21.9
Princes Town,2022-04-03,71.2,0.1016,17.2,102.1,1012.6,37.5,7.1,201.0,17.4,21681,65767,1,30.0,22.9,26.2,31.3,22.9,26.7,20.2
Princes Town,2022-04-04,71.7,0.0,15.6,93.5,1012.3,35.0,6.8,157.5,13.6,21647,65767,0,31.0,22.9,26.9,33.7,22.9,28.1,21.1
Princes Town,2022-04-05,70.1,0.0,18.3,108.1,1012.3,36.7,6.8,170.4,14.9,21612,65766,0,32.0,24.7,27.2,34.2,24.7,28.2,21.0
Princes Town,2022-04-06,73.1,0.0,15.0,111.8,1012.6,38.5,6.8,150.5,12.8,21579,65766,0,31.0,24.0,26.7,33.1,24.0,27.7,21.2
Princes Town,2022-04-07,77.3,0.508,17.2,101.9,1012.3,58.7,6.6,146.2,12.6,21545,65766,1,31.0,24.0,26.2,33.7,24.0,27.4,21.8
Princes Town,2022-04-08,77.3,0.0,17.2,106.0,1012.9,36.6,6.5,195.9,16.9,21512,65766,0,32.0,24.0,27.3,39.5,24.0,29.4,22.7
Princes Town,2022-04-09,72.1,0.0,16.6,105.5,1013.4,34.3,6.7,214.4,18.5,21479,65766,0,32.9,24.0,27.4,35.8,24.0,28.8,21.6
Princes Town,2022-04-10,71.5,0.0,16.1,106.8,1012.4,36.8,6.5,181.9,15.8,21446,65767,0,31.0,24.0,27.4,33.7,24.0,28.7,21.6
Princes Town,2022-04-11,76.8,1.0921999999999998,19.7,107.8,1012.4,28.8,6.5,209.8,18.3,21414,65768,1,32.0,25.0,27.4,36.8,25.0,29.3,22.8
Princes Town,2022-04-12,71.4,0.0,18.3,103.2,1012.8,31.6,6.5,190.4,16.2,21382,65769,0,32.0,23.8,27.6,34.9,23.8,29.0,21.6
Princes Town,2022-04-13,76.5,10.998199999999999,23.0,105.3,1012.4,42.7,6.0,137.8,11.9,21350,65770,1,29.9,24.0,26.2,32.2,24.0,26.9,21.6
Princes Town,2022-04-14,76.4,0.6096,17.2,101.7,1012.1,45.4,6.0,206.0,17.8,21319,65771,1,31.0,24.0,27.0,34.6,24.0,28.5,22.3
Princes Town,2022-04-15,77.5,2.0065999999999997,18.3,105.8,1012.6,47.2,5.9,124.2,10.5,21288,65773,1,30.0,23.9,26.3,33.3,23.9,27.3,21.8
Princes Town,2022-04-16,77.0,3.302,18.3,109.4,1012.6,48.6,6.4,195.6,16.9,21258,65775,1,30.0,24.0,26.6,33.3,24.0,27.7,22.0
Princes Town,2022-04-17,76.4,0.508,18.3,105.8,1012.5,40.7,6.4,192.9,16.5,21228,65777,1,31.2,24.0,26.8,35.8,24.0,28.2,22.1
Princes Town,2022-04-18,81.7,2.2097999999999995,13.9,108.5,1012.6,48.6,6.2,156.0,13.4,21199,65780,1,28.0,24.0,25.9,30.8,24.0,26.9,22.4
Princes Town,2022-04-19,74.1,0.0,13.9,107.9,1012.4,49.3,6.8,179.0,15.5,21170,65783,0,31.0,24.0,27.2,34.2,24.0,28.6,21.8
Princes Town,2022-04-20,76.9,0.2032,19.7,92.7,1012.5,66.1,6.6,133.3,11.3,21142,65786,1,29.0,23.7,25.7,31.4,23.7,26.2,21.2
Princes Town,2022-04-21,72.7,0.0,13.9,104.8,1012.5,32.0,7.3,141.8,12.2,21114,65790,0,31.0,22.0,26.6,33.1,22.0,27.6,20.9
Princes Town,2022-04-22,72.5,0.0,13.9,107.2,1011.6,46.6,6.9,136.0,11.8,21086,65793,0,31.2,23.0,26.4,36.6,23.0,27.4,20.8
Princes Town,2022-04-23,71.1,0.0,13.9,91.8,1011.1,40.1,6.9,184.9,16.2,21060,65798,0,31.0,22.0,26.1,36.6,22.0,26.8,20.1
Princes Town,2022-04-24,76.1,0.0,18.3,95.6,1011.1,35.7,6.9,124.7,10.8,21033,65802,0,31.0,21.1,26.4,33.7,21.1,28.1,21.7
Princes Town,2022-04-25,81.8,21.996399999999998,11.4,117.1,1010.9,53.0,6.6,101.1,8.7,21008,65807,1,32.0,24.0,26.4,37.9,24.0,27.8,23.0
Princes Town,2022-04-26,84.4,7.010400000000001,12.8,117.7,1010.6,60.5,7.3,114.1,10.0,20983,65812,1,29.2,24.1,26.2,32.0,24.1,27.3,23.2
Princes Town,2022-04-27,84.8,11.9888,13.9,134.1,1010.4,57.9,6.9,131.9,11.6,20958,65818,1,32.0,24.0,26.6,36.8,24.0,27.8,23.6
Princes Town,2022-04-28,82.7,0.6096,15.0,112.3,1010.8,44.0,6.8,164.0,14.2,20935,65824,1,30.0,24.0,26.9,33.6,24.0,28.5,23.4
Princes Town,2022-04-29,80.0,0.0,12.8,113.5,1011.8,44.0,6.8,134.8,11.5,20912,65831,0,32.7,25.0,28.3,38.8,25.0,31.5,24.3
Princes Town,2022-04-30,73.6,0.0,17.2,110.8,1012.9,39.2,5.7,153.7,13.1,20889,65837,0,32.0,25.0,27.7,36.8,25.0,29.3,22.3
Princes Town,2022-05-01,72.4,0.0,15.0,102.6,1013.8,40.7,5.9,153.6,13.1,20868,65844,0,32.0,24.0,27.6,35.2,24.0,29.2,21.9
Princes Town,2022-05-02,72.6,0.0,18.3,105.4,1014.3,38.7,6.3,140.4,12.0,20846,65852,0,32.0,24.0,27.8,35.8,24.0,29.7,22.2
Princes Town,2022-05-03,71.6,0.0,20.8,97.6,1013.6,38.2,6.8,140.3,12.0,20826,65860,0,31.2,25.0,28.0,34.6,25.0,29.8,22.1
Princes Town,2022-05-04,70.8,0.0,17.2,98.2,1012.9,43.8,6.8,140.2,11.9,20806,65868,0,32.0,24.2,27.7,35.8,24.2,29.4,21.7
Princes Town,2022-05-05,71.5,0.0,17.2,104.8,1013.3,38.7,7.0,140.0,11.9,20788,65877,0,32.0,25.0,27.8,37.9,25.0,29.6,22.1
Princes Town,2022-05-06,73.9,0.0,18.3,102.9,1013.7,42.4,6.5,139.9,11.9,20769,65886,0,32.2,25.0,27.8,35.8,25.0,30.0,22.5
Princes Town,2022-05-07,73.2,0.0,13.9,102.6,1013.6,43.5,6.4,139.7,11.9,20752,65895,0,33.1,25.0,28.3,37.9,25.0,30.3,22.7
Princes Town,2022-05-08,75.9,0.4064,17.2,106.6,1013.4,43.5,7.0,188.7,16.4,20735,65905,1,31.1,24.0,27.6,33.7,24.0,29.3,22.6
Princes Town,2022-05-09,77.8,0.3048,15.0,109.5,1012.9,39.0,6.8,187.0,16.3,20719,65916,1,32.0,25.0,27.6,35.8,25.0,29.6,23.2
Princes Town,2022-05-10,70.5,0.0,20.8,109.0,1012.8,34.5,7.2,166.6,14.4,20704,65926,0,30.1,24.0,27.3,33.3,24.0,28.3,21.1
Princes Town,2022-05-11,71.1,0.0,18.3,102.9,1012.5,38.5,7.0,202.1,17.4,20690,65937,0,32.0,24.0,27.6,35.8,24.0,29.1,21.6
Princes Town,2022-05-12,73.7,0.0,17.2,104.0,1012.5,38.2,5.9,212.3,18.5,20676,65948,0,32.2,24.0,27.8,36.1,24.0,29.8,22.4
Princes Town,2022-05-13,73.3,0.0,15.0,110.3,1012.7,31.7,6.0,195.0,17.1,20663,65960,0,31.1,24.2,27.4,33.1,24.2,28.7,21.9
Princes Town,2022-05-14,83.9,4.8006,17.2,95.9,1012.9,49.4,6.1,143.1,12.5,20651,65972,1,31.0,25.0,26.2,34.6,25.0,27.4,23.2
Princes Town,2022-05-15,78.8,2.2097999999999995,21.9,99.7,1012.6,54.5,6.3,159.8,13.8,20640,65985,1,32.0,24.8,27.2,35.8,24.8,29.1,23.0
Princes Town,2022-05-16,81.0,21.005799999999997,49.1,97.1,1013.2,55.6,5.1,152.1,13.1,20629,65997,1,31.0,24.7,27.4,36.6,24.7,29.9,23.7
Princes Town,2022-05-17,77.8,0.4064,19.7,94.9,1013.9,66.3,4.4,198.0,17.2,20620,66010,1,30.0,26.0,27.9,36.2,26.0,31.2,23.7
Princes Town,2022-05-18,72.4,0.0,17.2,93.3,1015.0,41.6,4.0,199.9,17.3,20611,66024,0,30.8,26.0,28.2,33.7,26.0,30.8,22.6
Princes Town,2022-05-19,71.0,0.0,15.0,94.4,1015.2,32.4,4.6,254.4,22.0,20603,66037,0,33.0,24.0,28.1,36.1,24.0,29.8,21.9
Princes Town,2022-05-20,68.5,0.0,17.2,93.7,1015.8,24.1,5.1,179.0,15.6,20596,66051,0,33.0,24.0,28.1,37.1,24.0,29.9,21.6
Princes Town,2022-05-21,67.6,0.0,18.3,93.0,1016.4,28.7,4.6,176.7,15.1,20589,66065,0,32.0,25.9,28.2,34.9,25.9,29.7,21.4
Princes Town,2022-05-22,72.4,7.010400000000001,19.7,95.1,1016.2,37.8,4.8,161.7,14.1,20583,66080,1,31.0,24.0,27.5,33.7,24.0,28.8,21.8
Princes Town,2022-05-23,83.4,8.001,13.9,95.0,1014.3,51.6,6.5,149.7,12.9,20578,66094,1,31.0,23.9,26.7,35.1,23.9,28.5,23.4
Princes Town,2022-05-24,85.0,17.399,12.8,92.9,1013.6,55.6,5.4,106.6,9.3,20574,66109,1,30.0,23.9,26.4,34.6,23.9,28.1,23.6
Princes Town,2022-05-25,77.2,0.7874,16.1,95.5,1013.8,39.8,5.6,158.2,13.6,20571,66125,1,31.0,25.0,27.7,34.7,25.0,29.7,23.1
Princes Town,2022-05-26,74.7,0.0,16.1,92.3,1014.3,40.7,6.6,109.9,9.4,20568,66140,0,30.0,24.9,27.2,31.9,24.9,28.5,22.1
Princes Town,2022-05-27,78.7,1.2953999999999999,11.4,104.1,1013.9,45.4,7.2,157.4,13.6,20567,66155,1,31.1,24.0,27.2,34.4,24.0,29.2,23.0
Princes Town,2022-05-28,75.8,0.8128,13.9,99.0,1012.8,43.1,7.4,167.4,14.6,20566,66171,1,31.0,24.0,27.4,35.5,24.0,29.2,22.5
Princes Town,2022-05-29,73.5,0.3048,16.1,94.6,1012.3,44.0,7.7,189.4,16.3,20565,66187,1,32.0,23.9,27.6,35.8,23.9,29.4,22.2
Princes Town,2022-05-30,69.0,0.0,16.1,98.9,1011.8,32.9,7.5,193.8,16.7,20566,66203,0,32.0,24.0,27.7,34.9,24.0,29.1,21.2
Princes Town,2022-05-31,73.3,2.0065999999999997,15.0,101.3,1011.5,51.0,6.6,185.8,16.0,20567,66219,1,32.0,24.0,27.2,34.2,24.0,28.2,21.6
Princes Town,2022-06-01,72.6,0.0,13.9,107.1,1011.5,42.4,7.1,118.1,10.2,20569,66235,0,33.2,23.0,27.7,36.4,23.0,29.6,21.9
Princes Town,2022-06-02,94.4,35.9918,6.9,87.7,1012.8,56.5,6.1,15.8,1.4,20571,66251,1,26.0,23.4,24.4,26.0,23.4,24.4,23.4
Princes Town,2022-06-03,89.2,25.1206,11.4,105.0,1013.0,50.0,6.8,62.5,5.4,20575,66268,1,30.0,23.9,25.9,36.2,23.9,27.3,23.9
Princes Town,2022-06-04,82.6,8.407399999999999,18.3,107.5,1012.4,55.9,5.8,138.9,12.0,20579,66284,1,32.0,24.9,27.1,37.9,24.9,29.2,23.7
Princes Town,2022-06-05,85.5,24.714199999999998,18.3,107.2,1012.9,50.3,6.4,136.7,11.7,20583,66300,1,31.0,24.8,26.9,36.6,24.8,29.2,24.2
Princes Town,2022-06-06,91.2,29.7942,10.3,102.3,1013.7,53.5,5.5,83.4,7.2,20589,66317,1,30.0,22.7,25.1,35.1,22.7,25.6,23.5
Princes Town,2022-06-07,82.1,0.6096,20.8,99.3,1012.5,47.0,4.7,159.6,13.8,20595,66333,1,30.0,24.0,26.9,34.2,24.0,29.2,23.4
Princes Town,2022-06-08,84.1,10.2108,15.0,100.2,1012.8,46.1,3.9,73.1,6.5,20601,66349,1,30.2,24.0,26.7,36.2,24.0,28.6,23.7
Princes Town,2022-06-09,73.6,0.0,20.8,103.2,1012.5,39.1,5.5,159.2,13.7,20608,66365,0,32.0,26.0,28.0,35.8,26.0,30.1,22.7
Princes Town,2022-06-10,81.9,6.604,18.3,107.8,1012.0,52.1,6.3,157.4,13.6,20616,66381,1,32.0,25.0,27.5,37.9,25.0,29.7,23.9
Princes Town,2022-06-11,86.5,8.991599999999998,18.3,103.1,1012.6,55.1,4.7,93.0,8.2,20624,66397,1,30.0,24.0,26.2,35.1,24.0,27.3,23.7
Princes Town,2022-06-12,77.5,0.0,18.3,97.5,1014.0,50.0,4.2,139.9,12.0,20633,66412,0,30.0,24.9,27.4,34.2,24.9,29.3,22.9
Princes Town,2022-06-13,93.5,33.197799999999994,9.2,103.8,1014.3,57.9,5.4,39.0,3.3,20643,66428,1,25.0,23.0,23.9,25.0,23.0,23.9,22.8
Princes Town,2022-06-14,82.0,0.1016,11.4,123.7,1013.2,53.3,7.2,186.8,16.0,20653,66443,1,31.0,23.0,26.4,35.4,23.0,28.0,22.8
Princes Town,2022-06-15,91.8,24.993599999999997,21.9,101.6,1013.2,50.7,6.1,106.4,9.3,20663,66458,1,29.0,23.7,25.5,33.6,23.7,26.3,24.1
Princes Town,2022-06-16,84.5,2.9972,17.2,99.9,1013.5,53.1,6.2,132.7,11.5,20674,66473,1,30.8,24.0,26.8,37.3,24.0,28.8,23.8
Princes Town,2022-06-17,76.8,0.0,18.3,98.9,1012.7,42.7,5.0,144.1,12.4,20685,66487,0,30.0,24.9,27.0,32.6,24.9,28.6,22.4
Princes Town,2022-06-18,73.6,0.508,17.2,99.6,1013.3,35.9,6.1,176.7,15.4,20697,66501,1,31.2,24.7,27.5,34.6,24.7,29.1,22.1
Princes Town,2022-06-19,73.5,0.2032,17.2,103.5,1013.3,45.2,6.8,192.8,16.7,20709,66515,1,31.0,23.9,27.3,35.3,23.9,29.0,21.9
Princes Town,2022-06-20,89.4,15.214599999999999,11.4,101.5,1014.3,57.2,6.3,88.6,7.7,20722,66528,1,28.0,22.0,24.8,31.3,22.0,25.2,22.8
Princes Town,2022-06-21,88.9,13.0048,11.4,82.1,1013.0,52.3,6.7,76.9,6.7,20735,66541,1,32.0,22.0,25.2,36.8,22.0,26.2,23.0
Princes Town,2022-06-22,84.6,0.6096,11.4,107.6,1012.1,44.5,7.0,152.9,13.3,20748,66554,1,31.1,23.0,26.6,36.4,23.0,28.8,23.6
Princes Town,2022-06-23,76.6,0.0,16.1,111.6,1011.8,32.9,7.1,189.8,16.4,20761,66566,0,30.2,24.7,27.1,33.3,24.7,28.6,22.4
Princes Town,2022-06-24,79.2,0.0,16.1,103.3,1012.1,43.6,6.9,187.5,16.2,20775,66578,0,32.0,23.7,27.6,40.7,23.7,30.5,23.5
Princes Town,2022-06-25,74.0,0.0,17.2,97.0,1013.1,45.6,6.5,159.0,13.8,20789,66589,0,32.0,25.9,28.1,35.8,25.9,30.5,22.8
Princes Town,2022-06-26,87.4,37.9984,8.1,266.0,1012.8,58.2,5.6,91.2,7.8,20803,66600,1,29.0,24.0,26.1,34.6,24.0,26.9,23.8
Princes Town,2022-06-27,81.1,17.2974,138.2,118.3,1012.4,53.3,6.8,167.8,14.5,20818,66610,1,31.0,24.2,27.3,36.6,24.2,29.9,23.6
Princes Town,2022-06-28,83.5,13.7922,16.1,94.6,1012.5,49.8,6.6,100.1,8.6,20833,66620,1,30.0,24.0,26.5,34.6,24.0,28.1,23.3
Princes Town,2022-06-29,91.0,14.985999999999999,11.4,109.9,1012.9,63.7,6.3,93.6,8.2,20847,66629,1,29.0,24.0,25.9,34.6,24.0,27.3,24.3
Princes Town,2022-06-30,81.3,10.998199999999999,18.3,110.9,1012.8,35.9,7.0,160.1,13.7,20862,66638,1,31.0,25.0,27.3,35.5,25.0,29.6,23.7
Princes Town,2022-07-01,84.8,23.7998,8.1,190.0,1011.5,47.9,6.8,77.0,6.5,20878,66646,1,30.0,24.2,25.9,33.3,24.2,26.5,23.1
Princes Town,2022-07-02,79.6,0.9905999999999999,15.0,109.5,1012.9,43.1,7.1,145.8,12.6,20893,66653,1,32.1,24.8,27.7,37.7,24.8,30.2,23.6
Princes Town,2022-07-03,75.3,0.508,18.3,106.0,1014.2,47.0,6.8,202.8,17.7,20908,66660,1,31.0,24.9,28.1,35.5,24.9,30.4,23.1
Princes Town,2022-07-04,79.1,0.0,13.9,115.7,1014.1,60.7,6.4,127.7,11.1,20923,66666,0,31.7,23.7,27.7,39.1,23.7,30.3,23.6
Princes Town,2022-07-05,90.1,19.7104,13.9,105.2,1013.3,43.8,6.6,108.1,9.5,20939,66671,1,29.0,23.7,25.6,33.6,23.7,26.8,23.8
Princes Town,2022-07-06,80.7,5.0038,16.1,108.3,1013.0,51.9,6.8,192.0,16.6,20954,66676,1,32.1,24.8,27.6,39.2,24.8,30.0,23.8
Princes Town,2022-07-07,77.0,0.0,18.3,102.1,1013.4,36.6,7.0,189.0,16.5,20969,66680,0,31.0,23.8,27.4,37.8,23.8,29.6,22.8
Princes Town,2022-07-08,84.4,6.095999999999999,15.0,101.5,1014.4,44.5,6.8,90.0,7.8,20984,66683,1,29.1,25.0,26.8,34.6,25.0,28.9,23.9
Princes Town,2022-07-09,85.2,4.191,16.1,108.8,1014.8,48.2,6.4,132.8,11.5,21000,66686,1,31.0,24.8,27.4,40.2,24.8,30.7,24.6
Princes Town,2022-07-10,86.9,56.896,11.4,108.7,1013.7,57.7,5.6,79.6,6.8,21015,66688,1,28.8,23.0,25.8,32.6,23.0,27.1,23.4
Princes Town,2022-07-11,75.5,0.0,19.7,101.6,1012.5,47.5,5.6,151.5,13.0,21030,66689,0,32.0,25.9,28.4,36.8,25.9,31.4,23.5
Princes Town,2022-07-12,85.3,13.3096,17.2,103.8,1013.5,56.8,6.2,106.6,9.1,21044,66689,1,30.0,25.0,26.8,34.6,25.0,28.7,24.1
Princes Town,2022-07-13,73.0,0.0,13.9,108.7,1013.7,36.5,7.4,210.6,18.2,21059,66688,0,32.1,25.0,27.9,35.0,25.0,29.4,22.3
Princes Town,2022-07-14,74.2,0.3048,10.3,103.9,1013.1,42.6,6.7,162.7,14.0,21073,66687,1,33.0,23.0,27.9,38.1,23.0,30.3,22.6
Princes Town,2022-07-15,91.4,13.0048,6.9,128.1,1012.3,51.2,5.9,53.5,4.5,21088,66685,1,27.7,23.0,25.7,31.0,23.0,26.6,24.2
Princes Town,2022-07-16,79.8,0.4064,9.2,112.3,1012.4,45.6,7.1,163.6,14.1,21102,66682,1,33.0,24.9,27.9,38.1,24.9,30.7,23.8
Princes Town,2022-07-17,88.5,40.9956,15.0,104.8,1012.7,50.2,5.8,130.3,11.1,21116,66679,1,29.1,25.0,26.5,33.7,25.0,28.2,24.4
Princes Town,2022-07-18,74.4,0.0,13.9,99.6,1013.7,36.1,6.8,198.2,17.0,21129,66674,0,32.0,25.0,27.9,35.8,25.0,30.1,22.7
Princes Town,2022-07-19,86.4,22.301199999999998,13.9,110.0,1013.7,50.0,6.5,42.5,3.6,21142,66669,1,29.8,24.0,26.2,35.6,24.0,27.7,23.7
Princes Town,2022-07-20,81.1,0.9905999999999999,10.3,118.9,1012.9,47.8,7.5,232.0,20.1,21155,66663,1,31.9,24.0,27.4,36.7,24.0,29.9,23.7
Princes Town,2022-07-21,84.7,6.5024,16.1,86.6,1012.3,46.4,6.7,226.9,19.7,21168,66656,1,30.0,24.0,26.8,35.1,24.0,29.4,23.9
Princes Town,2022-07-22,75.6,0.0,16.1,98.2,1012.4,39.2,6.8,199.8,17.2,21181,66648,0,32.2,25.0,28.1,37.9,25.0,30.2,23.1
Princes Town,2022-07-23,73.9,0.0,13.9,90.2,1011.9,23.9,7.0,208.7,18.1,21193,66639,0,32.1,23.8,27.7,35.8,23.8,29.4,22.3
Princes Town,2022-07-24,73.0,0.0,11.4,103.3,1012.5,25.9,7.2,202.1,17.3,21205,66630,0,33.0,24.0,27.8,36.6,24.0,29.8,22.3
Princes Town,2022-07-25,73.6,0.0,10.3,106.5,1012.6,32.2,6.8,183.0,15.8,21216,66619,0,34.0,23.0,28.3,38.3,23.0,30.7,22.7
Princes Town,2022-07-26,80.1,0.4064,12.8,123.9,1013.0,47.0,6.6,180.6,15.6,21227,66608,1,31.1,24.0,27.1,36.6,24.0,29.3,23.3
Princes Town,2022-07-27,83.0,0.4064,8.1,66.3,1012.5,61.2,6.7,138.5,11.9,21238,66596,1,32.0,24.7,27.2,36.2,24.7,29.3,23.8
Princes Town,2022-07-28,84.6,2.0065999999999997,15.0,92.3,1012.1,49.1,6.6,114.8,9.9,21248,66583,1,32.0,25.0,27.1,37.9,25.0,28.7,24.0
Princes Town,2022-07-29,73.3,0.1016,12.8,104.6,1012.6,43.6,7.0,191.7,16.5,21258,66570,1,31.0,24.0,27.4,33.7,24.0,28.7,21.9
Princes Town,2022-07-30,80.5,0.0,13.9,114.8,1013.2,41.9,6.6,202.0,17.4,21268,66555,0,32.0,23.0,27.2,37.9,23.0,29.8,23.3
Princes Town,2022-07-31,85.8,27.9908,16.1,115.3,1013.6,49.1,6.2,92.2,7.8,21277,66540,1,30.0,24.0,26.2,35.1,24.0,27.6,23.6
Princes Town,2022-08-01,79.4,0.1016,15.0,97.4,1012.6,43.8,6.3,168.9,14.5,21286,66524,1,31.0,25.8,27.9,36.2,25.8,30.4,23.8
Princes Town,2022-08-02,77.5,0.2032,17.2,108.7,1011.5,46.8,6.7,176.2,15.3,21294,66507,1,32.0,25.0,28.3,37.8,25.0,31.3,23.7
Princes Town,2022-08-03,91.7,49.987199999999994,8.1,94.5,1012.1,51.2,6.0,32.4,2.7,21302,66489,1,26.0,23.0,24.7,26.0,23.0,24.7,23.3
Princes Town,2022-08-04,92.0,18.287999999999997,16.1,118.1,1012.6,54.4,5.6,47.8,4.3,21309,66471,1,27.7,23.0,24.6,32.0,23.0,24.8,23.1
Princes Town,2022-08-05,81.9,2.2097999999999995,16.1,105.9,1011.0,50.8,7.1,158.7,13.8,21317,66452,1,32.0,23.0,27.0,37.9,23.0,29.3,23.4
Princes Town,2022-08-06,87.7,10.795,4.9,85.8,1011.6,46.9,7.0,230.2,19.9,21323,66432,1,29.0,23.8,26.5,34.6,23.8,28.4,24.2
Princes Town,2022-08-07,76.0,0.0,9.2,69.6,1011.8,27.9,7.1,195.8,17.0,21330,66411,0,34.0,24.2,28.4,39.4,24.2,31.3,23.4
Princes Town,2022-08-08,79.7,0.4064,13.9,88.1,1010.8,44.6,7.0,140.6,12.1,21335,66389,1,33.0,24.0,27.9,40.3,24.0,31.2,23.9
Princes Town,2022-08-09,82.9,5.0038,13.9,107.8,1011.8,44.0,6.8,152.7,13.2,21341,66367,1,31.0,25.0,27.7,39.1,25.0,31.1,24.4
Princes Town,2022-08-10,78.1,0.2032,10.3,123.2,1013.4,42.8,7.0,223.5,19.4,21346,66344,1,33.0,25.0,28.2,38.1,25.0,31.0,23.8
Princes Town,2022-08-11,77.0,0.0,11.4,63.4,1013.1,38.4,6.7,262.7,22.7,21350,66320,0,32.0,24.7,28.1,36.6,24.7,30.9,23.4
Princes Town,2022-08-12,82.6,12.014199999999999,16.1,83.7,1012.5,42.1,6.7,226.3,19.5,21355,66296,1,32.0,25.0,27.8,38.1,25.0,30.8,24.4
Princes Town,2022-08-13,86.9,1.0921999999999998,8.1,128.4,1012.8,54.9,6.7,239.2,20.5,21358,66271,1,32.0,24.8,26.8,37.9,24.8,28.6,24.3
Princes Town,2022-08-14,82.5,8.001,8.1,114.4,1013.8,49.1,7.5,221.0,19.0,21362,66245,1,33.0,24.7,27.6,40.6,24.7,30.6,24.2
Princes Town,2022-08-15,80.5,1.2953999999999999,11.4,110.3,1013.3,37.6,7.1,243.6,21.0,21365,66218,1,32.0,24.0,27.7,36.8,24.0,29.9,23.7
Princes Town,2022-08-16,75.5,0.1016,16.1,113.6,1012.6,30.8,7.1,201.3,17.4,21367,66191,1,33.0,25.0,28.8,38.1,25.0,31.8,23.7
Princes Town,2022-08-17,69.3,0.0,11.4,46.6,1012.2,28.3,6.9,268.8,23.3,21369,66163,0,33.0,25.7,28.9,36.1,25.7,30.9,22.3
Princes Town,2022-08-18,78.6,6.1975999999999996,15.0,106.2,1011.1,45.7,6.7,241.4,20.7,21371,66135,1,32.0,24.8,27.3,36.8,24.8,29.4,23.1
Princes Town,2022-08-19,84.0,5.1054,12.8,105.6,1012.4,46.6,6.6,241.6,20.7,21373,66106,1,30.1,24.0,26.2,34.3,24.0,27.6,23.2
Princes Town,2022-08-20,90.2,6.985,11.4,105.1,1012.9,44.9,6.2,140.6,12.2,21374,66076,1,27.0,24.0,24.9,29.6,24.0,25.1,23.2
Princes Town,2022-08-21,84.8,0.1016,9.2,124.3,1012.6,46.6,7.3,152.4,13.1,21374,66046,1,29.0,23.0,25.8,32.6,23.0,26.8,22.9
Princes Town,2022-08-22,86.4,20.193,9.2,305.3,1012.3,50.5,6.9,172.8,15.0,21375,66016,1,30.0,24.0,25.8,34.2,24.0,26.7,23.3
Princes Town,2022-08-23,85.9,20.777199999999997,9.2,123.7,1012.4,49.1,6.8,200.1,17.4,21375,65984,1,30.0,22.9,25.6,35.1,22.9,26.7,22.9
Princes Town,2022-08-24,87.1,21.996399999999998,8.1,168.6,1013.2,46.8,6.9,228.0,19.8,21374,65953,1,30.0,23.9,25.8,34.2,23.9,27.1,23.4
Princes Town,2022-08-25,87.5,5.9944,8.1,148.6,1013.3,42.4,6.5,199.3,17.2,21374,65920,1,32.0,23.8,25.7,36.8,23.8,26.7,23.3
Princes Town,2022-08-26,87.1,2.9972,12.8,127.6,1013.0,47.1,7.1,218.9,18.9,21373,65888,1,29.0,23.0,25.5,32.8,23.0,26.7,23.1
Princes Town,2022-08-27,78.4,0.0,11.4,131.1,1012.0,48.2,7.5,238.7,20.5,21371,65855,0,32.0,23.0,27.2,36.8,23.0,29.2,22.8
Princes Town,2022-08-28,77.4,0.2032,9.2,120.8,1011.9,42.8,7.2,257.0,22.0,21370,65821,1,32.2,23.0,27.4,37.9,23.0,29.9,22.9
Princes Town,2022-08-29,81.1,0.0,12.8,115.9,1012.5,38.9,7.2,205.9,17.8,21368,65787,0,32.0,24.9,27.7,37.8,24.9,30.2,23.9
Princes Town,2022-08-30,71.9,0.0,12.8,51.3,1012.3,37.0,6.7,221.9,19.2,21366,65752,0,34.0,24.0,28.6,37.9,24.0,30.6,22.4
Princes Town,2022-08-31,84.8,51.0032,10.3,80.7,1011.6,43.8,6.5,263.9,22.7,21363,65717,1,32.1,23.9,26.2,35.0,23.9,27.3,23.1
Princes Town,2022-09-01,79.5,0.0,11.4,128.1,1009.8,32.4,6.9,272.4,23.6,21361,65682,0,34.0,22.0,27.1,38.1,22.0,29.0,22.7
Princes Town,2022-09-02,80.6,32.9946,13.9,154.0,1010.3,34.0,7.0,254.1,22.0,21358,65647,1,33.1,23.0,26.7,38.1,23.0,28.4,22.8
Princes Town,2022-09-03,78.1,5.9944,10.3,142.1,1011.4,50.0,6.8,231.2,20.1,21355,65611,1,33.0,24.8,28.2,39.3,24.8,31.1,23.7
Princes Town,2022-09-04,86.9,18.9992,11.4,130.3,1011.8,43.5,6.6,198.7,17.2,21351,65575,1,31.0,24.9,26.3,36.6,24.9,27.3,23.8
Princes Town,2022-09-05,90.5,13.3096,11.4,116.2,1013.4,43.3,7.1,150.5,12.8,21348,65538,1,27.0,24.0,25.4,30.1,24.0,26.3,23.7
Princes Town,2022-09-06,82.6,0.0,7.7,115.0,1013.9,45.2,7.2,167.5,14.3,21344,65501,0,33.0,23.0,26.8,38.1,23.0,28.8,23.4
Princes Town,2022-09-07,81.4,12.014199999999999,11.4,102.3,1012.7,40.8,6.8,208.9,18.1,21340,65464,1,31.0,25.0,27.6,37.8,25.0,30.4,24.0
Princes Town,2022-09-08,77.9,0.0,13.9,129.7,1011.5,38.0,7.1,239.9,20.7,21336,65427,0,32.0,24.0,28.2,37.9,24.0,31.2,23.7
Princes Town,2022-09-09,77.0,0.0,13.9,120.4,1012.3,35.4,7.0,237.0,20.5,21332,65390,0,32.9,25.0,28.3,37.8,25.0,31.2,23.7
Princes Town,2022-09-10,83.0,6.2992,9.2,124.2,1014.1,43.1,7.2,237.6,20.7,21328,65352,1,31.0,24.0,27.2,37.8,24.0,29.7,23.9
Princes Town,2022-09-11,80.4,0.2032,11.4,114.4,1013.7,39.8,7.3,229.0,19.7,21324,65314,1,32.0,24.2,27.3,36.8,24.2,29.6,23.4
Princes Town,2022-09-12,81.1,3.2003999999999997,13.9,108.1,1011.7,43.3,7.0,246.9,21.3,21320,65276,1,33.0,24.0,27.6,39.2,24.0,29.8,23.8
Princes Town,2022-09-13,78.1,0.1016,11.4,121.4,1011.8,33.3,6.8,221.6,19.2,21315,65238,1,32.0,24.0,27.6,36.8,24.0,29.9,23.2
Princes Town,2022-09-14,73.6,0.0,15.0,118.4,1011.8,35.1,7.3,261.2,22.7,21311,65200,0,34.0,24.0,28.2,38.3,24.0,30.4,22.7
Princes Town,2022-09-15,80.9,2.9972,11.4,108.1,1011.5,40.5,6.9,280.9,24.3,21306,65162,1,33.7,24.0,27.9,41.4,24.0,30.9,24.1
Princes Town,2022-09-16,78.8,0.0,9.2,113.3,1010.6,45.9,7.1,266.2,23.0,21301,65124,0,34.0,24.0,28.1,40.7,24.0,31.5,23.8
Princes Town,2022-09-17,82.1,26.0096,12.8,155.3,1010.9,52.1,6.7,235.8,20.5,21297,65085,1,34.0,24.0,27.5,38.3,24.0,29.9,23.9
Princes Town,2022-09-18,79.6,0.889,11.4,156.0,1010.7,40.8,7.1,262.9,23.0,21292,65047,1,33.0,23.9,27.7,39.3,23.9,30.6,23.6
Princes Town,2022-09-19,81.0,4.5973999999999995,12.8,118.0,1010.6,48.1,7.1,212.5,18.3,21288,65009,1,33.0,24.8,27.6,39.2,24.8,29.9,23.8
Princes Town,2022-09-20,84.4,8.001,11.4,101.2,1010.4,50.0,6.7,213.3,18.3,21284,64971,1,32.8,24.0,26.6,39.0,24.0,28.2,23.6
Princes Town,2022-09-21,92.0,23.3172,8.1,127.6,1008.9,62.4,5.5,143.1,12.3,21279,64932,1,29.0,24.0,25.6,33.6,24.0,26.1,24.1
Princes Town,2022-09-22,89.6,8.915399999999998,5.8,128.0,1011.2,44.0,7.0,163.5,14.2,21275,64894,1,26.2,24.0,25.3,26.2,24.0,25.3,23.4
Princes Town,2022-09-23,79.0,0.0,13.9,116.8,1012.0,37.8,7.3,216.2,18.7,21271,64856,0,32.0,23.9,27.9,37.9,23.9,31.1,23.7
Princes Town,2022-09-24,81.0,0.1016,9.2,119.7,1010.6,43.6,7.1,193.7,16.7,21267,64818,1,32.0,24.8,27.6,37.8,24.8,30.3,23.9
Princes Town,2022-09-25,82.4,0.4064,12.8,105.3,1010.2,47.0,6.9,225.5,19.4,21263,64781,1,31.9,23.9,27.1,37.5,23.9,29.2,23.6
Princes Town,2022-09-26,90.7,0.0,10.3,108.9,1011.1,39.4,7.2,178.4,15.5,21259,64743,0,28.0,24.0,25.4,32.7,24.0,25.9,23.8
Princes Town,2022-09-27,85.7,11.7094,9.2,118.9,1011.3,42.4,6.6,204.5,17.8,21255,64706,1,31.0,24.0,26.3,36.6,24.0,28.3,23.7
Princes Town,2022-09-28,84.6,8.001,10.3,125.5,1010.6,43.5,7.2,215.6,18.6,21252,64668,1,29.8,23.9,26.6,34.2,23.9,28.5,23.6
Princes Town,2022-09-29,89.6,13.9954,11.4,280.6,1010.1,49.0,7.0,166.2,14.4,21249,64632,1,30.0,23.9,25.3,35.1,23.9,25.9,23.4
Princes Town,2022-09-30,83.5,0.0,16.1,115.8,1009.9,46.8,6.6,251.5,21.7,21246,64595,0,32.0,24.0,27.4,39.2,24.0,30.3,24.2
Princes Town,2022-10-01,76.9,0.0,11.4,106.5,1012.5,38.6,7.5,258.1,22.3,21243,64559,0,33.0,24.9,28.5,38.1,24.9,31.6,23.7
Princes Town,2022-10-02,77.3,0.0,10.3,111.2,1013.6,38.9,6.9,225.6,19.5,21241,64522,0,34.0,24.0,28.3,39.4,24.0,31.3,23.7
Princes Town,2022-10-03,85.9,0.0,5.8,118.4,1012.1,39.1,7.5,148.1,13.0,21239,64487,0,31.0,24.0,26.7,36.6,24.0,28.6,24.0
Princes Town,2022-10-04,81.8,0.9905999999999999,9.2,4.5,1009.8,43.0,6.8,198.1,17.0,21237,64451,1,32.0,24.0,27.2,37.9,24.0,29.8,23.7
Princes Town,2022-10-05,96.7,6.095999999999999,18.3,95.0,1008.7,62.0,4.7,43.6,3.8,21235,64416,1,25.2,23.0,24.6,25.2,23.0,24.6,24.0
Princes Town,2022-10-06,90.7,99.08539999999999,10.3,100.7,1011.2,63.9,6.5,160.4,14.0,21234,64382,1,27.1,23.8,25.2,30.1,23.8,25.8,23.5
Princes Town,2022-10-07,86.2,6.8072,12.8,110.4,1011.3,48.2,6.1,220.4,19.1,21233,64348,1,30.0,24.0,26.8,36.2,24.0,29.2,24.2
Princes Town,2022-10-08,88.9,28.7782,11.4,110.0,1009.9,50.7,6.5,141.3,12.1,21233,64314,1,31.0,25.0,26.4,37.8,25.0,27.8,24.3
Princes Town,2022-10-09,89.0,15.214599999999999,16.1,103.2,1011.8,46.5,6.7,162.0,13.9,21233,64281,1,27.1,23.0,25.3,30.6,23.0,26.1,23.4
Princes Town,2022-10-10,85.0,2.2097999999999995,16.1,104.0,1012.7,47.0,7.1,134.4,11.5,21233,64248,1,31.8,23.0,26.7,37.8,23.0,28.9,23.8
Princes Town,2022-10-11,90.8,3.8861999999999997,8.1,97.5,1013.2,38.2,6.0,172.8,14.9,21234,64216,1,30.0,24.2,25.7,36.2,24.2,26.4,24.0
Princes Town,2022-10-12,86.5,10.0076,12.8,106.1,1012.2,45.2,6.0,177.2,15.4,21235,64184,1,30.0,23.9,26.1,34.2,23.9,27.5,23.6
Princes Town,2022-10-13,79.5,0.0,13.9,109.8,1011.1,36.4,7.2,242.3,20.8,21237,64153,0,32.0,23.0,27.3,37.9,23.0,29.5,23.1
Princes Town,2022-10-14,78.7,0.0,12.8,115.8,1012.0,41.0,7.4,232.4,20.4,21239,64123,0,33.0,23.9,27.8,37.3,23.9,30.2,23.4
Princes Town,2022-10-15,82.0,1.1938,18.3,129.1,1012.0,51.0,7.1,224.4,19.3,21241,64093,1,32.0,24.0,27.3,36.8,24.0,29.7,23.7
Princes Town,2022-10-16,79.6,0.0,8.1,137.2,1010.8,38.4,7.0,239.3,20.6,21244,64063,0,32.2,24.0,27.5,36.8,24.0,29.7,23.4
Princes Town,2022-10-17,77.5,0.7874,10.3,119.1,1010.3,34.3,7.2,208.6,17.9,21248,64035,1,33.0,24.0,27.7,38.1,24.0,30.1,23.1
Princes Town,2022-10-18,76.7,0.0,9.2,111.4,1011.1,35.0,7.6,234.9,20.4,21252,64007,0,33.0,24.0,28.2,38.1,24.0,31.0,23.4
Princes Town,2022-10-19,81.1,2.0065999999999997,10.3,104.9,1011.9,43.3,7.1,201.5,17.5,21257,63980,1,32.0,24.1,27.7,39.2,24.1,30.8,24.1
Princes Town,2022-10-20,85.1,1.6256,5.4,86.7,1011.5,67.9,6.9,214.4,18.5,21262,63953,1,30.7,24.0,27.0,38.5,24.0,29.3,24.2
Princes Town,2022-10-21,80.3,0.8128,6.9,65.2,1010.6,42.1,6.2,238.7,20.6,21268,63927,1,34.0,24.7,27.9,39.4,24.7,30.6,23.9
Princes Town,2022-10-22,87.2,2.1082,9.2,88.1,1010.5,41.2,6.1,224.7,19.5,21274,63902,1,30.4,24.4,26.8,38.1,24.4,29.3,24.4
Princes Town,2022-10-23,82.6,0.0,13.9,115.6,1010.6,35.2,6.2,217.6,18.9,21281,63878,0,33.0,23.0,27.6,39.3,23.0,30.6,24.2
Princes Town,2022-10-24,80.1,0.0,9.2,124.4,1011.1,37.8,6.5,217.3,18.8,21289,63855,0,33.0,25.0,28.1,39.3,25.0,31.2,24.1
Princes Town,2022-10-25,84.3,0.1016,11.4,121.1,1010.2,42.1,6.5,200.2,17.3,21297,63832,1,31.0,24.9,26.9,36.6,24.9,28.7,23.9
Princes Town,2022-10-26,88.7,5.9944,13.9,139.8,1008.9,69.1,5.5,132.6,11.5,21306,63810,1,30.7,24.0,26.5,37.6,24.0,28.2,24.3
Princes Town,2022-10-27,93.0,35.9918,11.4,115.9,1009.3,54.7,5.5,110.4,9.7,21316,63790,1,29.0,24.0,25.4,35.6,24.0,26.1,24.2
Princes Town,2022-10-28,89.4,11.7094,9.2,116.4,1010.3,44.9,6.8,81.7,7.0,21326,63770,1,30.0,24.0,26.3,37.2,24.0,28.2,24.4
Princes Town,2022-10-29,82.7,2.0065999999999997,12.8,106.2,1010.2,51.2,6.3,172.3,15.1,21337,63750,1,32.0,24.0,27.6,37.9,24.0,30.1,24.2
Princes Town,2022-10-30,86.5,56.007,12.8,114.7,1010.7,50.7,6.3,113.2,9.7,21348,63732,1,29.0,23.0,25.7,33.6,23.0,26.8,23.2
Princes Town,2022-10-31,81.8,4.191,17.2,106.7,1010.7,48.9,6.8,213.6,18.5,21360,63715,1,32.1,24.7,27.6,37.9,24.7,30.0,23.9
Princes Town,2022-11-01,80.7,0.7111999999999999,12.8,99.4,1011.9,42.4,7.1,199.7,17.4,21373,63699,1,33.0,25.0,27.8,40.6,25.0,30.2,23.9
Princes Town,2022-11-02,85.6,1.6001999999999998,10.3,108.0,1012.7,46.1,7.0,194.0,16.7,21386,63683,1,31.0,24.0,26.7,36.6,24.0,28.4,23.9
Princes Town,2022-11-03,86.3,2.3114,12.8,104.4,1012.2,52.9,6.5,186.4,16.1,21401,63669,1,32.0,24.9,26.3,37.9,24.9,27.4,23.7
Princes Town,2022-11-04,89.1,5.206999999999999,6.9,138.4,1011.9,44.7,6.4,142.9,12.4,21415,63655,1,28.0,24.0,25.4,31.9,24.0,26.2,23.4
Princes Town,2022-11-05,79.9,0.7111999999999999,11.4,230.6,1010.5,40.2,7.1,149.5,12.9,21431,63643,1,32.0,23.0,26.6,37.9,23.0,28.3,22.5
Princes Town,2022-11-06,80.2,0.0,11.4,100.8,1011.2,37.4,6.6,218.3,18.8,21447,63632,0,32.0,23.0,27.2,37.9,23.0,29.8,23.3
Princes Town,2022-11-07,79.6,0.0,11.4,111.9,1011.5,43.8,6.9,241.3,20.8,21464,63621,0,32.0,25.0,27.8,37.9,25.0,30.2,23.7
Princes Town,2022-11-08,89.6,0.2032,8.1,90.3,1011.4,57.9,6.3,163.1,14.1,21482,63612,1,30.0,24.0,25.8,36.2,24.0,27.0,23.9
Princes Town,2022-11-09,85.7,18.1102,9.2,107.6,1010.8,60.6,6.7,165.4,14.3,21500,63604,1,30.0,23.2,26.6,35.1,23.2,28.4,23.9
Princes Town,2022-11-10,88.5,17.8054,11.4,100.2,1011.3,45.8,7.0,133.4,11.4,21519,63596,1,29.0,23.0,25.3,32.8,23.0,25.9,23.2
Princes Town,2022-11-11,81.0,0.889,6.9,110.3,1011.2,42.8,7.6,191.9,16.6,21538,63590,1,31.0,23.8,26.8,36.6,23.8,28.8,23.1
Princes Town,2022-11-12,81.1,7.010400000000001,12.8,113.1,1010.7,42.1,7.0,215.1,18.5,21558,63585,1,32.0,23.8,27.1,36.8,23.8,28.9,23.3
Princes Town,2022-11-13,81.9,0.0,13.9,121.0,1010.4,43.1,7.0,219.0,18.9,21579,63581,0,32.0,23.8,27.2,36.8,23.8,29.6,23.7
Princes Town,2022-11-14,84.8,8.001,16.1,114.0,1011.1,56.1,5.9,196.0,16.9,21601,63578,1,32.0,24.9,26.8,39.2,24.9,28.8,23.9
Princes Town,2022-11-15,84.3,13.0048,11.4,113.4,1011.8,49.3,6.1,174.0,15.2,21623,63576,1,31.2,24.0,26.8,36.6,24.0,28.7,23.8
Princes Town,2022-11-16,85.7,0.2032,20.8,107.6,1012.4,47.7,6.7,196.0,16.8,21646,63575,1,31.0,24.0,26.3,35.3,24.0,27.8,23.6
Princes Town,2022-11-17,91.4,21.005799999999997,16.1,111.0,1011.6,51.6,6.0,159.5,13.9,21669,63575,1,29.0,23.2,24.8,33.6,23.2,25.2,23.2
Princes Town,2022-11-18,92.8,59.9948,13.9,119.2,1011.2,62.1,6.3,192.2,16.6,21693,63577,1,27.1,23.0,24.8,30.2,23.0,25.1,23.6
Princes Town,2022-11-19,87.0,0.9905999999999999,16.1,107.6,1011.8,50.0,6.4,212.6,18.5,21718,63579,1,30.0,23.0,25.7,35.1,23.0,26.7,23.2
Princes Town,2022-11-20,83.9,7.086600000000001,13.9,99.3,1010.4,41.4,6.3,201.8,17.5,21743,63583,1,30.0,24.0,26.1,34.2,24.0,27.4,23.1
Princes Town,2022-11-21,89.5,54.7878,13.9,126.1,1011.0,57.0,6.3,216.4,18.7,21769,63587,1,29.1,22.7,24.1,34.6,22.7,24.5,22.2
Princes Town,2022-11-22,90.1,13.9954,20.8,90.4,1010.7,47.8,6.3,189.8,16.3,21795,63593,1,28.0,23.0,24.6,31.3,23.0,24.9,22.8
Princes Town,2022-11-23,90.2,59.69,16.1,108.2,1010.6,56.3,6.6,172.5,14.9,21822,63599,1,28.0,23.0,24.6,31.3,23.0,25.1,22.8
Princes Town,2022-11-24,92.2,0.508,10.3,102.1,1011.0,47.5,6.7,97.1,8.4,21849,63607,1,26.0,22.8,24.3,26.0,22.8,24.3,22.9
Princes Town,2022-11-25,88.4,8.407399999999999,7.8,122.5,1011.4,42.4,6.9,123.4,10.6,21877,63616,1,30.0,23.7,25.8,36.2,23.7,27.4,23.7
Princes Town,2022-11-26,92.4,58.29299999999999,5.0,128.9,1011.8,53.0,5.9,102.3,8.9,21905,63626,1,28.0,23.0,24.8,31.9,23.0,25.1,23.5
Princes Town,2022-11-27,95.2,47.675799999999995,10.3,107.0,1011.6,62.6,5.9,91.2,7.9,21934,63636,1,25.0,24.0,24.2,25.0,24.0,24.2,23.4
Princes Town,2022-11-28,92.0,31.775399999999994,12.8,111.7,1010.2,66.5,5.7,84.0,7.2,21963,63648,1,28.0,23.9,24.7,31.9,23.9,25.0,23.3
Princes Town,2022-11-29,78.3,0.0,12.8,104.6,1009.2,39.1,7.1,193.2,16.8,21992,63661,0,31.0,22.9,26.2,33.1,22.9,27.0,21.6
Princes Town,2022-11-30,75.8,0.0,11.4,115.0,1008.9,33.5,7.3,209.6,17.9,22022,63675,0,31.0,23.0,26.4,33.3,23.0,27.5,21.5
Princes Town,2022-12-01,77.9,0.0,11.4,102.2,1009.4,42.4,6.8,200.4,17.3,22052,63690,0,31.0,21.9,25.9,34.1,21.9,27.0,21.4
Princes Town,2022-12-02,79.9,0.0,17.2,110.5,1009.9,40.6,6.8,188.8,16.3,22082,63706,0,30.7,23.0,26.2,35.0,23.0,27.6,22.3
Princes Town,2022-12-03,87.7,6.2992,16.1,95.0,1010.5,66.5,6.1,166.2,14.3,22113,63722,1,29.1,23.0,24.9,32.8,23.0,25.9,22.6
Princes Town,2022-12-04,84.9,0.0,9.2,132.3,1009.1,42.6,7.0,159.3,13.6,22144,63740,0,29.2,22.0,25.1,31.6,22.0,25.8,22.2
Princes Town,2022-12-05,74.9,0.0,9.2,355.2,1009.6,48.3,6.9,181.3,15.7,22175,63758,0,31.0,21.9,26.3,33.7,21.9,27.4,21.1
Princes Town,2022-12-06,68.2,0.0,11.4,4.6,1011.1,31.5,7.5,184.8,16.0,22206,63778,0,32.0,21.9,26.8,32.9,21.9,27.2,19.7
Princes Town,2022-12-07,76.8,0.0,5.8,38.1,1011.9,39.1,7.3,119.2,10.3,22238,63798,0,30.2,21.0,25.5,33.3,21.0,26.7,20.8
Princes Town,2022-12-08,70.9,0.0,9.2,4.0,1011.2,35.4,6.7,104.5,9.2,22269,63819,0,31.0,23.0,26.4,31.9,23.0,27.1,20.2
Princes Town,2022-12-09,75.3,0.0,8.1,71.6,1011.4,49.1,7.0,200.9,17.3,22301,63841,0,29.0,21.9,25.2,30.8,21.9,25.9,20.3
Princes Town,2022-12-10,75.7,0.0,6.9,53.6,1012.1,43.7,7.7,208.0,17.9,22333,63864,0,30.2,20.0,25.2,32.1,20.0,26.1,20.3
Princes Town,2022-12-11,76.9,0.0,9.2,34.8,1012.7,53.3,7.0,192.6,16.6,22365,63887,0,30.0,22.0,25.6,31.8,22.0,26.3,20.8
Princes Town,2022-12-12,75.2,0.0,8.1,37.4,1012.2,50.7,7.1,169.9,14.6,22396,63912,0,30.0,23.9,26.4,32.6,23.9,27.4,21.4
Princes Town,2022-12-13,86.8,13.182599999999999,11.4,110.3,1011.8,58.6,6.9,87.7,7.6,22428,63936,1,28.0,23.0,25.5,31.9,23.0,26.4,23.1
Princes Town,2022-12-14,85.0,1.4986,13.9,105.0,1012.6,50.9,6.3,161.6,14.0,22460,63962,1,30.1,23.8,25.8,35.1,23.8,27.1,23.0
Princes Town,2022-12-15,82.1,1.4986,20.8,110.7,1012.7,49.1,6.4,212.2,18.2,22491,63988,1,31.0,23.9,26.5,35.5,23.9,28.2,23.1
Princes Town,2022-12-16,72.8,3.2003999999999997,17.2,103.9,1011.5,26.2,6.8,230.3,19.8,22523,64015,1,31.0,23.0,26.8,33.3,23.0,27.7,21.1
Princes Town,2022-12-17,72.4,0.0,15.0,96.4,1010.6,36.2,6.5,221.9,19.2,22554,64043,0,30.8,23.0,26.7,33.5,23.0,27.7,21.2
Princes Town,2022-12-18,72.0,0.0,21.9,96.0,1011.8,40.8,6.6,168.1,14.6,22585,64071,0,31.0,25.0,27.2,33.7,25.0,28.4,21.6
Princes Town,2022-12-19,79.7,0.9905999999999999,17.2,91.7,1013.6,47.9,6.4,164.4,14.3,22615,64099,1,30.0,23.0,25.7,33.3,23.0,26.8,21.8
Princes Town,2022-12-20,76.1,0.3048,15.0,105.5,1013.5,33.6,6.7,228.4,19.6,22646,64128,1,31.0,22.9,26.3,33.1,22.9,27.2,21.4
Princes Town,2022-12-21,78.2,0.508,18.3,102.0,1013.1,48.9,6.7,205.4,17.8,22676,64158,1,31.0,22.2,26.1,34.6,22.2,27.1,21.6
Princes Town,2022-12-22,75.4,0.0,16.1,105.2,1014.1,40.5,7.0,248.2,21.4,22706,64188,0,31.0,23.0,26.2,31.9,23.0,26.8,21.1
Princes Town,2022-12-23,73.6,0.6096,15.0,110.5,1014.2,28.5,7.3,235.4,20.5,22735,64218,1,30.0,22.0,25.7,31.9,22.0,26.3,20.2
Princes Town,2022-12-24,75.5,0.9905999999999999,16.1,117.9,1013.6,34.3,6.8,203.6,17.5,22764,64249,1,30.0,21.7,25.3,32.3,21.7,26.1,20.4
Princes Town,2022-12-25,74.9,0.9905999999999999,20.8,112.3,1012.7,33.4,6.6,219.2,18.9,22793,64280,1,30.0,22.0,25.7,31.9,22.0,26.4,20.6
Princes Town,2022-12-26,78.1,5.9944,17.2,105.7,1013.1,46.1,6.6,163.0,14.2,22821,64311,1,29.0,24.9,26.2,32.8,24.9,26.9,22.0
Princes Town,2022-12-27,80.8,2.9972,18.3,105.7,1013.7,38.9,6.3,190.1,16.5,22848,64343,1,29.0,23.8,25.8,33.6,23.8,26.8,22.2
Princes Town,2022-12-28,75.1,0.0,15.0,110.9,1014.0,28.0,6.7,224.1,19.6,22875,64375,0,30.7,22.0,25.9,32.0,22.0,26.7,20.8
Princes Town,2022-12-29,79.3,0.508,13.9,114.0,1014.2,38.0,6.7,209.5,18.3,22901,64407,1,30.0,21.9,25.6,32.6,21.9,26.7,21.6
Princes Town,2022-12-30,77.7,0.0,17.2,124.2,1013.1,36.4,6.9,192.0,16.6,22927,64439,0,31.0,23.0,26.6,33.7,23.0,27.9,22.1
Princes Town,2022-12-31,76.1,0.6096,16.1,99.4,1013.0,38.5,6.9,187.7,16.1,22952,64471,1,30.1,24.0,26.6,33.3,24.0,27.9,21.9
Princes Town,2023-01-01,74.6,0.6096,15.0,107.9,1012.8,39.6,6.9,205.5,17.9,22977,64504,1,30.1,23.9,26.6,33.3,23.9,27.7,21.5
Princes Town,2023-01-02,76.2,0.0,18.3,109.6,1013.3,34.7,6.8,195.1,16.8,23000,64536,0,30.8,22.0,26.2,33.5,22.0,27.2,21.4
Princes Town,2023-01-03,75.1,0.0,16.1,103.1,1013.2,43.8,6.6,203.2,17.6,23024,64569,0,30.0,23.0,25.8,32.6,23.0,26.7,20.9
Princes Town,2023-01-04,79.0,0.0,13.9,95.7,1013.7,44.9,6.6,116.4,10.0,23046,64601,0,30.2,22.9,25.4,33.4,22.9,26.2,21.4
Princes Town,2023-01-05,83.6,8.6106,17.2,109.3,1013.8,47.5,6.6,162.0,13.9,23067,64634,1,29.2,23.9,25.7,32.8,23.9,26.7,22.7
Princes Town,2023-01-06,75.0,0.0,17.2,105.8,1013.5,38.9,6.8,209.2,18.1,23088,64666,0,31.0,24.0,26.7,33.7,24.0,27.7,21.6
Princes Town,2023-01-07,87.0,4.5973999999999995,13.9,114.1,1013.9,48.9,5.1,126.4,11.0,23108,64699,1,28.0,22.8,25.0,31.3,22.8,25.4,22.7
Princes Town,2023-01-08,82.0,0.3048,12.8,113.1,1014.7,43.1,4.9,129.2,11.0,23127,64731,1,30.0,24.0,26.1,33.3,24.0,27.2,22.6
Princes Town,2023-01-09,82.2,0.1016,12.8,114.5,1014.1,38.7,6.3,193.9,16.9,23145,64763,1,30.0,23.0,25.3,32.8,23.0,25.9,21.8
Princes Town,2023-01-10,82.8,1.6001999999999998,11.4,119.2,1013.5,38.9,6.4,214.1,18.4,23163,64795,1,29.7,22.0,25.3,32.8,22.0,26.3,22.1
Princes Town,2023-01-11,81.3,0.508,13.9,118.8,1014.3,41.5,6.5,197.2,17.0,23179,64826,1,30.2,22.9,25.9,33.5,22.9,26.9,22.2
Princes Town,2023-01-12,76.3,17.195800000000002,18.3,107.0,1014.1,36.3,6.6,239.3,20.7,23195,64857,1,31.0,23.0,26.3,34.6,23.0,27.4,21.6
Princes Town,2023-01-13,74.3,0.0,15.0,107.7,1012.8,28.1,6.9,208.2,18.0,23209,64888,0,31.0,21.9,25.9,33.1,21.9,26.7,20.6
Princes Town,2023-01-14,77.7,0.0,11.4,121.0,1013.2,42.9,6.7,222.4,19.3,23223,64919,0,31.0,21.8,25.9,33.7,21.8,26.9,21.4
Princes Town,2023-01-15,77.2,0.0,11.4,114.3,1013.5,34.7,6.3,224.8,19.6,23236,64950,0,30.1,23.0,26.1,33.5,23.0,27.0,21.5
Princes Town,2023-01-16,76.5,0.0,11.4,116.0,1012.9,32.0,6.6,224.3,19.3,23247,64980,0,30.9,22.0,25.8,32.6,22.0,26.5,20.9
Princes Town,2023-01-17,74.0,0.0,13.9,112.1,1012.4,37.8,7.3,217.1,18.8,23258,65009,0,31.0,22.0,25.9,33.7,22.0,26.7,20.6
Princes Town,2023-01-18,72.2,0.0,18.3,108.2,1013.9,37.3,7.0,228.1,19.7,23268,65038,0,31.0,22.8,26.1,32.4,22.8,26.6,20.3
Princes Town,2023-01-19,81.7,2.0065999999999997,20.8,102.3,1014.7,47.3,6.3,210.8,18.2,23277,65067,1,29.0,22.0,24.6,31.4,22.0,25.2,21.2
Princes Town,2023-01-20,81.4,13.97,16.1,97.6,1014.8,56.3,6.9,180.8,15.5,23284,65096,1,28.0,22.0,24.3,30.7,22.0,24.7,20.8
Princes Town,2023-01-21,69.1,0.0,20.8,104.6,1014.3,39.2,7.1,192.8,16.6,23291,65123,0,29.0,22.9,25.6,30.3,22.9,26.1,19.2
Princes Town,2023-01-22,78.2,0.0,18.3,105.8,1013.6,49.8,7.1,183.7,15.8,23297,65151,0,29.2,22.0,25.5,32.0,22.0,26.4,21.3
Princes Town,2023-01-23,79.3,0.6096,19.7,105.5,1014.8,59.9,5.8,225.8,19.4,23301,65178,1,30.0,24.0,26.1,32.6,24.0,26.9,22.1
Princes Town,2023-01-24,73.7,0.0,16.1,100.1,1014.6,49.3,6.8,234.6,20.2,23305,65204,0,31.0,22.0,25.6,32.4,22.0,26.2,20.2
Princes Town,2023-01-25,73.9,0.0,17.2,102.3,1013.7,40.3,7.2,204.9,17.7,23308,65230,0,30.0,21.8,25.4,31.9,21.8,26.1,20.2
Princes Town,2023-01-26,76.7,0.508,15.0,100.4,1013.2,47.0,6.7,201.4,17.4,23309,65255,1,29.2,21.0,24.6,31.0,21.0,24.9,19.9
Princes Town,2023-01-27,66.9,0.0,12.8,97.7,1013.3,37.6,7.4,194.4,16.7,23310,65280,0,30.1,20.0,24.8,30.2,20.0,25.1,17.9
Princes Town,2023-01-28,69.9,0.0,15.0,110.7,1013.6,34.2,6.9,257.3,22.2,23309,65304,0,31.0,19.0,24.6,31.0,19.0,24.7,18.1
Princes Town,2023-01-29,73.6,0.0,11.4,102.2,1013.8,59.1,7.1,192.7,16.7,23308,65327,0,29.0,20.8,24.4,29.8,20.8,24.8,19.2
Princes Town,2023-01-30,76.7,0.6096,15.0,83.1,1013.3,55.4,7.1,179.6,15.4,23305,65350,1,27.8,19.0,23.1,28.7,19.0,23.2,18.5
Princes Town,2023-01-31,77.1,0.0,8.1,90.2,1013.3,51.0,7.6,201.4,17.4,23301,65372,0,30.0,19.0,23.8,31.3,19.0,24.2,19.2
Princes Town,2023-02-01,74.0,0.1016,13.9,84.7,1014.2,37.3,7.3,235.2,20.4,23297,65394,1,29.1,19.0,24.3,30.3,19.0,24.7,19.0
Princes Town,2023-02-02,70.8,0.0,12.8,101.4,1015.0,40.1,7.3,226.8,19.6,23291,65415,0,31.0,20.0,25.3,32.4,20.0,26.0,19.4
Princes Town,2023-02-03,66.2,0.0,17.2,103.3,1014.8,36.6,7.5,219.2,18.9,23284,65436,0,30.0,22.0,26.1,30.9,22.0,26.6,19.1
Princes Town,2023-02-04,78.0,3.9115999999999995,18.3,100.5,1015.9,47.5,6.0,200.1,17.1,23276,65455,1,30.0,23.0,26.1,32.6,23.0,26.9,21.8
Princes Town,2023-02-05,75.5,0.4064,20.8,93.4,1015.9,41.2,6.4,232.7,20.1,23268,65474,1,30.0,23.9,26.1,32.6,23.9,26.8,21.2
Princes Town,2023-02-06,76.1,0.0,18.3,100.6,1014.3,38.4,6.5,206.2,18.0,23258,65493,0,29.0,23.1,25.8,31.4,23.1,26.6,21.1
Princes Town,2023-02-07,81.7,1.016,17.2,96.7,1013.5,60.5,6.2,210.4,18.1,23247,65511,1,30.0,23.0,25.4,33.3,23.0,26.3,21.9
Princes Town,2023-02-08,78.5,0.508,16.1,94.8,1013.0,45.8,6.5,244.9,21.1,23236,65528,1,30.0,23.0,25.9,33.0,23.0,26.9,21.6
Princes Town,2023-02-09,74.8,0.0,18.3,95.9,1013.2,38.9,6.6,230.5,19.9,23223,65544,0,31.0,23.0,26.1,33.1,23.0,26.8,21.0
Princes Town,2023-02-10,75.5,2.7178,19.7,97.0,1013.5,34.0,6.5,236.4,20.4,23209,65560,1,30.0,22.9,25.6,32.1,22.9,26.3,20.7
Princes Town,2023-02-11,80.7,3.7083999999999997,23.0,90.6,1013.1,47.0,6.0,226.4,19.6,23195,65576,1,28.1,22.0,24.7,30.7,22.0,25.3,21.1
Princes Town,2023-02-12,82.4,7.696199999999999,19.7,103.7,1012.4,58.1,6.2,221.3,19.2,23180,65590,1,29.0,22.0,24.6,31.4,22.0,25.1,21.2
Princes Town,2023-02-13,81.1,2.9972,23.0,99.1,1012.1,54.9,6.0,196.5,17.1,23163,65604,1,30.0,22.8,25.3,32.6,22.8,26.1,21.7
Princes Town,2023-02-14,86.9,2.5146,18.3,98.2,1012.6,62.8,6.0,201.3,17.4,23146,65617,1,28.0,23.0,25.2,31.3,23.0,26.0,22.8
Princes Town,2023-02-15,76.6,0.7874,17.2,101.6,1013.3,50.7,6.7,232.3,20.2,23128,65630,1,30.1,23.9,26.1,33.3,23.9,27.2,21.5
Princes Town,2023-02-16,65.9,0.0,17.2,87.7,1012.6,35.4,7.1,250.8,21.8,23109,65642,0,30.0,23.8,26.2,30.8,23.8,26.3,18.7
Princes Town,2023-02-17,69.9,0.4064,20.8,97.8,1012.7,34.7,7.0,264.8,22.9,23090,65654,1,30.0,21.2,25.7,30.9,21.2,26.2,19.4
Princes Town,2023-02-18,63.0,0.0,20.8,100.2,1013.6,23.0,7.9,287.2,24.7,23069,65665,0,30.0,21.8,25.7,30.1,21.8,25.7,17.4
Princes Town,2023-02-19,83.6,4.9784,17.2,98.4,1014.0,45.4,6.7,216.2,18.8,23048,65675,1,27.8,20.0,23.3,29.1,20.0,23.4,20.2
Princes Town,2023-02-20,67.0,0.0,12.8,76.7,1013.2,37.5,7.6,245.1,21.1,23026,65685,0,29.0,21.1,25.1,29.4,21.1,25.3,18.1
Princes Town,2023-02-21,69.8,0.0,13.9,101.2,1013.8,30.6,8.0,231.1,19.8,23003,65694,0,30.0,19.0,24.6,30.8,19.0,24.9,18.2
Princes Town,2023-02-22,73.4,0.3048,20.8,100.2,1015.8,41.0,6.9,201.8,17.5,22979,65703,1,30.0,21.0,24.7,30.4,21.0,24.9,19.2
Princes Town,2023-02-23,69.6,0.0,13.9,72.0,1016.2,36.2,7.2,277.5,24.0,22955,65711,0,30.1,18.9,24.9,30.4,18.9,25.2,18.3
Princes Town,2023-02-24,67.6,0.0,13.2,95.5,1015.5,37.2,8.0,252.8,21.9,22930,65718,0,30.0,21.0,25.4,30.6,21.0,25.8,18.6
Princes Town,2023-02-25,71.1,0.0,13.9,99.8,1014.9,45.1,7.3,237.6,20.4,22904,65725,0,29.0,20.0,24.8,30.3,20.0,25.1,18.8
Princes Town,2023-02-26,69.1,0.0,13.9,109.2,1013.8,32.9,7.2,279.7,24.1,22878,65732,0,30.2,21.0,25.7,30.8,21.0,26.1,19.1
Princes Town,2023-02-27,73.2,0.0,15.0,113.9,1014.2,44.2,6.9,234.4,20.4,22851,65738,0,31.0,21.8,25.8,33.1,21.8,26.6,20.3
Princes Town,2023-02-28,70.5,0.0,16.1,106.8,1014.8,26.3,6.7,233.7,20.1,22824,65743,0,31.0,22.8,26.4,32.4,22.8,27.1,20.2
Princes Town,2023-03-01,69.4,0.0,13.9,104.1,1014.5,40.2,6.7,235.2,20.3,22795,65749,0,31.0,23.0,26.7,33.7,23.0,27.7,20.4
Princes Town,2023-03-02,71.4,0.0,16.1,95.3,1013.3,34.0,6.5,238.7,20.6,22767,65753,0,31.0,22.7,26.4,33.1,22.7,27.2,20.5
Princes Town,2023-03-03,69.2,0.0,29.1,110.1,1013.0,29.1,6.5,266.9,22.9,22737,65757,0,31.1,22.9,26.6,32.5,22.9,27.2,20.1
Princes Town,2023-03-04,71.4,0.0,20.8,99.9,1013.4,39.6,6.4,244.9,21.2,22708,65761,0,31.0,23.0,26.5,31.9,23.0,27.1,20.6
Princes Town,2023-03-05,76.4,2.0065999999999997,17.2,104.5,1013.5,43.6,6.3,263.9,22.7,22677,65765,1,30.0,23.0,25.9,32.6,23.0,26.8,21.3
Princes Town,2023-03-06,73.6,0.0,17.2,105.7,1013.2,32.7,6.6,272.4,23.5,22647,65768,0,31.0,22.0,26.1,33.5,22.0,26.9,20.6
Princes Town,2023-03-07,75.9,0.0,17.2,102.8,1012.5,45.6,6.6,244.8,21.1,22616,65770,0,30.1,22.0,25.9,32.7,22.0,26.9,21.1
Princes Town,2023-03-08,73.2,0.0,12.8,113.6,1012.1,41.6,6.3,238.5,20.7,22584,65773,0,31.0,24.0,26.8,32.6,24.0,27.6,21.3
Princes Town,2023-03-09,74.4,0.0,13.9,112.9,1012.1,48.4,6.3,259.3,22.4,22552,65775,0,31.0,23.0,26.7,33.7,23.0,27.8,21.4
Princes Town,2023-03-10,73.1,0.0,13.9,107.5,1012.9,42.8,7.0,216.6,18.6,22520,65776,0,32.0,23.0,27.1,34.2,23.0,28.0,21.3
Princes Town,2023-03-11,75.1,1.1938,13.9,102.7,1013.0,50.6,6.4,223.7,19.2,22487,65778,1,31.0,24.0,26.9,33.1,24.0,27.9,21.8
Princes Town,2023-03-12,70.9,0.0,17.2,110.8,1014.4,38.4,6.8,242.0,20.9,22454,65779,0,31.0,23.9,26.8,32.4,23.9,27.7,20.7
Princes Town,2023-03-13,68.2,0.0,15.0,100.1,1015.2,35.5,6.9,270.1,23.5,22421,65780,0,31.1,24.0,26.8,32.4,24.0,27.4,20.1
Princes Town,2023-03-14,68.7,0.0,17.2,97.9,1015.5,38.4,6.7,278.2,24.0,22387,65780,0,31.0,22.0,26.4,32.4,22.0,26.9,19.7
Princes Town,2023-03-15,68.5,0.0,17.2,104.4,1013.9,35.5,6.6,269.0,23.4,22353,65781,0,31.8,21.0,26.2,32.6,21.0,26.7,19.3
Princes Town,2023-03-16,68.6,0.0,18.3,106.1,1013.1,35.8,6.7,269.5,23.2,22319,65781,0,31.2,22.0,26.6,32.2,22.0,27.3,19.9
Princes Town,2023-03-17,67.5,0.0,16.1,102.8,1013.3,27.3,6.1,264.9,22.8,22284,65781,0,31.1,23.0,26.6,31.4,23.0,27.0,19.4
Princes Town,2023-03-18,59.3,0.0,20.8,93.3,1014.4,25.5,6.4,298.6,25.9,22250,65780,0,31.0,20.9,26.2,30.3,20.9,26.0,16.7
Princes Town,2023-03-19,68.4,2.0065999999999997,21.9,99.0,1014.6,39.9,6.5,244.1,21.1,22215,65780,1,31.0,21.9,25.8,32.4,21.9,26.3,19.2
Princes Town,2023-03-20,71.2,0.3048,18.3,95.2,1015.0,63.7,6.3,220.9,18.9,22180,65780,1,29.2,22.9,25.8,30.8,22.9,26.3,19.9
Princes Town,2023-03-21,65.5,0.0,18.3,95.0,1014.9,38.9,6.5,261.2,22.5,22145,65779,0,31.0,22.0,26.3,31.9,22.0,26.7,18.9
Princes Town,2023-03-22,66.3,0.0,162.4,93.4,1013.9,35.0,6.8,267.3,22.9,22110,65778,0,31.8,21.0,26.1,32.1,21.0,26.4,18.8
Princes Town,2023-03-23,68.8,0.0,12.8,97.1,1013.4,45.4,6.5,236.4,20.4,22075,65777,0,31.0,21.0,25.8,31.7,21.0,26.3,19.1
Princes Town,2023-03-24,67.9,0.0,11.4,103.6,1012.6,48.9,6.4,258.6,22.4,22040,65777,0,32.0,21.0,26.4,33.2,21.0,26.9,19.4
Princes Town,2023-03-25,70.7,0.2032,18.3,97.0,1013.3,40.9,7.0,255.8,22.2,22005,65776,1,31.8,20.9,26.2,33.8,20.9,26.9,20.2
Princes Town,2023-03-26,64.2,0.0,18.3,98.4,1014.5,40.1,6.9,260.2,22.5,21969,65775,0,31.0,23.0,27.0,33.1,23.0,27.5,19.3
Princes Town,2023-03-27,65.6,0.0,20.8,93.5,1014.4,35.9,6.8,265.1,22.8,21934,65774,0,31.1,21.8,26.8,32.4,21.8,27.4,19.3
Princes Town,2023-03-28,62.2,0.0,18.3,98.8,1013.8,36.4,7.1,265.2,23.1,21899,65773,0,31.8,23.2,26.9,31.9,23.2,27.2,18.5
Princes Town,2023-03-29,68.5,0.0,16.1,101.9,1013.4,50.3,6.1,258.6,22.4,21864,65772,0,31.0,21.0,25.8,32.4,21.0,26.4,19.2
Princes Town,2023-03-30,67.6,2.0065999999999997,18.3,93.7,1013.9,40.3,5.9,213.5,18.4,21829,65771,1,32.0,23.0,27.2,33.5,23.0,27.9,20.2
Princes Town,2023-03-31,69.4,0.0,19.7,90.2,1014.4,47.0,6.2,151.2,13.1,21794,65770,0,31.0,25.0,26.8,32.4,25.0,27.5,20.6
Princes Town,2023-04-01,73.4,0.1016,20.8,102.2,1014.3,46.3,6.6,238.1,20.5,21759,65769,1,31.0,25.0,26.8,33.7,25.0,27.7,21.5
Princes Town,2023-04-02,70.6,0.0,18.3,112.5,1013.9,44.7,6.2,231.9,20.1,21724,65768,0,31.0,25.0,27.3,33.1,25.0,28.3,21.3
Princes Town,2023-04-03,65.5,0.0,17.2,109.5,1013.0,40.8,6.4,274.9,23.9,21690,65768,0,32.6,25.0,27.6,33.6,25.0,28.3,20.2
Princes Town,2023-04-04,68.0,0.0,16.1,105.7,1012.1,32.4,5.4,254.6,22.1,21655,65767,0,32.0,24.0,27.5,33.5,24.0,28.5,20.7
Princes Town,2023-04-05,71.7,0.9905999999999999,17.2,108.0,1011.8,46.4,6.1,260.8,22.4,21621,65767,1,31.1,24.0,27.1,33.1,24.0,28.0,21.1
Princes Town,2023-04-06,68.0,0.0,18.3,110.2,1011.6,36.1,6.0,284.9,24.6,21587,65767,0,32.0,24.0,27.2,33.5,24.0,27.9,20.3
Princes Town,2023-04-07,68.0,0.0,18.3,106.7,1012.3,43.8,5.0,272.4,23.5,21554,65767,0,32.0,24.0,27.3,32.9,24.0,27.9,20.4
Princes Town,2023-04-08,74.3,0.508,17.2,99.6,1013.4,50.3,5.6,243.2,21.0,21520,65767,1,31.0,23.2,26.2,34.1,23.2,27.0,20.9
Princes Town,2023-04-09,76.3,0.6096,16.1,99.3,1013.8,46.1,6.5,168.9,14.4,21487,65767,1,31.0,23.0,26.6,34.6,23.0,27.7,21.7
Princes Town,2023-04-10,73.4,0.0,16.1,112.6,1013.4,49.1,7.0,204.0,17.7,21455,65767,0,31.2,24.0,27.2,34.1,24.0,28.4,21.7
Princes Town,2023-04-11,70.7,0.0,16.1,105.6,1012.2,38.0,6.7,242.7,20.8,21422,65768,0,32.0,24.0,27.6,34.9,24.0,28.9,21.4
Princes Town,2023-04-12,64.0,0.0,17.2,101.0,1011.6,30.6,6.6,302.8,26.1,21390,65769,0,32.0,23.0,27.4,32.9,23.0,27.9,19.4
Princes Town,2023-04-13,63.8,0.0,15.0,98.6,1010.7,50.0,6.1,255.6,22.2,21359,65770,0,33.0,22.1,27.3,34.0,22.1,27.9,19.3
Princes Town,2023-04-14,69.9,0.0,17.2,106.9,1011.2,39.6,6.0,260.3,22.6,21327,65772,0,32.2,23.0,27.3,35.1,23.0,28.6,21.1
Princes Town,2023-04-15,65.5,0.0,19.7,102.3,1012.6,47.2,7.1,204.4,17.5,21296,65773,0,31.0,24.9,27.7,32.8,24.9,28.7,20.4
Princes Town,2023-04-16,64.4,0.0,18.3,96.1,1012.5,42.6,6.6,246.8,21.4,21266,65775,0,32.0,24.8,27.7,32.9,24.8,28.6,20.1
Princes Town,2023-04-17,67.1,0.0,18.3,94.3,1011.2,46.3,6.3,246.4,21.3,21236,65777,0,32.0,22.9,27.4,34.2,22.9,28.4,20.4
Princes Town,2023-04-18,63.3,0.0,17.2,100.9,1011.3,40.6,6.3,270.3,23.5,21206,65780,0,32.0,22.9,27.6,33.2,22.9,28.2,19.4
Princes Town,2023-04-19,66.1,0.0,17.2,109.3,1012.3,38.0,6.2,263.2,22.8,21177,65783,0,33.0,24.0,28.0,34.6,24.0,29.3,20.7
Princes Town,2023-04-20,70.8,0.0,20.8,107.7,1012.3,47.3,6.1,210.3,18.2,21149,65786,0,32.0,25.0,28.2,34.9,25.0,30.2,22.2
Princes Town,2023-04-21,71.3,0.0,20.8,106.6,1010.7,48.7,5.7,160.5,13.8,21121,65789,0,32.0,26.1,28.2,34.9,26.1,30.8,22.3
Princes Town,2023-04-22,74.2,0.0,16.1,108.7,1009.1,49.1,5.9,200.4,17.4,21093,65793,0,31.0,25.8,27.9,34.6,25.8,30.2,22.8
Princes Town,2023-04-23,85.5,6.8072,11.4,114.8,1010.4,58.4,6.0,103.9,9.0,21067,65797,1,28.0,24.8,26.0,31.3,24.8,26.9,23.4
Princes Town,2023-04-24,86.8,27.000199999999996,11.4,95.1,1010.9,65.1,6.3,156.8,13.5,21040,65802,1,30.0,24.0,25.9,33.6,24.0,26.8,23.4
Princes Town,2023-04-25,90.8,50.596799999999995,9.2,102.3,1012.7,56.1,5.3,65.1,5.7,21015,65807,1,26.2,23.0,24.7,26.2,23.0,24.7,23.1
Princes Town,2023-04-26,90.9,51.9938,10.3,103.8,1012.6,59.8,5.8,164.9,14.2,20989,65812,1,28.0,23.0,25.1,31.9,23.0,26.0,23.5
Princes Town,2023-04-27,89.5,2.3114,13.9,109.9,1012.7,43.3,6.6,163.5,14.2,20965,65817,1,29.0,24.0,26.1,34.6,24.0,27.6,24.2
Princes Town,2023-04-28,77.3,0.0,11.4,123.5,1012.5,37.8,6.6,245.9,21.5,20941,65823,0,33.0,24.0,27.9,37.1,24.0,30.2,23.2
Princes Town,2023-04-29,74.5,0.0,15.0,116.7,1013.4,37.5,7.1,272.1,23.4,20918,65830,0,32.1,24.8,27.9,35.6,24.8,29.7,22.6
Princes Town,2023-04-30,73.8,0.0,15.0,107.2,1014.1,46.6,6.9,286.0,24.7,20895,65836,0,31.1,25.0,27.9,34.6,25.0,30.0,22.6
Princes Town,2023-05-01,73.4,0.0,15.0,101.8,1013.8,39.6,6.9,292.4,25.3,20873,65843,0,31.1,24.0,27.7,34.2,24.0,29.1,22.1
Princes Town,2023-05-02,70.4,0.0,13.9,107.6,1013.4,28.5,7.1,302.8,26.2,20852,65851,0,32.0,23.7,27.5,34.2,23.7,28.6,21.2
Princes Town,2023-05-03,72.4,0.0,15.0,117.3,1012.4,34.5,6.7,290.1,25.1,20832,65859,0,32.0,23.8,27.6,34.5,23.8,29.1,21.8
Princes Town,2023-05-04,70.8,0.0,17.2,115.7,1014.1,28.0,6.7,292.1,25.3,20812,65867,0,32.0,24.0,27.7,33.9,24.0,28.7,21.4
Princes Town,2023-05-05,71.8,0.0,17.2,110.5,1014.0,45.8,6.4,263.3,22.8,20793,65875,0,31.0,23.7,27.4,33.7,23.7,28.7,21.6
Princes Town,2023-05-06,69.7,0.0,17.2,101.4,1013.7,42.4,6.6,268.0,23.1,20774,65884,0,31.0,25.8,27.8,33.7,25.8,29.3,21.6
Princes Town,2023-05-07,72.3,0.0,16.1,103.3,1013.1,40.5,6.5,264.6,22.8,20757,65894,0,32.0,24.9,28.1,35.8,24.9,30.1,22.4
Princes Town,2023-05-08,76.4,0.1016,18.3,110.3,1013.1,53.5,6.3,271.7,23.4,20740,65904,1,32.0,25.0,28.1,36.8,25.0,30.8,23.4
Princes Town,2023-05-09,71.2,0.0,19.7,103.6,1013.9,48.6,6.1,281.8,24.4,20724,65914,0,32.0,26.0,28.2,35.8,26.0,30.4,22.3
Princes Town,2023-05-10,72.5,0.4064,16.1,107.5,1013.7,36.3,6.6,283.5,24.4,20708,65924,1,31.2,24.9,27.6,34.6,24.9,29.0,21.9
Princes Town,2023-05-11,73.6,0.0,15.0,111.5,1013.0,34.3,6.6,271.2,23.4,20694,65935,0,32.9,23.8,27.8,52.9,23.8,30.3,22.3
Princes Town,2023-05-12,72.8,0.0,15.0,102.1,1013.1,41.2,6.1,261.4,22.5,20680,65946,0,31.8,25.8,28.2,34.7,25.8,30.2,22.6
Princes Town,2023-05-13,72.2,0.0,16.1,106.4,1013.6,43.3,6.5,270.2,23.3,20667,65958,0,32.2,25.0,28.2,35.3,25.0,30.1,22.4
Princes Town,2023-05-14,72.0,0.0,13.9,95.1,1014.7,47.7,6.6,260.4,22.5,20655,65970,0,32.0,25.0,28.2,34.9,25.0,29.9,22.3
Princes Town,2023-05-15,72.9,0.0,15.0,110.7,1014.5,46.8,6.7,243.2,21.0,20643,65982,0,32.0,25.9,28.5,35.8,25.9,30.9,22.9
Princes Town,2023-05-16,75.4,0.0,14.4,110.1,1013.3,38.2,6.7,239.4,20.7,20633,65995,0,32.0,25.9,28.4,37.9,25.9,31.4,23.4
Princes Town,2023-05-17,72.8,0.0,14.1,111.8,1012.8,38.0,6.7,250.5,21.7,20623,66008,0,32.0,24.8,28.3,36.8,24.8,30.6,22.7
Princes Town,2023-05-18,75.0,0.0,17.2,118.3,1013.0,43.6,6.8,254.8,22.0,20614,66021,0,33.0,24.0,28.2,37.1,24.0,30.7,23.1
Princes Town,2023-05-19,73.2,0.0,17.2,115.1,1012.6,44.7,7.0,229.5,19.8,20605,66035,0,32.1,25.8,28.4,36.8,25.8,30.9,23.1
Princes Town,2023-05-20,78.1,0.9905999999999999,17.2,103.9,1011.4,56.2,6.8,222.3,19.1,20598,66048,1,31.0,26.0,27.8,35.5,26.0,30.5,23.5
Princes Town,2023-05-21,88.5,5.2832,12.8,110.1,1010.8,56.8,6.3,145.6,12.6,20591,66063,1,29.0,25.0,26.3,33.6,25.0,27.7,24.3
Princes Town,2023-05-22,89.7,20.9804,8.2,98.5,1012.0,52.1,6.2,55.4,4.8,20585,66077,1,30.0,24.2,25.8,35.1,24.2,26.6,23.9
Princes Town,2023-05-23,82.9,0.889,9.2,113.6,1011.8,60.2,7.3,184.4,15.8,20580,66092,1,32.0,24.8,27.6,37.9,24.8,30.3,24.2
Princes Town,2023-05-24,78.1,0.1016,12.8,106.4,1010.7,45.2,8.6,238.5,20.6,20576,66107,1,32.7,24.9,28.2,38.6,24.9,30.8,23.7
Princes Town,2023-05-25,76.9,0.0,12.8,117.5,1010.2,41.7,7.0,235.5,20.3,20572,66122,0,33.0,25.0,28.6,38.1,25.0,31.7,23.8
Princes Town,2023-05-26,81.6,0.3048,13.9,111.8,1011.9,43.1,7.0,192.3,16.4,20570,66137,1,32.0,25.0,27.9,37.9,25.0,31.1,24.3
Princes Town,2023-05-27,84.6,4.419599999999999,11.4,119.0,1012.9,53.5,6.3,238.7,20.5,20568,66152,1,31.0,25.0,27.3,36.6,25.0,29.4,24.3
Princes Town,2023-05-28,90.9,50.291999999999994,10.3,112.6,1012.9,66.5,4.9,216.8,18.7,20566,66168,1,27.8,24.8,25.9,33.0,24.8,26.8,24.3
Princes Town,2023-05-29,87.9,22.1234,11.4,96.3,1011.8,61.7,5.9,199.9,17.3,20566,66184,1,29.7,24.9,26.3,34.6,24.9,27.4,24.1
Princes Town,2023-05-30,81.5,8.001,11.4,101.8,1012.0,50.5,6.9,237.1,20.5,20566,66200,1,31.0,24.9,27.7,37.8,24.9,30.9,24.1
Princes Town,2023-05-31,89.0,10.998199999999999,13.9,96.5,1014.1,53.3,6.2,197.1,17.0,20567,66216,1,28.8,25.0,26.2,34.2,25.0,27.3,24.2
Princes Town,2023-06-01,86.0,8.0772,16.1,114.4,1013.1,47.7,6.7,235.7,20.2,20569,66232,1,31.1,25.0,27.2,37.4,25.0,29.6,24.5
Princes Town,2023-06-02,91.0,0.2032,13.9,103.2,1011.8,51.2,6.4,141.2,12.2,20571,66248,1,30.1,24.1,26.1,37.6,24.1,27.2,24.4
Princes Town,2023-06-03,87.4,8.001,11.4,104.8,1012.1,45.1,7.0,193.0,16.6,20575,66264,1,30.0,24.8,26.7,36.2,24.8,28.9,24.4
Princes Town,2023-06-04,89.5,13.9954,11.4,119.8,1012.6,48.9,6.2,217.7,18.8,20578,66281,1,30.0,25.0,26.9,37.4,25.0,29.5,24.9
Princes Town,2023-06-05,81.1,0.9905999999999999,11.4,120.4,1013.2,45.4,7.4,245.2,21.2,20583,66297,1,32.0,25.0,28.3,39.2,25.0,31.4,24.4
Princes Town,2023-06-06,79.5,0.2032,13.9,113.7,1013.6,45.2,7.4,248.8,21.4,20588,66313,1,32.0,25.0,28.1,37.9,25.0,30.5,23.9
Princes Town,2023-06-07,77.7,0.0,19.7,106.8,1013.8,40.8,6.8,252.6,21.8,20594,66330,0,32.2,24.2,28.4,39.2,24.2,31.7,23.9
Princes Town,2023-06-08,76.6,4.699,23.0,109.5,1014.2,43.5,6.3,271.6,23.4,20600,66346,1,32.0,25.0,28.6,37.8,25.0,31.9,23.8
Princes Town,2023-06-09,78.3,2.0065999999999997,15.0,109.5,1014.4,52.9,6.5,247.2,21.4,20607,66362,1,32.7,25.0,28.6,37.7,25.0,32.1,24.2
Princes Town,2023-06-10,82.7,7.492999999999999,17.2,106.2,1013.8,43.0,6.9,234.2,20.2,20615,66378,1,32.0,24.9,27.7,37.9,24.9,29.9,24.2
Princes Town,2023-06-11,85.8,14.808199999999998,13.4,123.4,1013.6,49.1,6.2,180.1,15.6,20623,66394,1,32.0,24.9,27.3,37.9,24.9,29.7,24.6
Princes Town,2023-06-12,92.7,39.9034,11.4,100.3,1013.6,49.6,6.2,172.4,14.8,20632,66409,1,28.7,24.0,25.7,34.1,24.0,26.2,24.4
Princes Town,2023-06-13,83.6,5.0038,16.1,113.5,1013.4,39.9,6.8,236.7,20.4,20641,66425,1,31.0,25.0,27.6,36.6,25.0,30.7,24.4
Princes Town,2023-06-14,85.6,10.7188,15.0,106.8,1013.5,43.7,6.3,194.3,16.6,20651,66440,1,31.0,25.0,27.1,37.4,25.0,29.2,24.3
Princes Town,2023-06-15,79.3,0.3048,21.9,109.6,1013.7,55.2,6.7,209.6,18.3,20661,66455,1,32.0,25.0,28.3,37.6,25.0,31.4,24.2
Princes Town,2023-06-16,76.9,0.1016,18.3,103.7,1014.5,45.6,6.4,214.2,18.3,20672,66470,1,32.0,26.0,28.6,37.9,26.0,32.3,23.9
Princes Town,2023-06-17,80.3,5.0038,12.8,117.1,1014.6,44.7,6.7,236.3,20.5,20683,66484,1,32.0,25.0,27.6,36.8,25.0,29.9,23.7
Princes Town,2023-06-18,80.2,1.2953999999999999,13.9,108.7,1014.8,42.3,7.1,181.8,15.8,20695,66499,1,31.0,24.7,27.6,36.6,24.7,30.2,23.7
Princes Town,2023-06-19,77.2,0.0,11.4,115.0,1014.9,49.1,7.0,217.5,19.0,20707,66512,0,32.0,24.0,27.7,36.8,24.0,29.8,23.0
Princes Town,2023-06-20,84.5,7.010400000000001,17.2,123.0,1013.5,41.7,6.9,253.9,21.9,20719,66526,1,30.0,23.0,26.4,35.1,23.0,28.4,23.5
Princes Town,2023-06-21,83.2,0.9905999999999999,12.8,109.8,1011.9,46.3,7.1,219.0,18.9,20732,66539,1,32.0,24.0,27.8,37.9,24.0,31.1,24.4
Princes Town,2023-06-22,83.0,0.508,8.1,95.4,1011.4,65.0,7.6,206.4,17.9,20745,66552,1,32.7,25.8,27.6,38.6,25.8,29.9,24.3
Princes Town,2023-06-23,89.5,18.9992,17.2,102.6,1012.2,60.7,6.5,206.1,17.6,20759,66564,1,29.0,24.0,25.8,32.8,24.0,26.4,23.9
Princes Town,2023-06-24,78.4,0.0,11.4,109.4,1012.7,36.9,6.6,233.5,20.1,20772,66576,0,32.0,25.0,28.1,36.5,25.0,30.6,23.7
Princes Town,2023-06-25,76.7,0.0,12.8,102.7,1012.9,29.3,7.4,242.0,20.9,20786,66587,0,32.0,23.9,27.9,36.2,23.9,30.6,23.2
Princes Town,2023-06-26,76.7,0.0,11.4,118.3,1012.4,38.1,7.1,251.5,21.6,20801,66598,0,32.0,25.0,28.4,37.8,25.0,31.2,23.7
Princes Town,2023-06-27,92.2,23.6982,16.1,86.9,1012.0,54.5,6.7,134.8,11.6,20815,66609,1,30.2,24.0,25.6,36.2,24.0,26.3,24.2
Princes Town,2023-06-28,90.2,3.9878,9.2,113.4,1012.7,45.8,7.0,200.7,17.3,20830,66619,1,30.0,24.0,26.6,37.4,24.0,29.1,24.8
Princes Town,2023-06-29,81.9,0.4064,15.0,118.3,1013.7,44.4,6.2,257.4,22.4,20845,66628,1,32.0,24.9,27.9,37.8,24.9,30.8,24.2
Princes Town,2023-06-30,84.7,2.0065999999999997,16.1,117.5,1013.7,50.9,6.6,228.9,19.8,20860,66637,1,31.0,24.8,27.4,36.6,24.8,30.2,24.4
Princes Town,2023-07-01,83.7,7.188199999999999,11.4,134.2,1012.8,50.2,7.1,215.5,18.5,20875,66645,1,32.0,25.0,28.1,37.9,25.0,31.7,24.9
Princes Town,2023-07-02,80.0,6.2992,12.8,114.2,1012.3,41.8,6.8,244.4,21.1,20890,66652,1,33.0,25.0,28.4,39.3,25.0,31.6,24.3
Princes Town,2023-07-03,83.6,18.9992,11.3,109.4,1011.9,46.9,6.5,231.4,19.7,20905,66659,1,32.2,25.0,27.7,38.4,25.0,30.2,24.4
Princes Town,2023-07-04,90.0,16.002,14.8,117.1,1014.3,48.7,5.8,75.9,6.6,20920,66665,1,29.0,23.8,26.3,35.6,23.8,28.6,24.6
Princes Town,2023-07-05,75.5,0.0,15.0,107.0,1014.9,41.0,5.3,272.4,23.5,20936,66671,0,33.0,26.0,28.7,38.1,26.0,32.3,23.7
Princes Town,2023-07-06,82.6,0.0,16.1,105.3,1013.3,36.9,6.4,264.0,22.7,20951,66676,0,31.8,24.0,27.7,40.7,24.0,31.2,24.3
Princes Town,2023-07-07,85.3,4.699,12.8,126.0,1012.7,52.8,6.3,235.6,20.5,20966,66680,1,33.0,24.9,27.1,38.1,24.9,29.2,24.1
Princes Town,2023-07-08,85.8,0.7111999999999999,15.0,105.2,1013.8,47.7,6.4,190.5,16.6,20981,66683,1,30.8,25.0,26.8,34.9,25.0,28.2,24.1
Princes Town,2023-07-09,83.3,6.604,17.2,85.1,1013.7,46.5,6.3,212.2,18.2,20997,66686,1,33.0,24.0,28.2,43.8,24.0,32.0,24.8
Princes Town,2023-07-10,88.6,11.9888,12.8,102.4,1012.5,53.5,6.5,212.9,18.4,21012,66688,1,30.7,25.2,27.2,40.2,25.2,30.3,25.2
Princes Town,2023-07-11,87.0,6.985,12.8,121.2,1012.7,44.9,6.6,258.2,22.1,21027,66689,1,32.0,25.0,27.6,39.6,25.0,30.6,25.1
Princes Town,2023-07-12,83.7,0.2032,15.0,106.4,1012.3,52.4,7.2,244.4,21.2,21042,66690,1,32.0,25.0,27.9,39.2,25.0,31.3,24.7
Princes Town,2023-07-13,82.9,0.0,16.1,105.5,1011.1,46.3,6.7,237.7,20.3,21056,66689,0,32.0,25.2,28.4,39.2,25.2,32.7,25.1
Princes Town,2023-07-14,88.6,18.008599999999998,15.0,115.9,1011.6,47.0,6.7,182.6,15.9,21071,66688,1,32.0,25.8,27.4,40.7,25.8,30.6,25.3
Princes Town,2023-07-15,85.5,16.002,11.4,108.6,1012.1,48.4,7.2,184.4,15.9,21085,66686,1,32.0,24.8,27.6,40.7,24.8,30.9,24.8
Princes Town,2023-07-16,79.4,0.0,13.9,117.9,1012.1,34.5,7.2,247.7,21.5,21099,66684,0,32.0,25.0,28.7,39.2,25.0,32.8,24.6
Princes Town,2023-07-17,86.7,6.1975999999999996,13.9,109.7,1013.8,44.5,6.7,231.4,19.9,21113,66680,1,31.0,25.0,27.7,39.1,25.0,31.2,25.2
Princes Town,2023-07-18,85.9,5.0038,9.2,123.6,1015.2,38.9,6.9,198.8,17.0,21127,66676,1,32.0,24.9,27.3,39.2,24.9,29.7,24.6
Princes Town,2023-07-19,89.6,12.014199999999999,12.8,128.2,1016.8,53.0,6.7,158.1,13.6,21140,66671,1,31.8,24.8,26.7,39.1,24.8,28.7,24.8
Princes Town,2023-07-20,84.6,0.0,12.8,112.2,1015.7,46.5,8.8,238.9,20.7,21153,66665,0,32.0,24.0,27.9,39.3,24.0,31.9,24.9
Princes Town,2023-07-21,83.7,0.2032,13.9,113.8,1014.0,42.4,6.6,259.7,22.6,21166,66658,1,32.1,24.9,27.9,40.7,24.9,31.4,24.8
Princes Town,2023-07-22,87.2,9.9822,16.1,112.3,1014.1,47.5,6.3,258.4,22.4,21178,66650,1,30.0,25.0,27.3,37.4,25.0,30.3,24.9
Princes Town,2023-07-23,82.0,0.0,15.0,108.8,1015.1,38.9,6.4,255.3,22.0,21191,66642,0,32.0,24.0,27.9,39.2,24.0,31.6,24.4
Princes Town,2023-07-24,93.9,7.9756,6.9,40.9,1014.4,52.7,6.6,203.3,17.4,21202,66633,1,28.0,24.9,25.9,33.6,24.9,27.3,24.8
Princes Town,2023-07-25,89.6,17.703799999999998,16.1,101.0,1012.9,43.3,6.7,174.0,15.0,21214,66623,1,31.0,24.0,26.7,39.1,24.0,29.1,24.8
Princes Town,2023-07-26,91.6,57.0992,12.8,106.3,1013.0,50.7,6.8,183.2,15.7,21225,66612,1,30.0,24.0,26.7,37.4,24.0,29.5,25.2
Princes Town,2023-07-27,89.2,5.0038,16.1,104.6,1013.1,57.3,6.7,246.6,21.2,21236,66600,1,32.0,24.0,27.4,40.7,24.0,30.6,25.3
Princes Town,2023-07-28,88.6,7.518399999999999,11.4,113.4,1014.0,56.6,7.4,215.9,18.7,21246,66587,1,31.0,25.9,27.6,39.1,25.9,31.1,25.5
Princes Town,2023-07-29,87.6,29.006799999999995,13.9,15.7,1014.6,59.1,6.9,231.9,20.2,21256,66574,1,32.1,24.8,27.1,40.0,24.8,29.6,24.7
Princes Town,2023-07-30,87.2,12.2936,12.8,146.8,1013.8,48.9,7.0,243.1,20.9,21266,66560,1,31.0,24.9,27.2,39.1,24.9,30.3,24.8
Princes Town,2023-07-31,82.3,0.0,10.3,128.3,1014.9,43.8,7.3,265.9,23.0,21275,66545,0,33.0,24.9,28.4,42.1,24.9,32.8,25.0
Princes Town,2023-08-01,78.3,0.0,12.8,117.3,1015.7,29.4,7.1,264.8,22.9,21284,66529,0,33.0,24.9,28.6,39.3,24.9,32.1,24.2
Princes Town,2023-08-02,85.2,23.0124,8.1,64.4,1014.6,38.0,6.9,230.0,19.8,21293,66512,1,32.0,25.0,27.4,40.7,25.0,30.6,24.6
Princes Town,2023-08-03,79.6,0.0,13.9,110.2,1013.2,33.1,7.5,243.3,21.1,21301,66494,0,33.0,24.0,28.4,40.6,24.0,31.8,24.3
Princes Town,2023-08-04,84.1,0.0,11.4,102.3,1013.9,37.7,7.4,205.2,17.8,21308,66476,0,31.1,24.7,27.7,39.1,24.7,31.3,24.7
Princes Town,2023-08-05,80.9,0.9905999999999999,13.9,101.1,1013.8,39.1,7.3,248.0,21.3,21316,66457,1,33.0,25.9,29.1,42.1,25.9,33.9,25.3
Princes Town,2023-08-06,78.2,0.0,12.8,104.6,1013.7,32.3,7.4,270.5,23.3,21322,66437,0,33.1,24.9,28.9,40.6,24.9,32.9,24.4
Princes Town,2023-08-07,83.6,3.9878,9.2,123.1,1014.0,40.5,6.9,253.7,21.8,21329,66417,1,33.0,24.9,28.3,42.1,24.9,32.8,25.1
Princes Town,2023-08-08,85.1,0.0,11.4,124.6,1014.3,46.1,6.8,257.8,22.1,21335,66395,0,31.7,25.0,28.0,40.7,25.0,32.0,25.2
Princes Town,2023-08-09,87.1,7.112,9.2,58.7,1013.5,45.5,7.2,215.1,18.6,21340,66373,1,30.8,25.0,26.9,37.4,25.0,29.4,24.5
Princes Town,2023-08-10,86.2,1.9811999999999999,16.1,117.7,1013.8,49.3,6.8,215.8,18.6,21345,66350,1,32.1,25.8,27.8,40.7,25.8,31.3,25.2
Princes Town,2023-08-11,84.1,7.7978,12.8,106.4,1013.3,42.2,6.9,245.6,21.3,21350,66327,1,33.0,25.0,28.3,40.7,25.0,32.7,25.3
Princes Town,2023-08-12,81.6,0.9905999999999999,16.1,119.3,1012.5,35.2,6.6,252.4,21.8,21354,66302,1,32.0,24.9,28.4,39.2,24.9,32.5,24.8
Princes Town,2023-08-13,80.9,0.0,18.3,112.6,1012.5,39.1,6.8,216.4,18.7,21358,66277,0,32.0,25.2,28.6,40.7,25.2,32.9,24.8
Princes Town,2023-08-14,82.7,8.001,11.4,80.7,1010.9,53.8,6.6,206.9,17.8,21362,66252,1,32.0,25.0,28.6,40.7,25.0,32.8,25.2
Princes Town,2023-08-15,87.1,0.9905999999999999,18.3,96.3,1010.5,45.0,6.5,192.3,16.7,21365,66226,1,30.1,24.8,26.3,36.5,24.8,27.3,23.9
Princes Town,2023-08-16,87.6,2.0065999999999997,11.4,116.1,1011.5,42.1,6.2,139.8,12.1,21367,66199,1,30.2,24.0,26.3,36.7,24.0,27.8,24.0
Princes Town,2023-08-17,86.5,10.795,11.4,201.7,1010.7,48.6,7.2,240.2,20.7,21370,66171,1,32.0,24.8,27.7,40.7,24.8,31.7,25.2
Princes Town,2023-08-18,86.8,2.9972,6.9,127.2,1008.5,45.4,6.4,200.1,17.2,21372,66143,1,32.0,24.9,27.5,40.7,24.9,30.7,25.0
Princes Town,2023-08-19,93.4,17.983199999999997,15.0,353.0,1007.4,46.3,6.0,125.3,10.7,21373,66114,1,29.2,24.0,25.8,35.7,24.0,26.7,24.7
Princes Town,2023-08-20,87.6,0.3048,12.8,108.3,1008.2,43.3,6.8,130.5,11.4,21374,66084,1,31.0,25.0,27.6,39.2,25.0,31.6,25.3
Princes Town,2023-08-21,80.3,0.0,13.9,111.5,1008.9,35.9,7.1,289.7,25.1,21375,66054,0,32.1,26.8,29.1,39.2,29.9,34.3,25.1
Princes Town,2023-08-22,79.9,0.508,13.9,119.6,1009.0,37.1,7.3,286.0,24.8,21375,66024,1,33.0,25.0,28.8,40.7,25.0,33.3,24.9
Princes Town,2023-08-23,84.9,3.9878,9.2,115.7,1010.2,47.4,7.0,219.3,18.8,21375,65993,1,32.0,27.0,29.0,40.8,31.2,35.5,26.1
Princes Town,2023-08-24,79.1,0.0,8.4,127.3,1011.0,41.7,7.0,231.4,20.1,21375,65961,0,33.2,27.0,29.6,42.1,30.3,35.7,25.4
Princes Town,2023-08-25,80.7,10.998199999999999,16.1,146.6,1010.7,38.2,7.6,284.5,24.6,21375,65929,1,34.0,24.0,27.6,41.8,24.0,30.1,23.7
Princes Town,2023-08-26,82.1,0.0,10.3,121.6,1010.5,48.1,7.1,283.7,24.4,21374,65896,0,34.0,24.0,28.4,42.2,24.0,32.9,24.9
Princes Town,2023-08-27,77.8,0.0,12.8,124.8,1011.8,38.3,7.7,269.6,23.2,21372,65863,0,35.0,26.0,29.4,46.7,26.0,34.6,24.9
Princes Town,2023-08-28,77.7,0.0,13.9,121.1,1013.1,27.5,9.7,275.0,23.7,21371,65830,0,33.2,27.0,29.2,39.7,30.1,34.2,24.7
Princes Town,2023-08-29,90.7,20.0152,8.1,98.1,1013.9,43.5,6.8,140.4,12.2,21369,65796,1,28.1,24.0,25.9,32.9,24.0,26.7,24.2
Princes Town,2023-08-30,82.9,0.1016,11.4,127.5,1013.3,44.1,7.7,267.2,23.2,21367,65761,1,33.1,24.7,28.4,42.1,24.7,33.2,25.1
Princes Town,2023-08-31,82.8,2.9972,16.1,123.6,1012.9,40.8,7.1,267.8,23.2,21365,65727,1,32.2,25.0,28.2,40.7,25.0,31.8,24.8
Princes Town,2023-09-01,82.9,0.0,12.8,114.1,1012.8,42.7,7.1,236.4,20.4,21362,65691,0,33.0,24.9,28.3,40.7,24.9,32.3,24.9
Princes Town,2023-09-02,82.6,0.2032,16.1,123.9,1011.4,46.5,6.9,236.2,20.3,21359,65656,1,32.1,25.8,28.6,40.7,25.8,33.1,25.2
Princes Town,2023-09-03,83.2,0.0,11.4,121.0,1012.0,39.5,6.8,259.1,22.5,21356,65620,0,33.0,25.9,28.3,42.3,25.9,32.3,25.1
Princes Town,2023-09-04,82.5,0.9905999999999999,18.3,125.2,1013.0,39.1,6.7,263.5,22.8,21353,65584,1,32.0,25.0,28.2,40.7,25.0,32.4,24.9
Princes Town,2023-09-05,91.0,5.0038,12.8,98.8,1013.1,43.3,6.2,230.3,20.0,21349,65548,1,28.0,25.0,26.2,33.6,25.0,27.4,24.6
Princes Town,2023-09-06,86.5,0.2032,16.1,107.4,1012.5,43.3,6.8,242.5,21.0,21346,65511,1,31.0,25.0,27.6,40.7,25.0,31.3,25.1
Princes Town,2023-09-07,78.4,0.0,11.4,116.2,1011.1,37.8,7.2,274.9,23.8,21342,65474,0,33.0,24.9,28.2,39.2,24.9,31.1,23.8
Princes Town,2023-09-08,82.7,0.0,8.1,125.7,1010.9,37.4,7.0,266.3,23.1,21338,65437,0,33.0,23.8,28.1,42.1,23.8,32.2,24.6
Princes Town,2023-09-09,80.6,0.0,13.9,141.4,1011.7,32.4,7.0,292.5,25.3,21334,65399,0,33.0,24.7,28.7,40.6,24.7,32.9,24.8
Princes Town,2023-09-10,80.3,0.0,12.8,132.5,1011.8,35.0,7.0,265.3,22.8,21330,65362,0,33.0,25.0,29.0,40.7,25.0,33.8,25.1
Princes Town,2023-09-11,81.7,0.9905999999999999,16.1,129.9,1011.2,35.0,7.0,265.4,22.8,21326,65324,1,32.8,26.0,29.0,40.8,26.0,34.1,25.4
Princes Town,2023-09-12,79.4,0.0,11.4,135.1,1010.9,36.8,7.2,279.0,24.1,21321,65286,0,33.2,25.8,29.2,42.1,25.8,34.4,25.1
Princes Town,2023-09-13,81.0,0.0,12.8,136.4,1010.9,42.6,7.1,266.3,23.2,21317,65248,0,33.8,26.0,29.3,43.3,26.0,34.9,25.6
Princes Town,2023-09-14,79.4,0.0,11.4,129.2,1011.4,36.9,7.0,285.7,24.6,21312,65210,0,34.0,26.0,29.3,42.7,26.0,34.7,25.2
Princes Town,2023-09-15,77.8,0.0,12.8,126.1,1011.4,37.7,7.1,298.0,25.8,21308,65172,0,34.0,25.1,29.1,40.6,25.1,32.9,24.5
Princes Town,2023-09-16,75.8,0.0,11.4,130.4,1011.5,31.3,7.5,285.7,24.6,21303,65134,0,34.1,23.9,28.6,40.4,23.9,31.7,23.5
Princes Town,2023-09-17,74.1,0.0,11.4,131.8,1011.3,34.5,7.8,269.7,23.4,21299,65095,0,34.0,24.9,28.8,38.3,24.9,32.0,23.4
Princes Town,2023-09-18,77.6,0.0,11.4,123.3,1011.4,35.4,7.7,273.7,23.8,21294,65057,0,34.0,25.0,29.3,41.5,25.0,33.9,24.7
Princes Town,2023-09-19,76.8,0.0,11.4,134.9,1011.2,34.3,8.0,268.0,23.2,21290,65019,0,34.0,25.0,29.3,42.0,25.0,33.5,24.5
Princes Town,2023-09-20,77.5,0.0,16.1,81.7,1010.7,46.9,7.1,222.5,19.3,21285,64980,0,35.0,24.7,29.0,43.3,24.7,33.2,24.4
Princes Town,2023-09-21,82.0,5.9944,13.9,112.0,1010.3,45.0,7.0,221.7,19.2,21281,64942,1,33.0,25.0,28.0,40.6,25.0,31.2,24.5
Princes Town,2023-09-22,83.1,5.0038,8.1,113.1,1010.5,53.3,6.5,187.2,16.1,21277,64904,1,30.0,24.9,26.6,34.2,24.9,28.1,23.4
Princes Town,2023-09-23,79.8,10.0076,11.4,130.0,1010.7,41.0,7.2,251.7,21.8,21272,64866,1,32.0,25.0,28.1,39.2,25.0,31.0,24.1
Princes Town,2023-09-24,77.1,8.001,15.0,111.5,1011.5,45.2,6.9,261.2,22.7,21268,64828,1,33.0,26.0,28.9,38.1,26.0,33.0,24.2
Princes Town,2023-09-25,76.9,0.2032,12.8,115.5,1011.7,48.2,6.7,231.9,20.0,21264,64790,1,32.1,25.0,28.3,36.9,25.0,31.2,23.6
Princes Town,2023-09-26,74.4,0.4064,11.4,101.4,1010.7,40.9,7.0,244.0,21.1,21261,64753,1,34.0,25.8,29.1,40.0,25.8,32.8,23.8
Princes Town,2023-09-27,80.2,0.4064,8.1,224.8,1009.3,40.8,7.0,255.1,22.1,21257,64715,1,33.0,24.0,27.9,40.8,24.0,31.1,23.9
Princes Town,2023-09-28,84.1,35.102799999999995,9.2,127.8,1008.8,38.0,6.5,262.6,22.6,21253,64678,1,33.0,24.0,27.6,42.1,24.0,30.9,24.5
Princes Town,2023-09-29,86.1,16.002,16.1,173.1,1009.4,43.1,6.9,243.2,21.0,21250,64641,1,33.0,25.0,28.2,44.2,25.0,32.6,25.5
Princes Town,2023-09-30,86.4,0.0,12.8,118.8,1009.0,47.8,6.8,260.9,22.5,21247,64604,0,34.0,25.0,27.9,47.3,25.0,31.9,25.3
Princes Town,2023-10-01,86.4,21.996399999999998,13.9,106.5,1008.5,60.7,6.5,233.7,20.2,21244,64568,1,33.1,24.8,27.6,44.1,24.8,31.5,25.0
Princes Town,2023-10-02,87.1,0.3048,9.2,132.2,1008.3,44.2,6.2,227.5,19.6,21242,64532,1,31.8,25.0,27.8,40.7,25.0,32.2,25.4
Princes Town,2023-10-03,83.9,0.0,9.2,133.3,1008.8,43.1,6.2,233.7,20.3,21240,64496,0,33.0,26.8,29.3,43.8,30.5,36.0,26.2
Princes Town,2023-10-04,80.4,0.0,13.9,125.0,1009.8,39.8,6.7,276.5,24.0,21238,64461,0,33.0,26.7,29.4,42.9,29.9,35.6,25.6
Princes Town,2023-10-05,92.1,0.508,9.2,115.5,1011.2,41.4,6.6,133.6,11.6,21236,64425,1,27.0,25.0,25.8,30.6,25.0,26.0,24.4
Princes Town,2023-10-06,86.4,4.3942,18.3,112.5,1011.7,45.7,6.9,104.3,9.0,21235,64391,1,32.0,25.0,27.3,40.7,25.0,30.3,24.8
Princes Town,2023-10-07,82.1,2.0065999999999997,12.8,121.6,1012.4,41.0,6.3,247.4,21.3,21234,64357,1,34.0,25.0,28.1,40.6,25.0,31.6,24.6
Princes Town,2023-10-08,81.4,0.1016,15.0,119.1,1011.5,31.1,6.8,241.3,20.9,21233,64323,1,33.0,25.9,29.2,42.1,25.9,34.8,25.5
Princes Town,2023-10-09,79.9,0.0,13.9,114.0,1011.8,38.5,6.9,229.9,20.0,21233,64289,0,33.0,26.0,29.4,42.1,26.0,35.3,25.4
Princes Town,2023-10-10,80.2,0.0,12.8,122.1,1011.6,38.2,7.1,221.3,19.1,21234,64257,0,32.2,25.9,28.9,40.7,25.9,33.9,25.1
Princes Town,2023-10-11,78.9,0.0,12.8,125.3,1010.9,33.4,7.4,242.5,21.0,21234,64224,0,33.1,24.1,28.6,40.7,24.1,32.3,24.3
Princes Town,2023-10-12,79.1,0.0,10.3,129.2,1010.6,36.2,7.0,263.4,22.7,21235,64192,0,33.0,25.0,28.6,40.6,25.0,32.3,24.4
Princes Town,2023-10-13,83.4,0.0,9.2,131.7,1010.2,37.7,7.4,264.3,22.8,21237,64161,0,33.0,24.0,28.6,44.3,24.0,34.0,25.4
Princes Town,2023-10-14,80.7,0.0,9.2,135.9,1011.0,32.0,8.1,271.7,23.2,21239,64131,0,34.0,25.9,29.0,42.0,25.9,33.7,25.2
Princes Town,2023-10-15,80.1,0.0,12.8,127.9,1011.5,43.4,7.2,262.0,22.6,21241,64100,0,34.0,25.0,28.9,42.1,25.0,33.6,24.9
Princes Town,2023-10-16,80.2,0.0,12.8,131.1,1011.5,35.3,7.3,234.5,20.2,21244,64071,0,34.0,25.0,29.2,43.6,25.0,34.1,25.2
Princes Town,2023-10-17,81.2,0.0,16.1,95.5,1011.2,45.4,8.0,224.7,19.5,21248,64042,0,32.7,25.0,28.1,40.4,25.0,31.6,24.5
Princes Town,2023-10-18,83.1,0.0,11.4,124.3,1010.7,52.8,8.4,231.5,20.0,21252,64014,0,33.1,24.4,28.2,42.2,24.4,32.3,24.9
Princes Town,2023-10-19,83.5,0.0,11.4,176.5,1010.2,61.9,9.4,217.1,18.7,21256,63987,0,32.8,24.9,28.1,41.9,24.9,32.1,24.9
Princes Town,2023-10-20,81.9,0.0,6.9,199.7,1009.4,73.9,9.1,235.9,20.5,21261,63960,0,32.8,24.1,28.6,41.4,24.1,33.4,25.0
Princes Town,2023-10-21,89.6,26.9748,13.9,153.7,1010.5,67.1,6.8,159.7,13.6,21267,63934,1,31.0,23.8,26.6,39.2,23.8,29.7,24.7
Princes Town,2023-10-22,84.8,0.0,6.9,150.4,1010.7,66.1,6.9,200.8,17.2,21273,63909,0,32.0,25.2,27.8,40.9,25.2,31.1,24.9
Princes Town,2023-10-23,84.8,11.9888,11.4,220.7,1010.7,60.2,7.9,231.7,20.1,21280,63885,1,33.0,25.0,27.3,40.4,25.0,29.9,24.4
Princes Town,2023-10-24,85.3,0.9905999999999999,5.8,144.5,1009.8,48.4,8.1,245.7,21.3,21288,63861,1,32.2,23.8,27.5,40.6,23.8,31.1,24.7
Princes Town,2023-10-25,87.6,10.0076,6.9,109.1,1008.8,51.8,8.2,237.4,20.8,21296,63838,1,33.9,24.8,26.8,41.5,24.8,28.8,24.4
Princes Town,2023-10-26,84.9,0.0,8.1,139.2,1008.5,62.8,8.3,111.8,9.7,21305,63816,0,30.9,24.9,27.3,37.8,24.9,30.2,24.4
Princes Town,2023-10-27,89.8,17.5006,8.1,115.6,1008.5,55.1,8.4,170.0,14.8,21314,63795,1,30.8,24.1,26.9,40.1,24.1,29.8,25.1
Princes Town,2023-10-28,82.8,0.0,10.3,125.6,1008.9,57.9,9.1,237.2,20.5,21324,63775,0,32.8,24.9,28.4,40.7,24.9,32.9,25.1
Princes Town,2023-10-29,79.7,0.0,12.8,120.9,1009.2,54.1,9.2,243.4,21.2,21335,63756,0,32.7,25.8,28.6,40.4,25.8,31.9,24.4
Princes Town,2023-10-30,82.8,19.9898,13.9,117.9,1010.1,65.0,9.6,243.8,20.9,21346,63737,1,32.8,25.2,28.5,41.9,25.2,33.4,25.2
Princes Town,2023-10-31,82.2,0.508,13.9,110.5,1009.8,50.9,10.5,222.6,19.3,21358,63720,1,32.7,26.2,28.8,41.4,26.2,34.1,25.4
Princes Town,2023-11-01,79.5,0.0,16.1,111.7,1009.2,38.9,9.0,234.7,20.1,21370,63703,0,32.2,25.0,28.2,40.6,25.0,31.7,24.1
Princes Town,2023-11-02,85.2,0.508,13.9,107.2,1009.8,45.2,7.7,188.9,16.3,21384,63687,1,31.0,24.9,26.9,38.8,24.9,28.6,24.1
Princes Town,2023-11-03,84.8,11.9888,13.9,126.9,1010.4,65.1,7.3,137.2,11.8,21398,63673,1,30.9,24.1,26.2,38.6,24.1,27.6,23.4
Princes Town,2023-11-04,79.9,0.3048,18.3,120.7,1010.1,65.3,8.3,204.9,17.7,21412,63659,1,31.7,23.8,26.7,36.7,23.8,28.1,22.7
Princes Town,2023-11-05,86.8,5.0038,18.3,119.0,1009.5,61.8,8.9,218.3,19.0,21428,63647,1,31.2,24.8,27.6,39.4,24.8,31.6,25.1
Princes Town,2023-11-06,89.1,21.005799999999997,15.0,118.2,1009.9,65.8,7.5,199.4,17.3,21444,63635,1,31.7,24.9,27.2,40.7,24.9,30.2,25.2
Princes Town,2023-11-07,90.2,27.000199999999996,11.4,113.4,1011.4,63.7,7.5,168.2,14.5,21460,63624,1,30.0,24.7,26.0,38.8,24.7,27.0,24.2
Princes Town,2023-11-08,82.9,0.0,13.9,120.3,1011.5,63.0,10.0,202.8,17.5,21478,63615,0,31.0,24.8,27.7,39.0,24.8,31.2,24.4
Princes Town,2023-11-09,82.8,0.0,12.3,95.3,1011.2,49.5,9.1,233.6,20.3,21496,63606,0,31.9,24.7,28.1,41.9,24.7,31.9,24.8
Princes Town,2023-11-10,93.1,16.891,9.2,111.1,1011.1,66.0,6.8,180.8,15.6,21515,63599,1,29.2,24.8,26.3,37.2,24.8,27.8,25.1
Princes Town,2023-11-11,87.6,7.416799999999999,17.2,96.7,1011.0,61.6,7.5,182.0,15.7,21534,63592,1,28.7,24.9,26.4,34.2,24.9,27.8,24.1
Princes Town,2023-11-12,82.9,14.020800000000001,19.7,102.1,1011.0,66.2,6.9,129.2,11.2,21554,63587,1,31.0,24.9,26.7,36.2,24.9,28.0,23.4
Princes Town,2023-11-13,89.5,15.620999999999999,18.3,98.1,1011.3,72.0,6.5,164.3,14.3,21575,63582,1,26.9,24.8,25.7,30.4,24.8,26.1,23.8
Princes Town,2023-11-14,79.9,7.518399999999999,16.1,104.1,1011.0,59.3,6.9,210.8,18.3,21596,63579,1,30.7,24.9,27.4,35.1,24.9,29.8,23.6
Princes Town,2023-11-15,83.5,9.9822,13.9,100.7,1010.9,52.8,8.4,217.1,18.7,21618,63577,1,30.8,24.1,26.9,36.6,24.1,29.2,23.8
Princes Town,2023-11-16,91.2,14.173200000000001,13.9,106.4,1011.1,70.5,6.8,168.7,14.5,21641,63576,1,28.9,25.1,26.3,36.2,25.1,27.6,24.7
Princes Town,2023-11-17,85.6,1.397,16.1,113.0,1011.4,51.0,6.5,205.5,17.6,21664,63576,1,30.8,25.8,28.0,38.8,25.8,31.9,25.3
Princes Town,2023-11-18,80.9,0.0,15.0,115.3,1011.5,31.7,5.0,202.9,17.9,21688,63577,0,31.2,26.1,28.1,38.1,26.1,31.4,24.4
Princes Town,2023-11-19,77.7,0.1016,11.4,120.5,1012.1,51.6,5.3,231.9,20.0,21712,63579,1,32.1,25.1,27.7,36.2,25.1,29.9,23.3
Princes Town,2023-11-20,86.2,2.0065999999999997,16.1,104.5,1010.7,58.8,5.0,205.4,17.8,21737,63582,1,30.8,24.8,27.2,38.4,24.8,30.3,24.7
Princes Town,2023-11-21,90.7,2.9972,10.3,115.6,1009.4,61.3,6.1,180.6,15.6,21763,63586,1,30.1,24.9,26.3,37.0,24.9,27.7,24.6
Princes Town,2023-11-22,86.3,0.0,13.9,115.1,1009.8,63.2,9.0,191.0,16.4,21789,63592,0,30.9,24.2,26.8,38.6,24.2,29.3,24.3
Princes Town,2023-11-23,88.7,0.6096,13.9,121.4,1011.8,47.7,8.1,185.1,16.0,21816,63598,1,31.2,24.0,27.0,39.4,24.0,29.9,24.9
Princes Town,2023-11-24,83.7,0.0,17.2,118.2,1013.2,33.6,8.7,214.2,18.5,21843,63606,0,31.2,24.9,27.7,37.4,24.9,30.2,24.4
Princes Town,2023-11-25,78.0,0.9905999999999999,13.9,115.5,1012.6,52.3,8.8,183.8,16.0,21870,63614,1,31.7,24.9,27.8,37.7,24.9,30.3,23.4
Princes Town,2023-11-26,83.7,31.978599999999997,13.9,106.2,1012.9,61.0,7.4,185.1,15.9,21899,63624,1,30.3,23.9,25.7,34.9,23.9,26.7,22.7
Princes Town,2023-11-27,80.0,0.1016,15.0,117.8,1012.8,42.8,7.8,232.4,20.0,21927,63634,1,31.0,23.7,26.9,35.5,23.7,29.3,23.1
Princes Town,2023-11-28,78.9,0.3048,13.9,121.4,1013.1,30.1,7.4,220.3,19.1,21956,63646,1,30.9,24.8,27.5,36.3,24.8,29.8,23.4
Princes Town,2023-11-29,75.9,0.0,16.1,116.7,1012.4,31.3,7.6,203.3,17.4,21985,63658,0,30.9,24.2,27.6,37.1,24.2,29.6,22.7
Princes Town,2023-11-30,77.7,0.0,16.1,114.0,1012.6,28.0,8.5,218.2,19.0,22015,63672,0,31.8,23.0,27.1,37.4,23.0,29.1,22.7
Princes Town,2023-12-01,76.6,5.6133999999999995,16.1,105.1,1013.0,39.8,8.4,211.0,18.1,22045,63687,1,30.8,24.1,26.9,37.2,24.1,28.7,22.4
Princes Town,2023-12-02,71.2,0.0,15.0,105.5,1012.8,30.1,10.0,200.4,17.3,22075,63702,0,31.1,24.9,27.5,35.6,24.9,28.9,21.6
Princes Town,2023-12-03,76.4,0.3048,16.1,98.3,1012.6,44.4,9.3,228.3,19.8,22106,63719,1,30.2,23.8,26.9,33.4,23.8,28.2,22.2
Princes Town,2023-12-04,74.7,0.1016,18.3,108.9,1012.9,36.1,8.5,226.3,19.5,22137,63736,1,31.0,24.9,27.3,34.6,24.9,28.9,22.3
Princes Town,2023-12-05,78.3,1.016,17.2,111.4,1012.5,35.0,8.5,170.7,14.7,22168,63754,1,30.9,24.8,27.4,34.6,24.8,29.3,23.1
Princes Town,2023-12-06,83.4,22.987,13.9,115.8,1011.9,67.9,5.9,137.1,11.7,22199,63774,1,29.3,24.1,25.7,33.1,24.1,26.3,22.7
Princes Town,2023-12-07,85.1,33.629599999999996,10.3,109.9,1012.8,73.2,6.7,145.1,12.6,22231,63794,1,28.2,24.0,25.4,31.4,24.0,26.1,22.7
Princes Town,2023-12-08,83.5,3.302,13.9,115.7,1013.1,69.0,7.2,105.6,9.2,22262,63815,1,29.2,24.7,26.0,33.1,24.7,26.7,22.9
Princes Town,2023-12-09,80.0,4.013199999999999,11.4,111.2,1012.6,63.3,6.7,180.2,15.6,22294,63836,1,30.2,24.2,26.8,34.3,24.2,28.3,23.0
Princes Town,2023-12-10,79.4,2.9972,13.9,113.5,1011.2,52.1,7.4,222.5,19.1,22326,63859,1,30.0,24.0,26.8,34.7,24.0,28.4,22.8
Princes Town,2023-12-11,79.2,0.2032,12.8,117.5,1010.8,54.1,7.5,180.0,15.7,22357,63882,1,30.1,24.2,26.7,33.3,24.2,28.0,22.6
Princes Town,2023-12-12,84.6,0.1016,9.2,109.1,1011.0,50.5,7.7,186.7,16.3,22389,63906,1,30.8,24.0,27.1,38.4,24.0,29.7,24.2
Princes Town,2023-12-13,80.9,2.0065999999999997,16.1,112.5,1010.2,60.4,7.8,158.7,13.8,22421,63931,1,30.0,24.0,26.7,34.2,24.0,28.3,23.0
Princes Town,2023-12-14,83.0,11.9888,13.9,107.6,1009.3,66.2,8.5,169.2,14.6,22453,63956,1,29.0,24.1,26.1,32.7,24.1,27.0,22.9
Princes Town,2023-12-15,80.0,0.0,11.4,116.1,1009.7,54.9,8.3,187.7,16.2,22484,63982,0,31.0,24.2,26.9,35.5,24.2,28.8,23.1
Princes Town,2023-12-16,82.3,0.0,11.4,122.4,1011.1,55.5,10.9,186.6,16.2,22515,64009,0,30.1,24.9,27.2,36.7,24.9,29.6,23.8
Princes Town,2023-12-17,77.2,0.0,13.9,115.4,1011.1,49.5,9.2,191.7,16.6,22547,64036,0,31.0,23.8,27.3,35.5,23.8,29.3,22.7
Princes Town,2023-12-18,76.7,0.0,9.2,135.4,1010.0,43.3,8.3,222.1,19.2,22578,64064,0,32.0,23.8,27.2,34.1,23.8,28.8,22.4
Princes Town,2023-12-19,79.3,0.7874,13.9,112.9,1009.3,41.8,7.7,201.1,17.3,22608,64093,1,30.9,23.1,26.5,34.6,23.1,28.2,22.4
Princes Town,2023-12-20,77.4,0.3048,9.2,135.9,1009.7,43.1,7.7,232.8,20.2,22639,64122,1,32.2,23.2,27.0,36.3,23.2,28.9,22.5
Princes Town,2023-12-21,77.2,0.0,13.9,124.2,1010.6,36.4,7.3,197.4,17.0,22669,64151,0,31.2,23.2,26.9,34.9,23.2,28.7,22.4
Princes Town,2023-12-22,80.3,0.0,11.4,123.3,1012.1,54.0,7.5,193.7,16.7,22699,64181,0,31.7,24.8,27.4,37.8,24.8,29.9,23.6
Princes Town,2023-12-23,86.2,0.0,12.8,120.7,1012.4,57.4,6.8,188.6,16.3,22728,64211,0,30.9,24.1,27.4,38.8,24.1,30.8,24.8
Princes Town,2023-12-24,81.4,0.0,9.2,116.1,1012.2,43.3,3.9,210.9,18.1,22758,64242,0,31.1,23.9,27.5,35.5,23.9,29.9,23.8
Princes Town,2023-12-25,80.5,0.0,12.8,105.8,1012.6,59.7,4.5,213.0,18.5,22786,64273,0,31.1,23.9,27.4,35.6,23.9,29.4,23.6
Princes Town,2023-12-26,75.9,0.0,10.3,120.6,1012.6,40.3,7.6,223.4,19.4,22814,64304,0,31.0,24.0,27.1,33.7,24.0,28.3,22.2
Princes Town,2023-12-27,78.1,0.0,9.2,128.6,1012.3,32.6,8.5,233.6,20.2,22842,64336,0,31.2,23.1,26.9,37.1,23.1,28.8,22.6
Princes Town,2023-12-28,84.4,2.0065999999999997,13.9,160.6,1012.1,43.5,8.7,211.2,18.2,22869,64368,1,31.0,22.9,26.1,37.4,22.9,27.2,23.1
Princes Town,2023-12-29,85.4,0.0,10.3,128.6,1013.3,31.5,9.0,217.5,19.0,22896,64400,0,31.0,23.1,26.6,38.8,23.1,29.2,23.8
Princes Town,2023-12-30,84.3,0.0,13.9,121.3,1014.4,39.3,9.5,211.4,18.3,22921,64432,0,30.7,22.9,26.4,37.6,22.9,28.8,23.5
Princes Town,2023-12-31,83.4,0.0,12.8,114.4,1014.1,49.8,9.0,215.1,18.7,22947,64464,0,31.7,23.1,26.9,38.7,23.1,29.6,23.7
Princes Town,2024-01-01,82.3,0.0,11.4,113.0,1013.3,45.3,8.9,184.5,16.0,22971,64497,0,31.0,24.0,26.7,37.6,24.0,28.8,23.3
Princes Town,2024-01-02,85.2,0.2032,15.0,115.9,1012.9,40.3,8.5,185.4,16.1,22995,64529,1,30.1,22.2,25.9,36.0,22.2,27.9,23.2
Princes Town,2024-01-03,82.5,0.0,16.1,116.6,1013.8,28.0,7.8,231.9,20.1,23019,64562,0,31.0,24.0,27.2,37.5,24.0,29.8,23.9
Princes Town,2024-01-04,80.0,0.0,17.2,109.0,1014.1,31.0,8.0,202.2,17.4,23041,64594,0,32.0,23.2,27.4,36.3,23.2,29.4,23.3
Princes Town,2024-01-05,78.7,0.0,15.0,115.1,1014.0,34.0,8.4,207.3,17.8,23063,64627,0,30.9,22.8,26.8,36.4,22.8,28.8,22.6
Princes Town,2024-01-06,72.9,0.0,11.4,121.6,1013.7,21.6,7.6,226.2,19.7,23084,64659,0,32.1,22.0,26.8,38.3,22.0,28.1,21.2
Princes Town,2024-01-07,73.5,0.3048,15.0,125.3,1013.7,40.7,8.5,216.3,18.8,23104,64691,1,30.1,23.7,26.4,32.3,23.7,27.6,21.2
Princes Town,2024-01-08,79.5,3.9878,16.1,110.8,1013.1,53.2,7.8,178.4,15.4,23123,64723,1,29.9,23.2,26.1,35.5,23.2,27.7,22.2
Princes Town,2024-01-09,82.8,0.2032,13.9,120.4,1013.4,36.8,8.3,231.5,20.0,23142,64755,1,30.9,22.1,26.4,37.3,22.1,28.6,23.1
Princes Town,2024-01-10,77.1,0.0,17.2,115.9,1013.7,34.1,7.8,219.8,19.1,23159,64787,0,31.1,24.9,27.6,36.1,24.9,29.6,23.1
Princes Town,2024-01-11,79.1,0.0,13.9,112.4,1013.3,22.8,8.8,236.9,20.4,23176,64819,0,31.2,22.9,26.6,35.4,22.9,28.4,22.4
Princes Town,2024-01-12,80.6,0.0,13.9,118.2,1012.9,38.9,8.9,218.3,19.0,23192,64850,0,31.2,21.8,26.1,35.5,21.8,27.8,22.3
Princes Town,2024-01-13,78.3,0.0,11.6,135.5,1013.5,32.9,8.0,215.0,18.7,23206,64881,0,31.2,22.9,26.7,35.9,22.9,28.4,22.4
Princes Town,2024-01-14,80.5,10.8966,11.4,115.1,1014.1,57.9,8.2,201.2,17.3,23220,64912,1,29.2,23.9,26.1,32.2,23.9,27.0,22.3
Princes Town,2024-01-15,84.4,0.0,18.3,116.2,1014.5,49.1,8.0,203.0,17.5,23233,64943,0,30.2,24.1,26.4,36.6,24.1,28.3,23.5
Princes Town,2024-01-16,80.1,0.2032,16.1,120.0,1013.7,42.2,8.1,217.6,18.9,23245,64973,1,29.9,24.2,26.7,34.9,24.2,28.5,22.9
Princes Town,2024-01-17,78.1,4.013199999999999,16.1,109.6,1014.8,40.4,8.4,222.7,19.1,23256,65003,1,30.1,24.0,26.5,34.3,24.0,27.5,22.2
Princes Town,2024-01-18,76.5,0.0,17.2,120.6,1014.4,26.1,8.7,253.7,22.1,23266,65032,0,30.8,22.2,26.4,35.4,22.2,27.6,21.7
Princes Town,2024-01-19,82.3,5.0038,17.2,129.4,1013.9,38.1,8.0,199.0,17.2,23275,65061,1,29.8,23.8,26.1,33.9,23.8,27.3,22.7
Princes Town,2024-01-20,78.5,3.9878,15.0,121.7,1014.7,41.3,7.2,228.9,19.7,23283,65089,1,29.8,23.2,26.2,32.8,23.2,27.3,22.1
Princes Town,2024-01-21,75.3,2.2097999999999995,17.2,107.8,1015.8,45.2,6.9,222.1,19.1,23290,65117,1,29.2,24.2,26.4,31.5,24.2,27.3,21.5
Princes Town,2024-01-22,73.0,0.2032,17.2,114.3,1016.3,31.7,9.1,226.7,19.8,23296,65145,1,30.7,23.2,26.9,33.3,23.2,28.1,21.4
Princes Town,2024-01-23,74.7,2.9972,18.3,106.9,1015.6,55.0,7.6,232.6,20.2,23301,65172,1,30.2,23.9,26.8,32.6,23.9,27.9,21.7
Princes Town,2024-01-24,83.4,4.3942,18.3,99.9,1015.2,37.3,8.6,224.1,19.2,23305,65198,1,30.1,22.8,26.2,34.9,22.8,27.8,22.9
Princes Town,2024-01-25,80.4,0.1016,18.3,90.6,1014.7,41.7,8.0,179.7,15.5,23308,65224,1,30.0,23.0,26.1,33.7,23.0,27.5,22.3
Princes Town,2024-01-26,80.9,0.6096,17.2,109.2,1015.4,46.7,7.5,202.9,17.5,23309,65250,1,30.2,22.3,26.1,34.6,22.3,27.6,22.4
Princes Town,2024-01-27,80.5,0.0,13.9,112.2,1015.3,33.8,8.0,239.4,20.6,23310,65274,0,30.7,20.5,25.9,35.2,20.5,27.3,22.1
Princes Town,2024-01-28,84.1,0.7874,17.2,114.4,1014.8,42.9,8.0,222.8,19.3,23310,65299,1,29.9,22.7,26.0,35.1,22.7,27.8,23.0
Princes Town,2024-01-29,83.1,0.0,13.9,130.5,1013.9,27.3,7.4,235.9,20.2,23309,65322,0,30.8,22.8,26.6,36.1,22.8,28.8,23.3
Princes Town,2024-01-30,79.8,0.0,13.9,123.4,1013.9,33.4,4.7,247.8,21.4,23306,65345,0,30.9,24.9,27.4,36.4,24.9,29.5,23.4
Princes Town,2024-01-31,82.4,0.0,13.9,121.3,1013.8,30.7,3.3,246.9,21.2,23303,65368,0,31.1,23.6,27.2,37.7,23.6,29.7,23.8
Princes Town,2024-02-01,82.2,0.0,15.8,118.9,1012.7,39.6,2.9,230.1,19.7,23298,65389,0,31.2,24.1,27.4,38.2,24.1,30.2,24.0
Princes Town,2024-02-02,79.9,0.0,13.9,123.4,1012.2,21.5,3.7,255.2,22.2,23293,65411,0,31.1,23.1,26.7,37.8,23.1,28.6,22.8
Princes Town,2024-02-03,75.3,0.0,11.4,130.2,1011.4,24.6,5.1,258.1,22.3,23286,65431,0,30.7,22.8,26.4,34.0,22.8,27.5,21.4
Princes Town,2024-02-04,77.4,0.0,13.9,132.4,1010.4,29.9,6.7,249.0,21.6,23279,65451,0,31.1,23.0,26.6,36.4,23.0,27.8,22.0
Princes Town,2024-02-05,82.0,0.0,19.7,126.8,1011.1,52.6,7.0,219.7,19.0,23270,65470,0,32.0,23.9,27.2,39.3,23.9,29.8,23.7
Princes Town,2024-02-06,81.6,0.0,16.1,136.7,1012.1,51.3,6.6,231.9,20.0,23261,65489,0,31.8,24.1,28.0,40.0,24.1,31.4,24.4
Princes Town,2024-02-07,80.8,0.0,15.6,119.6,1012.8,52.2,6.4,236.2,20.3,23250,65507,0,31.7,25.9,28.0,40.2,25.9,31.2,24.2
Princes Town,2024-02-08,77.2,0.0,15.0,127.5,1013.0,47.5,5.3,248.8,21.5,23239,65524,0,31.1,25.7,27.7,33.9,25.7,29.1,22.9
Princes Town,2024-02-09,77.5,0.0,12.8,105.0,1014.1,40.2,5.7,243.1,21.0,23227,65541,0,30.8,23.0,27.3,34.1,23.0,29.0,22.7
Princes Town,2024-02-10,75.6,0.0,16.1,108.0,1014.6,33.7,6.4,273.9,23.6,23213,65557,0,30.9,24.8,27.5,35.4,24.8,29.6,22.7
Princes Town,2024-02-11,75.6,0.0,20.8,106.4,1014.4,25.0,6.6,224.5,19.6,23199,65572,0,31.1,22.8,27.1,35.7,22.8,28.8,22.2
Princes Town,2024-02-12,78.4,0.7874,18.3,107.3,1014.2,39.4,6.0,240.1,20.9,23184,65587,1,30.2,23.9,26.9,34.6,23.9,28.4,22.7
Princes Town,2024-02-13,76.5,2.0065999999999997,18.9,108.6,1014.6,32.2,5.3,234.4,20.2,23168,65601,1,30.9,24.1,27.1,34.2,24.1,28.6,22.4
Princes Town,2024-02-14,80.4,0.1016,19.7,112.8,1015.2,31.8,5.1,229.9,19.9,23151,65615,1,31.0,25.1,27.6,37.5,25.1,30.4,23.9
Princes Town,2024-02-15,77.2,2.9972,16.1,126.3,1015.5,32.8,5.7,260.4,22.7,23133,65628,1,32.0,24.0,27.3,36.6,24.0,29.2,22.8
Princes Town,2024-02-16,78.7,0.4064,15.0,120.5,1015.2,36.6,6.2,247.6,21.3,23114,65640,1,30.9,23.8,26.7,36.3,23.8,28.4,22.6
Princes Town,2024-02-17,77.6,0.0,18.3,118.5,1014.8,28.3,7.9,270.0,23.4,23095,65652,0,31.2,23.2,26.9,35.1,23.2,28.5,22.4
Princes Town,2024-02-18,78.8,0.0,16.4,131.9,1015.1,24.0,7.1,236.9,20.6,23075,65663,0,31.1,21.8,26.7,36.6,21.8,28.6,22.4
Princes Town,2024-02-19,76.5,0.0,20.8,115.7,1015.1,27.7,6.7,255.5,22.2,23054,65673,0,32.8,23.8,27.6,36.8,23.8,29.6,22.8
Princes Town,2024-02-20,78.0,0.0,13.9,109.8,1014.3,31.0,7.7,262.6,22.7,23032,65683,0,31.7,22.9,26.7,35.6,22.9,28.2,22.3
Princes Town,2024-02-21,80.5,0.0,13.9,99.4,1012.2,49.6,7.6,263.7,22.7,23009,65692,0,30.9,22.1,26.4,35.1,22.1,28.5,22.6
Princes Town,2024-02-22,75.1,0.0,12.8,110.5,1011.7,40.3,7.4,263.0,22.7,22986,65701,0,32.0,23.2,27.2,35.4,23.2,28.6,22.1
Princes Town,2024-02-23,73.7,0.0,14.5,120.2,1013.1,26.7,7.1,257.9,22.3,22961,65709,0,31.9,22.2,26.9,34.7,22.2,27.9,21.3
Princes Town,2024-02-24,76.6,0.0,19.7,116.7,1014.0,17.8,6.6,256.7,22.2,22937,65717,0,31.2,22.2,26.8,34.8,22.2,28.5,22.1
Princes Town,2024-02-25,79.6,0.0,18.3,111.6,1014.7,27.2,4.6,218.1,18.9,22911,65724,0,31.9,23.8,27.4,37.8,23.8,29.9,23.5
Princes Town,2024-02-26,77.5,0.0,17.2,105.8,1014.2,20.9,5.4,264.0,22.8,22885,65731,0,31.2,22.9,26.8,34.7,22.9,28.2,22.2
Princes Town,2024-02-27,73.9,0.0,17.2,109.1,1013.8,39.6,6.0,247.5,21.3,22858,65737,0,31.8,22.7,26.6,34.2,22.7,27.7,21.2
Princes Town,2024-02-28,76.8,0.0,17.2,90.3,1013.9,31.7,6.4,236.2,20.4,22831,65743,0,30.8,21.2,26.0,34.1,21.2,27.4,21.4
Princes Town,2024-02-29,74.5,0.0,13.9,103.6,1014.4,30.1,8.5,239.9,20.8,22803,65748,0,31.9,22.9,27.1,35.3,22.9,28.6,21.8
Princes Town,2024-03-01,75.8,1.0921999999999998,16.0,97.0,1015.2,41.7,8.4,245.7,21.2,22774,65753,1,30.7,22.2,26.3,34.2,22.2,27.8,21.6
Princes Town,2024-03-02,73.4,0.0,16.0,86.3,1014.7,53.2,9.0,222.6,19.4,22745,65757,0,31.1,21.8,26.2,34.7,21.8,27.4,20.8
Princes Town,2024-03-03,75.0,0.0,12.8,94.9,1013.8,48.2,6.0,263.4,22.8,22716,65761,0,31.2,21.2,26.4,35.6,21.2,28.1,21.4
Princes Town,2024-03-04,75.7,0.0,15.0,109.0,1013.1,26.9,6.2,259.2,22.5,22685,65764,0,32.7,21.2,26.7,37.6,21.2,28.4,21.7
Princes Town,2024-03-05,77.2,0.0,18.3,104.2,1012.6,39.9,7.7,242.0,20.8,22655,65768,0,31.9,23.2,27.4,36.4,23.2,29.4,22.7
Princes Town,2024-03-06,78.1,0.0,18.5,115.6,1012.8,30.8,9.3,270.6,23.3,22624,65770,0,31.9,24.0,27.4,36.7,24.0,29.8,23.1
Princes Town,2024-03-07,80.0,2.9972,16.1,114.7,1013.6,51.2,8.3,232.7,20.1,22592,65773,1,31.0,25.1,27.7,37.8,25.1,30.6,23.8
Princes Town,2024-03-08,79.8,0.0,16.1,119.0,1013.9,64.3,7.5,269.8,23.2,22560,65775,0,31.8,24.7,27.9,37.8,24.7,30.6,23.9
Princes Town,2024-03-09,77.7,0.0,15.0,116.9,1013.9,55.2,6.5,262.2,22.7,22528,65776,0,33.7,23.9,28.2,39.0,23.9,30.8,23.6
Princes Town,2024-03-10,75.5,0.0,16.1,106.6,1014.0,44.4,6.9,263.4,22.6,22495,65778,0,32.1,23.4,27.7,36.9,23.4,29.5,22.7
Princes Town,2024-03-11,75.1,0.0,18.4,117.3,1014.7,58.6,8.1,257.1,22.2,22462,65779,0,32.7,23.5,27.4,36.8,23.5,29.2,22.2
Princes Town,2024-03-12,73.5,0.0,18.8,107.2,1015.1,59.0,8.4,289.6,24.9,22429,65780,0,32.2,24.2,27.7,36.9,24.2,29.3,22.2
Princes Town,2024-03-13,75.6,0.0,16.9,117.0,1014.8,39.2,9.0,269.5,23.2,22396,65781,0,31.8,23.8,27.4,36.4,23.8,29.0,22.4
Princes Town,2024-03-14,76.3,0.0,20.6,109.9,1013.5,38.2,7.5,261.3,22.5,22362,65781,0,31.7,23.8,27.5,36.5,23.8,29.8,22.8
Princes Town,2024-03-15,72.9,0.0,18.3,100.3,1012.5,27.5,7.6,240.8,20.8,22328,65781,0,32.7,25.7,28.3,37.8,25.7,30.8,22.8
Princes Town,2024-03-16,81.3,4.013199999999999,18.3,100.8,1012.2,67.6,7.0,250.1,21.6,22293,65781,1,30.2,24.2,27.0,35.3,24.2,29.0,23.4
Princes Town,2024-03-17,82.5,0.9905999999999999,18.3,103.6,1012.7,56.5,6.9,265.6,22.7,22259,65781,1,31.2,25.2,27.7,38.1,25.2,30.8,24.3
Princes Town,2024-03-18,78.5,0.0,17.2,110.7,1013.3,41.4,7.6,274.5,23.6,22224,65781,0,32.1,25.9,28.4,37.7,25.9,31.6,24.1
Princes Town,2024-03-19,73.9,0.0,20.8,102.0,1013.1,46.3,7.7,277.8,23.9,22189,65780,0,32.1,25.8,28.3,36.9,25.8,30.4,22.8
Princes Town,2024-03-20,76.1,0.0,16.1,103.3,1013.0,37.3,7.5,270.8,23.4,22154,65780,0,32.2,24.9,28.1,38.4,24.9,30.7,23.3
Princes Town,2024-03-21,74.1,0.0,12.8,104.9,1012.7,36.4,7.5,264.9,22.9,22119,65779,0,32.9,23.9,27.8,37.8,23.9,29.8,22.4
Princes Town,2024-03-22,73.4,0.0,18.3,109.2,1013.1,44.2,8.3,278.7,24.1,22084,65778,0,32.0,22.9,27.2,35.8,22.9,28.3,21.5
Princes Town,2024-03-23,81.2,0.6096,19.7,106.7,1012.6,60.5,7.5,264.7,22.9,22049,65777,1,31.2,23.2,26.7,36.7,23.2,28.7,23.1
Princes Town,2024-03-24,75.6,0.7111999999999999,15.0,102.9,1011.0,64.4,7.3,252.0,21.7,22014,65776,1,32.0,24.7,27.8,36.8,24.7,30.0,22.9
Princes Town,2024-03-25,72.2,0.0,17.2,110.7,1010.3,50.1,7.7,271.8,23.6,21978,65775,0,32.9,24.8,28.2,39.0,24.8,30.6,22.6
Princes Town,2024-03-26,73.6,0.0,13.9,107.0,1009.8,36.8,8.0,275.6,23.8,21943,65775,0,33.2,24.8,28.2,38.0,24.8,30.6,22.8
Princes Town,2024-03-27,74.9,0.0,98.0,87.9,1010.0,45.2,6.5,279.6,24.1,21908,65774,0,33.0,22.2,27.6,48.8,22.2,30.2,22.4
Princes Town,2024-03-28,82.0,0.0,11.4,97.6,1011.9,38.7,6.4,285.5,24.5,21873,65773,0,32.0,22.0,26.2,37.9,22.0,27.8,22.7
Princes Town,2024-03-29,78.6,0.0,12.8,91.4,1012.3,29.1,6.3,284.2,24.6,21838,65772,0,33.0,22.0,26.8,38.1,22.0,28.9,22.4
Princes Town,2024-03-30,71.3,0.0,11.4,22.3,1012.5,44.3,6.1,276.4,23.9,21803,65771,0,33.0,22.0,27.4,34.9,22.0,28.7,21.2
Princes Town,2024-03-31,70.9,0.4064,16.1,82.9,1013.2,38.0,6.4,195.1,16.9,21768,65770,1,32.0,24.0,27.8,34.9,24.0,29.7,21.8
Princes Town,2024-04-01,66.7,0.0,16.1,91.3,1013.1,50.5,7.3,185.2,16.0,21733,65769,0,32.0,25.0,28.5,34.9,25.0,30.6,21.5
Princes Town,2024-04-02,86.4,5.0038,13.9,103.9,1012.9,61.9,5.4,167.6,14.5,21699,65769,1,30.0,25.0,25.9,36.2,25.0,26.8,23.4
Princes Town,2024-04-03,86.7,38.099999999999994,13.9,105.0,1012.4,67.9,6.2,205.9,17.8,21664,65768,1,29.8,24.9,26.1,34.7,24.9,27.0,23.7
Princes Town,2024-04-04,76.5,2.0065999999999997,17.2,105.9,1013.0,53.2,8.2,287.4,24.8,21630,65768,1,31.7,25.7,28.2,36.4,25.7,30.8,23.4
Princes Town,2024-04-05,77.5,0.7111999999999999,16.1,107.4,1013.9,45.6,6.4,269.1,23.3,21596,65767,1,31.8,26.1,28.4,38.9,26.1,32.1,24.0
Princes Town,2024-04-06,74.6,0.0,17.2,104.2,1014.0,33.8,7.4,251.6,21.6,21562,65767,0,32.7,25.7,28.7,38.0,25.7,32.2,23.6
Princes Town,2024-04-07,78.6,0.0,15.0,100.3,1013.0,40.0,7.5,275.4,23.8,21529,65767,0,32.8,24.2,28.3,39.1,24.2,31.7,24.1
Princes Town,2024-04-08,78.1,0.0,12.8,109.0,1013.1,46.6,8.7,284.3,24.7,21496,65767,0,33.0,23.2,27.8,38.1,23.2,30.4,23.4
Princes Town,2024-04-09,73.7,0.0,16.1,104.1,1013.3,34.9,10.1,258.8,22.5,21463,65768,0,32.1,23.1,27.6,36.8,23.1,29.2,22.0
Princes Town,2024-04-10,69.4,0.0,16.1,103.5,1012.6,23.6,10.9,308.9,26.7,21431,65769,0,32.5,23.8,28.1,36.5,23.8,30.1,21.7
Princes Town,2024-04-11,73.7,0.0,18.3,99.3,1013.2,33.1,8.4,278.4,23.9,21399,65769,0,32.1,24.2,28.4,37.8,24.2,31.1,23.0
Princes Town,2024-04-12,73.1,0.0,18.3,97.9,1014.2,40.1,7.0,284.9,24.6,21367,65771,0,33.0,25.8,28.8,36.9,25.8,32.1,23.3
Princes Town,2024-04-13,72.7,0.0,19.7,105.7,1013.4,53.9,7.8,261.5,22.5,21335,65772,0,31.7,24.2,27.9,34.0,24.2,29.4,22.1
Princes Town,2024-04-14,73.7,0.0,16.1,97.3,1011.7,58.0,8.2,266.0,23.1,21304,65773,0,31.2,23.8,27.5,34.3,23.8,29.2,21.9
Princes Town,2024-04-15,80.6,0.7111999999999999,20.8,106.5,1011.2,59.8,6.8,251.9,21.6,21274,65775,1,32.0,24.7,27.3,37.9,24.7,29.7,23.6
Princes Town,2024-04-16,78.9,2.9972,16.1,117.5,1011.4,55.0,7.1,249.2,21.3,21244,65777,1,31.7,24.9,28.1,38.8,24.9,31.4,23.9
Princes Town,2024-04-17,79.5,0.0,16.1,116.5,1011.6,53.2,6.0,263.1,22.8,21214,65780,0,32.9,26.1,28.8,40.1,26.1,33.3,24.7
Princes Town,2024-04-18,75.8,0.0,17.5,104.2,1010.9,63.0,5.6,229.7,19.8,21185,65783,0,32.7,25.8,28.7,36.9,25.8,31.8,23.7
Princes Town,2024-04-19,76.6,0.0,14.0,97.5,1011.6,65.5,7.2,163.4,14.0,21156,65786,0,31.7,26.9,28.7,37.4,29.9,32.9,24.1
Princes Town,2024-04-20,81.2,0.0,13.9,107.8,1012.6,64.0,8.0,185.2,16.0,21128,65789,0,32.1,26.1,28.1,40.8,26.1,31.8,24.5
Princes Town,2024-04-21,73.1,0.0,15.0,109.5,1012.2,41.9,3.5,243.0,21.1,21101,65793,0,32.7,26.0,28.7,37.2,26.0,31.9,23.2
Princes Town,2024-04-22,71.6,0.0,15.0,109.0,1012.1,30.1,3.6,277.5,23.7,21074,65797,0,32.2,24.9,28.2,36.1,24.9,30.1,22.1
Princes Town,2024-04-23,76.5,0.0,18.3,101.8,1012.5,40.2,3.5,271.8,23.4,21047,65801,0,32.8,25.2,28.7,39.1,25.2,32.3,24.0
Princes Town,2024-04-24,71.0,0.0,20.8,107.4,1013.0,38.2,4.1,290.5,25.1,21021,65806,0,32.2,25.8,28.4,36.2,25.8,31.1,22.4
Princes Town,2024-04-25,81.6,0.0,16.1,110.8,1012.6,44.0,4.9,224.6,19.2,20996,65811,0,32.8,23.9,27.3,39.2,23.9,30.1,23.8
Princes Town,2024-04-26,73.5,0.0,16.1,102.1,1011.4,50.2,7.6,296.2,25.6,20971,65817,0,32.2,24.8,28.0,36.6,24.8,29.9,22.5
Princes Town,2024-04-27,75.4,0.0,16.1,101.8,1011.1,62.3,8.1,258.9,22.3,20947,65823,0,32.2,23.8,27.9,37.5,23.8,30.4,22.9
Princes Town,2024-04-28,72.3,0.0,12.8,103.5,1010.6,53.9,7.5,260.3,22.5,20924,65829,0,32.2,23.7,27.8,36.4,23.7,29.7,22.0
Princes Town,2024-04-29,68.3,0.0,13.9,107.8,1011.4,38.5,7.2,258.6,22.3,20901,65835,0,32.2,24.2,28.1,34.3,24.2,29.8,21.4
Princes Town,2024-04-30,69.8,0.0,18.3,103.1,1011.6,37.3,9.1,264.6,22.6,20879,65842,0,32.8,24.8,28.6,37.5,24.8,30.8,22.2
Princes Town,2024-05-01,70.1,0.0,16.1,105.4,1010.3,37.4,7.0,253.2,22.0,20858,65850,0,33.0,25.0,28.8,36.1,25.0,31.4,22.4
Princes Town,2024-05-02,77.8,0.0,16.1,103.8,1009.4,38.0,8.0,259.3,22.4,20837,65857,0,34.0,26.7,29.3,40.6,29.9,34.3,24.8
Princes Town,2024-05-03,77.1,0.0,13.9,110.7,1009.8,52.5,7.8,268.1,23.3,20817,65866,0,33.1,25.1,28.9,39.0,25.1,32.6,24.2
Princes Town,2024-05-04,77.4,0.4064,17.2,107.1,1010.6,59.8,6.1,249.8,21.5,20798,65874,1,32.9,26.8,29.2,40.6,30.0,33.9,24.6
Princes Town,2024-05-05,79.3,0.0,24.5,108.7,1011.8,64.4,4.5,234.2,20.2,20779,65883,0,32.7,26.9,29.2,41.4,29.9,35.0,25.2
Princes Town,2024-05-06,74.8,0.0,17.2,93.3,1011.4,49.1,4.2,262.4,22.7,20762,65892,0,32.4,27.0,29.4,39.7,30.6,34.3,24.3
Princes Town,2024-05-07,73.0,0.0,16.1,105.6,1009.9,59.3,4.0,261.4,22.4,20744,65902,0,32.0,27.0,29.2,36.6,29.8,33.2,23.6
Princes Town,2024-05-08,74.6,0.0,16.1,120.2,1010.3,55.8,4.2,236.3,20.4,20728,65912,0,33.0,25.0,29.2,40.6,25.0,33.6,24.0
Princes Town,2024-05-09,68.6,0.0,16.1,116.3,1011.5,49.1,4.3,276.8,23.9,20713,65922,0,33.0,26.8,29.3,37.1,29.3,32.6,22.6
Princes Town,2024-05-10,75.3,0.0,16.1,109.0,1011.9,64.6,4.5,201.7,17.5,20698,65933,0,31.0,26.2,28.4,37.3,26.2,32.2,23.6
Princes Town,2024-05-11,72.4,0.0,16.1,110.0,1012.0,58.8,4.8,266.5,23.1,20684,65944,0,32.2,26.0,28.8,36.0,26.0,32.0,23.2
Princes Town,2024-05-12,71.4,0.0,17.2,110.9,1013.0,51.1,5.1,287.5,25.0,20671,65956,0,32.1,26.2,28.8,35.8,26.2,32.1,22.9
Princes Town,2024-05-13,70.6,0.508,17.2,109.9,1013.5,36.6,6.2,266.8,23.0,20658,65968,1,33.8,25.8,29.0,40.1,25.8,32.1,22.9
Princes Town,2024-05-14,75.8,0.0,16.1,120.5,1012.5,33.4,6.0,295.5,25.6,20647,65980,0,33.1,25.1,28.9,39.6,25.1,32.6,23.9
Princes Town,2024-05-15,73.1,0.0,16.1,106.4,1012.4,31.4,6.2,270.9,23.4,20636,65992,0,33.2,25.8,29.1,39.2,25.8,32.1,23.4
Princes Town,2024-05-16,79.0,0.0,19.7,106.6,1012.1,54.4,5.8,242.4,21.0,20626,66005,0,34.0,25.8,29.1,40.4,25.8,33.3,24.8
Princes Town,2024-05-17,83.1,2.0065999999999997,18.3,108.0,1012.9,60.6,6.0,217.3,18.9,20616,66019,1,32.1,26.8,28.7,40.6,30.2,34.2,25.4
Princes Town,2024-05-18,90.6,15.011399999999998,16.1,103.1,1013.7,69.3,4.8,187.8,16.1,20608,66032,1,29.9,25.9,27.2,37.3,25.9,30.9,25.6
Princes Town,2024-05-19,84.7,0.1016,13.9,117.3,1013.6,61.3,6.2,238.4,20.5,20600,66046,1,31.9,26.1,28.4,40.2,26.1,33.4,25.5
Princes Town,2024-05-20,81.3,0.0,18.3,107.2,1012.4,61.6,6.6,229.3,19.9,20593,66060,0,32.2,26.9,28.7,39.4,30.4,33.9,25.1
Princes Town,2024-05-21,77.7,0.0,16.1,113.3,1012.5,54.8,8.6,276.2,23.9,20587,66074,0,32.8,26.1,28.8,39.8,26.1,32.6,24.3
Princes Town,2024-05-22,81.0,0.1016,18.3,115.9,1013.4,49.3,8.7,238.4,20.4,20582,66089,1,32.2,25.9,28.3,39.2,25.9,32.3,24.7
Princes Town,2024-05-23,81.2,0.3048,16.1,101.3,1013.1,62.7,7.4,262.5,22.6,20578,66104,1,32.9,25.9,28.6,40.1,25.9,32.6,24.9
Princes Town,2024-05-24,77.4,2.0065999999999997,17.2,105.8,1012.4,63.3,9.3,283.9,24.5,20574,66119,1,32.8,24.9,28.5,37.7,24.9,31.5,23.8
Princes Town,2024-05-25,83.4,0.0,11.4,119.1,1012.0,70.2,9.0,220.5,19.0,20571,66134,0,33.8,24.2,27.6,43.3,24.2,31.0,24.4
Princes Town,2024-05-26,80.0,0.0,15.0,108.0,1013.0,48.8,10.2,240.5,21.0,20569,66149,0,33.8,26.2,29.3,41.4,26.2,34.1,25.2
Princes Town,2024-05-27,79.4,0.0,16.1,113.9,1013.5,63.9,7.3,278.6,24.1,20567,66165,0,32.9,26.7,29.2,40.3,29.9,34.6,25.1
Princes Town,2024-05-28,75.8,0.0,16.1,103.0,1014.4,58.1,6.6,246.6,21.3,20567,66181,0,33.1,26.7,29.6,40.6,29.6,34.8,24.7
Princes Town,2024-05-29,81.9,0.9905999999999999,15.0,95.9,1013.8,64.9,6.6,226.1,19.5,20567,66197,1,32.7,26.2,28.6,40.2,26.2,33.3,25.1
Princes Town,2024-05-30,91.4,15.5956,16.1,105.1,1013.4,65.3,5.2,161.5,14.1,20568,66213,1,30.1,25.8,27.2,38.6,25.8,30.9,25.7
Princes Town,2024-05-31,86.4,2.8194,18.3,112.3,1013.7,56.6,5.7,252.8,21.9,20569,66229,1,30.8,25.0,27.8,38.8,25.0,31.8,25.3
Princes Town,2024-06-01,83.2,2.794,12.3,94.2,1012.9,52.5,8.2,223.7,19.4,20571,66245,1,32.8,25.2,28.6,41.4,25.2,33.2,25.3
Princes Town,2024-06-02,84.9,0.7111999999999999,13.9,116.2,1013.1,58.6,10.4,230.5,19.8,20574,66261,1,32.0,26.0,28.6,40.9,26.0,33.3,25.6
Princes Town,2024-06-03,81.8,6.2992,13.9,114.8,1013.8,65.8,8.3,204.3,17.6,20578,66278,1,32.0,26.2,28.2,40.7,26.2,32.0,24.7
Princes Town,2024-06-04,77.7,2.0065999999999997,10.3,122.9,1013.6,62.7,8.2,199.6,17.1,20582,66294,1,31.9,26.1,28.3,36.7,26.1,31.6,23.9
Princes Town,2024-06-05,77.2,19.4056,16.1,108.3,1012.8,60.4,7.6,241.5,20.9,20587,66310,1,31.7,26.7,28.6,40.1,29.6,32.9,24.1
Princes Town,2024-06-06,80.3,0.0,17.2,106.2,1013.1,51.0,6.5,228.8,19.7,20593,66326,0,32.0,26.1,28.8,40.2,26.1,33.7,24.9
Princes Town,2024-06-07,74.5,2.0065999999999997,17.2,102.0,1014.3,52.6,6.3,252.3,21.7,20599,66343,1,30.9,26.1,28.4,36.4,26.1,31.9,23.3
Princes Town,2024-06-08,85.6,11.5824,16.1,105.4,1014.6,61.4,6.5,193.5,16.7,20606,66359,1,30.1,26.0,27.4,37.3,26.0,30.8,24.7
Princes Town,2024-06-09,87.8,5.4102,17.2,105.7,1013.5,68.7,6.8,215.7,18.5,20614,66375,1,31.1,25.9,27.8,40.5,25.9,31.6,25.5
Princes Town,2024-06-10,91.5,26.9748,13.9,118.9,1013.4,70.0,6.4,117.7,10.2,20622,66391,1,30.0,24.9,26.4,37.4,24.9,27.9,24.9
Princes Town,2024-06-11,91.1,35.9918,16.1,115.2,1014.1,73.4,5.5,149.9,12.9,20630,66406,1,30.7,24.7,26.9,38.9,24.7,29.7,25.3
Princes Town,2024-06-12,80.2,0.0,16.1,106.2,1014.0,61.2,8.4,266.5,23.1,20640,66422,0,32.0,25.1,28.3,39.5,25.1,32.0,24.4
Princes Town,2024-06-13,80.9,0.0,15.0,105.9,1012.9,62.6,8.1,253.1,21.7,20649,66437,0,31.9,24.9,28.2,40.1,24.9,32.1,24.5
Princes Town,2024-06-14,87.2,6.604,16.1,111.4,1013.1,65.6,6.9,218.3,19.1,20659,66452,1,31.2,26.0,27.8,39.1,26.0,32.3,25.4
Princes Town,2024-06-15,82.4,0.4064,16.1,109.8,1014.0,58.1,5.6,275.3,23.7,20670,66467,1,32.0,25.9,28.5,38.6,25.9,32.1,25.0
Princes Town,2024-06-16,85.1,1.4986,16.1,115.2,1013.2,50.2,7.3,240.0,20.8,20681,66482,1,31.2,25.7,28.1,39.1,25.7,32.1,25.2
Princes Town,2024-06-17,83.9,2.0065999999999997,11.4,110.8,1011.7,51.7,9.8,226.4,19.6,20693,66496,1,31.0,24.9,27.6,38.7,24.9,30.7,24.5
Princes Town,2024-06-18,86.3,8.102599999999999,11.4,108.3,1011.5,54.8,6.6,126.1,10.9,20705,66510,1,28.1,24.1,26.1,32.1,24.1,27.3,23.5
Princes Town,2024-06-19,81.4,0.0,17.2,103.7,1011.4,63.0,7.0,238.4,20.6,20717,66524,0,32.0,25.1,28.2,39.9,25.1,31.9,24.6
Princes Town,2024-06-20,83.3,0.6096,20.8,102.9,1011.8,72.0,6.4,201.2,17.4,20730,66537,1,31.8,25.9,27.7,40.0,25.9,30.9,24.6
Princes Town,2024-06-21,79.7,0.1016,16.1,98.6,1012.1,63.4,6.5,266.1,23.0,20743,66550,1,31.9,25.7,28.4,38.6,25.7,32.1,24.4
Princes Town,2024-06-22,84.8,0.0,12.8,116.0,1011.8,59.9,6.6,181.4,15.6,20756,66562,0,31.1,24.9,27.6,37.4,24.9,31.2,24.7
Princes Town,2024-06-23,82.1,2.9972,11.4,127.4,1012.5,53.2,9.3,232.7,19.9,20770,66574,1,31.9,25.8,28.2,39.1,25.8,31.6,24.7
Princes Town,2024-06-24,82.8,0.9905999999999999,15.0,101.3,1012.8,70.3,7.9,188.0,16.3,20784,66585,1,31.8,25.0,27.8,39.9,25.0,31.3,24.6
Princes Town,2024-06-25,84.6,2.0065999999999997,15.0,113.5,1013.6,69.0,8.2,146.2,12.6,20798,66596,1,32.0,25.1,28.0,40.7,25.1,31.7,25.0
Princes Town,2024-06-26,83.3,1.2953999999999999,11.4,119.6,1013.9,60.9,7.1,243.2,21.0,20812,66607,1,32.2,24.9,28.1,40.6,24.9,31.9,24.8
Princes Town,2024-06-27,74.3,0.508,16.1,105.7,1012.4,35.6,8.2,241.5,20.9,20827,66617,1,31.8,25.7,28.6,37.8,25.7,31.5,23.3
Princes Town,2024-06-28,85.2,1.9811999999999999,11.4,107.2,1012.5,59.1,7.3,213.2,18.3,20842,66626,1,29.9,25.7,27.0,36.7,25.7,29.5,24.3
Princes Town,2024-06-29,91.9,23.7744,15.0,102.8,1013.2,67.4,7.0,71.1,6.1,20857,66635,1,28.9,23.8,25.4,34.2,23.8,26.0,23.9
Princes Town,2024-06-30,85.4,0.2032,13.9,105.2,1012.3,53.0,9.5,266.2,23.1,20872,66644,1,31.9,23.8,27.1,39.1,23.8,30.0,24.3
Princes Town,2024-07-01,91.5,15.011399999999998,10.9,169.2,1010.6,61.9,7.2,93.4,8.1,20887,66651,1,29.1,25.2,26.9,35.6,25.2,29.6,25.3
Princes Town,2024-07-02,80.6,3.5052000000000003,16.1,100.8,1012.8,50.5,7.1,246.9,21.3,20902,66658,1,31.7,24.8,28.2,39.2,24.8,31.8,24.4
Princes Town,2024-07-03,89.4,12.090399999999999,7.3,94.1,1011.1,68.3,7.9,190.5,16.6,20917,66665,1,29.2,24.1,26.4,35.0,24.1,28.2,24.5
Princes Town,2024-07-04,82.3,0.3048,13.9,123.9,1011.2,51.7,8.8,265.1,22.9,20933,66670,1,32.1,25.7,28.6,40.3,25.7,32.9,25.1
Princes Town,2024-07-05,82.5,2.1082,15.0,105.4,1012.8,26.9,7.1,243.5,20.9,20948,66675,1,32.1,25.7,28.4,40.8,25.7,32.4,25.0
Princes Town,2024-07-06,84.1,0.0,13.9,104.6,1014.7,37.0,5.7,219.9,18.9,20963,66680,0,30.8,25.8,27.8,37.6,25.8,31.2,24.8
Princes Town,2024-07-07,84.2,13.9954,6.9,102.4,1014.7,60.4,8.2,230.8,20.1,20979,66683,1,30.8,24.8,26.9,35.4,24.8,28.8,23.9
Princes Town,2024-07-08,81.5,0.0,9.2,117.3,1013.4,50.5,10.0,264.0,22.7,20994,66686,0,32.0,24.1,27.8,40.5,24.1,31.9,24.2
Princes Town,2024-07-09,82.3,0.6096,12.8,108.7,1012.1,44.2,6.7,247.5,21.4,21009,66688,1,32.7,25.9,28.7,40.5,25.9,33.3,25.2
Princes Town,2024-07-10,81.8,0.0,11.4,110.2,1011.1,35.7,7.2,216.4,18.6,21024,66690,0,33.0,25.0,28.7,43.0,25.0,33.3,25.1
Princes Town,2024-07-11,86.5,10.998199999999999,16.1,115.1,1012.1,44.7,6.5,225.6,19.3,21039,66690,1,32.0,25.2,27.8,40.6,25.2,31.6,25.2
Princes Town,2024-07-12,92.8,17.399,8.1,101.9,1015.2,58.0,7.5,148.6,12.6,21053,66690,1,27.1,24.4,25.6,30.6,24.4,26.2,24.3
Princes Town,2024-07-13,84.2,0.0,10.3,118.9,1014.5,50.8,8.2,230.5,19.9,21068,66689,0,32.0,23.9,27.3,38.9,23.9,30.1,24.1
Princes Town,2024-07-14,80.1,0.0,13.9,106.3,1013.2,48.4,7.0,269.3,23.3,21082,66688,0,32.1,25.0,28.6,40.7,25.0,32.9,24.7
Princes Town,2024-07-15,81.4,0.0,9.2,98.9,1013.3,61.6,7.5,227.3,19.7,21097,66685,0,32.8,24.8,28.5,40.6,24.8,32.6,24.8
Princes Town,2024-07-16,86.8,19.0246,11.4,147.4,1014.2,64.4,9.0,184.0,15.9,21110,66682,1,31.2,25.2,27.3,40.6,25.2,30.3,24.9
Princes Town,2024-07-17,82.1,31.2166,8.1,82.7,1015.6,68.6,9.4,201.2,17.4,21124,66678,1,30.9,24.9,26.8,38.6,24.9,28.4,23.4
Princes Town,2024-07-18,79.7,13.0048,11.4,41.7,1015.2,63.0,8.8,233.9,20.3,21138,66673,1,30.8,24.0,26.4,34.1,24.0,27.8,22.5
Princes Town,2024-07-19,75.3,0.0,9.2,98.4,1015.4,47.5,8.4,239.4,20.6,21151,66667,0,32.8,24.8,27.9,36.9,24.8,30.3,22.9
Princes Town,2024-07-20,76.8,0.2032,13.9,102.2,1014.6,55.4,7.8,247.0,21.4,21164,66661,1,32.2,25.1,28.1,37.0,25.1,30.9,23.4
Princes Town,2024-07-21,68.7,0.0,13.9,94.1,1012.7,41.9,5.3,262.0,22.6,21176,66653,0,32.2,25.9,29.1,35.4,25.9,32.1,22.5
Princes Town,2024-07-22,78.4,1.397,13.9,112.0,1013.2,55.1,6.2,229.8,19.9,21189,66645,1,31.7,25.1,27.5,35.4,25.1,29.8,23.3
Princes Town,2024-07-23,85.2,18.897599999999997,9.2,96.5,1015.1,62.1,7.2,193.8,16.7,21200,66636,1,29.7,24.7,26.8,34.9,24.7,28.9,24.0
Princes Town,2024-07-24,83.4,8.3058,13.9,100.8,1016.6,55.6,7.3,231.2,19.8,21212,66626,1,32.1,24.2,27.7,40.4,24.2,31.5,24.6
Princes Town,2024-07-25,92.5,232.0036,13.9,95.5,1015.0,61.1,6.1,160.0,13.9,21223,66615,1,27.9,25.0,26.2,33.5,25.0,27.8,24.9
Princes Town,2024-07-26,84.0,2.9972,16.1,105.4,1013.7,50.8,6.2,243.1,20.9,21234,66604,1,31.8,25.8,28.4,41.8,25.8,32.8,25.3
Princes Town,2024-07-27,71.7,0.2032,13.9,104.2,1013.5,21.1,6.5,256.7,22.3,21245,66591,1,32.7,26.1,29.0,36.9,26.1,32.3,23.1
Princes Town,2024-07-28,75.0,0.0,13.9,96.1,1014.3,27.2,7.5,263.6,22.8,21255,66578,0,32.0,25.1,28.6,38.9,25.1,31.8,23.6
Princes Town,2024-07-29,87.0,7.696199999999999,13.9,114.7,1014.7,56.5,7.9,194.5,16.9,21265,66564,1,31.9,25.1,27.2,40.0,25.1,29.6,24.7
Princes Town,2024-07-30,85.0,0.0,8.1,157.9,1014.7,56.5,8.0,258.4,22.4,21274,66549,0,31.9,24.8,27.7,40.5,24.8,31.2,24.8
Princes Town,2024-07-31,86.3,42.011599999999994,13.9,195.9,1014.7,48.2,8.3,253.1,21.8,21283,66533,1,33.1,22.9,26.3,40.8,22.9,28.2,23.7
Princes Town,2024-08-01,73.8,0.0,9.2,116.5,1014.3,53.5,9.2,243.9,21.0,21292,66517,0,33.1,24.9,28.2,37.0,24.9,30.6,22.8
Princes Town,2024-08-02,74.8,0.2032,9.2,92.0,1013.7,44.0,8.9,229.7,19.9,21300,66500,1,33.0,24.7,28.5,38.2,24.7,31.5,23.3
Princes Town,2024-08-03,80.8,0.1016,16.1,103.1,1013.0,59.7,8.9,258.8,22.4,21307,66481,1,32.2,25.1,28.5,40.7,25.1,32.9,24.8
Princes Town,2024-08-04,84.1,3.0987999999999998,6.9,71.7,1012.6,59.7,8.4,207.1,18.0,21315,66463,1,31.8,25.8,28.0,40.0,25.8,31.9,25.0
Princes Town,2024-08-05,86.0,16.509999999999998,9.2,111.0,1013.0,68.1,8.7,66.6,5.7,21322,66443,1,29.8,24.2,26.7,36.9,24.2,28.7,24.1
Princes Town,2024-08-06,73.7,0.0,10.3,79.9,1012.7,56.9,9.0,240.6,20.7,21328,66422,0,32.9,25.1,28.4,36.9,25.1,31.1,23.0
Princes Town,2024-08-07,76.3,5.9944,11.4,117.6,1011.1,48.6,8.0,239.3,20.7,21334,66401,1,31.1,25.9,27.9,36.2,25.9,30.6,23.2
Princes Town,2024-08-08,72.5,0.0,11.4,102.6,1011.4,33.2,9.4,259.8,22.4,21340,66379,0,32.2,24.5,28.3,36.2,24.5,30.6,22.6
Princes Town,2024-08-09,83.2,0.0,13.9,117.1,1012.0,53.7,9.2,226.2,19.7,21345,66357,0,32.1,24.9,28.1,40.4,24.9,31.8,24.8
Princes Town,2024-08-10,90.7,2.9972,8.1,103.6,1014.1,68.3,8.1,133.3,11.5,21350,66333,1,28.1,24.0,25.9,32.7,24.0,27.0,24.2
Princes Town,2024-08-11,87.4,0.9905999999999999,11.4,66.2,1013.4,48.6,7.6,264.4,22.8,21354,66309,1,32.1,23.9,26.7,40.4,23.9,29.0,24.4
Princes Town,2024-08-12,87.3,5.4356,13.9,323.3,1012.6,42.6,6.7,228.6,19.8,21358,66284,1,30.0,24.0,26.8,37.3,24.0,29.2,24.4
Princes Town,2024-08-13,82.4,0.0,9.2,217.9,1013.6,60.4,10.0,207.6,18.0,21362,66259,0,31.8,23.8,27.8,39.1,23.8,31.7,24.4
Princes Town,2024-08-14,80.8,0.0,13.9,106.8,1014.6,47.9,10.3,288.0,24.8,21365,66233,0,32.7,25.0,28.7,40.5,25.0,33.2,24.9
Princes Town,2024-08-15,82.2,3.9878,8.1,123.4,1013.8,55.4,8.0,236.7,20.3,21368,66206,1,31.8,25.0,27.9,39.0,25.0,31.0,24.4
Princes Town,2024-08-16,79.8,0.0,10.3,112.7,1013.1,45.0,8.0,272.2,23.6,21370,66178,0,33.0,24.7,28.5,42.2,24.7,32.9,24.6
Princes Town,2024-08-17,73.4,0.0,8.1,119.1,1013.6,35.5,8.7,271.2,23.7,21372,66150,0,33.9,26.2,29.3,39.0,26.2,33.1,23.7
Princes Town,2024-08-18,78.6,0.0,11.4,107.8,1014.0,31.6,8.3,259.0,22.4,21374,66122,0,33.0,24.9,28.5,40.3,24.9,32.4,24.3
Princes Town,2024-08-19,79.5,0.0,11.4,102.8,1013.6,29.3,9.8,279.8,24.1,21375,66092,0,33.0,24.8,28.8,41.8,24.8,33.4,24.8
Princes Town,2024-08-20,75.7,10.998199999999999,9.2,73.6,1012.9,32.2,7.3,243.2,21.1,21376,66062,1,33.1,25.8,28.6,37.1,25.8,31.3,23.5
Princes Town,2024-08-21,71.2,0.0,8.1,122.9,1012.2,21.8,8.4,282.0,24.3,21376,66032,0,34.0,24.1,28.6,40.3,24.1,30.9,22.5
Princes Town,2024-08-22,72.7,0.0,12.3,108.1,1011.4,41.5,8.4,269.6,23.3,21376,66001,0,32.9,25.7,28.7,38.1,25.7,31.6,23.1
Princes Town,2024-08-23,78.5,4.7752,11.4,111.9,1011.4,60.6,8.0,226.4,19.5,21376,65970,1,32.1,25.0,27.7,37.0,25.0,30.4,23.5
Princes Town,2024-08-24,86.5,8.001,5.8,118.3,1012.1,65.5,8.5,190.4,16.4,21375,65938,1,27.7,24.8,26.0,30.4,24.8,26.4,23.6
Princes Town,2024-08-25,82.0,9.4996,6.9,107.1,1013.8,65.3,7.4,215.9,18.7,21375,65905,1,30.2,24.9,27.1,35.0,24.9,29.3,23.7
Princes Town,2024-08-26,77.7,0.0,9.2,108.2,1014.1,46.3,7.6,283.6,24.5,21373,65872,0,34.1,24.7,28.9,43.3,24.7,33.5,24.4
Princes Town,2024-08-27,90.8,17.983199999999997,8.1,18.8,1013.5,37.0,8.2,236.9,20.4,21372,65839,1,30.0,25.2,27.0,37.4,25.2,29.7,25.3
Princes Town,2024-08-28,88.5,0.6096,9.2,262.2,1013.5,43.5,9.0,219.4,18.9,21370,65805,1,32.8,24.1,27.2,43.1,24.1,30.4,25.0
Princes Town,2024-08-29,87.6,3.302,11.4,224.5,1013.6,48.1,9.6,201.9,17.5,21368,65770,1,32.0,24.8,26.6,40.6,24.8,28.5,24.3
Princes Town,2024-08-30,92.0,0.6096,9.2,119.2,1012.8,51.2,8.1,227.2,19.6,21366,65736,1,30.7,24.2,26.4,38.9,24.2,28.2,24.9
Princes Town,2024-08-31,88.3,19.9898,11.4,83.2,1012.0,63.4,8.3,141.7,12.3,21363,65701,1,30.9,24.1,27.3,40.3,24.1,31.1,25.2
Princes Town,2024-09-01,88.8,5.0038,9.2,265.9,1012.2,63.7,8.4,173.5,14.9,21361,65665,1,31.2,25.1,27.6,39.2,25.1,31.6,25.5
Princes Town,2024-09-02,93.0,48.9966,6.9,117.7,1012.3,74.8,6.2,121.2,10.4,21358,65630,1,29.9,24.7,26.3,37.5,24.7,27.8,25.0
Princes Town,2024-09-03,86.0,0.0,13.9,106.8,1011.8,47.7,8.4,240.4,20.6,21354,65594,0,32.8,24.2,28.1,41.8,24.2,32.8,25.4
Princes Town,2024-09-04,81.4,0.0,11.4,116.7,1011.4,35.2,9.1,264.8,22.9,21351,65557,0,33.2,25.2,29.2,41.9,25.2,34.2,25.5
Princes Town,2024-09-05,80.3,0.0,5.8,130.5,1011.2,27.0,10.5,276.8,23.9,21347,65521,0,34.2,25.0,29.2,41.9,25.0,34.2,25.2
Princes Town,2024-09-06,84.0,39.19219999999999,13.9,102.4,1010.2,42.8,10.3,249.1,21.4,21344,65484,1,33.1,25.1,28.6,43.7,25.1,33.4,25.5
Princes Town,2024-09-07,85.2,5.0038,5.8,188.5,1009.9,67.5,8.5,250.4,21.6,21340,65446,1,33.2,25.8,28.9,45.1,25.8,34.9,26.1
Princes Town,2024-09-08,87.3,7.010400000000001,11.4,125.9,1011.4,58.2,8.4,271.5,23.4,21336,65409,1,33.8,25.1,28.0,44.8,25.1,31.8,25.6
Princes Town,2024-09-09,88.1,35.20439999999999,11.4,218.4,1011.9,68.3,8.0,214.5,18.6,21332,65372,1,32.8,24.2,27.3,43.0,24.2,30.2,25.1
Princes Town,2024-09-10,87.7,1.2953999999999999,12.8,153.5,1010.9,59.7,8.8,240.6,20.8,21327,65334,1,32.2,23.9,26.9,42.6,23.9,29.4,24.6
Princes Town,2024-09-11,86.1,7.010400000000001,9.2,125.8,1010.1,58.9,9.7,249.3,21.5,21323,65296,1,33.8,24.9,28.4,43.2,24.9,33.6,25.7
Princes Town,2024-09-12,87.0,4.5973999999999995,8.1,139.0,1010.8,59.0,6.9,234.1,20.2,21319,65258,1,32.9,26.2,28.4,42.1,26.2,33.9,25.9
Princes Town,2024-09-13,81.8,0.4064,12.8,133.4,1011.3,42.9,6.9,277.6,24.0,21314,65220,1,33.0,26.0,29.1,42.3,26.0,34.1,25.4
Princes Town,2024-09-14,84.9,0.889,8.1,103.5,1012.4,55.3,7.6,242.1,21.0,21310,65182,1,31.2,26.8,28.1,39.4,29.6,33.1,25.3
Princes Town,2024-09-15,82.9,0.508,13.9,105.4,1012.1,60.9,9.2,218.9,18.9,21305,65144,1,32.9,26.2,29.2,42.1,26.2,35.2,25.9
Princes Town,2024-09-16,84.7,0.0,9.2,115.4,1011.7,61.3,9.5,263.7,22.9,21301,65105,0,33.8,26.7,28.9,43.8,30.3,35.1,26.0
Princes Town,2024-09-17,83.8,0.0,13.9,117.6,1011.3,53.4,8.4,253.5,22.1,21296,65067,0,32.9,26.2,29.1,43.8,26.2,35.1,25.9
Princes Town,2024-09-18,87.1,41.9862,11.4,126.3,1011.4,57.3,8.8,251.8,21.8,21292,65029,1,33.7,23.1,27.7,44.5,23.1,31.2,25.2
Princes Town,2024-09-19,82.4,0.0,10.3,121.0,1010.2,44.9,8.6,289.7,25.1,21287,64990,0,33.1,24.2,28.7,41.8,24.2,33.3,25.2
Princes Town,2024-09-20,81.8,0.0,11.4,121.2,1009.1,63.5,8.4,273.3,23.6,21283,64952,0,33.0,26.2,29.2,42.1,26.2,35.4,25.7
Princes Town,2024-09-21,80.9,0.0,12.8,115.4,1010.4,55.1,8.9,263.3,22.5,21278,64914,0,32.9,26.2,29.3,41.8,26.2,34.9,25.5
Princes Town,2024-09-22,79.5,0.0,12.8,118.8,1010.4,36.7,8.7,289.5,25.0,21274,64876,0,33.2,26.2,29.3,42.1,26.2,34.9,25.3
Princes Town,2024-09-23,86.3,0.889,13.9,109.1,1011.4,45.2,8.9,232.9,20.0,21270,64838,1,32.8,25.9,28.1,43.1,25.9,32.6,25.5
Princes Town,2024-09-24,83.2,0.0,11.4,113.6,1011.7,50.5,9.0,185.0,15.9,21266,64800,0,33.1,26.1,28.8,42.1,26.1,33.7,25.5
Princes Town,2024-09-25,85.5,0.2032,8.1,104.2,1010.8,57.4,8.6,220.2,19.0,21262,64762,1,32.0,25.8,28.3,40.3,25.8,33.0,25.5
Princes Town,2024-09-26,89.4,11.9888,9.2,21.7,1010.8,55.1,9.2,239.1,20.6,21258,64725,1,32.8,25.2,27.3,41.9,25.2,30.7,25.4
Princes Town,2024-09-27,85.4,0.0,9.2,118.3,1011.3,60.0,9.4,185.0,16.0,21255,64688,0,33.1,25.8,28.6,43.7,25.8,33.7,25.8
Princes Town,2024-09-28,82.8,0.0,12.8,91.1,1010.6,51.0,9.1,252.0,21.8,21252,64651,0,33.0,26.1,29.1,41.9,26.1,34.6,25.7
Princes Town,2024-09-29,85.8,0.3048,8.1,99.0,1010.8,66.9,8.0,227.2,19.6,21249,64614,1,32.0,25.2,28.0,40.7,25.2,32.2,25.3
Princes Town,2024-09-30,85.3,0.0,11.4,65.2,1011.5,56.6,9.1,217.3,18.7,21246,64577,0,31.8,24.9,28.1,40.3,24.9,32.4,25.3
Princes Town,2024-10-01,85.4,10.0076,9.2,287.8,1009.9,39.2,8.6,255.3,22.0,21243,64541,1,33.9,24.7,28.4,43.1,24.7,33.3,25.6
Princes Town,2024-10-02,86.7,0.0,8.1,290.5,1009.4,39.4,8.9,263.4,22.7,21241,64505,0,33.1,24.8,27.7,42.2,24.8,30.9,25.1
Princes Town,2024-10-03,88.8,0.0,16.1,70.9,1009.8,46.0,9.2,250.7,21.8,21239,64470,0,32.9,24.8,27.1,42.2,24.8,29.8,24.9
Princes Town,2024-10-04,85.9,2.0065999999999997,9.2,117.5,1010.1,54.4,9.2,246.6,21.6,21237,64435,1,32.7,24.8,27.7,42.3,24.8,31.7,25.1
Princes Town,2024-10-05,92.2,73.2028,12.8,143.8,1010.9,63.3,7.9,275.2,23.8,21236,64400,1,30.9,24.7,26.4,40.6,24.7,28.1,25.0
Princes Town,2024-10-06,84.2,0.0,11.4,272.7,1011.5,61.5,9.6,205.7,17.7,21235,64365,0,31.2,23.8,27.3,39.1,23.8,30.5,24.2
Princes Town,2024-10-07,84.9,6.7056,12.8,149.0,1010.6,61.4,9.1,183.0,15.8,21234,64331,1,31.7,24.1,26.3,35.6,24.1,27.3,23.4
Princes Town,2024-10-08,84.5,0.0,15.0,128.8,1010.7,36.6,9.2,229.6,19.9,21234,64298,0,32.8,24.9,28.4,42.3,24.9,33.3,25.4
Princes Town,2024-10-09,88.4,11.6078,13.9,135.6,1012.6,53.7,8.1,210.8,18.1,21234,64265,1,30.8,25.2,27.6,37.3,25.2,31.7,25.5
Princes Town,2024-10-10,82.1,12.2936,13.9,131.4,1012.7,59.7,7.1,174.1,15.0,21235,64233,1,32.9,25.2,28.7,42.6,25.2,33.4,25.1
Princes Town,2024-10-11,82.5,0.2032,13.9,121.4,1012.4,41.9,8.1,224.1,19.6,21236,64201,1,32.9,24.9,28.7,42.2,24.9,33.4,25.3
Princes Town,2024-10-12,82.3,0.4064,16.1,114.0,1012.8,43.5,7.5,242.5,21.1,21237,64169,1,33.1,25.9,29.1,42.5,25.9,34.7,25.7
Princes Town,2024-10-13,81.9,0.0,13.9,129.4,1014.2,52.3,9.4,253.6,21.9,21239,64138,0,33.1,26.0,29.4,43.9,26.0,35.6,25.8
Princes Town,2024-10-14,80.8,0.0,11.4,123.2,1014.8,52.8,9.2,243.3,21.1,21241,64108,0,33.7,26.2,29.3,42.8,26.2,35.2,25.5
Princes Town,2024-10-15,82.8,0.0,13.9,107.2,1013.3,47.4,9.4,214.1,18.6,21244,64079,0,32.2,25.2,28.2,41.0,25.2,32.4,24.9
Princes Town,2024-10-16,82.4,0.0,12.8,97.3,1012.2,46.1,10.5,237.2,20.4,21248,64050,0,32.2,24.1,28.0,40.7,24.1,31.9,24.6
Princes Town,2024-10-17,83.6,0.0,12.8,126.9,1011.6,39.3,11.0,239.6,20.6,21251,64022,0,32.3,25.0,28.3,41.3,25.0,32.6,25.2
Princes Town,2024-10-18,82.3,0.0,15.0,123.3,1011.5,29.0,9.9,239.9,20.8,21256,63994,0,33.1,24.9,29.0,43.8,24.9,34.3,25.6
Princes Town,2024-10-19,86.6,6.2992,17.2,112.8,1009.9,41.2,9.3,232.1,20.0,21261,63967,1,33.1,25.8,28.4,42.5,25.8,33.7,25.9
Princes Town,2024-10-20,87.6,4.0893999999999995,15.0,124.3,1009.1,54.6,7.2,202.3,17.6,21266,63941,1,31.9,25.8,28.0,42.2,25.8,32.3,25.7
Princes Town,2024-10-21,87.7,10.0076,16.1,113.3,1009.3,45.5,6.1,282.5,24.4,21273,63916,1,31.9,25.1,27.4,42.1,25.1,31.1,25.2
Princes Town,2024-10-22,91.5,4.3942,11.4,130.7,1011.7,55.5,8.3,188.0,16.3,21279,63891,1,28.7,25.7,26.9,35.3,25.7,30.0,25.4
Princes Town,2024-10-23,86.5,0.0,11.4,119.9,1012.4,57.2,8.4,205.4,17.9,21287,63867,0,31.8,25.1,28.4,40.6,25.1,34.0,25.9
Princes Town,2024-10-24,92.7,12.9794,11.4,118.3,1010.7,60.7,7.6,200.4,17.4,21294,63844,1,31.0,25.8,27.1,42.2,25.8,30.7,25.8
Princes Town,2024-10-25,87.8,15.722599999999998,13.9,124.4,1011.7,60.2,6.5,219.9,19.0,21303,63822,1,31.8,25.2,27.8,41.9,25.2,31.7,25.5
Princes Town,2024-10-26,83.5,0.9905999999999999,16.1,111.9,1012.1,31.5,8.1,224.1,19.4,21312,63801,1,32.2,24.9,28.4,40.7,24.9,32.8,25.2
Princes Town,2024-10-27,89.8,8.001,16.1,109.8,1011.2,50.0,7.9,201.6,17.5,21322,63780,1,31.2,24.9,27.1,39.6,24.9,29.8,25.2
Princes Town,2024-10-28,84.6,2.0065999999999997,11.4,127.6,1011.5,63.9,9.3,271.3,23.5,21333,63761,1,32.8,25.9,28.7,41.9,25.9,33.6,25.7
Princes Town,2024-10-29,81.2,0.0,11.4,131.0,1012.1,59.2,8.7,232.3,20.2,21344,63742,0,32.8,24.9,28.6,40.7,24.9,32.9,24.8
Princes Town,2024-10-30,81.2,0.0,10.3,130.9,1011.0,50.2,8.9,255.4,22.2,21355,63724,0,33.0,23.1,27.7,40.3,23.1,31.2,23.9
Princes Town,2024-10-31,82.3,0.0,9.2,128.8,1009.2,55.8,8.8,207.6,17.8,21368,63708,0,33.2,25.2,28.3,42.2,25.2,32.6,24.9
Princes Town,2024-11-01,77.1,0.0,11.4,122.6,1008.8,39.6,9.6,242.8,21.1,21381,63692,0,32.8,24.8,28.4,40.3,24.8,31.6,23.7
Princes Town,2024-11-02,76.4,0.9905999999999999,15.0,141.9,1009.0,38.4,10.1,225.3,19.5,21395,63677,1,33.0,24.9,28.1,37.6,24.9,30.9,23.3
Princes Town,2024-11-03,74.3,0.0,13.9,125.1,1009.4,34.7,9.4,243.1,21.0,21409,63663,0,32.2,25.0,28.3,36.2,25.0,30.9,23.1
Princes Town,2024-11-04,82.5,0.0,17.2,106.4,1010.6,55.1,8.1,216.3,18.7,21425,63650,0,33.0,24.9,27.9,42.7,24.9,31.3,24.6
Princes Town,2024-11-05,83.2,17.399,8.1,153.0,1011.1,62.3,8.4,213.4,18.6,21440,63638,1,33.0,24.2,26.6,37.9,24.2,28.3,23.4
Princes Town,2024-11-06,80.1,2.9972,11.4,125.8,1009.5,53.5,8.6,214.8,18.6,21457,63627,1,31.2,24.9,27.5,36.7,24.9,29.7,23.6
Princes Town,2024-11-07,83.9,0.0,10.3,122.3,1008.7,59.9,8.5,184.7,15.9,21474,63617,0,32.8,25.0,28.2,42.1,25.0,32.6,25.1
Princes Town,2024-11-08,81.6,0.0,11.4,135.4,1008.4,52.7,8.8,198.1,17.1,21492,63609,0,33.0,25.9,29.2,43.8,25.9,34.9,25.6
Princes Town,2024-11-09,83.9,0.0,11.4,113.2,1009.7,60.9,7.1,197.8,17.1,21511,63601,0,32.0,26.2,28.7,41.7,26.2,34.6,25.7
Princes Town,2024-11-10,78.9,0.1016,11.4,97.8,1010.6,46.1,9.3,222.4,19.3,21530,63594,1,33.1,26.0,29.0,42.1,26.0,33.3,24.7
Princes Town,2024-11-11,84.2,0.1016,12.8,106.1,1010.4,60.9,8.2,161.8,14.0,21550,63588,1,30.2,26.1,28.1,37.6,26.1,32.8,25.1
Princes Town,2024-11-12,89.5,35.0012,6.9,125.6,1010.5,66.9,7.1,132.1,11.3,21570,63584,1,27.1,23.9,25.7,30.2,23.9,26.3,23.8
Princes Town,2024-11-13,88.6,16.002,18.3,128.9,1008.9,60.7,7.3,187.4,16.3,21592,63580,1,31.0,24.1,26.8,40.2,24.1,29.5,24.7
Princes Town,2024-11-14,83.5,2.0065999999999997,9.2,129.3,1008.9,67.3,7.5,226.8,19.6,21613,63578,1,33.1,24.8,28.3,42.3,24.8,32.8,25.1
Princes Town,2024-11-15,83.4,0.4064,17.2,116.3,1009.4,53.0,7.7,184.9,16.1,21636,63576,1,32.9,25.2,28.5,42.1,25.2,33.3,25.3
Princes Town,2024-11-16,86.7,1.6764,9.2,112.2,1009.5,48.1,8.1,207.7,17.8,21659,63576,1,31.1,25.8,27.4,39.4,25.8,30.9,25.0
Princes Town,2024-11-17,85.8,0.7111999999999999,13.9,109.4,1009.9,44.8,7.7,235.6,20.2,21683,63577,1,33.8,24.9,27.3,43.1,24.9,30.0,24.6
Princes Town,2024-11-18,83.4,2.1082,17.2,137.3,1009.5,34.6,6.2,182.0,15.8,21707,63579,1,33.0,24.0,27.8,43.8,24.0,31.6,24.7
Princes Town,2024-11-19,83.5,2.9972,9.2,126.7,1009.8,30.2,6.1,194.8,16.8,21732,63582,1,31.0,25.9,28.1,39.1,25.9,32.4,25.0
Princes Town,2024-11-20,81.4,4.419599999999999,10.3,127.5,1010.2,33.3,6.2,212.1,18.4,21757,63586,1,32.9,25.9,28.8,41.9,25.9,33.3,25.1
Princes Town,2024-11-21,80.5,2.1082,12.8,121.7,1010.8,33.0,6.9,219.8,19.1,21783,63591,1,33.9,24.9,28.8,42.1,24.9,33.4,24.9
Princes Town,2024-11-22,79.5,0.0,11.4,130.3,1011.1,33.3,9.5,258.2,22.3,21810,63597,0,33.8,25.1,28.9,40.6,25.1,33.1,24.8
Princes Town,2024-11-23,87.4,51.206399999999995,11.4,123.7,1012.1,56.5,8.4,201.2,17.3,21837,63604,1,32.8,24.8,27.0,41.4,24.8,29.7,24.6
Princes Town,2024-11-24,90.4,10.0076,11.4,92.1,1012.8,65.5,6.7,160.1,13.8,21864,63612,1,30.1,24.7,26.4,38.6,24.7,28.8,24.7
Princes Town,2024-11-25,83.5,0.0,16.1,114.4,1012.8,49.8,7.5,203.2,17.6,21892,63622,0,31.9,24.9,28.1,40.0,24.9,31.7,24.9
Princes Town,2024-11-26,90.6,0.9905999999999999,11.4,109.5,1012.0,64.2,6.6,182.4,16.0,21921,63632,1,28.0,25.1,26.4,32.8,25.1,28.2,24.8
Princes Town,2024-11-27,85.8,13.0048,11.4,129.6,1010.9,40.2,8.2,186.0,16.1,21950,63643,1,32.3,25.1,27.8,40.8,25.1,31.8,25.2
Princes Town,2024-11-28,84.8,0.1016,10.3,120.1,1011.6,35.2,8.6,191.7,16.7,21979,63656,1,32.9,25.2,28.1,41.8,25.2,31.9,25.2
Princes Town,2024-11-29,87.9,1.2953999999999999,12.8,122.9,1012.7,49.3,8.4,175.2,15.1,22008,63669,1,31.7,24.9,27.6,40.3,24.9,31.3,25.3
Princes Town,2024-11-30,89.4,26.3144,11.4,110.9,1012.6,64.0,6.1,207.9,18.0,22038,63683,1,29.9,24.8,26.6,37.1,24.8,28.7,24.7
Princes Town,2024-12-01,88.3,0.3048,15.0,87.8,1012.3,53.5,6.0,187.6,16.2,22069,63699,1,29.9,24.9,26.2,37.3,24.9,27.2,24.0
Princes Town,2024-12-02,80.6,11.811,17.2,103.3,1012.2,37.8,10.2,182.0,15.7,22099,63715,1,31.0,24.0,27.6,36.6,24.0,30.6,23.8
Princes Town,2024-12-03,89.5,8.2042,13.9,110.9,1012.6,67.1,6.5,198.5,17.2,22130,63732,1,29.9,24.9,26.4,36.1,24.9,27.7,24.5
Princes Town,2024-12-04,83.0,0.3048,16.1,105.7,1012.3,35.2,6.8,195.3,16.9,22161,63750,1,31.2,25.1,27.6,37.7,25.1,30.2,24.3
Princes Town,2024-12-05,78.4,2.3876,16.1,94.5,1012.4,34.4,7.7,226.3,19.5,22192,63769,1,31.1,24.1,27.3,35.3,24.1,29.2,23.1
Princes Town,2024-12-06,81.1,0.0,13.9,114.6,1011.8,35.5,8.0,230.1,20.0,22224,63789,0,31.2,23.1,27.1,36.7,23.1,29.6,23.4
Princes Town,2024-12-07,81.7,21.4122,11.4,130.2,1011.9,44.2,8.8,223.6,19.4,22255,63810,1,31.7,24.2,27.4,37.5,24.2,29.8,23.8
Princes Town,2024-12-08,82.7,1.4223999999999999,13.9,118.1,1012.3,37.3,8.9,206.6,17.6,22287,63831,1,30.9,24.7,27.3,36.4,24.7,29.9,24.0
Princes Town,2024-12-09,86.0,5.1054,13.9,106.3,1012.2,50.0,7.9,158.1,13.6,22318,63854,1,30.9,24.0,26.6,37.3,24.0,28.2,23.9
Princes Town,2024-12-10,85.9,0.0,13.9,124.0,1011.8,53.6,7.8,198.2,17.2,22350,63877,0,29.1,24.1,26.1,35.6,24.1,27.4,23.4
Princes Town,2024-12-11,87.0,1.3208,11.4,107.3,1011.8,74.9,7.3,199.0,17.3,22382,63901,1,30.7,24.0,25.7,37.8,24.0,26.8,23.3
Princes Town,2024-12-12,86.1,23.0124,9.2,91.5,1011.1,65.8,7.4,186.9,16.0,22414,63925,1,31.9,23.1,25.6,38.7,23.1,26.8,23.0
Princes Town,2024-12-13,82.8,0.3048,8.1,85.9,1010.2,50.0,7.9,187.6,16.2,22445,63951,1,32.0,23.8,26.7,38.9,23.8,29.2,23.5
Princes Town,2024-12-14,86.5,0.0,15.0,116.5,1010.8,52.9,8.6,196.3,16.9,22477,63977,0,31.0,23.8,26.6,38.0,23.8,29.1,24.1
Princes Town,2024-12-15,86.3,0.9905999999999999,13.9,108.0,1011.2,48.8,7.7,199.6,17.3,22508,64003,1,30.7,24.1,26.9,38.4,24.1,29.7,24.3
Princes Town,2024-12-16,85.9,1.0921999999999998,16.1,108.7,1011.6,48.4,8.7,200.0,17.2,22540,64030,1,31.8,24.8,27.3,40.4,24.8,30.5,24.7
Princes Town,2024-12-17,88.4,3.4036,16.1,113.7,1013.3,57.8,8.1,182.7,15.8,22571,64058,1,31.0,25.1,26.9,38.7,25.1,29.3,24.8
Princes Town,2024-12-18,91.5,15.011399999999998,16.1,116.7,1013.5,49.9,7.8,199.9,17.3,22602,64086,1,28.9,24.9,26.3,35.4,24.9,27.9,24.7
Princes Town,2024-12-19,91.9,16.002,15.0,105.0,1013.1,63.0,6.8,173.0,14.9,22632,64115,1,28.7,24.1,26.1,34.8,24.1,27.7,24.6
Princes Town,2024-12-20,86.6,0.7111999999999999,12.8,119.0,1011.8,51.2,7.9,201.4,17.4,22662,64144,1,31.2,24.8,27.6,38.9,24.8,30.9,25.0
Princes Town,2024-12-21,78.8,0.0,13.9,126.5,1012.4,39.3,6.5,223.4,19.3,22692,64174,0,31.1,24.5,27.6,35.5,24.5,29.7,23.4
Princes Town,2024-12-22,81.0,0.508,14.2,109.9,1013.2,51.1,6.0,216.6,18.8,22722,64204,1,31.0,25.1,27.6,37.8,25.1,30.4,23.9
Princes Town,2024-12-23,77.4,0.0,13.9,111.2,1013.7,44.6,5.6,182.7,15.9,22751,64235,0,30.7,23.9,27.2,34.9,23.9,29.3,22.8
Princes Town,2024-12-24,76.5,0.0,16.1,102.1,1012.6,54.1,3.0,189.0,16.3,22780,64266,0,30.1,24.2,27.3,34.8,24.2,29.3,22.7
Princes Town,2024-12-25,74.5,0.0,16.1,111.2,1011.8,42.7,3.8,238.5,20.7,22808,64297,0,30.2,23.8,26.6,32.9,23.8,27.7,21.5
Princes Town,2024-12-26,76.7,0.0,14.3,111.9,1012.1,44.3,6.7,221.3,19.0,22836,64329,0,30.2,22.9,26.0,33.3,22.9,26.8,21.4
Princes Town,2024-12-27,74.5,0.0,11.4,116.8,1012.1,49.3,8.2,226.6,19.6,22863,64360,0,30.1,22.7,26.0,31.7,22.7,26.8,20.8
Princes Town,2024-12-28,74.3,0.0,8.1,136.3,1012.4,47.4,8.5,220.0,18.9,22890,64392,0,31.0,22.2,26.3,33.7,22.2,27.6,21.2
Princes Town,2024-12-29,80.1,2.3114,5.8,63.5,1012.2,48.9,9.3,203.4,17.5,22916,64424,1,30.8,22.2,25.3,33.4,22.2,25.8,21.4
Princes Town,2024-12-30,83.1,27.000199999999996,11.4,353.6,1011.7,66.0,8.0,203.3,17.5,22941,64457,1,30.8,22.8,25.1,33.3,22.8,25.6,21.9
Princes Town,2024-12-31,76.2,0.4064,10.3,82.0,1011.2,66.2,8.0,193.8,16.8,22966,64489,1,29.0,23.8,26.1,31.4,23.8,27.0,21.4
Princes Town,2025-01-01,81.9,4.3942,6.9,119.1,1012.2,71.1,7.0,106.2,9.3,22990,64522,1,28.0,24.1,25.5,31.1,24.1,26.2,22.1
Princes Town,2025-01-02,89.4,29.565599999999996,11.8,103.7,1012.5,66.5,6.3,161.2,13.8,23013,64554,1,26.1,23.9,24.8,26.1,23.9,24.8,22.9
Princes Town,2025-01-03,84.2,2.7178,15.0,100.0,1012.5,61.6,7.8,161.0,13.9,23036,64587,1,28.8,23.0,25.3,33.0,23.0,26.2,22.4
Princes Town,2025-01-04,81.2,0.0,14.9,107.9,1012.2,42.7,7.2,203.5,17.6,23058,64619,0,30.0,24.1,26.7,34.7,24.1,28.8,23.1
Princes Town,2025-01-05,80.1,3.9878,13.9,113.4,1013.2,62.4,6.5,202.8,17.7,23079,64652,1,29.9,22.4,26.2,33.3,22.4,27.0,22.3
Princes Town,2025-01-06,76.0,0.0,12.8,116.3,1013.1,47.3,8.9,229.3,19.8,23099,64684,0,30.1,22.8,26.3,32.3,22.8,27.2,21.4
Princes Town,2025-01-07,76.6,0.2032,12.8,124.8,1012.9,27.4,9.5,194.5,16.9,23119,64716,1,30.9,23.1,26.4,36.2,23.1,27.8,21.8
Princes Town,2025-01-08,73.7,0.0,12.8,117.9,1013.0,32.4,8.8,240.5,21.0,23138,64748,0,30.1,22.8,26.3,32.4,22.8,27.1,20.9
Princes Town,2025-01-09,73.0,0.0,10.3,111.9,1011.9,44.1,8.9,220.6,19.0,23155,64780,0,29.8,21.7,25.3,31.7,21.7,26.1,19.9
Princes Town,2025-01-10,73.0,0.0,8.1,122.0,1012.0,55.3,9.2,197.3,16.9,23172,64812,0,31.1,20.9,25.7,32.7,20.9,26.4,20.2
Princes Town,2025-01-11,76.0,1.1938,13.9,106.6,1012.9,54.7,8.5,230.7,20.1,23188,64843,1,30.1,23.7,26.2,32.5,23.7,27.2,21.4
Princes Town,2025-01-12,75.8,0.0,13.9,106.8,1013.9,32.7,9.3,231.7,20.1,23203,64874,0,30.0,23.0,25.8,32.6,23.0,26.4,21.1
Princes Town,2025-01-13,79.0,0.0,11.4,92.4,1013.8,31.0,9.7,230.0,19.9,23218,64905,0,31.8,21.7,26.2,36.4,21.7,27.6,22.0
Princes Town,2025-01-14,75.9,0.0,10.3,56.2,1013.6,32.9,9.2,260.7,22.7,23231,64936,0,31.8,20.2,25.4,33.3,20.2,26.2,20.4
Princes Town,2025-01-15,76.0,0.3048,9.2,76.4,1013.5,55.1,8.3,210.4,18.3,23243,64966,1,29.8,21.7,25.4,31.6,21.7,26.1,20.6
Princes Town,2025-01-16,80.5,0.7111999999999999,15.0,113.2,1013.8,61.3,7.6,201.9,17.4,23254,64996,1,29.2,21.9,24.8,31.4,21.9,25.4,21.0
Princes Town,2025-01-17,76.5,4.495799999999999,15.0,117.9,1014.8,40.0,8.8,225.1,19.5,23264,65025,1,29.9,23.1,26.1,32.6,23.1,27.2,21.4
Princes Town,2025-01-18,87.7,9.6012,13.9,91.5,1015.3,56.5,7.3,197.4,17.1,23274,65054,1,28.8,23.0,25.3,33.9,23.0,26.2,23.1
Princes Town,2025-01-19,83.1,6.985,16.8,102.9,1014.9,46.3,8.9,222.0,19.3,23282,65083,1,30.9,22.9,25.7,35.9,22.9,26.9,22.4
Princes Town,2025-01-20,77.9,2.9972,21.9,112.7,1014.6,56.7,6.8,226.9,19.6,23289,65111,1,30.0,22.9,26.0,33.9,22.9,26.9,21.6
Princes Town,2025-01-21,79.2,10.998199999999999,21.9,103.7,1014.5,56.3,6.6,211.1,18.4,23295,65139,1,29.1,23.0,25.8,31.8,23.0,26.8,21.8
Princes Town,2025-01-22,78.3,7.010400000000001,13.9,110.2,1014.9,41.4,7.7,230.9,19.7,23300,65166,1,29.2,23.0,25.5,31.5,23.0,26.2,21.3
Princes Town,2025-01-23,72.9,0.6096,13.9,119.4,1014.4,27.9,9.0,216.6,18.6,23304,65192,1,30.1,23.0,26.5,32.7,23.0,27.4,21.0
Princes Town,2025-01-24,72.8,0.9905999999999999,13.5,112.6,1013.4,33.0,9.7,265.2,22.9,23308,65218,1,30.2,23.2,26.5,33.9,23.2,27.4,21.0
Princes Town,2025-01-25,80.7,5.9944,15.0,119.7,1014.6,51.5,8.0,204.8,17.7,23310,65244,1,29.9,22.0,25.1,33.2,22.0,25.8,21.4
Princes Town,2025-01-26,75.7,0.9905999999999999,11.4,112.4,1014.8,45.2,8.2,250.0,21.7,23311,65269,1,30.2,20.9,25.6,31.8,20.9,26.3,20.7
Princes Town,2025-01-27,86.9,16.002,9.2,115.1,1013.6,58.8,6.7,162.0,14.0,23311,65293,1,27.7,23.9,25.2,31.4,23.9,25.8,22.9
Princes Town,2025-01-28,88.1,2.0065999999999997,20.8,110.8,1012.5,61.9,7.1,156.0,13.3,23309,65317,1,29.8,22.9,26.1,35.7,22.9,28.1,24.4
Princes Town,2025-01-29,83.9,8.2042,18.3,114.0,1013.5,54.4,6.7,184.5,15.9,23307,65340,1,29.8,24.8,26.4,33.7,24.8,27.7,23.3
Princes Town,2025-01-30,73.9,5.1054,18.3,104.5,1014.4,38.9,6.1,231.4,20.0,23304,65363,1,29.8,24.8,26.7,32.2,24.8,27.6,21.4
Princes Town,2025-01-31,76.3,2.0065999999999997,18.3,106.9,1014.1,32.8,6.0,223.2,19.3,23300,65385,1,30.0,22.8,26.1,32.4,22.8,27.1,21.3
Princes Town,2025-02-01,74.0,0.2032,17.2,102.6,1013.4,37.5,5.0,235.3,20.3,23295,65406,1,30.0,23.9,26.3,32.3,23.9,27.2,21.2
Princes Town,2025-02-02,73.9,0.0,18.3,96.2,1012.6,46.8,6.1,226.1,19.6,23289,65427,0,29.8,22.8,25.9,31.7,22.8,26.7,20.6
Princes Town,2025-02-03,77.5,0.0,18.3,99.9,1011.9,56.9,5.2,222.0,19.0,23281,65447,0,29.8,23.7,26.2,32.8,23.7,27.3,21.8
Princes Town,2025-02-04,70.1,0.9905999999999999,16.3,105.9,1012.2,30.8,6.1,233.0,20.1,23273,65466,1,29.2,24.2,26.5,31.1,24.2,27.2,20.4
Princes Town,2025-02-05,70.5,0.0,13.0,107.4,1012.1,28.2,8.2,229.2,19.8,23264,65485,0,30.8,23.1,26.3,32.3,23.1,27.1,20.3
Princes Town,2025-02-06,72.8,0.0,16.1,107.3,1012.5,39.1,8.1,237.2,20.5,23254,65503,0,30.2,22.1,26.1,32.7,22.1,27.1,20.6
Princes Town,2025-02-07,76.7,3.0987999999999998,17.2,107.1,1012.4,54.1,7.6,219.2,18.9,23242,65521,1,29.1,23.1,25.7,31.1,23.1,26.3,21.2
Princes Town,2025-02-08,68.3,0.0,12.8,114.7,1012.6,55.8,7.3,240.2,20.6,23230,65538,0,30.8,23.8,26.9,32.3,23.8,27.7,20.3
Princes Town,2025-02-09,75.7,0.4064,16.1,106.8,1013.0,45.5,7.5,228.1,19.6,23217,65554,1,28.9,23.0,25.7,31.7,23.0,26.7,21.0
Princes Town,2025-02-10,75.2,0.2032,21.9,96.6,1013.5,51.9,7.3,208.0,18.0,23203,65569,1,29.8,22.7,25.6,31.6,22.7,26.1,20.7
Princes Town,2025-02-11,69.5,0.3048,21.9,104.5,1012.5,53.9,7.8,269.8,23.3,23188,65584,1,29.2,23.1,26.1,32.2,23.1,26.8,19.9
Princes Town,2025-02-12,72.2,0.508,23.0,109.7,1013.2,50.8,7.4,242.2,21.0,23172,65599,1,29.0,23.0,25.9,30.8,23.0,26.7,20.4
Princes Town,2025-02-13,71.7,0.0,17.2,104.6,1014.6,33.8,7.4,246.1,21.3,23156,65612,0,29.7,23.8,26.2,31.1,23.8,26.8,20.5
Princes Town,2025-02-14,68.6,0.0,23.0,106.8,1014.3,47.9,7.6,189.0,16.2,23138,65625,0,29.0,23.8,26.2,31.2,23.8,26.8,19.8
Princes Town,2025-02-15,75.2,0.7111999999999999,20.8,97.1,1012.9,69.0,6.8,228.7,19.8,23120,65638,1,29.7,21.1,24.9,31.1,21.1,25.4,20.0
Princes Town,2025-02-16,80.3,9.398,16.1,118.0,1013.3,55.1,7.6,207.6,17.8,23100,65649,1,30.0,22.8,25.9,36.2,22.8,27.3,22.1
Princes Town,2025-02-17,76.4,0.3048,19.7,105.0,1013.4,33.4,7.9,223.8,19.3,23080,65661,1,30.2,23.8,26.2,34.3,23.8,27.2,21.4
Princes Town,2025-02-18,71.0,0.0,16.1,103.9,1013.1,28.0,8.1,246.8,21.3,23059,65671,0,29.8,22.9,26.2,31.6,22.9,27.0,20.3
Princes Town,2025-02-19,68.9,0.0,17.2,114.1,1014.0,23.4,7.2,254.1,21.9,23038,65681,0,30.2,23.2,26.2,32.7,23.2,26.8,19.9
Princes Town,2025-02-20,77.2,0.9905999999999999,20.8,116.9,1014.4,52.8,5.9,236.9,20.5,23015,65691,1,29.8,23.8,26.0,32.9,23.8,27.0,21.6
Princes Town,2025-02-21,73.0,0.1016,13.9,118.1,1014.5,34.1,7.3,253.9,21.9,22992,65700,1,29.8,24.0,26.4,31.6,24.0,27.2,20.9
Princes Town,2025-02-22,72.2,0.0,13.9,106.0,1014.7,26.4,6.5,250.1,21.6,22968,65708,0,30.8,22.7,26.1,32.3,22.7,26.8,20.3
Princes Town,2025-02-23,73.6,0.0,15.0,120.1,1013.9,29.9,7.2,232.2,20.1,22943,65716,0,30.1,22.8,26.4,33.0,22.8,27.3,21.0
Princes Town,2025-02-24,74.3,0.0,16.1,124.2,1013.2,31.8,6.7,237.6,20.7,22918,65723,0,30.2,24.1,26.8,33.2,24.1,27.8,21.6
Princes Town,2025-02-25,75.4,0.0,19.7,118.6,1013.6,39.9,7.6,237.6,20.4,22892,65730,0,29.8,23.9,26.6,33.1,23.9,27.6,21.7
Princes Town,2025-02-26,72.9,0.0,16.1,121.6,1014.4,29.2,7.1,256.5,22.1,22865,65736,0,30.8,23.9,26.7,33.6,23.9,27.6,21.2
Princes Town,2025-02-27,73.7,0.0,15.0,117.1,1013.6,45.6,5.6,263.0,22.8,22838,65742,0,29.9,24.1,26.4,32.4,24.1,27.3,21.2
Princes Town,2025-02-28,73.1,0.8128,15.0,118.9,1013.0,36.6,5.1,241.8,21.0,22810,65747,1,30.0,23.8,26.5,32.6,23.8,27.4,21.1
Princes Town,2025-03-01,68.8,0.0,18.3,102.8,1013.0,36.6,6.5,266.7,23.0,22782,65752,0,30.8,23.8,26.3,30.7,23.8,26.7,19.7
Princes Town,2025-03-02,71.2,0.0,15.0,104.1,1012.7,48.2,7.6,211.7,18.2,22753,65757,0,29.1,23.2,25.9,30.3,23.2,26.6,20.2
Princes Town,2025-03-03,72.5,0.0,15.0,115.6,1011.9,27.8,6.3,231.8,20.1,22723,65761,0,30.0,23.8,26.4,31.9,23.8,27.4,20.9
Princes Town,2025-03-04,71.9,0.0,16.6,107.2,1011.8,39.6,7.3,247.0,21.3,22693,65764,0,30.8,23.8,26.8,33.3,23.8,27.8,21.1
Princes Town,2025-03-05,72.0,0.508,16.1,120.1,1011.4,57.8,6.9,250.7,21.6,22663,65767,1,29.8,23.2,26.2,31.6,23.2,26.8,20.5
Princes Town,2025-03-06,79.8,0.0,15.0,123.5,1012.4,52.0,7.3,254.4,22.0,22632,65770,0,29.9,23.2,26.3,32.5,23.2,27.5,21.1
Princes Town,2025-03-07,72.4,0.0,13.9,109.0,1014.2,47.1,7.8,256.0,22.1,22600,65773,0,32.1,23.1,27.3,36.1,23.1,28.9,21.6
Princes Town,2025-03-08,72.0,0.0,15.0,113.1,1014.0,53.2,8.6,236.3,20.2,22569,65775,0,30.2,22.2,26.2,32.6,22.2,27.0,20.4
Princes Town,2025-03-09,66.9,0.0,16.1,110.9,1013.8,64.1,9.5,266.0,22.8,22536,65777,0,30.2,22.2,26.3,31.4,22.2,27.0,19.4
Princes Town,2025-03-10,66.3,11.9888,13.9,113.4,1013.5,57.4,9.7,253.0,21.8,22504,65778,1,31.0,22.1,26.6,31.9,22.1,27.2,19.4
Princes Town,2025-03-11,70.2,0.0,13.9,112.6,1013.5,43.8,8.5,226.7,19.6,22471,65779,0,30.6,23.9,26.7,33.6,23.9,27.4,20.6
Princes Town,2025-03-12,70.9,0.0,13.9,117.5,1013.5,40.5,7.7,251.4,21.6,22438,65780,0,31.1,23.9,26.9,33.1,23.9,28.0,20.9
Princes Town,2025-03-13,70.0,0.0,13.9,106.1,1013.3,46.3,9.1,252.9,21.8,22404,65781,0,31.0,22.9,27.1,33.2,22.9,28.5,20.9
Princes Town,2025-03-14,78.8,5.0038,13.9,102.5,1012.1,68.2,8.6,206.0,17.8,22371,65782,1,29.1,24.2,26.4,32.0,24.2,27.5,22.3
Princes Town,2025-03-15,72.7,0.1016,12.8,116.0,1012.5,64.6,8.8,262.9,22.7,22336,65782,1,31.3,24.9,27.3,34.2,24.9,28.6,21.8
Princes Town,2025-03-16,73.4,0.0,11.4,122.9,1013.6,41.5,7.3,263.5,22.6,22302,65782,0,31.8,24.2,27.7,35.2,24.2,29.3,22.2
Princes Town,2025-03-17,73.2,0.0,15.0,120.9,1013.7,36.3,6.0,263.6,22.9,22268,65782,0,32.2,24.9,27.9,35.9,24.9,29.8,22.4
Princes Town,2025-03-18,72.2,0.0,11.4,129.5,1013.4,53.8,7.3,292.1,25.3,22233,65781,0,31.9,24.9,27.6,34.6,24.9,29.0,21.9
Princes Town,2025-03-19,69.9,0.0,13.9,123.7,1013.4,41.9,7.4,292.3,25.4,22198,65781,0,32.9,24.9,28.1,34.6,24.9,29.5,21.6
Princes Town,2025-03-20,73.5,0.0,16.1,130.9,1014.6,57.6,5.7,284.0,24.5,22163,65780,0,31.2,24.2,27.3,33.8,24.2,28.8,21.9
Princes Town,2025-03-21,72.7,0.6096,18.3,118.4,1015.5,55.0,4.9,266.3,22.9,22128,65780,1,31.1,24.1,27.2,33.2,24.1,28.4,21.6
Princes Town,2025-03-22,70.0,0.9905999999999999,18.3,105.6,1015.6,39.0,6.2,278.3,24.0,22093,65779,1,31.1,24.8,27.4,33.2,24.8,28.5,21.2
Princes Town,2025-03-23,71.4,0.9905999999999999,17.2,114.0,1014.8,37.6,7.6,232.1,20.0,22058,65778,1,30.8,23.9,26.9,33.3,23.9,27.9,21.0
Princes Town,2025-03-24,69.5,2.6923999999999997,19.7,112.3,1015.2,37.8,8.1,286.8,24.7,22023,65777,1,31.0,23.8,27.0,34.1,23.8,28.1,20.6
Princes Town,2025-03-25,70.8,0.2032,17.2,124.7,1014.9,36.5,6.7,263.7,22.8,21988,65776,1,30.2,23.1,26.7,31.9,23.1,27.7,20.7
Princes Town,2025-03-26,73.8,4.5973999999999995,20.8,127.3,1014.6,53.6,6.4,274.7,23.8,21952,65775,1,30.1,24.2,26.6,32.6,24.2,27.6,21.3
Princes Town,2025-03-27,74.0,3.6067999999999993,19.7,121.8,1013.6,46.4,6.4,245.2,21.0,21917,65774,1,29.9,23.8,26.5,31.8,23.8,27.5,21.3
Princes Town,2025-03-28,70.5,0.2032,16.1,121.1,1012.9,43.5,6.6,270.4,23.4,21882,65773,1,30.7,24.1,26.9,32.2,24.1,27.8,20.8
Princes Town,2025-03-29,76.9,2.5907999999999998,20.8,100.1,1012.9,65.3,6.6,252.1,21.9,21847,65773,1,29.1,23.1,25.8,31.3,23.1,26.5,21.3
Princes Town,2025-03-30,76.8,0.3048,23.0,95.6,1012.2,70.4,7.4,246.4,21.5,21812,65772,1,29.8,23.2,25.6,32.7,23.2,26.3,21.1
Princes Town,2025-03-31,69.0,0.0,18.3,99.9,1012.6,60.7,8.3,260.6,22.5,21777,65771,0,30.7,23.0,26.6,32.1,23.0,27.2,20.1
Princes Town,2025-04-01,70.3,0.0,18.3,94.8,1013.3,58.3,8.2,267.9,23.1,21742,65770,0,30.2,24.7,26.9,32.6,24.7,28.0,20.9
Princes Town,2025-04-02,72.1,0.7111999999999999,19.7,85.8,1013.1,71.1,7.4,236.6,20.4,21708,65769,1,30.0,24.2,26.7,32.2,24.2,27.7,21.1
Princes Town,2025-04-03,63.0,0.0,19.7,89.2,1013.4,55.6,7.1,211.5,18.4,21673,65769,0,30.8,25.0,27.3,32.1,25.0,28.0,19.5
Princes Town,2025-04-04,70.3,2.9972,17.2,97.9,1014.9,65.7,6.5,217.5,18.8,21639,65768,1,28.2,24.1,26.1,30.1,24.1,26.5,20.2
Princes Town,2025-04-05,78.6,4.8006,18.3,91.8,1014.8,65.3,6.6,197.3,17.0,21605,65768,1,30.0,23.1,25.5,31.9,23.1,26.2,21.3
Princes Town,2025-04-06,79.1,3.302,20.8,106.6,1013.5,63.2,7.1,218.6,18.9,21571,65768,1,29.9,23.8,25.8,32.6,23.8,26.5,21.8
Princes Town,2025-04-07,77.4,0.1016,17.2,98.3,1012.4,62.7,8.2,197.1,17.0,21538,65768,1,29.8,24.8,26.7,32.9,24.8,28.0,22.3
Princes Town,2025-04-08,81.1,1.0921999999999998,17.2,104.4,1012.7,63.9,6.0,156.2,13.6,21505,65768,1,29.2,24.9,26.5,32.8,24.9,27.9,22.9
Princes Town,2025-04-09,79.0,1.1938,18.3,104.8,1014.1,60.4,6.6,260.9,22.5,21472,65768,1,30.0,24.9,26.7,33.3,24.9,28.0,22.6
Princes Town,2025-04-10,75.8,0.0,17.2,108.6,1013.7,51.2,6.4,256.2,22.3,21439,65769,0,30.8,24.9,27.3,34.3,24.9,28.8,22.4
Princes Town,2025-04-11,72.7,0.0,17.2,100.5,1013.0,30.8,5.6,281.2,24.1,21407,65770,0,31.0,24.8,27.5,33.7,24.8,28.9,21.9
Princes Town,2025-04-12,75.6,0.0,16.1,97.6,1013.0,47.3,6.7,268.0,23.2,21375,65771,0,31.1,24.9,27.6,36.3,24.9,29.7,22.8
Princes Town,2025-04-13,79.6,0.0,16.1,113.8,1013.1,35.0,7.5,278.6,24.2,21344,65772,0,31.8,23.8,27.2,36.7,23.8,29.5,23.2
Princes Town,2025-04-14,74.4,0.0,16.1,100.5,1013.8,30.6,7.7,249.9,21.6,21313,65774,0,31.1,24.8,27.5,34.6,24.8,29.0,22.2
Princes Town,2025-04-15,84.2,0.9905999999999999,18.3,107.1,1013.1,37.7,7.9,254.2,22.0,21282,65776,1,30.2,24.0,26.4,36.2,24.0,28.4,23.5
Princes Town,2025-04-16,78.0,0.9905999999999999,15.0,106.2,1012.5,40.8,8.2,281.5,24.4,21252,65778,1,31.8,24.1,27.3,36.7,24.1,29.4,23.1
Princes Town,2025-04-17,81.3,0.0,19.7,106.2,1012.8,55.1,7.5,243.5,21.0,21222,65780,0,31.2,25.1,27.5,36.6,25.1,30.0,23.9
Princes Town,2025-04-18,79.5,0.0,18.3,91.1,1013.1,60.0,6.9,287.7,24.8,21193,65783,0,30.9,25.0,27.9,38.0,25.0,31.1,23.9
Princes Town,2025-04-19,73.3,0.3048,17.2,102.7,1012.7,55.3,6.8,261.7,22.6,21164,65786,1,31.2,25.9,28.1,34.3,25.9,30.2,22.7
Princes Town,2025-04-20,76.6,0.0,16.1,113.9,1011.9,59.7,6.5,245.1,21.3,21136,65789,0,31.9,24.1,27.6,37.5,24.1,29.6,22.8
Princes Town,2025-04-21,77.2,10.0076,13.9,88.1,1010.3,43.0,6.8,253.4,21.7,21108,65793,1,32.8,23.8,26.2,34.8,23.8,26.8,21.4
Princes Town,2025-04-22,85.0,97.00259999999999,13.9,96.2,1010.2,48.6,7.2,286.1,24.7,21081,65797,1,31.2,22.1,25.7,36.7,22.1,27.2,22.8
Princes Town,2025-04-23,80.4,0.2032,11.4,113.9,1011.0,66.0,7.4,196.2,16.8,21054,65801,1,30.8,24.0,26.8,35.3,24.0,28.6,23.1
Princes Town,2025-04-24,87.2,18.592799999999997,11.4,108.1,1011.1,71.5,5.4,177.7,15.4,21028,65806,1,28.2,25.2,26.4,32.1,25.2,27.7,24.1
Princes Town,2025-04-25,75.8,0.0,15.0,106.7,1011.2,51.0,8.1,261.8,22.7,21003,65811,0,30.9,25.0,27.7,35.1,25.0,29.6,22.8
Princes Town,2025-04-26,72.7,0.0,16.1,101.2,1011.2,35.3,8.1,269.3,23.2,20978,65816,0,31.7,24.8,27.6,34.6,24.8,29.1,22.0
Princes Town,2025-04-27,72.5,0.0,15.0,110.0,1011.8,51.9,8.5,181.8,15.7,20954,65822,0,30.2,24.1,27.1,32.6,24.1,28.5,21.6
Princes Town,2025-04-28,77.0,0.0,17.2,106.5,1012.4,54.5,8.2,316.8,27.3,20930,65828,0,31.2,24.8,27.8,36.7,24.8,30.3,23.3
