name,datetime,humidity,precip,precipcover,windspeed,winddir,sealevelpressure,cloudcover,visibility,solarradiation,solarenergy,sunrise,sunset,tempmax c,tempmin c,avgtemp c,feelslikemax c,feelslikemin c,avgfeelsliketemp c,dewpoint c
Scarborough,2005-01-01,88.2,2.3114,8.33,12.8,64.6,1014.1,94.7,5.2,212.1,18.311764705882354,22933,64271,27.8,23.8,25.1,31.4,23.8,25.3,23.0
Scarborough,2005-01-02,70.7,0.0,0.0,11.4,31.5,1010.4,40.7,14.9,245.04117647058823,21.147058823529413,23215,65185,29.1,23.8,25.7,30.9,23.8,26.2,19.8
Scarborough,2005-01-03,70.1,0.3048,4.17,18.3,102.9,1013.7,35.0,9.7,254.06470588235297,21.970588235294116,22665,65572,31.1,26.1,28.1,34.7,26.1,30.3,22.1
Scarborough,2005-01-04,72.5,0.0,0.0,17.2,95.7,1014.4,38.6,6.3,262.15882352941173,22.641176470588235,21577,65638,30.1,27.1,28.4,34.3,29.5,31.7,22.9
Scarborough,2005-01-05,77.9,0.508,4.17,16.1,143.9,1014.7,90.4,10.0,260.9,22.5125,20651,65757,30.1,26.1,27.7,35.2,26.1,30.8,23.5
Scarborough,2005-01-06,77.5,0.0,0.0,20.8,74.6,1013.4,87.3,6.7,246.40625,21.30625,20323,66179,31.1,25.1,28.2,36.7,25.1,31.7,23.8
Scarborough,2005-01-07,74.6,0.0,0.0,13.9,74.6,1014.7,71.3,6.3,190.21875,16.41875,20628,66592,31.1,26.1,28.4,35.9,26.1,31.8,23.4
Scarborough,2005-01-08,74.5,90.3986,4.17,15.0,126.9,1013.3,62.6,10.9,222.625,19.25625,21059,66444,31.2,25.1,28.7,36.9,25.1,32.5,23.7
Scarborough,2005-01-09,75.6,18.313399999999998,8.33,20.8,96.8,1011.7,83.7,7.6,234.45,20.225,21175,65559,32.1,25.1,29.2,39.3,25.1,33.8,24.3
Scarborough,2005-01-10,69.7,0.0,0.0,13.9,109.7,1011.3,55.5,9.7,218.44375,18.85,21105,64390,32.1,26.1,29.2,38.1,26.1,32.7,23.0
Scarborough,2005-01-11,78.9,21.2852,8.33,13.9,91.8,1013.5,59.5,7.4,209.3875,18.10625,21283,63488,31.1,25.1,27.7,36.7,25.1,30.2,23.6
Scarborough,2005-01-12,77.9,0.0,0.0,5.8,36.5,1010.7,58.3,9.7,187.78125,16.29375,21998,63452,30.1,23.8,26.4,34.3,23.8,28.1,22.2
Scarborough,2005-01-13,86.0,19.7866,12.5,13.9,75.7,1010.7,90.0,3.1,218.58823529411765,18.88235294117647,23155,64663,28.3,24.1,26.3,33.1,24.1,28.5,23.7
Scarborough,2005-01-14,87.7,23.3934,12.5,13.9,77.9,1012.4,91.7,5.4,228.3764705882353,19.711764705882352,23168,64694,27.1,24.1,25.3,29.7,24.1,25.6,23.1
Scarborough,2005-01-15,78.6,6.019799999999999,12.5,12.8,73.0,1011.2,87.1,6.3,227.05882352941177,19.58235294117647,23179,64725,29.1,24.1,26.7,32.8,24.1,28.5,22.7
Scarborough,2005-01-16,95.6,25.907999999999998,4.17,9.2,100.0,1011.2,65.0,9.3,227.25882352941176,19.599999999999998,23190,64756,24.1,22.8,23.4,24.1,22.8,23.4,22.7
Scarborough,2005-01-17,95.1,3.6067999999999993,4.17,5.8,90.0,1009.5,38.3,9.3,229.41764705882352,19.83529411764706,23199,64787,24.1,23.1,23.4,24.1,23.1,23.4,22.6
Scarborough,2005-01-18,88.3,10.8966,4.17,11.4,17.7,1011.9,90.0,4.7,231.1235294117647,19.970588235294116,23208,64817,26.6,25.1,25.7,26.6,25.1,25.7,23.6
Scarborough,2005-01-19,85.3,2.9972,8.33,12.8,334.0,1010.2,86.7,6.6,227.11764705882354,19.570588235294117,23215,64846,27.1,25.3,26.4,30.2,25.3,27.4,23.7
Scarborough,2005-01-20,84.7,4.0893999999999995,4.17,11.4,1.5,1011.1,80.0,7.5,238.95294117647057,20.629411764705882,23221,64875,28.1,25.3,26.4,32.1,25.3,27.4,23.7
Scarborough,2005-01-21,85.2,1.2953999999999999,8.33,15.0,49.9,1012.4,88.6,9.9,230.05882352941177,19.83529411764706,23227,64904,26.2,24.2,25.7,26.2,24.2,25.7,23.0
Scarborough,2005-01-22,80.9,0.0,0.0,13.9,73.2,1013.2,64.4,10.5,225.05882352941177,19.45294117647059,23231,64932,28.7,25.1,26.2,32.3,25.1,27.2,22.6
Scarborough,2005-01-23,75.9,0.508,4.17,18.3,92.4,1012.9,30.0,12.8,232.6235294117647,20.041176470588233,23234,64960,29.3,25.3,27.5,33.6,25.3,29.6,22.8
Scarborough,2005-01-24,71.8,0.0,0.0,18.3,97.9,1013.9,51.5,9.5,229.46470588235294,19.852941176470587,23236,64987,30.1,24.7,27.7,34.3,24.7,30.2,22.2
Scarborough,2005-01-25,71.9,0.0,0.0,13.9,69.9,1013.6,39.2,11.5,238.38235294117646,20.599999999999998,23237,65014,28.1,24.1,25.8,29.7,24.1,26.2,20.3
Scarborough,2005-01-26,73.9,0.0,0.0,13.9,70.4,1013.4,22.5,12.7,235.24117647058824,20.305882352941175,23237,65040,29.3,23.8,25.3,31.4,23.8,25.6,20.2
Scarborough,2005-01-27,70.5,0.0,0.0,20.8,81.3,1013.9,27.3,10.7,232.04117647058825,20.041176470588233,23236,65066,29.3,24.1,27.0,31.9,24.1,28.4,21.0
Scarborough,2005-01-28,72.4,0.0,0.0,16.1,38.3,1011.3,47.5,9.7,228.71764705882356,19.711764705882356,23234,65091,28.1,24.6,26.9,30.8,24.6,28.6,21.5
Scarborough,2005-01-29,71.3,0.0,0.0,11.4,39.8,1010.6,87.5,12.6,232.74117647058824,20.105882352941176,23231,65115,27.8,25.1,26.5,29.7,25.1,27.2,20.9
Scarborough,2005-01-30,68.9,0.0,0.0,16.1,37.3,1010.9,57.5,10.6,237.48823529411766,20.5,23227,65139,29.6,23.7,26.0,31.2,23.7,26.7,19.8
Scarborough,2005-01-31,69.5,0.0,0.0,11.4,16.7,1011.2,38.1,11.8,242.2941176470588,20.929411764705883,23222,65162,28.6,23.1,25.9,30.3,23.1,26.5,19.8
Scarborough,2005-02-01,75.1,13.0048,4.17,11.4,50.1,1013.6,62.9,9.6,221.40588235294118,19.15294117647059,22957,64304,29.1,24.1,26.7,32.8,24.1,27.8,21.8
Scarborough,2005-02-02,70.9,0.0,0.0,13.9,31.6,1010.6,35.8,21.0,250.4294117647059,21.641176470588235,23208,65207,28.1,22.8,26.0,30.8,22.8,26.9,20.3
Scarborough,2005-02-03,69.1,0.0,0.0,13.9,104.4,1013.9,51.1,9.7,265.8588235294117,22.96470588235294,22635,65578,30.1,25.8,27.8,33.4,25.8,29.1,21.5
Scarborough,2005-02-04,72.5,0.508,4.17,17.2,101.1,1013.4,40.5,6.8,269.68823529411765,23.329411764705885,21540,65639,30.2,26.1,28.3,35.2,26.1,31.3,22.9
Scarborough,2005-02-05,76.7,0.0,0.0,11.4,115.1,1013.8,77.0,10.3,245.88750000000002,21.2,20629,65766,30.1,26.1,27.9,34.3,26.1,31.1,23.4
Scarborough,2005-02-06,82.8,30.987999999999996,12.5,19.5,80.5,1012.3,91.5,6.9,238.425,20.55625,20325,66195,28.8,24.1,26.3,32.1,24.1,27.5,23.1
Scarborough,2005-02-07,71.8,0.0,0.0,18.3,84.5,1014.7,47.1,7.8,241.60625000000002,20.83125,20644,66599,31.2,26.1,28.3,35.6,26.1,30.8,22.7
Scarborough,2005-02-08,80.9,27.686,16.67,17.2,99.6,1013.6,85.0,7.6,220.425,19.03125,21069,66426,30.2,24.7,27.5,36.3,24.7,30.4,23.9
Scarborough,2005-02-09,73.5,3.9878,4.17,17.2,105.7,1011.7,49.5,9.3,232.075,20.05625,21174,65522,32.1,27.1,29.3,38.2,29.7,34.1,24.1
Scarborough,2005-02-10,70.5,0.0,0.0,11.4,121.9,1010.8,80.0,10.2,216.15,18.6625,21104,64353,32.1,26.1,29.4,36.9,26.1,33.6,23.4
Scarborough,2005-02-11,77.3,0.0,0.0,16.1,98.8,1014.3,58.9,8.4,211.44375,18.275,21298,63471,30.8,26.1,28.2,37.3,26.1,31.6,23.8
Scarborough,2005-02-12,80.7,2.0065999999999997,4.17,12.8,88.9,1011.4,83.3,7.6,208.1375,18.0125,22029,63467,30.1,24.1,26.4,35.2,24.1,27.7,22.8
Scarborough,2005-02-13,70.8,0.0,0.0,17.2,109.7,1011.4,56.7,15.5,248.04117647058823,21.470588235294116,23062,65408,31.7,23.8,28.4,34.2,23.8,30.7,22.1
Scarborough,2005-02-14,74.1,0.3048,4.17,15.0,77.7,1014.9,55.0,10.7,247.5705882352941,21.423529411764704,23043,65422,30.1,26.1,27.2,33.0,26.1,28.4,22.1
Scarborough,2005-02-15,74.4,0.0,0.0,13.9,58.5,1011.9,41.3,10.2,251.37058823529412,21.74705882352941,23023,65436,30.8,25.1,26.8,35.6,25.1,27.9,21.8
Scarborough,2005-02-16,75.0,0.7874,4.17,9.2,47.8,1011.1,32.3,9.3,256.6941176470588,22.18235294117647,23002,65450,29.1,21.3,26.0,31.4,21.3,27.1,21.1
Scarborough,2005-02-17,69.5,0.508,4.17,11.4,13.4,1011.5,55.4,9.8,258.5764705882353,22.376470588235293,22981,65462,29.2,24.1,27.7,32.1,24.1,29.7,21.5
Scarborough,2005-02-18,68.3,0.0,0.0,9.2,19.9,1012.8,86.3,11.8,259.8529411764706,22.50588235294118,22958,65475,29.3,25.1,27.4,32.1,25.1,28.7,21.0
Scarborough,2005-02-19,70.2,0.0,0.0,11.4,42.3,1014.3,67.6,11.0,251.8294117647059,21.8,22935,65486,29.6,24.1,26.8,31.5,24.1,28.0,20.8
Scarborough,2005-02-20,70.5,0.0,0.0,15.0,37.8,1014.3,64.3,10.0,265.9647058823529,23.0,22911,65497,30.1,24.3,26.9,32.7,24.3,27.9,21.0
Scarborough,2005-02-21,62.7,0.0,0.0,15.0,43.6,1014.0,40.0,9.8,263.3294117647059,22.776470588235295,22887,65508,30.1,24.6,27.4,30.9,24.6,28.2,19.5
Scarborough,2005-02-22,71.4,0.9905999999999999,4.17,18.3,41.3,1012.9,61.3,10.3,250.31176470588235,21.63529411764706,22861,65517,29.3,23.1,26.7,32.1,23.1,27.8,21.1
Scarborough,2005-02-23,74.1,2.0065999999999997,4.17,11.4,50.9,1014.3,84.6,8.2,251.45294117647057,21.77058823529412,22835,65527,28.1,24.1,25.8,30.2,24.1,26.2,20.8
Scarborough,2005-02-24,74.1,0.9905999999999999,4.17,13.9,88.5,1013.9,53.1,9.4,243.1058823529412,21.058823529411764,22808,65536,31.1,24.1,27.0,33.4,24.1,28.2,21.7
Scarborough,2005-02-25,75.6,2.9972,4.17,17.2,90.2,1014.4,47.1,9.6,241.40588235294115,20.88235294117647,22781,65544,30.1,25.1,27.5,34.3,25.1,29.4,22.7
Scarborough,2005-02-26,68.9,0.7874,4.17,20.8,81.2,1014.1,30.8,12.3,260.3882352941177,22.5,22753,65552,30.1,25.1,27.4,32.7,25.1,28.6,21.1
Scarborough,2005-02-27,77.4,2.0065999999999997,4.17,17.2,85.7,1013.1,59.5,8.3,256.8176470588235,22.211764705882356,22724,65559,30.2,24.1,26.8,33.5,24.1,27.8,22.2
Scarborough,2005-02-28,71.7,0.9905999999999999,4.17,15.0,85.0,1013.9,40.8,11.4,269.09411764705885,23.311764705882354,22695,65566,30.8,25.1,26.9,32.6,25.1,27.8,21.2
Scarborough,2005-03-01,77.2,0.0,0.0,13.4,53.4,1013.3,41.3,13.5,229.49411764705883,19.876470588235293,22979,64337,28.7,24.1,25.7,32.0,24.1,26.5,21.3
Scarborough,2005-03-02,69.9,0.0,0.0,6.9,30.8,1012.5,76.7,11.8,247.48235294117646,21.400000000000002,23200,65228,29.1,23.7,26.2,30.9,23.7,26.9,20.2
Scarborough,2005-03-03,64.4,0.508,4.17,13.9,85.5,1014.0,45.0,10.7,269.5,23.3,22604,65584,31.1,24.8,27.7,33.1,24.8,29.0,20.3
Scarborough,2005-03-04,72.8,0.9905999999999999,4.17,18.3,90.2,1014.4,44.0,6.8,275.27058823529416,23.723529411764705,21504,65640,30.2,26.7,28.6,35.2,26.7,32.0,23.2
Scarborough,2005-03-05,76.7,0.0,0.0,13.9,77.6,1013.5,44.1,9.9,243.09375,20.9875,20607,65775,30.1,25.7,27.8,35.2,25.7,30.3,23.2
Scarborough,2005-03-06,86.4,4.8768,8.33,17.2,84.4,1011.9,90.4,6.7,246.50625,21.24375,20328,66212,29.2,24.1,26.1,33.7,24.1,27.4,23.6
Scarborough,2005-03-07,87.2,14.985999999999999,8.33,11.4,38.2,1013.5,89.5,6.2,251.89374999999998,21.73125,20659,66605,28.1,24.6,26.3,32.8,24.6,27.9,24.0
Scarborough,2005-03-08,73.4,0.0,0.0,15.0,84.5,1013.5,32.9,7.1,226.8875,19.5875,21078,66407,31.1,27.1,29.0,36.7,29.7,33.2,23.7
Scarborough,2005-03-09,71.1,0.0,0.0,12.8,119.1,1012.4,35.7,7.5,222.79375,19.2625,21172,65485,31.3,27.1,29.2,36.7,29.7,33.3,23.3
Scarborough,2005-03-10,72.9,0.0,0.0,8.1,134.0,1010.0,82.7,10.5,213.0875,18.4,21103,64315,32.1,25.8,28.7,36.9,25.8,32.0,23.2
Scarborough,2005-03-11,77.8,2.0065999999999997,12.5,16.1,87.1,1013.8,45.0,9.4,208.41875000000002,18.00625,21314,63456,31.1,24.1,27.4,36.7,24.1,29.6,23.1
Scarborough,2005-03-12,75.9,0.0,0.0,16.1,88.7,1011.8,86.3,8.2,199.15,17.21875,22060,63483,31.1,25.1,27.5,35.2,25.1,29.4,22.7
Scarborough,2005-03-13,68.8,0.3048,4.17,18.3,93.1,1013.8,46.5,9.2,269.9529411764706,23.358823529411765,22269,65620,30.2,25.1,27.6,33.6,25.1,29.2,21.3
Scarborough,2005-03-14,60.1,0.0,0.0,17.2,97.7,1012.6,21.7,11.0,263.3941176470588,22.711764705882356,22234,65622,31.1,24.7,27.8,31.4,24.7,28.4,19.1
Scarborough,2005-03-15,64.4,0.0,0.0,11.4,56.3,1012.4,31.8,12.4,258.8705882352941,22.36470588235294,22198,65624,30.1,24.1,26.8,31.6,24.1,27.3,19.2
Scarborough,2005-03-16,62.8,0.0,0.0,12.8,95.7,1013.4,54.2,11.3,266.44117647058823,23.023529411764706,22162,65626,30.1,24.1,26.9,31.4,24.1,27.6,19.0
Scarborough,2005-03-17,62.4,0.0,0.0,18.3,106.1,1014.0,26.0,11.5,283.1058823529412,24.447058823529414,22126,65627,30.3,26.1,28.4,32.7,26.1,29.9,20.4
Scarborough,2005-03-18,68.8,0.0,0.0,13.9,100.8,1013.9,25.0,12.7,277.2176470588235,23.941176470588236,22090,65628,29.8,25.7,26.7,31.3,25.7,27.1,20.4
Scarborough,2005-03-19,71.1,0.0,0.0,17.2,98.0,1014.0,48.2,10.0,278.5764705882353,24.099999999999998,22054,65630,30.1,25.1,27.4,33.4,25.1,29.3,21.7
Scarborough,2005-03-20,77.4,0.0,0.0,15.0,105.9,1014.2,34.5,9.1,271.44117647058823,23.46470588235294,22017,65631,30.7,26.1,27.4,34.9,26.1,29.9,23.1
Scarborough,2005-03-21,67.1,0.0,0.0,16.1,102.0,1014.0,47.3,6.7,275.5764705882353,23.811764705882354,21980,65631,31.1,26.1,28.9,34.9,26.1,31.6,22.1
Scarborough,2005-03-22,67.8,0.0,0.0,18.3,89.5,1016.2,28.9,6.7,270.5176470588235,23.394117647058824,21944,65632,30.6,25.3,28.4,34.3,25.3,30.6,21.8
Scarborough,2005-03-23,69.7,0.7874,4.17,18.3,94.3,1016.6,30.6,7.7,268.06470588235294,23.211764705882356,21907,65633,30.1,25.3,28.0,33.4,25.3,30.0,21.8
Scarborough,2005-03-24,73.3,0.3048,4.17,11.4,90.0,1015.9,55.0,8.3,286.8,24.77058823529412,21870,65633,30.1,25.1,27.4,34.3,25.1,29.1,22.2
Scarborough,2005-03-25,79.0,5.9944,12.5,16.1,90.9,1013.9,76.9,8.2,274.6058823529412,23.71764705882353,21833,65634,29.7,24.1,26.2,33.3,24.1,27.3,22.2
Scarborough,2005-03-26,83.4,9.0932,12.5,18.3,98.9,1013.7,68.0,5.9,277.01176470588234,23.988235294117647,21796,65635,27.1,23.1,24.9,29.2,23.1,25.1,21.8
Scarborough,2005-03-27,76.7,5.0038,8.33,16.1,95.3,1013.9,55.0,10.7,280.15882352941173,24.205882352941178,21760,65635,30.2,25.1,27.2,34.2,25.1,28.9,22.7
Scarborough,2005-03-28,79.3,5.1054,4.17,18.3,89.9,1013.3,78.4,7.1,274.5176470588235,23.688235294117646,21723,65636,29.1,24.1,26.4,32.1,24.1,27.6,22.4
Scarborough,2005-03-29,68.9,0.3048,4.17,19.5,94.9,1013.5,44.3,9.7,282.5235294117647,24.31764705882353,21686,65636,30.1,25.7,28.4,33.4,25.7,30.8,22.0
Scarborough,2005-03-30,72.8,0.0,0.0,20.8,95.8,1013.3,52.3,8.4,281.8294117647059,24.34705882352941,21649,65637,30.7,25.8,27.3,33.8,25.8,28.9,21.9
Scarborough,2005-03-31,74.2,4.8006,4.17,17.2,85.1,1013.4,61.7,5.2,266.58235294117645,23.04705882352941,21613,65637,30.1,24.8,27.6,34.3,24.8,29.6,22.4
Scarborough,2005-04-01,91.8,18.008599999999998,4.17,13.9,45.3,1011.6,93.8,5.3,229.41764705882352,19.811764705882354,23000,64370,24.7,23.2,23.9,24.7,23.2,23.9,22.5
Scarborough,2005-04-02,73.0,0.0,0.0,9.2,356.2,1013.5,75.5,13.2,253.38823529411766,21.923529411764704,23190,65249,27.8,22.1,25.3,30.2,22.1,25.8,20.1
Scarborough,2005-04-03,70.7,0.0,0.0,19.5,102.1,1013.8,41.0,10.7,265.8058823529412,22.98235294117647,22572,65589,31.1,24.3,27.3,33.8,24.3,28.6,21.3
Scarborough,2005-04-04,75.6,0.0,0.0,17.2,77.2,1014.7,82.5,6.3,283.3176470588235,24.558823529411764,21468,65641,28.3,26.1,26.8,31.8,26.1,28.2,22.1
Scarborough,2005-04-05,78.0,4.013199999999999,12.5,20.8,69.4,1014.2,56.8,9.0,240.91333333333333,20.766666666666666,20586,65785,32.1,24.2,27.3,35.1,24.2,29.2,22.9
Scarborough,2005-04-06,84.3,88.0872,16.67,17.2,115.1,1011.7,90.5,6.5,248.02666666666667,21.39333333333333,20331,66229,29.1,23.1,26.6,34.7,23.1,28.9,23.7
Scarborough,2005-04-07,86.1,2.7685999999999997,12.5,11.4,157.0,1012.5,94.3,5.6,235.16,20.266666666666666,20675,66611,29.1,24.1,26.0,33.7,24.1,26.9,23.5
Scarborough,2005-04-08,72.0,0.0,0.0,17.2,88.6,1013.5,65.3,5.9,229.46,19.793333333333333,21086,66387,32.1,27.3,29.7,38.1,30.4,34.5,24.0
Scarborough,2005-04-09,71.0,0.0,0.0,11.4,111.2,1012.7,29.4,8.2,237.26666666666668,20.473333333333336,21170,65447,31.3,26.1,29.3,36.7,26.1,33.3,23.4
Scarborough,2005-04-10,71.5,0.9905999999999999,4.17,10.3,158.9,1010.4,73.2,10.0,224.16666666666666,19.39333333333333,21103,64279,32.1,26.3,29.5,38.1,26.3,33.9,23.7
Scarborough,2005-04-11,80.1,2.0065999999999997,4.17,18.3,88.2,1012.0,78.0,8.1,201.36,17.413333333333334,21330,63441,30.7,24.1,27.0,34.7,24.1,28.4,23.2
Scarborough,2005-04-12,85.5,10.693399999999999,12.5,11.4,62.7,1011.7,90.5,6.7,185.26000000000002,16.013333333333332,22092,63500,27.1,24.1,25.5,29.3,24.1,25.6,22.8
Scarborough,2005-04-13,73.2,0.0,0.0,19.5,96.9,1012.8,90.0,5.5,277.625,23.96875,21159,65658,31.1,26.8,28.1,34.7,29.3,31.1,22.8
Scarborough,2005-04-14,72.4,0.508,4.17,23.0,97.5,1012.8,81.0,6.7,262.50625,22.675,21126,65661,31.1,26.1,28.2,35.6,26.1,30.7,22.7
Scarborough,2005-04-15,70.8,2.0065999999999997,4.17,18.3,109.2,1012.9,57.6,6.5,264.10625,22.8375,21094,65664,31.1,25.1,28.2,35.6,25.1,30.8,22.3
Scarborough,2005-04-16,68.3,0.0,0.0,17.2,96.8,1014.0,58.1,6.6,261.23125,22.575,21062,65667,30.1,26.1,28.1,33.4,26.1,29.9,21.6
Scarborough,2005-04-17,69.8,0.0,0.0,17.2,93.0,1013.5,61.5,7.1,265.43125,22.95,21031,65671,31.1,24.8,27.4,33.8,24.8,28.9,21.3
Scarborough,2005-04-18,69.8,0.0,0.0,17.2,90.7,1012.4,34.0,7.6,268.95,23.21875,21000,65675,30.3,26.1,28.0,33.6,26.1,30.1,21.8
Scarborough,2005-04-19,73.9,0.0,0.0,16.1,105.1,1011.5,69.0,8.0,259.5125,22.39375,20970,65679,30.2,25.7,27.7,34.1,25.7,29.7,22.4
Scarborough,2005-04-20,72.6,0.0,0.0,17.2,107.7,1011.7,85.3,7.5,259.19375,22.3625,20940,65684,30.2,26.1,28.4,34.3,26.1,31.6,22.9
Scarborough,2005-04-21,71.5,0.0,0.0,17.2,120.7,1011.7,68.3,8.1,265.6125,22.9375,20911,65689,30.3,27.1,28.8,35.2,29.7,32.4,23.1
Scarborough,2005-04-22,75.4,0.0,0.0,16.1,124.2,1010.9,80.5,7.4,271.825,23.50625,20882,65694,31.1,27.1,28.6,36.7,29.7,32.7,23.8
Scarborough,2005-04-23,76.0,0.0,0.0,18.3,124.0,1012.0,71.0,7.7,269.18125,23.25625,20854,65700,30.3,27.1,28.6,35.4,30.2,32.7,23.9
Scarborough,2005-04-24,74.0,0.0,0.0,17.2,121.7,1012.3,73.0,7.6,270.575,23.38125,20826,65706,30.1,27.1,28.6,35.5,29.7,32.4,23.4
Scarborough,2005-04-25,71.6,0.3048,4.17,18.3,116.2,1013.2,45.8,8.2,269.175,23.21875,20799,65712,31.1,26.1,28.7,35.6,26.1,32.1,23.0
Scarborough,2005-04-26,69.9,0.0,0.0,15.0,91.5,1013.5,44.0,9.3,269.59375,23.25625,20773,65719,31.1,26.1,27.9,34.7,26.1,29.8,21.8
Scarborough,2005-04-27,69.9,0.0,0.0,17.2,111.1,1013.5,35.0,9.7,250.00625,21.58125,20747,65726,30.7,25.1,27.4,32.9,25.1,28.7,21.3
Scarborough,2005-04-28,71.2,0.0,0.0,16.1,109.5,1013.0,61.9,11.3,269.7875,23.26875,20722,65733,30.2,25.1,27.7,33.4,25.1,29.6,21.9
Scarborough,2005-04-29,73.8,0.0,0.0,13.9,121.6,1013.2,64.5,10.3,262.05625,22.65625,20698,65741,31.1,25.7,28.4,35.6,25.7,31.6,23.2
Scarborough,2005-04-30,71.8,0.0,0.0,12.8,110.4,1014.0,79.0,8.9,265.63125,22.95625,20674,65749,30.3,27.1,28.9,35.2,30.2,32.7,23.2
Scarborough,2005-05-01,79.0,0.3048,4.17,18.3,25.4,1013.2,91.3,19.1,220.2,19.05,23021,64403,28.1,23.8,25.2,31.1,23.8,25.6,21.3
Scarborough,2005-05-02,67.1,0.0,0.0,15.0,96.1,1014.0,64.3,11.0,235.64375,20.36875,23180,65269,30.1,25.1,27.5,33.4,25.1,28.9,20.8
Scarborough,2005-05-03,74.3,0.0,0.0,13.9,97.5,1013.4,71.1,9.4,255.11874999999998,21.99375,22540,65594,30.2,25.1,26.9,33.2,25.1,28.1,21.8
Scarborough,2005-05-04,69.5,0.0,0.0,20.8,87.2,1014.3,56.3,6.8,285.75625,24.68125,21433,65642,30.1,26.1,28.2,33.4,26.1,30.3,22.0
Scarborough,2005-05-05,80.5,20.3962,12.5,17.2,90.0,1014.2,54.5,8.0,268.88125,23.2125,20566,65795,31.1,25.1,27.6,35.6,25.1,29.9,23.8
Scarborough,2005-05-06,82.3,0.9905999999999999,4.17,12.8,114.8,1011.9,89.0,9.3,214.4125,18.5125,20335,66246,30.1,25.7,27.4,36.3,25.7,30.2,24.1
Scarborough,2005-05-07,85.2,19.1008,4.17,23.0,126.2,1014.5,89.6,6.0,240.7375,20.75625,20691,66616,28.1,23.1,26.1,32.8,23.1,27.4,23.3
Scarborough,2005-05-08,71.0,0.0,0.0,16.1,77.1,1013.5,70.9,7.1,241.63125,20.86875,21095,66367,31.2,27.1,29.1,36.6,29.7,32.9,23.2
Scarborough,2005-05-09,85.2,17.018,8.33,16.1,87.2,1012.1,88.0,8.0,236.425,20.4125,21168,65409,28.3,24.8,26.3,32.1,24.8,27.7,23.6
Scarborough,2005-05-10,70.6,0.0,0.0,15.0,132.7,1010.8,77.3,9.7,204.0375,17.6125,21103,64242,32.1,27.3,29.7,38.1,30.6,34.3,23.7
Scarborough,2005-05-11,86.2,21.8948,8.33,18.3,82.3,1010.9,87.8,7.1,208.71875,18.05,21347,63428,29.1,25.1,26.6,34.7,25.1,28.2,24.1
Scarborough,2005-05-12,79.8,5.8166,8.33,13.9,76.2,1011.3,95.2,8.4,217.0875,18.75625,22124,63518,29.3,24.1,26.5,33.6,24.1,27.9,22.7
Scarborough,2005-05-13,73.2,1.0921999999999998,8.33,20.8,104.3,1010.4,59.5,6.8,269.05625,23.23125,20433,65887,31.1,26.3,28.7,35.6,26.3,32.3,23.3
Scarborough,2005-05-14,80.9,2.0065999999999997,4.17,20.8,91.5,1010.1,90.0,6.6,245.94375,21.23125,20420,65900,30.3,25.1,27.9,36.3,25.1,31.0,24.2
Scarborough,2005-05-15,88.2,10.5918,16.67,17.2,100.9,1009.9,92.0,6.0,264.54375,22.83125,20408,65914,27.8,25.1,26.7,32.7,25.1,28.8,24.5
Scarborough,2005-05-16,87.7,24.079199999999997,8.33,12.8,85.8,1010.5,89.0,7.6,267.26875,23.0625,20396,65927,28.1,23.8,26.3,32.8,23.8,27.9,24.1
Scarborough,2005-05-17,80.1,0.0,0.0,11.4,110.3,1011.4,63.0,8.0,271.70625,23.4375,20386,65942,30.3,25.8,27.8,35.7,25.8,30.5,23.9
Scarborough,2005-05-18,74.1,0.0,0.0,17.2,117.1,1010.5,47.1,7.9,274.4125,23.7125,20376,65956,30.1,25.1,28.2,35.2,25.1,31.1,23.1
Scarborough,2005-05-19,77.1,0.0,0.0,11.4,118.4,1009.5,49.5,9.0,253.35625,21.85625,20367,65970,31.1,25.8,28.3,36.7,25.8,31.5,23.8
Scarborough,2005-05-20,76.9,0.0,0.0,15.0,116.5,1010.9,80.9,8.1,259.43125,22.39375,20359,65985,31.1,26.1,28.7,37.9,26.1,32.8,24.2
Scarborough,2005-05-21,74.4,0.0,0.0,13.9,113.7,1011.7,82.1,6.0,257.5,22.2375,20351,66000,31.1,27.1,29.1,37.9,30.2,33.7,24.0
Scarborough,2005-05-22,76.0,0.7874,4.17,16.1,114.8,1011.9,76.7,7.8,250.6375,21.65625,20345,66016,31.2,27.1,29.1,38.1,30.2,33.9,24.3
Scarborough,2005-05-23,73.5,0.0,0.0,13.9,110.6,1010.3,43.5,11.4,250.66875,21.65,20339,66031,31.1,26.7,29.3,37.9,26.7,33.9,24.0
Scarborough,2005-05-24,73.2,0.508,4.17,18.3,106.1,1010.9,38.1,13.0,262.56875,22.61875,20334,66047,31.2,26.8,29.2,36.8,29.7,33.5,23.8
Scarborough,2005-05-25,77.5,0.0,0.0,15.0,108.8,1012.2,63.5,8.2,244.9625,21.1625,20330,66063,30.1,27.1,28.4,35.2,30.2,32.6,24.1
Scarborough,2005-05-26,78.9,12.191999999999998,8.33,17.2,104.6,1013.0,56.7,6.9,236.48125,20.4125,20327,66079,32.1,26.1,28.5,40.8,26.1,32.9,24.4
Scarborough,2005-05-27,76.7,5.5118,12.5,18.3,88.0,1013.8,56.1,6.6,235.525,20.29375,20324,66096,31.1,26.1,28.6,37.9,26.1,32.3,24.0
Scarborough,2005-05-28,75.5,0.3048,4.17,17.2,80.1,1013.0,33.2,6.4,232.44375,20.056250000000002,20322,66112,31.2,26.1,28.8,36.8,26.1,32.6,23.9
Scarborough,2005-05-29,80.4,7.594599999999999,12.5,23.0,96.0,1012.3,84.2,9.4,220.775,19.04375,20321,66129,30.1,24.1,27.5,35.2,24.1,30.6,23.8
Scarborough,2005-05-30,75.2,0.0,0.0,18.3,91.9,1012.7,88.5,6.4,239.6,20.65,20321,66145,31.3,27.1,29.2,39.3,30.2,34.2,24.3
Scarborough,2005-05-31,76.9,9.0932,12.5,23.0,93.5,1013.2,80.5,5.8,232.5,20.08125,20322,66162,30.8,24.8,28.0,37.1,24.8,31.3,23.6
Scarborough,2005-06-01,85.8,16.002,4.17,10.3,72.0,1013.2,90.0,9.9,206.9875,17.925,23041,64436,26.8,24.2,25.5,29.2,24.2,26.7,22.9
Scarborough,2005-06-02,69.4,0.0,0.0,12.8,102.0,1011.4,38.0,11.4,236.0875,20.39375,23168,65289,30.1,27.8,28.9,33.4,30.9,32.3,22.7
Scarborough,2005-06-03,70.5,0.0,0.0,13.9,97.5,1015.3,85.4,11.6,261.21875,22.56875,22508,65598,30.6,24.6,27.3,33.4,24.6,28.6,21.3
Scarborough,2005-06-04,66.7,0.0,0.0,17.2,81.8,1013.8,69.2,7.1,274.78125,23.73125,21398,65643,30.3,26.1,28.1,33.4,26.1,30.0,21.3
Scarborough,2005-06-05,82.9,4.8006,12.5,16.1,87.0,1013.6,82.9,6.4,265.68125,22.9375,20547,65805,29.1,24.8,26.6,32.8,24.8,28.1,23.4
Scarborough,2005-06-06,88.9,5.9944,12.5,8.1,39.5,1012.2,90.0,8.9,216.29375000000002,18.65,20340,66263,27.1,24.8,25.8,30.8,24.8,26.1,23.8
Scarborough,2005-06-07,81.1,0.508,4.17,16.1,101.6,1014.8,73.2,8.4,228.92499999999998,19.74375,20706,66620,30.2,24.8,27.1,35.7,24.8,29.4,23.6
Scarborough,2005-06-08,76.5,0.0,0.0,15.0,85.0,1013.3,35.0,7.7,255.78125,22.1125,21103,66345,31.7,26.1,28.2,36.7,26.1,31.3,23.6
Scarborough,2005-06-09,74.6,0.0,0.0,16.1,116.7,1012.2,74.0,9.7,235.11875,20.30625,21166,65371,31.3,24.6,28.9,37.9,24.6,33.0,23.8
Scarborough,2005-06-10,66.1,0.0,0.0,17.2,133.8,1011.1,52.5,9.3,197.93125,17.125,21104,64206,32.1,28.7,29.9,36.9,32.1,33.9,22.9
Scarborough,2005-06-11,89.6,32.512,12.5,19.5,120.2,1011.3,81.4,5.6,194.73125,16.81875,21365,63415,29.1,24.1,26.0,34.7,24.1,26.8,24.2
Scarborough,2005-06-12,75.8,0.0,0.0,16.1,82.4,1010.4,77.3,8.5,215.36875,18.65,22156,63537,30.1,25.6,26.9,34.3,25.6,27.9,22.2
Scarborough,2005-06-13,80.3,0.0,0.0,15.0,124.5,1011.8,88.4,7.6,224.825,19.40625,20392,66376,30.3,26.1,28.1,36.6,26.1,32.1,24.3
Scarborough,2005-06-14,76.3,0.0,0.0,13.9,108.8,1011.8,79.0,8.4,238.5125,20.58125,20402,66391,31.1,26.1,28.4,37.9,26.1,32.1,23.8
Scarborough,2005-06-15,81.0,4.0893999999999995,4.17,16.1,120.9,1012.8,89.3,7.4,228.75,19.74375,20412,66407,31.1,26.1,28.1,37.9,26.1,31.3,24.4
Scarborough,2005-06-16,80.9,3.8099999999999996,4.17,12.8,98.8,1013.5,73.8,8.9,237.00625,20.43125,20423,66421,30.1,26.1,27.9,36.3,26.1,31.2,24.2
Scarborough,2005-06-17,76.0,0.0,0.0,15.0,98.5,1013.5,36.2,9.3,236.38125,20.4,20434,66436,31.1,27.1,28.8,36.7,30.2,33.1,24.1
Scarborough,2005-06-18,78.7,0.508,4.17,16.1,97.6,1013.4,74.4,7.7,221.9125,19.16875,20446,66450,31.1,26.1,28.6,37.9,26.1,32.7,24.4
Scarborough,2005-06-19,78.1,7.899399999999999,4.17,17.2,78.6,1012.4,90.6,5.4,219.28125,18.9375,20458,66464,30.1,25.3,28.3,35.2,25.3,32.1,24.1
Scarborough,2005-06-20,84.9,11.8872,8.33,13.9,80.8,1012.1,91.7,5.8,228.8,19.7625,20470,66477,30.1,24.1,26.8,36.3,24.1,29.2,24.0
Scarborough,2005-06-21,80.1,8.712200000000001,8.33,17.2,108.3,1013.8,78.0,8.0,228.33125,19.7125,20483,66490,31.1,23.6,27.8,36.7,23.6,31.1,23.9
Scarborough,2005-06-22,86.7,2.9972,8.33,13.9,100.8,1014.0,88.0,9.2,251.525,21.68125,20496,66503,27.1,23.7,25.6,29.7,23.7,25.8,23.2
Scarborough,2005-06-23,76.6,5.588,4.17,16.1,100.3,1014.7,88.1,7.8,226.75625,19.55625,20510,66515,29.2,24.1,27.4,33.7,24.1,29.9,22.9
Scarborough,2005-06-24,81.9,0.0,0.0,9.2,68.0,1014.9,88.6,8.3,264.23125,22.8,20524,66526,28.6,26.1,26.9,32.3,26.1,28.7,23.5
Scarborough,2005-06-26,73.1,0.0,0.0,13.9,88.2,1013.4,40.0,8.2,246.20625,21.23125,20553,66548,31.1,27.1,28.7,35.6,29.7,32.4,23.3
Scarborough,2005-06-27,77.4,2.9972,4.17,15.0,84.9,1013.4,90.0,7.3,243.14375,21.0,20567,66558,31.1,25.1,28.0,36.7,25.1,30.9,23.6
Scarborough,2005-06-28,81.7,8.0772,12.5,16.1,87.7,1012.6,90.0,7.5,229.3125,19.8375,20582,66567,30.1,25.1,27.4,35.2,25.1,30.1,23.9
Scarborough,2005-06-29,87.0,8.889999999999999,12.5,17.2,92.4,1013.0,91.1,6.0,228.75,19.7625,20597,66576,29.1,25.1,26.9,34.7,25.1,29.4,24.6
Scarborough,2005-06-30,80.7,0.3048,4.17,15.0,105.3,1014.1,90.0,6.1,223.03125,19.23125,20613,66585,30.2,25.1,27.6,36.3,25.1,30.4,23.9
Scarborough,2005-07-01,90.7,0.508,4.17,16.1,86.1,1010.8,90.0,4.8,208.05,17.99375,23060,64469,25.1,23.1,24.4,25.1,23.1,24.4,22.8
Scarborough,2005-07-03,70.3,0.3048,4.17,13.9,41.3,1014.5,70.0,10.9,262.46875,22.65,22475,65602,30.1,24.7,27.6,32.0,24.7,29.7,21.6
Scarborough,2005-07-04,67.2,0.0,0.0,19.5,86.2,1014.2,70.9,7.3,274.24375,23.7,21362,65645,30.7,25.6,27.8,33.2,25.6,29.4,21.1
Scarborough,2005-07-05,78.0,6.604,8.33,17.2,85.0,1012.9,65.5,7.5,266.59375,23.05625,20528,65816,30.3,24.3,27.7,35.2,24.3,30.1,23.4
Scarborough,2005-07-06,83.8,2.0065999999999997,4.17,11.4,137.4,1011.3,87.5,9.2,237.55,20.4625,20346,66279,29.1,24.7,26.8,33.7,24.7,28.8,23.8
Scarborough,2005-07-07,79.0,0.0,0.0,17.2,101.8,1015.3,61.8,9.3,252.38125,21.7875,20722,66623,30.2,24.7,27.6,35.7,24.7,30.4,23.6
Scarborough,2005-07-08,73.3,0.0,0.0,15.0,108.6,1013.0,59.0,10.3,241.55625,20.84375,21110,66323,31.1,25.7,28.9,36.7,25.7,32.8,23.6
Scarborough,2005-07-09,71.5,0.0,0.0,13.9,104.5,1013.0,87.1,8.4,241.3625,20.81875,21164,65332,32.1,27.1,29.2,38.1,29.7,33.4,23.5
Scarborough,2005-07-10,70.4,0.0,0.0,17.2,135.2,1011.9,59.1,9.4,221.4,19.10625,21104,64171,32.1,28.8,30.1,38.1,32.9,35.2,24.1
Scarborough,2005-07-11,81.4,0.0,0.0,13.9,103.6,1011.4,89.5,9.2,218.6125,18.93125,21383,63404,30.1,23.1,26.3,34.3,23.1,27.8,22.8
Scarborough,2005-07-12,80.3,3.302,8.33,13.9,78.9,1010.6,61.4,7.2,198.51875,17.14375,22188,63557,29.2,24.1,25.9,31.8,24.1,26.7,22.2
Scarborough,2005-07-13,83.4,14.985999999999999,12.5,30.0,305.5,1011.0,87.7,5.6,235.94375,20.3875,20816,66628,29.2,25.1,26.8,33.9,25.1,28.7,23.7
Scarborough,2005-07-14,83.3,10.8966,8.33,26.4,157.7,1011.5,95.3,6.8,231.46875,19.98125,20831,66625,29.1,24.1,26.1,33.7,24.1,27.3,23.0
Scarborough,2005-07-15,75.2,0.0,0.0,18.3,93.2,1012.6,51.3,7.0,218.26875,18.81875,20846,66623,30.2,25.1,27.8,35.2,25.1,30.1,22.8
Scarborough,2005-07-16,72.4,0.0,0.0,11.4,97.0,1012.9,23.5,7.9,241.7125,20.8375,20861,66619,31.1,25.2,28.3,36.7,25.2,31.0,22.8
Scarborough,2005-07-17,76.3,0.0,0.0,17.2,109.1,1013.3,66.7,8.3,230.35625,19.925,20875,66614,30.2,25.1,27.9,35.2,25.1,30.9,23.3
Scarborough,2005-07-18,83.3,60.98539999999999,12.5,13.9,140.5,1013.5,88.1,6.9,227.65,19.6125,20889,66609,30.1,23.7,26.8,35.2,23.7,28.9,23.6
Scarborough,2005-07-19,79.5,0.9905999999999999,4.17,15.0,114.3,1013.2,67.4,8.7,248.5375,21.475,20904,66603,29.1,26.1,27.5,33.7,26.1,30.2,23.6
Scarborough,2005-07-20,77.9,0.508,4.17,13.9,89.7,1013.5,79.5,9.4,254.56875,21.925,20917,66596,31.1,25.8,28.1,36.7,25.8,31.4,23.8
Scarborough,2005-07-21,76.4,0.508,4.17,16.1,82.3,1014.1,70.5,8.0,249.68125,21.55,20931,66588,31.1,26.1,28.1,35.6,26.1,30.7,23.4
Scarborough,2005-07-22,78.7,0.0,0.0,13.9,107.3,1015.0,39.0,9.0,241.975,20.88125,20944,66579,30.3,25.6,28.1,35.7,25.6,31.7,24.0
Scarborough,2005-07-23,76.5,0.0,0.0,13.9,105.9,1015.0,81.1,8.7,238.65625,20.58125,20957,66569,31.1,26.1,28.6,37.1,26.1,32.3,23.9
Scarborough,2005-07-24,84.5,44.3992,8.33,11.4,56.8,1013.7,86.3,7.1,248.19375,21.35,20970,66559,28.1,23.1,26.2,32.1,23.1,27.6,23.4
Scarborough,2005-07-25,79.6,2.9972,4.17,15.0,115.1,1014.2,63.3,6.5,234.58125,20.21875,20982,66547,30.6,25.1,27.7,36.3,25.1,30.3,23.8
Scarborough,2005-07-26,81.3,7.086600000000001,8.33,13.9,97.7,1014.7,52.5,7.6,251.74375,21.725,20995,66535,31.1,25.2,27.4,37.9,25.2,29.5,23.8
Scarborough,2005-07-27,74.9,0.3048,4.17,11.4,115.6,1014.7,37.8,9.6,242.59375,20.95625,21006,66522,31.1,26.1,28.5,36.7,26.1,31.8,23.5
Scarborough,2005-07-28,74.1,0.0,0.0,11.4,107.6,1014.1,39.5,7.8,227.8625,19.6875,21018,66508,31.1,25.1,28.4,36.7,25.1,31.7,23.3
Scarborough,2005-07-29,74.9,0.3048,4.17,13.9,131.6,1013.9,62.0,10.1,253.63125,21.88125,21029,66493,31.3,26.1,28.7,37.2,26.1,32.5,23.7
Scarborough,2005-07-30,72.2,0.0,0.0,15.0,120.2,1013.7,63.8,9.7,237.59375,20.53125,21039,66478,31.1,26.8,29.1,36.8,29.4,33.3,23.6
Scarborough,2005-07-31,83.4,9.906,4.17,11.4,198.4,1012.9,77.6,7.9,241.7375,20.8625,21049,66461,28.2,24.7,26.6,32.1,24.7,28.1,23.6
Scarborough,2005-08-01,77.6,1.9811999999999999,8.33,16.1,115.7,1012.9,90.0,8.4,218.86875,18.9125,23078,64502,28.3,24.8,26.8,31.7,24.8,28.1,22.5
Scarborough,2005-08-03,73.4,1.9811999999999999,8.33,13.9,56.4,1014.1,67.5,8.2,264.35625,22.8125,22441,65606,29.1,24.7,26.5,31.4,24.7,27.6,21.3
Scarborough,2005-08-04,72.3,0.0,0.0,17.2,84.2,1013.3,78.8,6.8,280.60625,24.2125,21328,65646,30.2,26.1,27.5,34.3,26.1,29.4,22.0
Scarborough,2005-08-05,78.6,16.002,4.17,17.2,103.0,1012.2,59.5,7.6,249.1125,21.5125,20510,65827,30.6,24.2,27.8,36.3,24.2,30.9,23.7
Scarborough,2005-08-06,80.1,0.0,0.0,13.9,125.2,1011.6,90.0,10.6,246.0625,21.25,20352,66296,30.1,25.1,27.9,36.3,25.1,31.1,24.1
Scarborough,2005-08-07,84.7,16.3068,12.5,17.2,105.6,1014.8,85.0,6.9,226.83124999999998,19.53125,20738,66626,29.1,24.8,26.4,33.7,24.8,27.8,23.6
Scarborough,2005-08-08,75.3,0.0,0.0,11.4,139.7,1013.7,70.9,10.6,238.375,20.61875,21117,66300,30.1,27.1,28.6,35.2,29.7,32.8,23.8
Scarborough,2005-08-09,74.1,0.0,0.0,10.3,94.4,1013.0,85.0,7.9,250.05625,21.625,21162,65293,31.3,26.1,28.6,36.7,26.1,32.4,23.5
Scarborough,2005-08-10,69.5,0.0,0.0,12.8,135.7,1012.9,75.4,7.5,213.85625,18.46875,21106,64135,32.1,27.1,29.8,38.1,29.1,34.6,23.6
Scarborough,2005-08-11,80.1,2.0065999999999997,4.17,16.1,99.6,1011.0,80.5,8.0,197.49375,17.0375,21402,63393,30.1,25.1,27.2,35.2,25.1,29.1,23.4
Scarborough,2005-08-12,77.8,5.9944,8.33,12.8,70.4,1011.7,77.0,7.9,194.5,16.86875,22220,63578,29.1,23.7,26.1,32.1,23.7,26.9,21.8
Scarborough,2005-08-13,74.2,0.0,0.0,15.0,119.9,1012.4,65.0,9.2,257.74375,22.25,21146,66175,31.8,26.1,28.9,36.8,26.1,32.9,23.8
Scarborough,2005-08-14,77.4,0.0,0.0,13.9,93.6,1013.0,69.1,7.4,241.38125,20.84375,21151,66148,31.6,26.8,28.6,38.8,29.4,33.1,24.2
Scarborough,2005-08-15,77.7,5.384799999999999,12.5,13.9,108.6,1013.5,80.0,7.3,246.8875,21.35625,21155,66120,30.1,25.1,27.7,34.3,25.1,30.5,23.4
Scarborough,2005-08-16,76.0,0.0,0.0,15.0,108.1,1013.2,76.5,9.0,247.58125,21.36875,21159,66091,31.1,26.1,28.4,36.7,26.1,31.8,23.7
Scarborough,2005-08-17,71.5,1.4986,4.17,15.0,114.1,1013.0,64.8,10.1,234.1375,20.2375,21163,66062,31.1,27.1,28.9,36.7,29.7,32.8,23.2
Scarborough,2005-08-18,73.2,1.4986,4.17,18.3,97.8,1013.7,61.4,9.7,222.6875,19.2875,21166,66032,31.7,26.1,28.6,36.5,26.1,31.8,23.2
Scarborough,2005-08-19,79.0,16.002,4.17,15.0,88.0,1014.8,74.5,7.8,231.15,19.98125,21169,66002,31.1,24.8,27.9,37.9,24.8,31.1,23.8
Scarborough,2005-08-20,78.6,0.508,4.17,8.1,49.4,1014.5,81.4,6.5,234.5,20.24375,21171,65971,31.1,25.1,28.2,36.3,25.1,31.3,24.0
Scarborough,2005-08-21,76.2,13.0048,4.17,13.9,63.2,1012.0,67.5,7.0,224.575,19.375,21173,65939,30.1,24.1,27.8,36.3,24.1,30.8,23.1
Scarborough,2005-08-22,76.5,0.0,0.0,13.9,91.1,1010.9,79.0,7.9,231.0375,19.93125,21175,65907,31.1,25.7,28.1,36.7,25.7,31.6,23.6
Scarborough,2005-08-23,75.0,0.9905999999999999,4.17,18.3,118.3,1011.6,37.7,7.3,216.05625,18.6375,21176,65875,31.1,26.1,28.7,36.7,26.1,32.4,23.7
Scarborough,2005-08-24,77.9,56.896,8.33,16.1,108.3,1013.3,65.3,7.3,234.46875,20.225,21177,65841,31.1,23.1,27.6,36.7,23.1,29.9,23.3
Scarborough,2005-08-25,73.1,0.0,0.0,11.4,99.1,1013.6,32.1,12.0,242.34375,20.94375,21178,65808,31.1,26.1,28.3,35.6,26.1,31.0,22.9
Scarborough,2005-08-26,73.2,0.0,0.0,12.8,113.3,1011.9,45.8,16.1,231.4125,20.0,21178,65774,31.1,26.1,28.4,36.7,26.1,31.4,23.1
Scarborough,2005-08-27,72.6,0.0,0.0,11.4,104.8,1011.4,38.4,14.2,238.40625,20.6,21178,65739,32.1,26.1,28.9,38.1,26.1,32.3,23.4
Scarborough,2005-08-28,70.1,0.0,0.0,11.4,121.1,1011.4,36.5,10.9,233.29999999999998,20.1625,21178,65704,32.2,26.8,29.4,39.2,29.1,33.7,23.4
Scarborough,2005-08-29,67.0,0.0,0.0,15.0,122.1,1011.9,60.0,9.5,231.825,20.03125,21178,65668,32.1,27.3,30.0,38.1,30.1,34.3,23.2
Scarborough,2005-08-30,74.8,3.7845999999999997,8.33,13.9,106.4,1012.6,71.6,7.7,228.10625,19.65625,21177,65632,30.1,26.1,28.2,34.3,26.1,31.2,23.2
Scarborough,2005-08-31,73.4,0.0,0.0,16.1,80.3,1011.4,35.9,9.1,242.9125,21.01875,21176,65596,32.1,26.7,28.8,38.1,26.7,32.6,23.5
Scarborough,2005-09-01,79.8,0.508,4.17,13.9,96.8,1012.7,87.0,9.0,218.76875,18.88125,23096,64535,28.8,25.1,26.7,32.9,25.1,28.4,22.9
Scarborough,2005-09-03,73.8,0.9905999999999999,4.17,11.4,95.8,1013.4,59.1,10.2,259.50625,22.375,22408,65610,29.1,21.3,26.3,32.1,21.3,27.4,21.2
Scarborough,2005-09-04,70.9,0.0,0.0,17.2,93.1,1013.1,88.5,6.1,281.26875,24.2875,21293,65648,30.1,25.1,27.7,33.6,25.1,30.1,21.9
Scarborough,2005-09-05,71.3,0.3048,4.17,17.2,113.5,1012.5,71.8,6.6,259.43125,22.4,20493,65838,31.1,27.1,29.0,35.6,29.9,32.8,23.2
Scarborough,2005-09-06,77.7,0.508,4.17,15.0,101.0,1012.7,70.5,9.6,244.4875,21.1,20359,66312,31.1,25.8,28.7,37.9,25.8,32.8,24.3
Scarborough,2005-09-07,85.6,14.985999999999999,8.33,15.0,115.7,1014.7,73.3,6.8,230.63125,19.90625,20754,66628,29.2,24.1,26.1,33.9,24.1,27.3,23.4
Scarborough,2005-09-08,72.6,0.0,0.0,12.8,135.8,1014.2,45.7,10.2,241.90625,20.84375,21124,66277,31.1,27.6,29.3,36.7,31.1,33.8,23.8
Scarborough,2005-09-09,72.6,0.0,0.0,11.4,118.7,1013.0,59.5,9.0,241.86874999999998,20.9,21159,65254,32.1,26.8,29.3,39.3,29.5,33.7,23.7
Scarborough,2005-09-10,71.6,0.508,4.17,12.8,151.6,1012.9,80.8,8.5,217.50625,18.7625,21107,64101,31.1,27.1,29.1,36.7,29.7,33.1,23.4
Scarborough,2005-09-11,82.9,8.6106,12.5,13.9,110.4,1010.8,90.0,7.4,182.15,15.76875,21421,63384,30.3,24.1,26.7,36.1,24.1,28.3,23.4
Scarborough,2005-09-12,67.6,0.0,0.0,16.1,83.2,1012.4,86.1,9.1,196.65,16.99375,22252,63599,30.1,25.1,27.9,33.4,25.1,29.4,21.2
Scarborough,2005-09-13,72.4,0.0,0.0,11.4,116.3,1013.7,38.6,6.2,226.8,19.61875,21148,65097,31.2,26.7,28.8,36.7,26.7,32.3,23.2
Scarborough,2005-09-14,71.1,0.0,0.0,13.9,95.0,1014.3,31.7,6.9,239.20000000000002,20.69375,21145,65057,32.1,26.1,28.9,36.9,26.1,32.2,23.0
Scarborough,2005-09-15,69.3,0.0,0.0,17.2,87.2,1013.8,61.6,7.3,243.9375,21.0625,21142,65018,32.1,27.1,29.4,37.4,29.7,33.4,23.2
Scarborough,2005-09-16,71.3,0.0,0.0,11.4,118.0,1013.5,80.9,7.9,244.025,21.10625,21139,64978,31.1,26.1,28.8,35.6,26.1,32.0,23.0
Scarborough,2005-09-17,71.0,0.0,0.0,5.8,176.3,1012.5,80.7,11.6,218.71875,18.90625,21136,64938,32.3,25.7,29.3,39.2,25.7,33.2,23.4
Scarborough,2005-09-18,73.6,0.0,0.0,9.2,158.7,1011.0,86.8,8.3,219.04375,18.93125,21133,64898,31.1,25.1,28.8,36.7,25.1,32.5,23.6
Scarborough,2005-09-19,74.0,0.0,0.0,11.4,144.0,1011.3,80.9,8.5,234.9875,20.3125,21130,64858,30.2,26.7,28.9,36.3,26.7,33.0,23.7
Scarborough,2005-09-20,75.3,0.3048,4.17,11.4,142.8,1011.5,77.1,8.2,226.21875,19.6,21127,64819,32.1,27.1,29.5,39.3,29.7,34.9,24.6
Scarborough,2005-09-21,72.0,0.9905999999999999,4.17,13.9,145.9,1010.6,77.7,7.9,227.01875,19.60625,21125,64779,32.3,28.8,30.2,39.3,33.5,35.8,24.5
Scarborough,2005-09-22,68.9,0.0,0.0,13.9,138.5,1011.0,90.0,7.5,216.98125,18.73125,21122,64739,33.1,29.1,30.4,38.2,33.3,35.8,24.1
Scarborough,2005-09-23,69.3,0.0,0.0,16.1,118.1,1012.1,64.6,7.9,225.2,19.46875,21119,64700,32.2,27.8,30.0,38.1,31.7,34.7,23.7
Scarborough,2005-09-24,82.0,8.102599999999999,8.33,13.9,80.1,1012.2,71.4,7.5,235.09375,20.34375,21117,64660,30.1,24.3,26.9,34.3,24.3,29.1,23.6
Scarborough,2005-09-25,82.7,20.0152,8.33,13.9,113.1,1012.3,88.6,6.4,231.3625,19.99375,21114,64621,30.1,23.1,26.9,36.3,23.1,29.4,23.6
Scarborough,2005-09-26,77.4,0.0,0.0,20.8,104.8,1011.9,60.0,8.1,235.25625,20.3125,21112,64582,32.1,24.7,28.3,38.1,24.7,31.8,23.9
Scarborough,2005-09-27,75.4,0.8128,8.33,18.3,98.4,1012.7,58.0,7.3,235.56875,20.35,21110,64543,32.1,26.1,28.7,39.3,26.1,32.3,23.8
Scarborough,2005-09-28,71.8,0.0,0.0,15.0,103.1,1012.9,82.2,7.8,228.13125,19.6875,21109,64505,32.1,26.1,29.1,38.1,26.1,33.1,23.4
Scarborough,2005-09-29,73.2,0.0,0.0,9.2,62.9,1012.8,77.9,9.0,230.11875,19.85,21107,64466,31.1,26.1,28.0,35.6,26.1,30.9,22.7
Scarborough,2005-09-30,72.3,0.0,0.0,11.4,115.4,1011.7,72.5,10.2,222.49375,19.25625,21106,64428,31.1,25.7,28.3,35.9,25.7,31.0,22.8
Scarborough,2005-10-01,85.1,0.0,0.0,13.9,82.5,1011.7,77.5,7.5,223.175,19.31875,23112,64567,26.3,25.2,25.8,26.3,25.2,25.8,23.1
Scarborough,2005-10-02,77.1,0.0,0.0,3.4,65.0,1011.7,70.0,9.3,248.34375,21.4875,23113,65361,26.8,26.3,26.6,29.2,26.3,27.8,22.3
Scarborough,2005-10-03,78.7,0.0,0.0,13.9,100.9,1012.5,79.4,10.3,244.84375,21.13125,22373,65613,30.1,24.1,26.6,33.4,24.1,27.8,22.5
Scarborough,2005-10-04,72.1,0.508,4.17,21.9,102.8,1012.3,72.6,6.1,269.54375,23.225,21259,65650,30.1,25.8,27.8,34.3,25.8,30.2,22.3
Scarborough,2005-10-05,70.8,0.0,0.0,17.2,114.2,1012.4,80.7,5.8,261.80625,22.625,20477,65850,30.7,27.3,29.0,35.4,30.2,32.8,23.1
Scarborough,2005-10-06,78.5,0.0,0.0,16.1,106.3,1012.3,87.3,8.8,238.525,20.61875,20366,66328,31.1,26.1,28.4,37.4,26.1,32.5,24.2
Scarborough,2005-10-07,79.3,3.302,8.33,13.9,144.9,1014.5,89.5,6.0,239.31875,20.6375,20769,66629,29.7,25.1,26.9,34.6,25.1,28.6,23.0
Scarborough,2005-10-08,76.3,0.0,0.0,11.4,146.6,1014.5,45.9,9.8,241.51875,20.81875,21130,66252,30.1,24.1,28.2,35.2,24.1,31.7,23.6
Scarborough,2005-10-09,73.0,0.0,0.0,13.9,111.7,1013.5,58.3,9.0,244.375,21.13125,21156,65215,31.8,26.2,29.1,37.6,26.2,33.1,23.6
Scarborough,2005-10-10,72.4,0.0,0.0,13.9,130.2,1012.1,83.9,10.8,219.0625,18.89375,21109,64067,32.1,25.3,28.6,36.9,25.3,31.7,23.1
Scarborough,2005-10-11,80.1,0.0,0.0,16.1,104.1,1010.4,90.0,8.4,173.2125,14.96875,21442,63375,30.1,25.1,27.4,35.2,25.1,29.7,23.6
Scarborough,2005-10-12,78.2,0.0,0.0,19.5,78.5,1011.8,89.6,8.1,210.70625,18.2125,22284,63622,29.1,25.1,26.2,32.1,25.1,27.0,22.1
Scarborough,2005-10-13,74.9,2.5146,8.33,15.0,114.3,1010.3,73.5,7.9,211.825,18.3375,21117,63967,31.3,26.3,28.8,37.9,26.3,33.1,23.9
Scarborough,2005-10-14,75.7,0.3048,4.17,13.9,121.1,1010.7,60.8,8.8,229.525,19.83125,21121,63935,32.1,26.7,28.6,36.9,26.7,32.3,23.7
Scarborough,2005-10-15,70.7,0.0,0.0,15.0,126.5,1009.8,79.1,9.3,231.1125,19.96875,21125,63904,33.1,27.1,29.8,39.5,30.2,34.6,23.8
Scarborough,2005-10-16,72.9,0.0,0.0,13.9,95.8,1011.1,59.0,8.9,229.8875,19.8875,21130,63874,33.1,27.1,29.6,38.3,30.2,34.3,24.1
Scarborough,2005-10-17,76.5,25.1968,8.33,18.3,118.2,1011.7,90.0,8.1,209.06875,18.0375,21135,63844,30.1,25.1,28.2,35.2,25.1,31.6,23.6
Scarborough,2005-10-18,68.4,0.0,0.0,16.1,106.0,1011.7,68.6,9.7,200.90625,17.34375,21141,63814,32.1,27.7,29.4,38.1,30.7,33.1,22.9
Scarborough,2005-10-19,75.2,0.508,4.17,8.1,107.2,1012.2,34.8,9.7,209.99375,18.1125,21147,63786,31.1,25.1,28.1,35.6,25.1,30.9,23.2
Scarborough,2005-10-20,77.9,0.9905999999999999,4.17,12.8,102.9,1011.4,78.7,8.8,208.475,18.01875,21154,63758,30.1,25.1,27.6,36.3,25.1,30.0,23.3
Scarborough,2005-10-21,80.3,26.8986,8.33,23.0,121.0,1011.1,92.4,7.0,223.4625,19.31875,21162,63731,30.8,23.1,27.0,35.4,23.1,29.4,23.2
Scarborough,2005-10-22,79.2,21.8694,12.5,18.3,107.7,1011.2,86.4,7.3,220.05,19.0125,21170,63704,32.1,24.8,27.2,39.3,24.8,29.7,23.2
Scarborough,2005-10-23,79.9,0.3048,4.17,13.9,96.9,1011.9,91.0,7.7,222.9875,19.3,21178,63679,30.1,25.1,27.7,36.3,25.1,31.0,23.9
Scarborough,2005-10-24,74.3,4.8768,8.33,17.2,84.5,1011.9,83.5,7.4,212.625,18.39375,21187,63654,31.1,25.1,28.1,35.6,25.1,31.0,23.0
Scarborough,2005-10-25,82.1,52.9082,12.5,17.2,96.8,1012.3,83.0,6.1,201.55,17.41875,21197,63630,31.1,23.1,26.7,35.9,23.1,28.8,23.3
Scarborough,2005-10-26,80.5,5.1054,4.17,17.2,91.7,1012.0,88.3,8.2,197.21875,17.075,21207,63607,31.1,24.1,27.4,36.8,24.1,29.9,23.7
Scarborough,2005-10-27,80.3,0.0,0.0,13.9,123.1,1011.2,86.5,8.4,197.425,17.08125,21219,63585,30.1,26.1,27.9,36.3,26.1,31.3,24.2
Scarborough,2005-10-28,73.9,0.0,0.0,17.2,95.4,1011.2,84.8,7.6,208.56875,18.05,21230,63564,31.1,26.1,28.6,36.7,26.1,32.1,23.4
Scarborough,2005-10-29,83.9,2.9972,8.33,18.3,92.2,1012.6,85.8,7.7,209.2625,18.118750000000002,21242,63543,28.1,24.1,27.0,33.7,24.1,29.5,24.0
Scarborough,2005-10-30,81.3,5.08,8.33,15.0,93.9,1012.4,81.3,7.9,196.29375,16.98125,21255,63524,32.1,25.8,28.1,40.8,25.8,31.6,24.4
Scarborough,2005-10-31,86.5,5.08,8.33,11.4,113.4,1012.5,77.4,7.8,200.625,17.3,21269,63505,31.1,24.7,26.8,37.6,24.7,28.4,24.2
Scarborough,2005-11-01,85.0,21.1074,4.17,13.9,125.5,1011.4,84.3,12.6,224.18125,19.4,23127,64599,29.3,25.1,26.0,33.8,25.1,26.7,23.2
Scarborough,2005-11-02,71.3,0.0,0.0,13.9,100.0,1012.9,48.6,10.9,253.34375,21.90625,23097,65377,31.1,25.2,27.9,34.7,25.2,29.7,22.1
Scarborough,2005-11-03,89.3,12.191999999999998,12.5,10.3,95.1,1013.2,67.8,8.7,263.2875,22.70625,22339,65615,28.8,25.1,25.8,32.9,25.1,26.3,23.8
Scarborough,2005-11-04,76.0,0.3048,4.17,15.0,107.2,1011.0,77.5,5.7,283.55625,24.4625,21225,65652,30.1,26.1,28.2,35.2,26.1,31.6,23.5
Scarborough,2005-11-05,69.1,0.0,0.0,17.2,110.4,1011.7,49.4,7.9,275.35625,23.74375,20462,65862,31.1,26.8,29.1,35.6,29.4,32.6,22.8
Scarborough,2005-11-06,76.0,0.0,0.0,11.4,115.8,1011.9,89.5,9.9,235.59375,20.39375,20374,66344,31.1,26.1,28.7,36.7,26.1,32.2,23.9
Scarborough,2005-11-07,76.0,2.0065999999999997,4.17,16.1,108.5,1014.7,65.5,9.0,235.30625,20.275,20785,66629,30.2,25.1,27.7,34.4,25.1,30.3,23.0
Scarborough,2005-11-08,76.7,9.906,4.17,11.4,107.5,1014.4,46.0,9.0,239.65,20.71875,21136,66227,30.1,25.7,28.2,35.2,25.7,31.5,23.7
Scarborough,2005-11-09,73.3,8.102599999999999,8.33,19.5,103.7,1013.9,70.9,9.0,242.04375,20.91875,21154,65176,32.1,25.1,28.8,38.1,25.1,32.4,23.4
Scarborough,2005-11-10,71.4,0.0,0.0,11.4,138.1,1011.6,90.9,10.5,216.0625,18.6,21111,64033,31.1,26.3,28.9,35.6,26.3,32.2,23.1
Scarborough,2005-11-11,82.0,7.899399999999999,8.33,13.9,112.0,1010.4,74.3,8.1,183.8125,15.90625,21463,63368,30.1,24.1,27.1,35.2,24.1,28.9,23.7
Scarborough,2005-11-12,72.2,3.302,4.17,12.8,54.1,1011.0,73.8,8.6,215.49375,18.60625,22316,63645,29.1,24.8,26.8,32.1,24.8,28.1,21.4
Scarborough,2005-11-13,80.3,8.889999999999999,8.33,11.4,152.1,1009.0,91.7,7.8,203.5875,17.63125,21506,63357,30.2,25.1,27.7,35.4,25.1,30.7,23.9
Scarborough,2005-11-14,85.4,22.098,8.33,17.2,123.4,1009.7,95.0,5.6,196.66875,16.98125,21529,63353,28.1,23.1,25.9,32.1,23.1,27.1,23.2
Scarborough,2005-11-15,89.3,77.9018,8.33,17.2,84.4,1010.7,95.8,6.4,190.84375,16.4875,21553,63350,26.3,24.1,25.2,26.3,24.1,25.2,23.3
Scarborough,2005-11-16,78.5,0.0,0.0,16.1,90.8,1010.4,82.9,8.5,202.75625,17.5625,21577,63348,30.1,24.7,26.9,34.7,24.7,28.7,22.8
Scarborough,2005-11-17,86.1,24.892,4.17,11.4,80.6,1009.4,91.9,7.6,198.81875,17.175,21601,63348,27.1,23.1,24.9,29.7,23.1,25.1,22.4
Scarborough,2005-11-18,79.8,6.9088,4.17,16.1,93.7,1008.9,76.1,7.9,205.9625,17.83125,21626,63348,29.1,24.1,26.5,32.8,24.1,28.1,22.7
Scarborough,2005-11-19,85.1,16.3068,12.5,20.8,107.2,1011.0,83.3,7.5,207.35,17.9375,21652,63349,29.1,24.1,25.4,33.7,24.1,26.0,22.7
Scarborough,2005-11-20,82.5,5.1054,4.17,17.2,103.3,1011.3,65.2,8.2,199.2875,17.275,21678,63352,30.6,23.1,26.9,36.3,23.1,29.4,23.6
Scarborough,2005-11-21,77.4,0.0,0.0,16.1,98.0,1010.5,65.9,9.9,204.45,17.68125,21705,63356,30.2,25.1,27.5,35.2,25.1,29.9,23.1
Scarborough,2005-11-22,76.9,0.0,0.0,12.8,110.8,1009.8,88.6,9.7,198.6125,17.19375,21733,63361,30.1,25.1,27.3,34.3,25.1,29.2,22.8
Scarborough,2005-11-23,76.4,0.0,0.0,11.4,105.9,1010.5,89.5,10.6,186.5375,16.15625,21760,63366,30.2,25.1,27.3,34.3,25.1,29.0,22.7
Scarborough,2005-11-24,78.0,0.0,0.0,11.4,109.6,1012.1,90.0,10.3,186.03125,16.1125,21789,63373,31.1,25.1,27.4,35.6,25.1,29.3,23.1
Scarborough,2005-11-25,76.6,9.6012,8.33,11.4,45.4,1011.9,73.3,9.0,189.09375,16.349999999999998,21817,63381,29.3,24.8,26.9,33.4,24.8,28.8,22.4
Scarborough,2005-11-26,74.4,0.0,0.0,11.4,35.5,1010.4,63.0,8.1,183.93125,15.88125,21847,63391,29.1,24.1,26.9,32.8,24.1,28.5,21.9
Scarborough,2005-11-27,76.3,4.013199999999999,8.33,8.1,12.0,1009.3,73.8,8.8,183.30625,15.875,21876,63401,29.2,23.1,26.3,32.1,23.1,27.3,21.7
Scarborough,2005-11-28,69.1,0.0,0.0,5.8,330.3,1008.6,52.6,10.2,199.125,17.25,21906,63412,29.1,23.6,27.0,31.4,23.6,28.3,20.7
Scarborough,2005-11-29,70.3,0.0,0.0,4.7,248.9,1009.4,83.8,9.2,211.54375,18.325,21936,63424,30.1,23.1,26.7,32.7,23.1,27.8,20.7
Scarborough,2005-11-30,71.0,0.0,0.0,5.8,165.6,1010.4,86.7,10.4,189.5,16.425,21967,63437,29.1,23.1,26.6,31.4,23.1,27.7,20.8
Scarborough,2005-12-01,84.0,0.9905999999999999,4.17,13.9,78.6,1011.7,38.2,9.8,228.8875,19.8,23142,64631,28.8,25.1,25.9,32.8,25.1,26.7,22.9
Scarborough,2005-12-02,73.4,0.0,0.0,11.4,116.8,1011.7,60.0,15.2,251.17499999999998,21.75625,23080,65393,30.7,25.3,27.4,32.2,25.3,28.9,22.0
Scarborough,2005-12-03,69.2,1.2953999999999999,8.33,18.3,114.0,1014.7,50.0,10.2,249.98125000000002,21.58125,22304,65618,31.1,24.6,28.1,33.8,24.6,30.1,21.7
Scarborough,2005-12-04,75.9,0.0,0.0,16.1,107.8,1011.9,90.0,6.6,273.875,23.65,21192,65655,30.2,26.7,28.2,35.2,26.7,31.6,23.4
Scarborough,2005-12-05,78.7,4.013199999999999,8.33,18.3,105.9,1011.4,69.1,6.5,260.475,22.4625,20447,65874,30.2,26.1,27.8,36.3,26.1,30.8,23.7
Scarborough,2005-12-06,75.9,0.0,0.0,17.2,111.8,1012.0,74.0,8.9,261.2625,22.55,20383,66360,31.1,27.1,28.7,37.9,29.7,33.1,24.0
Scarborough,2005-12-07,72.2,0.0,0.0,12.8,101.7,1014.8,69.5,11.1,222.14374999999998,19.15625,20800,66629,30.2,25.8,28.0,33.8,25.8,30.2,22.4
Scarborough,2005-12-08,73.3,0.0,0.0,11.4,122.3,1013.5,64.8,10.0,246.28125,21.28125,21141,66201,31.1,26.1,28.7,36.7,26.1,32.2,23.4
Scarborough,2005-12-09,74.0,7.112,4.17,13.9,84.3,1014.3,37.1,7.7,232.86875,20.0875,21151,65137,31.6,25.6,28.7,37.9,25.6,32.1,23.5
Scarborough,2005-12-10,71.4,0.0,0.0,13.9,127.8,1011.0,87.0,9.9,222.69375,19.2125,21114,64000,32.1,26.2,29.1,38.1,26.2,32.8,23.3
Scarborough,2005-12-11,79.8,0.0,0.0,11.4,61.6,1009.8,85.0,7.2,196.775,16.94375,21484,63362,30.3,25.1,27.6,35.3,25.1,30.2,23.7
Scarborough,2005-12-12,75.0,0.0,0.0,16.1,93.4,1010.9,45.2,8.1,201.59375,17.4,22349,63669,30.2,23.1,26.8,34.3,23.1,28.2,21.8
Scarborough,2005-12-13,76.3,0.9905999999999999,4.17,16.1,83.8,1010.6,52.4,9.2,192.99375,16.6875,22381,63694,29.7,23.8,26.5,32.9,23.8,27.7,21.9
Scarborough,2005-12-14,74.5,0.6096,8.33,11.4,47.4,1010.5,62.5,9.4,209.76875,18.11875,22413,63719,29.1,24.8,26.7,32.1,24.8,27.9,21.7
Scarborough,2005-12-15,75.4,0.0,0.0,12.8,48.0,1010.5,90.0,8.7,211.375,18.24375,22444,63745,29.1,25.1,26.9,32.8,25.1,28.7,22.2
Scarborough,2005-12-16,89.3,10.1092,8.33,11.4,48.4,1011.5,91.3,6.2,211.0375,18.24375,22476,63772,27.1,23.1,24.5,28.9,23.1,24.7,22.6
Scarborough,2005-12-17,75.3,0.0,0.0,13.9,55.3,1013.1,63.9,8.4,213.175,18.4375,22507,63800,29.2,24.1,26.2,31.4,24.1,26.9,21.3
Scarborough,2005-12-18,68.7,0.0,0.0,10.3,50.7,1014.1,32.6,8.6,215.675,18.6625,22538,63828,29.1,24.1,26.1,31.4,24.1,26.9,19.8
Scarborough,2005-12-19,68.8,0.0,0.0,18.3,75.7,1013.3,47.6,8.9,201.71875,17.4375,22569,63856,29.2,24.1,26.7,32.1,24.1,27.8,20.4
Scarborough,2005-12-20,72.3,0.0,0.0,13.9,71.2,1013.5,68.6,8.8,207.96875,17.9875,22600,63885,29.8,24.1,26.0,31.8,24.1,26.7,20.6
Scarborough,2005-12-21,74.7,1.4986,8.33,15.0,97.6,1014.2,75.4,9.1,202.8,17.5,22630,63915,29.7,23.1,26.0,32.1,23.1,26.7,20.9
Scarborough,2005-12-22,82.2,6.604,12.5,12.8,72.7,1014.3,75.8,6.7,210.91875,18.25625,22660,63945,28.1,23.1,25.2,30.8,23.1,25.6,21.8
Scarborough,2005-12-23,82.7,2.5146,8.33,13.9,79.8,1013.6,75.2,7.2,210.8625,18.2125,22689,63975,27.1,23.1,25.2,30.2,23.1,25.7,22.0
Scarborough,2005-12-24,74.5,3.0987999999999998,4.17,18.3,72.5,1013.1,72.1,7.5,206.225,17.81875,22718,64006,29.2,24.1,26.6,32.1,24.1,27.9,21.6
Scarborough,2005-12-25,82.4,10.8966,4.17,19.5,82.3,1013.3,73.0,6.6,211.05625,18.2625,22746,64037,28.7,23.8,25.7,32.1,23.8,26.4,22.3
Scarborough,2005-12-26,73.1,0.9905999999999999,4.17,11.4,61.6,1013.5,79.2,9.4,214.75,18.55625,22774,64069,29.3,24.1,26.2,32.1,24.1,27.1,20.9
Scarborough,2005-12-27,72.1,0.0,0.0,9.2,49.5,1013.2,81.0,8.4,216.86875,18.74375,22801,64101,27.7,23.1,25.8,29.3,23.1,26.7,20.4
Scarborough,2005-12-28,75.7,4.8768,8.33,10.3,48.6,1011.9,51.0,9.1,213.84375,18.46875,22828,64133,27.2,23.8,25.6,29.3,23.8,26.0,20.9
Scarborough,2005-12-29,71.9,0.3048,4.17,9.2,56.1,1012.1,82.0,7.9,199.44375,17.1875,22854,64165,28.1,22.8,25.6,30.3,22.8,26.3,20.1
Scarborough,2005-12-30,67.9,0.0,0.0,16.1,83.4,1012.3,86.7,8.7,204.75,17.64375,22879,64198,29.2,24.1,26.8,31.0,24.1,27.7,20.2
Scarborough,2005-12-31,69.5,0.0,0.0,17.2,75.3,1012.7,66.5,8.6,216.6875,18.70625,22904,64231,29.1,24.3,26.6,31.4,24.3,27.4,20.5
Scarborough,2006-01-01,80.8,2.0065999999999997,4.17,19.5,79.1,1012.2,90.0,6.3,212.1,18.311764705882354,22927,64263,28.1,24.1,26.1,30.8,24.1,26.8,22.4
Scarborough,2006-01-02,75.3,0.0,0.0,17.2,84.7,1012.6,35.7,8.7,245.04117647058823,21.147058823529413,23216,65179,29.1,24.1,26.4,32.1,24.1,27.6,21.6
Scarborough,2006-01-03,68.7,0.0,0.0,19.5,84.5,1015.3,32.2,8.3,254.06470588235297,21.970588235294116,22671,65570,29.3,23.8,26.3,31.4,23.8,27.0,19.9
Scarborough,2006-01-04,65.3,0.0,0.0,15.0,100.9,1014.3,61.2,8.2,262.15882352941173,22.641176470588235,21585,65637,29.2,25.2,27.6,31.4,25.2,28.8,20.4
Scarborough,2006-01-05,78.1,0.3048,4.17,19.5,100.8,1011.2,89.6,9.2,260.9,22.5125,20656,65754,30.1,25.8,27.3,35.2,25.8,29.4,23.1
Scarborough,2006-01-06,67.6,0.0,0.0,16.1,109.4,1013.7,77.9,8.2,246.40625,21.30625,20322,66174,30.1,26.1,28.8,34.3,26.1,31.7,22.2
Scarborough,2006-01-07,72.5,0.0,0.0,19.5,101.4,1015.7,65.4,7.3,190.21875,16.41875,20624,66590,31.1,26.1,28.2,35.6,26.1,31.1,22.7
Scarborough,2006-01-08,71.0,0.3048,4.17,17.2,129.8,1017.2,59.5,10.9,222.625,19.25625,21056,66447,30.2,26.8,28.4,34.3,29.1,31.5,22.6
Scarborough,2006-01-09,71.3,0.0,0.0,12.8,116.8,1012.7,31.6,9.6,234.45,20.225,21175,65567,31.2,24.1,27.3,35.6,24.1,28.9,21.6
Scarborough,2006-01-10,74.2,0.9905999999999999,4.17,12.8,97.8,1012.4,84.5,7.1,218.44375,18.85,21104,64399,31.1,26.1,28.2,36.7,26.1,31.1,23.1
Scarborough,2006-01-11,78.3,2.9972,4.17,13.9,89.0,1010.4,69.4,7.8,209.3875,18.10625,21279,63491,30.1,24.1,27.2,34.3,24.1,29.3,22.9
Scarborough,2006-01-12,73.6,0.0,0.0,13.9,92.7,1011.0,47.9,8.5,187.78125,16.29375,21989,63447,30.2,25.1,26.6,35.2,25.1,27.8,21.4
Scarborough,2006-01-13,83.7,15.493999999999998,16.67,18.3,86.1,1012.7,75.8,6.5,218.58823529411765,18.88235294117647,23151,64654,27.1,24.1,25.7,30.2,24.1,25.8,22.7
Scarborough,2006-01-14,74.1,0.0,0.0,17.2,89.0,1012.3,70.5,8.6,228.3764705882353,19.711764705882352,23164,64686,29.1,25.1,26.9,32.1,25.1,28.1,21.8
Scarborough,2006-01-15,76.6,0.0,0.0,18.3,95.6,1011.8,39.6,7.9,227.05882352941177,19.58235294117647,23176,64717,29.1,23.8,26.5,32.1,23.8,27.7,21.9
Scarborough,2006-01-16,77.5,0.3048,4.17,15.0,83.8,1012.6,81.7,7.9,227.25882352941176,19.599999999999998,23186,64748,29.1,24.1,26.2,32.8,24.1,27.2,21.9
Scarborough,2006-01-17,75.0,0.0,0.0,11.4,43.9,1014.0,87.9,8.2,229.41764705882352,19.83529411764706,23196,64778,28.3,25.1,26.3,30.9,25.1,27.2,21.4
Scarborough,2006-01-18,75.8,0.0,0.0,16.1,36.3,1013.5,85.0,8.0,231.1235294117647,19.970588235294116,23205,64808,28.3,24.7,26.4,31.4,24.7,27.6,21.8
Scarborough,2006-01-19,74.6,2.0065999999999997,4.17,13.9,40.5,1011.2,64.8,8.0,227.11764705882354,19.570588235294117,23212,64838,28.3,23.1,25.8,30.8,23.1,26.4,20.8
Scarborough,2006-01-20,74.7,0.0,0.0,13.9,94.5,1010.5,33.6,9.2,238.95294117647057,20.629411764705882,23219,64867,29.1,23.1,26.2,32.1,23.1,27.2,21.2
Scarborough,2006-01-21,78.3,4.8768,8.33,15.0,81.7,1011.9,68.6,8.1,230.05882352941177,19.83529411764706,23225,64896,30.1,23.1,26.2,34.3,23.1,27.4,22.0
Scarborough,2006-01-22,71.8,2.0065999999999997,4.17,18.3,69.0,1012.5,63.9,7.6,225.05882352941177,19.45294117647059,23229,64925,29.1,24.7,26.6,31.4,24.7,27.5,21.0
Scarborough,2006-01-23,72.9,0.0,0.0,19.5,71.4,1012.4,60.9,8.4,232.6235294117647,20.041176470588233,23233,64952,29.1,23.8,26.5,32.2,23.8,27.6,21.2
Scarborough,2006-01-24,87.3,47.980599999999995,16.67,20.8,75.3,1011.9,81.3,5.7,229.46470588235294,19.852941176470587,23235,64980,26.1,23.1,24.3,26.1,23.1,24.3,22.1
Scarborough,2006-01-25,82.9,5.08,8.33,23.0,82.2,1013.7,89.1,6.0,238.38235294117646,20.599999999999998,23236,65007,26.1,24.1,25.1,26.1,24.1,25.1,21.9
Scarborough,2006-01-26,79.5,0.9905999999999999,4.17,15.0,90.7,1014.1,70.0,7.6,235.24117647058824,20.305882352941175,23237,65033,29.1,24.3,26.3,32.8,24.3,27.6,22.4
Scarborough,2006-01-27,80.1,8.889999999999999,4.17,17.2,86.8,1014.4,68.6,7.1,232.04117647058825,20.041176470588233,23236,65059,29.3,23.1,26.6,33.1,23.1,28.2,22.7
Scarborough,2006-01-28,77.6,0.0,0.0,15.0,34.0,1014.9,80.0,7.9,228.71764705882356,19.711764705882356,23234,65084,28.3,25.1,26.4,31.9,25.1,27.4,22.1
Scarborough,2006-01-29,76.1,0.0,0.0,17.2,41.5,1013.6,62.0,8.5,232.74117647058824,20.105882352941176,23231,65108,28.1,24.3,26.2,31.4,24.3,27.1,21.6
Scarborough,2006-01-30,73.0,0.7874,4.17,15.0,75.2,1013.3,43.8,9.0,237.48823529411766,20.5,23227,65132,29.1,23.1,25.9,31.6,23.1,26.6,20.6
Scarborough,2006-01-31,74.0,0.3048,4.17,15.0,79.4,1013.0,52.7,9.2,242.2941176470588,20.929411764705883,23222,65156,29.1,23.6,26.1,32.1,23.6,27.0,20.9
Scarborough,2006-02-01,88.7,29.9974,12.5,16.1,80.0,1012.3,88.7,6.4,221.40588235294118,19.15294117647059,22950,64296,28.1,24.1,25.4,32.1,24.1,26.1,23.4
Scarborough,2006-02-02,75.3,0.7874,4.17,17.2,86.2,1012.3,84.3,7.7,250.4294117647059,21.641176470588235,23209,65201,29.1,24.2,26.8,32.8,24.2,28.2,22.1
Scarborough,2006-02-03,70.5,0.0,0.0,15.0,99.6,1015.2,32.5,10.1,265.8588235294117,22.96470588235294,22641,65576,29.2,23.1,26.3,31.6,23.1,27.2,20.5
Scarborough,2006-02-04,66.7,0.0,0.0,12.8,96.5,1013.0,53.5,8.6,269.68823529411765,23.329411764705885,21548,65638,29.1,23.1,26.3,30.9,23.1,27.0,19.5
Scarborough,2006-02-05,77.8,99.1108,4.17,18.3,95.0,1012.6,90.0,8.4,245.88750000000002,21.2,20633,65763,30.1,23.1,27.5,35.2,23.1,30.1,23.2
Scarborough,2006-02-06,82.3,16.002,4.17,17.2,93.8,1013.8,90.0,7.0,238.425,20.55625,20324,66191,29.1,21.1,25.7,32.8,21.1,27.3,22.3
Scarborough,2006-02-07,77.5,7.112,4.17,19.5,92.7,1016.0,81.7,7.1,241.60625000000002,20.83125,20639,66597,30.1,23.7,27.0,34.9,23.7,28.8,22.6
Scarborough,2006-02-08,72.7,0.3048,4.17,13.9,111.0,1017.1,45.0,10.9,220.425,19.03125,21066,66430,31.1,25.7,28.1,35.6,25.7,30.7,22.6
Scarborough,2006-02-09,73.1,0.0,0.0,5.8,101.4,1011.4,44.2,10.2,232.075,20.05625,21173,65530,30.8,23.8,27.6,35.3,23.8,29.8,22.3
Scarborough,2006-02-10,72.3,0.0,0.0,13.9,106.0,1012.0,84.0,7.6,216.15,18.6625,21103,64361,31.1,25.1,28.1,35.6,25.1,30.4,22.5
Scarborough,2006-02-11,73.8,0.0,0.0,11.4,88.6,1011.1,64.3,8.6,211.44375,18.275,21294,63474,31.1,24.1,27.6,35.6,24.1,29.5,22.3
Scarborough,2006-02-12,78.1,4.0893999999999995,4.17,22.4,83.5,1010.4,47.5,8.9,208.1375,18.0125,22021,63462,31.1,23.8,26.2,34.7,23.8,27.3,21.9
Scarborough,2006-02-13,69.8,0.0,0.0,19.5,83.6,1015.7,35.7,9.6,248.04117647058823,21.470588235294116,23065,65403,29.1,23.1,26.7,31.4,23.1,27.7,20.6
Scarborough,2006-02-14,70.8,0.0,0.0,18.3,75.9,1015.5,39.1,8.9,247.5705882352941,21.423529411764704,23046,65418,29.2,24.1,26.2,31.4,24.1,26.8,20.3
Scarborough,2006-02-15,82.9,15.087599999999998,16.67,18.3,83.1,1014.2,80.8,5.8,251.37058823529412,21.74705882352941,23027,65432,27.7,22.7,24.1,29.9,22.7,24.4,20.9
Scarborough,2006-02-16,76.6,13.9954,12.5,18.3,83.3,1014.0,63.8,8.2,256.6941176470588,22.18235294117647,23006,65446,29.1,22.1,25.2,30.9,22.1,25.7,20.5
Scarborough,2006-02-17,71.6,0.0,0.0,16.1,83.6,1013.1,35.0,10.1,258.5764705882353,22.376470588235293,22985,65459,29.1,23.1,26.2,31.4,23.1,27.2,20.6
Scarborough,2006-02-18,72.4,0.0,0.0,13.9,41.1,1013.4,44.8,9.9,259.8529411764706,22.50588235294118,22963,65471,28.2,23.1,25.3,29.7,23.1,25.8,19.9
Scarborough,2006-02-19,77.8,0.0,0.0,9.2,70.0,1013.6,51.4,9.9,251.8294117647059,21.8,22940,65483,28.1,22.7,25.0,30.2,22.7,25.4,20.8
Scarborough,2006-02-20,76.5,0.0,0.0,13.9,82.5,1013.8,66.3,7.5,265.9647058823529,23.0,22916,65494,29.1,23.1,25.7,32.1,23.1,26.5,21.2
Scarborough,2006-02-21,82.2,19.1008,8.33,13.9,65.8,1014.0,76.5,6.8,263.3294117647059,22.776470588235295,22892,65504,27.7,23.1,25.1,30.2,23.1,25.4,21.8
Scarborough,2006-02-22,73.9,0.0,0.0,13.4,55.1,1014.2,54.3,8.7,250.31176470588235,21.63529411764706,22867,65514,28.1,24.1,25.7,30.2,24.1,26.2,20.6
Scarborough,2006-02-23,67.3,0.3048,4.17,18.3,82.6,1014.0,52.4,8.7,251.45294117647057,21.77058823529412,22841,65524,29.1,23.1,25.8,30.3,23.1,26.3,19.1
Scarborough,2006-02-24,78.5,4.7752,12.5,19.5,83.3,1014.4,64.5,7.8,243.1058823529412,21.058823529411764,22814,65533,27.2,22.1,24.7,28.7,22.1,24.8,20.7
Scarborough,2006-02-25,75.1,0.508,4.17,9.2,50.5,1014.4,47.7,7.5,241.40588235294115,20.88235294117647,22787,65541,27.2,23.1,25.1,29.1,23.1,25.4,20.3
Scarborough,2006-02-26,68.3,0.0,0.0,17.2,89.0,1013.4,41.0,8.3,260.3882352941177,22.5,22759,65549,29.1,24.1,26.6,31.4,24.1,27.4,20.2
Scarborough,2006-02-27,68.3,0.0,0.0,20.8,88.9,1015.2,85.6,8.3,256.8176470588235,22.211764705882356,22730,65557,30.1,24.1,27.2,32.7,24.1,28.3,20.7
Scarborough,2006-02-28,71.7,0.0,0.0,18.3,91.7,1015.1,78.2,7.6,269.09411764705885,23.311764705882354,22701,65564,29.1,24.1,26.6,31.4,24.1,27.7,21.0
Scarborough,2006-03-01,78.5,2.3114,8.33,15.0,64.5,1012.4,87.7,7.7,229.49411764705883,19.876470588235293,22973,64329,29.3,23.1,26.2,32.7,23.1,27.6,22.1
Scarborough,2006-03-02,69.6,0.3048,4.17,16.1,72.1,1012.8,89.1,9.6,247.48235294117646,21.400000000000002,23201,65222,29.1,24.1,26.1,39.9,24.1,27.1,19.9
Scarborough,2006-03-03,71.7,0.0,0.0,16.1,106.6,1014.0,39.5,8.5,269.5,23.3,22610,65582,29.1,25.1,27.1,32.1,25.1,28.5,21.6
Scarborough,2006-03-04,71.3,0.508,4.17,16.1,103.2,1013.1,90.0,9.8,275.27058823529416,23.723529411764705,21512,65639,29.2,24.1,26.9,32.1,24.1,28.1,21.2
Scarborough,2006-03-05,76.8,6.095999999999999,4.17,20.8,105.6,1013.0,88.3,8.2,243.09375,20.9875,20612,65772,30.1,23.8,27.1,34.3,23.8,29.1,22.6
Scarborough,2006-03-06,72.1,0.0,0.0,18.3,98.1,1013.4,65.5,8.2,246.50625,21.24375,20326,66208,31.1,26.7,28.4,35.6,26.7,31.7,22.9
Scarborough,2006-03-07,87.4,32.766,12.5,18.3,106.3,1016.3,85.4,6.6,251.89374999999998,21.73125,20655,66603,28.1,23.8,25.4,32.1,23.8,25.9,23.2
Scarborough,2006-03-08,74.7,25.907999999999998,4.17,12.8,90.6,1015.7,30.8,9.3,226.8875,19.5875,21075,66411,30.1,24.1,27.3,34.3,24.1,28.9,22.3
Scarborough,2006-03-09,74.9,0.9905999999999999,4.17,9.2,73.0,1010.5,81.1,7.2,222.79375,19.2625,21172,65493,31.1,26.1,27.9,35.6,26.1,30.3,22.9
Scarborough,2006-03-10,74.3,0.3048,4.17,15.0,99.0,1011.2,76.8,10.6,213.0875,18.4,21103,64324,31.1,25.1,27.8,35.6,25.1,30.0,22.7
Scarborough,2006-03-11,77.4,5.08,8.33,13.9,99.5,1011.7,76.3,7.5,208.41875000000002,18.00625,21309,63459,30.1,25.1,27.4,35.2,25.1,29.6,23.1
Scarborough,2006-03-12,80.9,7.086600000000001,8.33,12.8,52.2,1010.4,61.0,8.1,199.15,17.21875,22052,63478,28.2,24.7,26.2,32.1,24.7,27.2,22.6
Scarborough,2006-03-13,78.5,27.2288,16.67,21.9,82.3,1013.0,86.4,6.7,269.9529411764706,23.358823529411765,22277,65619,27.1,22.1,24.9,29.3,22.1,25.3,20.9
Scarborough,2006-03-14,85.7,40.8178,16.67,23.0,83.6,1012.8,92.5,4.7,263.3941176470588,22.711764705882356,22242,65621,27.1,21.8,24.7,29.7,21.8,24.8,22.1
Scarborough,2006-03-15,74.5,0.0,0.0,18.3,89.0,1013.6,85.2,6.3,258.8705882352941,22.36470588235294,22206,65623,29.2,25.8,26.9,32.6,25.8,28.0,21.9
Scarborough,2006-03-16,71.6,0.0,0.0,18.3,84.6,1013.6,67.0,6.9,266.44117647058823,23.023529411764706,22170,65625,29.1,24.1,26.4,32.1,24.1,27.4,20.8
Scarborough,2006-03-17,73.3,5.1054,4.17,12.8,73.9,1013.4,81.4,6.8,283.1058823529412,24.447058823529414,22134,65626,30.1,23.1,25.4,32.1,23.1,26.0,20.2
Scarborough,2006-03-18,75.2,0.508,4.17,16.1,85.5,1012.0,88.6,8.7,277.2176470588235,23.941176470588236,22098,65627,29.2,23.3,26.6,31.9,23.3,27.8,21.7
Scarborough,2006-03-19,81.5,2.0065999999999997,4.17,17.2,80.7,1012.2,73.9,7.3,278.5764705882353,24.099999999999998,22062,65629,28.1,24.1,25.6,30.8,24.1,26.0,22.1
Scarborough,2006-03-20,75.1,0.8128,8.33,17.2,84.6,1012.3,61.3,6.0,271.44117647058823,23.46470588235294,22025,65630,30.1,24.3,26.4,33.4,24.3,27.4,21.6
Scarborough,2006-03-21,75.2,0.0,0.0,17.2,98.2,1012.9,67.8,6.5,275.5764705882353,23.811764705882354,21989,65630,30.1,24.3,26.9,34.3,24.3,28.3,22.1
Scarborough,2006-03-22,73.2,0.0,0.0,18.3,89.7,1013.2,71.4,6.7,270.5176470588235,23.394117647058824,21952,65631,29.1,25.3,27.0,32.2,25.3,28.2,21.8
Scarborough,2006-03-23,69.4,0.3048,4.17,16.1,96.5,1014.2,31.9,6.9,268.06470588235294,23.211764705882356,21915,65632,29.1,24.1,26.8,31.5,24.1,27.8,20.6
Scarborough,2006-03-24,65.3,0.0,0.0,17.2,98.8,1013.4,46.7,9.6,286.8,24.77058823529412,21878,65633,29.2,23.1,26.9,30.9,23.1,27.8,19.7
Scarborough,2006-03-25,74.6,0.0,0.0,16.1,101.0,1013.5,49.6,9.2,274.6058823529412,23.71764705882353,21841,65633,30.1,25.1,27.1,34.3,25.1,28.9,22.1
Scarborough,2006-03-26,72.7,0.0,0.0,18.3,102.3,1014.4,46.1,7.2,277.01176470588234,23.988235294117647,21804,65634,30.1,26.1,27.7,33.4,26.1,29.5,22.2
Scarborough,2006-03-27,72.4,0.0,0.0,18.3,98.1,1015.3,60.4,7.1,280.15882352941173,24.205882352941178,21768,65634,29.7,25.1,27.3,32.9,25.1,29.1,21.9
Scarborough,2006-03-28,66.3,0.0,0.0,16.1,91.5,1016.6,73.6,7.6,274.5176470588235,23.688235294117646,21731,65635,30.1,24.8,27.2,32.0,24.8,28.2,20.3
Scarborough,2006-03-29,64.6,0.0,0.0,13.9,91.8,1015.7,54.2,8.7,282.5235294117647,24.31764705882353,21694,65635,30.1,24.1,27.1,30.9,24.1,27.8,19.6
Scarborough,2006-03-30,70.3,0.0,0.0,17.2,94.4,1014.5,40.9,8.0,281.8294117647059,24.34705882352941,21657,65636,30.1,25.1,27.1,33.4,25.1,28.2,21.1
Scarborough,2006-03-31,68.8,0.0,0.0,16.1,100.2,1015.2,79.5,7.6,266.58235294117645,23.04705882352941,21621,65637,30.1,26.1,27.4,32.7,26.1,28.7,21.1
Scarborough,2006-04-01,76.2,0.3048,4.17,20.8,88.1,1011.0,87.4,7.8,229.41764705882352,19.811764705882354,22994,64362,29.1,24.1,26.5,32.8,24.1,27.8,21.9
Scarborough,2006-04-02,70.0,0.0,0.0,17.2,89.6,1012.7,82.3,8.6,253.38823529411766,21.923529411764704,23192,65243,28.3,23.1,25.6,30.2,23.1,26.3,19.6
Scarborough,2006-04-03,72.2,0.0,0.0,18.3,117.8,1013.9,48.7,8.0,265.8058823529412,22.98235294117647,22579,65587,29.1,26.1,27.3,32.1,26.1,28.8,21.8
Scarborough,2006-04-04,70.3,0.0,0.0,17.2,105.6,1012.8,70.8,8.7,283.3176470588235,24.558823529411764,21476,65640,29.2,25.1,27.0,31.8,25.1,28.0,21.1
Scarborough,2006-04-05,74.8,0.0,0.0,12.8,105.4,1012.4,53.5,9.8,240.91333333333333,20.766666666666666,20591,65782,30.2,24.1,27.3,34.4,24.1,29.3,22.4
Scarborough,2006-04-06,70.8,0.508,4.17,19.5,87.7,1013.1,88.2,7.2,248.02666666666667,21.39333333333333,20330,66224,31.2,26.1,28.8,36.7,26.1,32.1,22.9
Scarborough,2006-04-07,74.4,0.0,0.0,19.5,94.5,1016.6,91.4,7.5,235.16,20.266666666666666,20671,66609,30.2,25.1,27.8,34.8,25.1,30.2,22.7
Scarborough,2006-04-08,72.2,0.0,0.0,11.4,122.3,1013.8,48.8,8.9,229.46,19.793333333333333,21084,66391,31.1,24.1,27.6,34.7,24.1,29.3,21.9
Scarborough,2006-04-09,80.4,0.0,0.0,6.9,140.0,1011.0,45.4,7.4,237.26666666666668,20.473333333333336,21170,65455,31.1,25.1,26.9,36.7,25.1,28.7,23.2
Scarborough,2006-04-10,73.6,0.0,0.0,18.3,103.8,1010.6,45.0,9.5,224.16666666666666,19.39333333333333,21102,64287,31.7,25.7,28.4,38.2,25.7,31.4,23.2
Scarborough,2006-04-11,75.1,0.0,0.0,16.1,84.4,1010.7,54.3,6.9,201.36,17.413333333333334,21325,63444,31.1,25.1,27.9,36.7,25.1,30.2,23.0
Scarborough,2006-04-12,79.6,0.9905999999999999,4.17,13.9,100.0,1010.6,83.0,7.3,185.26000000000002,16.013333333333332,22083,63495,29.1,24.2,26.5,33.7,24.2,28.0,22.6
Scarborough,2006-04-13,69.7,0.0,0.0,23.0,103.5,1010.8,43.5,9.1,277.625,23.96875,21166,65656,30.1,26.1,27.8,33.4,26.1,29.6,21.7
Scarborough,2006-04-14,69.2,0.3048,4.17,15.0,103.3,1010.5,62.9,9.4,262.50625,22.675,21133,65659,30.1,25.8,27.6,33.4,25.8,29.0,21.4
Scarborough,2006-04-15,74.7,0.0,0.0,12.8,111.6,1011.5,65.3,9.3,264.10625,22.8375,21101,65662,30.1,23.1,26.8,33.4,23.1,28.1,21.8
Scarborough,2006-04-16,70.6,0.0,0.0,16.1,114.1,1014.1,44.3,9.5,261.23125,22.575,21069,65666,30.1,24.6,27.3,32.7,24.6,28.6,21.3
Scarborough,2006-04-17,69.4,0.0,0.0,15.0,112.9,1013.8,73.2,9.9,265.43125,22.95,21037,65669,30.1,24.1,27.6,34.3,24.1,29.3,21.3
Scarborough,2006-04-18,71.9,0.0,0.0,12.8,111.7,1012.5,85.2,10.7,268.95,23.21875,21007,65673,30.1,24.3,27.7,34.3,24.3,29.9,22.1
Scarborough,2006-04-19,72.9,0.0,0.0,16.1,106.5,1012.6,64.6,10.4,259.5125,22.39375,20976,65677,31.1,26.1,28.2,36.7,26.1,31.1,22.8
Scarborough,2006-04-20,70.8,0.0,0.0,18.3,102.5,1013.3,51.3,7.4,259.19375,22.3625,20946,65682,30.3,26.7,28.3,34.3,26.7,31.2,22.4
Scarborough,2006-04-21,68.9,0.0,0.0,18.3,98.7,1014.7,67.9,7.3,265.6125,22.9375,20917,65687,31.1,26.1,28.4,35.6,26.1,31.1,22.1
Scarborough,2006-04-22,63.0,0.0,0.0,19.5,89.9,1014.6,65.0,8.1,271.825,23.50625,20888,65692,31.1,26.1,28.2,33.1,26.1,29.8,20.4
Scarborough,2006-04-23,66.5,0.0,0.0,18.3,96.3,1013.4,52.9,9.6,269.18125,23.25625,20860,65698,31.1,25.1,28.1,33.3,25.1,29.8,21.2
Scarborough,2006-04-24,73.0,5.0038,8.33,18.3,98.3,1012.8,70.4,7.9,270.575,23.38125,20832,65704,31.1,23.1,27.1,33.8,23.1,28.5,21.6
Scarborough,2006-04-25,69.6,0.0,0.0,19.5,104.9,1012.3,57.5,8.9,269.175,23.21875,20805,65710,30.3,24.1,27.3,33.6,24.1,28.7,21.1
Scarborough,2006-04-26,73.1,0.0,0.0,18.3,95.7,1012.9,87.8,9.3,269.59375,23.25625,20778,65716,29.8,24.1,26.7,32.5,24.1,27.9,21.4
Scarborough,2006-04-27,70.7,0.9905999999999999,4.17,15.7,98.4,1013.4,81.0,9.6,250.00625,21.58125,20753,65723,30.1,24.6,27.0,32.8,24.6,28.2,21.1
Scarborough,2006-04-28,76.2,13.8938,8.33,21.9,93.1,1012.7,80.0,6.9,269.7875,23.26875,20727,65730,29.1,23.1,26.1,31.4,23.1,26.9,21.4
Scarborough,2006-04-29,67.8,0.0,0.0,16.1,101.3,1011.1,65.7,9.8,262.05625,22.65625,20703,65738,30.1,24.1,27.3,32.7,24.1,28.5,20.7
Scarborough,2006-04-30,72.1,0.0,0.0,16.1,111.8,1011.0,81.4,10.0,265.63125,22.95625,20679,65746,30.1,24.3,27.6,34.3,24.3,29.6,22.0
Scarborough,2006-05-01,74.4,0.0,0.0,11.4,79.0,1010.5,86.0,8.7,220.2,19.05,23015,64395,29.2,24.1,26.1,31.9,24.1,26.9,21.0
Scarborough,2006-05-02,77.7,4.0893999999999995,4.17,13.9,85.1,1013.7,88.6,8.3,235.64375,20.36875,23181,65264,28.7,23.6,25.1,31.3,23.6,25.6,20.8
Scarborough,2006-05-03,73.6,0.0,0.0,16.1,104.0,1013.8,34.1,9.0,255.11874999999998,21.99375,22547,65592,29.1,25.1,26.8,32.1,25.1,27.9,21.7
Scarborough,2006-05-04,69.8,0.0,0.0,19.5,93.7,1012.8,60.9,8.4,285.75625,24.68125,21441,65641,30.1,25.1,27.2,32.7,25.1,28.2,21.1
Scarborough,2006-05-05,72.1,0.0,0.0,16.1,108.4,1012.8,60.0,10.6,268.88125,23.2125,20570,65792,30.2,24.8,28.0,34.4,24.8,30.6,22.4
Scarborough,2006-05-06,77.0,2.9972,8.33,19.5,108.9,1012.9,88.3,7.3,214.4125,18.5125,20334,66241,31.1,25.8,28.1,36.7,25.8,30.9,23.6
Scarborough,2006-05-07,69.4,0.3048,4.17,18.3,87.9,1016.7,84.8,7.2,240.7375,20.75625,20686,66614,31.1,26.7,28.3,35.6,26.7,31.0,22.1
Scarborough,2006-05-08,70.9,0.0,0.0,11.4,108.7,1012.7,32.2,10.2,241.63125,20.86875,21092,66371,31.1,25.1,27.9,35.8,25.1,29.9,22.1
Scarborough,2006-05-09,75.6,9.8806,8.33,16.1,122.8,1012.5,78.3,7.5,236.425,20.4125,21168,65418,31.1,26.1,28.6,37.9,26.1,32.3,23.8
Scarborough,2006-05-10,77.7,0.9905999999999999,4.17,30.0,95.0,1011.2,73.5,7.1,204.0375,17.6125,21102,64250,31.1,24.1,27.7,36.7,24.1,30.5,23.3
Scarborough,2006-05-11,78.1,0.9905999999999999,4.17,13.9,89.2,1009.9,60.0,8.2,208.71875,18.05,21342,63430,31.1,25.1,27.0,35.6,25.1,28.4,22.8
Scarborough,2006-05-12,81.1,3.302,8.33,18.3,100.2,1011.7,84.1,7.1,217.0875,18.75625,22115,63513,30.2,24.1,26.7,35.2,24.1,27.7,23.1
Scarborough,2006-05-13,73.3,0.0,0.0,16.1,100.9,1014.2,88.1,7.9,269.05625,23.23125,20436,65883,31.1,27.1,28.4,35.6,29.7,31.7,23.1
Scarborough,2006-05-14,69.3,0.0,0.0,19.5,96.2,1014.7,62.3,7.9,245.94375,21.23125,20422,65896,31.1,27.1,28.7,35.8,29.3,31.8,22.4
Scarborough,2006-05-15,70.4,0.0,0.0,19.5,88.9,1014.8,69.5,7.5,264.54375,22.83125,20410,65910,31.1,26.8,28.1,34.7,28.7,30.8,22.1
Scarborough,2006-05-16,78.1,0.508,4.17,17.2,92.0,1013.5,86.7,7.5,267.26875,23.0625,20398,65924,30.1,25.1,27.6,35.2,25.1,30.1,23.4
Scarborough,2006-05-17,75.5,6.095999999999999,8.33,18.3,100.8,1014.3,57.9,8.1,271.70625,23.4375,20387,65937,31.1,26.7,28.5,36.7,26.7,32.3,23.7
Scarborough,2006-05-18,72.2,0.0,0.0,20.8,95.6,1015.3,50.5,8.0,274.4125,23.7125,20377,65952,31.1,26.1,28.6,35.6,26.1,31.8,22.9
Scarborough,2006-05-19,69.1,0.0,0.0,15.0,99.5,1016.0,35.4,8.4,253.35625,21.85625,20368,65966,31.1,25.7,28.2,34.7,25.7,30.3,21.9
Scarborough,2006-05-20,68.1,0.0,0.0,18.3,98.9,1014.8,47.4,8.3,259.43125,22.39375,20360,65981,31.3,25.1,28.1,33.7,25.1,29.9,21.5
Scarborough,2006-05-21,68.0,0.3048,4.17,21.9,86.0,1013.6,60.8,8.1,257.5,22.2375,20352,65996,31.1,26.8,28.7,35.6,28.7,31.6,22.1
Scarborough,2006-05-22,69.1,6.095999999999999,4.17,20.8,94.9,1015.0,55.7,7.3,250.6375,21.65625,20345,66011,32.1,25.1,28.7,38.1,25.1,31.4,22.3
Scarborough,2006-05-23,66.8,6.095999999999999,4.17,21.9,83.3,1016.3,82.9,7.4,250.66875,21.65,20340,66027,31.1,26.3,28.8,34.7,26.3,31.5,21.9
Scarborough,2006-05-24,67.0,0.0,0.0,18.3,88.7,1015.8,62.9,8.7,262.56875,22.61875,20334,66043,31.1,25.7,28.1,33.8,25.7,29.8,21.3
Scarborough,2006-05-25,69.8,0.0,0.0,16.1,101.2,1014.5,44.2,8.8,244.9625,21.1625,20330,66059,31.1,25.1,27.9,35.6,25.1,29.8,21.8
Scarborough,2006-05-26,71.5,0.0,0.0,17.2,93.5,1013.3,60.9,8.2,236.48125,20.4125,20327,66075,31.1,25.8,28.2,35.6,25.8,30.6,22.4
Scarborough,2006-05-27,70.1,0.0,0.0,18.3,96.3,1013.1,51.7,7.7,235.525,20.29375,20324,66091,31.1,26.1,28.5,35.6,26.1,31.4,22.4
Scarborough,2006-05-28,69.6,2.9972,4.17,16.1,103.6,1013.1,87.8,8.3,232.44375,20.056250000000002,20322,66107,30.1,25.1,27.9,34.3,25.1,30.2,21.8
Scarborough,2006-05-29,65.1,0.508,4.17,16.1,97.3,1013.2,67.9,9.2,220.775,19.04375,20321,66124,31.1,26.1,28.3,34.7,26.1,30.2,21.1
Scarborough,2006-05-30,66.2,0.0,0.0,17.2,104.0,1013.3,65.0,8.6,239.6,20.65,20320,66141,31.1,25.6,28.6,34.7,25.6,31.2,21.6
Scarborough,2006-05-31,68.5,0.0,0.0,20.8,112.0,1013.3,67.7,8.4,232.5,20.08125,20321,66157,31.1,27.1,28.6,34.7,29.3,31.6,22.2
Scarborough,2006-06-01,72.0,0.508,4.17,17.2,88.4,1011.6,85.9,8.0,206.9875,17.925,23035,64428,29.1,23.1,26.2,31.4,23.1,27.1,20.6
Scarborough,2006-06-02,73.7,0.9905999999999999,4.17,17.2,81.9,1013.5,82.9,8.8,236.0875,20.39375,23170,65283,28.1,23.1,25.8,30.2,23.1,26.7,20.7
Scarborough,2006-06-03,72.9,0.0,0.0,17.2,89.9,1014.8,59.6,8.8,261.21875,22.56875,22515,65597,29.3,24.6,26.7,32.2,24.6,27.7,21.3
Scarborough,2006-06-04,72.2,0.0,0.0,17.2,103.0,1012.4,80.8,7.9,274.78125,23.73125,21405,65642,30.1,24.8,27.2,33.4,24.8,28.6,21.7
Scarborough,2006-06-05,71.6,0.0,0.0,15.0,111.5,1012.9,67.0,10.6,265.68125,22.9375,20551,65802,30.1,25.7,27.9,33.4,25.7,30.2,22.2
Scarborough,2006-06-06,75.0,8.6868,8.33,23.0,91.6,1013.8,82.7,8.3,216.29375000000002,18.65,20338,66258,30.1,26.1,28.4,35.2,26.1,32.0,23.4
Scarborough,2006-06-07,70.6,0.0,0.0,18.3,81.2,1017.3,70.9,7.6,228.92499999999998,19.74375,20702,66618,31.1,25.8,28.1,35.6,25.8,30.5,22.2
Scarborough,2006-06-08,72.7,0.9905999999999999,4.17,12.8,72.2,1012.5,46.7,9.3,255.78125,22.1125,21100,66350,31.1,24.1,27.5,34.7,24.1,29.4,22.1
Scarborough,2006-06-09,73.2,26.8986,4.17,11.4,156.9,1012.9,89.3,10.0,235.11875,20.30625,21166,65379,30.3,24.1,28.1,35.2,24.1,30.7,22.7
Scarborough,2006-06-10,79.2,2.0065999999999997,4.17,18.3,88.1,1012.3,69.6,8.3,197.93125,17.125,21103,64214,30.2,26.1,27.8,36.3,26.1,31.1,23.9
Scarborough,2006-06-11,75.4,0.0,0.0,16.1,89.2,1010.3,57.7,8.7,194.73125,16.81875,21360,63417,31.1,24.1,26.7,35.6,24.1,27.9,21.9
Scarborough,2006-06-12,83.4,39.9034,8.33,18.3,80.2,1013.3,95.0,7.4,215.36875,18.65,22147,63532,27.2,23.1,25.4,29.7,23.1,26.2,22.3
Scarborough,2006-06-13,84.0,4.013199999999999,12.5,20.8,109.8,1014.5,86.7,7.8,224.825,19.40625,20389,66372,30.1,25.1,26.8,37.6,25.1,28.7,23.8
Scarborough,2006-06-14,73.4,0.0,0.0,18.3,90.1,1015.1,84.6,7.5,238.5125,20.58125,20399,66387,30.1,24.6,27.5,34.3,24.6,29.5,22.2
Scarborough,2006-06-15,75.3,0.9905999999999999,4.17,13.9,101.3,1014.1,60.4,7.6,228.75,19.74375,20409,66402,30.1,24.1,26.9,34.3,24.1,28.3,22.1
Scarborough,2006-06-16,74.2,0.0,0.0,11.4,118.6,1012.9,56.1,9.4,237.00625,20.43125,20420,66417,30.1,24.1,27.3,34.3,24.1,29.1,22.2
Scarborough,2006-06-17,74.8,2.0065999999999997,4.17,16.1,122.1,1013.8,85.0,9.5,236.38125,20.4,20431,66432,31.1,25.1,27.9,35.6,25.1,30.6,22.9
Scarborough,2006-06-18,73.4,2.0065999999999997,4.17,17.2,95.9,1013.7,76.0,8.2,221.9125,19.16875,20442,66446,31.1,26.1,28.3,35.2,26.1,31.3,23.0
Scarborough,2006-06-19,77.2,0.0,0.0,16.1,107.0,1013.2,90.0,7.5,219.28125,18.9375,20454,66460,30.3,25.1,27.4,35.2,25.1,29.4,22.9
Scarborough,2006-06-20,74.1,1.9811999999999999,8.33,18.3,104.3,1013.3,90.0,7.0,228.8,19.7625,20467,66473,31.1,25.1,27.9,35.6,25.1,30.3,22.7
Scarborough,2006-06-21,82.9,7.112,8.33,16.1,119.1,1014.6,88.2,6.5,228.33125,19.7125,20479,66487,30.1,23.3,26.4,35.2,23.3,27.9,23.2
Scarborough,2006-06-22,81.0,14.985999999999999,12.5,13.9,107.1,1014.5,85.0,7.1,251.525,21.68125,20493,66499,29.1,21.7,26.1,33.7,21.7,27.8,22.5
Scarborough,2006-06-23,76.1,0.508,4.17,15.0,114.2,1013.7,90.0,7.5,226.75625,19.55625,20506,66511,30.1,25.7,27.8,35.2,25.7,30.3,23.1
Scarborough,2006-06-24,77.0,6.095999999999999,4.17,21.9,107.3,1013.7,90.0,6.3,264.23125,22.8,20520,66523,30.1,22.6,26.9,35.2,22.6,29.1,22.5
Scarborough,2006-06-25,72.1,0.0,0.0,13.9,105.2,1014.0,72.1,8.0,244.16875,21.04375,20534,66534,30.1,25.1,27.7,34.3,25.1,29.7,22.2
Scarborough,2006-06-26,70.5,0.0,0.0,23.0,95.3,1013.7,70.5,7.5,246.20625,21.23125,20549,66545,30.1,25.1,28.0,33.4,25.1,30.2,22.1
Scarborough,2006-06-27,71.8,0.0,0.0,18.3,84.7,1015.0,90.0,7.6,243.14375,21.0,20563,66555,30.1,26.7,28.1,34.3,26.7,30.8,22.4
Scarborough,2006-06-28,79.6,0.0,0.0,16.1,134.6,1015.3,90.0,7.4,229.3125,19.8375,20578,66565,30.1,23.1,26.3,34.3,23.1,27.1,22.4
Scarborough,2006-06-29,78.1,2.3114,4.17,16.1,110.9,1015.7,82.4,7.8,228.75,19.7625,20593,66574,29.1,25.3,27.1,32.8,25.3,29.1,22.9
Scarborough,2006-06-30,77.3,19.8882,8.33,19.5,97.3,1015.3,86.7,7.0,223.03125,19.23125,20608,66582,31.1,20.8,26.8,37.9,20.8,29.1,22.4
Scarborough,2006-07-01,71.5,0.0,0.0,6.9,65.9,1013.2,67.4,9.7,208.05,17.99375,23055,64460,27.3,23.7,25.5,28.9,23.7,26.1,19.9
Scarborough,2006-07-02,72.5,0.0,0.0,18.3,86.1,1013.1,51.9,10.0,241.04375,20.875,23158,65302,30.1,23.1,26.1,42.4,23.1,27.7,20.6
Scarborough,2006-07-03,72.7,0.0,0.0,17.2,83.9,1014.0,90.0,8.4,262.46875,22.65,22482,65601,29.3,24.7,26.8,34.7,24.7,28.2,21.4
Scarborough,2006-07-04,68.6,0.0,0.0,17.2,98.4,1013.4,78.0,8.3,274.24375,23.7,21370,65644,30.1,25.1,27.4,32.1,25.1,28.5,20.9
Scarborough,2006-07-05,69.4,0.0,0.0,16.1,101.7,1013.3,71.9,10.0,266.59375,23.05625,20532,65812,30.2,25.7,27.9,33.4,25.7,29.6,21.7
Scarborough,2006-07-06,74.0,0.508,4.17,18.3,86.0,1013.8,59.5,7.6,237.55,20.4625,20344,66275,30.1,25.1,27.8,34.3,25.1,30.3,22.7
Scarborough,2006-07-07,71.4,0.0,0.0,20.8,92.9,1016.6,88.3,7.8,252.38125,21.7875,20718,66622,30.2,25.1,27.6,33.7,25.1,29.1,21.9
Scarborough,2006-07-08,78.1,16.002,4.17,18.3,86.0,1011.6,80.4,7.3,241.55625,20.84375,21108,66328,31.1,25.1,27.9,37.9,25.1,30.8,23.7
Scarborough,2006-07-09,77.9,0.0,0.0,9.2,134.7,1012.4,69.2,10.5,241.3625,20.81875,21164,65341,29.7,24.8,26.8,35.2,24.8,28.6,22.6
Scarborough,2006-07-10,81.4,3.5052000000000003,8.33,17.2,67.7,1013.0,90.6,8.3,221.4,19.10625,21103,64178,30.2,25.1,27.1,35.5,25.1,28.8,23.6
Scarborough,2006-07-11,71.8,0.0,0.0,16.1,91.7,1010.3,40.0,9.4,218.6125,18.93125,21378,63405,31.1,24.1,27.2,35.6,24.1,28.6,21.6
Scarborough,2006-07-12,79.3,2.9972,4.17,23.0,92.9,1012.4,88.6,6.8,198.51875,17.14375,22179,63551,30.1,25.1,26.6,34.3,25.1,27.9,22.7
Scarborough,2006-07-13,76.2,1.778,8.33,26.8,99.3,1013.3,82.6,7.6,235.94375,20.3875,20811,66627,30.2,25.6,27.6,34.9,25.6,29.7,22.9
Scarborough,2006-07-14,81.0,28.981399999999997,8.33,18.3,90.9,1013.8,90.0,6.6,231.46875,19.98125,20826,66625,28.8,24.1,26.3,33.1,24.1,27.6,22.7
Scarborough,2006-07-15,73.7,0.8128,8.33,18.3,83.4,1014.8,90.4,7.7,218.26875,18.81875,20842,66623,30.2,25.6,27.6,34.5,25.6,29.4,22.3
Scarborough,2006-07-16,75.4,2.0065999999999997,4.17,16.1,41.4,1014.2,89.1,7.4,241.7125,20.8375,20856,66619,29.1,24.1,26.8,33.1,24.1,28.4,22.0
Scarborough,2006-07-17,78.7,1.2953999999999999,8.33,13.9,116.1,1013.5,90.0,7.8,230.35625,19.925,20871,66615,30.1,24.1,27.2,35.2,24.1,29.6,23.1
Scarborough,2006-07-18,75.7,2.0065999999999997,4.17,16.1,94.5,1014.7,90.0,8.7,227.65,19.6125,20885,66610,30.1,25.1,27.8,36.3,25.1,30.7,23.1
Scarborough,2006-07-19,74.8,0.0,0.0,13.9,89.0,1015.3,90.0,7.9,248.5375,21.475,20900,66604,30.1,25.7,27.7,34.3,25.7,30.2,22.8
Scarborough,2006-07-20,73.8,0.0,0.0,15.0,85.2,1015.6,90.0,7.7,254.56875,21.925,20914,66597,30.2,25.1,27.2,34.3,25.1,28.8,22.1
Scarborough,2006-07-21,75.8,2.0065999999999997,4.17,13.9,93.2,1014.7,84.3,7.9,249.68125,21.55,20927,66589,30.1,24.3,27.0,34.3,24.3,28.5,22.2
Scarborough,2006-07-22,74.2,5.4102,8.33,20.8,85.4,1014.2,82.3,8.3,241.975,20.88125,20941,66580,30.1,25.1,27.3,35.2,25.1,29.3,22.3
Scarborough,2006-07-23,71.0,0.0,0.0,19.5,80.5,1014.0,77.9,7.4,238.65625,20.58125,20954,66571,31.1,25.7,28.1,35.6,25.7,30.2,22.2
Scarborough,2006-07-24,72.4,0.0,0.0,16.1,87.8,1013.7,76.4,7.2,248.19375,21.35,20966,66561,30.2,25.7,27.9,34.7,25.7,30.0,22.4
Scarborough,2006-07-25,83.6,12.9032,8.33,18.3,77.5,1012.2,77.4,6.1,234.58125,20.21875,20979,66549,29.1,24.6,25.6,32.1,24.6,25.7,22.5
Scarborough,2006-07-26,81.2,2.794,8.33,11.4,106.1,1011.4,90.0,7.6,251.74375,21.725,20991,66537,30.3,24.6,27.1,35.8,24.6,29.6,23.6
Scarborough,2006-07-27,81.8,16.9926,4.17,16.1,97.6,1012.8,91.3,7.0,242.59375,20.95625,21003,66524,31.1,25.1,26.9,35.6,25.1,28.2,23.4
Scarborough,2006-07-28,78.5,0.0,0.0,11.4,102.3,1013.3,90.0,6.9,227.8625,19.6875,21014,66511,30.2,24.8,27.6,35.7,24.8,30.1,23.4
Scarborough,2006-07-29,79.7,16.002,8.33,10.3,105.2,1013.2,86.3,6.9,253.63125,21.88125,21025,66496,31.2,25.1,27.3,36.9,25.1,29.2,23.3
Scarborough,2006-07-30,78.8,15.798799999999998,8.33,6.9,42.3,1013.3,90.0,5.9,237.59375,20.53125,21036,66481,29.1,25.2,27.0,33.7,25.2,28.8,22.9
Scarborough,2006-07-31,76.2,0.6096,8.33,17.2,131.5,1015.1,85.6,7.5,241.7375,20.8625,21046,66465,30.1,24.8,27.3,34.8,24.8,29.6,22.7
Scarborough,2006-08-01,75.8,8.889999999999999,4.17,8.1,41.6,1014.2,72.5,9.5,218.86875,18.9125,23073,64493,28.1,23.8,25.7,30.2,23.8,26.3,21.1
Scarborough,2006-08-02,70.9,0.0,0.0,16.1,80.8,1013.0,40.5,11.1,250.5,21.675,23145,65321,29.1,23.1,26.1,30.9,23.1,26.8,20.2
Scarborough,2006-08-03,74.2,0.0,0.0,15.0,102.3,1013.5,89.6,8.7,264.35625,22.8125,22449,65605,29.2,24.7,26.6,32.1,24.7,27.8,21.6
Scarborough,2006-08-04,66.5,0.0,0.0,16.1,75.5,1013.1,82.1,10.0,280.60625,24.2125,21335,65645,31.1,24.1,26.8,31.9,24.1,27.4,19.8
Scarborough,2006-08-05,75.1,0.0,0.0,19.5,91.7,1012.6,90.0,9.5,249.1125,21.5125,20514,65823,30.1,24.1,26.6,34.3,24.1,27.8,21.7
Scarborough,2006-08-06,75.2,2.0065999999999997,4.17,21.9,90.6,1012.9,70.5,8.2,246.0625,21.25,20350,66291,30.1,24.1,28.0,35.2,24.1,30.9,23.1
Scarborough,2006-08-07,71.8,0.0,0.0,18.3,92.8,1015.0,52.4,9.9,226.83124999999998,19.53125,20734,66625,31.1,25.1,28.2,35.6,25.1,30.8,22.6
Scarborough,2006-08-08,79.7,3.7845999999999997,8.33,15.0,95.5,1011.9,74.6,7.5,238.375,20.61875,21115,66305,31.1,25.1,27.6,37.9,25.1,30.2,23.7
Scarborough,2006-08-09,67.2,4.2926,4.17,16.1,141.2,1012.5,60.9,9.3,250.05625,21.625,21161,65302,31.1,28.1,29.2,35.6,30.2,32.6,22.4
Scarborough,2006-08-10,82.2,0.9905999999999999,4.17,17.2,84.2,1011.3,68.1,6.7,213.85625,18.46875,21104,64143,30.2,25.1,26.7,34.9,25.1,28.1,23.3
Scarborough,2006-08-11,73.9,0.508,4.17,15.0,87.9,1010.3,38.7,8.8,197.49375,17.0375,21396,63395,31.1,25.1,28.2,36.4,25.1,30.8,22.9
Scarborough,2006-08-12,78.1,0.0,0.0,18.3,81.0,1012.2,73.8,7.7,194.5,16.86875,22211,63572,30.2,24.7,26.9,34.3,24.7,28.5,22.7
Scarborough,2006-08-13,76.3,0.0,0.0,6.9,102.0,1012.6,90.0,9.7,257.74375,22.25,21145,66181,31.1,25.1,27.8,36.7,25.1,30.6,23.2
Scarborough,2006-08-14,74.4,0.0,0.0,9.2,129.1,1012.3,49.2,10.3,241.38125,20.84375,21149,66154,32.1,25.1,28.3,39.3,25.1,31.3,23.2
Scarborough,2006-08-15,85.8,11.2014,8.33,11.4,78.6,1012.0,70.0,7.0,246.8875,21.35625,21154,66126,28.7,25.1,26.3,33.2,25.1,27.5,23.7
Scarborough,2006-08-16,78.7,6.604,8.33,18.3,98.0,1012.2,90.0,6.4,247.58125,21.36875,21158,66098,30.1,25.1,27.2,34.3,25.1,29.3,23.2
Scarborough,2006-08-17,78.4,11.684,8.33,13.9,114.2,1012.2,90.0,6.9,234.1375,20.2375,21161,66069,30.1,23.7,27.0,34.3,23.7,28.6,22.8
Scarborough,2006-08-18,80.0,0.7874,4.17,16.1,104.8,1012.5,90.0,7.5,222.6875,19.2875,21165,66039,30.1,24.8,26.8,34.3,24.8,28.4,23.0
Scarborough,2006-08-19,80.8,9.194799999999999,8.33,8.1,111.4,1013.3,90.0,8.3,231.15,19.98125,21167,66009,30.6,25.1,27.3,37.6,25.1,29.8,23.7
Scarborough,2006-08-20,74.7,0.0,0.0,13.9,80.6,1013.8,83.8,8.6,234.5,20.24375,21170,65978,31.1,25.1,27.7,35.6,25.1,29.7,22.6
Scarborough,2006-08-21,75.7,0.0,0.0,16.1,76.7,1014.2,90.0,7.9,224.575,19.375,21172,65946,31.1,25.8,28.1,36.3,25.8,30.9,23.3
Scarborough,2006-08-22,81.3,8.6106,12.5,13.9,95.2,1013.6,93.6,6.3,231.0375,19.93125,21174,65914,30.3,25.3,27.4,35.7,25.3,29.6,23.9
Scarborough,2006-08-23,80.9,14.300199999999998,12.5,16.1,95.7,1012.8,90.0,6.6,216.05625,18.6375,21175,65882,30.1,24.1,26.9,37.6,24.1,29.3,23.4
Scarborough,2006-08-24,82.2,20.0914,4.17,17.2,169.0,1011.1,90.0,6.4,234.46875,20.225,21176,65849,29.1,23.1,26.4,32.8,23.1,28.1,23.1
Scarborough,2006-08-25,81.5,1.778,8.33,16.1,130.6,1012.2,91.4,6.5,242.34375,20.94375,21177,65815,30.3,24.1,26.8,36.3,24.1,28.9,23.3
Scarborough,2006-08-26,77.5,1.4986,8.33,13.9,100.4,1012.7,59.5,7.3,231.4125,20.0,21178,65781,31.1,25.1,27.9,36.7,25.1,30.6,23.4
Scarborough,2006-08-27,69.2,0.0,0.0,17.2,98.2,1011.9,87.6,9.0,238.40625,20.6,21178,65747,31.1,24.7,28.4,36.7,24.7,30.9,22.1
Scarborough,2006-08-28,77.7,0.0,0.0,13.9,104.1,1012.2,78.9,9.2,233.29999999999998,20.1625,21178,65712,30.1,25.1,27.4,36.3,25.1,30.2,23.2
Scarborough,2006-08-29,74.1,0.0,0.0,11.4,112.0,1013.2,59.2,9.8,231.825,20.03125,21177,65676,31.1,26.1,28.1,35.6,26.1,30.7,23.0
Scarborough,2006-08-30,72.7,0.0,0.0,12.8,99.4,1013.6,40.5,9.0,228.10625,19.65625,21177,65640,31.1,25.1,27.6,35.6,25.1,29.3,22.1
Scarborough,2006-08-31,73.3,0.0,0.0,11.4,104.9,1013.7,36.5,9.0,242.9125,21.01875,21176,65604,30.8,24.1,27.3,35.2,24.1,29.0,22.0
Scarborough,2006-09-01,69.8,0.0,0.0,23.0,76.6,1013.6,37.2,9.2,218.76875,18.88125,23091,64526,29.1,24.1,26.7,31.4,24.1,27.8,20.7
Scarborough,2006-09-02,70.5,0.0,0.0,18.3,84.8,1014.5,38.3,9.1,255.11875,22.025,23131,65339,29.1,24.1,26.6,31.4,24.1,27.4,20.7
Scarborough,2006-09-03,79.1,7.899399999999999,4.17,12.8,62.4,1014.1,80.6,7.7,259.50625,22.375,22415,65608,30.1,23.8,25.7,32.7,23.8,26.2,21.6
Scarborough,2006-09-04,68.5,0.0,0.0,15.0,94.3,1012.2,49.1,9.7,281.26875,24.2875,21301,65647,30.1,24.1,26.9,32.7,24.1,27.8,20.5
Scarborough,2006-09-05,68.9,0.0,0.0,17.2,97.7,1012.3,68.1,10.4,259.43125,22.4,20497,65835,31.1,26.1,27.8,33.4,26.1,29.1,21.4
Scarborough,2006-09-06,71.7,0.0,0.0,18.3,92.9,1013.5,90.0,7.6,244.4875,21.1,20357,66308,30.7,26.8,28.3,35.2,29.1,31.6,22.7
Scarborough,2006-09-07,81.4,8.889999999999999,8.33,16.1,93.1,1013.2,82.9,6.2,230.63125,19.90625,20749,66627,29.1,25.1,26.9,33.7,25.1,28.8,23.4
Scarborough,2006-09-08,79.2,0.7874,4.17,12.8,98.6,1011.6,64.1,7.6,241.90625,20.84375,21122,66282,31.2,25.1,27.6,36.8,25.1,30.2,23.5
Scarborough,2006-09-09,67.1,0.0,0.0,16.1,134.5,1013.3,37.8,8.7,241.86874999999998,20.9,21159,65263,31.1,27.1,29.1,36.7,28.9,32.3,22.3
Scarborough,2006-09-10,82.7,2.0065999999999997,4.17,26.4,115.8,1012.1,76.8,8.1,217.50625,18.7625,21106,64108,27.3,24.1,26.1,30.2,24.1,27.1,22.9
Scarborough,2006-09-11,72.6,0.0,0.0,18.3,87.5,1011.4,36.9,9.4,182.15,15.76875,21416,63385,31.2,26.1,28.4,36.7,26.1,31.2,22.9
Scarborough,2006-09-12,74.2,4.013199999999999,8.33,20.8,82.8,1013.3,85.0,7.0,196.65,16.99375,22243,63593,29.8,24.8,26.8,33.8,24.8,28.2,21.8
Scarborough,2006-09-13,82.7,33.502599999999994,16.67,16.1,116.3,1013.2,85.7,7.0,226.8,19.61875,21148,65106,29.1,24.7,26.5,32.8,24.7,27.9,23.2
Scarborough,2006-09-14,77.7,0.0,0.0,16.1,98.1,1013.9,78.9,8.1,239.20000000000002,20.69375,21145,65066,31.1,25.7,27.4,36.7,25.7,29.6,23.1
Scarborough,2006-09-15,68.7,0.0,0.0,19.5,88.1,1013.3,41.4,7.3,243.9375,21.0625,21142,65027,32.1,26.1,29.4,38.1,26.1,32.9,23.0
Scarborough,2006-09-16,64.4,0.0,0.0,18.3,90.0,1012.8,45.8,6.9,244.025,21.10625,21139,64987,31.7,26.7,29.7,35.7,26.7,32.7,22.1
Scarborough,2006-09-17,68.6,0.0,0.0,12.8,111.1,1011.9,68.5,7.2,218.71875,18.90625,21136,64947,31.1,25.2,28.6,35.6,25.2,31.2,22.2
Scarborough,2006-09-18,75.3,2.0065999999999997,4.17,16.1,117.2,1013.7,58.9,8.7,219.04375,18.93125,21133,64907,31.1,24.8,28.1,35.7,24.8,31.2,23.2
Scarborough,2006-09-19,71.0,0.3048,4.17,13.9,120.8,1014.6,61.7,9.8,234.9875,20.3125,21130,64867,31.3,26.3,28.8,36.1,26.3,32.2,22.9
Scarborough,2006-09-20,72.2,0.0,0.0,9.2,95.8,1013.4,86.1,10.1,226.21875,19.6,21127,64828,31.1,25.1,28.4,35.6,25.1,31.2,22.8
Scarborough,2006-09-21,71.8,0.0,0.0,15.0,109.0,1013.5,54.7,8.1,227.01875,19.60625,21125,64788,31.7,25.1,28.5,37.5,25.1,31.4,22.8
Scarborough,2006-09-22,66.7,0.0,0.0,13.9,110.2,1013.3,68.3,10.9,216.98125,18.73125,21122,64748,32.1,26.6,29.2,36.9,26.6,32.1,22.2
Scarborough,2006-09-23,73.4,0.0,0.0,13.9,118.9,1012.1,74.7,9.4,225.2,19.46875,21119,64709,31.1,25.1,28.2,36.7,25.1,30.9,22.8
Scarborough,2006-09-24,70.5,0.0,0.0,16.1,113.6,1012.1,46.5,10.1,235.09375,20.34375,21117,64669,33.1,27.1,29.6,39.4,29.7,33.9,23.6
Scarborough,2006-09-25,75.6,0.0,0.0,11.4,97.7,1013.5,69.4,8.1,231.3625,19.99375,21114,64630,31.1,25.3,27.8,36.7,25.3,30.1,23.0
Scarborough,2006-09-26,70.5,3.302,4.17,13.9,106.7,1014.3,47.1,8.3,235.25625,20.3125,21112,64591,31.3,25.8,28.5,36.1,25.8,30.9,22.5
Scarborough,2006-09-27,79.7,22.605999999999998,8.33,11.4,87.5,1013.6,60.5,6.7,235.56875,20.35,21110,64552,31.2,24.7,26.8,35.6,24.7,28.1,22.9
Scarborough,2006-09-28,78.6,0.0,0.0,12.8,99.1,1013.0,67.6,7.9,228.13125,19.6875,21108,64513,31.1,26.1,27.6,36.7,26.1,29.9,23.4
Scarborough,2006-09-29,75.2,0.0,0.0,17.2,87.8,1012.3,58.4,6.7,230.11875,19.85,21107,64475,31.1,25.1,27.9,36.7,25.1,30.3,23.0
Scarborough,2006-09-30,74.9,0.0,0.0,16.1,110.8,1012.9,90.0,6.7,222.49375,19.25625,21105,64436,31.1,26.1,28.5,36.7,26.1,31.8,23.5
Scarborough,2006-10-01,75.7,0.7874,4.17,17.2,80.2,1013.0,28.0,9.3,223.175,19.31875,23107,64558,29.1,23.1,25.4,31.4,23.1,25.9,20.7
Scarborough,2006-10-02,68.3,0.0,0.0,15.0,90.2,1015.8,40.4,10.0,248.34375,21.4875,23116,65356,29.2,23.1,25.9,30.3,23.1,26.4,19.3
Scarborough,2006-10-03,76.7,0.9905999999999999,4.17,18.3,84.1,1014.0,81.5,7.7,244.84375,21.13125,22381,65611,29.1,22.7,25.4,31.4,22.7,26.1,20.9
Scarborough,2006-10-04,69.4,0.0,0.0,18.3,93.4,1010.9,81.9,8.6,269.54375,23.225,21266,65649,30.1,25.1,27.2,33.4,25.1,28.4,21.0
Scarborough,2006-10-05,70.1,0.0,0.0,17.2,111.9,1012.9,49.4,12.0,261.80625,22.625,20480,65846,30.2,25.3,28.4,34.3,25.3,31.1,22.3
Scarborough,2006-10-06,74.5,2.0065999999999997,4.17,17.2,95.4,1013.7,90.0,7.4,238.525,20.61875,20364,66324,30.3,25.1,27.8,35.2,25.1,30.2,22.8
Scarborough,2006-10-07,73.6,2.9972,4.17,20.8,84.0,1013.0,84.5,6.1,239.31875,20.6375,20765,66628,30.1,26.1,28.0,35.2,26.1,30.8,22.8
Scarborough,2006-10-08,80.4,2.0065999999999997,4.17,16.1,102.6,1011.9,85.5,7.2,241.51875,20.81875,21128,66258,31.1,25.1,27.6,37.9,25.1,30.1,23.8
Scarborough,2006-10-09,67.5,0.0,0.0,13.9,115.2,1013.1,62.6,10.5,244.375,21.13125,21156,65224,31.1,26.7,29.1,35.6,26.7,32.3,22.4
Scarborough,2006-10-10,77.4,0.0,0.0,11.4,101.1,1012.7,57.1,10.4,219.0625,18.89375,21108,64074,31.1,25.1,28.2,37.9,25.1,31.5,23.7
Scarborough,2006-10-11,71.9,0.9905999999999999,4.17,16.1,92.0,1012.5,80.5,9.3,173.2125,14.96875,21436,63376,31.1,25.1,27.7,34.7,25.1,29.3,22.1
Scarborough,2006-10-12,81.6,11.2014,8.33,16.1,79.4,1013.4,87.7,6.2,210.70625,18.2125,22276,63615,30.1,22.2,26.0,35.2,22.2,27.4,22.6
Scarborough,2006-10-13,77.3,0.3048,4.17,16.1,98.6,1010.2,50.0,8.5,211.825,18.3375,21116,63974,30.8,26.1,27.9,36.2,26.1,31.1,23.6
Scarborough,2006-10-14,76.5,7.899399999999999,4.17,17.2,99.9,1010.3,57.4,8.5,229.525,19.83125,21119,63942,31.1,25.7,28.1,36.7,25.7,30.8,23.4
Scarborough,2006-10-15,72.5,0.0,0.0,13.9,103.4,1011.0,53.8,9.3,231.1125,19.96875,21124,63911,31.2,26.1,28.8,36.7,26.1,32.3,23.3
Scarborough,2006-10-16,73.0,0.0,0.0,13.9,111.8,1011.3,28.5,9.9,229.8875,19.8875,21128,63880,31.6,25.7,28.5,36.7,25.7,31.4,23.1
Scarborough,2006-10-17,72.8,0.0,0.0,13.9,109.6,1010.5,80.0,11.1,209.06875,18.0375,21133,63850,32.1,25.1,28.4,36.9,25.1,31.4,22.9
Scarborough,2006-10-18,75.6,0.0,0.0,13.9,115.3,1009.8,77.8,9.7,200.90625,17.34375,21139,63820,31.1,25.8,28.1,36.7,25.8,30.9,23.3
Scarborough,2006-10-19,73.1,0.0,0.0,11.4,110.8,1008.9,72.7,9.3,209.99375,18.1125,21145,63792,31.7,25.7,28.7,36.7,25.7,32.1,23.3
Scarborough,2006-10-20,80.1,6.095999999999999,4.17,18.3,127.5,1010.2,90.7,6.7,208.475,18.01875,21152,63764,30.1,25.1,27.4,37.6,25.1,30.1,23.7
Scarborough,2006-10-21,76.5,0.0,0.0,16.1,125.6,1012.7,78.8,7.2,223.4625,19.31875,21159,63736,30.8,25.1,27.8,35.8,25.1,30.3,23.2
Scarborough,2006-10-22,75.8,1.8033999999999997,4.17,11.4,69.4,1013.1,72.9,9.2,220.05,19.0125,21167,63710,31.1,25.7,28.6,36.7,25.7,32.1,23.8
Scarborough,2006-10-23,81.9,3.8099999999999996,12.5,11.4,64.0,1011.9,90.0,7.1,222.9875,19.3,21175,63684,31.1,25.1,27.2,37.9,25.1,29.3,23.8
Scarborough,2006-10-24,82.7,4.0893999999999995,4.17,5.8,79.7,1011.9,90.0,7.3,212.625,18.39375,21184,63659,30.1,25.7,27.0,36.3,25.7,28.8,23.8
Scarborough,2006-10-25,77.6,4.0893999999999995,4.17,11.4,113.7,1012.2,80.5,8.8,201.55,17.41875,21194,63635,31.1,24.1,27.9,36.9,24.1,30.8,23.6
Scarborough,2006-10-26,71.8,0.0,0.0,12.8,107.2,1012.3,47.0,9.7,197.21875,17.075,21204,63612,32.1,27.1,29.3,38.1,29.7,33.6,23.6
Scarborough,2006-10-27,75.9,0.0,0.0,9.2,90.4,1011.4,49.5,9.3,197.425,17.08125,21215,63589,31.1,25.1,28.0,36.7,25.1,30.7,23.3
Scarborough,2006-10-28,81.7,3.0225999999999997,12.5,16.1,82.4,1011.5,88.3,6.9,208.56875,18.05,21227,63568,30.1,24.8,27.0,34.8,24.8,29.0,23.6
Scarborough,2006-10-29,85.6,47.904399999999995,16.67,15.0,73.0,1011.2,90.0,6.8,209.2625,18.118750000000002,21239,63547,28.6,24.1,26.2,32.6,24.1,27.1,23.6
Scarborough,2006-10-30,80.4,2.794,8.33,12.8,72.4,1010.3,87.3,8.5,196.29375,16.98125,21251,63528,31.1,25.1,26.7,35.6,25.1,27.6,22.9
Scarborough,2006-10-31,71.0,0.0,0.0,16.1,83.4,1009.7,46.0,8.6,200.625,17.3,21265,63509,31.1,25.1,27.9,35.6,25.1,29.7,22.0
Scarborough,2006-11-01,79.8,8.102599999999999,8.33,17.2,90.1,1012.6,62.5,7.8,224.18125,19.4,23123,64591,29.1,23.1,25.6,32.1,23.1,26.5,21.7
Scarborough,2006-11-02,71.3,0.0,0.0,18.3,89.2,1015.2,63.9,9.9,253.34375,21.90625,23100,65372,29.2,23.1,26.1,31.4,23.1,26.9,20.4
Scarborough,2006-11-03,72.9,6.604,8.33,18.3,83.8,1014.5,72.5,9.1,263.2875,22.70625,22347,65614,29.2,21.8,25.8,31.2,21.8,26.5,20.3
Scarborough,2006-11-04,69.7,0.0,0.0,15.0,102.1,1011.1,88.3,9.2,283.55625,24.4625,21233,65651,30.1,24.1,27.3,33.4,24.1,28.8,21.2
Scarborough,2006-11-05,75.4,0.0,0.0,16.1,108.7,1013.1,74.0,9.4,275.35625,23.74375,20465,65858,30.1,27.1,27.7,34.3,29.6,30.6,22.9
Scarborough,2006-11-06,72.2,4.0893999999999995,4.17,18.3,87.9,1014.1,90.0,8.5,235.59375,20.39375,20372,66340,31.1,26.1,28.4,35.6,26.1,31.3,22.8
Scarborough,2006-11-07,81.5,40.1828,8.33,20.8,97.0,1014.4,90.0,6.2,235.30625,20.275,20781,66629,30.1,24.1,26.6,35.2,24.1,28.4,23.1
Scarborough,2006-11-08,80.3,2.3114,8.33,17.2,90.4,1012.6,68.5,6.7,239.65,20.71875,21134,66233,31.1,25.1,27.7,37.9,25.1,30.4,23.9
Scarborough,2006-11-09,72.5,0.0,0.0,12.8,106.5,1013.1,78.8,7.8,242.04375,20.91875,21154,65185,30.3,26.1,28.2,35.2,26.1,31.0,22.7
Scarborough,2006-11-10,77.1,10.8966,4.17,16.1,125.3,1012.0,41.6,9.3,216.0625,18.6,21110,64040,31.2,26.1,28.6,37.9,26.1,32.5,24.2
Scarborough,2006-11-11,77.9,0.508,4.17,16.1,69.2,1012.3,85.5,7.0,183.8125,15.90625,21457,63369,29.3,25.1,27.2,34.8,25.1,29.4,23.0
Scarborough,2006-11-12,69.7,0.508,4.17,20.8,90.2,1013.8,58.5,8.5,215.49375,18.60625,22308,63639,30.2,25.3,27.6,34.3,25.3,29.2,21.5
Scarborough,2006-11-13,80.1,23.3934,8.33,10.3,87.3,1011.3,83.7,7.6,203.5875,17.63125,21500,63357,30.6,23.8,26.2,35.7,23.8,27.4,22.3
Scarborough,2006-11-14,78.2,0.0,0.0,11.4,78.3,1010.5,57.1,9.3,196.66875,16.98125,21523,63353,29.8,24.7,26.9,34.3,24.7,28.9,22.7
Scarborough,2006-11-15,78.3,2.9972,8.33,9.2,95.7,1010.2,51.9,8.8,190.84375,16.4875,21546,63350,30.1,24.1,26.7,33.7,24.1,28.1,22.6
Scarborough,2006-11-16,76.5,0.0,0.0,16.1,90.4,1010.5,83.2,7.6,202.75625,17.5625,21570,63348,31.1,24.1,27.1,36.7,24.1,28.9,22.5
Scarborough,2006-11-17,78.7,0.0,0.0,12.8,114.7,1011.3,76.3,6.5,198.81875,17.175,21594,63347,29.1,25.1,26.3,32.1,25.1,27.2,22.2
Scarborough,2006-11-18,72.9,0.3048,4.17,13.9,105.9,1011.9,88.6,7.7,205.9625,17.83125,21619,63347,30.1,25.1,27.5,34.3,25.1,29.2,22.1
Scarborough,2006-11-19,73.5,0.0,0.0,13.9,103.4,1012.7,56.1,10.1,207.35,17.9375,21645,63348,30.1,25.1,27.6,34.3,25.1,29.3,22.3
Scarborough,2006-11-20,77.3,0.9905999999999999,4.17,17.2,89.5,1013.2,51.3,8.0,199.2875,17.275,21671,63350,30.7,24.3,27.2,35.2,24.3,29.1,22.8
Scarborough,2006-11-21,78.9,21.4884,8.33,16.1,91.8,1013.2,59.5,7.7,204.45,17.68125,21698,63354,30.6,24.1,26.9,35.2,24.1,28.7,22.8
Scarborough,2006-11-22,77.6,0.508,4.17,15.0,83.1,1012.8,65.9,7.2,198.6125,17.19375,21725,63358,30.1,25.1,26.8,34.3,25.1,27.9,22.4
Scarborough,2006-11-23,77.8,0.9905999999999999,4.17,13.9,91.1,1011.0,87.9,8.2,186.5375,16.15625,21753,63364,30.1,25.1,26.6,34.3,25.1,27.7,22.3
Scarborough,2006-11-24,77.7,6.095999999999999,4.17,12.8,124.0,1010.3,61.8,9.2,186.03125,16.1125,21781,63371,30.1,24.1,26.5,34.3,24.1,27.9,22.2
Scarborough,2006-11-25,78.6,2.9972,4.17,13.9,110.0,1011.1,66.5,8.7,189.09375,16.349999999999998,21810,63379,30.2,23.7,27.2,35.2,23.7,29.3,23.0
Scarborough,2006-11-26,76.5,4.0893999999999995,4.17,13.9,109.0,1011.6,81.3,9.0,183.93125,15.88125,21839,63387,30.7,25.1,27.7,35.2,25.1,29.8,23.1
Scarborough,2006-11-27,82.2,0.508,4.17,12.8,90.6,1010.8,54.5,8.0,183.30625,15.875,21868,63397,30.1,25.3,27.1,34.3,25.3,28.5,23.7
Scarborough,2006-11-28,82.3,8.889999999999999,4.17,16.1,98.1,1010.2,61.5,7.5,199.125,17.25,21898,63408,29.1,24.8,26.6,33.7,24.8,28.2,23.3
Scarborough,2006-11-29,74.9,0.0,0.0,13.9,95.9,1011.6,77.9,7.4,211.54375,18.325,21928,63420,30.8,25.1,27.6,34.9,25.1,29.6,22.6
Scarborough,2006-11-30,74.4,0.0,0.0,16.1,98.4,1011.8,48.5,8.2,189.5,16.425,21959,63433,31.1,25.1,27.0,35.6,25.1,28.3,21.9
Scarborough,2006-12-01,79.2,2.3114,8.33,20.8,86.9,1012.0,69.0,6.6,228.8875,19.8,23137,64623,29.1,25.1,26.1,32.1,25.1,26.6,22.2
Scarborough,2006-12-02,72.8,0.3048,4.17,18.3,84.4,1015.4,66.7,9.2,251.17499999999998,21.75625,23083,65388,28.8,23.7,26.1,30.8,23.7,26.9,20.7
Scarborough,2006-12-03,67.6,0.0,0.0,17.2,75.3,1013.8,84.5,9.5,249.98125000000002,21.58125,22312,65617,30.1,23.8,25.9,30.1,23.8,26.4,19.3
Scarborough,2006-12-04,70.2,0.0,0.0,17.2,111.1,1011.5,58.6,9.4,273.875,23.65,21199,65654,30.2,26.1,27.9,34.3,26.1,30.2,21.9
Scarborough,2006-12-05,72.9,0.0,0.0,16.1,112.7,1013.3,90.0,8.4,260.475,22.4625,20450,65871,30.1,27.1,28.4,35.2,29.3,31.9,23.1
Scarborough,2006-12-06,77.5,7.594599999999999,12.5,16.1,79.4,1013.8,90.0,6.6,261.2625,22.55,20380,66356,29.1,24.8,26.6,32.8,24.8,27.9,22.3
Scarborough,2006-12-07,80.0,30.5054,8.33,16.1,58.5,1014.6,80.0,6.3,222.14374999999998,19.15625,20796,66628,30.1,24.1,27.1,37.6,24.1,29.3,23.3
Scarborough,2006-12-08,82.1,9.8806,12.5,11.4,100.7,1012.7,82.7,7.2,246.28125,21.28125,21139,66207,28.7,25.1,26.8,32.9,25.1,28.7,23.4
Scarborough,2006-12-09,73.9,0.3048,4.17,13.9,107.4,1012.0,90.0,9.3,232.86875,20.0875,21151,65145,31.1,25.1,28.0,36.7,25.1,30.4,22.8
Scarborough,2006-12-10,78.2,0.7874,4.17,15.0,95.8,1011.5,66.8,7.6,222.69375,19.2125,21113,64007,31.1,25.1,28.0,36.7,25.1,31.2,23.7
Scarborough,2006-12-11,90.4,98.78059999999999,12.5,12.8,60.9,1011.9,95.2,5.0,196.775,16.94375,21478,63363,25.2,23.6,24.5,25.2,23.6,24.5,22.8
Scarborough,2006-12-12,71.0,0.508,4.17,18.3,88.5,1013.5,63.3,8.0,201.59375,17.4,22340,63662,30.1,24.1,26.8,33.4,24.1,27.8,21.0
Scarborough,2006-12-13,73.1,0.0,0.0,16.1,80.0,1013.8,65.2,8.6,192.99375,16.6875,22372,63687,30.1,24.1,26.5,33.5,24.1,27.6,21.2
Scarborough,2006-12-14,79.9,10.8966,4.17,20.8,88.9,1012.8,58.9,7.5,209.76875,18.11875,22404,63712,28.1,23.1,25.3,32.1,23.1,26.2,21.6
Scarborough,2006-12-15,72.5,0.0,0.0,11.4,107.5,1013.1,68.4,8.3,211.375,18.24375,22436,63738,29.1,22.1,25.9,31.4,22.1,26.8,20.4
Scarborough,2006-12-16,78.0,0.0,0.0,13.9,135.1,1013.8,82.5,8.7,211.0375,18.24375,22467,63765,29.1,23.1,26.1,32.1,23.1,27.3,21.8
Scarborough,2006-12-17,79.5,2.9972,4.17,16.1,107.5,1013.4,47.2,8.6,213.175,18.4375,22499,63792,30.1,23.7,26.2,34.3,23.7,27.5,22.3
Scarborough,2006-12-18,77.3,0.3048,4.17,16.1,87.7,1013.3,77.1,8.7,215.675,18.6625,22530,63820,29.1,24.1,26.2,32.1,24.1,27.4,21.9
Scarborough,2006-12-19,77.3,7.416799999999999,8.33,18.3,90.8,1012.3,85.5,7.6,201.71875,17.4375,22561,63848,29.1,24.1,26.7,32.8,24.1,28.1,22.3
Scarborough,2006-12-20,76.6,0.7874,4.17,17.2,93.7,1013.1,85.9,8.4,207.96875,17.9875,22591,63877,29.8,24.8,27.0,34.4,24.8,28.6,22.4
Scarborough,2006-12-21,75.5,0.0,0.0,18.3,89.9,1014.7,68.5,9.3,202.8,17.5,22622,63907,30.1,24.8,27.2,35.2,24.8,28.8,22.4
Scarborough,2006-12-22,78.5,0.0,0.0,19.5,62.4,1014.7,74.2,7.4,210.91875,18.25625,22651,63937,30.1,24.1,26.3,34.3,24.1,27.6,22.2
Scarborough,2006-12-23,77.6,31.1912,8.33,15.0,76.6,1014.8,90.0,6.7,210.8625,18.2125,22681,63967,29.1,24.1,26.4,32.7,24.1,27.9,22.1
Scarborough,2006-12-24,72.9,0.9905999999999999,4.17,20.8,87.7,1015.1,90.0,6.3,206.225,17.81875,22710,63998,29.1,25.1,26.8,32.1,25.1,28.0,21.5
Scarborough,2006-12-25,78.4,7.086600000000001,8.33,16.1,77.3,1014.6,90.0,6.3,211.05625,18.2625,22738,64029,29.1,23.1,25.6,32.1,23.1,26.3,21.4
Scarborough,2006-12-26,65.5,0.0,0.0,15.0,80.2,1014.9,76.3,7.8,214.75,18.55625,22766,64061,29.2,24.1,26.4,31.1,24.1,27.0,19.3
Scarborough,2006-12-27,72.9,0.0,0.0,17.2,93.6,1015.6,55.0,8.0,216.86875,18.74375,22794,64092,28.8,23.1,25.9,31.9,23.1,26.8,20.6
Scarborough,2006-12-28,72.5,0.0,0.0,24.2,89.9,1016.0,45.9,8.7,213.84375,18.46875,22820,64124,29.3,24.1,26.1,32.0,24.1,26.8,20.7
Scarborough,2006-12-29,70.6,0.3048,4.17,17.2,93.8,1016.1,61.1,8.3,199.44375,17.1875,22847,64157,29.1,25.1,27.2,32.1,25.1,28.6,21.3
Scarborough,2006-12-30,74.6,0.0,0.0,16.1,77.3,1015.8,35.3,9.1,204.75,17.64375,22872,64189,29.1,22.6,25.3,31.4,22.6,25.7,20.4
Scarborough,2006-12-31,77.1,0.508,4.17,16.1,94.9,1015.3,47.6,8.9,216.6875,18.70625,22897,64222,28.2,23.8,26.0,30.8,23.8,27.0,21.6
Scarborough,2007-01-01,76.2,0.3048,4.17,19.5,88.6,1015.0,47.9,7.8,212.1,18.311764705882354,22921,64255,29.2,23.7,26.5,32.2,23.7,27.8,21.8
Scarborough,2007-01-02,73.5,0.3048,4.17,21.9,85.0,1015.5,50.8,9.0,245.04117647058823,21.147058823529413,23218,65173,29.1,22.1,25.4,31.4,22.1,26.1,20.2
Scarborough,2007-01-03,69.1,0.0,0.0,18.3,89.7,1012.7,60.0,7.2,254.06470588235297,21.970588235294116,22679,65569,29.6,24.1,26.8,32.3,24.1,27.9,20.5
Scarborough,2007-01-04,68.5,0.0,0.0,16.1,98.0,1013.1,42.6,9.4,262.15882352941173,22.641176470588235,21594,65637,31.2,24.1,27.3,33.8,24.1,28.3,20.7
Scarborough,2007-01-05,63.3,0.0,0.0,18.3,100.2,1013.2,52.6,9.3,260.9,22.5125,20662,65753,31.2,25.7,27.8,33.6,25.7,28.8,20.1
Scarborough,2007-01-06,81.3,4.5973999999999995,8.33,18.3,87.7,1013.9,85.5,7.1,246.40625,21.30625,20322,66170,30.6,25.1,27.6,36.9,25.1,31.1,24.1
Scarborough,2007-01-07,76.7,7.391399999999999,4.17,18.3,96.9,1017.7,73.0,7.6,190.21875,16.41875,20620,66588,29.7,25.1,27.3,33.7,25.1,29.4,22.8
Scarborough,2007-01-08,81.4,235.30559999999997,12.5,15.0,103.7,1011.4,90.0,7.4,222.625,19.25625,21054,66452,30.1,24.1,26.2,35.2,24.1,27.1,22.7
Scarborough,2007-01-09,82.3,93.4974,12.5,20.8,144.7,1013.1,90.9,6.3,234.45,20.225,21175,65577,28.1,24.1,25.9,31.8,24.1,26.8,22.7
Scarborough,2007-01-10,73.1,0.0,0.0,18.3,113.8,1013.6,82.2,8.4,218.44375,18.85,21105,64408,31.1,26.1,28.8,37.9,26.1,32.8,23.5
Scarborough,2007-01-11,82.2,1.016,8.33,17.2,92.9,1010.1,60.0,8.8,209.3875,18.10625,21276,63496,29.1,24.1,26.5,34.7,24.1,28.2,23.1
Scarborough,2007-01-12,73.8,0.0,0.0,11.4,338.7,1011.7,53.6,10.6,187.78125,16.29375,21982,63444,29.1,20.1,25.4,32.1,20.1,26.2,20.2
Scarborough,2007-01-13,82.2,8.407399999999999,8.33,15.0,73.7,1012.8,79.5,7.2,218.58823529411765,18.88235294117647,23148,64647,26.1,23.6,24.7,26.1,23.6,24.7,21.4
Scarborough,2007-01-14,80.5,2.0065999999999997,4.17,16.1,71.4,1012.7,75.8,8.2,228.3764705882353,19.711764705882352,23161,64678,28.1,23.7,25.2,30.8,23.7,25.4,21.6
Scarborough,2007-01-15,70.9,0.0,0.0,18.3,75.7,1013.0,42.1,8.7,227.05882352941177,19.58235294117647,23173,64710,30.2,23.2,26.6,34.3,23.2,27.9,20.8
Scarborough,2007-01-16,82.8,0.0,0.0,16.1,61.7,1012.8,58.6,8.1,227.25882352941176,19.599999999999998,23184,64741,30.1,24.1,26.3,36.3,24.1,27.8,23.1
Scarborough,2007-01-17,80.5,2.9972,4.17,13.9,46.5,1012.7,84.6,7.7,229.41764705882352,19.83529411764706,23194,64771,29.1,25.1,26.3,33.7,25.1,27.4,22.7
Scarborough,2007-01-18,77.0,0.0,0.0,11.4,32.0,1013.7,40.6,6.6,231.1235294117647,19.970588235294116,23203,64801,28.8,24.1,26.2,32.4,24.1,27.3,21.8
Scarborough,2007-01-19,73.4,0.0,0.0,11.4,97.2,1013.5,35.7,6.9,227.11764705882354,19.570588235294117,23211,64831,30.1,23.1,26.4,33.4,23.1,27.7,21.2
Scarborough,2007-01-20,73.8,0.0,0.0,17.2,94.3,1014.0,25.8,7.2,238.95294117647057,20.629411764705882,23218,64861,30.1,24.1,26.7,34.3,24.1,28.3,21.6
Scarborough,2007-01-21,73.4,0.0,0.0,17.2,91.0,1014.7,23.2,8.1,230.05882352941177,19.83529411764706,23223,64889,29.3,23.1,26.0,32.3,23.1,27.0,20.8
Scarborough,2007-01-22,74.1,0.0,0.0,17.2,81.1,1014.2,58.7,8.0,225.05882352941177,19.45294117647059,23228,64918,30.1,23.1,26.0,33.4,23.1,26.9,20.9
Scarborough,2007-01-23,76.5,12.420599999999999,8.33,17.2,93.5,1013.3,50.6,8.1,232.6235294117647,20.041176470588233,23232,64946,29.1,22.7,25.6,32.1,22.7,26.3,21.0
Scarborough,2007-01-24,72.5,0.0,0.0,16.1,95.8,1013.8,40.5,9.0,229.46470588235294,19.852941176470587,23235,64973,29.1,24.1,26.2,32.1,24.1,27.2,20.8
Scarborough,2007-01-25,69.8,0.0,0.0,16.1,94.2,1014.1,35.2,8.7,238.38235294117646,20.599999999999998,23236,65000,29.1,22.1,26.0,30.9,22.1,26.8,20.0
Scarborough,2007-01-26,71.6,0.0,0.0,19.5,103.3,1014.3,40.0,9.1,235.24117647058824,20.305882352941175,23237,65027,29.1,23.1,26.1,31.5,23.1,27.0,20.4
Scarborough,2007-01-27,75.7,0.0,0.0,16.1,84.6,1015.4,54.1,9.2,232.04117647058825,20.041176470588233,23236,65053,28.3,23.1,24.6,30.4,23.1,24.8,19.9
Scarborough,2007-01-28,67.4,0.0,0.0,17.2,86.0,1016.0,58.0,9.6,228.71764705882356,19.711764705882356,23235,65078,29.1,24.1,26.1,30.9,24.1,26.8,19.5
Scarborough,2007-01-29,68.0,0.0,0.0,16.1,99.6,1016.2,27.9,9.0,232.74117647058824,20.105882352941176,23232,65103,29.1,23.1,26.2,30.9,23.1,27.0,19.7
Scarborough,2007-01-30,70.0,0.0,0.0,15.0,106.0,1015.4,30.9,9.5,237.48823529411766,20.5,23228,65127,28.3,22.7,25.7,30.9,22.7,26.3,19.7
Scarborough,2007-01-31,74.6,0.9905999999999999,4.17,17.2,90.8,1015.0,49.5,9.7,242.2941176470588,20.929411764705883,23224,65150,29.1,23.1,25.1,30.9,23.1,25.5,20.1
Scarborough,2007-02-01,70.2,0.0,0.0,20.8,79.9,1015.4,35.4,7.8,221.40588235294118,19.15294117647059,22945,64288,30.1,25.1,27.1,33.4,25.1,28.2,21.1
Scarborough,2007-02-02,82.2,1.9811999999999999,8.33,23.0,83.3,1016.1,72.2,7.2,250.4294117647059,21.641176470588235,23211,65196,30.1,23.1,25.5,33.4,23.1,26.4,22.2
Scarborough,2007-02-03,68.1,0.7874,4.17,19.5,81.9,1012.5,55.8,7.9,265.8588235294117,22.96470588235294,22649,65575,30.1,25.1,26.9,32.7,25.1,27.6,20.4
Scarborough,2007-02-04,69.4,0.0,0.0,20.8,101.1,1013.0,80.5,8.2,269.68823529411765,23.329411764705885,21557,65638,31.1,24.7,27.8,34.7,24.7,29.4,21.6
Scarborough,2007-02-05,61.2,0.0,0.0,20.8,92.9,1013.6,43.2,9.4,245.88750000000002,21.2,20639,65761,31.1,25.1,28.3,33.1,25.1,29.8,20.1
Scarborough,2007-02-06,81.6,27.406599999999997,8.33,23.0,90.4,1014.2,72.2,7.0,238.425,20.55625,20324,66187,28.1,24.1,26.6,32.1,24.1,28.3,23.1
Scarborough,2007-02-07,65.9,0.0,0.0,17.2,88.5,1017.5,60.0,7.1,241.60625000000002,20.83125,20636,66596,30.1,25.1,27.9,32.7,25.1,29.4,20.8
Scarborough,2007-02-08,79.5,2.0065999999999997,4.17,13.9,115.2,1012.0,75.2,7.4,220.425,19.03125,21064,66434,30.1,25.1,27.1,35.2,25.1,29.3,23.3
Scarborough,2007-02-09,78.0,40.894,12.5,17.2,111.9,1014.7,77.1,7.6,232.075,20.05625,21174,65540,29.6,24.1,26.8,33.8,24.1,28.2,22.6
Scarborough,2007-02-10,77.1,0.3048,4.17,15.0,99.2,1014.5,67.9,8.3,216.15,18.6625,21104,64370,31.1,25.1,28.0,37.9,25.1,31.2,23.6
Scarborough,2007-02-11,83.5,7.086600000000001,8.33,15.0,99.0,1011.2,43.9,8.3,211.44375,18.275,21290,63479,30.1,24.1,26.7,35.2,24.1,28.7,23.7
Scarborough,2007-02-12,71.8,0.0,0.0,15.7,18.4,1012.8,56.8,11.0,208.1375,18.0125,22013,63459,29.1,22.1,25.9,31.4,22.1,26.9,20.3
Scarborough,2007-02-13,68.8,0.0,0.0,16.1,90.7,1014.0,30.5,8.7,248.04117647058823,21.470588235294116,23070,65400,29.6,23.1,25.8,30.9,23.1,26.3,19.5
Scarborough,2007-02-14,71.2,0.0,0.0,17.2,110.6,1013.7,25.2,10.6,247.5705882352941,21.423529411764704,23051,65415,30.1,23.1,26.7,32.4,23.1,27.7,20.9
Scarborough,2007-02-15,70.3,0.0,0.0,20.8,99.2,1013.6,28.3,8.9,251.37058823529412,21.74705882352941,23032,65429,30.1,23.8,26.9,32.7,23.8,28.0,20.9
Scarborough,2007-02-16,73.6,0.9905999999999999,4.17,18.3,84.6,1013.3,51.4,8.0,256.6941176470588,22.18235294117647,23011,65443,30.1,23.3,26.0,32.7,23.3,26.8,20.8
Scarborough,2007-02-17,71.1,0.508,4.17,13.9,68.2,1013.8,34.7,8.3,258.5764705882353,22.376470588235293,22990,65456,29.1,24.1,25.6,31.4,24.1,26.2,19.9
Scarborough,2007-02-18,66.9,0.0,0.0,15.0,103.0,1014.1,35.0,9.3,259.8529411764706,22.50588235294118,22969,65468,29.3,22.1,25.5,30.5,22.1,26.0,18.7
Scarborough,2007-02-19,76.7,1.2953999999999999,8.33,11.4,46.5,1014.4,61.7,7.8,251.8294117647059,21.8,22946,65480,29.1,23.1,25.2,32.8,23.1,25.8,20.8
Scarborough,2007-02-20,71.6,0.7874,4.17,18.3,91.6,1013.8,40.0,8.5,265.9647058823529,23.0,22922,65491,29.1,22.1,25.1,30.9,22.1,25.4,19.4
Scarborough,2007-02-21,70.7,4.0893999999999995,4.17,16.1,86.2,1013.4,39.6,8.3,263.3294117647059,22.776470588235295,22898,65502,29.2,22.8,25.2,30.9,22.8,25.6,19.3
Scarborough,2007-02-22,63.9,0.0,0.0,13.9,98.4,1014.4,32.8,10.0,250.31176470588235,21.63529411764706,22873,65512,30.1,22.1,26.8,32.0,22.1,27.6,19.2
Scarborough,2007-02-23,72.5,0.0,0.0,13.9,99.7,1014.1,58.9,8.8,251.45294117647057,21.77058823529412,22847,65522,30.1,23.8,26.3,33.4,23.8,27.2,20.9
Scarborough,2007-02-24,73.2,0.0,0.0,17.2,97.0,1014.0,43.9,8.8,243.1058823529412,21.058823529411764,22821,65531,31.1,24.7,27.3,35.6,24.7,29.1,22.1
Scarborough,2007-02-25,72.1,0.0,0.0,18.3,93.1,1014.8,47.9,8.4,241.40588235294115,20.88235294117647,22794,65539,30.1,25.1,26.9,33.4,25.1,28.1,21.4
Scarborough,2007-02-26,67.9,0.0,0.0,17.2,92.9,1015.2,63.3,8.3,260.3882352941177,22.5,22766,65547,30.2,24.6,27.1,32.0,24.6,28.1,20.6
Scarborough,2007-02-27,68.9,2.9972,4.17,18.3,89.3,1015.1,52.0,7.9,256.8176470588235,22.211764705882356,22738,65555,30.1,24.1,26.7,32.2,24.1,27.6,20.4
Scarborough,2007-02-28,67.4,0.0,0.0,15.0,100.0,1013.0,43.5,7.1,269.09411764705885,23.311764705882354,22708,65562,29.1,24.1,26.6,31.4,24.1,27.4,19.9
Scarborough,2007-03-01,66.1,0.0,0.0,20.8,82.2,1016.3,52.9,7.8,229.49411764705883,19.876470588235293,22967,64321,30.1,24.1,27.1,32.7,24.1,28.3,20.2
Scarborough,2007-03-02,82.0,1.6001999999999998,12.5,18.3,80.2,1016.4,66.1,6.5,247.48235294117646,21.400000000000002,23203,65217,28.1,23.7,25.5,30.8,23.7,25.9,22.1
Scarborough,2007-03-03,60.1,0.0,0.0,18.3,91.4,1013.1,52.8,7.0,269.5,23.3,22618,65581,30.1,25.1,27.3,30.9,25.1,27.9,18.7
Scarborough,2007-03-04,70.9,0.0,0.0,16.1,112.5,1012.6,88.3,7.4,275.27058823529416,23.723529411764705,21521,65639,31.1,24.8,27.4,35.6,24.8,28.9,21.6
Scarborough,2007-03-05,64.4,31.496,4.17,18.3,92.8,1013.3,33.2,9.7,243.09375,20.9875,20617,65770,30.2,24.1,27.7,33.2,24.1,28.8,20.2
Scarborough,2007-03-06,70.6,0.0,0.0,25.3,88.9,1014.8,45.8,8.0,246.50625,21.24375,20326,66204,30.2,25.7,27.9,33.4,25.7,30.1,22.0
Scarborough,2007-03-07,70.0,0.0,0.0,13.9,95.1,1016.6,51.5,7.4,251.89374999999998,21.73125,20652,66602,30.1,25.1,27.2,33.4,25.1,28.4,21.1
Scarborough,2007-03-08,80.9,2.9972,4.17,10.3,61.4,1013.1,60.8,7.3,226.8875,19.5875,21073,66416,30.1,25.1,26.6,35.2,25.1,27.9,22.9
Scarborough,2007-03-09,73.8,2.0065999999999997,4.17,11.4,110.0,1014.5,46.7,9.0,222.79375,19.2625,21173,65502,30.3,24.1,26.9,34.3,24.1,28.3,21.7
Scarborough,2007-03-10,76.7,0.0,0.0,11.4,114.5,1013.3,52.7,9.5,213.0875,18.4,21103,64333,31.1,25.1,28.0,36.7,25.1,30.8,23.4
Scarborough,2007-03-11,78.1,0.0,0.0,18.3,87.9,1011.2,29.5,9.6,208.41875000000002,18.00625,21306,63463,30.3,24.6,27.5,36.0,24.6,30.1,23.3
Scarborough,2007-03-12,76.9,2.0065999999999997,4.17,9.2,38.7,1012.4,58.1,10.6,199.15,17.21875,22044,63474,29.1,23.1,25.8,32.8,23.1,26.9,21.3
Scarborough,2007-03-13,65.1,0.0,0.0,16.1,90.4,1014.3,82.2,7.1,269.9529411764706,23.358823529411765,22285,65619,29.3,24.1,26.9,31.6,24.1,27.7,19.7
Scarborough,2007-03-14,65.5,0.0,0.0,16.1,99.2,1013.7,71.9,7.5,263.3941176470588,22.711764705882356,22250,65621,30.1,22.1,26.2,32.0,22.1,26.8,19.0
Scarborough,2007-03-15,68.5,0.0,0.0,17.2,99.3,1013.6,86.1,7.6,258.8705882352941,22.36470588235294,22215,65623,30.1,23.1,26.3,32.7,23.1,27.2,19.9
Scarborough,2007-03-16,64.7,0.0,0.0,19.5,99.5,1014.1,38.5,6.3,266.44117647058823,23.023529411764706,22179,65624,30.1,24.3,27.1,32.0,24.3,27.9,19.7
Scarborough,2007-03-17,64.6,0.0,0.0,18.3,96.4,1014.5,56.0,6.3,283.1058823529412,24.447058823529414,22143,65626,29.8,25.1,26.8,31.4,25.1,27.5,19.5
Scarborough,2007-03-18,64.6,0.0,0.0,18.3,98.4,1014.5,84.4,7.8,277.2176470588235,23.941176470588236,22107,65627,30.1,24.7,27.2,32.0,24.7,28.1,19.8
Scarborough,2007-03-19,70.0,0.8128,8.33,20.8,89.7,1015.4,89.6,7.6,278.5764705882353,24.099999999999998,22071,65628,30.1,23.1,26.7,32.7,23.1,27.7,20.6
Scarborough,2007-03-20,66.6,0.0,0.0,19.5,93.2,1015.2,82.1,8.1,271.44117647058823,23.46470588235294,22034,65630,30.1,24.8,27.1,32.7,24.8,28.1,20.2
Scarborough,2007-03-21,75.4,2.794,8.33,19.5,98.6,1013.7,80.0,6.8,275.5764705882353,23.811764705882354,21998,65630,29.6,22.3,25.7,31.9,22.3,26.4,20.8
Scarborough,2007-03-22,76.5,3.0987999999999998,12.5,22.4,101.3,1012.4,62.3,7.7,270.5176470588235,23.394117647058824,21961,65631,29.1,22.8,25.4,32.1,22.8,26.1,20.8
Scarborough,2007-03-23,65.4,0.3048,4.17,17.2,88.3,1012.2,54.7,7.6,268.06470588235294,23.211764705882356,21924,65632,30.1,24.7,27.3,32.0,24.7,28.3,20.2
Scarborough,2007-03-24,77.2,7.112,8.33,20.8,93.2,1012.9,87.7,6.1,286.8,24.77058823529412,21887,65633,29.1,24.7,26.0,31.8,24.7,26.6,21.7
Scarborough,2007-03-25,72.7,0.3048,4.17,18.3,90.2,1012.3,90.0,7.9,274.6058823529412,23.71764705882353,21850,65633,30.1,24.1,26.6,32.7,24.1,27.5,21.2
Scarborough,2007-03-26,72.5,0.0,0.0,17.2,109.4,1012.1,88.3,8.7,277.01176470588234,23.988235294117647,21814,65634,29.3,25.7,27.1,32.8,25.7,28.4,21.7
Scarborough,2007-03-27,79.5,1.016,8.33,12.8,90.2,1012.1,83.8,7.3,280.15882352941173,24.205882352941178,21777,65634,28.1,23.7,25.7,30.8,23.7,26.2,21.9
Scarborough,2007-03-28,70.1,0.0,0.0,15.0,103.0,1011.5,58.2,9.0,274.5176470588235,23.688235294117646,21740,65635,30.1,25.1,27.7,33.4,25.1,29.6,21.7
Scarborough,2007-03-29,75.4,0.0,0.0,15.0,120.7,1010.8,62.4,8.0,282.5235294117647,24.31764705882353,21703,65635,30.3,24.3,27.4,35.8,24.3,29.7,22.7
Scarborough,2007-03-30,76.5,0.0,0.0,16.1,111.4,1010.5,84.8,8.6,281.8294117647059,24.34705882352941,21667,65636,29.1,25.1,26.7,32.2,25.1,28.0,22.2
Scarborough,2007-03-31,74.5,0.0,0.0,16.1,116.4,1011.1,82.5,9.2,266.58235294117645,23.04705882352941,21630,65637,30.8,24.3,27.2,34.9,24.3,28.7,22.1
Scarborough,2007-04-01,67.3,0.0,0.0,20.8,78.5,1015.2,74.2,7.7,229.41764705882352,19.811764705882354,22989,64354,29.2,23.1,26.3,31.4,23.1,27.1,19.7
Scarborough,2007-04-02,63.5,0.0,0.0,20.8,84.3,1015.7,32.1,9.6,253.38823529411766,21.923529411764704,23194,65238,30.1,24.2,27.2,32.0,24.2,28.1,19.6
Scarborough,2007-04-03,64.4,0.0,0.0,16.1,100.7,1013.1,45.3,8.6,265.8058823529412,22.98235294117647,22587,65586,29.6,24.1,26.5,31.5,24.1,27.2,19.2
Scarborough,2007-04-04,73.6,0.508,4.17,13.9,106.9,1012.2,93.2,7.6,283.3176470588235,24.558823529411764,21485,65640,30.1,24.1,26.6,33.6,24.1,27.8,21.4
Scarborough,2007-04-05,68.6,0.0,0.0,17.2,94.3,1012.2,71.5,8.1,240.91333333333333,20.766666666666666,20596,65780,30.1,25.1,27.4,33.4,25.1,28.8,21.1
Scarborough,2007-04-06,71.8,0.0,0.0,18.3,91.7,1016.5,47.4,7.6,248.02666666666667,21.39333333333333,20329,66221,30.1,26.1,28.0,34.3,26.1,30.5,22.4
Scarborough,2007-04-07,73.8,13.9954,4.17,18.3,90.8,1015.3,48.3,7.4,235.16,20.266666666666666,20667,66608,30.1,25.1,27.5,34.3,25.1,29.3,22.3
Scarborough,2007-04-08,77.8,0.0,0.0,9.2,99.3,1013.2,60.0,8.0,229.46,19.793333333333333,21082,66396,30.2,24.1,27.2,34.7,24.1,29.4,22.9
Scarborough,2007-04-09,73.1,0.0,0.0,15.0,107.4,1013.4,53.5,9.3,237.26666666666668,20.473333333333336,21171,65465,30.2,24.3,27.7,34.8,24.3,30.1,22.3
Scarborough,2007-04-10,73.5,0.0,0.0,12.8,113.2,1011.9,41.7,10.1,224.16666666666666,19.39333333333333,21103,64296,31.1,25.1,28.6,37.9,25.1,31.7,23.3
Scarborough,2007-04-11,75.6,0.0,0.0,17.2,88.3,1009.7,62.4,9.0,201.36,17.413333333333334,21322,63447,30.2,24.8,27.4,34.9,24.8,29.6,22.7
Scarborough,2007-04-12,74.9,0.0,0.0,11.4,24.6,1011.5,88.2,10.1,185.26000000000002,16.013333333333332,22076,63491,29.1,23.1,26.3,32.1,23.1,27.6,21.4
Scarborough,2007-04-13,67.4,0.0,0.0,17.2,107.3,1014.2,28.1,7.6,277.625,23.96875,21174,65656,30.6,26.1,27.8,33.4,26.1,29.1,21.1
Scarborough,2007-04-14,66.3,0.0,0.0,16.1,108.0,1013.4,40.9,8.3,262.50625,22.675,21141,65659,30.3,25.1,27.6,33.2,25.1,28.9,20.7
Scarborough,2007-04-15,67.2,0.0,0.0,17.2,96.3,1014.3,30.8,7.9,264.10625,22.8375,21109,65662,30.3,24.1,27.3,33.4,24.1,28.4,20.6
Scarborough,2007-04-16,68.5,0.0,0.0,18.3,101.5,1013.5,39.5,8.2,261.23125,22.575,21077,65665,31.1,25.1,27.4,34.0,25.1,28.7,20.9
Scarborough,2007-04-17,68.3,0.0,0.0,17.2,121.1,1011.8,48.9,9.3,265.43125,22.95,21045,65669,31.1,26.1,28.5,35.6,26.1,31.2,22.1
Scarborough,2007-04-18,70.2,0.0,0.0,20.8,126.4,1010.6,30.0,8.3,268.95,23.21875,21014,65673,31.1,26.1,28.2,35.6,26.1,30.9,22.3
Scarborough,2007-04-19,69.8,0.0,0.0,19.5,118.4,1011.2,73.2,7.7,259.5125,22.39375,20984,65677,31.1,26.1,28.4,35.6,26.1,31.2,22.3
Scarborough,2007-04-20,71.0,0.0,0.0,19.5,114.9,1012.2,75.2,8.3,259.19375,22.3625,20954,65681,31.1,27.1,28.6,36.7,29.3,32.1,22.8
Scarborough,2007-04-21,69.2,0.0,0.0,18.3,115.6,1013.0,49.1,7.8,265.6125,22.9375,20924,65686,31.1,26.8,28.3,35.6,28.6,31.1,22.1
Scarborough,2007-04-22,64.4,0.0,0.0,18.3,107.0,1013.6,55.0,8.2,271.825,23.50625,20895,65691,31.2,26.1,28.4,34.7,26.1,30.2,20.9
Scarborough,2007-04-23,65.7,0.0,0.0,18.3,99.5,1013.9,74.0,8.4,269.18125,23.25625,20867,65697,31.1,25.1,28.2,34.4,25.1,30.2,21.1
Scarborough,2007-04-24,66.7,0.0,0.0,23.0,94.5,1014.0,79.6,8.5,270.575,23.38125,20839,65702,31.2,25.8,28.1,34.6,25.8,30.1,21.2
Scarborough,2007-04-25,68.1,1.5748,8.33,20.8,82.6,1013.4,52.6,8.6,269.175,23.21875,20812,65709,31.1,25.1,27.4,34.1,25.1,28.8,20.9
Scarborough,2007-04-26,62.7,0.0,0.0,17.2,89.3,1013.3,47.4,9.3,269.59375,23.25625,20785,65715,30.1,24.1,27.1,31.4,24.1,27.8,19.2
Scarborough,2007-04-27,70.1,2.9972,8.33,17.2,104.2,1013.4,72.6,8.9,250.00625,21.58125,20759,65722,31.1,23.8,26.9,33.1,23.8,28.1,20.8
Scarborough,2007-04-28,64.4,0.508,4.17,18.3,110.2,1014.4,64.8,9.2,269.7875,23.26875,20734,65729,30.2,23.1,27.2,32.8,23.1,28.3,19.8
Scarborough,2007-04-29,62.6,0.0,0.0,23.0,106.1,1014.3,58.3,8.9,262.05625,22.65625,20709,65737,31.1,25.8,28.0,33.8,25.8,29.3,20.1
Scarborough,2007-04-30,64.1,0.0,0.0,18.3,105.7,1013.3,80.8,9.1,265.63125,22.95625,20685,65744,31.1,26.1,27.9,34.7,26.1,29.3,20.4
Scarborough,2007-05-01,69.3,0.3048,4.17,20.8,83.4,1014.1,49.5,8.4,220.2,19.05,23010,64387,29.7,23.8,26.1,31.4,23.8,26.8,19.9
Scarborough,2007-05-02,67.9,0.0,0.0,17.2,75.2,1015.9,31.0,8.9,235.64375,20.36875,23184,65259,29.3,24.1,26.3,31.9,24.1,27.0,19.8
Scarborough,2007-05-03,64.6,0.0,0.0,23.0,98.3,1014.0,59.3,6.9,255.11874999999998,21.99375,22555,65591,30.3,25.1,27.3,33.2,25.1,28.3,20.0
Scarborough,2007-05-04,71.5,0.0,0.0,17.2,103.2,1012.1,53.3,9.2,285.75625,24.68125,21450,65641,30.3,25.1,27.4,34.4,25.1,28.9,21.7
Scarborough,2007-05-05,66.5,0.0,0.0,18.3,103.5,1011.1,47.6,8.6,268.88125,23.2125,20575,65790,31.1,25.7,28.1,34.7,25.7,29.7,21.2
Scarborough,2007-05-06,69.9,0.0,0.0,18.3,86.8,1016.2,34.3,8.2,214.4125,18.5125,20333,66238,30.1,25.7,27.6,33.4,25.7,29.2,21.6
Scarborough,2007-05-07,79.3,68.072,12.5,25.3,80.0,1014.9,81.7,6.3,240.7375,20.75625,20683,66613,29.1,23.1,26.3,32.8,23.1,27.4,22.4
Scarborough,2007-05-08,73.0,0.0,0.0,15.0,129.1,1012.7,46.0,8.6,241.63125,20.86875,21091,66376,31.1,25.7,28.4,36.7,25.7,31.6,23.1
Scarborough,2007-05-09,70.8,0.0,0.0,17.2,111.7,1014.5,38.6,9.4,236.425,20.4125,21169,65427,31.1,26.1,28.4,35.6,26.1,30.8,22.4
Scarborough,2007-05-10,74.5,0.0,0.0,12.8,124.0,1011.5,52.5,10.3,204.0375,17.6125,21103,64259,31.1,25.1,28.4,36.7,25.1,31.4,23.3
Scarborough,2007-05-11,76.4,0.0,0.0,11.4,106.3,1009.4,70.0,10.4,208.71875,18.05,21338,63433,30.3,24.8,27.8,35.2,24.8,30.4,23.2
Scarborough,2007-05-12,80.6,0.7874,4.17,6.9,31.4,1012.8,89.2,7.8,217.0875,18.75625,22108,63509,29.1,22.8,25.9,32.8,22.8,27.3,22.3
Scarborough,2007-05-13,68.8,0.0,0.0,20.8,98.5,1014.7,31.8,7.9,269.05625,23.23125,20439,65881,31.1,26.6,28.3,34.3,26.6,30.7,21.9
Scarborough,2007-05-14,70.1,0.0,0.0,18.3,100.9,1014.3,63.5,6.9,245.94375,21.23125,20426,65894,31.6,26.1,28.7,36.3,26.1,31.9,22.7
Scarborough,2007-05-15,67.1,1.8033999999999997,4.17,20.8,90.0,1014.0,64.2,4.3,264.54375,22.83125,20413,65907,31.1,26.1,28.2,34.3,26.1,30.1,21.3
Scarborough,2007-05-16,62.9,0.0,0.0,19.5,92.7,1013.1,37.3,4.4,267.26875,23.0625,20401,65921,32.1,25.1,28.2,34.3,25.1,29.6,20.3
Scarborough,2007-05-17,66.2,0.0,0.0,20.8,89.0,1013.0,44.1,5.0,271.70625,23.4375,20390,65934,31.2,25.7,28.5,35.6,25.7,30.8,21.5
Scarborough,2007-05-18,65.9,0.0,0.0,23.0,96.2,1013.8,74.3,4.8,274.4125,23.7125,20380,65949,31.1,26.1,28.3,34.7,26.1,30.5,21.3
Scarborough,2007-05-19,63.3,0.0,0.0,18.3,95.5,1014.5,82.5,4.9,253.35625,21.85625,20371,65963,32.1,26.1,28.0,33.6,26.1,29.1,20.2
Scarborough,2007-05-20,64.7,0.0,0.0,18.3,98.5,1013.8,53.0,7.3,259.43125,22.39375,20362,65978,31.1,25.1,27.7,33.3,25.1,28.9,20.3
Scarborough,2007-05-21,66.7,0.0,0.0,18.3,95.1,1012.7,43.8,8.1,257.5,22.2375,20354,65993,31.1,23.1,27.3,33.8,23.1,28.3,20.3
Scarborough,2007-05-22,66.7,0.0,0.0,18.3,103.4,1012.2,70.5,7.7,250.6375,21.65625,20347,66008,31.1,24.1,28.1,34.7,24.1,30.2,21.2
Scarborough,2007-05-23,76.0,6.095999999999999,4.17,19.5,98.7,1011.7,67.8,6.3,250.66875,21.65,20341,66024,30.1,24.1,27.2,34.3,24.1,29.1,22.6
Scarborough,2007-05-24,78.6,32.004,8.33,18.3,105.6,1012.3,74.8,7.4,262.56875,22.61875,20336,66039,31.1,23.8,27.3,36.7,23.8,29.5,23.1
Scarborough,2007-05-25,71.9,0.0,0.0,17.2,107.3,1012.6,73.3,7.6,244.9625,21.1625,20331,66055,31.1,26.1,28.1,35.6,26.1,30.4,22.4
Scarborough,2007-05-26,72.1,0.0,0.0,15.0,107.3,1012.8,90.0,7.7,236.48125,20.4125,20328,66071,31.1,25.8,27.9,35.6,25.8,30.2,22.3
Scarborough,2007-05-27,69.2,0.0,0.0,17.2,103.7,1012.7,82.9,7.5,235.525,20.29375,20325,66087,31.6,26.1,28.6,34.7,26.1,31.1,22.2
Scarborough,2007-05-28,81.4,49.0982,12.5,20.8,107.1,1013.2,75.5,6.1,232.44375,20.056250000000002,20323,66104,30.1,24.1,26.5,35.2,24.1,27.7,23.0
Scarborough,2007-05-29,77.0,0.9905999999999999,4.17,17.2,122.3,1013.3,76.4,8.5,220.775,19.04375,20321,66120,30.3,25.1,27.4,35.2,25.1,29.4,23.0
Scarborough,2007-05-30,75.0,2.5146,8.33,18.3,111.5,1013.7,57.5,7.9,239.6,20.65,20321,66137,31.1,25.1,27.9,36.7,25.1,30.8,23.1
Scarborough,2007-05-31,72.1,0.0,0.0,17.2,100.5,1013.5,46.7,8.2,232.5,20.08125,20321,66154,31.1,25.8,28.1,34.9,25.8,30.4,22.4
Scarborough,2007-06-01,69.2,0.0,0.0,15.0,88.5,1013.6,66.5,8.4,206.9875,17.925,23031,64420,30.1,23.1,26.0,32.7,23.1,26.8,19.8
Scarborough,2007-06-02,70.9,1.9811999999999999,8.33,17.2,76.0,1016.2,60.9,7.8,236.0875,20.39375,23173,65279,30.2,22.7,25.3,31.3,22.7,25.8,19.5
Scarborough,2007-06-03,63.0,0.0,0.0,18.3,99.2,1015.4,27.9,7.3,261.21875,22.56875,22523,65596,30.1,24.6,27.1,32.0,24.6,27.8,19.3
Scarborough,2007-06-04,69.6,0.3048,4.17,23.0,99.4,1013.1,65.2,9.4,274.78125,23.73125,21414,65642,31.1,25.1,27.8,34.7,25.1,29.8,21.7
Scarborough,2007-06-05,71.2,0.0,0.0,17.2,111.6,1010.9,73.2,7.5,265.68125,22.9375,20556,65800,31.3,26.1,28.2,36.3,26.1,30.7,22.4
Scarborough,2007-06-06,66.5,0.0,0.0,20.8,69.1,1014.4,43.3,8.4,216.29375000000002,18.65,20338,66254,30.8,25.1,27.5,33.2,25.1,28.7,20.6
Scarborough,2007-06-07,69.5,0.0,0.0,19.5,80.8,1015.1,47.4,7.5,228.92499999999998,19.74375,20699,66618,30.2,25.1,27.6,33.4,25.1,28.9,21.4
Scarborough,2007-06-08,75.8,0.0,0.0,6.9,138.1,1012.0,62.9,7.8,255.78125,22.1125,21099,66355,30.1,25.7,27.7,35.2,25.7,30.1,22.9
Scarborough,2007-06-09,73.6,0.9905999999999999,4.17,13.9,113.9,1015.3,54.8,8.9,235.11875,20.30625,21167,65389,30.3,24.1,27.9,34.8,24.1,30.1,22.6
Scarborough,2007-06-10,75.9,0.9905999999999999,4.17,13.9,110.3,1010.4,89.5,9.0,197.93125,17.125,21103,64223,31.1,26.1,27.9,36.7,26.1,30.9,23.2
Scarborough,2007-06-11,77.1,0.0,0.0,16.1,99.3,1010.2,61.0,9.6,194.73125,16.81875,21356,63420,30.3,25.8,27.7,35.8,25.8,30.2,23.3
Scarborough,2007-06-12,85.5,19.6088,12.5,18.3,79.5,1014.3,88.3,6.6,215.36875,18.65,22140,63527,27.1,23.8,25.1,30.2,23.8,25.3,22.5
Scarborough,2007-06-13,81.1,11.9126,4.17,18.3,86.9,1012.2,73.8,7.1,224.825,19.40625,20387,66368,28.1,24.1,26.3,32.1,24.1,27.1,22.7
Scarborough,2007-06-14,80.6,25.7048,8.33,17.4,99.9,1013.2,82.2,7.3,238.5125,20.58125,20397,66384,28.1,23.1,26.1,32.1,23.1,26.9,22.4
Scarborough,2007-06-15,71.2,0.0,0.0,18.3,87.7,1014.5,46.5,7.8,228.75,19.74375,20407,66399,30.2,25.8,27.6,34.3,25.8,29.4,21.9
Scarborough,2007-06-16,69.2,0.0,0.0,19.5,77.8,1014.7,54.1,9.1,237.00625,20.43125,20417,66414,30.1,25.1,27.3,33.4,25.1,28.6,21.1
Scarborough,2007-06-17,71.4,2.794,8.33,20.8,86.4,1014.4,77.6,8.8,236.38125,20.4,20428,66429,30.1,25.1,27.6,34.3,25.1,29.6,21.9
Scarborough,2007-06-18,74.1,0.0,0.0,19.5,84.3,1014.6,88.0,6.8,221.9125,19.16875,20440,66443,30.1,25.1,27.6,34.3,25.1,29.7,22.5
Scarborough,2007-06-19,80.3,0.9905999999999999,4.17,17.2,97.9,1014.9,76.7,8.2,219.28125,18.9375,20452,66457,29.3,23.1,26.7,33.6,23.1,28.3,23.0
Scarborough,2007-06-20,75.6,0.0,0.0,18.3,89.2,1015.4,46.5,7.5,228.8,19.7625,20464,66471,30.1,25.1,27.7,34.3,25.1,30.1,22.9
Scarborough,2007-06-21,71.3,0.0,0.0,18.3,87.6,1015.5,31.2,8.0,228.33125,19.7125,20477,66484,30.2,24.8,27.9,34.7,24.8,30.3,22.2
Scarborough,2007-06-22,68.8,0.3048,4.17,19.5,77.3,1014.2,36.4,8.4,251.525,21.68125,20490,66497,30.1,25.1,27.3,33.4,25.1,28.5,21.0
Scarborough,2007-06-23,69.3,0.0,0.0,17.2,87.5,1012.8,35.7,8.8,226.75625,19.55625,20503,66509,30.1,25.1,27.6,34.3,25.1,29.2,21.4
Scarborough,2007-06-24,73.2,0.7874,4.17,18.3,86.6,1013.7,57.6,8.6,264.23125,22.8,20517,66521,30.1,24.8,27.3,34.3,24.8,28.9,22.0
Scarborough,2007-06-25,81.7,22.605999999999998,12.5,18.3,109.5,1015.4,79.5,7.7,244.16875,21.04375,20531,66532,28.1,23.6,26.1,32.1,23.6,27.0,22.7
Scarborough,2007-06-26,73.5,0.0,0.0,21.9,89.2,1015.2,34.5,7.5,246.20625,21.23125,20545,66543,30.1,25.1,27.8,35.2,25.1,30.0,22.6
Scarborough,2007-06-27,70.5,0.0,0.0,17.2,96.0,1014.0,27.5,8.5,243.14375,21.0,20560,66553,29.3,24.8,27.4,32.3,24.8,29.0,21.5
Scarborough,2007-06-28,73.4,0.0,0.0,18.3,94.8,1015.3,84.7,7.2,229.3125,19.8375,20575,66563,29.1,24.7,27.4,32.8,24.7,29.5,22.2
Scarborough,2007-06-29,78.7,3.5052000000000003,8.33,12.8,97.5,1016.0,78.3,8.2,228.75,19.7625,20590,66572,29.1,24.1,26.6,32.8,24.1,27.9,22.4
Scarborough,2007-06-30,82.2,2.0065999999999997,12.5,17.2,92.9,1016.5,77.0,7.2,223.03125,19.23125,20605,66580,29.1,25.1,26.3,33.7,25.1,27.0,23.0
Scarborough,2007-07-01,70.8,0.0,0.0,15.0,91.6,1013.9,70.4,7.3,208.05,17.99375,23050,64453,29.2,23.1,25.9,31.9,23.1,26.7,20.1
Scarborough,2007-07-02,72.5,2.5907999999999998,4.17,18.3,86.1,1015.7,61.9,8.4,241.04375,20.875,23161,65298,29.1,23.1,25.3,31.4,23.1,25.8,19.9
Scarborough,2007-07-03,66.2,0.0,0.0,21.9,84.8,1016.2,33.0,6.9,262.46875,22.65,22490,65600,31.1,25.1,26.8,33.1,25.1,27.7,19.9
Scarborough,2007-07-04,67.4,0.0,0.0,20.8,95.4,1014.9,72.4,9.8,274.24375,23.7,21379,65644,31.1,26.1,28.2,34.7,26.1,29.8,21.4
Scarborough,2007-07-05,67.2,0.0,0.0,19.5,112.6,1011.1,45.2,8.0,266.59375,23.05625,20537,65810,31.1,26.1,28.4,34.7,26.1,30.8,21.7
Scarborough,2007-07-06,83.1,21.310599999999997,12.5,19.5,96.9,1013.1,91.5,6.8,237.55,20.4625,20343,66271,29.1,24.1,26.2,33.7,24.1,27.0,23.1
Scarborough,2007-07-07,75.8,0.508,4.17,19.5,82.2,1013.5,73.5,8.0,252.38125,21.7875,20714,66621,29.1,25.1,27.3,33.7,25.1,29.4,22.6
Scarborough,2007-07-08,85.7,42.9006,4.17,11.4,174.5,1012.1,90.8,7.0,241.55625,20.84375,21106,66334,28.8,24.1,25.6,32.8,24.1,26.1,23.0
Scarborough,2007-07-09,72.9,0.0,0.0,16.1,106.6,1014.9,43.0,9.4,241.3625,20.81875,21165,65350,30.1,24.1,27.3,34.3,24.1,29.1,21.9
Scarborough,2007-07-10,72.2,0.0,0.0,16.1,119.8,1010.1,88.3,9.3,221.4,19.10625,21104,64187,31.2,27.1,28.8,36.8,29.7,32.6,23.3
Scarborough,2007-07-11,75.2,0.0,0.0,15.0,105.5,1010.5,73.0,10.0,218.6125,18.93125,21373,63408,31.1,25.8,28.1,36.7,25.8,30.9,23.2
Scarborough,2007-07-12,75.9,0.508,4.17,13.9,48.3,1013.8,60.0,8.6,198.51875,17.14375,22172,63547,29.1,24.1,26.3,32.1,24.1,27.7,21.7
Scarborough,2007-07-13,71.7,0.0,0.0,19.5,85.7,1014.8,73.8,8.1,235.94375,20.3875,20808,66628,30.1,25.3,27.7,34.3,25.3,29.5,22.1
Scarborough,2007-07-14,71.6,0.0,0.0,16.1,89.1,1014.1,77.5,7.7,231.46875,19.98125,20823,66626,31.1,24.8,27.1,34.7,24.8,28.3,21.4
Scarborough,2007-07-15,77.1,0.9905999999999999,4.17,13.9,113.1,1014.2,85.2,7.8,218.26875,18.81875,20838,66624,30.1,25.1,27.6,35.2,25.1,30.1,23.2
Scarborough,2007-07-16,73.0,1.8033999999999997,4.17,20.8,88.0,1013.7,72.6,8.4,241.7125,20.8375,20853,66620,30.2,25.1,27.6,36.3,25.1,29.8,22.3
Scarborough,2007-07-17,71.3,1.4986,4.17,17.2,92.6,1013.6,54.8,7.9,230.35625,19.925,20868,66616,31.1,25.1,27.9,34.3,25.1,30.1,22.2
Scarborough,2007-07-18,80.5,0.0,0.0,20.8,115.7,1013.2,90.4,6.6,227.65,19.6125,20882,66611,30.1,24.6,27.1,35.2,24.6,29.4,23.3
Scarborough,2007-07-19,74.3,2.9972,8.33,23.0,141.9,1013.3,90.0,8.1,248.5375,21.475,20897,66605,29.1,25.1,27.4,32.8,25.1,29.5,22.4
Scarborough,2007-07-20,74.7,0.3048,4.17,19.5,91.7,1013.3,68.7,8.0,254.56875,21.925,20911,66599,30.1,21.3,27.3,35.2,21.3,29.5,22.3
Scarborough,2007-07-21,76.3,4.3942,8.33,17.2,97.7,1013.5,61.4,7.2,249.68125,21.55,20924,66591,30.1,25.1,27.6,35.2,25.1,29.7,22.8
Scarborough,2007-07-22,77.1,2.0065999999999997,4.17,13.9,112.4,1013.3,49.1,7.7,241.975,20.88125,20938,66583,30.2,25.1,27.6,34.9,25.1,29.9,23.1
Scarborough,2007-07-23,78.6,2.0065999999999997,4.17,9.2,69.5,1013.2,53.5,8.6,238.65625,20.58125,20951,66574,30.1,24.8,26.8,34.3,24.8,28.5,22.7
Scarborough,2007-07-24,72.7,0.0,0.0,18.3,88.7,1012.6,54.1,7.7,248.19375,21.35,20964,66563,30.3,25.2,27.9,35.2,25.2,29.8,22.4
Scarborough,2007-07-25,76.6,1.4986,8.33,19.5,88.8,1013.7,81.8,7.8,234.58125,20.21875,20976,66553,30.8,24.6,27.4,36.2,24.6,29.7,22.9
Scarborough,2007-07-26,74.6,0.508,4.17,16.1,95.3,1014.6,73.2,7.2,251.74375,21.725,20989,66541,30.7,25.1,27.8,34.3,25.1,30.0,22.7
Scarborough,2007-07-27,69.4,0.0,0.0,20.8,96.5,1013.7,36.3,7.7,242.59375,20.95625,21000,66528,31.1,25.1,27.9,35.2,25.1,29.7,21.7
Scarborough,2007-07-28,68.7,0.0,0.0,16.1,98.8,1013.7,37.0,9.5,227.8625,19.6875,21012,66514,30.3,24.1,27.9,33.4,24.1,29.8,21.4
Scarborough,2007-07-29,72.5,0.0,0.0,13.9,101.4,1014.2,67.0,8.4,253.63125,21.88125,21023,66500,30.1,26.1,27.4,33.4,26.1,28.9,21.9
Scarborough,2007-07-30,78.1,10.8966,4.17,6.9,90.0,1013.5,56.3,8.0,237.59375,20.53125,21034,66485,30.1,23.8,26.4,34.3,23.8,27.8,22.3
Scarborough,2007-07-31,76.2,2.9972,4.17,11.4,19.7,1012.2,90.0,7.4,241.7375,20.8625,21044,66469,29.1,23.8,26.5,32.8,23.8,28.1,21.9
Scarborough,2007-08-01,73.7,0.0,0.0,15.0,87.2,1013.9,51.9,7.4,218.86875,18.9125,23069,64485,29.1,23.1,26.1,32.1,23.1,27.1,20.9
Scarborough,2007-08-02,75.7,0.3048,4.17,11.4,82.6,1015.4,54.3,10.0,250.5,21.675,23148,65317,29.8,22.1,24.7,31.4,22.1,25.0,19.9
Scarborough,2007-08-03,66.0,0.0,0.0,18.3,82.2,1015.0,76.7,7.0,264.35625,22.8125,22457,65604,30.1,24.7,27.3,32.0,24.7,28.3,20.2
Scarborough,2007-08-04,69.2,0.0,0.0,21.9,91.7,1015.6,41.4,8.3,280.60625,24.2125,21344,65645,31.1,25.1,27.8,34.7,25.1,29.5,21.6
Scarborough,2007-08-05,65.7,0.0,0.0,20.8,102.9,1012.2,53.8,8.4,249.1125,21.5125,20519,65821,31.1,26.1,28.4,35.6,26.1,30.6,21.3
Scarborough,2007-08-06,78.5,2.9972,4.17,11.4,104.2,1012.5,77.5,8.9,246.0625,21.25,20349,66288,30.1,24.6,27.2,34.3,24.6,28.9,23.0
Scarborough,2007-08-07,70.1,0.0,0.0,20.8,86.5,1013.0,56.1,7.4,226.83124999999998,19.53125,20730,66624,30.1,25.1,27.8,34.3,25.1,29.7,21.7
Scarborough,2007-08-08,84.6,8.102599999999999,8.33,17.2,129.0,1012.4,90.5,8.9,238.375,20.61875,21114,66311,28.1,24.7,25.4,31.4,24.7,25.8,22.7
Scarborough,2007-08-09,72.9,0.7874,4.17,12.8,100.3,1013.7,59.2,8.7,250.05625,21.625,21162,65312,31.1,25.1,27.7,35.6,25.1,29.8,22.3
Scarborough,2007-08-10,72.7,0.0,0.0,15.0,100.9,1010.7,49.2,9.8,213.85625,18.46875,21104,64152,31.3,26.7,28.9,37.9,26.7,32.7,23.4
Scarborough,2007-08-11,79.0,0.0,0.0,13.9,108.9,1010.9,68.9,9.5,197.49375,17.0375,21392,63397,31.1,25.7,27.9,36.7,25.7,30.6,23.8
Scarborough,2007-08-12,81.3,11.8872,8.33,13.9,54.2,1011.6,47.8,7.2,194.5,16.86875,22204,63567,28.1,23.6,25.2,30.8,23.6,25.6,21.7
Scarborough,2007-08-13,73.8,0.0,0.0,15.0,100.0,1012.5,51.3,10.5,257.74375,22.25,21144,66188,31.1,23.1,27.2,35.6,23.1,29.0,22.0
Scarborough,2007-08-14,72.6,0.0,0.0,15.0,92.3,1012.3,36.7,8.5,241.38125,20.84375,21149,66161,31.1,24.8,27.6,35.6,24.8,29.3,22.1
Scarborough,2007-08-15,71.8,0.9905999999999999,4.17,12.8,103.5,1012.3,49.4,8.0,246.8875,21.35625,21153,66133,30.7,25.1,28.3,35.1,25.1,31.1,22.7
Scarborough,2007-08-16,79.4,30.2006,12.5,11.4,76.9,1011.8,66.2,7.4,247.58125,21.36875,21157,66105,31.1,24.1,26.8,35.6,24.1,27.8,22.9
Scarborough,2007-08-17,76.1,0.0,0.0,24.2,154.9,1010.5,90.0,7.4,234.1375,20.2375,21161,66076,30.3,26.1,27.7,35.2,26.1,30.2,23.1
Scarborough,2007-08-18,77.4,38.099999999999994,8.33,20.8,127.2,1012.4,77.0,8.0,222.6875,19.2875,21164,66047,30.1,24.8,27.1,34.3,24.8,28.8,22.7
Scarborough,2007-08-19,76.2,0.508,4.17,8.1,48.0,1012.1,62.2,9.0,231.15,19.98125,21167,66016,29.1,24.1,26.9,32.8,24.1,28.7,22.3
Scarborough,2007-08-20,84.0,16.002,8.33,12.8,122.7,1012.4,73.8,7.4,234.5,20.24375,21170,65986,29.1,24.1,25.5,32.8,24.1,26.2,22.6
Scarborough,2007-08-21,72.2,18.1102,4.17,15.0,125.2,1014.6,57.1,9.4,224.575,19.375,21172,65954,30.1,25.1,27.6,34.3,25.1,30.1,22.2
Scarborough,2007-08-22,80.0,2.5146,8.33,16.1,64.4,1013.7,79.5,7.5,231.0375,19.93125,21174,65923,29.1,25.1,26.6,33.7,25.1,27.7,22.8
Scarborough,2007-08-23,81.2,3.0225999999999997,12.5,18.3,104.7,1012.1,80.5,7.9,216.05625,18.6375,21175,65890,30.2,24.8,26.8,35.5,24.8,28.4,23.2
Scarborough,2007-08-24,84.7,2.9972,8.33,15.0,112.5,1011.5,86.3,8.4,234.46875,20.225,21177,65857,29.1,24.1,25.5,33.7,24.1,26.1,22.7
Scarborough,2007-08-25,76.4,13.208,4.17,16.1,121.0,1011.3,57.9,9.1,242.34375,20.94375,21177,65824,30.1,24.1,27.7,35.2,24.1,30.5,23.1
Scarborough,2007-08-26,76.6,2.0065999999999997,4.17,17.2,93.1,1012.5,34.2,8.4,231.4125,20.0,21178,65790,30.2,24.1,27.3,35.2,24.1,29.2,22.7
Scarborough,2007-08-27,76.0,0.0,0.0,9.2,61.7,1014.0,80.5,7.5,238.40625,20.6,21178,65755,31.1,25.1,27.7,35.6,25.1,30.1,22.9
Scarborough,2007-08-28,69.8,0.0,0.0,17.2,80.7,1012.2,64.0,9.9,233.29999999999998,20.1625,21178,65720,30.8,27.1,28.4,35.6,29.3,31.4,22.3
Scarborough,2007-08-29,72.8,0.0,0.0,16.1,102.2,1012.9,54.0,8.5,231.825,20.03125,21178,65685,32.1,25.3,28.4,39.3,25.3,31.2,22.9
Scarborough,2007-08-30,71.3,0.0,0.0,16.1,91.7,1013.1,33.6,9.3,228.10625,19.65625,21177,65649,31.1,25.8,28.3,35.9,25.8,30.8,22.6
Scarborough,2007-08-31,80.9,5.1054,4.17,15.0,327.2,1013.3,73.0,6.8,242.9125,21.01875,21177,65613,30.1,24.1,26.5,35.2,24.1,27.5,22.9
Scarborough,2007-09-01,75.7,0.508,4.17,16.1,97.1,1013.4,53.2,6.8,218.76875,18.88125,23086,64518,30.1,23.1,26.4,34.3,23.1,27.8,21.7
Scarborough,2007-09-02,72.3,0.0,0.0,18.3,94.7,1015.4,60.0,8.3,255.11875,22.025,23135,65334,29.1,22.8,25.7,31.9,22.8,26.4,20.1
Scarborough,2007-09-03,69.6,0.508,4.17,20.8,88.6,1014.3,56.7,7.2,259.50625,22.375,22423,65607,30.1,24.1,26.9,32.7,24.1,28.2,20.9
Scarborough,2007-09-04,67.3,0.0,0.0,18.3,91.4,1015.4,31.9,8.3,281.26875,24.2875,21309,65647,31.1,25.3,27.8,33.8,25.3,29.2,21.1
Scarborough,2007-09-05,64.9,0.0,0.0,20.8,97.8,1013.3,61.4,9.0,259.43125,22.4,20501,65832,31.1,25.1,27.7,33.8,25.1,28.9,20.4
Scarborough,2007-09-06,78.6,0.7874,4.17,16.1,110.4,1012.6,81.9,8.2,244.4875,21.1,20355,66304,29.3,24.1,27.0,32.8,24.1,29.1,22.8
Scarborough,2007-09-07,77.4,13.9954,8.33,20.8,87.6,1014.2,75.7,6.6,230.63125,19.90625,20746,66627,29.8,23.2,26.5,35.6,23.2,27.8,22.2
Scarborough,2007-09-08,78.1,1.0921999999999998,8.33,13.9,116.5,1012.4,74.2,8.3,241.90625,20.84375,21120,66288,30.3,24.7,27.5,35.8,24.7,29.8,23.2
Scarborough,2007-09-09,73.9,0.0,0.0,8.1,69.9,1013.4,30.0,10.0,241.86874999999998,20.9,21160,65273,30.2,24.6,27.2,33.9,24.6,28.6,22.1
Scarborough,2007-09-10,76.6,0.508,4.17,15.0,85.7,1011.6,47.7,7.9,217.50625,18.7625,21106,64117,31.1,25.1,27.8,36.7,25.1,30.1,23.2
Scarborough,2007-09-11,78.2,19.2786,8.33,16.1,102.6,1010.7,47.4,8.9,182.15,15.76875,21411,63387,31.1,24.1,27.7,37.9,24.1,30.6,23.4
Scarborough,2007-09-12,81.8,36.9062,12.5,9.2,15.4,1011.4,49.5,8.4,196.65,16.99375,22236,63588,28.7,23.1,25.3,31.7,23.1,26.0,21.9
Scarborough,2007-09-13,75.0,0.0,0.0,21.9,90.0,1011.6,69.5,8.1,226.8,19.61875,21149,65116,30.1,24.8,27.2,33.7,24.8,29.1,22.3
Scarborough,2007-09-14,76.9,0.0,0.0,15.0,105.0,1012.1,87.5,9.0,239.20000000000002,20.69375,21146,65076,31.1,26.1,28.2,37.6,26.1,31.6,23.7
Scarborough,2007-09-15,74.7,0.508,4.17,13.9,113.8,1012.3,66.8,8.3,243.9375,21.0625,21143,65036,30.3,26.7,28.6,36.3,26.7,32.4,23.6
Scarborough,2007-09-16,75.5,0.0,0.0,10.3,111.4,1012.6,61.8,8.3,244.025,21.10625,21140,64997,31.1,25.1,28.0,36.7,25.1,30.7,23.2
Scarborough,2007-09-17,77.0,2.0065999999999997,4.17,11.4,104.9,1012.7,42.6,9.6,218.71875,18.90625,21137,64957,30.8,25.1,27.6,35.2,25.1,29.7,23.1
Scarborough,2007-09-18,74.0,0.0,0.0,11.4,123.2,1012.6,37.8,8.9,219.04375,18.93125,21134,64917,31.1,25.1,27.9,36.7,25.1,30.3,22.7
Scarborough,2007-09-19,72.0,0.0,0.0,18.3,104.7,1012.6,47.0,8.2,234.9875,20.3125,21131,64877,31.1,26.1,28.8,36.7,26.1,32.2,23.2
Scarborough,2007-09-20,72.3,0.0,0.0,17.2,115.4,1012.7,36.7,8.4,226.21875,19.6,21128,64837,31.3,27.1,28.9,37.9,29.3,32.8,23.3
Scarborough,2007-09-21,71.5,0.0,0.0,15.0,99.0,1013.0,66.7,9.3,227.01875,19.60625,21126,64798,31.3,25.1,28.9,36.7,25.1,32.3,23.2
Scarborough,2007-09-22,74.4,0.0,0.0,13.9,90.6,1012.6,87.0,9.0,216.98125,18.73125,21123,64758,30.7,25.1,27.9,35.7,25.1,30.1,22.8
Scarborough,2007-09-23,72.7,0.0,0.0,10.3,99.2,1011.9,57.1,8.4,225.2,19.46875,21120,64718,31.1,25.6,27.9,35.6,25.6,30.1,22.5
Scarborough,2007-09-24,71.2,0.0,0.0,12.8,127.9,1011.7,72.8,8.1,235.09375,20.34375,21118,64679,31.2,24.1,28.3,36.3,24.1,31.2,22.5
Scarborough,2007-09-25,73.7,0.0,0.0,18.3,125.8,1013.2,59.6,8.1,231.3625,19.99375,21115,64640,31.3,27.7,29.2,38.1,30.6,33.8,23.9
Scarborough,2007-09-26,82.5,46.5074,12.5,16.1,88.7,1013.7,84.5,7.0,235.25625,20.3125,21113,64601,31.1,23.8,26.8,36.7,23.8,29.1,23.4
Scarborough,2007-09-27,82.8,12.4714,16.67,17.2,97.9,1013.1,77.0,7.2,235.56875,20.35,21111,64562,30.1,23.8,26.5,35.2,23.8,28.2,23.2
Scarborough,2007-09-28,77.9,0.508,4.17,20.8,98.6,1013.1,88.2,8.4,228.13125,19.6875,21109,64523,29.3,24.1,27.1,34.2,24.1,29.3,22.9
Scarborough,2007-09-29,75.6,0.0,0.0,16.1,121.3,1012.9,87.8,7.7,230.11875,19.85,21107,64484,30.1,26.1,28.1,35.2,26.1,31.4,23.3
Scarborough,2007-09-30,75.9,6.095999999999999,4.17,20.8,131.2,1012.9,76.2,7.7,222.49375,19.25625,21106,64446,31.1,24.1,28.3,36.7,24.1,31.8,23.6
Scarborough,2007-10-01,81.5,58.90259999999999,8.33,16.1,80.4,1013.6,86.4,6.3,223.175,19.31875,23103,64551,27.7,23.1,25.6,30.7,23.1,26.0,22.1
Scarborough,2007-10-02,71.2,0.7874,4.17,17.2,92.9,1016.1,33.8,9.4,248.34375,21.4875,23120,65352,29.3,23.1,26.3,32.1,23.1,27.2,20.6
Scarborough,2007-10-03,67.8,0.0,0.0,16.1,87.5,1014.6,42.4,6.9,244.84375,21.13125,22389,65611,30.1,24.1,26.3,32.0,24.1,27.0,19.8
Scarborough,2007-10-04,71.0,0.0,0.0,19.5,92.1,1014.4,35.8,7.8,269.54375,23.225,21275,65649,32.1,24.6,27.5,35.9,24.6,29.0,21.6
Scarborough,2007-10-05,65.5,0.0,0.0,17.2,106.7,1013.3,64.1,10.5,261.80625,22.625,20484,65844,31.1,24.7,28.0,34.7,24.7,29.8,20.9
Scarborough,2007-10-06,74.9,1.0921999999999998,8.33,16.1,107.5,1013.5,83.0,8.1,238.525,20.61875,20362,66320,29.1,26.1,27.5,32.8,26.1,29.9,22.7
Scarborough,2007-10-07,75.0,0.3048,4.17,16.1,67.8,1015.2,60.0,7.5,239.31875,20.6375,20762,66628,29.1,25.1,27.3,32.8,25.1,28.9,22.4
Scarborough,2007-10-08,83.1,2.0827999999999998,12.5,18.3,106.7,1012.8,81.6,6.9,241.51875,20.81875,21127,66264,28.2,23.1,26.4,32.3,23.1,28.2,23.3
Scarborough,2007-10-09,77.0,8.889999999999999,4.17,20.8,93.9,1012.6,58.5,7.9,244.375,21.13125,21157,65234,30.1,24.1,27.0,35.2,24.1,28.8,22.6
Scarborough,2007-10-10,77.6,2.9972,4.17,16.1,99.5,1011.7,85.5,8.0,219.0625,18.89375,21108,64083,31.1,24.1,27.5,35.6,24.1,30.1,23.2
Scarborough,2007-10-11,85.3,10.1092,12.5,18.3,85.7,1010.7,88.6,7.0,173.2125,14.96875,21431,63379,30.1,24.1,25.6,35.2,24.1,26.5,22.9
Scarborough,2007-10-12,82.1,5.1054,4.17,13.9,88.2,1011.2,70.4,7.9,210.70625,18.2125,22268,63610,30.1,22.7,25.4,35.2,22.7,26.6,22.1
Scarborough,2007-10-13,77.6,24.104599999999998,8.33,18.3,80.6,1010.2,80.8,8.4,211.825,18.3375,21115,63983,30.1,25.1,27.1,36.3,25.1,29.0,22.8
Scarborough,2007-10-14,85.8,42.1894,16.67,19.5,85.1,1010.5,92.5,6.4,229.525,19.83125,21119,63950,26.2,23.1,25.1,26.2,23.1,25.1,22.5
Scarborough,2007-10-15,77.3,0.0,0.0,17.2,98.0,1011.3,87.0,8.2,231.1125,19.96875,21123,63919,30.1,25.8,27.8,36.3,25.8,30.7,23.4
Scarborough,2007-10-16,77.1,0.0,0.0,13.9,94.2,1013.0,49.1,8.1,229.8875,19.8875,21127,63888,31.1,25.1,27.9,36.7,25.1,30.3,23.4
Scarborough,2007-10-17,78.2,0.0,0.0,15.0,79.7,1013.0,62.5,8.1,209.06875,18.0375,21132,63857,31.1,25.1,27.3,36.7,25.1,29.3,23.1
Scarborough,2007-10-18,81.1,6.095999999999999,4.17,8.1,41.5,1012.3,70.5,8.4,200.90625,17.34375,21138,63828,29.1,24.3,26.8,33.7,24.3,28.6,23.2
Scarborough,2007-10-19,78.7,0.0,0.0,13.9,110.5,1011.9,72.9,9.7,209.99375,18.1125,21144,63799,30.7,24.8,27.4,36.3,24.8,29.8,23.3
Scarborough,2007-10-20,86.3,9.398,12.5,11.4,74.1,1012.6,76.2,7.8,208.475,18.01875,21150,63771,28.1,24.1,25.1,32.1,24.1,25.5,22.7
Scarborough,2007-10-21,85.5,2.0065999999999997,4.17,15.0,72.0,1012.2,90.8,6.8,223.4625,19.31875,21157,63743,27.1,24.1,25.1,29.9,24.1,25.5,22.4
Scarborough,2007-10-22,83.5,1.016,8.33,5.8,85.0,1011.3,89.1,8.4,220.05,19.0125,21165,63716,31.1,23.6,26.3,37.9,23.6,27.8,23.2
Scarborough,2007-10-23,80.4,0.0,0.0,13.9,138.8,1011.9,89.6,8.8,222.9875,19.3,21173,63691,30.1,24.1,27.6,36.3,24.1,30.8,23.8
Scarborough,2007-10-24,74.0,0.1016,4.17,15.0,148.9,1011.0,88.5,8.5,212.625,18.39375,21182,63665,30.1,25.8,28.4,35.2,25.8,31.9,23.3
Scarborough,2007-10-25,79.7,5.0038,8.33,15.0,130.7,1010.1,85.0,8.8,201.55,17.41875,21192,63641,28.1,24.8,27.1,32.1,24.8,29.7,23.3
Scarborough,2007-10-26,79.6,0.0,0.0,15.0,170.9,1010.3,90.0,9.2,197.21875,17.075,21202,63618,28.1,25.1,26.4,30.8,25.1,27.7,22.6
Scarborough,2007-10-27,84.9,10.413999999999998,8.33,18.3,105.2,1010.3,90.0,8.6,197.425,17.08125,21213,63595,28.2,24.2,26.7,32.8,24.2,28.6,23.9
Scarborough,2007-10-28,77.4,1.2953999999999999,8.33,15.0,104.9,1010.8,77.4,8.5,208.56875,18.05,21224,63573,30.2,26.1,27.9,36.1,26.1,31.0,23.6
Scarborough,2007-10-29,80.0,1.4986,8.33,21.9,110.0,1011.8,83.3,9.0,209.2625,18.118750000000002,21236,63553,29.7,25.1,27.4,35.4,25.1,30.5,23.7
Scarborough,2007-10-30,77.3,2.5146,8.33,19.5,88.6,1011.4,56.7,7.4,196.29375,16.98125,21249,63533,30.3,24.8,27.6,35.3,24.8,30.3,23.2
Scarborough,2007-10-31,83.3,7.086600000000001,8.33,16.1,74.8,1010.9,85.8,7.6,200.625,17.3,21262,63514,30.1,24.1,25.4,35.2,24.1,26.2,22.3
Scarborough,2007-11-01,82.7,26.212799999999998,12.5,11.4,69.4,1014.0,89.6,6.6,224.18125,19.4,23119,64583,26.7,23.1,25.0,26.7,23.1,25.0,21.8
Scarborough,2007-11-02,71.4,0.0,0.0,13.9,81.4,1016.4,26.8,8.9,253.34375,21.90625,23104,65369,30.1,23.7,26.5,33.4,23.7,27.5,20.8
Scarborough,2007-11-03,69.5,0.0,0.0,17.2,100.5,1013.7,48.3,7.6,263.2875,22.70625,22355,65614,30.1,23.1,25.8,32.0,23.1,26.3,19.6
Scarborough,2007-11-04,68.2,0.0,0.0,15.0,103.2,1014.5,30.6,9.1,283.55625,24.4625,21241,65651,30.7,24.6,27.7,34.0,24.6,29.1,21.2
Scarborough,2007-11-05,72.4,0.9905999999999999,4.17,20.8,114.0,1014.1,39.6,8.9,275.35625,23.74375,20469,65856,32.1,25.8,28.1,36.9,25.8,30.6,22.6
Scarborough,2007-11-06,67.4,0.0,0.0,16.1,99.8,1014.3,56.7,7.7,235.59375,20.39375,20370,66337,30.1,26.1,27.7,33.4,26.1,29.3,21.1
Scarborough,2007-11-07,74.2,0.0,0.0,19.5,80.6,1014.0,72.5,7.3,235.30625,20.275,20777,66629,31.1,25.1,27.3,35.6,25.1,29.7,22.3
Scarborough,2007-11-08,80.6,8.889999999999999,8.33,18.3,121.9,1013.9,81.3,7.7,239.65,20.71875,21133,66239,30.1,25.1,26.6,34.6,25.1,27.7,22.9
Scarborough,2007-11-09,76.1,0.0,0.0,19.5,79.2,1012.5,95.5,6.5,242.04375,20.91875,21155,65195,31.1,25.1,27.4,36.7,25.1,29.8,22.8
Scarborough,2007-11-10,79.3,0.0,0.0,16.1,100.2,1010.3,90.0,8.3,216.0625,18.6,21110,64049,30.1,24.8,27.3,36.3,24.8,29.4,23.3
Scarborough,2007-11-11,75.6,0.0,0.0,20.8,85.0,1011.0,38.2,7.7,183.8125,15.90625,21452,63371,31.1,24.1,27.3,36.7,24.1,29.4,22.5
Scarborough,2007-11-12,82.2,2.0065999999999997,12.5,17.2,84.1,1011.1,72.7,6.9,215.49375,18.60625,22300,63633,29.8,24.1,26.6,34.7,24.1,28.3,23.3
Scarborough,2007-11-13,83.0,26.416,8.33,18.3,92.1,1010.3,83.8,6.5,203.5875,17.63125,21495,63359,29.1,23.8,26.1,33.7,23.8,27.4,22.9
Scarborough,2007-11-14,83.5,12.2174,12.5,17.2,89.7,1010.4,80.0,7.5,196.66875,16.98125,21517,63354,29.3,23.8,26.2,33.7,23.8,27.7,23.1
Scarborough,2007-11-15,89.7,32.004,8.33,16.1,92.2,1011.4,84.2,4.9,190.84375,16.4875,21541,63351,27.3,22.7,24.4,30.6,22.7,24.6,22.6
Scarborough,2007-11-16,81.2,46.6852,8.33,17.2,99.1,1010.8,86.3,8.0,202.75625,17.5625,21564,63348,30.1,25.1,27.0,35.2,25.1,28.8,23.4
Scarborough,2007-11-17,85.3,29.9974,8.33,16.1,146.2,1012.2,94.8,8.2,198.81875,17.175,21589,63347,26.1,24.1,25.1,26.1,24.1,25.1,22.4
Scarborough,2007-11-18,78.8,0.0,0.0,18.3,86.2,1012.7,53.9,9.3,205.9625,17.83125,21613,63347,30.1,24.1,26.9,35.2,24.1,28.6,22.8
Scarborough,2007-11-19,72.7,0.0,0.0,16.1,91.6,1011.9,39.5,7.8,207.35,17.9375,21639,63348,31.1,23.6,27.0,34.7,23.6,28.4,21.5
Scarborough,2007-11-20,77.3,0.0,0.0,15.0,99.5,1011.0,67.9,7.5,199.2875,17.275,21665,63350,29.8,23.1,26.1,33.2,23.1,27.4,21.7
Scarborough,2007-11-21,75.8,6.400799999999999,4.17,15.0,91.2,1013.0,73.3,8.6,204.45,17.68125,21692,63353,29.6,23.7,26.7,33.4,23.7,28.2,22.0
Scarborough,2007-11-22,77.5,0.9905999999999999,4.17,15.0,87.1,1014.0,81.3,7.9,198.6125,17.19375,21719,63357,30.1,24.1,26.6,34.3,24.1,27.9,22.2
Scarborough,2007-11-23,73.6,0.0,0.0,18.3,81.1,1013.1,73.5,9.3,186.5375,16.15625,21746,63363,31.1,24.1,27.1,35.6,24.1,28.6,21.8
Scarborough,2007-11-24,81.4,21.8186,8.33,16.1,68.7,1013.2,76.5,7.6,186.03125,16.1125,21774,63369,30.2,23.8,26.1,34.9,23.8,27.3,22.6
Scarborough,2007-11-25,79.3,5.6133999999999995,8.33,18.3,80.2,1012.7,85.5,6.5,189.09375,16.349999999999998,21803,63377,30.1,24.1,26.4,35.2,24.1,28.0,22.5
Scarborough,2007-11-26,74.6,5.1054,4.17,19.5,79.5,1013.3,72.5,7.8,183.93125,15.88125,21832,63385,30.1,25.1,26.9,33.4,25.1,27.9,21.9
Scarborough,2007-11-27,71.6,0.0,0.0,18.3,81.1,1013.1,35.7,8.2,183.30625,15.875,21861,63395,31.1,24.8,27.2,34.7,24.8,28.5,21.4
Scarborough,2007-11-28,73.6,0.3048,4.17,9.2,37.6,1012.1,28.9,7.9,199.125,17.25,21891,63406,30.1,23.6,26.3,33.4,23.6,27.3,21.1
Scarborough,2007-11-29,76.7,0.3048,4.17,9.2,50.7,1011.6,76.5,8.8,211.54375,18.325,21921,63417,29.1,22.7,25.4,31.4,22.7,26.3,20.9
Scarborough,2007-11-30,73.6,0.0,0.0,9.2,53.1,1011.3,74.3,8.9,189.5,16.425,21951,63430,29.2,23.1,26.0,31.6,23.1,26.9,20.8
Scarborough,2007-12-01,78.2,0.508,4.17,16.1,81.0,1013.5,81.4,7.4,228.8875,19.8,23134,64615,29.1,24.1,26.1,32.1,24.1,27.0,21.9
Scarborough,2007-12-02,71.1,0.0,0.0,18.3,92.3,1015.1,36.4,8.7,251.17499999999998,21.75625,23087,65385,30.1,24.1,26.8,33.4,24.1,28.1,21.1
Scarborough,2007-12-03,70.8,0.7874,4.17,19.5,97.3,1013.2,33.2,6.5,249.98125000000002,21.58125,22320,65616,30.1,23.8,26.9,32.8,23.8,28.1,21.1
Scarborough,2007-12-04,66.0,0.0,0.0,19.5,107.5,1015.0,55.0,8.4,273.875,23.65,21207,65653,31.1,26.1,28.2,34.7,26.1,30.1,21.2
Scarborough,2007-12-05,69.0,0.0,0.0,18.3,103.3,1015.1,39.5,8.1,260.475,22.4625,20454,65868,31.1,26.1,28.4,34.7,26.1,30.8,22.1
Scarborough,2007-12-06,67.9,0.0,0.0,18.3,85.7,1013.4,31.5,9.9,261.2625,22.55,20378,66353,30.3,26.1,27.8,33.4,26.1,29.5,21.2
Scarborough,2007-12-07,80.0,13.8176,8.33,23.0,85.6,1014.2,81.1,6.5,222.14374999999998,19.15625,20793,66629,30.1,24.1,26.9,34.3,24.1,28.7,23.2
Scarborough,2007-12-08,82.4,2.794,4.17,15.0,93.7,1014.3,91.7,6.5,246.28125,21.28125,21139,66214,29.1,22.8,26.1,33.7,22.8,27.2,22.8
Scarborough,2007-12-09,70.9,2.0065999999999997,4.17,18.3,68.8,1012.8,41.3,7.7,232.86875,20.0875,21152,65155,32.1,25.1,27.9,36.9,25.1,29.9,22.1
Scarborough,2007-12-10,83.4,8.5852,12.5,17.2,84.2,1010.1,90.4,7.5,222.69375,19.2125,21112,64015,30.2,24.1,26.8,35.9,24.1,28.7,23.7
Scarborough,2007-12-11,76.7,7.112,4.17,11.4,56.0,1012.1,47.7,5.8,196.775,16.94375,21473,63364,30.1,23.8,26.4,34.3,23.8,27.7,21.8
Scarborough,2007-12-12,89.0,78.7146,16.67,23.0,84.9,1011.7,95.3,3.9,201.59375,17.4,22332,63657,25.1,23.7,24.4,25.1,23.7,24.4,22.5
Scarborough,2007-12-13,81.5,4.495799999999999,12.5,20.8,79.2,1012.2,92.0,6.8,192.99375,16.6875,22364,63681,28.6,24.1,25.4,31.4,24.1,26.1,22.0
Scarborough,2007-12-14,79.2,13.9954,12.5,19.5,85.2,1012.4,89.2,7.6,209.76875,18.11875,22396,63706,29.3,23.3,26.1,33.4,23.3,27.1,22.1
Scarborough,2007-12-15,73.2,2.0065999999999997,4.17,20.8,75.1,1012.0,89.2,8.2,211.375,18.24375,22428,63732,29.3,24.1,26.3,30.9,24.1,27.1,20.9
Scarborough,2007-12-16,71.9,0.0,0.0,23.0,80.9,1011.6,59.5,9.3,211.0375,18.24375,22460,63758,29.2,23.8,26.3,32.1,23.8,27.2,20.7
Scarborough,2007-12-17,77.8,12.9032,12.5,18.3,75.4,1012.2,69.2,7.4,213.175,18.4375,22491,63785,30.1,23.1,25.6,33.4,23.1,26.2,21.3
Scarborough,2007-12-18,87.1,13.9954,8.33,16.1,79.2,1012.5,83.3,6.1,215.675,18.6625,22523,63813,28.1,23.1,24.7,32.1,23.1,25.0,22.3
Scarborough,2007-12-19,79.9,27.406599999999997,4.17,16.1,74.2,1012.9,87.5,7.4,201.71875,17.4375,22554,63841,27.1,23.1,25.7,29.3,23.1,26.3,21.9
Scarborough,2007-12-20,82.1,3.302,12.5,19.5,87.5,1011.8,90.0,7.4,207.96875,17.9875,22584,63870,27.6,23.1,25.2,30.6,23.1,25.9,21.8
Scarborough,2007-12-21,81.4,5.1054,4.17,19.5,86.2,1011.9,77.9,7.4,202.8,17.5,22614,63900,29.1,23.1,25.9,32.8,23.1,26.9,22.3
Scarborough,2007-12-22,75.1,0.0,0.0,13.9,76.5,1012.5,77.5,8.5,210.91875,18.25625,22644,63929,30.1,24.1,26.4,33.4,24.1,27.6,21.5
Scarborough,2007-12-23,74.3,0.0,0.0,12.8,94.3,1012.9,78.6,9.2,210.8625,18.2125,22674,63960,30.1,23.8,26.7,34.3,23.8,28.1,21.6
Scarborough,2007-12-24,79.3,10.413999999999998,8.33,6.9,78.5,1012.4,90.0,8.5,206.225,17.81875,22703,63990,29.1,23.1,25.4,32.1,23.1,26.0,21.5
Scarborough,2007-12-25,80.9,12.191999999999998,8.33,16.1,88.3,1012.4,90.4,7.3,211.05625,18.2625,22731,64022,28.8,23.1,25.4,32.6,23.1,26.1,21.8
Scarborough,2007-12-26,74.9,0.0,0.0,16.1,85.4,1011.8,88.7,8.5,214.75,18.55625,22760,64053,29.3,24.1,26.7,32.6,24.1,27.9,21.8
Scarborough,2007-12-27,72.8,0.0,0.0,17.2,85.8,1012.2,42.5,8.3,216.86875,18.74375,22787,64085,30.1,24.6,26.8,33.7,24.6,28.1,21.4
Scarborough,2007-12-28,71.5,0.0,0.0,17.2,87.2,1013.5,31.0,8.4,213.84375,18.46875,22814,64117,29.2,24.1,26.6,32.2,24.1,27.6,20.9
Scarborough,2007-12-29,67.6,0.0,0.0,11.4,77.2,1013.4,30.4,8.5,199.44375,17.1875,22840,64149,30.1,23.1,25.9,30.9,23.1,26.3,19.2
Scarborough,2007-12-30,69.6,0.0,0.0,17.2,89.6,1013.3,45.2,9.2,204.75,17.64375,22866,64181,29.1,23.1,26.0,31.4,23.1,26.7,19.9
Scarborough,2007-12-31,70.7,0.0,0.0,17.2,83.5,1014.2,60.7,9.8,216.6875,18.70625,22891,64214,30.1,23.1,25.9,32.7,23.1,26.8,20.1
Scarborough,2008-01-01,66.6,0.0,0.0,16.1,85.9,1014.3,37.0,9.5,212.1,18.311764705882354,22915,64247,29.2,23.1,26.1,30.9,23.1,26.7,19.2
Scarborough,2008-01-02,66.0,2.9972,4.17,15.0,17.3,1012.5,33.3,9.0,245.04117647058823,21.147058823529413,23219,65168,28.1,22.1,25.3,29.3,22.1,25.8,18.4
Scarborough,2008-01-03,70.3,0.508,4.17,20.8,76.6,1014.4,64.3,7.5,254.06470588235297,21.970588235294116,22656,65574,29.1,22.8,25.1,30.3,22.8,25.5,19.2
Scarborough,2008-01-04,66.0,0.0,0.0,20.8,92.2,1013.7,90.0,8.3,262.15882352941173,22.641176470588235,21566,65638,29.7,23.1,26.3,31.4,23.1,27.0,19.3
Scarborough,2008-01-05,67.1,0.0,0.0,16.1,102.9,1011.7,47.2,8.2,260.9,22.5125,20645,65760,30.1,24.1,27.1,32.7,24.1,28.2,20.3
Scarborough,2008-01-06,68.8,0.0,0.0,18.3,99.7,1015.3,69.3,8.3,246.40625,21.30625,20324,66183,30.1,26.1,28.1,34.3,26.1,30.3,21.8
Scarborough,2008-01-07,83.0,25.907999999999998,4.17,13.9,80.2,1013.8,90.0,7.2,190.21875,16.41875,20633,66594,29.1,22.1,25.6,32.1,22.1,26.2,22.4
Scarborough,2008-01-08,80.3,9.398,8.33,16.1,116.7,1012.6,84.7,7.5,222.625,19.25625,21062,66439,29.2,24.1,26.4,33.7,24.1,27.5,22.7
Scarborough,2008-01-09,69.1,2.0065999999999997,4.17,16.1,135.7,1009.6,36.8,8.8,234.45,20.225,21175,65549,31.2,26.1,28.9,36.7,26.1,32.3,22.7
Scarborough,2008-01-10,71.6,0.0,0.0,10.3,106.0,1012.2,79.7,8.6,218.44375,18.85,21104,64380,32.1,25.9,29.1,36.9,25.9,32.4,23.3
Scarborough,2008-01-11,71.4,0.0,0.0,15.0,93.3,1011.3,43.1,8.3,209.3875,18.10625,21287,63483,32.1,25.1,28.6,38.1,25.1,31.6,22.8
Scarborough,2008-01-12,73.0,0.508,4.17,15.0,83.6,1014.6,42.5,8.3,187.78125,16.29375,22006,63455,31.1,25.1,28.4,35.7,25.1,31.4,23.0
Scarborough,2008-01-13,73.7,0.0,0.0,17.2,88.7,1012.0,56.3,8.6,218.58823529411765,18.88235294117647,23145,64639,29.1,23.8,26.8,32.8,23.8,28.3,21.7
Scarborough,2008-01-14,74.4,0.508,4.17,17.2,93.7,1013.1,48.1,7.5,228.3764705882353,19.711764705882352,23158,64671,29.1,23.9,26.3,32.1,23.9,27.3,21.3
Scarborough,2008-01-15,74.3,0.0,0.0,18.3,84.5,1012.6,42.1,8.5,227.05882352941177,19.58235294117647,23170,64702,29.1,22.1,25.6,31.4,22.1,26.3,20.5
Scarborough,2008-01-16,74.1,0.0,0.0,16.1,84.1,1012.6,72.9,8.1,227.25882352941176,19.599999999999998,23181,64733,29.1,23.1,25.6,31.4,23.1,26.3,20.5
Scarborough,2008-01-17,72.8,0.0,0.0,16.1,94.2,1014.1,33.0,7.9,229.41764705882352,19.83529411764706,23192,64764,29.8,23.1,26.1,32.8,23.1,27.2,20.7
Scarborough,2008-01-18,73.2,0.508,4.17,20.8,87.2,1015.6,32.2,7.9,231.1235294117647,19.970588235294116,23201,64794,29.4,23.9,26.4,32.8,23.9,27.7,21.2
Scarborough,2008-01-19,71.0,0.0,0.0,20.8,87.5,1015.0,38.3,8.3,227.11764705882354,19.570588235294117,23209,64824,30.1,23.1,26.3,32.7,23.1,27.4,20.6
Scarborough,2008-01-20,67.8,0.0,0.0,20.8,81.4,1014.6,39.2,8.8,238.95294117647057,20.629411764705882,23216,64854,29.1,23.1,25.6,30.9,23.1,26.2,19.1
Scarborough,2008-01-21,71.9,0.0,0.0,19.5,85.2,1015.2,40.0,8.7,230.05882352941177,19.83529411764706,23222,64883,29.9,23.9,26.2,33.2,23.9,27.2,20.6
Scarborough,2008-01-22,67.3,8.407399999999999,4.17,20.8,78.0,1014.2,36.3,8.0,225.05882352941177,19.45294117647059,23227,64911,29.2,23.1,26.4,30.9,23.1,27.0,19.6
Scarborough,2008-01-23,72.0,2.5146,8.33,20.8,83.3,1014.3,50.6,8.2,232.6235294117647,20.041176470588233,23231,64939,29.1,22.9,25.3,31.4,22.9,25.9,19.8
Scarborough,2008-01-24,73.6,0.0,0.0,16.1,86.4,1014.0,56.7,7.7,229.46470588235294,19.852941176470587,23234,64967,29.1,23.1,25.9,31.5,23.1,26.8,20.7
Scarborough,2008-01-25,75.5,2.9972,8.33,19.5,83.0,1014.3,59.6,8.3,238.38235294117646,20.599999999999998,23236,64994,29.1,22.9,25.7,32.1,22.9,26.6,20.9
Scarborough,2008-01-26,68.5,0.0,0.0,13.9,75.7,1014.6,29.6,9.5,235.24117647058824,20.305882352941175,23237,65020,28.1,22.1,25.1,29.3,22.1,25.4,18.7
Scarborough,2008-01-27,67.5,0.0,0.0,18.3,90.6,1014.1,40.8,9.2,232.04117647058825,20.041176470588233,23237,65046,29.1,21.1,25.0,30.9,21.1,25.5,18.4
Scarborough,2008-01-28,71.2,0.0,0.0,13.9,111.9,1013.1,33.1,8.2,228.71764705882356,19.711764705882356,23235,65072,29.1,22.1,25.1,30.9,22.1,25.6,19.3
Scarborough,2008-01-29,81.2,21.081999999999997,8.33,8.1,36.1,1013.4,70.8,7.0,232.74117647058824,20.105882352941176,23233,65097,28.1,22.1,24.2,30.8,22.1,24.6,20.8
Scarborough,2008-01-30,73.6,0.8128,8.33,16.1,34.1,1013.2,63.9,8.5,237.48823529411766,20.5,23229,65121,28.9,23.1,25.6,31.9,23.1,26.3,20.4
Scarborough,2008-01-31,74.7,2.0065999999999997,4.17,13.9,34.5,1012.5,67.2,7.4,242.2941176470588,20.929411764705883,23225,65145,28.1,22.1,24.8,30.2,22.1,25.3,19.9
Scarborough,2008-02-01,70.0,0.0,0.0,17.2,84.2,1014.0,30.3,8.9,221.40588235294118,19.15294117647059,22939,64280,29.1,23.1,26.1,31.4,23.1,26.9,20.1
Scarborough,2008-02-02,74.9,0.9905999999999999,4.17,9.2,59.8,1013.9,36.1,9.1,250.4294117647059,21.641176470588235,23213,65190,28.1,21.1,23.9,29.7,21.1,24.1,19.1
Scarborough,2008-02-03,66.1,0.0,0.0,17.2,85.8,1014.3,68.1,8.5,265.8588235294117,22.96470588235294,22626,65580,30.1,22.1,25.7,32.0,22.1,26.3,18.7
Scarborough,2008-02-04,68.0,0.508,4.17,26.4,86.0,1013.1,66.8,8.1,269.68823529411765,23.329411764705885,21530,65639,29.1,22.9,25.9,31.1,22.9,26.6,19.4
Scarborough,2008-02-05,68.7,0.0,0.0,13.9,104.9,1011.6,88.2,8.4,245.88750000000002,21.2,20623,65769,30.1,23.1,26.6,32.7,23.1,27.7,20.3
Scarborough,2008-02-06,70.6,0.0,0.0,18.3,98.1,1014.4,81.9,8.1,238.425,20.55625,20326,66200,31.1,25.1,27.8,34.7,25.1,29.6,21.9
Scarborough,2008-02-07,77.4,0.0,0.0,13.9,104.6,1014.2,69.2,7.4,241.60625000000002,20.83125,20648,66601,30.1,25.1,27.8,35.8,25.1,30.5,23.4
Scarborough,2008-02-08,76.8,0.9905999999999999,4.17,19.5,93.4,1012.9,54.9,6.9,220.425,19.03125,21072,66421,30.2,24.1,27.8,35.2,24.1,30.7,23.3
Scarborough,2008-02-09,69.1,0.0,0.0,16.1,140.4,1009.6,73.3,8.9,232.075,20.05625,21173,65512,31.1,28.1,29.3,35.6,31.4,33.2,23.0
Scarborough,2008-02-10,76.0,14.985999999999999,8.33,12.8,53.2,1011.2,73.3,8.1,216.15,18.6625,21104,64342,30.1,25.2,27.7,35.2,25.2,30.6,23.1
Scarborough,2008-02-11,72.3,0.0,0.0,16.1,98.3,1012.1,32.4,8.3,211.44375,18.275,21302,63467,31.1,25.1,28.4,36.6,25.1,31.1,22.8
Scarborough,2008-02-12,69.8,0.0,0.0,13.9,35.1,1014.1,37.6,8.5,208.1375,18.0125,22037,63471,30.1,24.3,27.7,33.4,24.3,29.4,21.6
Scarborough,2008-02-13,75.5,0.0,0.0,21.9,76.4,1014.3,57.8,7.8,248.04117647058823,21.470588235294116,23074,65396,29.1,23.1,25.5,31.4,23.1,26.3,20.8
Scarborough,2008-02-14,72.6,0.0,0.0,40.7,78.7,1015.2,58.4,8.1,247.5705882352941,21.423529411764704,23056,65411,29.1,23.8,25.8,31.6,23.8,26.4,20.4
Scarborough,2008-02-15,69.9,0.0,0.0,17.2,72.0,1014.7,38.3,8.8,251.37058823529412,21.74705882352941,23037,65426,29.1,23.1,25.7,31.0,23.1,26.2,19.6
Scarborough,2008-02-16,74.6,0.7874,4.17,13.9,46.0,1013.0,54.3,7.7,256.6941176470588,22.18235294117647,23017,65440,27.1,22.2,24.7,28.6,22.2,25.1,19.8
Scarborough,2008-02-17,70.9,2.0065999999999997,4.17,21.9,69.6,1013.5,47.3,8.2,258.5764705882353,22.376470588235293,22996,65453,28.7,23.1,25.1,30.9,23.1,25.6,19.4
Scarborough,2008-02-18,67.3,0.0,0.0,20.8,85.0,1015.8,64.5,8.1,259.8529411764706,22.50588235294118,22974,65465,29.1,23.1,26.1,30.9,23.1,26.7,19.4
Scarborough,2008-02-19,69.6,0.0,0.0,18.3,74.9,1016.6,76.4,8.7,251.8294117647059,21.8,22951,65477,28.9,23.1,25.3,30.6,23.1,25.8,19.3
Scarborough,2008-02-20,66.1,0.9905999999999999,4.17,12.8,62.2,1015.9,80.5,8.9,265.9647058823529,23.0,22928,65489,28.1,22.2,25.1,29.3,22.2,25.5,18.2
Scarborough,2008-02-21,67.1,0.0,0.0,17.2,91.1,1015.9,87.6,9.1,263.3294117647059,22.776470588235295,22904,65500,29.1,21.1,26.4,30.9,21.1,27.2,19.7
Scarborough,2008-02-22,70.8,0.0,0.0,24.2,83.2,1016.3,54.4,7.8,250.31176470588235,21.63529411764706,22879,65510,29.1,22.1,25.8,31.4,22.1,26.5,19.9
Scarborough,2008-02-23,68.1,2.3114,8.33,19.5,80.0,1016.9,63.6,8.2,251.45294117647057,21.77058823529412,22854,65520,29.1,22.1,25.2,29.9,22.1,25.6,18.7
Scarborough,2008-02-24,70.3,0.0,0.0,18.3,101.4,1016.5,88.9,8.1,243.1058823529412,21.058823529411764,22827,65529,28.1,22.1,24.9,29.7,22.1,25.4,19.1
Scarborough,2008-02-25,74.9,4.0893999999999995,4.17,16.1,81.4,1015.3,87.0,8.5,241.40588235294115,20.88235294117647,22800,65538,28.1,22.1,24.9,29.7,22.1,25.3,20.1
Scarborough,2008-02-26,72.3,0.0,0.0,19.5,74.0,1015.0,86.7,8.0,260.3882352941177,22.5,22773,65546,28.1,22.1,25.4,30.1,22.1,26.1,19.9
Scarborough,2008-02-27,68.5,0.0,0.0,18.3,83.6,1015.1,89.7,8.3,256.8176470588235,22.211764705882356,22745,65553,29.1,23.1,25.8,30.9,23.1,26.3,19.4
Scarborough,2008-02-28,71.5,0.0,0.0,18.3,84.1,1015.8,76.5,7.6,269.09411764705885,23.311764705882354,22716,65561,28.2,23.1,25.7,30.5,23.1,26.3,20.1
Scarborough,2008-02-29,71.8,4.8768,8.33,18.3,71.4,1015.2,52.2,7.7,262.45,22.65,22686,65567,27.1,23.1,25.0,28.6,23.1,25.3,19.5
Scarborough,2008-03-01,76.5,0.0,0.0,11.4,32.6,1015.5,47.8,8.4,229.49411764705883,19.876470588235293,22962,64313,28.7,23.8,25.8,31.1,23.8,26.8,21.3
Scarborough,2008-03-02,74.2,0.0,0.0,15.0,85.7,1014.6,58.9,8.4,247.48235294117646,21.400000000000002,23205,65212,28.1,23.1,25.3,30.2,23.1,25.9,20.3
Scarborough,2008-03-03,63.9,0.0,0.0,18.3,86.1,1014.7,50.3,8.4,269.5,23.3,22594,65585,29.1,21.1,25.3,29.9,21.1,25.7,17.8
Scarborough,2008-03-04,68.5,0.0,0.0,20.8,81.5,1013.8,70.6,7.5,275.27058823529416,23.723529411764705,21494,65640,30.1,23.9,26.4,32.1,23.9,27.3,20.1
Scarborough,2008-03-05,65.0,0.0,0.0,15.0,110.9,1012.2,89.1,8.6,243.09375,20.9875,20601,65778,30.1,23.1,26.8,32.7,23.1,27.8,19.6
Scarborough,2008-03-06,73.0,2.0065999999999997,4.17,18.3,104.1,1013.7,76.1,8.0,246.50625,21.24375,20329,66217,30.2,24.1,27.7,35.2,24.1,30.2,22.3
Scarborough,2008-03-07,78.0,1.1938,4.17,17.2,97.1,1015.0,53.2,7.2,251.89374999999998,21.73125,20664,66607,30.1,26.1,27.2,35.2,26.1,28.9,23.0
Scarborough,2008-03-08,74.1,0.9905999999999999,4.17,18.3,87.2,1013.1,27.2,8.0,226.8875,19.5875,21080,66401,31.1,25.9,28.2,37.9,25.9,31.3,23.1
Scarborough,2008-03-09,70.0,0.0,0.0,17.2,132.1,1010.5,37.0,7.6,222.79375,19.2625,21172,65474,31.1,26.1,29.4,36.7,26.1,33.3,23.3
Scarborough,2008-03-10,80.3,18.9992,12.5,34.4,79.5,1011.3,91.0,7.5,213.0875,18.4,21103,64305,30.1,24.1,25.8,33.4,24.1,26.2,22.1
Scarborough,2008-03-11,70.7,0.0,0.0,11.4,101.8,1013.6,32.5,8.3,208.41875000000002,18.00625,21318,63451,31.1,25.9,28.6,35.6,25.9,31.6,22.7
Scarborough,2008-03-12,68.7,0.0,0.0,12.8,40.1,1012.2,50.6,7.5,199.15,17.21875,22068,63487,28.1,24.1,26.0,30.8,24.1,26.8,19.8
Scarborough,2008-03-13,75.7,0.9905999999999999,4.17,18.3,92.2,1015.5,76.3,7.5,269.9529411764706,23.358823529411765,22259,65621,29.1,23.1,25.9,32.8,23.1,27.1,21.3
Scarborough,2008-03-14,71.2,0.0,0.0,16.1,92.4,1015.0,44.7,6.0,263.3941176470588,22.711764705882356,22224,65623,29.1,23.7,26.1,31.4,23.7,26.8,20.3
Scarborough,2008-03-15,72.7,0.0,0.0,17.2,97.2,1015.5,50.0,7.2,258.8705882352941,22.36470588235294,22188,65624,29.1,23.1,26.3,31.9,23.1,27.3,20.9
Scarborough,2008-03-16,75.3,3.9878,8.33,13.9,86.1,1015.4,67.9,7.6,266.44117647058823,23.023529411764706,22152,65626,29.1,22.1,25.6,31.4,22.1,26.3,20.7
Scarborough,2008-03-17,73.9,0.7874,4.17,9.2,30.6,1015.0,63.5,8.3,283.1058823529412,24.447058823529414,22116,65627,27.1,21.1,24.6,28.6,21.1,24.9,19.6
Scarborough,2008-03-18,66.5,0.0,0.0,13.9,97.7,1014.7,50.3,8.4,277.2176470588235,23.941176470588236,22080,65628,30.1,21.2,26.2,31.7,21.2,26.8,19.2
Scarborough,2008-03-19,74.3,6.095999999999999,4.17,13.9,43.8,1014.7,81.7,7.3,278.5764705882353,24.099999999999998,22043,65630,28.1,23.1,24.4,29.7,23.1,24.7,19.5
Scarborough,2008-03-20,67.3,0.0,0.0,17.2,113.1,1014.7,64.8,9.4,271.44117647058823,23.46470588235294,22007,65630,29.1,21.1,25.3,30.8,21.1,25.8,18.7
Scarborough,2008-03-21,68.5,0.0,0.0,19.5,91.6,1014.9,64.2,9.0,275.5764705882353,23.811764705882354,21970,65631,30.1,22.1,26.2,33.0,22.1,27.1,19.8
Scarborough,2008-03-22,65.2,0.0,0.0,20.8,91.4,1014.6,82.3,7.2,270.5176470588235,23.394117647058824,21933,65632,30.1,24.1,27.4,32.0,24.1,28.7,20.2
Scarborough,2008-03-23,74.8,7.112,4.17,21.9,93.5,1015.1,71.9,7.6,268.06470588235294,23.211764705882356,21896,65633,29.1,23.1,25.6,32.1,23.1,26.4,20.8
Scarborough,2008-03-24,63.8,0.0,0.0,17.2,100.0,1015.5,56.7,7.7,286.8,24.77058823529412,21860,65633,30.1,23.1,26.4,31.4,23.1,26.9,18.7
Scarborough,2008-03-25,66.3,0.0,0.0,18.3,90.1,1016.0,35.3,8.3,274.6058823529412,23.71764705882353,21823,65634,30.1,23.1,26.5,32.2,23.1,27.4,19.6
Scarborough,2008-03-26,73.2,1.4986,8.33,18.3,98.1,1015.1,57.0,8.3,277.01176470588234,23.988235294117647,21786,65635,28.9,22.9,25.2,30.8,22.9,25.7,20.0
Scarborough,2008-03-27,66.2,0.0,0.0,18.3,92.5,1013.3,42.7,8.6,280.15882352941173,24.205882352941178,21749,65635,30.1,23.1,26.2,31.4,23.1,26.9,19.2
Scarborough,2008-03-28,68.9,0.0,0.0,21.9,92.3,1012.9,72.9,7.0,274.5176470588235,23.688235294117646,21712,65636,30.1,23.1,26.4,32.0,23.1,27.3,20.1
Scarborough,2008-03-29,68.9,0.0,0.0,17.2,98.3,1012.8,88.0,7.1,282.5235294117647,24.31764705882353,21676,65636,30.1,22.1,26.0,32.0,22.1,26.8,19.7
Scarborough,2008-03-30,79.7,0.9905999999999999,4.17,18.3,103.5,1012.8,88.3,6.3,281.8294117647059,24.34705882352941,21639,65637,28.1,22.1,24.4,30.2,22.1,24.7,20.6
Scarborough,2008-03-31,73.4,0.508,4.17,13.9,93.8,1012.9,90.0,7.7,266.58235294117645,23.04705882352941,21603,65637,28.1,22.2,25.6,30.2,22.2,26.3,20.3
Scarborough,2008-04-01,75.2,0.3048,4.17,15.0,75.9,1015.9,42.7,7.7,229.41764705882352,19.811764705882354,22984,64346,29.2,23.1,25.9,32.1,23.1,26.9,21.1
Scarborough,2008-04-02,72.0,0.0,0.0,18.3,80.2,1015.4,48.0,8.5,253.38823529411766,21.923529411764704,23196,65234,28.7,23.1,25.1,30.3,23.1,25.4,19.6
Scarborough,2008-04-03,72.1,0.0,0.0,18.3,70.0,1014.6,81.4,7.7,265.8058823529412,22.98235294117647,22563,65590,30.1,23.1,25.7,32.7,23.1,26.3,20.3
Scarborough,2008-04-04,68.7,0.0,0.0,19.5,84.9,1014.7,30.9,7.8,283.3176470588235,24.558823529411764,21458,65641,30.1,24.1,26.6,32.7,24.1,27.4,20.2
Scarborough,2008-04-05,68.3,0.0,0.0,17.2,107.8,1013.5,69.8,9.6,240.91333333333333,20.766666666666666,20581,65788,30.1,21.1,26.8,32.0,21.1,27.7,20.3
Scarborough,2008-04-06,69.9,0.0,0.0,16.1,105.2,1014.1,58.7,7.8,248.02666666666667,21.39333333333333,20333,66234,30.8,26.1,28.1,35.0,26.1,30.4,22.0
Scarborough,2008-04-07,70.2,2.4892,4.17,13.9,91.7,1014.9,35.3,8.0,235.16,20.266666666666666,20680,66612,30.1,25.9,27.7,33.4,25.9,29.2,21.7
Scarborough,2008-04-08,76.0,2.9972,4.17,21.9,91.1,1012.4,63.6,7.4,229.46,19.793333333333333,21089,66382,31.1,25.1,27.5,34.7,25.1,29.5,22.8
Scarborough,2008-04-09,66.6,0.0,0.0,15.0,119.7,1012.0,30.4,8.4,237.26666666666668,20.473333333333336,21170,65436,32.6,27.1,29.8,37.7,29.6,33.7,22.8
Scarborough,2008-04-10,80.7,20.3962,8.33,6.9,359.7,1010.9,77.7,7.4,224.16666666666666,19.39333333333333,21103,64268,29.1,24.1,26.7,32.8,24.1,28.3,23.1
Scarborough,2008-04-11,73.9,0.0,0.0,11.4,117.7,1012.8,25.3,9.5,201.36,17.413333333333334,21334,63437,30.2,24.9,27.4,34.3,24.9,29.4,22.2
Scarborough,2008-04-12,69.3,0.0,0.0,12.8,32.3,1011.5,46.5,7.6,185.26000000000002,16.013333333333332,22100,63504,31.1,23.1,26.6,34.7,23.1,27.7,20.4
Scarborough,2008-04-13,79.1,13.208,8.33,18.3,89.8,1013.0,91.7,6.9,277.625,23.96875,21149,65658,29.1,23.1,25.7,32.8,23.1,26.5,21.7
Scarborough,2008-04-14,72.0,0.0,0.0,19.5,88.2,1013.5,80.1,8.1,262.50625,22.675,21117,65661,29.9,25.1,26.9,33.8,25.1,28.1,21.4
Scarborough,2008-04-15,71.9,0.0,0.0,20.8,90.3,1013.9,42.1,8.1,264.10625,22.8375,21085,65665,29.7,24.1,26.7,32.8,24.1,27.9,21.1
Scarborough,2008-04-16,72.8,4.013199999999999,8.33,20.8,101.1,1013.9,68.1,7.8,261.23125,22.575,21053,65668,30.1,25.1,26.7,33.4,25.1,27.9,21.4
Scarborough,2008-04-17,73.6,0.0,0.0,15.0,90.3,1015.0,35.3,8.1,265.43125,22.95,21022,65672,29.1,24.9,26.2,32.1,24.9,26.8,21.1
Scarborough,2008-04-18,70.5,0.0,0.0,18.3,85.3,1014.8,69.4,7.6,268.95,23.21875,20991,65676,30.1,24.1,26.8,32.7,24.1,27.8,20.9
Scarborough,2008-04-19,73.1,0.0,0.0,17.2,91.9,1013.5,73.2,7.3,259.5125,22.39375,20961,65680,29.1,24.1,26.1,32.1,24.1,26.9,20.9
Scarborough,2008-04-20,72.4,0.9905999999999999,4.17,16.1,93.2,1012.7,72.0,6.6,259.19375,22.3625,20932,65685,29.2,24.1,26.8,32.4,24.1,28.1,21.4
Scarborough,2008-04-21,69.9,0.0,0.0,23.0,106.6,1012.6,90.0,7.1,265.6125,22.9375,20902,65690,29.1,25.1,27.2,32.1,25.1,28.5,21.2
Scarborough,2008-04-22,68.9,0.0,0.0,25.3,102.5,1012.3,67.1,7.7,271.825,23.50625,20874,65696,30.1,25.1,27.3,33.4,25.1,28.6,21.0
Scarborough,2008-04-23,69.4,0.0,0.0,17.2,102.6,1012.4,76.9,7.6,269.18125,23.25625,20846,65701,30.1,25.1,27.2,33.4,25.1,28.5,21.1
Scarborough,2008-04-24,73.8,0.0,0.0,17.2,103.7,1012.1,74.5,8.1,270.575,23.38125,20819,65707,30.1,25.1,27.2,34.3,25.1,28.8,22.1
Scarborough,2008-04-25,72.9,0.0,0.0,21.9,103.1,1011.9,85.0,7.3,269.175,23.21875,20792,65714,30.1,25.8,27.6,34.3,25.8,29.2,22.2
Scarborough,2008-04-26,72.1,0.0,0.0,23.0,102.0,1012.5,88.3,7.0,269.59375,23.25625,20766,65720,30.1,25.9,27.4,33.8,25.9,28.9,21.9
Scarborough,2008-04-27,69.5,0.0,0.0,17.2,96.5,1013.2,68.6,7.3,250.00625,21.58125,20740,65728,30.7,25.1,27.6,34.2,25.1,29.1,21.4
Scarborough,2008-04-28,65.8,0.0,0.0,18.3,91.6,1013.8,49.4,7.7,269.7875,23.26875,20715,65735,31.1,24.1,27.4,33.1,24.1,28.4,20.3
Scarborough,2008-04-29,65.2,0.0,0.0,16.1,99.0,1013.4,45.4,8.2,262.05625,22.65625,20691,65743,31.1,23.1,27.1,33.4,23.1,28.1,19.8
Scarborough,2008-04-30,69.8,0.0,0.0,16.1,97.7,1012.1,24.4,7.9,265.63125,22.95625,20668,65751,30.2,24.1,26.8,33.4,24.1,27.9,20.7
Scarborough,2008-05-01,73.1,0.0,0.0,19.5,74.8,1015.7,45.4,8.1,220.2,19.05,23005,64379,29.1,23.1,25.8,32.1,23.1,26.6,20.5
Scarborough,2008-05-02,75.1,0.508,4.17,13.9,49.7,1015.7,28.9,8.5,235.64375,20.36875,23187,65254,28.1,22.1,24.7,30.2,22.1,25.3,20.0
Scarborough,2008-05-03,73.4,0.0,0.0,17.2,64.2,1014.2,78.0,6.7,255.11874999999998,21.99375,22531,65595,27.1,23.1,24.8,28.6,23.1,24.9,19.7
Scarborough,2008-05-04,65.3,0.0,0.0,20.8,88.3,1015.3,72.9,7.1,285.75625,24.68125,21423,65642,30.1,24.1,26.7,32.0,24.1,27.6,19.6
Scarborough,2008-05-05,71.3,0.0,0.0,15.0,98.2,1013.7,79.2,8.5,268.88125,23.2125,20561,65798,30.1,24.7,27.2,33.4,24.7,28.8,21.5
Scarborough,2008-05-06,64.8,0.0,0.0,18.3,102.5,1014.9,72.2,8.5,214.4125,18.5125,20337,66251,30.1,26.1,28.0,33.4,26.1,29.7,20.7
Scarborough,2008-05-07,69.7,0.0,0.0,13.9,118.9,1014.2,37.0,8.1,240.7375,20.75625,20695,66617,30.2,24.1,27.6,34.3,24.1,29.4,21.5
Scarborough,2008-05-08,84.7,21.310599999999997,16.67,17.2,98.3,1012.3,84.2,6.9,241.63125,20.86875,21097,66361,29.1,24.9,26.2,33.7,24.9,27.3,23.4
Scarborough,2008-05-09,75.6,0.0,0.0,12.8,68.8,1012.9,64.6,7.8,236.425,20.4125,21168,65398,31.1,26.1,27.7,36.5,26.1,30.2,22.9
Scarborough,2008-05-10,72.2,0.0,0.0,10.3,126.9,1011.0,36.3,8.4,204.0375,17.6125,21103,64232,30.2,24.1,28.6,35.2,24.1,31.7,22.9
Scarborough,2008-05-11,75.0,6.095999999999999,4.17,11.4,80.0,1012.6,68.1,9.1,208.71875,18.05,21352,63424,31.1,26.1,28.1,36.7,26.1,30.9,23.2
Scarborough,2008-05-12,68.7,0.0,0.0,13.9,30.8,1012.7,75.6,7.9,217.0875,18.75625,22132,63523,29.1,24.1,26.6,31.4,24.1,27.6,20.4
Scarborough,2008-05-13,69.6,0.0,0.0,18.3,95.0,1015.0,73.3,7.6,269.05625,23.23125,20429,65891,30.1,24.1,27.2,33.4,24.1,28.6,21.1
Scarborough,2008-05-14,70.0,0.0,0.0,18.3,89.9,1013.8,26.1,7.8,245.94375,21.23125,20417,65904,30.1,24.9,27.2,33.4,24.9,28.4,21.2
Scarborough,2008-05-15,71.6,0.0,0.0,17.2,95.9,1013.9,38.9,8.6,264.54375,22.83125,20404,65918,30.1,25.1,27.4,33.4,25.1,29.0,21.8
Scarborough,2008-05-16,73.1,0.0,0.0,21.9,90.4,1013.8,90.0,8.2,267.26875,23.0625,20393,65931,31.2,25.1,27.4,34.3,25.1,28.9,22.1
Scarborough,2008-05-17,70.1,0.0,0.0,20.8,95.9,1014.2,77.1,8.1,271.70625,23.4375,20383,65946,31.1,26.1,28.4,35.6,26.1,31.2,22.4
Scarborough,2008-05-18,71.1,0.0,0.0,19.5,89.5,1014.3,65.0,7.7,274.4125,23.7125,20373,65960,30.2,26.1,28.3,35.2,26.1,30.9,22.5
Scarborough,2008-05-19,70.3,0.0,0.0,18.3,83.2,1015.2,43.3,7.9,253.35625,21.85625,20364,65975,30.1,25.2,27.0,33.4,25.2,28.3,21.1
Scarborough,2008-05-20,65.4,0.0,0.0,18.3,88.9,1014.5,40.0,7.9,259.43125,22.39375,20357,65990,31.1,24.1,26.9,33.1,24.1,27.6,19.6
Scarborough,2008-05-21,61.1,0.0,0.0,17.2,103.1,1013.4,34.9,8.5,257.5,22.2375,20349,66005,30.2,23.1,27.6,32.7,23.1,28.4,19.2
Scarborough,2008-05-22,67.6,0.0,0.0,17.2,86.6,1013.3,63.9,8.2,250.6375,21.65625,20343,66020,30.1,23.1,27.1,32.7,23.1,28.3,20.5
Scarborough,2008-05-23,65.6,0.0,0.0,19.5,89.8,1013.8,60.2,8.3,250.66875,21.65,20338,66036,30.1,24.1,27.4,32.3,24.1,28.8,20.3
Scarborough,2008-05-24,68.3,0.0,0.0,13.9,108.0,1012.7,76.7,8.4,262.56875,22.61875,20333,66052,30.3,25.2,27.7,34.3,25.2,29.2,21.2
Scarborough,2008-05-25,68.1,0.0,0.0,15.0,110.3,1012.3,73.8,8.3,244.9625,21.1625,20329,66068,30.1,24.9,27.4,32.7,24.9,28.9,20.9
Scarborough,2008-05-26,67.8,0.0,0.0,18.3,112.2,1011.9,65.8,8.2,236.48125,20.4125,20326,66084,30.1,26.1,28.0,34.3,26.1,30.1,21.5
Scarborough,2008-05-27,70.7,0.0,0.0,17.2,95.0,1012.6,54.9,7.9,235.525,20.29375,20324,66100,30.8,25.9,28.0,34.9,25.9,30.2,22.1
Scarborough,2008-05-28,66.5,0.0,0.0,24.2,84.7,1013.3,53.3,7.3,232.44375,20.056250000000002,20322,66117,31.1,26.9,28.9,35.6,28.9,31.9,22.0
Scarborough,2008-05-29,67.6,0.0,0.0,20.8,86.9,1013.8,50.3,7.6,220.775,19.04375,20321,66133,31.1,25.8,27.9,34.9,25.8,29.5,21.2
Scarborough,2008-05-30,68.3,0.0,0.0,13.9,104.0,1014.3,24.9,7.8,239.6,20.65,20321,66150,31.1,24.9,27.8,34.7,24.9,29.3,21.3
Scarborough,2008-05-31,68.3,0.0,0.0,16.1,108.0,1014.9,47.1,8.0,232.5,20.08125,20322,66167,30.2,25.1,28.1,34.3,25.1,30.2,21.6
Scarborough,2008-06-01,75.2,1.778,8.33,16.1,85.1,1015.2,43.3,8.1,206.9875,17.925,23026,64412,28.9,22.9,25.2,30.8,22.9,25.8,20.3
Scarborough,2008-06-02,69.1,0.0,0.0,20.8,74.7,1015.9,39.2,8.3,236.0875,20.39375,23176,65274,29.1,23.1,25.3,30.9,23.1,25.8,19.1
Scarborough,2008-06-03,71.2,0.0,0.0,17.2,86.7,1013.6,84.2,7.7,261.21875,22.56875,22498,65599,28.2,23.1,25.3,30.2,23.1,25.9,19.6
Scarborough,2008-06-04,74.3,0.508,4.17,18.3,89.8,1014.2,61.3,7.0,274.78125,23.73125,21388,65644,28.1,23.1,25.2,30.2,23.1,25.7,20.3
Scarborough,2008-06-05,71.9,0.508,4.17,20.8,86.0,1014.0,81.7,6.8,265.68125,22.9375,20542,65808,30.2,25.1,27.8,34.6,25.1,29.9,22.2
Scarborough,2008-06-06,68.3,2.0065999999999997,4.17,23.0,88.5,1014.8,46.5,7.9,216.29375000000002,18.65,20342,66267,31.1,24.1,27.7,34.7,24.1,29.1,21.1
Scarborough,2008-06-07,72.7,15.011399999999998,4.17,19.5,90.7,1014.4,36.4,8.1,228.92499999999998,19.74375,20711,66621,30.8,24.9,27.7,35.1,24.9,29.8,22.3
Scarborough,2008-06-08,79.0,0.0,0.0,13.9,83.0,1012.9,85.2,8.1,255.78125,22.1125,21105,66339,30.1,25.1,27.1,35.2,25.1,28.9,23.0
Scarborough,2008-06-09,78.6,6.095999999999999,8.33,11.4,84.8,1011.6,88.9,7.6,235.11875,20.30625,21166,65360,30.1,25.1,27.1,35.2,25.1,29.2,23.1
Scarborough,2008-06-10,73.7,0.0,0.0,15.0,117.6,1011.1,80.5,8.6,197.93125,17.125,21104,64196,31.1,25.1,28.7,37.9,25.1,32.2,23.4
Scarborough,2008-06-11,76.6,13.0048,4.17,9.2,74.7,1011.9,51.8,7.5,194.73125,16.81875,21369,63411,30.1,25.1,27.5,35.2,25.1,29.7,22.9
Scarborough,2008-06-12,79.3,2.3114,4.17,18.3,65.9,1013.1,90.5,7.2,215.36875,18.65,22164,63542,29.1,24.1,25.8,32.8,24.1,26.7,21.9
Scarborough,2008-06-13,74.5,0.0,0.0,18.3,106.5,1013.4,61.9,8.8,224.825,19.40625,20395,66380,31.1,26.1,28.0,36.7,26.1,30.8,23.0
Scarborough,2008-06-14,69.4,0.0,0.0,17.2,94.8,1013.3,43.5,8.2,238.5125,20.58125,20405,66396,31.1,26.1,28.3,34.9,26.1,30.9,22.1
Scarborough,2008-06-15,66.1,0.3048,4.17,19.5,89.3,1014.2,31.4,8.0,228.75,19.74375,20415,66411,31.1,26.1,28.6,34.7,26.1,30.9,21.6
Scarborough,2008-06-16,64.1,0.0,0.0,21.9,88.8,1015.6,38.2,7.6,237.00625,20.43125,20426,66426,31.1,26.1,28.8,34.7,26.1,31.0,21.3
Scarborough,2008-06-17,67.3,0.0,0.0,18.3,91.3,1014.0,88.9,7.0,236.38125,20.4,20437,66440,32.1,26.1,28.9,37.4,26.1,31.8,22.2
Scarborough,2008-06-18,67.3,0.3048,4.17,18.3,92.1,1013.4,63.0,7.7,221.9125,19.16875,20449,66454,32.1,26.1,28.9,36.6,26.1,31.7,22.1
Scarborough,2008-06-19,72.0,9.0932,8.33,17.2,79.3,1012.9,54.6,7.5,219.28125,18.9375,20461,66468,32.1,26.1,27.8,37.0,26.1,29.6,22.2
Scarborough,2008-06-20,85.7,38.88739999999999,8.33,20.8,97.1,1014.2,90.3,4.8,228.8,19.7625,20474,66481,27.2,22.8,25.1,30.0,22.8,25.8,22.5
Scarborough,2008-06-21,75.5,10.693399999999999,8.33,20.8,82.3,1014.0,71.4,7.3,228.33125,19.7125,20487,66494,31.1,23.1,26.8,34.7,23.1,28.2,21.8
Scarborough,2008-06-22,68.7,0.508,4.17,17.2,88.0,1013.0,62.5,7.5,251.525,21.68125,20500,66506,31.1,25.1,28.3,34.7,25.1,30.6,21.9
Scarborough,2008-06-23,76.5,0.9905999999999999,4.17,19.5,79.8,1013.8,85.8,8.0,226.75625,19.55625,20514,66518,30.8,25.2,27.4,35.9,25.2,29.2,22.8
Scarborough,2008-06-24,78.1,23.0886,8.33,19.5,81.8,1014.3,91.3,6.0,264.23125,22.8,20528,66530,30.1,25.1,27.4,35.2,25.1,29.4,23.2
Scarborough,2008-06-25,79.8,28.701999999999995,4.17,18.3,95.8,1014.1,97.1,4.7,244.16875,21.04375,20542,66541,29.1,24.2,26.6,32.8,24.2,28.1,22.7
Scarborough,2008-06-26,72.0,0.0,0.0,20.8,81.2,1013.5,90.0,7.3,246.20625,21.23125,20557,66551,29.2,26.1,27.9,33.2,26.1,30.7,22.4
Scarborough,2008-06-27,71.3,0.0,0.0,17.2,98.4,1014.2,53.3,7.0,243.14375,21.0,20572,66561,30.1,26.1,27.9,34.3,26.1,30.5,22.3
Scarborough,2008-06-28,79.5,2.9972,4.17,18.3,100.4,1015.6,88.1,7.0,229.3125,19.8375,20587,66570,29.1,24.1,26.6,32.8,24.1,27.9,22.7
Scarborough,2008-06-29,73.6,0.3048,4.17,17.2,86.2,1016.1,60.0,7.2,228.75,19.7625,20602,66579,30.1,25.1,27.2,34.3,25.1,28.8,22.0
Scarborough,2008-06-30,72.1,6.095999999999999,4.17,20.8,84.4,1014.7,83.3,6.8,223.03125,19.23125,20617,66587,30.1,24.1,27.3,34.3,24.1,29.1,21.8
Scarborough,2008-07-01,74.3,0.0,0.0,16.1,78.5,1014.7,60.3,8.4,208.05,17.99375,23046,64445,30.1,23.1,26.1,34.3,23.1,27.1,21.0
Scarborough,2008-07-02,68.5,0.0,0.0,20.8,81.0,1015.7,68.6,7.7,241.04375,20.875,23164,65294,28.2,23.1,25.8,30.0,23.1,26.3,19.4
Scarborough,2008-07-03,66.5,0.0,0.0,20.8,78.9,1014.1,82.6,6.8,262.46875,22.65,22465,65603,28.1,23.1,25.4,29.3,23.1,25.8,18.6
Scarborough,2008-07-04,71.2,5.0038,8.33,17.2,92.6,1013.1,75.7,7.8,274.24375,23.7,21353,65645,29.1,22.1,25.9,31.4,22.1,26.7,20.2
Scarborough,2008-07-05,70.6,0.0,0.0,23.0,85.5,1013.7,70.4,6.6,266.59375,23.05625,20523,65819,30.1,26.1,28.2,34.3,26.1,30.9,22.3
Scarborough,2008-07-06,75.0,2.794,4.17,17.2,100.1,1013.7,90.0,7.5,237.55,20.4625,20348,66284,31.1,25.1,27.9,36.7,25.1,30.7,23.0
Scarborough,2008-07-07,72.1,0.0,0.0,13.9,97.0,1014.1,36.9,8.7,252.38125,21.7875,20727,66624,30.1,24.8,27.6,34.3,24.8,29.4,21.9
Scarborough,2008-07-08,76.2,5.1054,4.17,15.0,39.0,1012.4,68.9,7.7,241.55625,20.84375,21112,66317,30.1,25.1,27.4,35.2,25.1,29.6,22.8
Scarborough,2008-07-09,83.1,30.987999999999996,4.17,16.1,140.9,1012.2,84.9,4.9,241.3625,20.81875,21163,65321,30.1,23.1,25.4,35.2,23.1,26.5,22.2
Scarborough,2008-07-10,71.8,0.0,0.0,16.1,123.6,1012.2,49.8,9.0,221.4,19.10625,21105,64161,31.1,27.1,29.2,37.0,29.7,33.4,23.5
Scarborough,2008-07-11,71.9,20.0914,4.17,6.9,129.7,1011.0,64.3,7.4,218.6125,18.93125,21388,63400,30.1,24.1,27.9,33.9,24.1,30.3,22.3
Scarborough,2008-07-12,83.0,1.8033999999999997,12.5,11.4,56.4,1014.0,88.3,7.5,198.51875,17.14375,22196,63562,28.1,23.1,25.0,30.8,23.1,25.2,21.9
Scarborough,2008-07-13,83.2,59.8932,8.33,10.3,28.9,1012.3,90.4,5.8,235.94375,20.3875,20820,66627,29.1,23.1,25.1,32.1,23.1,25.2,21.9
Scarborough,2008-07-14,84.2,3.5052000000000003,8.33,19.5,97.2,1011.9,92.6,6.4,231.46875,19.98125,20835,66625,26.1,23.7,24.9,26.1,23.7,24.9,22.1
Scarborough,2008-07-15,80.5,17.779999999999998,8.33,11.4,120.1,1014.0,73.2,6.9,218.26875,18.81875,20850,66622,29.1,24.1,26.7,33.7,24.1,28.6,23.1
Scarborough,2008-07-16,78.4,0.0,0.0,9.2,339.6,1013.6,83.7,7.9,241.7125,20.8375,20865,66618,29.1,25.1,26.5,32.8,25.1,27.8,22.4
Scarborough,2008-07-17,80.8,6.9088,12.5,19.5,148.0,1013.9,92.4,6.6,230.35625,19.925,20879,66613,27.1,24.2,25.8,29.7,24.2,26.2,22.2
Scarborough,2008-07-18,77.7,2.9972,4.17,17.2,104.8,1014.3,76.4,9.5,227.65,19.6125,20894,66607,29.1,24.1,26.6,32.8,24.1,28.0,22.3
Scarborough,2008-07-19,84.9,23.9014,4.17,18.3,86.1,1014.5,90.0,6.0,248.5375,21.475,20908,66601,26.1,24.1,25.0,26.1,24.1,25.0,22.2
Scarborough,2008-07-20,76.9,13.9954,4.17,19.5,84.8,1015.1,60.6,8.0,254.56875,21.925,20921,66593,30.2,25.1,27.8,36.7,25.1,30.5,23.3
Scarborough,2008-07-21,74.9,0.0,0.0,17.2,88.5,1015.1,38.3,8.8,249.68125,21.55,20935,66585,30.2,25.1,27.6,35.2,25.1,29.7,22.7
Scarborough,2008-07-22,71.9,0.0,0.0,13.9,78.5,1014.7,60.7,8.1,241.975,20.88125,20948,66576,31.7,25.1,27.9,36.5,25.1,30.2,22.3
Scarborough,2008-07-23,73.7,0.0,0.0,16.1,93.7,1014.1,35.6,8.4,238.65625,20.58125,20961,66566,31.1,25.1,27.7,35.6,25.1,29.8,22.4
Scarborough,2008-07-24,76.7,5.0038,8.33,17.2,86.4,1014.3,40.8,7.8,248.19375,21.35,20974,66556,30.7,25.1,27.3,36.1,25.1,28.9,22.8
Scarborough,2008-07-25,68.5,0.0,0.0,18.3,97.0,1014.9,31.8,7.8,234.58125,20.21875,20986,66544,30.1,26.1,28.2,33.4,26.1,30.3,21.8
Scarborough,2008-07-26,80.0,12.7,12.5,30.0,105.6,1014.0,67.3,7.0,251.74375,21.725,20998,66531,30.1,25.1,26.7,35.2,25.1,28.2,22.9
Scarborough,2008-07-27,74.4,0.0,0.0,18.3,87.1,1014.1,81.4,7.5,242.59375,20.95625,21010,66518,30.8,25.1,27.8,35.4,25.1,30.3,22.8
Scarborough,2008-07-28,77.9,0.0,0.0,12.8,106.3,1014.8,73.8,8.2,227.8625,19.6875,21021,66504,31.1,25.1,27.6,37.9,25.1,30.3,23.3
Scarborough,2008-07-29,75.4,0.0,0.0,12.8,41.9,1014.5,45.5,8.1,253.63125,21.88125,21032,66489,30.1,25.1,27.8,36.3,25.1,30.4,23.0
Scarborough,2008-07-30,77.1,0.0,0.0,11.4,107.5,1012.0,87.6,7.3,237.59375,20.53125,21042,66473,29.1,25.9,27.4,33.7,25.9,29.4,23.0
Scarborough,2008-07-31,73.7,0.0,0.0,10.3,117.2,1012.2,32.0,8.1,241.7375,20.8625,21052,66456,30.1,24.1,28.0,34.3,24.1,30.8,22.8
Scarborough,2008-08-01,83.4,7.619999999999999,8.33,18.3,96.6,1013.4,94.6,7.4,218.86875,18.9125,23064,64478,26.1,23.1,24.6,26.1,23.1,24.6,21.5
Scarborough,2008-08-02,70.9,6.095999999999999,4.17,19.5,82.0,1015.3,54.7,7.7,250.5,21.675,23152,65312,28.1,23.1,25.9,30.7,23.1,26.5,20.1
Scarborough,2008-08-03,70.0,0.0,0.0,20.8,66.3,1014.9,51.7,6.8,264.35625,22.8125,22432,65607,29.1,23.1,25.2,30.9,23.1,25.5,19.2
Scarborough,2008-08-04,68.8,0.0,0.0,18.3,95.4,1012.7,73.8,7.3,280.60625,24.2125,21318,65647,30.1,23.1,26.2,32.7,23.1,27.1,19.9
Scarborough,2008-08-05,67.5,0.0,0.0,20.8,86.1,1014.4,71.7,5.3,249.1125,21.5125,20506,65830,31.1,25.1,28.3,34.7,25.1,30.6,21.7
Scarborough,2008-08-06,69.7,0.0,0.0,16.1,85.9,1013.5,73.8,8.2,246.0625,21.25,20354,66300,31.2,25.9,28.3,34.9,25.9,30.3,22.1
Scarborough,2008-08-07,73.4,0.0,0.0,12.8,109.3,1013.5,56.9,7.9,226.83124999999998,19.53125,20743,66627,30.2,25.1,27.8,34.6,25.1,30.0,22.4
Scarborough,2008-08-08,76.1,0.0,0.0,13.9,102.7,1012.1,44.7,7.9,238.375,20.61875,21119,66294,31.1,25.1,27.7,37.9,25.1,30.4,23.1
Scarborough,2008-08-09,67.3,115.29059999999998,4.17,18.3,112.9,1013.9,33.8,7.6,250.05625,21.625,21161,65283,31.1,28.1,29.7,36.7,30.8,33.8,23.0
Scarborough,2008-08-10,70.9,0.0,0.0,19.5,314.4,1013.6,78.2,8.0,213.85625,18.46875,21106,64126,32.1,27.1,29.2,36.9,29.7,33.1,23.3
Scarborough,2008-08-11,79.8,0.0,0.0,5.8,121.5,1010.7,54.2,8.0,197.49375,17.0375,21407,63390,32.1,25.7,28.9,40.8,25.7,34.3,25.1
Scarborough,2008-08-12,71.0,0.508,4.17,11.4,33.4,1014.3,63.0,7.7,194.5,16.86875,22228,63583,29.1,23.1,25.8,30.9,23.1,26.3,19.9
Scarborough,2008-08-13,75.9,0.0,0.0,5.8,119.1,1012.0,52.9,8.4,257.74375,22.25,21148,66168,31.1,24.1,27.6,35.6,24.1,29.9,22.8
Scarborough,2008-08-14,73.4,0.0,0.0,16.8,117.8,1013.0,44.1,9.3,241.38125,20.84375,21152,66140,30.2,25.1,28.6,35.2,25.1,32.2,23.3
Scarborough,2008-08-15,72.9,0.0,0.0,16.1,90.1,1013.3,58.7,8.2,246.8875,21.35625,21157,66112,31.1,26.1,28.6,36.7,26.1,31.9,23.2
Scarborough,2008-08-16,73.1,0.9905999999999999,4.17,15.0,95.0,1012.1,85.1,7.5,247.58125,21.36875,21160,66083,31.1,25.1,27.9,36.7,25.1,30.4,22.6
Scarborough,2008-08-17,75.3,0.0,0.0,9.2,67.7,1011.3,47.8,8.2,234.1375,20.2375,21164,66054,30.2,25.1,27.8,35.5,25.1,30.4,22.9
Scarborough,2008-08-18,71.3,0.0,0.0,13.9,110.2,1012.4,29.0,9.4,222.6875,19.2875,21167,66024,31.1,25.1,28.6,36.8,25.1,31.5,22.8
Scarborough,2008-08-19,81.2,2.9972,4.17,17.2,19.7,1012.3,87.5,7.6,231.15,19.98125,21169,65994,28.1,25.1,26.5,31.4,25.1,27.9,23.0
Scarborough,2008-08-20,79.4,2.9972,8.33,12.8,72.5,1011.2,78.6,7.6,234.5,20.24375,21172,65962,29.1,24.1,26.6,32.8,24.1,27.8,22.6
Scarborough,2008-08-21,77.5,10.693399999999999,8.33,11.4,30.0,1010.7,84.4,7.8,224.575,19.375,21174,65931,30.1,25.1,27.4,36.1,25.1,29.9,23.1
Scarborough,2008-08-22,83.1,20.0152,8.33,6.9,28.1,1010.4,76.2,6.7,231.0375,19.93125,21175,65898,29.1,24.1,25.8,32.1,24.1,26.5,22.7
Scarborough,2008-08-23,81.5,15.316199999999998,12.5,13.9,125.7,1009.8,90.4,6.0,216.05625,18.6375,21177,65866,29.8,25.1,26.6,34.9,25.1,27.8,23.1
Scarborough,2008-08-24,73.2,6.095999999999999,4.17,16.1,152.3,1011.4,78.9,8.7,234.46875,20.225,21178,65832,30.2,25.1,28.5,35.5,25.1,31.9,23.2
Scarborough,2008-08-25,74.4,0.0,0.0,16.1,170.1,1013.0,64.9,7.2,242.34375,20.94375,21178,65798,30.1,24.1,27.6,34.4,24.1,30.2,22.6
Scarborough,2008-08-26,76.5,0.0,0.0,9.2,140.1,1012.1,53.2,9.3,231.4125,20.0,21179,65764,30.2,25.1,27.9,35.5,25.1,31.1,23.4
Scarborough,2008-08-27,71.2,0.0,0.0,11.4,122.9,1010.9,42.3,9.9,238.40625,20.6,21179,65729,30.2,26.7,29.0,35.2,26.7,32.7,23.2
Scarborough,2008-08-28,73.7,0.508,4.17,13.9,132.6,1009.9,58.7,7.3,233.29999999999998,20.1625,21178,65694,31.1,26.1,28.4,36.7,26.1,31.9,23.2
Scarborough,2008-08-29,73.4,2.5146,8.33,19.5,117.0,1010.4,85.8,7.4,231.825,20.03125,21178,65658,30.1,25.1,28.6,35.2,25.1,32.2,23.3
Scarborough,2008-08-30,68.0,0.0,0.0,16.1,120.2,1010.5,37.0,9.2,228.10625,19.65625,21177,65622,31.2,27.8,29.5,38.0,30.2,33.4,22.9
Scarborough,2008-08-31,69.8,0.0,0.0,11.4,117.7,1010.3,32.7,9.0,242.9125,21.01875,21176,65586,31.1,26.8,28.9,35.6,28.9,32.3,22.7
Scarborough,2008-09-01,76.2,0.508,4.17,12.8,132.0,1011.9,83.6,8.1,218.76875,18.88125,23082,64510,28.1,23.9,25.3,30.2,23.9,25.9,20.8
Scarborough,2008-09-02,74.3,0.9905999999999999,4.17,18.3,76.9,1014.2,69.6,7.6,255.11875,22.025,23138,65330,28.8,24.1,25.8,31.6,24.1,26.7,20.8
Scarborough,2008-09-03,69.4,1.8033999999999997,4.17,11.4,50.5,1014.5,53.3,7.5,259.50625,22.375,22398,65610,27.1,22.1,24.5,28.3,22.1,24.7,18.5
Scarborough,2008-09-04,69.3,0.0,0.0,17.2,102.3,1012.4,56.1,8.5,281.26875,24.2875,21284,65649,30.1,23.1,26.1,32.7,23.1,26.9,19.9
Scarborough,2008-09-05,64.1,0.0,0.0,20.8,88.2,1014.7,42.6,6.1,259.43125,22.4,20489,65841,31.1,25.1,27.9,33.1,25.1,29.1,20.3
Scarborough,2008-09-06,68.7,0.0,0.0,16.1,94.1,1013.9,60.5,7.9,244.4875,21.1,20361,66317,32.1,24.9,28.2,35.9,24.9,30.1,21.7
Scarborough,2008-09-07,73.5,0.3048,4.17,11.4,94.7,1013.7,44.2,7.8,230.63125,19.90625,20758,66628,31.1,25.1,27.7,35.6,25.1,29.9,22.4
Scarborough,2008-09-08,75.9,5.1054,4.17,18.3,94.4,1013.9,83.3,7.8,241.90625,20.84375,21126,66270,31.1,25.1,28.2,37.1,25.1,31.4,23.5
Scarborough,2008-09-09,72.5,0.508,4.17,15.0,94.0,1014.6,48.8,7.8,241.86874999999998,20.9,21158,65244,31.1,26.1,28.4,36.7,26.1,31.6,23.0
Scarborough,2008-09-10,76.6,0.0,0.0,6.9,223.4,1011.6,85.4,7.7,217.50625,18.7625,21107,64091,29.1,25.8,27.1,32.8,25.8,28.8,22.6
Scarborough,2008-09-11,77.8,0.0,0.0,10.3,116.8,1011.2,53.5,8.2,182.15,15.76875,21427,63381,31.1,24.2,28.2,39.3,24.2,32.1,23.9
Scarborough,2008-09-12,70.9,0.0,0.0,13.9,41.4,1014.2,55.3,7.7,196.65,16.99375,22260,63605,28.1,23.7,25.3,30.2,23.7,25.7,19.6
Scarborough,2008-09-13,74.5,0.0,0.0,16.1,120.6,1012.4,70.0,7.1,226.8,19.61875,21147,65086,31.1,26.1,28.2,37.9,26.1,31.6,23.2
Scarborough,2008-09-14,75.3,13.0048,4.17,13.9,109.9,1012.6,57.5,8.0,239.20000000000002,20.69375,21144,65046,30.9,25.1,27.9,35.6,25.1,30.8,23.1
Scarborough,2008-09-15,74.5,0.0,0.0,10.3,107.1,1012.9,37.0,7.9,243.9375,21.0625,21141,65007,31.1,25.1,28.1,36.8,25.1,31.2,23.1
Scarborough,2008-09-16,71.0,0.0,0.0,11.4,123.2,1013.3,75.6,8.4,244.025,21.10625,21138,64967,31.2,26.9,28.9,36.1,29.4,32.6,23.1
Scarborough,2008-09-17,80.1,7.112,4.17,11.4,129.8,1013.0,90.0,6.7,218.71875,18.90625,21135,64927,29.1,25.1,26.9,33.2,25.1,28.9,23.2
Scarborough,2008-09-18,78.7,8.407399999999999,4.17,12.8,74.8,1011.2,91.0,7.5,219.04375,18.93125,21132,64887,29.1,24.6,26.7,32.8,24.6,28.0,22.6
Scarborough,2008-09-19,80.3,44.907199999999996,8.33,13.9,135.6,1011.3,91.4,6.4,234.9875,20.3125,21129,64847,28.1,23.1,26.1,31.4,23.1,27.3,22.4
Scarborough,2008-09-20,78.9,0.7874,4.17,15.0,131.9,1013.1,89.9,6.9,226.21875,19.6,21127,64808,29.1,23.1,27.2,33.7,23.1,29.8,23.1
Scarborough,2008-09-21,76.1,10.1092,4.17,15.0,113.6,1014.3,76.2,7.4,227.01875,19.60625,21124,64768,31.1,26.1,28.7,36.7,26.1,32.7,23.9
Scarborough,2008-09-22,76.3,5.1054,4.17,17.2,107.0,1013.0,63.0,7.9,216.98125,18.73125,21121,64728,31.1,25.1,28.1,36.8,25.1,30.8,23.4
Scarborough,2008-09-23,70.9,0.0,0.0,8.1,106.5,1011.3,54.6,8.0,225.2,19.46875,21119,64689,31.1,24.9,28.6,36.7,24.9,31.8,22.7
Scarborough,2008-09-24,74.4,0.0,0.0,13.9,152.3,1011.1,81.7,8.0,235.09375,20.34375,21116,64649,31.1,25.1,28.1,36.7,25.1,31.1,23.1
Scarborough,2008-09-25,67.4,0.0,0.0,15.0,144.0,1012.4,77.5,9.3,231.3625,19.99375,21114,64610,30.1,27.1,28.5,33.7,28.1,31.3,21.7
Scarborough,2008-09-26,70.6,0.0,0.0,16.1,108.8,1012.6,74.8,11.4,235.25625,20.3125,21112,64571,31.1,27.1,28.7,35.6,29.3,32.0,22.7
Scarborough,2008-09-27,74.8,0.0,0.0,12.8,79.7,1012.2,77.3,9.0,235.56875,20.35,21110,64532,30.8,25.8,27.9,35.4,25.8,30.8,23.1
Scarborough,2008-09-28,71.9,0.0,0.0,9.2,108.2,1011.7,63.0,8.0,228.13125,19.6875,21108,64494,30.1,25.1,28.0,34.3,25.1,30.4,22.4
Scarborough,2008-09-29,72.7,0.0,0.0,15.0,115.8,1012.0,68.7,8.1,230.11875,19.85,21107,64456,31.1,25.1,28.1,36.7,25.1,30.7,22.6
Scarborough,2008-09-30,74.1,0.0,0.0,13.9,132.3,1012.8,85.5,8.7,222.49375,19.25625,21105,64417,31.1,26.1,28.6,36.7,26.1,32.1,23.4
Scarborough,2008-10-01,73.2,0.0,0.0,13.9,88.4,1011.7,90.0,8.9,223.175,19.31875,23099,64543,29.7,23.1,25.9,32.1,23.1,26.8,20.6
Scarborough,2008-10-02,81.8,19.6088,12.5,16.1,82.8,1014.3,72.2,5.9,248.34375,21.4875,23123,65348,27.1,22.1,24.2,28.9,22.1,24.3,20.8
Scarborough,2008-10-03,66.2,0.0,0.0,15.0,45.8,1014.8,35.0,9.1,244.84375,21.13125,22364,65613,28.2,21.8,24.8,29.4,21.8,25.1,18.0
Scarborough,2008-10-04,73.2,0.0,0.0,13.9,83.8,1011.5,63.5,8.2,269.54375,23.225,21249,65651,28.1,23.8,25.6,30.2,23.8,26.3,20.4
Scarborough,2008-10-05,64.1,0.0,0.0,16.1,86.7,1015.0,46.3,6.4,261.80625,22.625,20473,65853,30.8,26.1,28.6,33.5,26.1,30.5,21.0
Scarborough,2008-10-06,69.7,0.0,0.0,13.9,97.6,1014.4,76.1,7.3,238.525,20.61875,20369,66333,31.1,25.9,28.0,35.6,25.9,29.9,21.9
Scarborough,2008-10-07,82.4,26.390599999999996,8.33,13.9,72.9,1014.7,91.2,5.9,239.31875,20.6375,20774,66629,29.2,25.1,26.6,33.3,25.1,28.1,23.3
Scarborough,2008-10-08,74.8,0.0,0.0,16.1,89.5,1013.7,83.3,7.8,241.51875,20.81875,21132,66246,31.1,25.1,28.2,37.9,25.1,31.1,23.2
Scarborough,2008-10-09,76.1,0.0,0.0,10.3,32.4,1013.9,53.8,7.8,244.375,21.13125,21156,65204,30.1,24.9,27.3,35.2,24.9,29.6,22.7
Scarborough,2008-10-10,80.6,0.0,0.0,8.1,135.2,1009.8,91.0,7.4,219.0625,18.89375,21109,64057,28.1,24.1,26.0,30.8,24.1,26.7,22.3
Scarborough,2008-10-11,73.9,0.508,4.17,11.4,70.0,1011.1,44.0,9.1,173.2125,14.96875,21447,63373,30.7,25.7,27.7,34.3,25.7,29.7,22.5
Scarborough,2008-10-12,66.8,0.0,0.0,9.2,29.2,1012.4,28.6,9.3,210.70625,18.2125,22292,63628,29.2,22.1,25.6,30.2,22.1,26.0,18.8
Scarborough,2008-10-13,73.9,2.0065999999999997,4.17,11.4,102.7,1009.5,61.3,7.8,211.825,18.3375,21118,63958,30.2,26.1,28.6,36.0,26.1,32.2,23.4
Scarborough,2008-10-14,69.5,0.0,0.0,16.1,136.0,1009.0,87.2,8.0,229.525,19.83125,21122,63927,31.1,26.1,29.4,36.7,26.1,33.3,23.2
Scarborough,2008-10-15,74.7,0.0,0.0,15.0,157.2,1011.1,90.0,8.8,231.1125,19.96875,21126,63895,30.1,26.1,28.3,35.4,26.1,31.8,23.3
Scarborough,2008-10-16,74.1,0.0,0.0,20.8,140.1,1013.6,66.3,8.6,229.8875,19.8875,21131,63865,32.1,26.8,29.3,39.3,29.7,34.3,24.2
Scarborough,2008-10-17,75.4,0.9905999999999999,4.17,11.4,125.3,1014.2,46.0,7.2,209.06875,18.0375,21137,63835,31.1,25.1,28.3,36.7,25.1,31.3,23.4
Scarborough,2008-10-18,68.7,0.0,0.0,17.2,88.9,1013.1,78.1,7.9,200.90625,17.34375,21143,63806,32.1,25.8,29.2,36.9,25.8,32.3,22.7
Scarborough,2008-10-19,79.1,4.0893999999999995,4.17,17.2,92.8,1012.0,55.3,6.8,209.99375,18.1125,21149,63778,31.1,24.1,26.8,36.7,24.1,28.7,22.9
Scarborough,2008-10-20,74.9,0.0,0.0,12.8,111.3,1013.2,36.5,9.1,208.475,18.01875,21156,63750,31.1,26.1,28.5,36.7,26.1,32.1,23.6
Scarborough,2008-10-21,77.1,0.3048,4.17,11.4,114.3,1012.9,68.3,7.2,223.4625,19.31875,21163,63723,31.1,25.1,27.9,36.7,25.1,31.0,23.5
Scarborough,2008-10-22,80.1,7.112,4.17,11.4,30.9,1012.1,82.9,7.5,220.05,19.0125,21172,63697,29.1,25.1,27.0,33.7,25.1,29.2,23.3
Scarborough,2008-10-23,85.7,27.711399999999998,12.5,17.2,33.1,1012.4,93.6,5.8,222.9875,19.3,21180,63672,26.9,23.7,24.9,28.7,23.7,25.1,22.3
Scarborough,2008-10-24,83.1,10.8966,4.17,9.2,50.5,1012.5,64.5,7.3,212.625,18.39375,21190,63647,29.1,22.9,25.6,33.7,22.9,26.8,22.4
Scarborough,2008-10-25,75.8,0.0,0.0,9.2,104.0,1012.3,87.2,7.3,201.55,17.41875,21200,63623,31.1,24.2,27.2,35.6,24.2,29.0,22.4
Scarborough,2008-10-26,75.9,0.7874,4.17,12.8,80.6,1012.4,77.4,8.7,197.21875,17.075,21210,63601,31.1,24.1,27.5,35.6,24.1,29.8,22.8
Scarborough,2008-10-27,72.3,0.0,0.0,15.0,95.4,1013.3,50.2,7.8,197.425,17.08125,21221,63579,31.1,25.1,28.1,35.6,25.1,30.5,22.5
Scarborough,2008-10-28,78.3,6.9088,8.33,6.9,46.0,1012.8,49.0,7.8,208.56875,18.05,21233,63558,30.1,25.1,27.6,35.4,25.1,30.3,23.4
Scarborough,2008-10-29,78.0,0.0,0.0,17.2,58.8,1012.0,59.7,7.4,209.2625,18.118750000000002,21246,63538,31.1,25.1,27.8,37.5,25.1,30.5,23.6
Scarborough,2008-10-30,74.3,5.9944,12.5,20.8,88.0,1012.1,56.7,7.6,196.29375,16.98125,21259,63518,31.1,25.1,27.8,36.7,25.1,30.4,22.8
Scarborough,2008-10-31,69.8,0.0,0.0,15.0,97.1,1011.8,39.6,8.4,200.625,17.3,21273,63500,31.1,26.1,28.7,36.2,26.1,31.5,22.6
Scarborough,2008-11-01,75.6,0.508,4.17,13.9,86.5,1011.9,85.1,7.0,224.18125,19.4,23115,64575,29.1,24.1,26.2,32.8,24.1,27.2,21.5
Scarborough,2008-11-02,87.4,21.996399999999998,12.5,19.5,80.2,1014.0,83.0,6.0,253.34375,21.90625,23108,65365,26.1,22.1,23.8,26.1,22.1,23.8,21.5
Scarborough,2008-11-03,71.3,0.0,0.0,11.4,44.0,1014.7,46.0,8.6,263.2875,22.70625,22329,65616,27.1,21.2,23.8,28.3,21.2,23.9,18.3
Scarborough,2008-11-04,79.7,1.4986,8.33,13.9,37.9,1011.5,76.7,7.3,283.55625,24.4625,21216,65653,27.1,23.1,24.9,29.5,23.1,25.1,21.2
Scarborough,2008-11-05,70.2,0.0,0.0,16.1,85.6,1015.4,53.9,7.7,275.35625,23.74375,20458,65865,30.1,24.1,27.3,32.8,24.1,28.6,21.2
Scarborough,2008-11-06,75.4,2.9972,4.17,17.2,57.4,1013.4,89.6,7.7,235.59375,20.39375,20377,66349,30.1,24.1,26.6,34.3,24.1,27.9,21.8
Scarborough,2008-11-07,72.5,0.0,0.0,16.1,94.2,1015.7,84.5,7.5,235.30625,20.275,20789,66629,30.1,26.1,28.2,35.2,26.1,31.1,22.7
Scarborough,2008-11-08,72.6,2.9972,4.17,16.1,84.6,1012.4,81.8,8.0,239.65,20.71875,21138,66220,32.1,25.1,28.3,37.9,25.1,31.1,22.8
Scarborough,2008-11-09,75.0,0.0,0.0,8.1,124.0,1013.1,77.2,7.8,242.04375,20.91875,21153,65165,31.1,25.1,27.8,36.7,25.1,30.5,22.9
Scarborough,2008-11-10,81.5,0.0,0.0,15.0,150.2,1009.8,92.9,8.1,216.0625,18.6,21112,64024,28.1,24.1,26.1,31.4,24.1,27.4,22.6
Scarborough,2008-11-11,73.9,7.899399999999999,4.17,15.0,110.6,1010.3,39.4,8.0,183.8125,15.90625,21468,63366,31.1,25.1,27.5,36.7,25.1,29.2,22.3
Scarborough,2008-11-12,70.2,0.0,0.0,11.4,99.3,1011.1,48.7,9.4,215.49375,18.60625,22325,63651,30.2,23.1,26.3,32.7,23.1,27.3,20.3
Scarborough,2008-11-13,72.1,2.9972,4.17,18.3,92.7,1009.9,85.1,7.8,203.5875,17.63125,21512,63355,30.1,24.8,27.7,34.3,24.8,29.8,22.2
Scarborough,2008-11-14,76.8,10.8966,4.17,24.2,83.4,1009.1,70.5,7.0,196.66875,16.98125,21535,63352,31.1,24.1,27.2,36.7,24.1,29.4,22.7
Scarborough,2008-11-15,83.9,56.2102,16.67,20.8,91.1,1009.4,89.1,6.6,190.84375,16.4875,21559,63349,28.1,24.2,25.8,31.4,24.2,26.6,22.8
Scarborough,2008-11-16,84.9,24.104599999999998,8.33,12.8,56.1,1010.4,88.6,6.3,202.75625,17.5625,21583,63347,28.1,23.1,25.3,32.1,23.1,26.2,22.6
Scarborough,2008-11-17,79.9,5.1054,4.17,11.4,74.0,1010.2,80.2,8.0,198.81875,17.175,21608,63347,30.1,23.2,26.9,34.7,23.2,28.8,23.1
Scarborough,2008-11-18,82.3,25.882599999999996,8.33,15.0,108.7,1009.7,87.6,7.2,205.9625,17.83125,21633,63348,30.1,24.7,26.6,35.2,24.7,28.3,23.3
Scarborough,2008-11-19,81.0,0.0,0.0,17.2,114.7,1009.3,74.5,7.9,207.35,17.9375,21659,63350,29.6,23.8,26.4,34.7,23.8,28.2,22.8
Scarborough,2008-11-20,82.3,5.6133999999999995,8.33,19.5,105.3,1009.9,89.5,7.2,199.2875,17.275,21685,63353,28.1,24.1,26.4,32.1,24.1,27.6,23.1
Scarborough,2008-11-21,85.1,35.0012,8.33,11.4,94.1,1012.2,90.7,6.9,204.45,17.68125,21712,63357,27.1,23.1,25.6,29.8,23.1,26.3,22.9
Scarborough,2008-11-22,75.4,0.0,0.0,11.4,91.2,1012.0,62.7,8.8,198.6125,17.19375,21740,63362,31.1,25.1,27.9,36.7,25.1,30.7,23.1
Scarborough,2008-11-23,74.1,0.0,0.0,9.2,101.8,1011.4,72.5,7.9,186.5375,16.15625,21768,63368,30.1,24.9,27.4,34.3,24.9,29.4,22.4
Scarborough,2008-11-24,78.3,0.508,4.17,17.2,50.9,1010.7,63.8,8.2,186.03125,16.1125,21796,63375,29.1,24.1,26.6,33.7,24.1,28.6,22.5
Scarborough,2008-11-25,72.5,0.0,0.0,17.2,42.0,1010.6,33.2,10.6,189.09375,16.349999999999998,21825,63383,30.1,25.1,27.9,34.3,25.1,30.4,22.4
Scarborough,2008-11-26,75.2,18.1102,8.33,10.3,46.9,1011.8,81.3,7.8,183.93125,15.88125,21854,63393,29.1,25.1,26.6,32.1,25.1,27.8,21.8
Scarborough,2008-11-27,75.3,0.0,0.0,8.1,46.6,1012.6,64.4,7.7,183.30625,15.875,21884,63403,28.2,24.1,26.7,31.4,24.1,28.2,21.9
Scarborough,2008-11-28,73.6,1.2953999999999999,4.17,15.0,39.8,1011.5,77.6,8.7,199.125,17.25,21914,63415,29.1,24.1,26.4,31.4,24.1,27.4,21.2
Scarborough,2008-11-29,81.5,29.006799999999995,4.17,10.3,52.8,1011.7,78.2,6.6,211.54375,18.325,21944,63427,27.1,23.8,25.4,29.3,23.8,25.6,22.0
Scarborough,2008-11-30,74.6,2.9972,4.17,17.2,110.4,1012.7,57.0,7.9,189.5,16.425,21975,63441,31.1,24.1,27.9,36.7,24.1,30.7,22.9
Scarborough,2008-12-01,76.4,0.3048,4.17,15.0,91.1,1011.9,64.4,8.5,228.8875,19.8,23131,64607,29.1,24.1,26.2,32.8,24.1,27.4,21.7
Scarborough,2008-12-02,76.7,10.795,4.17,23.0,76.1,1014.2,54.1,7.5,251.17499999999998,21.75625,23091,65381,29.1,23.1,25.6,31.4,23.1,26.4,21.1
Scarborough,2008-12-03,67.9,3.302,4.17,20.8,91.6,1015.4,90.0,8.3,249.98125000000002,21.58125,22294,65618,29.1,23.1,26.4,30.9,23.1,27.3,19.8
Scarborough,2008-12-04,78.6,0.508,4.17,19.5,69.9,1012.3,90.5,7.1,273.875,23.65,21182,65656,28.1,23.8,25.4,30.8,23.8,26.0,21.3
Scarborough,2008-12-05,66.9,0.0,0.0,18.3,86.8,1015.2,58.2,8.6,260.475,22.4625,20443,65878,32.1,24.1,27.4,35.2,24.1,28.6,20.6
Scarborough,2008-12-06,79.5,1.5748,8.33,15.0,101.7,1013.0,90.5,6.7,261.2625,22.55,20386,66365,30.1,24.1,26.9,36.1,24.1,28.7,23.1
Scarborough,2008-12-07,68.3,0.0,0.0,13.9,85.9,1015.0,67.9,8.8,222.14374999999998,19.15625,20805,66629,30.8,26.9,28.9,35.0,29.3,32.2,22.4
Scarborough,2008-12-08,77.8,41.91,4.17,13.9,53.6,1011.6,77.8,7.4,246.28125,21.28125,21143,66194,30.1,24.7,26.8,34.3,24.7,28.3,22.5
Scarborough,2008-12-09,68.5,0.0,0.0,8.1,118.6,1012.9,52.3,7.6,232.86875,20.0875,21150,65126,31.1,25.1,28.8,35.3,25.1,31.8,22.3
Scarborough,2008-12-10,78.5,0.3048,4.17,23.0,110.1,1011.3,82.0,7.6,222.69375,19.2125,21115,63991,30.1,24.1,27.2,35.2,24.1,29.5,23.1
Scarborough,2008-12-11,72.4,9.194799999999999,8.33,17.2,102.3,1009.9,57.7,7.4,196.775,16.94375,21490,63360,31.1,23.7,27.4,35.6,23.7,29.3,21.9
Scarborough,2008-12-12,72.1,0.0,0.0,15.0,84.8,1011.4,49.4,8.6,201.59375,17.4,22357,63675,31.1,23.6,26.7,34.7,23.6,28.0,21.1
Scarborough,2008-12-13,71.1,0.0,0.0,11.4,101.9,1011.9,61.8,8.1,192.99375,16.6875,22389,63700,31.1,23.8,26.7,34.7,23.8,28.1,20.9
Scarborough,2008-12-14,79.2,7.899399999999999,4.17,11.4,33.3,1012.9,79.8,7.9,209.76875,18.11875,22421,63726,28.1,23.9,25.9,31.5,23.9,26.9,22.0
Scarborough,2008-12-15,77.8,5.1054,4.17,13.9,41.0,1012.3,85.7,7.8,211.375,18.24375,22452,63752,28.3,24.1,26.2,31.6,24.1,27.2,21.9
Scarborough,2008-12-16,79.8,2.0065999999999997,4.17,11.4,46.2,1010.7,81.5,7.1,211.0375,18.24375,22484,63779,29.1,24.1,26.2,35.8,24.1,27.6,22.4
Scarborough,2008-12-17,70.8,7.112,4.17,11.4,35.1,1010.7,89.7,7.9,213.175,18.4375,22515,63807,28.1,24.1,26.2,30.2,24.1,26.9,20.4
Scarborough,2008-12-18,81.6,0.3048,4.17,9.5,22.6,1011.4,78.8,7.5,215.675,18.6625,22546,63835,27.2,24.1,25.1,30.2,24.1,25.5,21.7
Scarborough,2008-12-19,84.9,3.5306,16.67,12.8,61.0,1011.7,91.9,7.1,201.71875,17.4375,22577,63863,26.1,23.8,24.4,26.1,23.8,24.4,21.7
Scarborough,2008-12-20,80.4,0.0,0.0,11.4,43.4,1010.5,83.2,7.1,207.96875,17.9875,22607,63893,27.1,23.1,25.3,29.3,23.1,25.7,21.6
Scarborough,2008-12-21,75.3,44.907199999999996,8.33,13.9,41.5,1011.1,81.2,7.2,202.8,17.5,22637,63922,29.1,22.9,25.7,32.1,22.9,26.4,20.8
Scarborough,2008-12-22,70.5,0.0,0.0,13.9,39.3,1013.0,53.6,8.3,210.91875,18.25625,22667,63953,29.1,24.1,26.2,31.4,24.1,27.1,20.3
Scarborough,2008-12-23,67.3,0.0,0.0,13.9,67.9,1014.0,50.0,8.2,210.8625,18.2125,22696,63983,30.1,24.1,26.1,32.7,24.1,26.8,19.4
Scarborough,2008-12-24,74.0,0.3048,4.17,13.9,70.1,1013.3,48.2,7.5,206.225,17.81875,22725,64014,30.1,24.1,25.8,33.4,24.1,26.6,20.8
Scarborough,2008-12-25,72.4,2.9972,4.17,13.9,43.3,1013.0,44.9,8.1,211.05625,18.2625,22753,64046,29.1,24.1,26.1,31.8,24.1,26.8,20.7
Scarborough,2008-12-26,76.9,8.889999999999999,4.17,19.5,73.9,1012.3,59.3,7.3,214.75,18.55625,22781,64077,28.1,24.1,25.4,30.8,24.1,25.9,21.0
Scarborough,2008-12-27,73.3,0.7874,4.17,12.8,41.3,1011.9,40.3,7.8,216.86875,18.74375,22808,64109,31.1,22.8,25.6,33.8,22.8,26.2,20.3
Scarborough,2008-12-28,77.1,0.0,0.0,12.8,40.2,1012.1,76.0,7.6,213.84375,18.46875,22834,64141,28.1,23.1,25.4,30.8,23.1,26.1,21.1
Scarborough,2008-12-29,80.8,14.604999999999999,12.5,15.0,46.1,1012.6,82.9,6.9,199.44375,17.1875,22860,64174,28.1,22.8,24.1,31.4,22.8,24.2,20.5
Scarborough,2008-12-30,68.8,0.3048,4.17,13.9,40.6,1012.2,68.9,8.3,204.75,17.64375,22885,64206,28.2,23.1,25.6,29.7,23.1,25.9,19.2
Scarborough,2008-12-31,76.0,0.9905999999999999,4.17,11.4,38.0,1012.6,89.4,7.9,216.6875,18.70625,22910,64239,28.1,23.1,25.2,30.2,23.1,25.7,20.6
Scarborough,2009-01-01,88.3,6.095999999999999,4.17,8.1,75.0,1012.0,90.0,7.7,212.1,18.311764705882354,22933,64271,24.3,23.1,23.7,24.3,23.1,23.7,21.7
Scarborough,2009-01-02,77.1,4.0893999999999995,4.17,13.9,73.3,1013.8,88.6,7.6,245.04117647058823,21.147058823529413,23213,65184,29.2,23.1,25.8,32.1,23.1,26.7,21.4
Scarborough,2009-01-03,69.8,0.0,0.0,16.1,94.3,1013.3,88.7,8.0,254.06470588235297,21.970588235294116,22663,65571,29.1,23.1,26.6,31.4,23.1,27.7,20.6
Scarborough,2009-01-04,62.8,0.0,0.0,16.1,75.5,1014.2,48.5,8.8,262.15882352941173,22.641176470588235,21574,65637,30.1,24.1,26.9,30.9,24.1,27.9,19.2
Scarborough,2009-01-05,72.7,0.0,0.0,20.8,115.5,1014.6,80.0,7.3,260.9,22.5125,20650,65757,29.2,26.1,27.8,32.8,26.1,30.2,22.4
Scarborough,2009-01-06,80.5,23.9014,4.17,16.1,103.6,1014.1,83.8,7.1,246.40625,21.30625,20323,66179,28.1,23.1,26.3,31.4,23.1,27.4,22.7
Scarborough,2009-01-07,74.6,0.0,0.0,18.3,106.1,1013.6,83.5,8.0,190.21875,16.41875,20628,66592,30.1,25.7,27.9,35.2,25.7,30.8,22.9
Scarborough,2009-01-08,72.1,0.0,0.0,18.3,82.2,1013.8,44.6,8.2,222.625,19.25625,21059,66443,30.6,25.1,27.7,34.6,25.1,29.7,22.2
Scarborough,2009-01-09,73.4,0.3048,4.17,11.4,149.2,1012.2,40.6,8.3,234.45,20.225,21175,65557,31.1,25.8,28.2,36.2,25.8,30.9,22.9
Scarborough,2009-01-10,74.6,0.0,0.0,18.3,98.1,1012.3,40.0,9.0,218.44375,18.85,21104,64388,31.1,25.8,28.3,36.7,25.8,31.1,23.3
Scarborough,2009-01-11,77.5,0.0,0.0,11.4,102.4,1009.5,87.9,8.6,209.3875,18.10625,21283,63486,29.7,24.1,27.3,34.2,24.1,29.7,22.9
Scarborough,2009-01-12,72.5,1.2953999999999999,4.17,13.9,90.6,1011.4,37.0,8.2,187.78125,16.29375,21997,63451,30.1,25.1,27.8,34.3,25.1,29.8,22.3
Scarborough,2009-01-13,65.8,4.5973999999999995,4.17,19.5,85.1,1014.9,44.7,8.0,218.58823529411765,18.88235294117647,23154,64662,30.1,23.1,27.1,32.7,23.1,28.2,20.1
Scarborough,2009-01-14,71.7,2.0065999999999997,4.17,15.0,63.5,1015.0,41.7,8.2,228.3764705882353,19.711764705882352,23166,64694,30.1,23.1,25.9,32.7,23.1,26.8,20.3
Scarborough,2009-01-15,71.4,0.0,0.0,13.9,63.4,1014.5,35.6,7.9,227.05882352941177,19.58235294117647,23178,64725,30.1,24.1,25.5,32.7,24.1,26.1,19.9
Scarborough,2009-01-16,74.0,0.0,0.0,10.3,109.7,1014.0,32.4,8.9,227.25882352941176,19.599999999999998,23188,64756,29.1,23.1,26.6,32.1,23.1,27.8,21.5
Scarborough,2009-01-17,80.3,4.013199999999999,8.33,13.9,90.9,1014.6,67.4,6.7,229.41764705882352,19.83529411764706,23198,64786,28.1,24.1,25.7,31.4,24.1,26.4,22.1
Scarborough,2009-01-18,75.3,0.9905999999999999,4.17,19.5,90.0,1014.5,56.7,8.0,231.1235294117647,19.970588235294116,23206,64816,30.1,22.7,26.1,33.4,22.7,27.3,21.2
Scarborough,2009-01-19,74.0,0.0,0.0,13.9,97.1,1014.1,60.5,8.0,227.11764705882354,19.570588235294117,23214,64846,29.3,24.1,26.3,32.7,24.1,27.3,21.2
Scarborough,2009-01-20,77.5,0.0,0.0,11.4,106.9,1014.4,49.5,8.5,238.95294117647057,20.629411764705882,23220,64875,29.2,24.1,26.7,32.8,24.1,28.0,22.3
Scarborough,2009-01-21,73.4,6.095999999999999,4.17,16.1,99.8,1015.1,56.9,8.1,230.05882352941177,19.83529411764706,23225,64903,29.2,25.1,27.1,32.8,25.1,28.9,21.9
Scarborough,2009-01-22,75.9,9.0932,8.33,18.3,85.9,1014.7,83.5,7.1,225.05882352941177,19.45294117647059,23229,64932,29.1,23.1,26.1,32.1,23.1,27.2,21.4
Scarborough,2009-01-23,69.2,0.0,0.0,18.3,94.0,1014.2,72.5,8.2,232.6235294117647,20.041176470588233,23233,64959,29.1,24.1,26.9,31.5,24.1,28.3,20.7
Scarborough,2009-01-24,65.0,0.0,0.0,16.1,90.0,1012.2,71.0,9.0,229.46470588235294,19.852941176470587,23235,64987,29.2,23.7,26.4,30.8,23.7,27.2,19.3
Scarborough,2009-01-25,72.6,2.5146,8.33,13.9,97.6,1012.9,52.0,7.5,238.38235294117646,20.599999999999998,23236,65013,28.6,23.1,26.3,31.3,23.1,27.7,20.9
Scarborough,2009-01-26,71.0,2.0065999999999997,4.17,21.9,84.4,1013.7,36.7,8.0,235.24117647058824,20.305882352941175,23236,65039,30.1,23.1,26.6,33.4,23.1,27.8,20.8
Scarborough,2009-01-27,75.4,0.9905999999999999,4.17,15.0,83.7,1014.3,54.1,7.7,232.04117647058825,20.041176470588233,23235,65065,29.1,23.7,25.4,31.4,23.7,26.0,20.7
Scarborough,2009-01-28,79.9,9.398,8.33,20.8,76.3,1013.8,68.3,7.2,228.71764705882356,19.711764705882356,23233,65090,28.7,22.3,24.7,30.9,22.3,25.3,20.9
Scarborough,2009-01-29,80.5,7.112,12.5,23.0,81.4,1013.4,68.1,6.9,232.74117647058824,20.105882352941176,23229,65114,28.1,23.1,25.0,30.2,23.1,25.3,21.4
Scarborough,2009-01-30,84.9,123.2916,12.5,16.1,99.5,1013.7,89.4,4.6,237.48823529411766,20.5,23225,65138,26.2,23.1,24.6,26.2,23.1,24.6,21.8
Scarborough,2009-01-31,77.3,2.0065999999999997,4.17,16.1,101.2,1013.7,61.3,7.6,242.2941176470588,20.929411764705883,23220,65162,29.1,23.3,25.9,32.2,23.3,26.8,21.5
Scarborough,2009-02-01,79.7,21.310599999999997,8.33,17.2,84.9,1012.3,77.2,7.7,221.40588235294118,19.15294117647059,22956,64304,29.3,23.6,26.6,33.6,23.6,28.3,22.7
Scarborough,2009-02-02,84.8,33.807399999999994,12.5,17.2,85.6,1012.8,81.3,5.8,250.4294117647059,21.641176470588235,23206,65206,25.3,22.8,24.1,25.3,22.8,24.1,21.4
Scarborough,2009-02-03,79.3,2.0065999999999997,4.17,15.0,95.4,1013.1,86.4,7.1,265.8588235294117,22.96470588235294,22632,65577,27.1,24.1,25.8,29.3,24.1,26.3,21.9
Scarborough,2009-02-04,59.2,0.0,0.0,16.1,94.7,1012.0,45.0,8.3,269.68823529411765,23.329411764705885,21538,65638,30.1,23.8,26.5,30.5,23.8,26.9,17.8
Scarborough,2009-02-05,73.6,0.0,0.0,13.9,129.3,1013.8,63.3,7.4,245.88750000000002,21.2,20627,65766,29.2,26.1,27.6,32.8,26.1,29.9,22.4
Scarborough,2009-02-06,73.4,0.9905999999999999,4.17,17.2,111.6,1014.0,73.6,7.1,238.425,20.55625,20325,66196,30.1,26.1,27.8,34.7,26.1,30.4,22.6
Scarborough,2009-02-07,70.2,0.508,4.17,20.8,83.7,1014.3,56.3,8.7,241.60625000000002,20.83125,20644,66599,31.1,26.1,28.1,34.7,26.1,30.3,22.1
Scarborough,2009-02-08,73.8,0.0,0.0,13.9,105.6,1013.8,68.7,8.0,220.425,19.03125,21069,66424,30.1,26.1,27.8,34.3,26.1,30.2,22.7
Scarborough,2009-02-09,70.8,0.0,0.0,19.5,142.6,1012.7,66.0,8.8,232.075,20.05625,21173,65520,30.2,28.1,29.1,35.2,31.4,32.9,23.2
Scarborough,2009-02-10,74.6,0.0,0.0,15.0,120.7,1012.5,57.5,8.8,216.15,18.6625,21103,64351,30.2,26.8,28.5,35.2,29.6,32.3,23.5
Scarborough,2009-02-11,82.5,4.0893999999999995,4.17,33.6,103.4,1011.0,79.5,5.7,211.44375,18.275,21298,63470,27.1,23.1,25.7,29.7,23.1,26.4,22.4
Scarborough,2009-02-12,74.1,0.0,0.0,16.1,86.0,1011.6,44.8,8.2,208.1375,18.0125,22029,63466,30.1,25.1,27.4,34.3,25.1,29.1,22.3
Scarborough,2009-02-13,75.8,5.0038,8.33,15.0,56.6,1012.9,83.0,7.7,248.04117647058823,21.470588235294116,23059,65407,27.1,22.1,24.1,28.3,22.1,24.1,19.4
Scarborough,2009-02-14,67.9,0.508,4.17,15.0,86.1,1012.6,81.5,7.7,247.5705882352941,21.423529411764704,23040,65422,29.1,22.1,25.2,30.3,22.1,25.7,18.7
Scarborough,2009-02-15,82.4,15.011399999999998,4.17,16.1,61.4,1012.3,90.0,6.7,251.37058823529412,21.74705882352941,23021,65435,27.1,23.1,24.7,29.3,23.1,24.8,21.4
Scarborough,2009-02-16,76.4,19.1008,4.17,20.8,95.3,1012.1,65.3,7.2,256.6941176470588,22.18235294117647,23000,65449,29.1,23.1,26.4,32.8,23.1,27.8,21.8
Scarborough,2009-02-17,75.8,0.508,4.17,18.3,95.2,1012.4,86.7,7.6,258.5764705882353,22.376470588235293,22978,65461,28.1,23.8,25.9,31.4,23.8,27.1,21.3
Scarborough,2009-02-18,69.2,0.0,0.0,17.2,91.9,1013.9,60.0,8.2,259.8529411764706,22.50588235294118,22956,65474,29.1,23.1,26.4,32.1,23.1,27.5,20.3
Scarborough,2009-02-19,63.7,0.0,0.0,17.2,93.2,1013.3,54.4,8.3,251.8294117647059,21.8,22933,65485,29.1,23.1,26.4,30.3,23.1,26.9,18.7
Scarborough,2009-02-20,71.0,5.308599999999999,8.33,23.0,86.7,1012.6,62.5,7.2,265.9647058823529,23.0,22909,65496,29.1,23.1,26.0,30.9,23.1,26.6,20.2
Scarborough,2009-02-21,68.5,3.0987999999999998,4.17,18.3,80.5,1013.9,47.6,7.9,263.3294117647059,22.776470588235295,22884,65507,28.2,23.1,25.7,30.3,23.1,26.1,19.4
Scarborough,2009-02-22,73.8,6.095999999999999,8.33,18.3,78.9,1015.1,42.4,7.4,250.31176470588235,21.63529411764706,22859,65516,28.6,22.1,24.8,30.2,22.1,25.1,19.7
Scarborough,2009-02-23,72.7,2.0065999999999997,4.17,19.5,78.5,1014.7,45.7,7.7,251.45294117647057,21.77058823529412,22833,65526,28.1,22.1,24.3,29.3,22.1,24.5,19.0
Scarborough,2009-02-24,65.9,2.9972,4.17,15.0,92.8,1012.8,59.3,7.6,243.1058823529412,21.058823529411764,22806,65535,27.7,23.1,25.4,28.8,23.1,25.8,18.5
Scarborough,2009-02-25,68.9,0.3048,4.17,16.1,94.6,1012.6,76.9,7.6,241.40588235294115,20.88235294117647,22779,65543,29.1,22.7,26.6,30.9,22.7,27.6,20.2
Scarborough,2009-02-26,65.7,4.2926,4.17,17.2,100.6,1013.1,83.1,8.0,260.3882352941177,22.5,22751,65551,29.1,23.1,26.2,30.9,23.1,26.9,19.2
Scarborough,2009-02-27,72.0,0.0,0.0,17.2,100.1,1012.5,63.8,8.8,256.8176470588235,22.211764705882356,22722,65558,28.6,22.1,25.3,30.6,22.1,25.9,19.8
Scarborough,2009-02-28,67.0,2.9972,4.17,13.9,92.6,1013.0,75.0,8.4,269.09411764705885,23.311764705882354,22693,65565,28.2,23.1,26.2,29.8,23.1,27.0,19.5
Scarborough,2009-03-01,78.9,16.002,8.33,17.2,74.3,1012.5,72.2,7.2,229.49411764705883,19.876470588235293,22978,64337,29.1,23.8,26.3,32.8,23.8,27.3,22.3
Scarborough,2009-03-02,70.2,2.0065999999999997,4.17,18.3,97.4,1013.8,55.8,8.1,247.48235294117646,21.400000000000002,23198,65228,29.2,24.1,26.4,31.4,24.1,27.3,20.5
Scarborough,2009-03-03,78.4,4.495799999999999,8.33,17.2,91.3,1014.1,81.2,6.8,269.5,23.3,22601,65583,28.7,23.1,25.7,31.7,23.1,26.7,21.6
Scarborough,2009-03-04,64.3,0.0,0.0,17.2,94.6,1013.1,79.5,8.3,275.27058823529416,23.723529411764705,21502,65639,29.1,23.1,26.1,30.9,23.1,26.6,18.7
Scarborough,2009-03-05,69.1,0.0,0.0,16.1,123.0,1013.9,47.1,7.5,243.09375,20.9875,20606,65775,29.2,27.1,28.2,32.2,29.2,30.8,21.9
Scarborough,2009-03-06,71.9,2.0065999999999997,4.17,17.2,116.2,1014.2,61.7,7.2,246.50625,21.24375,20327,66212,29.2,25.3,27.6,32.8,25.3,29.7,22.0
Scarborough,2009-03-07,82.9,6.095999999999999,4.17,23.0,92.0,1013.8,84.7,6.5,251.89374999999998,21.73125,20659,66605,27.1,24.1,25.9,30.2,24.1,26.5,22.8
Scarborough,2009-03-08,72.7,0.0,0.0,19.5,101.7,1013.7,54.4,8.3,226.8875,19.5875,21078,66405,30.1,26.1,28.3,34.3,26.1,31.3,22.9
Scarborough,2009-03-09,71.3,0.0,0.0,26.8,122.0,1012.7,65.2,9.0,222.79375,19.2625,21172,65483,30.1,25.1,28.6,34.7,25.1,31.9,22.8
Scarborough,2009-03-10,73.1,0.0,0.0,12.8,108.1,1013.5,80.5,7.7,213.0875,18.4,21103,64313,31.1,26.1,28.7,36.7,26.1,32.3,23.3
Scarborough,2009-03-11,78.5,0.0,0.0,24.6,45.2,1011.1,84.4,7.4,208.41875000000002,18.00625,21313,63454,29.1,25.1,27.4,33.7,25.1,30.0,23.3
Scarborough,2009-03-12,75.7,0.9905999999999999,4.17,16.1,81.3,1012.4,42.2,8.2,199.15,17.21875,22060,63482,29.8,24.8,26.8,33.3,24.8,28.0,22.1
Scarborough,2009-03-13,67.6,0.0,0.0,15.0,45.2,1013.7,71.8,7.6,269.9529411764706,23.358823529411765,22267,65619,27.1,23.1,25.3,28.6,23.1,25.4,18.8
Scarborough,2009-03-14,74.3,5.1054,4.17,11.4,69.9,1014.8,58.2,7.0,263.3941176470588,22.711764705882356,22231,65621,26.1,22.3,24.3,26.1,22.3,24.3,19.4
Scarborough,2009-03-15,73.1,0.3048,4.17,13.9,67.0,1016.1,72.4,7.4,258.8705882352941,22.36470588235294,22196,65623,27.1,23.1,25.1,28.6,23.1,25.3,19.9
Scarborough,2009-03-16,71.1,0.9905999999999999,4.17,9.2,81.4,1015.9,55.7,7.9,266.44117647058823,23.023529411764706,22160,65625,27.1,23.1,25.5,29.3,23.1,25.8,19.8
Scarborough,2009-03-17,62.6,0.0,0.0,12.8,95.1,1013.2,58.3,7.9,283.1058823529412,24.447058823529414,22124,65626,28.2,24.1,26.8,29.6,24.1,27.7,19.1
Scarborough,2009-03-18,70.8,0.0,0.0,17.2,90.5,1013.1,50.0,8.3,277.2176470588235,23.941176470588236,22088,65627,29.1,22.1,26.2,31.4,22.1,27.4,20.3
Scarborough,2009-03-19,69.1,0.0,0.0,23.0,85.2,1012.4,44.2,7.8,278.5764705882353,24.099999999999998,22051,65629,30.1,24.1,26.3,32.7,24.1,27.1,20.1
Scarborough,2009-03-20,69.2,0.0,0.0,17.2,89.7,1012.1,41.7,8.1,271.44117647058823,23.46470588235294,22015,65630,29.3,23.1,26.9,32.2,23.1,28.2,20.7
Scarborough,2009-03-21,70.9,0.0,0.0,18.3,89.0,1012.2,42.7,8.0,275.5764705882353,23.811764705882354,21978,65630,29.2,24.1,26.4,31.4,24.1,27.3,20.6
Scarborough,2009-03-22,68.0,0.0,0.0,18.3,92.0,1011.6,67.9,8.4,270.5176470588235,23.394117647058824,21941,65631,29.2,24.1,27.3,31.4,24.1,28.8,20.8
Scarborough,2009-03-23,66.8,0.0,0.0,12.8,87.5,1012.4,78.5,8.4,268.06470588235294,23.211764705882356,21905,65632,29.3,23.1,27.0,31.4,23.1,28.3,20.2
Scarborough,2009-03-24,69.9,0.0,0.0,10.3,72.9,1012.4,65.3,8.3,286.8,24.77058823529412,21868,65633,28.1,23.1,26.2,30.2,23.1,27.3,20.2
Scarborough,2009-03-25,74.7,0.0,0.0,6.9,27.5,1012.4,72.0,8.3,274.6058823529412,23.71764705882353,21831,65633,28.1,21.7,24.8,30.2,21.7,25.2,20.0
Scarborough,2009-03-26,77.2,6.8072,8.33,13.9,32.5,1011.7,85.3,7.0,277.01176470588234,23.988235294117647,21794,65634,29.1,24.1,25.9,32.1,24.1,26.6,21.5
Scarborough,2009-03-27,77.2,8.2042,4.17,17.2,88.4,1012.5,84.7,7.9,280.15882352941173,24.205882352941178,21757,65634,29.1,23.1,26.5,32.1,23.1,27.6,22.1
Scarborough,2009-03-28,72.3,0.0,0.0,20.8,86.0,1013.6,80.5,8.0,274.5176470588235,23.688235294117646,21720,65635,30.1,24.7,27.1,34.3,24.7,28.6,21.6
Scarborough,2009-03-29,70.8,0.0,0.0,18.3,91.2,1013.0,68.0,7.5,282.5235294117647,24.31764705882353,21684,65635,30.1,23.8,26.5,32.7,23.8,27.5,20.6
Scarborough,2009-03-30,67.1,0.0,0.0,17.2,98.0,1013.6,66.7,8.2,281.8294117647059,24.34705882352941,21647,65636,30.1,24.1,27.3,32.5,24.1,28.5,20.5
Scarborough,2009-03-31,61.3,0.0,0.0,18.3,91.7,1013.7,89.2,8.3,266.58235294117645,23.04705882352941,21611,65637,29.7,24.1,27.7,31.2,24.1,28.9,19.6
Scarborough,2009-04-01,67.9,0.0,0.0,18.3,78.9,1013.4,74.4,8.5,229.41764705882352,19.811764705882354,22999,64370,30.1,23.7,27.3,33.4,23.7,28.8,20.8
Scarborough,2009-04-02,82.3,50.291999999999994,16.67,18.3,92.7,1015.4,75.9,4.1,253.38823529411766,21.923529411764704,23188,65248,29.2,22.8,25.1,32.7,22.8,25.8,21.8
Scarborough,2009-04-03,75.7,7.112,8.33,18.3,91.9,1014.1,72.8,7.0,265.8058823529412,22.98235294117647,22570,65588,28.3,23.1,25.3,30.2,23.1,25.8,20.6
Scarborough,2009-04-04,64.0,0.0,0.0,17.2,98.4,1013.5,33.0,9.9,283.3176470588235,24.558823529411764,21466,65640,29.8,22.6,26.4,31.7,22.6,27.1,18.9
Scarborough,2009-04-05,70.6,0.0,0.0,17.2,123.3,1013.9,64.5,7.5,240.91333333333333,20.766666666666666,20585,65785,30.1,26.3,27.7,35.2,26.3,29.9,21.8
Scarborough,2009-04-06,76.9,7.899399999999999,8.33,17.2,103.3,1014.3,78.9,7.4,248.02666666666667,21.39333333333333,20331,66229,29.3,25.1,27.4,34.6,25.1,29.8,22.9
Scarborough,2009-04-07,73.4,4.2926,4.17,16.1,97.7,1013.0,51.0,7.6,235.16,20.266666666666666,20675,66610,29.2,25.1,27.3,32.8,25.1,29.0,22.1
Scarborough,2009-04-08,70.9,1.4986,4.17,15.0,98.2,1013.4,42.5,8.1,229.46,19.793333333333333,21086,66386,30.1,26.1,28.1,34.3,26.1,30.5,22.3
Scarborough,2009-04-09,71.7,1.4986,8.33,16.1,129.7,1012.9,68.6,8.3,237.26666666666668,20.473333333333336,21170,65445,30.2,27.7,28.9,35.2,30.8,32.8,23.3
Scarborough,2009-04-10,74.8,2.9972,4.17,13.9,93.5,1013.4,62.0,8.6,224.16666666666666,19.39333333333333,21102,64277,31.1,26.1,27.7,35.6,26.1,29.8,22.8
Scarborough,2009-04-11,75.6,0.508,4.17,26.8,78.7,1011.3,69.0,8.4,201.36,17.413333333333334,21330,63440,30.3,25.1,27.5,35.2,25.1,29.4,22.7
Scarborough,2009-04-12,72.5,0.0,0.0,18.3,74.6,1011.8,63.5,8.2,185.26000000000002,16.013333333333332,22092,63499,30.1,25.1,27.3,33.4,25.1,28.7,21.8
Scarborough,2009-04-13,72.8,0.3048,4.17,12.8,65.3,1014.5,73.3,8.1,277.625,23.96875,21157,65657,28.1,23.7,25.7,30.2,23.7,26.4,20.4
Scarborough,2009-04-14,67.3,0.0,0.0,18.3,94.2,1014.9,40.0,10.9,262.50625,22.675,21124,65660,30.2,23.1,27.2,32.7,23.1,28.4,20.4
Scarborough,2009-04-15,68.0,0.0,0.0,20.8,94.5,1015.1,43.0,9.2,264.10625,22.8375,21092,65663,30.7,24.1,27.0,33.4,24.1,27.9,20.4
Scarborough,2009-04-16,66.1,0.0,0.0,23.0,93.5,1015.0,77.1,7.8,261.23125,22.575,21060,65667,30.3,26.1,27.6,33.1,26.1,28.9,20.7
Scarborough,2009-04-17,67.9,0.0,0.0,18.3,106.6,1013.4,44.3,8.3,265.43125,22.95,21029,65670,30.1,25.1,27.4,32.7,25.1,28.8,20.9
Scarborough,2009-04-18,72.9,0.0,0.0,13.9,109.8,1012.4,83.3,8.7,268.95,23.21875,20998,65674,29.3,25.7,27.6,33.1,25.7,29.8,22.2
Scarborough,2009-04-19,76.3,0.0,0.0,16.1,114.4,1012.4,81.7,8.9,259.5125,22.39375,20968,65679,29.1,26.1,27.6,32.9,26.1,29.9,22.9
Scarborough,2009-04-20,73.9,4.0893999999999995,4.17,20.8,102.7,1014.2,85.2,8.0,259.19375,22.3625,20938,65683,29.1,25.1,27.4,32.2,25.1,29.5,22.3
Scarborough,2009-04-21,66.1,0.0,0.0,24.2,86.6,1015.7,76.0,8.7,265.6125,22.9375,20909,65688,30.2,26.1,28.3,33.4,26.1,30.4,21.3
Scarborough,2009-04-22,66.2,0.0,0.0,20.8,96.6,1015.9,49.0,8.3,271.825,23.50625,20880,65694,30.3,25.1,27.7,32.7,25.1,28.9,20.7
Scarborough,2009-04-23,64.5,0.0,0.0,20.8,97.8,1014.7,54.0,8.7,269.18125,23.25625,20852,65699,30.2,25.1,27.1,31.8,25.1,28.0,19.7
Scarborough,2009-04-24,66.1,0.0,0.0,12.8,122.1,1014.1,26.5,8.7,270.575,23.38125,20824,65705,29.1,23.1,26.4,30.9,23.1,27.1,19.4
Scarborough,2009-04-25,67.1,0.0,0.0,13.9,104.0,1014.5,39.4,8.1,269.175,23.21875,20798,65712,29.1,24.1,27.2,30.9,24.1,28.2,20.4
Scarborough,2009-04-26,68.5,0.0,0.0,18.3,110.1,1015.1,54.0,8.6,269.59375,23.25625,20771,65718,30.1,24.3,27.3,32.7,24.3,28.8,20.9
Scarborough,2009-04-27,66.9,0.0,0.0,18.3,100.1,1014.9,68.1,8.0,250.00625,21.58125,20746,65725,30.1,24.3,27.5,32.0,24.3,28.6,20.6
Scarborough,2009-04-28,68.1,0.3048,4.17,16.1,99.7,1014.9,37.6,8.4,269.7875,23.26875,20721,65733,30.1,24.1,27.2,32.7,24.1,28.4,20.7
Scarborough,2009-04-29,70.9,0.9905999999999999,4.17,18.3,107.5,1014.0,60.5,8.5,262.05625,22.65625,20696,65740,29.3,24.1,26.9,32.1,24.1,28.2,21.1
Scarborough,2009-04-30,70.1,0.0,0.0,16.1,109.7,1014.3,77.1,7.7,265.63125,22.95625,20673,65748,29.8,26.1,27.8,32.8,26.1,30.0,21.8
Scarborough,2009-05-01,78.0,0.0,0.0,17.2,73.2,1013.3,75.0,7.3,220.2,19.05,23020,64403,29.1,23.1,25.6,32.8,23.1,26.5,21.4
Scarborough,2009-05-02,74.4,15.493999999999998,4.17,10.3,51.5,1015.9,25.7,8.7,235.64375,20.36875,23178,65269,27.3,22.7,24.9,29.3,22.7,25.4,20.0
Scarborough,2009-05-03,74.5,0.9905999999999999,4.17,12.8,90.7,1013.9,75.0,8.4,255.11874999999998,21.99375,22538,65593,28.7,23.1,25.5,30.7,23.1,26.2,20.6
Scarborough,2009-05-04,58.5,0.0,0.0,17.2,90.8,1013.2,26.5,9.4,285.75625,24.68125,21431,65641,29.1,23.1,26.8,29.9,23.1,27.4,17.9
Scarborough,2009-05-05,67.6,0.0,0.0,17.2,117.0,1014.3,30.4,8.1,268.88125,23.2125,20565,65794,30.1,26.1,27.8,34.3,26.1,29.4,21.2
Scarborough,2009-05-06,72.9,5.1054,4.17,20.8,99.6,1014.6,49.0,7.8,214.4125,18.5125,20335,66246,30.1,23.8,27.2,33.4,23.8,28.8,21.8
Scarborough,2009-05-07,81.4,4.5973999999999995,8.33,16.1,103.9,1014.3,87.2,7.3,240.7375,20.75625,20691,66615,28.1,25.1,26.6,32.1,25.1,28.0,23.1
Scarborough,2009-05-08,80.0,19.1008,4.17,19.5,82.4,1013.2,75.2,8.2,241.63125,20.86875,21095,66365,29.1,24.1,27.0,32.8,24.1,28.8,23.2
Scarborough,2009-05-09,72.5,0.9905999999999999,4.17,15.0,88.1,1014.5,60.8,8.2,236.425,20.4125,21168,65407,31.1,26.1,28.5,35.2,26.1,31.6,23.0
Scarborough,2009-05-10,73.8,0.0,0.0,20.8,92.4,1011.4,57.0,6.8,204.0375,17.6125,21102,64240,31.1,26.1,27.6,35.6,26.1,29.4,22.4
Scarborough,2009-05-11,78.0,0.0,0.0,22.4,95.6,1011.5,43.8,8.0,208.71875,18.05,21347,63426,29.7,25.1,27.0,33.7,25.1,28.6,22.8
Scarborough,2009-05-12,74.5,1.9811999999999999,8.33,17.2,87.4,1012.2,81.0,7.8,217.0875,18.75625,22123,63518,29.2,25.1,26.9,32.8,25.1,28.3,21.9
Scarborough,2009-05-13,72.0,2.3114,8.33,20.8,98.1,1012.8,64.5,6.8,269.05625,23.23125,20432,65887,30.1,24.1,27.3,33.4,24.1,28.9,21.7
Scarborough,2009-05-14,70.0,0.0,0.0,18.3,98.3,1013.7,83.9,7.7,245.94375,21.23125,20419,65900,29.1,25.8,27.7,32.1,25.8,29.6,21.7
Scarborough,2009-05-15,71.3,0.3048,4.17,19.5,106.6,1012.2,70.5,7.8,264.54375,22.83125,20407,65914,29.3,25.1,27.4,32.1,25.1,29.2,21.7
Scarborough,2009-05-16,71.4,0.0,0.0,18.3,107.8,1011.9,79.5,7.2,267.26875,23.0625,20395,65927,29.1,26.1,27.7,32.3,26.1,30.0,22.0
Scarborough,2009-05-17,70.2,0.0,0.0,17.2,114.6,1011.6,89.6,7.7,271.70625,23.4375,20385,65941,29.2,26.1,27.6,32.3,26.1,29.6,21.7
Scarborough,2009-05-18,72.3,0.0,0.0,19.5,117.5,1012.9,66.8,7.3,274.4125,23.7125,20375,65956,29.3,26.1,27.9,32.8,26.1,30.5,22.4
Scarborough,2009-05-19,73.4,0.0,0.0,21.9,113.2,1013.2,83.0,7.2,253.35625,21.85625,20366,65970,30.1,26.7,27.8,34.3,26.7,30.4,22.6
Scarborough,2009-05-20,74.9,0.0,0.0,18.3,110.2,1013.3,60.9,7.3,259.43125,22.39375,20358,65985,30.1,26.1,27.8,34.3,26.1,30.6,22.9
Scarborough,2009-05-21,71.1,0.0,0.0,20.8,103.2,1013.3,33.3,7.7,257.5,22.2375,20350,66000,30.1,26.3,28.0,34.3,26.3,30.5,22.2
Scarborough,2009-05-22,73.4,2.9972,4.17,18.3,113.2,1013.8,41.0,7.5,250.6375,21.65625,20344,66016,30.1,25.1,27.7,34.3,25.1,30.1,22.4
Scarborough,2009-05-23,68.9,0.0,0.0,17.2,113.2,1015.0,35.0,7.5,250.66875,21.65,20338,66031,30.1,26.8,28.3,33.7,28.9,31.1,22.1
Scarborough,2009-05-24,71.6,0.0,0.0,17.2,108.7,1014.6,33.8,8.3,262.56875,22.61875,20333,66047,30.1,26.1,28.0,33.4,26.1,30.6,22.3
Scarborough,2009-05-25,72.2,0.0,0.0,21.9,101.4,1014.4,41.5,8.1,244.9625,21.1625,20329,66063,30.3,26.1,28.0,34.5,26.1,30.4,22.4
Scarborough,2009-05-26,69.1,0.0,0.0,18.3,102.0,1014.3,27.9,7.1,236.48125,20.4125,20326,66079,30.1,26.8,28.3,33.4,28.8,31.1,22.1
Scarborough,2009-05-27,67.8,0.0,0.0,18.3,94.7,1014.3,25.2,7.2,235.525,20.29375,20323,66096,31.1,26.2,28.4,34.7,26.2,30.8,21.8
Scarborough,2009-05-28,65.7,0.0,0.0,18.3,90.8,1015.0,34.4,9.3,232.44375,20.056250000000002,20322,66112,31.3,25.8,28.3,34.1,25.8,30.2,21.1
Scarborough,2009-05-29,67.7,0.9905999999999999,4.17,18.3,89.5,1015.5,72.9,8.6,220.775,19.04375,20321,66129,30.2,25.8,27.7,33.4,25.8,29.2,21.1
Scarborough,2009-05-30,69.4,2.0065999999999997,4.17,16.1,91.8,1015.0,88.2,8.0,239.6,20.65,20321,66145,30.1,25.1,27.3,32.8,25.1,28.6,21.1
Scarborough,2009-05-31,67.1,0.0,0.0,17.2,107.0,1014.3,80.5,8.4,232.5,20.08125,20321,66162,30.2,25.1,28.1,32.7,25.1,29.8,21.3
Scarborough,2009-06-01,73.7,0.0,0.0,16.1,71.4,1013.0,71.4,7.2,206.9875,17.925,23040,64436,30.1,24.8,26.7,34.3,24.8,27.9,21.5
Scarborough,2009-06-02,73.1,11.2014,8.33,12.8,98.0,1015.1,45.8,8.3,236.0875,20.39375,23166,65288,29.1,22.1,25.5,32.1,22.1,26.5,20.3
Scarborough,2009-06-03,77.9,0.0,0.0,8.1,37.6,1014.4,78.6,8.1,261.21875,22.56875,22505,65597,28.1,21.7,24.5,30.2,21.7,25.1,20.4
Scarborough,2009-06-04,66.3,0.0,0.0,13.9,100.5,1012.8,54.7,9.8,274.78125,23.73125,21395,65643,30.3,23.1,27.2,32.0,23.1,28.2,20.2
Scarborough,2009-06-05,70.9,0.7874,4.17,21.9,101.4,1014.8,61.1,8.5,265.68125,22.9375,20546,65805,30.2,24.8,27.7,33.6,24.8,29.6,21.9
Scarborough,2009-06-06,69.7,0.0,0.0,17.2,87.5,1015.0,65.3,8.4,216.29375000000002,18.65,20340,66263,31.1,25.1,28.1,33.8,25.1,30.4,21.9
Scarborough,2009-06-07,72.5,0.0,0.0,18.3,102.8,1014.8,39.0,7.5,228.92499999999998,19.74375,20707,66619,30.1,25.1,27.8,34.3,25.1,30.0,22.3
Scarborough,2009-06-08,75.6,6.095999999999999,4.17,13.9,92.4,1013.8,80.5,7.4,255.78125,22.1125,21103,66344,30.2,25.1,27.3,34.3,25.1,28.7,22.5
Scarborough,2009-06-09,72.8,0.0,0.0,20.8,93.5,1014.3,28.1,8.7,235.11875,20.30625,21166,65369,31.2,26.1,28.3,36.7,26.1,31.2,22.9
Scarborough,2009-06-10,75.5,7.315199999999999,12.5,19.5,114.9,1012.1,85.7,7.9,197.93125,17.125,21103,64204,30.3,24.1,26.9,35.3,24.1,28.7,22.2
Scarborough,2009-06-11,74.2,0.3048,4.17,24.6,91.7,1011.2,57.0,8.7,194.73125,16.81875,21364,63414,30.1,25.1,27.8,34.3,25.1,30.1,22.7
Scarborough,2009-06-12,76.1,0.0,0.0,20.8,88.7,1012.9,62.2,7.4,215.36875,18.65,22155,63537,29.3,23.3,26.4,32.3,23.3,27.4,21.7
Scarborough,2009-06-13,82.0,2.0065999999999997,4.17,20.8,120.1,1015.2,85.9,10.4,224.825,19.40625,20392,66376,27.1,23.1,25.0,29.7,23.1,25.2,21.7
Scarborough,2009-06-14,73.6,0.0,0.0,18.3,101.5,1014.4,59.5,9.4,238.5125,20.58125,20402,66391,30.1,25.1,27.3,33.4,25.1,28.9,22.1
Scarborough,2009-06-15,75.1,0.0,0.0,21.9,102.8,1014.4,76.9,7.3,228.75,19.74375,20412,66407,29.3,25.1,27.5,32.8,25.1,29.6,22.6
Scarborough,2009-06-16,74.6,0.0,0.0,15.0,112.0,1014.8,44.2,7.9,237.00625,20.43125,20423,66421,29.2,26.1,27.7,32.8,26.1,30.4,22.8
Scarborough,2009-06-17,71.2,0.0,0.0,20.8,116.1,1014.4,66.0,7.9,236.38125,20.4,20434,66436,30.1,25.1,27.8,33.4,25.1,29.7,22.1
Scarborough,2009-06-18,69.7,0.0,0.0,15.0,118.6,1013.4,86.7,8.2,221.9125,19.16875,20446,66450,29.2,25.1,27.4,32.1,25.1,29.1,21.4
Scarborough,2009-06-19,67.3,0.0,0.0,19.5,106.8,1012.6,51.4,8.4,219.28125,18.9375,20458,66464,30.1,25.3,27.7,33.4,25.3,29.6,21.1
Scarborough,2009-06-20,67.0,0.0,0.0,17.2,108.3,1013.1,76.9,9.1,228.8,19.7625,20470,66477,30.1,26.8,27.9,32.7,28.7,30.1,21.2
Scarborough,2009-06-21,68.4,0.0,0.0,16.1,112.9,1012.0,66.8,9.8,228.33125,19.7125,20483,66490,30.1,26.1,27.9,32.7,26.1,30.1,21.6
Scarborough,2009-06-22,70.4,0.0,0.0,17.2,107.3,1012.3,90.0,8.5,251.525,21.68125,20497,66503,30.1,26.1,27.9,33.4,26.1,30.1,22.0
Scarborough,2009-06-23,71.3,0.0,0.0,25.3,112.9,1013.7,72.9,10.5,226.75625,19.55625,20510,66515,29.2,26.2,27.4,31.6,26.2,29.6,21.7
Scarborough,2009-06-24,73.0,0.0,0.0,20.8,97.1,1014.4,62.2,7.4,264.23125,22.8,20524,66526,30.3,26.1,28.2,36.3,26.1,31.1,22.8
Scarborough,2009-06-25,75.9,4.495799999999999,12.5,23.0,108.3,1015.0,70.7,8.3,244.16875,21.04375,20538,66537,30.1,25.2,27.4,34.3,25.2,29.6,22.7
Scarborough,2009-06-26,73.3,1.9811999999999999,8.33,20.8,104.8,1015.7,53.2,7.0,246.20625,21.23125,20553,66548,30.2,26.1,28.1,34.9,26.1,31.1,22.8
Scarborough,2009-06-27,79.0,32.9946,4.17,20.8,106.5,1016.6,71.7,6.5,243.14375,21.0,20568,66558,29.1,22.1,26.0,32.8,22.1,27.1,22.1
Scarborough,2009-06-28,73.6,0.9905999999999999,4.17,17.2,100.1,1015.3,34.1,7.1,229.3125,19.8375,20582,66567,29.1,24.1,27.2,32.8,24.1,28.8,22.0
Scarborough,2009-06-29,69.9,0.3048,4.17,17.2,95.9,1014.0,70.5,7.5,228.75,19.7625,20598,66576,30.1,25.1,27.2,33.4,25.1,28.4,21.2
Scarborough,2009-06-30,72.4,2.0065999999999997,4.17,18.3,93.7,1013.3,70.0,7.7,223.03125,19.23125,20613,66584,30.1,25.1,27.6,33.4,25.1,29.2,22.1
Scarborough,2009-07-01,70.3,0.0,0.0,19.5,72.6,1013.4,33.7,7.2,208.05,17.99375,23059,64469,29.3,24.1,26.7,32.1,24.1,27.9,20.7
Scarborough,2009-07-02,75.0,2.9972,4.17,18.3,90.0,1015.6,80.5,7.3,241.04375,20.875,23154,65307,29.1,23.1,25.4,30.3,23.1,26.0,20.5
Scarborough,2009-07-03,68.6,0.0,0.0,16.1,45.1,1014.3,67.6,8.2,262.46875,22.65,22472,65601,28.1,24.1,26.3,30.2,24.1,27.2,20.0
Scarborough,2009-07-04,72.7,0.9905999999999999,4.17,18.3,87.3,1013.7,85.9,8.3,274.24375,23.7,21360,65644,30.1,24.1,27.3,33.4,24.1,29.2,21.9
Scarborough,2009-07-05,77.1,8.102599999999999,8.33,23.0,100.4,1014.4,60.9,7.4,266.59375,23.05625,20527,65816,29.1,24.1,26.7,32.8,24.1,28.2,22.2
Scarborough,2009-07-06,77.3,9.118599999999999,8.33,18.3,96.5,1013.7,89.4,6.7,237.55,20.4625,20346,66279,29.1,26.1,27.5,33.7,26.1,30.3,23.2
Scarborough,2009-07-07,71.8,0.0,0.0,16.1,96.4,1013.8,25.5,7.5,252.38125,21.7875,20722,66623,30.1,25.1,27.4,33.4,25.1,28.8,21.8
Scarborough,2009-07-08,74.0,0.0,0.0,17.2,68.7,1013.6,82.7,7.4,241.55625,20.84375,21110,66322,30.2,26.1,27.9,35.2,26.1,30.3,22.8
Scarborough,2009-07-09,68.5,0.0,0.0,13.9,102.6,1012.3,37.8,8.7,241.3625,20.81875,21163,65330,31.1,26.1,28.6,35.6,26.1,31.2,22.1
Scarborough,2009-07-10,74.1,8.889999999999999,4.17,16.1,122.9,1013.8,56.2,9.1,221.4,19.10625,21104,64169,30.6,25.1,28.1,36.1,25.1,30.8,23.0
Scarborough,2009-07-11,74.6,0.0,0.0,35.8,110.6,1010.8,69.0,8.5,218.6125,18.93125,21382,63402,29.2,25.8,27.4,32.8,25.8,29.4,22.5
Scarborough,2009-07-12,76.7,1.2953999999999999,8.33,16.1,82.6,1012.9,32.0,7.7,198.51875,17.14375,22187,63556,30.1,25.1,26.8,34.7,25.1,28.3,22.3
Scarborough,2009-07-13,72.5,0.0,0.0,17.2,89.6,1014.4,30.5,8.8,235.94375,20.3875,20816,66627,29.6,25.1,27.3,32.4,25.1,29.0,21.9
Scarborough,2009-07-14,76.5,5.1054,4.17,13.9,90.5,1015.2,56.4,7.6,231.46875,19.98125,20831,66625,30.1,25.8,27.4,34.3,25.8,28.9,22.8
Scarborough,2009-07-15,74.1,3.9878,4.17,18.3,86.0,1014.3,49.4,7.8,218.26875,18.81875,20846,66622,30.1,26.1,27.9,34.3,26.1,30.1,22.7
Scarborough,2009-07-16,75.8,5.8928,8.33,17.2,85.0,1013.3,74.0,7.0,241.7125,20.8375,20861,66618,29.7,26.1,27.6,34.0,26.1,30.1,22.8
Scarborough,2009-07-17,78.6,2.0065999999999997,4.17,20.8,98.9,1013.8,79.5,8.1,230.35625,19.925,20875,66614,29.1,25.1,27.0,33.7,25.1,28.9,22.9
Scarborough,2009-07-18,76.7,0.0,0.0,13.9,111.5,1014.7,83.5,10.4,227.65,19.6125,20890,66608,29.7,25.8,27.6,33.7,25.8,29.9,23.1
Scarborough,2009-07-19,83.1,22.098,8.33,11.4,69.8,1013.8,78.6,7.9,248.5375,21.475,20904,66602,29.1,24.1,25.7,32.1,24.1,26.4,22.6
Scarborough,2009-07-20,77.8,0.0,0.0,16.1,116.3,1011.9,79.0,10.1,254.56875,21.925,20918,66595,29.1,24.7,27.4,32.8,24.7,29.7,23.1
Scarborough,2009-07-21,73.3,0.0,0.0,16.1,112.1,1013.0,78.2,9.2,249.68125,21.55,20931,66587,30.3,26.1,28.2,35.4,26.1,31.3,22.9
Scarborough,2009-07-22,75.4,13.9954,4.17,20.8,89.2,1013.2,88.3,7.5,241.975,20.88125,20944,66578,30.1,25.1,27.7,34.3,25.1,29.8,22.8
Scarborough,2009-07-23,74.3,0.508,4.17,19.5,95.8,1013.8,56.5,8.3,238.65625,20.58125,20957,66568,30.1,26.1,27.9,35.2,26.1,30.7,22.9
Scarborough,2009-07-24,74.4,0.0,0.0,18.3,87.8,1013.5,42.0,8.1,248.19375,21.35,20970,66558,30.3,26.1,27.7,34.7,26.1,30.1,22.7
Scarborough,2009-07-25,65.1,0.0,0.0,20.8,88.4,1013.9,57.2,8.0,234.58125,20.21875,20983,66546,30.1,26.1,28.1,33.0,26.1,29.4,20.8
Scarborough,2009-07-26,82.5,61.0108,4.17,19.5,79.0,1015.0,90.0,6.6,251.74375,21.725,20995,66534,29.1,23.1,25.9,33.7,23.1,26.7,22.6
Scarborough,2009-07-27,80.7,12.395199999999999,12.5,17.2,93.9,1014.6,61.8,7.1,242.59375,20.95625,21006,66521,29.1,25.1,27.1,33.7,25.1,29.0,23.3
Scarborough,2009-07-28,81.2,18.796,12.5,17.2,81.1,1013.5,51.4,6.9,227.8625,19.6875,21018,66507,30.1,25.1,26.5,34.3,25.1,27.7,22.9
Scarborough,2009-07-29,76.7,5.8674,12.5,21.9,88.3,1013.0,65.0,7.0,253.63125,21.88125,21029,66492,29.2,25.2,27.2,32.8,25.2,29.0,22.7
Scarborough,2009-07-30,77.5,5.308599999999999,4.17,16.1,95.2,1013.6,83.6,8.3,237.59375,20.53125,21039,66476,30.1,20.7,27.7,35.2,20.7,30.6,23.4
Scarborough,2009-07-31,74.0,12.9794,8.33,19.5,84.6,1014.3,45.9,8.2,241.7375,20.8625,21049,66460,30.1,25.1,27.7,34.3,25.1,29.5,22.5
Scarborough,2009-08-01,72.7,0.0,0.0,13.9,66.8,1012.7,38.5,8.3,218.86875,18.9125,23077,64501,28.1,23.1,25.4,30.2,23.1,26.1,20.1
Scarborough,2009-08-02,69.5,0.0,0.0,17.2,90.1,1014.5,75.9,8.2,250.5,21.675,23141,65325,29.3,23.8,25.9,31.4,23.8,26.6,19.8
Scarborough,2009-08-03,57.8,0.0,0.0,16.1,20.7,1014.0,38.8,8.1,264.35625,22.8125,22439,65605,28.1,24.1,26.1,28.6,24.1,26.3,17.1
Scarborough,2009-08-04,82.3,2.9972,4.17,19.5,95.8,1014.3,91.8,6.5,280.60625,24.2125,21326,65646,27.3,23.6,25.4,29.9,23.6,25.7,22.2
Scarborough,2009-08-05,68.9,0.0,0.0,20.8,103.8,1014.5,76.0,7.1,249.1125,21.5125,20509,65827,30.1,26.1,28.0,32.7,26.1,30.2,21.7
Scarborough,2009-08-06,73.6,0.0,0.0,16.1,97.6,1014.0,67.6,7.1,246.0625,21.25,20352,66296,29.2,26.2,27.7,32.8,26.2,30.3,22.6
Scarborough,2009-08-07,74.3,0.508,4.17,15.0,90.3,1013.4,38.2,8.2,226.83124999999998,19.53125,20738,66625,29.1,25.8,27.1,32.8,25.8,28.5,22.1
Scarborough,2009-08-08,75.3,0.0,0.0,16.1,80.2,1014.1,84.2,7.7,238.375,20.61875,21117,66299,30.1,25.7,27.3,34.3,25.7,29.1,22.5
Scarborough,2009-08-09,72.3,3.302,4.17,16.1,122.8,1011.8,44.1,7.6,250.05625,21.625,21161,65291,31.1,25.1,28.8,35.8,25.1,32.6,23.3
Scarborough,2009-08-10,76.5,43.8912,4.17,11.4,85.3,1014.3,87.8,7.3,213.85625,18.46875,21105,64133,31.7,25.1,27.5,35.7,25.1,29.6,22.9
Scarborough,2009-08-11,74.7,0.9905999999999999,4.17,29.1,93.0,1010.9,42.1,9.4,197.49375,17.0375,21401,63392,30.1,25.1,27.3,34.3,25.1,29.3,22.4
Scarborough,2009-08-12,73.2,7.899399999999999,8.33,18.3,82.5,1013.2,33.2,7.6,194.5,16.86875,22219,63577,29.3,24.6,27.1,32.5,24.6,28.5,21.8
Scarborough,2009-08-13,73.1,0.0,0.0,15.0,106.3,1013.9,75.0,8.2,257.74375,22.25,21146,66173,30.2,25.8,27.9,34.7,25.8,30.4,22.6
Scarborough,2009-08-14,71.3,0.7874,4.17,19.5,93.0,1013.0,70.0,7.5,241.38125,20.84375,21151,66146,30.7,25.1,27.7,34.0,25.1,29.5,21.9
Scarborough,2009-08-15,77.3,5.0038,8.33,16.1,83.7,1011.5,71.7,7.3,246.8875,21.35625,21155,66118,29.1,25.1,26.8,32.8,25.1,28.3,22.4
Scarborough,2009-08-16,73.8,0.0,0.0,16.1,96.7,1011.0,61.3,8.1,247.58125,21.36875,21159,66090,31.1,25.1,27.6,37.9,25.1,29.9,22.4
Scarborough,2009-08-17,74.2,0.0,0.0,17.2,90.8,1012.4,34.8,10.9,234.1375,20.2375,21162,66061,31.1,26.1,27.8,35.6,26.1,29.9,22.7
Scarborough,2009-08-18,70.1,0.7874,4.17,15.0,77.3,1011.6,30.0,7.9,222.6875,19.2875,21166,66031,32.1,26.1,28.5,35.9,26.1,31.2,22.4
Scarborough,2009-08-19,70.6,0.0,0.0,9.2,39.6,1010.4,61.7,7.7,231.15,19.98125,21168,66000,30.1,26.1,28.2,34.3,26.1,30.7,22.3
Scarborough,2009-08-20,78.9,19.304,12.5,16.1,133.6,1011.1,77.4,7.5,234.5,20.24375,21171,65969,29.1,24.8,26.9,33.7,24.8,28.7,22.8
Scarborough,2009-08-21,74.5,0.0,0.0,15.0,95.5,1011.9,63.8,7.9,224.575,19.375,21173,65938,31.1,25.1,28.0,35.6,25.1,30.9,23.0
Scarborough,2009-08-22,82.6,15.011399999999998,12.5,25.3,80.7,1010.7,87.1,7.0,231.0375,19.93125,21174,65906,29.1,24.1,25.9,32.8,24.1,26.5,22.7
Scarborough,2009-08-23,81.3,32.004,4.17,16.1,75.3,1010.8,78.9,8.2,216.05625,18.6375,21176,65873,27.7,24.1,25.9,30.8,24.1,26.8,22.4
Scarborough,2009-08-24,75.5,0.0,0.0,15.0,121.3,1011.3,52.6,8.2,234.46875,20.225,21177,65840,30.1,25.1,28.1,35.2,25.1,30.8,23.3
Scarborough,2009-08-25,74.1,0.0,0.0,20.1,114.6,1012.3,32.9,8.0,242.34375,20.94375,21177,65806,30.1,26.1,28.5,35.3,26.1,32.2,23.4
Scarborough,2009-08-26,70.3,2.794,4.17,16.1,93.4,1013.1,34.4,7.4,231.4125,20.0,21178,65772,31.1,26.1,28.6,35.6,26.1,31.5,22.6
Scarborough,2009-08-27,72.5,0.0,0.0,13.9,104.8,1013.3,30.9,7.6,238.40625,20.6,21178,65737,30.1,25.1,27.9,34.3,25.1,30.3,22.4
Scarborough,2009-08-28,75.6,2.0065999999999997,4.17,15.0,101.9,1013.7,52.3,7.5,233.29999999999998,20.1625,21178,65702,30.1,25.8,27.9,35.2,25.8,30.5,23.1
Scarborough,2009-08-29,73.4,0.0,0.0,16.1,107.3,1013.2,43.3,7.9,231.825,20.03125,21177,65666,30.6,26.1,28.4,35.2,26.1,31.4,23.1
Scarborough,2009-08-30,75.8,11.9888,8.33,12.8,35.5,1012.2,41.4,7.8,228.10625,19.65625,21177,65630,29.1,26.1,27.4,34.3,26.1,29.7,22.7
Scarborough,2009-08-31,75.7,0.0,0.0,11.4,82.0,1011.6,68.6,7.9,242.9125,21.01875,21176,65594,30.3,25.1,27.7,34.5,25.1,30.1,22.9
Scarborough,2009-09-01,73.7,0.0,0.0,15.0,91.2,1014.0,30.0,8.4,218.76875,18.88125,23094,64534,30.1,22.8,26.1,33.4,22.8,27.2,20.9
Scarborough,2009-09-02,76.1,0.7874,4.17,11.4,85.8,1013.7,88.1,7.8,255.11875,22.025,23126,65343,29.1,24.1,25.6,32.8,24.1,25.9,21.0
Scarborough,2009-09-03,59.5,0.9905999999999999,4.17,13.9,28.2,1014.3,51.3,7.8,259.50625,22.375,22405,65609,27.7,23.1,25.3,28.0,23.1,25.4,16.7
Scarborough,2009-09-04,72.4,2.9972,4.17,17.2,99.1,1014.8,79.5,8.0,281.26875,24.2875,21291,65648,29.1,25.1,26.8,32.8,25.1,28.0,21.4
Scarborough,2009-09-05,69.2,0.0,0.0,19.5,87.6,1015.1,46.4,6.9,259.43125,22.4,20492,65838,30.1,26.1,27.7,33.2,26.1,29.3,21.4
Scarborough,2009-09-06,70.6,0.0,0.0,18.3,96.3,1014.3,28.3,7.9,244.4875,21.1,20359,66312,30.2,26.1,28.2,34.3,26.1,30.6,22.2
Scarborough,2009-09-07,77.2,32.004,4.17,16.1,85.3,1014.0,79.4,7.2,230.63125,19.90625,20754,66627,29.2,23.8,26.7,32.8,23.8,28.2,22.3
Scarborough,2009-09-08,76.1,0.9905999999999999,4.17,11.4,123.1,1014.5,49.5,8.0,241.90625,20.84375,21124,66275,30.1,25.1,27.7,34.3,25.1,30.3,23.1
Scarborough,2009-09-09,71.7,0.0,0.0,16.1,117.6,1012.6,47.1,8.1,241.86874999999998,20.9,21158,65252,30.2,26.8,28.5,35.2,29.3,31.9,22.8
Scarborough,2009-09-10,76.0,5.0038,8.33,23.0,118.9,1012.8,78.7,7.1,217.50625,18.7625,21106,64099,30.1,25.1,27.8,35.2,25.1,30.7,23.2
Scarborough,2009-09-11,74.0,0.0,0.0,22.4,108.0,1011.0,57.0,8.4,182.15,15.76875,21421,63382,30.1,26.1,27.9,35.2,26.1,30.4,22.8
Scarborough,2009-09-12,70.6,0.7874,4.17,25.3,78.4,1012.7,67.3,7.7,196.65,16.99375,22252,63599,31.1,24.1,26.9,34.7,24.1,28.2,21.1
Scarborough,2009-09-13,83.7,7.112,4.17,11.4,112.3,1013.6,90.6,6.1,226.8,19.61875,21147,65095,26.3,23.8,25.4,26.3,23.8,25.4,22.5
Scarborough,2009-09-14,79.9,2.9972,4.17,11.4,110.8,1013.9,79.4,7.3,239.20000000000002,20.69375,21144,65055,29.1,25.1,26.6,33.1,25.1,27.8,22.7
Scarborough,2009-09-15,77.3,0.0,0.0,16.1,99.2,1013.2,75.9,6.6,243.9375,21.0625,21141,65016,29.2,26.1,27.3,33.7,26.1,29.4,22.9
Scarborough,2009-09-16,83.9,3.302,8.33,18.3,97.3,1013.1,80.9,6.6,244.025,21.10625,21138,64976,28.3,23.1,25.8,31.9,23.1,26.3,22.8
Scarborough,2009-09-17,73.8,44.196,4.17,16.1,110.8,1013.1,78.2,9.0,218.71875,18.90625,21135,64936,30.1,24.1,27.9,34.3,24.1,30.3,22.7
Scarborough,2009-09-18,76.5,0.0,0.0,13.9,81.2,1012.5,80.6,7.1,219.04375,18.93125,21132,64896,30.1,24.7,27.4,34.3,24.7,29.3,22.8
Scarborough,2009-09-19,73.8,0.0,0.0,13.9,112.4,1012.0,48.1,9.3,234.9875,20.3125,21129,64856,30.1,25.1,27.9,35.2,25.1,30.5,22.7
Scarborough,2009-09-20,75.2,16.002,4.17,15.0,95.6,1012.3,64.2,7.9,226.21875,19.6,21127,64817,30.3,25.8,27.8,35.2,25.8,30.5,22.9
Scarborough,2009-09-21,72.2,0.0,0.0,17.2,104.9,1012.3,45.5,9.5,227.01875,19.60625,21124,64777,30.2,25.8,28.2,34.6,25.8,30.8,22.7
Scarborough,2009-09-22,72.0,0.0,0.0,11.4,115.3,1011.6,66.7,10.7,216.98125,18.73125,21121,64737,30.2,25.1,28.6,34.9,25.1,31.8,23.0
Scarborough,2009-09-23,74.1,0.0,0.0,11.4,114.0,1011.9,78.9,10.7,225.2,19.46875,21119,64698,30.2,25.1,28.1,34.9,25.1,30.8,22.9
Scarborough,2009-09-24,74.2,0.0,0.0,15.0,102.5,1011.9,51.8,9.8,235.09375,20.34375,21116,64658,31.1,26.1,28.3,36.7,26.1,31.2,23.2
Scarborough,2009-09-25,78.9,5.1054,4.17,17.2,97.0,1011.6,78.2,8.9,231.3625,19.99375,21114,64619,30.2,26.1,27.4,35.2,26.1,30.1,23.4
Scarborough,2009-09-26,74.9,0.0,0.0,17.2,94.5,1011.9,46.3,9.1,235.25625,20.3125,21112,64580,31.1,25.7,28.3,36.7,25.7,31.3,23.3
Scarborough,2009-09-27,77.3,9.118599999999999,8.33,19.5,100.7,1012.4,67.4,7.4,235.56875,20.35,21110,64541,30.3,26.1,28.2,35.7,26.1,31.7,23.8
Scarborough,2009-09-28,75.7,17.018,12.5,20.8,117.3,1014.4,72.2,6.5,228.13125,19.6875,21108,64502,30.1,25.1,27.7,35.2,25.1,29.7,22.9
Scarborough,2009-09-29,76.3,7.112,4.17,13.9,96.8,1014.7,64.5,8.3,230.11875,19.85,21106,64464,30.1,25.7,27.3,33.0,25.7,29.2,22.7
Scarborough,2009-09-30,73.7,0.0,0.0,12.8,97.0,1013.8,53.8,9.7,222.49375,19.25625,21105,64426,30.1,25.6,28.1,34.3,25.6,30.8,22.9
Scarborough,2009-10-01,71.1,0.0,0.0,17.2,80.6,1014.7,40.8,7.4,223.175,19.31875,23111,64567,29.3,24.1,26.9,32.2,24.1,28.4,21.2
Scarborough,2009-10-02,70.0,0.0,0.0,15.0,51.0,1014.6,90.0,8.5,248.34375,21.4875,23111,65360,28.3,24.1,25.8,30.5,24.1,26.5,19.9
Scarborough,2009-10-03,58.6,0.0,0.0,16.1,20.3,1013.7,72.0,8.3,244.84375,21.13125,22371,65612,28.1,23.1,25.7,28.9,23.1,25.9,16.8
Scarborough,2009-10-04,69.2,0.0,0.0,18.3,89.9,1015.4,49.4,9.7,269.54375,23.225,21257,65650,30.1,23.1,26.7,32.3,23.1,27.8,20.5
Scarborough,2009-10-05,66.8,0.0,0.0,18.3,95.1,1014.4,40.5,6.8,261.80625,22.625,20476,65850,30.1,25.3,27.5,32.7,25.3,28.7,20.7
Scarborough,2009-10-06,68.0,0.508,4.17,18.3,103.8,1014.0,53.1,8.3,238.525,20.61875,20366,66328,29.1,26.1,27.6,32.1,26.1,29.3,21.2
Scarborough,2009-10-07,77.6,11.4046,12.5,18.3,99.0,1014.0,84.4,7.7,239.31875,20.6375,20770,66628,30.1,25.1,27.4,34.3,25.1,29.7,23.1
Scarborough,2009-10-08,77.8,4.0893999999999995,4.17,9.2,95.7,1013.9,60.5,8.4,241.51875,20.81875,21130,66251,30.1,25.6,27.3,34.3,25.6,28.9,23.0
Scarborough,2009-10-09,78.2,7.899399999999999,4.17,13.9,50.7,1013.9,51.3,8.1,244.375,21.13125,21156,65213,29.6,22.2,26.7,34.1,22.2,28.2,22.5
Scarborough,2009-10-10,71.4,0.0,0.0,20.8,102.6,1012.4,34.6,8.5,219.0625,18.89375,21108,64065,30.3,26.1,28.1,34.7,26.1,30.4,22.3
Scarborough,2009-10-11,75.0,0.0,0.0,33.6,107.6,1011.0,57.7,11.4,173.2125,14.96875,21441,63374,30.1,25.3,27.9,34.6,25.3,30.4,23.0
Scarborough,2009-10-12,71.7,2.0065999999999997,4.17,16.1,82.9,1014.0,71.4,7.9,210.70625,18.2125,22284,63621,29.3,24.2,26.6,32.1,24.2,27.5,20.9
Scarborough,2009-10-13,69.6,0.0,0.0,15.0,64.3,1011.4,71.8,8.0,211.825,18.3375,21117,63965,30.1,25.1,27.7,33.4,25.1,29.4,21.5
Scarborough,2009-10-14,76.3,4.0893999999999995,4.17,16.1,120.8,1009.9,65.0,8.6,229.525,19.83125,21120,63934,32.1,24.8,27.4,35.9,24.8,29.2,22.7
Scarborough,2009-10-15,76.8,5.206999999999999,8.33,16.1,107.8,1010.6,81.8,7.2,231.1125,19.96875,21125,63902,31.1,24.1,27.4,36.1,24.1,29.4,22.8
Scarborough,2009-10-16,79.4,6.400799999999999,8.33,17.2,102.4,1012.0,76.8,7.8,229.8875,19.8875,21129,63872,30.1,25.1,27.0,34.3,25.1,28.6,23.1
Scarborough,2009-10-17,69.0,0.0,0.0,17.2,91.4,1013.5,40.0,8.5,209.06875,18.0375,21135,63842,30.3,26.1,28.6,34.7,26.1,31.3,22.2
Scarborough,2009-10-18,67.2,0.3048,4.17,20.8,83.5,1012.0,33.2,8.6,200.90625,17.34375,21140,63812,31.1,25.8,27.9,34.7,25.8,29.4,21.2
Scarborough,2009-10-19,70.0,0.0,0.0,18.3,97.2,1010.4,52.9,8.3,209.99375,18.1125,21147,63784,30.1,25.1,27.5,33.0,25.1,29.0,21.4
Scarborough,2009-10-20,75.6,0.0,0.0,11.4,141.2,1010.3,62.9,8.0,208.475,18.01875,21153,63756,29.1,25.1,26.8,32.1,25.1,27.9,22.1
Scarborough,2009-10-21,73.4,0.0,0.0,22.4,104.6,1011.0,23.5,9.9,223.4625,19.31875,21161,63729,29.7,24.1,26.8,32.1,24.1,28.1,21.5
Scarborough,2009-10-22,71.1,0.0,0.0,17.9,101.9,1010.9,48.1,8.8,220.05,19.0125,21169,63703,30.1,24.3,27.8,33.4,24.3,29.8,21.9
Scarborough,2009-10-23,78.0,10.8966,4.17,29.1,110.1,1011.3,67.2,7.2,222.9875,19.3,21177,63677,29.1,23.1,26.9,32.8,23.1,28.8,22.7
Scarborough,2009-10-24,73.3,0.0,0.0,22.4,102.0,1011.9,53.8,9.9,212.625,18.39375,21187,63652,30.1,25.7,27.8,34.3,25.7,30.2,22.5
Scarborough,2009-10-25,74.9,6.095999999999999,8.33,22.4,108.5,1012.5,60.5,7.7,201.55,17.41875,21196,63628,30.3,25.1,27.4,34.3,25.1,29.2,22.4
Scarborough,2009-10-26,76.6,4.013199999999999,8.33,33.6,91.3,1011.3,40.4,7.1,197.21875,17.075,21207,63605,30.2,25.1,27.3,35.4,25.1,29.3,22.8
Scarborough,2009-10-27,76.9,8.102599999999999,8.33,31.3,92.9,1010.9,70.0,7.5,197.425,17.08125,21218,63583,30.2,25.1,27.7,35.2,25.1,30.5,23.2
Scarborough,2009-10-28,84.3,8.102599999999999,8.33,17.9,92.6,1011.3,87.2,5.7,208.56875,18.05,21230,63562,27.1,23.1,25.5,30.2,23.1,25.9,22.7
Scarborough,2009-10-29,74.2,16.9926,4.17,29.1,89.6,1009.8,71.3,8.1,209.2625,18.118750000000002,21242,63542,31.1,25.1,27.5,35.6,25.1,29.4,22.4
Scarborough,2009-10-30,83.1,31.089599999999997,12.5,15.7,88.2,1009.0,87.6,5.8,196.29375,16.98125,21255,63522,28.2,24.1,26.0,32.1,24.1,26.9,22.8
Scarborough,2009-10-31,80.4,0.0,0.0,18.3,15.6,1008.5,87.3,7.9,200.625,17.3,21268,63504,28.1,24.1,26.3,32.1,24.1,27.9,22.7
Scarborough,2009-11-01,61.4,0.0,0.0,18.3,80.6,1014.4,27.5,8.2,224.18125,19.4,23126,64599,30.1,24.1,27.3,32.0,24.1,28.2,19.1
Scarborough,2009-11-02,66.1,0.0,0.0,18.3,83.4,1015.5,88.5,8.3,253.34375,21.90625,23095,65376,29.1,24.1,26.1,30.7,24.1,26.7,19.2
Scarborough,2009-11-03,69.7,0.0,0.0,11.4,37.8,1012.9,90.0,8.3,263.2875,22.70625,22337,65614,28.1,23.1,25.6,29.7,23.1,25.9,19.6
Scarborough,2009-11-04,67.1,0.0,0.0,21.9,89.9,1014.7,76.1,8.5,283.55625,24.4625,21223,65652,29.1,24.1,26.7,30.6,24.1,27.5,20.0
Scarborough,2009-11-05,66.5,0.0,0.0,17.2,113.7,1013.4,24.1,7.4,275.35625,23.74375,20461,65862,29.2,25.3,27.3,31.7,25.3,28.5,20.5
Scarborough,2009-11-06,69.4,0.0,0.0,15.0,116.5,1015.1,36.7,8.7,235.59375,20.39375,20374,66345,29.1,26.1,27.8,32.1,26.1,29.7,21.6
Scarborough,2009-11-07,70.8,0.0,0.0,19.5,99.0,1014.4,41.1,7.9,235.30625,20.275,20785,66629,30.1,26.1,28.3,34.3,26.1,31.2,22.4
Scarborough,2009-11-08,76.5,9.906,4.17,10.3,282.3,1012.6,73.6,7.5,239.65,20.71875,21136,66226,30.1,26.1,27.9,35.2,26.1,30.6,23.3
Scarborough,2009-11-09,75.1,0.0,0.0,12.8,96.4,1013.5,56.7,8.1,242.04375,20.91875,21153,65174,31.1,25.1,27.7,35.7,25.1,30.2,22.8
Scarborough,2009-11-10,69.5,0.0,0.0,16.1,87.9,1011.4,29.1,8.5,216.0625,18.6,21111,64031,31.1,25.1,28.1,35.6,25.1,30.1,21.8
Scarborough,2009-11-11,75.9,0.0,0.0,13.9,98.8,1009.9,76.2,9.6,183.8125,15.90625,21462,63367,30.1,26.1,28.1,35.2,26.1,31.3,23.4
Scarborough,2009-11-12,76.6,2.2859999999999996,12.5,18.3,74.3,1014.1,58.8,6.9,215.49375,18.60625,22316,63644,29.1,23.8,25.8,30.9,23.8,26.3,21.3
Scarborough,2009-11-13,74.2,0.0,0.0,13.9,96.0,1009.4,31.3,8.4,203.5875,17.63125,21506,63356,30.1,26.1,27.9,34.3,26.1,30.4,22.8
Scarborough,2009-11-14,73.2,0.0,0.0,13.9,117.6,1010.6,45.2,8.3,196.66875,16.98125,21529,63352,30.1,26.1,28.1,34.3,26.1,30.8,22.7
Scarborough,2009-11-15,75.1,0.0,0.0,16.1,109.5,1011.0,45.7,9.2,190.84375,16.4875,21552,63349,30.1,26.3,27.8,34.3,26.3,30.8,23.0
Scarborough,2009-11-16,71.0,0.0,0.0,15.0,121.7,1010.4,33.2,9.1,202.75625,17.5625,21576,63347,30.1,27.1,28.4,33.4,29.3,31.6,22.6
Scarborough,2009-11-17,73.3,0.0,0.0,15.0,115.8,1010.6,55.8,8.3,198.81875,17.175,21601,63346,30.1,26.3,28.3,34.3,26.3,31.6,23.1
Scarborough,2009-11-18,78.5,0.0,0.0,17.2,106.7,1011.0,62.6,9.0,205.9625,17.83125,21626,63347,30.1,25.8,27.2,34.3,25.8,29.1,23.1
Scarborough,2009-11-19,77.3,0.9905999999999999,4.17,18.3,101.0,1011.0,60.6,7.3,207.35,17.9375,21652,63348,30.1,26.1,27.7,35.2,26.1,30.3,23.3
Scarborough,2009-11-20,76.1,0.9905999999999999,4.17,18.3,106.5,1011.0,73.6,8.1,199.2875,17.275,21678,63351,30.1,26.1,27.7,35.2,26.1,30.1,23.0
Scarborough,2009-11-21,69.8,0.3048,4.17,18.3,100.7,1012.1,52.1,8.0,204.45,17.68125,21705,63355,30.2,27.1,28.3,34.5,28.9,31.1,22.2
Scarborough,2009-11-22,74.1,15.011399999999998,8.33,23.0,89.5,1012.5,49.0,7.7,198.6125,17.19375,21732,63360,31.1,24.8,27.2,33.8,24.8,28.3,22.0
Scarborough,2009-11-23,78.2,2.0065999999999997,4.17,12.8,72.7,1011.9,67.1,7.9,186.5375,16.15625,21760,63365,29.8,25.1,26.9,33.8,25.1,28.4,22.8
Scarborough,2009-11-24,83.1,54.4068,12.5,13.9,91.8,1011.3,79.5,6.8,186.03125,16.1125,21788,63372,28.1,23.1,25.6,31.4,23.1,26.5,22.5
Scarborough,2009-11-25,73.5,0.0,0.0,15.0,106.6,1011.2,33.8,7.6,189.09375,16.349999999999998,21817,63380,30.1,24.7,27.1,32.7,24.7,28.4,21.8
Scarborough,2009-11-26,73.1,1.016,8.33,13.9,89.1,1011.7,33.9,8.0,183.93125,15.88125,21846,63390,30.1,24.1,26.7,34.1,24.1,27.9,21.4
Scarborough,2009-11-27,71.5,4.0893999999999995,4.17,18.3,96.0,1011.5,37.8,7.4,183.30625,15.875,21876,63400,30.1,25.1,27.4,32.1,25.1,28.9,21.7
Scarborough,2009-11-28,75.8,0.0,0.0,17.2,98.5,1011.1,40.5,8.4,199.125,17.25,21906,63411,30.1,24.1,27.3,34.3,24.1,29.1,22.6
Scarborough,2009-11-29,79.5,0.9905999999999999,4.17,13.9,93.5,1012.8,64.3,8.4,211.54375,18.325,21936,63423,29.1,23.1,25.8,32.1,23.1,26.6,21.9
Scarborough,2009-11-30,77.4,1.9811999999999999,8.33,17.2,90.0,1011.9,58.7,7.4,189.5,16.425,21966,63437,29.1,23.8,26.4,32.8,23.8,27.6,22.1
Scarborough,2009-12-01,72.1,2.9972,4.17,18.3,77.8,1014.2,47.0,8.6,228.8875,19.8,23140,64631,29.6,23.1,25.2,31.5,23.1,25.8,19.7
Scarborough,2009-12-02,74.9,3.302,12.5,19.5,70.9,1014.4,79.6,6.9,251.17499999999998,21.75625,23077,65392,28.2,22.1,24.7,30.2,22.1,25.1,19.8
Scarborough,2009-12-03,67.5,0.0,0.0,15.0,40.7,1013.3,80.0,7.5,249.98125000000002,21.58125,22302,65617,27.3,23.6,25.8,29.2,23.6,26.3,19.3
Scarborough,2009-12-04,67.1,0.0,0.0,13.9,105.9,1013.8,35.8,8.7,273.875,23.65,21190,65654,29.1,24.1,26.8,31.4,24.1,27.9,20.1
Scarborough,2009-12-05,70.2,0.0,0.0,17.2,104.3,1013.0,33.6,7.5,260.475,22.4625,20446,65874,29.1,25.1,27.0,32.1,25.1,28.3,21.1
Scarborough,2009-12-06,73.8,0.0,0.0,16.1,103.3,1014.7,51.8,7.9,261.2625,22.55,20383,66360,30.1,25.1,27.8,34.3,25.1,30.1,22.6
Scarborough,2009-12-07,71.5,0.0,0.0,16.1,93.5,1014.7,32.4,8.5,222.14374999999998,19.15625,20800,66628,30.2,25.1,27.7,34.3,25.1,29.7,22.0
Scarborough,2009-12-08,73.6,2.0065999999999997,4.17,13.9,117.8,1013.1,75.3,9.7,246.28125,21.28125,21141,66200,30.1,26.1,28.2,34.3,26.1,30.9,23.0
Scarborough,2009-12-09,79.2,1.4986,8.33,13.9,100.1,1012.7,87.3,8.1,232.86875,20.0875,21150,65135,30.1,24.6,26.7,33.7,24.6,27.8,22.8
Scarborough,2009-12-10,68.7,0.0,0.0,15.0,97.1,1011.6,54.2,8.9,222.69375,19.2125,21113,63998,31.1,25.8,28.0,33.8,25.8,29.8,21.6
Scarborough,2009-12-11,77.0,7.619999999999999,8.33,13.9,98.5,1009.2,63.8,7.7,196.775,16.94375,21484,63361,30.2,26.1,28.1,35.5,26.1,31.1,23.6
Scarborough,2009-12-12,73.6,2.794,8.33,16.1,78.9,1014.2,47.1,7.6,201.59375,17.4,22348,63668,29.1,24.1,26.3,32.1,24.1,27.3,21.1
Scarborough,2009-12-13,72.0,2.0065999999999997,4.17,17.2,73.4,1013.6,53.3,7.9,192.99375,16.6875,22380,63693,30.1,24.1,26.6,32.7,24.1,27.7,21.1
Scarborough,2009-12-14,66.8,9.398,4.17,19.5,75.0,1013.1,41.5,8.8,209.76875,18.11875,22412,63719,29.2,23.1,26.1,30.4,23.1,26.6,19.3
Scarborough,2009-12-15,66.9,0.0,0.0,16.1,99.8,1012.6,31.0,10.0,211.375,18.24375,22444,63745,29.8,23.8,26.3,31.7,23.8,27.0,19.4
Scarborough,2009-12-16,67.9,0.0,0.0,15.0,84.0,1012.0,25.3,11.3,211.0375,18.24375,22475,63772,30.1,22.1,26.5,32.7,22.1,27.2,19.9
Scarborough,2009-12-17,74.9,0.0,0.0,13.9,91.0,1011.2,56.4,9.7,213.175,18.4375,22507,63799,29.1,23.7,26.1,32.1,23.7,27.0,21.1
Scarborough,2009-12-18,73.9,0.0,0.0,15.0,95.7,1011.7,55.0,8.3,215.675,18.6625,22538,63827,31.2,23.1,26.4,35.2,23.1,27.5,21.2
Scarborough,2009-12-19,73.6,0.6096,8.33,15.0,95.0,1012.9,61.3,8.9,201.71875,17.4375,22569,63856,29.2,24.1,26.7,32.1,24.1,27.9,21.5
Scarborough,2009-12-20,72.9,0.0,0.0,12.8,88.3,1014.0,56.0,9.2,207.96875,17.9875,22599,63885,30.1,25.1,27.3,33.4,25.1,28.6,21.9
Scarborough,2009-12-21,73.6,0.7874,4.17,15.0,87.6,1014.6,63.8,8.6,202.8,17.5,22629,63914,30.1,25.1,27.3,34.3,25.1,29.0,22.2
Scarborough,2009-12-22,73.2,0.0,0.0,13.9,82.2,1015.1,66.5,9.3,210.91875,18.25625,22659,63944,29.8,25.1,27.3,33.0,25.1,28.7,21.9
Scarborough,2009-12-23,74.2,0.0,0.0,16.1,95.0,1014.0,53.9,8.3,210.8625,18.2125,22688,63975,29.3,25.1,27.3,32.3,25.1,29.1,22.3
Scarborough,2009-12-24,73.7,0.3048,4.17,17.2,96.8,1013.7,42.0,8.5,206.225,17.81875,22717,64006,30.1,22.1,27.6,33.4,22.1,29.9,22.4
Scarborough,2009-12-25,74.7,0.0,0.0,17.2,104.3,1013.4,37.6,8.6,211.05625,18.2625,22745,64037,30.1,26.1,27.9,35.2,26.1,30.8,23.0
Scarborough,2009-12-26,71.0,0.0,0.0,15.0,92.4,1013.1,31.7,7.9,214.75,18.55625,22773,64069,30.1,25.1,27.2,33.4,25.1,28.3,21.4
Scarborough,2009-12-27,69.0,0.0,0.0,18.3,89.9,1014.1,31.0,8.9,216.86875,18.74375,22800,64101,31.1,24.1,27.4,35.6,24.1,28.8,21.1
Scarborough,2009-12-28,70.7,0.0,0.0,20.8,85.4,1014.2,29.2,8.5,213.84375,18.46875,22827,64133,30.1,25.1,27.2,32.7,25.1,28.6,21.4
Scarborough,2009-12-29,69.2,0.0,0.0,18.3,93.8,1014.6,33.5,8.8,199.44375,17.1875,22853,64165,29.3,24.8,26.9,31.7,24.8,27.9,20.8
Scarborough,2009-12-30,70.5,0.0,0.0,16.1,77.9,1015.3,49.5,8.8,204.75,17.64375,22878,64198,30.1,24.1,26.9,34.3,24.1,28.3,21.1
Scarborough,2009-12-31,72.8,6.095999999999999,4.17,15.0,90.4,1015.0,49.1,8.5,0.0,0.0,22903,64230,29.1,23.7,26.2,31.4,23.7,27.1,20.8
Scarborough,2010-01-01,68.4,12.191999999999998,4.17,16.1,94.5,1013.9,34.9,10.4,262.9,22.8,22927,64263,29.0,24.0,26.8,30.7,24.0,27.8,20.3
Scarborough,2010-01-02,70.2,0.3048,4.17,19.0,85.5,1014.5,48.0,8.1,258.0,22.4,23215,65179,28.1,24.8,26.4,30.1,24.8,27.1,20.5
Scarborough,2010-01-03,71.4,0.0,0.0,20.8,94.4,1013.4,46.1,7.3,252.2,21.9,22670,65570,29.7,24.7,27.1,32.9,24.7,28.8,21.4
Scarborough,2010-01-04,69.2,0.9143999999999999,16.67,16.1,88.8,1012.2,57.8,5.7,269.9,23.3,21583,65637,30.2,25.0,27.8,40.4,25.0,30.0,21.5
Scarborough,2010-01-05,69.9,0.0,0.0,16.3,86.9,1014.2,44.1,7.2,311.0,26.8,20656,65755,31.0,25.131999999999998,27.2,33.8,25.236,29.4,21.8
Scarborough,2010-01-06,75.7,0.8128,25.0,20.1,88.1,1015.2,37.2,7.6,245.1,21.2,20323,66175,31.0,27.8,29.2,37.8,31.3,34.1,24.3
Scarborough,2010-01-07,77.6,2.7685999999999997,12.5,23.0,103.4,1014.3,81.8,6.4,129.1,11.2,20625,66590,29.2,23.0,27.3,34.1,23.0,30.0,23.0
Scarborough,2010-01-08,76.9,4.5973999999999995,8.33,15.0,80.9,1010.2,67.5,7.7,127.4,11.0,21057,66447,30.2,26.0,28.0,35.1,26.0,31.2,23.5
Scarborough,2010-01-09,68.3,0.508,4.17,18.3,96.8,1012.0,74.9,7.2,219.8,19.0,21175,65566,32.0,28.0,29.7,36.8,31.3,33.9,23.2
Scarborough,2010-01-10,75.2,0.9905999999999999,4.17,11.4,121.2,1009.7,83.5,7.7,136.2,11.9,21104,64398,29.2,24.6,27.6,34.1,24.6,30.3,22.8
Scarborough,2010-01-11,75.8,3.0479999999999996,25.0,18.8,82.1,1012.0,73.6,7.2,207.3,17.8,21280,63491,30.9,26.0,28.4,35.4,26.0,32.3,23.7
Scarborough,2010-01-12,72.5,0.9905999999999999,4.17,17.2,45.6,1010.6,77.7,7.4,207.8,18.1,21990,63447,29.1,24.0,26.6,32.1,24.0,27.7,21.2
Scarborough,2010-01-13,70.9,0.0,0.0,18.3,85.0,1015.6,48.9,7.9,259.7,22.4,23151,64655,29.0,24.1,26.8,31.7,24.1,28.2,21.1
Scarborough,2010-01-14,73.3,0.0,0.0,17.2,91.5,1015.3,28.5,10.1,262.2,22.7,23164,64686,29.0,24.0,26.5,31.4,24.0,27.5,21.2
Scarborough,2010-01-15,71.6,0.0,0.0,17.2,75.7,1016.2,27.6,9.4,266.9,23.1,23175,64718,30.0,23.0,26.2,31.9,23.0,27.0,20.5
Scarborough,2010-01-16,71.3,0.1016,4.17,19.5,81.4,1015.8,46.2,7.8,264.1,22.8,23186,64748,29.1,24.0,26.6,31.4,24.0,27.7,20.9
Scarborough,2010-01-17,66.7,0.0,0.0,20.8,83.6,1016.2,57.1,8.5,252.3,21.9,23196,64779,30.0,24.2,26.8,31.9,24.2,27.7,19.9
Scarborough,2010-01-18,69.4,0.0,0.0,18.3,87.7,1015.7,40.1,8.4,248.2,21.6,23204,64809,29.0,24.0,26.6,31.4,24.0,27.5,20.4
Scarborough,2010-01-19,73.1,0.0,0.0,18.1,95.4,1014.4,55.7,8.8,258.1,22.4,23212,64839,29.1,24.1,26.4,31.4,24.1,27.5,21.1
Scarborough,2010-01-20,72.2,0.0,0.0,19.5,88.2,1014.1,32.3,8.1,257.2,22.2,23219,64868,29.0,24.0,26.7,32.0,24.0,27.8,21.1
Scarborough,2010-01-21,65.2,0.2032,8.33,20.8,93.2,1014.6,36.5,7.9,243.5,21.2,23224,64897,30.0,24.0,27.1,31.9,24.0,28.1,19.8
Scarborough,2010-01-22,66.4,0.1016,4.17,20.8,92.8,1014.1,39.7,8.3,255.1,22.1,23229,64925,29.1,24.0,26.8,30.4,24.0,27.4,19.9
Scarborough,2010-01-23,67.3,0.1016,4.17,17.0,101.8,1013.2,71.4,8.1,243.0,21.0,23232,64953,29.0,24.1,26.8,30.8,24.1,27.6,20.2
Scarborough,2010-01-24,65.9,0.0,0.0,20.8,91.4,1013.3,67.8,8.6,210.3,18.2,23234,64980,29.2,23.7,26.3,30.3,23.7,26.8,19.3
Scarborough,2010-01-25,63.6,0.0,0.0,20.8,83.9,1014.1,58.7,8.9,237.9,20.6,23236,65007,29.1,24.0,26.4,30.7,24.0,27.2,18.9
Scarborough,2010-01-26,66.3,0.0,0.0,15.4,87.4,1013.7,60.7,8.8,252.2,21.8,23236,65033,29.0,24.0,25.9,35.7,24.0,26.7,19.0
Scarborough,2010-01-27,76.2,2.9972,4.17,17.2,78.5,1013.7,64.7,6.3,267.7,23.3,23235,65059,27.8,23.8,25.4,29.7,23.8,26.0,20.8
Scarborough,2010-01-28,82.4,21.005799999999997,12.5,21.7,77.8,1012.5,83.5,5.1,97.1,8.5,23233,65084,29.1,23.0,25.3,31.8,23.0,25.5,22.0
Scarborough,2010-01-29,69.9,1.4223999999999999,29.17,22.6,65.3,1012.5,78.1,8.0,224.7,19.5,23230,65109,29.0,24.9,26.4,30.8,24.9,27.0,20.4
Scarborough,2010-01-30,66.3,0.4064,16.67,25.3,80.8,1013.1,48.8,8.3,268.9,23.1,23226,65133,29.0,24.0,26.6,29.8,24.0,26.9,19.6
Scarborough,2010-01-31,69.9,0.3048,4.17,20.8,82.1,1013.9,53.4,8.1,241.5,20.8,23221,65156,29.0,24.0,25.8,30.3,24.0,26.2,19.8
Scarborough,2010-02-01,68.7,0.0,0.0,15.0,115.4,1012.3,22.6,13.2,264.7,23.0,22950,64296,30.0,23.0,25.9,31.9,23.0,26.6,19.6
Scarborough,2010-02-02,67.2,0.0,0.0,23.0,90.6,1013.5,57.7,8.3,255.0,22.0,23208,65201,29.0,24.0,26.3,29.7,24.0,26.7,19.7
Scarborough,2010-02-03,68.8,0.0,0.0,21.3,101.4,1013.4,37.7,7.4,275.2,23.7,22640,65576,31.0,26.0,28.0,33.8,26.0,30.2,21.6
Scarborough,2010-02-04,71.9,0.508,12.5,15.0,100.0,1011.8,70.4,5.9,277.2,23.9,21547,65638,30.1,25.0,27.4,32.6,25.0,29.3,21.8
Scarborough,2010-02-05,62.1,0.1016,4.17,17.0,93.8,1014.3,28.4,8.2,292.4,25.2,20633,65764,31.2,26.0,28.7,33.6,26.0,30.4,20.6
Scarborough,2010-02-06,70.5,0.0,0.0,18.6,87.0,1014.4,26.6,6.7,285.3,24.7,20325,66192,31.1,26.8,29.1,35.6,29.1,32.9,23.1
Scarborough,2010-02-07,71.8,2.7432,16.67,23.3,99.1,1013.4,45.9,7.1,233.1,20.3,20641,66597,31.0,27.0,29.0,36.6,29.9,32.9,23.3
Scarborough,2010-02-08,84.0,0.7874,4.17,11.4,89.0,1010.8,86.2,7.0,111.0,9.5,21067,66429,29.0,25.0,26.7,33.6,25.0,28.5,23.8
Scarborough,2010-02-09,77.3,15.493999999999998,12.5,13.2,102.2,1014.9,79.6,7.2,129.3,11.2,21174,65529,30.0,25.0,28.1,35.8,25.0,31.6,23.7
Scarborough,2010-02-10,75.9,0.3048,4.17,18.3,160.1,1009.6,85.8,8.6,143.6,12.3,21104,64360,29.2,27.0,28.4,35.6,29.7,32.3,23.6
Scarborough,2010-02-11,77.2,0.6096,8.33,12.5,63.9,1010.1,65.3,7.8,164.5,14.2,21294,63474,30.1,25.0,27.8,35.1,25.0,30.7,23.4
Scarborough,2010-02-12,82.6,32.004,8.33,19.0,55.9,1010.7,89.8,4.9,236.7,20.4,22021,63462,27.7,23.1,25.8,31.2,23.1,27.6,22.6
Scarborough,2010-02-13,67.6,0.0,0.0,18.3,106.2,1012.4,35.5,9.0,292.4,25.2,23064,65404,29.0,25.0,26.8,30.8,25.0,27.5,20.2
Scarborough,2010-02-14,69.0,0.0,0.0,19.5,104.7,1012.3,43.1,8.6,252.3,21.9,23045,65418,29.0,25.0,26.5,30.6,25.0,27.0,20.3
Scarborough,2010-02-15,70.8,0.0,0.0,21.9,101.5,1013.1,55.9,9.3,230.0,19.9,23026,65432,29.0,25.0,27.1,32.8,25.0,28.2,21.2
Scarborough,2010-02-16,65.8,0.0,0.0,19.5,102.7,1013.3,31.3,9.0,283.3,24.5,23005,65446,29.0,24.9,26.8,30.8,24.9,27.6,19.8
Scarborough,2010-02-17,68.3,0.0,0.0,18.3,114.1,1012.7,33.7,8.6,267.0,23.2,22984,65459,29.1,25.0,26.9,31.4,25.0,27.9,20.5
Scarborough,2010-02-18,69.8,0.0,0.0,18.3,106.7,1013.0,29.5,9.4,297.3,25.8,22962,65471,29.1,25.0,26.8,31.4,25.0,27.7,20.8
Scarborough,2010-02-19,69.9,0.0,0.0,23.0,92.8,1013.8,62.7,8.7,247.4,21.5,22939,65483,30.0,25.8,27.2,32.6,25.8,28.2,21.1
Scarborough,2010-02-20,65.5,0.1016,4.17,17.2,91.0,1014.4,69.8,8.1,253.3,21.8,22915,65494,31.0,24.0,27.1,31.7,24.0,27.7,19.9
Scarborough,2010-02-21,65.8,0.0,0.0,17.4,99.9,1013.6,66.0,8.2,293.9,25.3,22891,65504,29.2,24.0,26.5,30.3,24.0,27.3,19.4
Scarborough,2010-02-22,68.8,0.0,0.0,18.3,95.1,1012.5,81.6,9.2,282.7,24.4,22865,65514,29.0,24.0,26.6,31.1,24.0,27.5,20.3
Scarborough,2010-02-23,70.8,0.0,0.0,19.5,109.9,1011.5,64.5,8.9,187.5,16.3,22840,65524,29.0,25.8,27.2,31.4,25.8,28.9,21.4
Scarborough,2010-02-24,73.6,0.0,0.0,23.0,126.9,1012.1,42.2,9.3,292.1,25.2,22813,65533,29.1,26.0,27.3,32.8,26.0,29.2,22.1
Scarborough,2010-02-25,77.2,0.6096,16.67,16.8,109.2,1012.0,47.5,6.8,214.5,18.6,22786,65541,29.0,26.0,27.4,32.8,26.0,29.9,23.1
Scarborough,2010-02-26,74.2,0.2032,4.17,17.2,105.6,1011.9,67.9,7.9,297.6,25.8,22758,65549,29.1,25.2,27.3,32.8,25.2,29.2,22.3
Scarborough,2010-02-27,71.4,0.0,0.0,15.0,109.1,1013.1,89.2,7.5,278.8,24.0,22729,65557,30.0,25.0,27.3,33.3,25.0,28.9,21.6
Scarborough,2010-02-28,69.2,0.1016,4.17,15.0,99.5,1013.5,89.0,7.5,281.5,24.4,22700,65564,30.0,25.0,27.2,32.6,25.0,28.4,21.0
Scarborough,2010-03-01,66.2,0.0,0.0,15.2,106.0,1012.3,34.0,8.8,254.3,21.9,22973,64329,29.1,23.8,26.6,30.8,23.8,27.2,19.6
Scarborough,2010-03-02,72.6,0.0,0.0,20.8,89.6,1013.7,55.1,7.7,250.5,21.8,23200,65223,29.0,24.0,26.4,31.4,24.0,27.1,20.9
Scarborough,2010-03-03,68.3,0.0,0.0,20.8,104.3,1012.8,33.5,7.3,280.8,24.3,22609,65582,30.0,26.0,27.8,32.6,26.0,29.8,21.3
Scarborough,2010-03-04,71.4,0.0,0.0,13.9,110.9,1011.5,81.3,5.4,249.9,21.5,21511,65639,30.1,25.9,27.8,33.4,25.9,30.1,22.1
Scarborough,2010-03-05,64.1,0.3048,4.17,20.8,86.1,1014.4,59.1,8.1,249.4,21.5,20611,65773,32.1,26.1,28.7,33.3,26.1,30.6,20.9
Scarborough,2010-03-06,73.1,2.9972,8.33,18.1,90.1,1014.5,60.9,6.4,262.2,22.7,20327,66209,31.0,25.9,28.4,35.5,25.9,31.6,23.0
Scarborough,2010-03-07,73.7,0.4064,12.5,20.8,83.5,1013.6,72.2,6.9,248.7,21.6,20656,66604,31.1,26.7,28.7,36.7,29.1,32.6,23.5
Scarborough,2010-03-08,76.4,0.7874,4.17,11.9,124.4,1011.9,75.4,8.0,124.8,10.7,21076,66410,29.1,26.0,27.9,33.0,26.0,31.1,23.3
Scarborough,2010-03-09,76.8,7.619999999999999,8.33,13.9,51.9,1014.2,70.3,7.3,112.8,9.9,21172,65492,31.0,25.9,28.1,36.6,25.9,31.2,23.5
Scarborough,2010-03-10,72.6,5.1815999999999995,25.0,17.2,144.6,1010.4,86.9,7.9,145.6,12.5,21103,64323,31.0,26.0,29.0,36.6,26.0,33.2,23.6
Scarborough,2010-03-11,81.4,0.9905999999999999,4.17,13.9,19.5,1008.6,80.7,6.9,130.6,11.3,21310,63458,28.0,24.2,26.2,32.7,24.2,27.3,22.7
Scarborough,2010-03-12,82.8,17.525999999999996,12.5,17.4,72.1,1010.8,87.9,6.2,173.6,14.9,22052,63478,29.0,22.8,25.7,32.0,22.8,27.0,22.5
Scarborough,2010-03-13,62.8,0.0,0.0,17.2,112.7,1012.6,42.2,7.8,308.1,26.6,22275,65619,30.1,25.8,27.4,32.0,25.8,28.2,19.6
Scarborough,2010-03-14,68.3,0.0,0.0,18.8,114.8,1012.7,22.0,7.2,298.7,25.8,22240,65621,30.0,26.0,27.8,32.6,26.0,29.8,21.3
Scarborough,2010-03-15,74.8,2.3114,8.33,18.6,112.0,1012.0,39.5,7.2,301.5,26.1,22205,65623,30.0,26.0,28.0,35.1,26.0,30.9,23.1
Scarborough,2010-03-16,74.0,0.0,0.0,19.5,119.4,1012.1,57.9,7.1,310.4,26.8,22169,65625,29.8,26.9,27.9,33.9,29.2,30.9,22.8
Scarborough,2010-03-17,74.4,0.0,0.0,16.8,113.3,1012.7,56.6,7.0,281.8,24.3,22133,65626,30.0,27.0,28.1,34.2,29.2,31.3,23.0
Scarborough,2010-03-18,69.3,0.0,0.0,19.5,104.5,1013.8,76.2,7.1,240.0,20.6,22097,65627,30.2,26.9,28.3,33.3,28.8,31.0,22.0
Scarborough,2010-03-19,63.6,0.0,0.0,20.8,101.3,1015.4,56.9,7.1,232.1,19.9,22060,65629,31.1,26.8,28.4,33.1,28.5,30.3,20.7
Scarborough,2010-03-20,69.5,2.9972,4.17,19.0,101.6,1015.4,40.6,7.1,312.8,27.1,22024,65630,30.0,26.9,28.1,33.6,28.6,30.7,21.9
Scarborough,2010-03-21,64.7,0.0,0.0,20.8,97.3,1015.7,27.3,7.5,310.8,27.1,21987,65630,31.0,26.0,28.2,33.1,26.0,30.1,20.8
Scarborough,2010-03-22,64.0,0.0,0.0,19.5,99.8,1014.6,25.6,7.6,294.3,25.5,21951,65631,30.2,26.0,28.0,32.1,26.0,29.6,20.4
Scarborough,2010-03-23,67.8,1.4986,8.33,19.5,100.8,1013.9,37.2,7.6,300.0,25.9,21914,65632,30.2,25.0,27.7,32.7,25.0,29.6,21.1
Scarborough,2010-03-24,68.0,0.0,0.0,18.3,88.9,1013.5,28.7,8.3,285.1,24.5,21877,65633,30.2,26.0,27.8,32.7,26.0,29.7,21.2
Scarborough,2010-03-25,69.2,0.0,0.0,18.3,101.1,1012.9,27.4,7.5,296.0,25.5,21840,65633,30.8,26.0,27.8,34.3,26.0,29.8,21.6
Scarborough,2010-03-26,67.9,0.0,0.0,21.9,96.4,1012.7,42.9,7.1,282.1,24.5,21803,65634,31.0,25.0,27.6,33.1,25.0,28.9,21.0
Scarborough,2010-03-27,69.6,0.3048,4.17,17.0,96.1,1013.2,85.0,7.9,286.5,24.9,21766,65634,30.0,25.0,27.2,32.6,25.0,28.9,21.1
Scarborough,2010-03-28,67.1,0.0,0.0,16.1,116.8,1013.0,66.5,9.1,292.8,25.1,21730,65635,30.1,24.0,27.4,32.7,24.0,29.1,20.7
Scarborough,2010-03-29,66.1,0.0,0.0,17.0,103.6,1012.8,43.5,8.4,313.8,27.1,21693,65635,30.0,26.0,27.6,31.9,26.0,29.0,20.6
Scarborough,2010-03-30,69.8,1.5748,8.33,19.5,95.2,1013.2,36.1,7.2,305.7,26.5,21656,65636,30.1,25.9,27.7,33.3,25.9,29.8,21.7
Scarborough,2010-03-31,65.8,0.0,0.0,19.5,92.3,1013.2,32.7,6.9,298.2,25.7,21620,65637,31.1,26.0,28.3,33.1,26.0,30.4,21.2
Scarborough,2010-04-01,63.2,0.0,0.0,20.8,98.0,1013.4,35.0,8.7,241.9,20.9,22994,64362,29.0,25.0,27.1,30.8,25.0,27.9,19.4
Scarborough,2010-04-02,73.0,0.0,0.0,23.0,89.3,1013.0,63.4,7.5,250.9,21.6,23191,65244,28.8,25.0,26.4,31.6,25.0,27.4,21.2
Scarborough,2010-04-03,71.4,0.0,0.0,23.0,94.9,1013.3,62.2,7.5,300.4,25.9,22577,65587,31.0,26.0,27.8,35.5,26.0,30.1,22.1
Scarborough,2010-04-04,69.0,0.0,0.0,16.1,101.6,1011.4,70.8,5.7,277.5,24.1,21475,65640,30.1,26.0,27.9,32.8,26.0,30.1,21.6
Scarborough,2010-04-05,63.2,0.0,0.0,17.2,102.7,1013.3,39.7,8.6,265.5,22.9,20590,65783,31.0,26.0,28.1,33.1,26.0,29.4,20.3
Scarborough,2010-04-06,73.4,0.508,4.17,17.2,91.9,1015.4,74.6,7.3,258.4,22.4,20331,66225,31.0,25.8,28.2,35.5,25.8,31.1,22.9
Scarborough,2010-04-07,80.5,11.2014,8.33,17.2,59.6,1013.4,85.7,6.3,116.7,10.2,20672,66610,28.7,24.0,26.2,34.3,24.0,27.6,22.5
Scarborough,2010-04-08,79.4,13.0048,4.17,12.8,133.3,1013.0,71.0,7.4,200.8,17.3,21085,66391,28.1,24.0,26.8,32.2,24.0,29.1,22.9
Scarborough,2010-04-09,73.9,25.907999999999998,8.33,13.0,70.1,1013.0,74.1,7.3,119.9,10.2,21171,65454,31.0,26.0,28.3,35.5,26.0,31.7,23.1
Scarborough,2010-04-10,71.9,8.2804,29.17,20.8,138.4,1011.2,83.0,9.7,252.2,21.9,21103,64286,30.1,26.3,28.6,35.4,26.3,32.2,22.9
Scarborough,2010-04-11,77.9,0.3048,4.17,15.0,106.6,1008.2,83.3,7.2,138.8,12.0,21326,63443,29.0,25.0,27.2,33.6,25.0,29.3,22.9
Scarborough,2010-04-12,86.0,42.2148,12.5,16.1,63.9,1011.7,86.9,6.6,121.0,10.5,22084,63495,27.0,23.1,24.7,30.1,23.1,24.9,22.2
Scarborough,2010-04-13,70.0,0.0,0.0,17.2,97.5,1011.0,70.4,7.3,299.2,25.8,21165,65657,30.0,25.8,28.1,33.3,25.8,30.7,22.1
Scarborough,2010-04-14,74.3,0.3048,8.33,17.2,107.1,1011.8,68.2,7.1,162.3,13.8,21132,65659,30.0,18.2,28.0,34.2,18.2,31.4,23.1
Scarborough,2010-04-15,77.1,2.0827999999999998,12.5,12.8,116.4,1011.3,88.9,7.2,110.2,9.5,21100,65663,29.0,26.2,27.6,32.8,26.2,30.6,23.2
Scarborough,2010-04-16,80.2,4.2926,20.83,11.4,148.7,1011.8,80.6,8.3,190.6,16.6,21068,65666,27.6,25.0,26.5,31.3,25.0,28.1,22.8
Scarborough,2010-04-17,73.2,0.3048,4.17,12.1,61.5,1012.1,70.2,8.3,268.9,23.1,21037,65670,30.0,25.3,27.6,34.2,25.3,29.7,22.3
Scarborough,2010-04-18,75.3,0.0,0.0,11.4,109.4,1012.5,88.6,8.1,282.8,24.3,21006,65674,30.2,26.0,28.0,35.2,26.0,30.8,23.2
Scarborough,2010-04-19,75.8,0.4064,8.33,16.1,106.2,1013.0,48.8,8.5,165.2,14.2,20975,65678,30.7,27.0,28.7,35.2,29.7,32.8,23.8
Scarborough,2010-04-20,75.1,0.7111999999999999,12.5,13.2,102.9,1011.9,36.8,8.4,257.0,22.2,20946,65683,30.1,26.0,28.4,35.1,26.0,32.2,23.6
Scarborough,2010-04-21,76.3,2.0065999999999997,4.17,16.3,102.4,1011.7,62.3,7.5,283.7,24.5,20916,65687,31.0,26.0,28.2,35.5,26.0,31.7,23.6
Scarborough,2010-04-22,72.5,0.0,0.0,17.2,98.5,1012.1,45.1,10.6,315.5,27.4,20887,65693,31.0,27.0,28.7,34.6,29.2,32.4,23.2
Scarborough,2010-04-23,71.1,172.212,4.17,18.3,99.9,1012.2,74.9,9.2,318.9,27.6,20859,65698,31.1,26.9,28.8,35.6,29.3,32.5,23.1
Scarborough,2010-04-24,72.2,1.016,8.33,18.6,91.4,1012.8,80.0,7.0,267.6,23.0,20831,65704,32.0,27.0,29.0,36.8,29.7,33.0,23.4
Scarborough,2010-04-25,69.2,0.3048,8.33,18.1,93.8,1012.4,45.7,6.7,313.8,27.0,20804,65710,31.2,26.1,28.8,35.5,26.1,32.0,22.5
Scarborough,2010-04-26,72.3,2.2352,33.33,19.9,89.0,1012.4,53.3,6.6,295.5,25.5,20778,65717,31.1,27.8,29.1,36.7,30.8,33.2,23.4
Scarborough,2010-04-27,72.1,0.8128,12.5,22.6,90.8,1013.9,86.4,5.1,259.6,22.3,20752,65724,31.1,27.0,29.3,37.8,30.1,33.7,23.7
Scarborough,2010-04-28,68.3,0.0,0.0,23.0,98.0,1014.7,83.7,4.3,297.7,25.6,20727,65731,31.1,27.8,28.9,35.6,30.1,32.3,22.5
Scarborough,2010-04-29,66.5,0.3048,8.33,20.8,95.9,1014.7,43.1,6.2,303.3,26.4,20703,65739,31.0,26.0,28.8,34.6,26.0,31.5,21.8
Scarborough,2010-04-30,67.5,0.0,0.0,18.3,98.2,1014.6,58.6,7.6,300.8,25.9,20679,65747,31.1,25.9,28.6,36.6,25.9,30.9,21.8
Scarborough,2010-05-01,68.7,0.0,0.0,23.0,83.4,1013.8,30.3,7.6,255.0,21.9,23015,64395,30.0,25.0,27.1,32.6,25.0,28.3,20.8
Scarborough,2010-05-02,70.4,0.0,0.0,20.8,80.7,1014.0,67.4,8.2,259.3,22.6,23181,65264,29.1,24.0,26.6,31.1,24.0,27.3,20.7
Scarborough,2010-05-03,70.3,0.0,0.0,21.9,104.2,1012.9,31.5,7.6,291.2,25.2,22546,65592,30.1,26.8,28.0,33.4,28.8,30.6,22.0
Scarborough,2010-05-04,66.3,0.0,0.0,16.1,84.0,1012.4,80.0,6.7,276.0,23.9,21440,65641,31.0,25.8,27.9,33.8,25.8,29.6,20.9
Scarborough,2010-05-05,66.8,0.0,0.0,15.4,105.6,1012.7,45.7,9.0,326.5,28.2,20570,65792,30.1,25.0,28.1,32.8,25.0,30.1,21.2
Scarborough,2010-05-06,78.9,11.9888,8.33,12.1,99.6,1015.3,70.9,6.3,136.6,11.8,20335,66242,30.0,25.0,27.9,37.4,25.0,31.6,23.9
Scarborough,2010-05-07,81.5,6.095999999999999,4.17,16.1,136.8,1013.3,81.7,7.6,200.0,17.2,20688,66615,29.1,24.0,26.8,33.7,24.0,28.9,23.3
Scarborough,2010-05-08,74.7,0.508,8.33,10.3,107.8,1013.6,48.4,8.2,232.8,20.1,21093,66371,30.0,25.0,27.9,34.2,25.0,30.8,22.9
Scarborough,2010-05-09,70.9,0.1016,4.17,10.3,109.3,1012.6,69.6,7.7,197.9,17.1,21169,65416,31.0,25.8,28.4,35.5,25.8,30.8,22.4
Scarborough,2010-05-10,71.3,1.0921999999999998,8.33,15.0,120.5,1011.5,80.8,7.3,193.3,16.8,21103,64249,31.0,28.0,29.6,36.6,31.3,34.2,23.8
Scarborough,2010-05-11,77.4,13.9192,8.33,20.8,124.2,1010.5,80.8,6.1,235.9,20.3,21343,63430,30.0,25.9,27.7,35.1,25.9,30.6,23.4
Scarborough,2010-05-12,76.5,2.0065999999999997,4.17,17.2,83.9,1012.4,68.6,7.9,209.7,18.2,22116,63513,29.1,24.0,27.1,32.8,24.0,29.1,22.6
Scarborough,2010-05-13,72.2,0.9905999999999999,4.17,18.3,93.5,1013.0,53.4,7.5,286.1,24.7,20436,65884,31.1,25.8,28.7,35.5,25.8,31.8,23.1
Scarborough,2010-05-14,82.2,37.795199999999994,12.5,17.4,93.3,1014.3,84.8,6.5,188.6,16.3,20422,65897,29.0,25.0,26.8,34.4,25.0,29.1,23.5
Scarborough,2010-05-15,69.1,0.1016,4.17,19.5,88.4,1013.6,74.0,7.8,230.8,19.8,20410,65911,31.0,26.6,28.7,34.6,26.6,31.7,22.3
Scarborough,2010-05-16,80.4,2.8447999999999998,50.0,16.8,79.6,1013.3,72.2,7.1,185.9,15.9,20398,65924,31.2,26.1,28.3,35.9,26.1,32.9,24.5
Scarborough,2010-05-17,81.4,5.9944,12.5,17.2,102.3,1013.1,84.8,7.0,231.6,19.9,20388,65938,31.1,25.0,28.0,36.2,25.0,31.5,24.4
Scarborough,2010-05-18,79.2,42.9006,4.17,17.7,103.9,1013.1,83.8,6.4,244.4,21.1,20378,65953,30.0,25.0,27.9,35.1,25.0,31.3,23.9
Scarborough,2010-05-19,69.4,2.9972,4.17,19.7,83.5,1012.4,45.9,7.6,298.5,26.0,20369,65967,31.1,26.7,28.7,34.6,28.8,31.8,22.4
Scarborough,2010-05-20,70.3,0.0,0.0,19.5,93.7,1012.1,35.3,7.6,305.1,26.5,20360,65982,32.0,27.0,29.0,35.8,29.7,32.7,22.9
Scarborough,2010-05-21,75.7,0.2032,8.33,17.2,84.5,1012.0,29.2,7.7,305.5,26.4,20353,65997,31.0,25.2,28.8,36.2,25.2,33.1,23.9
Scarborough,2010-05-22,75.1,0.8128,16.67,16.3,103.5,1010.8,53.5,6.6,277.4,24.0,20346,66012,30.1,27.0,28.7,35.8,30.1,32.8,23.8
Scarborough,2010-05-23,76.4,3.302,12.5,20.4,104.9,1010.3,51.3,7.0,205.0,17.7,20340,66028,31.0,26.1,28.5,36.6,26.1,32.6,23.9
Scarborough,2010-05-24,72.7,0.9905999999999999,4.17,18.8,103.0,1010.8,66.5,6.6,203.4,17.7,20335,66044,31.0,27.0,29.1,36.6,30.1,33.3,23.6
Scarborough,2010-05-25,80.1,32.004,8.33,23.0,94.7,1010.9,71.4,4.6,190.1,16.5,20331,66060,30.0,24.8,27.6,35.1,24.8,30.7,23.8
Scarborough,2010-05-26,85.7,108.9914,12.5,20.8,121.3,1012.4,91.6,3.6,109.8,9.5,20327,66076,28.4,24.0,26.3,34.1,24.0,28.0,23.7
Scarborough,2010-05-27,81.8,35.0012,8.33,13.9,136.9,1012.6,86.8,6.3,161.0,13.8,20324,66092,28.6,26.0,27.3,33.1,26.0,30.1,23.9
Scarborough,2010-05-28,84.2,11.4808,8.33,13.9,103.9,1012.9,90.0,7.0,106.0,9.1,20323,66108,28.2,24.0,26.4,33.8,24.0,28.1,23.5
Scarborough,2010-05-29,85.0,101.77779999999998,12.5,11.4,107.6,1013.1,88.4,6.4,130.9,11.3,20321,66125,27.1,23.8,25.8,30.9,23.8,26.8,23.0
Scarborough,2010-05-30,79.1,0.0,0.0,15.0,102.2,1014.4,82.5,8.0,214.7,18.6,20321,66142,30.0,25.0,27.8,35.1,25.0,30.7,23.7
Scarborough,2010-05-31,77.3,0.3048,8.33,20.8,107.9,1015.5,62.1,7.4,256.2,22.1,20322,66158,30.2,26.8,28.6,36.2,29.7,33.0,24.2
Scarborough,2010-06-01,70.0,0.3048,4.17,20.4,89.2,1013.9,30.7,7.5,242.4,21.0,23035,64428,30.0,25.0,27.3,32.6,25.0,28.9,21.3
Scarborough,2010-06-02,67.8,0.1016,4.17,17.2,87.7,1013.0,77.7,8.0,212.2,18.2,23169,65284,29.0,23.0,26.1,30.8,23.0,26.5,19.5
Scarborough,2010-06-03,68.7,0.0,0.0,21.0,124.1,1011.7,43.3,7.7,262.4,22.6,22513,65597,30.0,26.2,27.8,32.6,26.2,30.1,21.5
Scarborough,2010-06-04,69.8,0.0,0.0,17.2,85.5,1012.3,82.9,5.6,207.4,18.0,21404,65643,31.0,25.7,27.7,32.6,25.7,29.8,21.6
Scarborough,2010-06-05,69.2,0.3048,12.5,15.9,97.1,1013.1,22.1,8.9,321.8,27.8,20551,65803,30.1,26.1,28.3,32.7,26.1,30.9,22.0
Scarborough,2010-06-06,72.5,1.5239999999999998,25.0,12.8,113.4,1014.4,74.5,7.5,199.7,17.1,20339,66259,30.1,27.0,28.8,34.3,29.7,32.7,23.3
Scarborough,2010-06-07,74.9,0.4064,4.17,18.3,96.2,1012.7,57.6,7.1,122.2,10.5,20703,66619,31.0,26.0,28.6,36.6,26.0,32.4,23.6
Scarborough,2010-06-08,75.3,1.3208,16.67,11.4,52.2,1012.9,37.2,7.8,256.0,22.0,21101,66349,30.8,25.8,28.3,35.1,25.8,31.7,23.4
Scarborough,2010-06-09,71.7,2.0065999999999997,8.33,11.4,71.6,1013.3,49.8,7.8,206.3,17.8,21167,65378,31.2,26.0,28.7,35.6,26.0,32.3,23.1
Scarborough,2010-06-10,68.8,0.6096,4.17,16.1,119.7,1011.6,85.0,7.3,134.2,11.7,21103,64213,31.0,28.0,29.3,35.5,31.3,33.2,22.9
Scarborough,2010-06-11,76.7,7.899399999999999,4.17,12.8,102.7,1010.5,83.5,7.2,213.8,18.5,21360,63417,30.1,24.9,27.4,34.3,24.9,29.8,22.9
Scarborough,2010-06-12,73.9,0.1016,4.17,18.3,81.2,1012.0,42.2,8.3,220.4,19.1,22148,63532,30.7,25.0,26.9,34.9,25.0,28.4,21.8
Scarborough,2010-06-13,74.2,0.7874,4.17,18.3,97.2,1013.9,41.2,7.3,245.7,21.2,20390,66373,30.1,26.0,27.8,34.3,26.0,30.1,22.7
Scarborough,2010-06-14,70.6,0.0,0.0,17.2,88.9,1013.6,79.5,7.7,276.7,23.8,20400,66388,31.0,25.9,27.9,34.6,25.9,30.0,22.0
Scarborough,2010-06-15,71.5,0.0,0.0,15.4,94.3,1014.0,87.6,8.2,238.3,20.5,20410,66403,30.0,25.8,28.1,34.8,25.8,30.6,22.3
Scarborough,2010-06-16,74.9,0.0,0.0,18.3,100.2,1014.0,78.9,7.8,241.6,20.8,20421,66418,30.2,26.0,28.2,35.3,26.0,31.5,23.3
Scarborough,2010-06-17,76.1,6.095999999999999,4.17,9.2,105.0,1013.2,69.7,7.5,203.5,17.7,20432,66433,30.0,26.0,27.9,34.2,26.0,31.1,23.3
Scarborough,2010-06-18,77.2,0.1016,4.17,16.1,107.9,1012.5,79.1,7.1,175.9,15.1,20443,66447,31.0,25.9,28.3,36.3,25.9,31.8,23.9
Scarborough,2010-06-19,80.3,10.1854,12.5,120.8,96.7,1011.4,84.0,6.7,117.9,10.3,20455,66461,31.0,25.9,27.8,36.6,25.9,31.2,24.1
Scarborough,2010-06-20,82.8,10.8966,8.33,19.5,106.5,1011.3,84.2,6.0,162.1,14.0,20468,66474,29.1,24.8,26.8,32.9,24.8,29.1,23.6
Scarborough,2010-06-21,84.7,90.0938,12.5,20.8,114.1,1013.1,91.1,5.1,180.5,15.6,20481,66487,28.7,24.0,25.9,33.9,24.0,27.2,23.1
Scarborough,2010-06-22,78.0,17.8054,8.33,16.1,139.9,1013.3,73.9,7.8,255.2,21.9,20494,66500,30.0,25.0,27.7,35.1,25.0,30.6,23.4
Scarborough,2010-06-23,82.9,9.194799999999999,12.5,16.1,114.5,1013.9,82.3,6.9,187.1,16.0,20507,66512,28.1,24.0,26.6,32.5,24.0,28.4,23.4
Scarborough,2010-06-24,77.3,4.5973999999999995,8.33,16.1,100.1,1013.0,43.9,7.4,244.8,21.0,20521,66524,30.1,25.1,28.0,36.3,25.1,31.1,23.6
Scarborough,2010-06-25,76.9,0.1016,4.17,16.1,115.1,1013.3,55.8,7.3,259.5,22.3,20535,66535,30.0,26.1,28.1,35.1,26.1,31.7,23.6
Scarborough,2010-06-26,73.6,3.8099999999999996,4.17,16.1,118.2,1013.3,36.8,8.8,249.3,21.6,20550,66546,30.0,27.0,28.5,35.1,29.8,32.2,23.3
Scarborough,2010-06-27,74.2,0.9143999999999999,12.5,20.8,94.7,1012.4,33.6,7.6,252.8,22.0,20564,66556,31.0,26.0,28.6,35.5,26.0,32.0,23.4
Scarborough,2010-06-28,72.8,0.0,0.0,16.1,105.4,1013.5,55.2,6.9,265.6,23.1,20579,66565,30.2,26.9,28.4,34.3,29.2,31.8,23.0
Scarborough,2010-06-29,73.0,0.2032,4.17,17.2,104.2,1014.0,44.9,6.9,303.7,26.0,20594,66574,30.0,25.1,27.7,34.2,25.1,30.1,22.4
Scarborough,2010-06-30,79.7,8.102599999999999,8.33,15.9,99.9,1014.4,70.5,6.7,255.0,22.2,20610,66583,30.1,26.0,27.3,34.3,26.0,29.6,23.4
Scarborough,2010-07-01,67.4,0.1016,4.17,19.0,91.1,1014.1,34.6,7.5,260.8,22.6,23055,64461,29.1,23.84,26.0,30.9,23.84,26.6,19.3
Scarborough,2010-07-02,72.8,0.0,0.0,20.8,103.2,1012.7,54.0,8.5,250.8,21.6,23157,65303,29.0,22.9,25.8,31.4,22.9,26.7,20.5
Scarborough,2010-07-03,70.9,0.0,0.0,19.7,125.1,1011.6,76.5,7.4,305.1,26.3,22480,65601,29.1,26.0,27.8,32.0,26.0,30.2,21.9
Scarborough,2010-07-04,71.9,0.6096,25.0,17.2,85.9,1011.9,72.9,6.0,286.0,24.7,21369,65644,31.0,26.9,28.6,34.6,29.7,31.7,22.8
Scarborough,2010-07-05,63.7,0.0,0.0,15.2,92.5,1013.1,50.9,8.3,300.3,26.0,20532,65813,31.1,26.0,28.6,33.5,26.0,30.6,20.9
Scarborough,2010-07-06,73.3,1.4986,8.33,18.3,105.3,1014.7,76.1,6.9,173.3,14.9,20345,66276,31.0,27.0,28.6,35.5,29.7,32.4,23.3
Scarborough,2010-07-07,78.2,2.0065999999999997,4.17,21.9,89.5,1012.7,80.3,7.2,232.1,20.2,20719,66622,29.1,26.0,27.7,33.6,26.0,30.5,23.4
Scarborough,2010-07-08,77.7,4.0893999999999995,4.17,13.9,88.2,1012.3,39.0,6.7,292.0,25.1,21109,66327,30.0,26.0,27.9,36.2,26.0,31.0,23.5
Scarborough,2010-07-09,75.0,2.8956,20.83,10.3,103.5,1012.9,59.8,6.7,100.8,8.8,21164,65340,30.9,25.0,27.8,35.2,25.0,30.6,22.9
Scarborough,2010-07-10,72.6,0.0,0.0,17.2,112.8,1012.6,79.1,7.5,245.1,21.0,21104,64177,30.8,27.0,29.2,35.8,29.2,33.8,23.8
Scarborough,2010-07-11,73.3,0.3048,12.5,12.8,124.3,1009.4,48.4,8.2,246.7,21.4,21378,63405,29.9,25.0,28.3,33.4,25.0,31.6,22.9
Scarborough,2010-07-12,79.7,7.112,4.17,18.3,78.1,1011.9,83.8,6.9,129.3,11.1,22180,63552,29.6,23.8,26.3,33.7,23.8,28.1,22.4
Scarborough,2010-07-13,75.5,0.9905999999999999,4.17,17.2,93.7,1011.9,60.5,7.1,170.5,14.8,20813,66628,30.1,26.0,28.0,35.1,26.0,31.1,23.2
Scarborough,2010-07-14,76.3,3.5052000000000003,8.33,23.0,95.0,1011.9,64.3,6.6,172.4,15.0,20828,66626,30.0,26.0,28.1,36.2,26.0,31.4,23.4
Scarborough,2010-07-15,81.3,5.1054,4.17,30.9,95.9,1012.0,70.7,6.5,267.1,23.0,20843,66623,28.3,24.2,26.3,32.3,24.2,27.7,22.9
Scarborough,2010-07-16,80.0,19.0754,16.67,17.2,135.7,1013.2,84.5,7.3,212.4,18.2,20858,66619,29.0,25.0,27.1,33.6,25.0,29.3,23.3
Scarborough,2010-07-17,80.7,50.3936,12.5,18.3,93.8,1016.0,85.1,7.1,149.0,12.9,20872,66615,28.4,24.9,26.4,32.7,24.9,27.4,22.8
Scarborough,2010-07-18,72.4,0.0,0.0,5.8,233.5,1015.4,83.3,7.7,292.3,25.3,20887,66610,30.1,24.1,27.6,33.8,24.1,29.6,22.0
Scarborough,2010-07-19,72.0,0.2032,4.17,15.0,110.9,1014.4,48.3,8.1,256.7,22.1,20901,66604,30.1,26.0,28.1,34.2,26.0,30.7,22.5
Scarborough,2010-07-20,75.1,0.508,4.17,13.9,106.3,1014.3,75.3,7.0,186.5,16.1,20915,66597,30.0,26.0,27.8,33.3,26.0,30.7,22.9
Scarborough,2010-07-21,85.2,59.20739999999999,12.5,14.3,106.0,1014.5,81.7,6.9,137.7,12.0,20928,66589,28.6,23.9,25.8,33.7,23.9,26.8,23.1
Scarborough,2010-07-22,81.2,8.889999999999999,4.17,19.2,99.5,1015.0,52.0,8.2,145.2,12.4,20942,66580,30.0,25.0,27.2,36.2,25.0,29.8,23.7
Scarborough,2010-07-23,73.4,0.7874,4.17,18.8,80.0,1015.4,35.5,7.6,293.8,25.4,20955,66571,31.0,25.0,27.9,35.5,25.0,30.2,22.6
Scarborough,2010-07-24,72.5,2.0065999999999997,4.17,20.8,83.0,1015.0,41.5,7.5,224.6,19.4,20968,66561,30.8,26.0,28.2,35.0,26.0,31.1,22.7
Scarborough,2010-07-25,72.0,1.016,12.5,17.7,77.0,1013.8,28.4,7.1,292.5,25.4,20980,66549,31.1,26.0,28.4,36.7,26.0,31.7,22.8
Scarborough,2010-07-26,72.6,0.1016,4.17,26.6,87.1,1013.2,54.2,7.1,305.0,26.4,20992,66537,30.2,24.9,28.0,33.4,24.9,30.5,22.5
Scarborough,2010-07-27,78.6,4.7752,12.5,24.6,98.8,1014.2,89.5,7.3,120.9,10.6,21004,66524,28.2,25.0,26.7,33.6,25.0,28.4,22.6
Scarborough,2010-07-28,74.7,0.6096,4.17,16.1,95.0,1014.4,60.5,9.2,211.3,18.3,21015,66511,30.1,24.9,27.8,35.1,24.9,30.4,22.8
Scarborough,2010-07-29,82.3,20.5994,8.33,15.0,32.7,1013.4,84.2,5.7,110.7,9.5,21026,66496,29.0,20.9,26.3,33.6,20.9,27.8,23.2
Scarborough,2010-07-30,82.2,9.6012,4.17,14.1,95.4,1011.5,76.3,7.1,123.8,10.7,21037,66481,29.0,25.0,26.9,33.6,25.0,29.1,23.6
Scarborough,2010-07-31,75.9,13.0048,4.17,17.7,64.2,1010.2,62.2,7.5,138.2,12.0,21047,66464,29.9,25.0,27.7,34.6,25.0,30.3,22.9
Scarborough,2010-08-01,70.4,0.508,4.17,18.8,78.3,1014.5,47.6,7.4,256.4,22.2,23073,64494,29.0,23.0,25.9,30.8,23.0,26.3,20.0
Scarborough,2010-08-02,70.3,0.0,0.0,19.0,89.6,1013.7,47.2,7.9,256.8,22.2,23144,65321,30.1,25.2,27.0,32.0,25.2,28.0,21.0
Scarborough,2010-08-03,73.0,0.0,0.0,19.5,122.6,1011.5,31.7,7.8,299.3,25.7,22447,65605,30.0,25.8,27.8,33.3,25.8,30.2,22.4
Scarborough,2010-08-04,75.5,4.0893999999999995,4.17,16.3,94.8,1012.5,74.5,4.2,245.6,21.1,21334,65646,30.0,25.9,27.6,33.2,25.9,30.3,22.8
Scarborough,2010-08-05,67.8,0.4064,12.5,17.2,88.0,1013.1,35.5,8.0,299.2,25.8,20514,65824,31.0,26.1,28.8,34.6,26.1,31.6,22.1
Scarborough,2010-08-06,75.0,7.899399999999999,4.17,17.4,105.8,1015.1,86.0,6.9,127.0,11.0,20351,66292,29.1,24.7,27.7,34.5,24.7,30.6,22.8
Scarborough,2010-08-07,83.6,27.101799999999997,12.5,16.1,99.7,1012.7,84.4,6.2,127.3,10.9,20735,66625,29.0,24.0,26.3,33.6,24.0,28.1,23.3
Scarborough,2010-08-08,73.6,0.3048,4.17,18.3,139.2,1012.9,61.0,7.1,158.5,13.7,21116,66305,30.1,25.9,27.9,34.5,25.9,30.8,22.7
Scarborough,2010-08-09,75.4,21.59,8.33,17.2,256.8,1012.0,78.8,6.5,151.6,13.2,21162,65301,30.0,25.1,27.6,34.6,25.1,29.9,22.8
Scarborough,2010-08-10,77.7,0.1016,4.17,16.1,96.8,1012.6,53.3,8.1,241.3,20.8,21105,64142,31.0,28.0,28.9,36.7,31.4,34.1,24.6
Scarborough,2010-08-11,74.5,1.2953999999999999,4.17,18.3,116.1,1009.4,51.8,8.8,188.4,16.3,21397,63394,31.0,27.0,29.0,37.8,29.6,33.7,24.0
Scarborough,2010-08-12,81.0,0.508,4.17,18.8,72.2,1011.8,73.2,7.0,180.3,15.6,22212,63572,29.0,24.7,26.9,33.6,24.7,29.3,23.3
Scarborough,2010-08-13,75.1,4.013199999999999,12.5,16.1,122.7,1014.2,66.2,7.2,274.2,23.6,21145,66180,30.8,25.8,28.8,36.3,25.8,33.1,23.9
Scarborough,2010-08-14,78.2,6.604,12.5,13.9,79.6,1015.3,66.0,8.2,238.9,20.6,21150,66153,30.1,24.0,26.6,33.4,24.0,28.1,22.4
Scarborough,2010-08-15,79.8,2.0065999999999997,4.17,11.2,86.7,1014.0,64.5,7.5,210.4,18.1,21154,66125,30.0,25.0,26.9,33.3,25.0,29.1,23.1
Scarborough,2010-08-16,79.5,45.211999999999996,8.33,13.9,259.3,1013.2,84.0,6.9,146.9,12.6,21158,66097,28.1,23.0,26.6,31.4,23.0,28.3,22.8
Scarborough,2010-08-17,75.1,0.0,0.0,12.8,106.7,1014.2,47.8,8.2,171.6,14.8,21162,66068,30.0,25.0,27.8,34.2,25.0,30.1,22.9
Scarborough,2010-08-18,72.7,0.0,0.0,17.2,92.7,1013.7,67.9,7.2,133.9,11.6,21165,66038,31.1,25.9,28.5,36.7,25.9,31.6,23.0
Scarborough,2010-08-19,73.7,19.812,8.33,10.3,45.3,1012.2,56.8,6.6,148.1,12.9,21168,66008,30.0,26.0,27.8,35.1,26.0,30.6,22.7
Scarborough,2010-08-20,75.9,0.1016,4.17,7.2,119.8,1012.4,75.7,7.5,245.0,21.2,21170,65977,30.1,25.8,28.0,35.2,25.8,31.1,23.3
Scarborough,2010-08-21,74.9,0.9143999999999999,20.83,12.8,86.4,1013.4,64.2,7.2,140.2,12.2,21173,65946,31.0,26.0,28.6,36.6,26.0,32.4,23.7
Scarborough,2010-08-22,76.9,1.016,8.33,13.9,109.3,1014.0,72.1,6.8,131.3,11.4,21174,65914,30.1,25.0,27.9,35.1,25.0,30.6,23.3
Scarborough,2010-08-23,74.5,6.604,8.33,16.1,95.3,1012.9,66.2,7.2,147.1,12.8,21176,65881,31.0,25.0,28.0,35.5,25.0,30.7,22.9
Scarborough,2010-08-24,80.9,0.508,4.17,14.1,81.5,1011.7,87.0,5.9,111.2,9.5,21177,65848,28.8,25.1,27.1,34.6,25.1,29.7,23.6
Scarborough,2010-08-25,77.4,20.802599999999998,4.17,11.4,115.0,1012.1,69.7,7.5,172.7,15.2,21178,65814,31.0,25.1,28.2,37.8,25.1,31.7,23.8
Scarborough,2010-08-26,72.5,1.2192,16.67,13.9,121.5,1012.4,86.2,7.5,164.4,14.2,21178,65780,31.0,26.0,29.3,36.6,26.0,33.7,23.7
Scarborough,2010-08-27,72.9,0.3048,4.17,13.9,111.1,1012.5,54.6,7.3,175.8,15.2,21178,65746,32.0,27.0,29.3,40.7,30.1,34.0,23.9
Scarborough,2010-08-28,72.1,0.3048,8.33,8.1,61.1,1011.8,48.0,8.1,162.9,14.2,21178,65711,31.0,26.2,28.7,35.5,26.2,32.2,23.1
Scarborough,2010-08-29,68.4,0.4064,4.17,9.2,223.0,1011.4,70.1,7.2,254.8,22.0,21178,65675,32.1,27.0,29.3,36.9,28.8,33.0,22.8
Scarborough,2010-08-30,70.2,0.4064,4.17,13.9,119.7,1011.6,89.4,8.0,224.2,19.3,21177,65639,32.0,27.0,29.6,37.9,29.7,34.1,23.5
Scarborough,2010-08-31,67.1,0.0,0.0,12.8,123.1,1010.4,82.8,8.0,216.6,18.9,21176,65603,31.1,28.0,29.5,35.7,31.3,33.2,22.7
Scarborough,2010-09-01,76.6,10.0838,16.67,18.3,83.1,1013.7,67.6,7.0,255.8,22.0,23090,64526,27.9,21.9,25.2,29.5,21.9,25.8,20.7
Scarborough,2010-09-02,71.9,0.0,0.0,20.8,89.6,1013.5,38.6,7.2,260.3,22.3,23130,65339,29.1,24.9,26.7,31.4,24.9,27.7,21.1
Scarborough,2010-09-03,73.0,0.0,0.0,18.1,123.2,1012.6,44.0,7.1,260.9,22.5,22414,65608,30.0,26.9,28.1,34.2,29.2,31.1,22.7
Scarborough,2010-09-04,71.9,2.0065999999999997,4.17,18.3,107.7,1013.3,69.2,6.3,294.2,25.3,21300,65647,30.0,25.0,27.7,34.2,25.0,30.1,22.1
Scarborough,2010-09-05,67.7,0.0,0.0,17.2,91.2,1013.5,73.0,8.9,293.7,25.3,20497,65836,31.0,26.3,28.7,34.6,26.3,31.4,22.0
Scarborough,2010-09-06,79.1,4.0893999999999995,4.17,20.8,102.6,1014.5,89.3,7.0,123.3,10.6,20357,66309,29.1,25.0,26.9,33.7,25.0,29.1,23.0
Scarborough,2010-09-07,80.6,6.8834,12.5,18.3,95.9,1013.6,87.6,5.6,212.5,18.5,20751,66627,30.1,25.0,26.9,37.3,25.0,29.0,23.3
Scarborough,2010-09-08,82.1,0.9905999999999999,4.17,16.1,138.7,1013.9,75.8,6.9,189.6,16.3,21122,66281,31.0,25.0,28.3,37.8,25.0,33.2,24.9
Scarborough,2010-09-09,77.7,42.9768,12.5,17.2,285.3,1011.4,89.0,6.3,132.2,11.4,21159,65262,28.1,24.0,26.5,31.3,24.0,27.8,22.2
Scarborough,2010-09-10,73.0,0.0,0.0,13.9,119.6,1012.7,43.7,8.0,187.8,16.3,21106,64107,34.0,26.7,29.3,40.6,29.4,33.8,23.8
Scarborough,2010-09-11,73.3,0.0,0.0,17.7,107.9,1010.5,76.7,9.3,243.3,20.9,21416,63385,31.0,27.0,28.9,39.1,29.7,33.2,23.6
Scarborough,2010-09-12,77.5,9.4996,12.5,13.9,78.4,1010.9,72.8,7.3,198.9,17.4,22244,63594,29.0,24.0,26.3,32.0,24.0,27.3,22.0
Scarborough,2010-09-13,73.8,0.9143999999999999,16.67,9.2,115.9,1011.0,44.1,8.5,128.7,11.2,21148,65105,31.0,26.0,28.6,35.5,26.0,31.9,23.3
Scarborough,2010-09-14,71.6,0.1016,4.17,9.2,128.4,1011.2,47.5,8.7,257.3,22.3,21145,65065,31.0,26.0,28.5,36.6,26.0,31.3,22.8
Scarborough,2010-09-15,75.4,1.9304,25.0,8.1,103.7,1010.3,49.6,7.7,248.4,21.4,21142,65025,32.0,26.0,28.9,44.2,26.0,33.4,24.1
Scarborough,2010-09-16,71.4,1.016,29.17,11.4,151.3,1009.5,86.3,7.9,184.3,16.0,21139,64986,31.0,26.0,29.2,36.0,26.0,33.2,23.4
Scarborough,2010-09-17,70.1,0.7874,4.17,21.9,185.8,1009.5,89.9,7.6,139.9,12.1,21136,64946,30.0,27.0,28.4,35.3,28.8,31.6,22.4
Scarborough,2010-09-18,73.2,1.8033999999999997,12.5,15.0,152.6,1011.9,89.9,9.3,135.9,11.7,21133,64906,30.1,27.6,28.8,36.2,30.6,32.9,23.5
Scarborough,2010-09-19,73.1,2.1336,33.33,11.4,92.4,1012.2,81.8,7.2,189.0,16.5,21130,64866,31.0,26.0,28.6,35.5,26.0,32.2,23.2
Scarborough,2010-09-20,79.7,31.496,12.5,9.2,53.8,1010.6,89.9,6.5,124.6,10.8,21128,64826,29.2,25.0,27.0,33.6,25.0,29.0,23.1
Scarborough,2010-09-21,78.3,0.7874,4.17,17.2,130.4,1010.9,85.4,6.9,131.0,11.4,21125,64787,27.7,25.0,26.6,31.5,25.0,28.0,22.5
Scarborough,2010-09-22,73.0,0.0,0.0,12.8,106.4,1011.3,63.5,8.0,205.2,17.7,21122,64747,30.1,25.0,27.7,34.2,25.0,29.6,22.3
Scarborough,2010-09-23,73.9,0.6096,12.5,13.9,98.3,1010.9,57.3,7.7,230.1,19.9,21119,64708,30.0,26.0,27.9,34.2,26.0,30.6,22.8
Scarborough,2010-09-24,73.8,1.016,33.33,17.2,97.0,1010.8,44.9,7.6,280.7,24.1,21117,64668,31.1,26.0,28.6,35.5,26.0,32.0,23.3
Scarborough,2010-09-25,74.8,6.095999999999999,8.33,16.6,112.4,1011.2,75.2,6.5,229.9,20.0,21115,64629,31.0,25.1,28.3,36.6,25.1,31.9,23.4
Scarborough,2010-09-26,71.9,6.095999999999999,4.17,17.2,126.1,1011.3,78.3,8.0,125.8,10.9,21112,64590,30.1,25.1,28.4,34.2,25.1,31.4,22.7
Scarborough,2010-09-27,72.7,1.2192,16.67,12.8,90.6,1010.8,41.9,7.6,127.5,11.0,21110,64551,31.0,26.0,28.4,35.5,26.0,31.4,22.9
Scarborough,2010-09-28,72.2,0.1016,4.17,12.8,107.4,1009.8,68.5,7.6,206.7,17.8,21109,64512,31.0,25.0,28.0,35.5,25.0,30.4,22.4
Scarborough,2010-09-29,74.3,1.2953999999999999,8.33,17.2,89.4,1009.9,37.9,7.1,230.9,19.9,21107,64474,31.2,26.0,28.3,35.7,26.0,31.7,23.2
Scarborough,2010-09-30,72.8,0.7111999999999999,20.83,10.5,124.2,1009.9,72.6,7.7,121.5,10.5,21106,64435,31.2,26.0,28.7,36.5,26.0,32.1,23.2
Scarborough,2010-10-01,72.3,0.3048,4.17,18.3,94.0,1013.6,50.7,7.7,262.7,22.8,23107,64559,29.0,23.0,26.7,32.0,23.0,27.8,21.2
Scarborough,2010-10-02,69.5,0.0,0.0,17.7,91.1,1011.7,48.9,7.2,277.6,24.0,23115,65356,29.0,25.0,26.6,30.8,25.0,27.2,20.4
Scarborough,2010-10-03,70.3,0.0,0.0,18.3,116.8,1012.5,51.7,6.9,229.6,19.7,22380,65611,30.0,26.7,28.1,33.6,26.7,30.7,22.1
Scarborough,2010-10-04,67.0,0.0,0.0,15.7,101.7,1013.5,74.1,7.2,278.4,23.9,21266,65649,30.0,26.0,27.9,32.6,26.0,29.7,21.1
Scarborough,2010-10-05,72.2,0.9143999999999999,20.83,16.1,94.9,1012.5,79.5,8.4,245.3,21.2,20480,65847,30.0,26.0,27.9,33.6,26.0,30.7,22.4
Scarborough,2010-10-06,81.1,45.8978,8.33,18.3,129.5,1015.0,84.1,6.7,210.4,18.2,20365,66325,30.0,24.9,26.2,34.2,24.9,27.6,22.7
Scarborough,2010-10-07,75.9,0.7874,4.17,18.3,93.2,1013.6,55.8,6.5,189.9,16.5,20766,66629,31.0,26.9,28.5,36.6,29.7,32.6,23.8
Scarborough,2010-10-08,77.0,1.1176,20.83,11.4,132.2,1013.6,60.7,7.9,217.3,18.7,21129,66257,30.2,26.0,28.4,36.2,26.0,32.5,23.9
Scarborough,2010-10-09,76.3,0.508,4.17,13.9,258.4,1010.6,84.2,6.5,213.9,18.5,21157,65223,29.3,26.8,27.7,33.7,29.2,30.8,23.1
Scarborough,2010-10-10,72.0,0.2032,8.33,18.3,108.4,1013.3,34.1,7.7,270.3,23.4,21108,64073,32.0,28.0,29.6,40.7,31.3,34.5,23.9
Scarborough,2010-10-11,71.8,0.3048,4.17,15.7,89.9,1010.5,43.6,8.3,118.1,10.2,21437,63376,31.1,26.0,28.7,35.6,26.0,32.0,22.9
Scarborough,2010-10-12,78.8,5.588,12.5,20.1,79.6,1010.5,76.2,7.0,196.6,17.1,22276,63616,29.0,25.0,26.8,32.1,25.0,28.6,22.8
Scarborough,2010-10-13,70.0,0.0,0.0,19.5,97.2,1012.6,32.8,7.2,284.9,24.7,21116,63974,31.0,26.0,28.6,35.5,26.0,31.5,22.4
Scarborough,2010-10-14,79.4,9.398,8.33,17.2,97.1,1012.1,46.7,6.5,210.7,18.2,21120,63941,31.0,25.1,27.6,35.8,25.1,30.5,23.6
Scarborough,2010-10-15,70.9,0.0,0.0,15.0,97.0,1012.0,42.6,8.1,177.1,15.3,21124,63910,31.0,27.2,29.2,36.6,29.8,33.2,23.3
Scarborough,2010-10-16,73.7,0.1016,4.17,14.1,95.1,1012.4,63.3,7.6,107.9,9.3,21128,63879,31.0,25.8,28.0,35.5,25.8,30.7,22.8
Scarborough,2010-10-17,74.1,7.899399999999999,4.17,11.4,65.0,1012.4,77.4,7.6,90.9,7.9,21134,63849,30.0,26.0,27.8,34.2,26.0,30.1,22.7
Scarborough,2010-10-18,73.9,0.7111999999999999,16.67,12.8,83.3,1012.2,82.7,7.4,189.2,16.3,21139,63820,30.8,25.9,27.9,34.6,25.9,30.3,22.7
Scarborough,2010-10-19,75.6,9.8806,8.33,15.0,43.0,1012.3,50.6,7.1,267.5,23.0,21145,63791,31.0,25.2,27.1,34.6,25.2,28.5,22.3
Scarborough,2010-10-20,69.5,5.0038,8.33,17.0,78.3,1011.7,73.5,7.5,219.8,19.0,21152,63763,31.0,25.0,28.1,34.0,25.0,30.3,21.8
Scarborough,2010-10-21,71.8,4.2926,4.17,19.0,77.5,1012.1,82.6,7.9,263.0,22.8,21159,63736,31.0,25.0,27.9,34.0,25.0,30.4,22.3
Scarborough,2010-10-22,73.6,0.1016,4.17,19.5,79.0,1011.6,78.3,7.8,248.5,21.4,21167,63709,31.0,26.0,28.1,35.5,26.0,30.7,22.8
Scarborough,2010-10-23,69.3,0.2032,8.33,18.3,81.0,1010.9,48.4,8.4,284.7,24.8,21176,63683,32.0,26.0,28.6,35.8,26.0,31.2,22.2
Scarborough,2010-10-24,69.5,11.9126,4.17,17.2,55.4,1010.0,68.3,7.7,275.6,23.8,21185,63659,30.0,26.0,27.7,33.6,26.0,29.7,21.6
Scarborough,2010-10-25,69.4,0.508,4.17,17.4,57.4,1009.8,79.5,8.2,255.9,22.3,21194,63634,30.3,25.0,27.6,33.3,25.0,29.3,21.4
Scarborough,2010-10-26,77.6,18.592799999999997,4.17,17.2,90.7,1010.5,85.8,7.3,167.5,14.6,21205,63611,30.0,24.7,27.3,35.1,24.7,29.8,23.0
Scarborough,2010-10-27,75.9,5.1054,4.17,15.0,97.9,1010.1,87.9,7.5,162.3,13.9,21215,63589,30.0,25.0,27.1,34.2,25.0,28.7,22.4
Scarborough,2010-10-28,76.2,7.112,8.33,16.1,116.2,1010.0,86.7,8.3,172.9,15.2,21227,63567,29.2,25.0,27.3,33.7,25.0,29.7,22.8
Scarborough,2010-10-29,76.9,2.0065999999999997,4.17,14.3,55.0,1009.8,89.4,6.9,142.3,12.3,21239,63547,30.1,25.1,27.3,35.2,25.1,29.2,22.8
Scarborough,2010-10-30,80.6,3.302,12.5,10.3,224.4,1008.2,89.9,7.1,145.4,12.6,21252,63527,30.0,25.0,27.4,35.8,25.0,30.5,23.7
Scarborough,2010-10-31,86.2,131.8006,12.5,15.0,107.1,1010.6,87.5,4.7,115.3,10.0,21265,63508,29.0,24.0,26.2,33.6,24.0,27.7,23.6
Scarborough,2010-11-01,71.9,0.1016,4.17,18.3,83.3,1014.7,73.6,7.8,260.2,22.7,23122,64591,29.1,24.0,26.6,31.4,24.0,27.8,21.0
Scarborough,2010-11-02,69.9,0.0,0.0,14.1,104.3,1011.6,29.3,7.5,287.6,24.8,23099,65372,28.1,23.0,26.1,30.2,23.0,26.8,20.1
Scarborough,2010-11-03,67.9,0.0,0.0,17.7,119.8,1012.0,54.3,7.0,246.7,21.3,22345,65614,30.1,26.0,27.9,32.7,26.0,30.1,21.4
Scarborough,2010-11-04,69.5,0.3048,12.5,15.4,103.8,1011.7,71.5,7.1,303.0,26.0,21232,65652,29.1,25.0,27.6,31.5,25.0,29.6,21.4
Scarborough,2010-11-05,70.7,0.6096,20.83,16.3,87.8,1012.4,57.2,7.6,305.3,26.3,20465,65859,31.7,26.0,28.6,34.7,26.0,31.7,22.6
Scarborough,2010-11-06,77.2,0.3048,4.17,15.0,111.6,1015.6,54.9,7.6,217.7,18.8,20373,66341,30.0,24.0,27.3,34.6,24.0,29.8,22.8
Scarborough,2010-11-07,76.8,0.7874,4.17,15.7,96.3,1012.4,60.5,6.8,224.0,19.3,20782,66629,30.0,26.8,28.4,36.2,29.3,32.6,23.9
Scarborough,2010-11-08,74.9,0.3048,12.5,15.0,117.1,1013.7,52.3,8.1,243.1,20.9,21135,66232,30.1,26.0,28.2,35.1,26.0,31.4,23.2
Scarborough,2010-11-09,80.9,20.904199999999996,8.33,12.8,139.2,1011.2,77.0,7.2,174.3,14.8,21154,65184,30.0,24.8,26.9,34.2,24.8,29.3,23.3
Scarborough,2010-11-10,71.5,0.0,0.0,16.1,99.6,1013.3,33.9,7.5,273.1,23.5,21110,64039,32.0,26.9,29.1,37.8,29.3,33.0,23.3
Scarborough,2010-11-11,73.5,0.9143999999999999,12.5,16.1,86.4,1011.2,76.2,7.8,128.7,11.1,21457,63369,31.0,26.6,28.7,36.6,26.6,32.4,23.4
Scarborough,2010-11-12,76.6,0.0,0.0,16.1,79.2,1010.7,42.6,7.7,238.1,20.5,22308,63639,29.3,25.0,26.9,32.8,25.0,28.3,22.4
Scarborough,2010-11-13,74.8,0.508,8.33,15.0,103.2,1011.7,71.9,7.7,129.0,11.4,21501,63357,30.2,25.0,27.7,34.3,25.0,29.9,22.7
Scarborough,2010-11-14,81.0,14.528799999999999,12.5,13.9,105.1,1011.8,88.1,6.9,92.8,8.0,21523,63353,28.2,25.0,26.6,32.6,25.0,28.2,23.1
Scarborough,2010-11-15,75.7,7.899399999999999,4.17,12.8,86.3,1011.3,54.5,7.8,113.3,9.7,21547,63350,30.9,24.6,27.5,34.3,24.6,29.7,22.7
Scarborough,2010-11-16,77.9,4.5973999999999995,8.33,14.5,38.9,1011.4,51.8,7.7,233.1,20.1,21570,63348,30.0,25.0,27.2,33.3,25.0,29.1,22.9
Scarborough,2010-11-17,83.2,18.9992,12.5,20.8,86.2,1011.5,65.4,6.2,139.4,12.0,21595,63347,29.0,24.9,26.3,32.8,24.9,27.8,23.2
Scarborough,2010-11-18,77.6,6.095999999999999,8.33,10.5,100.9,1010.8,60.3,7.5,114.8,9.9,21620,63347,30.0,24.9,27.4,34.2,24.9,29.8,23.1
Scarborough,2010-11-19,74.0,0.0,0.0,9.2,29.2,1010.6,47.1,7.8,229.7,19.8,21646,63348,30.0,24.9,27.2,34.2,24.9,28.8,22.1
Scarborough,2010-11-20,76.2,0.9905999999999999,4.17,20.8,83.3,1011.7,69.7,7.4,165.0,14.4,21672,63351,30.0,25.9,27.3,33.3,25.9,29.3,22.7
Scarborough,2010-11-21,70.7,0.2032,4.17,17.4,74.3,1011.8,88.1,7.7,172.0,14.9,21698,63354,30.7,24.8,27.4,34.2,24.8,28.9,21.5
Scarborough,2010-11-22,74.1,0.4064,4.17,18.8,53.3,1010.2,85.9,7.5,135.5,11.8,21726,63359,30.0,25.0,27.1,33.3,25.0,28.5,21.9
Scarborough,2010-11-23,79.2,13.9954,8.33,23.5,62.6,1008.4,89.8,6.0,45.3,4.0,21753,63364,30.0,24.0,25.7,33.3,24.0,26.5,21.8
Scarborough,2010-11-24,80.7,18.211799999999997,4.17,19.0,70.3,1008.7,89.4,6.2,158.1,13.7,21782,63371,28.2,24.0,25.8,32.9,24.0,26.6,22.3
Scarborough,2010-11-25,76.4,2.9972,4.17,17.2,85.2,1009.8,79.1,7.4,134.8,11.7,21810,63379,30.1,25.0,27.1,34.2,25.0,28.8,22.6
Scarborough,2010-11-26,84.7,38.88739999999999,8.33,15.4,84.7,1010.2,92.3,4.8,67.1,5.7,21839,63388,28.4,23.9,25.1,33.6,23.9,25.6,22.3
Scarborough,2010-11-27,78.9,16.509999999999998,8.33,15.0,83.0,1011.1,65.5,7.4,71.0,6.0,21869,63397,29.8,24.0,26.8,33.9,24.0,28.7,22.7
Scarborough,2010-11-28,74.4,0.8128,12.5,19.2,77.4,1011.0,39.6,7.7,182.1,15.8,21899,63408,30.1,25.0,27.3,34.0,25.0,29.3,22.3
Scarborough,2010-11-29,76.9,10.8966,4.17,25.3,70.0,1010.2,66.2,6.8,208.9,18.0,21929,63420,29.0,24.0,26.7,32.8,24.0,28.4,22.3
Scarborough,2010-11-30,69.6,4.0893999999999995,4.17,20.8,56.8,1010.4,82.0,7.6,151.2,12.9,21959,63433,29.3,24.0,27.2,31.8,24.0,28.7,21.0
Scarborough,2010-12-01,75.1,2.0065999999999997,4.17,18.3,90.8,1014.7,64.2,7.6,231.8,20.0,23137,64623,28.0,24.0,25.8,30.1,24.0,26.4,21.1
Scarborough,2010-12-02,68.8,0.0,0.0,15.0,100.8,1012.3,27.6,7.7,291.5,25.3,23082,65388,29.0,23.9,26.2,31.4,23.9,26.9,19.9
Scarborough,2010-12-03,67.4,0.0,0.0,16.1,108.5,1012.4,66.6,7.3,291.8,25.3,22310,65617,29.8,25.0,27.4,32.3,25.0,29.1,20.8
Scarborough,2010-12-04,65.6,0.0,0.0,16.1,108.5,1010.6,32.7,7.8,303.7,26.2,21198,65654,30.0,26.0,27.9,32.8,26.0,29.8,20.8
Scarborough,2010-12-05,72.8,0.3048,8.33,18.6,90.7,1012.0,81.0,6.9,289.2,24.9,20450,65872,31.1,26.2,28.6,35.7,26.2,32.0,23.1
Scarborough,2010-12-06,70.9,0.3048,12.5,16.1,99.4,1015.1,26.7,7.5,288.2,25.0,20381,66357,30.1,25.0,27.8,33.4,25.0,29.8,21.9
Scarborough,2010-12-07,73.5,3.9878,8.33,16.1,80.3,1012.2,82.5,7.0,248.8,21.5,20797,66629,30.0,26.0,28.1,34.2,26.0,30.9,22.8
Scarborough,2010-12-08,74.6,0.3048,4.17,16.1,111.8,1013.5,58.7,7.4,263.2,22.7,21140,66207,31.0,25.8,28.6,39.1,25.8,32.2,23.6
Scarborough,2010-12-09,74.5,2.0065999999999997,4.17,13.9,123.4,1011.1,51.4,7.7,214.3,18.5,21151,65144,31.0,25.8,28.2,35.5,25.8,31.2,23.1
Scarborough,2010-12-10,73.7,0.0,0.0,15.0,95.5,1012.8,43.6,7.6,188.9,16.3,21113,64006,30.9,26.0,28.1,35.1,26.0,30.9,22.9
Scarborough,2010-12-11,76.3,0.9905999999999999,4.17,9.2,99.3,1011.7,86.8,7.7,80.3,6.8,21479,63362,30.8,26.0,27.9,35.4,26.0,30.9,23.3
Scarborough,2010-12-12,75.5,0.1016,4.17,17.0,82.9,1010.4,53.9,8.1,254.2,22.0,22340,63663,29.2,24.8,26.6,32.2,24.8,27.8,21.8
Scarborough,2010-12-13,70.4,0.0,0.0,16.1,96.4,1009.3,38.6,8.9,258.9,22.3,22372,63687,30.1,24.1,27.2,32.7,24.1,28.7,21.2
Scarborough,2010-12-14,75.8,2.9972,4.17,16.3,69.6,1008.4,66.8,7.6,239.3,20.6,22404,63713,29.1,25.0,26.7,32.1,25.0,28.2,22.0
Scarborough,2010-12-15,82.5,7.086600000000001,8.33,18.3,88.4,1009.2,87.8,6.2,215.2,18.5,22436,63739,27.7,24.0,25.1,31.4,24.0,25.5,21.8
Scarborough,2010-12-16,75.0,0.2032,4.17,16.1,86.1,1011.4,81.5,7.7,162.7,14.1,22468,63765,30.0,23.0,26.6,33.3,23.0,28.1,21.7
Scarborough,2010-12-17,74.4,0.0,0.0,16.1,68.4,1011.8,79.7,8.3,236.8,20.4,22499,63793,30.0,24.0,26.9,33.3,24.0,28.7,21.9
Scarborough,2010-12-18,83.6,18.008599999999998,4.17,15.4,44.5,1010.3,55.3,6.3,249.9,21.6,22530,63820,28.2,23.9,26.6,33.2,23.9,28.8,23.5
Scarborough,2010-12-19,79.0,0.508,4.17,12.3,64.5,1009.8,56.2,7.1,248.8,21.4,22561,63849,30.0,24.0,27.2,36.2,24.0,29.8,23.2
Scarborough,2010-12-20,78.4,0.508,20.83,15.0,96.3,1010.8,43.7,8.3,200.1,17.3,22592,63878,30.0,24.0,26.7,34.2,24.0,28.4,22.6
Scarborough,2010-12-21,80.1,1.9811999999999999,8.33,12.3,35.3,1011.5,72.2,7.1,217.9,18.8,22622,63907,29.0,24.8,26.3,32.8,24.8,27.7,22.6
Scarborough,2010-12-22,79.0,0.508,4.17,12.8,102.0,1012.0,88.5,7.0,199.7,17.3,22652,63937,29.9,25.0,26.5,33.9,25.0,27.8,22.5
Scarborough,2010-12-23,77.8,0.508,4.17,12.8,41.5,1011.3,88.0,8.1,159.1,13.6,22681,63968,29.2,23.9,26.6,32.8,23.9,28.2,22.3
Scarborough,2010-12-24,80.0,2.0065999999999997,4.17,11.4,116.4,1011.0,72.7,7.7,130.6,11.3,22710,63998,29.0,24.8,26.4,32.8,24.8,27.8,22.6
Scarborough,2010-12-25,79.7,5.1054,4.17,15.2,82.1,1011.8,60.7,7.1,215.4,18.7,22738,64030,30.1,24.0,26.6,34.2,24.0,28.3,22.7
Scarborough,2010-12-26,72.9,0.508,4.17,17.2,92.0,1012.5,85.6,7.2,220.0,18.9,22766,64061,30.0,24.9,27.2,33.3,24.9,28.8,21.8
Scarborough,2010-12-27,72.6,1.5239999999999998,20.83,22.4,84.0,1012.2,88.5,7.5,245.1,21.2,22794,64093,30.0,25.8,27.7,33.8,25.8,30.0,22.3
Scarborough,2010-12-28,71.0,0.4064,12.5,18.1,75.5,1012.1,71.5,7.6,244.6,21.2,22821,64125,30.2,25.0,27.4,32.9,25.0,29.3,21.7
Scarborough,2010-12-29,74.3,1.016,8.33,17.7,71.7,1010.8,63.3,8.7,246.2,21.3,22847,64157,30.0,24.0,26.8,32.6,24.0,28.1,21.7
Scarborough,2010-12-30,75.0,11.684,8.33,22.1,53.6,1010.8,78.3,7.0,217.5,18.7,22872,64190,29.0,24.0,26.1,32.0,24.0,26.9,21.1
Scarborough,2010-12-31,69.8,0.508,4.17,20.1,57.7,1010.7,63.8,8.1,239.0,20.5,22897,64223,29.0,24.0,26.3,31.1,24.0,27.2,20.3
Scarborough,2011-01-01,72.9,0.4064,16.67,20.8,76.8,1011.0,74.9,7.7,235.7,20.3,22921,64255,29.7,24.0,26.5,32.8,24.0,27.7,21.2
Scarborough,2011-01-02,74.4,5.9182,12.5,19.2,79.9,1015.0,59.4,8.0,265.2,23.0,23217,65174,29.0,22.3,25.7,30.3,22.3,26.5,20.7
Scarborough,2011-01-03,68.1,0.0,0.0,18.6,53.4,1013.2,45.8,8.0,294.3,25.3,22678,65569,27.8,23.8,25.4,28.7,23.8,25.7,19.1
Scarborough,2011-01-04,68.7,0.1016,4.17,20.8,94.5,1014.5,80.2,7.1,284.1,24.6,21593,65638,29.2,26.0,27.2,31.4,26.0,28.3,20.9
Scarborough,2011-01-05,78.9,24.892,8.33,18.6,94.0,1010.7,84.7,6.5,222.3,19.1,20662,65753,30.0,24.1,27.0,35.1,24.1,29.0,23.0
Scarborough,2011-01-06,71.9,0.1016,4.17,17.4,93.3,1012.5,55.8,6.4,220.6,19.1,20323,66171,30.9,26.9,28.4,35.2,29.2,31.6,22.8
Scarborough,2011-01-07,86.5,25.907999999999998,12.5,17.2,92.5,1012.1,79.0,6.2,193.0,16.8,20622,66589,29.9,25.0,26.9,36.2,25.0,29.3,24.4
Scarborough,2011-01-08,74.6,0.3048,8.33,11.6,230.4,1010.7,80.5,7.5,146.3,12.6,21055,66452,30.1,26.0,28.5,35.1,26.0,32.2,23.5
Scarborough,2011-01-09,70.4,0.3048,12.5,17.2,110.6,1014.2,33.0,7.6,276.8,23.9,21176,65576,31.0,27.0,29.4,36.6,29.7,33.7,23.4
Scarborough,2011-01-10,72.8,0.8128,20.83,21.9,89.0,1012.2,47.7,7.7,117.1,10.1,21105,64407,32.0,25.8,28.9,36.8,25.8,32.7,23.4
Scarborough,2011-01-11,81.6,6.1975999999999996,12.5,15.0,93.5,1011.4,79.3,6.4,153.3,13.2,21276,63495,29.0,25.0,27.0,32.8,25.0,29.3,23.6
Scarborough,2011-01-12,78.2,0.0,0.0,17.2,93.6,1011.2,67.5,7.3,102.7,8.9,21983,63444,30.2,24.0,26.9,34.4,24.0,28.4,22.7
Scarborough,2011-01-13,72.0,0.508,4.17,23.0,86.3,1013.1,50.5,7.0,249.9,21.6,23148,64647,29.1,24.0,26.8,31.8,24.0,28.1,21.2
Scarborough,2011-01-14,69.2,0.0,0.0,23.0,83.9,1013.1,43.9,7.4,264.2,22.9,23161,64679,30.0,24.8,27.2,32.8,24.8,28.5,20.9
Scarborough,2011-01-15,69.8,0.508,4.17,17.2,82.2,1012.3,62.3,7.4,263.5,22.6,23173,64710,29.2,23.8,26.4,31.4,23.8,27.2,20.3
Scarborough,2011-01-16,67.3,0.0,0.0,21.9,90.2,1011.9,37.6,7.5,259.4,22.4,23184,64741,29.1,23.9,26.7,31.4,23.9,27.7,20.1
Scarborough,2011-01-17,70.1,0.0,0.0,17.7,97.5,1012.7,47.7,8.2,258.8,22.5,23193,64772,29.0,23.0,26.7,30.8,23.0,27.9,20.7
Scarborough,2011-01-18,75.0,0.7874,4.17,19.2,84.3,1013.2,71.4,7.5,267.6,23.2,23202,64802,28.0,24.0,26.0,30.7,24.0,27.1,21.2
Scarborough,2011-01-19,70.7,1.4986,4.17,19.5,85.4,1012.9,35.3,8.3,268.8,23.2,23210,64832,29.3,24.0,26.7,31.4,24.0,27.8,20.8
Scarborough,2011-01-20,73.0,0.3048,4.17,18.3,82.1,1011.6,57.2,7.6,268.7,23.2,23217,64861,29.1,23.0,25.9,30.4,23.0,26.4,20.4
Scarborough,2011-01-21,74.2,2.0065999999999997,4.17,23.3,80.9,1010.7,48.7,7.9,272.0,23.4,23223,64890,29.7,23.8,26.2,34.0,23.8,27.4,21.1
Scarborough,2011-01-22,77.0,16.002,8.33,18.6,92.8,1011.3,62.3,6.5,254.7,22.0,23228,64918,28.1,22.8,25.8,30.7,22.8,26.8,21.4
Scarborough,2011-01-23,69.7,0.0,0.0,17.9,84.6,1012.7,36.7,8.5,264.9,22.8,23231,64946,29.1,23.8,26.4,31.4,23.8,27.1,20.3
Scarborough,2011-01-24,72.6,10.1854,12.5,20.8,84.8,1013.5,71.3,7.2,267.6,23.3,23234,64974,29.0,22.0,26.1,32.3,22.0,27.2,20.7
Scarborough,2011-01-25,72.6,0.7111999999999999,20.83,20.6,84.5,1012.8,52.4,6.8,271.6,23.5,23236,65001,29.0,23.7,25.8,31.9,23.7,26.3,20.4
Scarborough,2011-01-26,67.3,1.4986,4.17,19.7,88.3,1012.7,41.0,8.3,279.4,24.0,23236,65027,28.1,24.0,26.1,30.1,24.0,26.8,19.5
Scarborough,2011-01-27,70.0,0.7111999999999999,12.5,20.8,75.3,1013.0,52.6,6.7,185.3,16.2,23235,65053,30.1,23.8,26.2,32.0,23.8,26.9,20.2
Scarborough,2011-01-28,70.4,0.0,0.0,19.0,85.3,1013.3,33.6,7.8,268.3,23.2,23234,65078,30.2,24.0,26.5,34.3,24.0,27.4,20.6
Scarborough,2011-01-29,76.6,1.2192,16.67,20.8,81.3,1015.3,57.2,6.6,264.8,22.9,23231,65103,29.0,22.0,25.8,31.4,22.0,26.9,21.3
Scarborough,2011-01-30,71.9,0.0,0.0,18.1,75.1,1015.6,42.5,8.0,273.2,23.7,23227,65127,29.0,24.0,25.8,31.4,24.0,26.6,20.3
Scarborough,2011-01-31,73.4,2.0065999999999997,4.17,17.7,73.1,1015.1,54.0,7.8,251.4,21.6,23223,65151,29.2,23.0,25.2,30.3,23.0,25.7,19.9
Scarborough,2011-02-01,70.3,0.9905999999999999,4.17,17.0,42.0,1010.9,56.8,8.5,225.9,19.5,22945,64288,29.0,24.0,26.6,31.4,24.0,27.4,20.6
Scarborough,2011-02-02,70.1,0.0,0.0,16.8,88.5,1015.0,51.3,7.5,273.0,23.6,23210,65196,29.0,22.7,25.9,30.8,22.7,26.7,20.0
Scarborough,2011-02-03,73.7,4.013199999999999,8.33,12.8,112.8,1011.9,53.3,7.4,295.8,25.5,22647,65575,28.0,21.9,24.5,29.7,21.9,24.8,19.4
Scarborough,2011-02-04,70.4,0.7111999999999999,29.17,21.9,87.1,1014.5,80.4,6.5,301.9,25.9,21556,65638,30.8,25.0,27.5,35.2,25.0,29.2,21.6
Scarborough,2011-02-05,79.2,22.987,8.33,19.9,93.6,1012.1,84.1,7.0,257.3,22.2,20639,65762,30.1,24.0,27.2,35.1,24.0,29.7,23.2
Scarborough,2011-02-06,72.0,0.8128,8.33,18.3,96.3,1012.0,42.7,6.9,292.1,25.1,20325,66188,31.0,25.0,28.1,35.5,25.0,30.7,22.5
Scarborough,2011-02-07,80.7,1.7272,20.83,19.0,89.4,1012.2,60.6,6.7,156.7,13.4,20637,66596,31.0,24.1,27.9,37.8,24.1,31.8,24.2
Scarborough,2011-02-08,73.8,0.7874,4.17,18.3,131.2,1011.2,82.1,7.4,151.1,13.2,21065,66434,31.0,27.0,28.6,35.5,29.7,32.4,23.4
Scarborough,2011-02-09,72.2,0.0,0.0,12.8,100.6,1013.8,24.4,8.5,308.2,26.6,21175,65539,31.2,26.0,28.7,37.0,26.0,31.7,23.0
Scarborough,2011-02-10,80.7,26.187399999999997,12.5,18.3,97.9,1012.4,75.6,6.4,140.1,12.1,21104,64369,28.7,25.0,26.8,34.3,25.0,28.6,23.1
Scarborough,2011-02-11,77.1,2.0065999999999997,4.17,20.8,109.3,1012.2,75.9,6.9,154.6,13.3,21291,63478,29.0,25.0,27.7,33.6,25.0,30.7,23.3
Scarborough,2011-02-12,83.3,7.594599999999999,12.5,20.8,80.6,1011.4,78.2,7.2,132.7,11.6,22014,63459,30.1,24.0,26.3,35.2,24.0,27.9,23.2
Scarborough,2011-02-13,72.1,0.508,4.17,20.4,84.4,1014.0,61.3,7.5,280.3,24.3,23068,65400,29.0,24.7,26.7,31.4,24.7,27.9,21.2
Scarborough,2011-02-14,77.4,2.4892,12.5,19.5,94.5,1014.0,78.1,6.6,270.2,23.4,23050,65415,28.0,24.0,25.5,30.2,24.0,25.9,21.2
Scarborough,2011-02-15,72.8,0.3048,12.5,19.0,95.2,1013.8,86.5,7.6,283.2,24.6,23031,65429,29.0,24.8,26.1,32.0,24.8,26.7,20.8
Scarborough,2011-02-16,77.3,0.508,4.17,19.2,63.4,1014.1,80.0,7.1,257.2,22.3,23010,65443,28.9,23.0,25.1,30.6,23.0,25.4,20.7
Scarborough,2011-02-17,68.3,1.2953999999999999,4.17,19.5,87.1,1013.4,44.1,7.6,286.7,24.9,22989,65456,29.0,23.0,25.9,30.3,23.0,26.4,19.4
Scarborough,2011-02-18,75.5,0.3048,4.17,17.2,59.6,1012.8,39.6,7.9,268.6,23.4,22967,65468,28.0,23.0,25.6,30.1,23.0,26.1,20.9
Scarborough,2011-02-19,76.1,4.0893999999999995,4.17,15.0,66.5,1011.4,71.6,7.0,260.7,22.5,22945,65480,26.3,23.0,24.6,26.3,23.0,24.6,20.1
Scarborough,2011-02-20,76.2,4.0893999999999995,4.17,18.1,53.0,1011.7,83.6,7.3,291.8,25.2,22921,65491,28.1,23.0,25.2,30.2,23.0,25.5,20.7
Scarborough,2011-02-21,80.4,13.8938,4.17,19.0,44.4,1013.4,62.2,7.8,255.3,22.0,22897,65502,28.0,23.9,25.8,30.7,23.9,26.2,22.1
Scarborough,2011-02-22,79.1,12.9032,12.5,17.2,78.9,1013.8,91.0,5.5,190.7,16.5,22872,65512,29.1,22.7,25.1,32.1,22.7,25.7,21.2
Scarborough,2011-02-23,78.9,7.899399999999999,8.33,21.5,77.7,1012.6,87.3,6.5,232.5,20.1,22846,65522,28.0,24.0,26.0,29.7,24.0,26.8,22.0
Scarborough,2011-02-24,79.5,1.8033999999999997,12.5,19.2,69.8,1012.7,78.3,6.7,219.4,18.9,22820,65531,28.0,24.0,25.8,30.8,24.0,26.3,21.9
Scarborough,2011-02-25,81.2,4.5973999999999995,8.33,17.9,62.2,1013.8,85.5,7.2,279.0,24.1,22792,65539,27.1,24.0,25.3,29.3,24.0,25.7,21.8
Scarborough,2011-02-26,75.0,0.508,4.17,18.3,87.2,1013.0,45.6,7.2,255.2,22.1,22765,65547,29.1,24.0,26.5,32.1,24.0,27.6,21.7
Scarborough,2011-02-27,73.4,4.8768,8.33,19.7,49.7,1013.8,77.3,6.9,274.6,23.9,22736,65555,28.0,23.0,25.8,30.1,23.0,26.4,20.6
Scarborough,2011-02-28,68.4,0.0,0.0,21.0,45.0,1014.2,62.6,8.0,290.5,25.1,22707,65562,28.0,23.9,25.9,29.1,23.9,26.2,19.6
Scarborough,2011-03-01,75.7,0.0,0.0,12.1,68.5,1010.2,44.1,8.4,227.2,19.6,22967,64321,29.0,22.0,25.8,30.8,22.0,26.2,21.1
Scarborough,2011-03-02,78.7,4.699,12.5,16.8,55.0,1013.5,82.0,6.6,276.7,23.9,23202,65218,27.0,23.0,24.8,29.2,23.0,24.9,20.8
Scarborough,2011-03-03,74.7,0.0,0.0,17.2,105.6,1012.2,38.9,9.2,284.2,24.6,22617,65581,29.1,23.0,25.9,32.8,23.0,27.0,20.9
Scarborough,2011-03-04,71.8,0.508,8.33,22.1,85.5,1014.5,48.7,6.5,297.9,25.7,21520,65639,30.0,25.0,27.4,33.3,25.0,29.2,21.8
Scarborough,2011-03-05,76.0,0.0,0.0,13.6,114.2,1012.1,87.9,7.7,186.8,16.0,20617,65771,30.1,25.0,27.7,37.1,25.0,30.7,23.1
Scarborough,2011-03-06,72.2,1.9304,20.83,17.2,96.8,1011.9,76.4,7.4,305.8,26.3,20327,66205,31.0,25.8,28.4,34.6,25.8,31.7,22.9
Scarborough,2011-03-07,82.3,23.0886,12.5,19.5,99.4,1012.1,57.6,6.8,250.7,21.5,20653,66603,31.0,23.8,27.4,39.1,23.8,30.4,24.0
Scarborough,2011-03-08,74.6,1.016,8.33,18.3,101.5,1012.1,50.7,7.4,172.9,14.9,21074,66415,31.0,26.9,28.5,36.6,29.8,32.3,23.5
Scarborough,2011-03-09,72.0,0.0,0.0,9.6,124.2,1013.3,21.5,8.6,307.9,26.6,21173,65501,31.2,25.9,28.4,35.6,25.9,31.0,22.7
Scarborough,2011-03-10,79.6,10.8966,4.17,20.8,82.6,1012.3,76.7,7.0,160.0,13.8,21103,64332,32.0,25.9,28.1,40.7,25.9,31.7,24.2
Scarborough,2011-03-11,74.1,0.6096,12.5,20.8,92.5,1011.4,52.6,6.5,169.0,14.6,21306,63462,30.1,26.0,28.1,35.2,26.0,31.1,22.9
Scarborough,2011-03-12,82.4,10.1854,12.5,18.1,91.4,1010.8,87.9,6.5,112.3,9.7,22045,63475,28.0,23.8,26.1,32.2,23.8,27.2,22.8
Scarborough,2011-03-13,71.2,0.0,0.0,17.2,35.0,1013.7,80.4,7.1,288.3,25.1,22284,65619,29.0,22.0,25.5,30.8,22.0,25.9,19.8
Scarborough,2011-03-14,70.6,4.0893999999999995,4.17,13.9,66.1,1013.5,81.5,7.7,272.8,23.4,22249,65621,27.1,24.0,25.5,28.6,24.0,25.7,19.7
Scarborough,2011-03-15,69.8,0.4064,12.5,18.3,43.8,1014.4,69.4,7.6,287.7,24.9,22213,65623,28.1,24.7,26.3,29.7,24.7,27.0,20.3
Scarborough,2011-03-16,71.4,0.4064,4.17,19.5,82.8,1015.1,76.1,7.5,292.9,25.5,22178,65624,30.7,24.7,27.0,34.3,24.7,28.1,21.2
Scarborough,2011-03-17,72.1,0.1016,4.17,16.8,89.6,1014.6,56.8,7.5,308.2,26.6,22142,65626,30.1,24.7,26.6,33.3,24.7,27.5,21.1
Scarborough,2011-03-18,74.5,0.508,20.83,19.5,80.4,1013.1,34.8,7.4,305.4,26.4,22106,65627,30.0,23.9,26.7,33.0,23.9,27.9,21.7
Scarborough,2011-03-19,75.3,0.0,0.0,13.0,106.7,1012.9,64.8,7.9,310.5,26.8,22069,65629,29.0,24.0,26.3,33.7,24.0,27.8,21.5
Scarborough,2011-03-20,84.2,5.1054,4.17,15.9,63.5,1012.3,77.6,6.5,291.6,25.3,22033,65630,28.1,24.0,25.6,32.8,24.0,26.4,22.7
Scarborough,2011-03-21,78.8,9.0932,4.17,11.2,43.2,1011.8,76.3,6.8,308.9,26.6,21996,65630,27.0,23.0,25.1,29.2,23.0,25.4,21.1
Scarborough,2011-03-22,84.1,39.9034,12.5,13.9,91.2,1011.2,93.6,6.7,254.1,21.9,21960,65631,26.0,21.8,23.8,26.0,21.8,23.8,20.9
Scarborough,2011-03-23,77.8,1.016,8.33,20.4,67.7,1012.6,80.4,7.3,273.2,23.6,21923,65632,27.9,23.0,25.5,30.2,23.0,26.1,21.3
Scarborough,2011-03-24,76.8,0.7874,4.17,20.1,93.2,1013.1,67.0,7.4,251.7,21.6,21886,65633,29.1,24.0,27.2,33.6,24.0,29.4,22.7
Scarborough,2011-03-25,75.4,0.508,4.17,21.7,86.5,1013.2,66.0,6.1,273.8,23.7,21849,65633,29.8,25.1,27.2,33.2,25.1,29.2,22.4
Scarborough,2011-03-26,78.7,0.3048,12.5,20.8,86.0,1013.9,88.5,6.2,288.0,24.7,21812,65634,30.1,24.8,27.4,34.4,24.8,30.1,23.3
Scarborough,2011-03-27,80.4,9.194799999999999,12.5,17.2,87.9,1014.4,66.1,7.6,307.4,26.7,21776,65634,29.0,23.7,25.9,33.6,23.7,26.7,22.2
Scarborough,2011-03-28,72.3,0.0,0.0,17.2,99.3,1014.1,45.9,7.9,304.0,26.3,21739,65635,29.0,23.2,26.3,31.4,23.2,27.3,20.8
Scarborough,2011-03-29,77.6,0.7874,4.17,17.2,105.6,1014.6,51.7,8.0,308.4,26.6,21702,65636,29.0,23.8,26.6,34.6,23.8,28.2,22.3
Scarborough,2011-03-30,70.9,0.9905999999999999,4.17,20.1,95.0,1014.5,46.9,6.7,294.9,25.5,21665,65636,30.0,25.9,27.4,33.3,25.9,29.1,21.6
Scarborough,2011-03-31,71.2,0.0,0.0,18.3,91.5,1013.9,45.8,6.9,309.4,26.7,21629,65637,30.0,25.0,27.3,33.3,25.0,28.9,21.6
Scarborough,2011-04-01,72.7,0.6096,20.83,16.3,82.2,1011.3,56.9,8.7,249.1,21.4,22989,64354,30.0,24.0,26.8,32.6,24.0,28.1,21.4
Scarborough,2011-04-02,77.3,15.011399999999998,4.17,15.9,57.2,1012.3,55.3,7.2,274.5,23.7,23193,65239,27.8,23.0,24.9,29.3,23.0,25.1,20.6
Scarborough,2011-04-03,73.9,0.508,8.33,19.5,89.9,1012.5,34.9,7.6,261.1,22.5,22585,65586,29.0,23.9,26.4,32.0,23.9,27.4,21.3
Scarborough,2011-04-04,67.1,0.4064,16.67,20.1,76.1,1014.8,59.1,6.6,304.4,26.3,21484,65640,30.1,24.0,26.9,31.9,24.0,28.0,20.2
Scarborough,2011-04-05,79.9,0.7874,4.17,18.3,107.5,1012.1,84.6,7.0,150.5,13.0,20596,65781,29.0,25.0,26.9,32.8,25.0,28.5,23.1
Scarborough,2011-04-06,78.5,4.0893999999999995,4.17,15.0,112.7,1013.5,82.4,5.3,265.3,23.0,20330,66222,29.3,26.0,27.8,33.6,26.0,31.1,23.7
Scarborough,2011-04-07,75.8,0.7111999999999999,8.33,18.3,77.9,1012.6,35.2,7.4,292.6,25.3,20669,66609,31.1,25.8,28.2,35.9,25.8,31.0,23.3
Scarborough,2011-04-08,80.4,2.5146,8.33,14.1,97.3,1013.6,65.7,6.6,127.6,11.0,21083,66396,30.0,25.0,27.6,36.2,25.0,30.6,23.8
Scarborough,2011-04-09,69.1,0.0,0.0,10.3,127.8,1013.5,24.0,8.8,311.9,26.9,21171,65464,32.0,26.0,28.7,37.9,26.0,31.7,22.4
Scarborough,2011-04-10,82.6,0.9905999999999999,4.17,17.2,89.0,1012.0,89.0,6.9,123.8,10.9,21103,64295,29.2,24.0,26.5,34.7,24.0,28.4,23.3
Scarborough,2011-04-11,83.9,11.9126,4.17,13.9,89.1,1010.8,76.3,6.4,102.6,8.8,21322,63447,30.3,25.1,27.4,37.8,25.1,30.3,24.4
Scarborough,2011-04-12,81.8,31.0134,8.33,12.8,93.3,1009.8,80.4,6.8,158.0,13.4,22077,63492,28.1,23.0,25.2,30.8,23.0,26.1,21.8
Scarborough,2011-04-13,75.1,0.7874,4.17,18.8,84.9,1013.3,82.7,6.6,246.2,21.3,21173,65656,30.0,24.8,27.1,34.2,24.8,28.8,22.2
Scarborough,2011-04-14,72.6,0.0,0.0,17.0,90.8,1012.6,78.4,6.1,197.0,16.9,21141,65659,30.0,25.0,27.3,32.6,25.0,29.1,21.9
Scarborough,2011-04-15,74.9,0.1016,4.17,15.0,102.9,1011.7,82.3,6.5,306.3,26.5,21108,65662,29.3,26.0,27.3,32.3,26.0,29.1,22.4
Scarborough,2011-04-16,73.7,0.0,0.0,8.1,129.2,1011.1,84.1,6.5,295.9,25.4,21076,65665,29.1,24.1,26.6,31.4,24.1,27.6,21.3
Scarborough,2011-04-17,69.9,0.0,0.0,10.3,343.1,1011.1,83.1,6.5,289.2,24.9,21045,65669,29.1,23.8,26.8,31.4,23.8,28.1,20.8
Scarborough,2011-04-18,78.4,13.9954,4.17,6.9,63.3,1012.5,76.5,7.6,313.5,27.0,21014,65673,29.1,24.0,26.1,32.1,24.0,26.9,21.9
Scarborough,2011-04-19,72.5,0.2032,8.33,11.0,70.2,1013.3,73.3,8.0,311.2,26.9,20983,65677,29.1,24.0,26.7,32.0,24.0,27.9,21.3
Scarborough,2011-04-20,73.5,0.6096,16.67,11.4,106.3,1012.1,61.4,8.1,305.4,26.4,20953,65682,30.2,24.0,27.0,33.7,24.0,28.4,21.7
Scarborough,2011-04-21,72.7,0.1016,4.17,13.9,106.1,1011.6,84.3,7.7,264.5,22.9,20924,65687,30.1,25.0,27.6,34.2,25.0,29.6,22.2
Scarborough,2011-04-22,76.3,0.3048,12.5,17.2,100.3,1011.9,79.8,7.1,239.7,20.8,20895,65692,30.2,25.0,27.7,34.3,25.0,30.3,23.1
Scarborough,2011-04-23,77.5,0.508,4.17,13.0,105.2,1012.7,87.0,7.7,277.3,23.9,20866,65697,31.0,25.0,27.9,37.8,25.0,31.2,23.6
Scarborough,2011-04-24,77.9,0.6096,16.67,15.0,95.0,1013.4,83.3,7.9,285.9,24.7,20838,65703,31.0,25.0,27.9,36.6,25.0,31.1,23.6
Scarborough,2011-04-25,77.8,0.0,0.0,14.1,86.6,1012.5,63.8,8.4,289.4,25.0,20811,65709,32.1,25.0,27.8,38.1,25.0,30.6,23.4
Scarborough,2011-04-26,75.5,2.0065999999999997,4.17,16.8,97.4,1012.5,74.2,7.5,301.0,25.9,20785,65716,30.1,25.0,27.0,33.3,25.0,28.5,22.2
Scarborough,2011-04-27,76.6,0.0,0.0,18.3,95.1,1013.1,67.1,6.9,223.1,19.2,20759,65722,29.1,24.2,26.4,32.1,24.2,27.8,21.9
Scarborough,2011-04-28,82.5,20.0914,12.5,17.9,89.2,1012.9,87.6,7.1,274.6,23.7,20733,65730,29.0,23.2,25.7,33.6,23.2,26.7,22.4
Scarborough,2011-04-29,74.5,0.508,4.17,15.2,112.0,1011.7,82.0,7.2,187.0,16.2,20709,65737,30.0,22.8,27.5,34.2,22.8,29.9,22.4
Scarborough,2011-04-30,75.0,0.0,0.0,16.1,99.9,1010.7,87.5,7.3,277.9,23.9,20685,65745,30.1,25.8,27.8,34.2,25.8,30.2,22.9
Scarborough,2011-05-01,71.1,0.2032,8.33,18.6,77.6,1011.9,79.2,7.6,189.8,16.6,23010,64387,30.0,24.0,27.2,33.1,24.0,28.3,21.3
Scarborough,2011-05-02,75.3,0.1016,4.17,16.1,87.8,1012.2,37.8,8.6,273.2,23.7,23183,65259,29.0,23.8,25.8,32.0,23.8,26.6,21.1
Scarborough,2011-05-03,72.8,0.3048,8.33,18.3,75.9,1012.6,64.5,6.9,282.0,24.4,22554,65591,29.1,24.0,26.2,31.8,24.0,26.9,20.8
Scarborough,2011-05-04,69.3,0.0,0.0,21.9,85.5,1014.8,39.7,7.0,308.3,26.6,21449,65641,30.0,23.9,26.9,32.6,23.9,28.1,20.7
Scarborough,2011-05-05,80.0,0.1016,4.17,11.4,110.1,1011.9,75.4,7.3,262.5,22.7,20575,65790,29.0,25.0,26.8,33.6,25.0,28.7,23.0
Scarborough,2011-05-06,80.9,5.6133999999999995,8.33,13.9,134.2,1013.2,88.6,7.9,107.2,9.1,20334,66239,29.2,24.0,27.4,33.7,24.0,30.6,23.8
Scarborough,2011-05-07,73.4,0.0,0.0,30.0,77.2,1013.0,53.6,6.8,282.5,24.5,20684,66614,31.0,25.2,27.5,35.5,25.2,29.5,22.3
Scarborough,2011-05-08,75.4,5.1054,4.17,18.3,84.2,1014.0,85.8,6.4,256.4,22.1,21092,66376,31.0,26.0,28.3,35.5,26.0,31.7,23.5
Scarborough,2011-05-09,68.0,0.1016,4.17,13.9,99.7,1013.2,28.3,8.0,292.6,25.3,21169,65426,32.0,26.0,28.9,35.8,26.0,31.7,22.2
Scarborough,2011-05-10,79.0,9.906,8.33,23.0,101.5,1012.0,83.6,6.2,206.1,17.8,21103,64258,28.2,24.0,26.4,32.1,24.0,28.0,22.5
Scarborough,2011-05-11,76.4,1.4223999999999999,25.0,20.8,123.5,1011.2,83.6,8.0,150.7,13.2,21339,63433,30.1,27.0,28.4,35.1,29.7,32.5,23.8
Scarborough,2011-05-12,76.4,1.2953999999999999,8.33,18.3,114.6,1009.3,63.6,7.1,175.3,15.1,22108,63509,29.0,24.0,27.1,33.6,24.0,29.3,22.6
Scarborough,2011-05-13,72.7,0.3048,4.17,16.6,110.3,1010.1,81.1,6.7,255.6,22.2,20440,65882,30.0,27.0,28.4,34.2,29.5,31.8,22.9
Scarborough,2011-05-14,72.5,0.7111999999999999,8.33,18.1,110.4,1010.8,84.5,6.7,212.6,18.2,20426,65895,30.2,27.7,28.5,34.9,30.6,32.0,23.1
Scarborough,2011-05-15,74.4,2.0065999999999997,4.17,21.7,113.2,1011.8,89.1,5.6,149.7,12.9,20413,65908,30.1,25.0,28.1,34.3,25.0,31.2,23.1
Scarborough,2011-05-16,74.0,0.1016,4.17,13.9,112.8,1011.7,62.1,7.5,236.4,20.4,20402,65922,30.0,26.0,28.0,34.2,26.0,31.0,22.9
Scarborough,2011-05-17,76.0,0.0,0.0,15.4,110.8,1011.0,53.2,7.7,297.2,25.4,20391,65935,31.0,26.0,28.4,36.6,26.0,32.1,23.7
Scarborough,2011-05-18,73.8,0.9905999999999999,4.17,18.1,99.1,1011.9,46.8,7.1,299.7,25.9,20380,65950,31.1,26.0,28.3,35.6,26.0,31.7,23.1
Scarborough,2011-05-19,72.9,0.3048,4.17,18.3,100.9,1012.7,84.6,7.0,135.0,11.7,20371,65964,30.1,26.0,28.5,34.2,26.0,31.8,23.1
Scarborough,2011-05-20,76.7,0.7874,4.17,17.2,106.7,1012.4,56.8,6.6,273.8,23.6,20363,65979,30.1,25.0,27.7,34.3,25.0,30.3,23.1
Scarborough,2011-05-21,73.2,0.0,0.0,15.0,105.5,1013.3,54.6,7.0,243.0,20.9,20355,65994,30.0,26.0,28.3,35.1,26.0,31.4,23.0
Scarborough,2011-05-22,74.2,0.4064,16.67,13.0,110.1,1013.7,77.1,7.0,293.7,25.6,20348,66009,30.0,26.0,28.2,34.2,26.0,31.4,23.1
Scarborough,2011-05-23,75.6,0.1016,4.17,16.1,117.2,1012.7,57.1,6.9,228.0,19.7,20342,66025,31.1,26.0,28.1,35.6,26.0,30.8,23.3
Scarborough,2011-05-24,75.3,4.0893999999999995,4.17,15.0,104.3,1012.3,61.1,5.0,251.8,21.7,20337,66040,30.1,25.8,27.9,34.2,25.8,30.6,23.1
Scarborough,2011-05-25,78.5,5.6133999999999995,8.33,15.2,116.0,1012.7,84.4,6.2,229.0,19.8,20332,66056,29.9,25.9,27.7,34.8,25.9,30.8,23.6
Scarborough,2011-05-26,73.2,0.9905999999999999,4.17,15.0,112.0,1013.9,84.4,7.3,181.8,15.8,20328,66072,30.2,27.0,28.6,35.1,29.6,32.2,23.2
Scarborough,2011-05-27,77.9,2.9972,4.17,17.2,108.6,1013.6,69.1,6.8,219.5,19.0,20326,66088,30.1,25.0,27.5,34.3,25.0,29.9,23.3
Scarborough,2011-05-28,73.5,0.1016,4.17,12.3,106.4,1012.0,53.0,6.8,255.9,22.1,20323,66105,31.0,25.0,28.1,34.6,25.0,30.6,22.8
Scarborough,2011-05-29,78.8,2.5146,8.33,18.6,91.3,1012.5,79.5,5.8,150.7,13.1,20322,66121,29.1,25.0,27.6,33.8,25.0,30.5,23.5
Scarborough,2011-05-30,75.8,1.778,8.33,17.2,94.4,1012.2,79.3,5.7,203.0,17.7,20322,66138,31.0,25.8,27.8,35.5,25.8,30.6,23.1
Scarborough,2011-05-31,86.3,13.716,16.67,19.7,98.8,1012.6,82.9,5.8,134.8,11.6,20322,66155,27.9,24.8,26.2,32.2,24.8,27.4,23.7
Scarborough,2011-06-01,79.5,9.194799999999999,8.33,17.0,88.8,1011.6,85.8,7.3,90.6,7.8,23031,64420,28.1,23.0,25.1,31.2,23.0,25.7,21.3
Scarborough,2011-06-02,71.9,0.0,0.0,18.3,83.3,1013.4,29.8,8.2,262.1,22.7,23172,65279,29.2,24.0,26.7,32.0,24.0,27.6,21.1
Scarborough,2011-06-03,73.5,4.0893999999999995,4.17,15.0,78.5,1012.3,85.8,7.2,226.4,19.6,22521,65596,29.0,23.8,25.6,31.4,23.8,26.0,20.4
Scarborough,2011-06-04,67.1,0.0,0.0,20.4,83.1,1014.7,48.4,6.4,294.8,25.4,21413,65643,30.0,20.3,27.3,32.6,20.3,28.6,20.6
Scarborough,2011-06-05,75.9,0.0,0.0,14.5,114.8,1012.7,76.8,8.5,293.6,25.4,20556,65801,30.0,25.0,27.6,34.2,25.0,30.1,22.9
Scarborough,2011-06-06,75.3,0.3048,4.17,15.0,106.9,1013.3,82.6,8.4,157.3,13.6,20339,66255,31.0,25.7,27.9,35.1,25.7,30.6,23.1
Scarborough,2011-06-07,79.3,8.889999999999999,12.5,18.3,107.0,1014.0,72.5,6.7,200.2,17.4,20700,66618,28.9,25.0,27.1,32.7,25.0,29.4,23.2
Scarborough,2011-06-08,77.1,1.2192,20.83,18.3,92.2,1014.5,59.4,7.1,275.0,23.7,21100,66355,31.0,26.0,27.9,35.5,26.0,31.1,23.5
Scarborough,2011-06-09,72.1,2.0065999999999997,4.17,13.9,105.1,1013.1,54.9,7.0,259.6,22.4,21167,65388,31.0,26.0,28.3,34.2,26.0,31.3,22.7
Scarborough,2011-06-10,83.9,1.4986,8.33,23.0,95.4,1012.1,86.4,7.0,188.2,16.2,21103,64222,29.0,24.0,26.9,33.6,24.0,29.4,23.9
Scarborough,2011-06-11,76.6,0.0,0.0,19.5,109.5,1011.3,44.4,7.9,190.0,16.4,21356,63420,30.0,26.4,28.4,35.1,26.4,32.2,23.8
Scarborough,2011-06-12,71.9,0.1016,4.17,17.2,109.5,1009.6,82.1,7.5,225.1,19.7,22140,63528,30.0,25.7,27.6,33.3,25.7,29.6,22.0
Scarborough,2011-06-13,79.1,8.2042,8.33,19.2,103.5,1013.9,48.9,6.8,224.2,19.3,20389,66369,31.3,26.0,28.1,39.2,26.0,32.0,24.1
Scarborough,2011-06-14,82.4,6.8072,8.33,21.9,101.8,1013.5,82.5,6.0,129.6,11.1,20398,66385,28.1,24.0,26.3,32.7,24.0,28.2,23.0
Scarborough,2011-06-15,79.5,12.496799999999999,12.5,18.3,105.3,1013.2,87.2,6.9,236.0,20.3,20408,66400,29.1,25.7,27.3,33.5,25.7,30.1,23.4
Scarborough,2011-06-16,73.9,0.8128,8.33,19.5,90.4,1013.3,70.3,6.9,279.7,24.1,20419,66415,31.0,26.8,28.5,35.5,29.2,32.1,23.3
Scarborough,2011-06-17,74.6,0.9905999999999999,4.17,20.8,80.1,1013.9,82.3,7.4,287.0,24.8,20430,66430,31.1,26.0,28.2,37.8,26.0,31.5,23.2
Scarborough,2011-06-18,77.8,11.9126,8.33,23.0,82.2,1014.1,83.9,5.4,202.4,17.6,20441,66444,31.0,25.0,27.8,36.6,25.0,30.8,23.4
Scarborough,2011-06-19,78.0,11.7094,4.17,17.4,85.5,1012.9,76.8,6.4,212.7,18.4,20453,66458,31.1,25.0,27.8,35.6,25.0,30.6,23.5
Scarborough,2011-06-20,77.7,2.5146,8.33,19.5,90.9,1012.7,60.0,6.7,240.4,20.8,20465,66472,30.2,25.0,27.7,35.1,25.0,30.5,23.4
Scarborough,2011-06-21,74.1,0.9905999999999999,4.17,23.0,72.7,1013.2,78.0,5.3,145.7,12.7,20478,66485,30.2,27.0,28.3,35.1,29.7,31.9,23.2
Scarborough,2011-06-22,83.6,32.004,8.33,32.2,93.9,1013.8,93.2,5.5,115.3,10.0,20491,66497,28.0,24.8,26.0,32.8,24.8,26.8,22.9
Scarborough,2011-06-23,74.7,2.0065999999999997,4.17,20.8,83.0,1013.7,82.7,6.3,264.5,22.9,20505,66510,30.1,25.7,28.1,34.3,25.7,31.0,23.1
Scarborough,2011-06-24,77.1,5.0038,8.33,21.9,83.1,1013.0,83.2,6.0,281.0,24.3,20518,66522,30.1,25.8,27.3,34.3,25.8,29.1,22.9
Scarborough,2011-06-25,78.3,1.8033999999999997,12.5,19.9,89.3,1014.0,87.1,6.5,191.9,16.5,20532,66533,29.1,25.0,27.1,33.7,25.0,29.1,22.9
Scarborough,2011-06-26,75.6,0.508,4.17,17.2,91.9,1013.7,82.9,7.2,181.7,15.6,20547,66544,31.0,25.0,27.8,35.5,25.0,30.4,23.0
Scarborough,2011-06-27,77.5,0.3048,4.17,18.3,84.0,1013.8,65.6,6.6,170.8,14.8,20561,66554,32.0,26.0,28.2,39.2,26.0,31.7,23.8
Scarborough,2011-06-28,78.5,0.6096,8.33,24.2,82.8,1013.5,59.5,5.6,267.9,23.0,20576,66564,31.1,25.0,27.8,36.6,25.0,30.9,23.7
Scarborough,2011-06-29,86.6,26.6192,16.67,26.4,88.9,1013.0,89.2,5.1,129.0,11.1,20591,66573,28.0,24.0,25.6,31.3,24.0,25.8,23.2
Scarborough,2011-06-30,82.6,7.112,4.17,18.3,87.4,1011.8,88.7,6.5,98.3,8.3,20606,66581,29.0,25.0,26.8,33.3,25.0,28.9,23.5
Scarborough,2011-07-01,75.5,4.0893999999999995,4.17,19.5,94.9,1011.2,83.8,7.4,111.4,9.6,23050,64453,29.0,24.0,26.7,32.1,24.0,28.1,21.9
Scarborough,2011-07-02,69.0,0.3048,4.17,21.0,93.6,1014.6,49.7,7.4,254.6,22.1,23160,65298,29.0,24.0,26.8,31.4,24.0,27.7,20.6
Scarborough,2011-07-03,74.3,0.0,0.0,9.2,49.0,1011.8,60.4,8.1,284.2,24.5,22489,65600,28.0,23.0,25.4,30.7,23.0,26.2,20.4
Scarborough,2011-07-04,68.7,0.0,0.0,18.3,91.2,1013.3,42.0,5.7,302.2,26.0,21378,65644,29.1,25.0,26.9,31.4,25.0,28.1,20.6
Scarborough,2011-07-05,74.7,0.6096,20.83,17.2,101.8,1012.7,77.0,8.8,300.5,25.9,20537,65811,30.1,26.8,28.1,34.2,28.9,31.6,23.2
Scarborough,2011-07-06,73.2,0.0,0.0,18.3,117.1,1013.0,84.7,8.5,206.1,17.7,20344,66272,30.2,26.9,28.7,35.2,29.1,32.5,23.3
Scarborough,2011-07-07,73.8,0.0,0.0,16.1,81.4,1014.4,66.4,7.4,229.9,20.0,20716,66622,31.0,25.0,27.8,34.6,25.0,29.9,22.6
Scarborough,2011-07-08,72.1,0.3048,4.17,15.0,120.9,1014.9,30.3,7.2,274.4,23.8,21107,66333,31.0,27.0,29.1,36.6,29.7,33.1,23.4
Scarborough,2011-07-09,71.1,0.3048,4.17,16.8,103.3,1012.4,67.7,7.6,276.1,23.8,21165,65349,31.8,26.0,29.1,36.6,26.0,32.8,23.2
Scarborough,2011-07-10,75.1,0.4064,12.5,19.5,102.8,1012.2,88.3,8.4,243.6,20.9,21104,64186,30.1,26.0,28.2,34.2,26.0,31.6,23.3
Scarborough,2011-07-11,79.6,0.508,4.17,17.2,91.9,1010.6,62.1,7.4,149.0,12.9,21374,63408,31.0,25.8,27.1,36.6,25.8,28.8,23.2
Scarborough,2011-07-12,81.1,25.882599999999996,12.5,12.8,57.9,1010.7,82.2,6.9,133.1,11.5,22172,63547,26.2,23.0,25.1,26.2,23.0,25.1,21.6
Scarborough,2011-07-13,77.0,1.4223999999999999,12.5,16.1,81.1,1013.2,61.0,7.6,161.5,14.1,20809,66628,30.9,25.0,28.1,37.4,25.0,31.2,23.6
Scarborough,2011-07-14,73.6,0.508,4.17,17.4,82.8,1012.7,82.0,6.9,234.0,20.2,20825,66627,30.0,25.9,28.1,34.2,25.9,31.2,22.9
Scarborough,2011-07-15,71.9,0.0,0.0,18.3,86.6,1013.2,67.2,7.5,210.1,18.3,20840,66624,30.3,25.0,27.8,34.2,25.0,29.9,22.2
Scarborough,2011-07-16,72.2,0.508,4.17,17.2,94.2,1014.3,56.4,7.3,285.2,24.6,20854,66621,30.3,25.0,27.8,34.2,25.0,29.8,22.3
Scarborough,2011-07-17,89.9,35.9918,12.5,17.2,58.7,1014.2,88.8,6.8,198.2,17.2,20869,66617,28.0,23.0,25.4,32.7,23.0,25.8,23.6
Scarborough,2011-07-18,86.8,11.7856,12.5,16.1,83.6,1013.2,76.7,5.7,122.5,10.3,20884,66611,28.0,24.9,25.9,31.3,24.9,27.1,23.6
Scarborough,2011-07-19,79.5,4.0893999999999995,4.17,20.8,90.3,1013.6,54.4,7.5,201.9,17.3,20898,66606,31.0,24.0,26.9,35.5,24.0,28.8,22.9
Scarborough,2011-07-20,75.7,0.508,4.17,21.9,85.6,1013.9,49.4,6.8,236.0,20.4,20912,66599,30.2,25.0,27.8,35.1,25.0,30.3,23.0
Scarborough,2011-07-21,74.3,0.4064,16.67,18.3,86.4,1014.1,33.1,6.2,288.9,24.8,20926,66591,31.0,25.0,27.7,34.2,25.0,30.1,22.6
Scarborough,2011-07-22,74.7,0.1016,4.17,14.3,100.5,1013.8,38.7,7.7,252.2,21.8,20939,66583,30.0,25.0,28.1,35.1,25.0,31.1,23.1
Scarborough,2011-07-23,77.5,0.3048,4.17,17.2,103.5,1014.7,63.5,6.4,185.3,15.9,20952,66574,30.0,26.8,28.1,35.1,29.2,31.9,23.7
Scarborough,2011-07-24,78.9,1.2192,8.33,11.4,68.5,1014.6,44.2,7.7,131.1,11.2,20965,66563,30.1,26.0,27.6,34.6,26.0,30.6,23.5
Scarborough,2011-07-25,79.6,7.899399999999999,4.17,16.1,102.3,1012.9,50.2,7.2,117.9,10.0,20977,66552,30.0,25.9,27.6,34.2,25.9,30.1,23.6
Scarborough,2011-07-26,77.4,7.899399999999999,4.17,13.9,106.2,1012.5,64.0,6.7,139.8,12.0,20990,66541,30.1,25.0,27.7,34.3,25.0,30.6,23.3
Scarborough,2011-07-27,80.6,13.6906,12.5,14.5,96.4,1012.9,88.6,6.0,133.2,11.4,21002,66528,30.0,23.7,26.3,34.2,23.7,27.7,22.7
Scarborough,2011-07-28,76.5,8.889999999999999,4.17,17.7,83.8,1012.2,76.4,7.0,271.7,23.5,21013,66514,30.1,25.0,27.6,35.1,25.0,30.1,23.1
Scarborough,2011-07-29,75.8,0.6096,4.17,23.0,80.6,1010.6,37.1,7.3,282.1,24.3,21024,66500,31.0,26.0,28.3,39.1,26.0,31.1,23.4
Scarborough,2011-07-30,77.0,9.194799999999999,8.33,18.8,82.1,1010.5,60.8,6.9,216.0,18.8,21035,66485,30.1,25.0,27.4,35.0,25.0,29.9,23.0
Scarborough,2011-07-31,71.9,0.4064,8.33,16.1,19.6,1012.2,64.1,7.2,281.3,24.4,21045,66469,30.2,25.0,28.2,34.2,25.0,30.9,22.6
Scarborough,2011-08-01,74.9,3.0225999999999997,20.83,20.1,80.7,1012.1,77.5,7.2,181.0,15.5,23069,64486,29.0,24.0,26.9,32.0,24.0,28.7,22.0
Scarborough,2011-08-02,65.7,2.0065999999999997,4.17,20.6,85.8,1014.8,43.2,7.4,281.3,24.4,23147,65317,29.0,24.0,26.7,30.8,24.0,27.4,19.6
Scarborough,2011-08-03,77.2,0.7111999999999999,12.5,17.7,49.2,1012.7,71.9,8.1,261.0,22.7,22455,65604,28.0,24.0,26.0,30.1,24.0,26.6,21.6
Scarborough,2011-08-04,67.9,0.0,0.0,15.9,90.9,1013.5,75.5,8.1,315.2,27.2,21343,65645,29.8,23.0,26.3,31.4,23.0,27.1,20.8
Scarborough,2011-08-05,77.1,0.8128,25.0,15.7,100.5,1012.1,86.4,8.0,180.2,15.5,20519,65822,30.0,26.2,28.1,34.2,26.2,31.8,23.7
Scarborough,2011-08-06,72.6,0.508,12.5,19.0,113.5,1013.3,59.7,7.3,204.9,17.7,20350,66289,31.0,27.9,29.2,37.8,31.1,33.6,23.7
Scarborough,2011-08-07,83.3,4.8768,8.33,23.0,84.9,1013.9,87.1,6.4,117.8,10.1,20732,66625,29.0,24.7,26.2,33.6,24.7,27.4,23.1
Scarborough,2011-08-08,71.3,0.3048,12.5,11.4,109.1,1014.4,34.6,7.4,294.2,25.5,21114,66311,31.0,25.1,28.6,34.6,25.1,31.5,22.8
Scarborough,2011-08-09,70.3,0.3048,4.17,17.2,96.3,1011.9,88.6,7.6,242.5,20.9,21163,65311,31.1,26.1,28.9,35.5,26.1,32.2,22.8
Scarborough,2011-08-10,77.7,0.0,0.0,17.2,97.4,1012.3,65.2,8.4,201.1,17.3,21105,64151,31.2,26.0,28.1,39.1,26.0,31.6,23.8
Scarborough,2011-08-11,77.7,1.2953999999999999,8.33,17.2,101.0,1009.7,62.7,7.4,112.2,9.8,21393,63397,30.0,26.0,27.4,35.1,26.0,29.3,23.1
Scarborough,2011-08-12,77.7,0.4064,8.33,10.3,71.8,1011.5,73.0,7.0,171.2,15.0,22204,63568,30.0,25.0,26.6,34.2,25.0,28.2,22.3
Scarborough,2011-08-13,70.8,0.0,0.0,20.8,98.6,1012.3,26.6,7.1,293.0,25.5,21145,66187,32.0,26.0,28.5,36.8,26.0,31.3,22.6
Scarborough,2011-08-14,71.8,0.3048,4.17,17.2,99.1,1012.0,39.7,8.0,310.4,26.8,21149,66160,31.0,26.0,28.4,35.5,26.0,31.3,22.7
Scarborough,2011-08-15,78.0,26.8986,4.17,8.1,42.6,1012.0,67.1,7.4,277.9,24.1,21154,66133,29.9,24.2,27.3,33.6,24.2,29.6,23.1
Scarborough,2011-08-16,74.8,0.7874,4.17,13.9,111.2,1012.6,82.4,8.1,201.6,17.5,21158,66104,30.8,25.1,27.9,35.1,25.1,30.2,22.9
Scarborough,2011-08-17,73.8,1.9811999999999999,8.33,13.9,87.9,1012.9,88.1,7.3,108.8,9.5,21162,66075,31.0,26.0,27.8,35.5,26.0,30.3,22.7
Scarborough,2011-08-18,76.0,0.4064,8.33,16.1,93.7,1011.5,70.1,7.1,166.2,14.4,21165,66046,31.2,25.8,27.9,36.6,25.8,31.1,23.3
Scarborough,2011-08-19,72.0,0.3048,4.17,18.3,89.9,1010.3,57.6,7.3,163.2,14.1,21168,66016,32.1,26.0,28.7,36.8,26.0,31.9,23.0
Scarborough,2011-08-20,76.5,2.2352,45.83,15.2,356.4,1010.1,70.3,7.1,225.0,19.4,21170,65985,29.6,26.0,28.1,34.7,26.0,31.7,23.6
Scarborough,2011-08-21,72.4,0.0,0.0,15.0,144.7,1010.7,72.6,7.5,91.8,7.9,21173,65954,31.0,26.0,28.9,36.6,26.0,32.6,23.3
Scarborough,2011-08-22,70.5,0.4064,16.67,19.5,122.1,1011.1,58.4,8.2,123.5,10.7,21174,65922,32.0,28.0,29.5,36.8,31.3,33.8,23.5
Scarborough,2011-08-23,71.0,2.9972,4.17,16.1,134.3,1011.9,64.8,8.1,139.8,12.1,21176,65889,31.0,26.8,28.9,35.5,29.3,32.6,23.1
Scarborough,2011-08-24,72.0,0.508,4.17,17.9,133.5,1013.6,78.0,7.4,97.4,8.3,21177,65856,30.0,27.0,28.6,35.1,30.1,32.2,23.1
Scarborough,2011-08-25,76.3,0.3048,4.17,17.2,154.9,1015.4,87.3,7.1,102.5,8.9,21178,65823,28.1,26.0,26.9,31.3,26.0,28.4,22.4
Scarborough,2011-08-26,76.8,2.0065999999999997,4.17,9.2,97.0,1015.6,80.4,7.5,144.5,12.4,21178,65789,30.0,24.8,27.2,35.1,24.8,29.1,22.7
Scarborough,2011-08-27,75.2,0.9905999999999999,4.17,9.2,85.9,1013.7,71.1,7.2,195.0,16.9,21179,65754,30.0,25.8,28.1,34.2,25.8,31.3,23.2
Scarborough,2011-08-28,74.8,0.3048,4.17,13.9,101.8,1012.7,58.7,7.4,215.5,18.7,21179,65720,31.0,25.9,28.4,35.5,25.9,31.3,23.4
Scarborough,2011-08-29,72.3,16.9926,8.33,17.2,89.4,1013.5,60.6,7.1,254.0,22.1,21178,65684,31.2,24.0,28.3,35.6,24.0,31.1,22.7
Scarborough,2011-08-30,76.0,2.4384,33.33,16.1,90.2,1012.7,46.5,6.9,245.7,21.2,21178,65648,32.0,26.0,28.3,37.9,26.0,31.8,23.6
Scarborough,2011-08-31,73.4,0.6096,12.5,16.1,93.2,1013.8,39.4,7.1,276.7,23.9,21177,65612,31.1,26.0,29.1,36.8,26.0,33.3,23.7
Scarborough,2011-09-01,77.1,0.9905999999999999,4.17,20.8,83.4,1012.6,80.5,7.2,176.2,15.2,23086,64519,30.0,24.0,27.0,34.2,24.0,28.9,22.6
Scarborough,2011-09-02,67.4,0.9905999999999999,4.17,18.6,87.8,1013.4,62.7,7.6,259.2,22.4,23133,65335,29.8,22.0,26.4,32.1,22.0,27.1,19.7
Scarborough,2011-09-03,74.5,0.1016,4.17,15.4,43.3,1013.3,62.4,7.4,286.4,24.8,22422,65607,28.0,23.0,25.8,30.1,23.0,26.6,20.8
Scarborough,2011-09-04,70.4,0.0,0.0,15.0,87.6,1013.7,86.3,8.4,314.8,27.3,21308,65647,29.1,24.0,26.6,32.1,24.0,27.6,20.6
Scarborough,2011-09-05,74.5,0.6096,20.83,15.7,102.1,1010.9,73.1,7.0,294.0,25.3,20501,65833,30.2,27.0,28.6,34.6,29.7,32.5,23.6
Scarborough,2011-09-06,75.2,2.9972,4.17,15.9,99.2,1014.2,63.5,7.6,205.0,17.8,20356,66305,31.0,26.0,28.7,36.6,26.0,32.9,23.8
Scarborough,2011-09-07,75.5,0.1016,4.17,20.8,93.7,1013.4,56.9,7.2,252.9,21.9,20747,66627,30.0,26.9,28.1,35.1,29.2,31.7,23.3
Scarborough,2011-09-08,68.6,0.0,0.0,12.8,113.0,1013.5,42.3,7.7,313.1,27.2,21121,66287,31.0,26.0,28.6,37.8,26.0,31.4,22.2
Scarborough,2011-09-09,77.0,0.9905999999999999,4.17,10.3,343.3,1009.5,80.9,7.5,167.6,14.4,21160,65272,31.0,26.0,28.4,39.1,26.0,32.4,24.0
Scarborough,2011-09-10,77.5,1.4986,8.33,18.3,84.7,1011.2,41.7,7.0,232.4,20.3,21106,64116,31.9,25.0,28.2,40.3,25.0,31.6,23.8
Scarborough,2011-09-11,81.1,2.794,8.33,20.8,103.4,1010.0,66.8,6.7,115.7,10.1,21412,63387,30.0,26.0,27.6,37.4,26.0,31.1,24.1
Scarborough,2011-09-12,76.6,0.3048,4.17,16.1,83.8,1011.0,62.6,7.7,129.8,11.3,22236,63589,30.1,24.0,26.8,33.4,24.0,28.5,22.3
Scarborough,2011-09-13,75.8,2.0065999999999997,4.17,20.8,143.6,1014.7,86.1,8.5,141.7,12.3,21149,65115,29.0,25.8,27.4,32.8,25.8,29.4,22.7
Scarborough,2011-09-14,75.1,0.2032,4.17,11.4,116.3,1014.3,58.7,8.5,106.7,9.2,21146,65075,30.2,25.0,28.1,34.3,25.0,30.8,23.1
Scarborough,2011-09-15,81.6,8.102599999999999,12.5,23.0,93.5,1013.5,88.4,6.6,120.2,10.3,21143,65035,29.0,23.8,26.2,34.6,23.8,27.5,22.7
Scarborough,2011-09-16,80.7,47.0154,8.33,20.8,91.5,1012.8,84.7,6.3,180.4,15.6,21140,64996,30.0,22.0,26.6,33.3,22.0,28.7,22.8
Scarborough,2011-09-17,86.9,30.4038,12.5,12.8,117.3,1012.4,89.2,6.6,108.6,9.3,21137,64956,30.2,23.0,26.2,37.4,23.0,28.1,23.7
Scarborough,2011-09-18,76.3,0.3048,12.5,14.3,100.8,1012.8,74.6,7.6,170.0,14.9,21134,64916,31.0,25.0,28.6,37.8,25.0,32.4,23.9
Scarborough,2011-09-19,74.1,0.1016,4.17,16.1,109.5,1011.9,68.7,7.3,205.2,17.7,21132,64876,31.0,26.0,28.3,35.5,26.0,31.4,23.2
Scarborough,2011-09-20,71.3,0.0,0.0,9.2,94.1,1012.1,44.0,8.1,196.9,17.1,21129,64836,31.0,25.8,28.1,34.6,25.8,30.5,22.3
Scarborough,2011-09-21,77.5,0.4064,8.33,13.9,98.0,1012.9,71.4,7.3,144.9,12.5,21126,64797,30.9,25.7,28.1,37.4,25.7,31.6,23.7
Scarborough,2011-09-22,78.9,1.9811999999999999,8.33,18.3,86.6,1012.9,68.0,7.6,168.1,14.4,21123,64757,32.0,26.0,28.2,37.9,26.0,31.2,24.0
Scarborough,2011-09-23,79.8,9.118599999999999,8.33,13.9,51.2,1012.3,76.2,7.0,257.8,22.2,21120,64717,30.1,26.0,27.7,35.6,26.0,31.1,23.8
Scarborough,2011-09-24,73.7,0.2032,8.33,12.8,104.8,1011.7,60.4,7.6,129.5,11.2,21118,64678,31.0,25.6,28.1,36.6,25.6,30.9,22.9
Scarborough,2011-09-25,73.2,0.508,12.5,17.2,122.3,1012.6,70.1,8.1,150.2,13.0,21116,64639,31.1,26.0,29.2,37.9,26.0,33.7,23.9
Scarborough,2011-09-26,71.5,0.0,0.0,15.0,113.2,1013.6,48.1,8.8,273.6,23.6,21113,64600,31.0,26.2,28.9,35.5,26.2,32.8,23.2
Scarborough,2011-09-27,72.2,0.0,0.0,11.4,115.4,1013.2,40.4,8.2,280.1,24.1,21111,64561,31.0,25.9,28.6,35.5,25.9,31.4,22.9
Scarborough,2011-09-28,69.4,0.0,0.0,13.9,127.8,1011.6,55.6,8.2,142.8,12.2,21109,64522,31.3,28.0,29.4,35.6,31.3,33.4,23.2
Scarborough,2011-09-29,70.2,0.1016,4.17,15.0,125.8,1011.2,38.4,8.7,275.9,23.8,21108,64483,31.0,28.0,29.5,36.6,31.0,33.9,23.4
Scarborough,2011-09-30,70.3,0.3048,12.5,17.2,115.0,1012.1,46.2,8.5,197.5,17.0,21106,64445,31.1,28.7,29.7,37.8,32.5,34.4,23.7
Scarborough,2011-10-01,74.1,4.2926,4.17,21.3,79.3,1013.3,77.0,7.7,255.5,22.0,23103,64551,29.3,24.7,26.9,32.0,24.7,28.8,21.8
Scarborough,2011-10-02,74.4,0.9905999999999999,4.17,21.7,84.1,1012.6,76.7,7.0,231.9,20.0,23119,65352,29.1,23.0,26.1,32.8,23.0,27.0,21.1
Scarborough,2011-10-03,71.5,0.6096,12.5,17.2,38.2,1012.6,84.9,7.3,216.4,18.7,22388,65611,27.2,24.0,25.7,28.7,24.0,26.1,20.1
Scarborough,2011-10-04,75.9,1.2953999999999999,8.33,12.8,103.6,1013.2,76.4,8.3,305.9,26.5,21274,65649,29.1,24.9,26.5,32.0,24.9,27.5,21.8
Scarborough,2011-10-05,74.1,0.508,4.17,16.1,111.3,1011.0,77.1,6.0,204.8,17.6,20485,65845,30.2,27.0,28.6,35.1,29.7,32.3,23.4
Scarborough,2011-10-06,71.8,0.7874,4.17,20.8,98.6,1014.3,48.6,6.9,304.1,26.3,20363,66321,32.0,27.0,29.1,39.2,29.7,33.1,23.3
Scarborough,2011-10-07,74.9,0.0,0.0,18.3,85.3,1013.8,28.8,7.3,300.4,25.9,20763,66629,31.0,25.6,27.9,37.8,25.6,30.9,23.1
Scarborough,2011-10-08,71.3,0.0,0.0,13.9,111.7,1013.3,48.9,7.6,314.8,27.0,21128,66263,31.1,26.0,28.8,36.1,26.0,32.3,23.0
Scarborough,2011-10-09,75.0,0.9143999999999999,8.33,25.3,152.9,1010.6,88.7,7.9,215.6,18.8,21158,65233,31.0,27.0,29.0,36.1,29.8,33.6,24.1
Scarborough,2011-10-10,80.4,7.086600000000001,8.33,17.2,85.6,1010.5,67.7,7.2,156.0,13.4,21108,64082,31.0,25.0,28.3,40.7,25.0,32.7,24.5
Scarborough,2011-10-11,74.7,0.7874,4.17,20.8,98.3,1010.7,76.4,7.0,75.2,6.6,21432,63379,30.1,27.0,28.4,35.1,29.7,32.3,23.5
Scarborough,2011-10-12,79.5,0.7874,4.17,13.9,98.5,1010.5,41.5,7.5,204.6,17.6,22268,63611,30.0,24.0,26.6,34.2,24.0,28.1,22.7
Scarborough,2011-10-13,81.5,11.8872,12.5,24.2,93.7,1010.5,77.6,6.2,178.8,15.5,21116,63982,28.8,23.9,26.3,33.5,23.9,27.7,22.8
Scarborough,2011-10-14,76.0,8.102599999999999,4.17,23.0,76.1,1010.3,43.3,6.9,265.3,23.1,21119,63950,31.0,24.0,27.9,37.8,24.0,31.2,23.2
Scarborough,2011-10-15,81.0,8.178799999999999,8.33,21.9,80.4,1010.0,66.1,6.3,278.5,24.0,21123,63918,31.0,23.1,26.7,37.8,23.1,28.9,23.1
Scarborough,2011-10-16,84.4,4.0893999999999995,4.17,28.9,78.7,1010.0,80.3,6.0,180.7,15.9,21128,63887,29.8,23.7,26.8,37.3,23.7,29.7,23.9
Scarborough,2011-10-17,77.0,6.095999999999999,4.17,23.0,90.2,1009.5,82.8,7.7,172.7,14.9,21133,63857,29.3,24.0,26.7,34.6,24.0,28.3,22.3
Scarborough,2011-10-18,78.2,2.794,8.33,17.2,74.1,1010.0,83.6,6.9,241.9,21.0,21138,63827,31.0,24.0,27.3,34.6,24.0,29.1,22.9
Scarborough,2011-10-19,79.1,13.0048,4.17,18.6,28.1,1011.4,82.8,6.3,240.7,20.8,21144,63798,29.1,24.9,27.0,33.7,24.9,29.1,23.1
Scarborough,2011-10-20,81.0,24.002999999999997,8.33,11.9,33.4,1010.4,79.6,7.6,126.5,11.2,21151,63770,29.1,25.0,26.7,35.4,25.0,28.6,23.2
Scarborough,2011-10-21,82.2,1.3208,20.83,15.2,4.8,1009.1,80.8,7.1,140.7,12.2,21158,63743,30.0,24.0,27.4,37.4,24.0,30.7,24.1
Scarborough,2011-10-22,81.7,0.1016,4.17,10.7,338.0,1009.5,62.9,7.5,247.3,21.3,21166,63716,30.0,26.0,27.7,36.2,26.0,31.1,24.3
Scarborough,2011-10-23,84.8,0.0,0.0,12.8,333.6,1010.7,32.5,7.8,172.6,15.0,21174,63690,31.0,26.0,28.2,39.1,26.0,32.7,25.3
Scarborough,2011-10-24,80.4,1.9304,12.5,9.2,93.9,1010.2,75.7,6.8,158.5,13.6,21183,63665,30.1,26.0,27.7,34.8,26.0,30.7,23.9
Scarborough,2011-10-25,75.3,0.2032,4.17,12.8,111.7,1010.3,47.5,7.8,112.6,10.0,21192,63641,30.2,25.9,27.9,35.1,25.9,30.7,23.1
Scarborough,2011-10-26,77.4,1.2192,16.67,20.8,91.3,1009.4,55.3,8.0,134.4,11.6,21202,63617,30.7,25.9,27.7,35.1,25.9,30.4,23.3
Scarborough,2011-10-27,79.5,2.0065999999999997,4.17,21.9,86.3,1009.5,70.5,7.5,109.6,9.5,21213,63595,29.0,25.9,27.2,32.8,25.9,29.6,23.3
Scarborough,2011-10-28,80.4,26.1112,12.5,18.3,80.2,1011.3,84.8,6.2,151.0,13.0,21224,63573,29.2,24.2,26.3,33.7,24.2,27.4,22.6
Scarborough,2011-10-29,80.8,0.1016,4.17,16.1,104.9,1012.1,73.2,8.0,100.9,8.6,21236,63552,30.8,25.0,27.7,37.4,25.0,31.2,24.1
Scarborough,2011-10-30,82.6,0.3048,12.5,17.2,92.0,1011.4,56.7,7.8,87.1,7.5,21249,63532,31.8,25.2,28.2,40.0,25.2,32.5,24.8
Scarborough,2011-10-31,74.6,0.4064,12.5,16.6,94.6,1010.6,68.0,8.3,185.4,15.9,21262,63513,31.0,25.0,28.1,34.6,25.0,30.9,23.0
Scarborough,2011-11-01,69.1,2.3114,8.33,25.1,78.0,1013.8,64.4,8.1,260.8,22.6,23119,64583,30.0,23.6,26.4,31.9,23.6,27.3,20.1
Scarborough,2011-11-02,72.8,5.8928,8.33,22.6,84.5,1013.7,61.8,6.4,260.9,22.6,23103,65369,29.0,24.2,26.6,31.4,24.2,27.8,21.3
Scarborough,2011-11-03,62.4,0.0,0.0,11.4,26.7,1013.6,81.8,8.0,254.8,21.9,22354,65614,29.0,23.0,25.4,29.8,23.0,25.8,17.7
Scarborough,2011-11-04,78.2,1.2953999999999999,8.33,15.0,100.5,1013.0,87.4,7.4,204.4,17.6,21240,65651,29.1,24.0,26.3,32.8,24.0,27.6,22.2
Scarborough,2011-11-05,75.9,0.0,0.0,15.0,105.8,1011.8,79.6,6.5,259.4,22.4,20469,65857,31.0,27.2,28.8,39.1,30.0,33.3,24.1
Scarborough,2011-11-06,67.8,0.0,0.0,20.8,95.6,1013.2,33.8,7.9,294.5,25.5,20371,66338,32.0,26.8,29.1,36.8,29.1,32.4,22.4
Scarborough,2011-11-07,71.9,0.0,0.0,18.3,91.0,1014.4,46.4,7.4,272.6,23.6,20778,66629,30.0,26.2,28.3,34.2,26.2,31.3,22.7
Scarborough,2011-11-08,72.1,2.9972,4.17,20.8,84.4,1013.0,31.6,7.8,219.1,19.0,21134,66239,32.0,25.9,28.8,39.2,25.9,32.2,23.2
Scarborough,2011-11-09,76.2,1.2953999999999999,8.33,24.2,131.8,1013.8,88.4,7.6,222.2,19.4,21155,65194,30.0,26.0,28.3,35.8,26.0,32.2,23.7
Scarborough,2011-11-10,82.4,0.9905999999999999,4.17,15.0,95.1,1011.0,41.5,8.0,184.1,15.8,21110,64048,31.0,26.0,28.1,39.1,26.0,32.4,24.8
Scarborough,2011-11-11,75.0,0.6096,12.5,31.3,91.6,1010.6,60.6,7.7,162.1,14.1,21452,63371,30.3,25.1,28.1,34.8,25.1,31.3,23.2
Scarborough,2011-11-12,77.5,3.3782,20.83,16.1,99.3,1011.1,46.2,7.9,169.0,14.5,22301,63634,30.0,25.0,27.5,34.6,25.0,30.2,23.2
Scarborough,2011-11-13,80.1,28.498800000000003,8.33,17.2,76.0,1011.3,82.0,7.8,89.0,7.8,21496,63359,29.2,24.8,26.4,32.8,24.8,27.6,22.7
Scarborough,2011-11-14,79.2,5.0038,8.33,14.5,78.2,1011.5,85.0,7.2,111.7,9.7,21518,63354,29.7,23.7,26.0,33.0,23.7,27.1,22.1
Scarborough,2011-11-15,79.8,14.808199999999998,8.33,14.5,42.7,1010.3,58.8,7.0,187.6,16.3,21541,63351,28.2,24.2,26.2,32.1,24.2,27.5,22.4
Scarborough,2011-11-16,78.9,12.191999999999998,12.5,19.5,68.6,1010.0,71.8,7.2,174.3,15.1,21565,63348,30.0,24.2,26.6,34.2,24.2,28.1,22.5
Scarborough,2011-11-17,78.1,2.0065999999999997,4.17,17.2,91.1,1010.3,76.0,7.7,95.2,8.1,21589,63347,28.8,24.0,26.4,31.7,24.0,27.8,22.2
Scarborough,2011-11-18,79.7,0.3048,4.17,8.1,107.3,1010.7,82.5,7.9,199.9,17.3,21614,63347,29.1,24.0,26.4,32.8,24.0,28.1,22.6
Scarborough,2011-11-19,79.5,20.0914,4.17,17.2,97.1,1011.6,69.9,7.5,180.7,15.7,21640,63348,29.0,23.9,25.7,32.8,23.9,26.4,21.8
Scarborough,2011-11-20,76.5,3.7845999999999997,8.33,12.8,90.8,1011.0,49.6,9.8,239.7,20.7,21666,63350,30.0,23.7,27.1,33.3,23.7,29.1,22.5
Scarborough,2011-11-21,76.1,0.7111999999999999,16.67,15.0,99.9,1011.5,59.9,8.1,198.1,17.3,21692,63353,30.0,24.2,27.3,34.2,24.2,29.3,22.6
Scarborough,2011-11-22,75.3,6.095999999999999,4.17,18.3,90.4,1012.7,66.8,7.8,157.3,13.6,21719,63358,30.1,25.0,27.4,34.2,25.0,29.4,22.5
Scarborough,2011-11-23,80.7,3.302,8.33,16.6,72.3,1012.9,72.2,7.1,81.7,7.1,21747,63363,28.4,25.0,26.2,33.2,25.0,27.2,22.6
Scarborough,2011-11-24,84.0,19.0246,12.5,13.0,79.2,1012.5,88.4,7.1,105.5,9.3,21775,63369,28.1,24.0,25.8,32.3,24.0,26.6,22.9
Scarborough,2011-11-25,75.6,1.016,8.33,15.0,85.0,1011.5,66.6,7.6,214.5,18.5,21803,63377,31.0,24.9,27.2,34.6,24.9,28.9,22.4
Scarborough,2011-11-26,78.3,0.508,4.17,19.5,117.0,1010.2,57.3,7.6,160.8,14.1,21832,63386,30.0,24.8,26.9,35.1,24.8,28.8,22.8
Scarborough,2011-11-27,76.7,1.5748,8.33,13.9,112.4,1008.8,47.5,7.3,118.8,10.5,21862,63395,29.8,25.7,27.4,34.5,25.7,29.7,22.9
Scarborough,2011-11-28,78.9,0.3048,4.17,16.1,133.0,1007.8,75.6,7.6,84.8,7.4,21891,63406,30.0,25.0,27.6,35.1,25.0,30.6,23.5
Scarborough,2011-11-29,79.0,16.9926,4.17,18.3,136.4,1008.6,81.7,6.8,84.0,7.1,21922,63418,30.0,25.0,28.0,35.1,25.0,31.8,24.0
Scarborough,2011-11-30,82.7,6.095999999999999,4.17,15.0,127.5,1009.6,87.2,7.5,137.1,11.8,21952,63430,27.7,25.0,26.3,31.3,25.0,27.4,23.1
Scarborough,2011-12-01,79.5,21.8186,16.67,20.4,94.5,1012.7,75.2,5.6,238.1,20.7,23134,64616,28.0,23.0,25.4,31.3,23.0,26.3,21.6
Scarborough,2011-12-02,79.2,9.0932,12.5,17.2,88.9,1014.4,64.1,6.6,270.5,23.3,23086,65385,28.0,23.7,25.4,31.9,23.7,26.0,21.5
Scarborough,2011-12-03,66.8,0.0,0.0,13.9,37.7,1014.3,74.0,8.1,295.2,25.6,22319,65616,28.1,23.0,25.3,29.3,23.0,25.6,18.6
Scarborough,2011-12-04,82.3,4.3180000000000005,12.5,17.2,82.0,1012.7,89.8,6.5,97.2,8.4,21207,65654,27.2,24.0,26.2,30.4,24.0,27.6,22.9
Scarborough,2011-12-05,72.7,0.2032,8.33,18.3,96.8,1011.8,63.8,7.0,282.1,24.2,20454,65869,30.1,27.0,28.2,34.2,29.7,31.4,22.8
Scarborough,2011-12-06,71.2,0.0,0.0,17.2,86.9,1013.0,29.6,7.8,307.8,26.4,20380,66354,31.0,26.0,28.7,35.1,26.0,31.8,22.8
Scarborough,2011-12-07,75.1,0.9143999999999999,12.5,16.1,98.4,1013.8,73.2,8.0,207.6,17.7,20794,66629,30.0,26.1,27.8,33.6,26.1,30.6,22.9
Scarborough,2011-12-08,72.3,10.2108,4.17,16.1,81.9,1012.7,45.3,6.7,245.5,21.2,21139,66213,31.9,24.0,28.2,36.7,24.0,30.9,22.6
Scarborough,2011-12-09,77.3,24.892,4.17,16.1,94.8,1015.2,87.4,6.2,162.0,13.9,21152,65154,31.0,23.0,27.2,34.4,23.0,28.9,22.7
Scarborough,2011-12-10,83.7,6.095999999999999,4.17,20.8,84.7,1010.9,62.6,6.9,164.1,14.0,21113,64015,31.0,25.0,27.5,39.1,25.0,30.1,24.3
Scarborough,2011-12-11,84.3,17.0942,8.33,13.2,96.4,1011.4,83.4,5.7,104.8,9.1,21474,63364,28.1,23.9,25.5,31.6,23.9,26.3,22.6
Scarborough,2011-12-12,78.9,9.398,8.33,16.1,99.9,1011.5,66.6,7.3,148.9,12.7,22333,63657,29.7,24.2,27.0,33.8,24.2,29.0,23.0
Scarborough,2011-12-13,76.5,2.9972,4.17,17.2,97.3,1011.0,42.2,7.3,138.8,12.0,22365,63682,30.1,25.0,27.1,34.2,25.0,28.8,22.6
Scarborough,2011-12-14,77.1,0.1016,4.17,20.8,99.1,1010.3,57.6,7.1,214.7,18.7,22397,63707,30.0,25.0,27.3,35.6,25.0,29.4,22.8
Scarborough,2011-12-15,81.3,0.3048,4.17,10.3,54.4,1010.5,44.9,7.1,185.0,15.9,22429,63733,30.0,25.0,26.3,34.2,25.0,27.2,22.8
Scarborough,2011-12-16,75.8,0.9143999999999999,25.0,13.2,45.0,1011.6,34.6,7.3,245.8,21.2,22460,63759,29.0,24.9,27.3,32.0,24.9,29.4,22.6
Scarborough,2011-12-17,79.1,0.0,0.0,17.2,45.4,1012.3,58.8,7.8,260.2,22.4,22492,63786,28.0,23.9,25.9,31.3,23.9,27.2,22.0
Scarborough,2011-12-18,67.5,0.0,0.0,16.1,32.1,1012.6,52.1,8.3,253.2,21.8,22523,63814,30.2,23.2,26.4,31.2,23.2,26.9,19.6
Scarborough,2011-12-19,73.7,0.7111999999999999,4.17,17.2,50.3,1013.3,69.7,8.1,187.0,16.2,22554,63842,28.1,24.8,26.3,30.7,24.8,27.1,21.1
Scarborough,2011-12-20,83.8,13.182599999999999,12.5,19.5,37.5,1013.7,78.9,6.2,191.8,16.6,22585,63871,27.3,24.0,25.7,30.6,24.0,26.3,22.7
Scarborough,2011-12-21,80.5,1.0921999999999998,8.33,21.3,60.1,1012.6,84.8,6.1,113.4,9.7,22615,63900,29.0,24.0,26.3,33.9,24.0,27.8,22.6
Scarborough,2011-12-22,85.3,49.7078,16.67,22.4,68.2,1012.8,90.1,6.1,186.2,16.2,22645,63930,28.0,23.8,25.1,32.0,23.8,25.6,22.4
Scarborough,2011-12-23,69.5,0.508,12.5,25.5,75.6,1012.8,39.7,7.7,250.3,21.6,22674,63960,30.0,24.0,27.0,33.3,24.0,28.4,20.9
Scarborough,2011-12-24,75.3,0.9905999999999999,4.17,18.3,75.0,1013.8,46.6,6.8,256.8,22.1,22703,63991,29.0,23.0,25.9,32.0,23.0,26.7,21.2
Scarborough,2011-12-25,73.8,0.3048,4.17,17.4,52.2,1014.7,29.3,8.0,255.0,22.1,22732,64022,29.0,24.0,26.4,31.4,24.0,27.6,21.2
Scarborough,2011-12-26,70.9,0.0,0.0,18.3,78.0,1014.4,26.0,8.6,258.7,22.4,22760,64054,30.0,23.0,26.5,31.9,23.0,27.7,20.7
Scarborough,2011-12-27,73.5,0.0,0.0,19.5,75.1,1015.7,53.3,8.2,244.3,21.1,22787,64085,30.0,23.9,26.9,33.3,23.9,28.4,21.7
Scarborough,2011-12-28,72.6,0.0,0.0,24.2,83.5,1015.2,37.9,7.7,220.0,19.0,22814,64117,30.0,24.7,27.0,33.3,24.7,28.4,21.6
Scarborough,2011-12-29,77.2,0.3048,4.17,24.2,81.9,1015.1,44.0,7.3,228.9,19.6,22840,64150,30.0,24.9,27.2,34.7,24.9,29.6,22.8
Scarborough,2011-12-30,73.3,3.302,12.5,30.0,76.1,1014.6,66.6,7.5,202.4,17.6,22866,64182,29.2,24.2,26.9,32.1,24.2,28.6,21.6
Scarborough,2011-12-31,74.1,6.095999999999999,4.17,23.0,73.6,1014.7,50.3,7.1,248.2,21.4,22891,64215,29.1,23.9,26.2,31.4,23.9,27.2,21.1
Scarborough,2012-01-01,72.6,0.1016,4.17,24.2,77.4,1014.5,33.8,7.3,251.2,21.6,22916,64248,29.9,24.0,26.8,31.8,24.0,27.8,21.3
Scarborough,2012-01-02,77.4,1.4986,4.17,24.2,75.4,1013.4,43.3,8.0,274.8,23.7,23218,65168,29.7,23.0,26.0,34.5,23.0,27.2,21.7
Scarborough,2012-01-03,91.2,78.2066,16.67,23.0,94.9,1014.3,90.5,5.1,188.9,16.3,22655,65574,26.2,22.0,24.1,26.2,22.0,24.1,22.6
Scarborough,2012-01-04,81.2,1.778,8.33,17.4,95.3,1013.6,87.2,7.9,274.9,23.5,21565,65638,29.1,24.0,26.4,33.0,24.0,27.8,22.8
Scarborough,2012-01-05,87.8,24.993599999999997,12.5,17.0,93.6,1012.4,75.3,6.0,282.5,24.5,20645,65760,29.0,25.0,26.7,34.7,25.0,28.6,24.4
Scarborough,2012-01-06,81.7,16.509999999999998,4.17,20.8,88.9,1017.0,89.7,6.4,244.1,21.1,20325,66185,29.8,26.9,27.9,35.8,29.8,32.2,24.5
Scarborough,2012-01-07,86.0,9.194799999999999,12.5,16.1,86.8,1013.9,88.8,7.1,115.0,9.9,20633,66594,28.0,24.1,25.6,31.9,24.1,26.2,23.1
Scarborough,2012-01-08,77.9,9.398,8.33,20.8,74.0,1014.2,68.5,6.9,225.8,19.5,21062,66438,30.0,26.0,27.6,35.1,26.0,30.2,23.3
Scarborough,2012-01-09,77.7,0.0,0.0,8.1,121.6,1013.6,77.5,7.7,276.4,23.9,21174,65547,30.1,25.0,27.8,35.3,25.0,30.6,23.5
Scarborough,2012-01-10,77.9,2.0065999999999997,4.17,16.1,84.6,1012.7,42.5,7.7,259.6,22.3,21104,64378,31.0,25.2,28.3,37.8,25.2,31.7,23.9
Scarborough,2012-01-11,85.4,6.1975999999999996,12.5,14.1,28.8,1011.6,79.2,7.4,196.0,16.9,21287,63482,29.0,24.0,26.7,34.6,24.0,28.6,23.9
Scarborough,2012-01-12,83.2,3.2003999999999997,16.67,20.8,67.0,1010.8,88.6,6.3,131.4,11.5,22005,63455,29.0,23.7,26.1,34.6,23.7,27.5,23.0
Scarborough,2012-01-13,78.2,0.0,0.0,23.0,83.6,1014.9,67.7,7.1,222.6,19.2,23144,64640,29.0,24.0,26.3,32.8,24.0,27.4,22.1
Scarborough,2012-01-14,80.4,2.0065999999999997,4.17,19.9,80.4,1015.0,65.2,6.8,249.3,21.4,23158,64671,29.0,24.0,26.4,34.6,24.0,28.2,22.7
Scarborough,2012-01-15,81.5,15.392399999999999,12.5,25.3,80.5,1015.8,71.1,6.5,216.9,18.7,23170,64703,28.1,23.0,25.1,30.2,23.0,25.7,21.7
Scarborough,2012-01-16,74.8,0.3048,8.33,20.8,74.3,1015.5,74.4,7.3,250.8,21.6,23181,64734,29.0,23.8,26.1,38.2,23.8,27.1,21.1
Scarborough,2012-01-17,79.1,1.9811999999999999,8.33,17.9,61.3,1015.0,67.1,6.6,266.1,23.1,23191,64764,28.0,23.0,25.3,30.7,23.0,25.7,21.4
Scarborough,2012-01-18,69.6,0.0,0.0,18.3,73.7,1013.7,39.3,7.8,265.4,23.0,23200,64795,29.0,23.0,25.4,29.9,23.0,25.8,19.3
Scarborough,2012-01-19,80.2,16.002,8.33,17.2,55.8,1013.5,48.5,7.0,258.1,22.3,23209,64825,29.8,22.8,24.8,32.8,22.8,25.2,21.1
Scarborough,2012-01-20,78.9,10.5156,8.33,18.3,68.2,1013.3,53.7,7.0,266.9,23.2,23216,64854,30.0,22.0,25.7,33.3,22.0,26.4,21.6
Scarborough,2012-01-21,85.7,6.8834,8.33,20.8,59.0,1013.5,63.6,6.8,214.1,18.5,23222,64883,28.0,23.0,24.9,30.7,23.0,25.5,22.2
Scarborough,2012-01-22,93.3,18.796,16.67,21.7,71.2,1012.9,80.7,6.6,164.8,14.2,23227,64912,26.6,23.0,24.1,26.6,23.0,24.1,22.9
Scarborough,2012-01-23,87.8,7.924799999999999,16.67,16.1,53.7,1012.5,82.9,6.6,224.7,19.4,23231,64940,27.0,22.0,24.7,30.1,22.0,25.1,22.5
Scarborough,2012-01-24,82.1,0.3048,4.17,18.6,46.2,1012.5,65.7,7.7,191.9,16.6,23234,64967,29.0,24.0,25.9,33.6,24.0,27.2,22.6
Scarborough,2012-01-25,78.6,0.6096,12.5,18.6,45.8,1013.4,69.1,7.9,237.1,20.6,23235,64994,27.0,23.9,25.6,28.8,23.9,25.8,21.5
Scarborough,2012-01-26,77.8,0.508,12.5,20.1,38.9,1013.0,36.5,7.4,178.3,15.2,23236,65021,28.1,23.7,25.9,30.7,23.7,26.8,21.7
Scarborough,2012-01-27,77.2,4.0893999999999995,4.17,22.6,57.3,1013.7,68.3,7.2,168.0,14.3,23236,65047,28.0,23.9,25.6,31.3,23.9,25.9,21.2
Scarborough,2012-01-28,67.7,0.0,0.0,23.0,64.4,1014.6,38.9,7.7,247.9,21.3,23234,65072,29.0,23.8,25.7,30.3,23.8,26.2,19.1
Scarborough,2012-01-29,66.6,0.0,0.0,23.0,73.3,1014.3,41.8,7.8,238.2,20.5,23232,65097,29.0,23.0,25.7,29.5,23.0,26.1,18.8
Scarborough,2012-01-30,71.3,0.0,0.0,18.3,46.7,1013.7,42.2,7.7,245.7,21.1,23229,65121,28.1,23.0,25.4,29.7,23.0,26.0,19.8
Scarborough,2012-01-31,72.4,0.0,0.0,21.0,76.5,1013.4,44.2,7.6,267.0,23.2,23224,65145,28.0,23.9,25.4,29.7,23.9,25.8,20.0
Scarborough,2012-02-01,79.2,0.0,0.0,21.9,86.3,1013.5,29.9,7.0,247.9,21.5,22939,64281,29.1,24.0,26.4,32.1,24.0,27.6,22.3
Scarborough,2012-02-02,73.4,0.1016,4.17,21.9,82.9,1012.7,28.6,7.7,282.2,24.4,23212,65191,29.1,23.0,25.6,32.0,23.0,26.3,20.4
Scarborough,2012-02-03,82.6,30.5054,8.33,25.3,82.7,1014.9,79.7,7.3,261.2,22.7,22624,65580,29.0,22.0,26.1,34.6,22.0,27.3,22.8
Scarborough,2012-02-04,73.7,0.0,0.0,17.2,101.1,1012.5,58.6,8.2,311.0,26.8,21529,65639,29.1,24.0,26.6,31.4,24.0,27.6,21.3
Scarborough,2012-02-05,84.8,14.401799999999998,4.17,18.3,90.7,1012.1,83.7,6.9,138.7,12.0,20623,65769,30.0,24.2,27.3,37.4,24.2,30.7,24.5
Scarborough,2012-02-06,77.4,0.1016,4.17,20.8,88.2,1016.7,86.4,6.4,270.1,23.2,20327,66201,30.8,26.1,27.8,37.1,26.1,31.1,23.5
Scarborough,2012-02-07,79.8,9.0932,8.33,17.7,81.5,1013.5,65.3,7.2,231.3,19.9,20649,66601,30.1,24.2,27.1,34.3,24.2,29.1,23.2
Scarborough,2012-02-08,78.8,5.1054,4.17,18.3,39.7,1012.5,70.3,7.0,151.1,13.2,21071,66419,30.0,25.0,27.4,34.2,25.0,29.9,23.3
Scarborough,2012-02-09,74.3,0.0,0.0,18.3,129.6,1014.6,51.4,8.2,195.8,16.8,21173,65510,31.0,26.0,28.7,36.6,26.0,32.4,23.6
Scarborough,2012-02-10,77.8,0.0,0.0,16.1,84.0,1012.9,70.8,7.5,166.9,14.4,21103,64340,31.1,26.0,28.2,36.6,26.0,31.7,23.9
Scarborough,2012-02-11,73.4,0.1016,4.17,16.8,45.9,1011.7,80.5,8.1,275.3,23.7,21302,63465,31.0,25.0,28.2,35.5,25.0,30.9,22.9
Scarborough,2012-02-12,74.1,8.6106,4.17,15.9,57.9,1010.7,84.5,8.1,192.9,16.8,22037,63470,28.1,25.0,26.7,31.7,25.0,27.7,21.6
Scarborough,2012-02-13,74.0,0.0,0.0,15.0,91.0,1013.1,38.1,8.2,284.0,24.6,23073,65397,30.0,22.0,25.5,32.6,22.0,26.2,20.3
Scarborough,2012-02-14,78.3,0.0,0.0,18.1,62.3,1014.3,67.1,8.4,287.2,24.9,23055,65412,29.1,23.0,25.7,32.8,23.0,26.3,21.6
Scarborough,2012-02-15,81.2,6.9088,12.5,17.4,45.5,1014.1,58.4,7.4,291.3,25.3,23035,65426,29.0,23.0,24.9,32.0,23.0,25.2,21.4
Scarborough,2012-02-16,81.1,2.9972,4.17,19.5,83.8,1014.1,70.1,7.2,287.0,24.8,23015,65440,29.0,21.0,25.4,33.6,21.0,26.2,21.9
Scarborough,2012-02-17,73.2,0.508,4.17,17.2,85.6,1013.7,34.2,8.4,289.3,25.0,22995,65453,29.0,23.0,25.6,30.3,23.0,25.9,20.2
Scarborough,2012-02-18,77.4,0.0,0.0,17.0,64.0,1013.7,42.2,8.3,291.8,25.3,22973,65465,28.0,22.7,25.4,30.7,22.7,26.1,21.1
Scarborough,2012-02-19,75.3,0.9905999999999999,4.17,18.3,81.6,1014.0,44.1,7.3,299.7,26.0,22950,65477,28.0,23.0,25.0,30.7,23.0,25.7,20.2
Scarborough,2012-02-20,73.8,0.0,0.0,17.2,93.1,1014.3,21.7,8.5,299.7,25.9,22927,65489,30.0,22.0,26.0,34.2,22.0,27.1,20.8
Scarborough,2012-02-21,77.6,0.0,0.0,15.2,87.8,1014.6,30.6,8.9,282.4,24.4,22903,65500,31.0,22.9,25.9,34.6,22.9,27.1,21.6
Scarborough,2012-02-22,79.8,0.0,0.0,19.5,73.0,1013.6,53.0,8.7,284.0,24.5,22878,65510,30.0,24.0,26.4,35.1,24.0,28.0,22.5
Scarborough,2012-02-23,77.6,0.3048,4.17,22.4,73.7,1013.3,79.4,8.1,283.7,24.6,22852,65520,30.1,24.0,26.4,35.2,24.0,28.0,22.2
Scarborough,2012-02-24,73.1,0.508,20.83,21.9,74.9,1013.6,63.3,7.1,295.4,25.5,22826,65529,29.7,23.0,26.4,32.2,23.0,27.4,21.1
Scarborough,2012-02-25,76.2,2.9972,8.33,24.2,81.4,1013.4,74.3,7.3,186.9,16.1,22799,65538,29.2,22.9,25.3,31.3,22.9,26.1,20.7
Scarborough,2012-02-26,73.0,13.8938,12.5,25.3,70.5,1014.6,62.7,7.4,235.4,20.2,22772,65546,29.7,22.0,26.3,32.8,22.0,27.2,20.9
Scarborough,2012-02-27,73.3,0.2032,8.33,21.5,63.6,1014.9,66.3,7.3,292.1,25.2,22743,65553,30.0,24.0,25.9,33.3,24.0,26.7,20.7
Scarborough,2012-02-28,76.0,0.3048,12.5,25.3,75.7,1014.3,77.1,7.0,302.5,26.0,22714,65561,30.1,21.6,25.7,34.2,21.6,26.6,21.1
Scarborough,2012-02-29,85.8,10.8966,4.17,24.2,83.3,1014.3,85.8,5.7,251.9,21.9,22685,65567,30.0,22.0,25.1,34.2,22.0,25.8,22.3
Scarborough,2012-03-01,78.9,0.508,4.17,20.8,77.3,1014.0,58.4,7.0,244.7,21.2,22962,64313,29.1,24.0,26.4,32.8,24.0,27.6,22.3
Scarborough,2012-03-02,77.4,0.2032,8.33,28.9,77.4,1012.3,60.2,7.0,245.4,21.2,23204,65213,29.8,23.0,26.2,31.8,23.0,26.9,21.7
Scarborough,2012-03-03,85.9,8.102599999999999,8.33,23.0,93.6,1014.4,70.4,6.8,279.7,24.1,22593,65585,28.0,24.0,25.9,32.7,24.0,27.2,23.3
Scarborough,2012-03-04,78.8,0.3048,4.17,17.2,96.9,1012.3,60.9,8.2,305.3,26.3,21493,65640,30.0,24.8,27.1,36.2,24.8,29.6,23.1
Scarborough,2012-03-05,86.5,6.095999999999999,4.17,25.3,107.9,1013.0,84.5,6.3,98.9,8.5,20601,65779,29.0,25.0,27.2,35.6,25.0,30.4,24.7
Scarborough,2012-03-06,77.4,0.7874,4.17,18.3,82.4,1015.9,70.5,6.8,303.5,26.1,20330,66218,30.7,25.0,27.2,35.8,25.0,29.3,22.9
Scarborough,2012-03-07,74.7,0.0,0.0,16.1,88.1,1012.8,39.1,8.0,289.9,25.0,20664,66607,30.0,25.0,27.4,34.2,25.0,29.4,22.5
Scarborough,2012-03-08,87.7,34.9758,12.5,24.8,126.5,1011.5,87.9,6.8,170.2,14.8,21080,66400,28.2,23.9,26.4,33.1,23.9,28.6,24.2
Scarborough,2012-03-09,77.9,6.095999999999999,4.17,15.0,99.1,1015.6,69.5,7.9,185.6,16.0,21171,65472,31.0,27.0,28.6,37.8,29.2,33.3,24.3
Scarborough,2012-03-10,81.9,0.9905999999999999,4.17,14.1,83.0,1012.8,78.8,7.3,163.1,14.0,21102,64303,30.0,26.0,27.8,37.4,26.0,31.9,24.4
Scarborough,2012-03-11,77.4,0.0,0.0,16.1,85.7,1012.2,51.7,9.2,270.1,23.2,21318,63450,31.1,24.0,27.5,37.3,24.0,30.1,23.1
Scarborough,2012-03-12,78.2,2.9972,4.17,12.8,36.4,1010.8,79.3,7.0,113.1,10.0,22068,63487,30.1,24.0,26.4,33.4,24.0,27.9,22.3
Scarborough,2012-03-13,75.7,0.0,0.0,18.3,93.7,1014.5,78.0,7.5,268.9,23.3,22258,65621,29.2,23.2,26.1,32.8,23.2,27.2,21.4
Scarborough,2012-03-14,76.1,0.0,0.0,20.8,89.7,1014.7,55.2,6.9,278.5,24.0,22222,65623,29.0,24.0,26.0,32.0,24.0,26.9,21.4
Scarborough,2012-03-15,84.3,5.1054,4.17,17.7,76.1,1014.8,62.5,6.3,252.7,21.9,22187,65624,26.7,23.0,25.2,29.2,23.0,25.4,22.4
Scarborough,2012-03-16,75.3,0.0,0.0,17.2,102.3,1014.7,77.0,6.9,180.4,15.4,22151,65626,28.8,23.0,26.2,31.7,23.0,27.3,21.4
Scarborough,2012-03-17,77.1,0.3048,4.17,20.8,85.3,1014.4,61.2,6.6,268.5,23.1,22115,65627,29.0,24.0,26.6,32.8,24.0,28.2,22.2
Scarborough,2012-03-18,75.5,0.2032,4.17,19.5,85.2,1013.4,74.5,7.1,259.9,22.6,22078,65628,29.0,24.0,26.2,32.0,24.0,27.1,21.4
Scarborough,2012-03-19,80.4,0.8128,8.33,17.2,83.7,1012.2,88.8,6.7,186.2,16.1,22042,65630,30.0,24.0,26.4,35.1,24.0,27.9,22.7
Scarborough,2012-03-20,85.3,0.9905999999999999,4.17,18.3,96.8,1012.6,90.2,6.1,168.0,14.5,22006,65631,28.0,24.1,25.6,31.9,24.1,26.1,22.9
Scarborough,2012-03-21,78.8,2.794,4.17,23.0,89.9,1012.7,89.1,6.6,173.3,15.0,21969,65631,29.0,24.7,26.4,32.0,24.7,27.4,22.3
Scarborough,2012-03-22,83.3,1.2953999999999999,8.33,17.2,97.5,1012.3,75.8,6.6,236.9,20.6,21932,65632,29.1,24.0,26.4,34.6,24.0,28.1,23.3
Scarborough,2012-03-23,81.3,0.0,0.0,18.3,97.5,1011.7,86.7,6.0,201.3,17.2,21895,65633,30.0,24.0,26.7,35.1,24.0,28.5,23.2
Scarborough,2012-03-24,80.6,0.0,0.0,21.9,100.2,1012.5,68.8,5.8,249.7,21.5,21859,65633,30.0,24.7,26.7,36.1,24.7,28.3,22.9
Scarborough,2012-03-25,81.0,0.0,0.0,19.5,99.2,1013.3,76.3,5.7,185.0,15.9,21822,65634,29.0,25.0,26.7,34.6,25.0,28.5,23.1
Scarborough,2012-03-26,79.9,0.0,0.0,19.5,87.9,1013.0,83.6,6.1,166.6,14.5,21785,65635,30.0,25.0,27.3,35.1,25.0,29.9,23.5
Scarborough,2012-03-27,79.5,0.0,0.0,17.2,98.0,1013.6,66.0,6.4,278.7,24.1,21748,65635,30.0,25.9,27.2,35.1,25.9,29.0,23.3
Scarborough,2012-03-28,75.6,0.0,0.0,17.2,94.9,1013.9,67.0,6.6,238.4,20.5,21711,65636,30.0,24.0,26.6,36.2,24.0,27.8,21.8
Scarborough,2012-03-29,79.0,0.0,0.0,18.3,92.1,1014.0,48.7,6.3,238.6,20.4,21675,65636,30.1,24.0,26.8,35.1,24.0,28.6,22.7
Scarborough,2012-03-30,79.0,0.1016,4.17,18.3,97.3,1015.6,44.5,7.0,298.2,25.9,21638,65637,30.0,25.8,27.3,35.1,25.8,29.9,23.3
Scarborough,2012-03-31,76.6,0.0,0.0,18.3,102.3,1015.6,53.1,8.4,226.1,19.4,21602,65638,30.0,25.8,27.4,34.2,25.8,29.6,22.9
Scarborough,2012-04-01,79.7,0.7874,4.17,19.0,87.2,1014.1,46.9,6.8,243.6,21.0,22984,64346,29.0,24.0,26.4,32.0,24.0,27.6,22.5
Scarborough,2012-04-02,79.9,5.1054,4.17,25.3,81.0,1012.4,61.2,7.0,243.6,21.0,23195,65234,29.0,23.0,26.2,32.8,23.0,27.6,22.4
Scarborough,2012-04-03,79.1,3.9878,8.33,28.9,81.8,1014.4,52.9,6.4,280.7,24.3,22561,65590,29.0,23.7,25.9,32.0,23.7,26.9,21.8
Scarborough,2012-04-04,80.7,0.1016,4.17,20.8,105.5,1012.1,78.6,8.3,294.7,25.7,21458,65641,30.0,23.9,26.6,36.2,23.9,28.7,22.9
Scarborough,2012-04-05,87.2,5.4102,8.33,24.2,119.3,1013.3,86.7,7.2,222.2,19.1,20581,65788,28.0,24.8,26.1,32.7,24.8,27.6,23.7
Scarborough,2012-04-06,75.3,0.3048,8.33,16.1,86.9,1014.6,66.5,7.5,298.8,25.9,20334,66235,30.0,24.8,27.2,33.3,24.8,29.2,22.4
Scarborough,2012-04-07,80.0,4.0893999999999995,4.17,13.9,105.0,1012.7,60.0,7.6,149.3,13.1,20680,66612,30.0,26.0,27.3,35.1,26.0,29.7,23.5
Scarborough,2012-04-08,79.3,3.2765999999999997,16.67,21.9,89.2,1014.0,67.3,7.5,221.8,19.0,21089,66380,30.1,26.0,28.1,36.2,26.0,32.1,24.2
Scarborough,2012-04-09,79.7,2.9972,8.33,15.9,94.7,1014.8,74.0,7.1,110.1,9.6,21169,65435,30.8,26.0,27.9,38.4,26.0,31.4,24.0
Scarborough,2012-04-10,80.7,2.0065999999999997,4.17,13.9,96.3,1012.1,84.3,7.6,162.1,14.1,21102,64267,32.0,25.0,28.4,38.0,25.0,32.5,24.6
Scarborough,2012-04-11,82.3,0.9905999999999999,4.17,13.9,88.9,1012.0,75.6,7.1,123.6,10.5,21334,63436,28.0,24.9,26.2,32.7,24.9,27.2,22.9
Scarborough,2012-04-12,83.3,0.9905999999999999,4.17,11.4,72.3,1011.8,79.9,8.0,97.3,8.5,22100,63504,30.6,24.0,26.4,37.2,24.0,28.1,23.3
Scarborough,2012-04-13,77.9,0.8128,16.67,19.9,85.8,1013.7,85.7,7.3,238.0,20.5,21149,65659,31.0,24.8,27.4,36.6,24.8,30.0,23.1
Scarborough,2012-04-14,77.6,0.2032,8.33,15.9,71.2,1013.8,81.4,8.0,200.1,17.4,21116,65662,29.1,24.0,26.7,33.6,24.0,28.3,22.4
Scarborough,2012-04-15,81.5,4.0893999999999995,4.17,13.2,74.0,1013.3,65.8,7.4,308.3,26.5,21084,65665,28.0,23.9,25.7,30.1,23.9,26.3,22.2
Scarborough,2012-04-16,82.6,0.508,4.17,18.3,82.3,1013.2,75.6,6.8,313.5,27.2,21053,65669,30.0,24.0,26.2,35.1,24.0,27.3,22.9
Scarborough,2012-04-17,75.6,7.899399999999999,8.33,18.3,90.3,1013.2,78.6,7.8,248.7,21.6,21022,65672,29.7,23.2,26.7,32.8,23.2,28.0,21.8
Scarborough,2012-04-18,85.3,7.112,4.17,17.2,98.6,1012.5,88.7,6.3,252.3,21.7,20991,65677,30.0,25.0,26.9,36.6,25.0,29.6,24.2
Scarborough,2012-04-19,93.8,110.0074,12.5,17.4,107.7,1012.7,90.2,5.2,217.8,18.7,20961,65681,27.2,23.7,25.3,30.3,23.7,25.9,24.2
Scarborough,2012-04-20,86.9,4.0893999999999995,4.17,15.0,110.2,1011.8,86.7,6.8,195.0,16.8,20931,65686,28.2,25.0,26.9,32.8,25.0,29.5,24.5
Scarborough,2012-04-21,85.8,14.909799999999999,8.33,15.0,107.1,1012.5,85.2,5.8,221.7,19.2,20902,65691,30.0,25.0,27.4,37.4,25.0,30.7,24.8
Scarborough,2012-04-22,79.5,0.0,0.0,16.1,106.5,1013.6,73.1,6.6,297.4,25.7,20874,65696,30.1,26.0,27.8,36.3,26.0,31.3,23.9
Scarborough,2012-04-23,80.8,0.1016,4.17,20.8,94.9,1013.3,56.8,7.4,259.0,22.4,20846,65702,30.1,26.0,27.9,36.3,26.0,31.7,24.3
Scarborough,2012-04-24,79.9,0.1016,4.17,20.8,89.8,1012.6,41.7,7.9,312.6,27.0,20818,65708,30.2,25.0,27.9,36.3,25.0,31.3,24.1
Scarborough,2012-04-25,76.5,0.0,0.0,19.0,87.4,1013.1,35.9,8.0,313.8,27.0,20792,65714,29.2,26.0,27.6,32.4,26.0,30.1,23.0
Scarborough,2012-04-26,78.1,0.1016,4.17,20.8,85.4,1013.3,53.8,8.0,319.1,27.7,20765,65721,30.0,25.0,27.3,35.1,25.0,29.2,23.0
Scarborough,2012-04-27,80.8,0.0,0.0,16.3,75.7,1012.9,52.9,8.7,307.1,26.4,20740,65728,31.0,24.9,27.2,37.8,24.9,29.7,23.6
Scarborough,2012-04-28,78.0,0.1016,4.17,18.1,73.9,1012.7,54.7,8.1,310.7,26.8,20715,65736,30.0,24.8,27.4,35.9,24.8,30.0,23.1
Scarborough,2012-04-29,86.3,0.9905999999999999,4.17,18.3,75.0,1013.3,83.1,5.9,295.8,25.7,20691,65744,30.0,24.0,26.1,36.2,24.0,27.8,23.6
Scarborough,2012-04-30,85.7,2.9972,8.33,18.3,102.8,1012.3,82.0,7.9,306.3,26.5,20668,65752,28.9,24.7,26.7,34.6,24.7,29.2,24.1
Scarborough,2012-05-01,74.1,0.3048,4.17,20.8,83.1,1013.6,43.4,7.0,249.7,21.6,23005,64379,30.0,24.0,26.3,33.3,24.0,27.3,21.2
Scarborough,2012-05-02,77.9,0.3048,4.17,23.0,80.2,1013.5,56.4,7.3,257.9,22.2,23186,65254,29.0,24.0,26.3,31.4,24.0,27.2,22.1
Scarborough,2012-05-03,79.7,0.3048,4.17,21.7,69.1,1015.3,59.2,6.9,293.9,25.3,22529,65595,28.7,23.0,25.4,31.7,23.0,26.1,21.6
Scarborough,2012-05-04,76.8,0.1016,4.17,18.3,89.4,1012.2,66.8,8.6,309.5,26.7,21422,65643,30.6,24.0,26.8,36.9,24.0,28.6,22.3
Scarborough,2012-05-05,86.6,2.0065999999999997,4.17,16.1,115.3,1012.3,82.7,7.5,240.3,21.0,20561,65798,30.0,25.0,27.3,36.2,25.0,30.6,24.8
Scarborough,2012-05-06,82.0,3.9878,8.33,20.8,90.2,1014.5,84.9,6.9,156.7,13.6,20338,66252,29.0,25.0,26.7,33.6,25.0,28.6,23.3
Scarborough,2012-05-07,76.1,0.508,4.17,22.1,82.7,1012.0,54.4,7.1,123.9,10.6,20696,66617,31.0,25.0,27.8,36.6,25.0,30.5,23.1
Scarborough,2012-05-08,78.4,2.9972,4.17,20.8,77.7,1014.5,58.2,7.1,303.6,26.0,21097,66359,30.1,25.0,27.2,36.0,25.0,29.0,23.1
Scarborough,2012-05-09,78.1,13.9954,4.17,17.2,100.7,1014.9,51.1,7.8,237.3,20.5,21167,65396,31.0,26.0,28.5,37.6,26.0,32.9,24.3
Scarborough,2012-05-10,79.2,0.0,0.0,13.9,129.3,1010.4,87.5,7.4,151.8,13.1,21102,64230,31.0,26.0,28.2,36.6,26.0,31.4,24.1
Scarborough,2012-05-11,82.0,0.7874,4.17,16.8,72.9,1011.4,76.0,6.6,83.6,7.3,21351,63423,31.0,25.0,27.1,37.8,25.0,29.2,23.7
Scarborough,2012-05-12,82.4,0.7111999999999999,12.5,9.4,57.7,1011.4,71.6,8.8,214.0,18.7,22132,63522,30.0,24.9,26.9,36.2,24.9,29.2,23.6
Scarborough,2012-05-13,79.4,0.2032,4.17,21.9,78.1,1013.8,77.1,6.3,261.7,22.7,20430,65892,31.1,25.8,28.2,39.1,25.8,31.9,24.3
Scarborough,2012-05-14,80.8,0.1016,4.17,19.5,83.6,1013.3,88.7,5.9,154.9,13.4,20417,65905,31.0,25.0,27.7,37.4,25.0,30.8,24.1
Scarborough,2012-05-15,82.8,0.0,0.0,18.3,87.6,1013.5,92.8,5.9,192.2,16.7,20405,65919,29.0,24.8,26.9,32.8,24.8,29.0,23.7
Scarborough,2012-05-16,87.3,7.899399999999999,4.17,21.9,104.9,1013.5,66.3,7.2,129.2,11.1,20394,65932,28.1,25.0,26.4,32.7,25.0,28.3,24.2
Scarborough,2012-05-17,85.7,8.889999999999999,4.17,20.8,108.3,1013.0,57.5,6.9,224.1,19.2,20383,65947,30.0,24.0,26.7,37.4,24.0,28.8,24.0
Scarborough,2012-05-18,80.2,7.112,8.33,28.9,93.4,1012.3,54.6,6.9,246.2,21.3,20374,65961,30.7,24.8,27.8,37.2,24.8,30.8,23.9
Scarborough,2012-05-19,79.9,2.794,8.33,19.9,91.9,1013.3,50.0,6.6,291.1,25.2,20365,65976,30.0,25.0,27.4,37.4,25.0,30.1,23.6
Scarborough,2012-05-20,74.7,0.0,0.0,20.8,98.2,1013.9,30.2,7.8,304.9,26.3,20357,65991,29.2,26.0,27.6,32.8,26.0,30.0,22.7
Scarborough,2012-05-21,81.6,2.0065999999999997,4.17,19.5,88.6,1014.8,58.1,6.5,299.7,25.9,20350,66006,30.8,24.9,27.5,37.1,24.9,30.6,24.0
Scarborough,2012-05-22,79.1,0.6096,8.33,20.8,87.6,1014.5,72.4,6.2,279.9,24.1,20344,66021,30.1,24.0,27.0,33.4,24.0,28.7,22.9
Scarborough,2012-05-23,82.3,7.899399999999999,4.17,20.4,89.9,1014.5,76.5,7.2,207.3,17.9,20338,66037,30.0,25.0,27.5,36.2,25.0,30.5,24.2
Scarborough,2012-05-24,89.0,14.020800000000001,12.5,28.9,100.6,1014.9,85.2,6.0,229.6,19.8,20334,66053,28.7,24.0,26.2,33.8,24.0,27.4,24.2
Scarborough,2012-05-25,81.4,3.302,8.33,18.3,100.8,1014.6,59.1,7.0,276.1,23.9,20330,66069,30.0,26.0,27.8,35.1,26.0,31.2,24.2
Scarborough,2012-05-26,81.5,0.3048,12.5,17.2,92.3,1014.1,37.0,7.2,303.8,26.2,20327,66085,30.2,26.0,27.8,36.2,26.0,31.1,24.3
Scarborough,2012-05-27,77.9,0.1016,4.17,20.8,91.7,1014.5,29.5,7.4,303.5,26.1,20324,66101,30.0,25.7,27.8,34.2,25.7,30.8,23.5
Scarborough,2012-05-28,80.7,2.4384,29.17,20.8,77.4,1013.7,55.8,7.5,285.6,24.6,20323,66118,31.0,26.0,28.1,37.8,26.0,31.8,24.4
Scarborough,2012-05-29,89.7,20.32,12.5,18.3,90.4,1013.9,71.8,6.5,172.4,14.9,20322,66134,29.8,23.0,26.3,36.1,23.0,28.4,24.4
Scarborough,2012-05-30,81.6,5.0038,8.33,36.9,106.7,1013.9,83.0,6.9,124.6,10.7,20322,66151,30.0,24.0,26.4,36.2,24.0,27.7,22.9
Scarborough,2012-05-31,84.7,0.508,4.17,16.1,102.3,1015.5,89.1,6.8,157.9,13.7,20323,66168,29.0,24.8,26.9,35.6,24.8,29.7,24.1
Scarborough,2012-06-01,75.8,0.1016,4.17,15.2,80.8,1013.8,42.0,7.1,202.3,17.5,23026,64412,29.0,24.0,26.1,30.8,24.0,26.9,21.3
Scarborough,2012-06-02,81.1,0.1016,4.17,21.0,78.9,1013.8,47.6,7.5,260.1,22.5,23175,65274,30.0,24.0,26.8,35.1,24.0,28.6,23.2
Scarborough,2012-06-03,72.3,0.3048,4.17,23.0,73.0,1014.6,40.4,6.7,282.0,24.4,22497,65599,30.0,23.0,25.9,32.6,23.0,26.8,20.5
Scarborough,2012-06-04,73.5,0.2032,8.33,19.5,89.6,1012.7,84.4,7.9,312.0,26.9,21387,65644,30.0,25.0,27.3,35.0,25.0,29.2,22.1
Scarborough,2012-06-05,86.6,2.0065999999999997,4.17,15.0,120.7,1012.1,84.5,8.2,167.6,14.5,20542,65809,29.0,25.9,27.3,34.6,25.9,30.8,24.9
Scarborough,2012-06-06,77.5,2.9972,4.17,24.2,89.5,1014.8,89.2,7.4,197.2,17.0,20343,66268,30.0,26.0,27.8,35.1,26.0,30.6,23.4
Scarborough,2012-06-07,72.4,0.3048,4.17,21.7,80.0,1012.7,73.1,7.1,242.4,21.1,20711,66620,30.1,26.0,28.1,34.3,26.0,31.0,22.6
Scarborough,2012-06-08,86.6,9.118599999999999,8.33,17.2,92.9,1013.1,81.9,7.5,269.1,23.3,21105,66338,29.0,24.8,26.5,33.6,24.8,28.4,24.1
Scarborough,2012-06-09,74.7,0.1016,4.17,12.8,102.8,1015.2,38.3,7.6,286.7,24.8,21165,65358,31.0,26.0,28.6,35.5,26.0,31.7,23.4
Scarborough,2012-06-10,77.5,1.2192,16.67,17.2,120.5,1010.3,86.8,7.6,110.9,9.6,21103,64194,31.1,25.9,28.8,37.9,25.9,33.7,24.5
Scarborough,2012-06-11,78.8,0.9905999999999999,4.17,15.9,87.2,1011.4,74.3,7.4,192.9,16.5,21369,63410,30.1,25.0,27.4,35.2,25.0,29.9,23.4
Scarborough,2012-06-12,84.3,13.9954,4.17,14.5,68.9,1010.4,64.1,7.2,228.3,19.6,22163,63542,29.0,24.0,26.3,33.6,24.0,27.9,23.4
Scarborough,2012-06-13,87.6,45.211999999999996,12.5,20.8,101.1,1014.2,93.6,5.8,109.6,9.3,20396,66381,27.1,23.0,25.3,30.1,23.0,25.9,23.0
Scarborough,2012-06-14,75.7,0.0,0.0,11.4,83.7,1014.3,75.0,7.2,283.7,24.5,20406,66397,30.1,25.0,27.1,34.3,25.0,28.7,22.3
Scarborough,2012-06-15,83.0,0.9905999999999999,4.17,23.0,91.8,1013.9,79.7,7.0,123.1,10.5,20416,66412,29.0,25.6,27.1,34.6,25.6,30.0,24.0
Scarborough,2012-06-16,80.3,2.0065999999999997,4.17,16.1,104.2,1014.0,60.6,7.2,120.4,10.4,20427,66427,30.0,26.7,27.6,35.1,29.2,31.2,23.9
Scarborough,2012-06-17,82.2,0.3048,4.17,21.9,100.9,1014.6,54.4,7.5,227.8,19.6,20439,66441,29.1,26.0,27.6,34.6,26.0,30.8,24.2
Scarborough,2012-06-18,75.4,0.0,0.0,20.8,91.6,1015.1,35.5,7.6,298.2,25.8,20451,66455,29.8,25.0,27.4,35.6,25.0,29.7,22.6
Scarborough,2012-06-19,78.8,0.9905999999999999,4.17,21.9,86.7,1015.4,29.2,7.3,285.3,24.7,20463,66469,30.0,24.1,27.6,35.1,24.1,30.4,23.5
Scarborough,2012-06-20,80.2,0.7874,4.17,18.8,91.4,1014.2,46.9,7.2,237.8,20.6,20475,66482,30.1,26.0,27.9,35.2,26.0,31.4,24.1
Scarborough,2012-06-21,77.4,0.0,0.0,20.8,89.6,1013.9,73.8,7.0,135.2,11.6,20488,66495,30.1,25.9,27.7,35.1,25.9,30.3,23.3
Scarborough,2012-06-22,75.4,0.0,0.0,19.5,92.0,1014.7,49.0,7.1,284.2,24.4,20502,66507,30.1,25.0,27.6,33.4,25.0,29.7,22.7
Scarborough,2012-06-23,82.8,5.7912,12.5,16.1,90.6,1016.1,65.6,7.1,182.2,15.8,20515,66519,28.1,24.0,25.9,32.1,24.0,26.8,22.8
Scarborough,2012-06-24,79.9,5.1054,4.17,20.1,91.6,1016.5,63.4,7.6,263.9,22.8,20529,66531,29.0,25.0,27.6,33.6,25.0,30.8,23.8
Scarborough,2012-06-25,76.0,0.2032,8.33,16.1,94.9,1015.6,37.0,8.0,292.4,25.3,20544,66541,29.1,25.0,27.5,33.6,25.0,30.1,22.8
Scarborough,2012-06-26,83.2,29.006799999999995,8.33,43.6,103.4,1015.7,74.2,6.5,155.2,13.4,20558,66552,27.0,23.2,25.6,30.1,23.2,26.1,22.4
Scarborough,2012-06-27,79.1,0.1016,4.17,17.2,91.6,1016.6,34.5,7.1,274.2,23.6,20573,66562,30.2,25.0,27.5,34.9,25.0,29.7,23.4
Scarborough,2012-06-28,72.5,0.508,20.83,18.8,84.2,1016.1,25.5,7.5,299.2,25.9,20588,66571,30.0,25.3,27.8,33.3,25.3,30.0,22.3
Scarborough,2012-06-29,78.1,0.0,0.0,17.2,94.8,1014.6,44.5,7.9,276.0,24.0,20603,66579,29.7,23.8,26.8,34.6,23.8,28.7,22.6
Scarborough,2012-06-30,78.4,0.508,12.5,17.0,90.3,1013.7,50.0,7.9,195.7,17.0,20619,66588,30.0,24.9,27.6,35.1,24.9,30.7,23.5
Scarborough,2012-07-01,83.0,7.416799999999999,8.33,10.3,54.0,1014.1,44.1,7.3,211.6,18.3,23045,64445,28.1,24.0,25.6,32.1,24.0,26.6,22.5
Scarborough,2012-07-02,79.9,0.0,0.0,18.3,90.2,1013.2,38.7,7.3,276.1,24.0,23163,65294,30.1,24.2,26.8,36.3,24.2,28.9,23.0
Scarborough,2012-07-03,72.8,0.8128,8.33,20.8,69.8,1014.4,46.3,6.6,239.6,20.8,22464,65603,29.7,24.0,26.2,32.9,24.0,27.2,20.9
Scarborough,2012-07-04,78.7,0.1016,4.17,17.7,104.4,1013.3,85.6,8.4,230.2,20.0,21352,65645,30.0,25.0,27.4,36.2,25.0,29.9,23.3
Scarborough,2012-07-05,87.5,0.7111999999999999,8.33,12.8,118.6,1012.2,89.0,7.9,200.9,17.3,20523,65820,29.1,25.7,27.1,35.8,25.7,29.7,24.8
Scarborough,2012-07-06,73.5,0.4064,4.17,26.4,84.1,1014.6,88.7,7.0,177.5,15.3,20349,66285,31.0,27.0,28.3,36.2,29.2,31.7,23.1
Scarborough,2012-07-07,70.4,0.1016,4.17,18.3,87.2,1013.6,29.2,7.9,301.4,26.1,20727,66624,30.1,25.0,27.8,33.4,25.0,29.8,21.8
Scarborough,2012-07-08,88.3,6.604,8.33,13.9,98.6,1012.6,86.1,7.6,196.3,16.9,21112,66316,29.1,25.0,26.6,35.8,25.0,28.2,24.4
Scarborough,2012-07-09,75.0,0.0,0.0,13.9,112.4,1014.4,49.1,7.9,293.3,25.5,21163,65320,31.0,25.0,28.4,36.6,25.0,32.1,23.6
Scarborough,2012-07-10,77.8,0.3048,8.33,19.5,100.9,1012.2,63.8,7.3,202.1,17.5,21104,64159,31.2,25.8,28.8,39.1,25.8,33.6,24.5
Scarborough,2012-07-11,77.6,2.0065999999999997,4.17,15.4,85.3,1011.3,51.0,8.2,256.7,22.1,21387,63399,31.6,25.0,28.1,39.0,25.0,30.9,23.6
Scarborough,2012-07-12,82.9,7.899399999999999,4.17,17.2,84.0,1011.0,59.5,7.4,131.5,11.5,22196,63562,31.0,24.0,26.9,36.6,24.0,29.4,23.7
Scarborough,2012-07-13,75.1,0.508,4.17,20.8,97.8,1013.9,36.0,8.0,292.3,25.3,20820,66626,30.0,24.2,27.2,34.2,24.2,28.9,22.3
Scarborough,2012-07-14,83.6,15.011399999999998,4.17,20.8,90.8,1014.7,70.2,7.4,151.2,13.1,20835,66624,29.9,24.0,26.3,35.8,24.0,27.6,23.2
Scarborough,2012-07-15,78.5,0.508,8.33,18.3,88.7,1014.5,58.8,7.5,260.9,22.5,20850,66621,30.2,24.8,27.5,35.1,24.8,30.2,23.3
Scarborough,2012-07-16,78.2,0.9905999999999999,4.17,16.1,97.4,1014.3,76.2,7.2,233.5,20.3,20865,66617,31.0,24.9,27.5,36.6,24.9,30.0,23.3
Scarborough,2012-07-17,74.0,0.1016,4.17,16.1,89.3,1014.8,73.8,8.3,273.5,23.7,20880,66612,32.0,25.0,27.6,35.8,25.0,29.6,22.4
Scarborough,2012-07-18,74.7,0.0,0.0,15.0,110.1,1015.0,48.4,8.7,296.8,25.6,20894,66606,29.2,25.0,27.3,33.6,25.0,29.2,22.4
Scarborough,2012-07-19,71.4,0.0,0.0,16.1,99.0,1014.7,30.5,8.7,312.7,26.9,20908,66600,30.1,24.8,27.7,34.3,24.8,29.8,22.0
Scarborough,2012-07-20,75.1,1.3208,25.0,16.1,102.9,1013.6,32.7,7.8,280.8,24.2,20922,66593,30.0,26.0,28.1,34.2,26.0,31.2,23.2
Scarborough,2012-07-21,79.5,7.086600000000001,8.33,20.8,96.8,1014.9,56.4,7.0,176.7,15.4,20935,66584,30.0,25.0,27.3,37.4,25.0,29.6,23.4
Scarborough,2012-07-22,77.3,0.2032,4.17,17.2,69.0,1014.8,43.7,7.3,146.5,12.7,20948,66575,30.0,25.0,27.7,35.1,25.0,30.6,23.3
Scarborough,2012-07-23,85.4,12.9032,8.33,19.7,78.7,1015.0,84.6,6.7,104.4,8.8,20961,66565,28.6,24.0,26.1,34.1,24.0,27.3,23.4
Scarborough,2012-07-24,84.4,13.5128,8.33,11.4,111.5,1015.0,62.6,6.9,239.0,20.6,20974,66555,28.1,24.0,26.4,31.9,24.0,28.1,23.5
Scarborough,2012-07-25,76.5,0.508,4.17,23.0,79.4,1015.2,46.3,6.9,266.3,22.8,20986,66543,30.0,25.0,28.0,35.1,25.0,31.2,23.4
Scarborough,2012-07-26,72.5,0.0,0.0,23.0,90.3,1015.0,50.4,7.4,296.6,25.7,20998,66530,30.2,24.7,27.3,33.1,24.7,28.9,21.8
Scarborough,2012-07-27,74.4,0.0,0.0,18.3,87.9,1014.7,76.3,7.7,292.7,25.3,21010,66517,30.0,25.0,27.2,33.3,25.0,28.8,22.1
Scarborough,2012-07-28,78.1,0.6096,8.33,18.3,93.0,1014.1,32.8,8.3,255.3,21.8,21021,66503,30.2,24.9,28.1,35.1,24.9,31.3,23.8
Scarborough,2012-07-29,84.1,24.892,4.17,14.3,41.1,1012.3,58.0,7.2,294.5,25.4,21032,66488,29.2,25.0,27.2,35.6,25.0,30.1,24.2
Scarborough,2012-07-30,78.0,0.9143999999999999,16.67,18.3,117.9,1012.4,42.2,8.2,283.4,24.6,21042,66472,30.1,25.9,28.1,36.2,25.9,31.7,23.8
Scarborough,2012-07-31,80.6,1.9304,20.83,13.0,89.2,1014.3,57.1,8.0,166.2,14.3,21052,66455,30.0,25.2,27.9,36.2,25.2,31.8,24.2
Scarborough,2012-08-01,82.2,4.013199999999999,8.33,20.6,62.9,1014.0,84.2,6.6,192.0,16.3,23064,64478,28.0,23.0,25.2,30.0,23.0,25.7,21.8
Scarborough,2012-08-02,84.6,1.778,8.33,17.2,94.8,1012.7,73.8,6.4,250.0,21.6,23151,65312,28.0,22.0,25.2,31.3,22.0,25.8,22.3
Scarborough,2012-08-03,73.5,2.0065999999999997,4.17,30.0,84.7,1014.1,54.8,6.3,267.3,23.0,22430,65607,29.0,21.0,25.5,30.8,21.0,26.1,20.2
Scarborough,2012-08-04,79.9,0.0,0.0,16.1,99.3,1012.4,44.8,8.3,318.5,27.6,21317,65647,30.1,24.0,26.8,35.2,24.0,28.8,23.1
Scarborough,2012-08-05,83.5,5.1054,4.17,17.2,115.2,1012.9,58.2,7.4,109.9,9.5,20506,65831,30.0,26.0,28.2,37.4,26.0,32.8,25.1
Scarborough,2012-08-06,75.2,0.2032,8.33,19.5,77.7,1013.8,79.4,7.6,280.3,24.3,20355,66302,30.1,26.0,27.8,33.9,26.0,30.4,22.9
Scarborough,2012-08-07,74.0,0.0,0.0,18.3,101.3,1013.9,64.9,7.9,270.6,23.4,20743,66626,31.0,24.9,27.5,35.5,24.9,29.6,22.3
Scarborough,2012-08-08,83.2,0.7874,4.17,15.0,106.0,1013.1,67.3,7.8,197.7,17.1,21119,66292,30.0,24.9,27.8,36.2,24.9,31.7,24.7
Scarborough,2012-08-09,80.2,0.0,0.0,13.9,88.2,1014.7,36.2,8.0,288.9,25.0,21160,65281,30.8,25.0,28.1,37.1,25.0,31.8,24.3
Scarborough,2012-08-10,77.8,22.605999999999998,4.17,16.1,91.1,1013.8,68.2,6.9,200.0,17.1,21105,64124,31.1,24.1,28.2,37.8,24.1,31.7,23.8
Scarborough,2012-08-11,85.4,6.095999999999999,4.17,17.4,69.4,1011.1,51.3,6.5,208.6,18.0,21406,63389,30.8,25.0,27.2,38.4,25.0,30.3,24.6
Scarborough,2012-08-12,83.4,30.4038,12.5,19.5,89.6,1012.9,82.2,6.1,144.2,12.5,22228,63583,31.0,24.9,26.7,36.6,24.9,28.8,23.6
Scarborough,2012-08-13,81.7,0.508,4.17,16.1,82.4,1014.0,30.9,8.7,266.8,23.1,21148,66166,30.0,24.3,27.1,35.1,24.3,29.5,23.6
Scarborough,2012-08-14,78.6,0.9905999999999999,4.17,13.9,85.7,1013.9,36.0,7.9,270.6,23.4,21152,66139,30.0,25.0,27.6,34.2,25.0,30.0,23.4
Scarborough,2012-08-15,79.6,6.095999999999999,4.17,20.8,88.3,1014.5,40.8,7.2,186.2,16.1,21156,66111,31.0,25.0,27.7,37.8,25.0,30.9,23.7
Scarborough,2012-08-16,78.4,0.7874,4.17,17.2,82.7,1013.6,44.6,7.9,209.8,18.1,21160,66082,31.0,25.0,27.8,36.6,25.0,30.7,23.7
Scarborough,2012-08-17,84.0,0.7874,4.17,17.2,96.2,1013.6,54.8,7.4,247.4,21.5,21163,66052,30.2,25.0,27.5,36.3,25.0,30.7,24.5
Scarborough,2012-08-18,80.1,1.778,8.33,18.3,89.2,1014.6,46.3,8.8,283.7,24.5,21166,66022,31.2,26.0,28.2,37.7,26.0,32.2,24.4
Scarborough,2012-08-19,76.4,1.2192,8.33,13.9,67.9,1015.1,77.4,7.1,146.3,12.9,21169,65992,31.0,25.0,27.7,34.2,25.0,29.9,23.0
Scarborough,2012-08-20,74.8,0.2032,8.33,16.6,63.5,1014.2,43.4,7.5,267.9,22.9,21171,65961,30.0,25.0,27.8,34.2,25.0,30.3,22.8
Scarborough,2012-08-21,77.4,2.0065999999999997,4.17,6.9,60.0,1013.4,60.1,7.6,218.0,18.8,21173,65929,29.1,25.0,27.1,33.6,25.0,29.2,22.7
Scarborough,2012-08-22,80.9,3.5052000000000003,8.33,17.2,242.0,1011.7,79.1,7.3,172.4,14.8,21175,65897,29.1,25.7,27.6,34.6,25.7,31.1,24.0
Scarborough,2012-08-23,92.2,76.2254,12.5,21.5,105.2,1013.0,88.5,6.1,153.7,13.4,21176,65864,28.2,22.0,24.8,32.9,22.0,24.9,23.4
Scarborough,2012-08-24,82.6,4.0893999999999995,4.17,17.4,97.6,1012.6,88.9,7.3,250.1,21.7,21177,65830,28.3,24.0,26.6,32.7,24.0,27.9,23.2
Scarborough,2012-08-25,81.4,8.102599999999999,8.33,16.1,97.9,1013.1,84.9,7.4,239.9,20.7,21178,65797,30.0,25.0,27.9,36.2,25.0,31.4,24.3
Scarborough,2012-08-26,81.4,0.1016,4.17,17.2,88.5,1014.7,88.9,7.6,174.0,15.1,21178,65762,30.1,25.348000000000003,26.6,36.4,25.504,29.4,23.8
Scarborough,2012-08-27,82.9,0.9905999999999999,4.17,12.5,96.4,1015.9,51.8,8.0,248.4,21.5,21178,65727,30.0,24.0,27.1,36.2,24.0,29.7,23.8
Scarborough,2012-08-28,80.8,0.0,0.0,15.0,91.6,1015.6,37.2,7.7,256.9,22.2,21178,65692,30.1,25.0,27.8,36.4,25.0,31.1,24.1
Scarborough,2012-08-29,83.4,0.508,4.17,11.4,94.7,1014.5,47.1,7.6,235.3,20.4,21177,65656,30.1,25.9,27.9,37.4,25.9,31.6,24.7
Scarborough,2012-08-30,81.0,5.1054,4.17,12.8,121.1,1014.0,45.8,7.9,308.0,26.4,21177,65620,30.0,26.0,27.7,36.2,26.0,30.7,24.1
Scarborough,2012-08-31,79.5,3.5052000000000003,8.33,8.5,70.0,1013.8,47.1,7.3,292.2,25.2,21176,65584,30.0,26.0,27.7,35.1,26.0,30.8,23.7
Scarborough,2012-09-01,78.4,0.3048,4.17,20.8,90.4,1013.7,89.1,7.2,213.4,18.4,23082,64511,29.0,24.0,25.9,31.4,24.0,26.7,21.8
Scarborough,2012-09-02,87.1,17.0942,8.33,18.3,89.5,1013.9,66.2,6.2,273.7,23.5,23137,65331,28.0,22.2,25.3,32.7,22.2,26.6,23.0
Scarborough,2012-09-03,80.2,20.802599999999998,12.5,20.8,79.0,1014.3,89.2,6.6,239.1,20.6,22396,65610,28.0,21.7,25.4,30.7,21.7,26.0,21.6
Scarborough,2012-09-04,80.0,0.0,0.0,16.8,93.0,1011.8,67.1,8.5,303.1,26.2,21283,65649,30.1,23.0,26.9,36.2,23.0,29.1,23.1
Scarborough,2012-09-05,85.3,3.429,25.0,16.3,107.4,1012.3,82.6,7.2,126.7,10.9,20489,65842,30.0,26.0,27.7,37.4,26.0,31.8,25.0
Scarborough,2012-09-06,79.2,0.6096,12.5,19.2,85.7,1013.6,39.4,7.9,290.0,24.9,20362,66318,30.0,25.0,27.9,36.2,25.0,31.2,23.9
Scarborough,2012-09-07,75.4,0.1016,4.17,18.1,85.7,1013.4,73.1,7.6,234.6,20.3,20759,66628,28.2,25.8,27.2,31.8,25.8,29.3,22.4
Scarborough,2012-09-08,81.1,2.8194,20.83,14.3,100.9,1014.3,55.8,8.1,224.1,19.3,21126,66269,30.1,26.0,27.9,34.9,26.0,31.5,24.3
Scarborough,2012-09-09,80.3,0.508,8.33,13.9,73.7,1014.9,50.9,7.5,286.0,24.7,21158,65242,31.0,26.0,28.1,37.8,26.0,32.0,24.3
Scarborough,2012-09-10,79.4,2.0065999999999997,4.17,12.8,62.7,1012.6,61.9,7.6,182.6,15.8,21107,64089,30.7,25.8,27.4,35.3,25.8,29.7,23.4
Scarborough,2012-09-11,81.5,2.794,8.33,23.5,90.1,1010.2,63.8,7.1,145.3,12.6,21426,63380,30.7,24.0,27.7,38.3,24.0,30.8,24.1
Scarborough,2012-09-12,83.0,4.013199999999999,12.5,17.0,57.9,1013.2,80.1,7.4,127.3,11.0,22260,63605,30.2,25.0,27.0,37.6,25.0,29.6,23.8
Scarborough,2012-09-13,79.8,0.1016,4.17,15.2,110.2,1012.6,82.5,8.5,223.9,19.3,21146,65084,31.2,25.8,28.4,37.9,25.8,32.4,24.6
Scarborough,2012-09-14,74.2,0.4064,16.67,15.9,105.8,1014.0,54.0,8.4,268.3,23.1,21143,65044,31.0,26.0,28.9,36.6,26.0,33.0,23.7
Scarborough,2012-09-15,76.1,0.0,0.0,12.8,89.6,1013.9,53.2,8.6,265.1,22.9,21140,65005,31.0,25.0,28.3,35.5,25.0,31.4,23.6
Scarborough,2012-09-16,76.8,0.1016,4.17,11.2,40.6,1013.3,48.2,8.0,241.9,20.9,21137,64965,30.2,26.0,28.3,36.2,26.0,31.9,23.7
Scarborough,2012-09-17,75.1,0.7111999999999999,16.67,15.0,126.4,1013.2,42.7,9.1,207.8,18.1,21135,64925,31.2,25.9,28.4,36.6,25.9,31.8,23.5
Scarborough,2012-09-18,75.5,0.0,0.0,15.0,115.6,1013.8,73.6,8.7,168.7,14.4,21132,64885,32.0,26.0,28.9,40.3,26.0,33.5,24.1
Scarborough,2012-09-19,69.4,0.0,0.0,13.9,109.5,1013.6,40.3,8.7,286.3,24.7,21129,64845,31.2,27.9,29.3,35.5,30.7,33.1,23.0
Scarborough,2012-09-20,75.9,3.5052000000000003,8.33,18.3,92.0,1012.2,56.0,7.1,197.5,17.0,21126,64806,31.0,26.0,28.5,36.6,26.0,31.9,23.7
Scarborough,2012-09-21,75.0,0.9905999999999999,4.17,19.5,102.7,1011.9,48.8,7.7,185.4,16.0,21123,64766,31.8,27.0,28.9,38.6,29.2,33.6,24.0
Scarborough,2012-09-22,72.2,1.8033999999999997,4.17,20.8,78.8,1013.4,62.1,7.7,132.5,11.5,21120,64726,32.7,26.8,28.9,38.9,29.2,33.0,23.4
Scarborough,2012-09-23,78.9,26.8986,8.33,16.1,109.8,1012.8,90.4,6.2,172.4,14.9,21118,64687,31.1,24.0,26.9,36.6,24.0,28.7,22.8
Scarborough,2012-09-24,79.1,7.112,4.17,17.2,98.3,1012.2,76.4,7.5,125.0,10.8,21115,64648,31.1,24.0,27.9,37.8,24.0,31.3,23.8
Scarborough,2012-09-25,79.9,0.0,0.0,15.0,108.9,1013.1,65.4,7.7,140.2,12.0,21113,64608,30.2,26.0,28.2,36.3,26.0,32.1,24.4
Scarborough,2012-09-26,79.3,0.1016,4.17,9.2,106.2,1013.2,66.7,7.8,185.5,15.9,21111,64569,31.0,25.0,27.6,35.5,25.0,29.7,23.5
Scarborough,2012-09-27,77.9,0.0,0.0,13.9,119.7,1013.0,60.7,8.0,218.2,18.9,21109,64531,31.0,25.2,28.2,36.6,25.2,31.4,23.9
Scarborough,2012-09-28,75.3,0.1016,4.17,13.9,109.4,1014.0,76.7,8.1,245.2,21.2,21107,64492,31.0,26.0,28.8,37.8,26.0,33.1,23.9
Scarborough,2012-09-29,76.9,0.3048,12.5,16.1,96.9,1014.5,49.2,8.0,194.8,16.8,21106,64454,31.7,26.0,29.1,39.8,26.0,33.8,24.6
Scarborough,2012-09-30,82.0,10.388599999999999,12.5,19.5,84.1,1013.9,63.8,6.9,182.2,15.8,21105,64416,30.0,25.0,27.3,35.1,25.0,29.9,23.8
Scarborough,2012-10-01,72.5,0.9905999999999999,4.17,25.3,79.3,1012.9,79.6,7.1,197.3,17.1,23099,64543,29.0,24.9,26.4,32.0,24.9,27.5,21.0
Scarborough,2012-10-02,78.9,0.0,0.0,18.3,85.7,1014.2,51.1,7.0,283.0,24.6,23122,65348,29.0,23.0,25.3,31.7,23.0,26.1,21.2
Scarborough,2012-10-03,84.1,0.3048,4.17,24.2,84.7,1014.7,89.2,6.4,189.6,16.3,22362,65613,27.0,23.9,25.2,29.7,23.9,25.4,22.3
Scarborough,2012-10-04,80.8,1.4986,8.33,17.2,88.7,1012.4,75.6,7.7,243.7,20.9,21249,65651,29.0,24.0,26.1,32.0,24.0,27.1,22.4
Scarborough,2012-10-05,84.0,2.3114,8.33,17.2,98.4,1012.2,84.4,7.7,119.0,10.1,20473,65854,30.0,25.0,27.3,35.2,25.0,29.7,24.2
Scarborough,2012-10-06,80.9,8.102599999999999,8.33,20.8,85.6,1013.6,74.4,7.1,222.3,19.1,20370,66334,30.2,25.0,27.2,35.3,25.0,29.0,23.5
Scarborough,2012-10-07,72.6,2.54,29.17,23.0,79.6,1013.1,80.1,7.1,249.5,21.6,20774,66629,31.0,26.0,28.6,35.5,26.0,31.9,23.1
Scarborough,2012-10-08,79.4,1.7272,16.67,16.1,63.9,1013.6,55.7,7.7,185.4,16.2,21132,66244,31.0,25.0,28.1,37.8,25.0,32.0,24.2
Scarborough,2012-10-09,84.2,1.2953999999999999,8.33,13.9,96.6,1013.3,85.5,7.4,163.9,14.0,21155,65203,30.8,24.0,27.0,37.1,24.0,29.7,24.1
Scarborough,2012-10-10,81.6,0.3048,4.17,13.9,45.2,1010.6,81.6,7.6,164.7,14.3,21109,64055,30.2,25.9,27.7,36.5,25.9,30.8,24.2
Scarborough,2012-10-11,80.5,0.6096,12.5,17.2,87.2,1010.2,44.2,7.6,186.3,16.0,21447,63372,31.2,25.0,28.1,39.1,25.0,31.8,24.3
Scarborough,2012-10-12,88.8,26.8986,16.67,23.0,83.0,1011.2,78.5,5.9,122.5,10.6,22292,63627,29.0,24.0,26.1,34.6,24.0,27.8,24.1
Scarborough,2012-10-13,84.0,99.28859999999999,8.33,25.3,140.0,1010.7,89.7,7.1,169.6,14.7,21118,63957,29.0,25.0,27.0,34.6,25.0,29.6,24.1
Scarborough,2012-10-14,80.1,1.8287999999999998,16.67,13.9,125.6,1011.0,83.6,7.7,201.6,17.4,21121,63925,30.0,26.8,28.3,37.4,29.3,33.1,24.6
Scarborough,2012-10-15,81.8,0.2032,4.17,11.4,110.0,1010.3,88.1,7.9,168.7,14.4,21126,63894,31.0,25.8,28.1,39.1,25.8,32.3,24.7
Scarborough,2012-10-16,83.2,0.0,0.0,15.0,100.6,1010.4,75.9,8.0,229.5,19.9,21131,63863,30.7,25.2,27.9,38.3,25.2,31.7,24.7
Scarborough,2012-10-17,79.1,0.6096,4.17,15.0,92.9,1011.3,88.6,8.3,98.8,8.6,21136,63834,31.0,25.9,28.2,36.6,25.9,31.7,24.2
Scarborough,2012-10-18,83.0,9.906,4.17,16.1,80.4,1011.1,90.0,7.0,112.0,9.7,21142,63804,29.0,25.0,26.8,33.2,25.0,28.4,23.6
Scarborough,2012-10-19,80.6,0.3048,4.17,15.0,100.2,1010.7,86.4,7.5,148.0,12.8,21148,63776,30.0,26.0,27.9,36.2,26.0,31.6,24.2
Scarborough,2012-10-20,78.1,0.1016,4.17,16.1,101.4,1011.0,80.5,7.8,235.5,20.2,21155,63748,31.1,26.9,28.7,37.8,29.7,33.3,24.4
Scarborough,2012-10-21,77.8,0.0,0.0,13.9,103.0,1010.4,72.5,9.2,262.4,22.8,21163,63722,30.1,25.0,28.0,35.1,25.0,31.1,23.7
Scarborough,2012-10-22,82.4,0.2032,8.33,14.3,86.0,1009.8,44.5,8.8,226.4,19.5,21171,63696,30.0,25.0,27.1,36.2,25.0,29.4,23.7
Scarborough,2012-10-23,80.0,2.9972,4.17,17.2,90.0,1009.7,40.4,9.3,234.1,20.2,21180,63670,31.0,24.9,27.3,36.6,24.9,29.5,23.4
Scarborough,2012-10-24,82.6,2.0065999999999997,4.17,20.8,103.4,1010.1,46.9,7.5,184.6,16.0,21189,63646,31.7,25.0,27.7,39.9,25.0,31.1,24.4
Scarborough,2012-10-25,82.3,7.899399999999999,4.17,16.1,103.5,1010.4,82.7,7.0,130.4,11.2,21199,63622,31.2,25.8,28.0,40.7,25.8,31.8,24.7
Scarborough,2012-10-26,82.3,4.013199999999999,8.33,19.5,111.3,1010.8,61.8,7.5,197.4,17.1,21210,63599,30.8,24.8,27.6,37.6,24.8,31.3,24.3
Scarborough,2012-10-27,78.3,0.9905999999999999,4.17,15.0,120.6,1011.1,60.1,8.4,248.9,21.5,21221,63577,31.0,25.0,28.7,36.6,25.0,33.1,24.4
Scarborough,2012-10-28,74.6,0.0,0.0,15.0,120.7,1011.3,68.3,8.4,256.9,22.4,21233,63556,30.1,27.8,28.8,40.4,31.3,33.2,23.8
Scarborough,2012-10-29,78.8,0.0,0.0,16.1,112.4,1012.0,29.8,8.7,274.4,23.8,21245,63536,30.7,26.9,28.5,38.3,29.7,33.1,24.4
Scarborough,2012-10-30,75.2,0.1016,4.17,15.7,85.7,1012.8,35.7,7.8,249.1,21.5,21258,63517,32.0,25.9,28.3,39.2,25.9,31.8,23.4
Scarborough,2012-10-31,82.3,39.9034,4.17,11.4,31.6,1012.1,61.0,7.1,257.0,22.1,21272,63499,31.0,24.2,26.9,37.8,24.2,28.9,23.5
Scarborough,2012-11-01,71.0,0.0,0.0,16.1,70.8,1012.7,70.1,7.7,252.6,21.9,23115,64576,30.0,24.0,26.3,31.9,24.0,27.1,20.4
Scarborough,2012-11-02,80.3,0.9905999999999999,4.17,21.9,83.6,1013.7,47.4,7.2,290.9,25.1,23107,65365,29.1,23.0,26.1,33.7,23.0,27.4,22.3
Scarborough,2012-11-03,76.7,16.509999999999998,4.17,20.8,85.4,1015.1,75.8,6.8,245.8,21.1,22328,65616,28.0,23.0,26.0,30.8,23.0,27.1,21.5
Scarborough,2012-11-04,78.8,0.508,4.17,21.9,93.5,1013.8,52.8,8.4,299.2,25.9,21215,65653,30.9,25.0,27.6,36.3,25.0,30.4,23.5
Scarborough,2012-11-05,84.8,16.002,8.33,24.6,89.4,1013.3,88.9,6.0,203.2,17.6,20458,65866,29.0,23.0,26.7,34.6,23.0,29.2,23.8
Scarborough,2012-11-06,79.6,1.2953999999999999,8.33,23.0,86.9,1013.5,56.8,7.1,190.2,16.4,20378,66350,30.1,25.8,27.5,35.2,25.8,29.8,23.6
Scarborough,2012-11-07,78.6,2.0065999999999997,4.17,25.3,84.7,1011.9,80.8,7.3,134.9,11.6,20790,66629,31.0,25.0,27.3,35.5,25.0,29.1,23.2
Scarborough,2012-11-08,85.7,13.9954,4.17,17.7,99.6,1012.4,89.5,6.7,107.0,9.3,21137,66219,28.4,24.0,26.4,33.7,24.0,28.6,23.8
Scarborough,2012-11-09,78.2,0.8128,8.33,14.8,99.1,1013.0,81.4,7.5,231.0,20.0,21152,65163,30.1,25.9,27.9,36.2,25.9,31.0,23.7
Scarborough,2012-11-10,85.8,19.9898,8.33,11.4,100.5,1009.5,85.4,7.3,102.6,8.9,21111,64022,30.2,23.8,26.9,35.2,23.8,29.2,24.2
Scarborough,2012-11-11,84.4,30.987999999999996,8.33,15.4,45.0,1010.6,59.8,7.7,214.6,18.5,21468,63365,29.0,24.8,26.6,35.6,24.8,28.8,23.7
Scarborough,2012-11-12,83.1,8.102599999999999,8.33,15.7,91.9,1011.4,71.4,6.6,232.1,20.0,22324,63651,30.1,24.0,26.2,35.2,24.0,27.8,23.1
Scarborough,2012-11-13,80.8,5.08,8.33,17.2,89.4,1010.6,79.8,8.1,162.6,14.2,21512,63354,31.0,25.0,27.2,36.6,25.0,29.4,23.5
Scarborough,2012-11-14,78.7,1.016,29.17,18.3,89.0,1011.0,68.4,7.6,184.3,15.9,21535,63351,32.2,25.0,28.4,42.4,25.0,32.8,24.3
Scarborough,2012-11-15,81.2,0.508,4.17,13.9,81.4,1010.4,36.4,9.6,183.2,15.8,21558,63348,31.1,25.0,27.7,37.9,25.0,30.6,24.1
Scarborough,2012-11-16,79.8,0.9143999999999999,12.5,13.9,82.9,1011.1,69.4,7.9,192.1,16.8,21582,63347,31.0,24.0,27.4,35.4,24.0,30.0,23.5
Scarborough,2012-11-17,81.6,5.9944,8.33,17.2,78.6,1012.8,84.8,7.3,211.9,18.3,21607,63346,31.0,25.0,27.7,36.6,25.0,30.9,24.2
Scarborough,2012-11-18,84.3,0.508,4.17,6.9,82.8,1012.5,70.2,7.6,179.3,15.5,21633,63347,28.0,25.0,26.3,32.7,25.0,27.8,23.4
Scarborough,2012-11-19,76.1,0.0,0.0,23.0,88.7,1011.8,68.0,7.6,223.1,19.3,21658,63349,31.0,25.0,27.5,36.7,25.0,29.7,22.7
Scarborough,2012-11-20,73.7,0.0,0.0,15.2,81.2,1010.4,35.5,8.2,257.8,22.3,21685,63352,30.8,25.0,27.6,35.3,25.0,29.9,22.4
Scarborough,2012-11-21,78.1,0.0,0.0,19.5,100.5,1010.8,46.2,8.5,259.3,22.4,21712,63356,31.0,25.0,27.9,38.3,25.0,31.4,23.7
Scarborough,2012-11-22,77.5,0.4064,16.67,18.3,102.7,1012.1,45.7,9.0,261.7,22.7,21739,63361,31.0,25.0,28.3,37.6,25.0,32.1,23.9
Scarborough,2012-11-23,74.3,0.0,0.0,17.2,85.6,1012.2,45.4,10.6,262.2,22.7,21767,63367,31.1,26.0,28.7,35.6,26.0,32.3,23.6
Scarborough,2012-11-24,79.6,0.9905999999999999,4.17,25.3,89.8,1011.6,68.9,6.8,191.2,16.5,21796,63374,31.3,24.9,27.5,36.7,24.9,29.9,23.6
Scarborough,2012-11-25,86.0,26.187399999999997,12.5,19.0,82.3,1012.4,69.8,7.7,223.8,19.4,21824,63383,29.1,25.0,26.9,34.7,25.0,29.7,24.4
Scarborough,2012-11-26,77.7,0.3048,4.17,20.8,73.1,1013.2,42.7,8.2,230.1,19.8,21854,63392,31.1,25.8,27.9,39.1,25.8,30.7,23.6
Scarborough,2012-11-27,82.3,13.0048,4.17,19.2,55.1,1012.6,55.7,7.1,251.0,21.6,21883,63403,30.0,24.0,26.6,36.2,24.0,28.4,23.2
Scarborough,2012-11-28,79.6,26.1112,12.5,22.6,52.2,1011.3,37.4,8.7,248.1,21.6,21913,63414,30.7,24.7,27.2,36.3,24.7,29.7,23.3
Scarborough,2012-11-29,78.2,2.0065999999999997,4.17,18.1,47.6,1011.4,53.6,8.4,258.2,22.4,21944,63427,30.1,24.8,27.1,35.2,24.8,29.4,22.9
Scarborough,2012-11-30,80.7,6.400799999999999,8.33,16.8,55.3,1011.0,85.1,8.4,192.5,16.7,21974,63440,29.0,25.0,26.8,33.6,25.0,28.8,23.2
Scarborough,2012-12-01,70.9,0.0,0.0,18.3,84.1,1014.1,72.3,8.4,258.9,22.2,23130,64608,30.0,23.9,26.4,32.0,23.9,27.4,20.6
Scarborough,2012-12-02,76.5,0.508,4.17,19.5,85.2,1013.3,48.2,8.1,288.0,24.9,23090,65381,28.1,22.0,25.3,30.2,22.0,25.9,20.6
Scarborough,2012-12-03,80.0,0.1016,4.17,18.3,89.8,1014.5,78.3,6.6,159.0,13.7,22293,65618,29.0,23.9,26.2,33.6,23.9,27.6,22.4
Scarborough,2012-12-04,73.9,0.508,4.17,21.9,88.9,1013.6,62.3,7.6,265.9,23.0,21182,65656,30.0,25.8,27.3,33.3,25.8,28.9,22.2
Scarborough,2012-12-05,79.5,0.508,4.17,19.7,87.3,1014.6,56.1,5.8,257.3,22.2,20443,65879,31.0,26.7,28.5,39.1,29.6,33.3,24.6
Scarborough,2012-12-06,82.3,7.086600000000001,8.33,19.5,87.6,1012.9,77.4,6.9,235.9,20.4,20387,66366,29.0,25.0,27.1,34.6,25.0,29.5,23.7
Scarborough,2012-12-07,74.7,0.0,0.0,18.3,84.8,1012.2,77.5,8.0,260.9,22.7,20805,66628,30.0,24.9,27.1,33.3,24.9,28.6,22.1
Scarborough,2012-12-08,80.1,30.2006,8.33,19.7,97.5,1013.6,84.7,7.5,261.4,22.6,21143,66193,30.0,25.0,28.1,37.4,25.0,32.2,24.3
Scarborough,2012-12-09,79.0,0.1016,4.17,13.9,116.8,1012.0,66.7,7.8,171.9,14.8,21149,65124,31.1,25.0,27.9,36.7,25.0,31.2,23.8
Scarborough,2012-12-10,82.8,1.9811999999999999,8.33,21.3,161.3,1009.6,86.9,6.8,133.3,11.4,21114,63989,29.1,25.0,27.4,33.9,25.0,30.6,24.2
Scarborough,2012-12-11,79.3,0.3048,4.17,13.9,87.0,1010.9,70.5,7.8,192.2,16.7,21489,63359,31.0,23.1,27.2,36.6,23.1,29.8,23.2
Scarborough,2012-12-12,81.8,15.011399999999998,4.17,20.8,77.1,1011.9,63.4,6.5,233.9,20.2,22356,63675,31.0,24.0,26.9,39.1,24.0,29.2,23.4
Scarborough,2012-12-13,73.8,2.4892,4.17,21.9,78.4,1010.8,35.7,7.9,247.6,21.4,22388,63700,31.1,24.8,27.2,35.1,24.8,28.9,21.9
Scarborough,2012-12-14,75.5,0.7874,4.17,20.8,74.0,1010.7,64.2,7.8,255.3,22.2,22420,63725,30.1,23.1,26.3,35.2,23.1,27.7,21.5
Scarborough,2012-12-15,74.1,0.2032,8.33,15.0,45.0,1011.6,66.7,10.0,244.1,21.1,22452,63752,29.9,23.9,26.3,34.2,23.9,27.4,21.2
Scarborough,2012-12-16,74.7,0.0,0.0,11.9,47.2,1012.1,70.5,9.4,189.0,16.5,22483,63779,29.7,23.8,26.2,32.2,23.8,27.0,21.2
Scarborough,2012-12-17,78.1,1.9304,12.5,17.2,106.9,1012.4,65.8,7.3,206.1,17.9,22515,63806,29.0,23.0,26.6,32.0,23.0,28.1,22.3
Scarborough,2012-12-18,84.0,24.892,4.17,13.9,74.0,1012.0,86.7,6.5,191.5,16.7,22546,63834,28.0,23.0,25.4,31.3,23.0,26.2,22.5
Scarborough,2012-12-19,82.7,7.594599999999999,12.5,17.0,63.4,1011.5,85.9,7.4,169.8,14.8,22576,63863,30.0,23.0,26.1,35.3,23.0,27.4,22.9
Scarborough,2012-12-20,84.7,5.1054,4.17,17.2,64.0,1011.1,82.6,6.7,193.4,16.7,22607,63892,30.0,24.0,26.7,36.2,24.0,28.7,23.8
Scarborough,2012-12-21,85.9,15.112999999999998,8.33,16.6,80.0,1011.4,82.8,7.2,132.0,11.3,22637,63922,28.0,23.8,25.8,31.9,23.8,26.9,23.3
Scarborough,2012-12-22,78.2,0.3048,4.17,19.0,84.0,1012.0,55.9,8.5,232.4,20.1,22666,63952,30.2,24.1,27.2,35.2,24.1,29.3,23.0
Scarborough,2012-12-23,77.5,0.4064,4.17,18.3,89.0,1012.3,79.7,8.1,148.2,12.8,22695,63983,30.0,25.0,27.2,34.2,25.0,28.9,22.8
Scarborough,2012-12-24,81.0,2.0065999999999997,4.17,25.3,109.5,1012.4,88.2,6.8,92.7,8.0,22724,64014,28.0,25.0,26.4,31.9,25.0,27.6,22.8
Scarborough,2012-12-25,90.2,40.894,8.33,21.9,120.8,1013.0,89.8,6.6,116.6,10.1,22752,64045,27.0,23.1,25.4,30.1,23.1,25.9,23.6
Scarborough,2012-12-26,78.8,0.9905999999999999,4.17,23.0,97.4,1013.7,44.1,7.6,244.7,21.0,22780,64077,30.1,24.0,27.3,34.4,24.0,29.2,23.2
Scarborough,2012-12-27,75.1,0.4064,16.67,19.0,81.2,1013.5,34.5,8.6,229.3,19.8,22807,64109,30.1,23.0,26.8,34.9,23.0,28.7,22.0
Scarborough,2012-12-28,71.5,0.4064,4.17,23.0,85.4,1013.3,83.9,8.0,249.8,21.4,22833,64141,30.1,24.0,26.9,33.3,24.0,28.2,21.2
Scarborough,2012-12-29,70.7,0.0,0.0,20.6,87.9,1013.4,69.0,9.2,238.6,20.5,22859,64174,30.2,25.2,27.7,35.3,25.2,29.7,21.8
Scarborough,2012-12-30,77.9,2.9972,4.17,19.0,83.1,1014.4,45.9,7.3,189.2,16.3,22884,64206,30.6,24.0,27.0,35.7,24.0,29.3,22.8
Scarborough,2012-12-31,74.2,0.0,0.0,18.3,92.3,1014.3,28.2,7.8,242.9,21.1,22909,64239,30.1,24.0,26.7,34.3,24.0,28.0,21.6
Scarborough,2013-01-01,71.1,0.0,0.0,18.3,78.0,1014.2,37.4,8.3,254.7,22.0,22933,64272,30.1,23.0,26.6,32.0,23.0,27.7,20.7
Scarborough,2013-01-02,70.1,0.0,0.0,24.2,93.6,1013.8,46.7,8.4,278.4,24.0,23213,65184,30.0,23.0,25.7,31.3,23.0,26.2,19.6
Scarborough,2013-01-03,71.1,0.0,0.0,18.3,88.8,1012.9,82.2,8.0,293.4,25.3,22661,65571,29.1,24.0,26.3,31.4,24.0,27.1,20.4
Scarborough,2013-01-04,68.1,0.0,0.0,26.4,100.1,1015.8,43.3,8.8,314.5,27.1,21574,65638,30.1,26.0,27.9,33.4,26.0,29.7,21.3
Scarborough,2013-01-05,76.4,0.3048,12.5,17.2,84.5,1013.3,82.2,8.1,248.0,21.2,20650,65758,29.6,25.0,27.4,33.7,25.0,29.7,22.8
Scarborough,2013-01-06,73.6,0.0,0.0,19.7,77.9,1014.2,59.4,6.5,275.7,24.0,20324,66180,30.2,26.0,27.8,35.9,26.0,30.3,22.7
Scarborough,2013-01-07,71.7,0.1016,4.17,20.8,83.7,1015.5,65.3,6.8,280.1,24.3,20630,66593,31.1,25.0,27.9,35.3,25.0,30.1,22.3
Scarborough,2013-01-08,71.5,0.2032,8.33,23.0,84.1,1014.9,47.3,8.4,218.4,18.9,21060,66442,32.0,25.1,28.6,39.2,25.1,31.7,22.8
Scarborough,2013-01-09,73.9,0.4064,4.17,16.1,274.8,1011.6,77.4,7.2,191.3,16.5,21175,65556,32.0,25.0,28.8,39.2,25.0,32.6,23.6
Scarborough,2013-01-10,75.9,2.2097999999999995,8.33,21.3,64.3,1012.3,63.7,5.9,265.3,23.0,21104,64387,31.0,25.0,27.9,36.2,25.0,31.0,23.3
Scarborough,2013-01-11,79.9,13.4112,8.33,18.6,124.6,1010.8,81.3,6.5,166.3,14.5,21283,63486,29.7,23.8,26.8,35.5,23.8,28.8,22.9
Scarborough,2013-01-12,84.1,0.9905999999999999,4.17,13.9,79.2,1011.3,90.1,6.3,102.8,8.9,21998,63451,27.9,23.0,25.7,32.6,23.0,26.3,22.8
Scarborough,2013-01-13,74.8,3.5052000000000003,8.33,15.2,69.1,1013.3,51.8,8.5,237.1,20.4,23154,64663,28.1,22.0,25.4,29.9,22.0,25.9,20.6
Scarborough,2013-01-14,77.2,0.0,0.0,15.9,54.4,1013.9,47.1,8.7,258.6,22.2,23166,64694,28.8,22.8,25.3,31.1,22.8,25.7,20.9
Scarborough,2013-01-15,71.8,0.0,0.0,11.4,42.3,1013.5,35.6,8.8,254.6,22.0,23178,64725,28.2,22.0,24.9,29.8,22.0,25.4,19.4
Scarborough,2013-01-16,74.4,0.508,4.17,18.8,48.7,1013.3,50.1,8.3,236.1,20.4,23188,64756,28.0,22.2,25.0,29.7,22.2,25.4,20.1
Scarborough,2013-01-17,76.3,0.0,0.0,19.0,50.0,1014.3,38.2,8.5,234.6,20.4,23197,64787,27.1,22.0,24.8,29.4,22.0,25.3,20.2
Scarborough,2013-01-18,72.9,0.0,0.0,15.7,66.9,1015.2,54.1,9.1,264.9,22.8,23206,64817,29.1,22.1,25.7,31.4,22.1,26.4,20.3
Scarborough,2013-01-19,75.7,0.0,0.0,18.3,84.7,1014.6,47.3,8.6,234.9,20.2,23213,64846,29.2,22.2,25.5,32.8,22.2,26.7,20.9
Scarborough,2013-01-20,73.3,0.0,0.0,18.3,96.8,1014.3,28.3,8.8,273.2,23.5,23219,64875,29.1,22.1,25.7,31.4,22.1,26.5,20.4
Scarborough,2013-01-21,77.4,0.0,0.0,18.3,91.8,1014.0,70.8,9.3,268.6,23.2,23225,64904,29.7,23.0,26.0,34.5,23.0,27.1,21.6
Scarborough,2013-01-22,71.0,0.0,0.0,21.9,99.6,1014.8,33.8,8.3,268.6,23.1,23229,64932,29.2,24.0,26.6,31.6,24.0,27.6,20.8
Scarborough,2013-01-23,72.1,0.508,4.17,19.5,83.7,1015.8,49.1,8.3,270.1,23.3,23232,64960,29.2,24.0,26.8,32.1,24.0,27.9,21.3
Scarborough,2013-01-24,89.7,12.191999999999998,12.5,17.2,89.0,1015.4,82.3,5.9,235.1,20.2,23234,64987,25.1,23.0,24.2,25.1,23.0,24.2,22.4
Scarborough,2013-01-25,77.2,0.508,4.17,20.8,90.2,1015.0,77.8,8.4,272.7,23.4,23235,65014,30.0,23.0,26.2,32.6,23.0,27.2,21.6
Scarborough,2013-01-26,71.7,0.3048,4.17,20.8,82.1,1015.5,87.8,9.0,258.1,22.4,23235,65040,29.3,23.0,26.5,31.8,23.0,27.4,20.8
Scarborough,2013-01-27,74.0,0.0,0.0,21.9,89.4,1015.8,70.8,8.0,243.9,21.1,23234,65065,29.3,23.0,26.4,32.2,23.0,27.5,21.3
Scarborough,2013-01-28,77.5,0.3048,4.17,18.6,67.7,1016.6,76.4,7.4,263.4,22.6,23232,65090,29.1,24.0,26.3,32.1,24.0,27.3,22.0
Scarborough,2013-01-29,81.7,9.906,8.33,18.8,49.6,1015.5,67.7,6.8,197.3,16.9,23229,65115,27.1,23.0,25.3,29.3,23.0,25.4,21.9
Scarborough,2013-01-30,76.7,0.0,0.0,19.5,71.4,1014.6,81.2,7.2,269.0,23.3,23224,65139,28.1,22.8,25.4,30.3,22.8,26.1,20.9
Scarborough,2013-01-31,74.0,2.9972,4.17,23.0,82.3,1014.4,53.6,9.1,276.4,24.1,23219,65162,30.1,23.0,26.1,33.9,23.0,26.9,20.8
Scarborough,2013-02-01,83.2,5.1054,4.17,17.2,103.1,1013.9,72.8,6.9,245.0,21.2,22956,64305,27.1,23.0,24.9,29.7,23.0,25.4,21.9
Scarborough,2013-02-02,76.5,0.0,0.0,17.9,87.2,1013.9,52.0,7.9,270.4,23.5,23205,65206,29.2,21.8,25.1,31.4,21.8,25.7,20.5
Scarborough,2013-02-03,72.0,0.0,0.0,19.5,94.4,1013.2,65.9,8.1,279.1,24.0,22631,65577,29.8,23.1,26.3,34.1,23.1,27.3,20.8
Scarborough,2013-02-04,77.6,0.0,0.0,22.4,88.9,1014.9,29.6,6.7,312.6,27.0,21537,65638,27.2,26.0,26.9,30.0,26.0,29.3,22.7
Scarborough,2013-02-05,75.5,0.2032,4.17,13.9,98.1,1012.4,78.0,7.4,272.6,23.6,20627,65767,31.1,25.0,27.4,38.0,25.0,29.4,22.7
Scarborough,2013-02-06,78.0,1.1176,8.33,23.0,81.8,1014.7,86.4,6.4,210.4,18.2,20326,66197,30.1,25.1,27.7,36.2,25.1,30.7,23.4
Scarborough,2013-02-07,76.4,0.2032,4.17,13.9,81.6,1015.4,38.6,8.0,299.6,25.7,20645,66599,29.0,24.0,26.1,32.8,24.0,27.1,21.6
Scarborough,2013-02-08,68.9,0.0,0.0,20.8,76.1,1014.6,76.1,6.7,196.8,16.9,21070,66424,32.2,26.1,28.7,35.8,26.1,31.6,22.3
Scarborough,2013-02-09,76.2,5.9944,4.17,8.2,250.2,1010.4,87.2,7.0,159.9,13.8,21174,65519,32.0,26.8,28.7,40.7,29.7,33.2,24.1
Scarborough,2013-02-10,86.8,39.0144,12.5,12.5,92.3,1011.6,85.4,5.9,155.7,13.3,21103,64350,28.2,24.0,26.1,33.1,24.0,27.8,23.7
Scarborough,2013-02-11,79.8,2.2859999999999996,12.5,25.3,100.3,1012.3,48.7,7.1,205.9,17.8,21298,63470,30.0,24.0,27.1,35.1,24.0,29.6,23.2
Scarborough,2013-02-12,82.1,0.8128,12.5,20.8,96.2,1012.2,82.4,6.9,150.4,13.0,22029,63467,29.1,26.0,27.2,33.7,26.0,29.9,23.8
Scarborough,2013-02-13,75.3,2.9972,4.17,16.1,65.4,1014.0,36.0,7.9,293.2,25.3,23058,65407,29.1,22.0,25.2,31.6,22.0,25.9,20.4
Scarborough,2013-02-14,71.8,0.0,0.0,23.0,87.4,1014.8,27.0,8.7,287.5,24.8,23039,65422,30.1,22.1,26.0,32.8,22.1,26.9,20.3
Scarborough,2013-02-15,71.5,0.0,0.0,23.0,80.3,1015.1,44.1,8.2,286.4,24.7,23020,65436,30.0,22.0,26.3,32.6,22.0,27.2,20.6
Scarborough,2013-02-16,70.6,0.0,0.0,23.0,85.3,1014.2,27.0,9.1,282.5,24.4,22999,65449,29.1,23.0,25.9,31.2,23.0,26.7,20.1
Scarborough,2013-02-17,70.0,0.0,0.0,23.0,91.4,1014.5,25.2,8.6,291.4,25.2,22977,65462,30.1,23.2,26.7,34.1,23.2,27.9,20.7
Scarborough,2013-02-18,71.4,0.0,0.0,23.0,83.1,1014.7,38.3,7.3,285.9,24.8,22955,65474,30.1,24.1,27.2,33.4,24.1,28.6,21.5
Scarborough,2013-02-19,70.8,0.3048,4.17,33.7,83.9,1014.4,39.3,7.3,279.8,24.2,22932,65485,30.0,24.2,26.6,31.9,24.2,27.2,20.7
Scarborough,2013-02-20,72.3,1.2953999999999999,4.17,20.8,76.3,1013.5,48.1,6.8,271.0,23.6,22908,65496,31.0,24.0,26.3,34.6,24.0,27.2,20.8
Scarborough,2013-02-21,74.1,0.508,4.17,26.4,79.4,1012.9,61.8,8.0,275.3,23.8,22883,65507,29.7,23.0,26.1,32.0,23.0,26.9,21.1
Scarborough,2013-02-22,76.0,0.0,0.0,16.6,59.9,1013.7,40.0,8.0,232.3,20.0,22858,65516,31.0,23.1,26.2,34.6,23.1,27.3,21.5
Scarborough,2013-02-23,78.7,2.0065999999999997,4.17,16.1,94.7,1013.2,55.6,7.5,267.3,23.2,22832,65526,29.1,23.0,25.6,32.8,23.0,26.6,21.6
Scarborough,2013-02-24,71.7,0.0,0.0,18.3,69.8,1013.3,65.0,8.5,285.7,24.7,22805,65535,29.0,23.2,25.8,30.8,23.2,26.6,20.3
Scarborough,2013-02-25,71.5,0.0,0.0,23.0,77.8,1013.1,43.5,8.8,281.7,24.3,22778,65543,30.1,22.9,26.6,33.3,22.9,27.6,20.9
Scarborough,2013-02-26,72.9,0.0,0.0,21.9,91.4,1013.9,32.0,8.3,289.6,25.1,22749,65551,30.1,24.1,27.0,33.4,24.1,28.4,21.6
Scarborough,2013-02-27,70.6,0.0,0.0,25.3,89.4,1014.5,35.5,7.7,290.9,25.2,22721,65558,30.6,24.9,27.2,35.4,24.9,28.4,21.3
Scarborough,2013-02-28,70.9,0.0,0.0,17.2,109.2,1013.9,66.6,7.7,296.7,25.7,22691,65565,30.0,23.7,26.5,33.3,23.7,27.4,20.7
Scarborough,2013-03-01,79.1,2.9972,8.33,25.3,81.8,1015.0,53.1,7.3,236.9,20.6,22978,64338,29.7,23.1,25.8,33.5,23.1,26.8,21.8
Scarborough,2013-03-02,71.5,0.7874,4.17,19.2,61.7,1013.6,50.9,9.0,279.6,24.2,23197,65228,29.0,23.1,25.4,30.8,23.1,25.8,19.8
Scarborough,2013-03-03,71.4,0.0,0.0,20.8,91.9,1014.5,41.5,8.9,293.9,25.5,22600,65583,29.2,24.1,26.8,31.8,24.1,27.8,21.1
Scarborough,2013-03-04,76.6,0.0,0.0,22.4,87.3,1014.9,25.8,6.6,308.7,26.7,21501,65639,29.0,25.1,26.9,32.0,25.1,29.1,22.4
Scarborough,2013-03-05,82.1,0.0,0.0,17.2,116.3,1011.9,69.6,8.3,255.8,22.2,20606,65776,29.2,25.9,27.5,34.9,25.9,30.7,24.2
Scarborough,2013-03-06,83.3,30.987999999999996,8.33,23.0,101.3,1015.3,85.2,5.9,143.2,12.4,20329,66214,29.1,23.7,26.3,33.7,23.7,28.2,23.2
Scarborough,2013-03-07,73.6,25.1968,4.17,16.1,89.1,1014.9,26.8,7.5,306.2,26.5,20661,66606,30.1,24.0,27.3,34.2,24.0,28.9,22.0
Scarborough,2013-03-08,68.2,0.0,0.0,23.0,80.6,1014.7,83.1,5.4,215.0,18.7,21079,66405,33.0,27.0,29.1,39.2,29.2,32.5,22.5
Scarborough,2013-03-09,75.4,0.4064,16.67,13.9,152.6,1010.6,64.2,7.7,112.6,9.8,21172,65482,31.2,26.0,28.8,36.2,26.0,32.8,23.9
Scarborough,2013-03-10,81.1,15.316199999999998,12.5,11.4,100.0,1012.7,80.6,6.6,146.8,12.7,21103,64313,30.0,24.9,27.4,36.1,24.9,30.2,23.8
Scarborough,2013-03-11,74.6,0.0,0.0,17.2,108.0,1011.8,71.6,7.4,265.0,23.1,21314,63454,30.2,25.2,27.6,36.2,25.2,29.8,22.7
Scarborough,2013-03-12,81.8,0.4064,8.33,18.3,101.9,1014.5,75.6,6.7,174.1,15.0,22061,63483,30.0,25.0,27.5,36.2,25.0,30.4,24.1
Scarborough,2013-03-13,78.3,0.0,0.0,19.5,77.6,1012.9,82.1,7.1,275.8,23.8,22266,65619,29.1,24.7,26.3,32.8,24.7,27.3,22.2
Scarborough,2013-03-14,75.5,0.1016,4.17,18.3,66.0,1012.1,62.4,8.7,301.9,26.2,22230,65621,30.8,24.0,27.0,34.3,24.0,28.6,22.2
Scarborough,2013-03-15,75.8,0.1016,4.17,17.9,58.4,1012.5,85.9,8.2,280.8,24.2,22195,65623,28.0,25.0,26.3,31.3,25.0,27.1,21.7
Scarborough,2013-03-16,75.3,2.0065999999999997,4.17,17.9,64.8,1013.3,77.8,8.1,285.8,24.6,22159,65625,28.1,23.8,25.8,30.9,23.8,26.6,21.1
Scarborough,2013-03-17,65.8,0.0,0.0,19.5,77.5,1014.8,81.2,9.0,299.5,25.8,22123,65626,31.1,23.0,26.6,31.9,23.0,27.2,19.4
Scarborough,2013-03-18,68.9,0.0,0.0,17.9,84.9,1014.5,76.8,8.3,302.3,26.1,22087,65627,30.2,23.9,26.4,33.8,23.9,27.2,20.1
Scarborough,2013-03-19,73.4,0.2032,8.33,17.2,96.0,1012.9,54.7,8.9,299.7,25.9,22050,65629,30.1,22.8,26.6,34.2,22.8,27.8,21.3
Scarborough,2013-03-20,77.8,0.4064,4.17,18.3,105.1,1012.5,71.0,7.9,297.0,25.7,22014,65630,29.1,24.1,26.4,32.1,24.1,27.6,22.2
Scarborough,2013-03-21,75.2,0.0,0.0,20.8,103.8,1012.5,80.7,8.1,299.7,25.7,21977,65630,30.3,26.0,27.7,36.2,26.0,30.2,22.8
Scarborough,2013-03-22,73.4,0.1016,4.17,24.2,90.3,1013.7,65.5,8.5,299.5,26.0,21940,65631,31.1,26.0,28.0,35.6,26.0,30.7,22.7
Scarborough,2013-03-23,70.9,0.0,0.0,20.8,88.6,1014.1,85.0,8.3,311.1,27.0,21904,65632,31.0,25.3,27.9,34.6,25.3,29.7,22.0
Scarborough,2013-03-24,75.4,0.0,0.0,18.3,96.8,1013.2,83.6,7.5,308.9,26.7,21867,65633,31.1,23.9,26.6,34.7,23.9,27.9,21.8
Scarborough,2013-03-25,71.7,0.0,0.0,23.0,92.3,1012.9,83.9,7.6,307.5,26.5,21830,65633,30.8,25.0,27.2,32.7,25.0,28.4,21.5
Scarborough,2013-03-26,68.0,0.9905999999999999,4.17,20.8,99.0,1014.4,32.4,8.8,312.2,27.2,21793,65634,30.2,25.0,27.4,33.9,25.0,29.1,20.9
Scarborough,2013-03-27,73.5,1.016,8.33,25.3,93.7,1013.9,65.4,8.5,300.6,26.0,21756,65634,31.2,25.0,27.5,35.3,25.0,29.4,22.2
Scarborough,2013-03-28,73.4,0.0,0.0,23.0,97.7,1014.0,36.0,8.5,284.5,24.6,21720,65635,30.7,26.0,28.0,36.2,26.0,30.6,22.7
Scarborough,2013-03-29,75.0,0.0,0.0,18.6,90.7,1015.1,33.2,8.1,287.6,24.7,21683,65635,31.1,24.9,27.6,35.6,24.9,30.0,22.6
Scarborough,2013-03-30,69.3,0.3048,4.17,20.8,100.5,1016.4,37.2,8.9,283.6,24.6,21646,65636,31.0,25.9,27.9,34.6,25.9,29.9,21.7
Scarborough,2013-03-31,69.4,2.0065999999999997,4.17,20.1,96.9,1016.5,31.1,8.1,281.9,24.5,21610,65637,30.8,24.0,27.6,34.5,24.0,29.2,21.4
Scarborough,2013-04-01,74.4,0.4064,16.67,21.0,80.8,1016.3,52.7,7.4,240.7,20.8,22999,64371,30.0,24.9,27.5,35.1,24.9,30.2,22.5
Scarborough,2013-04-02,70.5,0.0,0.0,11.4,74.2,1012.9,53.6,9.5,272.5,23.6,23187,65249,27.2,22.8,24.8,28.8,22.8,25.3,19.1
Scarborough,2013-04-03,75.5,0.0,0.0,20.1,97.8,1014.6,40.5,8.5,299.9,26.0,22568,65588,30.1,25.0,27.4,35.1,25.0,29.7,22.7
Scarborough,2013-04-04,73.3,0.0,0.0,20.8,89.6,1015.2,55.0,6.7,305.5,26.5,21466,65640,31.1,23.0,26.6,33.1,23.0,27.8,21.3
Scarborough,2013-04-05,81.0,0.0,0.0,18.3,131.4,1011.6,72.8,7.2,128.5,11.1,20585,65785,29.3,27.0,27.8,34.7,30.1,31.7,24.2
Scarborough,2013-04-06,76.7,1.1176,16.67,19.6,89.0,1015.3,82.5,6.1,182.8,15.6,20332,66230,30.9,25.0,27.9,37.3,25.0,30.8,23.3
Scarborough,2013-04-07,72.6,0.7874,4.17,17.2,77.6,1014.8,44.3,6.7,291.5,25.0,20677,66611,31.2,24.8,27.7,37.0,24.8,29.8,22.2
Scarborough,2013-04-08,72.4,0.2032,8.33,18.3,84.9,1014.1,38.7,6.7,272.6,23.6,21087,66386,31.1,26.0,28.3,36.6,26.0,31.0,22.8
Scarborough,2013-04-09,73.2,0.0,0.0,20.8,143.5,1012.5,80.5,7.7,215.5,18.5,21170,65444,31.2,26.8,28.8,37.7,29.2,32.9,23.5
Scarborough,2013-04-10,77.1,1.4986,8.33,14.8,111.6,1012.7,77.1,7.1,152.4,13.2,21103,64276,30.1,25.0,28.3,36.5,25.0,32.4,23.9
Scarborough,2013-04-11,78.3,0.2032,4.17,17.2,95.3,1010.8,60.3,7.3,252.8,21.9,21330,63440,30.2,24.0,27.1,35.4,24.0,28.9,22.8
Scarborough,2013-04-12,78.7,0.1016,4.17,18.3,83.4,1013.9,71.2,7.0,139.2,12.1,22092,63500,30.0,23.6,26.9,35.1,23.6,28.6,22.8
Scarborough,2013-04-13,70.9,0.0,0.0,20.8,92.4,1013.5,83.9,8.0,304.1,26.2,21156,65657,30.8,26.0,27.9,35.3,26.0,30.3,22.1
Scarborough,2013-04-14,71.3,0.0,0.0,23.0,98.3,1013.6,69.7,6.9,308.5,26.6,21124,65660,31.1,26.0,28.0,34.7,26.0,30.5,22.2
Scarborough,2013-04-15,74.4,0.0,0.0,18.3,96.0,1014.2,80.1,7.7,300.9,26.2,21091,65664,31.0,26.0,28.1,35.8,26.0,30.8,23.0
Scarborough,2013-04-16,72.3,0.1016,4.17,24.2,103.3,1014.3,60.9,6.3,302.0,26.1,21060,65667,31.0,26.0,28.1,35.5,26.0,30.7,22.5
Scarborough,2013-04-17,72.4,0.0,0.0,20.8,103.8,1013.4,53.6,7.6,297.6,25.7,21028,65671,31.1,26.0,27.9,36.7,26.0,30.3,22.4
Scarborough,2013-04-18,72.8,0.0,0.0,19.2,96.9,1013.4,49.7,7.5,231.9,20.0,20998,65675,30.2,25.1,27.8,34.7,25.1,30.1,22.3
Scarborough,2013-04-19,71.7,0.0,0.0,23.0,91.0,1013.7,70.2,7.2,198.7,17.1,20967,65679,31.1,25.0,27.7,33.8,25.0,29.7,22.0
Scarborough,2013-04-20,73.4,0.6096,25.0,20.4,87.1,1013.8,80.5,7.5,273.7,23.6,20938,65684,31.1,26.0,27.5,34.8,26.0,29.8,22.3
Scarborough,2013-04-21,71.9,0.2032,4.17,17.4,96.3,1013.2,76.7,7.5,247.1,21.3,20908,65689,30.0,25.1,27.3,33.3,25.1,28.8,21.7
Scarborough,2013-04-22,79.7,16.9926,4.17,16.1,104.7,1012.9,82.8,7.1,282.3,24.5,20880,65694,29.1,24.0,25.9,32.8,24.0,26.9,22.1
Scarborough,2013-04-23,88.4,14.1986,12.5,15.2,83.5,1013.2,87.1,5.7,257.4,22.3,20852,65700,28.1,23.0,25.3,32.7,23.0,25.9,23.2
Scarborough,2013-04-24,78.2,37.8968,4.17,20.8,89.4,1013.5,82.6,6.9,275.9,23.9,20824,65706,29.1,25.0,27.1,32.8,25.0,29.1,22.8
Scarborough,2013-04-25,82.9,1.8287999999999998,20.83,18.3,107.2,1013.4,87.3,6.7,202.7,17.3,20797,65712,29.1,24.8,26.3,34.7,24.8,27.9,23.2
Scarborough,2013-04-26,78.2,2.3367999999999998,29.17,18.6,86.9,1013.3,85.3,6.3,198.7,17.0,20771,65719,30.1,23.8,27.1,33.4,23.8,29.0,22.8
Scarborough,2013-04-27,88.7,38.4048,12.5,17.0,99.7,1012.7,90.1,5.9,124.6,10.8,20746,65726,27.1,23.9,25.2,29.3,23.9,25.4,23.2
Scarborough,2013-04-28,85.3,30.987999999999996,12.5,17.2,99.4,1012.6,88.3,6.2,224.5,19.3,20721,65733,28.1,24.0,25.8,31.9,24.0,26.7,23.1
Scarborough,2013-04-29,85.9,38.099999999999994,8.33,23.0,95.1,1012.7,84.1,6.0,234.1,20.3,20696,65741,30.1,23.0,26.1,35.2,23.0,27.9,23.4
Scarborough,2013-04-30,80.9,0.9905999999999999,4.17,18.3,96.8,1013.3,78.8,8.3,244.8,21.1,20673,65749,30.7,24.0,27.0,37.0,24.0,29.2,23.4
Scarborough,2013-05-01,79.6,5.8928,8.33,20.8,91.6,1016.0,52.6,7.3,252.8,21.9,23020,64404,29.2,23.8,26.1,33.6,23.8,27.2,22.2
Scarborough,2013-05-02,74.0,0.1016,4.17,22.1,73.3,1013.0,62.1,8.0,202.0,17.4,23177,65269,29.2,23.0,26.3,32.8,23.0,27.2,21.2
Scarborough,2013-05-03,73.0,0.0,0.0,17.2,88.9,1014.9,50.2,8.8,217.7,18.8,22536,65593,30.2,24.0,27.1,33.4,24.0,28.3,21.6
Scarborough,2013-05-04,77.5,0.0,0.0,20.1,91.8,1014.9,42.2,6.7,317.6,27.4,21430,65642,29.0,26.2,26.9,32.0,26.2,28.4,22.6
Scarborough,2013-05-05,79.0,0.0,0.0,26.8,120.0,1012.8,80.4,8.0,293.1,25.2,20565,65795,30.0,26.0,27.7,37.4,26.0,30.8,23.7
Scarborough,2013-05-06,79.2,2.0065999999999997,4.17,18.3,93.8,1014.1,79.2,6.4,211.4,18.1,20336,66247,30.1,25.1,27.4,35.3,25.1,29.9,23.5
Scarborough,2013-05-07,74.0,0.4064,16.67,21.9,104.2,1014.6,60.5,7.5,288.0,24.8,20692,66616,30.0,25.0,27.4,34.2,25.0,29.6,22.3
Scarborough,2013-05-08,76.7,23.0124,4.17,15.0,103.0,1013.6,34.5,7.5,288.0,24.9,21096,66365,30.1,25.0,26.9,35.1,25.0,28.4,22.4
Scarborough,2013-05-09,74.5,1.1938,8.33,18.3,115.3,1013.0,76.0,7.4,155.0,13.4,21168,65406,31.1,27.1,28.9,36.7,29.7,33.3,23.9
Scarborough,2013-05-10,81.0,13.7922,8.33,16.1,116.4,1013.6,88.4,6.6,113.8,9.8,21103,64239,29.2,24.8,26.8,33.6,24.8,28.4,23.2
Scarborough,2013-05-11,77.1,0.3048,12.5,11.4,92.2,1010.9,51.2,7.7,267.5,23.2,21347,63426,30.8,24.0,26.9,34.4,24.0,28.7,22.4
Scarborough,2013-05-12,72.9,0.9905999999999999,4.17,17.2,85.4,1013.6,65.2,7.1,237.9,20.5,22124,63518,30.0,24.0,27.0,33.3,24.0,28.7,21.7
Scarborough,2013-05-13,73.6,0.3048,4.17,18.3,98.7,1014.0,72.9,7.8,297.4,25.6,20432,65888,30.1,26.0,28.0,35.6,26.0,30.8,22.8
Scarborough,2013-05-14,78.2,2.0827999999999998,12.5,26.4,98.5,1014.1,65.1,6.8,285.6,24.6,20419,65901,29.3,25.1,27.5,33.3,25.1,30.2,23.3
Scarborough,2013-05-15,72.7,0.2032,8.33,18.6,90.3,1013.2,50.6,7.4,301.3,26.1,20407,65915,31.1,26.3,28.2,37.6,26.3,31.4,22.8
Scarborough,2013-05-16,73.2,0.9905999999999999,4.17,18.6,89.2,1013.6,64.5,6.8,295.8,25.7,20396,65928,30.2,25.7,27.7,34.2,25.7,29.8,22.4
Scarborough,2013-05-17,72.2,0.0,0.0,20.8,95.7,1014.3,88.0,7.5,284.7,24.6,20385,65943,32.1,25.0,27.8,39.3,25.0,29.9,22.2
Scarborough,2013-05-18,78.0,0.7874,4.17,20.8,74.3,1014.8,69.3,6.7,283.2,24.3,20376,65957,30.2,25.0,27.1,35.6,25.0,29.0,22.9
Scarborough,2013-05-19,76.2,0.6096,12.5,16.1,89.4,1014.1,47.4,7.1,169.4,14.5,20367,65972,31.1,25.0,27.9,35.6,25.0,30.8,23.2
Scarborough,2013-05-20,87.2,14.300199999999998,12.5,23.0,95.1,1013.7,88.2,5.6,192.9,16.6,20359,65986,27.4,23.7,25.7,31.7,23.7,26.5,23.4
Scarborough,2013-05-21,73.2,0.6096,4.17,25.3,95.9,1012.9,87.6,7.3,208.7,18.1,20351,66002,30.1,26.0,27.7,34.3,26.0,30.0,22.4
Scarborough,2013-05-22,80.3,9.296399999999998,8.33,18.3,97.0,1012.8,80.8,6.6,273.7,23.8,20345,66017,30.1,23.6,26.9,34.3,23.6,29.3,23.2
Scarborough,2013-05-23,77.0,5.308599999999999,8.33,19.7,93.1,1013.9,76.8,7.2,284.7,24.7,20339,66032,30.1,23.0,26.7,34.3,23.0,28.2,22.2
Scarborough,2013-05-24,75.2,0.4064,4.17,18.3,96.4,1014.1,74.7,7.3,300.6,25.9,20334,66048,29.6,24.0,26.9,33.0,24.0,28.5,22.1
Scarborough,2013-05-25,75.9,1.7018,12.5,18.3,88.1,1014.3,63.1,7.5,217.2,18.8,20330,66064,30.8,25.6,28.1,37.5,25.6,31.2,23.3
Scarborough,2013-05-26,84.0,11.5062,12.5,21.9,91.6,1014.1,83.2,6.5,104.2,9.1,20327,66080,27.7,25.0,26.4,32.1,25.0,28.2,23.5
Scarborough,2013-05-27,86.0,1.0921999999999998,4.17,32.2,102.5,1013.5,89.8,6.4,95.4,8.2,20324,66097,27.6,23.0,25.9,32.1,23.0,26.9,23.4
Scarborough,2013-05-28,81.7,19.2786,8.33,17.2,87.0,1013.7,90.9,6.6,152.1,13.0,20323,66113,30.0,24.0,26.9,35.1,24.0,29.2,23.4
Scarborough,2013-05-29,80.4,2.0065999999999997,4.17,20.8,93.3,1013.2,89.8,6.4,120.5,10.1,20322,66130,30.1,25.0,27.4,35.2,25.0,30.3,23.7
Scarborough,2013-05-30,75.2,0.7111999999999999,8.33,20.4,88.2,1014.2,88.5,5.7,140.1,12.0,20322,66146,30.8,26.1,28.2,37.5,26.1,31.7,23.3
Scarborough,2013-05-31,76.2,0.8128,16.67,19.9,81.8,1014.3,62.2,6.1,235.4,20.4,20322,66163,30.0,26.1,27.9,35.1,26.1,31.3,23.3
Scarborough,2013-06-01,78.8,1.016,8.33,24.2,84.9,1014.8,59.3,7.0,209.5,18.0,23040,64437,29.0,24.0,26.1,33.3,24.0,27.5,22.1
Scarborough,2013-06-02,74.5,0.508,4.17,23.0,75.4,1013.3,62.0,7.7,256.4,22.2,23165,65288,30.1,24.0,26.3,33.5,24.0,27.1,21.3
Scarborough,2013-06-03,73.3,0.0,0.0,21.9,85.9,1015.3,48.7,9.4,285.5,24.6,22504,65597,31.2,24.0,26.9,34.8,24.0,28.2,21.5
Scarborough,2013-06-04,74.2,0.0,0.0,19.5,104.3,1015.0,26.8,6.7,313.1,27.0,21395,65643,30.0,26.0,27.3,33.3,26.0,29.1,22.2
Scarborough,2013-06-05,73.6,0.0,0.0,18.3,103.6,1014.4,77.6,7.7,248.9,21.3,20546,65806,30.1,25.1,27.4,33.4,25.1,29.5,22.3
Scarborough,2013-06-06,74.4,0.0,0.0,20.8,88.7,1014.1,88.3,6.7,193.6,16.7,20341,66264,30.6,25.0,27.4,35.6,25.0,29.3,22.4
Scarborough,2013-06-07,76.3,2.0065999999999997,4.17,16.1,100.5,1014.2,57.0,7.4,252.5,21.7,20708,66620,30.3,25.0,27.4,36.9,25.0,29.6,22.8
Scarborough,2013-06-08,75.4,0.3048,4.17,13.9,99.4,1012.9,36.5,8.7,310.7,26.8,21103,66344,30.1,24.3,27.2,34.3,24.3,29.1,22.4
Scarborough,2013-06-09,73.4,2.9972,4.17,16.1,118.3,1013.6,75.6,6.8,122.7,10.7,21166,65368,31.1,27.0,29.1,36.7,29.7,33.4,23.7
Scarborough,2013-06-10,77.7,0.3048,4.17,16.1,109.4,1013.1,70.4,7.2,163.0,14.0,21103,64203,30.0,25.0,27.3,35.1,25.0,29.7,23.0
Scarborough,2013-06-11,77.8,0.508,4.17,18.3,112.4,1011.3,58.1,8.2,249.6,21.4,21365,63414,30.0,25.0,27.3,35.1,25.0,29.5,23.0
Scarborough,2013-06-12,75.3,0.1016,4.17,13.9,76.8,1013.2,64.4,7.8,247.6,21.3,22156,63537,30.0,23.8,26.4,33.6,23.8,27.8,21.7
Scarborough,2013-06-13,87.2,10.1092,12.5,25.3,99.6,1014.1,92.8,6.0,134.5,11.7,20393,66377,27.6,24.0,25.7,31.6,24.0,26.2,23.4
Scarborough,2013-06-14,87.2,15.214599999999999,16.67,23.0,106.3,1014.0,86.7,6.0,108.5,9.3,20403,66393,28.3,24.0,26.1,33.4,24.0,27.0,23.7
Scarborough,2013-06-15,77.3,0.2032,4.17,20.8,85.6,1014.3,43.8,6.3,245.8,21.3,20413,66408,31.1,26.0,27.7,36.7,26.0,30.2,23.3
Scarborough,2013-06-16,75.7,0.7874,4.17,24.2,86.3,1013.8,44.0,6.8,287.2,24.8,20424,66422,31.1,25.0,27.9,38.7,25.0,30.6,23.1
Scarborough,2013-06-17,78.1,5.0038,8.33,26.4,93.2,1014.1,66.2,6.5,263.7,22.8,20435,66437,30.3,25.0,27.0,34.2,25.0,28.4,22.8
Scarborough,2013-06-18,83.2,11.2014,12.5,19.7,89.0,1014.4,85.4,6.5,89.7,7.8,20447,66451,27.3,24.0,25.9,30.8,24.0,26.6,22.8
Scarborough,2013-06-19,77.5,0.7111999999999999,8.33,18.3,90.8,1013.5,57.2,7.7,181.3,15.6,20459,66465,30.7,25.0,27.8,37.4,25.0,30.8,23.4
Scarborough,2013-06-20,72.4,0.0,0.0,20.8,80.6,1013.9,72.4,7.2,205.9,17.8,20472,66478,31.1,25.7,27.8,35.6,25.7,29.7,22.3
Scarborough,2013-06-21,72.8,0.0,0.0,16.1,99.9,1014.5,34.4,8.6,287.8,24.9,20485,66491,30.1,24.0,27.3,33.5,24.0,28.9,21.8
Scarborough,2013-06-22,72.4,0.0,0.0,21.9,92.6,1014.2,68.6,7.1,290.9,25.0,20498,66504,30.8,24.7,27.4,36.0,24.7,29.4,21.9
Scarborough,2013-06-23,73.1,0.0,0.0,20.6,85.9,1014.2,62.8,7.0,211.0,18.3,20512,66516,31.1,26.0,28.1,35.7,26.0,30.7,22.7
Scarborough,2013-06-24,76.2,0.6096,4.17,20.8,86.3,1014.6,65.5,7.1,288.3,25.0,20526,66527,31.2,25.8,28.2,39.0,25.8,31.7,23.6
Scarborough,2013-06-25,78.4,0.7874,4.17,13.9,108.0,1014.4,62.5,7.3,242.9,20.9,20540,66538,30.1,24.8,27.3,35.9,24.8,29.7,23.2
Scarborough,2013-06-26,80.8,14.097000000000001,8.33,26.4,90.1,1014.7,87.1,6.3,252.8,21.8,20554,66549,29.9,24.0,27.1,35.8,24.0,29.5,23.4
Scarborough,2013-06-27,72.7,0.508,4.17,23.0,84.7,1014.9,49.9,7.5,296.6,25.6,20569,66559,30.7,26.0,27.9,35.1,26.0,30.4,22.5
Scarborough,2013-06-28,78.4,1.0921999999999998,4.17,19.2,54.0,1013.5,62.7,6.6,270.1,23.4,20584,66568,29.1,24.0,26.7,32.8,24.0,28.3,22.6
Scarborough,2013-06-29,81.1,11.9888,8.33,21.9,102.3,1013.3,83.5,6.9,155.7,13.5,20599,66577,29.0,25.0,26.9,33.6,25.0,29.1,23.4
Scarborough,2013-06-30,74.6,0.9905999999999999,4.17,24.2,88.8,1013.7,79.5,6.9,231.5,20.1,20614,66585,30.1,26.0,27.9,34.3,26.0,30.4,22.9
Scarborough,2013-07-01,77.0,10.413999999999998,12.5,18.3,83.9,1014.1,54.9,7.3,228.8,19.9,23059,64469,29.2,23.7,26.2,32.1,23.7,27.2,21.7
Scarborough,2013-07-02,72.0,0.0,0.0,19.5,93.5,1013.0,53.8,7.6,285.3,24.6,23153,65307,30.1,23.9,26.5,32.7,23.9,27.4,20.9
Scarborough,2013-07-03,69.9,0.0,0.0,18.3,103.7,1015.9,60.5,8.7,294.6,25.2,22471,65601,30.0,24.9,27.2,32.6,24.9,28.4,21.1
Scarborough,2013-07-04,72.2,0.1016,4.17,23.0,106.3,1014.7,45.6,6.8,314.8,27.1,21360,65644,30.1,26.0,27.8,33.4,26.0,30.1,22.2
Scarborough,2013-07-05,73.2,0.0,0.0,18.3,106.1,1015.5,89.6,7.6,287.9,25.0,20527,65816,31.0,24.8,27.2,36.6,24.8,28.7,21.9
Scarborough,2013-07-06,75.5,0.1016,4.17,17.2,87.7,1014.7,84.5,7.2,218.5,18.8,20347,66280,30.2,25.0,27.3,34.2,25.0,29.2,22.4
Scarborough,2013-07-07,80.0,7.213599999999999,8.33,12.1,97.4,1013.4,53.8,7.3,258.6,22.3,20724,66623,30.2,25.0,27.2,35.3,25.0,29.3,23.4
Scarborough,2013-07-08,76.1,0.4064,12.5,17.7,117.9,1012.1,68.2,7.6,199.2,17.2,21111,66321,30.1,24.7,27.8,35.2,24.7,31.0,23.2
Scarborough,2013-07-09,75.7,0.1016,4.17,11.6,111.2,1013.7,51.6,7.8,147.9,12.8,21164,65329,32.1,26.0,28.5,39.5,26.0,32.3,23.7
Scarborough,2013-07-10,77.4,7.010400000000001,4.17,18.3,112.9,1013.6,53.0,6.6,141.8,12.4,21104,64168,30.0,26.0,28.1,36.7,26.0,31.7,23.7
Scarborough,2013-07-11,78.1,2.0827999999999998,12.5,19.6,102.0,1011.5,53.3,7.1,241.8,20.8,21383,63402,30.1,24.0,27.7,35.1,24.0,30.8,23.5
Scarborough,2013-07-12,82.6,5.4102,8.33,12.8,59.0,1012.9,55.7,6.7,243.4,21.1,22188,63557,28.0,23.0,25.7,31.9,23.0,26.9,22.5
Scarborough,2013-07-13,74.7,0.0,0.0,20.8,90.8,1014.0,45.1,7.9,280.5,24.3,20817,66627,30.1,25.0,27.6,34.3,25.0,29.6,22.6
Scarborough,2013-07-14,73.6,0.0,0.0,17.2,89.7,1014.0,71.5,6.9,162.9,14.1,20832,66625,31.1,25.0,27.9,36.2,25.0,30.6,22.7
Scarborough,2013-07-15,70.9,0.3048,4.17,35.8,90.3,1014.3,71.5,7.0,257.7,22.2,20847,66622,31.0,26.0,28.4,35.5,26.0,31.2,22.5
Scarborough,2013-07-16,82.1,9.372599999999998,16.67,17.2,88.5,1014.7,70.8,6.9,207.8,18.0,20862,66618,30.7,25.0,27.3,37.6,25.0,29.7,23.9
Scarborough,2013-07-17,76.4,0.0,0.0,16.1,100.0,1014.8,44.7,7.5,213.5,18.5,20877,66614,30.3,25.0,27.6,35.1,25.0,29.8,22.9
Scarborough,2013-07-18,75.0,2.3114,12.5,20.8,77.9,1014.6,69.1,7.0,99.3,8.7,20891,66608,31.1,25.1,28.1,35.5,25.1,30.9,23.1
Scarborough,2013-07-19,70.8,1.3208,12.5,22.1,78.8,1014.7,79.1,7.3,211.7,18.3,20905,66602,31.0,26.7,28.4,37.1,26.7,31.6,22.6
Scarborough,2013-07-20,67.4,0.1016,4.17,24.2,78.9,1014.0,62.5,7.1,280.1,24.4,20919,66595,32.1,26.0,28.3,35.0,26.0,30.3,21.6
Scarborough,2013-07-21,78.3,0.0,0.0,18.3,97.4,1013.8,75.1,7.3,244.3,21.2,20932,66587,30.2,25.0,27.1,35.1,25.0,28.9,22.9
Scarborough,2013-07-22,74.8,0.6096,8.33,19.7,89.5,1014.5,41.2,7.5,227.9,19.5,20946,66578,32.0,26.0,28.2,36.8,26.0,31.2,23.2
Scarborough,2013-07-23,71.4,0.4064,8.33,20.8,82.7,1013.5,51.5,6.3,270.0,23.3,20959,66568,32.0,26.1,28.6,36.8,26.1,31.9,22.8
Scarborough,2013-07-24,73.8,0.1016,4.17,33.6,90.5,1013.6,77.5,5.7,236.6,20.2,20971,66558,32.3,25.1,28.0,38.8,25.1,30.5,22.8
Scarborough,2013-07-25,75.8,0.0,0.0,21.9,98.8,1015.5,58.4,7.1,266.1,23.1,20984,66546,31.0,25.0,27.7,35.5,25.0,30.1,22.9
Scarborough,2013-07-26,73.9,3.302,8.33,20.8,98.1,1016.6,51.6,7.7,305.1,26.3,20996,66534,30.8,25.0,27.8,37.1,25.0,30.1,22.6
Scarborough,2013-07-27,73.1,0.4064,8.33,17.2,89.0,1015.7,33.2,7.2,314.1,27.3,21007,66521,31.0,24.9,27.8,34.6,24.9,29.9,22.4
Scarborough,2013-07-28,77.5,0.3048,8.33,11.4,116.3,1015.4,65.2,6.6,110.2,9.4,21019,66507,30.1,25.0,27.3,34.3,25.0,29.6,23.0
Scarborough,2013-07-29,72.6,0.1016,4.17,17.2,100.0,1015.9,38.0,7.6,261.2,22.8,21030,66492,31.3,25.0,28.1,38.1,25.0,30.6,22.6
Scarborough,2013-07-30,75.5,0.2032,8.33,18.3,106.1,1015.9,38.4,7.7,226.4,19.5,21040,66476,31.1,25.0,28.1,35.6,25.0,30.7,23.2
Scarborough,2013-07-31,74.3,0.1016,4.17,15.0,110.2,1015.2,53.1,8.0,228.1,19.5,21050,66460,30.2,25.0,27.7,35.4,25.0,29.7,22.6
Scarborough,2013-08-01,76.6,1.2953999999999999,8.33,27.5,82.7,1015.1,51.5,7.3,258.3,22.3,23077,64502,29.0,24.2,26.6,32.8,24.2,28.1,22.1
Scarborough,2013-08-02,74.4,0.0,0.0,17.2,98.2,1012.9,32.2,8.4,286.6,24.8,23140,65325,29.1,23.0,25.6,32.0,23.0,26.4,20.6
Scarborough,2013-08-03,71.5,110.0074,4.17,20.8,93.7,1015.5,36.0,9.0,301.3,26.0,22438,65605,30.7,24.0,27.1,35.4,24.0,28.4,21.3
Scarborough,2013-08-04,72.7,0.0,0.0,20.4,100.1,1014.1,35.2,7.8,318.2,27.5,21325,65646,30.0,25.8,27.7,34.2,25.8,29.8,22.3
Scarborough,2013-08-05,73.4,0.0,0.0,21.9,88.8,1017.0,55.9,7.3,264.0,22.7,20510,65827,31.0,25.0,27.6,37.3,25.0,29.6,22.3
Scarborough,2013-08-06,75.2,8.001,4.17,16.1,95.3,1015.1,71.3,6.8,169.2,14.6,20353,66297,30.1,24.2,27.4,34.3,24.2,29.4,22.5
Scarborough,2013-08-07,78.8,0.2032,4.17,23.0,85.1,1014.2,64.0,6.8,186.4,16.1,20740,66626,31.1,24.3,27.8,36.7,24.3,30.9,23.7
Scarborough,2013-08-08,80.1,24.002999999999997,4.17,17.2,104.5,1011.4,72.8,6.2,204.4,17.7,21118,66299,30.0,23.0,26.6,34.4,23.0,28.3,22.8
Scarborough,2013-08-09,71.3,0.508,16.67,18.3,94.3,1013.3,43.4,6.8,219.5,19.1,21161,65291,32.1,26.0,29.4,38.1,26.0,33.4,23.5
Scarborough,2013-08-10,75.0,2.0065999999999997,4.17,18.3,117.0,1014.2,67.1,6.6,193.5,16.6,21105,64133,30.2,26.0,28.4,35.2,26.0,32.3,23.6
Scarborough,2013-08-11,79.1,2.1082,8.33,24.2,91.2,1012.2,75.0,6.9,202.1,17.3,21402,63392,31.0,25.0,27.6,38.8,25.0,30.7,23.6
Scarborough,2013-08-12,78.4,0.0,0.0,13.9,94.4,1013.4,67.2,7.2,180.5,15.6,22220,63578,30.0,23.0,26.5,35.9,23.0,28.2,22.3
Scarborough,2013-08-13,77.7,1.016,16.67,20.8,80.7,1013.4,71.2,7.5,232.1,20.1,21147,66173,31.1,24.0,27.6,36.1,24.0,30.6,23.3
Scarborough,2013-08-14,74.2,0.2032,4.17,21.7,81.6,1013.5,81.3,6.6,267.9,23.1,21152,66146,31.1,26.0,28.4,36.7,26.0,31.8,23.3
Scarborough,2013-08-15,72.7,0.0,0.0,15.0,35.9,1013.0,84.7,7.3,296.3,25.7,21156,66118,31.1,25.0,27.6,35.1,25.0,29.5,22.2
Scarborough,2013-08-16,72.6,0.0,0.0,13.9,101.6,1012.7,87.1,7.4,297.4,25.6,21160,66089,30.6,24.0,27.3,35.7,24.0,29.2,21.8
Scarborough,2013-08-17,81.9,10.0076,4.17,15.0,59.7,1012.8,69.0,5.9,214.4,18.6,21163,66060,30.1,24.3,26.8,35.2,24.3,28.9,23.4
Scarborough,2013-08-18,85.9,0.0,0.0,8.1,76.7,1012.1,87.6,6.9,116.9,10.1,21166,66030,29.0,25.0,26.6,35.3,25.0,28.3,24.0
Scarborough,2013-08-19,80.5,1.0921999999999998,8.33,17.2,141.9,1012.3,84.0,7.0,172.6,14.9,21169,66000,29.0,25.1,27.3,34.1,25.1,30.1,23.6
Scarborough,2013-08-20,74.5,0.0,0.0,15.0,117.9,1013.4,71.3,7.4,260.4,22.5,21171,65969,31.1,26.0,28.3,37.9,26.0,31.8,23.3
Scarborough,2013-08-21,75.9,0.0,0.0,10.3,113.0,1013.4,60.7,7.4,214.6,18.5,21173,65937,30.0,25.8,27.8,36.2,25.8,30.6,23.2
Scarborough,2013-08-22,75.8,0.3048,8.33,13.9,68.5,1012.2,33.9,7.6,283.4,24.6,21175,65905,31.1,25.1,27.9,36.7,25.1,30.4,23.1
Scarborough,2013-08-23,72.6,0.1016,4.17,17.4,80.2,1011.5,43.6,7.4,233.4,20.1,21176,65872,31.8,25.0,28.1,39.1,25.0,30.7,22.6
Scarborough,2013-08-24,74.8,0.9905999999999999,4.17,16.6,107.8,1012.6,77.3,7.2,241.0,20.9,21177,65839,30.1,25.0,28.2,35.2,25.0,31.5,23.3
Scarborough,2013-08-25,74.1,0.4064,8.33,14.8,109.6,1013.2,82.3,7.3,272.0,23.5,21178,65805,31.1,26.9,28.7,37.9,29.1,32.9,23.6
Scarborough,2013-08-26,73.5,2.0065999999999997,4.17,5.8,67.5,1013.0,78.8,7.4,250.1,21.6,21178,65771,31.2,25.0,27.8,34.6,25.0,30.1,22.5
Scarborough,2013-08-27,80.9,0.7874,4.17,9.8,81.0,1012.8,82.1,6.9,128.4,11.1,21179,65736,30.0,24.8,26.6,35.1,24.8,28.1,23.0
Scarborough,2013-08-28,84.1,2.0065999999999997,4.17,11.4,109.8,1014.6,78.3,6.4,112.9,9.8,21178,65701,28.1,24.1,25.9,31.8,24.1,26.9,23.0
Scarborough,2013-08-29,76.9,7.010400000000001,4.17,72.5,122.5,1014.9,52.0,8.6,203.5,17.5,21178,65666,30.2,24.1,27.7,35.2,24.1,30.4,23.2
Scarborough,2013-08-30,76.6,16.3068,8.33,7.8,87.5,1014.3,61.0,6.9,175.0,15.1,21177,65630,30.2,25.0,27.3,35.4,25.0,29.3,22.8
Scarborough,2013-08-31,79.0,0.8128,8.33,9.2,293.7,1013.5,86.3,6.2,234.1,20.1,21176,65593,31.0,24.0,27.7,37.4,24.0,31.3,23.7
Scarborough,2013-09-01,75.5,2.794,8.33,23.0,85.8,1015.5,54.4,8.3,256.1,21.9,23094,64535,30.1,23.0,26.3,33.4,23.0,27.8,21.5
Scarborough,2013-09-02,75.4,0.0,0.0,23.0,95.0,1013.2,50.9,8.3,279.5,24.3,23125,65343,29.1,22.0,25.7,32.0,22.0,26.7,20.9
Scarborough,2013-09-03,71.1,0.0,0.0,18.3,94.9,1014.2,27.3,9.3,307.5,26.6,22404,65609,30.1,25.0,27.4,33.5,25.0,29.1,21.7
Scarborough,2013-09-04,69.4,0.0,0.0,23.0,101.4,1014.2,72.1,7.5,309.3,26.7,21290,65648,30.1,25.0,27.6,33.4,25.0,29.2,21.3
Scarborough,2013-09-05,73.2,0.4064,8.33,18.3,102.4,1016.7,55.7,7.6,290.2,25.1,20493,65839,30.1,25.0,27.5,34.3,25.0,29.3,22.2
Scarborough,2013-09-06,78.3,2.2097999999999995,8.33,18.3,83.0,1014.0,69.6,6.8,256.7,22.3,20360,66313,31.0,25.0,27.6,36.6,25.0,30.1,23.3
Scarborough,2013-09-07,80.1,0.7111999999999999,4.17,20.1,99.6,1015.3,80.6,7.1,111.2,9.6,20755,66628,30.1,24.9,27.6,35.2,24.9,30.9,23.8
Scarborough,2013-09-08,78.0,2.0065999999999997,4.17,13.9,85.6,1011.4,75.5,7.3,220.1,18.7,21125,66275,30.1,23.3,27.4,36.2,23.3,30.1,23.1
Scarborough,2013-09-09,71.2,0.0,0.0,13.9,104.5,1013.3,47.4,7.3,276.7,23.9,21159,65252,32.1,26.0,28.7,38.1,26.0,31.7,22.8
Scarborough,2013-09-10,73.5,0.0,0.0,17.2,106.1,1013.2,36.0,7.3,284.8,24.5,21107,64098,31.1,24.0,27.7,35.3,24.0,29.6,22.4
Scarborough,2013-09-11,80.2,7.010400000000001,4.17,21.9,85.4,1012.3,66.4,6.6,119.5,10.5,21422,63382,31.1,26.0,27.8,35.7,26.0,31.3,24.1
Scarborough,2013-09-12,76.6,0.3048,4.17,17.2,73.7,1013.8,88.6,7.0,134.5,11.6,22252,63600,30.0,25.0,27.1,34.8,25.0,28.9,22.6
Scarborough,2013-09-13,80.8,24.9682,12.5,11.4,176.8,1008.0,89.6,6.6,160.7,13.9,21147,65094,30.2,25.1,27.5,35.6,25.1,30.1,23.8
Scarborough,2013-09-14,76.9,9.017,8.33,20.8,128.9,1011.5,87.8,7.4,173.5,14.9,21145,65054,30.2,25.9,28.7,36.3,25.9,33.1,24.2
Scarborough,2013-09-15,80.2,11.9888,8.33,20.8,104.1,1013.2,89.1,6.7,250.4,21.6,21142,65015,30.1,25.7,27.8,36.3,25.7,31.3,24.1
Scarborough,2013-09-16,82.1,11.6078,12.5,18.3,93.8,1012.1,79.0,6.2,292.4,25.3,21139,64975,31.1,25.0,27.4,37.8,25.0,30.1,24.1
Scarborough,2013-09-17,84.4,45.999399999999994,8.33,25.3,103.9,1011.5,87.4,6.0,106.8,9.2,21136,64935,29.7,24.0,26.8,34.9,24.0,29.2,23.9
Scarborough,2013-09-18,79.1,2.9972,8.33,16.1,113.3,1011.9,73.8,6.3,187.7,16.2,21133,64895,31.0,26.0,28.2,37.8,26.0,32.3,24.2
Scarborough,2013-09-19,75.4,0.0,0.0,17.2,119.4,1013.8,81.0,7.3,201.9,17.6,21130,64855,31.0,26.2,28.7,37.8,26.2,33.0,23.9
Scarborough,2013-09-20,75.3,0.1016,4.17,13.9,103.2,1013.2,86.9,7.2,144.7,12.6,21127,64816,32.0,26.0,28.9,39.2,26.0,33.2,24.0
Scarborough,2013-09-21,72.7,0.0,0.0,12.8,120.3,1012.2,47.0,7.4,284.4,24.6,21124,64776,31.0,26.0,28.4,36.3,26.0,31.7,23.0
Scarborough,2013-09-22,71.4,0.0,0.0,15.0,117.4,1013.7,30.5,7.2,292.8,25.5,21121,64736,31.7,27.8,29.1,38.7,30.4,33.3,23.4
Scarborough,2013-09-23,74.4,0.2032,8.33,19.6,103.3,1014.6,43.8,6.9,236.3,20.4,21119,64697,31.8,26.0,28.4,37.3,26.0,31.8,23.4
Scarborough,2013-09-24,74.9,0.1016,4.17,18.3,119.4,1013.6,61.3,7.2,273.6,23.8,21116,64657,31.0,25.9,28.2,36.6,25.9,31.2,23.2
Scarborough,2013-09-25,74.4,0.1016,4.17,21.9,108.6,1012.6,77.4,7.0,228.9,19.8,21114,64618,31.0,25.0,28.3,36.6,25.0,31.6,23.3
Scarborough,2013-09-26,75.1,1.1938,4.17,18.3,106.9,1012.2,86.1,7.2,230.0,19.8,21112,64579,31.0,26.0,28.5,35.2,26.0,32.3,23.6
Scarborough,2013-09-27,74.7,0.1016,4.17,11.0,95.8,1013.0,50.6,7.4,242.3,20.8,21110,64540,31.7,25.0,28.7,38.8,25.0,32.6,23.7
Scarborough,2013-09-28,76.3,0.9905999999999999,4.17,19.6,109.5,1013.3,50.8,7.4,218.8,18.8,21108,64502,31.0,27.0,29.0,37.8,30.1,33.9,24.3
Scarborough,2013-09-29,74.2,0.9905999999999999,4.17,24.2,89.6,1013.3,47.9,7.2,200.7,17.4,21107,64463,32.2,24.0,28.7,39.6,24.0,32.5,23.5
Scarborough,2013-09-30,74.8,8.991599999999998,8.33,23.0,93.1,1012.8,59.3,6.7,177.6,15.4,21105,64425,31.0,25.0,28.4,37.8,25.0,31.9,23.5
Scarborough,2013-10-01,74.9,0.8128,8.33,18.8,83.1,1014.8,52.6,8.0,245.6,21.2,23110,64567,29.2,23.7,25.8,32.1,23.7,26.5,20.9
Scarborough,2013-10-02,77.8,9.0932,12.5,20.8,66.9,1013.7,62.0,6.8,249.3,21.5,23110,65360,30.1,23.0,25.7,33.4,23.0,26.3,21.4
Scarborough,2013-10-03,73.6,0.0,0.0,16.3,92.1,1013.3,55.9,8.6,273.7,23.6,22370,65612,30.0,25.0,27.4,34.2,25.0,29.2,22.2
Scarborough,2013-10-04,68.5,0.9905999999999999,4.17,26.8,104.4,1013.7,86.5,7.0,301.7,26.0,21256,65650,30.0,24.8,27.2,33.3,24.8,28.4,20.8
Scarborough,2013-10-05,73.0,0.0,0.0,16.1,107.3,1015.8,34.4,7.7,312.5,27.1,20476,65851,30.1,24.6,27.2,35.3,24.6,28.9,21.8
Scarborough,2013-10-06,80.8,3.302,12.5,19.7,96.6,1013.9,86.0,6.9,163.1,14.1,20367,66330,30.3,26.0,27.2,36.3,26.0,29.4,23.6
Scarborough,2013-10-07,73.8,0.1016,4.17,23.0,84.2,1015.5,40.9,7.5,246.1,21.3,20771,66629,31.7,26.1,28.4,36.6,26.1,31.8,23.2
Scarborough,2013-10-08,85.0,2.9972,4.17,18.3,95.1,1012.6,86.0,6.0,167.3,14.4,21131,66250,29.0,23.1,26.1,34.6,23.1,27.6,23.3
Scarborough,2013-10-09,73.9,2.0065999999999997,4.17,18.3,112.2,1013.6,72.3,6.9,138.8,11.8,21156,65212,31.1,25.9,28.3,35.6,25.9,31.3,23.1
Scarborough,2013-10-10,80.4,15.189199999999998,16.67,20.8,109.7,1012.1,51.1,6.8,206.5,17.8,21109,64064,30.7,24.8,27.1,35.9,24.8,29.2,23.3
Scarborough,2013-10-11,83.7,51.9938,12.5,19.0,87.3,1012.1,81.9,5.9,109.2,9.4,21442,63374,28.7,24.0,26.1,32.9,24.0,27.3,23.1
Scarborough,2013-10-12,81.6,2.0065999999999997,4.17,21.9,65.0,1013.9,84.3,6.4,181.3,15.6,22284,63622,30.0,24.0,26.3,33.3,24.0,27.9,22.8
Scarborough,2013-10-13,79.1,0.3048,4.17,20.8,85.2,1011.4,72.8,6.7,102.7,9.0,21117,63965,30.9,25.9,27.4,36.2,25.9,29.9,23.4
Scarborough,2013-10-14,74.1,2.9972,4.17,20.8,90.7,1011.2,69.7,7.2,150.3,13.0,21121,63933,31.0,25.9,28.1,37.6,25.9,31.4,22.7
Scarborough,2013-10-15,75.1,0.3048,4.17,20.8,121.1,1012.2,57.0,7.0,106.6,9.3,21125,63902,30.7,25.9,28.5,37.0,25.9,32.2,23.6
Scarborough,2013-10-16,73.0,0.1016,4.17,16.1,114.6,1012.5,44.6,7.2,259.7,22.5,21130,63871,30.7,26.0,28.6,35.2,26.0,32.1,23.2
Scarborough,2013-10-17,82.4,28.981399999999997,8.33,20.8,128.6,1013.0,63.4,6.4,141.0,12.1,21135,63841,29.2,23.9,26.0,35.6,23.9,27.1,22.7
Scarborough,2013-10-18,80.0,2.9972,8.33,12.1,76.2,1012.4,63.9,7.3,135.8,11.7,21141,63812,30.8,23.0,27.1,36.2,23.0,29.3,23.2
Scarborough,2013-10-19,86.8,33.9852,8.33,12.8,155.2,1012.2,81.0,6.5,147.2,12.7,21147,63783,29.0,24.8,26.2,34.6,24.8,27.5,23.8
Scarborough,2013-10-20,79.7,0.9905999999999999,4.17,18.3,118.9,1012.5,54.3,7.2,153.4,13.1,21154,63755,31.0,24.0,27.6,36.6,24.0,30.3,23.6
Scarborough,2013-10-21,84.1,2.0065999999999997,4.17,30.0,112.7,1012.6,84.0,5.9,125.2,10.7,21161,63728,29.0,24.0,26.4,33.6,24.0,28.0,23.4
Scarborough,2013-10-22,78.6,2.0065999999999997,4.17,18.3,104.6,1012.0,74.3,7.3,243.1,21.2,21169,63702,30.7,25.0,27.4,37.3,25.0,29.9,23.3
Scarborough,2013-10-23,73.9,0.1016,4.17,18.3,99.3,1012.1,74.3,7.1,189.8,16.3,21178,63677,30.2,26.0,28.4,35.1,26.0,31.8,23.2
Scarborough,2013-10-24,77.8,5.9944,4.17,25.3,90.8,1013.2,61.9,6.8,175.9,15.0,21187,63652,32.0,25.0,27.7,37.9,25.0,30.3,23.3
Scarborough,2013-10-25,80.2,16.205199999999998,12.5,20.8,100.8,1013.3,67.0,6.4,129.1,11.2,21197,63628,31.0,25.0,27.2,36.6,25.0,29.7,23.4
Scarborough,2013-10-26,77.1,8.991599999999998,4.17,25.3,96.9,1013.2,88.3,6.7,157.1,13.8,21207,63605,31.0,25.0,27.7,36.6,25.0,30.2,23.2
Scarborough,2013-10-27,75.7,0.2032,8.33,18.3,83.5,1012.2,64.8,6.4,227.8,19.8,21218,63583,31.2,24.9,27.7,37.9,24.9,30.1,22.9
Scarborough,2013-10-28,82.6,13.9954,4.17,17.7,56.7,1011.4,74.8,6.5,183.1,15.7,21230,63562,30.0,24.0,26.8,35.1,24.0,28.8,23.5
Scarborough,2013-10-29,84.7,20.6248,16.67,32.2,111.7,1011.6,87.0,5.6,204.1,17.6,21242,63541,29.0,24.0,26.3,34.4,24.0,28.1,23.5
Scarborough,2013-10-30,84.9,24.002999999999997,8.33,23.0,94.4,1011.3,89.6,5.8,172.8,14.9,21255,63522,27.3,23.9,25.7,31.2,23.9,26.4,22.9
Scarborough,2013-10-31,79.7,5.8928,12.5,15.0,97.8,1009.8,69.3,6.3,188.6,16.3,21269,63504,30.0,24.0,26.8,35.1,24.0,28.8,23.0
Scarborough,2013-11-01,80.8,3.7845999999999997,8.33,17.4,80.2,1012.7,67.3,7.3,175.3,15.2,23126,64599,28.1,23.0,25.6,33.4,23.0,26.4,22.1
Scarborough,2013-11-02,70.6,0.0,0.0,17.7,43.8,1014.2,47.3,8.1,286.5,24.8,23094,65376,29.0,23.8,26.2,31.2,23.8,26.9,20.3
Scarborough,2013-11-03,77.8,0.3048,4.17,15.0,82.9,1012.2,63.2,7.7,244.2,21.2,22335,65614,31.0,25.0,27.3,35.0,25.0,29.2,23.0
Scarborough,2013-11-04,65.5,0.0,0.0,20.8,96.9,1013.4,84.0,7.3,309.6,26.8,21223,65652,31.0,25.0,27.6,33.1,25.0,28.4,20.3
Scarborough,2013-11-05,72.2,0.0,0.0,19.7,103.1,1014.5,44.9,7.1,308.1,26.5,20461,65863,30.1,26.0,27.8,34.3,26.0,30.0,22.3
Scarborough,2013-11-06,77.6,1.016,16.67,19.6,82.7,1014.6,69.5,6.6,260.8,22.6,20376,66346,31.1,25.0,27.6,37.9,25.0,30.3,23.3
Scarborough,2013-11-07,73.7,0.0,0.0,14.5,72.8,1014.3,45.5,7.9,286.1,24.6,20786,66629,31.7,25.0,28.1,38.2,25.0,30.7,22.9
Scarborough,2013-11-08,79.0,35.0012,12.5,20.8,98.3,1012.6,88.7,5.9,139.4,12.1,21137,66225,30.1,23.8,26.8,35.2,23.8,28.7,22.8
Scarborough,2013-11-09,79.6,3.0987999999999998,12.5,15.0,130.0,1012.5,85.0,6.6,206.7,17.8,21153,65173,30.0,24.0,27.1,33.7,24.0,29.3,23.2
Scarborough,2013-11-10,79.4,2.0065999999999997,4.17,16.1,96.9,1011.6,59.2,6.9,153.2,13.1,21111,64030,30.8,25.0,27.7,37.4,25.0,30.8,23.7
Scarborough,2013-11-11,80.9,2.921,12.5,15.0,83.6,1012.6,85.1,6.5,127.3,11.0,21463,63367,30.0,24.9,27.1,36.4,24.9,29.2,23.4
Scarborough,2013-11-12,79.8,1.2953999999999999,8.33,21.7,74.4,1014.3,70.8,6.4,213.1,18.5,22317,63645,30.0,24.0,26.3,34.1,24.0,27.7,22.4
Scarborough,2013-11-13,77.3,4.013199999999999,8.33,21.5,87.7,1011.5,55.2,7.1,236.5,20.5,21507,63356,30.9,24.8,27.8,36.2,24.8,30.7,23.3
Scarborough,2013-11-14,85.1,33.9852,12.5,19.6,91.1,1012.7,78.5,6.4,180.4,15.6,21529,63352,28.9,23.2,26.2,33.6,23.2,27.6,23.4
Scarborough,2013-11-15,78.8,0.2032,4.17,19.0,99.9,1011.9,38.1,6.7,232.0,20.0,21553,63349,31.0,24.0,27.3,36.6,24.0,29.8,23.2
Scarborough,2013-11-16,78.4,0.4064,4.17,12.1,17.9,1010.8,30.1,8.0,230.9,20.2,21577,63347,30.0,24.0,27.3,36.3,24.0,30.2,23.2
Scarborough,2013-11-17,79.7,0.0,0.0,12.8,15.9,1009.2,62.9,6.7,229.2,20.0,21601,63347,29.0,25.7,26.9,33.6,25.7,28.9,23.1
Scarborough,2013-11-18,76.5,0.508,20.83,8.7,50.2,1008.7,46.1,7.3,266.2,22.9,21627,63347,30.0,24.0,27.1,34.8,24.0,29.2,22.5
Scarborough,2013-11-19,78.8,0.0,0.0,13.9,99.1,1010.0,80.3,8.0,103.2,9.0,21652,63349,30.0,24.0,26.8,35.2,24.0,29.2,22.8
Scarborough,2013-11-20,79.0,0.2032,4.17,19.5,97.5,1012.9,81.3,6.5,101.2,8.8,21679,63351,30.0,25.0,27.4,35.1,25.0,30.1,23.4
Scarborough,2013-11-21,84.3,4.2926,16.67,20.8,70.6,1012.8,53.1,6.4,178.5,15.4,21706,63355,30.0,24.0,26.4,36.2,24.0,28.4,23.5
Scarborough,2013-11-22,81.7,2.6161999999999996,16.67,15.0,82.6,1011.1,80.9,6.7,141.4,12.2,21733,63360,29.0,24.0,26.6,32.8,24.0,28.4,23.1
Scarborough,2013-11-23,79.7,8.712200000000001,8.33,15.0,72.4,1010.4,74.7,6.8,137.2,11.9,21761,63366,29.0,24.8,26.4,33.6,24.8,28.2,22.6
Scarborough,2013-11-24,80.0,0.3048,8.33,23.0,88.7,1010.9,42.1,6.8,212.4,18.3,21789,63373,30.0,24.2,27.1,35.1,24.2,29.2,23.3
Scarborough,2013-11-25,81.1,2.413,8.33,25.3,90.1,1011.9,75.9,6.3,135.8,11.7,21818,63381,30.0,25.0,26.7,35.1,25.0,28.3,23.1
Scarborough,2013-11-26,80.9,15.316199999999998,8.33,25.3,91.3,1010.8,71.0,7.0,155.4,13.4,21847,63390,31.0,23.0,26.3,36.6,23.0,27.8,22.7
Scarborough,2013-11-27,79.4,0.3048,8.33,19.9,82.9,1009.9,81.5,6.3,89.2,7.5,21876,63400,29.0,24.0,26.2,33.6,24.0,27.6,22.3
Scarborough,2013-11-28,78.1,16.1036,12.5,18.6,71.0,1010.9,67.1,6.6,187.1,16.1,21906,63412,29.7,23.0,26.1,34.6,23.0,27.3,21.9
Scarborough,2013-11-29,75.6,0.3048,12.5,17.0,68.2,1011.3,25.3,7.1,257.1,22.0,21937,63424,29.0,24.0,26.1,32.0,24.0,27.4,21.4
Scarborough,2013-11-30,71.9,1.397,4.17,21.9,86.4,1011.1,58.0,6.9,197.8,17.2,21967,63437,30.0,24.0,26.7,34.2,24.0,27.9,21.1
Scarborough,2013-12-01,77.0,11.4046,8.33,20.8,70.7,1011.8,47.4,7.6,253.7,21.9,23140,64631,31.1,23.1,25.9,32.8,23.1,26.7,21.4
Scarborough,2013-12-02,71.0,0.0,0.0,20.4,52.4,1014.2,53.3,7.5,291.9,25.2,23076,65392,27.1,23.1,25.6,29.3,23.1,26.2,19.9
Scarborough,2013-12-03,74.5,0.1016,4.17,18.3,86.5,1013.0,71.9,7.6,283.8,24.6,22301,65617,30.9,25.0,27.3,34.7,25.0,29.1,22.3
Scarborough,2013-12-04,69.6,0.0,0.0,20.8,101.0,1013.2,84.0,8.1,299.6,25.9,21189,65655,30.8,25.8,27.8,35.8,25.8,29.8,21.7
Scarborough,2013-12-05,71.8,0.0,0.0,17.2,96.2,1013.7,76.6,7.7,267.1,23.1,20446,65875,30.9,26.0,27.8,36.4,26.0,29.8,22.2
Scarborough,2013-12-06,74.6,0.4064,8.33,21.3,86.1,1014.8,79.1,6.6,239.7,20.9,20384,66362,30.0,26.0,27.9,35.1,26.0,30.9,22.9
Scarborough,2013-12-07,76.4,0.1016,4.17,12.8,68.1,1013.9,44.0,7.9,274.4,23.6,20802,66629,30.0,25.0,27.4,35.1,25.0,29.8,22.9
Scarborough,2013-12-08,74.4,0.4064,8.33,18.3,81.6,1013.0,73.6,7.1,284.7,24.7,21142,66199,31.2,24.1,27.7,36.1,24.1,30.0,22.6
Scarborough,2013-12-09,73.8,0.2032,4.17,9.2,299.1,1009.0,52.1,7.2,272.3,23.4,21150,65134,32.0,26.0,28.7,38.8,26.0,32.2,23.5
Scarborough,2013-12-10,79.7,4.5973999999999995,12.5,13.9,103.6,1011.6,57.0,7.2,152.3,13.2,21114,63997,32.0,25.0,27.8,40.7,25.0,30.9,23.9
Scarborough,2013-12-11,78.5,7.010400000000001,4.17,24.2,86.4,1011.7,58.0,6.6,248.2,21.4,21484,63361,31.0,24.2,27.5,36.6,24.2,29.9,23.3
Scarborough,2013-12-12,74.4,11.9888,4.17,19.6,93.7,1013.6,39.4,7.0,258.6,22.3,22349,63669,30.0,23.0,26.8,33.2,23.0,28.3,21.7
Scarborough,2013-12-13,78.3,5.9944,8.33,21.9,81.5,1013.4,77.4,6.9,193.9,16.8,22381,63694,29.1,24.9,26.6,33.7,24.9,28.1,22.4
Scarborough,2013-12-14,74.3,0.9905999999999999,4.17,23.7,80.0,1013.6,73.3,7.0,232.1,20.0,22413,63719,30.0,24.0,27.1,34.2,24.0,28.5,22.0
Scarborough,2013-12-15,71.2,0.7874,4.17,28.9,79.3,1013.8,47.8,6.6,248.6,21.4,22444,63746,30.0,24.0,27.1,32.6,24.0,28.3,21.3
Scarborough,2013-12-16,69.6,0.2032,4.17,21.5,74.7,1013.2,41.4,7.4,246.4,21.3,22476,63772,30.7,25.0,27.2,33.6,25.0,28.5,21.1
Scarborough,2013-12-17,72.1,0.2032,8.33,21.9,78.9,1012.9,81.1,6.9,244.9,21.3,22507,63800,30.0,24.0,26.8,32.0,24.0,28.3,21.3
Scarborough,2013-12-18,73.1,0.9905999999999999,4.17,92.2,76.4,1012.7,79.8,6.9,243.3,21.0,22538,63828,29.8,24.0,26.4,33.6,24.0,27.3,21.1
Scarborough,2013-12-19,75.4,0.1016,4.17,23.5,74.6,1012.8,58.1,7.0,216.7,18.7,22569,63856,29.0,22.9,25.8,32.0,22.9,26.9,21.1
Scarborough,2013-12-20,70.3,0.3048,4.17,23.0,79.6,1012.3,56.6,6.9,252.3,21.9,22599,63886,30.1,24.0,26.8,33.3,24.0,28.1,20.8
Scarborough,2013-12-21,74.8,0.9905999999999999,4.17,23.9,67.8,1012.9,79.0,6.4,251.7,21.6,22630,63915,29.2,22.8,25.9,32.0,22.8,26.9,21.0
Scarborough,2013-12-22,72.5,5.9944,4.17,22.6,61.1,1013.6,33.7,7.4,244.6,21.3,22659,63945,30.0,23.0,26.3,33.3,23.0,27.2,20.8
Scarborough,2013-12-23,72.1,0.0,0.0,16.1,92.6,1013.3,43.2,7.6,245.1,21.1,22688,63976,30.0,23.0,26.1,34.2,23.0,27.2,20.6
Scarborough,2013-12-24,84.4,8.026399999999999,16.67,18.3,108.4,1012.0,73.8,6.1,220.5,19.1,22717,64007,30.0,24.0,26.2,35.1,24.0,27.7,23.3
Scarborough,2013-12-25,82.9,52.197,12.5,19.2,82.0,1012.6,74.9,5.8,193.4,16.8,22746,64038,28.0,24.9,26.1,31.3,24.9,27.1,23.0
Scarborough,2013-12-26,80.1,0.6096,8.33,18.1,87.2,1015.0,77.8,6.6,180.0,15.8,22773,64069,29.0,25.0,26.6,32.8,25.0,27.9,22.8
Scarborough,2013-12-27,75.6,0.7111999999999999,20.83,21.9,77.2,1015.3,80.8,7.0,226.7,19.6,22800,64101,29.2,24.8,27.0,33.6,24.8,28.4,22.3
Scarborough,2013-12-28,74.9,0.2032,8.33,20.8,79.8,1014.4,59.3,7.1,242.2,20.9,22827,64134,30.0,23.8,26.4,34.0,23.8,27.6,21.6
Scarborough,2013-12-29,77.9,0.1016,4.17,17.9,82.1,1013.6,45.2,7.0,248.7,21.4,22853,64166,29.0,23.0,26.2,32.7,23.0,27.1,22.0
Scarborough,2013-12-30,80.2,16.9926,4.17,23.0,86.1,1014.0,46.3,6.6,223.3,19.2,22878,64198,31.0,24.0,26.5,35.5,24.0,28.1,22.7
Scarborough,2013-12-31,78.5,1.397,8.33,18.6,78.2,1013.5,50.4,6.2,198.4,17.1,22903,64231,30.0,24.0,26.7,35.1,24.0,28.6,22.6
Scarborough,2014-01-01,77.4,1.9811999999999999,8.33,21.9,76.2,1013.4,55.4,6.9,189.7,16.3,22927,64264,29.2,24.0,26.3,32.8,24.0,27.3,21.9
Scarborough,2014-01-02,73.2,0.7874,4.17,19.6,81.1,1013.9,73.8,7.2,216.3,18.4,23214,65179,30.7,22.8,25.8,34.9,22.8,26.7,20.6
Scarborough,2014-01-03,71.8,2.0065999999999997,4.17,23.0,100.3,1013.5,41.9,6.7,271.4,23.4,22669,65570,30.0,24.0,26.8,33.3,24.0,27.9,21.2
Scarborough,2014-01-04,71.6,0.4064,8.33,23.0,90.5,1015.5,68.2,6.7,254.4,22.0,21583,65638,30.0,25.9,27.3,33.9,25.9,28.8,21.7
Scarborough,2014-01-05,67.6,0.0,0.0,24.2,87.7,1013.2,51.8,6.9,298.3,25.8,20656,65756,31.9,24.0,27.2,34.1,24.0,28.3,20.4
Scarborough,2014-01-06,73.6,0.0,0.0,18.3,82.1,1013.5,44.3,6.3,140.3,12.2,20324,66176,30.0,26.0,28.0,35.1,26.0,31.1,22.8
Scarborough,2014-01-07,76.1,0.9905999999999999,4.17,23.0,85.7,1015.0,38.2,6.5,266.5,23.0,20627,66591,31.0,25.0,27.6,35.5,25.0,29.7,22.9
Scarborough,2014-01-08,83.6,2.9972,8.33,15.0,102.0,1013.7,57.8,6.6,177.2,15.3,21058,66447,28.0,24.8,26.4,32.7,24.8,28.0,23.3
Scarborough,2014-01-09,83.3,2.0065999999999997,4.17,15.9,70.5,1014.0,51.9,6.5,118.4,10.0,21176,65566,31.0,25.0,27.3,37.8,25.0,30.3,24.2
Scarborough,2014-01-10,79.8,4.013199999999999,8.33,16.1,88.7,1014.5,47.2,7.1,167.9,14.5,21105,64397,31.0,26.0,27.9,37.8,26.0,31.3,24.0
Scarborough,2014-01-11,75.4,0.3048,4.17,17.9,94.3,1013.4,37.5,7.2,239.0,20.7,21280,63491,32.0,26.2,28.9,39.2,26.2,33.3,24.0
Scarborough,2014-01-12,83.4,2.9972,4.17,16.3,74.8,1012.6,41.1,6.8,194.2,16.7,21991,63448,29.0,24.0,26.2,32.8,24.0,27.6,23.1
Scarborough,2014-01-13,79.0,0.9905999999999999,4.17,23.0,72.2,1015.6,50.9,6.6,198.6,17.1,23151,64656,28.0,23.8,25.2,30.1,23.8,25.7,21.2
Scarborough,2014-01-14,66.5,0.0,0.0,23.0,78.8,1015.8,40.8,7.1,253.4,21.9,23163,64687,29.2,23.0,25.9,30.8,23.0,26.3,19.0
Scarborough,2014-01-15,64.8,0.0,0.0,18.3,72.5,1015.2,34.3,7.4,222.8,19.1,23175,64718,29.0,23.0,25.1,30.1,23.0,25.4,17.8
Scarborough,2014-01-16,66.3,0.0,0.0,19.6,78.8,1014.4,47.9,8.4,240.8,20.6,23186,64749,29.2,22.9,25.9,30.5,22.9,26.3,19.1
Scarborough,2014-01-17,76.2,0.2032,4.17,24.2,83.0,1014.9,47.6,7.2,191.7,16.4,23195,64779,30.0,24.0,26.5,35.1,24.0,27.8,21.9
Scarborough,2014-01-18,76.2,0.4064,8.33,24.2,86.2,1015.6,45.2,6.5,224.1,19.4,23204,64810,29.7,25.0,26.9,34.7,25.0,28.2,22.3
Scarborough,2014-01-19,74.8,0.2032,8.33,23.0,86.6,1016.1,35.4,6.6,226.5,19.6,23212,64839,30.0,24.1,26.6,33.3,24.1,27.7,21.7
Scarborough,2014-01-20,71.6,0.0,0.0,18.3,85.3,1015.7,33.3,6.8,232.3,20.1,23218,64868,29.2,22.0,25.5,31.0,22.0,26.1,19.9
Scarborough,2014-01-21,72.7,0.0,0.0,18.1,98.5,1014.1,33.7,6.9,227.4,19.5,23224,64897,29.0,21.0,25.5,32.3,21.0,26.2,20.1
Scarborough,2014-01-22,75.3,0.9905999999999999,4.17,18.3,108.3,1014.7,43.8,7.0,227.3,19.4,23228,64926,29.0,24.0,26.5,32.8,24.0,28.0,21.7
Scarborough,2014-01-23,73.0,0.3048,8.33,19.0,77.7,1015.0,46.7,7.8,231.6,20.1,23232,64953,31.0,23.8,26.8,33.8,23.8,28.1,21.4
Scarborough,2014-01-24,72.1,0.0,0.0,18.8,82.6,1014.5,31.4,7.2,254.4,22.0,23234,64981,30.0,24.0,26.4,32.6,24.0,27.2,20.9
Scarborough,2014-01-25,71.0,0.3048,8.33,23.0,77.3,1013.7,40.1,7.6,235.6,20.3,23235,65007,30.7,23.0,25.9,32.1,23.0,26.4,20.0
Scarborough,2014-01-26,75.2,1.778,8.33,24.2,86.2,1013.7,48.6,7.0,214.5,18.5,23235,65034,29.0,23.0,25.7,31.7,23.0,26.3,20.8
Scarborough,2014-01-27,74.6,5.6133999999999995,8.33,20.8,88.6,1013.9,43.1,6.6,221.3,19.2,23235,65059,29.0,22.9,25.7,31.8,22.9,26.4,20.7
Scarborough,2014-01-28,71.8,3.4036,8.33,21.9,80.8,1014.8,32.0,7.0,251.0,21.6,23233,65085,29.8,22.0,25.6,31.7,22.0,26.0,19.9
Scarborough,2014-01-29,71.4,0.6096,4.17,24.2,81.4,1014.8,24.7,7.7,242.9,21.0,23230,65109,29.2,23.0,25.4,31.0,23.0,25.9,19.8
Scarborough,2014-01-30,70.6,0.1016,4.17,21.3,80.2,1014.6,36.0,7.3,235.9,20.3,23226,65133,29.2,23.0,25.4,31.0,23.0,25.8,19.6
Scarborough,2014-01-31,67.0,0.1016,4.17,21.9,81.8,1014.0,44.0,7.3,260.7,22.5,23221,65156,30.0,22.0,25.6,31.3,22.0,25.9,18.8
Scarborough,2014-02-01,75.9,8.001,4.17,24.2,76.0,1012.4,42.0,6.4,211.1,18.2,22950,64297,30.0,24.0,26.6,34.2,24.0,27.9,21.8
Scarborough,2014-02-02,81.9,7.518399999999999,8.33,18.3,77.9,1013.4,56.4,6.9,206.1,17.8,23207,65201,29.8,23.0,25.3,33.0,23.0,25.9,21.8
Scarborough,2014-02-03,71.3,0.0,0.0,20.8,92.3,1013.2,44.1,7.1,294.7,25.5,22639,65576,29.2,24.0,26.7,31.4,24.0,27.6,20.9
Scarborough,2014-02-04,72.8,2.0065999999999997,4.17,19.6,96.0,1015.2,73.4,6.9,299.2,26.0,21546,65639,30.1,24.0,26.8,33.3,24.0,28.1,21.4
Scarborough,2014-02-05,70.5,0.0,0.0,23.0,85.9,1014.6,45.2,7.2,301.3,25.9,20633,65765,30.7,24.0,27.0,35.0,24.0,28.4,21.1
Scarborough,2014-02-06,71.8,0.1016,4.17,18.3,82.3,1013.0,35.5,6.3,274.6,23.6,20326,66193,31.0,26.0,28.1,35.3,26.0,30.7,22.4
Scarborough,2014-02-07,70.0,0.0,0.0,18.3,84.7,1015.5,46.7,7.6,302.3,26.1,20642,66598,31.0,24.0,27.4,33.8,24.0,29.2,21.3
Scarborough,2014-02-08,77.9,0.9905999999999999,4.17,21.9,98.6,1015.3,43.8,7.4,226.1,19.5,21068,66429,31.0,27.0,28.3,37.8,29.3,32.6,24.1
Scarborough,2014-02-09,81.1,13.0048,8.33,19.6,78.0,1012.8,44.9,6.0,166.6,14.4,21174,65529,31.0,25.0,28.1,37.8,25.0,32.1,24.4
Scarborough,2014-02-10,79.9,31.978599999999997,8.33,32.2,83.0,1014.2,51.0,5.7,132.8,11.4,21104,64359,31.1,23.9,27.3,36.6,23.9,29.7,23.4
Scarborough,2014-02-11,70.4,0.0,0.0,20.8,77.3,1013.3,32.5,7.2,193.8,16.6,21295,63474,32.0,25.0,28.1,36.6,25.0,30.3,22.1
Scarborough,2014-02-12,82.6,16.002,12.5,16.1,91.1,1011.2,50.8,6.4,205.1,17.7,22022,63463,30.0,24.9,26.9,35.1,24.9,29.2,23.7
Scarborough,2014-02-13,75.4,0.1016,4.17,19.7,86.4,1014.1,40.1,6.8,235.9,20.6,23063,65404,29.0,24.0,26.2,32.0,24.0,27.1,21.4
Scarborough,2014-02-14,72.0,0.6096,4.17,21.5,91.6,1015.1,46.3,6.9,258.6,22.4,23044,65418,30.0,24.0,26.3,31.4,24.0,27.2,20.8
Scarborough,2014-02-15,71.0,0.2032,4.17,26.4,86.4,1016.1,30.7,6.8,244.5,21.3,23025,65432,29.0,24.0,26.6,32.0,24.0,27.6,20.8
Scarborough,2014-02-16,70.1,0.0,0.0,20.8,96.9,1015.2,37.1,7.0,249.7,21.7,23004,65446,29.8,24.0,26.2,32.8,24.0,26.9,20.2
Scarborough,2014-02-17,72.9,0.508,4.17,18.3,95.5,1014.2,42.2,6.8,264.9,22.9,22983,65459,29.0,23.0,25.9,32.0,23.0,26.7,20.6
Scarborough,2014-02-18,73.9,0.2032,8.33,16.1,85.4,1013.8,27.3,6.8,247.0,21.4,22961,65471,30.0,22.9,25.4,35.1,22.9,25.9,20.3
Scarborough,2014-02-19,75.0,0.7874,4.17,20.8,89.9,1013.5,41.1,7.1,246.6,21.4,22938,65483,28.0,23.0,25.3,30.2,23.0,25.8,20.4
Scarborough,2014-02-20,69.0,0.4064,4.17,24.2,86.1,1013.8,30.1,7.6,269.8,23.3,22914,65494,29.2,24.0,26.2,30.8,24.0,26.8,19.9
Scarborough,2014-02-21,74.0,0.0,0.0,24.2,84.1,1013.8,35.5,7.5,259.6,22.6,22890,65504,29.0,18.9,25.6,32.0,18.9,26.3,20.4
Scarborough,2014-02-22,72.0,0.1016,4.17,21.9,79.8,1014.1,43.2,7.4,245.0,21.2,22864,65514,29.2,23.9,25.9,31.5,23.9,26.6,20.4
Scarborough,2014-02-23,70.9,0.0,0.0,20.4,67.5,1014.4,54.6,7.2,256.9,22.2,22838,65524,30.0,23.8,26.0,31.9,23.8,26.7,20.2
Scarborough,2014-02-24,73.5,0.0,0.0,20.8,82.6,1013.9,63.5,7.4,235.7,20.3,22812,65533,30.0,23.0,25.9,31.9,23.0,26.5,20.7
Scarborough,2014-02-25,71.7,0.2032,8.33,26.4,84.3,1013.4,43.9,7.4,267.8,23.2,22785,65541,30.0,23.0,26.2,31.9,23.0,27.0,20.6
Scarborough,2014-02-26,70.0,0.1016,4.17,23.0,92.2,1013.2,63.1,7.2,285.3,24.5,22757,65549,29.1,24.0,26.4,32.0,24.0,27.3,20.4
Scarborough,2014-02-27,74.0,0.2032,8.33,23.0,92.4,1014.2,52.8,7.3,275.8,23.8,22728,65557,29.8,23.9,26.3,33.9,23.9,27.4,21.3
Scarborough,2014-02-28,73.2,0.0,0.0,19.2,91.2,1014.3,40.2,6.9,300.6,25.9,22699,65564,30.0,23.8,26.7,33.3,23.8,27.8,21.4
Scarborough,2014-03-01,74.1,0.3048,4.17,19.9,77.6,1013.1,25.4,7.8,225.3,19.4,22973,64330,30.0,24.0,26.7,33.8,24.0,27.9,21.6
Scarborough,2014-03-02,81.5,0.1016,4.17,18.6,65.7,1012.7,36.0,7.0,233.0,20.0,23199,65223,29.0,23.0,24.8,32.0,23.0,25.1,21.4
Scarborough,2014-03-03,70.6,0.0,0.0,19.6,101.7,1013.3,31.4,6.9,295.8,25.5,22608,65582,30.0,24.0,26.4,32.6,24.0,27.4,20.6
Scarborough,2014-03-04,72.7,0.0,0.0,16.1,100.8,1014.0,69.6,7.4,296.6,25.6,21510,65639,30.0,23.8,26.3,32.6,23.8,27.4,20.9
Scarborough,2014-03-05,69.0,0.1016,4.17,20.8,85.6,1015.7,31.1,7.8,295.6,25.6,20612,65774,31.2,25.9,27.8,34.8,25.9,29.7,21.5
Scarborough,2014-03-06,70.9,0.3048,12.5,20.8,79.9,1013.1,32.5,6.4,293.4,25.3,20328,66210,31.1,25.0,28.1,34.6,25.0,30.5,22.2
Scarborough,2014-03-07,69.5,0.1016,4.17,23.0,87.0,1016.7,37.8,7.4,287.6,24.8,20658,66605,31.0,26.0,28.3,35.5,26.0,31.0,22.1
Scarborough,2014-03-08,72.6,0.9905999999999999,4.17,19.5,78.0,1015.1,46.9,7.5,304.2,26.3,21077,66410,30.4,25.0,27.7,34.8,25.0,29.6,22.2
Scarborough,2014-03-09,86.7,2.0065999999999997,4.17,13.9,74.6,1012.9,47.9,6.6,184.0,15.8,21173,65491,30.0,25.0,26.8,36.2,25.0,29.1,24.3
Scarborough,2014-03-10,83.9,88.011,8.33,21.7,88.9,1013.3,66.6,5.3,188.4,16.3,21103,64322,30.0,23.0,26.0,35.1,23.0,27.9,23.0
Scarborough,2014-03-11,72.8,0.0,0.0,16.1,76.2,1011.8,30.2,7.3,265.7,22.9,21310,63458,32.0,24.0,27.8,37.9,24.0,30.4,22.4
Scarborough,2014-03-12,79.7,0.2032,8.33,16.1,91.2,1010.3,33.3,7.2,216.2,18.8,22053,63479,30.9,25.0,27.2,36.4,25.0,29.1,23.3
Scarborough,2014-03-13,74.1,1.0921999999999998,4.17,17.2,88.9,1013.7,61.9,6.4,294.3,25.5,22274,65619,30.0,23.9,25.9,33.3,23.9,26.7,20.8
Scarborough,2014-03-14,80.0,5.0038,4.17,17.2,79.3,1013.5,69.6,6.3,298.1,25.7,22239,65621,29.0,23.1,25.2,32.0,23.1,25.8,21.4
Scarborough,2014-03-15,82.2,0.508,20.83,18.3,72.4,1012.5,67.6,6.6,292.2,25.3,22204,65623,29.0,22.0,24.8,32.0,22.0,25.1,21.4
Scarborough,2014-03-16,78.8,1.1938,4.17,18.3,92.6,1012.2,54.3,7.1,298.7,25.8,22168,65625,29.0,23.0,26.2,32.8,23.0,27.4,22.1
Scarborough,2014-03-17,71.6,0.1016,4.17,26.4,91.4,1012.9,39.9,7.2,302.1,26.1,22132,65626,30.0,25.0,27.1,33.3,25.0,28.2,21.4
Scarborough,2014-03-18,70.4,0.0,0.0,25.3,93.7,1014.4,50.7,7.0,292.5,25.3,22096,65627,31.0,25.0,27.6,35.5,25.0,29.2,21.6
Scarborough,2014-03-19,73.6,0.508,4.17,23.0,84.3,1014.5,39.7,6.9,303.9,26.2,22059,65629,30.0,24.9,27.0,33.3,24.9,28.3,21.7
Scarborough,2014-03-20,72.0,0.7111999999999999,8.33,23.0,94.2,1014.2,33.8,7.2,294.6,25.4,22023,65630,30.0,24.8,27.1,33.3,24.8,28.3,21.5
Scarborough,2014-03-21,69.0,0.0,0.0,23.0,94.3,1015.1,38.6,6.4,298.0,25.8,21986,65631,30.0,26.0,27.5,33.3,26.0,28.8,21.2
Scarborough,2014-03-22,71.4,0.1016,4.17,19.9,85.1,1016.2,43.4,6.7,297.8,25.7,21950,65631,30.9,25.0,27.1,35.2,25.0,28.2,21.3
Scarborough,2014-03-23,68.3,0.0,0.0,20.8,84.4,1015.6,44.5,6.7,252.6,21.8,21913,65632,30.0,24.7,26.8,33.3,24.7,27.6,20.3
Scarborough,2014-03-24,71.4,0.0,0.0,17.2,96.0,1014.7,42.4,7.3,303.2,26.1,21876,65633,30.1,23.0,26.1,32.4,23.0,27.1,20.3
Scarborough,2014-03-25,71.5,0.0,0.0,18.3,98.2,1015.2,59.8,6.6,295.9,25.6,21839,65633,29.0,23.0,26.4,31.4,23.0,27.2,20.8
Scarborough,2014-03-26,68.6,0.0,0.0,21.9,95.9,1016.0,28.1,7.3,307.6,26.5,21802,65634,30.9,24.1,26.8,32.8,24.1,27.7,20.4
Scarborough,2014-03-27,66.1,0.0,0.0,19.0,79.2,1016.2,47.2,7.7,317.5,27.4,21766,65635,31.0,24.0,26.9,32.8,24.0,27.2,19.7
Scarborough,2014-03-28,71.5,2.0065999999999997,4.17,20.8,94.9,1014.9,42.0,7.0,269.8,23.5,21729,65635,30.8,23.0,25.9,34.3,23.0,26.6,20.2
Scarborough,2014-03-29,73.4,0.508,8.33,17.2,87.9,1014.5,32.0,8.1,323.8,27.9,21692,65636,30.0,22.8,25.8,31.9,22.8,26.5,20.5
Scarborough,2014-03-30,71.1,0.0,0.0,20.8,102.3,1013.7,31.7,8.2,314.4,27.3,21656,65636,29.2,23.2,26.7,32.0,23.2,27.8,21.0
Scarborough,2014-03-31,68.9,0.0,0.0,18.8,91.5,1014.5,47.8,7.6,257.5,22.1,21619,65637,30.0,25.0,27.6,33.3,25.0,29.1,21.3
Scarborough,2014-04-01,78.7,0.1016,4.17,27.6,83.7,1014.0,43.4,7.0,216.9,18.6,22994,64363,29.0,23.0,25.7,32.8,23.0,26.5,21.7
Scarborough,2014-04-02,79.1,31.5214,8.33,17.4,80.0,1012.8,49.9,6.6,235.7,20.3,23190,65244,30.0,23.0,25.6,32.8,23.0,26.2,21.6
Scarborough,2014-04-03,69.0,0.0,0.0,19.6,93.8,1014.4,37.2,6.7,285.3,24.5,22576,65587,30.0,23.0,26.4,31.6,23.0,27.2,20.1
Scarborough,2014-04-04,68.8,0.0,0.0,19.6,92.0,1014.5,80.0,7.2,283.5,24.6,21475,65640,29.0,23.0,26.4,31.4,23.0,27.3,20.1
Scarborough,2014-04-05,68.6,0.0,0.0,20.8,81.7,1015.5,27.2,6.8,301.1,26.0,20591,65783,30.170833333333334,25.0,27.6,44.7,25.0,29.0,21.1
Scarborough,2014-04-06,69.9,0.2032,8.33,18.3,78.7,1013.0,29.4,6.5,293.8,25.3,20332,66227,31.0,25.8,27.9,34.6,25.8,29.7,21.8
Scarborough,2014-04-07,71.4,0.0,0.0,21.0,64.8,1016.5,33.6,6.8,286.3,24.8,20673,66610,31.0,26.0,27.9,33.5,26.0,30.4,22.2
Scarborough,2014-04-08,79.2,6.7818,8.33,15.0,96.2,1014.1,43.9,7.2,256.0,22.1,21086,66391,30.0,24.0,27.3,35.1,24.0,29.8,23.3
Scarborough,2014-04-09,79.3,0.3048,4.17,16.1,87.2,1013.7,34.9,7.1,191.5,16.6,21171,65454,32.0,26.0,28.4,39.9,26.0,32.1,24.4
Scarborough,2014-04-10,84.6,19.9898,16.67,18.3,94.7,1012.0,52.8,6.3,182.4,15.9,21103,64285,30.1,23.9,25.9,35.4,23.9,26.8,23.1
Scarborough,2014-04-11,73.5,0.4064,16.67,18.3,89.4,1010.6,25.8,8.2,275.2,23.7,21326,63443,31.0,24.9,28.4,37.5,24.9,31.8,23.2
Scarborough,2014-04-12,76.4,0.0,0.0,16.1,94.1,1011.0,41.7,10.7,232.5,20.1,22085,63496,31.0,24.0,26.8,34.6,24.0,28.3,22.1
Scarborough,2014-04-13,67.5,0.0,0.0,21.9,97.8,1013.9,43.0,7.5,308.5,26.6,21165,65657,29.8,23.0,26.4,31.2,23.0,27.2,19.8
Scarborough,2014-04-14,71.8,0.0,0.0,20.8,94.9,1012.7,78.6,7.0,283.0,24.4,21132,65660,30.0,24.0,26.6,32.6,24.0,27.4,21.0
Scarborough,2014-04-15,71.0,0.0,0.0,16.1,101.3,1012.3,77.0,7.2,254.2,21.9,21100,65663,30.0,25.0,27.3,34.2,25.0,28.7,21.5
Scarborough,2014-04-16,72.6,0.0,0.0,18.3,97.8,1013.0,83.7,7.8,219.8,18.9,21068,65667,30.1,25.0,26.9,32.8,25.0,28.2,21.4
Scarborough,2014-04-17,72.7,0.1016,4.17,21.9,89.5,1013.8,85.9,7.2,251.2,21.5,21036,65670,30.1,24.0,27.0,33.8,24.0,28.5,21.6
Scarborough,2014-04-18,74.8,0.9905999999999999,4.17,19.6,79.7,1014.1,85.5,7.1,248.2,21.5,21006,65674,30.0,24.0,26.7,32.6,24.0,27.8,21.8
Scarborough,2014-04-19,72.1,0.0,0.0,20.8,87.2,1014.8,73.6,6.6,294.1,25.5,20975,65679,31.0,26.0,27.4,34.6,26.0,29.2,21.9
Scarborough,2014-04-20,74.8,0.2032,4.17,23.0,96.9,1015.3,73.0,7.1,286.8,24.8,20945,65683,29.1,26.0,27.3,32.8,26.0,29.2,22.4
Scarborough,2014-04-21,74.7,0.7874,4.17,26.4,94.6,1013.7,80.9,6.7,297.4,25.7,20916,65688,30.7,25.0,27.4,35.9,25.0,29.7,22.5
Scarborough,2014-04-22,76.5,1.1176,8.33,23.0,96.0,1013.2,88.5,6.5,241.7,20.9,20887,65693,30.0,25.8,26.8,34.2,25.8,27.9,22.3
Scarborough,2014-04-23,74.0,0.0,0.0,21.9,98.0,1013.6,71.9,6.6,279.7,24.2,20859,65699,30.0,26.0,27.4,33.3,26.0,29.4,22.3
Scarborough,2014-04-24,74.1,0.4064,16.67,23.0,90.5,1014.4,73.7,6.9,300.1,25.9,20831,65705,31.0,26.0,28.1,35.5,26.0,30.8,22.9
Scarborough,2014-04-25,69.9,0.0,0.0,18.8,93.9,1014.8,72.9,6.7,291.6,25.3,20804,65711,31.0,25.7,27.8,33.8,25.7,29.4,21.7
Scarborough,2014-04-26,68.8,0.0,0.0,20.8,92.1,1014.4,77.6,6.8,298.8,25.8,20778,65718,30.2,25.0,27.4,33.3,25.0,28.7,21.1
Scarborough,2014-04-27,68.3,0.0,0.0,18.3,87.0,1014.9,39.3,7.8,275.4,23.8,20752,65725,30.2,24.0,27.3,33.3,24.0,28.8,20.9
Scarborough,2014-04-28,70.1,0.0,0.0,23.0,95.6,1014.1,42.3,7.4,298.5,25.8,20727,65732,30.1,20.9,27.1,32.8,20.9,28.4,21.1
Scarborough,2014-04-29,78.0,0.0,0.0,19.2,84.0,1013.5,49.5,7.5,286.1,24.6,20703,65740,30.0,25.8,26.9,34.2,25.8,28.1,22.7
Scarborough,2014-04-30,66.2,0.0,0.0,23.0,91.5,1013.6,46.6,6.8,289.2,25.0,20679,65748,31.0,25.0,27.6,33.8,25.0,28.7,20.6
Scarborough,2014-05-01,78.3,5.9944,4.17,17.4,81.7,1014.1,39.2,6.8,219.9,19.1,23015,64396,29.0,24.0,25.8,32.8,24.0,26.8,21.7
Scarborough,2014-05-02,74.3,0.1016,4.17,19.6,85.0,1012.7,31.1,6.9,221.0,18.9,23180,65264,30.2,23.0,26.6,34.4,23.0,27.9,21.6
Scarborough,2014-05-03,68.8,0.2032,8.33,23.0,92.0,1015.6,36.0,6.3,287.0,24.9,22545,65592,30.0,24.0,26.4,31.9,24.0,27.1,20.1
Scarborough,2014-05-04,74.3,0.1016,4.17,20.8,86.7,1014.9,77.9,7.3,282.2,24.3,21439,65642,30.0,24.0,26.5,32.6,24.0,27.3,21.4
Scarborough,2014-05-05,69.8,0.1016,4.17,23.0,89.1,1014.5,35.2,7.0,273.4,23.5,20570,65793,30.9,25.0,27.5,34.2,25.0,28.8,21.4
Scarborough,2014-05-06,70.4,0.1016,4.17,24.2,77.9,1012.6,41.7,6.7,301.3,26.1,20336,66243,31.0,25.9,27.3,33.8,25.9,28.7,21.3
Scarborough,2014-05-07,75.6,0.7111999999999999,8.33,19.6,106.1,1015.2,35.5,7.0,277.1,23.9,20689,66615,30.9,24.9,27.5,36.4,24.9,29.6,22.7
Scarborough,2014-05-08,76.7,0.0,0.0,15.9,89.4,1015.3,34.7,7.3,244.4,21.0,21094,66370,31.1,25.8,27.9,36.3,25.8,30.9,23.4
Scarborough,2014-05-09,79.0,0.0,0.0,23.0,92.2,1013.5,40.5,6.8,183.8,16.0,21169,65416,33.0,25.9,28.2,40.6,25.9,31.7,24.1
Scarborough,2014-05-10,74.5,0.0,0.0,18.3,80.4,1011.9,39.3,6.9,252.7,21.9,21103,64249,31.7,25.0,27.8,36.6,25.0,30.1,22.8
Scarborough,2014-05-11,73.1,0.0,0.0,21.3,90.7,1011.8,40.6,7.5,225.7,19.6,21343,63430,32.0,26.0,28.7,37.9,26.0,32.2,23.3
Scarborough,2014-05-12,75.9,0.0,0.0,10.3,121.7,1011.9,33.1,8.1,243.7,21.0,22117,63514,30.0,23.8,26.7,34.2,23.8,28.4,22.0
Scarborough,2014-05-13,68.0,0.0,0.0,18.3,91.4,1013.0,48.8,7.8,320.1,27.6,20436,65885,30.9,25.8,27.6,35.1,25.8,29.1,21.1
Scarborough,2014-05-14,73.8,1.016,20.83,19.6,89.4,1013.5,54.6,6.8,210.9,18.3,20423,65898,31.0,25.8,27.1,34.6,25.8,28.8,22.0
Scarborough,2014-05-15,71.3,0.508,12.5,18.8,93.5,1014.1,41.2,6.9,302.3,26.0,20411,65912,31.0,25.0,27.7,34.6,25.0,29.7,21.9
Scarborough,2014-05-16,72.1,0.0,0.0,19.6,108.2,1013.1,57.9,7.1,311.8,27.1,20399,65926,30.8,24.0,27.3,34.2,24.0,28.9,21.7
Scarborough,2014-05-17,72.3,0.0,0.0,19.6,108.6,1012.5,40.8,7.2,311.4,26.9,20388,65940,29.2,25.0,27.3,32.4,25.0,28.9,21.9
Scarborough,2014-05-18,70.4,0.0,0.0,17.2,94.2,1013.7,29.5,7.9,308.2,26.7,20378,65954,30.0,24.0,27.5,34.7,24.0,29.3,21.6
Scarborough,2014-05-19,70.4,0.0,0.0,20.8,89.5,1014.3,45.7,7.3,301.1,25.9,20369,65968,31.9,24.2,28.1,35.7,24.2,30.4,22.0
Scarborough,2014-05-20,71.6,0.0,0.0,21.9,96.6,1014.5,34.8,6.7,303.8,26.3,20361,65983,30.0,26.0,28.1,34.2,26.0,30.9,22.4
Scarborough,2014-05-21,68.8,0.3048,12.5,19.6,87.9,1014.5,38.5,6.9,305.6,26.3,20353,65998,31.0,25.8,27.9,35.3,25.8,29.9,21.6
Scarborough,2014-05-22,71.8,5.0038,4.17,18.3,85.9,1014.9,50.7,6.8,307.3,26.5,20347,66014,30.8,24.0,26.8,34.3,24.0,27.8,21.1
Scarborough,2014-05-23,72.4,1.1938,8.33,25.3,84.3,1015.4,49.2,7.3,311.7,26.9,20341,66029,31.0,24.2,27.0,33.3,24.2,28.4,21.4
Scarborough,2014-05-24,72.9,5.0038,4.17,18.3,84.6,1015.9,53.5,7.1,305.2,26.3,20336,66045,31.0,24.0,27.6,34.6,24.0,29.7,22.1
Scarborough,2014-05-25,78.7,35.9918,4.17,21.9,85.3,1015.2,58.9,6.3,230.1,19.8,20332,66061,30.0,23.0,26.7,34.2,23.0,28.4,22.6
Scarborough,2014-05-26,74.8,0.9905999999999999,4.17,25.3,87.2,1015.4,42.4,7.0,230.3,20.0,20328,66077,31.0,25.0,27.5,35.5,25.0,29.5,22.5
Scarborough,2014-05-27,71.4,0.9905999999999999,4.17,27.6,86.5,1015.1,56.3,6.7,206.5,17.9,20325,66093,31.0,26.0,27.9,37.8,26.0,30.3,22.2
Scarborough,2014-05-28,68.8,0.2032,4.17,21.9,86.0,1015.2,45.0,7.4,254.1,22.1,20324,66110,31.1,26.0,27.9,35.3,26.0,29.8,21.6
Scarborough,2014-05-29,72.6,1.1176,16.67,19.7,89.8,1013.8,39.9,6.8,251.4,21.9,20323,66126,31.0,26.0,27.9,35.5,26.0,30.5,22.5
Scarborough,2014-05-30,72.8,0.2032,8.33,23.0,89.4,1013.8,46.5,6.9,305.6,26.4,20322,66143,30.0,26.0,27.5,34.2,26.0,29.4,22.1
Scarborough,2014-05-31,72.3,0.8128,12.5,26.4,77.1,1013.8,39.3,7.0,234.6,20.4,20323,66160,31.0,25.0,27.8,35.5,25.0,30.1,22.3
Scarborough,2014-06-01,79.7,37.4142,8.33,24.2,89.6,1014.0,43.1,6.9,208.7,18.1,23035,64429,29.8,24.0,26.3,33.9,24.0,27.4,22.4
Scarborough,2014-06-02,84.8,0.508,4.17,23.0,93.3,1013.8,69.6,6.6,211.6,18.1,23169,65284,28.0,23.0,24.7,31.3,23.0,24.9,21.9
Scarborough,2014-06-03,67.8,0.0,0.0,20.8,92.0,1015.9,48.1,6.8,288.5,25.0,22512,65597,29.0,23.8,26.2,31.4,23.8,26.9,19.7
Scarborough,2014-06-04,75.3,0.1016,4.17,28.9,79.8,1015.4,75.0,7.1,269.7,23.4,21404,65643,30.9,25.0,27.1,35.1,25.0,28.8,22.3
Scarborough,2014-06-05,73.6,0.3048,8.33,18.3,101.8,1013.8,34.1,6.7,303.5,26.4,20551,65804,30.0,26.0,27.7,34.2,26.0,29.8,22.4
Scarborough,2014-06-06,72.2,0.1016,4.17,24.2,59.5,1012.3,56.1,6.7,270.3,23.4,20341,66260,32.0,25.0,27.6,36.6,25.0,29.4,22.0
Scarborough,2014-06-07,77.2,2.0065999999999997,4.17,25.3,90.4,1015.6,42.1,6.5,276.6,23.9,20705,66620,31.1,25.0,27.7,36.8,25.0,30.3,23.3
Scarborough,2014-06-08,80.2,2.9972,4.17,13.2,77.5,1014.9,47.8,7.0,187.2,16.2,21102,66349,30.0,25.0,27.1,35.7,25.0,29.4,23.4
Scarborough,2014-06-09,73.8,0.3048,4.17,19.6,104.6,1013.4,39.3,7.2,171.0,14.7,21167,65378,31.1,26.2,29.0,36.8,26.2,33.2,23.8
Scarborough,2014-06-10,76.9,0.9143999999999999,12.5,17.2,99.0,1012.7,42.1,6.8,236.5,20.5,21103,64213,31.1,25.8,28.2,36.7,25.8,31.2,23.6
Scarborough,2014-06-11,80.2,8.7884,8.33,16.6,89.3,1012.9,53.5,6.3,123.6,10.8,21361,63417,30.1,26.0,27.9,36.2,26.0,31.4,24.2
Scarborough,2014-06-12,77.5,0.7111999999999999,4.17,17.7,124.7,1011.4,44.9,7.7,215.4,18.6,22148,63533,30.1,25.0,27.6,34.7,25.0,30.3,23.3
Scarborough,2014-06-13,78.8,0.6096,4.17,18.3,77.0,1014.8,47.6,6.2,254.4,21.9,20392,66374,31.0,26.0,28.1,37.8,26.0,31.6,23.9
Scarborough,2014-06-14,75.3,0.0,0.0,19.9,84.8,1014.4,47.3,6.5,276.6,23.7,20401,66389,31.0,26.0,28.0,35.5,26.0,30.8,23.1
Scarborough,2014-06-15,78.1,0.508,4.17,24.2,79.4,1014.8,43.8,6.6,162.7,14.0,20411,66405,30.9,25.0,27.7,36.4,25.0,30.5,23.4
Scarborough,2014-06-16,74.7,0.2032,4.17,17.4,76.9,1015.5,37.3,6.7,224.3,19.2,20422,66419,30.0,26.0,27.7,35.1,26.0,30.3,22.8
Scarborough,2014-06-17,72.7,0.2032,4.17,16.1,82.2,1015.6,35.6,7.1,278.3,24.1,20433,66434,30.8,25.0,27.4,34.9,25.0,29.3,22.0
Scarborough,2014-06-18,74.8,0.0,0.0,13.9,89.2,1015.9,38.7,7.3,301.3,26.0,20445,66448,30.0,24.9,27.2,33.3,24.9,28.9,22.3
Scarborough,2014-06-19,78.5,2.0065999999999997,4.17,17.2,95.2,1016.4,40.4,7.5,241.4,20.9,20457,66462,30.9,25.0,27.9,36.4,25.0,31.3,23.8
Scarborough,2014-06-20,76.3,0.889,4.17,19.6,88.0,1015.8,42.5,7.1,178.0,15.4,20469,66476,31.0,26.0,28.1,37.4,26.0,30.9,23.4
Scarborough,2014-06-21,71.0,0.0,0.0,23.0,83.5,1014.8,29.5,6.6,255.6,22.0,20482,66489,32.0,26.9,28.6,37.9,29.1,31.9,22.7
Scarborough,2014-06-22,72.2,0.3048,4.17,19.7,81.1,1014.8,37.8,7.4,283.5,24.4,20495,66501,31.0,26.9,28.6,36.6,29.1,32.1,23.0
Scarborough,2014-06-23,70.8,0.2032,8.33,20.8,78.8,1016.0,36.6,7.2,293.5,25.3,20509,66513,31.1,26.8,28.5,35.5,28.6,31.8,22.6
Scarborough,2014-06-24,72.2,0.6096,16.67,23.7,77.7,1016.2,37.7,6.4,267.9,23.2,20523,66525,32.0,26.0,28.3,36.8,26.0,31.3,22.7
Scarborough,2014-06-25,74.7,2.9972,4.17,18.3,83.2,1015.2,32.8,6.6,239.0,20.4,20537,66536,31.0,26.0,28.1,36.6,26.0,30.8,23.1
Scarborough,2014-06-26,69.9,0.3048,4.17,18.3,51.0,1014.8,33.9,7.0,242.8,21.0,20551,66547,30.0,26.0,27.9,34.2,26.0,30.3,21.9
Scarborough,2014-06-27,77.0,2.0065999999999997,4.17,20.8,85.4,1014.9,46.4,6.7,159.9,13.7,20566,66557,30.0,25.8,27.5,35.1,25.8,29.7,23.1
Scarborough,2014-06-28,79.0,0.3048,8.33,23.0,86.4,1015.9,47.8,6.8,163.7,14.2,20581,66566,30.0,25.0,27.6,36.2,25.0,30.5,23.6
Scarborough,2014-06-29,77.9,8.2042,8.33,23.0,96.4,1015.8,53.3,6.3,239.5,20.7,20596,66575,30.0,24.0,27.4,35.1,24.0,30.1,23.2
Scarborough,2014-06-30,81.9,0.9143999999999999,8.33,24.8,102.8,1015.2,56.8,6.4,138.7,12.0,20611,66584,30.7,25.0,27.2,37.2,25.0,29.7,23.8
Scarborough,2014-07-01,79.0,2.8956,8.33,20.8,85.4,1013.7,75.1,6.6,202.0,17.4,23055,64462,29.0,23.9,26.1,32.9,23.9,27.1,22.1
Scarborough,2014-07-02,79.1,0.9905999999999999,4.17,20.8,79.2,1014.6,68.8,7.2,235.7,20.2,23156,65303,29.1,24.0,25.9,32.7,24.0,26.8,21.9
Scarborough,2014-07-03,68.1,0.0,0.0,18.3,102.6,1015.1,35.7,6.6,295.0,25.5,22479,65601,29.0,22.0,26.2,32.0,22.0,26.8,19.7
Scarborough,2014-07-04,70.0,0.0,0.0,24.2,80.7,1015.8,44.6,7.0,305.5,26.4,21369,65644,30.2,24.7,27.1,34.3,24.7,28.3,21.1
Scarborough,2014-07-05,71.7,0.0,0.0,20.8,104.1,1014.5,23.6,7.1,295.6,25.6,20532,65814,30.0,25.9,27.4,34.2,25.9,29.1,21.8
Scarborough,2014-07-06,78.4,8.2042,16.67,21.9,85.6,1012.2,69.1,6.9,171.2,14.6,20346,66277,30.0,23.9,27.2,35.1,23.9,29.8,23.1
Scarborough,2014-07-07,70.8,0.2032,8.33,19.5,79.3,1016.5,42.0,7.6,287.7,24.8,20721,66623,31.0,26.0,28.3,35.5,26.0,31.3,22.5
Scarborough,2014-07-08,85.9,8.001,4.17,12.1,104.7,1014.3,45.3,6.5,186.6,16.1,21110,66327,28.0,25.0,25.9,31.9,25.0,26.8,23.3
Scarborough,2014-07-09,77.0,1.2192,16.67,23.0,89.6,1014.5,35.6,6.9,227.7,19.6,21165,65339,31.0,26.0,28.2,36.6,26.0,32.0,23.8
Scarborough,2014-07-10,78.6,5.9944,4.17,13.9,103.3,1012.4,43.8,6.8,203.2,17.6,21104,64177,31.0,25.0,28.2,37.8,25.0,31.9,24.1
Scarborough,2014-07-11,81.5,30.2006,12.5,17.2,99.6,1011.7,44.7,6.7,185.1,15.9,21379,63405,30.8,24.9,27.8,36.4,24.9,31.3,24.2
Scarborough,2014-07-12,75.1,0.0,0.0,15.0,113.5,1011.9,37.9,7.6,215.9,18.7,22180,63553,30.7,26.8,28.6,36.3,29.4,32.7,23.7
Scarborough,2014-07-13,72.6,0.3048,12.5,18.3,92.4,1016.2,32.6,7.0,254.5,22.1,20814,66628,30.0,24.9,27.6,34.2,24.9,29.7,22.1
Scarborough,2014-07-14,77.7,0.9143999999999999,12.5,25.3,95.0,1016.2,34.8,6.8,203.8,17.5,20829,66626,30.0,25.0,27.2,35.1,25.0,29.2,22.9
Scarborough,2014-07-15,82.4,3.5052000000000003,16.67,17.2,97.3,1016.1,58.1,6.8,126.2,10.9,20844,66623,29.1,24.9,27.0,34.6,24.9,29.5,23.7
Scarborough,2014-07-16,79.6,5.0038,4.17,16.1,101.8,1017.0,48.6,7.1,141.4,12.0,20859,66620,30.7,25.7,27.6,38.3,25.7,30.3,23.7
Scarborough,2014-07-17,79.8,3.2003999999999997,8.33,19.6,85.0,1017.3,43.7,6.8,238.5,20.7,20874,66615,30.8,25.0,27.2,36.2,25.0,29.4,23.3
Scarborough,2014-07-18,88.4,23.2918,12.5,18.6,81.2,1017.1,57.5,6.0,211.8,18.2,20888,66610,27.6,24.0,25.3,31.7,24.0,25.7,23.2
Scarborough,2014-07-19,85.2,26.0096,8.33,20.8,86.4,1016.4,52.5,6.0,289.7,25.2,20902,66604,29.0,24.0,26.1,32.8,24.0,27.0,23.3
Scarborough,2014-07-20,80.6,20.4216,12.5,21.9,99.1,1016.1,40.6,7.1,261.4,22.5,20916,66597,30.1,24.8,27.5,35.2,24.8,30.3,23.8
Scarborough,2014-07-21,76.1,0.2032,4.17,17.2,89.4,1015.9,37.4,7.2,291.5,25.1,20930,66589,31.0,25.0,27.3,35.5,25.0,29.0,22.6
Scarborough,2014-07-22,80.1,0.2032,4.17,17.2,93.3,1015.4,58.5,6.7,277.3,23.7,20943,66581,31.0,25.0,27.1,36.6,25.0,29.0,23.3
Scarborough,2014-07-23,79.3,5.0038,4.17,18.3,98.9,1015.0,43.0,6.9,233.4,20.4,20956,66571,30.1,25.0,27.7,35.1,25.0,30.6,23.7
Scarborough,2014-07-24,75.3,0.0,0.0,15.0,99.8,1014.7,39.4,7.3,283.1,24.4,20969,66561,31.0,25.8,28.1,35.1,25.8,31.0,23.2
Scarborough,2014-07-25,78.5,12.496799999999999,8.33,24.2,88.4,1014.0,48.1,6.4,228.5,19.8,20981,66550,31.8,24.0,27.1,36.6,24.0,29.0,22.8
Scarborough,2014-07-26,79.5,0.3048,4.17,20.8,85.7,1014.1,47.7,7.7,198.8,17.1,20993,66537,30.7,25.0,27.5,37.1,25.0,30.1,23.6
Scarborough,2014-07-27,78.9,0.508,16.67,18.3,79.4,1015.7,43.7,8.1,205.7,17.8,21005,66525,31.0,25.7,27.4,36.6,25.7,30.0,23.4
Scarborough,2014-07-28,76.4,1.016,20.83,17.2,85.4,1016.5,46.0,6.9,173.5,15.2,21017,66511,31.0,25.9,28.2,35.5,25.9,31.6,23.6
Scarborough,2014-07-29,79.7,0.4064,12.5,15.0,103.3,1015.6,37.5,7.5,267.0,22.9,21028,66496,30.0,25.6,27.4,35.1,25.6,29.8,23.5
Scarborough,2014-07-30,80.9,0.2032,4.17,13.9,106.0,1015.7,45.6,6.8,149.3,12.9,21038,66481,30.0,24.9,26.7,35.1,24.9,28.1,23.1
Scarborough,2014-07-31,79.4,8.102599999999999,8.33,14.3,79.3,1014.9,51.6,7.3,294.7,25.6,21049,66464,30.8,24.0,26.6,34.2,24.0,28.2,22.6
Scarborough,2014-08-01,73.1,0.7874,4.17,18.3,84.2,1014.2,46.3,7.1,249.4,21.7,23073,64494,29.1,22.9,25.7,32.0,22.9,26.4,20.3
Scarborough,2014-08-02,76.6,2.0065999999999997,4.17,24.2,86.8,1014.2,44.0,6.9,214.7,18.6,23143,65321,29.1,24.0,25.9,31.9,24.0,26.7,21.4
Scarborough,2014-08-03,69.4,0.0,0.0,25.3,104.0,1014.8,54.0,7.0,252.6,21.8,22446,65605,29.2,24.2,26.4,32.4,24.2,27.4,20.3
Scarborough,2014-08-04,72.1,0.1016,4.17,20.8,83.3,1015.7,45.2,6.8,293.8,25.4,21334,65646,31.0,24.0,26.8,35.2,24.0,28.1,21.3
Scarborough,2014-08-05,64.5,0.0,0.0,19.6,100.1,1014.6,41.5,8.4,322.6,27.9,20514,65825,29.8,24.2,27.1,31.2,24.2,27.8,19.7
Scarborough,2014-08-06,83.1,8.001,8.33,16.1,87.3,1013.4,45.3,6.5,275.3,23.8,20352,66293,29.0,24.0,26.3,33.6,24.0,28.1,23.2
Scarborough,2014-08-07,70.2,0.1016,4.17,23.0,84.2,1017.0,41.3,7.3,288.4,24.8,20736,66626,32.0,25.9,28.4,36.8,25.9,30.9,22.3
Scarborough,2014-08-08,81.0,7.9756,8.33,17.2,86.8,1015.9,44.7,5.8,177.6,15.3,21117,66305,31.0,24.0,27.2,36.6,24.0,29.6,23.6
Scarborough,2014-08-09,71.6,0.1016,4.17,21.9,77.3,1014.8,35.9,7.9,286.6,24.8,21162,65300,32.9,26.7,29.1,40.6,28.8,33.1,23.3
Scarborough,2014-08-10,75.9,2.6161999999999996,8.33,16.1,105.5,1011.2,43.5,7.5,182.9,15.9,21105,64142,30.2,24.7,28.3,36.2,24.7,31.8,23.6
Scarborough,2014-08-11,81.4,45.0088,4.17,16.1,106.8,1011.4,52.6,7.1,102.1,9.0,21398,63395,31.0,24.9,28.1,37.8,24.9,31.8,24.5
Scarborough,2014-08-12,75.9,0.0,0.0,16.1,94.4,1012.5,37.3,7.3,215.0,18.5,22213,63573,31.0,25.9,28.3,36.6,25.9,31.7,23.6
Scarborough,2014-08-13,71.4,0.8128,8.33,21.9,77.7,1014.2,43.4,7.3,268.1,23.2,21146,66180,32.0,26.0,28.8,36.8,26.0,32.1,22.9
Scarborough,2014-08-14,79.4,0.9143999999999999,12.5,19.7,77.1,1014.1,40.3,6.8,195.1,17.0,21151,66153,30.0,25.9,27.4,34.6,25.9,30.0,23.5
Scarborough,2014-08-15,84.0,11.9888,4.17,15.2,50.7,1014.3,56.8,6.0,169.4,14.7,21155,66125,29.0,24.9,26.7,33.6,24.9,28.9,23.8
Scarborough,2014-08-16,80.3,7.289799999999999,4.17,17.2,123.1,1015.0,44.8,7.3,222.1,19.2,21159,66097,30.1,25.0,28.1,36.2,25.0,32.0,24.3
Scarborough,2014-08-17,79.4,0.9905999999999999,4.17,17.0,71.5,1014.7,46.0,6.9,240.2,20.7,21163,66068,32.0,26.0,28.3,39.2,26.0,32.3,24.3
Scarborough,2014-08-18,73.3,0.2032,8.33,18.8,69.3,1013.1,48.3,7.0,288.2,24.9,21166,66038,32.0,25.0,28.6,36.6,25.0,32.0,23.2
Scarborough,2014-08-19,78.8,0.1016,4.17,11.4,38.1,1012.9,47.2,6.6,271.8,23.5,21169,66008,30.0,25.2,27.3,35.1,25.2,29.8,23.3
Scarborough,2014-08-20,76.8,24.892,4.17,11.4,33.7,1012.8,42.2,7.3,216.5,18.8,21171,65977,31.0,25.0,27.8,39.1,25.0,30.8,23.3
Scarborough,2014-08-21,78.6,0.2032,4.17,11.6,154.6,1012.3,53.9,7.0,217.3,18.8,21173,65945,30.1,26.0,27.7,35.9,26.0,30.3,23.5
Scarborough,2014-08-22,78.5,0.9905999999999999,4.17,18.3,139.6,1013.3,59.8,7.1,138.2,11.8,21175,65913,30.2,27.0,28.3,35.6,29.7,32.4,24.1
Scarborough,2014-08-23,77.5,2.1082,12.5,15.0,98.7,1012.6,53.6,6.7,121.5,10.4,21176,65881,30.1,26.0,28.1,35.1,26.0,31.8,23.7
Scarborough,2014-08-24,73.3,0.3048,8.33,17.2,99.0,1011.8,40.8,8.1,241.7,20.9,21178,65847,30.1,26.0,28.3,35.1,26.0,31.5,23.0
Scarborough,2014-08-25,81.2,2.0065999999999997,4.17,20.8,104.8,1011.6,60.6,6.5,203.3,17.5,21178,65814,29.2,25.0,27.4,34.6,25.0,30.1,23.8
Scarborough,2014-08-26,81.7,22.7076,16.67,17.2,91.9,1013.2,61.1,6.2,190.6,16.3,21179,65780,31.0,25.0,27.5,37.1,25.0,30.1,23.9
Scarborough,2014-08-27,79.6,21.005799999999997,12.5,17.2,114.7,1013.3,50.2,6.7,186.9,16.1,21179,65745,30.0,25.0,27.3,35.1,25.0,29.7,23.3
Scarborough,2014-08-28,77.9,2.1336,29.17,17.2,95.9,1014.4,54.6,6.2,160.8,13.8,21179,65710,31.0,26.0,28.2,37.8,26.0,31.9,23.9
Scarborough,2014-08-29,78.3,8.991599999999998,4.17,12.8,31.7,1014.6,44.0,7.3,193.0,16.6,21178,65675,30.0,25.0,27.6,35.1,25.0,30.2,23.4
Scarborough,2014-08-30,83.3,1.4223999999999999,8.33,16.3,64.8,1014.9,58.9,6.8,131.3,11.4,21178,65639,29.0,25.0,26.8,34.3,25.0,28.5,23.7
Scarborough,2014-08-31,79.5,5.1054,8.33,16.1,83.1,1014.8,44.2,6.8,195.7,16.9,21177,65602,31.1,26.0,28.0,37.8,26.0,31.2,24.1
Scarborough,2014-09-01,69.4,0.1016,4.17,21.5,79.9,1014.8,29.8,6.9,249.4,21.6,23090,64527,29.1,23.0,26.1,31.4,23.0,26.8,19.9
Scarborough,2014-09-02,76.1,0.9905999999999999,4.17,19.7,92.5,1013.3,68.6,6.4,218.1,18.9,23129,65339,29.0,25.0,26.4,32.8,25.0,27.5,21.9
Scarborough,2014-09-03,71.9,0.1016,4.17,18.3,100.2,1014.5,53.4,7.8,306.3,26.5,22412,65608,29.0,24.0,26.1,32.0,24.0,26.8,20.5
Scarborough,2014-09-04,70.9,0.0,0.0,25.3,86.2,1016.5,53.1,7.2,298.5,25.7,21299,65648,30.0,24.0,27.3,33.3,24.0,28.7,21.5
Scarborough,2014-09-05,69.9,0.1016,4.17,17.2,99.4,1013.6,67.6,9.1,202.1,17.4,20497,65837,30.0,23.8,26.7,32.0,23.8,27.7,20.7
Scarborough,2014-09-06,75.2,0.6096,4.17,24.2,79.7,1014.4,47.7,6.6,291.3,25.2,20359,66310,30.0,25.9,27.7,34.2,25.9,30.2,22.8
Scarborough,2014-09-07,71.8,0.9143999999999999,8.33,21.9,80.7,1015.8,48.9,7.0,200.3,17.4,20752,66628,32.8,25.0,27.7,38.3,25.0,29.6,22.0
Scarborough,2014-09-08,73.8,9.194799999999999,4.17,21.9,79.2,1014.9,33.2,7.3,280.8,24.3,21123,66281,31.0,25.0,27.9,35.5,25.0,30.3,22.7
Scarborough,2014-09-09,71.0,0.1016,4.17,21.9,77.0,1014.3,30.0,7.6,264.7,22.8,21160,65261,31.2,25.8,27.9,35.5,25.8,30.1,22.1
Scarborough,2014-09-10,74.0,0.0,0.0,15.0,103.3,1010.2,31.6,7.3,189.6,16.4,21107,64107,31.0,26.7,28.6,37.2,29.1,32.4,23.4
Scarborough,2014-09-11,81.8,16.1036,12.5,20.8,88.7,1011.6,46.9,7.8,155.3,13.4,21417,63385,30.0,25.0,27.8,37.4,25.0,31.3,24.3
Scarborough,2014-09-12,77.6,0.3048,4.17,18.3,80.2,1011.5,32.1,7.2,196.2,17.0,22245,63595,31.0,25.0,27.9,37.1,25.0,30.9,23.6
Scarborough,2014-09-13,78.1,2.9972,4.17,18.3,77.9,1012.7,42.4,6.7,212.2,18.4,21149,65104,31.0,26.0,27.6,36.6,26.0,30.3,23.4
Scarborough,2014-09-14,77.0,0.3048,12.5,13.9,103.2,1013.8,37.7,7.6,243.8,21.0,21146,65065,31.0,26.0,28.4,37.1,26.0,32.1,23.9
Scarborough,2014-09-15,75.4,0.2032,8.33,14.5,100.8,1014.4,38.1,7.1,229.5,19.8,21143,65025,31.7,26.0,28.6,38.4,26.0,32.5,23.8
Scarborough,2014-09-16,75.4,0.4064,16.67,14.3,90.5,1013.6,47.6,6.7,180.1,15.5,21140,64985,31.1,25.0,28.4,35.7,25.0,31.9,23.6
Scarborough,2014-09-17,77.4,0.2032,8.33,13.0,76.1,1012.7,39.7,7.5,234.2,20.4,21137,64945,31.0,25.7,28.2,36.6,25.7,31.6,23.8
Scarborough,2014-09-18,79.7,30.987999999999996,4.17,16.1,103.8,1012.4,49.2,6.9,129.0,11.1,21134,64905,31.0,24.0,27.5,36.4,24.0,29.8,23.6
Scarborough,2014-09-19,84.2,2.413,12.5,20.8,109.5,1013.2,51.9,6.2,128.2,10.9,21131,64866,28.0,24.9,26.1,32.4,24.9,27.1,23.2
Scarborough,2014-09-20,77.9,0.2032,4.17,13.9,83.2,1012.7,47.8,7.1,155.0,13.4,21128,64826,31.0,24.0,27.7,37.6,24.0,30.6,23.4
Scarborough,2014-09-21,78.1,0.2032,4.17,13.9,122.4,1013.8,52.8,6.9,149.4,12.7,21125,64786,30.0,26.0,27.9,36.2,26.0,31.5,23.6
Scarborough,2014-09-22,80.0,6.985,8.33,16.1,94.4,1012.9,42.8,6.1,201.6,17.3,21122,64746,31.0,25.8,27.8,36.6,25.8,30.8,24.0
Scarborough,2014-09-23,81.1,6.985,12.5,17.2,85.5,1012.4,47.3,6.6,134.4,11.7,21120,64707,30.0,25.0,27.5,35.6,25.0,30.4,23.9
Scarborough,2014-09-24,81.8,9.4996,12.5,16.1,94.1,1013.7,45.0,7.1,184.3,15.9,21117,64667,31.0,25.8,27.9,37.8,25.8,31.4,24.4
Scarborough,2014-09-25,78.9,0.1016,4.17,15.0,107.0,1012.2,40.3,7.3,217.0,18.9,21115,64628,31.0,25.9,28.3,37.8,25.9,32.2,24.2
Scarborough,2014-09-26,72.1,0.0,0.0,20.8,118.2,1012.0,42.6,7.6,269.6,23.2,21113,64589,31.1,27.9,29.3,36.6,31.3,33.7,23.7
Scarborough,2014-09-27,69.6,0.0,0.0,18.3,106.2,1013.7,40.3,7.1,275.0,23.9,21111,64550,31.0,27.9,29.3,36.6,30.3,33.3,23.1
Scarborough,2014-09-28,70.9,0.0,0.0,19.6,103.3,1014.0,38.4,7.8,303.5,26.2,21109,64511,31.0,26.7,28.7,35.5,29.1,32.1,22.8
Scarborough,2014-09-29,78.3,0.4064,8.33,13.9,101.0,1014.1,39.7,7.4,175.3,14.9,21107,64473,31.0,25.7,27.9,37.5,25.7,30.9,23.7
Scarborough,2014-09-30,76.6,0.3048,8.33,17.2,103.8,1014.2,32.5,8.8,213.6,18.3,21106,64435,31.0,25.9,28.5,37.6,25.9,32.2,23.9
Scarborough,2014-10-01,74.0,0.0,0.0,20.4,77.7,1014.1,38.8,7.1,217.0,18.8,23107,64560,29.0,22.7,25.6,31.4,22.7,26.2,20.5
Scarborough,2014-10-02,74.5,0.0,0.0,24.2,88.4,1013.5,42.3,6.8,263.8,22.9,23114,65356,29.0,24.0,26.3,32.0,24.0,27.0,21.3
Scarborough,2014-10-03,72.0,0.2032,4.17,20.8,94.4,1014.0,50.3,7.9,304.7,26.2,22378,65611,30.0,23.0,26.1,31.9,23.0,26.7,20.4
Scarborough,2014-10-04,66.6,0.0,0.0,28.9,89.9,1016.8,36.1,7.4,285.7,24.6,21265,65650,31.0,24.9,27.6,33.7,24.9,28.9,20.7
Scarborough,2014-10-05,71.8,0.0,0.0,13.9,113.3,1013.5,48.2,8.1,266.7,23.0,20481,65848,29.0,25.9,26.8,31.4,25.9,28.0,21.3
Scarborough,2014-10-06,73.8,0.2032,4.17,25.3,81.0,1014.8,42.3,6.7,263.0,22.9,20366,66326,30.7,26.0,27.9,35.2,26.0,30.4,22.7
Scarborough,2014-10-07,81.2,13.3096,16.67,26.4,84.4,1015.3,64.5,6.5,121.0,10.4,20768,66629,28.0,23.0,26.3,31.9,23.0,28.2,22.8
Scarborough,2014-10-08,81.5,2.5146,8.33,23.0,78.6,1013.7,39.1,6.8,272.7,23.6,21130,66257,30.0,25.0,26.7,35.1,25.0,28.6,23.2
Scarborough,2014-10-09,70.7,0.0,0.0,18.3,80.5,1012.9,30.7,7.2,286.8,24.8,21157,65222,32.1,25.0,28.4,36.9,25.0,30.8,22.4
Scarborough,2014-10-10,77.9,0.4064,4.17,13.4,107.8,1011.4,44.7,6.8,217.1,18.9,21108,64073,31.1,26.0,28.1,37.8,26.0,31.7,23.8
Scarborough,2014-10-11,84.5,29.006799999999995,4.17,23.0,94.7,1011.7,52.0,6.1,107.2,9.2,21437,63376,28.6,24.0,26.1,34.2,24.0,27.7,23.2
Scarborough,2014-10-12,73.4,0.2032,4.17,19.7,79.7,1012.1,36.9,7.7,230.1,19.9,22277,63617,31.1,24.9,27.8,35.7,24.9,29.7,22.4
Scarborough,2014-10-13,74.0,0.0,0.0,13.9,123.2,1012.5,28.4,7.9,176.1,15.1,21117,63973,31.0,25.0,28.6,36.6,25.0,32.3,23.4
Scarborough,2014-10-14,72.4,0.0,0.0,19.6,107.5,1013.4,32.1,7.9,231.9,20.2,21120,63941,31.0,27.0,29.1,36.6,29.6,33.2,23.6
Scarborough,2014-10-15,73.1,0.0,0.0,12.8,107.4,1014.2,40.7,8.0,240.8,20.8,21124,63910,31.0,25.0,28.3,35.6,25.0,31.2,22.9
Scarborough,2014-10-16,75.2,0.0,0.0,8.1,72.7,1012.7,41.2,8.1,263.2,22.6,21129,63879,31.0,25.0,27.8,36.6,25.0,30.3,22.9
Scarborough,2014-10-17,75.9,0.0,0.0,7.6,122.7,1012.5,55.1,8.4,266.7,22.9,21134,63849,31.0,24.0,27.8,36.6,24.0,30.8,23.1
Scarborough,2014-10-18,73.9,0.4064,4.17,10.5,117.2,1012.6,39.2,7.5,223.9,19.5,21140,63819,31.0,25.0,28.2,36.2,25.0,31.2,23.0
Scarborough,2014-10-19,75.6,0.9905999999999999,4.17,11.9,103.1,1012.8,36.3,7.0,212.3,18.3,21146,63791,31.0,25.0,28.2,36.6,25.0,31.0,23.3
Scarborough,2014-10-20,72.3,1.3208,16.67,16.1,95.9,1012.5,38.9,6.7,187.2,16.0,21153,63763,32.0,26.0,29.1,37.9,26.0,32.9,23.4
Scarborough,2014-10-21,78.4,11.9888,4.17,10.5,38.4,1012.1,42.0,7.5,207.4,17.9,21160,63735,31.0,25.0,27.7,35.5,25.0,30.7,23.6
Scarborough,2014-10-22,78.7,0.2032,4.17,12.1,89.0,1011.7,44.4,7.2,136.2,11.8,21168,63709,31.0,26.0,28.1,36.6,26.0,32.0,24.1
Scarborough,2014-10-23,85.5,2.9972,4.17,31.1,105.7,1012.0,53.6,6.4,173.1,15.1,21176,63683,28.4,25.0,26.1,33.3,25.0,27.4,23.4
Scarborough,2014-10-24,80.4,34.3154,8.33,16.1,80.1,1012.3,56.4,6.5,156.6,13.6,21185,63658,31.0,23.0,27.2,36.6,23.0,29.4,23.3
Scarborough,2014-10-25,76.4,3.9878,4.17,17.2,94.3,1010.8,38.7,7.8,161.2,13.9,21195,63634,31.0,25.0,27.9,36.6,25.0,30.3,23.2
Scarborough,2014-10-26,82.9,0.9905999999999999,4.17,32.2,87.5,1010.5,46.3,6.8,154.6,13.3,21205,63611,28.0,24.0,26.1,31.9,24.0,27.3,22.9
Scarborough,2014-10-27,76.5,2.2097999999999995,4.17,14.1,101.5,1012.0,44.3,6.8,122.1,10.7,21216,63589,31.0,24.8,28.0,36.6,24.8,31.2,23.4
Scarborough,2014-10-28,78.3,5.0038,4.17,16.1,95.2,1013.2,38.1,7.4,135.9,11.6,21228,63567,31.0,25.0,28.2,37.8,25.0,32.0,24.0
Scarborough,2014-10-29,73.9,0.0,0.0,13.9,95.4,1011.6,35.8,6.7,203.5,17.6,21240,63547,31.0,27.0,28.5,37.8,29.2,32.2,23.3
Scarborough,2014-10-30,75.0,0.0,0.0,17.2,96.1,1010.2,33.9,7.3,262.0,22.5,21253,63527,31.0,25.8,28.5,37.5,25.8,32.0,23.6
Scarborough,2014-10-31,74.9,0.1016,4.17,18.3,97.8,1011.3,48.4,7.0,167.4,14.5,21266,63508,32.0,27.0,29.2,39.2,29.7,34.3,24.3
Scarborough,2014-11-01,73.3,2.0065999999999997,4.17,21.9,84.1,1015.1,47.6,6.8,217.6,18.8,23122,64592,29.1,22.0,25.6,31.4,22.0,26.3,20.4
Scarborough,2014-11-02,74.3,0.0,0.0,23.0,94.8,1014.0,34.5,6.8,237.2,20.3,23098,65373,29.2,24.0,26.4,33.2,24.0,27.6,21.4
Scarborough,2014-11-03,71.3,0.0,0.0,15.0,99.8,1013.2,36.1,6.7,305.3,26.4,22344,65614,29.0,23.0,26.0,32.2,23.0,26.7,20.3
Scarborough,2014-11-04,66.1,0.0,0.0,23.0,79.6,1016.1,44.1,8.1,310.2,26.8,21231,65652,30.8,23.0,26.7,31.4,23.0,27.4,19.7
Scarborough,2014-11-05,75.4,0.0,0.0,17.2,94.0,1013.2,64.0,7.3,268.2,23.2,20465,65860,29.0,25.0,26.6,33.6,25.0,27.9,21.9
Scarborough,2014-11-06,69.3,0.0,0.0,20.8,78.2,1014.8,34.0,6.4,277.8,24.1,20374,66342,31.0,26.0,28.2,36.6,26.0,30.7,22.0
Scarborough,2014-11-07,80.4,25.4,12.5,20.8,90.2,1015.8,56.9,6.6,163.4,14.1,20783,66630,30.0,25.0,27.2,35.1,25.0,29.6,23.4
Scarborough,2014-11-08,80.5,4.495799999999999,12.5,18.3,111.4,1013.9,46.8,7.2,238.2,20.6,21136,66232,30.1,25.0,27.8,36.4,25.0,31.4,24.2
Scarborough,2014-11-09,80.2,4.191,8.33,31.3,85.0,1012.2,52.7,6.6,220.8,19.0,21154,65183,31.0,24.7,27.9,37.8,24.7,31.7,24.2
Scarborough,2014-11-10,76.1,0.889,4.17,13.0,108.1,1013.4,34.3,7.2,232.3,20.1,21111,64039,31.0,26.0,28.7,37.8,26.0,33.1,24.1
Scarborough,2014-11-11,74.0,1.9049999999999998,4.17,18.8,81.0,1010.7,30.1,7.9,242.9,20.8,21458,63369,31.1,24.0,28.1,36.6,24.0,30.9,22.9
Scarborough,2014-11-12,76.9,0.0,0.0,17.7,80.9,1013.6,28.3,8.3,224.3,19.4,22309,63640,31.0,25.0,27.5,36.6,25.0,29.8,23.0
Scarborough,2014-11-13,89.6,85.97899999999998,12.5,20.8,103.4,1010.9,77.9,4.2,153.1,13.0,21501,63357,28.1,23.8,24.6,32.6,23.8,24.8,22.8
Scarborough,2014-11-14,85.5,24.8158,12.5,16.8,96.4,1011.2,53.0,6.7,151.0,13.1,21524,63353,29.0,24.0,26.1,33.6,24.0,27.6,23.4
Scarborough,2014-11-15,80.7,2.032,20.83,17.2,78.5,1013.2,50.2,7.1,113.7,9.8,21547,63350,31.0,24.8,27.5,37.8,24.8,30.4,23.8
Scarborough,2014-11-16,85.0,34.0106,4.17,17.2,81.0,1014.3,51.1,7.1,130.5,11.2,21571,63348,31.1,24.1,26.4,37.6,24.1,27.9,23.7
Scarborough,2014-11-17,84.8,5.9944,12.5,17.2,78.4,1013.4,59.4,7.0,136.4,11.9,21596,63347,31.0,24.904,25.9,37.8,25.028000000000002,28.2,23.8
Scarborough,2014-11-18,84.0,11.7094,8.33,23.0,90.7,1012.4,48.5,6.7,131.4,11.5,21621,63347,30.0,24.8,26.3,36.2,24.8,27.8,23.4
Scarborough,2014-11-19,81.5,19.304,12.5,23.0,89.4,1012.5,49.6,6.4,206.4,17.7,21646,63349,31.0,24.0,26.6,36.6,24.0,28.2,23.1
Scarborough,2014-11-20,78.3,0.7111999999999999,4.17,21.7,85.0,1012.5,58.2,6.7,183.6,16.1,21673,63351,28.9,24.9,26.6,32.5,24.9,27.8,22.4
Scarborough,2014-11-21,85.1,19.7104,16.67,17.9,64.8,1012.6,54.4,6.7,107.1,9.2,21699,63354,29.2,24.9,26.2,33.6,24.9,27.6,23.4
Scarborough,2014-11-22,80.4,0.508,4.17,17.2,82.0,1012.3,38.3,7.1,113.5,9.7,21726,63359,31.0,25.0,27.4,38.7,25.0,30.1,23.7
Scarborough,2014-11-23,83.3,7.416799999999999,8.33,23.0,81.9,1012.9,44.1,6.4,198.8,17.4,21754,63365,29.0,24.0,26.4,32.8,24.0,28.5,23.3
Scarborough,2014-11-24,74.3,5.206999999999999,8.33,24.2,76.0,1013.2,36.3,7.8,249.1,21.6,21782,63371,31.0,25.0,28.1,35.5,25.0,30.8,22.9
Scarborough,2014-11-25,75.6,0.1016,4.17,18.6,78.0,1013.0,39.1,7.9,249.9,21.5,21811,63379,31.0,25.0,27.4,36.1,25.0,29.5,22.7
Scarborough,2014-11-26,72.8,0.8128,12.5,21.7,77.1,1012.2,43.9,8.0,262.3,22.6,21840,63388,31.1,25.9,27.9,35.5,25.9,30.2,22.5
Scarborough,2014-11-27,77.6,0.3048,12.5,17.2,100.3,1012.6,36.5,7.0,231.9,20.2,21869,63398,31.0,25.0,27.8,36.6,25.0,30.4,23.4
Scarborough,2014-11-28,81.6,4.191,4.17,13.9,107.8,1012.9,38.4,6.6,211.7,18.3,21899,63409,30.0,24.9,27.3,37.4,24.9,30.2,23.9
Scarborough,2014-11-29,78.5,8.001,4.17,19.6,83.5,1012.8,37.8,7.8,232.7,20.1,21929,63421,31.0,25.0,28.0,37.8,25.0,31.5,23.8
Scarborough,2014-11-30,75.7,0.3048,4.17,18.6,77.6,1013.2,32.6,7.7,215.4,18.7,21960,63434,31.0,25.1,27.7,37.8,25.1,30.1,23.0
Scarborough,2014-12-01,74.7,0.3048,8.33,24.2,87.0,1015.8,37.7,7.0,204.9,17.6,23137,64624,29.1,24.0,26.2,32.8,24.0,27.3,21.2
Scarborough,2014-12-02,73.5,0.0,0.0,19.0,90.0,1013.8,33.4,7.1,243.5,21.2,23081,65389,29.0,24.0,26.6,32.3,24.0,27.8,21.4
Scarborough,2014-12-03,72.0,0.0,0.0,21.9,103.0,1013.2,34.0,7.0,276.0,23.7,22309,65617,30.0,23.0,26.6,33.3,23.0,27.6,21.0
Scarborough,2014-12-04,67.3,0.3048,4.17,20.8,101.4,1014.7,33.6,8.0,315.8,27.1,21198,65654,30.0,22.8,26.1,31.9,22.8,26.7,19.4
Scarborough,2014-12-05,71.5,0.2032,8.33,20.8,92.0,1013.3,81.8,7.3,275.2,23.7,20450,65873,30.8,24.0,26.9,34.3,24.0,28.3,21.3
Scarborough,2014-12-06,79.0,5.0038,4.17,19.9,79.7,1015.0,59.7,6.5,231.6,20.2,20383,66358,30.7,24.9,27.4,36.3,24.9,30.1,23.4
Scarborough,2014-12-07,71.2,4.571999999999999,37.5,20.8,79.3,1015.7,59.3,7.3,186.3,16.0,20799,66629,30.9,25.0,27.9,36.4,25.0,30.0,22.1
Scarborough,2014-12-08,76.4,1.5239999999999998,16.67,16.8,92.5,1014.9,47.9,6.9,203.9,17.6,21141,66206,31.0,27.0,28.7,37.8,29.6,33.1,24.1
Scarborough,2014-12-09,74.3,0.2032,4.17,19.5,64.7,1012.4,36.2,6.8,205.3,17.7,21152,65144,32.3,26.0,28.6,37.2,26.0,31.9,23.4
Scarborough,2014-12-10,76.9,0.0,0.0,11.2,121.2,1013.0,29.6,7.1,201.0,17.3,21113,64006,31.7,25.0,28.3,38.7,25.0,31.5,23.7
Scarborough,2014-12-11,77.2,0.7111999999999999,12.5,16.1,83.5,1010.7,48.9,6.9,259.8,22.5,21479,63363,31.0,25.0,27.8,36.7,25.0,30.7,23.3
Scarborough,2014-12-12,73.1,0.2032,4.17,16.1,82.7,1014.0,37.2,8.8,236.9,20.4,22341,63664,31.0,25.0,27.1,35.0,25.0,28.6,21.8
Scarborough,2014-12-13,84.5,10.0076,8.33,15.9,68.7,1012.3,50.1,6.8,213.3,18.4,22373,63688,28.1,23.0,25.2,32.1,23.0,25.7,22.4
Scarborough,2014-12-14,82.6,8.102599999999999,16.67,15.7,105.3,1011.8,41.4,6.7,203.9,17.6,22405,63714,30.1,23.8,26.2,35.3,23.8,27.5,22.9
Scarborough,2014-12-15,79.7,0.1016,4.17,26.8,93.8,1012.6,31.7,7.7,206.5,18.0,22437,63740,31.0,24.8,27.3,36.6,24.8,29.5,23.3
Scarborough,2014-12-16,78.0,0.1016,4.17,14.8,99.3,1014.0,41.2,6.3,199.0,17.3,22468,63766,31.0,25.0,27.8,36.6,25.0,30.6,23.5
Scarborough,2014-12-17,78.0,0.1016,4.17,15.4,80.7,1014.0,35.6,6.8,210.0,18.2,22500,63793,31.9,25.0,27.4,39.1,25.0,29.7,23.2
Scarborough,2014-12-18,83.5,13.0048,8.33,11.4,97.8,1013.3,46.5,6.6,221.3,19.1,22531,63821,30.0,24.0,25.9,35.1,24.0,27.2,22.9
Scarborough,2014-12-19,77.2,0.0,0.0,11.4,106.3,1012.7,32.5,7.2,221.7,19.0,22562,63850,30.0,23.9,26.5,34.2,23.9,28.0,22.1
Scarborough,2014-12-20,75.2,0.0,0.0,16.1,91.7,1013.5,29.4,7.2,231.5,19.9,22592,63879,31.0,24.0,27.0,35.5,24.0,28.6,22.1
Scarborough,2014-12-21,73.0,0.508,4.17,20.8,76.2,1014.1,32.0,6.5,230.6,20.0,22622,63908,31.0,25.0,27.6,34.6,25.0,29.3,22.2
Scarborough,2014-12-22,75.5,10.0076,4.17,21.9,76.7,1013.7,47.5,6.4,198.9,17.3,22652,63938,32.1,25.1,27.5,38.1,25.1,29.3,22.7
Scarborough,2014-12-23,79.6,10.2108,12.5,21.9,73.1,1012.7,42.9,6.9,215.2,18.5,22682,63969,31.0,24.0,26.9,35.9,24.0,28.5,22.9
Scarborough,2014-12-24,80.2,0.508,4.17,14.3,58.5,1012.9,40.1,6.7,222.0,19.1,22711,63999,30.0,24.0,26.5,34.6,24.0,27.8,22.7
Scarborough,2014-12-25,76.6,0.3048,4.17,11.4,76.7,1014.4,46.6,7.1,232.3,20.1,22739,64031,31.0,23.7,26.7,34.6,23.7,28.0,22.1
Scarborough,2014-12-26,77.0,2.0065999999999997,4.17,18.8,73.9,1014.2,32.2,6.7,231.8,20.0,22767,64062,30.0,24.0,26.8,33.3,24.0,28.1,22.2
Scarborough,2014-12-27,79.3,0.1016,4.17,15.0,65.9,1014.6,43.8,7.3,212.7,18.4,22794,64094,31.0,24.9,27.0,36.6,24.9,28.8,23.0
Scarborough,2014-12-28,88.6,31.0134,8.33,13.6,44.9,1014.6,43.3,6.9,200.5,17.3,22821,64126,29.0,24.0,25.6,33.6,24.0,26.6,23.6
Scarborough,2014-12-29,86.4,7.416799999999999,12.5,17.9,74.6,1015.6,61.3,6.2,194.4,16.7,22847,64158,28.0,24.0,25.7,32.7,24.0,26.6,23.2
Scarborough,2014-12-30,75.6,7.696199999999999,4.17,19.7,80.5,1016.0,36.9,7.0,215.1,18.4,22873,64191,31.0,25.0,27.4,36.6,25.0,29.5,22.6
Scarborough,2014-12-31,72.3,0.508,4.17,22.4,77.2,1015.7,32.7,6.9,197.9,17.4,22897,64223,31.0,24.7,27.7,35.5,24.7,29.7,22.1
Scarborough,2015-01-01,74.3,1.397,8.33,21.9,69.1,1015.8,37.4,6.8,190.7,16.5,22922,64256,31.0,24.0,27.5,35.5,24.0,29.7,22.4
Scarborough,2015-01-02,75.8,0.0,0.0,23.0,83.9,1015.3,28.7,7.6,235.8,20.3,23216,65174,30.0,24.0,26.1,33.3,24.0,26.9,21.3
Scarborough,2015-01-03,80.3,11.5824,16.67,21.5,72.6,1015.2,56.9,7.0,235.5,20.5,22677,65569,28.2,22.0,24.6,30.7,22.0,24.8,20.8
Scarborough,2015-01-04,69.8,0.0,0.0,20.8,98.5,1015.7,32.0,6.8,277.9,24.1,21592,65638,29.0,23.0,26.5,31.4,23.0,27.5,20.4
Scarborough,2015-01-05,69.2,0.0,0.0,19.7,89.1,1014.4,25.7,6.7,305.3,26.4,20662,65754,30.0,25.7,27.1,32.6,25.7,28.2,20.9
Scarborough,2015-01-06,72.5,0.0,0.0,27.7,83.0,1015.2,33.2,6.8,280.0,24.2,20324,66173,30.1,26.0,27.7,34.2,26.0,29.7,22.3
Scarborough,2015-01-07,74.2,0.0,0.0,20.8,74.0,1015.9,42.4,6.9,262.0,22.5,20622,66589,31.1,24.8,27.1,39.4,24.8,28.8,22.1
Scarborough,2015-01-08,69.3,0.0,0.0,21.9,83.2,1013.8,28.7,8.3,263.9,22.8,21056,66451,31.8,24.8,27.7,35.3,24.8,29.1,21.3
Scarborough,2015-01-09,76.4,1.397,8.33,18.3,88.7,1014.7,31.8,7.5,252.8,21.9,21176,65574,32.2,25.9,28.8,37.9,25.9,32.2,24.0
Scarborough,2015-01-10,76.7,0.0,0.0,23.1,116.7,1009.3,37.8,7.3,150.2,13.0,21104,64406,31.0,27.6,28.8,37.8,31.1,33.5,24.3
Scarborough,2015-01-11,87.4,32.004,12.5,20.8,82.3,1010.5,63.2,5.9,185.8,16.1,21276,63494,29.9,24.0,26.1,35.9,24.0,27.2,23.8
Scarborough,2015-01-12,80.2,0.9905999999999999,4.17,17.9,94.0,1012.6,45.9,7.3,207.9,18.0,21983,63444,31.0,25.0,28.0,36.6,25.0,31.6,24.2
Scarborough,2015-01-13,88.7,33.197799999999994,16.67,17.2,94.4,1014.3,52.2,6.3,174.1,15.0,23148,64648,27.0,23.0,24.8,29.7,23.0,25.3,22.8
Scarborough,2015-01-14,80.8,0.7111999999999999,4.17,17.0,91.2,1013.7,50.0,6.9,142.8,12.3,23161,64680,30.0,24.7,26.9,35.1,24.7,28.8,23.3
Scarborough,2015-01-15,77.7,0.1016,4.17,16.8,98.5,1014.5,36.6,6.9,217.4,18.7,23172,64711,30.0,24.9,27.2,36.8,24.9,29.0,22.8
Scarborough,2015-01-16,77.8,0.0,0.0,21.9,93.8,1014.4,27.0,7.1,235.8,20.4,23183,64742,30.0,25.0,27.2,35.1,25.0,29.0,22.9
Scarborough,2015-01-17,79.0,0.0,0.0,16.1,94.0,1014.4,26.9,7.3,244.6,21.2,23193,64772,30.0,24.8,26.7,34.6,24.8,28.3,22.7
Scarborough,2015-01-18,78.7,0.4064,4.17,13.9,86.9,1014.6,35.0,8.4,235.3,20.4,23202,64802,30.0,24.0,26.4,33.7,24.0,27.7,22.3
Scarborough,2015-01-19,77.3,0.0,0.0,13.9,83.3,1014.2,34.0,7.5,216.8,18.6,23210,64832,30.1,24.0,26.4,34.2,24.0,27.9,22.1
Scarborough,2015-01-20,79.3,0.3048,12.5,15.0,86.9,1013.7,35.8,7.5,232.8,20.1,23217,64862,29.8,24.0,26.1,33.7,24.0,27.2,22.2
Scarborough,2015-01-21,76.9,0.0,0.0,17.2,95.2,1014.0,32.6,7.9,216.8,18.7,23223,64890,30.0,24.0,26.6,34.2,24.0,27.9,22.1
Scarborough,2015-01-22,77.4,0.0,0.0,18.3,92.0,1014.4,35.2,7.1,221.7,19.1,23227,64919,30.0,23.9,26.6,34.7,23.9,27.9,22.2
Scarborough,2015-01-23,74.8,0.0,0.0,19.7,87.9,1014.6,32.4,6.7,228.6,19.5,23231,64947,30.0,23.2,26.5,34.2,23.2,27.7,21.6
Scarborough,2015-01-24,76.6,0.2032,8.33,16.1,81.4,1014.6,33.7,7.9,220.4,18.8,23234,64974,29.0,23.0,25.9,32.8,23.0,27.0,21.4
Scarborough,2015-01-25,75.5,0.1016,4.17,17.7,90.4,1014.3,27.3,8.1,230.1,19.8,23235,65001,30.0,23.8,26.4,33.3,23.8,27.6,21.6
Scarborough,2015-01-26,81.2,9.9822,8.33,22.4,92.4,1014.1,52.1,6.1,231.6,19.9,23236,65028,28.1,23.8,25.6,31.3,23.8,26.2,22.1
Scarborough,2015-01-27,71.2,2.0065999999999997,4.17,20.8,91.0,1014.7,29.7,7.5,246.3,21.5,23235,65053,30.0,24.8,26.7,33.3,24.8,27.7,20.9
Scarborough,2015-01-28,71.0,0.0,0.0,20.8,95.3,1014.0,30.7,7.2,229.5,19.8,23233,65079,30.0,24.0,26.8,33.3,24.0,28.0,21.1
Scarborough,2015-01-29,73.8,0.1016,4.17,19.5,90.3,1013.9,41.3,8.0,255.8,22.1,23231,65103,30.2,24.0,26.6,34.4,24.0,27.6,21.4
Scarborough,2015-01-30,75.1,0.1016,4.17,17.2,83.1,1013.6,36.6,7.5,226.9,19.6,23227,65128,30.0,23.9,26.7,33.3,23.9,27.9,21.8
Scarborough,2015-01-31,77.1,0.2032,8.33,17.2,97.2,1014.1,39.1,7.0,239.1,20.5,23222,65151,30.0,24.0,26.8,33.7,24.0,28.2,22.4
Scarborough,2015-02-01,71.2,1.016,8.33,21.9,64.4,1016.1,31.1,7.0,210.9,18.3,22945,64289,31.0,25.0,27.3,34.6,25.0,28.9,21.6
Scarborough,2015-02-02,73.9,0.2032,8.33,17.2,91.8,1015.6,31.1,7.8,251.7,21.7,23209,65196,30.0,22.9,26.2,33.8,22.9,27.1,21.1
Scarborough,2015-02-03,77.8,3.1241999999999996,12.5,18.6,63.7,1014.1,57.1,6.6,254.2,22.0,22646,65575,29.1,22.7,25.3,32.0,22.7,25.9,21.1
Scarborough,2015-02-04,72.9,0.0,0.0,23.0,100.2,1015.5,37.3,7.1,285.4,24.7,21556,65639,30.0,25.0,27.1,34.2,25.0,28.5,21.7
Scarborough,2015-02-05,68.6,0.0,0.0,20.8,99.3,1014.1,27.1,7.5,297.5,25.7,20639,65763,30.0,25.0,27.2,32.8,25.0,28.2,20.8
Scarborough,2015-02-06,70.2,0.0,0.0,23.0,84.0,1014.1,51.1,6.6,279.1,23.9,20326,66190,30.1,25.0,27.7,34.2,25.0,29.7,21.7
Scarborough,2015-02-07,76.2,0.6096,8.33,18.3,76.9,1014.8,44.1,7.0,258.0,22.2,20638,66596,31.0,25.0,27.3,36.8,25.0,29.1,22.7
Scarborough,2015-02-08,73.9,0.2032,4.17,13.9,97.3,1013.2,42.1,7.4,278.1,24.0,21065,66433,31.0,24.6,27.8,35.5,24.6,30.6,22.7
Scarborough,2015-02-09,71.1,0.2032,4.17,17.2,88.6,1014.5,33.2,7.1,264.3,22.9,21174,65537,33.0,26.3,29.2,38.8,26.3,32.7,23.2
Scarborough,2015-02-10,74.5,0.0,0.0,23.1,121.5,1010.5,45.0,7.0,251.9,21.8,21104,64368,31.0,28.0,28.7,37.8,31.3,32.8,23.7
Scarborough,2015-02-11,82.2,6.1975999999999996,12.5,16.1,100.9,1010.3,46.9,6.9,224.1,19.3,21291,63477,31.0,25.0,27.2,36.9,25.0,29.1,23.8
Scarborough,2015-02-12,79.0,2.5146,8.33,23.0,89.8,1013.9,39.4,7.0,201.5,17.4,22014,63459,31.0,24.0,27.8,37.8,24.0,30.9,23.8
Scarborough,2015-02-13,77.5,0.1016,4.17,18.3,99.6,1015.7,40.7,7.6,246.7,21.4,23068,65400,29.8,25.7,27.2,34.5,25.7,29.0,22.9
Scarborough,2015-02-14,70.2,0.0,0.0,18.1,85.6,1015.5,41.8,7.6,240.3,20.8,23049,65415,30.0,24.9,26.9,32.6,24.9,28.1,20.9
Scarborough,2015-02-15,72.4,0.1016,4.17,16.1,97.5,1014.9,33.1,7.7,259.3,22.5,23030,65429,30.0,23.9,26.4,32.6,23.9,27.2,20.9
Scarborough,2015-02-16,76.2,2.0065999999999997,4.17,18.3,97.7,1015.0,40.5,7.9,248.7,21.5,23010,65443,29.0,23.0,26.1,32.8,23.0,27.1,21.4
Scarborough,2015-02-17,76.5,0.8128,8.33,21.3,88.3,1014.8,41.4,7.1,248.6,21.5,22988,65456,29.8,23.0,26.1,33.8,23.0,27.1,21.5
Scarborough,2015-02-18,72.8,0.1016,4.17,20.1,76.2,1014.7,39.2,7.3,254.8,22.2,22966,65468,29.0,23.7,25.7,32.0,23.7,26.4,20.3
Scarborough,2015-02-19,70.5,0.0,0.0,19.7,79.4,1013.3,34.0,7.9,244.4,21.1,22944,65480,29.0,23.0,26.0,31.4,23.0,26.8,20.2
Scarborough,2015-02-20,75.5,0.2032,8.33,21.9,84.3,1013.3,33.2,8.6,246.6,21.5,22920,65491,29.8,23.0,26.1,32.2,23.0,26.8,21.3
Scarborough,2015-02-21,78.7,3.5052000000000003,12.5,20.8,75.1,1014.7,39.8,6.3,255.5,22.2,22896,65502,30.0,23.0,25.5,33.3,23.0,26.1,21.4
Scarborough,2015-02-22,74.2,0.4064,8.33,21.5,78.1,1014.6,45.5,7.4,253.5,21.9,22871,65512,31.0,23.0,25.9,34.6,23.0,26.5,20.9
Scarborough,2015-02-23,70.2,0.0,0.0,18.6,76.6,1014.8,35.3,7.1,272.8,23.5,22845,65522,30.0,22.0,25.9,31.7,22.0,26.5,19.8
Scarborough,2015-02-24,72.8,0.3048,8.33,17.7,82.4,1014.6,27.7,7.7,271.6,23.5,22819,65531,29.0,23.0,25.9,31.4,23.0,26.5,20.5
Scarborough,2015-02-25,74.6,4.495799999999999,8.33,16.1,63.3,1015.0,44.9,7.2,268.3,23.2,22792,65539,28.0,23.7,25.3,30.1,23.7,25.7,20.4
Scarborough,2015-02-26,79.5,2.0065999999999997,4.17,17.4,44.7,1014.7,50.7,7.4,251.4,21.8,22764,65548,28.0,23.0,25.4,31.9,23.0,26.2,21.6
Scarborough,2015-02-27,74.9,0.7874,4.17,19.7,63.1,1014.8,71.3,6.8,203.3,17.6,22735,65555,29.0,24.0,26.2,31.7,24.0,27.1,21.3
Scarborough,2015-02-28,71.8,0.1016,4.17,21.0,68.2,1015.0,46.9,7.5,270.0,23.3,22706,65562,30.0,23.0,25.8,31.9,23.0,26.3,20.2
Scarborough,2015-03-01,71.1,0.2032,4.17,23.9,67.2,1015.9,34.1,7.4,231.7,20.0,22968,64322,31.0,25.0,27.1,35.5,25.0,28.3,21.3
Scarborough,2015-03-02,73.9,0.1016,4.17,19.9,87.5,1015.9,30.8,7.5,238.1,20.8,23201,65218,30.0,24.8,27.0,34.2,24.8,28.3,21.9
Scarborough,2015-03-03,75.4,0.1016,4.17,16.1,87.9,1013.3,35.7,7.1,256.3,22.3,22616,65581,30.0,22.8,26.0,34.2,22.8,27.0,21.2
Scarborough,2015-03-04,81.1,13.0048,4.17,16.1,75.2,1014.1,64.7,6.7,246.2,21.2,21520,65640,28.0,23.0,25.1,30.7,23.0,25.6,21.6
Scarborough,2015-03-05,71.0,0.0,0.0,19.7,94.7,1014.4,31.2,7.3,288.1,25.0,20617,65772,30.0,24.8,27.4,34.2,24.8,29.3,21.6
Scarborough,2015-03-06,71.9,0.3048,4.17,33.6,86.6,1013.9,49.6,7.3,266.6,22.9,20328,66206,31.1,26.0,28.1,35.3,26.0,30.6,22.4
Scarborough,2015-03-07,80.2,0.3048,8.33,17.7,82.1,1014.7,40.2,7.4,252.8,21.8,20653,66603,30.2,24.9,27.2,35.5,24.9,29.6,23.4
Scarborough,2015-03-08,77.7,0.508,4.17,16.1,94.1,1013.5,41.5,6.4,241.1,20.8,21074,66415,31.0,25.0,28.1,36.6,25.0,31.3,23.7
Scarborough,2015-03-09,71.3,0.0,0.0,18.3,97.2,1013.9,32.4,7.1,284.5,24.7,21173,65500,32.1,26.0,28.6,37.7,26.0,31.7,22.8
Scarborough,2015-03-10,73.7,0.0,0.0,19.7,113.5,1012.0,40.6,6.8,267.8,23.2,21103,64331,31.1,27.8,28.9,37.7,30.8,33.1,23.7
Scarborough,2015-03-11,80.6,0.7111999999999999,4.17,23.0,82.3,1010.8,44.3,7.1,158.2,13.8,21306,63461,30.0,25.9,27.6,36.2,25.9,30.4,23.9
Scarborough,2015-03-12,78.6,5.1054,8.33,18.3,90.5,1014.2,36.9,6.9,198.6,17.1,22045,63475,31.0,25.0,28.0,38.8,25.0,31.6,23.9
Scarborough,2015-03-13,76.7,5.0038,4.17,24.2,76.0,1013.2,41.5,6.7,239.0,20.7,22283,65619,30.0,23.0,25.2,34.2,23.0,25.8,20.7
Scarborough,2015-03-14,69.1,0.0,0.0,21.3,65.7,1013.5,27.4,7.3,264.8,22.7,22248,65621,30.2,23.0,25.9,32.9,23.0,26.6,19.7
Scarborough,2015-03-15,67.5,0.0,0.0,23.0,86.0,1013.9,31.6,7.1,293.8,25.5,22213,65623,30.8,23.0,26.4,32.2,23.0,27.3,19.8
Scarborough,2015-03-16,70.3,0.0,0.0,23.0,82.6,1013.3,54.3,6.8,265.3,23.0,22177,65625,30.0,24.0,26.3,31.9,24.0,27.2,20.4
Scarborough,2015-03-17,68.8,0.0,0.0,17.2,98.5,1013.9,35.8,7.2,282.7,24.5,22141,65626,30.0,24.0,26.4,31.9,24.0,27.2,20.1
Scarborough,2015-03-18,77.0,0.0,0.0,18.3,96.6,1013.7,39.4,7.1,238.1,20.5,22105,65627,30.2,23.7,26.4,35.2,23.7,27.8,21.9
Scarborough,2015-03-19,73.2,0.1016,4.17,17.2,87.1,1014.1,41.4,6.8,277.2,24.0,22069,65629,31.0,25.0,27.4,34.6,25.0,28.9,22.1
Scarborough,2015-03-20,70.5,0.0,0.0,18.1,96.7,1014.4,43.6,7.1,289.8,25.0,22032,65630,29.2,24.1,26.7,31.4,24.1,27.6,20.8
Scarborough,2015-03-21,75.4,0.0,0.0,16.1,90.4,1014.3,39.5,6.7,253.0,21.8,21996,65631,29.2,23.9,25.8,32.0,23.9,26.6,21.1
Scarborough,2015-03-22,76.9,2.9972,4.17,17.2,83.2,1014.5,38.4,7.4,270.7,23.4,21959,65632,30.0,22.9,25.2,31.9,22.9,25.8,20.7
Scarborough,2015-03-23,72.0,15.798799999999998,4.17,16.1,96.7,1015.6,28.8,7.9,283.9,24.7,21922,65632,30.0,22.0,25.8,33.2,22.0,26.7,20.2
Scarborough,2015-03-24,74.5,0.3048,8.33,16.6,101.9,1016.4,38.3,8.8,286.6,24.8,21885,65633,30.0,23.0,26.2,34.2,23.0,27.4,21.2
Scarborough,2015-03-25,75.2,0.1016,4.17,21.9,87.8,1015.5,50.4,8.1,254.8,21.9,21849,65634,30.1,24.1,27.1,34.2,24.1,28.6,22.2
Scarborough,2015-03-26,78.8,2.9972,4.17,19.7,86.8,1015.2,43.2,6.9,276.0,23.9,21812,65634,29.0,24.0,25.6,32.0,24.0,26.2,21.6
Scarborough,2015-03-27,72.9,0.0,0.0,23.0,86.4,1015.9,41.5,7.3,268.2,23.2,21775,65635,30.7,23.0,26.2,33.3,23.0,27.0,20.7
Scarborough,2015-03-28,72.7,0.889,4.17,25.3,94.1,1016.7,39.6,7.2,271.8,23.3,21738,65635,30.0,24.0,26.2,33.3,24.0,26.9,20.8
Scarborough,2015-03-29,70.2,2.2097999999999995,4.17,23.0,87.3,1016.4,40.8,7.6,286.6,24.8,21701,65636,29.9,24.0,26.6,32.6,24.0,27.5,20.6
Scarborough,2015-03-30,67.7,0.0,0.0,138.2,91.9,1015.4,46.2,7.4,252.6,21.7,21665,65636,29.9,23.0,26.4,32.3,23.0,27.1,19.8
Scarborough,2015-03-31,62.7,0.0,0.0,20.8,90.6,1015.1,43.4,8.2,307.5,26.6,21628,65637,29.8,23.0,26.3,31.0,23.0,26.7,18.4
Scarborough,2015-04-01,73.9,0.9143999999999999,8.33,20.8,72.0,1016.5,40.5,7.1,231.2,20.0,22989,64355,31.0,22.7,26.6,33.8,22.7,27.7,21.4
Scarborough,2015-04-02,75.1,0.1016,4.17,21.9,86.2,1015.0,27.0,7.1,250.3,21.8,23193,65239,29.7,25.0,26.3,32.9,25.0,26.8,21.6
Scarborough,2015-04-03,76.2,0.8128,12.5,23.0,80.1,1014.1,52.4,6.6,245.5,21.2,22584,65586,29.1,23.9,26.1,32.1,23.9,27.1,21.4
Scarborough,2015-04-04,77.6,5.0038,4.17,17.2,88.0,1012.6,57.0,6.9,231.9,20.0,21484,65641,28.0,23.8,25.4,30.6,23.8,25.7,21.1
Scarborough,2015-04-05,65.9,0.0,0.0,23.0,86.5,1015.8,28.3,6.7,271.0,23.3,20596,65782,31.2,25.8,27.8,34.0,25.8,28.8,20.7
Scarborough,2015-04-06,75.6,0.508,8.33,18.3,85.2,1014.4,47.3,7.1,267.6,23.1,20331,66223,30.2,25.9,27.7,35.6,25.9,30.3,22.9
Scarborough,2015-04-07,74.3,1.1176,12.5,23.7,75.4,1014.0,47.1,6.5,272.1,23.5,20669,66609,31.0,25.0,27.6,34.6,25.0,29.2,22.4
Scarborough,2015-04-08,76.7,0.1016,4.17,19.7,103.7,1014.7,36.3,7.2,266.2,22.9,21083,66395,31.2,26.0,28.2,36.7,26.0,31.7,23.7
Scarborough,2015-04-09,68.9,0.0,0.0,19.6,102.3,1014.0,32.9,7.0,293.2,25.3,21171,65462,32.0,25.0,28.7,35.8,25.0,31.4,22.3
Scarborough,2015-04-10,74.8,2.0065999999999997,4.17,16.1,102.6,1012.8,41.4,6.9,265.9,23.0,21102,64294,31.0,25.9,28.5,36.6,25.9,31.9,23.5
Scarborough,2015-04-11,78.8,0.2032,8.33,18.3,69.6,1011.2,44.2,6.5,227.1,19.7,21322,63446,32.0,26.0,27.9,37.9,26.0,31.2,23.8
Scarborough,2015-04-12,74.7,0.0,0.0,23.0,86.7,1014.8,33.8,7.2,199.0,17.2,22076,63491,31.0,26.6,28.3,36.6,26.6,31.7,23.3
Scarborough,2015-04-13,77.7,0.1016,4.17,20.8,79.7,1016.0,58.9,7.5,279.1,24.1,21173,65657,29.1,24.0,26.1,32.1,24.0,26.7,21.9
Scarborough,2015-04-14,70.9,0.0,0.0,20.8,77.3,1016.0,30.8,6.4,286.0,24.8,21140,65660,31.0,25.0,27.3,35.5,25.0,28.8,21.4
Scarborough,2015-04-15,78.4,2.0065999999999997,4.17,21.9,78.5,1014.9,50.7,6.8,254.6,22.1,21108,65663,30.0,25.0,26.8,34.3,25.0,28.3,22.7
Scarborough,2015-04-16,72.7,0.0,0.0,28.9,79.7,1014.6,37.8,6.3,272.6,23.5,21076,65666,30.0,25.6,27.2,34.2,25.6,28.6,21.8
Scarborough,2015-04-17,72.5,0.1016,4.17,27.7,80.9,1014.2,40.7,6.2,256.3,22.1,21044,65670,32.0,23.8,27.0,35.8,23.8,28.4,21.4
Scarborough,2015-04-18,70.4,0.7111999999999999,8.33,24.2,93.7,1014.9,39.6,6.2,272.8,23.7,21013,65674,31.0,25.0,27.6,34.6,25.0,29.3,21.6
Scarborough,2015-04-19,72.7,0.2032,8.33,23.0,90.2,1014.5,46.7,6.4,300.4,26.0,20983,65678,30.0,25.4,27.2,33.1,25.4,28.6,21.8
Scarborough,2015-04-20,69.3,0.2032,4.17,21.3,78.9,1014.5,38.0,6.5,283.4,24.5,20953,65682,29.9,25.0,27.2,32.8,25.0,28.3,20.9
Scarborough,2015-04-21,69.6,0.0,0.0,20.8,89.1,1014.3,34.4,7.0,278.7,24.1,20923,65687,30.0,24.0,26.7,32.0,24.0,27.7,20.6
Scarborough,2015-04-22,68.7,0.0,0.0,23.0,95.9,1013.9,30.0,7.1,281.5,24.2,20895,65692,30.0,24.0,27.1,32.6,24.0,28.3,20.7
Scarborough,2015-04-23,71.9,0.0,0.0,20.8,97.8,1014.1,39.4,7.1,269.5,23.3,20866,65698,30.0,25.1,27.4,33.3,25.1,29.4,21.8
Scarborough,2015-04-24,73.5,0.0,0.0,20.8,100.3,1014.4,31.1,6.4,298.8,25.9,20838,65704,30.0,25.9,27.6,34.9,25.9,29.9,22.4
Scarborough,2015-04-25,76.2,0.0,0.0,23.0,103.4,1014.5,36.6,6.5,276.9,24.0,20811,65710,30.0,25.9,27.2,34.2,25.9,29.3,22.7
Scarborough,2015-04-26,75.5,0.0,0.0,20.8,107.7,1014.3,34.5,6.3,279.8,24.1,20785,65716,30.0,26.0,27.6,34.5,26.0,30.2,22.9
Scarborough,2015-04-27,71.8,0.0,0.0,23.0,98.8,1014.0,26.8,6.2,282.1,24.5,20759,65723,30.2,25.9,27.7,34.2,25.9,29.6,22.1
Scarborough,2015-04-28,68.8,0.0,0.0,18.3,92.7,1013.7,30.7,6.3,294.7,25.4,20734,65730,30.1,25.8,27.4,33.3,25.8,28.7,21.1
Scarborough,2015-04-29,69.3,0.0,0.0,19.7,98.0,1014.1,28.5,6.5,299.1,25.9,20709,65738,30.0,26.0,27.4,33.3,26.0,29.0,21.3
Scarborough,2015-04-30,68.1,0.2032,8.33,19.7,93.6,1014.4,28.6,6.7,294.2,25.4,20685,65746,29.1,25.0,27.3,31.9,25.0,28.6,20.8
Scarborough,2015-05-01,77.4,3.6067999999999993,12.5,23.5,68.0,1016.9,38.3,6.4,219.0,18.9,23011,64388,30.0,24.0,26.1,32.8,24.0,26.8,21.7
Scarborough,2015-05-02,76.6,0.2032,4.17,18.3,79.9,1014.7,29.3,7.3,254.6,21.9,23183,65259,29.9,23.0,25.8,32.8,23.0,26.5,21.3
Scarborough,2015-05-03,72.7,0.6096,4.17,24.8,53.1,1014.7,35.7,7.2,255.8,21.3,22553,65591,29.0,24.0,25.8,30.8,24.0,26.3,20.4
Scarborough,2015-05-04,73.6,0.1016,4.17,20.8,98.4,1012.7,41.4,7.1,274.4,23.9,21448,65642,29.0,23.8,26.4,31.4,23.8,27.3,21.2
Scarborough,2015-05-05,66.1,0.0,0.0,24.2,80.5,1016.2,32.4,6.5,262.8,22.6,20576,65791,31.2,25.0,27.7,34.2,25.0,28.8,20.6
Scarborough,2015-05-06,72.1,0.0,0.0,25.3,84.5,1014.5,39.9,7.2,266.7,23.0,20335,66240,31.1,26.0,27.9,35.6,26.0,30.4,22.4
Scarborough,2015-05-07,72.3,0.2032,4.17,25.3,72.2,1014.4,47.3,6.7,198.8,17.1,20685,66614,31.2,26.0,27.6,34.8,26.0,29.5,22.1
Scarborough,2015-05-08,75.0,0.508,4.17,19.7,96.8,1014.6,42.4,6.9,230.4,20.0,21092,66375,31.2,25.0,28.2,36.6,25.0,31.1,23.2
Scarborough,2015-05-09,72.7,0.2032,4.17,16.1,103.8,1013.8,26.7,7.5,264.0,22.9,21169,65425,31.1,25.9,28.4,36.6,25.9,31.5,23.0
Scarborough,2015-05-10,84.9,2.9972,4.17,15.0,90.9,1014.1,48.4,6.9,200.4,17.3,21102,64257,29.0,25.8,27.1,34.6,25.8,29.8,24.3
Scarborough,2015-05-11,86.1,35.0012,8.33,19.7,86.5,1011.4,56.0,5.9,178.7,15.4,21338,63432,31.0,24.0,26.4,37.8,24.0,28.4,23.8
Scarborough,2015-05-12,72.1,0.0,0.0,23.0,77.9,1015.3,53.3,6.7,199.1,17.2,22108,63509,31.1,25.2,27.9,34.7,25.2,30.0,22.2
Scarborough,2015-05-13,66.2,0.2032,8.33,31.1,84.9,1015.1,39.6,7.0,255.3,22.1,20440,65883,30.1,25.0,27.7,32.7,25.0,29.2,20.7
Scarborough,2015-05-14,67.0,0.1016,4.17,23.0,81.7,1014.9,31.5,6.4,269.1,23.2,20427,65896,31.0,25.8,27.6,33.8,25.8,28.9,20.8
Scarborough,2015-05-15,69.7,0.0,0.0,23.0,77.6,1014.8,34.5,6.5,290.0,25.0,20414,65909,31.0,25.0,27.2,33.8,25.0,28.4,21.1
Scarborough,2015-05-16,66.3,0.4064,4.17,19.7,86.0,1015.6,34.0,7.0,306.9,26.7,20402,65923,31.0,25.0,27.4,33.8,25.0,28.6,20.5
Scarborough,2015-05-17,73.1,1.2953999999999999,8.33,23.0,84.6,1015.6,36.1,6.7,274.7,23.8,20391,65937,32.0,24.0,27.3,37.9,24.0,29.2,21.9
Scarborough,2015-05-18,73.9,0.0,0.0,17.7,95.4,1015.3,48.4,6.7,260.1,22.4,20381,65951,30.0,25.0,27.3,34.2,25.0,29.1,22.2
Scarborough,2015-05-19,75.1,0.2032,8.33,18.3,91.0,1014.7,41.9,7.0,276.7,23.9,20372,65965,30.0,26.0,27.6,35.1,26.0,29.9,22.7
Scarborough,2015-05-20,73.8,0.2032,8.33,20.8,85.4,1014.3,44.7,6.9,288.6,25.0,20363,65980,31.0,25.8,27.7,34.3,25.8,29.4,22.4
Scarborough,2015-05-21,71.8,0.0,0.0,24.2,76.6,1015.0,33.9,6.5,260.6,22.7,20356,65995,31.0,25.0,27.7,35.5,25.0,29.6,22.1
Scarborough,2015-05-22,67.1,0.0,0.0,23.0,78.7,1016.5,55.2,6.7,265.3,23.0,20349,66010,31.2,25.9,28.1,33.8,25.9,29.9,21.3
Scarborough,2015-05-23,68.9,0.1016,4.17,23.0,82.7,1016.5,44.5,6.5,270.4,23.3,20343,66026,31.1,25.7,28.2,35.6,25.7,30.3,21.8
Scarborough,2015-05-24,66.2,0.0,0.0,23.0,80.1,1015.6,35.6,6.8,264.3,22.7,20338,66042,31.0,25.9,27.8,33.8,25.9,29.3,20.8
Scarborough,2015-05-25,65.4,0.0,0.0,23.0,85.7,1015.1,39.0,6.9,259.0,22.3,20333,66057,30.0,25.0,27.3,32.2,25.0,28.2,20.2
Scarborough,2015-05-26,66.2,0.0,0.0,20.8,97.4,1014.6,38.3,7.2,284.9,24.6,20329,66074,30.0,23.8,26.7,31.3,23.8,27.6,19.8
Scarborough,2015-05-27,71.4,0.0,0.0,18.8,88.7,1013.5,41.6,6.7,264.5,22.8,20327,66090,32.0,24.0,27.3,37.9,24.0,28.9,21.6
Scarborough,2015-05-28,77.4,0.4064,8.33,20.8,87.7,1013.3,57.3,6.4,179.5,15.6,20325,66106,30.0,25.3,27.3,34.2,25.3,29.5,22.9
Scarborough,2015-05-29,75.9,0.1016,4.17,23.0,80.8,1013.1,49.1,6.4,189.1,16.3,20323,66123,30.0,26.0,27.4,34.2,26.0,29.4,22.7
Scarborough,2015-05-30,72.5,0.0,0.0,21.9,82.0,1013.4,48.1,6.8,280.2,24.0,20323,66139,30.1,26.0,27.8,34.1,26.0,29.9,22.3
Scarborough,2015-05-31,73.6,1.6001999999999998,8.33,23.0,80.5,1014.8,43.4,7.1,266.6,23.0,20323,66156,31.0,25.0,27.7,37.4,25.0,30.1,22.5
Scarborough,2015-06-01,73.5,0.4064,4.17,21.9,76.8,1016.1,36.1,6.9,201.4,17.5,23031,64421,30.0,24.0,26.4,33.3,24.0,27.5,21.2
Scarborough,2015-06-02,73.1,0.1016,4.17,13.9,108.6,1013.5,34.9,7.2,231.1,20.1,23172,65279,29.0,23.0,25.7,30.8,23.0,26.3,20.5
Scarborough,2015-06-03,64.3,0.0,0.0,21.9,85.8,1015.1,29.5,7.4,287.9,24.9,22520,65596,30.8,22.9,26.2,31.7,22.9,26.7,18.8
Scarborough,2015-06-04,69.4,0.0,0.0,18.3,98.1,1013.6,34.5,7.0,259.3,22.3,21413,65643,29.0,25.0,26.7,32.6,25.0,27.6,20.6
Scarborough,2015-06-05,66.9,0.0,0.0,25.3,81.9,1015.8,34.4,6.2,255.4,22.1,20556,65802,30.8,25.0,27.7,35.3,25.0,29.3,20.9
Scarborough,2015-06-06,75.2,0.1016,4.17,25.3,82.2,1014.0,46.5,6.5,257.4,22.2,20340,66257,31.0,26.0,28.0,37.5,26.0,31.1,23.2
Scarborough,2015-06-07,80.4,4.2926,12.5,20.8,80.2,1014.8,49.9,6.3,219.0,18.9,20701,66618,29.0,24.7,26.6,32.8,24.7,27.9,22.9
Scarborough,2015-06-08,82.0,21.005799999999997,8.33,17.2,87.9,1013.6,57.0,6.7,238.4,20.7,21100,66354,31.9,24.0,27.1,38.0,24.0,28.8,23.7
Scarborough,2015-06-09,74.2,2.0065999999999997,4.17,17.2,95.1,1013.8,37.9,7.3,213.1,18.4,21167,65386,32.1,26.0,28.9,39.3,26.0,32.9,23.8
Scarborough,2015-06-10,84.0,47.4218,12.5,18.3,93.6,1014.0,50.9,6.6,174.0,15.0,21103,64221,30.0,23.0,27.1,37.4,23.0,30.3,24.1
Scarborough,2015-06-11,80.4,0.4064,8.33,13.0,90.7,1012.2,46.0,7.9,171.1,14.8,21356,63419,31.0,24.1,27.5,37.8,24.1,30.8,23.8
Scarborough,2015-06-12,78.7,7.188199999999999,12.5,23.5,71.8,1014.2,50.8,6.8,232.4,20.1,22140,63528,31.0,23.0,26.3,34.6,23.0,27.6,22.2
Scarborough,2015-06-13,74.1,0.6096,8.33,23.3,72.8,1014.5,47.4,6.7,249.4,21.5,20390,66371,31.0,25.0,27.6,35.5,25.0,29.7,22.5
Scarborough,2015-06-14,70.9,0.1016,4.17,24.2,76.8,1013.9,41.3,6.6,282.0,24.3,20400,66386,31.1,26.2,28.1,34.7,26.2,30.6,22.2
Scarborough,2015-06-15,82.7,0.2032,4.17,30.0,95.4,1014.6,47.0,5.9,95.0,8.4,20410,66401,28.2,24.1,26.0,33.7,24.1,26.4,22.8
Scarborough,2015-06-16,76.6,21.4884,4.17,22.1,81.7,1014.8,45.6,6.7,206.9,17.9,20420,66416,32.1,25.6,27.8,38.7,25.6,30.2,23.2
Scarborough,2015-06-17,73.0,0.0,0.0,20.8,78.3,1014.9,40.2,6.7,242.9,20.9,20431,66431,30.0,26.0,27.8,34.2,26.0,30.1,22.4
Scarborough,2015-06-18,73.1,0.1016,4.17,20.8,76.2,1015.1,40.7,6.2,256.0,22.2,20443,66445,30.2,26.0,28.1,35.1,26.0,30.8,22.7
Scarborough,2015-06-19,72.3,2.0065999999999997,4.17,23.0,75.8,1015.6,50.7,6.2,287.9,24.9,20454,66459,30.6,26.0,27.4,35.6,26.0,29.1,21.9
Scarborough,2015-06-20,71.4,0.0,0.0,19.7,74.6,1015.5,44.1,7.4,265.8,23.1,20467,66473,31.0,25.0,27.4,34.6,25.0,28.8,21.6
Scarborough,2015-06-21,83.3,9.4996,12.5,20.4,80.4,1015.6,69.9,6.4,212.8,18.5,20480,66486,28.2,24.0,26.2,32.9,24.0,27.2,23.2
Scarborough,2015-06-22,82.0,1.0921999999999998,8.33,23.0,95.8,1016.4,53.3,6.8,243.2,20.8,20493,66499,29.0,25.0,27.0,33.6,25.0,29.2,23.6
Scarborough,2015-06-23,78.8,3.9878,4.17,23.0,78.8,1017.2,56.6,6.6,235.1,20.2,20506,66511,29.2,25.0,27.1,33.8,25.0,29.2,23.0
Scarborough,2015-06-24,71.8,0.9905999999999999,4.17,23.0,78.6,1017.8,32.2,6.5,297.9,25.8,20520,66523,30.1,26.0,27.8,33.4,26.0,30.1,22.2
Scarborough,2015-06-25,74.6,0.3048,8.33,20.8,79.8,1017.3,38.0,6.4,267.3,23.2,20534,66534,31.0,25.0,27.0,35.5,25.0,28.5,22.1
Scarborough,2015-06-26,77.1,0.7874,4.17,18.3,88.2,1017.2,34.7,7.1,250.2,21.7,20548,66545,31.0,24.9,27.6,36.6,24.9,30.3,23.2
Scarborough,2015-06-27,78.7,2.0065999999999997,4.17,19.7,84.1,1017.4,49.0,6.3,250.4,21.4,20563,66555,30.7,24.8,27.4,34.9,24.8,29.8,23.3
Scarborough,2015-06-28,75.9,2.0065999999999997,4.17,24.2,77.8,1016.7,41.9,6.5,216.1,18.8,20578,66565,31.0,25.0,27.4,34.6,25.0,29.1,22.6
Scarborough,2015-06-29,67.7,0.1016,4.17,24.2,73.5,1016.0,40.9,7.1,255.6,22.0,20593,66574,31.0,24.9,27.7,33.7,24.9,29.3,21.1
Scarborough,2015-06-30,84.6,13.4112,8.33,19.2,73.2,1015.9,69.3,5.5,201.4,17.3,20608,66582,27.1,25.0,26.0,30.7,25.0,26.7,23.2
Scarborough,2015-07-01,75.5,2.0065999999999997,4.17,19.5,77.0,1015.0,49.0,6.7,220.8,19.0,23050,64454,29.1,23.7,25.6,31.6,23.7,26.2,20.8
Scarborough,2015-07-02,72.6,0.508,4.17,15.0,99.8,1013.3,35.8,7.7,239.3,20.8,23160,65298,29.0,23.0,26.1,31.4,23.0,26.9,20.6
Scarborough,2015-07-03,69.1,0.0,0.0,17.2,64.9,1015.2,32.8,7.5,272.7,23.5,22488,65600,29.0,22.9,25.6,30.8,22.9,26.1,19.4
Scarborough,2015-07-04,74.0,2.0065999999999997,4.17,23.0,88.5,1013.8,39.9,6.7,281.8,24.4,21377,65644,29.0,23.0,26.2,32.6,23.0,27.3,21.1
Scarborough,2015-07-05,65.4,0.0,0.0,19.7,87.0,1016.1,28.6,6.3,295.0,25.4,20537,65812,31.7,25.9,27.8,35.2,25.9,29.3,20.6
Scarborough,2015-07-06,69.5,0.2032,4.17,24.2,82.0,1014.8,39.2,7.0,279.5,24.2,20345,66273,31.1,26.0,28.1,36.7,26.0,30.6,21.9
Scarborough,2015-07-07,77.6,5.0038,4.17,19.2,78.2,1014.5,59.0,7.1,201.4,17.2,20716,66622,30.0,25.0,27.1,34.2,25.0,28.6,22.7
Scarborough,2015-07-08,78.8,0.9905999999999999,4.17,13.9,102.7,1012.9,45.6,6.8,218.4,18.8,21107,66332,30.0,25.9,27.7,35.1,25.9,30.1,23.7
Scarborough,2015-07-09,84.8,24.002999999999997,8.33,13.2,68.4,1013.1,53.3,6.3,172.9,15.0,21165,65348,30.0,25.0,27.0,36.2,25.0,29.4,24.2
Scarborough,2015-07-10,76.3,0.3048,4.17,13.9,114.9,1012.8,35.4,7.2,218.8,18.6,21103,64185,31.0,26.1,28.5,36.6,26.1,32.4,23.8
Scarborough,2015-07-11,79.4,0.2032,4.17,19.7,93.6,1012.9,33.3,7.5,237.1,20.7,21374,63407,31.7,26.0,28.3,38.7,26.0,32.1,24.3
Scarborough,2015-07-12,78.9,10.0076,8.33,23.0,86.5,1012.9,43.9,6.2,205.7,17.7,22172,63547,30.1,24.0,27.1,36.0,24.0,29.5,23.1
Scarborough,2015-07-13,75.0,0.3048,4.17,18.3,80.9,1014.5,45.1,7.1,263.2,22.7,20810,66628,31.0,25.0,27.9,36.6,25.0,30.7,23.0
Scarborough,2015-07-14,79.8,3.9878,8.33,17.2,78.0,1014.1,60.0,6.4,226.5,19.6,20825,66626,31.2,25.0,27.3,37.7,25.0,29.5,23.4
Scarborough,2015-07-15,73.1,0.0,0.0,18.6,86.4,1014.3,42.1,6.8,295.3,25.4,20840,66624,32.0,25.0,27.8,37.7,25.0,30.2,22.5
Scarborough,2015-07-16,78.9,0.889,4.17,18.3,100.4,1014.7,48.7,6.7,250.9,21.5,20855,66620,30.7,25.2,27.6,36.3,25.2,30.1,23.6
Scarborough,2015-07-17,71.7,1.2192,20.83,18.3,89.8,1015.2,47.8,7.1,260.4,22.4,20870,66616,32.0,25.7,28.1,35.6,25.7,30.0,22.2
Scarborough,2015-07-18,69.5,0.1016,4.17,20.8,82.2,1015.0,37.4,7.0,274.3,23.6,20884,66611,31.0,25.7,27.6,34.1,25.7,28.9,21.4
Scarborough,2015-07-19,72.8,0.508,4.17,23.0,82.5,1014.8,46.6,6.8,245.6,21.5,20898,66605,31.0,25.8,27.9,35.5,25.8,30.2,22.5
Scarborough,2015-07-20,80.3,2.1082,8.33,17.2,79.2,1014.2,40.1,6.8,217.2,18.7,20912,66598,31.0,25.2,27.3,35.5,25.2,29.2,23.5
Scarborough,2015-07-21,86.1,10.998199999999999,4.17,18.3,102.7,1014.6,50.4,6.4,219.4,18.9,20926,66591,28.0,24.8,26.4,32.7,24.8,27.9,23.9
Scarborough,2015-07-22,79.8,0.2032,4.17,17.0,65.9,1015.8,50.0,7.1,230.8,19.8,20939,66582,30.0,25.0,27.8,37.3,25.0,31.0,24.0
Scarborough,2015-07-23,75.2,0.0,0.0,18.3,86.0,1016.4,32.8,7.2,282.9,24.4,20952,66573,31.0,25.9,28.2,36.6,25.9,31.2,23.3
Scarborough,2015-07-24,73.6,0.0,0.0,17.4,78.0,1016.5,40.0,7.6,287.6,24.8,20965,66563,31.2,25.0,27.9,35.1,25.0,30.4,22.7
Scarborough,2015-07-25,80.8,5.0038,4.17,25.3,119.4,1015.3,47.3,6.4,214.6,18.3,20978,66552,28.8,25.8,26.8,32.6,25.8,28.6,23.2
Scarborough,2015-07-26,69.8,6.095999999999999,4.17,20.8,83.6,1015.2,27.4,7.4,289.9,24.9,20990,66540,31.8,25.9,28.2,35.5,25.9,29.9,21.9
Scarborough,2015-07-27,77.2,10.998199999999999,8.33,18.3,86.0,1014.5,41.5,7.4,281.0,24.3,21002,66527,31.0,24.0,27.5,37.8,24.0,29.9,23.0
Scarborough,2015-07-28,72.1,0.1016,4.17,20.8,72.9,1013.9,30.8,7.1,279.3,24.1,21013,66514,32.0,25.6,28.2,36.8,25.6,30.6,22.5
Scarborough,2015-07-29,74.3,0.3048,12.5,18.8,83.4,1013.7,33.2,7.3,270.3,23.4,21024,66499,31.8,24.9,27.7,37.3,24.9,30.0,22.6
Scarborough,2015-07-30,77.1,0.9905999999999999,4.17,16.1,98.6,1014.8,39.6,7.3,226.7,19.6,21035,66484,30.1,26.0,28.1,37.2,26.0,31.7,23.7
Scarborough,2015-07-31,78.5,2.9972,4.17,13.9,100.7,1014.9,40.1,6.8,254.8,22.0,21046,66468,30.9,25.9,27.5,37.4,25.9,29.6,23.3
Scarborough,2015-08-01,77.6,0.6096,8.33,16.1,88.4,1015.0,49.7,7.1,203.2,17.4,23069,64487,30.0,23.2,26.1,33.3,23.2,27.2,21.7
Scarborough,2015-08-02,72.7,0.1016,4.17,16.6,91.9,1014.2,34.7,8.5,264.6,23.0,23147,65317,30.0,23.8,26.5,32.6,23.8,27.3,21.1
Scarborough,2015-08-03,62.9,0.0,0.0,18.3,81.5,1014.6,29.5,7.3,296.9,25.6,22455,65604,30.0,21.8,25.9,31.3,21.8,26.2,18.0
Scarborough,2015-08-04,71.9,0.1016,4.17,20.8,90.4,1013.7,34.8,6.9,268.6,23.1,21343,65646,29.9,23.9,26.6,33.8,23.9,27.8,21.0
Scarborough,2015-08-05,65.2,0.0,0.0,20.8,92.4,1016.4,31.7,6.5,264.8,22.9,20519,65823,30.9,25.8,27.5,34.5,25.8,28.6,20.3
Scarborough,2015-08-06,66.8,0.0,0.0,20.8,83.1,1015.2,30.0,7.2,278.9,24.1,20351,66290,31.0,25.0,27.9,34.6,25.0,29.4,21.1
Scarborough,2015-08-07,75.0,0.0,0.0,20.1,75.4,1014.7,49.4,6.8,220.6,18.9,20732,66625,30.0,25.0,27.4,34.2,25.0,29.1,22.5
Scarborough,2015-08-08,77.3,17.983199999999997,8.33,17.2,84.3,1013.3,51.1,6.5,267.2,23.1,21115,66310,32.0,25.0,28.1,37.9,25.0,31.2,23.6
Scarborough,2015-08-09,76.1,27.000199999999996,12.5,24.2,82.7,1012.5,41.9,6.9,270.0,23.3,21162,65309,31.9,25.0,28.1,38.0,25.0,31.1,23.4
Scarborough,2015-08-10,83.2,2.9972,4.17,41.4,104.9,1013.1,47.0,6.4,229.5,19.9,21104,64150,30.1,24.0,26.4,35.3,24.0,27.7,23.2
Scarborough,2015-08-11,80.7,2.8194,12.5,20.8,90.6,1012.2,46.4,6.8,192.1,16.6,21392,63396,31.1,25.2,28.2,39.4,25.2,32.2,24.5
Scarborough,2015-08-12,77.5,0.9143999999999999,8.33,20.8,88.2,1013.6,34.5,6.9,225.9,19.4,22204,63567,31.0,25.0,27.8,37.8,25.0,31.0,23.4
Scarborough,2015-08-13,70.6,0.0,0.0,17.2,85.2,1013.8,33.5,7.8,290.9,25.0,21145,66186,31.0,25.9,28.3,34.6,25.9,30.8,22.3
Scarborough,2015-08-14,76.9,0.0,0.0,11.4,75.3,1014.3,44.7,7.7,219.0,19.0,21149,66159,30.0,25.0,27.2,35.5,25.0,29.7,22.8
Scarborough,2015-08-15,73.2,0.0,0.0,23.0,84.5,1014.3,35.2,7.0,263.9,22.9,21154,66131,31.2,26.1,28.8,36.7,26.1,32.6,23.4
Scarborough,2015-08-16,67.7,0.0,0.0,18.3,85.7,1014.6,27.8,7.7,292.8,25.2,21158,66103,32.0,27.0,28.9,36.8,28.8,32.1,22.2
Scarborough,2015-08-17,68.8,0.0,0.0,16.1,88.6,1014.6,28.8,7.6,288.2,24.9,21161,66074,31.1,25.0,28.4,35.6,25.0,30.8,22.0
Scarborough,2015-08-18,68.0,0.0,0.0,18.3,75.5,1013.9,33.7,7.3,264.7,23.1,21165,66045,33.0,26.0,29.1,38.1,26.0,32.1,22.4
Scarborough,2015-08-19,75.6,0.0,0.0,17.2,45.7,1013.0,47.0,6.8,248.9,21.5,21168,66015,31.0,26.0,28.2,37.8,26.0,31.7,23.4
Scarborough,2015-08-20,82.8,13.9954,8.33,17.2,80.3,1012.7,49.8,6.4,215.3,18.7,21170,65984,31.0,25.0,27.2,37.8,25.0,29.7,23.9
Scarborough,2015-08-21,76.6,0.1016,4.17,18.3,93.2,1012.9,41.5,7.2,203.7,17.5,21172,65952,31.9,26.0,28.6,39.1,26.0,32.7,24.1
Scarborough,2015-08-22,73.0,0.0,0.0,15.0,43.8,1012.6,38.3,8.1,289.4,25.1,21174,65921,30.2,25.0,27.9,35.4,25.0,30.3,22.6
Scarborough,2015-08-23,76.8,0.7111999999999999,4.17,12.8,105.3,1011.9,40.7,7.3,246.2,21.1,21176,65888,31.0,26.0,27.8,36.6,26.0,30.7,23.3
Scarborough,2015-08-24,78.1,0.1016,4.17,11.4,106.8,1012.0,33.9,7.1,274.8,23.6,21177,65855,31.0,25.8,28.3,36.6,25.8,31.8,24.0
Scarborough,2015-08-25,77.2,0.889,4.17,10.5,35.6,1011.9,31.2,7.3,267.8,23.2,21178,65822,31.0,25.8,28.1,36.4,25.8,31.2,23.6
Scarborough,2015-08-26,74.4,0.0,0.0,11.4,136.2,1011.6,34.0,7.2,237.6,20.6,21178,65788,31.0,25.8,28.8,36.6,25.8,32.4,23.7
Scarborough,2015-08-27,71.2,0.2032,4.17,20.8,116.6,1012.9,38.9,7.3,286.7,24.9,21178,65753,31.1,28.0,29.4,36.6,31.3,33.8,23.6
Scarborough,2015-08-28,72.9,0.508,4.17,16.1,84.8,1013.8,34.8,6.8,274.2,23.8,21178,65718,33.0,26.9,29.0,38.1,29.3,33.1,23.6
Scarborough,2015-08-29,74.9,0.2032,4.17,16.1,91.4,1013.4,41.5,7.2,259.0,22.2,21178,65683,31.2,26.0,28.7,37.9,26.0,32.4,23.7
Scarborough,2015-08-30,74.7,0.3048,4.17,15.0,104.6,1014.0,36.3,7.2,246.4,21.4,21177,65647,32.0,25.7,28.9,37.9,25.7,33.2,23.9
Scarborough,2015-08-31,76.6,0.3048,4.17,13.9,94.6,1014.9,36.5,6.5,259.3,22.5,21177,65611,32.0,26.0,28.7,39.2,26.0,32.7,24.1
Scarborough,2015-09-01,78.8,1.5239999999999998,16.67,24.2,92.6,1015.2,54.0,6.6,172.6,15.0,23086,64519,28.9,25.0,26.6,32.6,25.0,28.1,22.6
Scarborough,2015-09-02,71.5,0.0,0.0,16.8,87.9,1013.7,43.7,7.6,250.1,21.6,23133,65335,30.0,23.2,26.5,32.6,23.2,27.2,20.7
Scarborough,2015-09-03,71.0,0.0,0.0,24.2,87.1,1014.2,40.1,7.1,257.3,22.3,22421,65608,30.2,23.0,26.6,33.3,23.0,28.0,20.8
Scarborough,2015-09-04,73.1,0.1016,4.17,20.8,89.7,1014.4,47.9,7.4,268.1,23.2,21308,65648,30.0,24.0,26.6,33.3,24.0,27.7,21.3
Scarborough,2015-09-05,70.0,0.2032,8.33,23.0,84.2,1016.1,37.4,6.6,278.6,24.1,20502,65834,30.0,24.0,27.2,32.6,24.0,28.3,21.1
Scarborough,2015-09-06,68.4,0.0,0.0,19.9,88.4,1013.9,33.6,7.1,292.5,25.1,20358,66306,30.3,24.0,27.2,32.7,24.0,28.3,20.7
Scarborough,2015-09-07,71.7,0.0,0.0,20.8,83.6,1014.4,33.3,7.1,269.9,23.3,20748,66627,31.0,24.9,27.6,35.4,24.9,29.3,21.9
Scarborough,2015-09-08,79.0,0.9905999999999999,4.17,16.1,91.5,1013.5,43.6,7.1,253.0,21.7,21121,66286,30.0,25.6,27.7,35.1,25.6,30.2,23.6
Scarborough,2015-09-09,83.5,13.6144,12.5,16.1,91.2,1010.9,55.2,6.3,186.0,16.0,21160,65270,28.9,25.0,26.8,34.1,25.0,28.8,23.7
Scarborough,2015-09-10,81.3,23.6982,8.33,23.0,93.8,1013.0,49.1,6.3,205.9,17.7,21106,64115,32.0,24.0,27.6,40.7,24.0,30.8,24.0
Scarborough,2015-09-11,84.4,2.8194,12.5,16.1,87.2,1013.4,54.4,6.4,113.6,9.8,21412,63387,29.0,25.0,26.8,34.6,25.0,28.9,23.9
Scarborough,2015-09-12,77.2,0.3048,12.5,19.7,86.3,1014.1,37.2,7.1,210.2,18.3,22236,63589,31.0,25.0,27.5,35.5,25.0,29.8,23.1
Scarborough,2015-09-13,78.7,6.1975999999999996,12.5,15.0,96.6,1013.8,44.8,7.1,215.8,18.6,21149,65113,31.0,25.3,27.9,36.6,25.3,31.2,23.8
Scarborough,2015-09-14,77.1,0.7111999999999999,8.33,18.3,105.7,1013.4,36.2,7.2,226.5,19.6,21146,65074,31.2,26.0,29.0,38.1,26.0,33.9,24.5
Scarborough,2015-09-15,77.0,7.010400000000001,4.17,19.7,99.8,1014.0,41.0,7.1,201.4,17.4,21143,65034,31.0,25.7,28.7,37.8,25.7,32.9,24.2
Scarborough,2015-09-16,79.9,5.0038,8.33,15.0,81.2,1013.1,46.0,6.6,243.3,21.0,21140,64994,32.0,25.0,27.9,39.0,25.0,31.1,24.0
Scarborough,2015-09-17,79.2,10.998199999999999,8.33,15.4,94.3,1011.5,40.8,6.6,272.1,23.5,21137,64954,31.0,25.0,28.1,37.8,25.0,31.6,24.1
Scarborough,2015-09-18,78.4,0.2032,4.17,14.8,110.0,1011.5,38.3,7.3,236.7,20.5,21134,64915,31.0,26.0,27.7,36.6,26.0,30.7,23.5
Scarborough,2015-09-19,79.7,2.1843999999999997,8.33,13.9,110.0,1012.3,35.4,7.4,236.2,20.4,21131,64875,30.1,25.9,28.0,36.1,25.9,31.4,24.1
Scarborough,2015-09-20,80.0,2.0065999999999997,4.17,15.0,112.1,1012.1,39.5,7.2,251.3,21.7,21128,64835,31.0,26.0,28.5,39.1,26.0,33.0,24.7
Scarborough,2015-09-21,76.7,0.508,4.17,17.2,114.3,1012.2,38.2,7.5,265.3,22.7,21125,64795,31.1,26.1,28.8,37.9,26.1,33.1,24.2
Scarborough,2015-09-22,74.0,0.2032,4.17,15.2,112.8,1011.8,40.6,7.4,269.5,23.3,21123,64755,31.0,26.8,28.9,37.1,29.3,33.3,23.8
Scarborough,2015-09-23,72.7,0.2032,4.17,14.2,111.8,1011.5,34.6,7.3,264.0,22.6,21120,64716,31.2,27.4,29.3,37.8,31.2,33.8,23.8
Scarborough,2015-09-24,73.0,0.7874,4.17,15.0,111.5,1012.2,35.9,7.2,261.1,22.6,21117,64676,31.0,27.9,29.1,37.4,31.1,33.5,23.7
Scarborough,2015-09-25,72.5,11.9888,4.17,17.2,108.0,1013.2,33.2,7.5,271.5,23.4,21115,64637,31.7,27.0,29.1,38.7,29.7,33.3,23.6
Scarborough,2015-09-26,72.2,0.0,0.0,16.1,110.5,1013.0,31.1,7.8,272.8,23.5,21113,64598,31.1,27.0,28.9,36.6,29.7,33.0,23.4
Scarborough,2015-09-27,72.5,0.0,0.0,11.4,115.1,1013.5,29.7,7.9,272.6,23.4,21111,64559,31.0,26.9,28.8,36.6,29.7,32.7,23.3
Scarborough,2015-09-28,73.7,0.0,0.0,12.8,104.3,1012.2,34.6,7.0,275.4,23.6,21109,64520,31.0,25.0,28.4,36.6,25.0,31.3,23.1
Scarborough,2015-09-29,74.0,0.0,0.0,17.7,130.3,1010.5,36.1,7.6,268.0,23.2,21107,64482,31.0,26.0,28.6,37.8,26.0,32.3,23.5
Scarborough,2015-09-30,75.1,0.0,0.0,15.0,114.6,1009.7,33.1,7.0,226.2,19.7,21106,64444,31.1,26.0,28.6,37.1,26.0,32.2,23.7
Scarborough,2015-10-01,83.1,15.722599999999998,16.67,20.8,81.8,1015.8,52.3,6.8,174.8,15.2,23103,64552,29.2,24.0,26.0,33.7,24.0,27.1,22.8
Scarborough,2015-10-02,74.8,0.0,0.0,19.7,102.3,1012.7,35.2,7.3,232.0,20.3,23118,65352,29.0,23.8,26.6,32.0,23.8,28.0,21.7
Scarborough,2015-10-03,70.6,0.9143999999999999,8.33,20.8,71.3,1015.2,41.5,6.8,240.7,20.7,22387,65611,31.0,24.9,27.0,34.8,24.9,28.1,21.1
Scarborough,2015-10-04,72.6,0.2032,8.33,23.0,96.4,1015.1,44.9,6.7,265.6,23.0,21274,65650,30.0,24.9,26.8,33.3,24.9,28.1,21.4
Scarborough,2015-10-05,69.2,0.1016,4.17,25.3,74.5,1015.6,33.5,6.3,245.2,21.3,20485,65846,31.0,25.9,27.6,34.6,25.9,29.4,21.4
Scarborough,2015-10-06,76.0,0.4064,4.17,23.0,75.7,1014.0,44.8,7.2,231.6,20.0,20365,66323,29.9,24.0,26.4,34.2,24.0,27.8,21.8
Scarborough,2015-10-07,77.3,2.9972,4.17,16.1,78.8,1015.3,39.1,7.1,245.7,21.2,20763,66628,30.0,24.0,27.1,34.3,24.0,29.2,22.7
Scarborough,2015-10-08,72.4,0.0,0.0,16.1,62.4,1013.6,38.2,7.7,281.0,24.2,21128,66262,30.2,25.0,27.4,35.4,25.0,29.2,22.0
Scarborough,2015-10-09,78.7,13.9954,4.17,16.1,109.5,1011.9,40.8,7.1,224.5,19.5,21157,65231,31.0,25.0,28.0,36.6,25.0,31.1,23.8
Scarborough,2015-10-10,82.2,4.013199999999999,8.33,18.3,89.4,1012.4,56.9,6.6,228.2,19.8,21107,64080,31.0,25.0,27.9,38.3,25.0,31.5,24.5
Scarborough,2015-10-11,83.5,29.006799999999995,8.33,27.7,84.8,1013.3,53.6,5.8,149.0,12.8,21432,63378,30.9,24.0,26.9,37.7,24.0,29.1,23.8
Scarborough,2015-10-12,78.9,2.9972,4.17,21.9,103.0,1014.2,36.3,7.2,211.0,18.1,22268,63611,30.0,24.8,27.1,34.7,24.8,28.8,23.0
Scarborough,2015-10-13,81.2,2.0065999999999997,4.17,28.9,107.5,1012.4,44.2,6.7,168.7,14.5,21115,63980,30.2,26.0,28.3,37.4,26.0,33.0,24.7
Scarborough,2015-10-14,80.8,5.6133999999999995,8.33,17.2,104.7,1013.5,37.9,7.3,249.6,21.5,21119,63948,30.0,25.7,27.7,36.4,25.7,30.6,24.0
Scarborough,2015-10-15,79.2,0.3048,4.17,14.8,89.0,1012.9,33.0,8.0,227.1,19.6,21123,63917,31.1,25.6,27.9,36.7,25.6,30.8,23.9
Scarborough,2015-10-16,77.9,0.0,0.0,13.9,106.7,1013.5,34.3,7.5,251.0,21.7,21127,63886,31.2,25.2,28.4,38.1,25.2,32.2,24.2
Scarborough,2015-10-17,76.1,0.1016,4.17,15.7,100.0,1014.7,31.0,7.4,267.0,22.9,21132,63855,31.1,27.0,28.8,37.8,29.7,33.4,24.2
Scarborough,2015-10-18,77.1,0.0,0.0,15.0,100.0,1015.1,29.8,8.3,264.0,22.6,21138,63826,31.0,25.0,28.2,37.5,25.0,31.6,23.7
Scarborough,2015-10-19,76.2,0.0,0.0,12.8,110.5,1015.2,28.1,8.6,274.3,23.6,21144,63797,31.6,25.0,28.1,37.5,25.0,31.1,23.4
Scarborough,2015-10-20,77.2,0.0,0.0,13.9,94.5,1014.4,39.4,7.2,241.9,21.0,21150,63769,33.0,25.0,28.3,40.6,25.0,31.7,23.8
Scarborough,2015-10-21,81.8,21.005799999999997,8.33,14.1,82.1,1012.9,41.5,6.5,236.2,20.4,21157,63741,32.2,26.0,27.8,37.9,26.0,31.3,24.3
Scarborough,2015-10-22,83.7,1.6001999999999998,8.33,15.2,98.1,1012.1,47.1,7.1,189.6,16.4,21165,63715,30.2,25.7,27.7,37.4,25.7,31.5,24.6
Scarborough,2015-10-23,79.2,2.9972,4.17,13.9,105.2,1011.5,38.0,7.5,245.8,21.3,21173,63689,31.1,25.7,28.5,37.8,25.7,32.3,24.4
Scarborough,2015-10-24,75.0,0.0,0.0,20.8,113.2,1010.8,35.6,7.2,203.9,17.6,21182,63664,31.0,27.0,29.2,37.8,30.1,34.1,24.2
Scarborough,2015-10-25,82.2,32.9946,8.33,11.4,91.0,1012.5,50.7,6.9,169.6,14.4,21192,63639,30.0,23.2,27.4,35.1,23.2,30.9,24.1
Scarborough,2015-10-26,79.9,2.9972,4.17,13.6,101.0,1012.6,38.9,7.4,253.7,21.9,21202,63616,31.7,26.0,28.4,37.6,26.0,32.4,24.5
Scarborough,2015-10-27,81.6,3.4036,12.5,16.1,86.5,1012.7,52.2,7.6,215.0,18.5,21213,63593,32.1,25.8,27.9,39.2,25.8,31.2,24.4
Scarborough,2015-10-28,78.5,0.508,4.17,14.8,90.1,1012.7,44.2,7.7,240.0,20.6,21224,63572,32.0,26.0,28.2,37.9,26.0,31.4,23.9
Scarborough,2015-10-29,78.2,0.0,0.0,12.8,96.7,1011.5,35.8,7.3,232.3,20.2,21236,63551,31.0,25.0,28.3,38.0,25.0,32.1,24.1
Scarborough,2015-10-30,79.5,2.9972,4.17,19.7,88.9,1011.4,41.7,7.1,204.2,17.9,21249,63531,32.0,26.0,28.3,39.2,26.0,32.0,24.3
Scarborough,2015-10-31,76.9,0.0,0.0,18.3,81.4,1011.1,42.7,7.2,233.5,20.2,21262,63512,32.1,26.0,28.7,39.2,26.0,32.7,24.1
Scarborough,2015-11-01,84.2,1.1938,8.33,19.7,83.4,1015.4,39.6,6.8,186.8,16.1,23119,64584,30.0,24.0,25.8,34.2,24.0,27.1,22.9
Scarborough,2015-11-02,75.1,0.0,0.0,18.3,116.9,1013.2,28.8,7.8,260.7,22.4,23102,65369,29.0,25.9,26.9,33.3,25.9,28.3,22.1
Scarborough,2015-11-03,68.1,0.1016,4.17,24.4,78.9,1014.8,27.8,7.0,288.2,24.7,22353,65614,30.2,23.8,26.6,32.3,23.8,27.3,20.0
Scarborough,2015-11-04,74.5,0.0,0.0,21.9,99.8,1015.4,45.3,6.9,293.6,25.4,21240,65652,29.1,23.9,26.5,32.8,23.9,27.7,21.4
Scarborough,2015-11-05,68.3,0.0,0.0,30.0,81.9,1015.4,31.5,6.6,284.8,24.5,20469,65858,31.0,26.0,27.7,33.8,26.0,29.2,21.2
Scarborough,2015-11-06,74.2,17.018,8.33,23.0,83.2,1014.9,47.9,6.4,281.1,24.4,20373,66339,31.0,24.0,27.6,36.6,24.0,29.6,22.4
Scarborough,2015-11-07,78.3,0.3048,4.17,18.3,82.4,1015.9,45.7,7.0,220.8,19.0,20779,66629,31.0,26.0,27.7,36.6,26.0,30.2,23.5
Scarborough,2015-11-08,77.9,5.0038,4.17,12.8,102.7,1013.9,38.4,7.7,246.2,21.3,21134,66238,30.8,25.0,27.7,36.2,25.0,30.6,23.4
Scarborough,2015-11-09,74.0,0.0,0.0,13.9,103.7,1013.5,34.2,7.5,274.7,23.5,21154,65192,31.0,25.8,28.4,36.4,25.8,31.7,23.3
Scarborough,2015-11-10,89.0,41.9862,12.5,23.0,103.0,1012.4,54.2,6.1,163.3,14.1,21110,64046,28.0,24.0,25.9,32.7,24.0,27.4,23.9
Scarborough,2015-11-11,80.9,12.2936,12.5,17.2,86.0,1012.5,51.8,6.9,127.1,11.1,21452,63370,31.0,25.0,27.3,36.6,25.0,29.7,23.6
Scarborough,2015-11-12,76.8,3.0987999999999998,12.5,21.9,90.1,1014.3,42.9,6.7,233.8,20.1,22301,63634,30.0,25.0,27.2,34.2,25.0,28.9,22.7
Scarborough,2015-11-13,75.4,4.013199999999999,8.33,21.9,88.7,1011.4,29.3,7.0,260.4,22.6,21495,63358,31.0,25.0,28.1,36.6,25.0,30.8,23.1
Scarborough,2015-11-14,74.8,0.0,0.0,18.3,91.2,1012.9,40.5,7.3,224.1,19.3,21518,63353,31.0,26.0,28.1,36.2,26.0,31.2,23.2
Scarborough,2015-11-15,75.7,0.0,0.0,21.9,85.0,1013.1,37.9,7.1,211.8,18.3,21541,63350,31.0,26.2,28.3,37.8,26.2,32.0,23.6
Scarborough,2015-11-16,76.9,0.9905999999999999,4.17,21.9,78.4,1012.0,38.3,7.1,236.7,20.6,21565,63348,31.0,25.0,27.8,37.8,25.0,30.7,23.3
Scarborough,2015-11-17,76.5,0.9905999999999999,4.17,18.3,91.1,1010.5,33.1,7.0,234.4,20.3,21589,63347,31.2,25.0,27.9,36.7,25.0,30.5,23.2
Scarborough,2015-11-18,72.7,0.3048,4.17,20.8,79.5,1010.3,33.8,7.1,240.7,21.0,21614,63346,31.0,25.8,27.8,35.6,25.8,29.6,22.3
Scarborough,2015-11-19,77.2,0.3048,4.17,8.7,46.6,1010.3,45.9,7.5,219.4,19.0,21639,63347,30.0,25.0,26.9,34.2,25.0,28.5,22.6
Scarborough,2015-11-20,78.5,13.106399999999999,8.33,11.4,59.0,1009.6,48.4,7.1,218.7,19.0,21665,63350,30.0,24.7,26.6,34.2,24.7,28.0,22.5
Scarborough,2015-11-21,76.6,0.0,0.0,15.2,86.0,1010.3,26.3,7.8,243.7,21.2,21692,63353,30.7,24.0,27.3,36.1,24.0,29.6,22.7
Scarborough,2015-11-22,80.6,0.508,4.17,23.1,89.4,1011.5,38.7,6.9,204.3,17.7,21719,63357,30.0,25.0,27.3,35.1,25.0,29.7,23.6
Scarborough,2015-11-23,80.7,11.8872,12.5,24.2,83.3,1011.0,45.2,6.7,192.3,16.5,21747,63363,31.8,25.0,27.2,37.5,25.0,29.3,23.5
Scarborough,2015-11-24,78.1,0.9905999999999999,4.17,15.0,84.4,1010.6,44.4,7.3,189.6,16.3,21775,63369,31.0,25.8,27.6,36.6,25.8,29.9,23.3
Scarborough,2015-11-25,76.3,0.0,0.0,24.2,83.5,1011.5,29.2,7.2,220.5,19.1,21803,63377,33.0,25.0,28.1,42.2,25.0,31.0,23.4
Scarborough,2015-11-26,73.8,0.0,0.0,19.7,81.1,1011.8,27.6,7.3,234.4,20.2,21832,63385,31.0,25.0,28.2,35.5,25.0,31.1,22.9
Scarborough,2015-11-27,77.7,0.1016,4.17,19.7,86.1,1011.4,37.1,6.9,221.6,19.3,21862,63395,31.0,26.7,28.0,37.8,29.1,31.8,23.7
Scarborough,2015-11-28,74.4,0.508,4.17,25.3,86.0,1010.6,40.7,7.1,218.2,19.0,21891,63406,31.0,26.9,28.3,37.8,29.2,31.9,23.3
Scarborough,2015-11-29,76.7,0.0,0.0,17.2,96.4,1011.2,33.0,7.6,218.0,18.9,21921,63417,30.2,26.0,27.9,35.7,26.0,31.1,23.4
Scarborough,2015-11-30,78.3,0.0,0.0,20.8,119.6,1011.6,35.3,8.1,239.5,20.8,21952,63430,30.0,25.0,27.9,36.4,25.0,31.0,23.7
Scarborough,2015-12-01,88.2,24.307799999999997,12.5,17.2,76.3,1015.1,61.5,6.3,192.4,16.8,23134,64616,27.1,23.8,24.7,30.3,23.8,24.9,22.6
Scarborough,2015-12-02,79.1,0.0,0.0,21.9,109.0,1014.2,36.0,8.5,237.6,20.6,23085,65385,30.0,25.0,27.3,35.1,25.0,29.6,23.3
Scarborough,2015-12-03,69.1,0.0,0.0,23.0,65.5,1014.1,28.1,6.9,270.8,23.4,22318,65616,30.0,23.0,26.0,31.9,23.0,26.7,19.8
Scarborough,2015-12-04,70.8,0.0,0.0,21.9,88.4,1015.8,41.0,6.7,272.7,23.7,21206,65654,30.0,25.0,27.1,33.3,25.0,28.4,21.3
Scarborough,2015-12-05,66.4,0.0,0.0,26.4,79.3,1015.2,35.0,6.6,284.2,24.4,20454,65870,31.0,25.0,27.7,35.5,25.0,29.2,20.7
Scarborough,2015-12-06,73.5,0.889,4.17,23.0,77.5,1015.2,35.8,7.0,286.4,24.6,20381,66355,31.0,25.7,27.7,35.5,25.7,29.9,22.4
Scarborough,2015-12-07,72.1,0.3048,4.17,19.7,76.7,1015.3,40.0,7.0,248.9,21.5,20794,66629,31.0,25.2,28.2,34.6,25.2,30.5,22.5
Scarborough,2015-12-08,78.8,6.4262,16.67,21.9,87.4,1013.7,43.3,6.8,241.0,20.7,21139,66212,31.0,26.0,27.9,36.2,26.0,31.1,23.8
Scarborough,2015-12-09,75.0,0.9905999999999999,4.17,11.6,87.9,1013.9,41.3,7.7,232.3,20.2,21152,65153,31.1,26.0,28.2,36.6,26.0,31.6,23.3
Scarborough,2015-12-10,77.7,5.0038,8.33,16.1,76.6,1012.6,31.7,6.9,259.1,22.4,21112,64013,31.0,25.0,27.8,36.6,25.0,30.4,23.4
Scarborough,2015-12-11,76.5,0.2032,4.17,18.3,92.0,1011.9,33.2,7.2,242.6,20.8,21473,63363,31.2,25.0,27.9,37.7,25.0,30.7,23.3
Scarborough,2015-12-12,75.9,0.0,0.0,19.7,96.9,1013.7,31.3,7.0,222.3,19.3,22333,63657,30.0,24.9,27.5,35.1,24.9,29.9,22.8
Scarborough,2015-12-13,80.6,7.010400000000001,4.17,31.1,88.4,1013.0,54.6,6.4,174.2,14.9,22365,63682,30.0,24.0,26.4,35.1,24.0,27.9,22.8
Scarborough,2015-12-14,79.2,0.508,4.17,19.7,80.7,1012.2,48.7,6.9,217.9,18.9,22397,63707,30.0,25.0,27.3,35.1,25.0,29.4,23.3
Scarborough,2015-12-15,77.4,0.0,0.0,21.9,75.3,1011.8,37.1,7.2,222.0,19.3,22428,63732,31.0,25.0,27.6,37.3,25.0,30.3,23.2
Scarborough,2015-12-16,77.8,0.2032,8.33,18.3,79.7,1012.4,43.7,7.6,193.6,16.7,22460,63759,30.1,25.7,27.7,35.2,25.7,30.5,23.4
Scarborough,2015-12-17,77.0,0.3048,4.17,24.2,90.3,1013.0,34.0,7.0,182.1,15.7,22492,63786,30.7,26.0,27.7,35.9,26.0,30.6,23.3
Scarborough,2015-12-18,79.8,10.033,16.67,24.2,79.8,1013.8,50.7,6.7,187.4,16.3,22523,63814,29.2,24.0,26.5,33.9,24.0,28.1,22.7
Scarborough,2015-12-19,79.0,1.0921999999999998,8.33,23.0,84.2,1014.8,52.4,6.8,215.6,18.6,22554,63842,30.0,24.0,27.0,35.1,24.0,29.3,23.0
Scarborough,2015-12-20,74.6,0.9905999999999999,4.17,22.6,72.0,1015.2,44.3,6.5,200.6,17.4,22584,63871,31.0,25.9,27.5,35.5,25.9,29.9,22.6
Scarborough,2015-12-21,76.0,0.6096,8.33,19.7,73.1,1014.7,36.5,6.9,206.6,17.8,22614,63900,30.1,25.0,27.2,35.1,25.0,28.9,22.6
Scarborough,2015-12-22,74.7,2.0065999999999997,4.17,25.3,75.4,1013.5,34.0,7.0,216.1,18.7,22644,63930,30.8,25.0,27.4,36.1,25.0,29.5,22.4
Scarborough,2015-12-23,71.8,0.0,0.0,23.0,73.4,1013.9,30.6,7.2,234.5,20.2,22674,63960,31.0,25.2,27.4,35.9,25.2,28.7,21.7
Scarborough,2015-12-24,75.8,0.0,0.0,24.2,82.0,1014.8,30.2,6.8,207.1,17.9,22703,63991,30.0,24.0,26.7,34.2,24.0,27.8,21.9
Scarborough,2015-12-25,81.9,5.5118,12.5,21.9,79.4,1015.1,42.7,6.7,201.0,17.5,22731,64022,29.0,23.9,26.1,33.5,23.9,27.6,22.7
Scarborough,2015-12-26,81.2,2.0827999999999998,12.5,18.3,70.9,1013.8,43.1,7.1,167.7,14.5,22759,64054,28.0,24.0,25.4,31.3,24.0,25.9,21.9
Scarborough,2015-12-27,80.7,5.9944,16.67,24.2,79.7,1012.4,42.5,6.7,180.5,15.6,22787,64085,29.0,23.9,26.1,33.6,23.9,27.3,22.4
Scarborough,2015-12-28,77.3,2.0065999999999997,4.17,24.2,80.3,1013.7,35.4,7.3,208.0,18.0,22814,64117,30.0,24.7,27.2,35.0,24.7,29.4,22.8
Scarborough,2015-12-29,76.8,0.4064,4.17,20.8,76.2,1016.4,41.2,7.3,164.9,14.3,22840,64150,30.7,24.0,27.3,35.9,24.0,29.2,22.7
Scarborough,2015-12-30,74.9,0.2032,8.33,24.2,91.4,1016.7,32.2,7.2,228.1,19.6,22866,64182,30.1,25.7,27.6,35.0,25.7,29.8,22.6
Scarborough,2015-12-31,75.6,0.1016,4.17,23.0,87.3,1015.3,33.9,6.8,222.2,19.1,22891,64215,30.2,24.9,26.8,33.6,24.9,28.1,22.0
Scarborough,2016-01-01,74.2,0.6096,4.17,23.0,90.0,1014.1,28.0,7.0,206.9,17.9,22915,64248,30.2,24.0,27.2,34.4,24.0,29.3,22.1
Scarborough,2016-01-02,70.3,0.0,0.0,19.7,102.3,1014.4,24.6,6.8,247.0,21.4,23217,65168,30.0,24.0,26.9,33.1,24.0,28.0,20.9
Scarborough,2016-01-03,75.2,0.0,0.0,25.3,107.5,1014.0,40.7,6.6,235.7,20.4,22653,65573,30.7,23.9,26.8,34.3,23.9,28.3,21.9
Scarborough,2016-01-04,73.3,7.315199999999999,8.33,33.3,109.0,1014.7,47.9,7.1,231.1,20.0,21564,65638,31.0,25.0,27.6,35.5,25.0,29.3,22.2
Scarborough,2016-01-05,80.8,2.0065999999999997,4.17,23.0,102.5,1013.3,60.2,6.5,135.1,11.5,20644,65760,29.0,24.0,26.6,32.8,24.0,28.4,23.0
Scarborough,2016-01-06,83.7,0.9905999999999999,4.17,30.0,120.0,1013.6,54.6,6.3,233.6,20.3,20325,66185,28.0,24.0,26.4,31.9,24.0,27.7,23.4
Scarborough,2016-01-07,80.1,3.9878,4.17,13.9,115.3,1014.8,48.4,6.9,241.5,20.8,20635,66595,30.0,25.0,27.4,35.1,25.0,29.6,23.5
Scarborough,2016-01-08,72.5,0.508,4.17,20.8,110.5,1013.0,29.3,7.1,243.3,21.0,21063,66438,32.2,26.7,29.1,38.2,26.7,32.8,23.4
Scarborough,2016-01-09,78.8,16.002,8.33,17.2,113.1,1013.6,46.6,7.2,151.6,13.2,21175,65547,31.0,24.2,27.8,36.6,24.2,31.1,23.7
Scarborough,2016-01-10,67.8,0.0,0.0,18.3,116.5,1009.5,32.1,7.0,278.3,24.0,21104,64377,31.0,26.0,28.7,35.5,26.0,31.8,22.2
Scarborough,2016-01-11,72.5,0.0,0.0,17.2,151.0,1008.7,27.1,7.1,234.2,20.3,21287,63482,32.0,28.0,29.4,39.2,31.3,34.1,23.9
Scarborough,2016-01-12,77.4,0.0,0.0,19.7,108.3,1011.8,34.7,6.8,182.0,15.8,22006,63455,31.0,25.9,28.8,37.8,25.9,33.4,24.4
Scarborough,2016-01-13,74.5,0.0,0.0,12.3,56.2,1013.8,33.0,7.7,224.9,19.3,23144,64640,29.2,21.2,25.8,32.0,21.2,26.8,20.8
Scarborough,2016-01-14,84.7,8.178799999999999,16.67,13.4,73.4,1014.0,67.8,6.7,199.6,17.3,23157,64671,27.1,23.0,24.8,29.7,23.0,25.1,21.9
Scarborough,2016-01-15,74.4,0.0,0.0,17.2,69.1,1013.4,35.7,8.5,251.5,21.7,23169,64703,29.0,23.8,25.7,31.4,23.8,26.4,20.8
Scarborough,2016-01-16,72.6,0.0,0.0,17.2,102.9,1013.0,27.6,8.0,235.8,20.3,23180,64734,31.0,22.7,26.0,34.2,22.7,26.8,20.5
Scarborough,2016-01-17,76.2,0.0,0.0,15.0,107.6,1013.3,44.9,7.0,197.2,17.0,23190,64764,29.0,23.8,26.3,32.8,23.8,27.6,21.7
Scarborough,2016-01-18,75.3,0.6096,4.17,19.7,96.7,1012.6,35.5,7.9,234.2,20.2,23199,64794,30.0,23.7,26.3,33.1,23.7,27.2,21.3
Scarborough,2016-01-19,75.1,0.2032,4.17,19.7,96.9,1013.8,52.3,7.6,208.2,17.9,23208,64824,30.1,23.9,26.3,34.2,23.9,27.3,21.4
Scarborough,2016-01-20,73.2,0.1016,4.17,19.7,89.3,1013.7,41.3,7.2,247.8,21.2,23215,64854,30.1,23.9,26.8,33.3,23.9,27.9,21.4
Scarborough,2016-01-21,72.1,2.0065999999999997,4.17,25.3,101.5,1013.8,49.4,6.9,228.7,19.9,23221,64883,31.0,24.0,27.3,35.5,24.0,28.9,21.7
Scarborough,2016-01-22,69.1,0.3048,4.17,24.2,99.4,1014.8,34.7,6.6,238.3,20.8,23226,64911,30.0,25.0,26.9,33.1,25.0,27.9,20.7
Scarborough,2016-01-23,73.0,0.7111999999999999,4.17,19.7,102.3,1015.0,44.3,6.9,196.4,16.9,23230,64939,30.0,24.8,26.8,33.3,24.8,27.8,21.4
Scarborough,2016-01-24,69.4,0.0,0.0,21.9,111.5,1014.3,32.3,7.7,226.5,19.7,23232,64967,30.0,25.8,27.2,33.3,25.8,28.4,21.1
Scarborough,2016-01-25,72.3,0.2032,4.17,20.8,95.6,1016.3,28.8,6.9,237.1,20.5,23234,64994,31.0,24.9,27.4,35.5,24.9,29.1,21.9
Scarborough,2016-01-26,68.8,0.1016,4.17,25.3,89.6,1016.4,31.9,6.8,219.9,19.0,23235,65021,30.2,25.7,27.5,34.2,25.7,29.0,21.2
Scarborough,2016-01-27,67.1,0.3048,4.17,32.2,94.4,1015.9,33.7,7.1,245.3,21.1,23235,65047,30.1,25.0,27.1,32.6,25.0,28.1,20.3
Scarborough,2016-01-28,71.0,0.4064,4.17,21.9,92.8,1015.1,54.0,6.4,223.5,19.3,23233,65072,29.0,24.2,26.4,32.0,24.2,27.1,20.7
Scarborough,2016-01-29,70.7,0.889,4.17,24.2,104.3,1014.3,30.2,7.2,244.7,21.2,23231,65097,30.0,24.9,26.8,33.3,24.9,27.9,20.9
Scarborough,2016-01-30,70.1,0.3048,4.17,24.2,89.6,1014.7,55.8,7.5,227.2,19.6,23227,65121,30.1,24.0,26.7,32.6,24.0,27.7,20.7
Scarborough,2016-01-31,68.6,0.0,0.0,23.0,94.2,1014.9,34.3,6.9,247.5,21.4,23223,65145,30.0,24.9,27.1,32.8,24.9,28.0,20.7
Scarborough,2016-02-01,72.2,0.0,0.0,23.0,91.0,1014.2,30.7,6.9,211.2,18.3,22939,64280,30.0,26.0,27.6,34.2,26.0,29.4,22.1
Scarborough,2016-02-02,73.6,0.0,0.0,18.3,103.9,1013.8,21.3,7.4,257.1,22.3,23210,65190,29.0,23.0,26.2,32.0,23.0,27.1,20.9
Scarborough,2016-02-03,75.7,0.2032,8.33,18.3,105.0,1014.3,51.8,6.7,262.5,22.8,22623,65579,30.0,24.2,26.6,33.3,24.2,27.6,21.8
Scarborough,2016-02-04,71.7,2.413,8.33,23.0,102.0,1013.7,39.0,7.5,262.6,22.8,21528,65639,31.0,25.0,27.2,34.1,25.0,28.4,21.6
Scarborough,2016-02-05,73.5,2.2097999999999995,8.33,16.1,105.7,1014.4,47.8,6.9,90.0,7.7,20622,65769,30.0,23.0,26.7,33.3,23.0,28.1,21.4
Scarborough,2016-02-06,76.3,30.479999999999997,8.33,20.8,100.6,1014.5,41.3,7.3,240.9,20.8,20327,66202,31.0,26.0,28.6,36.6,26.0,32.2,23.9
Scarborough,2016-02-07,76.5,3.9878,8.33,26.4,101.8,1015.4,36.4,7.2,241.5,20.7,20650,66602,31.2,25.9,28.2,35.9,25.9,31.4,23.4
Scarborough,2016-02-08,74.3,2.9972,4.17,20.8,116.7,1013.7,26.8,7.0,248.6,21.3,21073,66420,32.0,26.0,28.5,37.9,26.0,31.9,23.4
Scarborough,2016-02-09,73.0,0.3048,12.5,18.3,88.9,1014.2,42.1,6.8,269.9,23.2,21174,65510,33.0,26.0,28.8,39.3,26.0,32.6,23.5
Scarborough,2016-02-10,75.5,2.9972,4.17,18.3,127.5,1010.5,42.7,7.2,194.4,16.8,21103,64340,31.0,26.3,28.9,37.8,26.3,33.6,24.2
Scarborough,2016-02-11,71.6,0.0,0.0,19.7,153.7,1010.1,35.7,7.3,200.4,17.4,21303,63466,31.0,28.0,29.3,36.3,31.7,33.7,23.6
Scarborough,2016-02-12,76.9,2.9972,4.17,17.2,87.5,1013.0,27.0,7.2,235.9,20.5,22038,63471,31.1,25.0,28.0,36.7,25.0,30.7,23.4
Scarborough,2016-02-13,71.6,0.0,0.0,24.2,101.5,1014.5,26.7,7.1,259.4,22.2,23071,65396,29.1,24.0,26.3,31.5,24.0,27.0,20.7
Scarborough,2016-02-14,70.4,0.1016,4.17,23.0,108.3,1013.3,24.3,7.5,270.0,23.3,23053,65411,29.0,24.7,26.4,31.4,24.7,27.0,20.4
Scarborough,2016-02-15,70.8,0.0,0.0,21.9,112.5,1013.0,36.4,6.9,260.7,22.5,23034,65425,29.9,25.0,26.9,32.4,25.0,28.0,21.1
Scarborough,2016-02-16,74.5,0.2032,8.33,27.7,106.3,1012.6,39.0,6.7,224.1,19.4,23014,65439,30.0,25.6,27.4,35.1,25.6,29.4,22.4
Scarborough,2016-02-17,72.5,0.0,0.0,21.9,100.8,1013.7,41.0,6.9,263.1,22.8,22993,65452,30.0,25.9,27.3,33.9,25.9,28.9,21.9
Scarborough,2016-02-18,73.3,0.0,0.0,23.0,107.0,1013.9,46.7,6.8,254.6,22.0,22971,65465,29.0,25.0,26.9,32.0,25.0,28.2,21.7
Scarborough,2016-02-19,73.1,0.3048,4.17,18.3,97.3,1013.7,51.7,7.6,254.1,21.7,22949,65477,30.0,24.0,26.9,33.3,24.0,28.2,21.6
Scarborough,2016-02-20,71.7,0.1016,4.17,17.2,98.4,1012.6,29.0,8.0,269.7,23.2,22925,65488,29.8,24.0,26.6,33.5,24.0,27.6,20.9
Scarborough,2016-02-21,71.8,0.0,0.0,20.8,105.6,1011.7,32.3,7.8,277.1,24.0,22901,65499,29.7,23.0,26.2,32.8,23.0,27.2,20.6
Scarborough,2016-02-22,73.4,0.0,0.0,18.3,94.9,1011.8,41.9,8.6,271.8,23.6,22876,65509,30.0,23.2,26.2,33.4,23.2,27.1,20.9
Scarborough,2016-02-23,74.7,2.0065999999999997,4.17,20.8,88.6,1013.7,37.9,8.1,272.0,23.6,22851,65519,30.0,24.0,26.4,33.5,24.0,27.4,21.4
Scarborough,2016-02-24,71.3,0.3048,8.33,27.7,95.8,1014.5,33.6,7.2,251.8,21.9,22825,65528,31.0,25.0,27.2,33.8,25.0,28.4,21.4
Scarborough,2016-02-25,70.3,0.1016,4.17,25.3,97.1,1014.0,31.3,7.2,277.4,23.9,22798,65537,30.0,24.1,26.9,32.6,24.1,27.9,20.9
Scarborough,2016-02-26,73.0,0.1016,4.17,27.7,104.3,1014.0,37.5,7.3,278.0,23.9,22770,65545,30.0,23.0,26.2,32.6,23.0,27.2,20.8
Scarborough,2016-02-27,77.6,0.1016,4.17,17.2,88.5,1013.9,50.4,6.9,260.3,22.4,22742,65553,29.0,23.0,25.7,31.9,23.0,26.4,21.4
Scarborough,2016-02-28,73.5,0.0,0.0,23.0,97.8,1013.6,31.4,7.3,265.6,23.0,22713,65560,30.7,25.0,27.3,34.7,25.0,28.9,22.1
Scarborough,2016-02-29,73.7,0.0,0.0,23.0,99.0,1014.0,36.4,7.0,253.8,21.8,22683,65567,30.1,25.0,27.3,34.2,25.0,28.8,22.1
Scarborough,2016-03-01,77.1,0.889,4.17,19.2,89.8,1014.2,42.8,6.7,215.5,18.6,22961,64313,30.1,24.0,26.8,34.2,24.0,28.6,22.4
Scarborough,2016-03-02,75.5,0.0,0.0,15.0,96.1,1013.1,22.3,7.6,261.1,22.6,23203,65212,30.1,23.9,26.1,33.4,23.9,26.9,21.3
Scarborough,2016-03-03,74.9,0.2032,8.33,17.2,102.5,1013.2,41.7,7.0,275.2,23.8,22591,65584,29.0,24.0,26.5,32.8,24.0,27.6,21.6
Scarborough,2016-03-04,69.0,0.1016,4.17,18.3,98.8,1014.0,30.3,8.6,300.7,26.1,21492,65640,30.3,25.2,27.4,33.5,25.2,28.8,21.2
Scarborough,2016-03-05,75.9,0.0,0.0,15.0,109.7,1014.4,48.7,8.1,204.5,17.8,20601,65779,29.8,25.0,27.3,33.7,25.0,29.5,22.7
Scarborough,2016-03-06,78.7,2.2097999999999995,8.33,23.0,97.6,1013.8,54.2,6.7,231.9,20.1,20330,66219,30.9,26.0,27.8,36.3,26.0,31.4,23.8
Scarborough,2016-03-07,75.3,0.0,0.0,19.7,90.0,1015.5,37.0,7.1,250.5,21.7,20666,66608,31.0,26.0,28.0,35.5,26.0,31.1,23.2
Scarborough,2016-03-08,74.1,0.1016,4.17,18.3,118.7,1013.7,33.9,6.8,227.4,19.7,21082,66401,32.1,26.0,28.8,38.2,26.0,32.7,23.7
Scarborough,2016-03-09,82.5,24.002999999999997,8.33,12.8,48.3,1012.1,47.4,6.3,247.4,21.4,21172,65472,29.8,25.8,27.2,35.8,25.8,29.7,23.9
Scarborough,2016-03-10,75.1,2.9972,4.17,20.8,128.0,1011.2,43.8,7.0,221.9,19.2,21103,64303,31.1,27.0,28.8,37.4,29.7,33.2,23.9
Scarborough,2016-03-11,73.1,0.0,0.0,19.7,127.6,1011.0,41.0,7.4,226.5,19.5,21318,63450,31.0,28.0,29.3,37.8,31.3,33.9,23.9
Scarborough,2016-03-12,74.7,0.3048,8.33,17.2,92.0,1012.5,37.6,7.5,232.1,20.1,22069,63487,32.0,25.8,28.0,35.8,25.8,30.2,22.9
Scarborough,2016-03-13,76.1,0.3048,8.33,19.7,100.7,1014.2,43.0,7.8,262.8,22.7,22256,65620,30.0,24.8,27.3,34.3,24.8,29.4,22.7
Scarborough,2016-03-14,76.0,0.4064,4.17,18.3,112.7,1014.6,39.1,7.6,262.9,22.7,22221,65622,30.0,25.0,27.4,34.2,25.0,29.6,22.7
Scarborough,2016-03-15,73.8,0.3048,12.5,20.8,113.6,1014.0,32.2,8.2,278.5,24.0,22185,65624,30.8,24.7,27.5,34.9,24.7,29.3,22.3
Scarborough,2016-03-16,72.0,0.0,0.0,18.3,117.8,1013.6,34.8,8.3,282.4,24.5,22149,65625,30.0,25.8,27.4,33.6,25.8,29.2,21.9
Scarborough,2016-03-17,69.5,0.0,0.0,20.8,113.5,1013.6,26.9,8.4,280.7,24.3,22113,65627,30.0,26.0,27.7,33.3,26.0,29.6,21.6
Scarborough,2016-03-18,75.8,0.889,4.17,18.6,93.7,1013.7,54.2,7.5,257.2,22.3,22077,65628,30.0,24.0,26.8,33.6,24.0,28.4,22.1
Scarborough,2016-03-19,69.1,0.0,0.0,23.0,102.5,1014.0,48.3,8.1,286.3,24.9,22040,65629,31.0,25.7,27.8,34.6,25.7,29.7,21.6
Scarborough,2016-03-20,72.9,1.016,8.33,26.4,107.0,1014.5,40.7,7.6,257.3,22.4,22004,65630,30.2,24.0,27.3,34.4,24.0,28.9,21.9
Scarborough,2016-03-21,71.9,0.0,0.0,23.0,116.6,1015.1,32.3,7.8,265.5,22.8,21967,65631,31.0,26.0,27.9,35.5,26.0,30.1,22.3
Scarborough,2016-03-22,71.4,0.0,0.0,27.7,114.5,1015.6,45.9,7.7,265.6,23.1,21930,65631,30.0,26.7,27.9,34.2,28.7,30.7,22.2
Scarborough,2016-03-23,68.9,0.1016,4.17,26.4,93.4,1015.7,28.2,8.1,286.5,24.7,21894,65632,31.7,25.2,27.9,34.7,25.2,29.4,21.5
Scarborough,2016-03-24,68.3,0.0,0.0,28.9,99.8,1015.2,39.3,7.9,301.3,26.1,21857,65633,29.0,24.9,26.9,31.4,24.9,27.9,20.5
Scarborough,2016-03-25,62.9,0.0,0.0,25.3,100.3,1014.6,30.0,8.5,307.1,26.4,21820,65633,30.6,25.0,27.7,32.3,25.0,28.7,19.9
Scarborough,2016-03-26,64.0,0.0,0.0,23.0,97.5,1015.8,41.3,8.4,303.4,26.3,21783,65634,31.0,25.2,27.4,33.1,25.2,28.2,19.8
Scarborough,2016-03-27,67.7,0.0,0.0,25.3,103.4,1015.4,26.5,8.1,295.8,25.5,21746,65635,31.0,23.9,27.1,33.8,23.9,28.2,20.4
Scarborough,2016-03-28,66.3,0.0,0.0,23.0,92.9,1015.1,30.2,8.1,281.5,24.2,21710,65635,30.7,24.9,27.3,34.3,24.9,28.3,20.3
Scarborough,2016-03-29,68.4,0.2032,4.17,18.3,100.2,1014.5,39.9,8.0,279.2,24.0,21673,65636,30.0,25.0,27.3,32.7,25.0,28.6,20.9
Scarborough,2016-03-30,72.3,0.3048,12.5,26.4,106.1,1014.5,34.7,8.1,260.4,22.4,21637,65636,30.0,26.0,27.6,34.2,26.0,29.2,22.1
Scarborough,2016-03-31,74.9,0.0,0.0,27.7,109.9,1015.2,46.3,6.9,233.2,20.1,21600,65637,29.9,25.9,27.4,33.6,25.9,29.5,22.5
Scarborough,2016-04-01,76.8,0.3048,8.33,28.9,101.0,1013.7,37.4,6.8,220.0,19.0,22984,64346,30.0,24.0,27.1,35.1,24.0,29.2,22.6
Scarborough,2016-04-02,75.9,0.0,0.0,9.2,65.2,1012.4,32.9,7.6,257.5,22.2,23194,65233,29.0,22.3,26.1,32.0,22.3,27.2,21.5
Scarborough,2016-04-03,76.1,0.0,0.0,19.7,113.9,1013.2,30.7,7.2,258.6,22.5,22560,65589,28.2,23.9,26.1,31.0,23.9,26.9,21.4
Scarborough,2016-04-04,72.5,0.2032,8.33,20.8,108.0,1014.6,24.8,7.5,281.1,24.3,21456,65641,30.0,24.0,27.1,33.3,24.0,28.3,21.6
Scarborough,2016-04-05,73.2,0.2032,8.33,16.1,116.5,1013.7,39.6,8.2,214.0,18.4,20580,65788,30.0,26.0,27.8,34.2,26.0,30.3,22.5
Scarborough,2016-04-06,73.7,0.1016,4.17,17.2,102.5,1013.4,35.7,7.4,255.6,22.2,20334,66235,31.2,26.0,28.3,36.7,26.0,31.5,23.1
Scarborough,2016-04-07,80.4,28.016199999999998,8.33,24.2,112.8,1015.4,48.4,6.8,227.8,19.7,20682,66613,30.9,24.8,27.8,37.2,24.8,31.2,24.1
Scarborough,2016-04-08,79.3,2.9972,8.33,8.9,73.5,1013.2,48.9,6.8,262.6,22.6,21090,66381,30.7,26.0,27.9,36.7,26.0,31.6,24.0
Scarborough,2016-04-09,82.3,16.002,4.17,15.0,226.9,1010.5,32.4,6.6,271.5,23.5,21170,65434,32.0,25.0,27.8,40.7,25.0,31.0,24.4
Scarborough,2016-04-10,72.6,0.0,0.0,23.0,100.8,1012.1,38.4,7.2,270.2,23.2,21103,64266,32.0,26.0,28.7,37.9,26.0,32.3,23.2
Scarborough,2016-04-11,73.9,0.2032,4.17,25.3,116.2,1011.9,42.1,7.0,221.2,19.2,21335,63436,31.0,26.1,28.8,37.8,26.1,32.8,23.7
Scarborough,2016-04-12,82.6,1.9811999999999999,8.33,13.4,85.2,1012.2,39.1,6.8,213.1,18.3,22101,63505,30.1,23.9,26.9,36.2,23.9,28.9,23.7
Scarborough,2016-04-13,75.1,0.1016,4.17,18.3,121.5,1012.2,41.6,8.7,272.2,23.7,21148,65658,29.2,24.0,26.7,32.3,24.0,28.3,21.8
Scarborough,2016-04-14,75.2,0.1016,4.17,16.1,135.7,1012.0,44.3,8.7,280.7,24.4,21115,65661,30.0,26.0,27.6,34.2,26.0,30.0,22.8
Scarborough,2016-04-15,74.9,0.0,0.0,20.8,110.9,1011.7,38.6,9.5,274.6,23.8,21083,65665,31.0,25.0,27.8,35.5,25.0,30.3,22.8
Scarborough,2016-04-16,79.3,0.1016,4.17,18.3,122.2,1011.5,45.3,8.2,244.9,21.2,21051,65668,29.8,26.8,27.8,34.8,29.2,31.4,23.8
Scarborough,2016-04-17,78.0,0.0,0.0,20.8,110.8,1012.7,55.2,8.8,249.6,21.5,21020,65672,30.0,27.0,28.1,35.1,29.7,31.8,23.8
Scarborough,2016-04-18,74.9,0.0,0.0,19.7,115.1,1012.5,45.9,8.5,276.9,24.0,20990,65676,30.1,26.2,28.1,34.3,26.2,31.2,23.1
Scarborough,2016-04-19,73.8,0.0,0.0,20.8,121.3,1012.0,36.2,7.9,246.0,21.4,20960,65681,30.0,26.0,28.0,35.1,26.0,31.1,22.8
Scarborough,2016-04-20,75.4,0.0,0.0,18.3,112.9,1011.5,45.6,7.4,244.3,21.1,20930,65685,30.2,26.0,27.9,35.4,26.0,31.1,23.1
Scarborough,2016-04-21,74.6,0.0,0.0,18.3,114.1,1012.5,40.9,6.9,246.4,21.2,20901,65691,31.0,26.0,28.3,35.5,26.0,31.6,23.3
Scarborough,2016-04-22,86.0,33.2994,12.5,30.0,107.6,1013.9,58.8,6.5,228.3,19.7,20873,65696,27.1,25.0,26.3,30.1,25.0,27.7,23.8
Scarborough,2016-04-23,74.8,0.0,0.0,23.0,100.5,1012.7,40.4,7.0,294.5,25.4,20845,65702,31.0,26.0,28.2,35.5,26.0,31.5,23.2
Scarborough,2016-04-24,71.1,0.0,0.0,18.3,112.9,1012.0,41.6,6.7,289.0,25.2,20817,65708,30.0,26.0,27.8,33.6,26.0,30.2,22.1
Scarborough,2016-04-25,75.8,0.0,0.0,16.1,99.8,1011.0,64.7,7.2,281.5,24.3,20791,65714,30.2,25.7,27.6,34.2,25.7,30.0,22.9
Scarborough,2016-04-26,78.2,7.010400000000001,4.17,25.3,116.1,1010.3,50.0,6.9,269.7,23.3,20765,65721,30.2,26.3,27.8,35.4,26.3,30.9,23.6
Scarborough,2016-04-27,79.2,0.889,4.17,21.9,115.6,1011.3,43.8,7.0,271.0,23.4,20739,65728,31.0,26.1,27.9,37.8,26.1,31.3,23.9
Scarborough,2016-04-28,75.3,0.0,0.0,28.9,107.6,1012.0,45.3,7.0,271.9,23.5,20714,65736,31.0,26.7,28.3,36.6,29.2,31.9,23.4
Scarborough,2016-04-29,73.2,0.0,0.0,24.2,111.6,1012.1,43.6,6.7,283.8,24.4,20690,65744,30.2,27.0,28.0,34.6,29.2,31.1,22.7
Scarborough,2016-04-30,76.9,0.0,0.0,21.3,121.8,1012.1,45.7,6.8,121.3,10.5,20667,65752,29.0,25.9,27.5,33.2,25.9,30.3,23.1
Scarborough,2016-05-01,73.4,0.0,0.0,20.8,105.5,1014.8,26.7,7.1,216.4,18.7,23005,64379,29.9,25.9,27.3,33.3,25.9,28.8,22.1
Scarborough,2016-05-02,83.9,2.3114,8.33,26.4,72.9,1014.6,56.2,7.2,139.9,12.0,23184,65254,26.2,23.0,24.9,26.2,23.0,24.9,22.0
Scarborough,2016-05-03,68.7,0.0,0.0,23.0,110.7,1013.4,23.1,7.6,297.4,25.6,22528,65594,30.0,23.0,26.9,33.1,23.0,27.8,20.6
Scarborough,2016-05-04,70.2,0.1016,4.17,23.0,107.3,1014.4,27.0,8.2,272.2,23.5,21421,65642,31.0,25.0,27.7,33.8,25.0,29.3,21.7
Scarborough,2016-05-05,72.9,0.0,0.0,17.2,130.5,1013.3,40.1,8.0,221.8,19.1,20560,65798,30.0,26.0,27.9,34.2,26.0,30.5,22.5
Scarborough,2016-05-06,77.3,2.413,8.33,20.8,96.3,1012.8,44.9,6.5,274.3,23.8,20338,66252,31.0,26.2,28.2,36.3,26.2,32.0,23.8
Scarborough,2016-05-07,78.9,8.991599999999998,4.17,23.0,89.8,1014.7,40.6,6.4,252.7,21.9,20697,66618,31.0,25.0,27.7,36.6,25.0,30.6,23.7
Scarborough,2016-05-08,77.4,8.991599999999998,4.17,13.9,139.7,1012.9,41.5,7.0,244.9,21.2,21098,66360,30.0,25.0,28.1,35.3,25.0,31.8,23.7
Scarborough,2016-05-09,79.3,0.9905999999999999,4.17,21.9,140.4,1012.4,54.1,7.0,264.1,22.8,21168,65396,31.2,26.0,28.6,37.8,26.0,33.1,24.6
Scarborough,2016-05-10,72.8,0.0,0.0,24.2,110.0,1011.3,37.4,7.4,216.4,18.6,21103,64230,32.0,26.0,28.9,37.9,26.0,32.4,23.4
Scarborough,2016-05-11,80.5,0.7874,4.17,23.0,98.3,1013.0,47.6,7.5,182.8,15.9,21352,63423,31.0,25.0,27.3,36.6,25.0,30.0,23.6
Scarborough,2016-05-12,80.5,11.074399999999999,12.5,16.3,69.8,1012.5,27.9,7.9,216.9,18.9,22133,63523,30.8,25.0,27.1,36.4,25.0,29.4,23.3
Scarborough,2016-05-13,75.1,0.3048,8.33,15.9,121.0,1014.3,38.8,7.2,233.0,20.1,20429,65892,30.7,26.3,28.3,36.2,26.3,31.8,23.4
Scarborough,2016-05-14,79.0,1.4986,8.33,25.3,113.3,1014.3,52.9,6.6,218.6,18.9,20417,65905,31.0,26.0,27.9,35.5,26.0,31.3,23.9
Scarborough,2016-05-15,74.6,0.9905999999999999,4.17,18.3,104.1,1015.0,42.3,7.4,257.2,22.2,20405,65919,32.0,25.0,28.3,36.8,25.0,30.9,23.2
Scarborough,2016-05-16,72.7,0.4064,4.17,25.3,105.0,1015.2,31.3,7.5,290.9,25.0,20394,65933,32.7,25.8,28.3,36.6,25.8,30.9,22.7
Scarborough,2016-05-17,77.4,3.302,8.33,25.3,100.4,1014.8,39.9,6.8,258.5,22.3,20383,65947,32.0,25.8,28.3,37.9,25.8,31.7,23.9
Scarborough,2016-05-18,72.5,0.3048,12.5,23.0,92.4,1014.3,52.8,7.5,274.3,23.8,20374,65961,32.0,26.2,28.7,35.9,26.2,32.1,23.1
Scarborough,2016-05-19,71.8,0.4064,12.5,20.6,93.7,1014.8,51.1,7.3,259.8,22.2,20365,65976,32.2,25.7,28.4,35.7,25.7,31.2,22.7
Scarborough,2016-05-20,75.1,8.991599999999998,4.17,20.8,91.6,1015.0,53.8,7.2,236.1,20.3,20357,65991,31.1,25.0,27.9,35.7,25.0,30.7,22.9
Scarborough,2016-05-21,82.7,1.2192,8.33,27.7,105.7,1014.5,52.2,6.6,137.6,12.0,20350,66006,28.8,26.7,27.3,33.2,29.6,30.8,24.1
Scarborough,2016-05-22,82.1,1.6764,8.33,23.0,101.3,1014.1,55.7,6.7,247.9,21.4,20344,66022,31.0,25.9,27.4,36.6,25.9,30.2,24.0
Scarborough,2016-05-23,78.0,1.7018,8.33,28.9,107.2,1015.5,48.8,6.5,272.8,23.6,20338,66037,31.0,25.0,28.2,36.6,25.0,31.3,23.9
Scarborough,2016-05-24,71.0,0.6096,4.17,24.2,102.2,1016.7,45.7,7.0,271.5,23.4,20334,66053,31.1,26.2,28.4,36.4,26.2,31.6,22.6
Scarborough,2016-05-25,69.2,0.0,0.0,18.3,108.1,1015.1,42.3,7.2,284.2,24.5,20330,66069,32.0,24.6,27.6,36.8,24.6,29.2,21.3
Scarborough,2016-05-26,72.7,0.0,0.0,16.1,108.5,1013.4,47.7,7.2,271.3,23.4,20327,66085,31.1,24.9,27.9,35.5,24.9,30.3,22.4
Scarborough,2016-05-27,79.8,0.9905999999999999,4.17,19.7,113.5,1012.9,54.8,7.9,225.0,19.3,20325,66102,30.7,26.2,28.1,37.4,26.2,32.1,24.2
Scarborough,2016-05-28,79.9,8.001,4.17,23.0,120.0,1014.2,47.2,7.1,208.9,18.0,20323,66118,30.0,26.0,28.3,36.2,26.0,32.7,24.4
Scarborough,2016-05-29,80.8,3.0987999999999998,8.33,19.7,106.2,1014.1,60.5,7.2,214.6,18.4,20322,66135,30.7,26.2,27.7,36.4,26.2,30.7,24.0
Scarborough,2016-05-30,75.3,0.0,0.0,20.8,109.8,1013.2,48.3,7.6,234.4,20.4,20322,66151,31.0,27.0,28.3,36.2,29.7,32.1,23.5
Scarborough,2016-05-31,74.6,0.2032,4.17,23.0,99.5,1012.1,50.0,7.2,250.8,21.6,20323,66168,32.0,26.8,28.7,39.2,29.4,32.8,23.7
Scarborough,2016-06-01,83.9,1.5239999999999998,12.5,28.9,108.3,1015.1,40.7,7.0,208.4,18.0,23025,64412,29.0,23.1,25.4,33.6,23.1,26.1,22.5
Scarborough,2016-06-02,73.4,0.1016,4.17,26.4,83.1,1016.1,44.9,7.1,232.7,20.1,23174,65274,30.0,26.0,27.1,33.8,26.0,28.5,21.9
Scarborough,2016-06-03,79.6,4.3942,8.33,20.8,103.8,1014.0,47.1,6.7,254.7,22.0,22495,65598,28.0,24.0,25.6,30.8,24.0,26.1,21.7
Scarborough,2016-06-04,72.4,0.2032,8.33,23.0,107.3,1013.2,49.5,7.8,284.1,24.5,21385,65643,30.0,26.0,27.6,34.2,26.0,29.4,22.1
Scarborough,2016-06-05,74.0,0.0,0.0,23.0,122.4,1013.1,28.2,7.7,288.2,24.9,20541,65809,30.0,26.8,28.3,35.1,29.3,31.8,23.2
Scarborough,2016-06-06,85.9,3.0987999999999998,12.5,32.2,115.0,1014.8,60.2,6.0,89.3,7.8,20343,66269,28.0,24.0,25.9,31.9,24.0,26.9,23.3
Scarborough,2016-06-07,74.7,0.8128,12.5,19.7,97.8,1015.3,35.6,6.6,236.1,20.3,20713,66622,31.8,25.6,28.7,38.9,25.6,32.4,23.7
Scarborough,2016-06-08,72.9,0.1016,4.17,17.2,136.2,1014.9,35.8,6.8,224.3,19.4,21106,66338,31.8,26.1,29.2,37.8,26.1,33.5,23.8
Scarborough,2016-06-09,79.3,0.3048,4.17,15.0,105.5,1014.1,38.7,7.1,220.5,18.9,21166,65358,30.0,26.0,27.4,35.9,26.0,29.8,23.5
Scarborough,2016-06-10,77.3,5.0038,8.33,13.0,86.6,1010.2,41.6,7.2,221.6,19.2,21104,64194,31.0,26.0,28.1,36.6,26.0,31.8,23.7
Scarborough,2016-06-11,76.4,1.2192,12.5,127.7,131.6,1012.0,47.5,6.5,211.0,18.3,21370,63411,31.0,26.0,28.3,36.6,26.0,31.9,23.7
Scarborough,2016-06-12,79.5,0.9905999999999999,4.17,18.1,86.6,1013.1,34.2,7.7,215.2,18.7,22165,63543,31.1,25.0,27.7,37.8,25.0,30.6,23.8
Scarborough,2016-06-13,74.0,0.0,0.0,25.3,109.2,1016.8,41.8,7.1,287.0,24.7,20397,66382,31.0,26.7,28.4,36.6,26.7,31.8,23.2
Scarborough,2016-06-14,71.0,0.0,0.0,25.3,102.1,1017.5,36.4,7.0,271.8,23.5,20407,66397,31.0,26.6,28.8,35.5,26.6,32.1,22.9
Scarborough,2016-06-15,69.3,0.0,0.0,19.7,100.3,1018.0,24.0,8.2,294.8,25.5,20417,66412,32.2,25.0,28.1,36.1,25.0,30.3,21.8
Scarborough,2016-06-16,73.6,0.0,0.0,16.1,89.8,1016.5,28.2,7.5,269.5,23.3,20428,66427,32.0,25.6,27.7,36.8,25.6,29.7,22.4
Scarborough,2016-06-17,71.8,0.3048,12.5,20.8,103.6,1015.3,37.8,7.4,287.3,24.7,20439,66441,32.1,26.0,28.1,36.7,26.0,30.6,22.4
Scarborough,2016-06-18,77.0,0.6096,12.5,18.3,102.1,1014.2,52.3,7.2,253.1,21.8,20451,66455,31.0,25.7,27.6,36.6,25.7,29.5,23.1
Scarborough,2016-06-19,88.0,23.7744,12.5,20.4,107.6,1014.1,58.5,6.9,167.0,14.3,20463,66469,28.0,24.7,25.7,31.9,24.7,26.2,23.6
Scarborough,2016-06-20,81.1,0.6096,8.33,17.2,91.8,1014.8,49.1,7.0,196.9,16.9,20476,66482,31.2,25.4,27.5,37.7,25.4,29.9,23.8
Scarborough,2016-06-21,75.1,0.2032,4.17,21.9,108.2,1014.8,44.6,6.8,268.4,23.3,20489,66495,31.0,26.0,28.0,36.6,26.0,31.0,23.1
Scarborough,2016-06-22,70.0,0.0,0.0,23.0,95.7,1015.8,41.2,6.9,261.9,22.8,20502,66508,31.0,26.0,28.4,35.5,26.0,31.0,22.3
Scarborough,2016-06-23,81.5,19.1008,12.5,23.0,95.2,1015.6,47.5,5.6,222.8,19.2,20516,66520,29.0,24.0,26.6,33.6,24.0,28.0,23.1
Scarborough,2016-06-24,79.4,8.991599999999998,8.33,25.3,106.4,1014.3,44.0,7.0,229.8,19.8,20530,66531,31.2,25.9,28.0,37.9,25.9,31.6,24.1
Scarborough,2016-06-25,74.4,0.0,0.0,18.3,103.2,1013.9,38.1,7.0,261.9,22.6,20544,66542,31.0,26.7,28.5,36.6,26.7,32.2,23.5
Scarborough,2016-06-26,72.8,0.0,0.0,17.7,85.4,1014.6,40.5,7.4,293.5,25.3,20559,66552,32.1,25.2,28.0,35.2,25.2,30.0,22.5
Scarborough,2016-06-27,73.2,0.0,0.0,17.2,116.0,1014.9,29.3,7.8,302.6,26.0,20574,66562,31.1,26.0,28.0,36.7,26.0,30.7,22.7
Scarborough,2016-06-28,86.1,5.9944,8.33,21.9,103.9,1015.1,63.4,6.7,206.8,18.0,20589,66571,30.0,24.0,26.2,35.1,24.0,27.4,23.6
Scarborough,2016-06-29,76.7,5.9944,8.33,20.8,102.1,1014.9,38.7,7.2,238.9,20.7,20604,66580,30.7,25.7,27.6,35.8,25.7,29.8,23.0
Scarborough,2016-06-30,74.4,0.9905999999999999,4.17,18.1,104.5,1014.9,30.0,7.3,264.5,22.8,20619,66588,30.1,24.8,27.5,35.1,24.8,29.7,22.5
Scarborough,2016-07-01,80.7,2.8194,12.5,18.3,113.2,1014.1,46.5,7.1,208.7,18.0,23045,64445,29.0,24.0,26.1,33.3,24.0,27.3,22.5
Scarborough,2016-07-02,72.3,0.2032,4.17,23.0,88.2,1014.9,33.8,6.8,242.0,20.9,23162,65293,30.0,24.6,27.1,33.3,24.6,28.3,21.6
Scarborough,2016-07-03,73.7,0.2032,4.17,23.0,117.8,1013.9,46.8,7.1,265.1,22.9,22462,65602,29.1,24.9,26.8,32.1,24.9,28.1,21.7
Scarborough,2016-07-04,71.7,0.0,0.0,20.8,95.4,1013.0,47.2,7.4,272.0,23.6,21350,65645,31.9,25.9,27.7,35.7,25.9,29.3,22.0
Scarborough,2016-07-05,82.2,2.0065999999999997,4.17,19.7,104.4,1013.2,57.0,6.9,250.8,21.5,20523,65820,30.0,25.0,27.2,36.2,25.0,29.8,23.8
Scarborough,2016-07-06,81.3,13.2842,8.33,33.7,114.5,1014.5,55.7,6.7,209.0,18.0,20349,66285,30.0,25.9,27.6,36.2,25.9,30.8,24.0
Scarborough,2016-07-07,79.2,0.7111999999999999,4.17,11.6,102.6,1015.3,41.5,6.9,260.3,22.5,20729,66625,31.0,26.0,28.2,37.8,26.0,32.1,24.2
Scarborough,2016-07-08,76.9,0.1016,4.17,34.4,111.3,1014.9,37.7,6.7,250.5,21.6,21113,66316,32.0,25.2,28.4,37.9,25.2,31.8,23.8
Scarborough,2016-07-09,73.2,0.6096,4.17,13.9,121.6,1014.4,32.6,7.2,273.1,23.5,21163,65319,31.2,25.0,27.8,35.5,25.0,30.1,22.4
Scarborough,2016-07-10,78.9,8.991599999999998,4.17,20.8,122.1,1008.4,42.0,6.6,228.0,19.7,21104,64159,31.0,26.8,28.4,39.1,29.9,32.8,24.3
Scarborough,2016-07-11,81.8,11.2014,8.33,17.2,127.9,1010.9,44.7,6.6,221.5,19.2,21388,63399,30.0,24.9,27.3,36.2,24.9,29.9,23.8
Scarborough,2016-07-12,80.4,0.7111999999999999,8.33,18.1,71.3,1012.5,47.3,7.1,196.7,17.0,22197,63563,29.2,25.8,27.3,34.6,25.8,29.8,23.6
Scarborough,2016-07-13,74.0,0.0,0.0,20.8,100.2,1013.5,35.1,7.2,0.0,0.0,20822,66627,32.1,26.7,28.7,39.3,26.7,32.4,23.5
Scarborough,2016-07-14,76.3,8.991599999999998,12.5,16.1,86.5,1013.3,47.0,7.2,226.9,19.8,20837,66625,32.0,26.0,28.1,37.8,26.0,31.3,23.4
Scarborough,2016-07-15,83.2,2.1082,8.33,17.2,108.0,1012.1,46.8,6.6,215.3,18.6,20852,66622,29.0,25.9,27.3,34.6,25.9,30.1,24.1
Scarborough,2016-07-16,79.3,0.9905999999999999,4.17,16.1,113.8,1013.3,44.5,6.5,261.1,22.5,20867,66618,31.0,26.0,28.1,36.6,26.0,31.9,24.1
Scarborough,2016-07-17,69.4,4.191,4.17,13.9,119.5,1014.6,25.0,7.3,286.4,24.7,20881,66613,31.7,25.0,28.2,35.6,25.0,30.2,21.9
Scarborough,2016-07-18,72.3,0.0,0.0,13.9,131.4,1013.7,26.9,7.4,279.1,24.1,20895,66607,30.1,24.7,27.6,34.2,24.7,29.6,22.1
Scarborough,2016-07-19,75.8,0.3048,4.17,13.9,122.6,1014.4,33.4,7.8,267.9,23.2,20909,66601,31.1,24.9,27.8,37.6,24.9,30.7,23.1
Scarborough,2016-07-20,76.9,0.7111999999999999,8.33,14.5,124.0,1014.7,38.2,7.1,234.2,20.2,20923,66593,31.1,25.7,28.0,37.8,25.7,30.8,23.4
Scarborough,2016-07-21,84.4,13.9954,4.17,16.6,104.1,1014.5,46.8,6.1,236.5,20.2,20937,66585,30.0,26.0,27.5,37.4,26.0,31.3,24.6
Scarborough,2016-07-22,73.3,0.2032,4.17,17.2,95.2,1014.0,33.5,6.8,283.9,24.5,20950,66576,31.2,25.9,28.4,36.6,25.9,31.5,23.1
Scarborough,2016-07-23,73.9,0.0,0.0,18.3,112.9,1013.2,25.2,7.2,277.4,23.9,20963,66566,31.1,25.8,28.0,36.4,25.8,30.3,22.8
Scarborough,2016-07-24,69.2,0.2032,4.17,21.9,110.3,1013.4,28.3,6.9,287.7,24.7,20975,66555,31.0,26.0,28.6,35.5,26.0,31.5,22.3
Scarborough,2016-07-25,72.8,0.2032,4.17,13.9,100.3,1013.2,27.1,7.0,279.9,24.0,20988,66544,31.2,25.1,28.2,35.9,25.1,30.9,22.8
Scarborough,2016-07-26,73.9,1.6001999999999998,8.33,21.9,109.5,1012.9,34.5,7.4,252.3,21.8,21000,66531,32.0,25.7,28.5,38.5,25.7,31.5,23.3
Scarborough,2016-07-27,72.7,0.0,0.0,19.7,114.7,1013.6,32.5,7.3,249.5,21.6,21011,66518,31.2,27.0,28.8,36.6,29.7,32.7,23.3
Scarborough,2016-07-28,73.5,0.7111999999999999,16.67,20.8,96.7,1013.2,37.6,7.0,264.5,22.9,21022,66503,32.1,26.0,28.6,37.9,26.0,31.4,23.2
Scarborough,2016-07-29,76.1,0.6096,12.5,16.1,110.9,1012.7,36.0,7.3,245.9,21.1,21033,66488,31.1,25.7,27.9,36.6,25.7,30.7,23.2
Scarborough,2016-07-30,75.1,0.3048,4.17,6.9,75.0,1011.5,34.5,7.3,260.5,22.6,21044,66472,30.0,26.0,27.9,35.1,26.0,30.9,23.1
Scarborough,2016-07-31,73.7,0.1016,4.17,18.3,126.0,1012.2,29.6,6.8,243.6,21.1,21054,66456,31.0,26.1,28.8,36.6,26.1,32.7,23.6
Scarborough,2016-08-01,81.6,3.0987999999999998,8.33,18.3,117.7,1012.8,36.5,7.0,216.1,18.6,23064,64478,29.0,24.6,26.5,33.6,24.6,27.9,23.1
Scarborough,2016-08-02,74.4,0.1016,4.17,23.0,88.0,1014.9,32.1,6.7,236.5,20.5,23149,65312,30.0,25.0,26.7,33.3,25.0,27.7,21.7
Scarborough,2016-08-03,74.6,0.0,0.0,16.1,109.8,1014.1,49.1,7.7,274.8,23.8,22429,65606,29.2,24.0,26.5,32.3,24.0,27.6,21.6
Scarborough,2016-08-04,70.0,0.0,0.0,25.3,107.8,1012.5,48.9,7.8,283.1,24.5,21316,65647,30.0,25.9,27.7,33.3,25.9,29.4,21.6
Scarborough,2016-08-05,78.9,10.5156,8.33,17.2,107.7,1013.1,25.1,6.9,297.7,25.7,20505,65831,30.2,25.8,27.4,35.1,25.8,29.8,23.3
Scarborough,2016-08-06,75.4,0.9905999999999999,4.17,18.3,100.3,1016.1,36.8,7.1,299.2,25.9,20356,66302,31.0,26.8,28.5,36.6,29.2,32.5,23.7
Scarborough,2016-08-07,75.7,0.0,0.0,16.1,127.2,1016.0,30.2,7.4,259.2,22.4,20745,66627,31.0,26.0,28.3,36.6,26.0,31.6,23.6
Scarborough,2016-08-08,72.9,5.9944,4.17,20.8,101.0,1013.6,37.4,7.1,283.6,24.5,21120,66293,32.7,26.0,29.2,39.8,26.0,33.4,23.7
Scarborough,2016-08-09,73.0,0.889,4.17,13.9,136.2,1014.0,42.2,7.0,208.7,18.2,21161,65280,31.0,25.4,28.6,36.6,25.4,32.1,23.2
Scarborough,2016-08-10,79.5,1.3208,8.33,19.7,104.6,1009.5,39.9,7.2,251.7,21.7,21106,64124,31.2,26.0,28.3,37.7,26.0,32.1,24.3
Scarborough,2016-08-11,80.8,47.0154,8.33,9.2,146.9,1010.5,35.6,6.2,184.5,15.7,21407,63389,30.0,25.0,27.4,36.2,25.0,30.2,23.7
Scarborough,2016-08-12,84.4,21.996399999999998,8.33,19.7,107.3,1012.2,47.3,5.8,147.2,12.8,22229,63584,31.0,25.0,26.9,37.8,25.0,28.7,23.9
Scarborough,2016-08-13,66.3,0.0,0.0,19.7,102.0,1013.6,28.9,7.2,298.3,25.9,21149,66166,32.1,27.0,28.8,35.1,28.6,31.6,21.7
Scarborough,2016-08-14,79.5,2.9972,8.33,28.3,99.7,1013.0,50.8,6.5,135.7,11.6,21153,66139,30.0,25.0,27.3,35.1,25.0,29.7,23.3
Scarborough,2016-08-15,72.3,0.4064,8.33,20.8,95.6,1013.4,34.7,7.1,266.9,23.0,21157,66111,32.0,26.7,28.6,36.8,28.7,32.1,23.0
Scarborough,2016-08-16,71.2,0.2032,8.33,26.4,101.5,1013.9,32.7,6.9,281.6,24.4,21161,66082,31.9,25.8,28.4,36.8,25.8,31.2,22.6
Scarborough,2016-08-17,76.5,2.9972,8.33,20.8,95.4,1013.6,40.5,7.0,252.6,21.8,21164,66052,32.1,25.7,28.2,39.2,25.7,31.8,23.6
Scarborough,2016-08-18,73.1,2.9972,8.33,23.0,104.6,1013.1,32.2,7.1,270.2,23.4,21167,66022,32.1,26.2,28.9,37.9,26.2,32.8,23.5
Scarborough,2016-08-19,76.2,0.508,4.17,17.2,109.0,1013.0,38.8,6.7,241.6,20.7,21170,65992,32.0,26.8,28.4,39.2,29.2,32.4,23.8
Scarborough,2016-08-20,74.7,1.0921999999999998,8.33,16.1,105.3,1012.5,33.2,7.0,246.4,21.3,21172,65961,33.0,26.0,28.8,38.1,26.0,32.5,23.7
Scarborough,2016-08-21,71.7,0.1016,4.17,16.1,111.0,1013.4,31.6,6.9,292.9,25.2,21174,65929,31.0,26.0,28.5,36.6,26.0,31.6,22.8
Scarborough,2016-08-22,71.9,0.0,0.0,15.0,120.0,1013.8,27.9,7.2,287.8,24.9,21176,65897,31.1,25.9,28.5,35.9,25.9,31.5,22.8
Scarborough,2016-08-23,73.4,0.0,0.0,6.9,91.1,1012.9,35.8,7.2,282.5,24.6,21177,65864,31.0,25.0,28.1,36.6,25.0,30.7,22.8
Scarborough,2016-08-24,72.2,0.0,0.0,13.9,126.8,1012.4,35.1,7.3,265.2,22.9,21178,65830,31.8,24.9,28.4,37.6,24.9,31.4,22.8
Scarborough,2016-08-25,71.1,0.0,0.0,16.1,124.0,1012.4,36.7,7.5,265.4,23.0,21179,65796,31.9,27.0,29.4,37.8,29.2,33.9,23.6
Scarborough,2016-08-26,74.3,5.0038,4.17,13.9,119.1,1012.7,42.4,7.5,245.1,21.2,21179,65762,30.1,26.0,28.4,35.1,26.0,32.2,23.4
Scarborough,2016-08-27,73.5,0.0,0.0,15.0,128.6,1012.8,33.2,7.1,253.4,21.8,21179,65727,31.1,26.0,28.6,37.1,26.0,32.0,23.3
Scarborough,2016-08-28,76.7,2.0065999999999997,4.17,20.8,97.8,1013.1,48.3,7.2,245.7,21.2,21179,65692,31.7,26.0,28.1,38.4,26.0,31.2,23.6
Scarborough,2016-08-29,78.0,3.6067999999999993,8.33,20.8,107.9,1013.8,49.2,6.8,248.7,21.6,21178,65656,32.0,26.0,27.9,36.8,26.0,30.7,23.6
Scarborough,2016-08-30,72.0,0.6096,4.17,20.8,106.4,1013.2,34.0,7.0,276.9,23.8,21177,65620,33.1,27.0,29.4,39.3,29.7,33.6,23.6
Scarborough,2016-08-31,71.2,0.2032,8.33,20.8,99.1,1012.6,38.2,7.0,267.5,23.1,21176,65584,32.8,26.0,28.8,36.8,26.0,32.1,22.9
Scarborough,2016-09-01,79.6,1.0921999999999998,8.33,19.7,120.6,1012.5,39.3,7.1,210.7,18.1,23081,64511,29.1,24.8,26.8,33.6,24.8,28.3,22.9
Scarborough,2016-09-02,72.1,0.0,0.0,20.8,83.6,1015.7,39.7,7.2,235.7,20.3,23136,65330,31.0,25.0,27.0,33.3,25.0,27.9,21.4
Scarborough,2016-09-03,76.3,3.9878,4.17,13.9,109.9,1014.0,39.9,7.7,293.9,25.2,22395,65609,29.0,23.7,25.8,31.4,23.7,26.6,21.2
Scarborough,2016-09-04,66.9,0.0,0.0,19.7,91.0,1012.4,33.6,8.9,284.5,24.5,21281,65649,30.0,24.9,27.4,32.6,24.9,28.4,20.6
Scarborough,2016-09-05,76.1,2.9972,4.17,20.8,101.1,1013.3,32.6,6.8,261.6,22.6,20489,65842,30.0,24.0,27.4,35.1,24.0,29.4,22.7
Scarborough,2016-09-06,73.3,0.0,0.0,21.9,97.9,1016.4,25.0,7.1,286.4,24.7,20363,66318,31.9,26.0,28.7,38.7,26.0,32.5,23.4
Scarborough,2016-09-07,75.6,0.7874,4.17,16.1,114.5,1015.8,36.2,7.3,256.3,22.2,20760,66629,32.1,25.0,27.9,36.9,25.0,30.7,23.2
Scarborough,2016-09-08,72.0,0.0,0.0,23.0,103.0,1014.1,32.1,6.9,255.3,22.1,21127,66269,33.1,26.0,29.2,38.8,26.0,33.2,23.5
Scarborough,2016-09-09,74.9,5.0038,8.33,17.2,115.5,1014.0,36.7,7.1,249.9,21.6,21158,65241,31.0,25.8,28.8,37.5,25.8,32.8,23.8
Scarborough,2016-09-10,76.0,1.016,8.33,21.9,125.4,1010.2,43.4,7.0,210.8,18.1,21107,64089,30.1,26.9,28.7,36.2,29.4,33.2,24.1
Scarborough,2016-09-11,78.9,2.8956,8.33,18.3,133.4,1011.0,42.3,7.1,183.2,15.8,21427,63380,30.0,26.4,28.4,36.2,26.4,32.8,24.4
Scarborough,2016-09-12,79.2,1.4223999999999999,12.5,21.9,89.3,1012.5,43.3,6.9,194.3,16.8,22261,63606,31.0,25.0,27.9,37.8,25.0,31.0,23.9
Scarborough,2016-09-13,80.2,0.4064,4.17,15.0,97.6,1012.1,53.9,6.8,220.9,19.1,21147,65084,31.7,25.9,27.8,38.7,25.9,30.8,23.9
Scarborough,2016-09-14,77.5,1.4223999999999999,16.67,15.0,119.5,1013.2,43.3,7.5,252.0,21.8,21144,65044,31.7,26.0,28.4,38.8,26.0,32.1,24.1
Scarborough,2016-09-15,76.3,0.1016,4.17,11.4,116.5,1013.1,37.6,7.5,269.5,23.3,21141,65004,31.1,26.0,28.7,37.8,26.0,32.6,24.1
Scarborough,2016-09-16,72.5,0.0,0.0,15.0,113.6,1012.9,25.5,7.2,287.9,24.8,21138,64965,32.0,26.0,28.8,37.9,26.0,32.3,23.3
Scarborough,2016-09-17,78.0,3.6067999999999993,16.67,14.5,139.6,1013.3,38.4,7.2,230.2,19.9,21135,64925,30.7,25.8,27.8,36.4,25.8,31.0,23.6
Scarborough,2016-09-18,74.7,0.1016,4.17,16.1,101.7,1012.9,35.8,7.5,247.8,21.6,21132,64885,31.9,26.0,28.9,37.8,26.0,33.2,23.9
Scarborough,2016-09-19,73.9,0.3048,4.17,17.2,105.2,1012.8,36.4,7.1,271.1,23.4,21129,64845,31.2,26.0,28.8,37.8,26.0,32.8,23.6
Scarborough,2016-09-20,76.0,5.9944,4.17,12.8,115.9,1012.1,38.8,7.1,248.7,21.6,21126,64805,30.2,26.0,27.9,35.4,26.0,31.0,23.3
Scarborough,2016-09-21,73.2,0.1016,4.17,13.9,138.6,1011.4,34.8,6.9,251.6,21.8,21124,64766,32.0,25.8,28.8,37.9,25.8,32.2,23.4
Scarborough,2016-09-22,69.7,0.0,0.0,17.2,131.6,1012.3,35.7,7.6,269.1,23.1,21121,64726,32.0,27.9,29.7,39.2,31.1,34.2,23.5
Scarborough,2016-09-23,73.7,0.4064,4.17,16.1,113.0,1014.0,35.5,7.6,254.8,22.0,21118,64687,31.8,26.9,28.7,37.8,29.4,32.8,23.5
Scarborough,2016-09-24,69.7,0.1016,4.17,16.1,100.1,1014.0,28.6,7.8,260.9,22.5,21116,64647,33.1,25.8,28.8,38.1,25.8,31.6,22.5
Scarborough,2016-09-25,76.0,2.1082,8.33,10.3,114.6,1012.7,35.4,6.9,263.4,22.8,21114,64608,31.0,25.0,27.8,36.6,25.0,30.3,23.1
Scarborough,2016-09-26,73.8,0.9905999999999999,4.17,11.4,121.9,1012.5,42.3,7.5,221.8,19.1,21112,64569,31.0,25.7,28.4,36.1,25.7,31.6,23.2
Scarborough,2016-09-27,78.0,8.991599999999998,4.17,12.8,102.2,1011.7,40.8,6.8,261.1,22.6,21110,64530,32.0,26.0,28.0,37.8,26.0,31.5,23.7
Scarborough,2016-09-28,84.5,10.998199999999999,8.33,19.7,255.1,1010.4,62.2,6.0,203.4,17.5,21108,64492,31.0,25.0,27.3,37.8,25.0,30.0,24.4
Scarborough,2016-09-29,76.8,48.9966,12.5,26.4,117.5,1011.2,51.9,6.7,216.0,18.6,21106,64453,32.0,26.8,28.7,39.2,29.1,33.3,24.2
Scarborough,2016-09-30,72.0,0.0,0.0,18.3,103.7,1010.2,38.3,7.5,270.6,23.4,21105,64415,32.0,26.0,28.6,36.8,26.0,31.8,22.9
Scarborough,2016-10-01,76.9,0.1016,4.17,18.3,106.1,1013.0,37.4,7.5,229.4,20.0,23098,64543,30.1,24.0,26.8,33.7,24.0,28.3,22.3
Scarborough,2016-10-02,75.1,0.0,0.0,25.3,81.8,1016.1,27.6,7.4,253.3,21.8,23121,65347,29.7,24.0,26.4,32.7,24.0,27.3,21.6
Scarborough,2016-10-03,81.4,5.9944,8.33,17.2,62.4,1014.3,65.0,6.8,240.1,20.8,22361,65612,28.0,23.0,25.1,30.6,23.0,25.3,21.6
Scarborough,2016-10-04,68.5,0.0,0.0,18.3,95.0,1012.6,30.1,11.1,283.7,24.4,21247,65651,30.0,24.0,26.8,33.1,24.0,27.6,20.3
Scarborough,2016-10-05,73.4,0.0,0.0,21.9,97.7,1013.5,39.5,7.6,267.8,23.1,20473,65854,31.2,25.0,27.7,35.8,25.0,29.7,22.4
Scarborough,2016-10-06,71.4,0.0,0.0,23.0,99.0,1016.6,25.6,7.0,268.8,23.1,20370,66335,32.1,26.0,28.6,38.2,26.0,31.6,22.8
Scarborough,2016-10-07,79.7,0.6096,8.33,20.8,116.6,1015.2,43.5,7.0,225.4,19.5,20776,66630,31.8,26.0,28.1,38.9,26.0,31.7,24.2
Scarborough,2016-10-08,81.8,24.002999999999997,8.33,13.9,85.6,1014.4,50.2,6.6,221.0,18.9,21133,66244,29.8,25.0,26.9,35.4,25.0,29.4,23.6
Scarborough,2016-10-09,73.4,0.2032,4.17,19.7,99.4,1014.4,27.7,6.8,259.7,22.6,21156,65202,32.0,26.0,28.9,39.2,26.0,32.8,23.6
Scarborough,2016-10-10,77.0,0.0,0.0,18.3,116.9,1011.6,40.4,6.7,225.2,19.3,21109,64055,31.1,26.0,29.0,39.1,26.0,33.9,24.5
Scarborough,2016-10-11,83.7,0.508,8.33,15.0,104.8,1011.3,47.9,6.7,127.3,11.1,21448,63372,31.0,25.7,27.6,37.8,25.7,31.1,24.5
Scarborough,2016-10-12,73.5,0.1016,4.17,21.5,88.9,1013.6,28.6,7.0,216.9,19.0,22293,63628,31.7,26.7,28.4,37.8,26.7,31.9,23.2
Scarborough,2016-10-13,80.4,3.9878,4.17,17.2,107.1,1011.5,42.3,7.5,217.6,19.0,21118,63956,31.1,26.0,28.0,36.6,26.0,31.6,24.2
Scarborough,2016-10-14,81.8,18.9992,4.17,12.3,114.2,1012.7,37.2,7.7,252.9,21.9,21122,63925,30.2,25.0,27.6,36.3,25.0,30.6,24.1
Scarborough,2016-10-15,77.9,0.0,0.0,13.9,114.1,1012.1,30.3,7.5,240.7,20.8,21126,63894,31.2,26.0,28.5,37.8,26.0,32.4,24.2
Scarborough,2016-10-16,76.1,0.0,0.0,12.8,119.6,1010.6,27.4,8.0,262.6,22.6,21131,63863,31.0,26.0,28.6,37.8,26.0,32.6,23.9
Scarborough,2016-10-17,72.0,0.0,0.0,21.9,133.6,1010.7,28.0,8.3,254.9,22.0,21137,63833,31.2,28.0,29.2,37.8,31.3,33.6,23.6
Scarborough,2016-10-18,71.7,0.0,0.0,19.7,131.6,1011.3,29.9,8.3,255.6,22.1,21143,63804,31.1,28.0,29.4,37.4,31.2,34.0,23.8
Scarborough,2016-10-19,75.1,0.0,0.0,19.7,124.3,1011.7,31.9,7.8,257.5,22.2,21149,63776,31.9,27.0,29.2,38.0,30.1,34.1,24.3
Scarborough,2016-10-20,76.8,0.0,0.0,18.3,108.6,1011.1,34.1,7.2,250.0,21.7,21156,63748,31.1,26.0,28.4,36.6,26.0,31.9,23.8
Scarborough,2016-10-21,73.6,0.1016,4.17,18.3,105.1,1009.9,28.4,7.8,263.3,22.8,21164,63721,32.0,26.0,28.5,36.8,26.0,31.4,23.2
Scarborough,2016-10-22,78.0,5.0038,8.33,17.2,103.4,1010.9,45.8,7.0,225.4,19.5,21172,63695,32.0,25.0,28.1,37.9,25.0,30.9,23.8
Scarborough,2016-10-23,77.2,0.4064,4.17,15.0,105.3,1011.4,33.1,7.3,225.5,19.5,21180,63670,32.0,25.7,28.4,37.9,25.7,32.2,23.9
Scarborough,2016-10-24,79.1,0.508,16.67,9.2,77.1,1010.4,32.1,8.0,237.8,20.6,21190,63646,31.0,25.2,27.8,36.6,25.2,30.8,23.7
Scarborough,2016-10-25,80.1,11.9888,4.17,16.1,135.8,1009.1,46.6,8.1,237.6,20.6,21200,63622,30.2,25.8,27.7,36.2,25.8,30.8,23.9
Scarborough,2016-10-26,77.3,0.2032,8.33,17.2,113.9,1009.3,46.6,7.5,218.1,18.8,21210,63599,29.1,25.9,27.5,33.6,25.9,30.3,23.1
Scarborough,2016-10-27,77.4,0.0,0.0,19.7,114.1,1009.3,36.5,7.5,239.1,20.7,21222,63577,31.7,25.9,28.4,38.5,25.9,32.1,24.0
Scarborough,2016-10-28,77.6,0.3048,8.33,18.3,122.6,1010.3,33.2,7.7,238.0,20.6,21233,63556,31.0,26.0,28.2,37.8,26.0,31.5,23.9
Scarborough,2016-10-29,78.6,10.0076,4.17,13.9,125.9,1011.6,34.6,7.3,225.9,19.5,21246,63536,31.1,25.9,28.1,37.8,25.9,31.6,24.0
Scarborough,2016-10-30,82.5,8.001,4.17,23.0,143.2,1011.4,37.2,7.1,167.6,14.4,21259,63517,30.0,25.0,27.3,36.2,25.0,30.1,24.1
Scarborough,2016-10-31,76.1,0.0,0.0,13.9,153.3,1009.2,30.0,7.8,227.5,19.8,21273,63499,30.8,26.0,28.5,37.3,26.0,32.6,23.8
Scarborough,2016-11-01,77.1,0.7111999999999999,4.17,16.1,62.0,1014.2,44.5,8.0,226.6,19.6,23114,64576,30.8,23.0,25.7,33.5,23.0,26.6,21.3
Scarborough,2016-11-02,73.7,0.2032,8.33,28.9,92.7,1015.8,33.1,6.9,260.7,22.6,23105,65364,30.0,25.7,27.0,33.3,25.7,28.3,21.9
Scarborough,2016-11-03,72.5,2.9972,8.33,18.3,30.3,1014.1,51.1,6.9,252.7,21.6,22326,65615,29.1,23.0,26.4,32.0,23.0,27.6,21.0
Scarborough,2016-11-04,73.3,5.9944,4.17,24.2,105.3,1012.4,46.4,7.7,289.4,25.0,21214,65653,32.0,23.0,26.4,36.8,23.0,27.4,21.1
Scarborough,2016-11-05,71.4,0.0,0.0,20.8,97.8,1014.0,46.4,7.5,288.5,24.8,20457,65867,31.0,26.0,28.1,35.5,26.0,30.8,22.4
Scarborough,2016-11-06,75.3,0.2032,4.17,19.7,97.6,1017.2,39.5,7.1,220.0,19.1,20379,66351,30.1,25.9,27.8,35.1,25.9,30.8,22.9
Scarborough,2016-11-07,74.8,0.4064,8.33,21.0,88.1,1014.1,32.2,7.0,283.6,24.4,20791,66630,31.1,26.2,28.5,36.6,26.2,31.9,23.5
Scarborough,2016-11-08,78.2,0.2032,4.17,9.2,142.5,1013.6,37.9,7.1,227.5,19.7,21139,66219,31.0,25.7,27.8,37.8,25.7,30.4,23.6
Scarborough,2016-11-09,79.8,16.9926,8.33,11.0,40.5,1013.6,35.9,6.2,242.1,20.9,21153,65163,31.0,24.2,27.6,37.8,24.2,30.8,23.8
Scarborough,2016-11-10,84.7,10.617199999999999,8.33,21.9,97.3,1011.4,48.8,6.4,229.5,19.7,21112,64022,31.0,24.0,26.9,37.8,24.0,29.3,24.1
Scarborough,2016-11-11,80.3,0.9905999999999999,4.17,17.2,112.8,1010.4,38.6,6.6,165.6,14.4,21469,63365,31.0,26.0,28.4,39.1,26.0,32.4,24.6
Scarborough,2016-11-12,70.8,0.0,0.0,23.5,80.2,1013.3,22.2,6.9,244.5,21.1,22325,63652,31.7,25.0,27.8,35.2,25.0,29.9,21.9
Scarborough,2016-11-13,73.7,0.0,0.0,11.4,67.9,1009.4,33.8,7.2,230.9,20.0,21513,63355,32.0,26.0,28.1,36.8,26.0,30.9,22.9
Scarborough,2016-11-14,74.2,0.0,0.0,11.4,45.5,1008.0,35.8,8.2,249.5,21.6,21536,63351,31.1,26.0,28.2,35.6,26.0,31.3,23.1
Scarborough,2016-11-15,82.3,3.8099999999999996,12.5,12.8,170.4,1007.3,45.7,6.8,136.6,11.9,21559,63349,29.0,27.0,27.7,34.6,30.1,31.7,24.4
Scarborough,2016-11-16,79.9,0.9905999999999999,4.17,19.7,153.6,1008.9,37.2,6.7,175.9,15.3,21583,63347,29.0,25.8,27.3,34.6,25.8,29.9,23.5
Scarborough,2016-11-17,82.2,0.0,0.0,16.1,116.0,1008.6,45.2,6.5,221.4,19.1,21608,63347,31.2,25.0,27.4,37.9,25.0,29.4,24.0
Scarborough,2016-11-18,82.0,39.9034,4.17,16.1,125.4,1009.3,44.5,6.3,212.1,18.4,21634,63348,31.0,25.0,27.5,37.8,25.0,30.2,24.1
Scarborough,2016-11-19,79.6,9.4996,12.5,17.2,103.4,1009.4,42.8,7.3,214.4,18.6,21659,63349,31.0,25.8,27.7,36.6,25.8,30.3,23.8
Scarborough,2016-11-20,75.3,0.0,0.0,13.9,99.3,1008.7,38.9,7.7,232.1,20.1,21686,63352,31.9,25.0,27.8,37.5,25.0,30.0,22.9
Scarborough,2016-11-21,75.5,0.0,0.0,13.9,118.6,1009.0,29.9,7.4,230.3,20.0,21713,63356,31.0,25.0,27.5,36.6,25.0,29.7,22.7
Scarborough,2016-11-22,78.2,0.9143999999999999,8.33,18.3,97.7,1009.5,35.8,7.1,226.9,19.7,21740,63362,31.0,25.0,27.7,36.1,25.0,30.3,23.4
Scarborough,2016-11-23,85.2,19.685,12.5,18.3,99.1,1010.2,55.6,6.7,167.3,14.4,21768,63368,30.0,25.0,27.0,36.2,25.0,29.2,24.3
Scarborough,2016-11-24,85.6,16.002,4.17,16.1,95.0,1010.4,58.8,6.0,138.6,12.0,21797,63375,31.0,25.0,27.0,37.8,25.0,29.0,24.3
Scarborough,2016-11-25,84.9,16.3068,12.5,20.8,94.7,1011.1,46.9,6.7,133.0,11.6,21826,63383,29.1,25.0,26.4,34.4,25.0,28.0,23.7
Scarborough,2016-11-26,85.0,13.0048,4.17,15.2,86.1,1010.7,60.2,6.3,175.4,15.1,21855,63393,28.7,23.7,25.9,32.5,23.7,26.7,23.2
Scarborough,2016-11-27,81.0,16.002,4.17,18.3,122.5,1010.2,48.7,7.0,182.7,15.7,21884,63403,31.0,24.0,27.5,37.8,24.0,30.7,23.9
Scarborough,2016-11-28,77.0,2.9972,4.17,20.8,139.1,1009.2,42.5,6.8,220.8,19.3,21914,63415,30.8,26.9,28.8,36.0,30.3,33.6,24.3
Scarborough,2016-11-29,76.3,0.0,0.0,21.9,141.9,1009.7,58.5,6.8,119.3,10.4,21945,63427,30.0,28.0,29.0,36.2,31.9,33.9,24.4
Scarborough,2016-11-30,81.9,0.3048,8.33,24.2,122.7,1010.9,57.9,6.4,73.2,6.5,21975,63441,30.0,26.0,27.9,36.2,26.0,31.7,24.4
Scarborough,2016-12-01,77.0,0.0,0.0,12.1,67.4,1014.0,43.5,8.3,239.0,20.8,23130,64608,30.0,22.8,25.4,33.3,22.8,26.3,21.0
Scarborough,2016-12-02,71.0,0.0,0.0,22.4,84.2,1015.9,34.8,6.9,245.3,21.1,23089,65380,30.0,24.2,26.7,31.9,24.2,27.5,20.9
Scarborough,2016-12-03,72.2,0.6096,4.17,13.9,77.6,1014.5,35.9,7.6,255.3,22.0,22291,65618,30.0,23.0,26.2,32.6,23.0,27.2,20.7
Scarborough,2016-12-04,72.1,0.0,0.0,13.9,117.7,1012.3,25.4,8.9,302.8,26.3,21180,65656,29.8,23.7,26.6,32.4,23.7,27.5,21.1
Scarborough,2016-12-05,76.8,0.4064,12.5,18.3,117.0,1014.0,49.2,7.1,262.0,22.7,20443,65879,30.0,26.0,27.9,35.1,26.0,31.1,23.4
Scarborough,2016-12-06,79.6,2.0065999999999997,4.17,17.2,118.7,1017.3,53.3,8.1,260.4,22.4,20387,66366,30.1,25.0,27.7,35.4,25.0,30.6,23.8
Scarborough,2016-12-07,73.3,2.0065999999999997,4.17,20.8,108.1,1013.0,24.8,7.7,293.8,25.3,20807,66629,31.7,25.9,28.4,35.6,25.9,31.5,23.1
Scarborough,2016-12-08,75.2,8.991599999999998,4.17,13.9,120.4,1012.8,32.1,7.0,249.2,21.6,21144,66193,30.2,26.0,28.5,35.3,26.0,32.2,23.6
Scarborough,2016-12-09,80.0,9.017,8.33,11.4,329.7,1011.7,42.4,6.6,234.6,20.2,21150,65123,31.1,26.0,27.4,36.7,26.0,30.2,23.7
Scarborough,2016-12-10,82.3,38.989,8.33,17.2,112.1,1010.7,52.1,7.5,220.7,19.0,21115,63989,31.1,26.0,27.9,37.8,26.0,31.2,24.5
Scarborough,2016-12-11,78.5,0.0,0.0,16.1,101.6,1010.6,42.0,6.6,145.7,12.7,21490,63359,32.0,26.0,28.4,37.9,26.0,32.2,24.2
Scarborough,2016-12-12,77.7,0.0,0.0,21.0,86.3,1012.9,37.6,6.5,208.5,17.9,22357,63676,29.8,25.0,26.9,33.6,25.0,28.6,22.7
Scarborough,2016-12-13,74.4,2.0065999999999997,4.17,19.7,86.7,1012.4,35.9,7.4,225.9,19.5,22389,63701,31.0,23.7,27.4,36.6,23.7,29.2,22.3
Scarborough,2016-12-14,74.9,1.1938,8.33,20.8,91.7,1012.9,37.4,7.4,199.8,17.2,22421,63726,30.0,24.9,27.3,35.1,24.9,29.1,22.3
Scarborough,2016-12-15,76.7,0.0,0.0,19.7,98.3,1013.0,27.5,7.9,223.1,19.1,22453,63753,31.0,24.0,27.3,36.6,24.0,29.4,22.7
Scarborough,2016-12-16,74.7,0.2032,8.33,17.7,91.0,1013.5,39.6,7.5,224.3,19.5,22484,63780,32.0,25.0,27.6,34.9,25.0,29.3,22.6
Scarborough,2016-12-17,72.9,0.0,0.0,24.6,84.0,1013.6,41.8,7.0,219.9,18.9,22516,63807,31.0,26.0,27.7,35.5,26.0,30.1,22.3
Scarborough,2016-12-18,71.6,0.508,8.33,24.6,75.0,1013.7,45.6,7.2,226.3,19.7,22547,63836,31.0,26.0,27.5,35.1,26.0,29.2,21.8
Scarborough,2016-12-19,71.7,0.508,4.17,21.5,79.2,1013.1,27.1,7.0,226.2,19.6,22577,63864,31.0,25.0,27.3,34.6,25.0,28.8,21.6
Scarborough,2016-12-20,71.2,0.1016,4.17,23.0,88.9,1011.1,40.2,6.8,196.2,17.0,22608,63893,31.0,25.0,27.4,34.6,25.0,29.3,21.7
Scarborough,2016-12-21,80.6,8.001,12.5,20.8,94.5,1010.1,54.8,6.6,186.4,16.2,22637,63923,31.0,24.0,26.7,36.6,24.0,28.2,22.9
Scarborough,2016-12-22,86.8,23.5966,16.67,18.3,97.8,1010.8,54.8,6.8,188.5,16.5,22667,63953,29.1,24.8,25.8,33.7,24.8,26.3,23.3
Scarborough,2016-12-23,80.8,13.9954,8.33,19.0,103.5,1012.1,54.7,6.2,191.7,16.7,22696,63984,30.0,24.9,26.8,35.1,24.9,28.5,23.2
Scarborough,2016-12-24,84.4,12.014199999999999,8.33,16.1,86.9,1012.7,48.2,6.8,179.3,15.5,22725,64015,29.0,24.0,26.2,33.6,24.0,27.3,23.2
Scarborough,2016-12-25,74.6,0.1016,4.17,20.4,69.8,1011.9,45.3,7.1,195.9,16.9,22753,64046,30.2,25.0,27.1,34.2,25.0,28.8,22.2
Scarborough,2016-12-26,77.2,0.2032,4.17,17.9,61.4,1012.1,37.4,7.0,201.6,17.5,22781,64078,29.0,25.0,26.5,32.3,25.0,27.8,22.2
Scarborough,2016-12-27,71.6,0.0,0.0,16.1,80.9,1012.4,33.0,6.8,216.9,18.7,22808,64110,31.0,25.0,27.4,35.5,25.0,28.9,21.7
Scarborough,2016-12-28,79.9,35.0012,8.33,22.1,80.5,1012.5,60.0,6.4,193.5,16.6,22834,64142,30.0,23.0,26.3,35.1,23.0,27.7,22.5
Scarborough,2016-12-29,78.5,1.1176,12.5,19.7,87.6,1012.3,54.0,6.9,169.4,14.8,22860,64175,30.0,24.0,26.8,35.1,24.0,28.4,22.7
Scarborough,2016-12-30,86.4,35.788599999999995,16.67,19.0,80.0,1012.9,61.8,6.5,185.6,15.9,22885,64207,28.0,24.0,25.5,31.3,24.0,25.9,23.0
Scarborough,2016-12-31,71.6,0.1016,4.17,19.5,78.4,1014.2,43.1,7.7,243.6,21.2,22910,64240,30.0,24.8,27.1,34.2,24.8,28.4,21.4
Scarborough,2017-01-01,69.4,0.0,0.0,16.1,80.6,1014.5,33.3,8.7,238.2,20.4,22932,64272,30.0,23.0,26.4,33.3,23.0,27.6,20.3
Scarborough,2017-01-02,73.3,0.508,4.17,23.0,98.1,1014.5,41.8,7.0,245.1,21.2,23212,65184,30.0,24.0,26.4,33.2,24.0,27.8,21.2
Scarborough,2017-01-03,72.1,2.0065999999999997,4.17,25.3,95.6,1013.2,38.1,7.1,270.2,23.4,22660,65571,30.0,23.0,26.0,34.2,23.0,26.8,20.4
Scarborough,2017-01-04,72.9,0.7874,4.17,20.8,101.5,1015.1,40.4,6.9,269.3,23.2,21572,65637,31.0,25.8,27.8,35.5,25.8,29.9,22.4
Scarborough,2017-01-05,72.6,0.1016,4.17,19.7,97.6,1014.2,42.8,6.5,245.6,21.4,20649,65758,31.0,25.7,27.9,35.5,25.7,30.3,22.4
Scarborough,2017-01-06,72.1,0.889,4.17,21.9,107.8,1014.8,34.3,7.1,272.7,23.4,20324,66181,31.8,24.9,27.8,37.3,24.9,29.8,22.1
Scarborough,2017-01-07,82.0,9.296399999999998,12.5,19.7,95.4,1015.4,48.1,6.6,174.7,14.9,20631,66593,30.1,25.3,27.3,36.2,25.3,29.8,23.9
Scarborough,2017-01-08,74.3,0.9905999999999999,4.17,16.1,77.5,1012.9,35.5,7.6,244.8,21.1,21061,66442,32.0,25.0,28.4,37.9,25.0,31.2,23.2
Scarborough,2017-01-09,80.4,0.9143999999999999,29.17,11.9,86.4,1014.0,15.1,17.1,283.9,24.6,21175,65555,28.2,26.1,27.6,32.0,26.1,30.6,23.8
Scarborough,2017-01-10,78.5,1.7018,12.5,15.0,68.0,1009.7,39.2,7.0,236.8,20.3,21104,64386,31.0,25.0,27.8,37.8,25.0,30.6,23.6
Scarborough,2017-01-11,79.1,5.5118,8.33,16.1,102.3,1011.0,33.0,7.6,238.8,20.6,21283,63485,31.9,25.0,27.3,36.7,25.0,29.5,23.3
Scarborough,2017-01-12,79.9,13.0048,4.17,19.7,108.6,1010.1,35.5,7.2,178.1,15.6,21998,63451,31.0,25.0,28.1,38.3,25.0,31.8,24.2
Scarborough,2017-01-13,70.9,0.1016,4.17,15.0,38.1,1013.4,36.8,7.8,217.2,18.8,23153,64663,28.1,25.0,26.1,30.7,25.0,26.8,20.4
Scarborough,2017-01-14,69.2,0.0,0.0,11.9,6.6,1012.8,41.1,8.5,243.1,21.1,23165,64694,29.0,23.0,26.2,31.4,23.0,26.9,20.1
Scarborough,2017-01-15,72.9,0.0,0.0,15.2,58.6,1012.4,32.0,8.3,240.9,20.7,23177,64725,28.0,23.0,25.4,30.1,23.0,25.9,20.2
Scarborough,2017-01-16,75.8,1.1938,8.33,17.2,102.4,1012.7,33.7,7.2,224.2,19.3,23187,64756,29.0,22.0,25.3,31.4,22.0,26.0,20.6
Scarborough,2017-01-17,82.7,10.388599999999999,8.33,18.3,75.4,1012.8,46.5,7.0,191.9,16.6,23197,64786,28.0,22.0,24.9,30.7,22.0,25.4,21.7
Scarborough,2017-01-18,83.6,8.915399999999998,8.33,20.8,61.4,1013.4,49.8,7.0,175.4,15.2,23205,64816,26.9,23.9,24.8,29.5,23.9,25.2,21.8
Scarborough,2017-01-19,82.0,29.006799999999995,8.33,9.2,34.5,1012.6,33.9,7.3,206.2,17.7,23212,64846,28.1,23.0,25.1,31.2,23.0,25.7,21.8
Scarborough,2017-01-20,80.0,0.0,0.0,15.0,122.2,1012.8,29.5,7.1,214.1,18.6,23219,64875,29.8,23.0,26.0,34.7,23.0,27.5,22.2
Scarborough,2017-01-21,80.5,0.7111999999999999,12.5,17.2,97.5,1013.0,43.2,7.3,215.4,18.6,23224,64904,29.0,24.0,25.7,32.0,24.0,26.7,22.1
Scarborough,2017-01-22,85.2,21.005799999999997,4.17,12.8,81.0,1013.2,48.7,6.9,202.8,17.5,23228,64932,27.0,23.0,24.7,29.7,23.0,24.9,22.1
Scarborough,2017-01-23,82.8,5.5118,8.33,19.7,101.8,1013.3,44.5,6.7,199.0,17.1,23231,64960,29.0,23.8,25.9,32.8,23.8,26.8,22.7
Scarborough,2017-01-24,74.9,0.2032,8.33,18.3,102.7,1014.0,27.6,8.6,248.4,21.5,23233,64987,30.0,25.8,27.3,34.2,25.8,29.1,22.4
Scarborough,2017-01-25,73.9,0.0,0.0,17.2,102.2,1015.0,27.8,8.4,245.8,21.3,23234,65013,30.2,24.2,27.1,35.1,24.2,28.7,22.0
Scarborough,2017-01-26,71.9,0.1016,4.17,14.5,68.6,1015.6,26.6,8.5,234.7,20.2,23234,65040,30.0,23.9,26.1,33.3,23.9,26.9,20.6
Scarborough,2017-01-27,71.9,0.2032,4.17,17.2,96.6,1015.6,37.4,7.6,255.6,22.0,23233,65065,30.8,23.0,26.2,34.2,23.0,27.1,20.6
Scarborough,2017-01-28,70.7,0.0,0.0,21.9,99.2,1014.9,33.3,7.6,226.6,19.6,23231,65090,30.0,24.0,26.9,34.2,24.0,28.3,21.1
Scarborough,2017-01-29,70.0,0.0,0.0,23.0,97.9,1015.0,31.9,7.6,245.1,21.3,23228,65115,30.2,24.9,27.0,33.7,24.9,28.2,20.9
Scarborough,2017-01-30,70.8,0.1016,4.17,20.8,107.6,1015.1,29.7,6.9,238.1,20.5,23223,65138,30.0,25.8,27.1,33.3,25.8,28.3,21.3
Scarborough,2017-01-31,74.8,0.0,0.0,19.7,99.7,1014.8,36.8,6.6,225.1,19.5,23218,65162,30.0,23.9,25.7,33.3,23.9,26.4,20.8
Scarborough,2017-02-01,73.5,0.2032,4.17,21.0,93.4,1014.2,25.9,7.2,213.0,18.6,22955,64305,31.0,24.0,26.8,35.5,24.0,28.3,21.6
Scarborough,2017-02-02,70.9,0.0,0.0,20.8,96.8,1014.1,31.9,7.0,215.6,18.6,23204,65206,30.0,25.0,27.4,33.3,25.0,29.0,21.6
Scarborough,2017-02-03,68.7,0.0,0.0,26.4,87.0,1013.7,31.0,7.1,232.6,20.0,22629,65577,30.0,24.0,26.4,32.6,24.0,27.2,20.1
Scarborough,2017-02-04,72.8,0.2032,4.17,28.3,81.7,1014.7,31.9,6.5,303.7,26.3,21536,65638,31.0,26.0,27.8,35.5,26.0,30.0,22.4
Scarborough,2017-02-05,70.5,0.0,0.0,25.3,91.2,1013.0,48.0,7.2,193.6,16.8,20627,65767,32.0,26.0,28.1,34.9,26.0,30.3,22.1
Scarborough,2017-02-06,77.5,3.0987999999999998,8.33,34.4,103.9,1014.2,42.9,7.1,185.7,16.0,20326,66197,32.0,25.0,27.3,36.8,25.0,29.2,22.9
Scarborough,2017-02-07,82.7,1.016,8.33,11.4,97.8,1015.8,36.6,7.1,191.8,16.6,20646,66600,30.1,25.8,27.4,36.3,25.8,29.9,24.2
Scarborough,2017-02-08,80.7,12.318999999999999,16.67,16.1,91.5,1012.5,46.3,6.6,194.0,16.7,21070,66424,31.0,25.0,27.8,37.8,25.0,30.9,24.1
Scarborough,2017-02-09,78.0,0.8128,25.0,13.9,104.4,1014.1,23.8,16.8,261.8,22.6,21174,65518,30.8,26.2,27.8,37.7,26.2,31.3,23.6
Scarborough,2017-02-10,78.8,1.9811999999999999,8.33,18.3,81.6,1009.5,43.1,7.2,242.2,20.9,21103,64349,32.2,25.8,27.9,37.9,25.8,30.8,23.8
Scarborough,2017-02-11,77.7,0.1016,4.17,18.3,102.1,1011.1,35.2,6.6,207.6,17.8,21298,63469,31.1,25.0,27.8,37.8,25.0,30.8,23.5
Scarborough,2017-02-12,78.7,0.0,0.0,15.4,98.7,1010.3,25.7,6.7,230.0,19.9,22029,63467,31.0,25.0,28.0,37.3,25.0,31.2,23.8
Scarborough,2017-02-13,79.8,3.9115999999999995,12.5,17.2,75.1,1012.2,54.3,6.5,226.1,19.7,23057,65407,27.0,22.0,24.2,28.8,22.0,24.4,20.4
Scarborough,2017-02-14,69.1,0.0,0.0,18.3,101.1,1013.4,32.1,7.0,269.6,23.4,23038,65421,30.0,21.9,25.7,31.9,21.9,26.2,19.3
Scarborough,2017-02-15,71.4,0.0,0.0,16.1,104.2,1015.1,39.0,6.9,249.0,21.4,23018,65435,29.0,22.8,25.9,31.4,22.8,26.7,20.2
Scarborough,2017-02-16,69.5,0.0,0.0,18.3,108.6,1015.6,35.0,7.4,252.7,21.9,22997,65448,30.0,24.0,26.5,31.9,24.0,27.3,20.3
Scarborough,2017-02-17,75.4,0.4064,4.17,19.7,95.6,1015.1,49.0,7.2,229.5,19.8,22976,65461,30.0,24.0,25.8,32.6,24.0,26.4,21.0
Scarborough,2017-02-18,75.5,0.2032,4.17,11.4,70.4,1014.4,41.6,7.1,239.3,20.7,22954,65473,28.0,24.7,25.7,30.1,24.7,26.2,21.0
Scarborough,2017-02-19,71.9,0.0,0.0,21.9,99.1,1014.4,35.4,6.8,230.3,20.1,22930,65485,29.0,23.7,26.1,31.9,23.7,26.9,20.5
Scarborough,2017-02-20,73.5,0.0,0.0,18.3,122.2,1013.3,33.2,7.4,273.8,23.6,22907,65496,29.0,23.0,25.7,32.0,23.0,26.7,20.5
Scarborough,2017-02-21,72.1,0.0,0.0,15.0,132.8,1011.2,29.3,9.0,265.2,23.1,22882,65506,28.8,22.8,25.8,31.1,22.8,26.7,20.3
Scarborough,2017-02-22,72.4,0.0,0.0,8.1,311.5,1011.0,30.0,8.6,279.1,23.9,22856,65516,29.1,22.0,25.7,31.4,22.0,26.6,20.2
Scarborough,2017-02-23,74.1,0.0,0.0,11.4,122.7,1012.3,37.4,8.7,282.5,24.5,22830,65525,28.0,22.2,25.4,30.1,22.2,26.1,20.4
Scarborough,2017-02-24,77.5,0.0,0.0,18.3,126.0,1013.2,34.3,7.6,237.4,20.7,22804,65534,29.0,23.8,26.3,32.8,23.8,27.8,22.1
Scarborough,2017-02-25,73.9,0.0,0.0,18.3,107.1,1013.7,34.3,7.4,246.8,21.3,22776,65542,30.7,25.0,27.1,34.9,25.0,28.4,21.9
Scarborough,2017-02-26,71.7,0.0,0.0,20.8,100.5,1013.5,34.3,6.9,249.2,21.6,22748,65550,30.0,24.9,26.7,32.6,24.9,27.7,21.1
Scarborough,2017-02-27,75.9,0.0,0.0,24.2,97.8,1013.8,46.1,6.9,231.2,20.0,22719,65558,29.0,24.0,25.6,32.0,24.0,26.2,21.0
Scarborough,2017-02-28,79.2,5.9944,8.33,20.8,91.9,1013.8,43.7,6.5,248.9,21.7,22690,65564,29.0,23.0,25.2,32.0,23.0,25.9,21.3
Scarborough,2017-03-01,68.9,0.0,0.0,20.8,90.5,1012.6,23.4,8.1,241.9,21.1,22978,64338,30.1,24.0,26.5,32.6,24.0,27.2,20.2
Scarborough,2017-03-02,73.3,0.0,0.0,18.3,96.6,1014.4,34.9,7.0,206.6,17.8,23196,65228,30.7,24.0,26.6,34.9,24.0,27.8,21.4
Scarborough,2017-03-03,69.2,0.0,0.0,21.9,81.2,1014.3,33.5,7.7,242.1,20.9,22598,65582,30.0,25.0,27.1,32.6,25.0,28.2,20.8
Scarborough,2017-03-04,70.3,0.0,0.0,18.3,100.0,1014.1,30.8,6.2,284.8,24.4,21500,65639,32.0,25.8,27.8,35.8,25.8,29.6,21.8
Scarborough,2017-03-05,75.9,0.1016,4.17,17.4,109.3,1013.0,42.6,6.7,253.8,21.8,20605,65776,30.0,26.6,28.0,34.2,26.6,31.3,23.3
Scarborough,2017-03-06,84.7,14.1986,12.5,23.0,118.3,1013.9,63.5,6.7,216.5,18.7,20329,66214,28.2,25.1,26.9,33.2,25.1,29.4,24.1
Scarborough,2017-03-07,83.7,2.9972,8.33,13.2,61.8,1014.6,37.1,7.0,260.5,22.4,20662,66606,30.0,25.0,26.8,35.1,25.0,28.5,23.8
Scarborough,2017-03-08,87.0,5.0038,8.33,28.9,111.9,1014.7,57.1,5.9,163.3,14.0,21079,66405,28.0,25.0,26.1,32.7,25.0,27.2,23.7
Scarborough,2017-03-09,81.1,2.1336,41.67,9.4,95.8,1013.9,24.6,9.5,239.3,20.7,21172,65481,31.6,26.7,28.0,38.1,26.7,31.9,24.4
Scarborough,2017-03-10,82.8,4.013199999999999,8.33,17.2,102.6,1009.6,42.7,6.6,220.3,19.0,21103,64311,31.0,25.0,27.6,37.8,25.0,30.5,24.3
Scarborough,2017-03-11,85.6,5.9944,4.17,18.3,116.6,1010.7,50.0,7.9,102.7,8.8,21314,63453,28.0,25.0,25.8,31.9,25.0,26.6,23.2
Scarborough,2017-03-12,88.0,35.306,8.33,20.8,105.2,1010.8,58.0,5.6,191.6,16.4,22061,63483,28.0,24.7,26.2,33.6,24.7,27.5,24.1
Scarborough,2017-03-13,78.6,6.985,8.33,18.3,81.6,1013.9,47.4,6.5,266.8,23.0,22264,65619,29.1,24.0,25.5,32.0,24.0,26.0,21.4
Scarborough,2017-03-14,72.9,4.191,8.33,11.4,80.7,1013.8,31.5,7.3,291.0,25.1,22229,65621,28.0,23.0,25.4,30.2,23.0,26.2,20.2
Scarborough,2017-03-15,74.6,0.9905999999999999,4.17,15.0,118.0,1013.9,45.5,7.6,279.5,24.3,22193,65623,29.0,23.0,25.8,32.0,23.0,26.7,20.8
Scarborough,2017-03-16,72.6,2.3114,8.33,23.0,99.5,1014.7,34.2,6.8,274.3,23.7,22157,65624,29.1,23.0,26.1,31.6,23.0,26.9,20.7
Scarborough,2017-03-17,71.0,0.6096,4.17,18.3,95.6,1014.4,35.5,6.9,301.4,26.1,22121,65626,30.0,23.0,26.1,31.9,23.0,26.8,20.2
Scarborough,2017-03-18,72.3,0.0,0.0,20.8,110.7,1014.0,34.9,6.8,271.0,23.5,22085,65627,29.2,22.9,25.9,31.6,22.9,26.8,20.4
Scarborough,2017-03-19,70.9,0.0,0.0,13.9,113.1,1013.8,37.4,7.5,291.8,25.2,22049,65628,29.0,22.7,26.1,31.4,22.7,26.9,20.3
Scarborough,2017-03-20,77.5,0.0,0.0,16.1,126.6,1013.8,40.2,7.3,257.8,22.3,22012,65629,29.2,24.0,26.7,33.0,24.0,28.6,22.4
Scarborough,2017-03-21,75.5,0.1016,4.17,18.3,120.0,1014.5,37.1,7.1,250.2,21.7,21976,65630,29.0,24.8,27.1,32.8,24.8,28.9,22.3
Scarborough,2017-03-22,75.7,0.6096,4.17,24.2,111.8,1013.9,43.1,7.1,202.0,17.5,21939,65631,28.2,25.0,26.9,31.6,25.0,28.5,22.2
Scarborough,2017-03-23,73.4,6.095999999999999,4.17,23.0,111.6,1013.3,36.8,6.9,260.1,22.5,21902,65631,29.9,25.0,26.9,33.2,25.0,28.3,21.7
Scarborough,2017-03-24,74.8,0.0,0.0,15.0,109.5,1013.4,37.7,7.3,265.2,22.7,21865,65632,29.2,24.0,26.4,32.8,24.0,27.7,21.6
Scarborough,2017-03-25,76.0,0.0,0.0,20.8,120.2,1012.7,30.4,7.6,276.4,24.0,21828,65633,30.0,23.8,26.8,34.2,23.8,28.3,22.1
Scarborough,2017-03-26,74.0,0.0,0.0,17.2,117.5,1012.2,28.3,6.8,284.6,24.7,21792,65633,29.2,24.9,27.0,32.8,24.9,28.5,21.9
Scarborough,2017-03-27,74.2,0.0,0.0,19.7,121.4,1012.3,26.5,7.1,278.9,24.0,21755,65634,29.2,25.0,27.2,32.9,25.0,28.8,22.2
Scarborough,2017-03-28,73.7,0.0,0.0,18.3,121.7,1012.3,31.5,7.0,289.9,25.0,21718,65634,30.2,26.0,27.3,35.3,26.0,29.0,22.2
Scarborough,2017-03-29,74.9,0.0,0.0,18.3,120.3,1012.2,38.2,7.2,284.8,24.4,21681,65635,29.2,25.2,27.2,33.1,25.2,28.9,22.3
Scarborough,2017-03-30,72.1,0.0,0.0,17.2,115.1,1012.7,34.8,7.7,294.0,25.5,21645,65636,30.0,24.0,27.3,33.3,24.0,29.1,21.7
Scarborough,2017-03-31,70.5,0.0,0.0,23.0,106.1,1014.1,39.0,7.6,264.8,22.9,21608,65636,31.0,25.0,27.7,34.6,25.0,29.3,21.7
Scarborough,2017-04-01,75.7,0.0,0.0,18.3,99.6,1012.5,34.4,7.7,211.2,18.2,22999,64371,29.2,23.0,26.1,32.9,23.0,27.4,21.4
Scarborough,2017-04-02,75.9,0.0,0.0,18.3,93.7,1014.0,39.2,6.7,252.6,21.9,23186,65248,30.0,25.0,26.9,34.2,25.0,28.3,22.2
Scarborough,2017-04-03,71.8,0.2032,4.17,19.7,97.6,1013.5,43.2,7.0,237.4,20.6,22567,65588,31.0,24.0,26.9,33.8,24.0,28.0,21.3
Scarborough,2017-04-04,69.6,0.0,0.0,23.0,96.5,1014.6,34.1,6.3,287.8,25.1,21464,65640,31.1,24.9,27.6,34.6,24.9,29.1,21.4
Scarborough,2017-04-05,71.6,0.0,0.0,21.9,106.8,1012.4,36.5,6.9,288.0,24.9,20585,65786,31.0,25.8,28.1,35.5,25.8,30.6,22.4
Scarborough,2017-04-06,79.9,0.9905999999999999,4.17,20.8,113.6,1013.5,40.8,6.6,273.9,23.6,20333,66231,30.0,26.0,27.7,35.1,26.0,30.9,23.8
Scarborough,2017-04-07,75.3,0.0,0.0,17.2,121.9,1014.2,32.1,7.4,287.2,24.5,20677,66612,30.0,25.8,28.1,35.1,25.8,30.8,23.2
Scarborough,2017-04-08,78.5,0.0,0.0,11.4,103.7,1015.5,38.8,8.0,221.7,19.1,21088,66385,30.1,25.0,27.8,36.2,25.0,31.0,23.7
Scarborough,2017-04-09,73.2,0.0,0.0,9.2,303.0,1011.6,19.0,8.0,286.6,24.7,21170,65443,31.0,26.7,28.8,36.6,29.6,32.7,23.4
Scarborough,2017-04-10,78.1,32.3088,4.17,18.8,127.1,1010.8,43.2,7.5,215.5,18.4,21102,64275,30.9,24.0,28.4,37.2,24.0,32.6,24.2
Scarborough,2017-04-11,83.0,5.9944,4.17,17.7,105.7,1010.9,40.3,7.3,119.0,10.4,21330,63439,31.0,25.0,27.4,39.1,25.0,30.6,24.2
Scarborough,2017-04-12,80.0,33.6042,4.17,18.3,101.3,1011.8,40.2,7.2,81.2,7.1,22092,63500,31.0,26.0,28.1,39.1,26.0,32.1,24.3
Scarborough,2017-04-13,74.8,0.0,0.0,18.3,122.5,1012.4,39.7,7.6,240.6,20.6,21155,65657,30.1,26.0,27.6,35.1,26.0,29.9,22.7
Scarborough,2017-04-14,73.4,0.0,0.0,18.3,107.4,1012.4,42.2,6.6,242.0,20.9,21122,65660,30.0,26.8,27.9,34.2,28.8,31.0,22.7
Scarborough,2017-04-15,73.7,0.0,0.0,20.8,113.5,1013.2,36.5,6.7,240.7,20.8,21090,65663,30.1,26.0,27.8,34.2,26.0,30.4,22.6
Scarborough,2017-04-16,71.6,0.0,0.0,18.3,103.2,1013.3,31.7,6.5,254.6,22.1,21059,65667,30.0,25.0,27.4,34.2,25.0,29.1,21.7
Scarborough,2017-04-17,71.3,0.1016,4.17,21.9,102.6,1013.1,34.2,6.4,266.5,23.1,21027,65671,31.2,25.0,27.9,35.5,25.0,29.9,22.1
Scarborough,2017-04-18,68.5,0.0,0.0,20.8,109.3,1013.7,36.9,6.8,289.7,25.1,20997,65675,30.7,25.0,27.7,33.6,25.0,29.4,21.3
Scarborough,2017-04-19,68.2,0.0,0.0,20.8,122.7,1013.3,35.3,7.2,277.6,23.9,20966,65679,29.9,25.9,27.3,32.8,25.9,28.8,20.9
Scarborough,2017-04-20,71.6,0.0,0.0,18.3,126.1,1012.4,29.7,6.7,286.4,24.8,20937,65684,30.0,25.0,27.4,33.3,25.0,29.2,21.8
Scarborough,2017-04-21,73.9,0.0,0.0,18.3,119.7,1012.4,31.0,7.1,268.0,23.1,20908,65689,29.8,19.9,27.2,33.7,19.9,29.1,22.1
Scarborough,2017-04-22,75.4,0.0,0.0,19.7,108.9,1013.2,49.6,6.7,272.2,23.6,20879,65694,29.8,25.0,27.2,33.9,25.0,29.2,22.5
Scarborough,2017-04-23,72.9,5.4102,4.17,20.8,117.2,1013.1,37.1,7.0,275.6,23.9,20851,65700,30.0,26.0,27.7,34.2,26.0,29.8,22.3
Scarborough,2017-04-24,71.9,0.0,0.0,25.3,106.7,1013.0,35.7,7.4,295.3,25.4,20823,65706,31.0,25.9,27.8,35.5,25.9,30.1,22.2
Scarborough,2017-04-25,73.7,0.0,0.0,19.7,115.9,1012.2,30.6,6.7,285.4,24.7,20797,65712,30.0,25.0,27.6,34.2,25.0,29.9,22.4
Scarborough,2017-04-26,71.1,0.0,0.0,23.0,108.3,1012.2,35.3,6.7,298.4,25.6,20770,65719,30.1,26.0,27.9,34.3,26.0,30.4,22.1
Scarborough,2017-04-27,69.2,0.0,0.0,23.0,103.6,1013.1,31.9,6.6,282.3,24.4,20745,65726,31.0,26.1,28.2,34.6,26.1,30.7,21.9
Scarborough,2017-04-28,69.1,0.0,0.0,20.8,107.9,1014.3,30.9,6.5,256.5,22.1,20720,65733,31.0,27.0,28.4,35.1,28.8,31.2,22.1
Scarborough,2017-04-29,67.7,0.1016,4.17,24.2,96.6,1014.6,38.7,7.2,280.5,24.1,20696,65741,31.0,25.9,28.3,34.6,25.9,30.3,21.6
Scarborough,2017-04-30,73.7,0.0,0.0,23.0,100.3,1014.0,42.6,6.5,263.0,22.8,20672,65749,31.0,24.0,27.8,35.5,24.0,30.3,22.6
Scarborough,2017-05-01,78.5,0.9905999999999999,4.17,18.6,94.9,1012.8,43.4,6.7,168.6,14.6,23020,64404,29.1,25.0,26.8,32.8,25.0,28.3,22.7
Scarborough,2017-05-02,72.1,0.0,0.0,19.7,99.5,1013.4,34.1,6.6,246.0,21.3,23176,65268,31.0,25.0,27.0,34.6,25.0,28.2,21.4
Scarborough,2017-05-03,74.9,0.7111999999999999,8.33,19.7,100.1,1011.8,42.5,7.1,212.9,18.4,22535,65592,30.2,24.0,26.7,34.2,24.0,28.2,21.8
Scarborough,2017-05-04,67.4,0.0,0.0,23.0,96.0,1015.5,29.9,6.3,295.2,25.7,21429,65641,31.0,24.9,27.6,34.6,24.9,28.9,20.8
Scarborough,2017-05-05,73.4,2.0065999999999997,4.17,19.7,115.5,1011.9,41.5,6.8,276.6,24.0,20565,65796,30.0,26.0,27.9,35.1,26.0,30.8,22.7
Scarborough,2017-05-06,70.2,0.0,0.0,17.2,87.7,1013.1,34.8,6.7,197.3,17.1,20337,66248,30.7,26.8,28.0,34.9,28.8,30.6,22.0
Scarborough,2017-05-07,81.1,10.3124,8.33,13.4,78.5,1014.8,42.5,6.5,246.8,21.3,20693,66616,30.0,25.7,27.2,35.1,25.7,29.3,23.6
Scarborough,2017-05-08,85.1,16.002,4.17,11.4,99.8,1014.1,40.4,6.2,239.2,20.7,21096,66364,30.0,25.9,26.9,36.2,25.9,28.4,24.1
Scarborough,2017-05-09,69.3,0.0,0.0,11.4,241.1,1010.4,24.5,8.1,277.5,23.9,21168,65405,32.2,27.0,29.9,39.3,29.2,34.7,23.6
Scarborough,2017-05-10,75.4,0.0,0.0,18.3,95.2,1012.5,32.2,6.9,280.9,24.2,21102,64238,32.0,27.0,29.3,39.2,30.1,34.3,24.4
Scarborough,2017-05-11,81.6,1.6001999999999998,8.33,16.3,112.0,1011.9,36.0,7.6,210.7,18.2,21347,63425,31.0,26.4,28.3,39.1,26.4,32.9,24.8
Scarborough,2017-05-12,84.3,0.2032,4.17,17.2,85.0,1012.6,41.9,6.4,171.5,14.7,22124,63518,31.0,25.0,27.2,37.8,25.0,29.8,24.2
Scarborough,2017-05-13,78.3,13.7922,4.17,20.8,111.7,1013.5,45.0,6.8,228.8,19.8,20432,65888,30.2,26.0,27.9,36.2,26.0,31.4,23.7
Scarborough,2017-05-14,76.9,3.5052000000000003,8.33,24.2,109.0,1013.5,39.2,6.7,246.4,21.3,20419,65902,31.0,25.9,28.4,37.1,25.9,32.1,23.9
Scarborough,2017-05-15,73.1,3.0987999999999998,4.17,26.4,105.0,1013.7,31.1,6.4,287.5,24.8,20407,65915,31.0,27.0,28.6,36.6,29.7,32.2,23.2
Scarborough,2017-05-16,71.2,0.0,0.0,24.2,101.5,1014.2,28.8,6.5,305.2,26.3,20396,65929,31.0,26.0,28.4,35.5,26.0,31.4,22.6
Scarborough,2017-05-17,72.3,0.2032,4.17,20.8,107.8,1014.5,29.1,6.7,296.5,25.6,20385,65943,31.0,25.0,27.8,35.5,25.0,29.5,22.2
Scarborough,2017-05-18,70.0,2.0065999999999997,4.17,23.0,93.3,1012.9,28.1,6.8,294.2,25.5,20375,65957,31.0,26.0,28.2,34.6,26.0,30.4,22.1
Scarborough,2017-05-19,70.9,0.0,0.0,20.8,96.3,1011.9,30.7,7.0,281.6,24.3,20367,65972,31.1,26.8,28.3,35.6,28.9,31.4,22.5
Scarborough,2017-05-20,70.1,0.0,0.0,20.8,106.4,1011.4,30.7,6.6,271.9,23.3,20358,65987,31.3,26.0,28.6,36.1,26.0,31.6,22.5
Scarborough,2017-05-21,69.7,0.0,0.0,24.2,98.5,1012.6,37.1,6.4,295.2,25.4,20351,66002,31.2,26.0,28.6,35.6,26.0,31.6,22.4
Scarborough,2017-05-22,68.7,0.0,0.0,19.7,83.6,1013.4,39.5,5.7,280.8,24.2,20345,66017,32.0,26.0,28.6,36.8,26.0,31.6,22.2
Scarborough,2017-05-23,73.1,0.0,0.0,24.2,105.1,1014.1,36.7,7.0,214.9,18.6,20339,66033,31.2,26.7,28.7,36.6,29.6,32.4,23.3
Scarborough,2017-05-24,69.4,0.0,0.0,21.9,97.4,1015.3,32.9,6.8,281.9,24.3,20334,66049,31.1,26.7,28.6,35.5,26.7,31.5,22.3
Scarborough,2017-05-25,67.9,0.0,0.0,23.0,105.8,1015.2,27.6,6.8,277.3,23.9,20330,66065,31.2,26.0,28.5,35.5,26.0,31.1,21.9
Scarborough,2017-05-26,68.3,0.0,0.0,18.3,106.1,1014.7,30.0,6.4,284.0,24.5,20327,66081,31.8,25.0,28.1,35.7,25.0,30.2,21.6
Scarborough,2017-05-27,76.0,2.2097999999999995,8.33,18.3,112.7,1014.5,38.6,6.4,249.1,21.5,20325,66097,31.1,25.0,26.9,36.4,25.0,28.2,22.2
Scarborough,2017-05-28,79.9,0.0,0.0,19.7,130.0,1014.4,37.8,7.8,238.5,20.6,20323,66114,30.7,25.0,27.4,37.4,25.0,29.9,23.6
Scarborough,2017-05-29,72.5,0.0,0.0,24.2,107.6,1015.0,33.5,7.2,223.8,19.3,20322,66130,32.0,26.0,28.8,36.8,26.0,32.4,23.3
Scarborough,2017-05-30,69.8,0.0,0.0,27.7,101.4,1015.6,32.8,6.8,264.7,22.8,20322,66147,31.0,26.9,28.8,36.6,29.2,32.0,22.6
Scarborough,2017-05-31,71.6,0.4064,4.17,20.8,103.0,1015.2,36.1,6.7,222.9,19.3,20323,66164,31.0,25.0,27.8,35.5,25.0,30.2,22.1
Scarborough,2017-06-01,81.1,7.619999999999999,12.5,17.2,93.3,1013.6,44.2,6.6,195.9,16.9,23040,64437,30.0,24.1,26.4,35.1,24.1,28.1,23.1
Scarborough,2017-06-02,74.2,0.508,4.17,23.0,101.8,1013.5,46.2,6.7,204.7,17.7,23164,65288,30.0,24.1,26.5,33.3,24.1,27.7,21.5
Scarborough,2017-06-03,78.3,5.0038,4.17,23.0,104.1,1012.7,38.4,6.6,240.8,20.7,22502,65597,29.0,23.8,25.6,32.0,23.8,26.5,21.5
Scarborough,2017-06-04,67.4,0.0,0.0,20.8,98.8,1015.2,26.9,6.5,279.4,24.2,21393,65642,31.0,24.9,27.6,34.6,24.9,28.8,20.8
Scarborough,2017-06-05,73.7,0.1016,4.17,19.7,102.3,1012.7,38.9,6.8,279.4,24.1,20545,65806,31.0,25.2,27.9,36.2,25.2,30.6,22.7
Scarborough,2017-06-06,73.6,0.0,0.0,20.8,100.1,1012.0,36.4,6.3,166.5,14.3,20342,66264,31.0,25.0,28.0,36.6,25.0,30.7,22.8
Scarborough,2017-06-07,83.0,3.2003999999999997,8.33,13.9,102.9,1014.8,46.1,6.6,180.7,15.7,20709,66620,29.2,24.0,26.7,34.6,24.0,28.9,23.5
Scarborough,2017-06-08,83.6,6.9088,4.17,11.4,179.7,1013.3,48.2,7.2,232.1,20.0,21104,66343,30.1,25.8,27.5,37.4,25.8,30.4,24.4
Scarborough,2017-06-09,76.5,0.9143999999999999,8.33,19.0,149.3,1011.5,42.5,7.1,208.3,18.1,21166,65367,30.0,26.7,28.3,35.1,26.7,31.9,23.7
Scarborough,2017-06-10,76.7,0.0,0.0,13.9,60.6,1013.0,39.1,7.1,261.6,22.6,21103,64202,31.0,25.0,28.2,37.8,25.0,31.7,23.7
Scarborough,2017-06-11,84.7,8.2042,12.5,17.4,85.6,1012.5,64.6,7.4,186.5,16.1,21365,63413,30.0,25.0,26.8,36.2,25.0,28.5,23.9
Scarborough,2017-06-12,79.6,0.0,0.0,16.1,93.3,1012.6,34.1,6.7,226.2,19.7,22156,63537,31.0,25.0,27.6,37.4,25.0,30.2,23.7
Scarborough,2017-06-13,80.4,6.985,16.67,18.3,104.0,1013.2,52.2,6.9,140.0,12.0,20394,66378,30.0,25.0,27.3,35.1,25.0,29.8,23.6
Scarborough,2017-06-14,77.7,2.0065999999999997,4.17,18.3,109.2,1014.5,40.7,7.4,208.2,18.0,20404,66393,30.0,25.0,27.4,35.1,25.0,29.7,23.1
Scarborough,2017-06-15,83.1,25.1968,8.33,18.3,98.1,1014.4,44.9,6.0,178.3,15.3,20414,66408,28.7,24.0,26.4,33.2,24.0,27.8,23.3
Scarborough,2017-06-16,75.1,0.0,0.0,19.7,98.9,1013.9,39.2,6.6,227.2,19.7,20425,66423,30.0,25.9,27.7,34.2,25.9,30.3,22.9
Scarborough,2017-06-17,72.1,0.0,0.0,23.0,98.9,1013.1,32.8,7.4,229.5,19.9,20436,66438,31.1,24.0,27.7,36.6,24.0,29.6,22.1
Scarborough,2017-06-18,80.0,0.0,0.0,20.8,100.2,1012.2,43.9,6.5,201.7,17.5,20448,66452,30.2,25.0,27.0,36.3,25.0,29.2,23.2
Scarborough,2017-06-19,77.8,9.906,8.33,36.9,90.5,1012.7,42.8,6.1,198.4,17.0,20460,66466,31.1,24.0,27.0,35.5,24.0,28.5,22.7
Scarborough,2017-06-20,83.7,58.6994,12.5,25.3,103.7,1013.5,53.6,6.1,139.8,12.0,20473,66479,29.0,24.0,26.6,34.3,24.0,28.3,23.5
Scarborough,2017-06-21,74.1,0.1016,4.17,17.4,90.2,1013.5,25.3,7.3,278.4,23.9,20486,66492,30.0,25.2,27.7,35.1,25.2,29.9,22.6
Scarborough,2017-06-22,74.2,0.0,0.0,15.2,106.1,1012.9,26.9,7.4,293.3,25.2,20499,66504,30.0,24.0,27.3,34.2,24.0,29.1,22.2
Scarborough,2017-06-23,80.0,24.993599999999997,4.17,20.8,103.2,1012.5,41.0,6.7,263.4,22.8,20512,66516,31.2,24.0,26.8,37.0,24.0,28.5,22.9
Scarborough,2017-06-24,77.7,3.8099999999999996,4.17,20.8,114.4,1014.2,35.3,6.8,218.3,18.8,20526,66528,30.0,24.0,27.4,35.1,24.0,29.7,23.1
Scarborough,2017-06-25,85.7,5.0038,8.33,23.0,99.7,1014.4,47.9,6.7,118.3,10.2,20541,66539,28.7,25.0,26.4,33.8,25.0,28.2,23.8
Scarborough,2017-06-26,74.1,0.9905999999999999,4.17,20.1,92.4,1013.6,32.1,6.7,285.3,24.9,20555,66549,31.2,25.9,28.3,36.6,25.9,31.5,23.2
Scarborough,2017-06-27,74.8,0.0,0.0,12.8,59.9,1012.5,38.5,6.7,238.6,20.8,20570,66559,30.0,25.7,27.9,35.1,25.7,30.7,23.0
Scarborough,2017-06-28,84.9,14.985999999999999,8.33,18.3,141.3,1012.4,41.3,6.4,202.0,17.4,20585,66569,30.0,25.0,27.2,36.2,25.0,30.1,24.3
Scarborough,2017-06-29,78.0,0.3048,4.17,19.7,122.5,1014.1,39.7,8.4,223.3,19.3,20600,66577,30.1,26.3,28.4,36.2,26.3,32.6,24.2
Scarborough,2017-06-30,79.2,2.0065999999999997,4.17,13.0,94.6,1015.0,34.1,6.6,176.8,15.3,20615,66586,30.8,25.9,27.8,37.5,25.9,30.9,23.8
Scarborough,2017-07-01,74.0,0.0,0.0,23.0,93.2,1014.2,32.2,6.8,210.1,18.3,23058,64469,30.1,25.8,27.7,35.1,25.8,29.9,22.6
Scarborough,2017-07-02,71.3,0.0,0.0,25.3,101.5,1013.8,32.3,6.8,219.5,19.0,23152,65307,30.0,25.0,26.9,33.3,25.0,28.1,21.2
Scarborough,2017-07-03,75.5,0.3048,4.17,19.5,89.7,1013.9,50.5,6.8,229.9,19.9,22470,65601,28.2,23.0,25.6,30.7,23.0,26.2,20.9
Scarborough,2017-07-04,66.5,0.0,0.0,23.0,101.5,1013.6,28.3,6.6,271.9,23.5,21358,65644,30.9,24.0,27.3,33.7,24.0,28.4,20.4
Scarborough,2017-07-05,72.2,0.0,0.0,19.7,112.2,1011.8,33.0,6.6,283.4,24.5,20527,65817,30.2,25.0,27.5,34.2,25.0,29.4,21.9
Scarborough,2017-07-06,72.8,0.0,0.0,23.0,95.6,1012.3,39.8,6.7,253.5,22.0,20347,66281,31.1,26.0,28.4,35.5,26.0,31.9,23.1
Scarborough,2017-07-07,79.5,11.0998,12.5,16.1,119.8,1014.8,39.5,7.3,248.9,21.5,20725,66624,31.0,26.0,27.8,37.8,26.0,31.2,23.9
Scarborough,2017-07-08,78.8,1.0921999999999998,4.17,15.7,96.4,1013.2,29.2,7.0,271.9,23.6,21111,66321,31.0,26.0,28.7,37.8,26.0,32.8,24.5
Scarborough,2017-07-09,74.5,0.9905999999999999,4.17,13.9,110.3,1012.1,35.8,7.3,214.6,18.3,21164,65328,31.0,27.0,29.2,37.4,30.1,33.9,24.1
Scarborough,2017-07-10,84.2,3.2258,12.5,9.8,118.9,1012.7,50.5,9.1,157.1,13.6,21104,64167,30.2,24.9,26.6,36.6,24.9,28.3,23.7
Scarborough,2017-07-11,82.4,13.0048,8.33,17.7,95.7,1010.5,65.1,7.2,199.4,17.3,21383,63401,31.1,25.7,27.6,39.1,25.7,30.5,24.2
Scarborough,2017-07-12,77.0,2.0065999999999997,4.17,18.8,88.4,1012.3,36.9,6.7,224.7,19.4,22188,63557,31.0,25.0,27.3,35.5,25.0,29.2,22.8
Scarborough,2017-07-13,76.2,1.1938,8.33,16.1,109.4,1014.6,41.9,6.8,229.3,19.9,20818,66628,31.0,25.7,28.4,37.8,25.7,32.2,23.7
Scarborough,2017-07-14,79.6,1.397,8.33,15.9,121.6,1014.1,45.1,6.9,227.0,19.6,20833,66625,31.0,25.3,28.2,38.6,25.3,31.9,24.2
Scarborough,2017-07-15,75.2,0.0,0.0,12.8,122.3,1013.8,33.3,7.2,189.8,16.3,20848,66622,31.0,26.0,28.4,36.6,26.0,32.1,23.6
Scarborough,2017-07-16,72.2,218.9988,4.17,16.1,103.0,1013.6,31.4,7.2,243.7,21.0,20863,66619,31.7,26.0,28.6,37.2,26.0,31.9,23.0
Scarborough,2017-07-17,71.8,0.1016,4.17,17.2,105.0,1014.1,34.4,7.3,264.2,22.9,20877,66614,31.0,27.0,28.9,36.6,29.6,32.7,23.2
Scarborough,2017-07-18,81.5,0.0,0.0,15.0,115.9,1014.0,38.7,6.7,172.6,14.9,20892,66608,30.0,25.0,27.3,36.2,25.0,29.9,23.8
Scarborough,2017-07-19,78.6,2.3114,8.33,18.3,109.8,1014.2,44.7,7.0,217.4,18.5,20906,66602,31.0,26.0,28.2,37.8,26.0,32.0,24.1
Scarborough,2017-07-20,72.6,0.0,0.0,15.0,118.0,1014.2,30.5,7.3,278.3,24.0,20920,66595,31.0,25.9,28.2,35.9,25.9,30.7,22.7
Scarborough,2017-07-21,74.6,0.1016,4.17,13.0,122.0,1014.4,35.4,6.8,256.3,22.3,20933,66587,31.0,26.0,28.4,36.6,26.0,32.1,23.4
Scarborough,2017-07-22,78.7,0.0,0.0,12.8,114.3,1014.6,37.6,7.7,250.0,21.8,20946,66578,30.0,26.0,28.2,36.2,26.0,31.8,24.1
Scarborough,2017-07-23,76.8,5.0038,4.17,20.8,102.2,1014.2,40.3,7.6,242.9,20.8,20959,66568,31.0,26.0,28.1,36.6,26.0,31.2,23.6
Scarborough,2017-07-24,77.6,7.010400000000001,8.33,12.8,92.5,1014.8,38.7,7.1,255.8,22.0,20972,66558,31.0,25.9,28.0,37.4,25.9,31.2,23.7
Scarborough,2017-07-25,80.9,0.0,0.0,16.1,77.5,1014.7,38.0,6.5,237.6,20.4,20984,66546,31.0,25.0,27.5,36.6,25.0,29.8,23.8
Scarborough,2017-07-26,78.2,24.612599999999997,4.17,15.0,77.9,1013.7,31.6,7.4,249.8,21.6,20996,66534,31.2,25.0,27.6,36.6,25.0,30.1,23.3
Scarborough,2017-07-27,76.5,0.1016,4.17,11.4,82.3,1012.8,42.7,8.0,209.7,18.1,21008,66521,31.0,25.9,28.2,36.6,25.9,31.6,23.7
Scarborough,2017-07-28,75.9,0.9905999999999999,4.17,15.0,77.6,1013.1,34.3,7.4,247.6,21.6,21019,66507,31.1,26.0,28.8,37.8,26.0,33.0,24.1
Scarborough,2017-07-29,74.0,2.9972,4.17,15.0,72.2,1014.1,35.7,7.1,276.1,23.9,21030,66492,32.0,25.9,28.6,37.9,25.9,31.9,23.4
Scarborough,2017-07-30,74.2,0.0,0.0,17.2,78.2,1015.6,40.9,6.8,216.1,18.6,21041,66476,31.0,26.0,28.3,36.6,26.0,31.8,23.2
Scarborough,2017-07-31,75.1,0.9905999999999999,4.17,17.4,48.0,1014.8,42.0,6.9,233.0,20.0,21051,66459,31.0,26.0,28.3,37.8,26.0,31.9,23.4
Scarborough,2017-08-01,77.9,5.9944,4.17,25.3,89.5,1014.8,41.7,7.0,209.0,18.2,23077,64502,30.0,24.0,26.3,34.2,24.0,27.4,22.1
Scarborough,2017-08-02,77.0,6.2992,8.33,23.0,95.6,1013.9,50.7,6.2,227.8,19.7,23138,65325,30.0,23.0,26.3,34.2,23.0,27.4,21.8
Scarborough,2017-08-03,77.9,15.214599999999999,8.33,19.5,62.7,1014.5,47.8,6.7,256.4,22.2,22436,65605,28.0,24.0,25.3,30.7,24.0,25.9,21.2
Scarborough,2017-08-04,66.4,0.0,0.0,24.2,103.3,1012.6,26.6,7.6,283.2,24.3,21324,65646,30.0,24.0,27.2,32.6,24.0,28.3,20.3
Scarborough,2017-08-05,71.7,0.0,0.0,19.7,111.1,1011.4,39.8,7.2,277.9,24.0,20509,65828,30.0,25.9,28.1,34.2,25.9,30.9,22.5
Scarborough,2017-08-06,69.9,0.0,0.0,18.3,103.6,1012.9,37.9,6.9,285.5,24.6,20354,66298,31.0,25.9,28.6,36.6,25.9,31.4,22.4
Scarborough,2017-08-07,79.3,0.0,0.0,13.9,120.4,1014.5,33.7,7.1,262.4,22.8,20740,66626,31.0,25.0,28.1,38.7,25.0,31.7,24.1
Scarborough,2017-08-08,73.4,0.0,0.0,13.9,71.7,1012.8,27.1,8.0,279.6,24.1,21118,66298,33.0,26.8,29.4,39.3,29.7,33.9,23.9
Scarborough,2017-08-09,82.6,0.6096,4.17,6.9,106.5,1010.6,38.1,6.5,217.4,18.9,21161,65289,30.8,25.0,27.4,36.2,25.0,30.7,24.2
Scarborough,2017-08-10,80.1,0.0,0.0,13.9,192.6,1011.2,34.3,8.2,254.6,22.0,21105,64132,31.0,25.0,27.6,37.8,25.0,30.6,23.8
Scarborough,2017-08-11,74.3,0.0,0.0,18.3,91.3,1009.7,36.7,7.0,257.4,22.2,21402,63391,31.2,26.0,28.7,36.6,26.0,32.6,23.6
Scarborough,2017-08-12,78.6,0.2032,4.17,18.6,95.9,1012.5,33.3,6.4,195.2,17.0,22220,63578,30.0,24.0,27.1,35.1,24.0,29.2,22.9
Scarborough,2017-08-13,73.4,0.1016,4.17,16.1,76.2,1013.4,29.8,7.6,257.1,22.4,21147,66172,32.2,26.0,29.1,39.6,26.0,33.4,23.8
Scarborough,2017-08-14,72.6,0.0,0.0,17.0,81.3,1012.2,30.3,7.9,290.7,24.9,21152,66145,33.0,26.0,29.3,38.2,26.0,33.4,23.7
Scarborough,2017-08-15,72.5,0.6096,12.5,20.8,74.6,1011.2,27.5,6.4,264.6,22.9,21156,66117,32.7,26.0,29.2,38.6,26.0,33.2,23.6
Scarborough,2017-08-16,76.8,0.0,0.0,13.9,97.9,1011.6,29.8,6.5,255.0,21.8,21160,66089,31.0,26.0,28.7,37.8,26.0,33.1,24.2
Scarborough,2017-08-17,74.4,2.3114,4.17,11.4,75.2,1011.6,34.7,7.0,280.2,24.1,21163,66059,32.0,27.0,29.2,39.2,30.1,34.0,24.1
Scarborough,2017-08-18,78.5,7.010400000000001,4.17,13.9,177.2,1009.8,44.8,6.6,187.3,16.0,21166,66029,32.0,25.0,28.3,37.9,25.0,32.1,24.1
Scarborough,2017-08-19,75.6,0.3048,4.17,20.8,105.9,1010.2,33.6,6.8,278.6,24.1,21169,65999,32.0,26.0,29.5,39.2,26.0,34.8,24.6
Scarborough,2017-08-20,85.2,6.7056,8.33,15.9,96.7,1012.2,44.7,8.6,217.2,18.8,21171,65968,29.2,25.0,27.1,34.8,25.0,29.9,24.3
Scarborough,2017-08-21,79.3,5.206999999999999,8.33,12.8,95.1,1013.6,34.0,8.5,246.0,21.3,21173,65936,31.8,26.0,28.5,38.9,26.0,32.4,24.4
Scarborough,2017-08-22,79.2,17.195800000000002,8.33,10.3,122.8,1013.1,35.4,7.8,278.6,24.1,21175,65904,32.0,25.2,28.4,39.2,25.2,32.4,24.3
Scarborough,2017-08-23,75.6,0.0,0.0,9.6,88.4,1011.7,23.4,7.4,272.2,23.5,21176,65871,32.0,26.0,28.8,37.9,26.0,33.0,24.0
Scarborough,2017-08-24,72.8,0.4064,4.17,17.2,77.1,1011.6,33.9,7.0,240.8,20.9,21177,65838,32.2,26.9,29.3,39.2,30.1,33.7,23.8
Scarborough,2017-08-25,69.8,0.0,0.0,15.7,62.0,1011.9,34.5,7.0,290.1,25.2,21178,65804,33.0,26.0,29.3,38.1,26.0,33.0,23.1
Scarborough,2017-08-26,78.2,0.0,0.0,15.0,84.7,1011.5,41.3,6.6,219.8,19.0,21178,65770,31.0,25.0,27.7,37.8,25.0,30.7,23.4
Scarborough,2017-08-27,79.2,0.508,4.17,23.0,93.9,1011.6,38.8,5.9,230.1,19.9,21179,65735,30.0,25.0,27.4,35.1,25.0,29.8,23.4
Scarborough,2017-08-28,72.2,0.0,0.0,16.1,91.1,1012.3,34.0,7.0,266.4,23.1,21178,65700,32.0,27.0,29.6,39.2,29.7,34.4,24.0
Scarborough,2017-08-29,79.0,12.014199999999999,8.33,11.4,36.9,1013.0,34.5,7.2,258.2,22.3,21178,65665,31.2,26.0,27.8,37.8,26.0,31.2,23.8
Scarborough,2017-08-30,88.1,60.4012,16.67,23.0,80.7,1013.0,42.2,6.5,103.4,8.8,21177,65629,29.0,25.0,26.1,35.6,25.0,27.4,23.9
Scarborough,2017-08-31,81.7,0.508,4.17,11.9,74.7,1013.9,33.8,8.6,217.2,18.7,21176,65592,31.0,25.0,27.4,37.8,25.0,30.1,23.9
Scarborough,2017-09-01,73.9,0.0,0.0,17.4,60.1,1013.7,35.3,9.2,243.9,21.3,23094,64535,29.2,23.8,25.8,32.0,23.8,26.5,20.7
Scarborough,2017-09-02,67.7,0.0,0.0,23.0,101.3,1015.2,29.7,6.6,262.2,22.6,23124,65343,29.0,24.0,26.7,31.4,24.0,27.6,20.1
Scarborough,2017-09-03,71.8,0.0,0.0,23.0,89.9,1013.6,38.7,7.3,243.8,21.0,22402,65608,30.0,24.0,26.3,33.3,24.0,27.3,20.7
Scarborough,2017-09-04,67.1,0.0,0.0,17.2,112.5,1012.5,32.4,7.6,290.5,25.1,21289,65648,30.0,24.0,26.8,31.9,24.0,27.7,20.1
Scarborough,2017-09-05,76.5,5.1054,8.33,21.9,116.3,1012.0,44.0,7.0,251.6,21.8,20492,65839,30.0,24.8,27.3,34.7,24.8,29.7,22.8
Scarborough,2017-09-06,71.6,0.0,0.0,20.8,96.3,1014.1,38.3,6.7,240.7,20.8,20361,66314,31.0,26.0,27.9,34.6,26.0,30.4,22.3
Scarborough,2017-09-07,76.4,0.1016,4.17,15.0,106.6,1014.5,32.1,6.9,249.5,21.3,20756,66628,32.0,26.9,28.9,39.2,29.7,33.8,24.3
Scarborough,2017-09-08,78.4,0.6096,4.17,17.2,91.5,1013.8,39.9,6.7,190.4,16.5,21125,66274,30.8,26.9,28.2,37.5,29.7,32.3,24.1
Scarborough,2017-09-09,72.0,0.9905999999999999,4.17,15.0,110.4,1010.6,29.0,7.7,249.7,21.7,21159,65250,31.7,27.0,29.5,37.8,30.1,34.2,23.9
Scarborough,2017-09-10,78.6,2.0065999999999997,4.17,17.2,133.1,1010.1,36.3,7.3,240.6,20.7,21106,64097,31.0,25.9,28.3,37.8,25.9,32.0,24.2
Scarborough,2017-09-11,75.0,0.0,0.0,13.9,112.2,1010.1,33.1,6.8,226.0,19.4,21422,63382,31.1,26.0,28.8,37.8,26.0,32.8,23.8
Scarborough,2017-09-12,81.9,13.0048,12.5,20.8,92.2,1012.8,46.0,6.4,204.2,17.5,22252,63600,30.2,25.0,26.6,35.4,25.0,28.1,23.2
Scarborough,2017-09-13,74.8,12.090399999999999,12.5,17.2,127.4,1013.0,53.6,7.3,206.5,17.9,21147,65093,31.0,26.0,28.1,35.1,26.0,30.7,23.1
Scarborough,2017-09-14,76.3,0.0,0.0,17.2,106.0,1013.9,39.6,6.5,223.8,19.3,21144,65053,32.0,27.0,28.9,40.7,29.7,33.7,24.3
Scarborough,2017-09-15,76.4,0.0,0.0,9.2,94.2,1013.5,26.5,7.1,229.2,19.7,21141,65014,32.0,26.0,28.7,37.9,26.0,32.9,24.1
Scarborough,2017-09-16,75.0,0.7874,4.17,17.2,87.1,1012.5,30.5,7.5,260.3,22.6,21138,64974,32.0,26.0,29.0,40.7,26.0,33.0,24.0
Scarborough,2017-09-17,74.2,0.0,0.0,14.8,358.2,1010.9,28.4,6.5,271.1,23.3,21135,64934,32.0,27.0,29.4,39.2,30.1,34.4,24.3
Scarborough,2017-09-18,75.5,12.801599999999999,8.33,18.3,261.6,1010.1,51.1,6.5,148.3,12.7,21132,64894,31.1,27.0,29.0,39.1,30.1,33.7,24.2
Scarborough,2017-09-19,81.6,3.9878,4.17,20.8,151.5,1012.0,54.6,7.0,159.5,13.8,21129,64854,29.0,25.0,27.2,33.6,25.0,29.8,23.7
Scarborough,2017-09-20,78.3,0.0,0.0,13.9,126.8,1012.1,33.1,7.3,244.4,21.2,21127,64814,31.1,28.0,29.4,39.1,32.7,35.6,25.2
Scarborough,2017-09-21,83.1,0.7874,4.17,17.7,113.6,1011.5,65.5,12.2,243.1,21.0,21124,64775,29.1,26.8,27.8,34.3,30.2,32.1,24.7
Scarborough,2017-09-22,81.4,2.9972,4.17,18.3,118.8,1011.9,72.7,8.4,235.3,20.4,21121,64735,30.0,26.6,28.2,36.4,26.6,32.6,24.7
Scarborough,2017-09-23,81.4,2.0065999999999997,4.17,17.2,128.2,1012.3,52.3,6.0,208.8,18.1,21119,64696,31.0,25.8,28.1,37.8,25.8,31.6,24.5
Scarborough,2017-09-24,88.2,0.9905999999999999,4.17,16.1,113.3,1013.2,46.3,6.3,214.7,18.7,21116,64656,29.7,25.0,26.8,35.9,25.0,29.2,24.7
Scarborough,2017-09-25,83.9,34.1884,8.33,18.3,118.7,1013.0,45.4,6.4,223.1,19.3,21114,64617,31.0,25.0,27.8,39.1,25.0,31.9,24.8
Scarborough,2017-09-26,78.1,0.0,0.0,19.7,76.1,1012.2,28.2,6.3,232.9,20.4,21112,64578,32.0,26.0,28.8,39.2,26.0,33.4,24.5
Scarborough,2017-09-27,84.9,2.0065999999999997,4.17,10.3,57.6,1010.9,32.4,6.5,175.6,15.1,21110,64539,29.0,25.7,26.9,33.8,25.7,29.4,24.2
Scarborough,2017-09-28,88.0,12.9794,8.33,17.0,107.8,1010.9,57.0,6.0,190.9,16.5,21108,64500,30.0,25.0,27.3,37.4,25.0,30.7,25.1
Scarborough,2017-09-29,84.7,0.6096,8.33,20.8,109.0,1011.8,46.5,6.3,201.1,17.4,21106,64462,31.0,26.0,27.8,40.7,26.0,32.2,25.0
Scarborough,2017-09-30,82.4,2.0065999999999997,4.17,15.0,100.3,1011.8,35.4,7.2,241.5,20.8,21105,64424,32.0,25.0,27.9,39.1,25.0,31.1,24.4
Scarborough,2017-10-01,85.4,10.998199999999999,4.17,11.2,67.9,1012.1,39.5,6.3,198.1,17.2,23110,64567,27.0,22.0,24.0,28.8,22.0,24.1,21.3
Scarborough,2017-10-02,68.9,0.508,8.33,24.2,93.8,1015.7,40.1,6.4,233.1,20.2,23109,65360,30.0,23.9,26.3,31.3,23.9,26.9,19.9
Scarborough,2017-10-03,80.7,28.981399999999997,8.33,28.9,102.1,1013.0,49.3,6.0,242.6,21.0,22368,65611,29.0,24.0,25.4,31.4,24.0,25.8,21.8
Scarborough,2017-10-04,67.5,0.0,0.0,20.8,104.8,1012.4,35.1,6.9,254.4,21.8,21255,65650,30.0,24.0,26.9,33.3,24.0,27.8,20.3
Scarborough,2017-10-05,75.2,0.2032,4.17,20.8,111.2,1012.5,30.6,6.7,278.1,24.1,20476,65851,32.0,26.0,28.2,37.9,26.0,31.6,23.3
Scarborough,2017-10-06,69.5,0.3048,4.17,25.3,96.9,1015.1,41.3,7.0,216.6,18.7,20368,66330,31.2,26.0,28.4,35.5,26.0,31.3,22.2
Scarborough,2017-10-07,74.6,0.0,0.0,16.1,100.6,1014.2,25.4,7.0,290.2,25.0,20772,66629,31.7,26.0,28.8,37.8,26.0,32.8,23.8
Scarborough,2017-10-08,76.8,0.7111999999999999,4.17,17.2,106.4,1014.4,41.6,7.7,255.7,22.2,21131,66250,31.0,26.0,28.5,37.8,26.0,32.4,24.0
Scarborough,2017-10-09,70.1,0.0,0.0,12.8,95.9,1011.7,28.1,7.4,284.0,24.6,21156,65211,32.1,27.0,29.8,39.2,30.1,34.4,23.6
Scarborough,2017-10-10,73.4,0.0,0.0,18.3,127.2,1010.4,30.5,8.4,271.6,23.3,21108,64063,32.0,28.7,29.8,39.2,32.7,35.3,24.5
Scarborough,2017-10-11,78.5,1.1938,8.33,19.7,94.5,1009.3,30.8,7.1,214.6,18.7,21442,63374,32.0,25.9,28.3,39.2,25.9,32.1,24.2
Scarborough,2017-10-12,75.5,0.2032,4.17,18.6,65.2,1011.7,24.5,7.1,209.5,18.1,22285,63622,29.9,23.2,26.7,33.8,23.2,28.1,21.8
Scarborough,2017-10-13,75.8,0.1016,4.17,13.2,76.5,1010.1,36.9,6.7,226.7,19.5,21117,63964,31.0,26.0,28.5,37.8,26.0,32.5,23.8
Scarborough,2017-10-14,77.0,0.9905999999999999,4.17,17.2,109.4,1011.1,41.4,7.3,200.4,17.3,21121,63932,31.0,26.6,28.8,37.8,26.6,33.3,24.3
Scarborough,2017-10-15,81.8,8.407399999999999,12.5,23.0,114.6,1012.2,42.2,7.5,200.1,17.3,21125,63901,30.0,25.0,27.2,35.1,25.0,29.4,23.8
Scarborough,2017-10-16,78.2,0.9905999999999999,4.17,17.2,98.7,1013.1,44.6,8.2,183.7,15.9,21130,63870,31.1,26.0,28.7,39.1,26.0,32.9,24.4
Scarborough,2017-10-17,74.6,0.0,0.0,18.3,95.4,1013.2,35.2,7.5,229.5,19.9,21135,63840,32.1,25.7,29.2,39.2,25.7,33.8,24.1
Scarborough,2017-10-18,83.4,12.191999999999998,16.67,23.0,102.3,1012.6,51.8,6.4,94.0,8.0,21141,63811,29.0,25.0,26.7,33.6,25.0,28.7,23.7
Scarborough,2017-10-19,87.9,8.001,4.17,34.4,100.2,1012.9,58.0,5.5,69.7,5.9,21147,63782,27.3,24.0,25.4,30.9,24.0,25.8,23.3
Scarborough,2017-10-20,82.7,9.9822,8.33,34.4,99.5,1012.2,49.3,5.7,196.6,17.0,21154,63754,30.0,24.9,26.8,36.2,24.9,29.0,23.6
Scarborough,2017-10-21,83.5,15.011399999999998,4.17,20.8,83.2,1012.5,48.2,6.4,195.5,17.0,21161,63727,30.0,25.0,27.2,36.2,25.0,29.9,24.1
Scarborough,2017-10-22,77.5,0.4064,4.17,15.0,85.9,1013.5,30.8,6.8,214.1,18.5,21169,63701,31.0,26.0,28.2,37.8,26.0,31.8,23.8
Scarborough,2017-10-23,85.3,15.5194,8.33,18.3,78.3,1012.3,34.9,6.4,187.0,16.2,21178,63676,28.1,25.0,26.4,32.7,25.0,27.9,23.7
Scarborough,2017-10-24,84.2,10.998199999999999,8.33,16.1,99.2,1011.4,44.1,6.4,134.7,11.8,21187,63651,29.0,25.0,26.8,34.6,25.0,28.9,23.9
Scarborough,2017-10-25,78.5,0.0,0.0,16.1,105.7,1011.6,32.9,7.0,191.2,16.7,21197,63627,30.0,25.0,27.2,35.1,25.0,29.2,23.1
Scarborough,2017-10-26,79.3,0.0,0.0,12.8,136.2,1011.5,39.2,7.9,144.1,12.6,21207,63604,30.0,25.9,27.8,36.2,25.9,31.1,23.9
Scarborough,2017-10-27,78.6,0.0,0.0,13.9,109.7,1011.1,33.2,8.0,201.3,17.3,21218,63582,31.0,26.0,28.6,37.8,26.0,32.9,24.4
Scarborough,2017-10-28,83.8,7.010400000000001,4.17,16.1,109.5,1011.1,36.6,6.6,212.9,18.6,21230,63561,30.0,25.0,27.4,36.2,25.0,30.5,24.4
Scarborough,2017-10-29,79.7,0.0,0.0,16.1,91.3,1010.7,35.0,6.7,186.3,16.3,21242,63541,32.0,26.0,28.3,39.2,26.0,32.6,24.4
Scarborough,2017-10-30,82.7,1.9811999999999999,8.33,13.9,104.0,1011.2,41.6,6.9,191.7,16.6,21255,63521,32.2,25.0,27.5,39.1,25.0,30.4,24.2
Scarborough,2017-10-31,80.9,2.0065999999999997,4.17,10.5,73.5,1010.7,43.6,7.1,196.7,16.9,21269,63503,31.0,24.2,27.5,37.8,24.2,30.3,23.8
Scarborough,2017-11-01,81.7,8.178799999999999,8.33,17.2,85.9,1012.6,44.6,6.7,201.5,17.3,23125,64599,28.8,23.0,25.2,31.8,23.0,25.7,21.8
Scarborough,2017-11-02,67.2,0.3048,4.17,25.3,89.0,1014.5,38.4,7.7,263.3,22.8,23092,65376,30.0,24.0,26.4,31.4,24.0,27.1,19.7
Scarborough,2017-11-03,74.1,0.6096,4.17,35.5,106.8,1013.8,34.5,7.0,279.0,24.3,22334,65614,30.0,25.8,27.2,34.2,25.8,28.8,22.1
Scarborough,2017-11-04,75.6,0.3048,4.17,24.2,101.0,1012.2,38.9,6.6,272.4,23.5,21221,65652,29.0,25.0,26.2,32.0,25.0,26.8,21.5
Scarborough,2017-11-05,74.9,1.8033999999999997,4.17,28.9,121.9,1012.2,38.7,7.0,276.4,23.7,20461,65863,29.0,26.0,27.3,32.8,26.0,29.7,22.5
Scarborough,2017-11-06,70.2,0.4064,4.17,23.0,99.3,1013.7,35.1,7.1,252.6,21.8,20376,66346,31.7,26.0,28.4,35.6,26.0,31.2,22.3
Scarborough,2017-11-07,75.0,0.0,0.0,14.8,110.6,1014.0,26.4,7.3,282.8,24.3,20787,66629,31.1,26.0,28.7,36.7,26.0,32.4,23.7
Scarborough,2017-11-08,76.6,2.2097999999999995,8.33,18.3,78.3,1013.3,36.5,7.3,259.6,22.5,21137,66225,32.1,25.6,28.6,39.3,25.6,31.9,23.9
Scarborough,2017-11-09,82.0,12.191999999999998,12.5,17.2,85.0,1010.7,42.2,7.3,162.1,14.2,21153,65172,30.7,26.0,27.9,37.1,26.0,31.9,24.5
Scarborough,2017-11-10,74.3,0.0,0.0,19.7,115.0,1010.3,25.4,8.6,274.5,23.9,21111,64029,31.8,27.0,29.3,38.9,29.8,34.2,24.2
Scarborough,2017-11-11,75.5,0.0,0.0,16.1,110.6,1009.9,30.8,7.5,233.2,20.1,21463,63366,31.1,25.0,28.2,37.8,25.0,31.2,23.4
Scarborough,2017-11-12,73.0,0.0,0.0,10.3,68.6,1011.1,25.7,7.6,249.7,21.5,22317,63645,29.0,22.8,26.0,32.0,22.8,27.1,20.6
Scarborough,2017-11-13,78.3,0.1016,4.17,19.7,92.1,1010.2,37.2,7.1,239.1,20.6,21507,63355,31.2,25.8,28.2,38.0,25.8,31.5,23.9
Scarborough,2017-11-14,82.3,9.0932,12.5,17.2,99.5,1009.5,43.6,7.4,221.1,19.1,21529,63351,31.0,25.0,28.0,39.1,25.0,31.8,24.6
Scarborough,2017-11-15,82.3,2.0065999999999997,4.17,16.1,118.9,1010.0,41.0,7.2,216.7,18.7,21553,63349,30.2,26.0,28.1,37.4,26.0,31.9,24.7
Scarborough,2017-11-16,82.6,10.413999999999998,8.33,18.3,115.8,1010.5,39.2,6.9,217.8,18.8,21577,63347,31.0,26.0,28.2,39.1,26.0,32.6,24.9
Scarborough,2017-11-17,79.2,2.6923999999999997,4.17,13.9,113.7,1009.9,36.7,7.4,234.8,20.4,21602,63346,31.2,26.9,28.8,39.1,30.0,34.0,24.8
Scarborough,2017-11-18,79.1,0.0,0.0,18.3,116.9,1009.1,34.4,7.1,221.0,19.1,21627,63347,31.0,26.0,28.4,37.8,26.0,32.5,24.4
Scarborough,2017-11-19,76.3,0.0,0.0,17.2,103.9,1009.5,33.9,6.7,232.2,20.0,21653,63348,31.0,27.0,28.8,39.1,29.7,33.4,24.2
Scarborough,2017-11-20,86.8,27.000199999999996,8.33,17.4,89.6,1010.6,46.8,5.9,213.0,18.5,21679,63351,31.0,25.0,26.4,37.8,25.0,28.1,24.1
Scarborough,2017-11-21,86.4,13.9954,12.5,17.2,98.6,1011.0,56.1,6.3,198.5,17.1,21706,63355,29.0,24.2,26.3,34.6,24.2,28.1,23.8
Scarborough,2017-11-22,78.0,10.998199999999999,4.17,16.1,98.2,1011.4,31.2,7.0,244.3,21.1,21733,63360,31.0,24.9,27.4,36.6,24.9,29.4,23.1
Scarborough,2017-11-23,76.9,0.0,0.0,17.2,99.4,1011.3,31.7,8.7,244.6,21.3,21761,63366,31.0,24.0,27.4,37.8,24.0,29.7,22.9
Scarborough,2017-11-24,84.2,2.9972,4.17,13.9,85.5,1011.7,38.2,6.8,182.6,16.0,21789,63373,31.0,25.0,26.8,37.8,25.0,28.9,23.9
Scarborough,2017-11-25,81.2,0.508,12.5,14.5,88.4,1012.7,33.3,7.4,198.6,17.2,21818,63381,31.0,25.0,27.6,37.4,25.0,29.9,23.9
Scarborough,2017-11-26,78.5,0.1016,4.17,15.0,100.2,1012.3,27.9,8.9,222.1,19.2,21847,63390,31.1,25.6,28.3,37.9,25.6,31.9,24.1
Scarborough,2017-11-27,76.3,0.0,0.0,19.7,99.5,1012.2,29.9,7.5,217.9,18.8,21877,63400,31.7,26.0,28.1,38.7,26.0,31.1,23.4
Scarborough,2017-11-28,75.0,0.0,0.0,17.2,96.7,1013.1,31.3,7.3,221.1,19.0,21907,63411,31.0,25.8,28.0,36.6,25.8,30.6,23.1
Scarborough,2017-11-29,75.6,0.9905999999999999,4.17,16.6,96.3,1011.7,34.8,8.7,228.2,19.8,21937,63424,31.0,25.0,27.9,36.6,25.0,30.0,23.0
Scarborough,2017-11-30,83.2,0.508,4.17,14.8,97.6,1010.5,48.4,7.1,136.8,11.8,21967,63437,30.0,25.4,26.9,36.2,25.4,28.6,23.7
Scarborough,2017-12-01,70.5,0.2032,8.33,15.4,43.3,1013.4,37.3,9.2,222.1,19.1,23140,64631,29.0,24.0,26.5,31.4,24.0,27.3,20.6
Scarborough,2017-12-02,74.2,7.010400000000001,8.33,12.8,65.1,1013.3,41.5,7.5,245.2,21.3,23075,65392,28.0,23.0,24.8,29.7,23.0,25.1,19.9
Scarborough,2017-12-03,71.7,0.0,0.0,24.2,101.5,1013.6,26.9,7.3,285.9,24.7,22299,65616,30.0,24.8,26.8,32.6,24.8,27.9,21.2
Scarborough,2017-12-04,70.3,0.6096,4.17,18.3,121.6,1012.2,35.7,7.5,276.6,23.9,21188,65654,29.1,25.0,27.2,32.0,25.0,28.6,21.3
Scarborough,2017-12-05,84.1,2.0065999999999997,4.17,23.0,105.9,1012.8,58.1,5.9,137.6,11.8,20446,65876,29.0,24.2,26.0,33.6,24.2,26.9,23.1
Scarborough,2017-12-06,70.7,0.1016,4.17,20.8,108.1,1012.8,41.8,7.4,255.6,22.1,20385,66362,31.0,26.8,28.6,35.5,28.9,31.8,22.7
Scarborough,2017-12-07,77.8,0.0,0.0,16.1,107.8,1014.6,34.1,7.8,220.6,19.2,20803,66629,31.0,26.0,28.4,37.8,26.0,32.6,24.1
Scarborough,2017-12-08,73.0,0.0,0.0,16.1,76.4,1013.1,29.0,7.4,252.1,21.8,21142,66199,32.0,25.8,28.9,39.2,25.8,32.5,23.5
Scarborough,2017-12-09,78.9,7.416799999999999,12.5,17.2,120.1,1011.4,41.1,7.1,182.4,15.7,21150,65133,32.0,26.0,28.4,39.2,26.0,32.8,24.4
Scarborough,2017-12-10,74.6,0.0,0.0,17.2,87.2,1010.1,23.2,7.3,277.6,23.9,21114,63996,33.0,26.0,28.7,39.3,26.0,32.4,23.7
Scarborough,2017-12-11,76.1,0.0,0.0,17.2,98.4,1010.3,32.5,6.5,236.2,20.4,21484,63360,31.0,26.0,28.4,37.8,26.0,31.8,23.7
Scarborough,2017-12-12,72.9,0.0,0.0,13.9,91.2,1012.2,28.4,6.6,194.8,16.9,22349,63669,30.4,23.0,26.6,34.7,23.0,28.2,21.2
Scarborough,2017-12-13,81.5,0.0,0.0,18.3,89.7,1014.0,34.9,6.4,211.6,18.3,22381,63694,30.0,25.0,26.8,36.2,25.0,28.9,23.3
Scarborough,2017-12-14,75.5,8.712200000000001,4.17,17.2,84.0,1014.0,25.0,6.6,234.6,20.1,22413,63720,31.0,25.0,27.5,36.6,25.0,29.6,22.7
Scarborough,2017-12-15,71.8,0.0,0.0,17.2,76.8,1014.1,26.5,6.8,233.0,20.2,22445,63746,31.2,25.0,27.3,35.7,25.0,28.9,21.7
Scarborough,2017-12-16,74.9,0.2032,4.17,17.2,76.9,1013.5,33.0,7.3,233.0,20.1,22476,63773,30.0,24.0,26.7,34.2,24.0,28.2,21.8
Scarborough,2017-12-17,78.7,4.419599999999999,12.5,19.7,85.6,1013.0,25.6,7.7,207.2,18.0,22507,63800,30.0,24.0,26.6,34.7,24.0,28.1,22.5
Scarborough,2017-12-18,78.2,0.3048,12.5,18.3,77.8,1013.4,26.5,6.9,212.0,18.2,22538,63828,31.1,24.0,26.6,35.6,24.0,27.9,22.3
Scarborough,2017-12-19,75.7,0.1016,4.17,18.3,89.6,1013.3,32.6,7.1,195.2,16.9,22569,63857,31.0,25.0,27.4,35.5,25.0,29.3,22.6
Scarborough,2017-12-20,76.6,0.2032,4.17,17.0,86.3,1012.4,31.7,7.1,200.1,17.3,22600,63886,31.0,24.8,27.3,36.6,24.8,29.4,22.8
Scarborough,2017-12-21,74.0,0.0,0.0,18.3,101.2,1012.6,26.7,8.2,215.2,18.5,22630,63915,32.0,25.0,27.6,36.8,25.0,29.6,22.4
Scarborough,2017-12-22,76.6,0.6096,4.17,23.0,91.4,1013.3,29.7,6.7,220.1,19.1,22659,63945,31.0,24.9,27.1,36.6,24.9,29.1,22.6
Scarborough,2017-12-23,74.1,0.0,0.0,19.7,88.2,1013.2,27.2,7.1,210.1,18.3,22689,63976,30.1,24.8,26.9,34.2,24.8,28.3,21.8
Scarborough,2017-12-24,72.4,0.2032,4.17,20.8,81.5,1013.3,26.2,7.3,223.2,19.4,22717,64007,31.0,24.0,27.0,34.6,24.0,28.4,21.5
Scarborough,2017-12-25,78.5,2.9972,4.17,16.1,54.3,1012.6,40.7,7.4,209.9,18.1,22746,64038,29.7,24.0,26.3,33.9,24.0,27.6,22.2
Scarborough,2017-12-26,79.3,10.0076,8.33,17.0,71.2,1012.5,45.6,6.4,154.6,13.3,22773,64070,30.1,24.7,26.8,35.4,24.7,28.6,22.8
Scarborough,2017-12-27,77.9,0.0,0.0,20.8,90.9,1012.4,37.8,6.4,154.8,13.5,22801,64102,31.0,25.0,27.1,35.1,25.0,28.7,22.8
Scarborough,2017-12-28,85.8,0.6096,4.17,19.7,81.5,1012.2,52.6,5.8,160.3,13.9,22827,64134,30.0,24.7,25.9,34.2,24.7,26.4,23.2
Scarborough,2017-12-29,85.3,38.989,8.33,17.2,77.2,1012.3,55.2,5.8,67.8,5.8,22853,64166,29.0,24.0,25.7,32.8,24.0,26.5,22.9
Scarborough,2017-12-30,90.2,31.8008,8.33,25.3,104.2,1013.1,49.4,5.6,87.5,7.4,22878,64199,27.0,24.0,24.9,30.6,24.0,25.1,23.2
Scarborough,2017-12-31,82.3,29.9974,8.33,20.8,99.6,1014.3,45.7,7.1,139.8,12.1,22903,64231,29.0,25.2,26.8,33.6,25.2,28.4,23.4
Scarborough,2018-01-01,79.9,0.508,4.17,19.7,98.3,1013.7,35.2,6.4,139.8,12.1,22927,64264,31.0,26.0,27.8,37.8,26.0,30.9,23.9
Scarborough,2018-01-02,77.0,0.0,0.0,17.2,45.5,1013.2,33.7,6.9,225.8,19.6,23214,65179,29.0,24.0,26.5,33.6,24.0,27.9,22.1
Scarborough,2018-01-03,85.3,26.924,12.5,6.9,45.9,1014.2,44.5,6.9,243.2,21.0,22668,65570,27.2,22.0,24.1,29.9,22.0,24.3,21.4
Scarborough,2018-01-04,69.6,0.0,0.0,15.0,127.1,1011.6,34.5,6.8,223.6,19.3,21581,65637,29.0,24.0,26.6,31.4,24.0,27.4,20.4
Scarborough,2018-01-05,75.3,2.3114,8.33,18.8,104.6,1015.3,42.5,6.3,274.9,23.7,20655,65756,31.0,25.0,27.3,34.6,25.0,28.8,22.4
Scarborough,2018-01-06,74.4,0.0,0.0,19.7,98.6,1012.6,44.9,6.6,185.1,16.0,20324,66177,29.2,26.8,27.7,33.6,28.9,30.7,22.7
Scarborough,2018-01-07,82.1,2.9972,4.17,17.4,107.7,1012.3,49.3,6.7,187.9,16.2,20627,66592,30.1,25.0,27.1,35.1,25.0,29.2,23.7
Scarborough,2018-01-08,88.8,25.5016,16.67,9.2,87.0,1014.0,57.7,6.6,58.5,5.2,21059,66447,28.0,24.0,25.6,31.9,24.0,25.9,23.6
Scarborough,2018-01-09,81.3,0.1016,4.17,16.1,102.1,1011.6,38.8,7.4,277.2,23.8,21176,65565,32.0,25.9,28.3,40.7,25.9,32.4,24.7
Scarborough,2018-01-10,75.4,0.1016,4.17,16.1,104.1,1011.2,32.3,6.8,257.7,22.2,21105,64396,31.0,26.0,28.7,37.8,26.0,32.8,23.9
Scarborough,2018-01-11,77.3,0.7111999999999999,12.5,17.4,88.3,1012.7,34.1,6.9,223.6,19.3,21280,63490,31.0,25.9,27.6,35.5,25.9,29.7,23.1
Scarborough,2018-01-12,69.9,0.3048,4.17,21.0,105.0,1013.4,44.6,7.1,225.1,19.6,21991,63448,29.0,25.0,26.4,31.4,25.0,27.0,20.4
Scarborough,2018-01-13,78.5,0.3048,4.17,18.3,103.6,1013.0,39.6,7.2,226.5,19.5,23150,64656,30.0,23.8,26.5,34.8,23.8,28.0,22.3
Scarborough,2018-01-14,80.8,3.7845999999999997,8.33,15.0,116.9,1012.5,37.5,7.1,213.3,18.2,23163,64687,30.0,24.0,26.8,35.1,24.0,29.0,23.1
Scarborough,2018-01-15,76.7,0.4064,4.17,16.1,95.8,1013.1,39.1,7.2,221.1,19.1,23175,64718,31.0,24.8,27.3,35.5,24.8,29.3,23.1
Scarborough,2018-01-16,79.0,0.3048,4.17,16.1,101.4,1013.5,44.9,6.9,191.0,16.5,23185,64749,30.0,24.0,27.1,35.3,24.0,29.1,23.1
Scarborough,2018-01-17,78.8,5.308599999999999,4.17,18.3,82.8,1013.5,37.6,7.5,208.7,18.0,23195,64779,31.0,24.9,27.0,36.6,24.9,28.8,22.9
Scarborough,2018-01-18,77.0,0.1016,4.17,18.3,95.0,1013.7,37.8,7.2,212.9,18.3,23203,64810,30.1,24.0,27.0,35.1,24.0,28.9,22.6
Scarborough,2018-01-19,77.8,0.0,0.0,16.1,104.5,1014.2,31.5,6.9,216.4,18.6,23211,64839,30.0,23.9,26.8,35.1,23.9,28.7,22.5
Scarborough,2018-01-20,76.2,2.9972,4.17,19.7,93.0,1014.2,41.1,7.1,229.5,19.8,23218,64868,30.0,24.0,26.8,34.9,24.0,28.2,22.1
Scarborough,2018-01-21,82.1,9.0932,8.33,19.7,96.1,1013.0,38.9,6.8,207.9,17.9,23223,64897,28.0,23.7,25.7,31.9,23.7,26.5,22.4
Scarborough,2018-01-22,78.1,10.4902,4.17,20.8,94.7,1012.3,37.9,7.2,228.4,19.8,23228,64925,30.0,24.0,26.7,34.2,24.0,28.2,22.4
Scarborough,2018-01-23,74.2,0.0,0.0,19.7,89.9,1012.5,35.3,7.0,248.0,21.5,23231,64953,30.0,23.0,26.3,32.6,23.0,27.2,21.2
Scarborough,2018-01-24,74.5,0.0,0.0,13.9,107.1,1012.8,31.1,7.2,226.1,19.5,23233,64981,30.0,23.0,26.2,33.6,23.0,27.4,21.2
Scarborough,2018-01-25,76.8,0.3048,4.17,17.2,88.7,1013.0,38.4,6.9,224.7,19.3,23234,65007,30.0,23.8,26.4,34.2,23.8,27.7,21.9
Scarborough,2018-01-26,72.4,0.0,0.0,17.2,95.1,1012.8,33.4,7.7,242.0,20.9,23235,65034,30.2,23.8,26.6,33.3,23.8,27.6,21.1
Scarborough,2018-01-27,74.8,0.9905999999999999,4.17,19.0,75.7,1012.5,42.1,7.1,222.3,19.2,23234,65059,30.0,24.0,25.7,32.6,24.0,26.5,21.0
Scarborough,2018-01-28,76.8,7.188199999999999,4.17,20.4,78.8,1011.9,40.0,7.4,221.9,19.1,23232,65084,30.8,22.0,26.0,34.2,22.0,27.2,21.4
Scarborough,2018-01-29,79.4,0.7111999999999999,4.17,19.7,83.4,1010.7,47.4,6.7,193.4,16.8,23229,65109,28.7,24.0,25.9,32.9,24.0,27.1,22.1
Scarborough,2018-01-30,80.2,4.8006,12.5,16.1,91.7,1010.9,44.9,6.7,194.2,16.8,23225,65133,29.1,23.1,25.9,33.6,23.1,27.0,22.2
Scarborough,2018-01-31,82.0,10.413999999999998,12.5,11.4,82.9,1012.1,56.4,6.5,232.3,20.1,23220,65156,28.0,23.8,25.6,31.3,23.8,26.4,22.3
Scarborough,2018-02-01,79.7,0.8128,8.33,15.0,104.0,1012.7,28.5,6.6,220.2,19.0,22950,64297,30.1,25.0,27.4,35.6,25.0,29.9,23.5
Scarborough,2018-02-02,77.5,1.4223999999999999,12.5,19.0,53.5,1012.9,46.2,7.3,229.2,19.7,23206,65201,27.9,23.7,25.2,29.9,23.7,25.6,20.9
Scarborough,2018-02-03,80.8,0.1016,4.17,17.2,108.3,1013.7,34.0,7.3,252.2,21.8,22637,65576,29.0,22.0,25.6,32.8,22.0,26.7,21.9
Scarborough,2018-02-04,71.7,0.0,0.0,18.3,107.6,1011.7,31.5,6.8,279.8,24.2,21545,65638,30.0,24.0,26.9,33.3,24.0,28.3,21.3
Scarborough,2018-02-05,74.1,0.4064,8.33,18.3,102.8,1015.3,36.7,6.8,267.3,23.0,20633,65765,30.9,25.4,27.7,35.1,25.4,29.8,22.6
Scarborough,2018-02-06,70.9,0.0,0.0,23.0,97.8,1013.8,34.8,6.4,282.3,24.4,20326,66194,31.0,26.0,28.0,36.6,26.0,30.7,22.2
Scarborough,2018-02-07,75.4,0.4064,4.17,17.2,93.7,1012.8,32.0,7.0,259.5,22.3,20643,66599,31.0,24.9,27.7,34.6,24.9,29.8,22.8
Scarborough,2018-02-08,75.6,2.0065999999999997,4.17,21.9,95.0,1013.4,37.0,6.8,189.1,16.3,21069,66429,31.0,25.0,27.7,36.4,25.0,29.9,22.8
Scarborough,2018-02-09,82.0,0.0,0.0,11.4,110.3,1011.5,27.7,8.3,276.3,23.7,21174,65528,32.0,25.0,28.4,40.7,25.0,32.7,24.9
Scarborough,2018-02-10,76.4,10.998199999999999,4.17,13.0,106.4,1011.2,35.6,8.7,261.9,22.7,21104,64358,31.0,25.9,27.9,36.6,25.9,30.9,23.3
Scarborough,2018-02-11,76.4,0.8128,8.33,10.3,82.3,1011.6,39.9,7.2,189.3,16.4,21295,63473,30.0,25.9,27.7,35.1,25.9,30.2,23.1
Scarborough,2018-02-12,72.2,0.0,0.0,16.1,99.7,1013.2,30.2,6.3,206.9,17.6,22022,63463,30.0,25.0,26.8,34.2,25.0,28.2,21.3
Scarborough,2018-02-13,70.1,0.0,0.0,18.3,91.1,1015.0,28.4,7.3,240.6,20.9,23062,65403,30.0,23.0,26.0,32.4,23.0,26.8,20.0
Scarborough,2018-02-14,73.0,1.3208,12.5,23.3,75.5,1015.2,41.8,7.6,213.6,18.5,23043,65418,29.0,23.1,25.6,31.4,23.1,26.1,20.2
Scarborough,2018-02-15,71.4,0.0,0.0,12.8,66.3,1015.3,34.0,6.6,223.1,19.2,23023,65432,29.0,23.9,25.6,30.8,23.9,26.3,20.0
Scarborough,2018-02-16,66.2,0.889,4.17,17.2,86.3,1015.3,38.8,8.3,276.4,23.8,23003,65446,30.0,23.0,26.1,32.8,23.0,26.8,19.2
Scarborough,2018-02-17,72.0,0.1016,4.17,21.9,85.4,1015.5,39.9,7.1,238.4,20.7,22982,65458,29.0,23.0,25.6,32.0,23.0,26.2,19.9
Scarborough,2018-02-18,67.6,0.1016,4.17,21.9,81.8,1015.3,37.6,8.1,259.2,22.5,22960,65471,30.0,23.0,25.8,32.2,23.0,26.5,19.3
Scarborough,2018-02-19,70.5,0.1016,4.17,22.8,57.7,1015.0,32.6,6.8,243.3,21.1,22937,65482,30.0,23.0,25.5,31.9,23.0,26.1,19.6
Scarborough,2018-02-20,67.6,0.0,0.0,20.6,68.2,1015.2,36.6,7.2,258.8,22.5,22913,65493,30.1,23.0,25.6,31.4,23.0,26.0,19.0
Scarborough,2018-02-21,71.5,0.2032,4.17,20.8,74.7,1016.0,37.1,7.2,259.2,22.3,22888,65504,30.1,22.8,25.3,32.7,22.8,25.8,19.7
Scarborough,2018-02-22,71.8,4.2926,12.5,19.7,73.4,1015.9,33.8,7.4,257.7,22.2,22863,65514,29.0,23.1,25.2,30.8,23.1,25.7,19.8
Scarborough,2018-02-23,75.5,3.9878,4.17,19.7,75.3,1014.5,35.6,6.9,238.7,20.7,22837,65523,30.0,22.8,24.9,31.4,22.8,25.3,20.1
Scarborough,2018-02-24,84.2,1.7018,8.33,19.7,85.1,1013.7,49.2,6.5,138.3,12.0,22811,65532,26.0,22.0,23.8,26.0,22.0,23.8,20.9
Scarborough,2018-02-25,85.3,12.014199999999999,8.33,12.8,78.9,1014.4,51.3,6.2,216.9,18.7,22783,65541,26.0,22.0,24.1,26.0,22.0,24.1,21.4
Scarborough,2018-02-26,75.0,15.290799999999999,8.33,17.2,77.9,1014.5,46.2,7.6,261.7,22.6,22755,65549,29.1,22.8,25.0,31.5,22.8,25.3,20.2
Scarborough,2018-02-27,75.0,0.3048,4.17,16.6,87.3,1013.5,37.8,7.8,260.9,22.7,22727,65556,28.2,22.0,24.9,30.3,22.0,25.3,20.1
Scarborough,2018-02-28,80.7,0.1016,4.17,12.8,51.7,1013.1,44.2,6.9,242.0,21.0,22697,65563,27.0,21.9,24.4,29.2,21.9,24.7,20.8
Scarborough,2018-03-01,77.0,0.1016,4.17,19.7,102.1,1013.1,27.9,6.8,229.4,19.9,22973,64330,30.0,25.0,27.3,35.2,25.0,29.4,22.8
Scarborough,2018-03-02,70.3,0.1016,4.17,17.2,43.9,1012.9,40.8,8.7,255.4,22.0,23198,65223,30.0,23.0,26.3,33.3,23.0,27.3,20.3
Scarborough,2018-03-03,77.6,0.2032,4.17,13.9,125.1,1011.5,33.7,7.7,270.1,23.3,22606,65581,29.0,23.9,26.4,32.8,23.9,27.9,22.1
Scarborough,2018-03-04,72.1,0.6096,4.17,20.8,97.1,1012.0,40.1,7.5,304.6,26.3,21509,65639,30.0,24.0,26.9,32.7,24.0,28.1,21.3
Scarborough,2018-03-05,72.3,0.0,0.0,20.8,111.8,1014.6,37.6,6.8,279.7,24.1,20611,65774,30.1,24.9,27.6,34.2,24.9,29.8,22.1
Scarborough,2018-03-06,68.9,0.0,0.0,23.0,93.5,1015.5,30.7,6.8,280.9,24.2,20329,66211,31.0,25.7,27.9,33.8,25.7,29.8,21.6
Scarborough,2018-03-07,82.5,5.9944,4.17,21.9,94.6,1012.9,45.4,6.7,196.3,16.7,20659,66605,29.0,24.2,26.4,33.6,24.2,28.2,23.2
Scarborough,2018-03-08,74.4,0.0,0.0,15.0,99.1,1013.2,35.1,7.0,290.5,25.0,21078,66410,31.0,25.0,27.9,35.5,25.0,30.3,22.8
Scarborough,2018-03-09,85.0,0.0,0.0,15.0,113.6,1011.6,37.1,7.8,235.2,20.3,21173,65490,32.0,25.0,28.6,41.7,25.0,34.1,25.7
Scarborough,2018-03-10,77.2,0.0,0.0,16.1,122.0,1010.4,33.0,8.3,251.2,21.8,21103,64321,31.0,26.0,28.3,37.8,26.0,32.2,23.9
Scarborough,2018-03-11,71.1,0.0,0.0,12.8,78.3,1011.1,32.7,7.0,225.9,19.6,21310,63457,31.0,26.0,28.1,35.5,26.0,30.2,22.2
Scarborough,2018-03-12,67.7,0.0,0.0,17.2,92.4,1012.4,35.4,7.1,228.3,19.8,22054,63479,30.0,24.7,26.7,32.3,24.7,27.6,20.1
Scarborough,2018-03-13,68.7,0.0,0.0,23.0,99.8,1015.1,28.5,7.1,277.6,24.1,22273,65619,29.7,25.0,26.9,32.3,25.0,28.0,20.7
Scarborough,2018-03-14,68.3,0.4064,4.17,25.3,103.0,1015.5,27.8,7.1,265.3,22.8,22238,65621,30.1,25.0,27.1,33.2,25.0,27.9,20.6
Scarborough,2018-03-15,70.3,0.0,0.0,23.0,104.9,1015.0,28.5,6.9,263.2,22.8,22202,65622,29.0,25.0,26.7,32.0,25.0,27.8,20.8
Scarborough,2018-03-16,70.5,0.508,8.33,20.8,96.3,1014.5,30.6,7.2,254.9,22.1,22166,65624,30.0,24.0,26.7,32.8,24.0,27.6,20.7
Scarborough,2018-03-17,69.0,0.0,0.0,18.6,94.1,1014.1,31.9,7.2,281.1,24.3,22130,65626,30.0,24.9,26.9,32.6,24.9,27.8,20.6
Scarborough,2018-03-18,67.2,0.0,0.0,19.7,98.6,1012.5,32.4,7.5,281.9,24.4,22094,65627,30.0,24.0,26.4,31.9,24.0,27.2,19.7
Scarborough,2018-03-19,65.9,0.0,0.0,19.7,106.7,1011.4,31.4,8.6,292.6,25.3,22058,65628,29.0,23.0,25.8,30.7,23.0,26.3,18.8
Scarborough,2018-03-20,70.1,0.0,0.0,24.2,102.7,1012.5,25.4,8.0,279.7,24.2,22021,65629,30.0,23.0,26.7,32.6,23.0,28.1,20.7
Scarborough,2018-03-21,73.2,0.3048,4.17,23.0,96.5,1013.6,43.3,7.1,244.6,21.2,21985,65630,31.0,24.9,27.6,35.5,24.9,29.6,22.2
Scarborough,2018-03-22,69.9,0.3048,8.33,23.9,93.7,1014.6,40.7,6.7,259.3,22.2,21948,65631,30.0,25.0,26.9,33.3,25.0,28.0,20.9
Scarborough,2018-03-23,71.2,1.778,8.33,18.3,94.3,1014.2,35.0,7.2,278.3,24.1,21911,65632,29.9,22.2,26.1,31.8,22.2,26.6,20.3
Scarborough,2018-03-24,71.8,2.9972,4.17,15.0,108.7,1013.0,38.3,7.9,288.1,24.9,21875,65632,29.0,22.7,25.8,31.7,22.7,26.6,20.2
Scarborough,2018-03-25,74.0,0.0,0.0,19.7,92.0,1013.0,36.7,6.7,262.7,22.7,21838,65633,29.2,23.7,26.2,32.8,23.7,27.1,21.1
Scarborough,2018-03-26,75.8,10.2108,8.33,20.8,100.7,1013.2,33.7,7.2,262.2,22.8,21801,65634,30.0,23.1,26.6,33.3,23.1,27.8,21.7
Scarborough,2018-03-27,74.0,0.0,0.0,20.8,114.6,1012.4,31.1,6.6,285.1,24.5,21764,65634,29.0,24.0,26.7,32.0,24.0,27.8,21.6
Scarborough,2018-03-28,73.5,0.0,0.0,20.8,112.6,1012.3,34.8,6.2,249.0,21.5,21727,65635,29.0,24.9,26.8,32.0,24.9,27.9,21.7
Scarborough,2018-03-29,73.3,0.0,0.0,15.0,105.4,1012.8,39.2,6.5,272.7,23.5,21691,65635,29.2,24.0,26.7,33.0,24.0,28.1,21.5
Scarborough,2018-03-30,73.0,0.1016,4.17,16.1,114.6,1012.4,43.8,6.8,285.0,24.6,21654,65636,29.0,24.0,26.5,32.0,24.0,27.6,21.2
Scarborough,2018-03-31,76.3,0.1016,4.17,10.7,115.1,1011.9,47.1,6.8,217.7,18.9,21618,65637,28.0,24.0,25.8,30.7,24.0,26.3,21.2
Scarborough,2018-04-01,77.2,0.9905999999999999,4.17,16.1,106.3,1014.2,31.1,6.7,233.3,20.2,22994,64363,30.0,24.0,26.9,35.1,24.0,28.8,22.5
Scarborough,2018-04-02,71.0,0.0,0.0,11.4,51.1,1013.0,30.2,8.0,265.8,23.2,23189,65244,30.0,22.0,26.0,32.0,22.0,26.8,20.2
Scarborough,2018-04-03,81.8,0.0,0.0,17.2,135.7,1010.2,37.9,7.3,223.6,19.2,22575,65587,30.0,25.0,26.9,36.2,25.0,29.3,23.6
Scarborough,2018-04-04,68.2,0.0,0.0,19.7,103.7,1012.0,28.6,8.3,303.4,26.3,21473,65640,30.7,24.0,26.6,33.4,24.0,27.4,20.1
Scarborough,2018-04-05,71.0,2.0065999999999997,4.17,23.0,102.9,1013.5,40.9,7.1,247.0,21.1,20590,65784,30.1,26.0,27.7,34.2,26.0,29.7,21.9
Scarborough,2018-04-06,72.6,0.0,0.0,18.3,90.4,1015.1,53.5,7.6,250.4,21.7,20332,66227,31.1,25.0,27.4,34.6,25.0,29.3,22.0
Scarborough,2018-04-07,74.9,1.0921999999999998,8.33,23.0,92.2,1014.1,42.0,7.1,232.7,19.8,20674,66611,30.7,25.3,28.1,35.0,25.3,31.1,23.1
Scarborough,2018-04-08,82.7,7.112,8.33,17.2,83.9,1012.8,41.3,7.3,185.6,16.0,21086,66391,29.0,25.0,26.7,33.6,25.0,28.4,23.5
Scarborough,2018-04-09,80.8,9.8044,4.17,16.1,105.7,1011.5,36.3,7.8,241.7,20.9,21171,65453,31.0,26.2,28.4,40.7,26.2,33.2,24.7
Scarborough,2018-04-10,73.5,8.509,8.33,15.0,127.4,1011.1,31.9,7.4,251.3,21.7,21103,64284,31.1,27.7,29.2,37.7,31.3,33.7,23.9
Scarborough,2018-04-11,73.9,0.0,0.0,15.0,102.3,1010.4,31.3,8.1,239.1,20.6,21327,63443,30.2,25.0,27.7,34.4,25.0,29.8,22.6
Scarborough,2018-04-12,74.0,0.0,0.0,18.6,90.9,1011.6,33.2,6.7,211.6,18.3,22085,63496,30.0,24.0,26.7,33.3,24.0,28.2,21.6
Scarborough,2018-04-13,66.2,0.0,0.0,20.8,109.8,1014.3,35.9,7.5,283.0,24.4,21163,65657,30.0,24.0,27.1,32.6,24.0,28.0,20.1
Scarborough,2018-04-14,66.0,0.8128,8.33,23.0,95.9,1015.3,39.6,8.0,251.1,21.5,21131,65660,29.2,24.8,26.9,31.4,24.8,27.7,19.9
Scarborough,2018-04-15,69.2,0.4064,4.17,19.7,98.5,1016.0,37.3,7.3,258.5,22.4,21099,65663,30.0,25.0,26.9,33.3,25.0,27.8,20.7
Scarborough,2018-04-16,73.7,0.508,4.17,20.8,114.8,1015.2,35.6,6.4,167.6,14.4,21067,65666,30.0,25.0,27.3,33.3,25.0,29.2,22.2
Scarborough,2018-04-17,72.9,0.0,0.0,21.9,103.6,1014.7,35.0,6.6,244.0,21.2,21035,65670,29.2,25.7,27.4,32.4,25.7,29.2,22.1
Scarborough,2018-04-18,69.6,0.2032,4.17,20.8,105.7,1015.8,37.5,6.7,240.4,20.8,21005,65674,30.0,25.8,27.3,33.3,25.8,28.6,21.2
Scarborough,2018-04-19,69.9,0.1016,4.17,23.0,97.9,1016.3,46.9,7.3,237.8,20.5,20974,65678,30.9,25.0,27.0,32.9,25.0,28.0,20.9
Scarborough,2018-04-20,72.6,0.0,0.0,20.8,101.8,1015.1,38.7,7.8,251.7,21.8,20944,65683,30.0,24.0,26.9,33.3,24.0,28.3,21.5
Scarborough,2018-04-21,76.2,0.0,0.0,18.3,104.7,1013.7,38.8,6.8,283.0,24.4,20915,65688,30.0,24.0,26.7,34.2,24.0,27.9,22.1
Scarborough,2018-04-22,73.1,0.0,0.0,18.3,106.7,1013.3,29.9,7.5,300.4,26.0,20886,65693,30.7,25.0,27.5,33.7,25.0,29.1,22.1
Scarborough,2018-04-23,70.1,0.0,0.0,18.3,107.4,1013.9,34.5,7.1,276.2,23.8,20858,65699,30.1,25.0,27.4,33.3,25.0,28.8,21.4
Scarborough,2018-04-24,77.2,0.6096,4.17,18.3,110.7,1014.2,46.3,7.1,256.1,22.1,20830,65705,29.2,24.0,26.5,32.8,24.0,27.7,22.1
Scarborough,2018-04-25,71.5,0.0,0.0,17.2,107.9,1014.1,35.7,7.9,288.4,24.9,20804,65711,30.1,25.9,27.4,33.4,25.9,28.8,21.7
Scarborough,2018-04-26,69.3,0.0,0.0,18.3,101.3,1013.9,27.9,8.1,275.0,23.6,20777,65718,30.0,25.0,27.4,33.3,25.0,28.7,21.2
Scarborough,2018-04-27,70.4,0.3048,4.17,18.3,102.3,1013.5,31.6,8.0,293.2,25.3,20751,65725,29.7,25.0,27.3,32.3,25.0,28.8,21.4
Scarborough,2018-04-28,68.6,0.0,0.0,20.8,95.0,1014.6,33.1,7.7,248.8,21.5,20726,65732,30.0,26.0,27.6,33.3,26.0,29.2,21.3
Scarborough,2018-04-29,71.4,0.1016,4.17,21.9,93.3,1014.8,39.4,7.6,266.7,23.0,20702,65740,31.0,25.0,27.4,34.6,25.0,28.9,21.7
Scarborough,2018-04-30,71.7,0.7874,4.17,23.0,103.3,1014.6,37.7,7.1,280.4,24.2,20678,65748,31.0,25.0,27.6,34.6,25.0,29.2,21.9
Scarborough,2018-05-01,79.1,0.2032,4.17,20.8,115.8,1015.1,33.2,6.8,231.8,20.2,23015,64396,30.0,23.0,26.2,35.1,23.0,27.3,22.1
Scarborough,2018-05-02,78.1,5.206999999999999,8.33,18.3,91.5,1013.1,40.3,6.8,216.6,18.8,23179,65264,29.8,23.2,26.4,33.2,23.2,27.7,22.1
Scarborough,2018-05-03,81.1,0.0,0.0,13.9,132.6,1011.0,38.8,7.6,155.5,13.4,22543,65592,30.0,26.0,27.7,36.2,26.0,31.2,24.1
Scarborough,2018-05-04,69.7,0.0,0.0,15.7,103.9,1011.9,33.5,8.1,286.4,24.8,21438,65641,30.0,23.8,26.2,31.9,23.8,26.9,20.1
Scarborough,2018-05-05,77.6,4.521199999999999,12.5,20.8,100.3,1014.4,39.2,6.7,261.1,22.6,20570,65794,29.2,25.1,26.8,32.9,25.1,28.1,22.5
Scarborough,2018-05-06,74.2,0.0,0.0,18.3,98.5,1014.3,28.9,6.5,274.7,23.6,20336,66244,31.0,26.0,28.1,35.1,26.0,30.8,22.9
Scarborough,2018-05-07,75.1,2.0065999999999997,4.17,20.8,95.4,1014.5,42.1,6.5,281.3,24.2,20690,66616,30.0,25.0,26.9,34.1,25.0,28.1,22.0
Scarborough,2018-05-08,77.0,0.0,0.0,10.3,122.3,1013.7,33.3,8.4,291.1,25.0,21095,66370,31.1,25.0,27.7,36.3,25.0,30.3,23.2
Scarborough,2018-05-09,77.3,0.1016,4.17,14.1,88.8,1011.6,37.7,6.5,258.8,22.3,21169,65415,32.0,25.8,27.9,37.9,25.8,30.8,23.4
Scarborough,2018-05-10,77.9,2.9972,8.33,12.8,108.8,1011.7,36.6,7.2,246.8,21.4,21103,64247,30.0,25.9,27.7,35.1,25.9,30.6,23.4
Scarborough,2018-05-11,79.9,2.9972,4.17,15.2,95.7,1009.9,42.0,7.3,201.5,17.5,21343,63429,30.0,25.0,27.3,36.2,25.0,29.6,23.5
Scarborough,2018-05-12,70.8,5.9944,4.17,20.4,91.8,1012.6,40.9,7.0,214.0,18.5,22117,63514,30.0,24.8,27.2,33.3,24.8,28.6,21.3
Scarborough,2018-05-13,77.4,3.6829999999999994,12.5,24.2,91.1,1013.9,35.8,6.8,291.3,25.1,20436,65886,32.0,24.0,27.1,37.9,24.0,29.0,22.7
Scarborough,2018-05-14,69.9,0.9905999999999999,4.17,23.0,94.8,1013.6,31.8,7.3,291.7,25.2,20423,65899,31.0,25.0,27.8,34.6,25.0,29.6,21.7
Scarborough,2018-05-15,73.1,0.4064,4.17,21.9,87.6,1014.7,44.3,7.2,277.3,23.9,20410,65912,31.1,24.9,26.8,33.9,24.9,27.9,21.4
Scarborough,2018-05-16,71.3,0.7874,4.17,23.0,97.5,1014.2,34.6,7.0,307.4,26.4,20399,65926,31.0,24.0,27.0,33.8,24.0,28.1,21.2
Scarborough,2018-05-17,67.3,0.0,0.0,19.7,99.3,1013.5,30.0,8.0,298.7,25.7,20388,65940,30.2,24.0,27.1,32.8,24.0,28.3,20.4
Scarborough,2018-05-18,72.9,0.0,0.0,18.3,120.3,1012.7,34.9,7.8,275.6,23.9,20378,65954,29.0,24.0,26.9,32.2,24.0,28.7,21.6
Scarborough,2018-05-19,79.4,0.508,4.17,24.2,107.8,1014.0,51.5,6.4,190.2,16.4,20369,65969,29.0,24.0,26.4,32.8,24.0,27.9,22.6
Scarborough,2018-05-20,77.0,1.9049999999999998,8.33,19.7,92.8,1013.6,54.3,7.6,234.1,20.1,20361,65984,30.7,25.1,27.3,35.4,25.1,29.8,22.9
Scarborough,2018-05-21,73.1,0.0,0.0,18.3,112.9,1013.1,34.7,6.8,273.8,23.5,20353,65999,30.0,25.0,27.9,34.2,25.0,30.6,22.6
Scarborough,2018-05-22,77.2,0.2032,4.17,19.7,98.8,1014.1,46.8,6.5,220.3,19.2,20347,66014,29.0,25.0,27.3,32.8,25.0,29.6,22.9
Scarborough,2018-05-23,74.8,0.0,0.0,19.7,103.1,1015.3,39.8,7.6,268.4,23.3,20341,66030,30.0,24.0,27.4,34.1,24.0,29.3,22.4
Scarborough,2018-05-24,71.7,0.508,4.17,20.8,98.8,1015.3,32.5,7.5,297.0,25.5,20336,66046,30.1,25.0,27.5,33.3,25.0,29.1,21.8
Scarborough,2018-05-25,70.4,0.1016,4.17,18.3,101.9,1014.3,35.0,7.4,289.1,25.1,20332,66062,31.0,25.1,27.7,34.6,25.1,29.3,21.7
Scarborough,2018-05-26,81.0,2.9972,8.33,19.7,111.0,1013.4,41.1,6.8,239.0,20.5,20328,66078,30.0,25.0,27.1,36.2,25.0,29.4,23.5
Scarborough,2018-05-27,72.5,2.9972,4.17,20.8,95.0,1014.6,37.4,7.2,302.5,25.9,20326,66094,31.0,26.0,28.2,35.5,26.0,31.2,22.7
Scarborough,2018-05-28,69.9,0.1016,4.17,20.8,105.6,1015.0,34.6,8.1,295.9,25.5,20324,66110,30.1,26.0,27.8,33.3,26.0,29.4,21.7
Scarborough,2018-05-29,68.9,0.3048,8.33,18.3,99.3,1015.4,30.7,8.8,293.2,25.3,20323,66127,30.0,25.6,27.7,33.3,25.6,29.4,21.4
Scarborough,2018-05-30,72.2,13.9954,4.17,20.8,93.6,1014.4,40.9,7.0,275.3,23.8,20322,66144,30.0,24.0,27.2,33.3,24.0,28.6,21.6
Scarborough,2018-05-31,74.6,0.2032,4.17,17.2,103.2,1013.2,42.4,6.9,241.1,20.8,20323,66160,30.0,25.0,27.3,34.2,25.0,29.2,22.3
Scarborough,2018-06-01,82.6,3.7845999999999997,8.33,16.1,107.8,1014.5,58.7,6.2,201.2,17.5,23035,64429,28.0,24.0,25.4,31.3,24.0,25.9,22.2
Scarborough,2018-06-02,73.4,1.016,8.33,15.0,64.9,1014.2,39.9,7.3,252.5,22.0,23168,65284,30.0,23.0,26.1,33.3,23.0,27.2,20.9
Scarborough,2018-06-03,78.2,0.3048,4.17,19.7,100.6,1013.0,40.2,7.5,206.0,17.6,22511,65596,30.0,25.8,27.8,35.6,25.8,30.9,23.6
Scarborough,2018-06-04,70.2,0.0,0.0,17.2,109.1,1012.4,33.6,7.0,284.6,24.5,21402,65643,29.1,24.0,26.5,31.4,24.0,27.5,20.5
Scarborough,2018-06-05,71.8,6.095999999999999,4.17,27.7,95.3,1015.5,38.7,7.0,258.9,22.2,20550,65804,30.9,24.8,27.2,33.6,24.8,28.6,21.6
Scarborough,2018-06-06,72.8,0.2032,8.33,18.1,91.6,1013.8,43.1,6.6,277.5,24.0,20341,66261,31.0,26.0,27.9,35.5,26.0,30.4,22.5
Scarborough,2018-06-07,82.8,12.5984,8.33,20.8,81.9,1013.8,57.3,6.5,196.5,16.9,20706,66620,29.0,24.7,26.3,33.6,24.7,27.6,23.1
Scarborough,2018-06-08,73.8,0.0,0.0,21.9,95.0,1014.3,34.7,6.8,249.6,21.6,21103,66349,32.1,25.8,28.6,38.2,25.8,31.8,23.3
Scarborough,2018-06-09,77.3,0.9905999999999999,4.17,12.8,113.2,1012.3,32.4,7.1,240.9,20.8,21167,65377,31.0,25.7,28.1,37.4,25.7,31.2,23.7
Scarborough,2018-06-10,78.3,2.0065999999999997,4.17,15.0,103.7,1011.6,43.6,6.6,230.3,20.0,21103,64211,31.0,25.0,27.6,36.6,25.0,29.7,23.3
Scarborough,2018-06-11,80.8,0.0,0.0,6.9,62.6,1009.3,41.0,6.9,179.3,15.6,21361,63416,30.0,25.0,26.9,35.1,25.0,28.7,23.3
Scarborough,2018-06-12,72.8,0.0,0.0,17.9,97.7,1014.2,46.2,7.1,214.6,18.7,22149,63533,31.0,23.0,26.4,36.6,23.0,27.9,21.1
Scarborough,2018-06-13,77.3,24.993599999999997,8.33,23.0,99.6,1015.9,39.0,6.4,246.6,21.3,20392,66375,31.0,25.0,27.6,35.5,25.0,29.8,23.1
Scarborough,2018-06-14,72.7,0.4064,4.17,20.1,84.1,1016.1,35.7,6.7,270.9,23.5,20402,66390,30.2,25.2,27.3,34.1,25.2,28.8,21.9
Scarborough,2018-06-15,75.8,0.3048,4.17,18.3,105.7,1015.7,40.4,7.1,281.5,24.3,20412,66405,30.1,25.0,27.0,34.2,25.0,28.7,22.3
Scarborough,2018-06-16,84.5,18.9992,16.67,18.3,100.3,1016.1,63.8,6.7,215.6,18.6,20423,66420,29.7,24.0,26.3,35.5,24.0,27.8,23.4
Scarborough,2018-06-17,80.2,0.889,8.33,18.3,113.2,1016.1,38.5,7.3,207.5,17.9,20434,66435,30.0,25.2,27.2,35.1,25.2,29.2,23.4
Scarborough,2018-06-18,84.0,0.4064,4.17,19.7,127.2,1016.4,52.9,7.1,144.8,12.6,20446,66449,29.1,25.0,26.7,34.7,25.0,28.4,23.7
Scarborough,2018-06-19,85.5,9.6266,12.5,15.0,133.0,1016.0,53.5,5.8,171.8,14.8,20458,66463,28.1,24.7,26.1,32.7,24.7,27.1,23.4
Scarborough,2018-06-20,76.9,2.9972,4.17,18.3,88.1,1015.4,35.3,7.1,236.9,20.5,20470,66476,31.0,24.9,27.4,35.5,24.9,29.6,22.9
Scarborough,2018-06-21,81.8,0.9905999999999999,4.17,23.0,115.3,1015.0,41.5,6.6,144.0,12.3,20483,66489,30.0,24.0,26.9,36.2,24.0,29.2,23.5
Scarborough,2018-06-22,74.1,4.191,4.17,18.3,100.7,1015.3,32.6,7.4,268.8,23.2,20496,66502,31.0,25.9,28.1,35.5,25.9,30.9,22.9
Scarborough,2018-06-23,72.5,0.4064,4.17,25.3,89.8,1014.6,41.5,6.8,272.3,23.6,20510,66514,30.1,25.0,27.8,34.2,25.0,30.4,22.4
Scarborough,2018-06-24,71.0,0.0,0.0,23.0,85.2,1014.4,37.8,6.6,268.2,23.1,20524,66526,31.0,25.9,28.2,35.5,25.9,30.8,22.3
Scarborough,2018-06-25,74.2,0.1016,4.17,23.0,91.1,1014.6,34.6,6.4,260.6,22.6,20538,66537,31.0,26.0,28.0,36.6,26.0,30.6,22.9
Scarborough,2018-06-26,72.5,0.3048,4.17,19.7,88.7,1013.9,34.4,6.8,252.3,21.7,20552,66548,31.0,25.0,27.8,34.6,25.0,29.8,22.3
Scarborough,2018-06-27,67.2,0.0,0.0,20.8,77.6,1013.6,28.1,7.0,290.5,25.2,20567,66558,32.0,25.9,28.3,35.8,25.9,29.9,21.4
Scarborough,2018-06-28,73.2,0.9905999999999999,4.17,20.8,79.5,1013.7,36.7,6.8,244.0,21.0,20582,66567,30.8,24.8,27.9,35.1,24.8,30.3,22.6
Scarborough,2018-06-29,68.8,0.0,0.0,23.0,85.6,1013.8,37.4,6.6,271.0,23.3,20597,66576,32.0,26.0,28.6,35.8,26.0,31.3,22.1
Scarborough,2018-06-30,81.3,10.0076,8.33,13.9,88.6,1012.3,53.2,6.6,212.3,18.3,20612,66584,30.0,25.0,26.5,34.2,25.0,27.5,23.0
Scarborough,2018-07-01,72.9,13.9954,8.33,21.7,86.4,1013.5,36.6,6.7,219.4,18.8,23054,64462,30.0,23.9,26.8,33.3,23.9,27.8,21.4
Scarborough,2018-07-02,76.8,3.9878,4.17,15.0,83.3,1014.5,40.6,7.3,188.5,16.2,23155,65303,29.1,23.0,25.6,32.0,23.0,26.4,21.1
Scarborough,2018-07-03,74.2,0.1016,4.17,21.9,97.9,1014.5,34.1,6.9,259.3,22.4,22478,65600,31.0,25.1,27.6,35.5,25.1,29.8,22.5
Scarborough,2018-07-04,70.8,0.0,0.0,23.0,101.0,1012.9,38.0,6.6,274.9,23.8,21367,65644,30.3,24.0,26.8,33.3,24.0,28.0,21.0
Scarborough,2018-07-05,68.2,0.0,0.0,25.3,101.2,1015.5,31.7,7.3,240.6,21.0,20532,65815,31.0,26.0,27.8,34.6,26.0,29.5,21.3
Scarborough,2018-07-06,69.6,0.0,0.0,19.7,99.8,1015.1,27.0,6.0,285.4,24.5,20347,66278,31.0,26.0,28.0,34.6,26.0,30.3,21.9
Scarborough,2018-07-07,77.1,8.991599999999998,4.17,15.0,78.9,1013.3,38.5,6.6,258.4,22.2,20721,66624,31.0,24.9,27.3,35.5,24.9,29.1,22.9
Scarborough,2018-07-08,72.4,0.0,0.0,19.7,91.6,1015.0,36.9,6.7,257.4,22.2,21110,66327,32.0,26.8,28.8,37.9,29.7,32.6,23.3
Scarborough,2018-07-09,77.5,0.508,8.33,13.9,111.3,1012.5,36.0,7.4,263.6,22.9,21165,65338,31.2,26.7,28.7,38.9,26.7,33.2,24.3
Scarborough,2018-07-10,79.6,3.9878,4.17,16.1,107.9,1011.7,41.5,7.0,168.3,14.6,21104,64176,31.0,24.8,27.2,36.6,24.8,29.4,23.4
Scarborough,2018-07-11,81.4,13.182599999999999,12.5,10.3,117.7,1009.7,49.9,7.5,220.0,19.0,21379,63404,30.0,26.0,27.7,37.4,26.0,31.0,24.2
Scarborough,2018-07-12,75.5,0.0,0.0,12.8,106.5,1015.4,44.0,6.2,218.1,18.8,22181,63553,30.0,24.0,26.3,33.3,24.0,27.3,21.5
Scarborough,2018-07-13,77.4,0.4064,4.17,17.2,95.0,1015.5,32.9,6.6,191.2,16.6,20815,66629,31.0,25.9,27.6,36.6,25.9,30.3,23.3
Scarborough,2018-07-14,76.2,0.0,0.0,13.9,105.7,1014.9,34.3,7.4,245.8,21.1,20830,66627,30.8,26.0,28.1,35.1,26.0,31.4,23.4
Scarborough,2018-07-15,76.4,0.0,0.0,17.2,109.7,1014.5,30.5,7.1,264.8,22.9,20845,66624,31.0,25.9,28.2,36.6,25.9,31.3,23.6
Scarborough,2018-07-16,77.2,1.6001999999999998,12.5,20.8,92.3,1015.6,43.3,7.6,261.5,22.5,20860,66620,30.8,26.0,28.1,36.2,26.0,31.5,23.7
Scarborough,2018-07-17,73.4,0.0,0.0,17.2,85.4,1015.4,37.2,6.7,270.8,23.3,20874,66616,31.0,26.0,28.3,36.6,26.0,31.6,23.0
Scarborough,2018-07-18,80.5,2.9972,8.33,19.0,97.7,1013.8,35.2,7.2,208.5,18.0,20889,66610,30.0,25.2,27.7,37.4,25.2,30.9,24.0
Scarborough,2018-07-19,75.2,0.1016,4.17,18.3,96.8,1013.7,30.7,7.1,267.3,23.0,20903,66604,32.0,25.9,28.7,37.9,25.9,32.5,23.7
Scarborough,2018-07-20,69.5,0.0,0.0,23.0,90.8,1013.4,29.8,6.6,274.8,23.5,20917,66597,32.0,26.7,28.8,36.8,28.7,32.1,22.6
Scarborough,2018-07-21,72.2,0.2032,4.17,20.8,89.3,1013.2,36.4,7.2,291.5,25.4,20930,66590,33.0,26.0,28.6,37.1,26.0,31.8,22.9
Scarborough,2018-07-22,69.1,0.0,0.0,24.2,95.3,1013.3,28.4,7.1,284.4,24.6,20944,66581,32.0,25.0,28.1,35.8,25.0,29.9,21.7
Scarborough,2018-07-23,70.3,0.1016,4.17,18.3,97.9,1014.0,32.7,7.3,268.3,23.2,20957,66571,32.0,25.0,28.6,36.8,25.0,31.4,22.5
Scarborough,2018-07-24,73.9,1.4986,8.33,20.8,95.0,1015.4,45.1,7.3,268.0,23.1,20970,66561,31.1,26.0,28.2,36.6,26.0,31.2,23.0
Scarborough,2018-07-25,67.7,0.0,0.0,18.3,89.8,1015.5,27.4,7.1,292.0,25.4,20982,66550,31.2,25.8,28.3,34.6,25.8,30.6,21.7
Scarborough,2018-07-26,77.5,3.9878,4.17,18.3,105.0,1015.5,37.7,6.8,227.4,19.6,20994,66537,31.8,25.0,27.6,36.6,25.0,30.1,23.3
Scarborough,2018-07-27,78.0,2.9972,4.17,15.0,107.5,1015.5,44.3,7.4,229.8,20.0,21006,66525,32.1,25.0,27.5,35.9,25.0,29.5,23.2
Scarborough,2018-07-28,76.9,3.9878,8.33,15.4,84.2,1014.8,46.3,6.7,234.2,20.2,21017,66511,31.0,25.0,27.3,33.9,25.0,28.7,22.7
Scarborough,2018-07-29,73.3,0.1016,4.17,18.3,85.6,1013.9,36.0,7.2,254.9,21.8,21028,66496,32.0,25.2,28.6,37.9,25.2,31.8,23.2
Scarborough,2018-07-30,82.5,8.102599999999999,12.5,20.8,89.2,1013.5,44.4,6.4,234.3,20.3,21039,66481,31.0,26.0,27.6,36.6,26.0,30.3,24.2
Scarborough,2018-07-31,82.6,4.6228,12.5,23.0,93.7,1014.0,57.1,6.5,200.3,17.3,21049,66464,30.0,25.8,27.2,34.2,25.8,29.4,23.9
Scarborough,2018-08-01,71.6,0.0,0.0,16.1,94.3,1013.6,31.6,7.5,224.4,19.3,23073,64495,30.1,24.0,26.6,34.0,24.0,27.8,21.0
Scarborough,2018-08-02,72.6,0.9905999999999999,4.17,22.8,84.0,1014.2,35.5,8.0,240.0,20.7,23142,65321,30.0,23.9,26.4,33.3,23.9,27.5,21.0
Scarborough,2018-08-03,71.9,0.0,0.0,18.3,86.6,1014.9,35.3,6.8,270.3,23.2,22445,65604,30.2,25.0,27.2,33.7,25.0,28.7,21.6
Scarborough,2018-08-04,67.9,0.2032,4.17,20.8,102.9,1013.5,34.0,8.0,268.0,23.2,21333,65646,30.1,24.9,27.0,32.6,24.9,28.1,20.4
Scarborough,2018-08-05,68.6,0.1016,4.17,25.3,90.9,1014.8,56.2,7.1,246.3,21.2,20514,65826,32.0,25.9,27.9,34.9,25.9,29.4,21.4
Scarborough,2018-08-06,71.2,0.3048,8.33,20.8,104.0,1015.6,31.3,6.7,287.4,24.8,20353,66294,30.0,25.6,27.4,33.3,25.6,28.8,21.7
Scarborough,2018-08-07,78.2,0.1016,4.17,16.8,110.5,1013.3,40.5,7.3,276.7,23.8,20737,66626,30.0,25.8,27.3,34.2,25.8,29.5,23.1
Scarborough,2018-08-08,73.8,0.2032,8.33,18.1,87.8,1015.4,28.7,7.2,241.5,20.9,21117,66304,32.0,26.0,28.3,37.8,26.0,30.9,23.0
Scarborough,2018-08-09,83.7,0.1016,4.17,9.2,87.9,1012.5,43.1,7.1,271.0,23.5,21162,65299,31.0,26.0,28.0,42.4,26.0,32.0,24.8
Scarborough,2018-08-10,77.4,2.6923999999999997,4.17,15.0,119.2,1011.1,37.5,7.2,221.5,19.1,21105,64140,30.1,26.0,28.2,36.2,26.0,31.8,23.8
Scarborough,2018-08-11,78.4,0.0,0.0,12.8,113.9,1009.7,40.1,7.9,214.8,18.3,21398,63394,31.0,27.0,28.2,37.3,30.1,32.3,24.1
Scarborough,2018-08-12,70.1,0.0,0.0,19.2,89.3,1015.4,27.7,7.4,247.8,21.6,22213,63573,29.1,24.0,26.6,31.9,24.0,27.6,20.6
Scarborough,2018-08-13,83.9,19.9898,12.5,20.8,102.8,1013.6,44.9,6.7,187.0,16.2,21147,66179,31.0,23.0,25.6,34.6,23.0,26.4,22.5
Scarborough,2018-08-14,77.2,0.1016,4.17,19.7,102.7,1013.0,35.6,7.0,223.4,19.3,21151,66152,31.0,24.0,27.6,36.6,24.0,29.9,23.0
Scarborough,2018-08-15,74.1,0.0,0.0,11.4,116.1,1014.2,29.5,8.4,306.6,26.4,21156,66125,30.0,24.0,27.3,33.9,24.0,28.9,22.2
Scarborough,2018-08-16,77.1,0.0,0.0,13.9,110.1,1015.6,33.7,8.6,274.4,23.7,21160,66096,31.0,25.0,27.9,35.5,25.0,30.4,23.3
Scarborough,2018-08-17,80.7,1.2953999999999999,8.33,15.0,100.7,1016.1,48.9,7.0,230.6,20.0,21163,66067,30.0,24.0,27.2,35.1,24.0,29.7,23.6
Scarborough,2018-08-18,77.3,0.2032,4.17,13.9,119.8,1014.9,45.5,6.8,247.2,21.5,21166,66037,31.0,24.2,27.4,36.6,24.2,29.7,23.0
Scarborough,2018-08-19,72.8,5.1054,4.17,18.3,106.5,1015.0,32.8,7.4,275.2,23.8,21169,66007,31.0,27.0,28.8,36.6,29.7,32.6,23.3
Scarborough,2018-08-20,75.1,0.4064,4.17,15.0,89.2,1015.3,38.2,7.0,240.5,20.8,21171,65976,31.0,26.0,27.9,36.6,26.0,30.5,23.0
Scarborough,2018-08-21,80.1,10.0076,4.17,11.4,92.3,1015.1,52.4,7.4,209.4,18.2,21174,65945,29.1,24.6,26.9,33.7,24.6,28.7,23.1
Scarborough,2018-08-22,78.5,1.7018,8.33,11.4,99.2,1014.7,32.4,8.0,245.8,21.2,21175,65912,31.0,25.1,27.8,36.2,25.1,30.5,23.6
Scarborough,2018-08-23,76.6,24.993599999999997,4.17,18.3,89.1,1013.8,37.0,6.6,251.4,21.7,21177,65880,31.0,24.0,27.9,36.6,24.0,30.7,23.3
Scarborough,2018-08-24,70.3,0.0,0.0,11.4,87.9,1013.7,34.7,7.5,285.6,24.7,21178,65847,31.2,25.0,28.1,34.9,25.0,30.2,22.1
Scarborough,2018-08-25,75.4,0.0,0.0,15.0,94.0,1014.5,31.7,7.3,271.1,23.3,21178,65813,31.0,25.0,27.9,36.6,25.0,30.9,23.1
Scarborough,2018-08-26,73.6,0.0,0.0,16.1,89.3,1014.5,33.4,7.2,285.6,24.6,21179,65779,31.0,25.0,27.9,35.5,25.0,30.5,22.7
Scarborough,2018-08-27,78.4,0.0,0.0,13.9,101.1,1014.0,34.6,8.3,295.8,25.8,21179,65744,31.1,24.7,28.1,39.1,24.7,31.7,23.9
Scarborough,2018-08-28,86.7,0.0,0.0,9.2,64.1,1013.1,46.3,7.4,243.2,20.8,21179,65709,31.0,25.7,27.3,39.1,25.7,30.0,24.8
Scarborough,2018-08-29,83.2,0.0,0.0,60.7,131.7,1012.7,31.4,7.3,267.3,23.1,21179,65674,32.0,25.9,28.8,42.3,25.9,34.3,25.6
Scarborough,2018-08-30,82.3,0.4064,4.17,12.8,121.9,1012.3,34.3,7.4,227.0,19.7,21178,65638,32.0,26.8,28.8,39.4,30.1,34.6,25.4
Scarborough,2018-08-31,80.8,0.0,0.0,16.1,97.1,1012.4,33.4,7.2,283.2,24.5,21177,65602,32.0,26.0,28.7,40.7,26.0,33.6,24.9
Scarborough,2018-09-01,75.4,3.3274,12.5,15.7,103.7,1013.5,33.5,6.9,224.7,19.3,23090,64527,29.2,23.0,26.4,32.3,23.0,27.6,21.6
Scarborough,2018-09-02,71.1,0.3048,4.17,21.3,92.8,1013.9,28.0,7.4,267.2,22.9,23128,65339,30.0,23.0,26.4,33.3,23.0,27.4,20.7
Scarborough,2018-09-03,69.6,0.0,0.0,27.7,94.8,1015.5,36.8,7.5,262.1,22.6,22411,65608,30.0,24.9,27.1,32.6,24.9,28.4,21.0
Scarborough,2018-09-04,67.4,0.2032,8.33,20.8,100.0,1013.9,30.6,7.6,303.1,26.1,21298,65647,30.1,24.0,26.9,32.6,24.0,27.8,20.2
Scarborough,2018-09-05,71.5,0.0,0.0,24.2,94.9,1014.6,38.4,6.7,244.0,21.1,20497,65837,30.0,25.9,27.2,33.3,25.9,28.4,21.5
Scarborough,2018-09-06,71.7,1.2953999999999999,4.17,20.8,101.0,1015.5,28.7,6.7,290.2,24.9,20359,66311,31.0,25.0,27.5,34.6,25.0,29.1,21.8
Scarborough,2018-09-07,78.1,0.508,4.17,15.0,111.4,1014.9,40.6,7.8,178.5,15.3,20753,66628,30.8,26.0,28.1,37.1,26.0,31.7,23.9
Scarborough,2018-09-08,75.5,0.0,0.0,15.0,102.4,1015.8,32.8,7.1,265.6,22.8,21124,66281,31.0,25.0,27.1,35.5,25.0,28.6,22.3
Scarborough,2018-09-09,81.3,4.2926,4.17,11.4,102.0,1011.6,30.2,7.3,251.3,21.7,21160,65260,32.0,25.7,28.4,42.3,25.7,32.4,24.8
Scarborough,2018-09-10,81.4,2.6161999999999996,8.33,16.1,97.7,1011.1,39.9,7.1,163.0,14.0,21106,64106,30.0,25.0,27.2,36.2,25.0,29.7,23.7
Scarborough,2018-09-11,77.9,0.0,0.0,11.4,126.9,1009.9,43.4,7.4,163.7,14.1,21417,63384,31.0,26.0,28.3,39.1,26.0,32.3,24.0
Scarborough,2018-09-12,68.8,0.0,0.0,15.0,92.4,1015.4,30.7,7.7,245.7,21.2,22245,63595,29.0,24.0,26.3,31.4,24.0,27.1,20.0
Scarborough,2018-09-13,80.2,1.0921999999999998,4.17,17.2,171.7,1009.0,40.6,7.7,260.3,22.4,21148,65103,31.0,25.7,28.7,42.4,25.7,33.2,24.8
Scarborough,2018-09-14,70.7,0.0,0.0,17.2,138.4,1009.8,38.1,7.2,260.3,22.6,21146,65063,32.0,28.0,29.9,39.2,31.3,34.9,23.9
Scarborough,2018-09-15,80.6,0.508,4.17,16.1,116.9,1010.6,43.5,7.5,259.6,22.5,21143,65024,32.1,26.7,28.5,42.5,30.0,33.4,24.8
Scarborough,2018-09-16,76.1,0.2032,4.17,15.7,98.0,1011.2,46.6,7.4,249.7,21.5,21140,64984,32.1,26.1,28.6,39.2,26.1,32.1,23.8
Scarborough,2018-09-17,86.3,15.062199999999999,95.83,21.0,82.4,1012.8,82.6,7.4,196.7,17.1,21137,64944,28.1,25.7,26.7,32.2,25.7,28.3,24.2
Scarborough,2018-09-18,77.0,6.1975999999999996,4.17,19.2,99.0,1012.0,33.7,6.9,250.4,21.5,21134,64904,31.0,25.7,28.4,37.8,25.7,32.4,23.9
Scarborough,2018-09-19,78.6,7.010400000000001,4.17,21.0,107.3,1011.9,45.9,8.0,231.8,20.1,21131,64864,30.2,26.0,28.1,36.2,26.0,32.1,24.1
Scarborough,2018-09-20,73.4,12.090399999999999,8.33,20.1,94.0,1012.3,39.6,6.8,255.5,22.0,21128,64825,32.0,24.3,28.7,37.3,24.3,32.4,23.3
Scarborough,2018-09-21,84.3,16.002,12.5,14.8,93.3,1011.4,42.8,6.5,229.2,19.7,21125,64785,28.7,24.0,25.7,32.3,24.0,26.3,22.8
Scarborough,2018-09-22,82.0,0.0,0.0,12.8,118.2,1010.8,40.6,7.2,178.7,15.4,21122,64745,31.0,24.8,26.9,37.8,24.8,29.2,23.6
Scarborough,2018-09-23,79.3,6.400799999999999,8.33,11.9,109.3,1011.1,41.6,7.3,235.5,20.4,21120,64706,31.0,25.0,27.9,39.1,25.0,31.4,23.9
Scarborough,2018-09-24,73.2,0.0,0.0,15.0,107.4,1012.2,33.4,7.5,241.7,20.8,21117,64666,31.0,26.9,28.6,36.6,29.4,32.1,23.2
Scarborough,2018-09-25,78.6,0.1016,4.17,17.2,85.4,1011.6,41.9,7.1,236.0,20.4,21115,64627,31.2,25.0,27.3,36.7,25.0,29.4,23.2
Scarborough,2018-09-26,81.3,6.9088,8.33,19.2,66.9,1009.6,44.8,7.2,220.9,19.0,21113,64588,30.0,26.0,27.6,36.2,26.0,31.1,24.1
Scarborough,2018-09-27,80.0,0.0,0.0,11.6,194.5,1009.0,41.7,7.5,133.2,11.6,21111,64549,30.1,25.8,27.7,36.2,25.8,30.8,23.9
Scarborough,2018-09-28,78.2,0.2032,4.17,17.2,141.3,1010.9,42.1,6.7,145.6,12.7,21109,64510,30.2,27.0,28.8,37.4,30.1,33.9,24.7
Scarborough,2018-09-29,73.8,2.5146,8.33,17.2,107.4,1011.2,34.9,6.6,259.9,22.5,21107,64472,31.0,26.0,28.2,35.5,26.0,31.1,22.9
Scarborough,2018-09-30,76.7,0.889,4.17,15.0,102.3,1011.2,39.8,7.3,236.9,20.6,21106,64434,31.0,26.9,28.2,34.6,29.4,32.0,23.7
Scarborough,2018-10-01,84.8,13.106399999999999,16.67,30.0,110.7,1014.0,50.4,7.0,168.1,14.4,23106,64560,28.2,24.0,25.7,32.2,24.0,26.3,22.9
Scarborough,2018-10-02,72.1,0.4064,4.17,23.0,89.2,1014.5,31.3,7.0,248.8,21.3,23113,65356,30.7,23.8,26.4,34.1,23.8,27.6,20.9
Scarborough,2018-10-03,68.5,0.0,0.0,25.3,95.3,1015.6,34.1,7.3,268.1,23.2,22377,65611,29.8,25.0,27.3,32.3,25.0,28.7,20.9
Scarborough,2018-10-04,70.5,0.0,0.0,21.9,99.8,1014.5,35.7,7.6,281.5,24.2,21264,65649,30.0,24.0,26.6,32.6,24.0,27.5,20.7
Scarborough,2018-10-05,74.2,0.508,12.5,21.5,90.3,1014.7,43.8,6.9,276.4,23.7,20480,65849,30.8,25.0,27.2,35.3,25.0,28.8,22.1
Scarborough,2018-10-06,78.0,3.9115999999999995,12.5,23.0,100.8,1014.6,36.9,6.7,242.1,20.8,20367,66327,31.1,25.0,27.8,36.5,25.0,30.7,23.5
Scarborough,2018-10-07,81.7,3.0987999999999998,12.5,19.7,101.7,1014.7,48.8,6.4,249.3,21.4,20769,66630,30.1,25.1,27.3,36.0,25.1,30.0,23.8
Scarborough,2018-10-08,74.9,0.2032,4.17,13.0,109.3,1015.4,29.5,7.6,264.6,22.9,21130,66256,30.9,26.0,28.1,36.1,26.0,30.9,23.1
Scarborough,2018-10-09,78.6,0.0,0.0,12.8,101.2,1011.7,29.1,7.5,271.3,23.4,21157,65221,32.0,25.8,28.6,36.8,25.8,31.9,24.2
Scarborough,2018-10-10,83.0,0.0,0.0,12.8,99.2,1010.1,35.6,6.7,195.1,16.8,21108,64071,30.0,25.0,26.8,35.1,25.0,28.8,23.6
Scarborough,2018-10-11,79.3,2.9972,4.17,12.8,106.8,1010.2,37.4,7.3,216.6,18.8,21437,63376,31.0,25.9,27.7,37.8,25.9,30.4,23.8
Scarborough,2018-10-12,64.5,0.0,0.0,17.2,103.6,1015.6,27.4,7.7,235.9,20.3,22277,63617,29.0,25.0,27.3,31.4,25.0,28.4,19.9
Scarborough,2018-10-13,71.1,0.0,0.0,13.0,117.4,1012.7,31.2,7.6,265.7,23.1,21116,63972,31.2,26.0,28.6,36.6,26.0,31.9,22.8
Scarborough,2018-10-14,75.1,0.0,0.0,10.3,78.4,1013.1,29.0,7.4,259.7,22.5,21120,63940,31.0,25.0,28.0,35.5,25.0,30.5,23.1
Scarborough,2018-10-15,76.7,0.0,0.0,11.4,76.7,1011.5,42.6,6.7,237.5,20.5,21124,63909,32.0,26.0,27.7,37.9,26.0,30.4,23.2
Scarborough,2018-10-16,78.5,11.7856,8.33,18.3,79.2,1009.9,39.0,6.6,193.3,16.8,21129,63878,30.8,25.0,27.7,35.3,25.0,30.9,23.6
Scarborough,2018-10-17,80.8,17.602199999999996,16.67,19.7,110.4,1010.0,50.1,6.8,102.0,8.8,21134,63848,28.0,25.0,26.8,31.9,25.0,28.9,23.2
Scarborough,2018-10-18,86.7,15.011399999999998,12.5,15.0,100.2,1010.0,58.8,6.6,79.8,6.8,21139,63818,27.0,24.0,25.6,29.7,24.0,25.9,23.2
Scarborough,2018-10-19,86.7,43.992799999999995,4.17,12.8,71.5,1009.4,50.5,6.5,137.4,12.0,21146,63790,27.0,24.0,25.6,30.1,24.0,26.1,23.2
Scarborough,2018-10-20,88.4,76.0984,16.67,16.1,106.1,1008.8,53.6,6.5,86.9,7.4,21152,63762,29.0,24.0,25.2,33.6,24.0,25.7,23.2
Scarborough,2018-10-21,81.8,0.7874,4.17,13.9,122.9,1008.6,49.1,8.0,170.5,14.8,21160,63734,30.0,25.0,27.3,37.1,25.0,29.8,23.8
Scarborough,2018-10-22,81.4,2.1082,8.33,18.3,124.5,1010.2,43.4,7.0,184.1,16.0,21168,63708,29.0,25.0,26.8,33.6,25.0,28.7,23.3
Scarborough,2018-10-23,82.0,1.6001999999999998,12.5,12.8,119.3,1011.0,38.4,6.9,216.2,18.5,21176,63682,30.0,25.0,27.2,36.2,25.0,29.5,23.7
Scarborough,2018-10-24,80.0,0.7874,4.17,11.9,99.1,1011.1,30.8,7.3,246.9,21.3,21185,63657,30.1,25.0,27.3,36.2,25.0,30.1,23.5
Scarborough,2018-10-25,74.1,0.0,0.0,14.8,108.3,1011.0,38.0,7.7,263.5,22.7,21195,63633,30.2,26.0,28.1,35.6,26.0,30.9,22.9
Scarborough,2018-10-26,75.3,0.0,0.0,13.4,93.2,1011.6,38.3,8.2,246.2,21.3,21205,63610,31.0,25.0,27.9,37.8,25.0,30.7,23.1
Scarborough,2018-10-27,71.0,0.0,0.0,14.8,104.5,1012.0,28.4,8.2,255.5,22.1,21216,63588,31.0,25.0,27.7,35.5,25.0,29.4,21.8
Scarborough,2018-10-28,75.4,0.0,0.0,8.1,81.4,1011.9,36.8,10.0,255.3,22.3,21227,63566,30.1,25.0,27.1,35.1,25.0,28.8,22.3
Scarborough,2018-10-29,74.0,0.0,0.0,11.4,108.4,1011.4,25.5,9.5,258.4,22.4,21240,63546,30.0,24.0,27.4,34.2,24.0,29.4,22.3
Scarborough,2018-10-30,78.8,10.1092,8.33,15.0,99.5,1011.7,39.1,7.0,207.7,18.0,21252,63526,31.0,25.0,27.7,37.8,25.0,30.3,23.6
Scarborough,2018-10-31,85.7,61.89979999999999,16.67,16.1,112.8,1012.7,48.1,6.4,197.4,17.1,21266,63508,30.0,24.0,26.3,37.4,24.0,28.1,23.7
Scarborough,2018-11-01,82.2,0.8128,8.33,21.9,103.4,1014.8,39.4,6.8,199.2,17.1,23122,64592,29.0,24.0,26.4,33.6,24.0,27.8,23.1
Scarborough,2018-11-02,71.5,0.7874,4.17,22.1,76.2,1015.1,30.9,6.8,243.8,21.2,23097,65372,30.0,24.0,26.1,33.3,24.0,27.0,20.5
Scarborough,2018-11-03,66.8,0.0,0.0,25.1,100.4,1015.2,30.4,7.1,294.4,25.4,22343,65614,30.0,25.9,27.4,33.3,25.9,28.7,20.6
Scarborough,2018-11-04,73.4,0.2032,8.33,19.0,95.1,1014.1,39.9,7.2,270.2,23.4,21230,65652,30.3,24.8,26.6,32.7,24.8,27.1,21.3
Scarborough,2018-11-05,72.2,3.9878,4.17,23.0,95.2,1015.2,32.3,6.7,270.9,23.5,20465,65861,31.0,25.0,27.7,35.5,25.0,29.8,22.2
Scarborough,2018-11-06,71.4,0.508,8.33,20.8,100.1,1014.0,36.2,7.0,269.1,23.3,20375,66343,31.1,26.0,28.2,35.3,26.0,30.5,22.4
Scarborough,2018-11-07,76.6,0.1016,4.17,18.3,92.7,1014.5,42.5,6.6,251.7,21.6,20784,66630,31.1,25.0,28.0,35.6,25.0,30.9,23.4
Scarborough,2018-11-08,74.7,0.0,0.0,18.3,101.2,1015.4,31.1,7.1,273.4,23.6,21136,66232,31.8,26.0,28.3,37.3,26.0,31.4,23.3
Scarborough,2018-11-09,77.1,0.0,0.0,15.0,89.6,1011.6,29.9,7.5,285.5,24.9,21154,65182,32.0,26.0,28.5,36.8,26.0,31.6,23.9
Scarborough,2018-11-10,78.0,0.1016,4.17,13.9,118.6,1010.3,33.1,6.7,237.3,20.6,21111,64038,31.0,25.0,28.2,37.8,25.0,31.7,23.9
Scarborough,2018-11-11,77.7,0.1016,4.17,11.4,142.2,1009.5,36.6,7.4,216.0,18.6,21458,63368,31.0,25.0,27.8,37.1,25.0,30.8,23.5
Scarborough,2018-11-12,69.3,0.0,0.0,17.2,101.9,1016.0,26.5,7.6,201.7,17.5,22309,63640,29.1,26.0,27.4,32.0,26.0,29.2,21.3
Scarborough,2018-11-13,81.5,6.604,8.33,19.7,106.9,1011.0,52.0,6.8,180.8,15.5,21502,63357,30.0,23.9,27.0,35.1,23.9,29.2,23.5
Scarborough,2018-11-14,82.8,21.005799999999997,8.33,11.4,88.3,1011.0,42.9,6.5,179.4,15.5,21524,63353,28.0,25.0,26.5,31.9,25.0,27.9,23.3
Scarborough,2018-11-15,78.3,7.010400000000001,8.33,21.3,87.6,1011.2,41.2,7.0,187.2,16.1,21548,63349,30.0,24.0,27.1,34.2,24.0,29.5,22.9
Scarborough,2018-11-16,72.6,0.508,8.33,17.2,102.9,1011.6,35.0,7.4,204.6,17.8,21571,63347,30.2,26.0,28.1,34.3,26.0,31.1,22.7
Scarborough,2018-11-17,79.7,8.001,4.17,15.0,102.8,1012.0,41.2,6.7,188.5,16.1,21596,63347,30.0,24.0,27.2,35.1,24.0,29.7,23.3
Scarborough,2018-11-18,74.8,5.9944,4.17,18.8,93.5,1012.2,33.9,7.6,215.9,18.8,21621,63347,30.0,24.9,27.6,34.2,24.9,29.9,22.6
Scarborough,2018-11-19,76.8,0.3048,4.17,12.8,91.7,1012.0,51.7,7.5,219.3,18.8,21647,63348,30.1,25.0,27.3,36.2,25.0,29.6,22.8
Scarborough,2018-11-20,74.2,2.0065999999999997,4.17,17.2,100.5,1012.3,37.1,7.2,218.8,18.9,21673,63351,30.0,25.0,27.3,34.2,25.0,29.2,22.2
Scarborough,2018-11-21,70.2,0.0,0.0,17.7,99.0,1012.7,33.9,8.0,241.4,20.9,21699,63354,30.0,25.0,27.4,34.2,25.0,29.2,21.4
Scarborough,2018-11-22,79.0,5.0038,4.17,18.8,106.4,1012.2,45.5,6.7,219.3,19.0,21727,63359,30.0,24.9,26.9,35.1,24.9,28.8,22.9
Scarborough,2018-11-23,76.6,5.9944,4.17,23.1,102.6,1011.6,39.9,7.3,249.2,21.7,21754,63364,30.0,24.9,27.1,34.2,24.9,28.9,22.6
Scarborough,2018-11-24,75.5,0.0,0.0,16.1,103.2,1011.6,29.8,7.5,235.4,20.3,21783,63371,30.0,24.0,27.1,33.8,24.0,29.0,22.3
Scarborough,2018-11-25,76.1,2.0065999999999997,4.17,18.3,95.9,1011.8,34.1,7.2,232.0,20.0,21811,63379,30.0,25.0,27.4,34.2,25.0,29.3,22.8
Scarborough,2018-11-26,73.2,2.6161999999999996,8.33,13.9,100.4,1012.0,42.9,7.5,237.8,20.5,21840,63388,29.2,25.0,26.8,32.0,25.0,27.7,21.5
Scarborough,2018-11-27,75.9,0.2032,4.17,16.1,90.5,1010.9,37.6,6.4,208.9,18.2,21870,63398,30.0,25.0,27.1,34.2,25.0,28.9,22.4
Scarborough,2018-11-28,73.8,0.4064,4.17,13.9,95.2,1011.8,38.8,7.7,231.0,20.1,21900,63409,31.0,25.0,26.9,34.7,25.0,28.4,21.8
Scarborough,2018-11-29,73.7,0.1016,4.17,17.2,107.0,1012.8,47.7,6.7,227.1,19.7,21930,63421,29.0,25.0,26.9,32.8,25.0,28.2,21.8
Scarborough,2018-11-30,73.9,2.3114,8.33,19.2,86.2,1013.1,39.1,7.2,220.8,19.2,21960,63434,30.0,24.0,26.9,33.3,24.0,28.4,21.8
Scarborough,2018-12-01,80.9,6.095999999999999,8.33,18.3,97.7,1014.0,38.3,7.2,187.0,16.3,23137,64624,30.1,24.0,26.5,35.7,24.0,28.1,22.8
Scarborough,2018-12-02,68.0,1.4986,8.33,12.8,68.6,1015.2,26.0,7.1,265.8,23.2,23080,65388,29.2,23.7,25.4,30.3,23.7,25.7,19.0
Scarborough,2018-12-03,68.1,0.1016,4.17,21.9,99.6,1015.0,25.8,7.0,296.6,25.6,22308,65616,30.0,25.0,27.3,32.6,25.0,28.4,20.8
Scarborough,2018-12-04,76.0,0.3048,4.17,18.3,92.0,1013.5,41.4,6.8,242.2,20.8,21197,65654,29.0,24.0,25.8,32.0,24.0,26.4,21.2
Scarborough,2018-12-05,69.8,0.0,0.0,22.6,87.1,1014.8,28.5,6.8,282.3,24.3,20450,65873,30.2,25.0,27.7,33.3,25.0,29.2,21.6
Scarborough,2018-12-06,70.5,0.508,8.33,21.9,92.7,1014.8,44.8,6.1,273.8,23.7,20383,66359,31.9,25.0,28.1,35.8,25.0,30.1,22.1
Scarborough,2018-12-07,76.2,0.0,0.0,15.0,87.2,1015.4,41.3,6.8,166.2,14.2,20799,66630,29.2,25.8,27.4,33.6,25.8,29.8,22.8
Scarborough,2018-12-08,69.5,0.1016,4.17,19.7,92.9,1015.0,29.0,6.9,287.7,24.9,21142,66206,32.0,26.0,28.4,35.8,26.0,30.8,22.2
Scarborough,2018-12-09,83.8,0.7874,4.17,8.1,349.2,1010.2,33.0,7.0,244.7,21.1,21151,65143,31.2,25.8,28.2,40.7,25.8,32.6,25.2
Scarborough,2018-12-10,74.6,0.0,0.0,15.0,119.8,1012.1,41.0,8.7,244.7,21.2,21113,64005,31.2,26.0,28.8,37.8,26.0,32.8,23.7
Scarborough,2018-12-11,79.4,5.9944,4.17,12.8,91.8,1010.4,38.3,6.1,222.0,19.1,21479,63362,30.0,25.0,27.6,35.1,25.0,30.3,23.6
Scarborough,2018-12-12,70.2,0.1016,4.17,18.8,101.9,1015.2,26.0,7.8,240.0,20.7,22341,63664,29.1,24.9,26.9,31.4,24.9,27.9,20.9
Scarborough,2018-12-13,72.1,0.0,0.0,15.0,105.0,1015.2,28.5,7.7,249.5,21.6,22373,63688,30.0,24.0,26.4,31.4,24.0,27.3,20.8
Scarborough,2018-12-14,70.9,2.9972,4.17,17.2,99.3,1015.8,38.3,7.3,218.9,19.0,22405,63714,29.0,24.0,26.9,31.4,24.0,28.0,21.1
Scarborough,2018-12-15,71.5,2.0065999999999997,4.17,18.3,97.7,1017.0,30.6,7.3,205.8,17.8,22437,63740,30.0,24.0,26.2,31.9,24.0,26.8,20.5
Scarborough,2018-12-16,75.1,7.112,4.17,17.4,96.1,1016.1,42.7,7.2,217.6,18.9,22469,63766,29.1,23.8,26.0,32.0,23.8,26.7,21.2
Scarborough,2018-12-17,77.2,1.1938,8.33,16.1,103.7,1015.4,40.6,6.3,223.6,19.4,22500,63794,29.0,24.0,25.9,31.7,24.0,26.8,21.6
Scarborough,2018-12-18,72.2,0.6096,4.17,16.1,93.1,1014.6,44.1,6.7,231.6,20.0,22531,63821,29.0,24.0,26.6,31.4,24.0,27.6,21.1
Scarborough,2018-12-19,81.1,17.0942,8.33,15.0,89.3,1013.8,49.3,6.9,207.6,17.9,22562,63850,29.0,24.0,25.8,32.8,24.0,26.4,22.3
Scarborough,2018-12-20,74.4,0.6096,4.17,17.9,98.2,1014.0,30.0,7.4,224.6,19.4,22593,63879,29.0,24.0,26.4,32.8,24.0,27.6,21.4
Scarborough,2018-12-21,74.4,0.0,0.0,16.1,105.0,1013.6,29.8,7.4,221.6,19.1,22623,63908,29.8,24.0,26.7,34.5,24.0,28.1,21.7
Scarborough,2018-12-22,72.0,0.4064,4.17,17.2,101.7,1014.0,30.0,7.0,232.8,20.1,22653,63938,29.0,24.0,26.3,31.4,24.0,26.9,20.7
Scarborough,2018-12-23,68.7,0.1016,4.17,16.3,96.4,1014.3,25.8,7.8,240.7,20.8,22682,63969,29.0,23.9,26.3,30.9,23.9,27.0,20.1
Scarborough,2018-12-24,70.3,0.1016,4.17,16.1,93.1,1013.4,32.7,7.0,224.4,19.4,22711,64000,29.0,24.0,26.0,31.3,24.0,26.7,20.2
Scarborough,2018-12-25,68.9,0.0,0.0,17.2,97.3,1013.3,30.7,7.3,215.6,18.6,22739,64031,29.0,22.8,25.9,30.8,22.8,26.4,19.6
Scarborough,2018-12-26,76.7,0.2032,4.17,16.1,88.6,1013.8,45.0,7.7,206.6,17.8,22767,64062,28.0,23.0,25.4,30.7,23.0,26.0,20.9
Scarborough,2018-12-27,66.8,0.0,0.0,17.2,96.7,1014.5,25.3,7.1,229.9,19.9,22794,64094,29.2,24.8,26.7,31.4,24.8,27.4,19.9
Scarborough,2018-12-28,68.6,0.7111999999999999,4.17,23.0,84.4,1014.9,39.0,7.2,225.5,19.6,22821,64126,30.0,23.2,26.2,30.8,23.2,26.7,19.8
Scarborough,2018-12-29,70.9,0.7111999999999999,4.17,15.0,85.2,1014.3,30.4,7.4,213.3,18.3,22847,64158,28.0,24.0,25.6,29.9,24.0,26.1,19.9
Scarborough,2018-12-30,65.3,0.0,0.0,18.3,93.0,1013.7,28.3,6.9,245.8,21.2,22873,64191,29.0,24.0,26.2,30.8,24.0,26.7,19.1
Scarborough,2018-12-31,67.9,0.0,0.0,17.2,88.2,1014.3,36.5,7.4,228.0,19.6,22898,64224,29.1,23.0,26.1,31.4,23.0,26.8,19.6
Scarborough,2019-01-01,72.7,0.1016,4.17,11.4,67.5,1014.2,32.4,7.2,210.2,18.1,22922,64256,28.0,23.0,25.2,30.1,23.0,25.6,19.9
Scarborough,2019-01-02,65.1,0.0,0.0,17.4,91.0,1014.4,25.9,8.9,257.6,22.2,23216,65174,29.7,23.0,25.7,30.3,23.0,26.1,18.5
Scarborough,2019-01-03,63.8,0.0,0.0,17.2,103.7,1016.0,26.0,6.9,284.8,24.5,22675,65569,30.0,23.9,26.7,31.3,23.9,27.2,19.1
Scarborough,2019-01-04,66.5,0.0,0.0,15.0,113.3,1013.5,29.7,7.0,286.6,24.8,21591,65638,30.7,25.0,27.2,32.0,25.0,27.9,20.2
Scarborough,2019-01-05,72.7,5.1054,8.33,17.2,104.9,1014.6,35.7,7.1,283.0,24.5,20661,65755,30.0,25.0,27.7,34.2,25.0,30.2,22.2
Scarborough,2019-01-06,73.0,0.0,0.0,15.0,125.7,1012.0,33.4,7.7,272.7,23.5,20324,66174,29.1,26.0,27.7,32.8,26.0,30.4,22.4
Scarborough,2019-01-07,70.5,0.508,8.33,21.3,95.7,1013.8,41.8,6.9,209.2,18.2,20624,66591,31.0,26.7,28.3,35.5,26.7,31.0,22.3
Scarborough,2019-01-08,74.0,1.9811999999999999,8.33,6.9,62.5,1012.0,31.3,7.0,285.3,24.6,21057,66452,30.0,25.0,27.6,35.1,25.0,29.9,22.5
Scarborough,2019-01-09,72.3,0.3048,4.17,12.8,119.9,1012.5,33.8,7.5,279.5,24.1,21177,65574,32.0,27.7,29.5,39.2,31.3,34.2,23.9
Scarborough,2019-01-10,75.5,0.0,0.0,13.9,110.5,1010.0,29.1,7.2,261.4,22.5,21105,64405,32.0,26.9,29.0,39.2,29.4,33.8,24.2
Scarborough,2019-01-11,78.2,0.0,0.0,21.9,113.6,1011.1,33.6,7.5,202.6,17.4,21277,63494,31.1,26.0,28.2,39.1,26.0,31.9,24.0
Scarborough,2019-01-12,79.5,0.2032,4.17,15.0,119.6,1012.0,33.5,7.3,217.5,18.8,21984,63445,31.0,26.0,28.6,39.1,26.0,33.4,24.7
Scarborough,2019-01-13,66.4,0.0,0.0,9.2,62.7,1014.6,26.9,7.8,235.4,20.2,23147,64648,29.0,22.0,25.3,29.8,22.0,25.7,18.4
Scarborough,2019-01-14,70.4,0.0,0.0,10.3,79.0,1014.8,34.8,8.1,242.8,20.9,23160,64680,30.0,22.9,25.6,32.6,22.9,26.3,19.7
Scarborough,2019-01-15,74.6,0.0,0.0,15.0,97.2,1014.6,25.2,9.4,244.3,21.0,23172,64711,29.0,23.0,25.8,32.0,23.0,26.7,20.8
Scarborough,2019-01-16,73.3,0.0,0.0,19.7,97.5,1015.2,31.8,6.5,229.1,19.6,23183,64742,30.0,24.0,26.4,32.6,24.0,27.3,21.1
Scarborough,2019-01-17,71.9,0.0,0.0,18.6,88.7,1015.6,25.7,7.6,247.9,21.3,23193,64772,30.0,24.2,26.7,33.3,24.2,27.8,21.1
Scarborough,2019-01-18,72.0,0.0,0.0,17.2,101.0,1014.7,28.2,7.0,250.8,21.7,23202,64803,29.0,23.9,26.4,31.4,23.9,27.3,20.8
Scarborough,2019-01-19,71.8,0.0,0.0,15.0,97.7,1014.6,25.0,7.6,242.6,21.0,23210,64832,29.1,22.8,25.8,31.4,22.8,26.6,20.2
Scarborough,2019-01-20,73.9,0.0,0.0,18.3,101.7,1014.8,28.3,7.2,227.9,19.7,23217,64862,29.0,23.2,26.2,32.0,23.2,27.3,21.1
Scarborough,2019-01-21,73.5,0.2032,4.17,17.2,101.9,1015.4,29.9,7.2,237.8,20.4,23222,64891,30.0,24.4,26.7,33.3,24.4,27.7,21.4
Scarborough,2019-01-22,73.1,0.1016,4.17,18.3,89.5,1016.0,34.8,7.3,216.9,18.9,23227,64919,29.0,24.7,26.6,32.0,24.7,27.5,21.2
Scarborough,2019-01-23,67.8,0.0,0.0,19.7,92.3,1015.9,26.3,6.8,247.5,21.4,23231,64947,29.2,24.0,26.1,30.9,24.0,26.6,19.5
Scarborough,2019-01-24,69.8,0.6096,4.17,19.7,87.9,1015.6,31.5,6.9,249.5,21.7,23233,64974,29.2,23.0,25.8,31.4,23.0,26.4,19.7
Scarborough,2019-01-25,68.9,0.0,0.0,16.1,96.6,1015.6,26.3,8.4,244.9,21.3,23235,65001,29.1,23.0,25.8,30.8,23.0,26.4,19.6
Scarborough,2019-01-26,72.0,0.2032,4.17,15.0,101.7,1014.3,38.2,7.2,233.2,20.2,23235,65028,29.0,23.0,25.6,31.4,23.0,26.3,20.1
Scarborough,2019-01-27,69.9,0.0,0.0,15.0,111.8,1013.6,29.3,7.0,255.8,22.1,23235,65053,29.0,22.9,25.7,31.4,22.9,26.3,19.7
Scarborough,2019-01-28,75.2,0.3048,4.17,17.2,97.9,1013.6,41.6,7.3,226.4,19.4,23233,65079,29.0,23.7,25.9,32.0,23.7,26.7,21.1
Scarborough,2019-01-29,66.7,0.0,0.0,16.1,97.7,1013.6,38.8,7.5,251.1,21.7,23230,65103,30.0,23.9,26.2,31.9,23.9,26.7,19.4
Scarborough,2019-01-30,68.5,0.0,0.0,13.9,112.8,1013.7,24.3,7.5,266.2,23.1,23226,65128,30.0,23.0,25.9,31.9,23.0,26.6,19.6
Scarborough,2019-01-31,66.2,0.0,0.0,16.6,85.3,1014.2,31.0,7.5,243.5,21.1,23222,65151,30.0,23.0,25.8,31.4,23.0,26.2,18.8
Scarborough,2019-02-01,73.1,0.2032,8.33,18.8,86.8,1014.9,40.7,7.5,221.2,19.0,22945,64289,29.0,22.0,25.7,31.4,22.0,26.3,20.4
Scarborough,2019-02-02,69.2,0.0,0.0,16.1,103.4,1014.1,31.2,8.1,255.0,22.1,23209,65196,29.0,23.0,25.6,31.4,23.0,26.2,19.4
Scarborough,2019-02-03,68.2,0.0,0.0,18.3,105.3,1015.3,32.4,6.5,271.2,23.6,22645,65575,29.0,23.0,26.5,31.4,23.0,27.3,20.1
Scarborough,2019-02-04,69.2,0.2032,4.17,19.7,97.5,1014.3,38.8,6.4,248.3,21.4,21554,65638,30.0,23.0,26.1,31.9,23.0,26.7,19.8
Scarborough,2019-02-05,71.5,0.6096,4.17,18.3,94.6,1013.6,41.2,7.0,272.1,23.5,20639,65763,31.0,25.0,27.4,33.8,25.0,28.8,21.7
Scarborough,2019-02-06,78.8,0.0,0.0,19.7,129.7,1012.8,40.9,7.1,196.6,17.0,20326,66190,29.0,26.0,27.4,34.6,26.0,30.4,23.4
Scarborough,2019-02-07,69.5,0.0,0.0,16.1,101.7,1013.5,31.0,6.8,278.9,24.3,20640,66598,31.0,26.0,28.2,35.5,26.0,30.6,22.0
Scarborough,2019-02-08,79.2,2.9972,4.17,15.0,104.5,1011.8,35.6,7.2,265.6,23.0,21067,66434,31.0,25.0,27.8,39.1,25.0,31.1,23.8
Scarborough,2019-02-09,72.8,0.0,0.0,13.9,112.7,1011.5,27.9,7.1,288.2,24.9,21175,65537,33.0,25.8,29.2,40.6,25.8,33.4,23.7
Scarborough,2019-02-10,71.5,0.0,0.0,17.9,91.5,1010.7,33.8,6.8,281.9,24.4,21104,64368,32.1,26.2,29.2,37.9,26.2,33.1,23.4
Scarborough,2019-02-11,78.5,5.9944,8.33,13.9,122.2,1010.4,38.9,6.9,222.8,19.3,21292,63477,32.0,26.0,28.4,39.2,26.0,32.3,24.2
Scarborough,2019-02-12,83.7,0.8128,8.33,13.9,97.1,1012.8,39.7,7.1,211.0,18.2,22015,63460,29.0,25.0,26.9,34.6,25.0,29.1,23.9
Scarborough,2019-02-13,68.8,0.1016,4.17,20.1,97.3,1015.1,29.1,7.0,243.6,21.2,23067,65400,29.7,24.0,26.4,32.3,24.0,27.2,20.1
Scarborough,2019-02-14,69.2,0.0,0.0,16.1,101.6,1014.9,26.6,7.0,243.0,21.1,23048,65415,29.0,24.1,26.5,31.4,24.1,27.4,20.3
Scarborough,2019-02-15,72.9,0.0,0.0,18.8,117.5,1014.4,29.8,6.9,250.6,21.5,23029,65429,29.1,25.0,27.0,32.7,25.0,28.3,21.7
Scarborough,2019-02-16,74.7,0.2032,4.17,19.7,112.6,1014.9,33.1,6.7,269.8,23.2,23008,65443,30.0,25.6,27.2,33.3,25.6,28.7,22.3
Scarborough,2019-02-17,69.9,0.0,0.0,19.7,106.3,1015.7,35.7,6.6,252.5,21.7,22987,65456,29.0,24.1,26.7,31.4,24.1,27.6,20.7
Scarborough,2019-02-18,68.8,0.0,0.0,17.2,99.2,1015.9,39.3,7.0,223.7,19.4,22965,65468,30.0,23.9,26.2,32.6,23.9,27.1,20.0
Scarborough,2019-02-19,64.5,0.0,0.0,18.3,94.6,1015.5,35.0,7.3,252.4,21.8,22943,65480,29.8,24.0,26.5,31.4,24.0,27.1,19.1
Scarborough,2019-02-20,65.0,0.0,0.0,17.2,94.2,1014.6,33.9,7.5,246.9,21.2,22919,65491,29.1,23.0,26.1,31.4,23.0,26.6,18.7
Scarborough,2019-02-21,67.5,0.0,0.0,20.8,100.3,1015.0,37.3,7.1,275.1,23.8,22895,65502,30.0,24.0,26.2,31.3,24.0,26.7,19.5
Scarborough,2019-02-22,71.4,8.991599999999998,4.17,21.9,92.8,1015.9,36.6,6.9,236.8,20.5,22870,65512,29.0,23.0,25.9,30.8,23.0,26.4,20.1
Scarborough,2019-02-23,68.1,0.6096,4.17,21.9,100.7,1015.5,39.5,8.1,278.1,24.2,22844,65522,30.0,22.8,26.1,32.6,22.8,26.8,19.6
Scarborough,2019-02-24,72.3,0.9905999999999999,4.17,12.8,59.2,1014.7,40.0,7.5,235.8,20.4,22818,65531,28.0,23.0,25.6,30.1,23.0,25.9,20.1
Scarborough,2019-02-25,76.4,0.508,4.17,17.2,92.7,1014.7,42.1,6.3,225.2,19.5,22790,65539,28.0,23.0,25.1,30.1,23.0,25.7,20.6
Scarborough,2019-02-26,68.7,10.0076,4.17,18.3,97.9,1015.5,26.0,7.1,279.9,24.2,22763,65547,30.0,23.0,26.3,31.9,23.0,27.1,19.9
Scarborough,2019-02-27,73.6,7.010400000000001,4.17,19.7,96.0,1015.6,42.5,7.0,269.5,23.5,22734,65555,29.0,23.0,26.2,32.0,23.0,27.3,21.0
Scarborough,2019-02-28,66.5,0.0,0.0,18.3,103.9,1016.6,27.1,7.0,279.5,24.2,22705,65562,29.0,24.0,26.7,31.4,24.0,27.4,19.8
Scarborough,2019-03-01,71.3,0.1016,4.17,16.1,93.1,1014.9,29.3,6.7,215.8,18.8,22968,64322,29.0,23.9,26.0,31.4,23.9,26.8,20.3
Scarborough,2019-03-02,68.0,0.0,0.0,13.9,107.8,1013.4,28.6,8.5,257.2,22.3,23201,65218,30.0,22.0,25.6,30.8,22.0,26.1,19.1
Scarborough,2019-03-03,67.4,0.2032,8.33,19.2,98.3,1014.2,40.2,6.7,245.4,21.3,22614,65581,29.2,25.0,26.7,31.4,25.0,27.6,20.1
Scarborough,2019-03-04,72.5,1.7018,8.33,18.3,88.2,1015.1,47.8,7.0,255.7,22.1,21518,65639,29.7,22.0,25.7,32.2,22.0,26.2,20.2
Scarborough,2019-03-05,69.5,0.0,0.0,20.8,94.2,1013.1,43.4,6.8,251.7,21.8,20617,65772,30.8,26.0,27.7,33.4,26.0,29.3,21.5
Scarborough,2019-03-06,77.8,1.7018,12.5,18.3,117.2,1014.4,37.1,6.8,207.7,17.8,20329,66207,30.1,26.0,28.0,36.2,26.0,31.6,23.7
Scarborough,2019-03-07,67.5,0.0,0.0,16.1,96.0,1012.6,29.3,6.9,292.9,25.2,20655,66605,31.0,24.0,28.1,34.7,24.0,29.9,21.3
Scarborough,2019-03-08,77.1,7.010400000000001,4.17,17.2,106.3,1013.0,38.3,7.0,159.8,13.8,21076,66416,31.0,24.9,27.9,36.6,24.9,31.2,23.4
Scarborough,2019-03-09,76.6,0.9905999999999999,4.17,14.5,85.8,1011.5,41.9,6.6,162.1,14.0,21174,65500,30.7,26.0,27.8,36.2,26.0,31.2,23.3
Scarborough,2019-03-10,75.6,2.0065999999999997,4.17,16.1,121.3,1011.8,51.9,6.9,183.3,15.8,21104,64330,32.0,25.8,29.1,40.7,25.8,33.4,24.2
Scarborough,2019-03-11,77.7,2.0065999999999997,4.17,12.8,104.9,1010.4,34.1,7.2,216.8,18.6,21307,63461,31.7,26.0,28.4,39.8,26.0,32.2,24.1
Scarborough,2019-03-12,77.7,0.1016,4.17,12.8,95.8,1012.5,36.1,7.0,216.4,18.8,22046,63475,31.0,25.0,27.7,36.6,25.0,29.9,23.3
Scarborough,2019-03-13,76.1,1.016,33.33,16.1,98.6,1013.6,57.3,7.6,259.6,22.5,22282,65618,29.1,24.8,26.2,32.0,24.8,26.7,21.6
Scarborough,2019-03-14,70.5,0.0,0.0,17.2,111.2,1013.5,38.8,7.2,273.9,23.5,22247,65621,30.0,24.9,27.1,33.3,24.9,28.3,21.2
Scarborough,2019-03-15,70.7,0.1016,4.17,15.9,90.9,1013.6,43.7,7.2,170.3,14.5,22211,65622,31.0,24.7,26.9,34.6,24.7,28.1,21.1
Scarborough,2019-03-16,72.7,0.9143999999999999,12.5,18.3,105.8,1013.7,45.3,7.1,248.7,21.5,22176,65624,30.0,24.0,27.1,34.2,24.0,28.6,21.7
Scarborough,2019-03-17,70.4,0.0,0.0,16.3,105.6,1014.0,32.1,5.6,281.5,24.4,22140,65626,29.0,24.0,26.7,32.0,24.0,27.5,20.8
Scarborough,2019-03-18,66.2,0.0,0.0,18.3,106.7,1013.8,22.5,5.5,285.8,24.5,22104,65627,30.1,24.9,27.0,31.9,24.9,27.7,20.1
Scarborough,2019-03-19,67.1,0.0,0.0,18.3,103.9,1013.8,30.9,5.4,287.9,24.8,22067,65628,30.0,23.9,26.7,32.9,23.9,27.6,20.0
Scarborough,2019-03-20,70.3,0.0,0.0,18.3,101.5,1013.4,35.5,6.4,245.4,20.9,22031,65629,29.1,23.9,26.5,31.4,23.9,27.4,20.6
Scarborough,2019-03-21,68.5,0.0,0.0,15.0,120.6,1013.2,27.2,7.0,286.4,24.7,21994,65630,29.3,23.7,26.6,32.1,23.7,27.6,20.3
Scarborough,2019-03-22,70.0,0.0,0.0,16.1,115.9,1013.7,36.5,6.7,266.8,23.0,21958,65631,30.0,24.0,26.4,31.9,24.0,27.3,20.4
Scarborough,2019-03-23,65.6,0.0,0.0,17.2,112.7,1014.9,29.8,7.2,270.2,23.4,21921,65632,31.0,24.9,27.2,33.1,24.9,28.1,20.1
Scarborough,2019-03-24,68.6,0.3048,4.17,15.0,118.5,1015.1,28.5,7.4,312.5,26.9,21884,65633,30.0,24.0,26.7,33.3,24.0,27.7,20.3
Scarborough,2019-03-25,71.1,0.0,0.0,17.2,99.4,1013.6,40.8,7.3,263.1,22.7,21847,65633,29.0,24.0,26.2,31.4,24.0,27.1,20.5
Scarborough,2019-03-26,71.9,2.0065999999999997,4.17,18.3,113.3,1012.3,37.0,7.2,254.9,22.1,21810,65634,30.0,24.0,26.5,33.3,24.0,27.6,20.9
Scarborough,2019-03-27,76.2,0.9905999999999999,4.17,19.7,113.9,1012.6,55.3,6.7,263.3,22.8,21774,65634,29.0,24.0,25.9,32.0,24.0,26.6,21.3
Scarborough,2019-03-28,70.9,3.4036,4.17,19.0,111.8,1013.2,37.0,7.6,268.3,23.4,21737,65635,29.8,25.2,27.3,32.9,25.2,29.0,21.6
Scarborough,2019-03-29,72.1,0.0,0.0,18.3,123.6,1013.4,38.2,7.3,263.1,22.6,21700,65636,30.0,26.0,27.6,34.2,26.0,29.6,22.1
Scarborough,2019-03-30,70.9,0.0,0.0,20.8,122.9,1013.5,38.4,7.5,282.1,24.4,21664,65636,30.0,26.0,27.5,33.3,26.0,29.2,21.7
Scarborough,2019-03-31,70.8,0.0,0.0,16.1,121.9,1013.6,32.7,7.3,288.5,25.0,21627,65637,30.0,25.9,27.2,33.3,25.9,28.6,21.4
Scarborough,2019-04-01,70.6,0.0,0.0,16.1,102.9,1015.4,25.5,8.1,231.0,19.9,22990,64355,29.1,23.8,26.1,32.0,23.8,26.9,20.2
Scarborough,2019-04-02,69.4,0.0,0.0,14.5,104.3,1013.3,24.0,8.5,255.0,22.3,23192,65239,30.0,23.0,26.1,31.9,23.0,26.8,19.9
Scarborough,2019-04-03,68.3,0.0,0.0,17.2,116.3,1014.4,26.5,6.9,265.7,23.0,22583,65586,30.0,25.8,27.1,32.6,25.8,28.2,20.7
Scarborough,2019-04-04,66.0,0.0,0.0,17.2,98.3,1014.6,33.2,8.2,289.7,25.3,21482,65640,30.1,23.9,26.8,32.6,23.9,27.7,19.8
Scarborough,2019-04-05,69.8,1.0921999999999998,4.17,18.3,104.5,1013.0,38.8,7.0,283.8,24.5,20596,65782,31.0,25.9,28.0,35.5,25.9,30.0,21.9
Scarborough,2019-04-06,76.0,0.2032,4.17,18.1,106.9,1014.6,40.8,6.7,252.2,21.7,20332,66224,30.0,26.9,28.2,35.1,29.4,31.9,23.6
Scarborough,2019-04-07,80.2,20.5994,12.5,15.0,106.1,1012.9,46.0,7.0,215.0,18.5,20671,66610,31.0,22.8,27.3,36.6,22.8,30.3,23.6
Scarborough,2019-04-08,77.2,0.0,0.0,11.4,114.6,1013.6,34.7,6.8,196.5,16.9,21085,66396,31.1,25.8,28.1,37.9,25.8,31.2,23.6
Scarborough,2019-04-09,77.3,3.9878,4.17,15.0,105.7,1012.9,32.7,6.7,252.6,21.8,21172,65463,32.0,26.0,28.3,39.2,26.0,32.2,23.9
Scarborough,2019-04-10,75.0,0.3048,4.17,13.2,107.1,1012.6,37.2,6.7,247.6,21.3,21103,64293,32.0,26.0,28.9,40.7,26.0,33.3,23.9
Scarborough,2019-04-11,71.5,0.0,0.0,16.1,101.4,1010.1,30.5,6.7,243.6,21.2,21323,63446,32.0,26.0,28.8,36.8,26.0,32.4,23.1
Scarborough,2019-04-12,74.0,0.0,0.0,17.2,101.9,1011.9,28.1,7.5,235.0,20.2,22078,63492,31.0,26.0,28.1,36.6,26.0,30.9,22.9
Scarborough,2019-04-13,73.1,1.9811999999999999,8.33,19.7,114.9,1013.3,46.8,7.2,267.5,23.2,21172,65657,30.0,24.2,27.3,33.3,24.2,29.2,22.0
Scarborough,2019-04-14,69.0,0.0,0.0,18.3,106.0,1013.0,29.1,7.2,287.5,24.8,21139,65660,31.0,26.0,27.7,35.5,26.0,29.4,21.4
Scarborough,2019-04-15,72.6,0.4064,4.17,17.7,112.4,1013.5,44.4,7.5,276.0,23.9,21107,65663,30.1,24.0,26.8,34.1,24.0,28.0,21.4
Scarborough,2019-04-16,81.2,5.308599999999999,12.5,17.2,106.9,1013.9,53.2,6.8,275.5,23.8,21075,65666,29.0,24.9,25.8,32.8,24.9,26.5,22.2
Scarborough,2019-04-17,82.2,26.0096,12.5,12.8,108.0,1012.7,51.5,5.7,217.3,18.9,21043,65670,27.0,24.0,25.1,29.7,24.0,25.2,21.8
Scarborough,2019-04-18,77.4,24.002999999999997,4.17,13.9,101.1,1012.6,54.2,7.0,246.3,21.1,21012,65674,30.0,22.0,26.4,34.2,22.0,27.9,22.0
Scarborough,2019-04-19,73.8,0.0,0.0,16.1,97.7,1013.4,41.3,7.5,280.2,24.1,20982,65678,29.2,25.0,27.1,32.8,25.0,28.8,21.9
Scarborough,2019-04-20,70.2,0.3048,4.17,17.2,103.1,1014.1,37.9,7.3,228.2,19.8,20952,65682,30.0,25.0,27.8,33.3,25.0,30.1,21.8
Scarborough,2019-04-21,71.4,0.0,0.0,18.3,100.8,1013.5,34.3,6.7,280.8,24.2,20923,65687,29.7,26.0,27.4,33.1,26.0,29.2,21.8
Scarborough,2019-04-22,72.8,2.9972,4.17,15.0,106.3,1012.3,44.4,7.8,265.9,23.1,20894,65692,30.2,25.0,27.2,34.3,25.0,28.9,21.8
Scarborough,2019-04-23,73.9,0.0,0.0,15.0,115.0,1012.0,33.8,7.7,268.8,23.3,20865,65698,29.2,24.9,27.1,32.8,24.9,29.1,22.0
Scarborough,2019-04-24,74.1,0.0,0.0,13.9,116.3,1012.3,36.2,7.3,269.2,23.1,20838,65704,30.0,26.0,27.7,34.2,26.0,30.4,22.6
Scarborough,2019-04-25,78.7,2.0065999999999997,4.17,16.1,105.7,1013.2,47.2,7.5,266.9,23.0,20810,65710,30.0,27.0,27.8,35.1,29.7,31.4,23.7
Scarborough,2019-04-26,77.8,0.1016,4.17,17.2,108.2,1013.9,40.3,7.0,263.1,22.7,20784,65717,30.0,26.2,28.0,35.1,26.2,31.5,23.7
Scarborough,2019-04-27,72.4,0.0,0.0,16.1,120.0,1014.1,33.6,6.8,252.4,21.7,20758,65723,30.0,26.0,27.7,35.1,26.0,30.1,22.3
Scarborough,2019-04-28,72.3,0.2032,4.17,16.8,114.7,1014.1,41.3,7.2,278.4,24.1,20733,65731,30.0,25.0,27.7,34.2,25.0,29.8,22.2
Scarborough,2019-04-29,71.7,0.9905999999999999,4.17,16.1,105.4,1013.8,35.4,7.5,271.9,23.5,20708,65738,30.1,25.0,27.6,34.1,25.0,29.6,21.9
Scarborough,2019-04-30,70.9,0.0,0.0,17.2,112.4,1014.2,31.9,7.7,304.0,26.3,20684,65746,30.0,26.0,27.8,34.2,26.0,30.2,22.1
Scarborough,2019-05-01,71.6,0.0,0.0,16.1,113.1,1015.1,30.9,8.6,245.7,21.2,23011,64388,29.0,23.0,25.8,31.7,23.0,26.6,20.2
Scarborough,2019-05-02,78.3,19.1008,8.33,17.2,108.4,1013.3,41.2,7.0,242.3,21.0,23182,65259,29.0,23.0,26.1,32.4,23.0,27.0,21.9
Scarborough,2019-05-03,73.4,1.6001999999999998,8.33,19.7,103.0,1014.4,37.1,6.9,270.7,23.3,22551,65591,28.7,23.8,25.8,30.8,23.8,26.4,20.6
Scarborough,2019-05-04,66.3,0.0,0.0,15.0,98.2,1014.4,37.6,7.6,277.6,23.8,21447,65641,31.0,24.0,26.7,32.4,24.0,27.5,19.8
Scarborough,2019-05-05,70.5,0.0,0.0,18.3,99.4,1012.8,38.3,7.4,298.6,25.7,20575,65792,31.0,26.0,27.8,34.6,26.0,29.9,21.9
Scarborough,2019-05-06,74.0,0.1016,4.17,17.9,106.5,1014.2,45.8,6.7,259.9,22.3,20336,66241,30.0,27.0,28.1,34.2,29.7,31.4,23.0
Scarborough,2019-05-07,73.9,2.0065999999999997,4.17,18.1,96.9,1014.9,41.8,7.3,224.3,19.2,20687,66615,31.0,26.0,28.2,35.5,26.0,31.4,23.0
Scarborough,2019-05-08,77.1,0.6096,8.33,11.4,163.1,1014.3,38.0,7.4,206.4,17.8,21093,66376,30.0,26.0,28.2,35.1,26.0,31.9,23.8
Scarborough,2019-05-09,76.7,0.0,0.0,11.4,124.4,1013.4,29.9,7.4,276.3,23.9,21170,65425,32.0,26.0,29.2,40.3,26.0,33.9,24.6
Scarborough,2019-05-10,75.3,1.0921999999999998,8.33,13.9,105.5,1011.6,35.1,7.8,241.5,20.7,21103,64257,32.0,26.0,28.4,37.9,26.0,31.5,23.5
Scarborough,2019-05-11,76.7,6.5024,8.33,21.9,99.3,1011.1,41.2,6.6,221.1,19.0,21340,63432,31.0,26.0,28.3,37.8,26.0,32.2,23.8
Scarborough,2019-05-12,78.3,7.213599999999999,8.33,15.0,94.4,1012.7,38.0,6.9,215.0,18.5,22110,63510,30.2,25.0,27.3,35.4,25.0,29.6,23.2
Scarborough,2019-05-13,70.7,0.0,0.0,18.3,103.4,1014.7,36.3,6.4,262.6,22.8,20440,65883,31.0,26.9,28.3,35.5,29.0,31.4,22.4
Scarborough,2019-05-14,71.2,2.0065999999999997,4.17,16.1,100.4,1014.5,34.2,6.7,259.1,22.4,20426,65896,31.0,25.0,28.0,35.5,25.0,30.7,22.2
Scarborough,2019-05-15,71.0,0.0,0.0,16.1,109.3,1014.2,33.5,7.2,304.8,26.3,20414,65910,31.0,26.0,28.3,36.6,26.0,31.3,22.5
Scarborough,2019-05-16,70.9,0.0,0.0,15.0,115.0,1013.9,26.5,7.4,276.7,23.9,20402,65923,31.0,26.0,28.2,35.5,26.0,31.1,22.4
Scarborough,2019-05-17,72.7,0.1016,4.17,16.1,121.9,1013.1,34.2,6.7,297.6,25.8,20391,65937,31.0,25.0,27.9,37.8,25.0,30.2,22.4
Scarborough,2019-05-18,68.6,2.0065999999999997,4.17,19.7,111.0,1012.5,32.0,7.1,289.0,25.0,20381,65951,31.0,26.9,28.3,34.6,28.8,31.0,21.9
Scarborough,2019-05-19,73.3,2.0065999999999997,4.17,19.7,109.4,1012.8,40.6,6.9,285.9,24.8,20372,65966,31.0,25.0,27.9,35.5,25.0,30.4,22.6
Scarborough,2019-05-20,67.0,0.2032,4.17,19.7,99.8,1013.0,35.4,7.5,291.2,25.2,20363,65981,31.0,25.2,28.2,33.8,25.2,30.2,21.4
Scarborough,2019-05-21,67.6,0.0,0.0,16.1,105.9,1012.7,33.6,7.7,285.1,24.5,20356,65996,31.0,26.0,27.9,33.8,26.0,29.6,21.3
Scarborough,2019-05-22,68.6,0.0,0.0,18.3,104.9,1012.5,36.9,7.0,216.1,18.7,20349,66011,31.0,26.2,28.3,35.5,26.2,31.0,21.9
Scarborough,2019-05-23,69.3,0.0,0.0,15.0,119.5,1012.2,36.5,7.0,249.4,21.5,20343,66027,30.1,26.8,28.2,34.2,28.6,30.9,22.0
Scarborough,2019-05-24,70.5,0.0,0.0,19.7,110.3,1012.2,31.7,7.4,277.1,23.7,20338,66042,31.0,25.9,28.3,35.5,25.9,30.9,22.3
Scarborough,2019-05-25,74.8,3.0987999999999998,8.33,16.1,110.5,1011.9,48.1,7.1,229.0,19.8,20333,66058,31.0,25.0,28.1,36.2,25.0,30.9,23.1
Scarborough,2019-05-26,72.6,13.6144,8.33,17.2,120.9,1012.5,41.9,7.2,290.4,25.1,20330,66074,30.0,26.0,27.9,34.2,26.0,30.4,22.4
Scarborough,2019-05-27,70.7,0.0,0.0,16.1,105.8,1012.4,31.0,6.9,295.0,25.5,20327,66091,30.1,25.9,28.1,34.2,25.9,30.6,22.2
Scarborough,2019-05-28,81.0,5.0038,4.17,13.9,105.1,1012.4,40.5,5.8,237.5,20.5,20325,66107,30.0,24.7,26.1,34.2,24.7,27.0,22.6
Scarborough,2019-05-29,73.9,27.101799999999997,4.17,17.2,120.7,1012.8,40.0,7.1,285.0,24.7,20324,66124,30.0,26.2,28.1,35.1,26.2,31.1,22.9
Scarborough,2019-05-30,72.5,0.0,0.0,16.1,126.2,1012.7,38.1,7.3,292.6,25.2,20323,66140,30.0,26.9,28.1,35.0,29.1,31.2,22.7
Scarborough,2019-05-31,75.9,0.9905999999999999,4.17,16.1,131.5,1012.7,39.5,7.7,251.1,21.8,20323,66157,30.0,25.0,27.6,35.1,25.0,30.2,22.9
Scarborough,2019-06-01,70.5,0.0,0.0,16.1,104.9,1015.0,31.5,8.3,231.1,20.2,23031,64421,29.0,24.0,26.4,32.0,24.0,27.5,20.6
Scarborough,2019-06-02,72.4,0.0,0.0,17.2,112.3,1013.6,27.6,8.0,260.8,22.5,23171,65279,29.1,24.2,26.9,32.2,24.2,28.1,21.4
Scarborough,2019-06-03,71.1,3.5052000000000003,4.17,13.9,122.2,1015.1,38.0,7.3,269.2,23.4,22519,65595,29.0,24.0,26.7,32.0,24.0,27.8,21.0
Scarborough,2019-06-04,70.3,0.6096,4.17,18.3,103.4,1014.8,38.4,6.7,266.1,23.0,21411,65643,30.0,24.0,26.8,33.3,24.0,27.9,20.8
Scarborough,2019-06-05,71.8,0.0,0.0,18.1,104.2,1013.8,40.9,7.1,264.6,22.7,20556,65802,29.8,26.2,27.8,33.1,26.2,30.3,22.3
Scarborough,2019-06-06,71.9,0.0,0.0,17.2,111.7,1013.2,29.3,6.7,240.3,20.9,20340,66258,31.0,27.0,28.4,35.9,29.2,31.7,22.8
Scarborough,2019-06-07,71.2,0.0,0.0,15.0,102.8,1015.3,31.7,6.5,267.4,22.9,20703,66620,32.0,26.0,28.1,37.9,26.0,30.4,22.3
Scarborough,2019-06-08,75.1,0.0,0.0,15.0,153.9,1015.1,38.2,7.1,235.1,20.3,21101,66355,31.0,27.0,28.4,36.6,29.2,32.1,23.5
Scarborough,2019-06-09,75.0,0.1016,4.17,10.3,145.2,1013.4,37.5,6.8,268.5,23.3,21168,65387,31.1,27.0,29.2,37.8,30.4,34.1,24.2
Scarborough,2019-06-10,74.0,1.2192,20.83,15.0,95.1,1011.0,29.4,6.5,230.3,19.8,21104,64221,32.0,26.0,28.7,40.7,26.0,32.5,23.5
Scarborough,2019-06-11,75.1,7.315199999999999,12.5,19.7,102.4,1011.7,47.2,7.1,124.1,10.8,21357,63420,30.0,24.0,27.8,33.6,24.0,30.6,22.9
Scarborough,2019-06-12,75.9,0.0,0.0,15.0,91.0,1012.8,29.5,7.2,220.1,19.0,22141,63528,31.0,25.0,27.4,36.6,25.0,29.6,22.7
Scarborough,2019-06-13,75.5,4.191,8.33,15.0,91.6,1014.2,36.7,6.7,258.0,22.3,20391,66372,32.0,25.0,27.4,36.8,25.0,29.1,22.6
Scarborough,2019-06-14,72.4,0.0,0.0,15.2,104.8,1014.2,35.2,7.0,269.9,23.4,20400,66387,31.1,26.0,28.3,36.8,26.0,31.4,22.8
Scarborough,2019-06-15,77.3,0.3048,4.17,17.2,109.7,1013.6,52.0,7.8,232.0,20.0,20410,66402,31.0,26.0,28.1,36.6,26.0,31.2,23.7
Scarborough,2019-06-16,74.2,1.2953999999999999,8.33,18.3,101.3,1013.8,36.5,6.9,231.0,19.9,20421,66417,31.0,27.0,28.3,36.6,29.2,31.9,23.2
Scarborough,2019-06-17,85.2,18.008599999999998,4.17,12.8,97.1,1014.6,49.7,6.1,96.5,8.3,20432,66432,27.2,24.8,26.6,30.6,24.8,28.6,23.8
Scarborough,2019-06-18,81.7,5.968999999999999,12.5,19.7,98.9,1014.3,39.6,6.5,166.7,14.4,20443,66446,30.0,23.9,26.7,34.2,23.9,28.4,23.2
Scarborough,2019-06-19,82.6,5.0038,8.33,16.1,104.8,1014.5,46.9,7.0,113.9,9.9,20455,66460,27.9,25.0,26.6,32.3,25.0,28.7,23.4
Scarborough,2019-06-20,75.1,0.0,0.0,17.2,101.6,1016.1,33.9,6.5,264.7,22.8,20468,66474,30.2,26.0,28.1,35.6,26.0,31.5,23.2
Scarborough,2019-06-21,75.1,0.0,0.0,15.0,102.0,1016.4,35.9,6.6,276.5,23.7,20480,66487,30.2,26.0,28.1,35.4,26.0,31.6,23.3
Scarborough,2019-06-22,72.0,0.0,0.0,17.2,101.0,1015.8,35.9,6.5,281.0,24.4,20493,66500,31.0,25.9,28.1,36.6,25.9,30.7,22.6
Scarborough,2019-06-23,77.2,0.0,0.0,13.9,118.4,1015.5,32.7,7.1,191.7,16.5,20507,66512,31.0,26.0,28.1,36.6,26.0,31.6,23.6
Scarborough,2019-06-24,74.7,0.0,0.0,19.7,99.9,1013.6,29.7,7.5,267.8,23.0,20521,66524,31.2,26.0,28.5,36.6,26.0,32.1,23.5
Scarborough,2019-06-25,70.2,0.508,4.17,18.3,100.2,1013.9,28.8,7.0,294.9,25.3,20535,66535,31.0,26.0,28.2,35.5,26.0,30.7,22.2
Scarborough,2019-06-26,71.5,0.0,0.0,17.2,101.7,1014.4,27.9,6.6,294.9,25.3,20549,66546,31.0,25.0,28.1,36.6,25.0,30.2,22.3
Scarborough,2019-06-27,67.0,0.7111999999999999,4.17,19.7,110.9,1013.7,28.6,7.0,289.0,25.0,20564,66556,31.0,26.8,28.4,36.2,28.5,31.0,21.6
Scarborough,2019-06-28,83.7,26.0096,12.5,20.8,97.4,1013.9,46.9,6.3,181.4,15.7,20579,66566,28.0,24.0,25.8,31.3,24.0,26.6,22.8
Scarborough,2019-06-29,71.5,0.4064,4.17,19.7,95.3,1013.7,34.6,6.6,275.8,23.7,20594,66575,31.0,26.9,28.3,35.5,28.2,31.3,22.5
Scarborough,2019-06-30,71.3,0.1016,4.17,21.5,90.4,1013.1,43.3,6.5,245.4,21.0,20609,66583,31.1,26.3,28.5,35.5,26.3,31.6,22.7
Scarborough,2019-07-01,74.4,0.3048,8.33,18.3,94.7,1014.7,34.6,7.0,213.5,18.5,23050,64454,30.0,24.0,26.4,32.6,24.0,27.4,21.4
Scarborough,2019-07-02,73.1,0.0,0.0,17.2,98.5,1013.3,28.4,7.7,258.7,22.5,23159,65298,29.0,23.9,26.3,32.0,23.9,27.4,21.1
Scarborough,2019-07-03,75.2,0.0,0.0,11.4,107.2,1014.3,44.7,6.6,259.9,22.4,22486,65600,29.8,24.0,25.7,32.2,24.0,26.5,20.9
Scarborough,2019-07-04,61.6,0.1016,4.17,17.2,99.3,1015.3,29.1,7.2,306.0,26.4,21376,65644,30.1,24.2,26.8,31.3,24.2,27.2,18.6
Scarborough,2019-07-05,74.0,1.0921999999999998,8.33,19.7,109.9,1013.1,31.9,6.7,277.5,24.1,20537,65812,31.0,25.0,27.6,36.6,25.0,29.9,22.5
Scarborough,2019-07-06,71.8,5.0038,4.17,16.1,104.2,1012.9,33.3,6.6,265.8,23.1,20346,66274,31.0,25.0,28.3,35.5,25.0,30.9,22.6
Scarborough,2019-07-07,74.8,0.0,0.0,13.9,99.8,1014.7,39.1,7.1,271.1,23.4,20718,66624,31.1,25.0,27.8,36.5,25.0,30.2,22.8
Scarborough,2019-07-08,80.7,17.779999999999998,8.33,6.9,104.1,1015.9,41.6,7.1,224.0,19.5,21109,66333,30.0,24.0,26.5,36.2,24.0,28.1,22.8
Scarborough,2019-07-09,74.8,0.0,0.0,11.4,133.0,1013.6,31.2,7.1,289.4,24.8,21166,65348,32.0,26.0,29.2,42.3,26.0,34.4,24.3
Scarborough,2019-07-10,75.9,0.2032,4.17,17.4,106.6,1010.5,46.8,6.4,238.7,20.6,21104,64185,32.0,26.7,28.6,40.7,26.7,32.9,23.9
Scarborough,2019-07-11,72.2,0.0,0.0,15.0,92.6,1010.6,40.3,6.5,234.0,20.3,21375,63408,31.0,26.0,28.6,36.6,26.0,31.7,23.0
Scarborough,2019-07-12,73.2,0.0,0.0,16.1,91.5,1012.2,30.3,7.5,220.6,19.2,22173,63548,31.0,25.0,27.5,35.5,25.0,29.4,22.2
Scarborough,2019-07-13,78.3,16.6116,12.5,15.0,110.5,1013.7,38.5,7.0,255.5,22.1,20812,66630,31.0,25.0,27.8,37.8,25.0,31.0,23.6
Scarborough,2019-07-14,76.8,2.9972,4.17,9.2,70.2,1012.9,36.9,6.7,237.1,20.5,20827,66628,30.1,24.9,26.9,35.0,24.9,28.8,22.4
Scarborough,2019-07-15,81.8,49.8856,12.5,15.0,110.7,1012.3,45.2,6.6,134.6,11.6,20842,66625,30.0,24.0,26.9,36.2,24.0,28.8,23.5
Scarborough,2019-07-16,71.8,0.4064,4.17,16.1,95.2,1013.9,28.5,7.1,220.6,18.9,20857,66622,31.0,26.0,28.0,35.5,26.0,30.3,22.3
Scarborough,2019-07-17,83.8,18.9992,12.5,18.3,99.8,1014.7,43.4,7.0,138.9,12.1,20872,66618,29.0,24.0,26.1,33.6,24.0,27.2,23.2
Scarborough,2019-07-18,78.6,1.0921999999999998,8.33,16.3,110.3,1014.7,40.5,7.5,235.6,20.3,20886,66613,30.1,25.3,28.1,37.4,25.3,32.0,24.0
Scarborough,2019-07-19,75.7,0.3048,8.33,16.1,100.3,1014.6,31.7,7.0,299.0,25.8,20900,66607,30.1,26.0,28.2,35.4,26.0,31.3,23.4
Scarborough,2019-07-20,71.4,0.0,0.0,13.9,99.5,1013.9,24.5,7.4,298.5,25.7,20914,66600,31.0,25.9,28.1,35.5,25.9,30.3,22.3
Scarborough,2019-07-21,77.7,5.9944,4.17,21.9,104.6,1013.3,35.3,7.5,252.1,21.8,20928,66592,30.0,25.0,27.3,35.2,25.0,29.1,22.9
Scarborough,2019-07-22,75.7,0.0,0.0,16.1,106.5,1013.6,33.1,7.8,224.7,19.5,20941,66584,31.1,26.0,28.3,37.8,26.0,31.6,23.6
Scarborough,2019-07-23,74.6,0.0,0.0,99.1,99.5,1014.0,31.6,6.8,226.8,19.6,20954,66574,31.0,27.0,28.6,37.8,29.2,32.7,23.6
Scarborough,2019-07-24,75.6,0.9905999999999999,4.17,15.0,106.4,1013.8,30.0,7.6,285.3,24.6,20967,66564,31.0,25.0,28.3,36.6,25.0,31.6,23.4
Scarborough,2019-07-25,72.8,0.0,0.0,13.9,100.4,1013.6,24.3,8.1,274.8,23.5,20980,66553,31.0,25.8,28.6,36.6,25.8,31.9,23.1
Scarborough,2019-07-26,71.4,0.0,0.0,18.3,95.6,1014.0,26.4,7.1,275.1,23.9,20992,66541,31.0,26.0,28.3,35.5,26.0,31.2,22.6
Scarborough,2019-07-27,80.1,80.9752,8.33,17.7,67.6,1014.1,45.4,6.3,228.8,19.7,21004,66528,31.0,23.0,26.4,36.6,23.0,28.1,22.5
Scarborough,2019-07-28,81.8,7.112,12.5,15.0,164.0,1012.9,47.8,7.5,227.9,19.7,21015,66515,30.0,24.0,26.3,35.1,24.0,27.8,22.9
Scarborough,2019-07-29,77.5,0.0,0.0,12.8,136.9,1012.5,34.7,8.1,248.0,21.4,21026,66500,31.0,25.0,27.8,39.1,25.0,31.2,23.5
Scarborough,2019-07-30,77.6,5.9944,4.17,12.8,130.1,1013.2,35.2,8.7,277.5,24.0,21037,66485,31.0,26.8,28.3,36.6,29.2,32.2,23.9
Scarborough,2019-07-31,75.2,0.0,0.0,16.1,106.9,1013.4,28.8,7.4,275.5,23.6,21047,66469,31.0,25.9,28.3,37.8,25.9,31.6,23.3
Scarborough,2019-08-01,73.2,0.0,0.0,17.2,95.6,1014.3,26.2,6.7,227.8,19.7,23069,64487,30.0,23.8,26.2,33.3,23.8,27.2,20.9
Scarborough,2019-08-02,68.8,0.0,0.0,17.2,96.9,1013.1,25.0,7.9,243.7,20.9,23146,65317,30.0,22.9,26.1,31.9,22.9,26.7,19.7
Scarborough,2019-08-03,76.0,11.6078,8.33,19.7,118.1,1014.0,42.0,6.7,247.9,21.4,22453,65604,29.0,23.0,25.8,32.0,23.0,26.4,21.1
Scarborough,2019-08-04,69.7,0.9905999999999999,4.17,13.9,100.9,1014.7,37.2,7.9,264.7,22.9,21341,65646,29.8,23.8,26.2,31.1,23.8,26.9,20.1
Scarborough,2019-08-05,73.1,0.9905999999999999,4.17,21.9,115.2,1012.2,39.8,6.9,283.5,24.5,20519,65823,31.0,24.8,27.6,34.6,24.8,30.0,22.3
Scarborough,2019-08-06,74.6,0.0,0.0,20.8,103.6,1014.0,41.1,7.1,230.6,19.8,20352,66291,30.2,26.8,28.2,35.3,29.2,31.7,23.2
Scarborough,2019-08-07,83.5,12.9794,12.5,18.3,112.8,1014.6,39.3,6.9,239.4,20.5,20734,66627,30.0,24.9,26.8,36.2,24.9,28.1,23.7
Scarborough,2019-08-08,78.0,0.0,0.0,10.3,133.6,1015.9,37.9,8.6,237.2,20.5,21116,66311,31.0,24.0,27.9,37.8,24.0,31.2,23.7
Scarborough,2019-08-09,72.6,0.0,0.0,12.8,123.7,1014.4,30.5,7.1,293.2,25.2,21163,65309,32.0,26.0,29.2,40.7,26.0,33.7,23.8
Scarborough,2019-08-10,86.3,55.194199999999995,12.5,18.1,106.6,1010.7,53.5,6.2,124.9,10.9,21105,64149,27.1,24.0,25.9,30.3,24.0,26.7,23.4
Scarborough,2019-08-11,85.5,12.9794,8.33,11.4,92.0,1009.6,45.6,6.3,196.2,17.1,21394,63397,29.0,23.0,26.1,35.6,23.0,27.5,23.5
Scarborough,2019-08-12,70.7,0.0,0.0,13.9,82.8,1011.8,37.3,7.1,238.2,20.6,22205,63568,31.0,25.0,27.4,35.5,25.0,29.1,21.6
Scarborough,2019-08-13,72.3,0.0,0.0,16.3,100.4,1013.1,37.8,7.2,272.1,23.4,21146,66187,31.0,25.9,28.6,36.4,25.9,31.8,23.0
Scarborough,2019-08-14,82.3,3.9878,4.17,12.8,105.5,1014.3,41.4,6.7,223.1,19.3,21151,66160,30.0,26.0,27.3,37.4,26.0,29.7,23.9
Scarborough,2019-08-15,80.4,2.2097999999999995,8.33,13.9,96.6,1014.3,36.9,6.6,192.9,16.6,21155,66132,31.0,25.0,27.9,37.7,25.0,31.7,24.2
Scarborough,2019-08-16,72.7,0.0,0.0,19.7,97.4,1013.9,36.4,6.7,262.5,22.6,21159,66104,32.0,26.0,28.8,37.9,26.0,32.4,23.3
Scarborough,2019-08-17,82.1,1.778,8.33,14.8,118.8,1014.2,45.5,7.1,208.3,18.0,21163,66075,30.0,25.0,27.0,37.4,25.0,29.4,23.7
Scarborough,2019-08-18,74.8,0.0,0.0,10.3,113.5,1014.3,36.0,7.5,253.2,21.9,21166,66045,31.0,25.0,27.7,35.1,25.0,30.0,22.7
Scarborough,2019-08-19,74.4,0.7874,4.17,10.3,123.4,1014.3,38.0,8.6,281.1,24.3,21169,66015,31.1,25.0,28.3,36.2,25.0,31.1,23.2
Scarborough,2019-08-20,75.0,0.0,0.0,11.4,104.0,1014.4,31.1,6.9,285.5,24.5,21172,65984,31.0,25.9,28.4,37.8,25.9,31.7,23.4
Scarborough,2019-08-21,73.5,0.0,0.0,12.8,115.6,1013.9,28.9,6.7,273.8,23.7,21174,65953,31.1,25.8,28.4,36.6,25.8,31.3,23.1
Scarborough,2019-08-22,72.8,0.1016,4.17,13.9,121.8,1014.3,29.2,7.4,266.7,22.9,21175,65921,31.1,27.3,29.2,37.8,30.7,33.6,23.7
Scarborough,2019-08-23,72.1,0.6096,4.17,12.8,120.2,1014.8,26.5,7.5,269.5,23.2,21177,65888,32.0,26.0,28.9,37.9,26.0,32.7,23.3
Scarborough,2019-08-24,74.8,0.7111999999999999,4.17,12.5,112.2,1014.8,29.2,7.3,284.4,24.6,21178,65855,32.0,25.9,29.0,39.2,25.9,33.2,23.9
Scarborough,2019-08-25,71.3,0.0,0.0,16.1,87.3,1013.5,33.4,6.5,296.8,25.7,21179,65822,32.0,26.0,28.9,37.9,26.0,32.4,23.1
Scarborough,2019-08-26,71.3,0.0,0.0,13.2,45.9,1012.6,31.4,6.3,253.0,21.8,21179,65788,32.7,26.0,29.1,39.2,26.0,32.7,23.2
Scarborough,2019-08-27,74.7,1.3208,8.33,13.9,162.0,1012.4,41.1,6.9,207.6,17.8,21180,65753,32.0,26.0,29.1,37.9,26.0,33.3,24.0
Scarborough,2019-08-28,72.4,0.0,0.0,16.1,136.9,1013.0,30.0,7.0,263.8,22.7,21180,65718,32.0,28.8,30.1,40.7,32.5,35.8,24.5
Scarborough,2019-08-29,71.7,0.0,0.0,12.8,104.2,1013.2,30.9,7.0,283.9,24.6,21179,65683,32.1,26.9,29.1,39.2,29.4,33.3,23.4
Scarborough,2019-08-30,73.9,1.4986,8.33,11.4,119.6,1012.6,28.5,7.2,271.6,23.4,21179,65647,32.0,26.0,28.7,38.4,26.0,32.2,23.5
Scarborough,2019-08-31,73.0,0.0,0.0,13.9,120.1,1012.3,29.2,7.4,279.4,24.2,21178,65611,32.0,25.9,29.0,37.9,25.9,32.6,23.5
Scarborough,2019-09-01,72.8,0.0,0.0,16.1,104.1,1013.7,29.4,7.4,228.4,19.7,23086,64520,29.0,22.9,25.9,32.0,22.9,26.8,20.5
Scarborough,2019-09-02,67.1,0.0,0.0,15.0,95.2,1013.5,30.4,8.1,273.8,23.6,23132,65335,30.0,22.9,26.1,31.3,22.9,26.6,19.3
Scarborough,2019-09-03,70.7,0.3048,4.17,18.3,105.7,1013.5,31.2,6.7,290.7,24.9,22420,65607,29.0,24.0,26.5,31.4,24.0,27.5,20.7
Scarborough,2019-09-04,69.8,0.1016,4.17,16.1,103.8,1013.7,40.3,8.1,279.0,24.2,21307,65648,30.0,24.0,26.7,31.9,24.0,27.8,20.7
Scarborough,2019-09-05,71.4,0.9905999999999999,4.17,17.2,105.0,1012.2,36.9,6.7,278.1,24.1,20501,65835,30.7,26.0,27.9,34.2,26.0,30.1,22.1
Scarborough,2019-09-06,82.0,9.906,16.67,17.2,108.2,1014.4,46.2,6.6,201.3,17.4,20358,66307,31.0,24.8,27.4,37.8,24.8,30.7,24.1
Scarborough,2019-09-07,80.3,4.1148,16.67,19.7,107.0,1015.8,40.3,7.6,165.0,14.0,20750,66629,31.0,24.9,27.8,37.8,24.9,31.2,24.0
Scarborough,2019-09-08,74.3,0.0,0.0,13.9,103.3,1015.1,26.4,7.6,261.2,22.5,21123,66287,32.0,26.8,28.9,39.2,29.3,33.3,23.8
Scarborough,2019-09-09,73.4,0.9905999999999999,4.17,15.0,96.0,1014.1,35.0,7.3,255.7,22.1,21161,65271,33.2,27.0,29.5,42.2,29.6,34.5,24.2
Scarborough,2019-09-10,84.7,30.987999999999996,12.5,15.0,111.9,1010.4,46.8,6.4,211.1,18.2,21107,64115,28.0,24.8,26.2,31.9,24.8,27.2,23.3
Scarborough,2019-09-11,80.3,45.389799999999994,16.67,12.8,113.8,1009.8,46.2,7.0,207.6,18.0,21413,63387,31.1,24.9,27.8,39.1,24.9,30.7,24.0
Scarborough,2019-09-12,71.9,0.0,0.0,17.7,92.8,1012.1,29.0,6.9,236.2,20.4,22238,63590,30.0,25.0,27.3,33.7,25.0,28.6,21.7
Scarborough,2019-09-13,72.0,0.0,0.0,15.0,122.7,1012.1,39.4,8.0,288.3,25.0,21150,65113,32.2,26.2,29.5,39.2,26.2,34.1,23.8
Scarborough,2019-09-14,71.1,0.0,0.0,13.9,117.1,1012.6,25.8,6.9,298.0,25.7,21147,65074,32.0,26.0,29.2,39.2,26.0,33.1,23.3
Scarborough,2019-09-15,75.1,29.9974,4.17,13.2,42.5,1011.4,40.3,6.5,261.8,22.6,21144,65034,32.0,25.9,28.6,37.9,25.9,32.5,23.7
Scarborough,2019-09-16,77.4,2.0065999999999997,12.5,10.3,67.3,1010.8,46.2,7.0,192.2,16.6,21141,64994,31.0,26.0,28.2,39.1,26.0,32.1,23.8
Scarborough,2019-09-17,87.7,18.008599999999998,4.17,18.6,120.8,1010.8,52.5,6.0,112.4,9.7,21138,64954,29.0,23.0,26.1,33.6,23.0,27.5,23.9
Scarborough,2019-09-18,79.5,28.194000000000003,4.17,17.2,116.3,1009.4,40.3,7.4,197.2,17.0,21135,64914,31.0,25.0,28.0,37.8,25.0,31.3,24.1
Scarborough,2019-09-19,79.5,0.9143999999999999,8.33,15.0,126.8,1009.2,35.8,7.0,267.1,22.9,21132,64875,31.0,26.0,28.4,37.8,26.0,32.5,24.4
Scarborough,2019-09-20,74.9,0.0,0.0,15.0,129.0,1011.2,36.1,7.0,218.0,18.8,21129,64835,32.1,28.0,29.9,40.8,31.9,35.8,24.9
Scarborough,2019-09-21,82.5,24.2824,12.5,18.1,112.4,1010.9,49.9,6.6,229.1,19.9,21126,64795,32.0,25.9,27.9,42.3,25.9,32.1,24.7
Scarborough,2019-09-22,85.8,62.00139999999999,8.33,27.7,194.9,1010.9,60.4,4.8,42.0,3.7,21123,64755,27.0,25.0,26.1,30.1,25.0,26.8,23.5
Scarborough,2019-09-23,78.7,8.407399999999999,4.17,15.7,169.0,1012.8,45.3,9.7,163.1,14.2,21121,64716,30.0,26.2,28.1,36.2,26.2,32.1,24.0
Scarborough,2019-09-24,76.0,0.0,0.0,16.1,136.5,1012.8,28.5,8.7,275.7,23.8,21118,64676,31.0,27.9,29.3,39.1,31.3,34.7,24.6
Scarborough,2019-09-25,74.8,0.0,0.0,14.3,131.0,1013.3,26.2,7.4,282.6,24.4,21116,64637,32.0,27.0,29.4,40.7,30.1,34.7,24.4
Scarborough,2019-09-26,74.9,0.0,0.0,9.2,109.3,1012.6,29.7,7.4,291.8,25.1,21114,64598,32.0,26.0,28.9,39.3,26.0,32.9,23.9
Scarborough,2019-09-27,72.3,0.0,0.0,13.9,94.4,1012.3,26.7,7.0,282.7,24.4,21112,64559,32.0,26.0,28.8,39.2,26.0,32.3,23.2
Scarborough,2019-09-28,74.8,0.0,0.0,13.9,119.2,1012.0,32.5,7.3,267.1,22.9,21110,64520,32.0,26.0,29.1,39.2,26.0,33.5,24.1
Scarborough,2019-09-29,73.8,0.1016,4.17,14.3,119.8,1011.3,39.3,7.4,251.7,21.7,21108,64482,32.0,26.9,29.4,40.7,30.1,34.3,24.2
Scarborough,2019-09-30,77.2,0.1016,4.17,13.9,119.6,1010.6,42.0,7.4,267.6,23.2,21107,64443,32.0,26.7,29.3,40.7,26.7,34.8,24.8
Scarborough,2019-10-01,73.9,0.0,0.0,18.3,123.4,1013.2,27.8,7.6,220.2,19.2,23103,64552,29.0,23.0,26.3,32.0,23.0,27.4,21.2
Scarborough,2019-10-02,69.3,0.0,0.0,12.8,78.5,1013.9,33.8,7.0,252.0,21.7,23117,65352,29.0,24.0,25.8,30.8,24.0,26.4,19.7
Scarborough,2019-10-03,76.0,2.0065999999999997,4.17,18.3,108.9,1013.8,39.6,6.9,244.3,21.1,22386,65610,29.0,23.1,26.0,32.0,23.1,26.9,21.3
Scarborough,2019-10-04,71.3,0.0,0.0,16.1,110.4,1013.1,31.2,8.2,289.3,24.8,21273,65649,30.0,24.0,26.9,32.6,24.0,28.1,21.1
Scarborough,2019-10-05,72.6,2.3114,8.33,18.3,101.2,1011.3,37.1,7.1,268.3,23.2,20485,65846,31.0,25.0,27.8,35.5,25.0,30.2,22.3
Scarborough,2019-10-06,72.5,1.4986,8.33,22.4,107.3,1015.1,41.9,6.7,260.6,22.3,20365,66324,30.1,25.0,27.9,33.9,25.0,30.3,22.4
Scarborough,2019-10-07,73.7,0.2032,4.17,21.0,102.1,1015.2,26.8,7.2,286.0,24.7,20765,66630,31.1,26.0,28.3,35.4,26.0,31.6,23.1
Scarborough,2019-10-08,71.9,8.102599999999999,8.33,13.4,98.7,1014.8,32.2,6.5,275.8,23.6,21129,66263,31.0,25.0,28.2,36.6,25.0,31.1,22.6
Scarborough,2019-10-09,69.1,1.016,12.5,17.4,96.8,1013.0,34.0,6.9,281.6,24.3,21158,65231,32.0,26.4,28.9,36.8,26.4,31.9,22.6
Scarborough,2019-10-10,79.8,0.1016,4.17,16.1,135.5,1010.2,41.6,6.8,214.9,18.4,21108,64080,30.2,25.0,27.1,36.2,25.0,29.3,23.3
Scarborough,2019-10-11,79.3,2.0065999999999997,4.17,15.0,99.1,1010.7,37.6,6.7,215.4,18.7,21433,63378,30.0,26.7,27.9,36.2,28.8,31.7,23.9
Scarborough,2019-10-12,74.1,3.4036,12.5,19.7,87.9,1011.6,43.4,6.9,208.6,18.0,22270,63612,30.0,24.9,27.1,35.1,24.9,28.7,22.0
Scarborough,2019-10-13,76.5,3.7845999999999997,8.33,12.8,99.7,1011.6,39.6,6.9,247.5,21.3,21116,63980,32.0,25.0,28.4,39.2,25.0,31.9,23.8
Scarborough,2019-10-14,77.9,5.308599999999999,4.17,12.3,92.9,1012.0,37.7,6.9,210.5,18.2,21120,63948,30.0,25.0,27.6,35.1,25.0,30.4,23.3
Scarborough,2019-10-15,72.0,0.1016,4.17,16.3,93.0,1012.4,47.0,6.4,268.7,23.2,21124,63917,31.0,26.0,28.3,35.5,26.0,31.3,22.7
Scarborough,2019-10-16,76.7,0.0,0.0,10.3,92.2,1012.1,36.0,7.1,256.3,22.1,21128,63886,32.2,25.9,28.6,40.7,25.9,32.4,24.0
Scarborough,2019-10-17,82.1,13.9954,4.17,10.3,120.8,1012.0,42.2,6.4,226.8,19.6,21133,63855,31.0,24.0,27.6,39.1,24.0,30.3,24.1
Scarborough,2019-10-18,76.0,0.508,4.17,16.1,131.8,1011.8,40.7,6.6,242.5,21.0,21139,63826,32.2,24.0,28.8,40.6,24.0,32.9,24.0
Scarborough,2019-10-19,82.6,30.987999999999996,8.33,15.0,105.8,1012.1,32.2,6.4,232.4,20.1,21145,63797,31.0,25.0,27.7,40.7,25.0,31.1,24.4
Scarborough,2019-10-20,77.4,10.1854,8.33,12.8,98.3,1012.1,35.3,7.3,239.5,20.7,21151,63769,31.7,25.2,27.9,40.7,25.2,30.8,23.6
Scarborough,2019-10-21,80.2,9.017,8.33,6.9,78.2,1011.4,39.7,6.8,227.7,19.5,21158,63741,30.0,25.0,26.4,35.6,25.0,27.8,22.7
Scarborough,2019-10-22,80.3,0.0,0.0,15.0,111.5,1010.8,34.5,7.5,249.9,21.7,21166,63715,30.2,24.9,27.4,36.6,24.9,30.1,23.7
Scarborough,2019-10-23,75.4,0.1016,4.17,15.0,116.5,1010.4,34.4,7.9,252.0,21.6,21174,63689,32.0,27.0,28.8,39.1,29.7,33.2,23.9
Scarborough,2019-10-24,75.6,0.1016,4.17,13.9,95.1,1010.9,32.4,7.3,230.9,20.0,21183,63664,32.0,26.8,28.9,40.7,29.3,33.7,24.2
Scarborough,2019-10-25,73.2,0.0,0.0,13.9,100.8,1012.0,35.9,6.9,261.7,22.5,21193,63639,32.0,25.9,28.5,37.9,25.9,31.4,23.1
Scarborough,2019-10-26,74.4,0.0,0.0,12.1,98.8,1012.1,35.2,7.0,260.5,22.4,21203,63616,32.0,26.0,28.6,39.2,26.0,32.3,23.6
Scarborough,2019-10-27,75.9,0.0,0.0,12.8,97.7,1011.6,30.5,7.6,265.1,23.0,21214,63594,31.0,25.8,28.3,39.1,25.8,32.1,23.7
Scarborough,2019-10-28,78.3,10.0076,8.33,11.9,64.4,1010.9,42.4,7.1,232.2,20.0,21225,63572,32.0,26.0,27.6,40.7,26.0,30.4,23.4
Scarborough,2019-10-29,79.5,3.7845999999999997,8.33,13.9,126.4,1009.5,39.4,7.6,190.9,16.5,21237,63551,31.0,25.9,28.4,39.1,25.9,32.8,24.5
Scarborough,2019-10-30,75.5,0.0,0.0,8.1,106.3,1009.8,33.1,8.0,242.6,21.0,21250,63531,32.0,25.0,28.3,37.9,25.0,31.5,23.5
Scarborough,2019-10-31,76.0,0.8128,8.33,13.9,121.5,1010.7,32.8,8.1,226.1,19.6,21263,63512,31.0,26.0,28.7,37.8,26.0,32.9,24.0
Scarborough,2019-11-01,74.0,0.0,0.0,18.3,125.2,1014.2,35.8,6.6,232.0,20.2,23119,64584,29.0,25.0,26.6,32.0,25.0,27.5,21.6
Scarborough,2019-11-02,66.9,2.9972,4.17,19.7,93.1,1013.7,27.1,7.8,246.2,21.4,23101,65369,29.0,23.0,25.8,30.8,23.0,26.5,19.1
Scarborough,2019-11-03,69.4,2.9972,4.17,14.3,88.7,1013.6,40.6,7.9,268.4,23.2,22352,65613,29.0,23.8,26.1,30.3,23.8,26.7,19.9
Scarborough,2019-11-04,69.6,0.0,0.0,17.2,119.3,1013.0,28.5,7.4,306.1,26.4,21239,65652,30.1,26.0,27.6,33.3,26.0,29.3,21.5
Scarborough,2019-11-05,73.1,0.0,0.0,20.6,99.2,1012.2,36.9,6.6,283.7,24.7,20469,65858,31.0,26.4,28.3,35.5,26.4,31.6,23.0
Scarborough,2019-11-06,74.0,0.0,0.0,17.2,103.1,1014.4,35.1,6.5,264.3,23.0,20373,66340,31.0,26.0,27.9,36.6,26.0,30.4,22.8
Scarborough,2019-11-07,74.5,0.6096,4.17,17.2,96.1,1012.7,32.1,6.8,263.2,22.6,20781,66631,31.0,25.0,27.8,36.6,25.0,30.1,22.7
Scarborough,2019-11-08,70.4,0.0,0.0,13.9,117.3,1014.5,26.0,7.1,292.7,25.2,21135,66238,31.0,27.0,28.9,36.6,29.2,32.6,22.9
Scarborough,2019-11-09,70.4,0.0,0.0,11.4,117.4,1011.5,31.2,7.8,286.2,24.8,21155,65192,32.0,26.0,28.9,37.6,26.0,32.3,22.9
Scarborough,2019-11-10,77.6,6.985,12.5,13.9,129.2,1010.8,40.6,7.9,206.9,17.7,21110,64046,30.0,25.0,27.7,36.2,25.0,30.7,23.4
Scarborough,2019-11-11,77.4,0.9905999999999999,4.17,12.8,98.6,1010.0,33.1,7.5,212.3,18.5,21453,63370,31.1,26.0,28.3,40.7,26.0,32.2,23.9
Scarborough,2019-11-12,85.3,12.395199999999999,12.5,19.7,103.9,1011.4,47.0,6.4,123.7,10.6,22302,63635,26.0,22.2,24.3,26.0,22.2,24.3,21.6
Scarborough,2019-11-13,78.6,0.0,0.0,11.4,102.7,1010.2,30.5,7.8,238.3,20.8,21497,63358,32.0,25.7,28.2,39.2,25.7,31.4,24.0
Scarborough,2019-11-14,80.3,0.0,0.0,8.1,90.8,1011.0,31.1,7.8,240.6,20.8,21519,63354,31.0,25.0,27.6,37.8,25.0,30.3,23.8
Scarborough,2019-11-15,78.7,0.9905999999999999,4.17,12.1,64.8,1009.8,40.9,7.7,219.3,18.9,21542,63350,30.1,25.0,27.2,35.0,25.0,29.1,23.1
Scarborough,2019-11-16,76.6,5.1054,8.33,6.9,80.0,1008.1,36.7,7.2,233.2,20.1,21566,63348,32.0,25.0,27.7,37.9,25.0,30.2,23.1
Scarborough,2019-11-17,76.8,0.1016,4.17,9.2,74.3,1007.9,43.6,7.5,226.2,19.5,21590,63347,31.0,25.2,27.7,37.8,25.2,29.8,23.2
Scarborough,2019-11-18,78.1,0.0,0.0,11.4,126.1,1009.4,35.4,7.3,203.4,17.6,21615,63347,31.0,25.0,28.3,39.1,25.0,32.1,24.1
Scarborough,2019-11-19,79.5,0.8128,8.33,17.2,114.7,1011.0,41.8,7.6,181.4,15.7,21641,63348,30.2,24.8,27.2,36.2,24.8,29.7,23.3
Scarborough,2019-11-20,77.6,2.0065999999999997,4.17,17.2,108.4,1011.2,40.6,7.7,168.8,14.6,21667,63350,36.9,26.0,27.8,44.4,26.0,30.8,23.4
Scarborough,2019-11-21,77.1,0.0,0.0,9.2,96.8,1010.6,41.8,7.8,180.5,15.6,21693,63353,31.0,25.7,27.4,36.6,25.7,29.7,23.0
Scarborough,2019-11-22,79.8,4.013199999999999,8.33,8.3,66.2,1010.4,39.0,6.7,215.8,18.9,21720,63358,30.9,25.0,26.7,37.4,25.0,28.2,22.9
Scarborough,2019-11-23,83.1,1.778,8.33,12.5,55.2,1010.6,38.4,7.3,209.3,18.0,21748,63363,32.0,25.0,27.2,42.3,25.0,29.7,24.0
Scarborough,2019-11-24,80.9,1.3208,8.33,11.4,101.6,1010.4,37.1,6.7,167.6,14.6,21776,63370,31.2,25.0,27.4,38.1,25.0,29.9,23.8
Scarborough,2019-11-25,81.7,16.4084,8.33,16.1,106.0,1010.3,39.8,6.4,164.4,14.2,21805,63377,31.0,26.0,28.0,39.1,26.0,31.8,24.6
Scarborough,2019-11-26,83.1,6.2992,12.5,20.8,107.5,1010.8,58.0,5.9,133.1,11.5,21834,63386,31.0,25.0,27.4,39.1,25.0,30.2,24.2
Scarborough,2019-11-27,81.9,11.7094,8.33,20.4,75.6,1011.7,41.3,6.8,140.8,12.2,21863,63396,30.0,26.0,27.4,36.2,26.0,30.3,24.0
Scarborough,2019-11-28,82.3,19.1008,8.33,10.1,73.4,1010.9,40.7,6.3,241.1,20.7,21893,63406,31.0,24.8,27.1,38.9,24.8,29.5,23.7
Scarborough,2019-11-29,79.0,0.1016,4.17,5.8,60.0,1010.0,34.7,6.9,230.4,20.1,21923,63418,31.0,25.0,27.4,37.8,25.0,29.8,23.3
Scarborough,2019-11-30,79.5,0.2032,8.33,8.1,107.0,1010.8,40.8,7.6,189.3,16.4,21953,63431,31.0,25.0,27.4,36.6,25.0,30.1,23.5
Scarborough,2019-12-01,71.3,0.2032,4.17,15.0,95.2,1015.0,26.5,6.7,244.1,21.1,23134,64616,29.0,23.8,25.9,31.4,23.8,26.6,20.2
Scarborough,2019-12-02,68.0,0.0,0.0,19.7,96.7,1014.5,28.4,7.6,253.9,22.0,23084,65385,29.0,23.0,25.9,31.4,23.0,26.6,19.4
Scarborough,2019-12-03,74.6,0.0,0.0,19.7,112.4,1013.3,40.0,7.5,235.2,20.3,22317,65616,29.0,24.0,26.3,32.0,24.0,27.4,21.3
Scarborough,2019-12-04,74.6,3.9878,4.17,16.1,110.7,1013.1,42.8,6.9,278.2,24.1,21205,65654,30.0,24.2,27.1,33.3,24.2,28.3,22.1
Scarborough,2019-12-05,71.1,0.0,0.0,19.7,100.6,1013.8,32.7,6.5,235.2,20.3,20454,65871,31.0,26.9,28.4,36.6,29.1,31.7,22.6
Scarborough,2019-12-06,70.0,0.0,0.0,17.2,106.3,1014.1,29.6,6.7,303.4,26.2,20382,66356,31.0,26.0,28.2,34.6,26.0,30.7,22.1
Scarborough,2019-12-07,78.1,1.6001999999999998,8.33,11.4,119.6,1012.1,40.0,6.7,149.6,13.0,20796,66631,31.0,25.0,27.1,36.6,25.0,29.2,22.9
Scarborough,2019-12-08,84.2,20.0152,12.5,17.0,84.7,1013.0,46.6,6.3,212.7,18.4,21141,66213,31.0,25.0,27.1,37.8,25.0,29.4,24.2
Scarborough,2019-12-09,74.1,0.1016,4.17,11.4,116.5,1011.0,43.5,8.0,280.5,24.2,21153,65153,32.0,26.9,29.6,40.7,29.4,34.9,24.4
Scarborough,2019-12-10,74.6,0.0,0.0,14.1,124.4,1011.7,35.1,7.3,269.2,23.2,21113,64013,31.0,26.2,28.6,37.8,26.2,32.5,23.6
Scarborough,2019-12-11,77.4,0.9905999999999999,4.17,16.6,99.3,1009.7,35.6,7.5,215.7,18.5,21475,63364,31.0,25.0,28.2,38.6,25.0,31.4,23.7
Scarborough,2019-12-12,82.6,19.6088,12.5,15.4,109.2,1009.9,45.1,6.5,80.7,6.8,22334,63658,28.0,23.7,25.8,31.9,23.7,26.9,22.6
Scarborough,2019-12-13,84.7,25.984199999999998,12.5,17.2,126.7,1010.5,46.5,6.6,187.4,16.3,22366,63683,29.0,22.9,25.1,32.8,22.9,25.4,22.2
Scarborough,2019-12-14,84.4,24.002999999999997,12.5,15.0,104.4,1011.8,44.7,6.5,201.4,17.4,22398,63708,30.7,24.0,26.6,38.5,24.0,29.0,23.6
Scarborough,2019-12-15,84.9,9.296399999999998,16.67,17.2,98.8,1012.8,45.9,6.4,202.0,17.5,22430,63734,29.2,24.0,26.1,34.6,24.0,27.3,23.3
Scarborough,2019-12-16,73.8,0.2032,4.17,17.2,90.1,1012.2,31.5,6.9,184.1,15.9,22462,63760,30.0,25.0,27.6,35.1,25.0,29.8,22.4
Scarborough,2019-12-17,76.2,2.0065999999999997,4.17,20.8,94.9,1011.4,35.7,6.8,201.2,17.4,22493,63787,30.0,23.0,27.0,35.1,23.0,28.7,22.4
Scarborough,2019-12-18,73.7,0.0,0.0,20.8,100.3,1011.4,32.1,6.7,215.1,18.4,22524,63815,30.0,26.0,27.7,35.1,26.0,30.3,22.6
Scarborough,2019-12-19,73.5,0.4064,8.33,17.2,91.5,1011.9,34.5,6.5,188.9,16.3,22555,63843,30.0,25.9,27.7,36.2,25.9,29.8,22.4
Scarborough,2019-12-20,77.2,0.2032,4.17,16.1,92.5,1012.2,38.9,6.5,198.4,17.2,22586,63872,30.0,25.0,27.4,36.2,25.0,29.8,23.1
Scarborough,2019-12-21,80.4,0.0,0.0,15.0,94.5,1012.3,35.2,6.9,193.6,16.8,22616,63902,30.0,25.0,27.1,37.4,25.0,29.4,23.4
Scarborough,2019-12-22,82.1,6.1975999999999996,12.5,22.8,84.5,1012.2,44.0,6.9,192.0,16.5,22646,63931,30.0,24.0,26.7,35.1,24.0,28.7,23.3
Scarborough,2019-12-23,76.6,13.9954,4.17,21.0,93.0,1012.4,31.2,6.8,207.9,18.1,22675,63962,30.0,25.0,27.7,34.7,25.0,30.3,23.2
Scarborough,2019-12-24,74.4,0.0,0.0,16.1,109.5,1011.5,31.8,6.6,210.7,18.3,22704,63992,30.1,26.9,27.9,36.0,29.2,31.1,22.9
Scarborough,2019-12-25,78.0,0.0,0.0,18.3,117.8,1010.8,35.2,6.5,223.7,19.2,22733,64023,31.0,25.0,27.8,39.1,25.0,31.5,23.6
Scarborough,2019-12-26,76.4,0.0,0.0,15.0,120.7,1011.4,31.7,6.7,226.8,19.6,22761,64055,30.0,26.0,27.4,35.1,26.0,29.4,22.8
Scarborough,2019-12-27,77.1,0.0,0.0,15.0,111.0,1012.2,31.4,6.8,216.7,18.7,22788,64087,30.0,25.0,27.4,36.2,25.0,29.7,23.0
Scarborough,2019-12-28,75.8,0.0,0.0,15.2,92.8,1011.7,31.5,6.8,218.6,18.8,22815,64119,30.0,24.0,26.8,33.3,24.0,28.1,22.0
Scarborough,2019-12-29,74.7,0.0,0.0,13.9,104.9,1011.2,31.0,6.5,212.2,18.3,22841,64151,30.0,24.0,26.8,35.1,24.0,28.4,21.9
Scarborough,2019-12-30,74.6,0.0,0.0,12.8,90.4,1011.8,34.8,6.8,226.0,19.5,22867,64183,30.0,24.0,26.7,34.2,24.0,28.1,21.7
Scarborough,2019-12-31,71.7,0.0,0.0,12.8,95.3,1012.9,26.1,7.0,239.5,20.7,22892,64216,30.0,24.0,26.8,33.3,24.0,28.2,21.2
Scarborough,2020-01-01,72.6,0.0,0.0,16.1,104.8,1013.2,27.4,7.3,245.3,21.4,22916,64249,29.9,23.7,26.8,33.2,23.7,28.2,21.4
Scarborough,2020-01-02,73.4,0.0,0.0,18.8,106.3,1014.8,25.9,6.4,239.3,20.6,23218,65169,30.1,25.0,27.3,34.2,25.0,28.8,22.1
Scarborough,2020-01-03,74.6,0.0,0.0,15.0,108.1,1015.2,25.5,7.5,273.2,23.6,22653,65574,30.0,23.9,26.6,33.3,23.9,27.9,21.6
Scarborough,2020-01-04,60.4,0.0,0.0,15.0,113.1,1011.7,30.8,8.9,290.8,25.2,21564,65639,30.0,23.0,26.5,30.8,23.0,26.9,18.0
Scarborough,2020-01-05,70.2,0.1016,4.17,20.8,98.1,1015.0,33.9,7.6,236.8,20.3,20644,65762,30.0,25.0,27.8,34.2,25.0,30.3,21.8
Scarborough,2020-01-06,71.3,0.0,0.0,16.1,119.8,1014.7,37.7,6.7,268.9,23.2,20326,66187,30.2,25.8,27.9,34.2,25.8,30.1,22.2
Scarborough,2020-01-07,77.7,0.0,0.0,15.0,113.9,1012.5,32.9,7.7,265.3,22.8,20637,66597,31.1,26.9,28.5,38.1,29.7,32.9,24.2
Scarborough,2020-01-08,76.8,0.0,0.0,11.4,141.9,1012.6,28.9,8.8,261.2,22.7,21065,66439,31.8,25.0,28.2,37.8,25.0,31.4,23.7
Scarborough,2020-01-09,76.4,0.0,0.0,9.2,149.0,1012.0,29.3,8.6,279.4,24.1,21176,65547,31.0,25.0,28.3,37.8,25.0,32.1,23.7
Scarborough,2020-01-10,80.4,0.7111999999999999,8.33,16.1,112.2,1010.3,37.4,6.6,194.5,16.7,21105,64377,30.7,25.0,27.8,36.7,25.0,30.9,24.1
Scarborough,2020-01-11,85.4,34.9758,12.5,12.8,111.3,1011.0,52.3,6.3,180.6,15.6,21289,63482,29.0,23.8,25.8,34.6,23.8,27.1,23.2
Scarborough,2020-01-12,81.7,0.6096,4.17,13.9,88.9,1011.8,25.7,6.5,221.6,19.3,22008,63456,30.1,24.9,26.7,36.2,24.9,28.3,23.3
Scarborough,2020-01-13,71.4,0.6096,8.33,19.9,92.6,1014.7,28.5,6.4,211.0,18.3,23145,64641,30.0,23.0,26.3,33.3,23.0,27.1,20.5
Scarborough,2020-01-14,73.4,0.1016,4.17,19.7,92.0,1013.4,40.7,7.0,181.8,15.6,23158,64673,29.2,24.0,26.5,32.8,24.0,27.6,21.3
Scarborough,2020-01-15,82.1,3.5052000000000003,12.5,13.9,93.0,1012.9,54.6,6.6,180.6,15.6,23170,64704,27.0,24.0,25.4,29.7,24.0,25.5,22.1
Scarborough,2020-01-16,73.3,1.6001999999999998,4.17,17.0,91.8,1014.3,38.7,7.1,206.5,17.8,23181,64735,30.2,25.0,27.2,34.4,25.0,28.7,21.9
Scarborough,2020-01-17,80.1,0.0,0.0,15.0,93.2,1014.6,36.7,6.5,223.1,19.2,23191,64765,29.0,24.0,25.9,33.6,24.0,27.1,22.2
Scarborough,2020-01-18,79.5,4.699,4.17,8.1,70.2,1014.8,43.5,7.2,227.9,19.6,23200,64796,31.0,23.0,26.1,37.5,23.0,27.6,22.2
Scarborough,2020-01-19,79.3,9.7028,12.5,20.8,76.6,1014.2,40.7,6.5,195.5,16.9,23208,64826,28.1,24.0,25.8,31.4,24.0,26.6,21.9
Scarborough,2020-01-20,78.9,6.095999999999999,12.5,18.1,92.3,1013.7,35.6,7.5,227.6,19.6,23215,64855,29.1,23.8,26.6,32.8,23.8,27.9,22.4
Scarborough,2020-01-21,76.9,2.0065999999999997,4.17,13.9,106.6,1012.7,36.8,7.4,226.1,19.3,23221,64884,29.0,24.0,26.2,32.8,24.0,27.3,21.8
Scarborough,2020-01-22,75.0,0.0,0.0,10.3,113.9,1011.6,33.5,7.8,226.1,19.6,23226,64913,29.0,22.9,25.7,32.0,22.9,26.4,20.8
Scarborough,2020-01-23,76.5,0.0,0.0,13.4,125.8,1011.3,31.2,9.4,227.8,19.5,23230,64941,29.0,22.0,25.8,32.8,22.0,27.2,21.3
Scarborough,2020-01-24,82.3,2.9972,4.17,13.9,117.6,1011.9,40.5,7.5,205.1,17.8,23233,64968,29.0,23.0,25.6,33.8,23.0,26.8,22.3
Scarborough,2020-01-25,77.7,0.0,0.0,13.9,113.7,1013.3,38.7,7.1,223.0,19.3,23235,64995,29.0,24.9,26.3,32.8,24.9,27.4,22.1
Scarborough,2020-01-26,74.1,0.0,0.0,12.8,123.8,1013.6,38.0,7.5,233.6,20.2,23236,65022,29.0,23.9,26.2,32.8,23.9,27.4,21.1
Scarborough,2020-01-27,72.9,0.0,0.0,12.8,106.8,1014.0,35.9,7.4,254.8,22.1,23235,65048,29.0,22.0,26.0,32.0,22.0,26.9,20.6
Scarborough,2020-01-28,75.1,0.0,0.0,13.9,111.6,1012.9,34.9,8.9,238.4,20.6,23234,65073,30.8,24.0,27.4,35.1,24.0,29.4,22.4
Scarborough,2020-01-29,78.2,2.1082,8.33,16.1,113.0,1013.1,38.8,7.7,229.3,20.0,23231,65098,30.0,24.0,26.5,34.2,24.0,27.6,22.3
Scarborough,2020-01-30,75.7,0.0,0.0,16.1,101.5,1013.9,28.9,7.0,247.2,21.4,23228,65122,30.0,24.8,27.0,34.2,24.8,28.6,22.3
Scarborough,2020-01-31,75.6,0.0,0.0,15.0,106.1,1015.0,26.0,6.7,245.5,21.3,23223,65146,30.1,26.0,27.6,35.1,26.0,29.8,22.8
Scarborough,2020-02-01,70.1,0.0,0.0,15.2,100.7,1013.5,27.1,6.7,239.4,20.8,22940,64282,30.0,24.0,27.1,33.3,24.0,28.1,21.0
Scarborough,2020-02-02,69.6,0.0,0.0,17.7,113.4,1014.9,25.5,6.2,264.4,23.0,23211,65191,30.0,24.8,27.1,33.3,24.8,28.2,21.0
Scarborough,2020-02-03,70.6,0.0,0.0,17.4,86.3,1014.2,27.8,7.3,265.2,22.9,22622,65580,30.9,24.0,26.7,32.0,24.0,27.4,20.6
Scarborough,2020-02-04,68.7,0.0,0.0,17.2,125.5,1012.9,35.0,9.2,248.6,21.4,21528,65640,30.0,24.0,27.2,33.3,24.0,28.6,20.8
Scarborough,2020-02-05,73.5,0.508,8.33,16.1,107.8,1014.7,36.5,6.9,282.1,24.3,20622,65771,31.0,26.0,28.2,35.4,26.0,31.2,22.9
Scarborough,2020-02-06,72.8,0.0,0.0,15.0,115.8,1013.9,41.1,6.5,272.0,23.5,20329,66204,31.1,24.9,27.7,35.5,24.9,29.4,22.1
Scarborough,2020-02-07,74.4,2.0065999999999997,4.17,19.2,97.5,1011.8,46.2,6.5,240.8,20.6,20652,66604,31.0,27.0,28.5,35.5,29.7,32.2,23.4
Scarborough,2020-02-08,79.5,0.1016,4.17,12.8,137.4,1013.3,34.4,8.8,250.5,21.6,21075,66421,30.8,26.0,28.6,38.6,26.0,33.4,24.6
Scarborough,2020-02-09,74.3,0.0,0.0,11.4,112.3,1010.6,34.2,8.6,264.4,22.9,21175,65510,32.0,25.9,28.8,39.2,25.9,33.1,23.8
Scarborough,2020-02-10,76.3,0.0,0.0,16.1,126.8,1010.5,40.6,6.9,229.0,19.7,21104,64340,32.0,26.0,28.4,39.2,26.0,32.2,23.8
Scarborough,2020-02-11,82.8,7.010400000000001,4.17,17.2,98.9,1011.0,45.4,6.3,234.6,20.3,21304,63466,31.0,24.0,27.6,37.8,24.0,30.7,24.2
Scarborough,2020-02-12,78.9,0.0,0.0,14.3,96.9,1012.1,43.1,7.1,238.6,20.8,22039,63472,31.0,23.9,26.8,36.6,23.9,28.6,22.8
Scarborough,2020-02-13,77.4,27.9908,4.17,25.5,85.2,1014.0,51.5,6.7,203.9,17.6,23072,65397,29.8,23.1,25.7,32.8,23.1,26.1,21.3
Scarborough,2020-02-14,73.8,0.9905999999999999,8.33,10.3,82.8,1014.5,43.3,7.5,122.7,10.6,23053,65412,28.0,24.0,26.0,30.7,24.0,26.7,20.9
Scarborough,2020-02-15,73.2,0.0,0.0,16.1,98.4,1014.1,40.3,7.5,205.4,17.7,23034,65426,29.0,24.9,26.3,32.0,24.9,27.3,21.2
Scarborough,2020-02-16,75.1,0.2032,4.17,18.6,96.9,1013.0,34.1,6.8,212.0,18.4,23014,65440,29.0,23.8,26.3,32.8,23.8,27.3,21.4
Scarborough,2020-02-17,77.4,0.7111999999999999,4.17,17.9,96.2,1012.6,49.0,6.8,218.9,18.8,22993,65453,30.0,24.2,26.4,35.1,24.2,27.8,22.1
Scarborough,2020-02-18,81.4,4.3942,12.5,17.2,101.7,1013.5,53.4,6.6,233.1,20.1,22971,65466,29.0,24.0,26.3,34.1,24.0,27.9,22.8
Scarborough,2020-02-19,73.0,2.9972,8.33,20.8,109.1,1013.4,33.6,6.6,253.6,21.9,22949,65478,30.1,24.0,27.1,34.3,24.0,28.5,21.8
Scarborough,2020-02-20,73.0,0.8128,8.33,19.7,97.5,1013.0,34.7,6.3,266.4,23.1,22925,65489,29.0,23.8,26.2,31.4,23.8,27.0,20.8
Scarborough,2020-02-21,71.6,0.508,4.17,15.0,100.9,1013.3,31.2,6.8,242.5,21.1,22901,65500,30.0,23.0,26.1,32.6,23.0,27.0,20.4
Scarborough,2020-02-22,77.4,0.508,4.17,11.4,106.6,1013.5,39.8,6.7,249.9,21.6,22876,65510,30.0,22.9,25.7,34.2,22.9,26.8,21.4
Scarborough,2020-02-23,84.4,0.7874,4.17,15.0,108.0,1013.2,50.3,6.5,233.1,20.2,22851,65520,30.0,23.0,25.7,35.1,23.0,26.7,22.8
Scarborough,2020-02-24,80.7,8.991599999999998,4.17,15.0,102.9,1013.2,44.5,7.0,224.3,19.5,22824,65529,29.0,24.0,26.8,34.6,24.0,28.7,23.2
Scarborough,2020-02-25,73.5,0.1016,4.17,17.7,108.6,1013.5,31.4,6.6,262.5,22.7,22798,65538,30.0,24.8,26.8,34.2,24.8,28.1,21.7
Scarborough,2020-02-26,71.9,0.0,0.0,13.9,112.8,1013.5,29.8,6.7,288.8,24.9,22770,65546,30.0,23.2,26.5,33.3,23.2,27.7,20.9
Scarborough,2020-02-27,72.8,0.0,0.0,13.9,97.9,1014.3,45.2,7.2,257.1,22.4,22742,65553,30.1,23.0,25.7,33.2,23.0,26.6,20.4
Scarborough,2020-02-28,71.7,0.0,0.0,16.1,99.6,1015.2,25.5,9.1,276.2,23.9,22713,65561,30.0,23.0,25.9,32.6,23.0,26.8,20.3
Scarborough,2020-02-29,66.0,0.0,0.0,16.1,102.4,1015.9,28.1,8.4,280.9,24.3,22683,65567,30.0,23.0,26.3,31.3,23.0,27.0,19.3
Scarborough,2020-03-01,76.7,11.2014,4.17,13.9,112.5,1015.1,35.6,7.4,231.7,20.1,22963,64315,29.1,23.0,25.8,32.0,23.0,26.8,21.2
Scarborough,2020-03-02,71.0,0.0,0.0,16.1,110.5,1016.1,26.0,6.3,263.8,22.8,23203,65213,30.0,24.0,26.6,33.3,24.0,27.8,20.8
Scarborough,2020-03-03,76.4,0.0,0.0,13.9,106.6,1014.1,34.9,7.4,242.8,21.0,22591,65585,30.1,24.0,26.3,34.2,24.0,27.4,21.7
Scarborough,2020-03-04,79.5,1.397,8.33,16.1,128.5,1012.0,39.6,8.8,260.0,22.4,21492,65641,30.0,25.7,27.4,35.1,25.7,29.7,23.5
Scarborough,2020-03-05,74.7,0.0,0.0,16.1,105.2,1013.3,36.6,6.5,263.9,22.9,20601,65780,31.0,25.8,28.1,37.8,25.8,31.6,23.2
Scarborough,2020-03-06,72.5,0.9905999999999999,4.17,17.7,108.0,1013.7,35.8,6.8,266.7,22.9,20332,66221,32.0,25.0,28.2,36.8,25.0,30.8,22.6
Scarborough,2020-03-07,73.8,0.0,0.0,15.0,98.3,1011.9,36.6,6.5,265.0,22.9,20668,66610,31.0,26.0,28.3,36.6,26.0,31.6,23.2
Scarborough,2020-03-08,76.3,0.0,0.0,11.4,125.8,1014.9,32.3,10.5,252.7,21.9,21083,66402,31.1,27.0,28.9,39.1,29.6,33.9,24.3
Scarborough,2020-03-09,77.1,0.4064,4.17,12.8,120.2,1011.2,43.6,7.4,231.8,20.0,21173,65472,31.1,25.0,27.2,36.6,25.0,29.1,22.8
Scarborough,2020-03-10,83.6,13.0048,12.5,15.0,102.4,1011.8,41.6,6.6,250.9,21.7,21104,64303,29.0,24.0,26.3,34.6,24.0,27.9,23.3
Scarborough,2020-03-11,72.3,0.0,0.0,13.9,95.7,1010.7,33.3,6.4,252.6,21.8,21320,63450,31.0,24.8,27.8,35.5,24.8,30.2,22.3
Scarborough,2020-03-12,81.3,1.1938,4.17,8.1,50.4,1012.1,31.3,7.4,219.1,18.9,22071,63488,31.0,23.0,26.2,36.6,23.0,28.0,22.7
Scarborough,2020-03-13,72.8,0.1016,4.17,17.7,110.2,1012.8,31.1,7.4,265.9,23.0,22256,65621,30.1,24.0,26.6,33.4,24.0,27.7,21.2
Scarborough,2020-03-14,80.5,0.9905999999999999,4.17,8.1,45.8,1013.2,38.9,6.8,254.9,22.0,22220,65623,29.0,23.0,25.3,33.6,23.0,26.3,21.7
Scarborough,2020-03-15,91.0,15.9766,12.5,9.2,61.0,1013.4,59.5,6.8,183.1,15.8,22185,65624,26.0,22.7,23.8,26.0,22.7,23.8,22.2
Scarborough,2020-03-16,81.5,0.8128,8.33,9.2,101.3,1013.3,43.8,7.4,233.5,20.3,22149,65626,28.1,23.0,25.4,31.3,23.0,26.2,21.9
Scarborough,2020-03-17,74.6,0.9143999999999999,8.33,11.4,90.6,1013.8,35.9,7.0,293.3,25.4,22113,65627,30.0,24.0,26.1,33.3,24.0,26.9,21.1
Scarborough,2020-03-18,71.6,0.0,0.0,18.1,84.1,1014.5,34.8,7.6,290.7,25.2,22077,65629,31.0,23.0,26.5,34.2,23.0,27.7,20.8
Scarborough,2020-03-19,71.3,0.0,0.0,10.3,64.6,1015.0,32.0,7.2,283.9,24.6,22040,65630,30.0,23.0,26.3,33.3,23.0,27.4,20.6
Scarborough,2020-03-20,74.7,7.518399999999999,8.33,6.9,80.6,1014.8,34.3,8.3,274.2,23.8,22004,65631,29.0,23.1,25.8,32.8,23.1,26.8,20.9
Scarborough,2020-03-21,75.9,0.1016,4.17,15.0,86.3,1014.0,42.4,7.3,263.1,22.7,21967,65631,30.0,23.0,26.0,33.3,23.0,27.2,21.3
Scarborough,2020-03-22,72.5,0.0,0.0,16.1,103.5,1014.6,31.6,7.7,249.5,21.5,21930,65632,30.0,23.0,26.8,34.2,23.0,28.1,21.3
Scarborough,2020-03-23,70.4,0.0,0.0,20.8,91.4,1015.7,37.2,8.3,224.5,19.6,21893,65633,30.0,24.0,26.7,33.3,24.0,27.8,20.8
Scarborough,2020-03-24,68.6,0.0,0.0,18.3,100.0,1015.0,31.9,8.4,294.4,25.5,21857,65634,30.0,24.0,26.7,32.6,24.0,27.9,20.4
Scarborough,2020-03-25,69.1,0.0,0.0,16.1,97.6,1013.2,33.2,8.0,273.3,23.6,21820,65634,30.0,23.8,26.6,33.3,23.8,27.7,20.4
Scarborough,2020-03-26,66.9,0.0,0.0,18.6,96.3,1011.9,32.4,8.0,297.9,25.8,21783,65635,30.0,24.0,26.9,31.9,24.0,27.7,20.1
Scarborough,2020-03-27,72.0,0.0,0.0,13.9,101.6,1010.6,26.0,7.4,277.6,24.1,21746,65635,30.2,23.0,26.8,34.2,23.0,28.2,21.2
Scarborough,2020-03-28,73.8,2.9972,4.17,18.3,92.6,1012.1,31.9,7.5,263.1,22.6,21710,65636,31.0,24.0,26.7,34.6,24.0,28.1,21.5
Scarborough,2020-03-29,70.8,0.0,0.0,18.3,99.2,1013.3,28.8,7.7,275.2,23.6,21673,65637,30.2,25.0,27.3,34.2,25.0,28.8,21.4
Scarborough,2020-03-30,67.5,0.1016,4.17,13.9,58.6,1012.8,31.8,7.2,271.4,23.4,21636,65637,30.0,23.0,26.5,32.6,23.0,27.3,19.8
Scarborough,2020-03-31,64.7,0.0,0.0,16.1,88.4,1011.8,36.0,8.2,303.6,26.3,21600,65638,30.1,23.2,26.6,32.1,23.2,27.4,19.3
Scarborough,2020-04-01,72.8,0.0,0.0,12.8,100.8,1015.2,29.8,8.1,203.5,17.6,22985,64348,29.2,23.0,26.5,32.8,23.0,27.8,21.2
Scarborough,2020-04-02,69.5,0.0,0.0,18.8,95.8,1015.7,34.8,6.7,233.2,20.0,23195,65234,30.0,24.0,26.6,35.1,24.0,27.7,20.4
Scarborough,2020-04-03,69.5,0.1016,4.17,19.7,100.8,1015.3,34.7,6.5,292.5,25.2,22560,65590,30.0,25.0,27.2,32.6,25.0,28.4,21.1
Scarborough,2020-04-04,76.9,0.0,0.0,18.3,124.4,1011.5,32.3,7.5,283.2,24.5,21456,65642,31.0,26.0,27.8,36.6,26.0,30.5,23.3
Scarborough,2020-04-05,74.1,2.0065999999999997,4.17,21.9,103.2,1011.9,41.2,6.6,285.3,24.7,20581,65790,30.2,25.0,27.9,34.2,25.0,30.2,22.7
Scarborough,2020-04-06,78.0,6.095999999999999,12.5,16.1,95.4,1013.9,43.4,6.3,276.8,23.7,20335,66237,31.0,24.0,27.7,37.8,24.0,30.6,23.4
Scarborough,2020-04-07,71.6,0.0,0.0,17.2,104.8,1012.1,31.0,6.5,263.0,22.9,20684,66615,31.0,25.9,28.3,36.6,25.9,31.3,22.6
Scarborough,2020-04-08,75.5,0.0,0.0,12.1,69.5,1015.1,28.9,9.4,251.6,21.8,21092,66382,31.0,26.0,27.8,37.8,26.0,30.6,23.0
Scarborough,2020-04-09,76.1,0.1016,4.17,12.8,135.5,1011.9,31.2,7.2,272.1,23.5,21171,65435,32.0,25.0,28.6,39.2,25.0,32.6,23.9
Scarborough,2020-04-10,86.6,15.011399999999998,4.17,9.2,92.6,1011.5,37.1,6.1,234.3,20.4,21104,64266,30.0,24.2,26.6,37.4,24.2,28.7,24.2
Scarborough,2020-04-11,73.6,0.0,0.0,16.1,89.8,1012.0,30.6,6.7,255.0,22.1,21336,63436,31.0,25.0,27.8,35.5,25.0,29.8,22.5
Scarborough,2020-04-12,75.5,0.0,0.0,12.8,99.4,1012.5,38.8,6.8,212.0,18.4,22102,63506,30.1,24.0,27.1,34.3,24.0,28.8,22.3
Scarborough,2020-04-13,67.3,0.0,0.0,16.3,86.7,1015.5,35.6,7.2,304.0,26.3,21148,65659,32.0,24.0,27.4,33.3,24.0,28.4,20.4
Scarborough,2020-04-14,71.3,0.0,0.0,16.1,81.0,1013.8,32.9,7.8,289.9,25.2,21115,65662,31.0,24.0,27.1,34.6,24.0,28.4,21.3
Scarborough,2020-04-15,75.0,0.3048,8.33,17.2,101.4,1013.4,52.5,7.3,278.1,24.0,21083,65666,30.0,24.0,26.5,33.3,24.0,27.7,21.7
Scarborough,2020-04-16,70.4,1.8033999999999997,4.17,15.0,108.2,1014.7,33.9,7.4,263.7,22.9,21052,65669,30.9,24.0,27.3,35.1,24.0,29.0,21.3
Scarborough,2020-04-17,68.5,0.2032,4.17,17.2,104.2,1015.6,37.9,8.2,290.6,25.2,21020,65673,31.0,24.9,27.7,34.2,24.9,29.2,21.2
Scarborough,2020-04-18,66.2,0.0,0.0,16.1,115.0,1014.9,27.7,7.8,297.6,25.7,20990,65677,31.0,26.0,27.8,34.6,26.0,29.6,20.9
Scarborough,2020-04-19,73.1,21.005799999999997,8.33,18.3,96.4,1014.7,33.4,7.1,289.5,25.0,20960,65682,31.0,22.1,26.8,34.6,22.1,28.3,21.4
Scarborough,2020-04-20,69.6,0.0,0.0,16.1,118.7,1014.3,34.9,7.4,273.0,23.6,20930,65687,30.0,25.0,27.7,34.2,25.0,29.6,21.6
Scarborough,2020-04-21,71.6,0.0,0.0,19.7,119.9,1014.2,35.6,7.2,290.8,25.2,20901,65692,31.0,26.0,27.9,35.5,26.0,30.4,22.3
Scarborough,2020-04-22,67.5,0.0,0.0,15.0,111.9,1014.0,33.6,7.3,285.4,24.5,20873,65697,30.7,26.0,27.9,33.3,26.0,29.6,21.2
Scarborough,2020-04-23,72.1,0.9905999999999999,4.17,12.8,116.8,1013.7,36.2,7.9,287.6,24.8,20845,65703,30.0,24.0,27.3,32.7,24.0,28.8,21.7
Scarborough,2020-04-24,72.1,0.2032,4.17,18.1,102.8,1013.5,44.6,8.1,253.0,21.8,20818,65709,31.0,25.7,27.6,36.6,25.7,29.6,22.1
Scarborough,2020-04-25,67.8,2.0065999999999997,4.17,19.5,97.2,1014.2,30.2,8.0,295.5,25.4,20791,65715,31.0,24.0,27.5,33.1,24.0,28.7,20.8
Scarborough,2020-04-26,68.6,0.0,0.0,20.8,95.4,1014.7,27.3,7.8,294.8,25.5,20765,65722,31.1,25.7,27.8,34.6,25.7,29.6,21.4
Scarborough,2020-04-27,71.7,0.4064,4.17,18.3,97.3,1014.6,28.3,7.9,293.0,25.4,20739,65729,31.0,20.9,27.1,34.3,20.9,28.5,21.5
Scarborough,2020-04-28,70.2,0.1016,4.17,18.1,109.6,1014.2,26.0,7.7,304.2,26.3,20715,65737,31.0,24.9,27.6,35.5,24.9,29.3,21.6
Scarborough,2020-04-29,77.6,10.998199999999999,4.17,15.0,113.6,1013.9,48.7,7.4,278.9,24.1,20691,65745,29.0,24.0,26.3,32.8,24.0,27.7,22.1
Scarborough,2020-04-30,68.0,0.0,0.0,17.2,119.6,1014.6,28.5,8.7,278.3,24.2,20667,65753,30.7,25.2,27.8,35.0,25.2,29.8,21.3
Scarborough,2020-05-01,76.4,2.0065999999999997,4.17,12.8,91.8,1013.5,33.1,8.7,242.8,21.2,23006,64381,31.0,23.9,26.2,35.5,23.9,27.7,21.7
Scarborough,2020-05-02,72.4,0.2032,4.17,18.1,95.7,1015.5,32.2,7.0,243.5,20.9,23185,65255,30.0,23.9,26.6,33.3,23.9,27.7,21.1
Scarborough,2020-05-03,66.5,0.1016,4.17,19.7,101.1,1015.9,35.4,6.6,246.0,21.4,22527,65595,29.0,23.0,26.5,30.9,23.0,27.1,19.6
Scarborough,2020-05-04,75.4,0.0,0.0,17.2,113.2,1012.4,37.8,7.5,281.3,24.2,21420,65643,31.0,26.4,28.1,36.6,26.4,31.3,23.3
Scarborough,2020-05-05,72.7,0.1016,4.17,20.4,98.8,1012.4,43.7,6.6,265.3,22.9,20561,65800,31.0,26.0,28.4,36.6,26.0,31.8,23.0
Scarborough,2020-05-06,84.8,0.0,0.0,21.9,109.7,1014.5,41.3,6.6,57.5,5.1,20340,66254,28.0,23.8,26.4,32.7,23.8,28.2,23.6
Scarborough,2020-05-07,73.1,0.0,0.0,17.2,95.0,1012.2,40.0,7.0,194.6,16.7,20699,66620,32.0,26.0,28.3,37.9,26.0,31.2,23.0
Scarborough,2020-05-08,75.2,2.0065999999999997,4.17,11.4,97.6,1013.9,34.7,7.9,256.9,22.3,21100,66361,32.0,25.9,28.3,37.9,25.9,31.1,23.3
Scarborough,2020-05-09,72.6,0.0,0.0,13.9,107.8,1012.0,27.5,7.1,275.1,23.6,21169,65396,31.0,26.0,28.5,36.6,26.0,31.9,23.1
Scarborough,2020-05-10,80.3,7.7978,4.17,9.2,100.0,1010.8,38.6,7.2,219.9,18.8,21104,64230,31.1,25.0,27.6,37.8,25.0,30.2,23.8
Scarborough,2020-05-11,71.5,0.0,0.0,13.9,88.9,1010.6,29.5,6.9,235.9,20.4,21353,63423,31.1,24.0,27.7,36.6,24.0,29.6,21.9
Scarborough,2020-05-12,78.6,1.778,8.33,12.8,90.9,1013.2,35.6,7.4,208.2,17.8,22134,63524,31.0,24.0,27.1,36.6,24.0,29.2,22.9
Scarborough,2020-05-13,68.0,0.0,0.0,17.2,102.8,1013.9,32.6,6.8,282.1,24.2,20430,65894,31.0,26.1,28.2,34.9,26.1,30.8,21.7
Scarborough,2020-05-14,70.2,0.508,4.17,16.1,103.1,1014.3,26.4,6.8,277.9,23.9,20417,65907,31.1,24.7,27.9,35.1,24.7,30.1,21.9
Scarborough,2020-05-15,70.2,0.0,0.0,16.1,104.7,1014.4,27.4,6.7,251.7,21.7,20406,65921,31.8,26.0,28.5,38.6,26.0,31.7,22.5
Scarborough,2020-05-16,74.9,0.0,0.0,19.7,104.0,1014.3,32.3,6.2,264.0,22.7,20394,65934,32.0,25.2,28.3,39.2,25.2,31.7,23.4
Scarborough,2020-05-17,71.8,1.1938,8.33,17.2,104.5,1014.6,28.5,6.3,282.4,24.4,20384,65949,32.0,26.1,28.3,37.8,26.1,31.5,22.7
Scarborough,2020-05-18,70.3,0.0,0.0,16.1,105.2,1014.9,34.1,6.4,283.3,24.4,20375,65963,31.0,24.9,27.8,34.6,24.9,29.4,21.7
Scarborough,2020-05-19,72.8,0.0,0.0,12.8,115.9,1013.7,40.5,7.0,274.2,23.7,20366,65978,31.8,24.8,27.8,36.6,24.8,30.1,22.3
Scarborough,2020-05-20,78.9,0.3048,4.17,24.2,117.0,1014.0,49.6,7.4,253.3,21.9,20358,65993,31.0,24.8,27.7,39.1,24.8,30.4,23.6
Scarborough,2020-05-21,80.5,0.508,4.17,15.0,117.9,1013.7,31.9,6.9,266.5,23.1,20351,66008,31.1,26.0,28.3,37.8,26.0,32.3,24.5
Scarborough,2020-05-22,74.8,2.9972,4.17,17.2,119.2,1014.4,27.3,6.6,280.6,24.4,20345,66023,31.0,27.0,28.7,36.6,29.7,32.4,23.6
Scarborough,2020-05-23,73.2,0.0,0.0,16.1,107.5,1014.7,32.1,6.6,281.8,24.4,20339,66039,32.0,26.0,28.7,37.9,26.0,32.0,23.3
Scarborough,2020-05-24,76.5,0.1016,4.17,13.9,116.7,1014.1,38.7,7.5,250.5,21.7,20335,66055,31.0,25.0,27.6,36.6,25.0,29.9,23.0
Scarborough,2020-05-25,72.4,0.9905999999999999,4.17,17.2,119.6,1013.6,29.6,6.9,280.5,24.3,20331,66071,32.0,25.8,28.7,37.9,25.8,32.3,23.2
Scarborough,2020-05-26,75.8,0.0,0.0,18.3,119.9,1013.7,35.7,7.3,252.8,21.9,20328,66087,31.9,27.0,28.9,38.0,29.7,33.4,24.1
Scarborough,2020-05-27,73.6,0.0,0.0,17.2,121.1,1013.2,36.7,7.0,281.3,24.2,20326,66104,32.0,27.0,29.2,39.2,30.1,33.7,23.9
Scarborough,2020-05-28,71.9,0.0,0.0,15.0,96.2,1013.7,41.4,6.6,134.5,11.7,20324,66120,30.1,27.0,28.4,34.2,29.7,31.6,22.8
Scarborough,2020-05-29,72.5,0.0,0.0,17.2,100.4,1013.9,37.2,6.5,201.5,17.3,20324,66137,32.0,27.0,28.6,37.9,29.6,32.3,23.2
Scarborough,2020-05-30,71.0,0.0,0.0,16.1,111.7,1013.7,42.2,6.4,253.4,22.0,20324,66153,31.2,26.9,28.6,35.6,29.2,31.9,22.8
Scarborough,2020-05-31,79.0,0.0,0.0,15.0,100.9,1014.2,40.4,6.6,167.1,14.3,20325,66170,30.1,25.0,27.7,35.3,25.0,30.9,23.7
Scarborough,2020-06-01,82.3,2.9972,4.17,10.3,85.4,1012.6,51.9,7.4,202.2,17.5,23026,64414,28.0,23.9,25.4,31.9,23.9,26.4,22.2
Scarborough,2020-06-02,69.0,0.0,0.0,19.7,107.0,1014.9,27.8,7.2,254.0,21.8,23174,65275,30.2,25.0,27.4,33.3,25.0,28.7,21.2
Scarborough,2020-06-03,64.7,0.0,0.0,18.3,102.9,1015.7,24.7,6.9,258.4,22.4,22495,65599,30.0,24.0,26.6,31.9,24.0,27.3,19.3
Scarborough,2020-06-04,76.3,0.0,0.0,18.3,97.0,1014.0,41.3,6.6,270.7,23.5,21385,65644,31.0,25.8,27.8,36.6,25.8,30.6,23.2
Scarborough,2020-06-05,72.6,0.0,0.0,20.8,102.3,1013.5,36.5,6.5,275.6,23.8,20542,65810,31.0,27.0,28.6,36.6,29.4,32.2,23.2
Scarborough,2020-06-06,83.4,2.0065999999999997,8.33,12.8,115.9,1014.6,39.7,7.4,228.0,19.6,20345,66271,30.2,25.0,27.6,36.6,25.0,31.1,24.5
Scarborough,2020-06-07,85.7,0.9905999999999999,4.17,15.0,118.6,1012.3,48.7,6.7,229.4,19.8,20715,66623,30.0,25.8,27.2,36.2,25.8,29.5,24.5
Scarborough,2020-06-08,74.0,0.0,0.0,15.0,99.2,1013.2,31.9,7.2,225.0,19.5,21108,66339,32.0,25.7,28.4,39.2,25.7,31.6,23.2
Scarborough,2020-06-09,71.7,0.0,0.0,12.8,107.7,1010.4,30.1,8.8,281.8,24.3,21167,65358,32.1,25.9,28.6,38.1,25.9,31.9,22.9
Scarborough,2020-06-10,77.5,0.508,4.17,12.8,135.4,1011.7,37.9,7.2,197.0,17.2,21105,64194,31.0,25.0,27.5,37.5,25.0,29.9,23.2
Scarborough,2020-06-11,79.4,2.413,8.33,16.1,120.0,1008.9,39.0,6.8,227.0,19.6,21371,63411,31.0,25.0,27.7,37.8,25.0,30.9,23.8
Scarborough,2020-06-12,79.3,0.0,0.0,13.9,93.8,1012.4,36.3,7.1,224.0,19.4,22166,63544,31.0,24.8,26.9,37.8,24.8,28.7,22.9
Scarborough,2020-06-13,70.0,0.0,0.0,17.2,110.9,1013.0,34.5,7.3,278.0,24.1,20398,66384,31.1,26.0,28.1,35.6,26.0,30.3,22.0
Scarborough,2020-06-14,74.9,0.0,0.0,16.1,101.6,1013.8,38.6,6.9,264.5,22.9,20408,66399,31.0,25.0,28.0,36.6,25.0,30.8,23.0
Scarborough,2020-06-15,78.3,10.413999999999998,12.5,17.2,102.8,1013.5,34.3,7.2,266.7,23.1,20419,66414,31.0,25.8,27.8,36.6,25.8,30.1,23.5
Scarborough,2020-06-16,70.7,0.0,0.0,18.3,97.8,1013.9,29.8,7.7,262.9,22.8,20430,66429,32.0,25.0,28.2,36.8,25.0,30.8,22.3
Scarborough,2020-06-17,84.5,8.991599999999998,4.17,18.8,98.0,1013.3,57.6,6.1,220.2,18.9,20441,66444,28.0,25.0,26.4,31.9,25.0,27.9,23.5
Scarborough,2020-06-18,78.7,0.508,4.17,15.0,101.6,1013.1,39.5,6.7,236.4,20.3,20453,66458,31.0,25.0,27.7,37.2,25.0,30.8,23.6
Scarborough,2020-06-19,76.7,0.4064,4.17,12.8,111.4,1013.8,34.1,6.2,243.9,20.9,20465,66471,31.0,25.2,28.3,37.8,25.2,32.1,23.7
Scarborough,2020-06-20,83.1,0.0,0.0,15.0,112.6,1013.4,39.3,6.8,252.4,21.6,20478,66484,30.2,26.0,28.1,37.6,26.0,32.2,24.8
Scarborough,2020-06-21,78.1,1.2953999999999999,4.17,18.3,98.8,1014.1,32.8,4.1,244.3,21.2,20491,66497,31.0,27.0,28.7,37.8,30.1,33.3,24.4
Scarborough,2020-06-22,75.1,0.9905999999999999,4.17,22.6,92.6,1014.1,34.5,5.3,251.6,21.7,20504,66510,32.0,26.4,28.9,39.2,26.4,32.9,23.9
Scarborough,2020-06-23,72.3,0.0,0.0,16.1,94.3,1012.5,29.8,5.2,249.3,21.5,20518,66522,32.0,26.0,28.5,37.8,26.0,31.7,22.9
Scarborough,2020-06-24,75.5,0.0,0.0,16.1,100.9,1012.0,32.5,5.5,263.9,22.7,20532,66533,31.0,25.8,28.2,37.8,25.8,31.7,23.4
Scarborough,2020-06-25,77.3,0.9905999999999999,4.17,20.8,98.8,1013.3,46.2,6.4,232.4,20.0,20546,66544,31.0,26.0,28.3,37.8,26.0,31.9,23.9
Scarborough,2020-06-26,72.3,0.6096,4.17,18.3,95.6,1012.8,32.1,6.2,265.0,22.8,20561,66554,32.0,27.0,29.0,37.9,29.7,33.0,23.4
Scarborough,2020-06-27,84.1,0.9905999999999999,4.17,17.2,97.5,1011.4,46.4,6.2,205.9,17.7,20576,66564,29.0,23.0,26.8,34.6,23.0,29.3,23.9
Scarborough,2020-06-28,77.3,23.0124,4.17,12.8,89.2,1011.9,33.7,7.0,286.2,24.7,20591,66573,32.0,26.0,28.3,39.2,26.0,31.4,23.8
Scarborough,2020-06-29,76.4,0.0,0.0,13.9,102.4,1012.7,31.6,6.6,277.3,23.9,20606,66582,31.0,25.0,27.9,38.6,25.0,30.8,23.3
Scarborough,2020-06-30,79.5,0.0,0.0,18.6,108.1,1012.2,37.4,6.5,262.0,22.5,20621,66590,31.0,25.0,27.5,36.6,25.0,29.7,23.5
Scarborough,2020-07-01,73.1,0.9143999999999999,8.33,16.1,109.9,1014.3,34.3,8.1,209.5,18.1,23046,64447,30.0,24.0,26.8,34.2,24.0,28.1,21.5
Scarborough,2020-07-02,65.6,0.0,0.0,20.4,96.4,1015.3,27.2,7.7,261.4,22.6,23162,65294,30.0,24.0,26.9,32.6,24.0,27.8,19.8
Scarborough,2020-07-03,66.8,0.0,0.0,19.0,111.9,1013.6,33.1,6.5,278.3,24.1,22462,65603,30.0,25.0,27.2,33.3,25.0,28.3,20.4
Scarborough,2020-07-04,74.1,0.0,0.0,18.3,96.2,1014.2,39.0,6.3,281.3,24.4,21350,65646,31.0,25.0,27.6,34.6,25.0,29.3,22.5
Scarborough,2020-07-05,70.4,0.0,0.0,18.3,102.7,1014.5,38.8,6.4,275.4,23.8,20523,65821,31.0,27.0,28.7,35.5,29.2,32.1,22.7
Scarborough,2020-07-06,76.7,0.3048,4.17,15.0,110.7,1014.8,42.6,6.9,249.2,21.4,20351,66288,31.0,25.9,28.3,36.6,25.9,31.8,23.7
Scarborough,2020-07-07,82.9,35.0012,8.33,13.2,113.4,1013.0,44.2,9.9,227.8,19.4,20731,66627,31.0,23.0,27.1,37.8,23.0,29.8,23.8
Scarborough,2020-07-08,83.0,6.7818,16.67,16.1,99.6,1014.1,50.4,7.2,239.8,20.6,21115,66317,31.0,25.1,27.9,39.1,25.1,30.9,24.6
Scarborough,2020-07-09,75.8,0.0,0.0,12.8,116.8,1008.9,29.0,8.3,267.1,23.1,21165,65319,32.0,26.0,28.7,40.7,26.0,32.5,23.9
Scarborough,2020-07-10,76.0,0.0,0.0,11.4,114.7,1013.0,36.6,7.5,255.0,22.0,21105,64158,32.0,25.0,28.2,39.2,25.0,31.5,23.4
Scarborough,2020-07-11,80.8,0.1016,4.17,18.3,113.0,1009.5,42.4,6.8,216.6,18.9,21389,63400,31.0,26.0,28.0,39.1,26.0,32.1,24.3
Scarborough,2020-07-12,77.3,0.0,0.0,15.0,86.9,1012.5,44.8,7.2,222.2,19.1,22198,63564,30.0,25.0,27.2,34.2,25.0,28.9,22.8
Scarborough,2020-07-13,75.4,0.0,0.0,15.0,103.3,1013.7,33.8,7.0,260.8,22.4,20824,66629,32.0,26.0,28.6,39.2,26.0,32.3,23.7
Scarborough,2020-07-14,75.4,0.1016,4.17,15.0,103.3,1013.2,30.8,5.9,283.7,24.5,20839,66627,32.0,26.0,28.3,39.2,26.0,31.5,23.4
Scarborough,2020-07-15,79.7,0.0,0.0,14.8,95.7,1013.0,11.4,5.8,279.7,24.0,20854,66624,28.9,25.0,27.1,33.4,25.0,29.6,23.3
Scarborough,2020-07-16,79.9,0.9143999999999999,37.5,16.1,107.5,1013.1,28.0,6.5,250.3,21.6,20869,66619,31.1,26.3,27.9,39.1,26.3,30.8,24.1
Scarborough,2020-07-17,74.5,1.7018,8.33,17.2,113.2,1012.9,31.1,6.6,226.0,19.6,20883,66615,31.0,25.6,28.5,36.6,25.6,31.4,23.3
Scarborough,2020-07-18,76.8,2.7178,8.33,15.0,120.3,1012.0,35.5,7.7,224.2,19.1,20897,66609,31.1,26.0,28.2,37.8,26.0,31.7,23.7
Scarborough,2020-07-19,77.4,2.5907999999999998,4.17,15.7,107.7,1011.7,31.5,7.9,248.6,21.4,20911,66602,31.0,26.0,27.9,37.8,26.0,30.6,23.6
Scarborough,2020-07-20,81.9,2.9972,4.17,12.8,109.8,1011.8,36.5,7.6,256.6,22.1,20925,66595,31.0,25.0,27.7,37.8,25.0,30.8,24.2
Scarborough,2020-07-21,74.9,4.699,4.17,18.3,97.1,1012.5,38.7,6.8,260.5,22.3,20939,66587,32.0,25.0,28.2,37.9,25.0,31.3,23.2
Scarborough,2020-07-22,80.2,2.9972,4.17,16.6,105.6,1011.9,41.3,6.6,258.2,22.4,20952,66577,31.0,24.0,27.5,37.8,24.0,29.3,23.6
Scarborough,2020-07-23,77.5,0.7874,4.17,13.9,96.1,1012.3,34.2,7.5,237.5,20.3,20965,66567,31.0,25.0,27.3,35.5,25.0,29.3,22.9
Scarborough,2020-07-24,81.3,13.106399999999999,8.33,9.2,101.2,1012.2,38.8,7.1,222.8,19.1,20977,66557,31.0,25.0,27.4,37.8,25.0,30.1,23.8
Scarborough,2020-07-25,83.6,8.991599999999998,4.17,19.7,123.7,1012.2,39.9,6.5,99.1,8.6,20990,66545,29.0,23.0,26.3,33.6,23.0,27.7,23.2
Scarborough,2020-07-26,77.5,23.2156,8.33,11.4,72.8,1013.6,33.4,7.4,277.7,23.9,21001,66532,32.0,25.0,28.3,39.2,25.0,31.9,23.8
Scarborough,2020-07-27,81.8,0.3048,4.17,9.4,60.3,1011.6,50.6,6.4,248.3,21.5,21013,66519,31.0,26.0,27.9,37.8,26.0,31.7,24.4
Scarborough,2020-07-28,83.4,38.4048,16.67,11.4,26.7,1010.2,41.4,6.2,217.2,18.8,21024,66505,28.0,24.0,25.9,32.7,24.0,26.5,22.9
Scarborough,2020-07-29,83.0,0.3048,4.17,18.3,173.0,1010.5,43.2,7.1,247.7,21.6,21035,66490,30.2,26.0,28.1,37.8,26.0,32.7,25.0
Scarborough,2020-07-30,80.2,0.7111999999999999,4.17,17.0,128.6,1012.1,38.7,7.3,256.4,22.1,21046,66474,32.1,26.0,28.8,39.5,26.0,34.1,25.0
Scarborough,2020-07-31,78.9,0.1016,4.17,12.8,102.7,1011.9,23.9,6.8,271.2,23.4,21056,66457,31.0,25.0,27.7,37.3,25.0,30.5,23.6
Scarborough,2020-08-01,71.2,0.0,0.0,17.2,95.7,1015.2,29.6,7.3,225.5,19.6,23065,64479,30.0,24.9,27.1,34.2,24.9,28.5,21.3
Scarborough,2020-08-02,73.9,3.9878,4.17,15.0,93.2,1014.9,42.3,6.9,232.8,20.2,23150,65313,30.8,23.0,25.8,35.3,23.0,26.7,20.6
Scarborough,2020-08-03,66.9,0.0,0.0,16.1,108.6,1014.6,29.7,7.4,286.6,24.7,22428,65607,30.0,24.0,26.7,32.6,24.0,27.6,19.9
Scarborough,2020-08-04,70.5,0.0,0.0,15.9,102.2,1013.1,35.7,6.7,284.7,24.5,21316,65648,31.0,24.9,27.3,34.6,24.9,28.7,21.3
Scarborough,2020-08-05,70.0,0.0,0.0,16.1,104.1,1015.2,38.1,6.4,271.3,23.5,20506,65832,31.1,26.9,28.7,35.5,29.3,31.7,22.5
Scarborough,2020-08-06,79.8,2.0065999999999997,4.17,11.4,72.8,1013.9,44.4,7.0,241.0,20.8,20357,66304,31.0,25.0,27.2,36.2,25.0,29.6,23.3
Scarborough,2020-08-07,75.8,0.2032,4.17,19.7,96.6,1012.6,32.1,7.3,267.7,22.9,20747,66629,31.0,26.0,28.2,37.8,26.0,31.2,23.4
Scarborough,2020-08-08,85.4,6.095999999999999,8.33,15.0,102.5,1014.3,48.1,6.4,191.4,16.6,21122,66294,30.0,24.9,27.2,37.4,24.9,30.4,24.4
Scarborough,2020-08-09,77.3,0.6096,4.17,9.2,91.2,1009.4,30.9,7.1,236.4,20.4,21162,65281,32.0,26.0,28.7,39.1,26.0,32.7,24.2
Scarborough,2020-08-10,75.8,0.0,0.0,10.3,118.0,1012.8,26.5,7.8,252.3,21.8,21107,64124,32.0,26.0,28.9,39.2,26.0,33.3,24.1
Scarborough,2020-08-11,84.4,0.1016,4.17,23.0,151.2,1010.8,43.3,6.5,190.5,16.4,21409,63390,30.0,25.0,27.3,36.2,25.0,30.4,24.4
Scarborough,2020-08-12,79.5,0.0,0.0,12.8,100.2,1013.6,29.8,7.3,209.3,18.0,22230,63585,30.2,24.0,26.9,35.4,24.0,29.0,23.0
Scarborough,2020-08-13,71.2,0.0,0.0,17.2,94.0,1010.5,30.9,7.6,291.4,24.9,21150,66167,32.0,26.0,28.6,37.9,26.0,31.8,22.8
Scarborough,2020-08-14,75.6,0.7111999999999999,4.17,15.7,98.3,1009.8,45.9,7.5,211.5,18.2,21155,66139,31.0,25.9,28.2,37.8,25.9,30.6,23.3
Scarborough,2020-08-15,76.9,0.0,0.0,11.4,120.9,1010.0,30.5,7.4,270.2,23.5,21159,66111,32.0,26.0,28.8,40.7,26.0,33.1,24.2
Scarborough,2020-08-16,78.3,2.0065999999999997,4.17,11.4,71.5,1009.9,38.7,6.4,260.8,22.5,21163,66083,32.0,25.9,28.6,39.2,25.9,32.3,24.2
Scarborough,2020-08-17,89.4,20.5994,12.5,16.1,132.3,1009.6,50.8,7.0,137.6,11.9,21166,66053,30.0,25.0,27.1,37.3,25.0,29.9,25.2
Scarborough,2020-08-18,81.0,35.0012,8.33,19.7,114.1,1011.0,41.2,7.7,160.6,13.9,21169,66023,30.0,24.9,27.6,36.2,24.9,30.6,23.9
Scarborough,2020-08-19,76.1,3.0987999999999998,12.5,15.0,98.2,1011.1,36.5,7.4,272.9,23.5,21172,65992,31.0,25.9,28.4,36.6,25.9,31.8,23.7
Scarborough,2020-08-20,82.9,0.2032,4.17,9.2,128.3,1010.7,41.0,6.7,190.4,16.3,21174,65961,31.0,25.0,27.9,39.1,25.0,32.1,24.8
Scarborough,2020-08-21,80.4,5.0038,4.17,23.0,148.0,1010.9,44.9,6.1,217.9,18.8,21176,65929,32.0,25.0,27.7,42.3,25.0,30.7,24.0
Scarborough,2020-08-22,78.9,23.0124,8.33,21.9,144.4,1011.6,36.6,6.9,273.3,23.4,21177,65897,32.0,26.0,28.2,39.2,26.0,31.9,24.1
Scarborough,2020-08-23,81.4,21.615399999999998,8.33,11.4,57.9,1012.3,37.6,7.7,242.9,20.8,21179,65864,32.0,23.9,27.8,39.2,23.9,31.4,24.3
Scarborough,2020-08-24,77.9,6.985,8.33,8.1,123.7,1011.9,36.8,7.9,267.9,23.1,21179,65831,31.0,26.0,27.8,37.8,26.0,30.8,23.6
Scarborough,2020-08-25,76.8,0.9905999999999999,4.17,15.0,110.3,1011.5,32.1,7.1,264.9,23.0,21180,65797,32.1,26.0,28.5,40.8,26.0,32.6,24.0
Scarborough,2020-08-26,75.9,11.4808,12.5,11.4,58.6,1012.0,34.9,7.6,263.0,22.8,21180,65762,32.0,26.0,28.5,37.9,26.0,32.1,23.7
Scarborough,2020-08-27,82.6,0.9905999999999999,4.17,19.5,66.7,1012.7,27.0,9.0,269.8,23.3,21180,65728,30.2,26.0,27.8,36.2,26.0,31.4,24.6
Scarborough,2020-08-28,78.9,1.6256,45.83,21.9,55.1,1012.6,29.6,9.0,266.1,23.0,21180,65692,28.7,27.7,28.3,33.5,31.7,32.7,24.3
Scarborough,2020-08-29,81.8,26.0096,4.17,20.1,56.2,1009.9,40.5,6.3,220.8,19.1,21179,65657,30.0,25.3,27.3,36.2,25.3,29.9,23.9
Scarborough,2020-08-30,83.0,1.6001999999999998,4.17,9.2,164.5,1008.8,41.0,7.0,241.9,20.7,21179,65621,31.0,25.1,27.9,39.1,25.1,31.7,24.7
Scarborough,2020-08-31,81.8,2.0065999999999997,4.17,13.9,165.8,1011.7,47.0,7.6,102.9,9.1,21178,65584,28.0,25.0,26.6,31.3,25.0,28.1,23.2
Scarborough,2020-09-01,72.6,0.9905999999999999,4.17,18.8,86.4,1015.1,36.1,6.8,208.6,18.0,23083,64512,30.0,23.0,26.4,34.2,23.0,27.6,21.0
Scarborough,2020-09-02,69.7,0.2032,4.17,17.2,107.4,1015.5,34.0,7.9,263.9,22.8,23136,65331,30.0,24.0,27.2,33.3,24.0,28.7,21.1
Scarborough,2020-09-03,73.4,0.0,0.0,17.2,95.5,1016.1,36.1,6.7,273.8,23.5,22395,65610,30.0,23.0,26.0,33.3,23.0,26.9,20.8
Scarborough,2020-09-04,73.2,0.0,0.0,17.9,117.2,1012.6,37.6,6.8,280.7,24.2,21281,65649,30.1,25.8,27.6,35.1,25.8,29.8,22.3
Scarborough,2020-09-05,71.2,0.0,0.0,17.2,100.2,1015.8,31.2,6.7,294.0,25.4,20489,65844,31.0,25.0,27.9,34.9,25.0,30.1,22.1
Scarborough,2020-09-06,84.2,5.6133999999999995,16.67,16.1,135.6,1012.4,44.2,7.1,207.6,17.8,20364,66320,30.0,25.0,27.3,36.2,25.0,30.3,24.4
Scarborough,2020-09-07,72.4,0.0,0.0,16.1,99.4,1013.2,25.0,6.6,292.6,25.1,20762,66631,31.1,26.0,28.2,36.6,26.0,31.2,22.7
Scarborough,2020-09-08,87.1,1.016,12.5,14.3,76.5,1014.3,37.3,7.1,238.0,20.5,21128,66270,30.0,23.0,26.2,36.2,23.0,27.4,23.9
Scarborough,2020-09-09,80.8,0.6096,4.17,10.3,103.9,1011.5,35.8,7.0,257.4,22.4,21160,65242,31.0,25.0,27.9,37.8,25.0,31.3,24.2
Scarborough,2020-09-10,80.0,0.0,0.0,6.9,60.1,1013.3,32.3,6.9,219.9,18.9,21108,64089,32.0,25.0,27.9,39.2,25.0,31.2,24.1
Scarborough,2020-09-11,88.1,15.011399999999998,8.33,17.2,144.0,1011.6,46.3,6.8,163.7,14.1,21428,63381,28.0,25.0,26.4,33.6,25.0,28.3,24.3
Scarborough,2020-09-12,78.6,0.2032,4.17,11.2,69.6,1014.1,34.1,7.9,233.8,20.0,22262,63607,30.1,23.9,26.6,35.1,23.9,28.2,22.4
Scarborough,2020-09-13,69.5,0.0,0.0,13.9,147.0,1011.4,32.1,8.1,273.3,23.5,21148,65084,33.0,27.9,30.2,40.6,30.8,35.4,23.9
Scarborough,2020-09-14,76.2,35.0012,4.17,12.8,120.0,1013.0,35.5,6.5,238.5,20.7,21145,65044,31.2,26.0,28.2,38.1,26.0,31.6,23.6
Scarborough,2020-09-15,71.8,0.0,0.0,12.8,83.1,1011.7,29.7,6.8,271.6,23.5,21142,65004,33.0,26.0,29.2,40.6,26.0,33.2,23.4
Scarborough,2020-09-16,77.8,13.0048,4.17,10.5,45.5,1010.9,34.6,6.6,275.8,23.8,21139,64965,31.0,25.0,27.8,37.4,25.0,30.9,23.5
Scarborough,2020-09-17,74.0,10.795,4.17,5.8,320.1,1010.2,32.4,6.4,282.5,24.4,21136,64925,33.0,25.0,29.1,40.7,25.0,33.1,23.8
Scarborough,2020-09-18,72.5,0.0,0.0,11.4,167.2,1010.0,33.1,6.7,270.5,23.4,21133,64885,32.0,26.0,28.9,39.2,26.0,33.0,23.4
Scarborough,2020-09-19,76.7,2.9972,4.17,17.2,159.7,1010.9,40.0,6.9,251.4,21.8,21130,64845,31.0,25.0,28.2,36.6,25.0,32.1,23.7
Scarborough,2020-09-20,74.5,0.889,4.17,15.2,137.4,1011.1,29.8,7.4,270.1,23.4,21127,64805,32.2,28.0,29.9,39.3,32.7,35.8,24.8
Scarborough,2020-09-21,76.4,0.1016,4.17,11.4,112.2,1011.4,35.0,7.2,271.5,23.3,21125,64766,33.0,26.9,29.0,42.3,29.7,33.7,24.3
Scarborough,2020-09-22,76.0,0.0,0.0,9.2,109.9,1011.4,35.5,7.7,268.9,23.1,21122,64726,32.2,26.0,29.3,42.0,26.0,34.6,24.6
Scarborough,2020-09-23,73.9,0.0,0.0,13.9,131.8,1012.2,36.3,8.2,270.9,23.6,21119,64686,33.0,26.0,29.6,41.8,26.0,34.7,24.3
Scarborough,2020-09-24,73.2,0.1016,4.17,16.1,142.7,1013.8,37.9,7.2,284.4,24.6,21117,64647,33.0,28.0,30.1,40.6,31.3,36.1,24.8
Scarborough,2020-09-25,68.1,0.0,0.0,14.3,109.9,1014.0,28.3,7.7,284.5,24.7,21115,64608,32.1,26.0,29.3,39.2,26.0,32.8,22.7
Scarborough,2020-09-26,74.2,0.2032,4.17,9.2,47.2,1011.4,33.8,8.5,228.6,19.8,21113,64569,33.0,26.0,28.9,40.7,26.0,32.9,23.8
Scarborough,2020-09-27,78.7,9.194799999999999,8.33,13.9,109.2,1009.1,42.0,7.2,232.6,20.0,21111,64530,31.0,26.0,27.4,37.8,26.0,30.1,23.3
Scarborough,2020-09-28,80.6,0.9905999999999999,4.17,11.4,121.5,1010.3,37.6,7.5,164.1,14.2,21109,64492,30.0,25.0,27.1,36.2,25.0,29.6,23.4
Scarborough,2020-09-29,77.8,6.9088,4.17,12.8,101.4,1011.8,29.3,7.1,230.9,19.9,21107,64453,32.0,25.0,28.4,42.3,25.0,32.8,24.1
Scarborough,2020-09-30,83.6,7.112,8.33,17.2,112.8,1010.9,45.4,6.2,136.1,11.9,21106,64415,28.1,25.8,26.7,32.8,25.8,28.6,23.7
Scarborough,2020-10-01,72.2,3.2003999999999997,12.5,21.9,89.7,1014.9,33.1,6.9,229.7,19.8,23099,64545,29.1,23.8,26.0,32.0,23.8,26.7,20.5
Scarborough,2020-10-02,70.7,0.0,0.0,18.3,95.5,1015.8,27.0,7.1,265.3,23.1,23121,65348,30.1,23.9,26.6,32.7,23.9,27.4,20.7
Scarborough,2020-10-03,66.9,2.9972,4.17,18.3,101.5,1015.2,25.0,7.8,298.7,25.8,22360,65613,30.0,24.2,26.6,32.4,24.2,27.3,19.8
Scarborough,2020-10-04,76.4,0.0,0.0,17.7,119.2,1013.1,45.3,6.9,278.0,24.0,21247,65652,30.1,26.0,27.8,35.4,26.0,30.6,23.3
Scarborough,2020-10-05,69.9,0.0,0.0,19.7,103.3,1015.0,26.5,6.9,266.1,23.0,20473,65856,31.0,26.0,28.4,36.6,26.0,31.3,22.3
Scarborough,2020-10-06,79.4,2.0065999999999997,4.17,17.2,125.4,1012.9,44.0,7.2,257.4,22.2,20372,66337,30.8,25.9,27.7,36.0,25.9,30.4,23.7
Scarborough,2020-10-07,75.9,0.0,0.0,17.2,101.8,1013.2,31.0,6.5,243.6,21.0,20778,66631,31.0,26.0,28.4,37.8,26.0,32.3,23.7
Scarborough,2020-10-08,77.6,21.8948,4.17,12.8,86.6,1012.3,29.7,7.5,284.1,24.4,21135,66245,32.0,25.8,28.4,39.2,25.8,32.1,24.1
Scarborough,2020-10-09,75.7,0.2032,4.17,11.4,109.3,1011.8,33.8,7.2,268.7,23.3,21157,65202,31.0,26.0,27.6,36.6,26.0,29.9,22.9
Scarborough,2020-10-10,75.0,0.1016,4.17,6.0,80.9,1013.0,34.7,8.2,247.4,21.3,21110,64055,32.0,26.0,28.5,40.7,26.0,32.4,23.6
Scarborough,2020-10-11,81.2,0.1016,4.17,12.8,125.3,1011.8,34.8,8.3,249.6,21.5,21449,63373,31.0,25.9,28.0,39.1,25.9,31.8,24.4
Scarborough,2020-10-12,73.8,0.0,0.0,12.8,95.3,1012.7,25.4,7.7,249.2,21.4,22295,63629,30.0,23.9,26.6,34.2,23.9,28.0,21.5
Scarborough,2020-10-13,75.6,0.0,0.0,14.1,111.8,1011.2,40.1,8.1,240.5,20.9,21119,63956,32.0,26.0,28.9,40.7,26.0,33.7,24.1
Scarborough,2020-10-14,75.5,0.1016,4.17,9.2,138.1,1010.4,32.9,7.2,254.4,22.0,21123,63925,32.0,25.8,28.8,39.2,25.8,32.9,23.9
Scarborough,2020-10-15,68.9,2.1082,4.17,13.9,143.3,1010.7,35.8,8.8,254.2,21.9,21127,63894,32.0,27.0,29.3,37.9,28.5,33.2,22.9
Scarborough,2020-10-16,69.6,0.0,0.0,16.1,113.0,1011.6,28.8,7.4,243.8,21.2,21132,63863,33.0,27.8,29.7,43.8,30.4,34.4,23.5
Scarborough,2020-10-17,72.7,0.0,0.0,13.9,104.2,1011.1,36.4,9.6,224.8,19.5,21138,63833,32.0,26.0,28.9,39.2,26.0,32.9,23.4
Scarborough,2020-10-18,76.1,0.3048,4.17,12.5,134.6,1010.0,31.0,9.6,250.5,21.8,21144,63804,32.0,26.0,28.4,40.7,26.0,32.2,23.7
Scarborough,2020-10-19,71.2,0.0,0.0,10.3,133.4,1008.9,27.1,9.5,277.2,23.8,21150,63776,31.0,25.0,28.4,37.8,25.0,31.6,22.7
Scarborough,2020-10-20,70.5,0.0,0.0,13.9,136.5,1010.2,22.0,10.9,274.4,23.7,21157,63748,32.0,25.0,29.1,37.9,25.0,32.8,23.1
Scarborough,2020-10-21,70.7,0.0,0.0,13.9,125.4,1012.1,33.9,9.9,264.7,22.9,21165,63722,32.0,26.0,29.1,37.9,26.0,32.8,23.1
Scarborough,2020-10-22,81.7,13.6144,12.5,12.8,111.0,1012.2,38.8,7.1,234.5,20.3,21173,63695,30.0,25.0,27.2,36.2,25.0,29.8,23.7
Scarborough,2020-10-23,82.9,27.000199999999996,12.5,16.1,108.5,1011.9,47.9,6.0,156.0,13.5,21182,63670,30.2,24.0,27.0,35.6,24.0,29.7,23.8
Scarborough,2020-10-24,83.5,13.9954,12.5,15.0,91.4,1011.3,44.0,6.3,221.0,19.3,21191,63646,30.0,25.0,26.7,36.2,25.0,28.5,23.6
Scarborough,2020-10-25,79.8,7.010400000000001,4.17,19.9,93.6,1011.6,43.8,6.2,235.9,20.4,21201,63622,31.0,24.0,27.4,37.8,24.0,29.7,23.5
Scarborough,2020-10-26,80.0,13.106399999999999,8.33,10.3,98.8,1011.0,35.8,6.4,216.3,18.7,21211,63599,31.0,23.1,27.1,37.4,23.1,29.5,23.2
Scarborough,2020-10-27,74.3,16.3068,4.17,12.8,98.1,1009.8,37.7,7.3,229.9,20.1,21223,63577,32.0,23.0,28.2,39.1,23.0,31.4,23.1
Scarborough,2020-10-28,81.5,0.6096,4.17,18.8,81.0,1008.1,47.8,6.8,215.3,18.5,21235,63557,31.0,25.2,27.5,39.1,25.2,30.8,24.0
Scarborough,2020-10-29,80.0,1.1176,8.33,15.9,116.2,1008.2,42.1,7.0,198.5,17.2,21247,63536,31.0,25.0,28.1,37.8,25.0,31.2,24.2
Scarborough,2020-10-30,81.9,13.3096,12.5,17.2,106.2,1010.0,45.7,7.3,187.3,16.2,21260,63517,31.0,25.0,28.2,39.1,25.0,32.0,24.7
Scarborough,2020-10-31,83.3,0.1016,4.17,15.0,112.1,1010.7,37.1,7.1,157.3,13.4,21274,63499,31.0,26.7,27.8,39.1,29.2,32.3,24.7
Scarborough,2020-11-01,72.7,0.1016,4.17,20.8,90.0,1015.2,30.3,6.9,233.0,20.0,23115,64577,30.0,24.0,26.6,33.3,24.0,27.7,21.2
Scarborough,2020-11-02,74.6,2.0065999999999997,4.17,16.1,94.4,1014.9,28.5,6.4,226.4,19.7,23106,65365,30.0,23.9,26.6,33.6,23.9,28.0,21.7
Scarborough,2020-11-03,66.8,0.0,0.0,17.2,108.6,1012.7,30.0,7.5,286.4,24.5,22326,65616,30.0,23.0,26.6,32.6,23.0,27.3,19.8
Scarborough,2020-11-04,70.1,0.0,0.0,12.8,111.2,1014.4,37.5,6.7,287.7,24.7,21214,65654,31.0,24.9,27.6,33.8,24.9,28.8,21.4
Scarborough,2020-11-05,71.1,0.0,0.0,18.3,100.5,1013.7,35.0,6.7,259.8,22.4,20458,65868,32.0,26.0,28.3,37.9,26.0,31.3,22.5
Scarborough,2020-11-06,75.7,0.7874,4.17,15.0,102.7,1013.0,37.7,7.3,199.2,17.2,20380,66353,32.0,24.9,27.7,37.9,24.9,29.8,22.8
Scarborough,2020-11-07,82.3,2.0065999999999997,4.17,14.8,96.9,1012.4,40.3,6.4,245.0,21.2,20793,66631,31.0,25.9,27.9,39.1,25.9,31.0,24.4
Scarborough,2020-11-08,73.6,0.0,0.0,12.8,94.2,1010.8,29.6,7.3,265.1,23.0,21140,66220,32.0,25.9,28.6,40.7,25.9,31.8,23.3
Scarborough,2020-11-09,77.6,0.0,0.0,9.2,136.6,1010.0,30.8,7.3,260.5,22.7,21154,65163,31.0,26.0,28.4,38.3,26.0,32.2,24.1
Scarborough,2020-11-10,78.9,0.9905999999999999,4.17,12.8,149.3,1011.7,43.2,8.5,204.3,17.5,21113,64022,29.0,24.0,27.2,33.6,24.0,29.6,23.1
Scarborough,2020-11-11,81.5,2.0065999999999997,4.17,15.9,102.5,1011.6,33.0,7.7,220.4,19.1,21470,63366,30.0,25.0,27.5,37.4,25.0,30.2,24.1
Scarborough,2020-11-12,74.4,0.0,0.0,12.8,89.5,1011.9,25.3,8.4,226.2,19.5,22327,63653,30.1,23.9,26.9,35.1,23.9,28.7,21.9
Scarborough,2020-11-13,82.3,0.0,0.0,13.9,113.6,1010.4,30.8,7.2,204.0,17.5,21514,63355,31.1,25.0,27.6,39.3,25.0,30.8,24.2
Scarborough,2020-11-14,85.6,0.1016,4.17,13.9,109.6,1010.4,53.9,7.3,187.2,16.2,21537,63352,28.0,24.9,26.0,32.7,24.9,27.0,23.3
Scarborough,2020-11-15,82.1,32.2072,8.33,13.9,124.4,1010.6,44.9,7.9,210.3,18.2,21561,63349,31.0,24.8,27.3,39.1,24.8,30.4,23.9
Scarborough,2020-11-16,81.0,43.992799999999995,8.33,20.8,110.2,1011.2,49.1,7.2,173.3,15.0,21585,63348,30.0,23.9,26.6,35.1,23.9,28.5,22.9
Scarborough,2020-11-17,86.9,3.5052000000000003,16.67,13.9,98.3,1010.8,48.1,6.8,200.3,17.4,21610,63347,28.0,25.0,26.3,33.6,25.0,28.1,23.9
Scarborough,2020-11-18,77.5,0.0,0.0,14.1,93.8,1011.7,34.9,7.2,244.7,21.3,21635,63348,31.1,25.0,27.5,36.7,25.0,29.7,23.2
Scarborough,2020-11-19,76.0,0.0,0.0,13.9,94.7,1011.5,34.1,6.6,236.6,20.5,21661,63350,31.0,24.0,27.7,36.6,24.0,29.9,22.9
Scarborough,2020-11-20,77.1,2.1082,8.33,15.0,93.9,1011.0,30.4,6.9,224.3,19.4,21687,63353,31.0,24.7,27.7,37.8,24.7,30.7,23.3
Scarborough,2020-11-21,83.4,29.9974,12.5,20.1,94.9,1010.7,53.1,6.5,201.0,17.3,21714,63357,28.7,24.0,25.7,33.8,24.0,26.6,22.6
Scarborough,2020-11-22,74.0,0.0,0.0,16.1,94.1,1011.3,32.2,6.3,209.3,18.1,21742,63362,30.0,25.0,27.4,35.1,25.0,29.7,22.4
Scarborough,2020-11-23,76.2,0.0,0.0,17.2,96.2,1011.4,46.8,6.3,216.9,18.8,21770,63368,30.0,25.0,27.7,35.1,25.0,30.5,23.1
Scarborough,2020-11-24,75.6,0.9905999999999999,4.17,16.1,94.2,1011.2,58.1,6.5,204.2,17.7,21798,63376,30.0,24.2,27.7,35.1,24.2,30.3,22.9
Scarborough,2020-11-25,84.2,0.6096,4.17,17.2,92.4,1011.5,56.9,6.3,124.7,10.6,21827,63384,29.0,23.9,25.9,33.6,23.9,26.9,23.0
Scarborough,2020-11-26,86.0,26.416,12.5,12.8,91.8,1010.8,61.6,6.7,165.9,14.4,21856,63394,30.0,23.7,25.3,36.2,23.7,26.0,22.8
Scarborough,2020-11-27,85.1,8.991599999999998,4.17,9.2,86.4,1010.5,45.8,6.5,184.4,15.9,21886,63404,30.0,24.0,25.8,37.4,24.0,27.3,23.1
Scarborough,2020-11-28,83.5,0.0,0.0,10.3,112.9,1011.5,34.6,7.3,161.7,13.9,21916,63416,30.2,24.9,27.2,36.7,24.9,29.7,24.1
Scarborough,2020-11-29,81.6,0.2032,4.17,10.3,83.1,1012.3,41.9,7.6,186.3,16.2,21946,63428,30.2,25.0,27.1,36.2,25.0,28.9,23.6
Scarborough,2020-11-30,81.8,8.001,12.5,13.9,105.1,1012.1,47.2,7.0,215.3,18.6,21977,63442,31.0,25.0,27.1,39.1,25.0,29.7,23.7
Scarborough,2020-12-01,72.6,0.3048,4.17,16.1,92.5,1015.4,39.2,6.8,215.3,18.6,23131,64609,30.0,24.0,26.5,33.3,24.0,27.6,21.1
Scarborough,2020-12-02,70.2,0.3048,8.33,21.5,93.6,1014.5,29.5,6.5,230.7,20.0,23089,65381,30.1,25.0,27.3,33.5,25.0,28.7,21.3
Scarborough,2020-12-03,70.4,0.1016,4.17,17.2,110.3,1011.4,26.5,7.8,265.5,23.0,22291,65618,30.0,23.7,26.5,32.2,23.7,27.3,20.6
Scarborough,2020-12-04,67.6,0.0,0.0,17.2,104.2,1015.3,39.8,6.8,284.1,24.4,21180,65657,32.0,25.0,27.7,33.5,25.0,28.8,20.9
Scarborough,2020-12-05,74.3,0.0,0.0,18.3,101.6,1013.6,39.4,6.6,244.1,21.1,20444,65881,31.1,25.2,28.0,36.4,25.2,31.2,22.9
Scarborough,2020-12-06,77.9,5.9944,4.17,17.0,123.0,1012.9,41.1,6.5,275.1,23.6,20389,66368,31.0,25.0,27.8,36.6,25.0,30.6,23.5
Scarborough,2020-12-07,79.8,2.0065999999999997,4.17,15.0,109.2,1013.1,38.4,7.3,257.7,22.2,20809,66631,31.0,26.0,28.3,37.8,26.0,31.8,24.3
Scarborough,2020-12-08,77.7,0.0,0.0,15.0,103.9,1010.8,36.1,7.0,271.2,23.5,21145,66194,32.0,26.2,28.9,40.7,26.2,34.1,24.6
Scarborough,2020-12-09,72.6,0.0,0.0,10.3,164.5,1009.9,38.3,8.2,217.2,18.8,21151,65123,31.1,26.8,29.0,39.1,28.9,33.5,23.5
Scarborough,2020-12-10,73.0,1.2953999999999999,8.33,15.0,130.0,1011.3,39.0,8.2,209.7,18.1,21116,63989,31.1,26.0,28.5,39.1,26.0,32.1,23.2
Scarborough,2020-12-11,85.6,24.104599999999998,8.33,16.1,95.8,1011.0,42.2,6.9,216.5,18.6,21492,63360,30.0,25.0,26.3,36.2,25.0,27.9,23.7
Scarborough,2020-12-12,81.8,0.0,0.0,18.3,104.4,1012.6,31.6,8.0,203.4,17.6,22359,63677,30.0,24.0,26.6,36.2,24.0,28.4,23.2
Scarborough,2020-12-13,82.9,0.0,0.0,12.8,97.9,1013.0,34.1,7.2,198.2,17.2,22391,63702,30.0,25.0,27.0,36.2,25.0,29.1,23.8
Scarborough,2020-12-14,79.8,0.6096,4.17,15.9,82.3,1012.5,34.2,7.1,215.3,18.7,22423,63728,31.0,25.0,26.9,35.5,25.0,28.5,23.0
Scarborough,2020-12-15,76.5,0.7111999999999999,4.17,12.8,78.2,1011.5,35.6,7.0,213.0,18.4,22454,63754,32.0,24.0,27.2,37.9,24.0,29.3,22.6
Scarborough,2020-12-16,74.5,0.0,0.0,12.8,76.5,1011.9,34.0,7.4,214.7,18.5,22486,63781,31.9,24.0,27.3,37.8,24.0,29.4,22.3
Scarborough,2020-12-17,77.8,0.0,0.0,17.2,93.0,1012.9,27.1,7.2,213.7,18.3,22517,63809,31.0,25.0,27.3,37.8,25.0,29.7,23.1
Scarborough,2020-12-18,79.5,0.7874,4.17,8.1,67.0,1012.5,33.8,7.3,194.8,17.0,22548,63837,31.0,24.9,26.9,37.8,24.9,29.0,23.1
Scarborough,2020-12-19,79.5,2.0065999999999997,4.17,9.2,61.6,1011.4,35.4,6.7,192.1,16.7,22579,63865,29.0,24.0,26.3,33.2,24.0,27.7,22.4
Scarborough,2020-12-20,80.8,0.1016,4.17,15.4,97.4,1011.4,35.3,7.0,199.1,17.2,22609,63895,30.0,24.0,26.6,37.4,24.0,28.5,22.9
Scarborough,2020-12-21,77.4,0.1016,4.17,17.2,99.3,1012.7,32.2,6.7,199.1,17.2,22639,63924,31.0,25.0,27.2,35.5,25.0,28.7,22.7
Scarborough,2020-12-22,79.5,3.0987999999999998,8.33,11.4,72.3,1012.1,46.2,6.4,196.0,16.9,22669,63955,30.0,24.0,26.7,35.1,24.0,28.4,22.8
Scarborough,2020-12-23,78.8,0.6096,4.17,15.0,93.4,1011.7,36.3,6.8,210.9,18.1,22698,63985,30.0,24.0,27.0,35.1,24.0,28.9,22.8
Scarborough,2020-12-24,75.0,0.0,0.0,13.9,101.9,1011.3,30.0,7.1,229.7,19.6,22726,64016,31.0,23.9,26.9,35.5,23.9,28.5,21.9
Scarborough,2020-12-25,77.9,4.3180000000000005,12.5,15.0,97.0,1010.1,43.3,6.9,208.5,18.0,22754,64048,30.1,24.0,26.6,35.1,24.0,28.1,22.3
Scarborough,2020-12-26,72.5,0.0,0.0,11.0,83.4,1008.7,34.1,6.8,233.0,20.2,22782,64079,31.0,24.0,26.6,33.8,24.0,28.0,21.1
Scarborough,2020-12-27,77.3,2.9972,4.17,11.4,77.6,1009.9,39.5,7.3,234.2,20.1,22809,64111,31.0,23.2,26.1,36.6,23.2,27.6,21.8
Scarborough,2020-12-28,78.9,0.0,0.0,10.3,111.2,1011.0,31.4,7.4,215.1,18.6,22836,64144,30.0,23.0,26.7,36.2,23.0,28.8,22.7
Scarborough,2020-12-29,80.6,0.3048,4.17,8.1,89.5,1010.8,51.1,6.9,205.1,17.6,22861,64176,30.0,24.0,26.3,34.2,24.0,27.7,22.6
Scarborough,2020-12-30,81.2,0.0,0.0,5.8,331.8,1011.2,40.8,7.3,175.7,15.2,22886,64209,29.0,24.0,26.1,34.6,24.0,27.1,22.6
Scarborough,2020-12-31,74.9,0.9905999999999999,4.17,9.2,62.3,1012.2,38.8,7.4,148.3,12.6,22911,64241,29.8,24.0,26.4,34.0,24.0,27.5,21.6
Scarborough,2021-01-01,78.7,0.1016,4.17,19.7,63.9,1013.7,40.6,6.9,157.6,13.7,22935,64274,31.0,24.0,26.7,36.2,24.0,28.3,22.6
Scarborough,2021-01-02,66.2,0.0,0.0,17.2,96.8,1013.0,28.1,6.6,228.9,19.9,23213,65186,30.1,24.0,27.1,33.3,24.0,28.1,20.1
Scarborough,2021-01-03,69.0,0.0,0.0,11.4,60.8,1011.1,26.5,6.9,248.5,21.6,22661,65573,29.8,22.0,25.6,32.8,22.0,26.6,19.4
Scarborough,2021-01-04,69.5,0.0,0.0,18.3,101.6,1011.6,42.6,7.2,274.1,23.8,21573,65639,30.0,24.0,27.0,33.3,24.0,28.2,20.8
Scarborough,2021-01-05,80.8,0.0,0.0,12.8,76.7,1013.0,43.6,7.5,233.8,20.1,20650,65760,30.0,24.0,26.4,36.2,24.0,28.0,22.8
Scarborough,2021-01-06,68.2,0.0,0.0,17.2,104.1,1012.8,31.8,6.9,301.1,25.9,20326,66184,31.0,24.7,27.3,34.6,24.7,28.9,20.9
Scarborough,2021-01-07,77.4,3.7083999999999997,8.33,17.2,108.1,1013.0,35.8,6.9,209.8,18.2,20634,66596,31.0,25.2,27.7,36.6,25.2,30.4,23.3
Scarborough,2021-01-08,76.1,0.9905999999999999,4.17,15.0,106.9,1016.0,27.2,7.4,245.8,21.3,21064,66444,31.0,25.8,28.1,36.6,25.8,30.9,23.4
Scarborough,2021-01-09,74.0,0.2032,4.17,10.3,106.5,1013.3,35.6,8.0,252.6,21.8,21177,65557,31.1,25.0,27.9,36.7,25.0,30.4,22.8
Scarborough,2021-01-10,72.0,0.9143999999999999,8.33,15.0,97.9,1011.3,35.4,7.0,264.9,23.0,21106,64387,31.8,25.9,28.6,37.7,25.9,32.0,23.0
Scarborough,2021-01-11,74.8,0.1016,4.17,12.1,101.5,1012.3,32.2,7.7,227.5,19.7,21286,63486,31.0,24.0,27.0,35.5,24.0,28.5,22.0
Scarborough,2021-01-12,76.4,13.0048,8.33,13.9,92.5,1012.0,45.9,6.5,202.3,17.5,22001,63453,31.0,25.0,27.4,36.6,25.0,29.5,22.8
Scarborough,2021-01-13,78.9,3.9878,4.17,17.2,98.5,1013.2,45.9,6.8,222.3,19.3,23155,64665,30.1,23.0,25.8,34.1,23.0,27.0,21.7
Scarborough,2021-01-14,75.9,3.0987999999999998,8.33,16.1,97.1,1011.9,33.8,7.2,246.2,21.4,23168,64697,30.0,23.0,26.3,33.3,23.0,27.7,21.7
Scarborough,2021-01-15,76.1,0.889,4.17,17.4,100.9,1012.0,36.6,7.0,228.8,19.7,23179,64728,30.0,23.0,26.4,35.1,23.0,27.9,21.7
Scarborough,2021-01-16,75.3,0.0,0.0,19.5,94.7,1011.7,40.6,6.8,218.3,18.8,23189,64758,30.0,24.0,26.7,35.1,24.0,28.2,21.8
Scarborough,2021-01-17,72.9,0.0,0.0,15.0,96.4,1012.0,31.8,7.3,236.4,20.5,23199,64789,30.0,22.8,26.3,33.6,22.8,27.5,20.9
Scarborough,2021-01-18,75.5,0.9905999999999999,4.17,13.9,82.4,1012.5,47.5,6.7,213.2,18.5,23207,64819,30.0,24.0,26.3,34.2,24.0,27.6,21.6
Scarborough,2021-01-19,73.8,0.9905999999999999,4.17,18.3,94.7,1013.0,38.3,6.7,218.6,18.6,23214,64848,30.0,24.8,26.5,34.2,24.8,27.6,21.4
Scarborough,2021-01-20,71.4,0.0,0.0,16.1,98.2,1012.4,32.2,6.8,220.8,19.0,23221,64877,30.1,23.8,26.6,34.3,23.8,28.0,20.9
Scarborough,2021-01-21,75.6,0.2032,8.33,17.2,105.4,1012.9,27.2,7.8,223.2,19.3,23226,64906,30.1,23.1,26.6,33.8,23.1,28.0,21.8
Scarborough,2021-01-22,74.7,0.0,0.0,17.0,101.8,1013.2,38.7,7.2,239.4,20.9,23230,64934,30.1,25.1,27.3,35.2,25.1,29.1,22.4
Scarborough,2021-01-23,72.6,0.0,0.0,17.2,96.8,1013.4,44.6,7.5,224.8,19.3,23233,64962,30.1,24.1,27.2,34.3,24.1,28.9,21.8
Scarborough,2021-01-24,73.0,0.0,0.0,15.0,97.6,1012.6,29.6,7.0,250.4,21.7,23235,64989,30.1,23.1,26.6,34.3,23.1,28.1,21.2
Scarborough,2021-01-25,71.2,0.0,0.0,20.8,93.5,1012.8,35.6,6.6,232.5,20.3,23236,65016,31.0,24.0,26.9,34.6,24.0,28.4,21.2
Scarborough,2021-01-26,70.3,0.1016,4.17,22.1,62.4,1013.8,60.7,6.5,224.8,19.4,23236,65042,30.0,24.0,26.7,33.1,24.0,27.6,20.8
Scarborough,2021-01-27,72.7,1.8287999999999998,41.67,23.5,75.6,1014.0,47.6,7.7,233.8,20.1,23235,65067,30.3,24.8,26.7,33.4,24.8,27.4,21.3
Scarborough,2021-01-28,67.6,0.0,0.0,15.0,92.6,1012.9,32.1,7.0,216.9,18.8,23233,65092,31.0,24.0,26.5,34.1,24.0,27.3,19.8
Scarborough,2021-01-29,74.2,0.0,0.0,12.8,67.7,1012.3,41.0,6.5,234.5,20.1,23229,65117,31.0,22.9,25.8,33.1,22.9,27.1,20.8
Scarborough,2021-01-30,71.4,0.0,0.0,18.3,93.9,1013.2,30.8,6.6,224.5,19.4,23225,65141,31.0,23.0,27.0,35.5,23.0,28.7,21.3
Scarborough,2021-01-31,72.2,0.7111999999999999,8.33,21.0,93.5,1013.7,34.7,6.5,240.1,20.7,23220,65164,30.2,24.0,27.3,34.2,24.0,28.8,21.7
Scarborough,2021-02-01,70.3,0.0,0.0,12.8,66.8,1013.3,37.3,7.3,232.2,20.0,22958,64307,30.0,25.0,26.4,32.6,25.0,27.2,20.5
Scarborough,2021-02-02,68.1,0.0,0.0,17.2,108.2,1012.5,32.0,6.6,241.4,20.8,23206,65208,30.2,24.0,26.9,33.4,24.0,28.3,20.4
Scarborough,2021-02-03,65.1,0.0,0.0,10.3,64.8,1011.9,25.0,7.4,302.4,26.1,22630,65579,30.8,23.0,26.2,32.2,23.0,26.8,18.9
Scarborough,2021-02-04,74.3,0.1016,4.17,20.1,101.8,1012.1,34.9,6.8,249.2,21.7,21537,65640,30.0,24.0,26.7,34.2,24.0,27.9,21.7
Scarborough,2021-02-05,80.8,0.2032,4.17,12.8,85.9,1012.9,47.7,7.7,176.3,15.1,20628,65769,31.0,24.0,26.5,36.6,24.0,28.1,22.8
Scarborough,2021-02-06,67.4,0.0,0.0,11.4,106.9,1012.7,31.0,7.5,299.5,25.9,20329,66200,31.0,23.9,27.2,34.6,23.9,28.4,20.4
Scarborough,2021-02-07,82.7,7.010400000000001,8.33,18.3,166.6,1013.1,53.4,6.6,163.9,14.3,20649,66603,28.0,24.0,26.2,31.3,24.0,27.4,22.9
Scarborough,2021-02-08,75.4,0.4064,8.33,11.4,122.4,1016.3,34.9,7.1,235.5,20.3,21073,66426,30.1,24.9,27.3,35.0,24.9,29.3,22.5
Scarborough,2021-02-09,73.4,14.097000000000001,8.33,19.2,61.3,1012.7,35.3,7.6,279.5,24.2,21176,65520,31.0,26.0,28.2,36.6,26.0,30.9,22.8
Scarborough,2021-02-10,77.1,6.095999999999999,16.67,23.0,90.5,1010.5,47.1,6.2,244.8,21.2,21105,64350,31.0,24.1,27.0,36.6,24.1,29.0,22.6
Scarborough,2021-02-11,73.1,0.1016,4.17,15.0,92.2,1011.6,31.9,7.4,228.6,19.9,21300,63470,30.0,25.0,27.2,33.8,25.0,28.9,21.9
Scarborough,2021-02-12,78.0,0.6096,8.33,17.2,93.8,1012.0,41.4,6.7,190.5,16.5,22032,63468,30.0,24.0,26.6,36.2,24.0,28.2,22.4
Scarborough,2021-02-13,70.4,0.0,0.0,20.8,99.2,1013.4,32.0,6.7,244.9,21.1,23058,65409,30.0,25.0,27.2,32.6,25.0,28.2,21.2
Scarborough,2021-02-14,71.2,0.0,0.0,18.3,97.9,1013.9,35.6,6.7,247.0,21.3,23039,65423,31.0,25.0,27.2,35.5,25.0,28.7,21.4
Scarborough,2021-02-15,69.2,0.0,0.0,19.7,95.0,1014.5,33.8,6.9,249.7,21.6,23019,65437,30.0,24.0,26.7,33.3,24.0,27.7,20.6
Scarborough,2021-02-16,69.6,0.2032,4.17,19.7,93.5,1014.9,41.1,6.9,241.9,20.8,22999,65450,30.0,22.0,26.0,31.9,22.0,26.6,19.7
Scarborough,2021-02-17,72.3,0.508,4.17,17.2,93.6,1014.4,47.8,6.9,220.9,19.1,22977,65463,30.0,23.0,25.5,32.6,23.0,26.2,20.1
Scarborough,2021-02-18,67.9,1.0921999999999998,4.17,20.8,88.6,1014.3,30.8,7.0,239.3,20.8,22955,65475,30.2,23.0,26.3,32.1,23.0,26.9,19.7
Scarborough,2021-02-19,81.8,1.2192,41.67,19.2,77.8,1015.4,37.3,6.7,205.0,17.9,22932,65487,25.4,23.0,24.2,25.4,23.0,24.2,20.9
Scarborough,2021-02-20,77.4,0.9143999999999999,33.33,19.9,78.7,1014.8,26.9,6.7,258.1,22.2,22908,65498,25.7,24.7,25.3,25.7,24.7,25.3,21.1
Scarborough,2021-02-21,74.2,0.0,0.0,15.0,98.2,1014.1,53.6,8.2,253.6,21.8,22883,65508,30.1,24.0,26.2,33.4,24.0,26.8,21.1
Scarborough,2021-02-22,78.8,5.9944,4.17,16.1,85.2,1013.6,49.0,6.7,213.3,18.6,22858,65518,29.0,23.8,25.6,32.0,23.8,26.1,21.6
Scarborough,2021-02-23,74.9,0.889,8.33,17.2,92.2,1013.8,61.3,6.5,169.9,14.7,22831,65527,30.0,25.0,26.1,32.6,25.0,26.8,21.3
Scarborough,2021-02-24,78.9,0.9905999999999999,4.17,19.5,86.4,1014.1,45.4,6.3,222.3,19.3,22805,65536,31.0,24.0,26.1,36.4,24.0,27.3,22.1
Scarborough,2021-02-25,73.9,5.8166,8.33,21.5,88.3,1013.3,52.0,6.7,224.8,19.4,22777,65544,30.0,24.0,26.3,33.3,24.0,27.3,21.2
Scarborough,2021-02-26,76.0,1.6001999999999998,8.33,18.3,96.1,1012.5,31.8,6.4,253.6,22.0,22749,65552,30.0,23.0,26.2,33.3,23.0,27.4,21.6
Scarborough,2021-02-27,73.0,2.9972,8.33,18.3,86.5,1013.2,35.7,6.5,239.1,20.6,22720,65559,30.0,23.0,25.9,33.3,23.0,26.7,20.6
Scarborough,2021-02-28,66.2,0.1016,4.17,13.9,70.6,1012.4,27.4,6.6,279.8,24.3,22691,65566,29.9,23.0,25.9,31.2,23.0,26.4,18.9
Scarborough,2021-03-01,64.3,0.0,0.0,11.4,58.1,1012.8,25.7,7.5,255.9,22.3,22980,64340,30.0,22.0,26.0,31.3,22.0,26.4,18.4
Scarborough,2021-03-02,76.7,0.1016,4.17,23.7,105.3,1012.4,38.9,6.3,170.4,14.7,23197,65230,30.0,26.0,27.3,34.2,26.0,29.3,22.8
Scarborough,2021-03-03,66.8,0.0,0.0,13.9,82.0,1013.6,33.2,7.1,261.0,22.5,22599,65584,31.0,22.0,26.3,33.1,22.0,27.3,19.6
Scarborough,2021-03-04,75.0,0.508,12.5,20.8,102.6,1012.4,36.3,7.6,254.4,21.8,21501,65641,30.0,23.9,27.0,34.2,23.9,28.4,22.1
Scarborough,2021-03-05,83.5,1.2953999999999999,8.33,13.6,69.5,1012.7,59.7,7.0,139.4,12.0,20607,65778,28.2,24.0,25.8,32.4,24.0,26.6,22.7
Scarborough,2021-03-06,70.9,2.0065999999999997,4.17,18.1,91.8,1012.9,36.4,6.7,264.4,22.8,20331,66217,31.0,25.0,27.7,35.5,25.0,29.8,21.9
Scarborough,2021-03-07,76.5,0.7874,4.17,17.2,149.7,1016.4,40.0,7.1,237.7,20.5,20665,66609,30.0,25.2,27.5,34.6,25.2,29.9,23.0
Scarborough,2021-03-08,76.7,18.9992,8.33,12.8,115.0,1015.7,38.7,6.8,260.3,22.4,21082,66407,31.0,24.0,27.3,37.8,24.0,29.8,22.8
Scarborough,2021-03-09,83.7,36.880799999999994,8.33,23.0,98.4,1011.4,56.6,6.4,198.3,17.3,21174,65482,30.1,23.0,26.1,36.5,23.0,27.7,23.1
Scarborough,2021-03-10,75.4,15.214599999999999,12.5,16.1,106.5,1009.8,42.4,6.4,227.6,19.6,21105,64312,30.9,24.0,27.8,36.2,24.0,30.9,23.1
Scarborough,2021-03-11,73.3,0.1016,4.17,13.6,94.3,1011.5,35.6,7.8,233.8,20.1,21316,63455,31.0,24.7,27.0,35.5,24.7,28.5,21.7
Scarborough,2021-03-12,76.7,5.308599999999999,4.17,13.9,100.3,1011.0,37.6,7.2,224.0,19.5,22063,63485,31.0,23.9,27.0,36.6,23.9,28.9,22.4
Scarborough,2021-03-13,79.5,0.6096,4.17,15.0,97.8,1013.6,40.2,7.3,212.1,18.4,22265,65621,30.0,23.0,25.8,34.2,23.0,27.0,21.9
Scarborough,2021-03-14,81.4,2.9972,4.17,15.0,87.4,1013.7,67.6,7.2,87.0,7.5,22230,65623,29.0,23.8,25.1,32.8,23.8,25.7,21.6
Scarborough,2021-03-15,72.8,0.508,4.17,15.0,96.4,1013.2,38.6,7.3,235.3,20.2,22194,65624,30.0,24.2,26.7,33.3,24.2,27.8,21.3
Scarborough,2021-03-16,73.1,0.0,0.0,17.2,101.4,1013.1,37.6,7.2,279.7,24.2,22158,65626,30.2,24.0,26.9,34.2,24.0,28.3,21.5
Scarborough,2021-03-17,71.7,0.0,0.0,17.2,101.7,1013.2,36.6,7.6,265.6,23.0,22122,65627,30.0,24.0,26.4,32.8,24.0,27.5,20.8
Scarborough,2021-03-18,68.0,0.0,0.0,15.4,102.7,1013.1,38.7,8.7,295.3,25.4,22086,65629,31.0,23.0,26.4,32.2,23.0,27.2,19.8
Scarborough,2021-03-19,72.9,0.9905999999999999,4.17,19.7,100.7,1013.0,40.4,8.2,269.6,23.4,22049,65630,30.0,23.0,26.1,33.3,23.0,27.2,20.7
Scarborough,2021-03-20,68.7,0.0,0.0,17.2,93.5,1013.1,35.5,7.6,279.6,24.1,22013,65631,30.0,23.0,26.3,32.6,23.0,27.3,19.9
Scarborough,2021-03-21,69.1,0.0,0.0,18.3,93.0,1013.6,49.3,7.0,275.2,23.7,21976,65632,30.0,24.2,26.8,32.6,24.2,27.9,20.6
Scarborough,2021-03-22,75.4,0.508,4.17,16.1,106.1,1012.8,53.4,6.9,268.8,23.2,21940,65633,30.0,24.0,26.6,35.1,24.0,28.2,21.8
Scarborough,2021-03-23,68.8,0.4064,4.17,18.3,102.5,1013.1,43.6,7.8,272.7,23.7,21903,65633,30.1,24.7,26.9,33.2,24.7,28.0,20.6
Scarborough,2021-03-24,69.0,0.1016,4.17,17.7,97.3,1013.5,34.9,7.7,288.7,25.0,21866,65634,31.0,23.8,26.8,34.6,23.8,27.9,20.5
Scarborough,2021-03-25,68.1,0.0,0.0,15.0,98.9,1014.2,32.4,7.4,259.4,22.3,21829,65635,31.0,23.0,26.7,33.3,23.0,27.6,20.2
Scarborough,2021-03-26,71.7,11.0998,8.33,17.2,86.3,1013.8,36.6,7.0,255.9,22.2,21792,65635,31.0,24.0,26.1,33.8,24.0,26.7,20.5
Scarborough,2021-03-27,73.0,0.3048,4.17,18.3,92.8,1013.4,40.0,7.1,222.3,19.2,21756,65636,29.2,24.0,26.4,33.0,24.0,27.6,21.1
Scarborough,2021-03-28,81.1,13.0048,8.33,17.4,90.7,1012.6,51.9,6.6,208.8,18.1,21719,65636,28.4,24.0,25.9,32.6,24.0,26.8,22.4
Scarborough,2021-03-29,81.0,1.1938,8.33,21.3,102.6,1012.9,39.5,6.5,232.1,19.9,21682,65637,30.0,25.2,27.2,36.2,25.2,29.6,23.7
Scarborough,2021-03-30,74.1,0.508,4.17,24.2,95.7,1013.4,39.3,6.4,279.1,24.2,21646,65638,30.1,24.8,27.2,34.3,24.8,28.4,22.1
Scarborough,2021-03-31,77.7,8.509,12.5,22.4,94.7,1012.4,53.5,6.7,243.7,21.1,21609,65638,29.0,24.0,26.1,33.6,24.0,27.1,21.8
Scarborough,2021-04-01,65.9,0.0,0.0,15.0,103.2,1011.5,31.7,8.3,243.0,20.9,23001,64373,30.1,22.0,26.2,33.2,22.0,27.1,19.2
Scarborough,2021-04-02,73.0,0.1016,4.17,23.7,101.5,1014.0,33.1,6.3,246.7,21.3,23188,65250,30.0,26.0,27.6,34.2,26.0,29.6,22.2
Scarborough,2021-04-03,79.4,3.7083999999999997,12.5,18.3,97.7,1013.2,44.9,6.6,195.0,16.8,22568,65589,29.0,23.8,25.8,33.6,23.8,26.8,21.9
Scarborough,2021-04-04,70.1,0.0,0.0,15.0,103.9,1011.6,36.2,7.3,287.9,24.9,21465,65642,31.0,25.0,27.2,35.5,25.0,28.3,21.1
Scarborough,2021-04-05,85.7,27.000199999999996,12.5,11.4,92.9,1013.9,46.9,7.1,169.3,14.5,20586,65788,27.8,23.0,24.7,31.4,23.0,25.2,22.2
Scarborough,2021-04-06,84.4,28.016199999999998,8.33,21.9,105.5,1013.4,55.2,5.9,152.2,13.0,20335,66234,30.0,24.0,26.4,38.7,24.0,28.4,23.6
Scarborough,2021-04-07,70.8,0.0,0.0,10.3,97.4,1015.8,31.3,7.4,267.5,23.0,20680,66615,30.9,24.8,27.3,34.3,24.8,28.9,21.5
Scarborough,2021-04-08,72.7,0.508,4.17,9.4,80.8,1015.9,25.5,7.3,279.7,24.1,21091,66387,30.8,24.0,27.4,35.9,24.0,29.2,21.9
Scarborough,2021-04-09,80.4,8.6106,8.33,18.3,118.5,1011.0,45.3,7.6,201.1,17.4,21172,65444,28.1,24.0,26.6,31.8,24.0,28.4,22.9
Scarborough,2021-04-10,69.3,0.7874,4.17,16.1,97.1,1010.1,31.0,6.5,245.6,21.1,21104,64276,32.0,26.9,28.9,36.8,28.8,32.4,22.7
Scarborough,2021-04-11,72.3,0.1016,4.17,15.0,99.0,1011.5,32.8,7.1,257.9,22.1,21332,63440,30.2,25.0,27.7,34.4,25.0,30.0,22.2
Scarborough,2021-04-12,75.9,0.0,0.0,19.7,97.3,1012.1,35.9,7.2,218.4,18.8,22095,63502,30.1,24.9,26.7,34.7,24.9,27.8,21.9
Scarborough,2021-04-13,78.3,0.508,4.17,15.0,126.3,1011.7,28.1,6.9,287.4,24.9,21156,65659,30.8,26.0,28.0,37.1,26.0,31.3,23.8
Scarborough,2021-04-14,74.8,0.0,0.0,15.0,121.6,1012.0,41.3,6.7,281.7,24.3,21123,65662,31.0,26.0,28.1,36.6,26.0,31.4,23.2
Scarborough,2021-04-15,75.1,0.0,0.0,15.0,99.2,1011.8,39.6,6.6,261.5,22.4,21091,65665,31.0,24.8,27.7,35.5,24.8,30.1,22.7
Scarborough,2021-04-16,71.3,0.0,0.0,17.2,109.0,1012.4,36.5,6.7,274.4,23.8,21060,65669,30.2,26.0,28.1,35.1,26.0,30.8,22.3
Scarborough,2021-04-17,71.7,0.0,0.0,16.1,102.5,1013.8,33.1,6.5,283.5,24.6,21028,65673,31.0,26.0,28.2,36.6,26.0,31.0,22.5
Scarborough,2021-04-18,67.9,0.0,0.0,18.3,92.2,1014.4,30.5,6.7,280.6,24.2,20998,65677,31.0,25.0,27.7,34.6,25.0,29.3,21.1
Scarborough,2021-04-19,63.4,0.0,0.0,18.3,100.5,1015.2,28.1,6.7,293.9,25.4,20968,65681,31.0,25.0,27.8,33.8,25.0,28.8,20.0
Scarborough,2021-04-20,72.7,8.001,8.33,24.2,98.1,1014.5,38.6,6.7,276.3,23.7,20938,65686,29.0,24.0,25.8,33.6,24.0,26.5,20.5
Scarborough,2021-04-21,70.8,0.0,0.0,17.2,101.9,1014.0,28.1,7.0,287.3,24.8,20909,65691,31.0,23.9,27.2,35.5,23.9,29.1,21.4
Scarborough,2021-04-22,71.8,0.508,12.5,20.6,108.8,1013.6,28.3,7.0,297.2,25.7,20880,65696,31.0,25.9,28.1,35.5,25.9,30.7,22.5
Scarborough,2021-04-23,70.4,0.0,0.0,16.1,95.1,1013.3,28.5,7.0,265.7,22.8,20852,65702,31.0,25.0,27.7,35.5,25.0,29.7,21.8
Scarborough,2021-04-24,70.3,0.0,0.0,20.8,94.9,1013.3,26.0,6.8,293.7,25.4,20825,65708,31.0,25.0,27.9,35.5,25.0,30.1,21.9
Scarborough,2021-04-25,67.3,0.0,0.0,19.7,98.9,1012.6,28.4,6.5,289.9,25.1,20798,65714,31.0,24.0,27.3,33.8,24.0,28.5,20.6
Scarborough,2021-04-26,69.6,0.0,0.0,16.1,101.8,1011.5,54.5,6.9,272.7,23.6,20772,65721,30.2,24.0,27.1,34.2,24.0,28.7,21.0
Scarborough,2021-04-27,72.6,0.0,0.0,17.2,121.0,1011.6,36.9,6.7,274.1,23.6,20746,65728,30.2,26.0,27.4,35.2,26.0,29.4,22.0
Scarborough,2021-04-28,70.2,5.206999999999999,4.17,15.0,120.4,1011.7,34.8,6.7,206.1,17.7,20721,65736,30.0,26.0,27.6,34.2,26.0,29.5,21.6
Scarborough,2021-04-29,85.5,16.9926,12.5,11.4,100.6,1013.1,44.7,6.6,91.2,8.0,20697,65744,27.0,23.9,25.3,30.1,23.9,25.7,22.6
Scarborough,2021-04-30,77.9,2.0065999999999997,4.17,15.0,95.8,1013.2,45.5,7.3,164.4,14.2,20673,65752,30.0,25.0,26.6,34.2,25.0,27.6,22.3
Scarborough,2021-05-01,73.9,0.0,0.0,16.1,97.1,1011.9,39.2,7.9,168.9,14.6,23022,64406,29.2,23.0,25.9,32.8,23.0,26.7,20.8
Scarborough,2021-05-02,68.3,0.0,0.0,17.2,96.9,1013.6,28.8,6.5,234.5,20.4,23177,65271,31.0,24.0,26.6,34.6,24.0,27.6,20.2
Scarborough,2021-05-03,74.1,3.9878,4.17,16.1,101.8,1012.5,49.1,6.8,244.1,21.0,22536,65594,30.0,23.0,26.4,33.3,23.0,27.6,21.3
Scarborough,2021-05-04,75.1,0.0,0.0,15.0,108.2,1011.4,42.7,7.1,282.9,24.3,21430,65643,31.0,25.0,27.4,36.6,25.0,29.8,22.6
Scarborough,2021-05-05,72.2,0.0,0.0,15.0,92.6,1013.8,36.9,7.6,247.3,21.3,20566,65798,30.1,24.0,26.6,33.3,24.0,27.7,21.1
Scarborough,2021-05-06,86.7,38.227,12.5,18.3,96.2,1013.5,51.2,6.2,143.1,12.3,20339,66251,27.1,24.0,25.8,30.1,24.0,26.7,23.4
Scarborough,2021-05-07,73.3,0.7874,4.17,16.1,103.0,1015.9,29.5,7.3,277.4,23.9,20696,66619,31.0,24.7,27.6,35.5,24.7,29.6,22.2
Scarborough,2021-05-08,76.9,2.2097999999999995,8.33,8.1,50.4,1015.8,33.3,8.0,234.9,20.2,21099,66367,30.7,24.9,27.3,35.3,24.9,29.4,22.8
Scarborough,2021-05-09,76.3,7.010400000000001,4.17,11.4,155.8,1012.3,34.4,8.0,236.5,20.3,21170,65406,30.2,25.0,27.0,36.6,25.0,28.6,22.4
Scarborough,2021-05-10,77.1,3.9878,4.17,19.5,90.5,1011.2,30.5,6.8,258.0,22.3,21105,64239,31.0,25.0,28.6,36.6,25.0,32.5,24.1
Scarborough,2021-05-11,73.1,0.0,0.0,15.0,102.9,1012.0,29.1,7.4,232.4,20.0,21349,63427,31.0,26.0,28.2,36.6,26.0,31.1,22.9
Scarborough,2021-05-12,73.7,1.016,12.5,18.3,97.7,1013.3,34.7,7.2,206.3,17.9,22127,63520,30.0,24.0,26.9,34.2,24.0,28.4,21.7
Scarborough,2021-05-13,78.0,3.9878,4.17,18.1,91.3,1013.6,42.9,7.3,262.8,22.6,20434,65891,30.0,24.0,26.4,34.2,24.0,27.8,22.1
Scarborough,2021-05-14,74.4,0.1016,4.17,18.3,102.4,1013.4,33.2,6.8,298.3,25.9,20421,65904,30.2,25.0,27.5,34.4,25.0,29.8,22.4
Scarborough,2021-05-15,74.7,0.0,0.0,17.2,102.5,1013.2,26.2,6.4,290.4,25.0,20409,65918,30.1,25.9,28.0,36.4,25.9,31.2,23.1
Scarborough,2021-05-16,72.5,0.0,0.0,13.9,101.0,1013.5,29.0,6.4,296.5,25.7,20398,65932,32.0,20.9,27.7,39.2,20.9,30.0,22.3
Scarborough,2021-05-17,76.7,0.6096,4.17,20.8,104.9,1013.5,40.1,6.9,252.6,21.9,20387,65946,31.0,26.0,28.1,36.6,26.0,31.7,23.6
Scarborough,2021-05-18,73.6,0.508,4.17,17.2,110.9,1014.4,30.5,6.8,300.5,25.9,20377,65960,30.1,26.2,28.1,34.3,26.2,31.0,22.8
Scarborough,2021-05-19,70.8,0.0,0.0,17.2,100.5,1013.9,27.6,6.6,293.2,25.4,20369,65975,31.1,25.8,28.1,36.8,25.8,30.9,22.3
Scarborough,2021-05-20,73.1,0.0,0.0,20.4,100.0,1013.8,28.7,6.4,290.0,24.9,20360,65990,31.0,26.0,28.2,37.1,26.0,31.6,22.9
Scarborough,2021-05-21,70.5,0.508,4.17,18.3,101.8,1013.5,28.1,6.4,262.6,22.7,20353,66005,30.2,25.9,28.0,34.2,25.9,30.3,22.1
Scarborough,2021-05-22,76.3,3.9878,8.33,17.2,103.0,1012.5,37.4,6.4,255.8,21.9,20347,66020,31.0,26.0,27.6,37.8,26.0,30.7,23.1
Scarborough,2021-05-23,72.9,0.0,0.0,19.7,99.9,1012.7,31.6,6.5,259.9,22.3,20341,66036,31.0,26.0,28.3,36.6,26.0,31.7,22.9
Scarborough,2021-05-24,69.6,0.0,0.0,19.7,93.5,1013.6,34.9,6.6,285.1,24.5,20336,66052,31.2,25.8,28.1,34.2,25.8,30.1,21.9
Scarborough,2021-05-25,71.4,0.0,0.0,17.2,93.3,1014.0,32.0,6.6,261.8,22.6,20332,66068,32.0,25.0,27.9,36.9,25.0,30.2,22.2
Scarborough,2021-05-26,70.2,0.0,0.0,19.7,97.4,1014.2,42.6,6.8,268.1,23.2,20329,66084,31.0,25.0,28.1,35.2,25.0,30.0,21.9
Scarborough,2021-05-27,75.6,10.998199999999999,4.17,19.7,105.3,1013.9,35.4,6.5,163.3,14.1,20327,66100,30.0,25.9,27.7,36.2,25.9,30.3,22.9
Scarborough,2021-05-28,67.3,0.0,0.0,18.6,100.4,1013.2,28.3,6.5,298.1,25.8,20325,66117,30.0,25.0,27.5,33.3,25.0,28.9,20.8
Scarborough,2021-05-29,71.5,0.0,0.0,18.3,96.2,1012.5,25.7,6.7,277.2,23.9,20324,66133,31.0,24.0,27.6,36.6,24.0,30.1,21.9
Scarborough,2021-05-30,77.5,4.013199999999999,8.33,20.8,99.5,1013.8,34.4,6.6,280.6,24.2,20324,66150,31.1,25.0,27.5,38.9,25.0,30.2,23.2
Scarborough,2021-05-31,70.5,0.889,4.17,20.8,95.2,1014.0,36.1,6.8,264.8,23.0,20325,66167,31.0,26.0,27.8,35.5,26.0,29.4,21.8
Scarborough,2021-06-01,90.0,13.0048,12.5,13.9,77.1,1011.9,44.6,7.0,189.5,16.3,23042,64439,27.1,23.9,25.2,30.6,23.9,25.9,23.4
Scarborough,2021-06-02,65.3,0.0,0.0,17.2,94.7,1013.9,34.4,7.1,236.2,20.2,23166,65290,30.1,23.9,26.4,32.1,23.9,27.2,19.3
Scarborough,2021-06-03,74.8,0.0,0.0,15.0,101.2,1013.1,37.1,6.9,240.7,20.9,22503,65599,29.8,24.0,26.8,34.6,24.0,28.4,21.9
Scarborough,2021-06-04,76.3,0.1016,4.17,15.0,105.6,1011.5,34.0,6.6,274.2,23.7,21394,65644,31.0,24.0,27.3,36.6,24.0,29.8,22.8
Scarborough,2021-06-05,72.1,0.0,0.0,13.9,96.4,1013.0,33.1,7.5,254.3,22.0,20547,65809,30.0,23.8,27.0,34.2,23.8,28.7,21.5
Scarborough,2021-06-06,75.7,0.0,0.0,16.1,103.9,1013.3,32.3,6.5,223.9,19.4,20344,66268,30.0,26.0,27.9,36.2,26.0,31.0,23.2
Scarborough,2021-06-07,79.5,0.0,0.0,13.9,95.5,1015.2,49.3,6.2,164.1,14.2,20712,66623,30.0,24.0,26.2,34.2,24.0,27.2,22.2
Scarborough,2021-06-08,70.2,0.0,0.0,12.8,73.8,1014.9,33.2,8.1,271.7,23.5,21107,66345,31.0,25.9,28.2,34.6,25.9,30.2,22.1
Scarborough,2021-06-09,76.2,0.0,0.0,11.4,121.5,1012.0,28.9,8.1,276.3,23.9,21168,65368,31.0,24.7,27.7,37.8,24.7,30.5,23.1
Scarborough,2021-06-10,78.3,8.001,4.17,12.8,85.3,1011.0,31.2,6.6,266.1,23.1,21105,64203,32.0,25.0,28.3,37.8,25.0,31.7,23.9
Scarborough,2021-06-11,71.6,0.0,0.0,17.2,97.0,1012.3,31.2,7.4,253.7,22.0,21367,63414,31.0,25.2,27.9,35.5,25.2,30.1,22.2
Scarborough,2021-06-12,69.5,0.9143999999999999,8.33,15.0,85.1,1013.2,28.3,7.2,221.1,19.2,22159,63539,31.1,25.0,27.6,34.7,25.0,28.9,21.4
Scarborough,2021-06-13,79.4,0.0,0.0,11.4,55.7,1013.9,41.0,6.5,237.9,20.5,20397,66381,31.0,23.0,26.8,37.8,23.0,29.1,22.9
Scarborough,2021-06-14,78.4,32.3088,4.17,18.1,96.9,1013.9,54.3,6.2,221.7,19.2,20407,66396,30.0,24.0,27.1,34.2,24.0,28.9,22.9
Scarborough,2021-06-15,79.2,0.0,0.0,15.0,90.8,1013.9,31.9,6.1,265.6,22.9,20417,66412,31.1,25.0,27.9,37.8,25.0,31.1,23.8
Scarborough,2021-06-16,83.6,5.0038,8.33,17.7,91.6,1012.8,43.3,6.2,186.1,16.1,20428,66426,29.0,25.0,26.4,33.6,25.0,27.9,23.3
Scarborough,2021-06-17,80.2,6.604,4.17,18.3,113.4,1014.1,67.1,6.6,207.9,17.9,20439,66441,30.0,25.9,27.2,35.1,25.9,29.2,23.5
Scarborough,2021-06-18,77.2,0.0,0.0,16.1,99.2,1014.9,29.3,6.4,250.3,21.5,20451,66455,30.0,25.0,27.7,36.2,25.0,30.3,23.3
Scarborough,2021-06-19,83.0,3.9878,8.33,17.2,115.4,1014.9,43.7,6.7,235.2,20.3,20463,66469,30.0,26.0,27.7,38.9,26.0,31.6,24.6
Scarborough,2021-06-20,79.4,0.8128,8.33,17.2,101.9,1015.1,34.6,7.3,241.3,20.8,20475,66482,30.2,25.0,27.7,36.3,25.0,30.6,23.7
Scarborough,2021-06-21,78.3,0.0,0.0,17.4,95.8,1014.8,36.0,6.6,280.4,24.1,20488,66495,30.0,25.9,27.6,35.1,25.9,30.4,23.4
Scarborough,2021-06-22,81.6,36.9824,8.33,13.9,73.4,1014.3,56.2,6.4,237.0,20.4,20502,66507,30.0,23.0,25.7,34.9,23.0,26.7,22.2
Scarborough,2021-06-23,87.8,3.2003999999999997,8.33,9.2,94.6,1013.8,37.7,6.6,84.7,7.3,20515,66519,25.0,23.0,24.3,25.0,23.0,24.3,22.2
Scarborough,2021-06-24,81.1,11.811,4.17,11.4,118.7,1012.8,35.1,7.5,272.4,23.6,20529,66531,29.0,23.0,25.8,33.6,23.0,26.9,22.3
Scarborough,2021-06-25,77.6,2.9972,4.17,16.1,122.5,1012.9,31.4,7.3,249.8,21.5,20544,66542,29.8,24.0,27.1,33.9,24.0,29.3,22.7
Scarborough,2021-06-26,74.1,3.9878,8.33,20.8,107.1,1012.5,37.7,6.3,210.4,18.2,20558,66553,30.0,24.8,27.2,33.3,24.8,29.2,22.2
Scarborough,2021-06-27,72.9,2.1082,8.33,15.0,93.3,1013.2,35.8,6.8,275.8,23.8,20573,66562,30.1,24.0,27.4,34.2,24.0,29.2,22.0
Scarborough,2021-06-28,74.4,2.0065999999999997,4.17,18.3,94.2,1014.6,30.7,5.6,258.2,22.3,20588,66572,31.0,24.0,27.6,35.5,24.0,29.4,22.4
Scarborough,2021-06-29,73.9,0.0,0.0,10.3,60.7,1014.7,33.7,6.0,237.3,20.6,20603,66581,30.0,24.0,27.2,34.2,24.0,29.0,22.1
Scarborough,2021-06-30,79.6,0.508,4.17,10.3,130.1,1012.5,38.7,7.0,193.9,16.7,20618,66589,30.0,25.0,26.9,35.1,25.0,28.8,23.1
Scarborough,2021-07-01,85.8,6.1975999999999996,8.33,12.8,87.0,1012.9,57.8,6.7,197.1,17.0,23061,64472,29.0,23.0,25.7,34.6,23.0,26.9,23.1
Scarborough,2021-07-02,67.8,0.0,0.0,20.6,93.6,1013.8,34.6,7.2,245.5,21.3,23153,65309,30.0,24.0,27.1,34.2,24.0,28.3,20.6
Scarborough,2021-07-03,78.9,1.016,8.33,17.2,92.3,1013.9,46.2,6.8,254.8,22.0,22470,65603,30.0,24.9,26.2,35.1,24.9,27.3,22.2
Scarborough,2021-07-04,78.1,10.0076,4.17,17.2,117.7,1011.8,37.2,6.2,255.2,22.1,21359,65646,30.7,24.0,27.0,35.9,24.0,28.8,22.8
Scarborough,2021-07-05,81.0,18.008599999999998,8.33,15.0,102.1,1013.6,46.5,6.6,229.1,19.8,20528,65819,30.8,23.9,26.4,37.4,23.9,28.2,22.9
Scarborough,2021-07-06,76.6,0.3048,8.33,19.7,95.2,1012.1,39.1,6.6,264.7,22.8,20350,66284,31.0,25.0,27.6,36.6,25.0,29.8,23.0
Scarborough,2021-07-07,75.8,0.2032,4.17,20.4,91.1,1013.3,35.3,6.5,267.3,23.1,20728,66627,30.2,24.0,27.3,35.3,24.0,29.7,22.6
Scarborough,2021-07-08,71.5,0.7111999999999999,4.17,8.1,79.3,1013.3,36.8,6.8,280.2,24.2,21114,66323,31.2,25.1,27.4,34.6,25.1,28.9,21.8
Scarborough,2021-07-09,76.6,0.0,0.0,11.4,106.9,1012.1,36.6,8.2,257.4,22.1,21166,65329,31.0,26.0,28.5,39.1,26.0,32.6,23.9
Scarborough,2021-07-10,79.8,6.1975999999999996,8.33,11.4,94.2,1010.1,45.8,5.8,249.0,21.6,21106,64168,31.2,25.2,27.8,37.8,25.2,30.6,23.9
Scarborough,2021-07-11,72.9,2.0065999999999997,4.17,16.1,90.8,1012.1,33.0,7.1,252.3,22.0,21385,63403,31.0,25.0,27.9,36.6,25.0,30.2,22.4
Scarborough,2021-07-12,71.9,0.4064,4.17,9.2,60.7,1012.4,32.9,7.0,224.2,19.4,22191,63559,30.0,24.8,26.7,35.1,24.8,27.9,21.2
Scarborough,2021-07-13,72.4,0.4064,4.17,16.1,94.0,1014.4,29.3,6.3,278.2,23.9,20821,66630,31.0,25.0,27.6,34.6,25.0,29.3,22.1
Scarborough,2021-07-14,71.8,0.0,0.0,15.0,99.0,1014.2,28.3,7.2,291.0,25.0,20836,66628,31.0,24.9,27.5,35.5,24.9,29.3,21.8
Scarborough,2021-07-15,83.4,7.188199999999999,12.5,13.9,96.9,1013.9,47.2,6.9,148.4,12.8,20851,66625,27.2,24.0,25.7,30.4,24.0,26.6,22.7
Scarborough,2021-07-16,72.4,0.9905999999999999,4.17,15.0,98.6,1013.9,29.1,6.8,279.0,24.1,20866,66621,30.1,25.0,27.5,34.2,25.0,29.2,22.0
Scarborough,2021-07-17,77.6,5.9944,4.17,13.6,94.5,1014.0,34.1,7.2,262.6,22.7,20880,66617,30.0,24.0,26.9,35.1,24.0,29.0,22.7
Scarborough,2021-07-18,75.5,0.1016,4.17,15.0,104.2,1014.5,29.5,6.9,276.2,23.7,20895,66611,30.2,26.0,28.0,35.3,26.0,30.7,23.2
Scarborough,2021-07-19,75.9,0.4064,4.17,16.3,95.3,1014.5,41.0,5.9,240.7,20.9,20909,66605,31.0,25.8,27.8,37.8,25.8,30.7,23.2
Scarborough,2021-07-20,69.8,0.1016,4.17,15.0,95.8,1014.4,36.2,6.3,274.9,23.7,20923,66598,31.0,26.0,28.1,34.9,26.0,30.2,21.9
Scarborough,2021-07-21,71.3,0.1016,4.17,17.0,97.2,1014.7,31.2,6.8,264.5,22.8,20936,66589,31.0,26.0,27.9,35.5,26.0,30.1,22.2
Scarborough,2021-07-22,78.3,0.7874,4.17,16.1,95.5,1015.5,40.4,6.9,238.2,20.5,20949,66581,31.0,24.0,27.4,36.6,24.0,30.1,23.3
Scarborough,2021-07-23,80.7,1.397,12.5,15.0,113.7,1013.7,47.7,6.8,208.4,17.9,20962,66571,30.0,25.7,27.4,35.8,25.7,30.1,23.8
Scarborough,2021-07-24,81.1,0.9905999999999999,4.17,15.0,128.8,1012.8,40.3,6.7,229.9,19.8,20975,66560,30.0,25.0,27.3,36.2,25.0,29.8,23.7
Scarborough,2021-07-25,80.2,2.0065999999999997,4.17,12.8,112.9,1013.3,43.9,8.1,209.2,18.1,20987,66549,31.0,25.0,27.7,36.6,25.0,30.8,23.9
Scarborough,2021-07-26,78.7,2.9972,4.17,11.4,101.9,1013.3,39.3,6.9,208.1,18.0,20999,66536,31.0,24.9,27.6,36.6,24.9,30.3,23.5
Scarborough,2021-07-27,71.4,0.2032,4.17,16.1,99.7,1013.2,30.3,6.8,281.8,24.2,21011,66523,31.8,25.2,28.0,36.6,25.2,30.1,22.3
Scarborough,2021-07-28,81.8,9.9822,8.33,15.0,97.6,1013.3,47.8,6.6,170.3,14.6,21022,66509,31.0,24.8,26.4,36.6,24.8,27.4,23.0
Scarborough,2021-07-29,81.0,35.9918,12.5,16.3,114.1,1014.9,49.5,8.6,237.2,20.5,21033,66494,29.8,24.0,26.6,34.6,24.0,28.0,22.9
Scarborough,2021-07-30,75.6,0.0,0.0,13.9,101.2,1014.4,28.6,7.3,263.7,22.9,21044,66478,31.0,25.0,27.5,36.6,25.0,29.9,22.7
Scarborough,2021-07-31,81.8,21.310599999999997,16.67,12.8,95.1,1014.9,43.4,6.6,201.9,17.5,21054,66462,30.0,25.0,27.2,36.2,25.0,29.9,23.8
Scarborough,2021-08-01,76.2,2.0065999999999997,4.17,15.0,88.4,1013.2,40.8,8.0,220.1,19.2,23079,64505,31.1,24.0,26.7,35.6,24.0,28.2,21.9
Scarborough,2021-08-02,67.8,0.0,0.0,18.3,98.8,1014.0,33.2,6.7,258.4,22.4,23140,65327,30.0,24.0,26.7,32.6,24.0,27.6,20.1
Scarborough,2021-08-03,71.6,0.1016,4.17,19.7,101.1,1014.1,32.3,7.2,269.4,23.2,22437,65606,31.0,23.9,26.9,33.3,23.9,28.2,21.2
Scarborough,2021-08-04,75.3,0.0,0.0,14.5,110.9,1011.9,38.1,5.8,299.7,25.9,21325,65648,30.0,24.0,27.3,34.2,24.0,29.1,22.4
Scarborough,2021-08-05,82.6,35.6108,12.5,17.7,94.5,1014.3,72.8,6.6,96.7,8.4,20511,65830,29.0,22.0,25.9,32.8,22.0,26.9,22.7
Scarborough,2021-08-06,79.1,0.0,0.0,16.1,96.4,1013.0,36.5,6.4,253.0,21.7,20356,66301,30.2,26.0,27.9,37.4,26.0,31.5,23.9
Scarborough,2021-08-07,74.6,0.0,0.0,27.7,92.2,1013.1,34.5,6.0,227.0,19.6,20743,66629,30.9,24.0,27.2,35.2,24.0,28.9,22.3
Scarborough,2021-08-08,76.5,0.9905999999999999,8.33,6.9,76.3,1012.8,36.8,7.6,240.9,20.9,21121,66300,30.8,24.8,26.9,34.2,24.8,28.7,22.4
Scarborough,2021-08-09,75.1,1.4986,12.5,15.0,96.8,1012.6,37.1,7.3,272.6,23.5,21163,65291,31.2,25.8,28.4,36.7,25.8,31.6,23.4
Scarborough,2021-08-10,83.2,42.011599999999994,4.17,13.9,104.2,1009.9,50.8,6.5,222.5,19.2,21107,64132,28.8,23.8,26.2,32.7,23.8,27.4,23.0
Scarborough,2021-08-11,72.5,0.0,0.0,16.6,99.9,1012.3,27.1,7.1,251.3,21.8,21404,63392,31.0,25.0,27.8,35.5,25.0,30.2,22.4
Scarborough,2021-08-12,73.0,0.1016,4.17,15.0,90.4,1011.9,40.2,7.0,210.3,18.4,22223,63580,31.0,24.0,27.2,34.6,24.0,28.8,21.8
Scarborough,2021-08-13,80.1,1.016,12.5,15.0,133.1,1012.2,41.3,8.0,241.4,20.8,21150,66174,30.0,25.0,27.9,37.4,25.0,31.6,24.2
Scarborough,2021-08-14,79.8,5.0038,8.33,15.0,150.5,1013.6,44.4,7.2,246.4,21.3,21155,66147,30.0,25.0,27.6,35.9,25.0,30.3,23.7
Scarborough,2021-08-15,84.0,40.004999999999995,8.33,10.3,136.2,1014.2,51.0,7.0,234.9,20.3,21159,66119,29.0,23.0,26.0,33.6,23.0,26.9,23.0
Scarborough,2021-08-16,74.6,41.401999999999994,4.17,18.1,97.0,1012.8,24.6,8.0,267.8,23.1,21163,66090,31.0,24.0,27.7,36.2,24.0,30.3,22.7
Scarborough,2021-08-17,72.9,0.0,0.0,19.7,93.1,1012.5,36.9,6.9,257.3,22.1,21166,66061,31.0,25.2,28.2,36.6,25.2,31.0,22.8
Scarborough,2021-08-18,81.4,37.9984,12.5,13.9,121.0,1013.4,50.1,5.9,192.0,16.7,21169,66031,31.0,24.0,26.1,36.6,24.0,27.0,22.6
Scarborough,2021-08-19,79.3,0.7111999999999999,4.17,5.8,122.5,1011.6,34.6,7.6,233.6,20.2,21172,66001,31.0,24.8,27.4,37.8,24.8,30.1,23.4
Scarborough,2021-08-20,79.7,4.191,8.33,15.7,74.8,1010.3,31.3,7.7,262.7,22.8,21174,65970,32.0,23.9,27.6,39.2,23.9,30.3,23.7
Scarborough,2021-08-21,79.1,19.9898,4.17,13.9,111.8,1010.4,36.6,8.4,253.4,21.7,21176,65938,30.2,24.9,27.6,36.2,24.9,30.3,23.6
Scarborough,2021-08-22,77.0,0.3048,8.33,12.8,101.2,1009.9,39.3,7.6,231.0,19.9,21178,65906,31.0,25.9,27.8,37.1,25.9,30.8,23.4
Scarborough,2021-08-23,82.6,15.011399999999998,8.33,12.8,111.4,1008.9,51.8,6.3,126.8,10.9,21179,65873,30.0,25.0,26.6,35.1,25.0,28.2,23.4
Scarborough,2021-08-24,78.3,16.002,12.5,15.0,116.4,1009.2,41.5,7.4,222.8,19.3,21180,65840,30.2,25.7,27.4,35.4,25.7,29.3,23.2
Scarborough,2021-08-25,75.0,0.2032,4.17,15.0,98.3,1010.6,28.8,7.5,281.6,24.3,21181,65806,31.1,25.0,28.2,36.8,25.0,31.4,23.3
Scarborough,2021-08-26,70.8,0.0,0.0,13.9,85.8,1011.3,30.5,6.8,282.1,24.5,21181,65772,31.1,24.9,28.1,35.5,24.9,30.3,22.1
Scarborough,2021-08-27,74.0,3.0987999999999998,8.33,13.9,90.9,1010.7,36.0,6.5,272.3,23.5,21181,65737,31.0,25.8,28.2,37.8,25.8,31.2,23.1
Scarborough,2021-08-28,80.8,8.001,8.33,21.7,76.7,1012.1,63.1,6.3,232.6,20.0,21181,65702,31.0,26.0,27.6,36.6,26.0,30.4,23.9
Scarborough,2021-08-29,76.5,0.508,4.17,11.4,137.5,1012.7,35.4,8.2,239.8,20.6,21180,65666,31.0,25.8,28.3,36.6,25.8,31.7,23.7
Scarborough,2021-08-30,74.7,0.0,0.0,12.8,117.9,1011.7,30.7,7.7,226.5,19.5,21180,65630,31.1,25.0,28.3,37.6,25.0,31.4,23.3
Scarborough,2021-08-31,75.6,0.0,0.0,13.9,109.9,1012.4,36.4,7.5,243.4,21.0,21179,65594,31.0,25.1,27.6,36.8,25.1,29.8,22.8
Scarborough,2021-09-01,83.2,0.9905999999999999,4.17,16.1,101.0,1013.1,37.6,6.7,184.8,15.9,23096,64537,30.0,24.0,26.6,36.2,24.0,28.8,23.4
Scarborough,2021-09-02,65.9,0.0,0.0,18.6,94.8,1013.7,28.6,7.0,273.3,23.8,23125,65345,30.0,23.0,26.4,32.6,23.0,27.2,19.4
Scarborough,2021-09-03,69.1,0.0,0.0,15.0,78.8,1013.9,45.5,7.9,292.3,25.4,22403,65610,31.0,23.0,26.1,34.6,23.0,27.1,19.9
Scarborough,2021-09-04,78.1,0.1016,4.17,16.1,103.9,1012.3,41.4,6.0,263.8,22.7,21290,65650,31.0,24.2,27.1,35.1,24.2,29.1,22.8
Scarborough,2021-09-05,82.0,2.0065999999999997,12.5,19.7,113.5,1014.8,47.8,6.9,244.6,21.1,20494,65842,30.1,25.9,27.2,37.3,25.9,29.7,23.8
Scarborough,2021-09-06,77.8,0.1016,4.17,21.7,93.3,1013.3,32.3,6.3,252.4,21.8,20363,66317,30.0,25.0,27.4,35.1,25.0,30.0,23.2
Scarborough,2021-09-07,70.5,0.0,0.0,17.2,94.2,1013.4,39.7,6.3,252.6,21.8,20759,66631,30.0,26.0,27.8,34.2,26.0,30.1,21.9
Scarborough,2021-09-08,74.6,5.4102,8.33,9.2,65.6,1013.1,49.0,7.1,209.9,18.0,21128,66276,30.2,25.0,27.5,35.1,25.0,29.8,22.6
Scarborough,2021-09-09,74.3,5.308599999999999,8.33,15.0,104.8,1013.0,40.5,6.7,268.0,23.2,21161,65252,32.0,26.9,28.8,37.9,29.4,32.9,23.7
Scarborough,2021-09-10,76.3,0.0,0.0,9.2,134.9,1009.8,33.9,7.7,238.9,20.6,21108,64098,31.0,24.8,27.8,37.8,24.8,30.7,23.2
Scarborough,2021-09-11,70.8,0.0,0.0,11.4,93.9,1012.1,39.1,7.2,229.5,20.1,21424,63383,31.0,24.0,26.9,34.6,24.0,28.0,21.0
Scarborough,2021-09-12,74.1,2.0065999999999997,4.17,9.2,62.4,1011.7,37.0,7.1,210.8,18.1,22255,63602,30.8,24.9,26.6,33.3,24.9,27.7,21.5
Scarborough,2021-09-13,73.0,0.0,0.0,10.3,114.0,1013.1,30.3,7.6,253.7,22.0,21150,65094,31.0,25.7,28.5,36.6,25.7,31.6,23.1
Scarborough,2021-09-14,72.7,0.0,0.0,10.3,116.6,1012.5,28.4,7.9,258.3,22.4,21147,65054,32.0,26.0,28.8,37.9,26.0,32.4,23.3
Scarborough,2021-09-15,73.3,0.0,0.0,12.8,116.5,1013.3,29.7,7.5,242.8,21.0,21144,65015,31.2,27.0,28.9,38.1,29.5,33.2,23.6
Scarborough,2021-09-16,75.7,1.397,8.33,18.3,107.0,1014.6,33.3,6.9,236.4,20.6,21141,64975,32.0,25.9,28.0,37.9,25.9,30.8,23.3
Scarborough,2021-09-17,71.9,0.0,0.0,16.1,98.4,1014.1,29.7,7.2,284.2,24.6,21138,64935,32.0,26.0,28.7,37.8,26.0,31.8,23.0
Scarborough,2021-09-18,70.5,0.0,0.0,9.2,95.8,1011.5,38.7,7.8,285.0,24.6,21135,64895,32.0,25.0,27.9,35.5,25.0,30.1,21.9
Scarborough,2021-09-19,70.7,0.0,0.0,8.1,128.8,1010.8,29.0,8.0,293.1,25.3,21132,64855,31.2,25.0,28.1,36.6,25.0,30.3,22.1
Scarborough,2021-09-20,70.3,0.0,0.0,11.4,129.0,1011.4,30.8,7.7,291.0,25.0,21129,64816,32.0,26.0,28.5,36.8,26.0,31.2,22.4
Scarborough,2021-09-21,70.0,0.0,0.0,13.9,125.3,1011.5,33.2,7.5,274.2,23.9,21126,64776,32.0,26.0,29.1,37.9,26.0,32.8,23.0
Scarborough,2021-09-22,71.5,0.0,0.0,11.4,104.9,1011.0,32.5,7.5,273.9,23.6,21123,64736,32.0,26.0,29.0,39.2,26.0,32.7,23.2
Scarborough,2021-09-23,72.4,0.0,0.0,11.4,132.2,1011.1,27.9,7.8,261.3,22.7,21121,64697,32.0,26.0,29.1,39.2,26.0,33.2,23.6
Scarborough,2021-09-24,74.0,0.0,0.0,10.3,124.5,1012.5,37.0,7.5,271.9,23.4,21118,64657,32.1,26.8,29.2,39.2,29.7,33.8,24.0
Scarborough,2021-09-25,76.6,0.9905999999999999,4.17,8.1,96.0,1013.0,41.5,7.6,220.1,19.1,21116,64618,31.2,26.2,28.1,36.9,26.2,31.4,23.5
Scarborough,2021-09-26,75.5,0.0,0.0,9.2,112.1,1012.9,33.2,7.6,263.0,22.8,21114,64579,33.0,26.0,28.8,39.3,26.0,32.7,23.9
Scarborough,2021-09-27,78.7,0.0,0.0,12.8,118.9,1012.4,37.8,7.2,255.2,22.0,21112,64540,31.2,27.0,28.7,37.8,30.1,33.3,24.5
Scarborough,2021-09-28,77.1,5.9944,4.17,16.1,113.4,1011.2,30.0,8.0,260.6,22.5,21110,64501,32.0,25.0,28.5,37.9,25.0,32.3,23.9
Scarborough,2021-09-29,71.2,0.0,0.0,10.3,128.2,1011.1,32.1,7.7,267.1,23.0,21108,64463,32.0,26.0,28.9,37.9,26.0,32.4,23.1
Scarborough,2021-09-30,69.1,0.0,0.0,16.1,120.7,1011.0,34.3,7.7,252.6,21.9,21107,64425,32.0,27.9,29.7,38.9,31.0,34.2,23.4
Scarborough,2021-10-01,74.1,0.0,0.0,17.2,91.4,1014.1,30.0,6.8,233.1,20.1,23112,64570,30.0,25.0,27.2,34.6,25.0,28.8,22.1
Scarborough,2021-10-02,69.7,0.9143999999999999,20.83,19.0,83.7,1013.3,31.1,6.8,240.3,20.8,23110,65362,30.0,23.0,25.4,30.8,23.0,25.8,19.3
Scarborough,2021-10-03,71.8,0.0,0.0,17.2,76.4,1013.2,41.7,7.6,280.2,24.2,22369,65613,29.0,23.0,25.8,31.6,23.0,26.7,20.3
Scarborough,2021-10-04,83.5,18.313399999999998,12.5,12.8,104.3,1011.7,55.5,7.1,245.7,21.2,21256,65652,29.8,24.0,26.3,34.6,24.0,27.7,23.2
Scarborough,2021-10-05,76.4,0.2032,4.17,17.7,100.1,1014.3,30.0,7.0,299.4,26.0,20478,65854,30.1,25.0,27.6,36.2,25.0,29.8,22.9
Scarborough,2021-10-06,76.3,0.0,0.0,17.7,97.6,1014.1,34.9,6.2,247.1,21.5,20371,66333,30.0,25.9,28.1,36.2,25.9,31.5,23.4
Scarborough,2021-10-07,76.5,0.3048,4.17,15.0,97.6,1012.9,36.5,6.6,265.5,22.8,20775,66632,31.0,24.9,27.6,36.6,24.9,29.8,22.9
Scarborough,2021-10-08,77.5,2.0065999999999997,4.17,13.9,132.2,1013.6,44.6,9.5,217.5,18.8,21134,66252,30.2,25.0,28.0,36.2,25.0,31.3,23.7
Scarborough,2021-10-09,70.9,0.0,0.0,15.0,96.0,1012.9,31.0,7.3,290.1,25.1,21158,65212,31.1,25.7,28.6,36.6,25.7,31.7,22.7
Scarborough,2021-10-10,73.1,0.2032,4.17,16.1,130.6,1010.4,31.5,7.6,208.7,18.1,21110,64064,32.0,27.8,29.4,39.2,31.3,34.2,24.0
Scarborough,2021-10-11,72.2,0.9905999999999999,4.17,12.8,100.7,1011.8,44.8,7.5,236.3,20.4,21444,63375,31.0,24.0,27.1,34.6,24.0,28.7,21.5
Scarborough,2021-10-12,73.1,0.4064,4.17,9.2,61.5,1010.3,41.0,6.7,208.4,18.2,22287,63624,29.0,24.8,26.6,32.0,24.8,27.7,21.3
Scarborough,2021-10-13,82.9,32.2072,12.5,18.3,98.6,1010.7,40.9,6.2,187.4,16.3,21119,63965,31.0,25.0,27.0,37.8,25.0,28.8,23.8
Scarborough,2021-10-14,78.6,0.6096,4.17,14.5,118.2,1009.6,39.5,7.9,224.4,19.3,21123,63933,31.0,25.0,28.2,39.1,25.0,31.6,23.9
Scarborough,2021-10-15,73.8,0.0,0.0,16.1,134.7,1010.3,32.1,8.9,262.9,22.7,21127,63902,31.0,27.0,29.2,39.1,29.7,34.0,24.0
Scarborough,2021-10-16,73.0,0.1016,4.17,13.9,124.4,1011.3,32.0,8.4,259.0,22.3,21132,63871,32.0,26.8,29.1,39.2,29.6,33.6,23.7
Scarborough,2021-10-17,76.0,0.0,0.0,11.4,106.4,1012.1,26.6,8.3,257.7,22.3,21137,63841,32.0,26.0,28.6,37.9,26.0,31.8,23.8
Scarborough,2021-10-18,77.8,10.998199999999999,4.17,5.8,70.4,1011.5,33.1,7.6,250.9,21.6,21143,63812,33.0,25.8,27.6,39.3,25.8,29.8,23.2
Scarborough,2021-10-19,75.8,11.9888,4.17,12.8,118.4,1012.1,34.5,7.2,234.8,20.3,21149,63783,31.0,25.8,27.8,36.6,25.8,30.6,23.1
Scarborough,2021-10-20,74.1,1.9049999999999998,12.5,18.3,108.0,1012.9,33.7,7.2,240.0,20.9,21156,63755,31.0,25.0,27.9,37.8,25.0,30.9,22.8
Scarborough,2021-10-21,69.3,2.9972,4.17,17.2,95.1,1012.5,40.0,6.3,250.0,21.6,21163,63728,32.0,26.0,28.7,36.8,26.0,31.8,22.4
Scarborough,2021-10-22,76.3,0.0,0.0,16.1,94.7,1012.3,47.1,5.3,204.4,17.7,21171,63702,30.0,22.9,27.5,34.8,22.9,30.2,22.9
Scarborough,2021-10-23,67.6,5.0038,4.17,16.1,86.2,1011.9,29.7,6.6,252.0,21.9,21180,63677,32.0,26.2,28.5,36.8,26.2,31.0,21.8
Scarborough,2021-10-24,73.1,5.0038,4.17,12.8,91.0,1012.7,41.0,6.7,236.1,20.4,21189,63652,31.0,24.0,27.3,36.1,24.0,28.7,21.9
Scarborough,2021-10-25,75.5,0.8128,8.33,17.2,94.8,1012.9,49.2,5.3,166.7,14.4,21199,63628,30.2,25.0,28.1,36.2,25.0,31.5,23.3
Scarborough,2021-10-26,70.2,0.0,0.0,16.1,104.4,1012.9,38.0,5.6,240.0,21.0,21209,63605,31.0,27.0,28.6,35.5,29.4,31.9,22.6
Scarborough,2021-10-27,80.9,37.3126,12.5,23.0,103.9,1013.5,56.1,5.0,82.6,7.1,21220,63583,27.0,23.0,25.9,29.2,23.0,26.4,22.3
Scarborough,2021-10-28,78.7,6.095999999999999,8.33,13.9,112.3,1013.7,39.6,5.6,175.0,15.1,21232,63562,31.0,25.8,27.3,36.6,25.8,29.2,23.2
Scarborough,2021-10-29,77.5,0.0,0.0,15.0,101.8,1012.7,26.7,5.7,250.9,21.6,21245,63542,30.0,24.0,27.1,35.1,24.0,28.9,22.7
Scarborough,2021-10-30,72.9,0.0,0.0,11.4,96.3,1011.5,31.4,6.7,241.0,20.9,21258,63522,31.0,24.2,27.3,35.9,24.2,29.1,21.9
Scarborough,2021-10-31,75.2,0.2032,4.17,9.2,71.1,1012.3,40.7,6.8,210.2,18.1,21271,63504,31.0,24.0,26.8,35.5,24.0,28.2,21.9
Scarborough,2021-11-01,73.8,0.9143999999999999,8.33,16.1,90.8,1014.6,33.3,7.0,231.4,20.1,23127,64602,30.0,23.0,26.4,33.3,23.0,27.7,21.2
Scarborough,2021-11-02,72.4,0.1016,4.17,18.1,98.6,1013.2,41.5,6.2,258.7,22.3,23094,65378,30.0,23.0,26.2,32.6,23.0,27.1,20.7
Scarborough,2021-11-03,73.6,3.9115999999999995,12.5,11.4,73.8,1013.1,59.6,6.7,222.7,19.3,22335,65616,28.1,24.0,25.8,30.7,24.0,26.5,20.7
Scarborough,2021-11-04,76.6,0.0,0.0,12.8,117.5,1011.1,32.8,6.9,269.7,23.3,21222,65654,30.0,24.0,27.2,35.1,24.0,29.2,22.6
Scarborough,2021-11-05,74.2,0.0,0.0,17.2,95.2,1013.8,27.9,6.7,299.5,25.8,20462,65866,30.0,25.0,27.5,34.2,25.0,29.3,22.4
Scarborough,2021-11-06,81.4,0.0,0.0,13.9,105.4,1014.2,30.8,6.3,202.5,17.7,20379,66350,30.1,24.9,27.3,36.3,24.9,29.8,23.8
Scarborough,2021-11-07,83.5,13.7922,12.5,16.1,114.1,1013.1,41.7,6.4,172.7,14.9,20790,66632,29.0,24.9,26.6,34.6,24.9,28.7,23.6
Scarborough,2021-11-08,77.3,0.6096,4.17,9.2,59.5,1013.2,49.8,8.5,259.5,22.4,21140,66227,31.1,25.1,27.8,35.5,25.1,30.2,23.3
Scarborough,2021-11-09,71.9,0.0,0.0,12.8,108.2,1013.7,33.4,8.1,282.4,24.2,21155,65173,31.1,25.0,28.6,36.8,25.0,31.8,22.9
Scarborough,2021-11-10,74.1,0.0,0.0,13.9,103.3,1011.0,32.2,7.0,262.7,22.5,21113,64030,31.2,26.9,28.8,37.8,29.2,32.8,23.6
Scarborough,2021-11-11,68.5,0.0,0.0,12.8,99.9,1012.4,24.8,7.4,247.1,21.3,21465,63368,31.0,24.9,27.6,34.6,24.9,29.1,21.2
Scarborough,2021-11-12,80.8,11.4046,16.67,12.8,73.5,1009.5,49.0,6.3,183.0,15.8,22319,63647,30.0,24.0,25.9,33.3,24.0,26.8,22.3
Scarborough,2021-11-13,71.6,0.0,0.0,16.1,95.9,1011.4,33.7,7.3,233.2,20.1,21509,63357,31.0,24.8,27.6,35.5,24.8,29.5,21.9
Scarborough,2021-11-14,77.6,0.9143999999999999,29.17,17.7,73.7,1011.8,23.3,7.5,230.5,19.9,21532,63353,30.2,25.0,26.6,33.7,25.0,28.1,22.3
Scarborough,2021-11-15,69.7,0.0,0.0,17.2,96.3,1011.5,24.5,7.6,245.0,21.2,21555,63350,31.0,25.0,27.9,35.2,25.0,29.7,21.7
Scarborough,2021-11-16,67.9,0.0,0.0,12.8,83.4,1010.8,31.6,7.5,242.6,21.0,21579,63348,32.0,24.9,27.5,34.9,24.9,28.8,20.8
Scarborough,2021-11-17,69.3,0.0,0.0,15.0,94.2,1010.9,36.7,7.4,216.4,18.6,21604,63348,31.0,24.0,27.5,34.6,24.0,29.0,21.2
Scarborough,2021-11-18,77.4,2.0065999999999997,4.17,17.2,90.5,1010.9,52.2,7.0,199.6,17.2,21629,63348,30.0,24.0,26.3,33.3,24.0,27.5,22.0
Scarborough,2021-11-19,79.5,3.4036,12.5,12.8,107.1,1010.8,44.8,6.8,202.3,17.6,21655,63350,30.0,24.0,26.5,34.2,24.0,27.9,22.6
Scarborough,2021-11-20,71.2,0.0,0.0,13.9,97.0,1010.5,34.1,7.5,226.8,19.6,21681,63353,30.7,24.8,27.2,34.0,24.8,28.7,21.4
Scarborough,2021-11-21,73.1,0.0,0.0,13.4,101.0,1011.3,37.7,8.3,237.4,20.4,21708,63356,31.0,24.8,27.5,36.6,24.8,29.4,22.2
Scarborough,2021-11-22,73.5,0.0,0.0,13.6,70.6,1010.6,42.3,7.9,197.6,17.1,21736,63361,32.0,25.0,27.3,35.8,25.0,28.8,21.9
Scarborough,2021-11-23,76.5,0.508,8.33,13.9,98.8,1011.0,40.3,7.9,204.0,17.7,21763,63367,30.0,24.2,27.1,34.2,24.2,28.8,22.6
Scarborough,2021-11-24,75.2,0.1016,4.17,12.3,89.2,1011.5,45.9,8.1,227.0,19.6,21792,63374,32.0,25.0,27.8,39.2,25.0,30.2,22.9
Scarborough,2021-11-25,76.8,1.0921999999999998,8.33,6.9,75.6,1010.8,37.0,7.5,194.1,16.9,21820,63382,31.0,24.0,27.1,36.6,24.0,29.1,22.6
Scarborough,2021-11-26,77.4,0.0,0.0,11.4,120.9,1010.6,39.4,8.2,179.1,15.5,21850,63392,30.7,24.8,27.4,37.4,24.8,30.0,23.1
Scarborough,2021-11-27,77.3,0.0,0.0,11.4,103.2,1011.3,39.5,7.7,194.2,16.8,21879,63402,32.0,25.0,27.5,36.8,25.0,29.7,23.1
Scarborough,2021-11-28,73.9,0.3048,4.17,16.1,106.6,1011.2,33.3,7.2,229.6,20.0,21909,63413,31.1,25.0,27.9,36.6,25.0,30.0,22.7
Scarborough,2021-11-29,69.8,2.9972,4.17,15.0,94.3,1011.3,35.8,7.9,241.7,21.0,21939,63425,31.0,25.0,27.7,34.6,25.0,29.2,21.6
Scarborough,2021-11-30,79.2,16.002,8.33,15.7,94.5,1011.8,45.6,6.9,181.9,15.7,21970,63439,31.0,24.9,26.7,36.2,24.9,28.2,22.7
Scarborough,2021-12-01,71.5,0.0,0.0,16.1,98.1,1013.9,31.9,6.9,254.1,21.9,23142,64634,30.0,23.0,26.3,33.3,23.0,27.3,20.6
Scarborough,2021-12-02,72.1,0.1016,4.17,19.7,95.6,1013.3,36.9,6.2,210.6,18.3,23076,65394,30.0,23.9,26.9,33.3,23.9,28.1,21.4
Scarborough,2021-12-03,72.2,0.0,0.0,16.1,102.8,1013.4,35.2,6.8,198.8,17.1,22300,65618,30.2,25.0,27.0,34.4,25.0,28.4,21.5
Scarborough,2021-12-04,79.6,0.0,0.0,15.0,127.5,1011.5,39.8,6.8,244.3,21.0,21189,65656,30.0,26.0,27.7,36.2,26.0,30.6,23.8
Scarborough,2021-12-05,76.2,2.0065999999999997,4.17,17.2,101.7,1013.9,53.1,6.8,273.7,23.6,20448,65878,30.0,23.8,26.7,36.2,23.8,28.4,22.1
Scarborough,2021-12-06,77.0,0.0,0.0,15.0,104.5,1013.6,28.0,6.4,272.7,23.6,20387,66365,30.0,24.9,27.6,35.1,24.9,29.8,23.1
Scarborough,2021-12-07,75.9,0.9905999999999999,4.17,17.2,93.3,1014.2,36.1,6.6,260.7,22.5,20806,66632,30.2,26.0,27.8,35.2,26.0,30.1,23.1
Scarborough,2021-12-08,80.9,18.008599999999998,4.17,8.1,58.2,1012.5,41.7,6.4,214.0,18.4,21145,66201,30.0,24.9,26.5,35.7,24.9,27.9,22.9
Scarborough,2021-12-09,75.0,0.0,0.0,10.3,118.0,1014.2,34.2,7.6,288.1,25.1,21152,65134,31.2,26.0,28.3,36.6,26.0,31.4,23.4
Scarborough,2021-12-10,78.5,0.8128,8.33,15.0,129.7,1011.5,40.3,7.0,254.2,22.2,21116,63997,32.0,25.8,28.5,39.2,25.8,32.4,24.3
Scarborough,2021-12-11,72.0,0.0,0.0,16.1,94.7,1012.3,27.7,7.2,233.4,20.1,21487,63362,31.0,24.9,27.7,35.5,24.9,29.7,22.1
Scarborough,2021-12-12,83.7,13.97,12.5,17.2,85.8,1010.4,49.5,6.5,97.6,8.5,22352,63671,29.1,24.0,25.3,33.6,24.0,25.9,22.3
Scarborough,2021-12-13,81.9,16.7132,12.5,13.9,81.7,1011.2,55.4,6.3,95.5,8.3,22384,63696,29.0,24.0,25.8,33.6,24.0,26.6,22.4
Scarborough,2021-12-14,81.3,30.4038,12.5,15.4,92.3,1011.5,58.6,6.0,128.1,11.0,22415,63722,29.1,24.0,26.0,32.8,24.0,26.9,22.5
Scarborough,2021-12-15,73.9,0.4064,8.33,15.0,86.6,1011.2,41.5,7.3,133.2,11.5,22447,63748,30.0,25.0,27.1,35.1,25.0,28.8,21.9
Scarborough,2021-12-16,69.4,0.0,0.0,16.1,85.3,1011.1,31.5,7.3,217.0,18.8,22479,63775,31.0,24.8,27.0,34.6,24.8,28.2,20.8
Scarborough,2021-12-17,73.6,0.9905999999999999,4.17,23.0,67.6,1011.4,54.6,7.0,180.7,15.6,22510,63802,30.0,24.2,26.6,33.3,24.2,27.6,21.4
Scarborough,2021-12-18,67.9,0.2032,4.17,11.4,75.1,1012.1,47.3,7.1,188.4,16.5,22541,63830,30.7,25.0,27.3,33.3,25.0,28.3,20.7
Scarborough,2021-12-19,68.4,0.0,0.0,17.2,91.3,1011.4,28.1,7.2,206.8,17.9,22572,63859,30.1,24.0,26.9,33.3,24.0,28.1,20.5
Scarborough,2021-12-20,68.9,0.0,0.0,12.8,82.9,1010.9,31.8,7.1,188.8,16.4,22602,63888,30.2,25.0,27.2,35.1,25.0,28.5,20.8
Scarborough,2021-12-21,75.7,6.985,8.33,16.1,93.5,1010.6,48.8,6.0,197.5,17.0,22632,63918,30.0,23.9,26.8,33.3,23.9,28.2,22.0
Scarborough,2021-12-22,75.1,5.0038,4.17,20.4,90.1,1011.5,40.0,6.8,186.9,16.1,22662,63948,30.0,25.0,27.3,35.1,25.0,29.4,22.4
Scarborough,2021-12-23,75.8,2.0065999999999997,4.17,18.3,102.8,1012.1,38.6,7.0,236.6,20.4,22691,63978,30.0,24.9,27.1,34.2,24.9,28.8,22.3
Scarborough,2021-12-24,80.7,1.4986,8.33,16.1,99.2,1012.0,50.7,6.6,186.4,16.1,22720,64009,29.0,24.0,26.4,33.6,24.0,27.8,22.8
Scarborough,2021-12-25,74.2,0.2032,8.33,16.8,91.8,1012.3,46.3,8.2,229.7,19.9,22748,64040,29.0,24.0,26.5,32.8,24.0,27.4,21.5
Scarborough,2021-12-26,70.3,0.0,0.0,10.3,91.0,1013.0,30.5,8.7,217.2,18.7,22776,64072,30.0,23.0,26.3,31.9,23.0,27.1,20.3
Scarborough,2021-12-27,71.1,0.1016,4.17,16.1,94.1,1012.4,31.6,8.4,224.8,19.6,22803,64104,30.0,24.0,26.6,33.3,24.0,27.7,20.8
Scarborough,2021-12-28,69.4,0.0,0.0,15.0,89.6,1013.1,32.5,8.2,217.3,18.7,22830,64136,29.0,23.0,26.2,31.4,23.0,27.1,20.1
Scarborough,2021-12-29,76.5,0.7874,4.17,9.2,59.4,1013.5,51.8,7.4,216.2,18.7,22856,64168,30.0,23.0,25.6,33.3,23.0,26.7,21.1
Scarborough,2021-12-30,73.5,0.9905999999999999,4.17,17.2,94.5,1012.9,50.2,7.5,223.8,19.5,22881,64201,30.0,23.1,26.2,33.3,23.1,27.3,20.9
Scarborough,2021-12-31,70.7,0.0,0.0,16.1,98.3,1013.1,36.7,8.0,229.4,19.7,22906,64234,30.0,23.0,25.4,32.6,23.0,26.0,19.5
Scarborough,2022-01-01,75.9,0.508,8.33,21.5,89.4,1013.8,44.3,7.6,217.3,18.6,22929,64267,29.1,23.0,25.5,31.4,23.0,26.0,20.8
Scarborough,2022-01-02,72.1,0.4064,4.17,16.1,103.4,1013.1,27.4,7.9,244.5,21.0,23215,65181,30.0,24.0,26.9,33.3,24.0,28.1,21.3
Scarborough,2022-01-03,80.5,6.400799999999999,12.5,13.9,84.7,1012.7,52.4,6.6,196.9,17.2,22669,65572,29.0,24.0,25.6,32.8,24.0,26.3,21.9
Scarborough,2022-01-04,70.2,0.0,0.0,20.8,89.7,1013.5,43.8,7.0,254.1,21.9,21582,65639,29.0,25.0,26.8,32.0,25.0,27.7,20.9
Scarborough,2022-01-05,68.5,0.0,0.0,16.1,92.1,1014.0,31.2,6.4,276.2,23.9,20656,65759,30.0,25.8,27.7,33.3,25.8,29.2,21.3
Scarborough,2022-01-06,70.4,0.2032,8.33,13.4,88.8,1011.8,49.1,8.3,260.2,22.6,20327,66180,31.0,24.0,27.5,33.8,24.0,28.9,21.4
Scarborough,2022-01-07,82.3,13.4112,12.5,11.4,129.1,1011.3,48.9,6.7,83.2,7.3,20631,66595,29.0,23.0,26.1,33.6,23.0,27.8,22.8
Scarborough,2022-01-08,76.8,0.0,0.0,13.9,61.6,1012.8,40.1,6.9,249.2,21.5,21062,66449,31.8,25.0,28.2,39.7,25.0,31.6,23.6
Scarborough,2022-01-09,71.2,0.0,0.0,9.2,74.1,1009.9,29.2,6.7,294.3,25.3,21178,65566,32.1,24.8,28.1,38.1,24.8,30.6,22.3
Scarborough,2022-01-10,76.9,0.0,0.0,12.8,107.4,1012.6,41.1,7.3,275.0,23.8,21107,64397,31.1,26.2,28.8,36.6,26.2,33.2,24.3
Scarborough,2022-01-11,87.3,4.699,8.33,11.4,59.4,1012.0,40.5,7.3,201.7,17.6,21283,63491,30.0,25.0,26.8,37.2,25.0,29.1,24.5
Scarborough,2022-01-12,80.0,0.9905999999999999,4.17,16.1,70.7,1009.4,42.4,7.3,199.4,17.4,21994,63450,30.0,23.9,25.8,35.1,23.9,27.0,22.1
Scarborough,2022-01-13,69.9,0.0,0.0,15.0,104.0,1013.6,24.7,8.9,241.4,20.9,23152,64658,29.1,22.8,25.9,31.4,22.8,26.7,19.9
Scarborough,2022-01-14,74.1,0.0,0.0,12.8,115.0,1014.0,29.0,8.3,240.0,20.7,23165,64690,29.3,23.0,26.4,32.6,23.0,27.7,21.3
Scarborough,2022-01-15,75.8,0.1016,4.17,16.1,108.9,1014.5,37.3,7.9,207.5,18.0,23177,64721,30.0,25.0,27.3,34.2,25.0,29.0,22.6
Scarborough,2022-01-16,73.9,0.6096,4.17,17.9,90.1,1013.8,30.6,7.3,203.1,17.6,23187,64752,30.0,23.9,26.7,34.2,23.9,27.9,21.4
Scarborough,2022-01-17,70.1,0.508,4.17,16.1,104.3,1013.6,40.0,7.1,203.3,17.7,23197,64782,30.0,23.0,26.0,33.3,23.0,26.8,20.1
Scarborough,2022-01-18,74.1,4.1148,12.5,16.1,100.3,1013.8,50.2,7.2,220.3,19.0,23206,64812,30.0,23.2,25.9,33.3,23.2,26.5,20.8
Scarborough,2022-01-19,74.7,2.9972,8.33,19.0,93.5,1015.1,36.9,8.1,236.4,20.3,23213,64842,29.0,23.0,25.8,32.0,23.0,26.6,20.8
Scarborough,2022-01-20,67.6,0.0,0.0,16.1,97.5,1014.0,26.9,8.3,238.5,20.6,23220,64871,30.0,23.0,26.4,31.9,23.0,27.1,19.7
Scarborough,2022-01-21,70.1,0.1016,4.17,20.6,66.7,1013.0,43.9,7.5,209.0,18.0,23225,64900,29.0,23.2,26.4,30.3,23.2,27.2,20.4
Scarborough,2022-01-22,66.4,0.7874,4.17,10.3,82.8,1013.2,25.9,7.9,246.3,21.2,23230,64928,30.0,23.0,25.7,30.9,23.0,26.2,18.8
Scarborough,2022-01-23,65.0,0.0,0.0,15.0,99.5,1012.4,27.8,8.2,245.1,21.1,23233,64956,30.0,23.0,26.1,31.9,23.0,26.7,18.8
Scarborough,2022-01-24,69.7,0.0,0.0,15.0,98.3,1012.3,29.7,8.6,238.3,20.7,23235,64983,29.0,23.2,26.2,32.0,23.2,27.3,20.2
Scarborough,2022-01-25,67.3,0.0,0.0,15.0,95.2,1012.6,32.0,8.6,252.1,22.0,23236,65010,30.0,23.0,26.0,31.9,23.0,26.7,19.3
Scarborough,2022-01-26,67.9,1.2953999999999999,8.33,12.8,108.5,1013.0,36.9,8.5,237.1,20.4,23237,65036,30.0,23.0,25.8,30.8,23.0,26.4,19.3
Scarborough,2022-01-27,74.2,0.2032,4.17,13.9,98.4,1012.9,56.2,7.3,206.5,17.9,23236,65062,29.0,23.0,25.1,31.4,23.0,25.6,20.1
Scarborough,2022-01-28,64.8,0.0,0.0,11.4,100.4,1012.4,26.9,8.0,259.6,22.2,23234,65087,29.0,22.0,25.7,30.3,22.0,26.1,18.4
Scarborough,2022-01-29,70.9,0.1016,4.17,11.4,70.6,1012.2,35.1,8.1,241.9,20.9,23231,65111,29.0,22.9,25.2,30.3,22.9,25.7,19.4
Scarborough,2022-01-30,75.4,7.416799999999999,12.5,15.7,90.1,1012.9,40.7,7.7,219.6,18.9,23227,65135,29.0,22.9,25.8,32.0,22.9,26.8,21.0
Scarborough,2022-01-31,73.3,0.0,0.0,18.3,115.4,1012.7,47.5,7.6,224.5,19.5,23221,65159,30.0,23.9,26.3,33.0,23.9,27.3,21.1
Scarborough,2022-02-01,70.5,0.7874,4.17,15.0,69.5,1014.3,54.1,7.2,186.3,16.1,22953,64300,29.0,23.0,25.7,31.3,23.0,26.3,19.8
Scarborough,2022-02-02,70.8,0.0,0.0,16.1,104.5,1013.1,24.5,7.7,249.3,21.5,23208,65204,30.0,24.0,26.8,34.2,24.0,28.1,21.1
Scarborough,2022-02-03,74.6,0.2032,4.17,15.0,87.1,1012.6,30.9,7.2,257.2,22.2,22638,65578,30.0,23.9,26.4,33.0,23.9,27.6,21.4
Scarborough,2022-02-04,67.1,0.0,0.0,18.3,83.6,1013.5,39.4,7.3,258.1,22.3,21546,65640,30.0,23.0,26.7,32.6,23.0,27.6,19.9
Scarborough,2022-02-05,70.6,0.2032,4.17,19.7,86.5,1014.4,33.2,6.5,282.9,24.5,20634,65768,31.0,24.0,27.6,34.6,24.0,29.4,21.7
Scarborough,2022-02-06,82.4,20.777199999999997,12.5,13.9,91.4,1012.5,53.7,6.9,68.9,5.9,20329,66197,30.0,24.0,25.9,36.2,24.0,26.8,22.6
Scarborough,2022-02-07,79.2,2.1082,8.33,17.2,103.2,1013.2,37.9,8.5,246.3,21.2,20646,66602,30.0,26.7,27.9,36.2,28.8,31.9,23.9
Scarborough,2022-02-08,75.5,0.3048,8.33,19.7,84.2,1011.7,35.5,7.1,279.2,24.3,21072,66431,31.0,25.0,28.2,36.6,25.0,31.0,23.3
Scarborough,2022-02-09,71.4,0.0,0.0,5.8,130.8,1010.2,32.0,7.8,284.4,24.5,21177,65529,31.0,24.9,28.2,36.6,24.9,30.9,22.4
Scarborough,2022-02-10,83.2,8.001,8.33,10.3,60.7,1013.6,41.7,6.8,250.8,21.6,21106,64359,31.0,25.0,27.5,39.1,25.0,30.6,24.4
Scarborough,2022-02-11,85.3,7.289799999999999,12.5,11.4,71.2,1012.6,49.6,7.3,193.7,16.9,21297,63474,29.1,24.1,26.8,34.6,24.1,29.0,24.1
Scarborough,2022-02-12,81.6,7.010400000000001,12.5,15.0,77.5,1009.8,50.3,7.0,199.2,17.4,22025,63465,30.0,23.0,26.1,35.1,23.0,27.5,22.6
Scarborough,2022-02-13,64.7,0.0,0.0,17.2,96.9,1012.7,26.7,7.5,263.6,22.8,23063,65406,30.0,23.0,26.1,31.3,23.0,26.6,18.7
Scarborough,2022-02-14,64.4,0.0,0.0,13.9,95.7,1013.0,30.6,7.8,267.2,23.0,23044,65420,30.0,23.0,26.2,31.2,23.0,26.6,18.7
Scarborough,2022-02-15,70.7,0.0,0.0,18.3,88.9,1014.3,32.4,6.3,249.6,21.6,23025,65434,31.0,23.0,26.9,34.6,23.0,28.2,21.0
Scarborough,2022-02-16,65.4,0.0,0.0,18.3,98.0,1015.3,27.5,6.3,263.6,22.7,23004,65448,30.0,24.9,27.2,31.9,24.9,28.1,20.1
Scarborough,2022-02-17,65.9,0.7874,4.17,13.9,73.4,1014.7,25.7,6.6,271.0,23.4,22983,65461,30.0,24.0,26.3,32.6,24.0,26.9,19.3
Scarborough,2022-02-18,70.2,0.0,0.0,15.0,101.5,1012.6,26.2,7.1,265.1,22.8,22961,65473,30.0,23.0,26.1,31.9,23.0,26.9,20.1
Scarborough,2022-02-19,77.3,48.00599999999999,8.33,8.1,107.4,1012.9,38.7,6.8,252.9,21.9,22938,65484,29.0,22.0,24.3,30.8,22.0,24.6,20.0
Scarborough,2022-02-20,68.4,0.0,0.0,16.1,81.9,1013.1,25.0,7.6,246.8,21.4,22914,65496,29.0,22.8,25.9,30.8,22.8,26.6,19.5
Scarborough,2022-02-21,72.4,0.2032,4.17,10.3,59.6,1013.8,32.3,7.2,246.5,21.3,22890,65506,29.0,24.0,25.7,30.8,24.0,26.3,20.3
Scarborough,2022-02-22,75.8,6.095999999999999,8.33,14.8,46.8,1013.2,41.5,6.9,187.1,16.2,22864,65516,28.0,24.0,25.9,30.7,24.0,26.7,21.3
Scarborough,2022-02-23,74.0,0.0,0.0,13.9,49.2,1011.9,41.3,6.6,202.4,17.4,22838,65525,28.8,24.9,26.2,31.7,24.9,27.1,21.2
Scarborough,2022-02-24,75.9,0.1016,4.17,14.1,44.5,1012.4,48.8,6.6,191.3,16.5,22812,65534,29.0,24.0,26.0,32.0,24.0,26.9,21.4
Scarborough,2022-02-25,81.3,19.7866,8.33,13.9,62.6,1013.8,68.7,6.8,115.9,10.1,22784,65543,28.0,22.8,25.1,30.7,22.8,25.5,21.5
Scarborough,2022-02-26,80.8,32.9946,12.5,16.1,84.3,1014.2,65.1,5.9,92.3,8.1,22756,65551,29.0,22.8,25.4,32.1,22.8,26.3,21.8
Scarborough,2022-02-27,77.2,0.3048,8.33,21.5,76.1,1013.2,48.5,6.4,167.7,14.3,22728,65558,28.0,24.0,25.9,31.3,24.0,26.7,21.6
Scarborough,2022-02-28,78.1,0.3048,4.17,17.7,76.9,1012.4,60.7,6.5,216.2,18.7,22699,65565,28.0,24.0,25.9,31.9,24.0,26.8,21.7
Scarborough,2022-03-01,72.2,2.1082,8.33,16.1,80.6,1014.8,29.7,7.5,210.4,18.3,22975,64333,30.0,23.0,26.0,32.6,23.0,26.9,20.4
Scarborough,2022-03-02,70.0,0.0,0.0,15.0,97.3,1013.5,25.0,8.2,260.6,22.5,23200,65225,30.0,23.9,26.2,32.6,23.9,27.2,20.2
Scarborough,2022-03-03,71.9,0.0,0.0,16.1,80.3,1012.4,32.4,7.2,257.2,22.3,22607,65584,30.2,23.9,26.7,34.2,23.9,28.2,21.2
Scarborough,2022-03-04,65.0,0.0,0.0,17.7,89.0,1012.8,35.2,7.3,272.6,23.4,21510,65641,30.0,24.0,26.9,31.9,24.0,27.6,19.7
Scarborough,2022-03-05,69.0,0.0,0.0,19.7,87.4,1013.8,29.1,6.8,289.3,24.9,20613,65777,31.0,25.0,27.7,35.5,25.0,29.7,21.5
Scarborough,2022-03-06,82.1,13.4112,8.33,16.1,88.5,1013.0,48.4,6.7,196.4,17.0,20331,66214,30.0,24.0,26.7,35.1,24.0,28.8,23.3
Scarborough,2022-03-07,73.3,0.0,0.0,19.9,85.7,1014.6,35.7,7.9,283.7,24.6,20662,66608,30.0,26.0,27.9,34.2,26.0,30.6,22.6
Scarborough,2022-03-08,85.3,40.9956,12.5,11.4,76.3,1012.1,53.2,6.5,205.9,17.7,21081,66413,27.2,23.9,25.3,30.4,23.9,26.1,22.7
Scarborough,2022-03-09,75.0,4.699,8.33,11.4,136.2,1011.1,47.7,8.1,240.8,20.8,21175,65492,31.0,24.8,28.4,37.8,24.8,32.0,23.4
Scarborough,2022-03-10,83.1,18.415,12.5,9.4,36.1,1012.1,50.6,6.9,212.5,18.5,21105,64322,30.9,24.0,26.9,37.8,24.0,29.1,23.7
Scarborough,2022-03-11,83.7,0.9905999999999999,4.17,14.1,64.3,1012.3,61.9,6.8,197.0,17.1,21313,63459,30.8,25.8,27.2,38.6,25.8,29.7,24.2
Scarborough,2022-03-12,83.2,0.9905999999999999,4.17,13.6,52.9,1010.2,45.3,7.4,192.9,16.7,22056,63481,28.0,24.0,25.8,31.9,24.0,26.9,22.8
Scarborough,2022-03-13,66.0,0.0,0.0,17.2,73.4,1013.4,30.7,7.2,292.4,25.2,22274,65621,30.0,23.0,26.4,31.9,23.0,27.2,19.4
Scarborough,2022-03-14,66.8,0.0,0.0,20.6,80.7,1013.3,39.4,7.2,282.0,24.5,22239,65623,29.1,23.9,26.4,30.8,23.9,27.1,19.6
Scarborough,2022-03-15,70.5,3.0987999999999998,8.33,21.9,64.4,1013.0,49.5,6.0,232.6,20.1,22203,65624,30.0,24.9,26.4,32.1,24.9,27.3,20.6
Scarborough,2022-03-16,66.0,0.9905999999999999,4.17,18.3,71.2,1013.4,37.5,6.7,254.5,21.9,22167,65626,30.0,23.8,26.6,32.6,23.8,27.3,19.5
Scarborough,2022-03-17,67.4,0.0,0.0,20.8,77.0,1013.7,30.4,6.7,273.5,23.7,22131,65628,30.0,23.0,25.9,31.9,23.0,26.4,19.3
Scarborough,2022-03-18,70.3,5.9944,4.17,18.3,84.1,1013.7,33.9,6.8,278.9,24.1,22095,65629,29.0,23.7,26.4,31.4,23.7,27.3,20.5
Scarborough,2022-03-19,69.9,0.1016,4.17,21.0,85.9,1013.9,35.5,6.8,264.2,22.9,22059,65630,30.0,24.4,26.9,33.3,24.4,28.0,20.9
Scarborough,2022-03-20,68.3,0.1016,4.17,19.7,79.2,1013.5,30.9,7.0,274.7,23.9,22022,65631,29.8,24.0,26.2,31.4,24.0,26.9,19.8
Scarborough,2022-03-21,68.0,0.0,0.0,19.2,84.7,1012.5,32.5,7.3,293.4,25.4,21986,65632,29.1,23.0,26.3,31.4,23.0,27.2,19.8
Scarborough,2022-03-22,69.3,0.0,0.0,15.7,88.1,1013.0,29.6,7.4,300.8,26.0,21949,65633,30.0,23.0,26.3,31.9,23.0,27.1,20.1
Scarborough,2022-03-23,67.7,0.0,0.0,17.2,84.3,1013.6,26.4,8.0,293.0,25.4,21912,65634,30.1,23.0,26.5,32.6,23.0,27.3,19.9
Scarborough,2022-03-24,73.7,0.3048,12.5,25.1,65.9,1013.8,29.1,7.3,268.4,23.3,21876,65634,29.0,23.9,26.1,30.8,23.9,26.3,21.0
Scarborough,2022-03-25,68.6,0.0,0.0,24.2,82.7,1012.6,35.7,7.3,260.4,22.5,21839,65635,30.0,25.0,27.1,33.3,25.0,27.9,20.7
Scarborough,2022-03-26,66.9,0.0,0.0,21.5,89.4,1012.2,33.5,7.3,300.6,26.1,21802,65636,29.8,25.0,26.9,31.7,25.0,27.8,20.2
Scarborough,2022-03-27,70.3,0.1016,4.17,19.2,87.3,1013.0,42.3,7.1,260.8,22.5,21765,65636,29.9,25.0,26.7,32.8,25.0,27.7,20.8
Scarborough,2022-03-28,69.2,0.0,0.0,18.3,81.6,1013.7,30.0,7.1,290.9,25.3,21728,65637,30.0,24.0,26.7,33.3,24.0,27.8,20.6
Scarborough,2022-03-29,68.7,0.1016,4.17,19.5,81.7,1014.0,45.4,7.1,306.1,26.3,21692,65637,29.0,23.0,26.2,30.9,23.0,26.9,19.9
Scarborough,2022-03-30,72.7,0.2032,8.33,18.6,50.6,1012.6,57.9,6.8,276.4,23.7,21655,65638,28.1,23.0,25.4,30.1,23.0,25.9,20.1
Scarborough,2022-03-31,70.1,0.508,4.17,19.7,85.3,1012.6,52.8,6.9,275.5,23.8,21619,65639,30.0,24.0,26.9,32.6,24.0,27.8,20.9
Scarborough,2022-04-01,75.4,0.9905999999999999,4.17,13.9,99.3,1013.5,38.3,7.7,224.8,19.5,22997,64366,29.0,23.0,25.3,31.4,23.0,26.1,20.6
Scarborough,2022-04-02,66.6,0.0,0.0,15.0,105.7,1013.4,34.3,8.7,260.0,22.5,23191,65246,30.0,23.0,25.9,31.9,23.0,26.4,19.1
Scarborough,2022-04-03,69.7,0.0,0.0,19.7,81.1,1012.3,41.3,7.2,267.6,23.1,22576,65589,30.0,24.0,26.4,32.6,24.0,27.2,20.4
Scarborough,2022-04-04,67.8,0.0,0.0,16.3,92.4,1012.6,26.9,7.3,296.6,25.7,21474,65642,30.0,25.0,26.9,32.6,25.0,27.9,20.4
Scarborough,2022-04-05,68.1,0.0,0.0,17.2,83.2,1013.1,40.4,7.1,211.6,18.3,20592,65786,31.0,25.0,27.7,34.6,25.0,29.5,21.2
Scarborough,2022-04-06,77.1,2.0065999999999997,4.17,20.8,87.5,1012.5,48.6,6.9,232.6,19.9,20335,66231,31.0,25.8,28.0,36.6,25.8,31.1,23.6
Scarborough,2022-04-07,72.3,0.0,0.0,16.1,72.9,1014.1,48.7,7.2,249.1,21.5,20677,66614,31.1,25.0,27.6,35.6,25.0,29.2,22.1
Scarborough,2022-04-08,79.6,0.8128,8.33,15.0,92.8,1012.3,45.9,6.7,234.5,20.3,21089,66393,29.2,24.4,26.7,33.9,24.4,28.6,22.9
Scarborough,2022-04-09,75.1,1.016,8.33,15.0,120.6,1011.6,43.0,7.0,221.4,19.1,21174,65454,30.0,26.2,28.3,36.2,26.2,32.1,23.5
Scarborough,2022-04-10,83.7,29.9974,4.17,6.9,10.2,1009.7,44.5,7.4,233.1,20.2,21105,64285,30.1,25.0,27.4,37.8,25.0,30.4,24.3
Scarborough,2022-04-11,89.9,5.1054,8.33,11.5,108.5,1011.5,48.9,6.3,177.0,15.3,21329,63444,28.2,23.0,25.3,32.2,23.0,25.7,23.5
Scarborough,2022-04-12,87.3,3.4036,8.33,8.1,25.5,1008.9,51.2,7.5,189.0,16.3,22088,63498,27.1,23.7,24.9,30.2,23.7,25.4,22.6
Scarborough,2022-04-13,65.1,0.0,0.0,18.3,84.8,1012.5,35.0,6.7,251.9,21.8,21165,65659,31.1,24.0,27.5,33.6,24.0,28.7,20.2
Scarborough,2022-04-14,66.1,0.0,0.0,20.8,90.9,1012.2,31.5,6.7,280.3,24.2,21132,65662,30.8,25.0,27.6,34.1,25.0,29.0,20.7
Scarborough,2022-04-15,69.1,0.1016,4.17,19.7,90.8,1012.8,44.0,6.7,282.7,24.4,21100,65665,30.0,24.9,27.3,32.6,24.9,28.6,21.1
Scarborough,2022-04-16,67.6,0.1016,4.17,19.7,89.8,1012.7,38.3,6.7,271.1,23.5,21068,65669,31.0,25.0,27.7,34.6,25.0,29.3,21.0
Scarborough,2022-04-17,69.2,0.0,0.0,16.1,95.2,1012.6,33.8,6.7,288.8,24.9,21037,65672,30.2,24.9,27.4,33.3,24.9,28.7,21.2
Scarborough,2022-04-18,73.6,2.2097999999999995,8.33,15.0,101.5,1012.6,44.7,6.6,216.2,18.8,21006,65676,30.0,26.0,26.7,33.1,26.0,27.9,21.6
Scarborough,2022-04-19,72.3,2.0065999999999997,4.17,16.1,95.4,1012.6,50.1,6.8,259.4,22.4,20975,65681,31.0,23.9,26.8,34.6,23.9,28.1,21.3
Scarborough,2022-04-20,74.5,1.6764,12.5,17.9,77.3,1012.4,46.4,6.8,268.7,23.1,20946,65685,29.0,24.0,25.9,32.0,24.0,26.7,20.9
Scarborough,2022-04-21,68.4,0.0,0.0,13.9,88.9,1012.6,36.1,7.9,290.9,25.2,20916,65690,30.0,23.1,26.3,31.9,23.1,27.0,19.8
Scarborough,2022-04-22,65.7,0.0,0.0,15.0,79.6,1011.8,35.5,8.1,291.3,25.3,20887,65696,30.0,24.0,26.4,32.6,24.0,27.2,19.4
Scarborough,2022-04-23,74.1,5.0038,4.17,10.3,66.4,1011.4,33.4,7.6,287.8,24.8,20859,65701,29.0,22.8,25.2,30.8,22.8,25.6,20.1
Scarborough,2022-04-24,71.0,0.0,0.0,17.2,87.8,1011.3,41.4,7.6,255.4,22.1,20832,65707,29.1,23.7,26.5,32.0,23.7,27.6,20.7
Scarborough,2022-04-25,81.7,3.2003999999999997,12.5,9.2,56.9,1011.0,47.0,6.9,218.1,18.7,20805,65714,29.0,24.0,26.5,34.6,24.0,28.1,23.1
Scarborough,2022-04-26,85.0,3.9878,4.17,10.3,85.9,1010.5,62.4,7.3,169.1,14.6,20778,65720,28.0,24.0,25.5,31.3,24.0,25.7,22.8
Scarborough,2022-04-27,78.0,0.4064,4.17,9.2,108.9,1010.4,41.8,7.6,211.7,18.1,20753,65727,30.0,24.0,27.0,34.2,24.0,28.8,22.7
Scarborough,2022-04-28,75.7,0.0,0.0,13.9,96.9,1011.1,41.1,7.2,230.4,19.9,20728,65735,30.0,25.0,27.4,34.2,25.0,29.6,22.6
Scarborough,2022-04-29,76.1,0.6096,4.17,13.9,110.7,1011.8,47.0,6.6,270.9,23.4,20703,65742,31.0,26.8,28.0,36.6,29.3,31.6,23.4
Scarborough,2022-04-30,71.6,0.0,0.0,17.9,107.5,1013.1,31.1,6.5,274.6,23.7,20680,65750,31.0,26.8,28.2,35.5,28.8,31.1,22.5
Scarborough,2022-05-01,69.9,0.0,0.0,13.9,105.3,1012.5,24.1,9.5,251.3,21.7,23018,64399,29.0,21.9,25.1,30.6,21.9,25.6,19.0
Scarborough,2022-05-02,69.9,0.0,0.0,13.9,97.5,1012.7,35.6,7.9,234.9,20.3,23180,65266,30.0,23.8,26.3,32.6,23.8,27.3,20.2
Scarborough,2022-05-03,74.2,5.9944,4.17,19.7,77.7,1012.4,49.2,6.5,251.7,21.7,22544,65594,29.2,23.0,25.4,31.4,23.0,25.8,20.4
Scarborough,2022-05-04,68.0,0.0,0.0,19.7,92.1,1012.6,32.4,6.9,279.3,24.2,21439,65643,30.2,25.0,27.2,32.8,25.0,28.3,20.7
Scarborough,2022-05-05,69.6,0.0,0.0,17.2,84.1,1013.5,38.7,7.5,266.4,23.0,20571,65796,31.0,24.9,27.8,34.6,24.9,29.6,21.6
Scarborough,2022-05-06,76.5,3.7083999999999997,12.5,21.9,90.3,1013.0,45.3,6.7,260.3,22.6,20339,66248,30.0,25.0,27.3,34.7,25.0,29.3,22.7
Scarborough,2022-05-07,85.4,15.290799999999999,16.67,12.8,86.1,1013.4,58.4,6.3,156.8,13.6,20693,66619,28.0,23.9,25.6,31.9,23.9,26.5,22.9
Scarborough,2022-05-08,81.1,4.2926,8.33,16.6,86.2,1011.1,48.3,7.0,232.9,20.3,21098,66372,30.1,25.0,27.3,37.4,25.0,30.3,23.8
Scarborough,2022-05-09,83.4,30.987999999999996,8.33,11.4,115.3,1013.3,52.7,6.8,103.2,8.9,21172,65416,27.9,23.9,26.0,31.1,23.9,27.5,22.9
Scarborough,2022-05-10,91.7,17.983199999999997,8.33,16.1,136.8,1008.3,59.1,5.1,49.9,4.4,21105,64249,27.9,23.7,25.4,33.1,23.7,26.3,23.9
Scarborough,2022-05-11,84.6,0.0,0.0,8.1,125.1,1010.4,39.2,7.5,168.1,14.5,21346,63430,29.7,24.0,26.8,34.9,24.0,29.1,23.9
Scarborough,2022-05-12,86.4,5.206999999999999,8.33,10.3,352.4,1009.5,51.0,7.6,219.4,18.9,22120,63516,29.0,23.0,25.2,33.6,23.0,25.8,22.8
Scarborough,2022-05-13,81.7,29.9974,16.67,16.1,88.4,1013.0,57.7,6.5,273.0,23.5,20438,65889,30.0,23.8,26.1,35.1,23.8,27.5,22.7
Scarborough,2022-05-14,74.6,10.0076,8.33,18.3,88.3,1013.0,40.7,6.8,256.3,22.1,20425,65902,30.0,24.0,27.4,34.2,24.0,29.4,22.3
Scarborough,2022-05-15,72.9,1.2192,8.33,19.7,87.2,1012.7,48.2,7.1,264.7,22.9,20412,65915,31.0,25.0,27.7,36.6,25.0,30.0,22.3
Scarborough,2022-05-16,75.8,13.0048,8.33,20.8,90.1,1013.3,44.0,6.2,278.4,24.1,20401,65929,31.0,25.0,27.6,36.6,25.0,30.1,22.8
Scarborough,2022-05-17,75.7,4.191,8.33,21.9,88.1,1014.2,45.4,6.2,279.2,24.1,20390,65943,31.0,25.0,27.8,37.8,25.0,30.7,23.1
Scarborough,2022-05-18,70.5,0.0,0.0,18.3,87.2,1015.1,29.7,5.7,288.3,25.0,20380,65957,31.0,25.8,28.0,34.6,25.8,30.2,22.1
Scarborough,2022-05-19,70.6,0.0,0.0,13.9,88.0,1015.2,28.4,4.6,285.6,24.3,20371,65972,31.0,24.7,27.7,34.6,24.7,29.5,21.7
Scarborough,2022-05-20,71.0,0.0,0.0,17.9,87.0,1016.0,26.9,5.1,291.8,25.3,20363,65987,31.0,25.2,27.8,34.6,25.2,29.5,21.9
Scarborough,2022-05-21,69.0,0.3048,4.17,18.3,86.0,1016.7,27.4,6.1,271.5,23.4,20356,66002,31.0,25.0,27.8,34.6,25.0,29.4,21.5
Scarborough,2022-05-22,67.5,0.0,0.0,19.7,86.0,1016.4,36.0,6.0,258.4,22.2,20349,66017,30.2,25.0,27.8,33.4,25.0,29.6,21.2
Scarborough,2022-05-23,75.1,10.0076,8.33,15.0,88.7,1014.4,43.3,6.2,202.3,17.5,20343,66033,29.1,25.0,26.9,32.8,25.0,28.4,22.1
Scarborough,2022-05-24,76.3,0.508,4.17,16.1,91.0,1013.5,50.1,6.2,161.5,14.0,20338,66049,30.0,26.0,27.5,34.2,26.0,29.9,22.9
Scarborough,2022-05-25,70.8,0.0,0.0,17.4,95.0,1013.8,40.5,6.8,201.2,17.4,20334,66065,30.0,26.0,27.7,33.3,26.0,29.8,21.8
Scarborough,2022-05-26,69.4,0.0,0.0,15.0,89.0,1014.5,39.3,6.7,219.5,18.8,20331,66081,30.0,25.0,27.4,33.4,25.0,29.0,21.3
Scarborough,2022-05-27,70.2,0.0,0.0,15.0,93.3,1014.0,42.8,7.3,225.6,19.4,20328,66097,30.0,25.0,27.3,33.2,25.0,28.7,21.3
Scarborough,2022-05-28,73.4,0.0,0.0,16.1,96.3,1013.0,41.3,7.9,262.4,22.6,20326,66114,30.0,25.0,27.3,35.1,25.0,29.5,22.1
Scarborough,2022-05-29,68.3,0.0,0.0,19.0,90.2,1012.4,44.8,9.2,299.7,26.0,20325,66130,30.0,25.0,27.8,32.6,25.0,29.3,21.3
Scarborough,2022-05-30,66.7,0.0,0.0,18.3,92.9,1012.1,36.2,9.2,311.0,26.7,20325,66147,31.0,25.9,27.9,33.1,25.9,29.5,21.1
Scarborough,2022-05-31,68.4,0.3048,8.33,17.7,91.8,1011.6,50.5,8.2,262.4,22.5,20325,66163,31.0,25.0,27.8,33.8,25.0,29.1,21.2
Scarborough,2022-06-01,70.2,0.0,0.0,13.6,89.9,1013.1,25.2,9.1,252.9,21.8,23038,64431,29.1,22.0,26.0,31.4,22.0,26.7,19.9
Scarborough,2022-06-02,79.0,3.6067999999999993,8.33,14.8,107.2,1012.8,53.9,6.5,218.0,19.0,23169,65286,30.0,23.0,25.8,33.3,23.0,26.8,21.7
Scarborough,2022-06-03,66.4,0.0,0.0,18.3,77.9,1012.3,38.2,6.8,263.5,22.7,22512,65598,31.0,23.9,26.6,33.8,23.9,27.4,19.7
Scarborough,2022-06-04,71.6,0.6096,8.33,17.2,89.0,1012.6,44.7,6.7,246.6,21.2,21403,65645,31.0,24.0,26.4,33.1,24.0,27.2,20.7
Scarborough,2022-06-05,68.9,0.0,0.0,20.8,85.3,1013.7,40.5,6.9,231.3,20.1,20552,65807,31.2,25.8,27.7,34.1,25.8,29.3,21.4
Scarborough,2022-06-06,78.3,23.0124,8.33,18.3,93.3,1013.4,51.3,5.4,219.0,18.8,20344,66264,30.0,25.0,27.6,35.1,25.0,30.2,23.4
Scarborough,2022-06-07,75.6,21.209,8.33,18.3,97.6,1013.2,39.7,7.2,252.6,21.8,20709,66623,30.0,26.0,27.8,35.1,26.0,30.4,23.0
Scarborough,2022-06-08,76.9,0.0,0.0,9.8,69.3,1011.6,19.8,7.6,281.0,24.4,21106,66351,29.0,24.7,27.1,32.8,24.7,29.2,22.7
Scarborough,2022-06-09,77.8,1.6764,8.33,10.3,130.4,1013.8,48.6,8.2,214.3,18.4,21169,65378,30.0,24.7,28.1,36.2,24.7,31.3,23.7
Scarborough,2022-06-10,89.1,140.41119999999998,12.5,17.0,110.3,1011.4,73.5,5.4,172.2,14.8,21105,64212,27.2,23.0,25.3,30.3,23.0,25.8,23.3
Scarborough,2022-06-11,82.9,0.0,0.0,11.6,110.8,1011.2,37.6,6.7,221.7,19.2,21363,63418,30.0,18.9,27.4,36.2,18.9,30.7,24.4
Scarborough,2022-06-12,74.6,0.0,0.0,9.2,343.6,1011.2,34.8,8.8,228.1,19.7,22152,63535,30.0,24.0,26.5,34.2,24.0,27.8,21.5
Scarborough,2022-06-13,85.6,23.0886,16.67,16.1,97.3,1014.2,61.6,7.2,190.1,16.4,20395,66378,25.1,23.0,24.5,25.1,23.0,24.5,21.9
Scarborough,2022-06-14,79.9,0.7111999999999999,4.17,14.3,105.4,1013.2,42.2,9.8,217.6,18.8,20405,66393,29.8,24.0,26.8,34.7,24.0,28.4,22.9
Scarborough,2022-06-15,82.1,12.7,16.67,17.2,95.4,1013.1,55.4,6.9,224.3,19.2,20415,66409,28.0,24.0,26.2,31.9,24.0,27.7,22.9
Scarborough,2022-06-16,78.3,10.1092,12.5,18.3,93.0,1013.5,39.2,6.4,254.9,21.8,20426,66424,30.0,25.0,27.2,35.1,25.0,29.3,23.0
Scarborough,2022-06-17,73.2,0.0,0.0,18.3,86.1,1012.9,34.6,6.4,275.9,23.8,20437,66438,30.0,25.0,27.4,34.2,25.0,29.2,22.1
Scarborough,2022-06-18,70.3,0.0,0.0,18.3,88.5,1013.5,28.6,6.7,298.3,25.7,20449,66452,30.0,25.0,27.6,34.2,25.0,29.3,21.7
Scarborough,2022-06-19,69.5,0.0,0.0,17.2,87.6,1013.6,30.3,7.2,270.8,23.4,20461,66466,30.0,24.0,27.3,33.3,24.0,28.8,21.2
Scarborough,2022-06-20,74.9,3.6067999999999993,8.33,17.2,77.3,1014.1,45.1,6.2,249.5,21.7,20473,66480,30.0,22.8,26.4,33.3,22.8,27.8,21.6
Scarborough,2022-06-21,83.1,24.079199999999997,12.5,10.3,30.2,1013.0,49.9,7.2,204.9,17.7,20486,66493,28.2,23.0,25.7,32.2,23.0,26.7,22.6
Scarborough,2022-06-22,80.5,5.1054,8.33,11.4,96.2,1012.1,45.4,7.0,270.3,23.3,20499,66505,30.1,24.7,27.1,35.1,24.7,29.4,23.4
Scarborough,2022-06-23,74.8,0.0,0.0,15.0,88.0,1011.9,29.1,7.2,294.5,25.3,20513,66517,30.0,25.7,27.7,34.2,25.7,29.8,22.7
Scarborough,2022-06-24,73.7,0.0,0.0,13.9,92.4,1012.3,30.1,7.8,276.0,23.8,20527,66529,30.1,25.0,27.8,34.2,25.0,30.2,22.6
Scarborough,2022-06-25,70.1,0.2032,4.17,20.8,83.9,1013.2,34.1,6.7,286.2,24.6,20541,66540,30.1,23.0,27.8,34.2,23.0,30.1,21.8
Scarborough,2022-06-26,78.4,10.998199999999999,8.33,17.2,86.2,1012.6,47.3,6.0,191.4,16.4,20555,66551,31.0,24.9,27.0,36.6,24.9,28.8,22.8
Scarborough,2022-06-27,77.6,10.5918,12.5,19.5,83.4,1012.5,45.6,7.5,220.1,19.0,20570,66561,30.2,25.7,27.6,36.3,25.7,30.1,23.2
Scarborough,2022-06-28,80.3,22.987,8.33,19.7,78.1,1012.5,58.1,6.0,144.7,12.6,20585,66570,30.0,23.0,26.3,34.2,23.0,27.5,22.6
Scarborough,2022-06-29,86.1,29.9974,16.67,18.3,97.1,1013.2,54.0,6.2,172.8,15.1,20600,66579,29.0,23.8,25.8,33.6,23.8,27.1,23.3
Scarborough,2022-06-30,76.4,1.4986,8.33,18.3,87.1,1012.9,33.5,7.0,275.2,23.7,20615,66587,30.2,25.0,27.2,35.1,25.0,29.1,22.6
Scarborough,2022-07-01,68.8,0.0,0.0,15.0,86.4,1014.2,30.2,7.5,245.5,21.2,23057,64464,30.0,23.0,26.0,32.6,23.0,26.7,19.7
Scarborough,2022-07-02,77.1,2.2097999999999995,8.33,15.0,85.7,1012.8,46.7,7.2,220.3,19.2,23157,65305,30.0,24.0,26.3,34.2,24.0,27.7,21.8
Scarborough,2022-07-03,76.0,4.9784,8.33,19.7,81.6,1011.5,61.0,6.4,248.6,21.4,22479,65602,29.0,23.0,25.3,32.0,23.0,25.9,20.9
Scarborough,2022-07-04,76.6,5.0038,12.5,16.1,97.8,1012.6,50.6,6.5,275.3,23.7,21368,65646,30.2,23.0,26.0,33.4,23.0,26.9,21.4
Scarborough,2022-07-05,70.4,0.0,0.0,12.8,103.0,1013.9,38.9,6.8,229.0,19.7,20533,65817,30.0,26.0,27.7,33.3,26.0,29.6,21.8
Scarborough,2022-07-06,75.5,0.0,0.0,21.9,81.4,1012.6,38.1,5.1,252.1,21.7,20349,66281,29.2,26.0,27.8,34.1,26.0,31.0,23.1
Scarborough,2022-07-07,73.6,0.0,0.0,17.2,83.1,1013.6,29.3,8.0,289.6,25.0,20725,66627,30.0,23.2,27.4,35.1,23.2,29.8,22.3
Scarborough,2022-07-08,74.5,0.0,0.0,10.5,93.5,1011.8,26.8,7.6,293.3,25.1,21113,66329,31.0,26.0,28.2,36.6,26.0,31.4,23.2
Scarborough,2022-07-09,74.5,0.0,0.0,9.2,134.9,1012.7,36.4,8.5,255.2,22.0,21167,65339,31.0,27.8,29.0,37.8,31.2,33.7,24.0
Scarborough,2022-07-10,86.2,0.2032,4.17,18.3,84.9,1011.3,38.4,7.0,251.0,21.6,21106,64177,30.0,25.0,27.3,38.9,25.0,30.8,24.8
Scarborough,2022-07-11,82.2,0.0,0.0,15.0,95.4,1011.6,44.9,6.6,233.7,20.3,21381,63406,31.0,25.8,27.9,39.1,25.8,31.5,24.6
Scarborough,2022-07-12,76.7,0.0,0.0,9.2,343.6,1012.0,38.6,8.6,170.8,14.6,22184,63555,30.0,23.0,26.2,35.1,23.0,27.4,21.8
Scarborough,2022-07-13,70.2,0.0,0.0,18.3,83.4,1014.0,39.7,7.6,291.6,25.1,20818,66632,30.2,25.0,27.6,33.9,25.0,28.9,21.5
Scarborough,2022-07-14,73.9,2.9972,4.17,14.5,78.0,1013.2,42.6,7.2,267.6,22.9,20833,66630,31.0,24.8,27.3,35.5,24.8,28.8,22.1
Scarborough,2022-07-15,82.9,27.5844,16.67,16.1,89.3,1012.2,46.2,6.3,156.7,13.6,20848,66627,28.0,25.0,26.3,31.9,25.0,27.3,23.1
Scarborough,2022-07-16,83.7,2.9972,8.33,12.8,70.0,1012.6,59.8,6.8,230.3,19.9,20863,66623,30.0,24.0,26.7,37.4,24.0,28.9,23.7
Scarborough,2022-07-17,81.6,5.0038,12.5,23.0,84.2,1013.0,56.4,6.4,179.3,15.4,20878,66619,29.0,24.7,27.0,35.6,24.7,29.6,23.6
Scarborough,2022-07-18,73.2,0.1016,4.17,15.0,78.8,1013.8,35.2,6.7,279.8,24.1,20892,66613,31.0,26.0,27.9,35.5,26.0,29.8,22.5
Scarborough,2022-07-19,83.9,86.89339999999999,12.5,19.0,88.5,1013.7,53.2,5.8,229.3,19.8,20906,66607,29.0,24.0,25.8,34.6,24.0,26.5,22.8
Scarborough,2022-07-20,81.8,3.9878,4.17,13.4,92.3,1013.0,42.4,8.5,243.9,21.0,20920,66600,29.1,24.9,26.5,34.7,24.9,28.1,23.1
Scarborough,2022-07-21,78.2,1.397,8.33,19.7,80.9,1012.3,37.5,7.4,255.5,22.2,20934,66592,31.1,25.1,27.7,37.9,25.1,30.6,23.5
Scarborough,2022-07-22,72.5,0.7874,4.17,16.1,84.8,1012.5,30.3,6.8,276.6,24.0,20947,66584,30.2,25.0,27.7,34.3,25.0,29.6,22.2
Scarborough,2022-07-23,73.2,0.0,0.0,13.9,83.5,1012.2,22.1,7.4,300.8,26.1,20960,66574,31.0,24.0,27.3,34.6,24.0,28.8,21.9
Scarborough,2022-07-24,69.7,0.0,0.0,12.1,81.4,1012.5,26.0,7.4,306.6,26.4,20973,66563,30.0,25.0,27.6,33.3,25.0,29.2,21.4
Scarborough,2022-07-25,75.2,0.0,0.0,10.5,100.7,1012.7,30.2,7.1,278.2,24.0,20985,66552,30.0,24.9,27.4,35.1,24.9,30.0,22.6
Scarborough,2022-07-26,79.2,0.0,0.0,12.8,86.9,1012.9,32.5,6.3,246.7,21.2,20997,66540,31.0,25.0,27.5,39.1,25.0,30.5,23.6
Scarborough,2022-07-27,78.5,7.010400000000001,4.17,16.8,58.7,1012.4,47.7,6.2,245.7,21.2,21009,66527,30.0,25.0,26.9,34.6,25.0,28.9,22.8
Scarborough,2022-07-28,79.8,10.1092,8.33,18.3,84.7,1012.2,56.5,6.5,218.1,19.0,21020,66513,30.0,24.0,27.1,34.2,24.0,28.8,23.1
Scarborough,2022-07-29,73.9,2.0065999999999997,4.17,11.4,55.2,1012.8,38.2,7.6,298.3,25.7,21031,66499,30.0,24.8,26.8,34.2,24.8,28.0,21.6
Scarborough,2022-07-30,75.2,0.9905999999999999,4.17,17.2,88.1,1013.5,33.9,7.1,265.8,22.9,21042,66483,30.0,23.9,27.4,35.1,23.9,29.8,22.6
Scarborough,2022-07-31,80.1,1.4986,16.67,18.3,82.3,1013.6,52.8,6.5,248.6,21.5,21052,66467,30.0,25.0,26.8,35.1,25.0,28.9,23.1
Scarborough,2022-08-01,65.0,0.0,0.0,15.0,93.1,1015.0,24.1,7.1,242.1,21.1,23075,64497,30.0,23.0,26.2,31.3,23.0,26.7,18.8
Scarborough,2022-08-02,72.8,0.0,0.0,9.2,63.0,1012.3,45.7,8.0,266.3,23.0,23144,65323,28.1,23.0,25.6,30.1,23.0,26.3,20.3
Scarborough,2022-08-03,74.1,3.0987999999999998,8.33,16.1,80.4,1011.4,51.9,6.7,138.2,12.0,22446,65606,28.0,23.0,25.4,30.1,23.0,25.9,20.4
Scarborough,2022-08-04,69.8,0.508,4.17,13.9,91.9,1013.1,33.9,6.9,289.6,25.0,21333,65648,30.0,24.0,27.2,33.3,24.0,28.5,21.1
Scarborough,2022-08-05,71.3,0.1016,4.17,16.1,96.9,1013.5,39.9,7.2,239.7,20.9,20515,65828,31.0,25.0,27.8,35.6,25.0,30.2,22.1
Scarborough,2022-08-06,74.4,3.9878,4.17,20.4,80.0,1012.9,40.5,4.5,233.8,20.2,20355,66298,30.0,26.0,27.7,35.1,26.0,30.3,22.7
Scarborough,2022-08-07,76.0,3.0987999999999998,8.33,16.1,88.4,1014.6,43.3,7.6,213.6,18.5,20740,66629,30.0,25.0,27.2,35.1,25.0,29.2,22.6
Scarborough,2022-08-08,75.1,0.2032,4.17,15.0,87.1,1011.0,33.9,7.0,251.9,21.7,21120,66306,31.0,25.0,28.2,37.8,25.0,31.4,23.3
Scarborough,2022-08-09,76.0,2.0065999999999997,4.17,14.1,113.8,1011.6,42.1,8.6,234.1,20.2,21165,65301,31.1,26.9,28.7,37.8,29.4,32.9,23.9
Scarborough,2022-08-10,84.6,15.417799999999998,12.5,16.1,87.4,1010.1,48.9,6.6,133.2,11.5,21107,64141,29.0,24.0,26.3,33.6,24.0,27.8,23.5
Scarborough,2022-08-11,86.2,12.191999999999998,16.67,12.8,78.9,1011.1,51.0,6.4,194.4,16.7,21400,63395,30.0,25.0,26.8,36.7,25.0,28.7,24.3
Scarborough,2022-08-12,71.7,0.0,0.0,10.3,342.8,1011.2,38.3,7.7,163.3,14.1,22216,63575,30.1,25.2,27.1,34.2,25.2,28.2,21.5
Scarborough,2022-08-13,79.4,3.9878,4.17,9.2,101.6,1012.9,40.5,7.3,243.2,20.9,21150,66181,30.0,25.0,27.3,36.2,25.0,29.8,23.4
Scarborough,2022-08-14,77.0,4.2926,12.5,12.3,143.2,1013.7,44.2,7.4,239.7,20.7,21154,66154,30.3,25.0,27.7,36.6,25.0,30.3,23.2
Scarborough,2022-08-15,72.3,0.9905999999999999,4.17,11.3,90.8,1013.2,34.2,8.0,261.7,22.5,21158,66126,31.7,25.0,28.6,37.8,25.0,32.2,23.1
Scarborough,2022-08-16,71.9,0.2032,8.33,15.4,80.4,1012.7,25.1,7.4,269.6,23.3,21162,66098,32.0,26.0,28.3,37.9,26.0,31.0,22.6
Scarborough,2022-08-17,71.3,0.2032,4.17,12.8,45.6,1012.2,31.1,6.8,295.9,25.7,21166,66069,32.0,25.0,28.1,36.8,25.0,30.6,22.4
Scarborough,2022-08-18,74.9,0.0,0.0,15.0,86.1,1011.2,37.6,6.7,278.6,24.1,21169,66039,31.0,25.8,28.2,37.8,25.8,31.4,23.3
Scarborough,2022-08-19,84.2,54.00039999999999,8.33,17.2,86.5,1012.6,61.3,6.3,252.7,21.9,21172,66009,29.8,23.9,25.9,34.0,23.9,26.9,23.0
Scarborough,2022-08-20,81.4,21.996399999999998,8.33,10.3,113.0,1012.8,48.3,7.2,168.0,14.5,21174,65978,29.2,25.0,26.4,33.9,25.0,27.8,23.0
Scarborough,2022-08-21,84.8,21.996399999999998,4.17,11.4,82.6,1012.7,51.8,7.1,186.7,16.0,21176,65946,27.0,24.0,25.6,29.8,24.0,26.2,22.8
Scarborough,2022-08-22,83.2,15.011399999999998,8.33,6.9,1.8,1012.0,43.9,7.1,166.6,14.4,21178,65914,29.0,24.0,25.9,33.6,24.0,26.8,22.9
Scarborough,2022-08-23,82.3,10.998199999999999,4.17,10.3,70.2,1012.4,46.7,6.4,230.6,19.7,21179,65882,29.0,23.9,25.8,33.6,23.9,26.5,22.5
Scarborough,2022-08-24,78.5,0.0,0.0,6.9,98.4,1013.2,43.6,7.3,271.8,23.4,21180,65848,30.0,24.0,26.8,34.7,24.0,28.4,22.6
Scarborough,2022-08-25,77.4,10.8966,12.5,6.9,89.3,1013.0,49.6,7.6,190.2,16.4,21181,65815,30.0,24.0,27.1,35.1,24.0,28.9,22.7
Scarborough,2022-08-26,80.8,18.9992,8.33,11.4,111.6,1012.9,44.1,7.3,192.2,16.6,21182,65781,29.0,24.0,26.4,33.6,24.0,27.7,22.8
Scarborough,2022-08-27,74.7,0.3048,4.17,8.1,65.6,1012.0,38.6,7.8,271.6,23.4,21182,65746,32.0,25.0,27.7,37.9,25.0,30.0,22.7
Scarborough,2022-08-28,75.9,0.0,0.0,6.9,59.6,1011.9,34.4,7.1,245.3,21.3,21182,65711,31.0,25.0,27.7,37.8,25.0,30.3,22.9
Scarborough,2022-08-29,77.4,0.9905999999999999,4.17,12.8,73.8,1012.4,41.3,7.4,227.3,19.6,21181,65675,31.0,25.0,27.9,37.8,25.0,30.8,23.5
Scarborough,2022-08-30,72.1,0.1016,4.17,15.0,44.1,1012.3,39.8,7.4,259.4,22.4,21180,65639,31.7,25.9,28.6,36.6,25.9,31.5,22.9
Scarborough,2022-08-31,71.9,0.9905999999999999,4.17,10.3,40.7,1011.4,30.0,6.8,293.0,25.2,21180,65603,32.0,25.0,27.9,36.8,25.0,30.3,22.3
Scarborough,2022-09-01,68.2,0.0,0.0,17.4,64.0,1014.9,39.8,7.0,216.4,18.5,23092,64530,29.8,23.0,25.3,31.5,23.0,25.7,18.9
Scarborough,2022-09-02,71.0,1.1938,8.33,9.2,68.7,1012.0,46.0,7.7,216.3,18.8,23129,65341,29.0,22.2,25.3,31.4,22.2,26.0,19.6
Scarborough,2022-09-03,74.7,0.3048,8.33,18.6,79.4,1012.1,49.1,6.5,71.0,6.1,22412,65610,29.0,24.0,26.2,31.4,24.0,26.9,21.3
Scarborough,2022-09-04,69.0,0.2032,4.17,19.5,102.1,1013.6,30.4,7.1,290.8,25.2,21299,65650,30.0,25.0,27.3,33.3,25.0,28.7,21.1
Scarborough,2022-09-05,68.6,0.0,0.0,12.8,104.3,1013.1,38.4,7.3,270.2,23.3,20498,65840,31.0,26.8,28.2,34.6,28.6,30.7,21.8
Scarborough,2022-09-06,74.7,0.1016,4.17,17.2,87.1,1012.7,42.8,6.6,241.8,20.9,20362,66314,31.0,25.9,27.9,35.5,25.9,30.8,22.9
Scarborough,2022-09-07,82.0,12.2936,12.5,19.2,76.7,1015.2,44.3,6.4,221.4,19.2,20756,66631,30.2,25.0,27.1,36.2,25.0,29.1,23.6
Scarborough,2022-09-08,78.2,0.0,0.0,11.4,102.9,1012.0,37.7,7.1,208.4,18.0,21127,66283,31.0,25.0,27.9,37.8,25.0,31.1,23.7
Scarborough,2022-09-09,74.6,1.397,8.33,15.0,100.9,1012.3,39.1,7.4,274.7,23.7,21162,65262,31.0,26.0,28.6,37.8,26.0,32.3,23.5
Scarborough,2022-09-10,88.1,10.0076,16.67,14.8,95.5,1011.7,45.2,6.9,149.5,13.0,21109,64107,27.0,23.8,25.9,30.6,23.8,26.7,23.7
Scarborough,2022-09-11,87.3,7.213599999999999,8.33,11.4,112.6,1010.7,44.6,7.8,171.0,14.8,21420,63386,30.0,25.0,27.2,37.4,25.0,30.3,24.9
Scarborough,2022-09-12,72.2,0.0,0.0,8.1,18.7,1011.3,37.2,7.9,220.5,19.1,22248,63597,30.0,23.2,26.3,33.3,23.2,27.2,20.7
Scarborough,2022-09-13,74.5,0.0,0.0,9.2,60.4,1011.5,36.5,7.3,251.7,21.8,21151,65104,30.0,25.9,27.7,35.1,25.9,30.3,22.7
Scarborough,2022-09-14,74.8,0.0,0.0,12.1,88.3,1011.7,30.0,9.3,273.3,23.7,21148,65065,31.0,25.0,28.2,39.1,25.0,31.7,23.2
Scarborough,2022-09-15,79.6,8.001,4.17,8.1,36.7,1011.6,36.0,7.6,252.4,21.9,21145,65025,30.0,25.5,27.5,37.2,25.5,30.6,23.6
Scarborough,2022-09-16,73.6,0.0,0.0,9.2,150.8,1010.5,35.4,8.1,267.1,23.3,21142,64985,31.2,25.7,28.8,37.8,25.7,32.6,23.6
Scarborough,2022-09-17,73.8,2.9972,4.17,11.4,137.0,1010.7,46.8,7.8,223.0,19.4,21139,64945,31.2,26.2,29.3,38.0,26.2,34.1,24.1
Scarborough,2022-09-18,73.5,0.7111999999999999,4.17,10.3,117.8,1010.5,36.4,7.8,264.0,22.8,21136,64905,31.0,26.9,28.6,37.8,29.3,32.4,23.4
Scarborough,2022-09-19,77.6,0.0,0.0,18.3,90.2,1010.4,36.4,7.9,225.5,19.5,21133,64866,31.1,26.0,27.7,37.8,26.0,30.6,23.4
Scarborough,2022-09-20,79.5,3.0987999999999998,12.5,16.1,83.0,1010.3,44.1,6.9,238.3,20.9,21130,64826,31.0,25.8,27.6,39.1,25.8,30.6,23.7
Scarborough,2022-09-21,81.8,37.0078,12.5,15.0,122.1,1008.7,57.3,5.8,192.8,16.8,21127,64786,28.0,24.0,26.6,33.6,24.0,28.6,23.2
Scarborough,2022-09-22,85.5,7.010400000000001,8.33,15.0,133.8,1011.2,46.8,6.4,200.0,17.3,21125,64746,28.0,24.0,26.4,32.7,24.0,28.2,23.7
Scarborough,2022-09-23,79.0,0.0,0.0,12.8,85.0,1012.0,36.7,7.8,232.5,20.1,21122,64707,31.0,25.0,27.4,37.8,25.0,29.9,23.4
Scarborough,2022-09-24,77.4,0.508,4.17,13.0,83.5,1010.6,37.5,8.9,225.7,19.6,21119,64667,31.0,25.9,27.8,37.8,25.9,30.6,23.4
Scarborough,2022-09-25,82.4,0.0,0.0,13.9,87.6,1010.2,38.4,8.2,220.5,18.9,21117,64628,31.0,25.0,27.6,40.7,25.0,31.2,24.3
Scarborough,2022-09-26,86.9,15.087599999999998,12.5,9.2,110.6,1011.2,57.3,7.1,175.4,15.2,21115,64589,27.1,24.0,26.2,31.2,24.0,27.6,23.8
Scarborough,2022-09-27,80.3,0.0,0.0,6.9,105.0,1011.2,33.5,8.0,209.3,18.4,21113,64550,31.0,24.8,27.7,37.8,24.8,30.7,23.8
Scarborough,2022-09-28,81.9,5.9944,8.33,11.2,108.6,1010.6,44.3,7.6,232.9,20.2,21111,64511,30.2,25.2,27.2,35.4,25.2,29.6,23.8
Scarborough,2022-09-29,84.9,0.3048,4.17,13.9,142.7,1009.8,40.0,8.8,151.9,13.0,21109,64473,28.1,25.0,26.7,33.5,25.0,28.8,23.9
Scarborough,2022-09-30,81.3,0.0,0.0,14.5,125.0,1010.2,42.3,7.4,254.4,22.1,21108,64435,31.0,25.0,28.4,40.7,25.0,33.3,24.8
Scarborough,2022-10-01,71.0,3.302,8.33,15.0,97.5,1013.6,36.7,6.8,221.6,19.3,23109,64562,29.0,23.0,25.4,30.8,23.0,26.0,19.6
Scarborough,2022-10-02,74.2,1.397,8.33,16.1,94.9,1012.0,52.2,7.1,217.6,18.7,23114,65358,29.0,22.9,25.3,30.5,22.9,25.8,20.2
Scarborough,2022-10-03,77.8,0.8128,8.33,17.4,79.7,1012.6,56.9,6.8,115.6,9.9,22378,65613,28.8,24.0,25.9,31.2,24.0,26.4,21.6
Scarborough,2022-10-04,69.5,0.3048,4.17,20.4,96.6,1012.6,34.5,7.1,281.8,24.1,21265,65652,30.2,25.9,27.6,33.3,25.9,29.2,21.4
Scarborough,2022-10-05,65.1,0.0,0.0,13.9,105.3,1013.1,27.1,7.8,308.8,26.8,20482,65851,31.0,26.0,28.1,33.4,26.0,29.8,20.8
Scarborough,2022-10-06,77.0,1.7018,8.33,16.1,90.1,1012.3,41.1,6.5,215.2,18.7,20369,66330,30.1,25.0,27.5,35.1,25.0,29.7,23.1
Scarborough,2022-10-07,75.2,0.1016,4.17,19.2,80.6,1013.6,43.3,6.6,238.7,20.6,20772,66633,29.0,25.3,27.4,33.6,25.3,29.6,22.7
Scarborough,2022-10-08,73.9,0.0,0.0,12.8,100.6,1013.4,31.9,8.0,270.9,23.3,21133,66259,31.0,26.9,28.6,37.8,29.4,32.4,23.4
Scarborough,2022-10-09,76.1,4.191,8.33,11.4,81.9,1014.1,34.0,7.5,251.3,21.7,21159,65223,31.1,25.0,28.0,36.6,25.0,30.8,23.3
Scarborough,2022-10-10,87.0,0.508,8.33,20.8,83.9,1012.9,39.5,7.2,182.3,15.7,21111,64073,31.0,24.0,27.1,40.7,24.0,30.4,24.7
Scarborough,2022-10-11,89.6,40.004999999999995,8.33,12.8,92.1,1011.3,49.4,6.6,101.8,8.8,21440,63377,27.0,24.0,25.3,30.1,24.0,25.7,23.4
Scarborough,2022-10-12,78.6,0.0,0.0,8.1,30.0,1012.0,42.5,8.1,215.2,18.5,22280,63619,30.0,22.8,25.8,34.2,22.8,27.3,21.7
Scarborough,2022-10-13,75.4,0.0,0.0,11.4,85.9,1011.1,30.1,7.3,257.3,22.2,21119,63973,31.1,24.7,27.7,36.7,24.7,30.1,22.8
Scarborough,2022-10-14,82.4,0.1016,4.17,11.9,79.8,1012.0,28.6,8.4,250.4,21.6,21122,63941,31.0,25.0,27.8,40.1,25.0,31.4,24.5
Scarborough,2022-10-15,84.0,0.2032,4.17,6.9,95.0,1012.1,37.6,7.5,243.4,21.0,21126,63910,30.7,25.0,27.5,40.0,25.0,31.2,24.6
Scarborough,2022-10-16,81.7,19.9898,8.33,10.3,89.5,1010.8,42.4,6.9,254.9,22.1,21131,63879,31.0,23.9,27.4,36.6,23.9,29.8,23.8
Scarborough,2022-10-17,83.4,0.0,0.0,8.1,73.1,1010.2,33.8,7.2,241.0,20.7,21136,63849,31.0,25.4,27.6,40.7,25.4,31.2,24.5
Scarborough,2022-10-18,77.6,0.0,0.0,10.3,84.9,1011.2,32.9,7.8,235.8,20.3,21142,63819,31.0,25.0,27.8,37.8,25.0,30.5,23.4
Scarborough,2022-10-19,84.5,0.1016,4.17,11.9,81.0,1012.0,38.1,7.4,202.6,17.6,21148,63791,32.0,25.0,28.1,42.3,25.0,32.7,25.2
Scarborough,2022-10-20,82.0,1.016,33.33,12.3,73.7,1011.5,54.3,9.0,239.3,20.8,21155,63763,30.0,25.0,27.2,37.4,25.0,30.0,23.8
Scarborough,2022-10-21,78.0,0.8128,25.0,15.2,63.8,1010.6,21.1,6.2,262.8,22.5,21162,63735,32.0,26.8,28.3,39.2,30.0,32.3,24.0
Scarborough,2022-10-22,83.3,4.419599999999999,50.0,14.3,75.7,1010.3,27.1,6.2,237.3,20.3,21170,63709,30.0,26.0,27.3,36.2,26.0,30.3,24.3
Scarborough,2022-10-23,81.7,0.0,0.0,13.9,83.5,1010.5,34.1,6.2,242.4,21.1,21178,63683,31.0,24.0,28.2,39.1,24.0,32.4,24.7
Scarborough,2022-10-24,84.5,0.0,0.0,10.3,84.6,1011.2,34.5,7.4,225.1,19.4,21187,63658,32.0,25.0,28.3,42.3,25.0,33.3,25.4
Scarborough,2022-10-25,85.7,43.0022,8.33,8.1,71.2,1010.3,49.7,7.1,215.5,18.5,21197,63634,31.1,25.1,26.9,38.9,25.1,29.4,24.3
Scarborough,2022-10-26,85.2,58.01359999999999,12.5,12.8,111.8,1008.7,53.4,6.6,183.5,15.8,21207,63611,30.0,24.9,27.2,37.4,24.9,30.1,24.5
Scarborough,2022-10-27,87.9,18.1864,16.67,19.7,100.1,1009.3,62.3,5.7,127.6,11.0,21218,63589,29.8,25.0,26.7,36.3,25.0,28.9,24.4
Scarborough,2022-10-28,89.6,44.297599999999996,12.5,13.9,98.1,1010.4,51.7,6.6,109.8,9.4,21230,63568,29.0,24.0,26.2,34.6,24.0,27.8,24.3
Scarborough,2022-10-29,85.4,2.9972,4.17,13.9,89.9,1010.5,50.1,6.8,203.1,17.6,21242,63547,31.0,24.0,26.9,39.1,24.0,29.5,24.2
Scarborough,2022-10-30,84.8,45.999399999999994,12.5,15.0,105.1,1010.6,54.0,8.5,75.5,6.6,21255,63527,29.0,24.0,26.3,33.6,24.0,27.8,23.5
Scarborough,2022-10-31,80.6,0.1016,4.17,16.1,93.8,1010.8,45.5,7.2,204.4,17.5,21268,63509,31.0,25.0,27.7,37.8,25.0,30.9,24.1
Scarborough,2022-11-01,73.1,0.9905999999999999,8.33,16.1,86.0,1013.7,31.3,7.7,223.3,19.4,23124,64594,30.0,23.0,25.5,31.9,23.0,26.2,20.2
Scarborough,2022-11-02,66.7,0.2032,4.17,18.3,94.6,1012.4,31.2,7.7,217.5,18.8,23098,65375,30.0,22.9,25.7,31.3,22.9,26.3,18.9
Scarborough,2022-11-03,71.7,2.0065999999999997,4.17,21.9,80.7,1012.6,47.0,6.7,258.6,22.5,22344,65616,30.0,24.0,26.2,33.3,24.0,27.1,20.6
Scarborough,2022-11-04,70.8,0.3048,8.33,18.3,93.8,1012.5,28.3,7.0,264.6,22.8,21231,65654,30.1,25.0,27.7,34.2,25.0,29.7,21.8
Scarborough,2022-11-05,65.8,0.0,0.0,15.0,103.0,1012.8,30.5,7.0,278.8,24.0,20467,65864,31.0,26.0,28.1,34.6,26.0,30.0,21.0
Scarborough,2022-11-06,74.6,0.7111999999999999,4.17,21.3,91.7,1012.7,48.6,6.1,193.3,16.7,20377,66346,30.0,25.9,27.8,35.1,25.9,30.4,22.8
Scarborough,2022-11-07,70.7,0.0,0.0,16.1,81.8,1012.7,39.3,6.2,259.3,22.4,20787,66633,31.0,26.8,28.4,36.6,28.9,31.6,22.6
Scarborough,2022-11-08,76.9,12.9794,8.33,9.4,51.7,1013.1,33.4,9.4,283.5,24.5,21139,66234,31.0,25.8,27.9,37.4,25.8,30.9,23.4
Scarborough,2022-11-09,71.1,0.0,0.0,11.4,89.3,1013.6,40.6,7.5,264.5,22.8,21157,65183,32.0,26.0,28.6,36.8,26.0,31.4,22.7
Scarborough,2022-11-10,84.8,0.9905999999999999,4.17,11.4,86.6,1013.0,43.4,6.7,180.7,15.5,21113,64039,31.0,25.0,27.1,37.8,25.0,29.1,24.2
Scarborough,2022-11-11,84.7,7.086600000000001,8.33,9.2,106.2,1011.2,40.0,7.4,148.1,13.0,21461,63370,30.2,24.0,26.8,36.2,24.0,29.1,23.9
Scarborough,2022-11-12,75.1,0.0,0.0,10.3,32.9,1012.9,57.2,8.1,207.6,18.0,22312,63642,28.1,23.9,26.1,30.7,23.9,27.0,21.2
Scarborough,2022-11-13,81.4,0.0,0.0,12.8,93.5,1010.4,34.1,7.5,218.8,19.1,21504,63358,30.8,25.0,27.6,38.4,25.0,30.8,24.0
Scarborough,2022-11-14,81.5,5.206999999999999,12.5,17.2,96.1,1011.1,47.6,7.3,220.7,18.9,21527,63354,31.0,25.0,27.7,37.8,25.0,31.0,24.2
Scarborough,2022-11-15,86.0,6.5024,12.5,15.0,93.8,1012.0,49.9,6.2,197.2,17.0,21550,63351,30.2,24.0,26.9,37.6,24.0,29.3,24.3
Scarborough,2022-11-16,83.5,7.086600000000001,12.5,16.1,77.3,1012.5,40.3,7.4,214.2,18.4,21574,63349,30.1,24.0,26.8,37.4,24.0,29.3,23.8
Scarborough,2022-11-17,83.7,4.699,8.33,18.3,84.2,1011.3,52.0,7.5,189.6,16.4,21599,63348,30.0,24.0,26.5,36.2,24.0,28.3,23.4
Scarborough,2022-11-18,82.0,0.3048,4.17,17.2,77.3,1010.9,30.5,7.3,214.7,18.5,21624,63348,31.0,24.2,27.1,39.1,24.2,29.7,23.7
Scarborough,2022-11-19,80.5,0.0,0.0,18.3,84.2,1011.7,32.0,6.8,225.7,19.7,21649,63350,31.0,25.0,27.3,37.8,25.0,29.8,23.6
Scarborough,2022-11-20,78.4,0.3048,4.17,16.1,80.2,1010.4,35.5,6.7,212.0,18.5,21675,63352,31.0,24.0,27.2,36.6,24.0,29.2,22.9
Scarborough,2022-11-21,83.0,7.416799999999999,12.5,19.7,89.4,1010.8,38.3,7.1,202.3,17.5,21702,63356,30.2,24.0,26.2,36.7,24.0,27.4,22.9
Scarborough,2022-11-22,88.2,9.194799999999999,16.67,17.2,75.6,1010.5,54.0,6.2,187.1,15.9,21729,63360,27.0,23.0,25.1,30.1,23.0,25.5,23.0
Scarborough,2022-11-23,89.8,44.0944,16.67,17.2,77.0,1010.3,50.3,6.5,197.1,17.0,21757,63366,26.1,23.0,24.8,26.1,23.0,24.8,23.1
Scarborough,2022-11-24,88.9,5.308599999999999,16.67,15.0,95.3,1010.8,46.2,6.9,108.3,9.3,21785,63373,26.3,24.0,25.1,26.3,24.0,25.1,23.2
Scarborough,2022-11-25,84.9,0.0,0.0,13.9,83.8,1011.2,40.0,7.1,184.8,15.9,21814,63381,30.0,24.0,26.5,36.2,24.0,28.5,23.7
Scarborough,2022-11-26,88.0,32.9692,12.5,9.2,65.0,1011.7,52.4,6.9,144.3,12.3,21843,63390,28.0,23.8,25.3,31.9,23.8,25.8,23.2
Scarborough,2022-11-27,90.2,9.0932,12.5,16.1,81.5,1011.5,64.2,6.6,148.2,12.9,21872,63400,26.0,24.0,24.9,26.0,24.0,24.9,23.1
Scarborough,2022-11-28,84.1,2.921,16.67,12.8,61.6,1010.3,47.8,6.9,113.4,9.8,21902,63411,28.8,24.0,25.8,33.3,24.0,26.7,22.9
Scarborough,2022-11-29,79.2,0.2032,8.33,16.6,81.7,1009.3,42.1,7.0,240.1,20.9,21933,63423,30.0,24.0,26.2,35.1,24.0,27.6,22.3
Scarborough,2022-11-30,77.2,0.1016,4.17,15.2,54.2,1009.0,31.2,8.0,231.8,20.2,21963,63436,30.0,24.0,26.5,34.2,24.0,28.0,22.1
Scarborough,2022-12-01,68.6,0.0,0.0,17.2,95.1,1013.3,26.1,8.2,219.7,19.3,23139,64626,29.0,23.0,25.8,31.4,23.0,26.4,19.4
Scarborough,2022-12-02,64.4,0.0,0.0,13.9,90.7,1013.1,35.4,7.7,260.5,22.4,23081,65390,29.1,23.0,25.9,30.7,23.0,26.5,18.6
Scarborough,2022-12-03,72.0,2.9972,4.17,21.5,83.5,1012.8,50.2,6.7,253.4,21.9,22309,65618,28.1,23.9,25.9,31.3,23.9,26.7,20.4
Scarborough,2022-12-04,67.2,0.0,0.0,19.7,89.9,1013.0,28.8,6.9,281.0,24.4,21198,65656,31.0,24.9,27.5,35.5,24.9,28.8,20.7
Scarborough,2022-12-05,68.4,0.0,0.0,20.8,88.9,1012.7,31.2,7.0,279.5,24.1,20452,65876,31.0,25.2,27.9,33.8,25.2,30.0,21.6
Scarborough,2022-12-06,71.7,0.508,8.33,20.8,84.1,1014.1,35.8,5.1,261.2,22.6,20386,66362,30.2,26.0,27.9,35.1,26.0,30.6,22.3
Scarborough,2022-12-07,74.6,0.9905999999999999,4.17,19.7,82.2,1013.4,41.3,6.3,233.9,20.1,20803,66633,30.1,25.8,27.8,35.1,25.8,29.9,22.7
Scarborough,2022-12-08,79.9,67.00519999999999,8.33,12.8,71.0,1012.5,43.2,6.6,238.9,20.7,21144,66208,30.0,25.0,26.8,34.6,25.0,28.6,23.1
Scarborough,2022-12-09,77.5,18.9992,12.5,15.2,83.3,1011.6,41.7,7.2,258.9,22.2,21154,65144,32.0,25.0,27.5,39.2,25.0,29.9,23.1
Scarborough,2022-12-10,89.6,4.9022,12.5,13.9,70.6,1012.0,45.6,6.7,225.5,19.4,21116,64006,30.1,24.0,26.1,38.8,24.0,27.8,24.2
Scarborough,2022-12-11,82.0,0.0,0.0,12.3,79.7,1010.6,37.3,7.7,231.0,19.8,21482,63363,30.2,24.9,27.3,36.5,24.9,30.1,23.9
Scarborough,2022-12-12,77.4,0.889,4.17,10.3,49.3,1012.2,40.7,8.4,208.3,18.1,22344,63666,29.0,24.0,26.1,32.8,24.0,27.2,21.8
Scarborough,2022-12-13,87.2,11.0998,12.5,15.0,79.1,1012.0,57.3,7.5,103.7,8.9,22376,63691,27.0,23.0,24.9,30.1,23.0,25.0,22.6
Scarborough,2022-12-14,83.6,26.1112,8.33,15.0,93.1,1012.5,51.2,6.5,177.8,15.3,22408,63716,30.0,24.0,26.6,35.1,24.0,28.3,23.5
Scarborough,2022-12-15,80.6,0.3048,4.17,18.3,79.6,1012.8,37.2,7.0,227.4,19.6,22440,63742,30.0,24.0,27.0,36.2,24.0,29.2,23.3
Scarborough,2022-12-16,75.4,0.0,0.0,16.1,77.7,1011.7,26.9,7.1,232.0,20.1,22472,63769,30.2,23.9,26.7,34.3,23.9,28.3,21.9
Scarborough,2022-12-17,73.4,0.0,0.0,17.2,77.2,1010.9,28.8,6.9,229.3,19.9,22503,63796,30.2,24.0,26.8,34.2,24.0,28.2,21.6
Scarborough,2022-12-18,74.9,0.0,0.0,17.2,82.1,1012.1,35.0,6.8,221.3,19.2,22534,63824,30.0,25.0,26.9,34.2,25.0,28.4,22.0
Scarborough,2022-12-19,76.6,0.0,0.0,15.0,71.5,1013.8,43.2,6.7,201.7,17.4,22565,63852,30.0,24.0,26.4,33.3,24.0,27.6,21.9
Scarborough,2022-12-20,77.8,0.0,0.0,17.0,79.1,1013.6,32.6,6.9,227.8,19.6,22595,63881,30.0,23.9,26.6,34.2,23.9,28.2,22.3
Scarborough,2022-12-21,80.1,0.7111999999999999,4.17,20.8,84.9,1013.3,36.4,6.7,224.8,19.5,22625,63911,30.0,23.0,25.9,34.2,23.0,27.2,22.1
Scarborough,2022-12-22,75.0,0.7874,4.17,16.1,94.4,1014.0,36.4,7.0,214.6,18.5,22655,63941,30.0,24.0,26.9,34.2,24.0,28.3,22.1
Scarborough,2022-12-23,74.4,1.0921999999999998,8.33,21.5,86.2,1014.3,27.7,6.9,239.7,20.6,22685,63971,29.9,23.0,26.3,33.0,23.0,27.3,21.2
Scarborough,2022-12-24,73.4,0.0,0.0,19.7,80.7,1013.8,27.8,6.6,215.6,18.8,22713,64002,29.0,23.0,25.9,32.0,23.0,26.8,20.7
Scarborough,2022-12-25,73.7,0.0,0.0,18.3,78.7,1012.9,25.5,6.9,219.1,19.0,22742,64033,29.2,23.0,26.2,32.8,23.0,27.5,21.1
Scarborough,2022-12-26,77.3,10.0076,4.17,21.9,81.4,1013.3,37.9,6.8,199.9,17.4,22770,64065,29.2,23.0,26.4,32.9,23.0,27.5,22.1
Scarborough,2022-12-27,76.6,0.0,0.0,18.3,77.5,1013.7,28.3,6.7,212.1,18.4,22797,64097,29.1,24.0,26.5,32.8,24.0,27.9,22.0
Scarborough,2022-12-28,75.9,0.3048,4.17,12.8,76.5,1014.1,36.9,7.0,220.4,19.1,22824,64129,31.0,24.0,26.4,34.2,24.0,27.7,21.7
Scarborough,2022-12-29,78.9,0.4064,8.33,17.2,79.7,1014.3,31.8,7.1,215.6,18.7,22850,64161,29.0,24.0,26.2,33.1,24.0,27.5,22.2
Scarborough,2022-12-30,79.2,0.0,0.0,18.3,80.5,1013.2,29.3,7.0,198.1,17.1,22875,64194,30.0,24.0,26.4,34.2,24.0,27.9,22.4
Scarborough,2022-12-31,76.5,0.3048,4.17,16.1,79.3,1013.1,30.9,6.8,216.9,18.7,22900,64226,30.8,24.0,26.7,34.4,24.0,28.2,22.1
Scarborough,2023-01-01,78.3,0.0,0.0,16.1,84.1,1013.0,30.5,6.9,212.7,18.4,22924,64259,30.0,23.8,26.1,34.2,23.8,27.2,21.9
Scarborough,2023-01-02,79.5,5.9944,8.33,12.3,66.0,1014.3,42.8,8.4,255.5,22.2,23217,65176,27.2,21.0,24.2,29.2,21.0,24.6,20.4
Scarborough,2023-01-03,75.6,0.0,0.0,11.4,56.3,1014.8,28.8,6.9,249.3,21.5,22677,65571,29.8,22.8,25.8,33.1,22.8,27.0,21.1
Scarborough,2023-01-04,74.1,0.0,0.0,18.3,85.1,1014.5,41.6,7.3,209.2,17.9,21592,65640,29.0,25.0,26.7,32.0,25.0,27.9,21.7
Scarborough,2023-01-05,76.8,0.0,0.0,15.0,88.6,1014.0,25.0,7.2,296.8,25.5,20663,65757,30.0,25.0,27.4,35.1,25.0,29.6,22.9
Scarborough,2023-01-06,82.7,1.2953999999999999,12.5,15.0,103.6,1013.3,44.1,7.9,256.1,22.1,20327,66177,31.0,26.0,28.2,39.1,26.0,32.9,24.9
Scarborough,2023-01-07,82.3,4.3942,12.5,10.3,108.8,1012.8,45.4,7.8,158.4,13.6,20628,66594,31.0,26.0,28.4,39.1,26.0,32.9,25.0
Scarborough,2023-01-08,75.2,0.0,0.0,13.0,112.0,1015.8,23.9,10.1,298.1,25.7,21061,66454,32.0,27.0,29.3,39.2,30.1,34.6,24.4
Scarborough,2023-01-09,84.3,5.9944,8.33,12.5,99.8,1012.8,36.7,7.7,213.4,18.3,21179,65576,31.0,25.9,28.1,40.7,25.9,32.6,25.2
Scarborough,2023-01-10,80.7,0.0,0.0,9.2,180.5,1008.4,35.7,8.1,207.2,17.9,21108,64407,32.0,28.8,30.0,44.2,35.1,38.0,26.3
Scarborough,2023-01-11,79.7,0.1016,4.17,12.8,97.2,1009.3,29.5,9.6,236.7,20.5,21280,63496,33.0,26.0,28.8,42.2,26.0,33.6,24.8
Scarborough,2023-01-12,75.8,0.4064,4.17,15.0,81.9,1013.1,27.8,9.4,215.6,18.7,21987,63447,31.1,25.1,27.9,37.4,25.1,30.7,23.2
Scarborough,2023-01-13,77.0,0.0,0.0,15.0,84.9,1012.9,24.5,6.8,241.6,21.0,23150,64651,30.1,22.9,25.9,34.1,22.9,27.1,21.4
Scarborough,2023-01-14,79.0,0.1016,4.17,13.6,98.9,1013.2,30.9,7.2,225.8,19.7,23163,64682,29.0,23.0,26.1,33.6,23.0,27.5,22.1
Scarborough,2023-01-15,76.6,0.0,0.0,11.4,105.1,1013.6,34.3,6.8,241.8,20.9,23175,64714,29.0,24.0,26.6,32.8,24.0,28.1,22.1
Scarborough,2023-01-16,77.8,0.0,0.0,11.4,90.1,1012.9,29.4,6.9,235.8,20.4,23185,64745,29.2,23.0,25.8,32.1,23.0,27.1,21.6
Scarborough,2023-01-17,78.5,0.0,0.0,15.0,90.1,1012.5,33.5,7.4,223.2,19.1,23195,64775,29.2,22.2,25.6,32.9,22.2,26.7,21.4
Scarborough,2023-01-18,76.5,0.7874,4.17,16.1,81.7,1013.9,31.3,7.2,238.6,20.6,23204,64805,29.1,22.0,25.6,32.0,22.0,26.6,20.9
Scarborough,2023-01-19,77.7,1.1938,8.33,20.8,84.3,1014.7,41.6,7.0,215.0,18.7,23212,64835,29.0,23.0,25.6,32.0,23.0,26.6,21.3
Scarborough,2023-01-20,71.8,0.2032,4.17,17.2,82.3,1014.9,40.2,7.4,222.4,19.3,23219,64864,29.1,23.8,25.9,31.9,23.8,26.9,20.4
Scarborough,2023-01-21,70.5,0.0,0.0,17.2,79.2,1014.5,41.8,7.0,242.0,20.8,23224,64893,29.0,23.1,25.7,31.0,23.1,26.4,19.8
Scarborough,2023-01-22,80.1,0.6096,4.17,16.1,79.6,1013.9,52.0,6.9,184.0,15.8,23229,64922,28.1,23.0,25.3,31.9,23.0,25.9,21.6
Scarborough,2023-01-23,78.9,3.5052000000000003,12.5,19.7,88.2,1014.9,36.4,6.7,232.3,19.9,23233,64950,29.0,24.2,26.3,32.8,24.2,27.4,22.3
Scarborough,2023-01-24,77.5,1.0921999999999998,8.33,13.9,61.5,1014.8,44.5,6.7,225.1,19.3,23235,64977,28.8,23.0,24.9,30.6,23.0,25.3,20.6
Scarborough,2023-01-25,72.7,0.0,0.0,17.2,82.4,1013.7,28.6,7.4,225.8,19.5,23237,65004,30.0,22.0,25.8,32.0,22.0,26.8,20.4
Scarborough,2023-01-26,70.5,0.0,0.0,16.1,73.1,1013.3,42.0,7.4,233.9,20.2,23237,65030,30.0,23.0,25.6,31.9,23.0,26.2,19.6
Scarborough,2023-01-27,69.0,0.0,0.0,10.3,43.3,1013.3,35.5,9.3,225.2,19.3,23236,65056,29.0,20.9,24.7,30.3,20.9,25.2,18.4
Scarborough,2023-01-28,75.5,2.0065999999999997,4.17,12.8,67.0,1013.8,37.2,7.4,229.7,19.9,23235,65081,29.2,21.0,23.9,31.0,21.0,24.2,19.1
Scarborough,2023-01-29,73.7,2.9972,8.33,9.2,72.1,1013.7,50.0,7.7,254.6,21.9,23232,65106,29.1,22.0,24.7,30.9,22.0,25.2,19.4
Scarborough,2023-01-30,82.1,16.9926,8.33,8.1,65.9,1013.0,42.3,7.0,221.9,19.0,23228,65130,28.0,21.0,23.3,30.1,21.0,23.4,20.0
Scarborough,2023-01-31,80.7,4.724399999999999,12.5,11.4,48.6,1013.2,42.3,7.4,238.1,20.5,23223,65154,27.0,21.0,23.8,29.2,21.0,24.1,20.3
Scarborough,2023-02-01,74.5,0.0,0.0,17.2,80.3,1013.4,28.6,6.8,213.3,18.5,22948,64292,30.0,24.0,26.7,34.2,24.0,28.1,21.6
Scarborough,2023-02-02,73.8,0.0,0.0,15.0,69.1,1015.2,29.7,8.3,260.3,22.5,23210,65199,29.0,21.2,25.0,31.4,21.2,25.9,19.9
Scarborough,2023-02-03,74.0,0.0,0.0,17.2,86.5,1013.4,30.7,6.7,273.7,23.6,22646,65577,29.0,23.0,26.2,32.0,23.0,27.3,21.0
Scarborough,2023-02-04,72.5,0.0,0.0,18.3,92.0,1014.0,37.9,6.8,260.6,22.6,21555,65641,30.0,25.9,27.4,34.2,25.9,29.1,22.0
Scarborough,2023-02-05,76.1,0.0,0.0,11.4,103.1,1013.7,25.3,7.3,314.1,27.0,20640,65766,30.0,24.9,27.5,35.1,24.9,30.1,22.8
Scarborough,2023-02-06,85.1,18.9992,8.33,12.8,101.9,1011.9,50.1,7.1,136.3,11.6,20329,66194,30.0,24.0,27.2,37.4,24.0,30.4,24.4
Scarborough,2023-02-07,81.0,0.6096,4.17,15.9,77.3,1012.5,40.1,7.5,259.0,22.5,20643,66601,32.0,25.9,28.3,39.2,25.9,32.4,24.7
Scarborough,2023-02-08,84.5,91.0082,4.17,10.3,39.6,1014.6,38.7,7.4,228.3,19.6,21070,66437,32.0,25.0,27.7,40.7,25.0,31.6,24.8
Scarborough,2023-02-09,81.2,3.7845999999999997,12.5,13.9,106.9,1011.4,37.9,7.0,257.1,22.4,21178,65539,31.2,25.0,28.4,39.2,25.0,33.2,24.8
Scarborough,2023-02-10,81.8,0.0,0.0,10.3,150.4,1008.0,39.8,7.3,202.3,17.5,21107,64369,32.3,29.0,30.1,40.7,35.6,38.2,26.6
Scarborough,2023-02-11,82.2,2.1082,8.33,13.9,74.8,1009.9,49.3,7.4,191.6,16.7,21294,63479,31.1,25.0,27.5,37.8,25.0,30.5,24.1
Scarborough,2023-02-12,72.6,0.0,0.0,15.0,83.8,1012.8,20.2,10.6,214.5,18.4,22018,63462,31.8,25.1,28.0,36.6,25.1,30.2,22.5
Scarborough,2023-02-13,80.9,5.308599999999999,12.5,20.8,81.0,1012.2,49.5,6.5,214.6,18.5,23068,65403,29.0,23.0,25.4,32.0,23.0,26.5,21.8
Scarborough,2023-02-14,80.4,11.7094,12.5,16.1,80.3,1012.6,63.2,7.0,233.0,20.1,23050,65417,29.0,23.0,25.9,32.9,23.0,27.1,22.2
Scarborough,2023-02-15,74.9,0.0,0.0,12.8,66.5,1013.5,44.2,6.8,233.5,20.2,23030,65431,29.9,24.0,26.2,34.1,24.0,27.2,21.3
Scarborough,2023-02-16,71.2,1.1938,4.17,15.0,51.3,1012.9,30.3,7.8,270.1,23.3,23010,65445,29.0,23.8,25.8,31.4,23.8,26.6,20.1
Scarborough,2023-02-17,71.5,2.0065999999999997,4.17,18.3,81.7,1012.8,30.9,7.6,261.9,22.5,22989,65458,28.9,23.0,25.7,30.8,23.0,26.3,20.0
Scarborough,2023-02-18,69.3,0.0,0.0,21.9,82.1,1013.8,24.5,8.0,283.6,24.5,22967,65470,29.0,22.0,25.6,30.8,22.0,26.3,19.4
Scarborough,2023-02-19,74.3,0.7111999999999999,8.33,16.1,73.9,1014.0,40.0,7.2,238.4,20.5,22944,65482,29.0,22.7,25.2,30.8,22.7,25.8,20.2
Scarborough,2023-02-20,67.8,0.0,0.0,16.1,53.5,1013.3,32.9,8.0,282.3,24.5,22920,65493,29.0,22.7,25.3,30.3,22.7,25.8,18.8
Scarborough,2023-02-21,74.4,0.9905999999999999,4.17,18.3,68.5,1014.1,49.0,8.3,274.8,23.9,22896,65504,29.0,21.0,24.7,30.3,21.0,25.1,19.5
Scarborough,2023-02-22,73.6,0.1016,4.17,15.0,73.5,1015.8,38.6,7.3,263.6,22.6,22871,65514,29.0,22.0,25.1,32.0,22.0,25.7,19.9
Scarborough,2023-02-23,71.2,0.0,0.0,13.9,46.9,1016.2,37.6,8.6,285.7,24.7,22845,65524,29.1,22.9,25.4,31.4,22.9,26.1,19.7
Scarborough,2023-02-24,72.7,0.0,0.0,15.0,48.3,1015.5,32.2,8.0,247.9,21.6,22819,65533,29.0,23.0,25.5,31.4,23.0,26.2,20.2
Scarborough,2023-02-25,74.4,0.9905999999999999,4.17,12.8,52.6,1014.9,38.8,7.5,238.5,20.7,22792,65541,28.0,21.0,24.4,29.7,21.0,24.9,19.5
Scarborough,2023-02-26,73.0,0.0,0.0,12.8,84.4,1014.1,26.0,8.3,293.5,25.2,22764,65549,29.1,21.7,25.3,32.0,21.7,26.2,20.0
Scarborough,2023-02-27,75.7,0.0,0.0,16.1,85.0,1014.1,24.5,7.9,252.8,21.9,22735,65557,30.0,22.0,25.9,33.3,22.0,27.0,21.2
Scarborough,2023-02-28,75.0,0.0,0.0,15.0,84.9,1015.0,23.8,7.2,272.9,23.8,22706,65564,29.0,22.9,25.8,32.0,22.9,26.9,20.9
Scarborough,2023-03-01,75.0,0.0,0.0,13.9,77.9,1013.2,34.6,6.9,218.4,18.7,22970,64325,30.0,24.0,26.3,34.2,24.0,27.4,21.4
Scarborough,2023-03-02,73.2,0.0,0.0,17.2,84.4,1015.0,30.5,8.0,255.2,22.0,23202,65220,29.0,21.9,25.4,31.8,21.9,26.3,20.1
Scarborough,2023-03-03,73.8,0.0,0.0,19.7,91.5,1013.3,25.9,6.9,270.2,23.3,22616,65583,29.2,23.0,26.3,32.1,23.0,27.5,21.2
Scarborough,2023-03-04,72.5,0.0,0.0,16.1,84.9,1013.3,29.3,6.8,280.4,24.1,21519,65642,30.0,24.0,26.8,34.2,24.0,28.2,21.4
Scarborough,2023-03-05,79.2,0.3048,4.17,15.0,117.0,1012.5,30.8,8.0,292.0,25.3,20618,65775,30.0,26.0,27.8,36.2,26.0,31.1,23.8
Scarborough,2023-03-06,82.5,2.1082,8.33,13.0,115.0,1011.8,42.7,7.7,220.4,18.9,20331,66211,30.7,26.6,28.0,38.5,26.6,32.4,24.7
Scarborough,2023-03-07,83.6,1.9811999999999999,8.33,16.1,89.7,1011.8,43.3,6.5,219.6,19.0,20659,66608,30.0,25.9,27.6,36.2,25.9,31.3,24.6
Scarborough,2023-03-08,78.4,0.1016,4.17,11.4,91.3,1013.4,27.2,8.9,294.0,25.4,21079,66418,31.1,26.0,28.4,37.8,26.0,32.1,24.2
Scarborough,2023-03-09,80.3,15.011399999999998,4.17,11.4,109.5,1012.1,31.3,7.1,273.1,23.6,21177,65502,32.0,25.0,29.1,42.3,25.0,34.8,25.3
Scarborough,2023-03-10,78.3,0.0,0.0,17.4,130.2,1008.8,44.8,7.5,233.8,20.1,21106,64332,33.0,29.0,30.5,43.9,35.5,38.7,26.3
Scarborough,2023-03-11,88.8,17.3228,12.5,15.0,78.1,1010.6,72.4,7.4,141.3,12.3,21310,63463,27.9,23.9,26.2,33.1,23.9,27.6,24.1
Scarborough,2023-03-12,74.4,0.0,0.0,16.1,79.7,1012.7,30.2,11.5,237.8,20.6,22049,63478,31.2,24.8,27.9,37.3,24.8,30.7,22.8
Scarborough,2023-03-13,73.8,0.0,0.0,12.8,90.0,1015.2,34.6,6.7,256.0,22.1,22283,65621,30.0,23.8,26.5,33.3,23.8,27.8,21.3
Scarborough,2023-03-14,68.9,0.0,0.0,15.0,88.1,1015.6,33.8,6.8,278.8,24.2,22248,65623,30.0,24.0,26.8,32.6,24.0,27.7,20.4
Scarborough,2023-03-15,70.6,0.0,0.0,16.1,88.2,1014.1,35.4,7.2,263.2,22.8,22212,65625,30.0,23.9,26.4,32.8,23.9,27.6,20.6
Scarborough,2023-03-16,71.1,0.0,0.0,16.1,89.4,1013.3,33.4,7.0,279.6,24.1,22177,65626,29.1,24.0,26.6,32.0,24.0,27.7,20.8
Scarborough,2023-03-17,70.9,0.0,0.0,15.0,85.9,1013.5,31.9,6.9,295.2,25.3,22141,65628,30.0,23.7,26.3,32.6,23.7,27.4,20.5
Scarborough,2023-03-18,60.4,0.0,0.0,18.3,86.7,1014.6,24.1,7.1,293.9,25.3,22104,65629,30.0,23.0,26.3,31.3,23.0,26.8,17.9
Scarborough,2023-03-19,69.0,0.0,0.0,21.9,84.8,1014.7,28.6,7.1,268.7,23.5,22068,65630,30.1,23.9,26.3,32.7,23.9,27.2,20.1
Scarborough,2023-03-20,69.2,0.0,0.0,21.9,84.4,1015.2,29.7,6.9,259.5,22.4,22032,65632,30.0,24.0,26.6,32.6,24.0,27.6,20.4
Scarborough,2023-03-21,68.4,0.0,0.0,18.3,86.8,1014.7,26.0,6.7,268.1,23.2,21995,65632,30.0,23.0,26.6,33.3,23.0,27.7,20.2
Scarborough,2023-03-22,69.9,0.0,0.0,19.7,87.6,1014.0,27.6,6.8,291.5,25.2,21959,65633,29.8,23.0,26.2,32.8,23.0,27.1,20.1
Scarborough,2023-03-23,69.6,0.0,0.0,11.4,77.0,1013.8,37.3,7.1,282.2,24.4,21922,65634,30.0,23.1,26.3,32.6,23.1,27.2,20.2
Scarborough,2023-03-24,71.0,0.0,0.0,11.4,95.9,1012.9,33.1,7.1,302.2,26.2,21885,65635,30.2,23.0,26.6,33.3,23.0,27.7,20.7
Scarborough,2023-03-25,72.5,0.0,0.0,16.1,88.6,1013.6,40.7,7.1,279.0,24.1,21848,65635,31.0,23.7,26.8,35.5,23.7,28.4,21.3
Scarborough,2023-03-26,67.7,0.0,0.0,19.7,82.0,1014.7,34.5,7.2,290.3,25.1,21811,65636,30.0,24.0,26.8,33.3,24.0,27.7,20.2
Scarborough,2023-03-27,71.3,0.0,0.0,19.7,86.3,1014.5,31.2,7.8,281.7,24.2,21775,65637,30.0,24.0,26.6,32.8,24.0,27.7,20.8
Scarborough,2023-03-28,65.3,0.0,0.0,19.7,84.7,1014.1,37.2,8.0,303.8,26.1,21738,65637,30.0,23.9,26.7,31.9,23.9,27.3,19.4
Scarborough,2023-03-29,74.1,2.0065999999999997,4.17,16.1,87.7,1013.6,42.5,7.5,269.4,23.2,21701,65638,29.0,23.8,25.6,31.4,23.8,26.4,20.6
Scarborough,2023-03-30,71.9,0.0,0.0,18.3,82.2,1014.2,35.4,8.0,261.7,22.6,21665,65638,30.1,23.8,26.7,33.4,23.8,28.1,21.1
Scarborough,2023-03-31,70.8,0.0,0.0,18.3,69.4,1014.6,40.6,7.6,220.2,19.0,21628,65639,30.0,25.0,26.9,33.3,25.0,28.3,21.1
Scarborough,2023-04-01,77.2,1.4986,4.17,16.1,71.5,1013.8,42.3,6.7,168.6,14.6,22992,64358,30.0,23.9,26.2,34.6,23.9,27.3,21.8
Scarborough,2023-04-02,81.0,15.9766,12.5,19.7,80.5,1016.2,35.8,7.0,183.1,15.9,23193,65241,29.0,23.0,25.8,33.6,23.0,27.2,22.3
Scarborough,2023-04-03,73.5,0.0,0.0,16.1,87.1,1013.6,31.1,6.7,262.3,22.9,22584,65588,30.0,23.0,26.5,33.3,23.0,27.6,21.3
Scarborough,2023-04-04,72.2,0.0,0.0,19.7,87.2,1012.3,29.1,6.9,269.2,23.2,21484,65643,30.0,25.0,27.2,34.2,25.0,28.7,21.7
Scarborough,2023-04-05,72.6,0.0,0.0,15.0,106.4,1014.1,27.1,7.5,298.0,25.7,20597,65785,30.2,26.7,28.1,35.1,28.8,31.2,22.7
Scarborough,2023-04-06,81.4,0.0,0.0,13.9,108.7,1012.4,40.8,6.6,251.1,21.7,20335,66227,30.2,27.0,28.8,37.8,30.6,34.3,25.2
Scarborough,2023-04-07,83.2,31.089599999999997,12.5,21.9,97.5,1014.4,46.7,6.5,94.0,7.9,20674,66614,30.0,24.0,27.6,37.4,24.0,31.4,24.5
Scarborough,2023-04-08,83.6,0.0,0.0,12.8,94.0,1013.8,35.4,7.9,224.5,19.4,21088,66398,31.1,25.9,27.6,39.3,25.9,30.9,24.5
Scarborough,2023-04-09,79.4,5.0038,4.17,16.3,94.5,1013.1,36.0,7.1,281.4,24.3,21175,65464,32.0,26.9,29.1,40.7,30.1,34.6,25.1
Scarborough,2023-04-10,74.5,0.0,0.0,17.7,111.0,1009.9,40.2,7.6,283.1,24.5,21106,64295,33.1,27.0,30.3,42.5,30.6,36.8,25.2
Scarborough,2023-04-11,82.7,38.2016,12.5,16.1,86.5,1010.3,64.5,9.6,161.8,14.1,21326,63448,31.7,25.1,27.4,40.2,25.1,30.4,24.2
Scarborough,2023-04-12,75.5,0.0,0.0,18.3,80.7,1013.0,28.7,10.0,235.2,20.4,22081,63494,31.1,25.7,28.2,37.6,25.7,31.3,23.4
Scarborough,2023-04-13,71.0,0.0,0.0,11.4,77.7,1011.2,33.1,7.8,315.4,27.1,21173,65659,30.1,24.0,26.9,33.8,24.0,28.2,21.1
Scarborough,2023-04-14,74.3,0.0,0.0,17.2,82.7,1011.4,28.7,8.3,281.8,24.5,21140,65662,31.0,24.0,27.1,35.5,24.0,28.9,22.1
Scarborough,2023-04-15,73.2,0.9905999999999999,4.17,16.1,80.9,1012.9,33.3,7.7,280.6,24.2,21108,65665,30.0,24.8,26.5,33.3,24.8,27.7,21.2
Scarborough,2023-04-16,71.6,0.0,0.0,16.1,83.4,1012.7,34.6,7.2,270.6,23.2,21076,65668,30.0,23.2,26.8,33.3,23.2,28.2,21.1
Scarborough,2023-04-17,75.5,0.0,0.0,12.8,47.0,1011.6,45.5,6.7,246.2,21.3,21045,65672,30.0,23.9,26.4,34.2,23.9,27.8,21.6
Scarborough,2023-04-18,69.2,0.0,0.0,17.2,87.1,1011.4,35.3,6.8,290.1,25.1,21014,65676,30.1,23.7,27.0,33.3,23.7,28.3,20.8
Scarborough,2023-04-19,70.9,0.0,0.0,18.3,87.2,1012.7,26.0,6.8,284.8,24.4,20983,65680,30.0,24.8,27.6,34.2,24.8,29.4,21.7
Scarborough,2023-04-20,75.3,0.2032,4.17,18.3,93.8,1012.4,34.9,6.7,240.3,20.7,20953,65685,31.0,25.8,28.0,36.6,25.8,30.9,23.2
Scarborough,2023-04-21,75.2,0.0,0.0,19.2,99.1,1010.6,40.6,6.5,144.9,12.4,20924,65690,31.0,26.9,28.2,36.6,29.4,31.8,23.3
Scarborough,2023-04-22,77.0,0.0,0.0,13.9,108.8,1009.1,39.3,5.6,192.4,16.6,20895,65695,30.0,26.9,28.0,36.2,29.4,31.6,23.6
Scarborough,2023-04-23,84.1,2.6161999999999996,8.33,11.4,138.2,1010.3,47.9,6.9,151.3,13.1,20867,65701,29.0,25.0,26.7,33.6,25.0,28.5,23.8
Scarborough,2023-04-24,80.5,0.0,0.0,12.8,114.1,1010.7,43.2,8.0,204.9,17.8,20839,65706,30.1,25.0,27.5,36.2,25.0,30.2,23.8
Scarborough,2023-04-25,90.3,89.9922,12.5,13.9,130.8,1012.2,60.5,6.3,126.5,11.0,20812,65713,26.0,24.0,25.3,26.0,24.0,25.3,23.7
Scarborough,2023-04-26,86.7,2.9972,4.17,12.8,120.6,1012.4,47.6,7.1,212.0,18.3,20785,65719,29.0,25.0,26.7,34.6,25.0,29.1,24.3
Scarborough,2023-04-27,86.5,6.5024,12.5,10.3,110.3,1012.7,51.4,7.4,105.0,9.1,20759,65726,29.0,25.9,26.9,34.6,25.9,29.3,24.4
Scarborough,2023-04-28,80.9,0.0,0.0,14.5,109.9,1012.8,36.6,8.0,228.5,19.8,20734,65733,30.0,26.0,27.9,36.2,26.0,31.4,24.3
Scarborough,2023-04-29,79.1,0.0,0.0,13.9,107.6,1013.6,43.4,7.1,286.2,24.6,20710,65741,30.0,26.0,27.6,36.2,26.0,30.7,23.6
Scarborough,2023-04-30,77.2,0.0,0.0,15.0,101.6,1014.5,31.0,7.2,290.3,25.0,20686,65749,30.0,26.0,27.8,35.1,26.0,30.8,23.4
Scarborough,2023-05-01,78.2,5.0038,8.33,21.9,85.4,1014.0,43.4,6.9,182.1,15.7,23013,64391,30.0,24.0,26.5,33.3,24.0,27.8,22.3
Scarborough,2023-05-02,75.7,4.9784,8.33,19.7,85.5,1016.0,38.4,6.7,249.6,21.6,23183,65262,29.0,23.8,26.4,32.8,23.8,27.6,21.7
Scarborough,2023-05-03,72.6,0.0,0.0,18.3,89.5,1013.5,26.4,6.8,267.0,23.2,22552,65593,30.0,25.0,26.9,33.3,25.0,28.2,21.5
Scarborough,2023-05-04,76.3,18.008599999999998,8.33,18.3,90.9,1012.2,39.1,6.6,292.7,25.3,21448,65644,29.2,23.0,26.4,32.8,23.0,27.6,21.7
Scarborough,2023-05-05,72.2,0.0,0.0,18.3,94.2,1014.2,29.5,7.1,278.4,23.9,20577,65795,30.1,26.0,28.1,35.1,26.0,31.1,22.6
Scarborough,2023-05-06,85.9,10.0076,12.5,11.4,104.4,1013.4,43.7,7.2,245.5,21.3,20338,66244,30.0,26.0,27.9,38.4,26.0,32.3,25.3
Scarborough,2023-05-07,75.8,0.0,0.0,13.9,85.1,1015.0,36.9,6.7,291.8,25.2,20690,66619,31.0,26.2,28.5,37.8,26.2,32.4,23.7
Scarborough,2023-05-08,79.0,0.0,0.0,13.2,82.1,1013.9,36.4,8.3,280.1,24.1,21096,66378,32.0,26.7,28.9,40.7,29.4,34.2,24.8
Scarborough,2023-05-09,84.0,13.5128,12.5,17.2,89.0,1013.2,47.3,7.6,217.0,18.8,21173,65426,31.0,25.0,27.6,39.1,25.0,31.1,24.6
Scarborough,2023-05-10,89.1,18.9992,12.5,13.9,98.1,1011.1,53.3,6.2,90.2,7.8,21106,64258,28.0,24.0,26.6,32.7,24.0,28.6,24.6
Scarborough,2023-05-11,80.8,0.0,0.0,13.9,96.1,1009.7,42.4,9.7,222.8,19.2,21342,63434,32.2,24.8,28.7,42.3,24.8,33.9,25.0
Scarborough,2023-05-12,77.6,0.0,0.0,17.2,83.2,1012.7,22.6,9.4,225.1,19.4,22112,63512,31.2,25.7,28.1,38.0,25.7,31.4,23.8
Scarborough,2023-05-13,75.1,0.0,0.0,20.8,95.1,1013.7,29.5,7.0,251.3,21.7,20442,65886,31.0,26.8,28.3,36.6,29.2,32.0,23.4
Scarborough,2023-05-14,75.6,0.0,0.0,15.0,95.3,1014.9,33.5,6.9,256.2,22.0,20428,65899,31.0,26.2,28.1,36.6,26.2,31.5,23.3
Scarborough,2023-05-15,76.5,0.0,0.0,15.0,95.4,1014.6,33.8,7.2,277.9,24.1,20416,65913,30.1,26.8,28.3,36.2,29.2,32.2,23.7
Scarborough,2023-05-16,79.0,0.0,0.0,14.8,95.9,1013.4,39.9,7.1,251.4,21.6,20404,65926,30.0,26.6,28.1,36.2,26.6,32.1,24.1
Scarborough,2023-05-17,76.3,0.0,0.0,12.8,100.6,1012.7,32.4,6.5,281.4,24.3,20393,65940,31.0,25.9,28.2,36.2,25.9,31.7,23.6
Scarborough,2023-05-18,76.9,0.0,0.0,16.1,100.0,1013.1,45.2,8.0,277.6,24.1,20383,65955,31.0,26.8,28.1,36.6,29.3,31.7,23.6
Scarborough,2023-05-19,77.2,0.6096,4.17,16.1,101.5,1012.6,40.0,7.1,254.9,22.1,20374,65969,30.1,26.0,28.2,36.2,26.0,32.0,23.8
Scarborough,2023-05-20,76.8,0.6096,4.17,20.8,94.1,1011.5,41.8,7.8,260.3,22.4,20366,65984,31.1,25.0,28.2,36.8,25.0,31.6,23.6
Scarborough,2023-05-21,88.6,16.9926,16.67,11.4,95.2,1010.8,57.2,6.0,197.3,17.0,20358,65999,28.0,25.8,26.3,32.7,25.8,27.4,24.3
Scarborough,2023-05-22,89.1,19.9898,16.67,12.1,112.6,1012.0,60.8,6.9,70.0,5.9,20351,66014,28.0,24.1,26.1,32.7,24.1,27.0,24.1
Scarborough,2023-05-23,84.5,1.1938,8.33,14.5,97.0,1011.8,43.7,8.2,196.3,16.9,20345,66030,30.0,25.7,27.4,37.4,25.7,30.6,24.6
Scarborough,2023-05-24,82.1,1.2953999999999999,12.5,10.7,102.4,1010.7,43.4,9.7,254.5,21.9,20340,66046,30.0,26.0,27.7,37.4,26.0,31.1,24.3
Scarborough,2023-05-25,80.6,0.0,0.0,10.3,105.1,1010.3,33.3,7.7,237.9,20.5,20336,66061,30.2,26.0,28.3,37.4,26.0,32.7,24.6
Scarborough,2023-05-26,82.8,0.0,0.0,15.0,99.6,1012.2,38.5,7.7,246.2,21.1,20332,66078,31.0,25.9,27.7,37.8,25.9,31.1,24.5
Scarborough,2023-05-27,86.0,20.1168,12.5,16.1,96.2,1012.9,72.5,6.8,262.0,22.6,20329,66094,31.0,25.0,27.1,39.1,25.0,29.6,24.4
Scarborough,2023-05-28,85.2,11.9888,8.33,13.9,77.8,1012.7,48.7,7.2,255.2,21.9,20327,66110,30.0,25.0,27.0,36.2,25.0,29.7,24.3
Scarborough,2023-05-29,82.5,10.0076,4.17,13.9,89.0,1011.6,46.8,7.8,255.0,21.8,20326,66127,30.7,24.9,27.5,37.2,24.9,30.7,24.2
Scarborough,2023-05-30,82.7,1.016,8.33,15.2,115.2,1012.4,40.5,8.2,251.9,21.5,20326,66143,30.0,27.0,27.9,36.2,29.7,32.3,24.7
Scarborough,2023-05-31,87.2,61.0108,4.17,15.0,119.7,1014.1,53.0,7.2,224.7,19.3,20326,66160,30.0,24.0,27.2,37.4,24.0,29.9,24.8
Scarborough,2023-06-01,76.0,0.508,4.17,21.9,80.8,1013.7,39.3,6.6,211.9,18.3,23033,64424,30.0,24.0,26.7,33.3,24.0,27.8,22.0
Scarborough,2023-06-02,76.1,0.0,0.0,20.8,88.8,1014.2,46.1,7.1,206.0,17.8,23172,65282,28.1,24.8,26.1,30.8,24.8,26.9,21.5
Scarborough,2023-06-03,72.0,0.0,0.0,15.0,90.2,1013.2,27.2,6.7,275.2,23.7,22520,65598,30.0,24.7,26.8,33.3,24.7,27.9,21.2
Scarborough,2023-06-04,73.5,0.0,0.0,19.7,92.1,1012.0,33.7,6.5,301.2,26.0,21412,65645,30.0,24.0,26.8,33.3,24.0,28.0,21.6
Scarborough,2023-06-05,73.1,0.0,0.0,18.3,85.6,1014.0,38.6,6.7,287.4,24.7,20557,65805,30.1,25.0,27.9,35.1,25.0,30.6,22.6
Scarborough,2023-06-06,81.4,0.2032,4.17,8.1,107.7,1013.7,30.5,8.6,277.3,23.8,20343,66261,31.0,26.0,28.2,37.8,26.0,32.5,24.7
Scarborough,2023-06-07,79.2,0.7874,4.17,17.4,84.3,1013.5,32.6,6.9,277.9,23.9,20706,66623,31.0,24.8,27.8,37.8,24.8,31.0,23.8
Scarborough,2023-06-08,78.3,0.0,0.0,10.3,94.7,1013.7,27.8,8.6,289.2,24.9,21104,66357,32.0,25.3,28.7,39.2,25.3,32.8,24.4
Scarborough,2023-06-09,78.2,0.0,0.0,9.2,103.8,1012.5,28.8,8.6,237.2,20.5,21171,65388,31.1,26.2,28.9,39.1,26.2,33.9,24.7
Scarborough,2023-06-10,79.7,0.4064,4.17,19.7,99.8,1011.6,49.2,6.6,184.3,16.0,21106,64222,32.1,25.9,28.6,41.0,25.9,33.3,24.7
Scarborough,2023-06-11,85.6,19.9898,4.17,17.9,104.7,1010.4,58.4,10.1,194.3,16.7,21360,63421,31.1,25.0,27.8,39.1,25.0,32.1,25.1
Scarborough,2023-06-12,83.2,6.400799999999999,8.33,17.2,98.8,1011.9,57.4,7.9,116.1,10.1,22144,63531,30.1,24.8,26.6,34.1,24.8,28.2,23.4
Scarborough,2023-06-13,85.3,10.388599999999999,16.67,18.3,95.9,1013.5,44.7,6.9,263.8,22.8,20394,66375,30.0,24.9,27.4,37.5,24.9,30.8,24.7
Scarborough,2023-06-14,81.5,0.9905999999999999,4.17,16.1,97.1,1013.4,38.6,6.5,226.8,19.6,20403,66391,30.0,26.0,28.0,37.4,26.0,32.2,24.5
Scarborough,2023-06-15,79.0,0.0,0.0,20.8,87.2,1013.8,32.8,6.4,263.8,22.8,20413,66406,31.0,25.0,28.7,39.1,25.0,33.4,24.6
Scarborough,2023-06-16,76.7,0.1016,4.17,19.7,88.2,1014.5,33.4,6.5,267.6,23.0,20424,66421,31.0,27.0,28.9,37.8,30.1,33.8,24.4
Scarborough,2023-06-17,83.6,8.001,8.33,18.3,89.8,1014.6,37.9,7.0,258.4,22.3,20435,66435,29.7,25.0,27.2,36.7,25.0,29.9,24.2
Scarborough,2023-06-18,75.5,0.0,0.0,18.3,87.2,1014.8,37.3,9.2,254.7,21.9,20446,66450,30.7,25.0,28.1,35.4,25.0,31.1,23.3
Scarborough,2023-06-19,77.5,0.0,0.0,13.9,87.5,1015.0,35.8,7.7,247.4,21.4,20458,66464,30.2,25.0,27.4,36.2,25.0,29.8,23.1
Scarborough,2023-06-20,77.8,0.0,0.0,15.0,89.4,1013.5,34.6,7.3,268.6,23.2,20471,66477,31.0,25.0,28.1,37.8,25.0,31.7,23.8
Scarborough,2023-06-21,85.2,1.397,12.5,12.8,86.6,1012.2,48.4,7.2,210.2,18.4,20483,66490,31.0,25.8,27.5,39.1,25.8,30.9,24.8
Scarborough,2023-06-22,82.9,29.286199999999997,12.5,14.3,56.3,1011.5,57.2,7.8,245.3,21.1,20497,66503,30.0,26.0,27.4,36.2,26.0,30.5,24.3
Scarborough,2023-06-23,86.5,24.409399999999998,16.67,19.7,109.8,1012.1,47.2,7.0,205.2,17.6,20510,66515,28.0,24.0,26.3,32.7,24.0,27.9,23.8
Scarborough,2023-06-24,76.3,0.0,0.0,13.9,96.2,1012.8,32.4,7.3,297.8,25.6,20524,66527,31.1,26.1,28.3,36.7,26.1,31.7,23.7
Scarborough,2023-06-25,78.2,0.0,0.0,12.8,91.7,1013.0,25.8,8.6,259.6,22.5,20538,66538,31.1,25.1,28.1,37.9,25.1,31.4,23.8
Scarborough,2023-06-26,83.1,4.9784,8.33,10.3,40.8,1012.5,39.1,7.5,255.1,22.0,20552,66549,31.8,25.2,27.8,41.4,25.2,31.2,24.6
Scarborough,2023-06-27,86.7,2.3114,12.5,11.4,106.6,1011.6,47.6,7.5,123.8,10.8,20567,66559,29.0,25.0,26.6,35.6,25.0,28.1,24.2
Scarborough,2023-06-28,80.0,0.0,0.0,12.8,118.8,1012.5,40.3,7.8,186.7,16.2,20582,66569,30.0,26.8,28.4,37.4,29.6,33.1,24.6
Scarborough,2023-06-29,77.3,0.4064,4.17,16.6,98.0,1013.6,39.0,7.2,285.7,24.7,20597,66578,31.0,26.0,28.7,37.8,26.0,33.0,24.3
Scarborough,2023-06-30,79.4,0.889,8.33,19.7,87.9,1013.7,41.4,6.8,256.6,22.1,20612,66586,31.0,26.0,28.4,39.1,26.0,32.7,24.4
Scarborough,2023-07-01,86.1,8.001,12.5,17.2,89.8,1014.0,64.5,6.3,126.4,11.0,23053,64457,27.0,23.0,25.0,30.1,23.0,25.4,22.5
Scarborough,2023-07-02,80.1,1.1938,4.17,19.0,77.9,1013.6,44.9,6.8,202.7,17.7,23160,65301,28.1,24.0,25.9,31.9,24.0,27.0,22.1
Scarborough,2023-07-03,74.4,0.0,0.0,16.1,91.5,1012.6,33.6,6.7,256.4,22.0,22487,65602,30.0,23.0,26.5,33.3,23.0,27.8,21.5
Scarborough,2023-07-04,71.9,0.0,0.0,17.2,94.2,1012.7,34.6,6.3,271.2,23.5,21377,65646,30.0,25.7,27.1,33.3,25.7,28.2,21.5
Scarborough,2023-07-05,76.9,0.0,0.0,17.9,89.2,1013.2,27.8,7.3,265.5,23.0,20538,65815,31.0,25.0,27.9,37.8,25.0,31.1,23.4
Scarborough,2023-07-06,78.9,0.0,0.0,18.3,86.0,1014.0,28.3,7.6,263.4,22.7,20348,66278,31.0,26.0,28.7,38.3,26.0,33.1,24.6
Scarborough,2023-07-07,81.2,0.9905999999999999,4.17,15.7,98.4,1012.7,36.3,7.6,228.4,19.8,20722,66627,31.0,25.0,27.7,37.8,25.0,30.8,24.1
Scarborough,2023-07-08,79.2,0.1016,4.17,11.9,110.7,1014.0,32.3,9.2,281.9,24.4,21112,66335,32.0,26.8,29.1,42.3,29.7,34.8,25.1
Scarborough,2023-07-09,79.2,0.0,0.0,10.3,91.7,1011.2,30.0,8.0,296.4,25.5,21168,65349,32.0,25.9,28.4,39.2,25.9,32.2,24.4
Scarborough,2023-07-10,78.9,3.9878,4.17,13.9,97.0,1012.5,37.3,6.9,272.7,23.7,21107,64186,32.1,25.0,29.0,40.8,25.0,34.1,24.9
Scarborough,2023-07-11,88.0,60.5028,12.5,15.0,116.8,1011.4,65.6,6.7,170.2,14.7,21378,63409,30.8,23.9,26.5,38.8,23.9,28.9,24.3
Scarborough,2023-07-12,85.4,16.002,12.5,17.2,91.6,1012.9,67.8,8.4,175.3,15.2,22176,63550,29.7,24.1,26.3,35.6,24.1,28.0,23.6
Scarborough,2023-07-13,77.8,0.1016,4.17,17.2,86.1,1011.3,38.5,7.2,287.1,24.6,20815,66633,31.0,27.0,28.7,37.8,30.1,33.4,24.4
Scarborough,2023-07-14,80.5,0.9905999999999999,4.17,18.3,85.1,1011.9,44.3,7.3,207.0,17.9,20830,66631,30.0,26.9,28.3,37.4,29.9,32.8,24.6
Scarborough,2023-07-15,86.5,5.206999999999999,12.5,10.3,76.3,1012.2,46.9,7.2,207.0,17.7,20845,66628,30.0,25.0,27.0,37.4,25.0,29.7,24.5
Scarborough,2023-07-16,80.1,0.0,0.0,12.8,81.9,1012.2,35.8,7.4,261.1,22.7,20860,66625,31.0,25.8,28.3,39.1,25.8,32.1,24.4
Scarborough,2023-07-17,80.5,0.7111999999999999,8.33,15.0,93.3,1013.9,36.3,7.4,253.3,21.9,20875,66621,31.0,26.9,28.6,39.2,30.1,33.4,24.8
Scarborough,2023-07-18,86.0,2.794,8.33,6.9,70.7,1015.2,42.2,6.9,243.7,21.1,20889,66615,31.0,25.2,27.3,39.1,25.2,30.1,24.7
Scarborough,2023-07-19,82.0,1.1938,8.33,9.2,109.7,1016.6,47.1,7.4,189.7,16.4,20903,66609,31.0,26.0,28.1,37.8,26.0,32.4,24.7
Scarborough,2023-07-20,78.6,0.0,0.0,11.6,92.5,1015.8,32.2,9.5,266.8,22.9,20917,66603,32.0,26.0,28.8,39.2,26.0,33.1,24.6
Scarborough,2023-07-21,75.0,0.0,0.0,13.9,85.3,1014.1,33.3,7.5,269.7,23.1,20931,66595,32.0,26.0,29.0,39.2,26.0,33.4,24.1
Scarborough,2023-07-22,75.8,0.2032,4.17,13.9,91.6,1014.1,37.6,6.7,266.4,22.9,20945,66586,32.0,26.8,28.9,39.2,29.6,33.5,24.2
Scarborough,2023-07-23,75.6,0.0,0.0,15.0,80.0,1015.3,34.8,6.6,289.4,24.9,20958,66577,32.0,26.0,28.7,38.7,26.0,32.3,23.8
Scarborough,2023-07-24,85.3,3.9878,8.33,13.9,82.1,1014.2,46.6,6.6,207.9,17.8,20970,66567,31.0,25.0,26.8,37.8,25.0,28.8,24.1
Scarborough,2023-07-25,86.5,20.4978,8.33,10.3,107.4,1012.9,43.1,7.1,197.2,16.9,20983,66556,31.0,25.0,27.0,39.1,25.0,29.3,24.5
Scarborough,2023-07-26,83.2,4.013199999999999,8.33,13.9,81.7,1012.8,35.9,7.6,250.0,21.5,20995,66544,31.0,25.9,27.8,39.1,25.9,31.1,24.6
Scarborough,2023-07-27,81.7,0.9905999999999999,4.17,19.7,83.6,1013.2,41.1,7.6,280.4,24.2,21007,66531,31.0,25.9,28.3,39.1,25.9,32.5,24.8
Scarborough,2023-07-28,87.3,4.2164,12.5,17.4,84.8,1014.2,44.5,8.0,222.8,19.2,21018,66517,30.0,25.9,27.2,36.2,25.9,30.3,24.9
Scarborough,2023-07-29,81.1,27.609799999999996,8.33,15.2,83.1,1014.7,66.2,9.3,248.2,21.4,21029,66503,32.0,25.0,28.4,40.7,25.0,32.8,24.8
Scarborough,2023-07-30,83.0,7.010400000000001,4.17,6.9,119.2,1013.7,33.3,7.4,259.2,22.4,21040,66488,31.0,25.0,28.1,40.7,25.0,32.4,24.9
Scarborough,2023-07-31,78.3,0.0,0.0,10.3,127.7,1015.0,28.7,8.8,261.3,22.5,21051,66471,32.0,27.0,29.4,40.7,30.1,35.4,25.2
Scarborough,2023-08-01,83.5,10.769599999999999,16.67,17.2,97.3,1014.8,44.5,6.2,166.1,14.2,23071,64490,29.0,23.9,26.1,34.6,23.9,27.0,23.0
Scarborough,2023-08-02,77.8,0.0,0.0,17.2,85.2,1013.2,36.3,6.5,242.7,21.0,23147,65319,29.0,23.9,26.1,32.8,23.9,27.4,21.8
Scarborough,2023-08-03,76.6,0.3048,4.17,11.4,108.7,1012.2,39.3,6.7,261.9,22.7,22454,65606,30.0,25.0,26.8,34.2,25.0,28.3,22.3
Scarborough,2023-08-04,74.7,2.0065999999999997,4.17,21.9,90.3,1013.5,41.8,6.2,213.0,18.3,21342,65648,29.0,24.8,26.2,32.4,24.8,27.0,21.3
Scarborough,2023-08-05,78.7,0.0,0.0,19.7,93.1,1013.3,33.2,6.7,293.5,25.5,20520,65826,31.0,26.0,28.2,37.8,26.0,32.0,24.1
Scarborough,2023-08-06,76.5,0.0,0.0,15.0,98.0,1014.3,31.4,6.9,285.5,24.7,20354,66294,31.0,27.0,28.9,38.6,29.7,33.8,24.3
Scarborough,2023-08-07,85.3,12.014199999999999,12.5,17.2,88.3,1013.7,47.6,7.2,173.6,15.0,20737,66630,30.0,25.0,27.2,39.1,25.0,30.2,24.4
Scarborough,2023-08-08,79.0,0.0,0.0,9.2,108.7,1014.2,35.5,7.1,256.3,22.2,21119,66313,32.0,27.1,29.7,42.3,30.4,36.3,25.6
Scarborough,2023-08-09,79.6,0.0,0.0,8.1,112.9,1011.0,27.7,8.6,298.7,25.6,21166,65311,32.0,25.8,28.8,39.2,25.8,33.3,24.8
Scarborough,2023-08-10,75.3,0.0,0.0,17.4,98.5,1011.9,27.0,7.6,273.4,23.7,21108,64151,33.0,27.0,29.7,42.2,30.1,35.4,24.8
Scarborough,2023-08-11,82.1,0.7874,4.17,12.3,92.3,1011.7,60.7,12.1,196.9,17.1,21396,63398,31.0,25.1,27.8,39.1,25.1,31.6,24.4
Scarborough,2023-08-12,85.0,5.384799999999999,16.67,19.7,88.2,1013.1,63.0,8.6,99.6,8.6,22208,63571,29.9,24.7,26.8,36.2,24.7,29.2,24.0
Scarborough,2023-08-13,80.6,0.7874,4.17,13.9,90.6,1012.6,35.0,6.8,244.1,21.0,21149,66189,32.0,25.0,28.5,40.7,25.0,33.2,24.8
Scarborough,2023-08-14,78.4,2.921,12.5,16.1,55.2,1011.0,52.7,6.7,243.9,20.9,21154,66162,31.0,27.0,28.7,39.1,29.7,33.7,24.6
Scarborough,2023-08-15,84.8,19.9898,8.33,21.9,95.2,1010.4,52.9,6.5,211.1,18.3,21158,66134,29.0,23.0,27.1,35.6,23.0,30.6,24.3
Scarborough,2023-08-16,85.1,4.5973999999999995,8.33,10.3,62.2,1011.1,47.8,6.8,168.7,14.5,21162,66106,30.0,24.1,27.0,36.2,24.1,29.9,24.2
Scarborough,2023-08-17,82.9,3.6067999999999993,8.33,8.1,63.9,1010.7,33.8,7.5,263.1,22.6,21166,66077,32.9,26.0,28.6,43.7,26.0,33.9,25.3
Scarborough,2023-08-18,86.0,47.0154,8.33,9.2,58.7,1008.5,49.9,6.7,216.3,18.8,21169,66047,31.0,26.8,27.6,40.7,29.9,32.0,25.1
Scarborough,2023-08-19,88.2,4.0893999999999995,8.33,8.1,107.4,1007.1,38.1,6.8,151.7,13.0,21172,66017,29.0,25.0,27.1,35.6,25.0,30.5,24.9
Scarborough,2023-08-20,86.1,30.987999999999996,16.67,13.9,129.6,1008.3,54.3,6.5,158.8,13.7,21174,65986,30.0,24.0,27.8,38.9,24.0,32.3,25.2
Scarborough,2023-08-21,78.6,0.0,0.0,12.8,114.1,1009.0,32.2,7.9,295.7,25.8,21177,65955,31.1,27.9,29.2,39.1,31.8,35.1,25.1
Scarborough,2023-08-22,78.6,0.3048,4.17,11.4,114.6,1009.2,34.4,7.2,275.5,23.8,21178,65923,32.0,27.0,29.3,40.7,30.1,35.3,25.2
Scarborough,2023-08-23,78.4,0.0,0.0,9.2,121.4,1010.1,39.9,7.2,224.8,19.5,21180,65890,32.1,29.0,29.9,42.3,34.6,37.0,25.8
Scarborough,2023-08-24,78.7,0.0,0.0,10.3,145.4,1010.8,38.0,7.4,263.7,22.6,21181,65857,32.0,27.9,29.8,40.7,32.3,36.7,25.7
Scarborough,2023-08-25,74.4,0.0,0.0,8.9,142.0,1010.6,38.0,8.6,271.5,23.4,21182,65824,32.0,27.0,29.7,40.7,30.1,35.4,24.7
Scarborough,2023-08-26,77.2,0.0,0.0,10.3,143.1,1010.3,31.0,8.8,250.7,21.5,21182,65790,32.0,28.0,29.8,42.3,31.9,36.2,25.3
Scarborough,2023-08-27,77.7,0.0,0.0,11.4,125.5,1012.0,32.9,8.4,275.5,23.8,21182,65755,32.2,28.8,30.3,42.4,34.2,37.8,25.9
Scarborough,2023-08-28,77.2,0.0,0.0,11.4,112.4,1013.2,28.5,8.6,293.7,25.5,21182,65720,32.1,28.0,30.1,42.5,31.9,37.1,25.6
Scarborough,2023-08-29,87.5,4.9784,8.33,13.9,78.9,1013.8,44.1,7.4,109.2,9.5,21182,65685,28.2,25.0,26.9,33.7,25.0,30.0,24.7
Scarborough,2023-08-30,81.2,0.3048,4.17,14.1,101.6,1013.5,39.1,8.5,264.6,22.7,21181,65649,32.0,26.0,29.0,42.3,26.0,34.8,25.4
Scarborough,2023-08-31,80.4,0.0,0.0,11.4,88.6,1012.9,31.4,7.2,276.6,24.1,21181,65613,32.0,25.0,28.7,40.7,25.0,33.4,24.8
Scarborough,2023-09-01,82.7,0.7111999999999999,8.33,15.0,81.0,1014.1,38.4,6.5,197.5,17.0,23089,64522,29.0,23.9,25.5,33.6,23.9,26.4,22.3
Scarborough,2023-09-02,77.2,0.0,0.0,17.2,83.3,1013.6,35.3,6.8,231.7,20.0,23133,65337,29.0,24.0,25.9,32.8,24.0,26.9,21.6
Scarborough,2023-09-03,76.8,0.0,0.0,11.4,114.9,1012.3,37.6,6.8,265.3,22.8,22421,65609,30.0,25.0,27.1,34.2,25.0,28.7,22.6
Scarborough,2023-09-04,76.0,0.0,0.0,16.1,86.9,1013.8,42.7,6.5,183.7,16.0,21308,65650,29.0,25.0,26.7,32.8,25.0,28.1,22.1
Scarborough,2023-09-05,74.5,0.0,0.0,19.7,93.5,1014.1,33.1,6.7,274.5,23.7,20503,65838,30.1,26.8,28.2,35.1,29.2,31.7,23.2
Scarborough,2023-09-06,79.7,0.1016,4.17,12.8,99.6,1014.3,35.0,6.9,244.8,21.0,20361,66311,31.0,27.0,28.8,39.1,30.1,34.1,24.9
Scarborough,2023-09-07,83.1,5.0038,4.17,16.1,80.1,1013.7,33.7,7.0,238.3,20.7,20753,66632,31.0,20.9,27.9,39.1,20.9,31.7,24.9
Scarborough,2023-09-08,84.0,0.6096,4.17,10.3,111.5,1013.2,44.4,7.5,208.9,17.9,21126,66289,30.0,24.9,27.5,36.2,24.9,31.3,24.6
Scarborough,2023-09-09,77.2,0.0,0.0,9.2,129.0,1011.8,31.7,7.5,293.2,25.3,21163,65272,32.0,28.0,29.8,40.7,32.7,36.3,25.4
Scarborough,2023-09-10,75.1,0.0,0.0,16.1,82.4,1012.0,28.1,7.1,272.9,23.4,21109,64116,33.0,27.0,29.6,40.7,30.1,34.8,24.6
Scarborough,2023-09-11,78.9,0.2032,4.17,20.4,88.0,1011.3,31.3,10.8,244.5,21.1,21416,63388,31.8,25.8,28.6,39.1,25.8,32.6,24.5
Scarborough,2023-09-12,81.5,6.1975999999999996,8.33,13.9,90.6,1012.7,41.8,8.5,150.1,13.0,22241,63592,30.2,25.2,27.7,36.4,25.2,31.0,24.2
Scarborough,2023-09-13,77.6,0.0,0.0,9.2,126.5,1011.0,36.7,7.3,279.8,24.2,21152,65115,33.0,28.0,30.1,43.8,32.7,37.2,25.7
Scarborough,2023-09-14,76.5,0.0,0.0,16.1,121.9,1011.6,39.4,8.1,290.8,25.1,21149,65075,32.0,28.0,29.8,40.8,31.9,36.2,25.2
Scarborough,2023-09-15,76.3,0.0,0.0,8.1,107.1,1011.4,29.1,7.6,295.0,25.5,21146,65035,33.0,27.0,29.6,42.2,30.1,35.4,24.9
Scarborough,2023-09-16,76.7,0.0,0.0,8.1,99.7,1011.5,26.0,8.2,290.0,25.1,21143,64995,32.0,27.0,29.3,40.7,30.1,34.7,24.7
Scarborough,2023-09-17,77.1,0.0,0.0,8.1,105.0,1011.4,27.7,8.6,291.4,25.2,21140,64956,32.1,26.0,29.2,40.7,26.0,34.3,24.7
Scarborough,2023-09-18,78.9,0.0,0.0,9.2,94.7,1011.8,26.2,8.6,283.1,24.5,21137,64916,33.0,26.8,29.3,42.4,29.6,35.1,25.2
Scarborough,2023-09-19,75.7,0.0,0.0,12.8,85.2,1011.8,44.0,12.7,288.3,25.0,21134,64876,32.2,26.8,28.9,40.3,29.7,33.6,24.2
Scarborough,2023-09-20,79.3,0.1016,4.17,12.8,47.0,1010.7,46.3,8.1,252.0,21.9,21132,64836,32.0,26.8,29.2,42.3,29.7,34.9,25.2
Scarborough,2023-09-21,83.8,8.3058,12.5,8.1,56.3,1010.1,43.6,7.7,228.8,19.7,21129,64796,31.0,24.0,27.6,39.1,24.0,31.1,24.6
Scarborough,2023-09-22,85.5,34.0106,4.17,10.3,108.1,1010.5,44.5,7.3,196.0,17.0,21126,64757,28.0,24.0,26.8,32.7,24.0,29.7,24.2
Scarborough,2023-09-23,78.8,0.0,0.0,11.4,110.2,1010.8,35.2,8.2,271.0,23.3,21123,64717,32.0,27.0,29.6,42.3,30.1,36.1,25.5
Scarborough,2023-09-24,81.2,2.9972,4.17,10.3,55.5,1011.7,36.5,7.4,257.9,22.5,21121,64678,33.0,26.8,28.9,43.8,30.2,34.4,25.3
Scarborough,2023-09-25,84.7,7.010400000000001,8.33,9.2,61.1,1011.8,47.1,6.8,244.2,20.8,21118,64638,33.0,25.8,28.3,44.2,25.8,33.2,25.4
Scarborough,2023-09-26,79.4,0.0,0.0,9.2,33.4,1010.6,34.9,7.4,283.6,24.5,21116,64599,33.0,26.7,29.2,43.8,26.7,35.0,25.2
Scarborough,2023-09-27,79.7,0.0,0.0,4.9,265.9,1009.2,36.1,8.2,289.9,24.9,21114,64560,32.1,26.0,28.8,39.4,26.0,33.7,24.9
Scarborough,2023-09-28,78.9,0.0,0.0,8.1,118.7,1008.7,34.4,8.5,272.4,23.6,21112,64521,32.1,26.0,29.6,42.2,26.0,35.9,25.4
Scarborough,2023-09-29,79.1,0.0,0.0,11.4,136.1,1009.3,33.7,9.0,281.7,24.3,21110,64483,33.0,29.0,30.6,44.3,34.9,39.1,26.5
Scarborough,2023-09-30,78.1,0.0,0.0,8.1,151.7,1008.8,28.8,8.6,276.6,23.8,21109,64445,33.0,28.9,30.6,43.8,34.6,38.7,26.2
Scarborough,2023-10-01,79.4,0.0,0.0,11.4,101.4,1013.5,29.1,7.0,208.1,18.1,23105,64555,29.0,24.0,26.3,33.6,24.0,27.8,22.4
Scarborough,2023-10-02,77.6,0.508,8.33,17.2,73.9,1013.7,41.4,6.6,247.6,21.6,23119,65354,29.0,23.0,25.2,32.0,23.0,25.8,20.9
Scarborough,2023-10-03,81.3,8.991599999999998,4.17,9.2,83.8,1013.0,47.0,6.4,236.1,20.5,22387,65613,29.0,24.0,26.3,32.9,24.0,27.6,22.8
Scarborough,2023-10-04,77.3,0.0,0.0,15.0,96.7,1013.6,35.3,7.0,143.8,12.5,21274,65652,30.0,25.0,27.1,34.2,25.0,28.8,22.7
Scarborough,2023-10-05,73.5,0.0,0.0,13.9,90.7,1013.9,34.3,6.7,292.6,25.3,20487,65849,31.0,25.0,27.7,34.2,25.0,29.7,22.4
Scarborough,2023-10-06,76.8,0.0,0.0,16.1,93.4,1013.7,29.8,6.7,268.8,23.3,20368,66327,31.0,27.0,29.1,38.3,30.1,34.2,24.6
Scarborough,2023-10-07,84.5,1.1938,8.33,19.2,91.6,1012.7,46.0,7.0,199.5,17.2,20769,66633,30.0,25.0,27.6,37.4,25.0,31.3,24.7
Scarborough,2023-10-08,78.8,0.2032,4.17,13.9,94.7,1013.8,37.3,7.9,248.9,21.5,21132,66265,33.0,27.0,29.4,42.2,30.1,35.3,25.2
Scarborough,2023-10-09,77.6,1.397,8.33,9.2,125.2,1012.0,30.2,7.3,275.9,23.9,21161,65233,32.0,27.7,29.6,42.3,30.8,35.8,25.2
Scarborough,2023-10-10,76.4,0.0,0.0,10.3,94.0,1012.0,25.9,7.0,272.2,23.3,21111,64081,32.2,26.2,29.2,40.7,26.2,34.2,24.6
Scarborough,2023-10-11,82.8,14.503399999999997,16.67,17.2,94.5,1011.0,53.6,7.9,208.2,17.9,21435,63380,30.9,25.1,28.4,38.7,25.1,33.5,25.2
Scarborough,2023-10-12,81.2,2.0065999999999997,4.17,15.0,89.2,1011.4,37.5,8.6,217.1,18.9,22273,63614,30.1,24.8,27.2,36.1,24.8,29.3,23.6
Scarborough,2023-10-13,78.3,0.0,0.0,13.9,102.6,1010.3,27.9,8.3,242.7,21.1,21118,63981,33.0,26.0,29.4,43.8,26.0,35.2,25.2
Scarborough,2023-10-14,78.9,0.6096,4.17,12.3,112.5,1011.1,28.1,8.9,254.8,22.0,21122,63949,33.0,27.0,29.8,43.8,30.6,36.7,25.7
Scarborough,2023-10-15,78.3,0.0,0.0,8.1,113.2,1011.5,27.4,8.4,256.5,22.3,21126,63918,33.1,27.0,29.8,43.8,30.1,36.5,25.6
Scarborough,2023-10-16,76.7,0.0,0.0,12.5,97.8,1011.7,29.8,8.6,252.5,21.7,21130,63887,34.0,26.8,29.8,45.3,29.7,36.2,25.2
Scarborough,2023-10-17,77.7,0.9905999999999999,4.17,16.1,66.5,1011.1,38.5,9.6,250.4,21.7,21135,63857,32.2,26.8,28.9,41.2,29.7,33.9,24.6
Scarborough,2023-10-18,77.4,0.0,0.0,9.2,67.9,1010.8,50.9,9.5,226.9,19.5,21141,63827,33.0,26.8,29.2,42.3,29.7,34.4,24.7
Scarborough,2023-10-19,78.8,0.0,0.0,6.9,307.8,1010.1,56.0,11.6,225.5,19.3,21147,63798,32.2,26.2,29.2,42.7,26.2,34.9,25.1
Scarborough,2023-10-20,80.5,0.0,0.0,11.4,180.5,1009.3,63.5,10.5,224.3,19.4,21154,63770,31.9,27.2,29.4,41.4,30.6,35.9,25.6
Scarborough,2023-10-21,80.0,0.0,0.0,11.4,157.3,1010.1,61.7,9.3,178.7,15.6,21161,63742,32.2,27.8,29.6,42.1,31.6,36.3,25.7
Scarborough,2023-10-22,75.9,0.0,0.0,10.3,126.0,1010.7,60.8,8.8,255.8,22.0,21169,63716,33.2,28.0,30.3,43.7,32.7,37.2,25.5
Scarborough,2023-10-23,76.5,0.0,0.0,8.1,8.7,1010.7,53.1,8.7,262.1,22.6,21177,63690,32.8,25.8,29.5,41.4,25.8,35.1,24.8
Scarborough,2023-10-24,73.8,0.1016,4.17,6.9,140.8,1009.8,41.8,9.6,253.2,22.0,21186,63665,33.0,27.7,30.1,41.8,31.3,36.1,24.8
Scarborough,2023-10-25,76.1,0.0,0.0,8.1,137.5,1008.7,37.2,11.2,254.7,22.0,21195,63641,32.9,27.9,30.0,43.3,32.3,36.6,25.3
Scarborough,2023-10-26,80.4,0.9905999999999999,4.17,15.0,127.1,1008.6,61.1,9.9,94.3,8.0,21205,63617,30.8,24.9,28.4,38.4,24.9,33.2,24.7
Scarborough,2023-10-27,78.8,5.9944,8.33,11.4,111.8,1008.6,49.4,9.6,170.3,14.6,21216,63595,33.0,26.0,29.3,42.2,26.0,35.2,25.2
Scarborough,2023-10-28,77.6,0.0,0.0,13.9,112.0,1009.0,55.0,11.0,235.8,20.4,21228,63573,33.8,28.0,29.9,44.6,32.2,36.8,25.6
Scarborough,2023-10-29,76.6,0.0,0.0,15.0,113.7,1009.4,53.4,10.7,184.6,15.8,21240,63552,33.1,26.9,29.8,42.5,30.2,35.9,25.1
Scarborough,2023-10-30,77.8,0.1016,4.17,13.9,90.6,1010.3,57.4,10.3,239.6,20.8,21252,63533,32.8,26.2,28.5,42.1,26.2,33.0,24.2
Scarborough,2023-10-31,76.9,0.0,0.0,12.8,92.4,1010.0,36.0,12.3,261.5,22.6,21266,63514,33.2,26.8,29.6,41.3,29.7,35.2,24.9
Scarborough,2023-11-01,79.4,7.010400000000001,8.33,13.9,104.9,1014.3,44.4,6.5,212.8,18.4,23121,64587,29.0,25.0,26.7,33.6,25.0,28.2,22.8
Scarborough,2023-11-02,79.3,3.4036,8.33,20.8,81.8,1013.2,42.8,6.8,232.6,20.2,23103,65371,28.0,22.8,25.1,31.3,22.8,25.9,21.2
Scarborough,2023-11-03,75.8,5.9944,4.17,13.9,102.4,1013.0,40.9,6.5,241.5,20.8,22353,65615,29.1,25.0,26.9,33.4,25.0,28.3,22.2
Scarborough,2023-11-04,75.9,0.0,0.0,16.3,82.8,1012.7,40.7,7.8,283.2,24.3,21240,65654,30.1,25.0,26.8,34.3,25.0,28.1,22.2
Scarborough,2023-11-05,75.7,0.2032,4.17,15.2,96.3,1013.3,37.4,7.7,287.9,24.9,20471,65861,31.0,25.0,27.9,36.2,25.0,30.7,23.1
Scarborough,2023-11-06,77.3,0.4064,4.17,17.2,76.6,1013.5,37.7,6.6,248.0,21.5,20376,66343,32.0,27.0,28.7,39.2,29.7,33.4,24.3
Scarborough,2023-11-07,80.4,2.9972,4.17,10.3,121.9,1012.9,34.1,7.5,260.0,22.4,20784,66634,31.0,26.8,28.7,39.1,29.7,34.0,24.9
Scarborough,2023-11-08,75.4,0.4064,4.17,12.8,80.1,1013.1,31.0,6.9,283.3,24.5,21138,66240,33.0,27.0,29.4,42.2,30.1,34.6,24.5
Scarborough,2023-11-09,78.8,0.4064,8.33,10.3,112.9,1011.4,30.4,7.6,275.3,23.8,21158,65194,32.0,27.0,29.6,42.3,30.1,36.1,25.5
Scarborough,2023-11-10,80.8,4.0893999999999995,8.33,15.0,89.1,1011.1,34.1,7.8,256.4,22.0,21113,64047,32.2,26.0,28.6,41.0,26.0,33.4,24.9
Scarborough,2023-11-11,84.9,14.503399999999997,16.67,18.3,96.3,1011.1,67.8,8.2,124.7,10.8,21456,63372,28.1,25.1,27.2,32.7,25.1,30.7,24.4
Scarborough,2023-11-12,79.7,0.9905999999999999,4.17,12.8,87.0,1010.8,40.0,9.3,231.6,20.0,22305,63637,30.8,25.0,27.5,36.3,25.0,30.1,23.6
Scarborough,2023-11-13,80.0,0.2032,4.17,20.4,89.3,1011.1,55.7,9.4,202.2,17.5,21499,63360,30.2,26.7,28.1,35.7,26.7,31.9,24.2
Scarborough,2023-11-14,78.3,0.9143999999999999,12.5,18.3,81.4,1011.2,42.6,9.4,203.1,17.6,21522,63355,31.1,26.1,28.3,37.9,26.1,32.1,24.1
Scarborough,2023-11-15,78.3,0.4064,4.17,17.2,86.3,1010.9,45.6,10.2,209.7,18.0,21545,63352,31.1,26.0,28.4,37.8,26.0,32.3,24.2
Scarborough,2023-11-16,88.4,46.0248,12.5,18.3,92.2,1010.9,63.4,8.0,178.6,15.5,21569,63350,28.0,25.8,27.2,33.6,25.8,30.7,25.1
Scarborough,2023-11-17,82.6,5.0038,4.17,17.2,94.5,1011.7,41.2,8.4,224.5,19.3,21593,63349,31.1,25.8,28.4,39.9,25.8,33.3,25.2
Scarborough,2023-11-18,76.3,0.0,0.0,16.1,92.9,1011.8,26.0,6.5,245.4,21.1,21618,63349,31.1,26.2,28.8,38.1,26.2,33.3,24.2
Scarborough,2023-11-19,78.9,0.508,4.17,13.9,97.2,1012.3,38.1,7.1,230.6,19.9,21644,63350,31.1,25.9,28.6,37.9,25.9,32.9,24.5
Scarborough,2023-11-20,80.1,0.508,4.17,18.3,97.9,1010.8,49.4,8.5,211.6,18.3,21670,63352,31.2,26.7,28.2,39.1,29.4,32.5,24.4
Scarborough,2023-11-21,81.3,0.0,0.0,15.0,97.7,1009.5,66.3,9.1,212.7,18.5,21696,63355,30.2,25.0,27.2,35.6,25.0,29.7,23.7
Scarborough,2023-11-22,81.1,0.0,0.0,12.8,94.5,1009.9,58.9,9.4,192.3,16.6,21723,63360,31.1,25.2,27.7,38.8,25.2,30.7,24.1
Scarborough,2023-11-23,79.3,0.2032,4.17,12.8,99.5,1012.0,36.8,9.6,192.3,16.6,21751,63365,31.8,25.7,28.6,39.7,25.7,33.0,24.6
Scarborough,2023-11-24,77.4,0.0,0.0,17.2,91.5,1013.4,23.0,10.3,228.2,19.8,21779,63372,31.2,26.9,28.9,37.9,29.9,33.8,24.5
Scarborough,2023-11-25,75.5,0.889,4.17,16.1,79.3,1012.7,38.6,11.2,221.7,19.2,21807,63379,31.9,25.9,28.3,37.7,25.9,31.3,23.4
Scarborough,2023-11-26,78.4,0.7111999999999999,4.17,13.9,82.9,1012.9,42.1,9.9,208.6,18.1,21836,63388,32.2,25.2,27.9,39.6,25.2,30.9,23.7
Scarborough,2023-11-27,80.3,0.9905999999999999,8.33,15.0,91.9,1013.0,26.6,9.4,235.1,20.4,21866,63398,31.7,25.2,28.2,38.8,25.2,31.9,24.4
Scarborough,2023-11-28,81.6,13.0048,8.33,18.3,90.5,1013.3,36.6,8.6,221.7,19.2,21896,63408,31.1,25.1,27.9,38.8,25.1,31.7,24.4
Scarborough,2023-11-29,77.1,0.0,0.0,16.1,81.5,1012.5,16.4,9.1,222.7,19.3,21926,63420,31.1,25.2,27.8,37.6,25.2,30.4,23.4
Scarborough,2023-11-30,75.2,0.0,0.0,15.0,85.6,1012.7,19.3,9.4,232.6,20.1,21956,63433,31.0,25.0,27.9,36.4,25.0,30.6,23.1
Scarborough,2023-12-01,77.9,0.1016,4.17,16.3,89.7,1014.3,30.9,7.1,228.8,19.9,23136,64619,29.0,24.1,26.6,33.6,24.1,27.8,22.3
Scarborough,2023-12-02,81.0,3.2003999999999997,12.5,23.3,81.0,1012.6,45.2,7.4,232.4,20.3,23086,65387,28.2,23.0,24.7,30.9,23.0,25.2,21.2
Scarborough,2023-12-03,73.4,0.0,0.0,16.1,98.4,1014.5,31.0,6.7,246.3,21.2,22318,65618,30.0,25.1,27.2,33.5,25.1,28.6,22.0
Scarborough,2023-12-04,71.3,0.0,0.0,16.1,85.7,1011.9,28.6,7.2,300.0,25.8,21206,65656,30.1,23.0,26.7,33.3,23.0,27.7,20.9
Scarborough,2023-12-05,75.8,0.3048,4.17,17.2,96.3,1013.2,33.2,7.2,302.3,26.1,20456,65874,31.0,26.0,28.1,36.6,26.0,31.3,23.3
Scarborough,2023-12-06,83.8,16.002,12.5,19.7,90.3,1013.5,45.7,6.3,211.7,18.3,20385,66359,30.0,25.1,27.5,38.9,25.1,31.4,24.5
Scarborough,2023-12-07,80.2,0.9905999999999999,4.17,15.4,60.0,1012.5,36.2,8.4,260.4,22.5,20800,66634,31.0,25.7,28.4,39.1,25.7,32.5,24.6
Scarborough,2023-12-08,76.3,0.9905999999999999,4.17,16.1,96.0,1012.6,29.0,6.7,247.4,21.3,21144,66215,32.0,26.2,28.9,39.9,26.2,33.8,24.3
Scarborough,2023-12-09,77.7,0.0,0.0,10.3,121.5,1010.8,31.6,7.3,273.4,23.5,21155,65154,32.0,28.0,29.7,42.3,32.7,36.2,25.4
Scarborough,2023-12-10,78.6,0.1016,4.17,8.1,102.3,1010.7,29.9,7.7,263.8,22.8,21115,64014,32.0,26.0,28.9,40.7,26.0,33.6,24.7
Scarborough,2023-12-11,80.7,1.6001999999999998,12.5,20.8,87.6,1011.2,59.3,8.0,130.0,11.1,21477,63365,30.2,26.1,28.0,37.8,26.1,32.1,24.4
Scarborough,2023-12-12,85.0,4.8768,12.5,12.8,64.7,1011.3,47.1,8.7,198.0,17.2,22337,63661,30.1,24.9,26.7,36.9,24.9,28.5,23.9
Scarborough,2023-12-13,78.9,0.3048,4.17,16.1,76.6,1010.4,34.7,10.4,202.1,17.5,22369,63685,30.2,25.7,27.4,36.2,25.7,29.6,23.4
Scarborough,2023-12-14,81.3,0.2032,4.17,16.1,73.4,1009.4,78.8,9.3,189.7,16.5,22401,63710,30.1,24.9,26.9,35.6,24.9,29.0,23.4
Scarborough,2023-12-15,84.9,4.724399999999999,12.5,12.8,83.5,1009.8,55.9,9.0,172.8,15.0,22433,63736,30.0,23.9,26.9,36.2,23.9,29.5,24.1
Scarborough,2023-12-16,83.0,0.1016,4.17,13.9,89.1,1011.2,57.0,13.9,192.8,16.6,22464,63763,30.2,25.8,27.7,36.7,25.8,30.8,24.4
Scarborough,2023-12-17,81.2,0.0,0.0,15.4,77.8,1011.2,49.5,11.8,176.3,15.4,22496,63790,31.2,25.1,27.8,38.1,25.1,31.1,24.2
Scarborough,2023-12-18,81.6,0.2032,4.17,6.9,103.4,1010.2,45.7,9.5,186.5,16.2,22527,63817,31.2,25.2,27.9,38.7,25.2,31.2,24.4
Scarborough,2023-12-19,82.2,0.0,0.0,11.4,56.6,1009.4,39.5,8.4,187.2,16.2,22558,63846,31.7,24.9,27.2,41.4,24.9,29.7,23.9
Scarborough,2023-12-20,80.6,0.0,0.0,8.1,101.7,1009.8,36.6,8.9,217.6,18.9,22588,63875,31.2,24.8,27.7,39.5,24.8,31.0,23.9
Scarborough,2023-12-21,79.7,0.0,0.0,9.2,77.6,1010.8,46.0,8.2,214.9,18.5,22619,63904,31.9,25.2,27.8,37.7,25.2,30.7,23.9
Scarborough,2023-12-22,80.5,0.0,0.0,12.8,83.6,1012.3,48.0,7.4,200.0,17.2,22649,63934,31.7,25.9,28.1,39.9,25.9,31.7,24.3
Scarborough,2023-12-23,82.1,0.508,4.17,15.0,87.5,1012.5,42.9,7.6,193.5,16.9,22678,63964,31.1,25.9,28.2,39.3,25.9,32.1,24.7
Scarborough,2023-12-24,81.3,0.6096,4.17,9.2,102.0,1012.3,36.9,6.1,231.0,19.9,22707,63995,31.1,26.0,28.4,38.8,26.0,32.6,24.8
Scarborough,2023-12-25,80.3,0.0,0.0,11.4,91.6,1012.8,54.6,6.9,208.4,18.0,22736,64026,31.1,25.8,28.2,37.9,25.8,31.9,24.4
Scarborough,2023-12-26,77.8,0.0,0.0,9.2,101.4,1012.8,30.7,7.5,238.2,20.5,22763,64058,31.2,24.9,27.7,37.9,24.9,30.3,23.3
Scarborough,2023-12-27,79.1,0.0,0.0,8.1,94.9,1012.6,25.5,9.7,236.7,20.3,22791,64089,31.1,24.1,27.3,37.6,24.1,29.8,23.3
Scarborough,2023-12-28,79.0,0.0,0.0,6.9,88.9,1012.3,29.1,10.9,226.5,19.6,22818,64121,31.8,24.7,27.5,39.1,24.7,30.2,23.4
Scarborough,2023-12-29,74.7,0.0,0.0,11.4,85.9,1013.5,21.2,12.1,240.9,20.8,22844,64154,31.8,25.2,27.8,36.5,25.2,29.9,22.8
Scarborough,2023-12-30,79.2,0.0,0.0,13.4,56.0,1014.4,39.8,10.4,221.1,19.1,22870,64186,29.7,25.0,27.1,34.6,25.0,29.4,23.2
Scarborough,2023-12-31,79.6,2.9972,8.33,11.4,68.8,1014.4,49.9,11.6,238.7,20.6,22895,64219,31.8,24.1,27.3,37.6,24.1,29.6,23.3
Scarborough,2024-01-01,80.7,6.400799999999999,12.5,10.3,42.7,1013.6,37.7,11.6,205.8,17.9,22919,64252,29.9,24.8,26.6,36.9,24.8,28.4,23.0
Scarborough,2024-01-02,79.4,0.0,0.0,11.4,118.9,1012.7,25.9,3.9,238.7,20.6,23219,65171,31.1,26.7,28.3,38.9,29.5,32.8,24.4
Scarborough,2024-01-03,79.0,26.0096,4.17,12.8,62.9,1015.3,40.8,9.3,267.2,23.0,22654,65576,28.9,24.0,25.8,33.3,24.0,26.9,21.9
Scarborough,2024-01-04,75.8,2.0065999999999997,4.17,13.9,53.2,1013.1,44.2,8.2,232.2,20.0,21565,65641,32.0,26.0,28.0,37.9,26.0,31.1,23.3
Scarborough,2024-01-05,75.4,0.0,0.0,13.9,97.5,1010.7,31.4,7.5,287.5,25.0,20646,65765,32.0,26.0,29.0,39.2,26.0,33.4,24.1
Scarborough,2024-01-06,81.6,0.2032,4.17,12.8,99.4,1012.9,45.4,8.7,254.7,22.0,20329,66190,30.9,26.1,28.5,38.6,26.1,33.4,25.0
Scarborough,2024-01-07,88.4,39.624,16.67,25.3,213.0,1009.4,73.0,7.1,48.3,4.1,20640,66600,28.8,25.0,27.3,35.3,25.0,31.0,25.2
Scarborough,2024-01-08,74.8,0.0,0.0,9.6,82.9,1014.3,40.1,13.0,291.5,25.2,21069,66442,31.9,26.8,29.2,38.0,29.6,33.9,24.2
Scarborough,2024-01-09,83.8,0.9905999999999999,4.17,6.9,109.1,1012.0,61.8,9.5,212.9,18.5,21179,65549,31.2,26.0,27.9,38.1,26.0,32.0,24.8
Scarborough,2024-01-10,80.7,12.496799999999999,8.33,8.1,47.9,1009.9,33.8,10.9,276.8,23.8,21108,64379,31.9,26.0,28.6,39.3,26.0,33.3,24.9
Scarborough,2024-01-11,77.6,0.0,0.0,11.4,115.1,1009.0,44.5,12.4,233.0,20.1,21291,63483,32.1,25.8,29.2,40.3,25.8,34.2,24.7
Scarborough,2024-01-12,79.6,0.3048,8.33,16.1,89.1,1012.2,36.2,7.4,218.6,18.8,22011,63459,30.9,24.0,27.4,37.6,24.0,29.8,23.4
Scarborough,2024-01-13,76.2,0.0,0.0,12.8,73.8,1013.6,39.3,9.5,196.6,17.1,23147,64644,31.1,25.1,27.4,36.5,25.1,29.2,22.7
Scarborough,2024-01-14,83.5,16.9926,12.5,12.8,90.9,1014.2,51.7,8.8,203.1,17.3,23160,64675,30.0,24.7,26.7,35.6,24.7,28.6,23.6
Scarborough,2024-01-15,80.8,5.9944,8.33,20.8,83.1,1014.6,55.6,9.0,208.6,18.0,23172,64707,30.2,24.7,26.9,36.2,24.7,28.8,23.3
Scarborough,2024-01-16,77.0,1.9811999999999999,8.33,18.3,90.2,1014.0,39.2,8.8,210.8,18.4,23183,64738,29.8,25.1,27.2,33.8,25.1,29.2,22.8
Scarborough,2024-01-17,73.4,0.7111999999999999,4.17,18.3,84.6,1015.0,22.3,8.7,249.3,21.6,23193,64768,30.2,24.8,27.0,33.9,24.8,28.6,21.8
Scarborough,2024-01-18,72.3,0.0,0.0,18.3,89.1,1014.5,32.0,8.9,207.5,17.8,23203,64798,30.8,25.1,27.7,36.0,25.1,29.9,22.2
Scarborough,2024-01-19,77.9,0.9905999999999999,4.17,19.7,98.2,1014.2,34.9,9.3,196.7,16.8,23211,64828,30.1,24.8,27.4,36.1,24.8,30.0,23.2
Scarborough,2024-01-20,75.2,0.4064,8.33,21.9,96.4,1014.9,31.4,8.6,233.3,20.2,23218,64858,30.8,26.0,27.6,35.4,26.0,30.1,22.7
Scarborough,2024-01-21,72.8,0.6096,4.17,21.9,84.8,1015.9,24.7,8.2,242.0,21.0,23224,64887,30.9,25.1,27.6,34.2,25.1,29.3,22.1
Scarborough,2024-01-22,75.7,0.0,0.0,15.0,71.8,1016.5,24.8,9.0,221.7,19.3,23229,64915,31.8,24.1,27.3,37.1,24.1,29.2,22.5
Scarborough,2024-01-23,78.4,1.4986,12.5,16.1,79.9,1015.7,43.2,8.7,216.6,18.6,23232,64943,29.7,24.7,26.6,34.6,24.7,27.9,22.5
Scarborough,2024-01-24,77.0,1.2953999999999999,8.33,17.2,79.1,1014.9,31.2,9.5,196.6,17.0,23235,64971,30.1,24.1,26.9,35.1,24.1,28.7,22.4
Scarborough,2024-01-25,70.8,0.9905999999999999,4.17,19.7,79.3,1014.5,31.1,9.8,222.5,19.1,23237,64998,30.8,24.9,27.2,34.1,24.9,28.6,21.3
Scarborough,2024-01-26,76.1,2.0065999999999997,4.17,17.2,85.6,1015.2,40.1,8.7,234.4,20.3,23238,65024,30.8,24.1,26.9,35.3,24.1,28.5,22.2
Scarborough,2024-01-27,75.2,0.7111999999999999,4.17,13.9,87.2,1015.3,28.8,9.5,236.5,20.3,23237,65050,30.2,24.0,26.8,35.2,24.0,28.5,21.9
Scarborough,2024-01-28,74.8,0.0,0.0,17.2,86.5,1014.9,25.0,9.8,221.7,19.1,23236,65076,30.1,24.0,27.1,34.2,24.0,29.1,22.2
Scarborough,2024-01-29,77.2,0.7111999999999999,4.17,13.9,116.4,1014.1,31.3,9.0,233.5,20.2,23233,65101,30.9,26.1,27.9,37.2,26.1,31.2,23.6
Scarborough,2024-01-30,76.5,0.0,0.0,13.9,112.1,1013.9,27.6,6.6,256.6,22.2,23230,65125,31.9,26.8,28.3,39.3,29.2,32.3,23.8
Scarborough,2024-01-31,79.0,0.0,0.0,11.4,109.8,1013.5,20.7,5.2,238.7,20.5,23225,65148,31.1,26.8,28.3,37.7,29.6,32.5,24.2
Scarborough,2024-02-01,79.3,2.9972,4.17,13.9,100.8,1013.0,39.4,10.0,218.9,18.9,22942,64284,30.7,24.2,27.2,37.1,24.2,29.9,23.3
Scarborough,2024-02-02,74.8,0.0,0.0,11.4,129.8,1012.2,24.2,6.5,261.0,22.4,23213,65194,31.1,26.7,28.2,36.5,29.1,31.7,23.3
Scarborough,2024-02-03,78.9,5.9944,8.33,12.8,51.1,1014.7,57.7,9.6,264.4,22.7,22624,65582,29.2,24.0,25.8,32.8,24.0,26.9,21.9
Scarborough,2024-02-04,88.2,0.9905999999999999,4.17,12.8,68.6,1013.0,55.5,8.3,170.4,14.8,21529,65642,28.0,24.0,26.3,33.6,24.0,28.0,24.2
Scarborough,2024-02-05,76.8,0.0,0.0,12.8,111.4,1009.6,37.7,9.3,267.7,22.9,20624,65774,32.2,26.9,29.5,42.1,29.9,35.3,24.9
Scarborough,2024-02-06,80.2,0.0,0.0,13.9,111.0,1013.1,51.7,9.3,256.4,22.2,20331,66207,32.0,27.1,29.2,40.7,30.7,35.3,25.4
Scarborough,2024-02-07,81.9,0.7111999999999999,4.17,16.1,98.6,1012.9,44.9,8.7,264.6,22.7,20656,66607,30.8,26.8,28.7,38.8,29.6,34.3,25.3
Scarborough,2024-02-08,74.6,0.1016,4.17,12.8,87.0,1013.5,27.0,11.4,257.8,22.4,21078,66423,32.7,26.2,29.3,41.3,26.2,34.2,24.2
Scarborough,2024-02-09,85.5,10.0076,8.33,9.2,153.6,1012.1,60.0,10.3,81.6,7.2,21178,65511,29.9,26.0,27.4,36.9,26.0,30.7,24.7
Scarborough,2024-02-10,78.7,0.0,0.0,6.9,329.2,1009.4,34.3,10.4,292.8,25.4,21107,64341,32.9,26.1,29.1,42.3,26.1,34.5,25.0
Scarborough,2024-02-11,75.5,0.0,0.0,8.1,131.6,1009.1,36.3,12.8,250.6,21.6,21306,63467,31.9,28.2,29.8,39.9,32.4,35.7,24.9
Scarborough,2024-02-12,71.0,0.0,0.0,15.0,83.9,1012.5,25.3,11.7,237.4,20.6,22042,63474,31.0,25.0,28.0,35.7,25.0,30.4,22.1
Scarborough,2024-02-13,72.5,0.0,0.0,20.8,84.6,1014.8,20.9,6.8,240.1,20.8,23073,65399,30.8,26.7,28.3,36.2,28.8,31.5,22.8
Scarborough,2024-02-14,74.8,0.0,0.0,17.2,87.7,1015.4,21.6,6.2,268.0,23.2,23055,65414,31.8,26.1,28.4,37.5,26.1,32.1,23.4
Scarborough,2024-02-15,72.9,0.0,0.0,17.9,101.7,1015.6,20.9,7.1,272.2,23.5,23036,65429,32.1,26.2,28.4,38.1,26.2,31.8,23.1
Scarborough,2024-02-16,74.8,0.0,0.0,17.2,92.5,1015.3,28.0,6.9,258.8,22.5,23015,65442,31.7,24.9,27.9,37.6,24.9,30.7,22.9
Scarborough,2024-02-17,70.3,0.0,0.0,19.7,88.7,1014.9,19.5,7.7,279.9,24.3,22994,65455,31.1,25.2,27.9,35.4,25.2,29.9,21.8
Scarborough,2024-02-18,72.7,0.0,0.0,17.2,94.7,1015.1,20.5,8.1,254.3,21.9,22973,65468,31.1,24.9,27.9,36.4,24.9,30.3,22.4
Scarborough,2024-02-19,72.7,0.0,0.0,17.2,92.7,1015.5,23.1,8.2,251.1,21.9,22950,65480,31.2,25.7,28.2,36.7,25.7,30.9,22.7
Scarborough,2024-02-20,73.9,0.7111999999999999,4.17,15.0,86.9,1014.5,29.5,8.2,275.1,23.9,22927,65491,30.9,24.9,27.4,35.1,24.9,29.3,22.3
Scarborough,2024-02-21,79.4,2.794,8.33,18.3,89.8,1012.4,49.5,8.8,244.2,21.0,22903,65502,28.7,24.0,25.8,32.9,24.0,26.7,21.9
Scarborough,2024-02-22,75.2,0.0,0.0,11.4,118.9,1011.8,25.2,10.7,276.8,24.1,22878,65512,31.1,23.9,27.4,36.6,23.9,29.9,22.6
Scarborough,2024-02-23,72.4,0.0,0.0,11.4,118.0,1013.2,20.4,11.3,267.0,23.1,22852,65522,32.2,25.2,28.2,37.8,25.2,30.8,22.6
Scarborough,2024-02-24,71.1,0.0,0.0,17.2,96.9,1014.2,21.7,9.2,279.1,24.2,22826,65531,31.1,24.9,28.0,35.6,24.9,30.6,22.2
Scarborough,2024-02-25,75.2,0.0,0.0,18.3,87.1,1015.0,19.8,6.3,253.3,21.9,22799,65540,31.2,25.7,27.9,37.0,25.7,30.6,23.1
Scarborough,2024-02-26,71.9,0.0,0.0,17.2,88.6,1014.4,17.1,6.4,273.5,23.6,22771,65548,31.2,24.2,27.6,35.5,24.2,29.5,21.9
Scarborough,2024-02-27,68.4,0.0,0.0,15.0,90.7,1014.1,41.1,7.3,281.9,24.4,22743,65556,31.1,24.2,27.3,34.4,24.2,28.5,20.8
Scarborough,2024-02-28,70.5,0.0,0.0,10.3,88.5,1014.1,23.5,7.5,253.7,22.1,22714,65563,31.2,23.8,27.3,35.3,23.8,29.0,21.3
Scarborough,2024-02-29,73.1,0.0,0.0,13.9,87.7,1014.5,31.1,8.1,263.2,22.6,22684,65570,31.8,23.9,27.1,36.3,23.9,28.8,21.7
Scarborough,2024-03-01,76.0,0.0,0.0,15.0,93.9,1014.0,28.0,8.3,220.7,19.1,22965,64317,31.1,25.7,28.2,37.8,25.7,31.6,23.5
Scarborough,2024-03-02,74.7,0.0,0.0,11.4,127.3,1011.4,18.8,7.2,260.8,22.6,23205,65216,30.9,26.0,27.9,36.3,26.0,30.4,22.9
Scarborough,2024-03-03,84.8,43.0022,8.33,13.2,37.9,1014.1,55.6,10.2,280.8,24.3,22592,65587,28.1,23.1,24.8,31.3,23.1,25.2,22.1
Scarborough,2024-03-04,82.0,34.1884,8.33,18.3,85.8,1012.3,63.0,8.2,224.0,19.3,21493,65643,30.8,24.1,27.8,37.3,24.1,31.2,24.3
Scarborough,2024-03-05,73.4,0.0,0.0,11.4,113.3,1009.8,51.2,8.6,285.0,24.4,20603,65783,32.1,27.7,29.6,39.4,30.8,34.8,24.3
Scarborough,2024-03-06,79.7,5.0038,8.33,16.1,115.2,1013.4,62.9,9.0,230.5,19.8,20334,66224,31.9,26.0,28.8,40.8,26.0,33.9,24.9
Scarborough,2024-03-07,89.0,20.726399999999998,12.5,11.4,115.7,1011.0,69.3,8.5,137.5,11.8,20671,66613,28.2,24.8,26.6,33.2,24.8,29.1,24.6
Scarborough,2024-03-08,80.4,0.4064,4.17,15.0,84.2,1012.6,59.8,9.1,266.9,23.1,21087,66404,32.0,26.8,28.7,40.5,29.7,33.8,24.9
Scarborough,2024-03-09,79.5,0.0,0.0,13.9,96.0,1011.8,33.8,11.5,268.6,23.1,21176,65474,31.1,26.1,28.8,40.3,26.1,33.8,24.8
Scarborough,2024-03-10,78.5,0.1016,4.17,4.7,109.9,1009.6,34.4,10.5,259.3,22.2,21107,64304,32.1,27.0,29.1,40.6,30.1,34.4,24.9
Scarborough,2024-03-11,77.4,0.0,0.0,11.4,105.0,1009.6,27.4,12.2,242.4,20.9,21322,63452,32.2,26.8,29.4,40.6,29.7,35.2,25.0
Scarborough,2024-03-12,78.7,7.086600000000001,12.5,20.8,87.2,1012.1,47.8,7.7,202.3,17.4,22074,63491,30.0,23.9,27.8,36.1,23.9,30.8,23.6
Scarborough,2024-03-13,73.6,0.0,0.0,13.9,97.9,1014.4,32.8,11.2,275.5,23.8,22257,65623,31.8,25.8,28.3,38.9,25.8,31.6,23.1
Scarborough,2024-03-14,71.4,0.0,0.0,15.0,98.6,1013.5,23.1,9.5,286.2,24.5,22221,65625,31.1,25.8,28.4,36.7,25.8,31.4,22.7
Scarborough,2024-03-15,72.4,0.0,0.0,16.6,84.1,1012.9,16.6,8.7,288.3,24.8,22186,65627,31.2,25.1,28.0,36.3,25.1,30.3,22.5
Scarborough,2024-03-16,74.1,3.9878,4.17,19.7,88.1,1012.3,48.5,8.1,258.3,22.3,22150,65628,31.0,25.0,27.8,35.4,25.0,29.8,22.7
Scarborough,2024-03-17,77.6,0.0,0.0,21.9,94.7,1013.0,55.2,8.1,253.4,21.7,22114,65630,30.9,25.9,28.3,37.7,25.9,32.3,23.9
Scarborough,2024-03-18,73.7,0.2032,4.17,23.0,91.2,1013.7,38.2,7.9,263.0,22.7,22078,65631,30.9,27.0,28.7,36.4,29.7,32.5,23.4
Scarborough,2024-03-19,73.9,0.0,0.0,18.3,92.1,1013.4,29.1,8.3,295.2,25.5,22041,65632,31.9,25.7,28.6,37.5,25.7,32.0,23.4
Scarborough,2024-03-20,74.9,0.0,0.0,17.2,96.1,1013.2,35.7,8.3,272.5,23.5,22005,65633,31.9,26.1,28.3,37.8,26.1,31.7,23.4
Scarborough,2024-03-21,73.5,0.0,0.0,12.8,99.2,1013.0,29.5,8.1,289.3,25.0,21968,65634,32.0,25.8,28.2,37.9,25.8,30.7,22.9
Scarborough,2024-03-22,74.5,2.9972,8.33,15.0,98.1,1013.2,45.5,9.0,266.8,23.1,21931,65635,31.2,24.2,27.6,36.3,24.2,29.7,22.5
Scarborough,2024-03-23,78.2,3.5052000000000003,12.5,17.2,93.5,1012.6,46.7,9.9,251.9,21.9,21895,65635,31.0,24.8,27.6,36.6,24.8,30.2,23.3
Scarborough,2024-03-24,74.0,0.9905999999999999,4.17,15.7,107.2,1011.1,64.2,11.7,291.6,25.4,21858,65636,31.1,26.7,28.2,36.3,28.8,31.5,23.1
Scarborough,2024-03-25,73.5,0.0,0.0,16.3,116.2,1010.6,43.3,11.8,299.8,26.1,21821,65637,31.9,26.8,28.7,37.8,29.3,32.7,23.4
Scarborough,2024-03-26,72.0,0.0,0.0,9.2,120.6,1010.0,26.7,9.0,285.0,24.4,21784,65637,31.8,26.0,28.6,38.6,26.0,31.9,22.9
Scarborough,2024-03-27,74.6,0.0,0.0,8.1,122.4,1010.2,24.0,10.4,291.2,25.2,21747,65638,31.1,24.1,27.7,36.6,24.1,30.1,22.7
Scarborough,2024-03-28,72.6,0.0,0.0,6.9,64.6,1011.5,30.7,6.2,298.8,25.7,21711,65638,31.0,25.0,27.9,36.6,25.0,30.6,22.6
Scarborough,2024-03-29,76.1,0.0,0.0,6.9,303.9,1012.2,28.7,6.2,298.6,25.7,21674,65639,33.0,25.0,28.1,42.2,25.0,31.4,23.4
Scarborough,2024-03-30,76.0,0.0,0.0,10.3,342.6,1012.6,27.8,6.2,297.7,25.5,21637,65640,32.0,25.0,28.4,39.2,25.0,31.7,23.6
Scarborough,2024-03-31,81.8,0.0,0.0,12.8,50.6,1013.0,38.5,6.0,226.7,19.6,21601,65640,31.0,26.0,27.4,37.8,26.0,30.6,24.0
Scarborough,2024-04-01,74.1,0.3048,8.33,16.1,83.9,1014.3,31.4,8.7,226.3,19.5,22987,64350,31.2,25.9,28.1,35.5,25.9,30.6,22.9
Scarborough,2024-04-02,77.7,0.0,0.0,15.0,124.1,1010.6,36.6,7.9,258.9,22.4,23196,65237,30.8,24.0,27.4,37.1,24.0,30.2,23.1
Scarborough,2024-04-03,79.9,0.0,0.0,11.4,86.6,1013.4,33.6,13.4,263.2,22.8,22561,65592,30.1,23.1,26.4,36.2,23.1,28.4,22.6
Scarborough,2024-04-04,77.6,0.1016,4.17,17.2,96.3,1013.1,42.9,8.7,294.9,25.5,21457,65644,30.9,27.2,28.9,38.3,30.9,33.9,24.6
Scarborough,2024-04-05,77.4,0.0,0.0,15.0,102.8,1010.7,56.8,7.9,277.9,24.0,20582,65793,32.0,28.1,29.5,40.7,32.7,35.5,25.1
Scarborough,2024-04-06,82.1,17.906999999999996,12.5,11.4,121.1,1013.5,61.1,9.2,208.9,18.1,20338,66241,31.2,26.2,28.8,39.7,26.2,34.6,25.4
Scarborough,2024-04-07,81.9,0.0,0.0,19.0,111.9,1011.2,41.8,10.3,282.6,24.3,20687,66618,31.1,26.6,28.8,40.3,26.6,33.9,25.3
Scarborough,2024-04-08,78.5,0.0,0.0,12.8,78.9,1012.1,50.3,9.2,240.2,20.8,21095,66384,31.1,26.0,28.4,37.8,26.0,32.5,24.3
Scarborough,2024-04-09,75.7,0.0,0.0,10.3,83.7,1011.6,33.1,10.9,288.5,24.8,21174,65436,32.2,26.8,29.1,40.6,29.5,34.0,24.3
Scarborough,2024-04-10,79.2,2.0065999999999997,4.17,6.9,132.4,1010.0,31.0,9.9,243.0,21.1,21106,64267,32.2,26.8,29.1,41.0,29.7,34.7,25.1
Scarborough,2024-04-11,82.8,3.9878,4.17,17.2,102.4,1010.3,52.5,9.2,225.7,19.6,21339,63438,32.2,26.0,28.6,40.9,26.0,33.8,25.3
Scarborough,2024-04-12,72.7,0.0,0.0,17.2,91.2,1012.3,27.9,8.5,236.4,20.6,22105,63508,30.8,26.1,28.3,36.1,26.1,31.4,22.8
Scarborough,2024-04-13,73.7,0.0,0.0,16.1,84.5,1013.5,56.1,9.2,270.6,23.3,21149,65662,31.8,25.7,28.1,37.4,25.7,30.6,22.8
Scarborough,2024-04-14,74.4,0.7874,4.17,17.2,87.2,1011.8,52.6,10.5,274.3,23.8,21116,65665,31.7,25.1,28.3,38.5,25.1,31.4,23.2
Scarborough,2024-04-15,77.9,3.9878,8.33,18.3,94.1,1011.1,51.5,7.8,280.5,24.3,21084,65668,31.0,24.7,27.9,37.8,24.7,31.0,23.6
Scarborough,2024-04-16,74.5,0.1016,4.17,15.0,108.1,1011.4,43.3,8.5,282.9,24.4,21053,65672,32.1,27.2,29.3,40.3,29.9,34.4,24.3
Scarborough,2024-04-17,75.4,0.0,0.0,13.9,111.6,1011.6,54.0,7.6,285.9,24.8,21022,65676,32.1,27.9,29.4,39.5,31.7,34.7,24.6
Scarborough,2024-04-18,76.4,0.0,0.0,12.8,100.4,1011.1,56.2,7.5,278.7,24.0,20991,65680,32.8,27.2,29.4,40.6,30.4,34.8,24.7
Scarborough,2024-04-19,80.7,0.2032,4.17,13.0,106.1,1011.7,63.3,7.5,205.4,17.9,20961,65684,31.8,27.1,29.1,41.6,30.8,34.9,25.3
Scarborough,2024-04-20,79.3,0.0,0.0,13.9,106.8,1012.6,58.6,8.4,224.9,19.2,20932,65689,33.0,25.8,29.2,42.4,25.8,34.8,25.2
Scarborough,2024-04-21,72.6,0.0,0.0,13.9,107.8,1012.3,37.9,5.5,281.0,24.2,20903,65694,32.1,27.1,29.3,39.2,29.7,33.9,23.8
Scarborough,2024-04-22,72.1,0.0,0.0,15.0,89.2,1012.4,22.4,5.2,280.0,24.2,20874,65700,31.9,25.2,28.7,36.7,25.2,31.8,23.0
Scarborough,2024-04-23,75.9,8.102599999999999,12.5,19.7,96.9,1012.6,34.3,5.5,283.4,24.6,20846,65706,31.1,26.8,28.9,37.6,29.7,33.4,24.2
Scarborough,2024-04-24,72.5,0.0,0.0,16.1,96.1,1013.3,40.1,5.9,283.1,24.4,20819,65712,31.9,26.1,28.9,37.5,26.1,32.7,23.4
Scarborough,2024-04-25,77.1,0.6096,4.17,12.8,95.4,1012.8,38.6,7.3,266.6,23.0,20792,65718,30.8,25.2,27.9,37.6,25.2,30.9,23.4
Scarborough,2024-04-26,71.0,0.0,0.0,11.4,101.1,1011.7,37.2,9.2,292.7,25.4,20766,65725,31.7,25.1,28.4,36.6,25.1,31.2,22.6
Scarborough,2024-04-27,72.1,0.0,0.0,11.4,88.0,1011.4,57.0,10.1,276.1,24.0,20741,65732,31.7,25.1,28.0,37.2,25.1,30.1,22.3
Scarborough,2024-04-28,70.4,0.0,0.0,11.4,96.6,1010.8,48.4,12.0,304.7,26.1,20716,65740,31.2,24.8,28.1,36.5,24.8,30.6,22.1
Scarborough,2024-04-29,71.4,0.0,0.0,12.8,96.9,1011.7,27.2,11.7,283.7,24.6,20692,65748,32.1,26.2,28.6,39.2,26.2,31.8,22.9
Scarborough,2024-04-30,74.0,0.508,16.67,13.9,91.7,1011.7,41.9,10.9,271.4,23.5,20669,65756,32.0,25.7,28.6,37.8,25.7,31.7,23.3
Scarborough,2024-05-01,75.6,0.0,0.0,16.1,75.0,1014.2,30.2,9.7,210.6,18.1,23009,64383,31.9,24.9,27.6,37.7,24.9,29.6,22.7
Scarborough,2024-05-02,80.7,0.0,0.0,13.9,128.9,1010.4,36.9,8.1,226.3,19.6,23186,65257,31.8,26.9,28.5,40.6,29.8,33.5,24.8
Scarborough,2024-05-03,75.5,0.0,0.0,13.9,107.5,1012.8,36.3,13.3,260.3,22.5,22529,65597,30.2,25.9,27.8,36.2,25.9,30.5,23.1
Scarborough,2024-05-04,77.2,0.0,0.0,19.7,87.7,1014.2,21.9,8.4,287.4,24.9,21422,65645,31.2,27.7,29.0,39.5,31.5,34.1,24.6
Scarborough,2024-05-05,77.8,0.0,0.0,21.3,94.5,1011.9,63.4,7.1,251.4,21.7,20563,65803,32.1,28.2,29.6,40.7,32.8,35.8,25.3
Scarborough,2024-05-06,79.4,0.9905999999999999,4.17,21.3,102.4,1013.0,45.7,9.0,250.0,21.6,20343,66258,31.2,27.2,29.1,39.2,30.8,34.7,25.1
Scarborough,2024-05-07,78.0,0.0,0.0,18.3,92.0,1012.9,22.4,8.1,284.6,24.7,20703,66623,31.0,27.0,28.9,38.3,30.1,33.9,24.6
Scarborough,2024-05-08,82.4,7.010400000000001,8.33,16.1,131.0,1012.9,66.7,10.8,120.3,10.5,21103,66363,29.2,26.2,27.7,35.1,26.2,31.5,24.4
Scarborough,2024-05-09,77.8,0.0,0.0,5.8,78.8,1011.3,20.9,11.3,300.6,25.9,21172,65398,32.0,26.1,29.1,41.8,26.1,34.3,24.8
Scarborough,2024-05-10,79.9,0.0,0.0,9.2,158.1,1010.4,47.4,10.6,277.5,23.9,21107,64231,32.0,26.9,29.1,41.9,30.2,34.8,25.2
Scarborough,2024-05-11,82.9,0.1016,4.17,12.8,76.1,1011.1,55.6,11.0,227.0,19.6,21356,63425,31.7,26.1,28.3,40.5,26.1,33.1,25.1
Scarborough,2024-05-12,69.8,0.6096,4.17,21.3,83.9,1012.3,23.2,8.4,234.2,20.3,22137,63527,30.9,26.1,28.0,35.2,26.1,30.1,21.9
Scarborough,2024-05-13,75.2,0.0,0.0,17.2,94.4,1013.5,23.3,8.1,293.9,25.4,20432,65897,32.0,26.8,29.2,38.9,29.3,34.0,24.3
Scarborough,2024-05-14,76.1,0.4064,4.17,11.4,102.5,1012.5,30.1,8.4,265.3,22.8,20420,65910,32.1,27.0,29.3,40.4,30.1,34.5,24.6
Scarborough,2024-05-15,74.5,0.0,0.0,16.1,92.2,1012.3,24.5,8.3,280.6,24.2,20408,65924,32.2,26.7,29.2,38.5,29.4,33.7,24.1
Scarborough,2024-05-16,76.7,2.0065999999999997,4.17,15.0,86.5,1012.1,50.8,8.3,257.4,22.0,20397,65938,32.9,25.9,29.2,39.3,25.9,33.9,24.5
Scarborough,2024-05-17,75.3,0.0,0.0,18.3,94.2,1012.8,33.0,8.3,264.5,22.9,20386,65952,32.1,28.0,29.7,40.5,31.9,35.4,24.8
Scarborough,2024-05-18,77.7,2.9972,4.17,19.7,90.9,1013.7,61.4,6.9,227.2,19.6,20377,65966,30.0,27.0,29.0,36.2,30.6,34.2,24.7
Scarborough,2024-05-19,79.8,9.9822,8.33,12.8,99.3,1013.7,61.6,7.6,278.8,24.0,20368,65981,31.8,25.8,28.9,40.4,25.8,34.2,25.1
Scarborough,2024-05-20,76.1,0.0,0.0,16.1,99.3,1012.6,59.6,8.2,209.3,18.1,20360,65996,31.8,27.9,29.2,38.9,31.8,34.3,24.5
Scarborough,2024-05-21,74.0,0.0,0.0,12.8,107.4,1012.5,52.7,9.4,286.5,24.7,20353,66011,31.8,27.9,29.2,38.5,31.1,33.8,24.0
Scarborough,2024-05-22,76.9,0.7874,4.17,16.1,103.5,1013.3,38.8,9.6,257.6,22.1,20347,66027,31.8,27.9,28.9,38.6,31.6,33.9,24.4
Scarborough,2024-05-23,81.8,13.9954,8.33,12.8,110.7,1013.3,61.5,9.8,281.0,24.2,20342,66042,31.0,25.8,28.4,39.1,25.8,32.9,24.9
Scarborough,2024-05-24,76.3,2.0065999999999997,4.17,16.1,93.8,1012.6,60.9,12.3,299.3,25.6,20337,66058,31.1,25.2,28.3,36.7,25.2,31.7,23.7
Scarborough,2024-05-25,83.4,0.1016,4.17,18.3,128.6,1012.0,69.8,10.9,240.9,20.8,20333,66074,30.8,25.9,28.0,38.4,25.9,32.2,24.9
Scarborough,2024-05-26,78.8,0.0,0.0,12.8,115.2,1013.3,48.1,12.6,252.0,21.7,20330,66091,31.9,27.8,29.3,40.3,32.1,35.1,25.2
Scarborough,2024-05-27,76.3,0.0,0.0,13.9,102.7,1013.6,52.9,7.7,266.1,23.0,20328,66107,31.8,28.1,29.5,39.2,32.1,35.2,24.8
Scarborough,2024-05-28,73.4,0.0,0.0,15.0,94.5,1014.6,34.7,7.2,289.0,24.8,20327,66124,32.7,27.9,29.7,39.2,31.8,34.8,24.3
Scarborough,2024-05-29,77.6,5.9944,4.17,19.7,86.6,1013.9,56.1,7.6,266.9,22.9,20326,66140,32.8,26.9,29.0,39.2,30.4,33.8,24.6
Scarborough,2024-05-30,81.7,5.1815999999999995,12.5,23.1,96.8,1013.5,60.8,7.7,170.1,14.5,20326,66157,29.9,27.1,28.4,35.9,30.8,33.3,24.9
Scarborough,2024-05-31,77.3,0.7111999999999999,4.17,15.0,96.3,1013.6,50.7,6.8,279.0,24.1,20327,66174,31.2,26.9,29.0,37.6,30.3,34.0,24.6
Scarborough,2024-06-01,72.8,0.0,0.0,12.8,88.0,1013.8,23.3,8.5,231.8,20.1,23029,64416,31.8,24.8,28.1,37.5,24.8,30.6,22.6
Scarborough,2024-06-02,81.4,0.0,0.0,13.9,127.5,1011.8,31.5,8.4,243.0,21.0,23176,65277,31.8,27.2,28.7,40.3,30.6,34.2,25.2
Scarborough,2024-06-03,74.4,0.0,0.0,16.1,96.6,1013.0,26.1,11.6,261.3,22.6,22496,65601,30.2,25.9,27.8,35.1,25.9,30.3,22.8
Scarborough,2024-06-04,74.1,0.0,0.0,17.2,93.0,1014.2,39.8,8.0,292.8,25.4,21386,65647,31.8,26.9,28.8,38.6,29.4,33.0,23.7
Scarborough,2024-06-05,74.6,0.0,0.0,19.7,89.9,1011.4,43.6,5.8,279.6,24.2,20544,65813,32.1,27.0,29.4,39.0,30.1,34.5,24.4
Scarborough,2024-06-06,75.8,0.0,0.0,17.2,93.5,1013.1,35.0,7.9,285.3,24.4,20348,66274,31.2,27.8,29.2,38.1,31.8,34.4,24.5
Scarborough,2024-06-07,76.9,0.1016,4.17,19.7,86.3,1014.8,27.3,7.9,274.2,23.5,20719,66627,31.7,27.2,28.9,38.6,30.3,33.7,24.4
Scarborough,2024-06-08,79.5,0.0,0.0,10.3,50.2,1012.9,50.7,11.2,256.1,22.4,21111,66341,32.0,26.1,28.5,40.2,26.1,32.9,24.5
Scarborough,2024-06-09,76.5,0.0,0.0,5.8,109.9,1010.4,33.6,12.2,288.9,24.9,21170,65359,32.1,26.0,29.4,40.8,26.0,34.8,24.8
Scarborough,2024-06-10,79.1,1.0921999999999998,8.33,9.8,157.7,1011.1,63.4,11.6,204.5,17.7,21107,64195,31.9,26.8,28.7,37.8,29.6,33.7,24.7
Scarborough,2024-06-11,77.7,0.0,0.0,11.4,89.8,1009.5,53.4,10.5,221.1,19.1,21374,63412,32.8,26.5,29.1,41.4,26.5,33.9,24.7
Scarborough,2024-06-12,74.9,0.0,0.0,10.3,93.0,1011.7,31.4,9.7,221.2,19.1,22169,63546,31.1,25.1,27.7,36.4,25.1,29.8,22.7
Scarborough,2024-06-13,77.1,0.0,0.0,15.0,89.3,1013.0,56.0,9.8,269.5,23.3,20402,66388,31.0,27.1,28.8,38.0,29.8,33.7,24.4
Scarborough,2024-06-14,78.5,0.0,0.0,15.0,95.1,1013.1,55.3,8.4,257.4,22.2,20411,66403,31.1,27.0,29.0,38.9,30.1,34.3,24.8
Scarborough,2024-06-15,75.4,0.0,0.0,15.0,96.2,1014.2,41.9,7.5,283.5,24.5,20422,66418,31.1,27.9,29.2,37.8,31.8,34.2,24.4
Scarborough,2024-06-16,80.8,2.0065999999999997,4.17,16.6,90.0,1013.3,50.0,10.1,250.9,21.6,20433,66433,30.8,26.2,28.3,37.1,26.2,32.5,24.6
Scarborough,2024-06-17,82.2,0.7874,4.17,9.2,117.8,1011.8,46.2,11.5,239.6,20.7,20444,66447,30.9,25.1,27.8,38.9,25.1,31.5,24.5
Scarborough,2024-06-18,83.6,23.7998,8.33,16.1,108.7,1011.5,61.0,9.3,174.9,15.3,20456,66461,28.2,24.2,26.8,32.2,24.2,29.1,23.7
Scarborough,2024-06-19,79.7,5.9944,4.17,15.0,94.3,1011.7,60.2,8.1,292.0,25.3,20468,66475,30.8,26.1,28.6,37.5,26.1,33.3,24.7
Scarborough,2024-06-20,78.7,0.0,0.0,18.3,86.8,1012.0,61.2,7.8,256.8,22.3,20481,66488,30.9,26.2,28.7,38.6,26.2,33.7,24.6
Scarborough,2024-06-21,77.0,5.9944,4.17,13.9,76.0,1012.3,62.2,7.9,273.8,23.5,20494,66501,31.9,26.7,28.6,37.6,29.8,32.9,24.1
Scarborough,2024-06-22,82.9,0.8128,8.33,12.8,81.9,1011.8,57.7,7.8,235.3,20.3,20508,66513,30.7,23.1,28.2,38.3,23.1,33.0,25.0
Scarborough,2024-06-23,82.5,3.0987999999999998,8.33,10.3,122.6,1012.7,57.4,10.3,230.7,19.8,20521,66525,30.9,26.1,28.5,40.1,26.1,33.7,25.2
Scarborough,2024-06-24,84.3,3.0987999999999998,8.33,17.0,84.8,1012.9,65.6,8.8,228.4,19.8,20535,66536,30.8,25.2,27.8,38.3,25.2,31.7,24.8
Scarborough,2024-06-25,88.0,63.881,12.5,13.9,123.8,1013.7,65.2,8.6,219.9,19.0,20550,66547,28.9,25.0,27.0,34.4,25.0,29.7,24.8
Scarborough,2024-06-26,82.2,0.0,0.0,9.2,93.3,1014.0,52.6,8.5,271.3,23.2,20564,66558,30.8,26.0,28.2,38.6,26.0,32.5,24.8
Scarborough,2024-06-27,78.0,0.0,0.0,16.1,85.3,1012.7,25.3,9.1,272.0,23.5,20579,66567,31.2,25.9,28.4,38.1,25.9,32.4,24.2
Scarborough,2024-06-28,80.2,0.2032,4.17,12.8,75.7,1012.2,54.4,8.6,224.2,19.4,20594,66577,30.8,25.8,28.0,37.3,25.8,31.8,24.2
Scarborough,2024-06-29,90.3,35.9918,16.67,16.1,80.2,1013.3,66.8,7.8,96.7,8.5,20609,66585,29.9,24.9,25.9,35.9,24.9,26.4,24.2
Scarborough,2024-06-30,80.9,1.2953999999999999,8.33,15.0,60.8,1012.2,50.0,10.1,269.6,23.3,20625,66593,31.1,25.1,28.2,37.8,25.1,31.9,24.4
Scarborough,2024-07-01,70.4,0.0,0.0,18.3,90.7,1014.1,35.1,8.2,226.1,19.8,23049,64449,31.8,25.0,28.1,36.4,25.0,30.5,22.1
Scarborough,2024-07-02,80.4,0.0,0.0,13.9,123.3,1012.7,42.4,8.0,238.2,20.6,23164,65297,31.2,27.7,28.8,39.2,31.5,34.3,25.1
Scarborough,2024-07-03,77.6,0.0,0.0,17.2,93.9,1013.5,34.7,8.8,237.2,20.6,22463,65605,30.8,26.1,28.1,38.4,26.1,31.9,23.8
Scarborough,2024-07-04,76.5,0.0,0.0,16.1,91.6,1013.0,27.9,7.7,284.3,24.5,21351,65648,31.2,25.9,28.2,37.0,25.9,31.4,23.6
Scarborough,2024-07-05,76.0,0.1016,4.17,18.3,91.5,1010.0,58.9,8.1,289.9,25.1,20525,65824,31.9,25.7,28.9,38.0,25.7,33.5,24.2
Scarborough,2024-07-06,75.8,0.2032,4.17,18.3,93.9,1014.3,30.2,7.5,266.3,23.0,20354,66291,31.8,26.1,29.2,38.6,26.1,34.3,24.4
Scarborough,2024-07-07,85.7,2.3876,16.67,17.2,93.9,1014.6,54.6,9.5,212.2,18.4,20734,66630,28.7,25.0,26.5,34.8,25.0,28.4,23.9
Scarborough,2024-07-08,76.9,0.0,0.0,13.9,83.8,1011.2,36.5,12.1,270.5,23.3,21118,66319,31.8,25.8,28.7,37.9,25.8,32.8,24.2
Scarborough,2024-07-09,75.8,0.0,0.0,6.9,154.3,1009.9,55.0,12.5,275.7,23.9,21167,65321,32.2,28.9,30.2,42.5,33.5,37.3,25.5
Scarborough,2024-07-10,77.8,0.0,0.0,10.3,145.1,1010.4,49.9,10.4,227.6,19.6,21108,64160,31.9,28.2,29.7,40.6,33.7,36.2,25.4
Scarborough,2024-07-11,82.2,0.9905999999999999,4.17,17.2,72.1,1008.6,63.0,9.9,199.0,17.1,21392,63401,32.1,26.1,28.4,40.4,26.1,33.2,25.0
Scarborough,2024-07-12,76.8,0.9905999999999999,4.17,12.8,88.6,1012.1,34.4,9.5,222.7,19.2,22201,63566,30.9,24.8,27.7,36.0,24.8,29.9,23.1
Scarborough,2024-07-13,82.8,2.0065999999999997,4.17,16.1,72.2,1014.6,53.6,8.8,272.3,23.5,20827,66632,31.2,24.9,27.7,39.2,24.9,31.3,24.5
Scarborough,2024-07-14,80.9,1.397,8.33,16.1,79.9,1013.4,47.6,7.2,270.7,23.5,20843,66630,31.0,25.9,28.1,39.1,25.9,32.2,24.5
Scarborough,2024-07-15,78.7,0.0,0.0,9.2,100.2,1013.5,53.1,8.7,246.0,21.2,20857,66627,31.8,26.0,28.7,40.0,26.0,33.1,24.6
Scarborough,2024-07-16,83.7,13.9954,12.5,12.8,135.4,1014.5,64.3,10.1,235.7,20.3,20872,66622,29.9,25.8,28.0,37.1,25.8,32.1,24.9
Scarborough,2024-07-17,82.5,0.1016,4.17,10.3,123.7,1015.6,58.5,10.8,215.5,18.7,20887,66618,30.2,25.8,27.8,36.7,25.8,31.6,24.5
Scarborough,2024-07-18,81.6,0.0,0.0,9.2,110.6,1015.0,49.2,10.8,262.1,22.7,20901,66612,30.8,24.8,27.5,38.4,24.8,30.6,24.0
Scarborough,2024-07-19,80.2,0.7874,4.17,8.1,102.5,1015.2,32.4,10.4,263.9,22.9,20915,66605,31.0,26.0,28.6,39.2,26.0,32.8,24.7
Scarborough,2024-07-20,82.7,5.1815999999999995,16.67,17.2,85.3,1014.6,44.8,8.5,236.7,20.2,20929,66598,31.1,25.9,28.3,39.4,25.9,32.6,25.0
Scarborough,2024-07-21,75.5,0.0,0.0,13.9,85.8,1012.9,36.0,7.4,288.9,24.8,20942,66589,31.9,26.8,28.9,38.7,29.6,33.5,24.1
Scarborough,2024-07-22,77.5,0.0,0.0,13.9,98.2,1013.1,40.4,7.4,263.1,22.7,20955,66580,32.0,26.2,29.1,40.7,26.2,34.1,24.6
Scarborough,2024-07-23,83.4,4.8006,12.5,12.8,91.2,1015.0,53.6,8.0,190.1,16.5,20968,66570,30.8,26.1,28.2,38.8,26.1,33.0,25.1
Scarborough,2024-07-24,78.7,2.0065999999999997,4.17,13.9,81.1,1016.5,50.2,8.4,273.2,23.5,20981,66559,31.8,25.2,28.7,39.4,25.2,33.3,24.6
Scarborough,2024-07-25,85.0,17.983199999999997,12.5,20.8,87.4,1014.9,65.2,7.2,246.2,21.3,20993,66548,31.9,25.0,27.9,40.5,25.0,32.1,25.1
Scarborough,2024-07-26,79.9,0.9905999999999999,8.33,17.2,89.2,1013.9,26.9,7.2,251.4,21.7,21005,66535,31.2,27.2,29.2,39.2,31.0,34.9,25.3
Scarborough,2024-07-27,75.9,0.0,0.0,13.9,83.6,1013.8,18.8,6.9,289.4,24.9,21016,66522,32.0,26.0,29.0,38.7,26.0,33.6,24.2
Scarborough,2024-07-28,75.2,0.0,0.0,15.0,88.5,1014.3,22.1,7.9,290.4,25.0,21028,66507,31.8,26.9,29.0,38.7,29.8,33.5,24.1
Scarborough,2024-07-29,78.9,0.0,0.0,16.1,98.5,1014.7,39.7,9.2,224.8,19.3,21038,66492,31.7,26.1,28.4,37.9,26.1,32.7,24.4
Scarborough,2024-07-30,77.3,0.0,0.0,9.2,116.3,1014.7,33.4,12.5,247.9,21.3,21049,66476,31.8,26.7,29.2,40.1,29.6,34.6,24.8
Scarborough,2024-07-31,74.2,0.0,0.0,6.9,136.5,1014.6,26.8,12.4,285.8,24.7,21059,66459,31.8,27.9,29.5,38.9,31.9,34.7,24.4
Scarborough,2024-08-01,80.7,4.013199999999999,8.33,16.1,87.9,1013.2,51.0,8.4,187.1,16.1,23067,64482,30.2,24.8,26.6,36.2,24.8,28.2,22.9
Scarborough,2024-08-02,74.8,0.0,0.0,17.2,124.3,1012.8,49.8,6.8,260.6,22.5,23151,65315,31.1,26.8,28.5,36.8,29.2,32.3,23.6
Scarborough,2024-08-03,78.1,0.0,0.0,13.9,107.3,1013.6,49.1,8.7,270.5,23.3,22429,65609,31.0,27.0,28.6,38.0,29.7,33.2,24.3
Scarborough,2024-08-04,73.7,0.0,0.0,9.2,98.9,1013.3,39.8,8.9,299.2,25.8,21317,65650,31.1,25.2,28.1,36.7,25.2,30.7,22.8
Scarborough,2024-08-05,74.7,0.0,0.0,16.1,111.4,1010.5,44.8,6.2,279.4,23.8,20508,65836,32.0,28.0,29.7,40.7,31.6,35.4,24.7
Scarborough,2024-08-06,83.3,12.9794,8.33,18.3,91.1,1014.8,58.0,6.8,223.9,19.3,20360,66308,31.8,25.1,28.1,40.6,25.1,32.6,24.9
Scarborough,2024-08-07,79.2,0.0,0.0,10.3,90.4,1013.2,40.2,12.0,283.5,24.3,20750,66632,31.2,24.9,28.3,39.1,24.9,32.3,24.2
Scarborough,2024-08-08,74.1,0.4064,8.33,13.9,85.6,1011.2,24.1,11.8,280.6,24.4,21125,66296,32.0,26.7,29.1,37.7,29.1,33.3,23.8
Scarborough,2024-08-09,74.1,2.0065999999999997,4.17,8.1,117.1,1011.4,53.4,13.0,265.6,22.9,21165,65282,32.7,27.7,30.5,41.8,31.5,37.4,25.3
Scarborough,2024-08-10,74.5,0.0,0.0,11.4,118.3,1010.8,38.1,10.6,244.4,21.1,21109,64125,33.0,28.9,30.4,42.2,34.6,37.3,25.3
Scarborough,2024-08-11,85.4,37.6174,8.33,12.8,130.4,1008.3,65.1,8.7,196.6,17.0,21411,63391,30.9,26.2,28.4,40.3,26.2,34.0,25.7
Scarborough,2024-08-12,79.7,2.3114,16.67,15.0,101.9,1012.5,36.9,8.6,219.0,19.1,22233,63587,30.1,25.2,27.4,35.0,25.2,30.3,23.6
Scarborough,2024-08-13,78.1,0.0,0.0,15.0,165.8,1013.3,57.2,12.2,182.8,15.8,21154,66169,30.1,26.7,28.6,37.3,29.6,33.3,24.4
Scarborough,2024-08-14,78.3,0.0,0.0,10.3,113.1,1014.7,36.7,13.3,290.8,25.2,21158,66141,31.2,27.2,29.2,39.3,30.3,34.9,25.1
Scarborough,2024-08-15,81.5,7.086600000000001,12.5,8.1,93.7,1013.8,51.9,9.3,280.5,24.3,21162,66113,31.2,24.9,28.2,39.2,24.9,32.2,24.6
Scarborough,2024-08-16,79.7,0.0,0.0,10.3,107.1,1013.3,29.3,10.5,278.9,24.1,21166,66085,31.9,26.2,29.1,40.6,26.2,34.5,25.1
Scarborough,2024-08-17,74.7,0.0,0.0,9.2,111.3,1013.7,16.9,11.5,296.5,25.7,21169,66055,31.9,27.1,29.6,40.2,30.2,35.1,24.6
Scarborough,2024-08-18,77.1,0.0,0.0,10.3,54.1,1014.1,30.4,9.5,253.0,22.0,21172,66025,31.7,25.9,28.7,38.8,25.9,32.8,24.2
Scarborough,2024-08-19,77.3,0.1016,4.17,10.3,86.7,1013.7,23.7,11.0,288.2,24.9,21175,65994,32.1,25.9,29.2,40.3,25.9,34.2,24.8
Scarborough,2024-08-20,78.9,16.9926,8.33,6.9,65.7,1013.1,33.7,7.8,278.4,24.0,21177,65963,31.2,27.0,28.4,38.2,30.1,33.1,24.4
Scarborough,2024-08-21,80.0,0.0,0.0,6.9,90.8,1012.4,22.2,8.8,272.8,23.5,21179,65931,30.9,26.0,28.6,39.2,26.0,33.1,24.7
Scarborough,2024-08-22,76.7,0.0,0.0,11.4,88.2,1011.7,29.0,10.7,291.6,25.2,21180,65899,31.8,26.1,29.1,39.9,26.1,33.9,24.4
Scarborough,2024-08-23,78.0,0.6096,4.17,15.0,81.2,1011.5,42.6,9.6,257.4,22.2,21181,65866,31.9,26.8,29.0,39.2,29.6,34.2,24.7
Scarborough,2024-08-24,88.1,22.987,8.33,12.8,98.3,1012.1,66.9,8.8,195.5,16.8,21182,65833,27.9,24.0,26.3,33.2,24.0,28.3,24.2
Scarborough,2024-08-25,81.5,0.0,0.0,10.3,119.0,1013.8,59.6,8.9,241.0,20.5,21183,65799,31.2,26.7,28.7,38.3,29.8,34.2,25.2
Scarborough,2024-08-26,77.2,0.2032,4.17,9.2,82.8,1014.2,37.9,8.2,291.0,25.3,21183,65764,32.1,26.2,29.1,40.8,26.2,33.9,24.6
Scarborough,2024-08-27,79.6,0.1016,4.17,11.4,54.5,1013.4,39.1,8.3,258.0,22.1,21183,65729,31.8,26.2,28.6,39.9,26.2,33.3,24.7
Scarborough,2024-08-28,80.6,0.3048,8.33,10.3,74.2,1013.4,44.9,8.9,248.0,21.4,21183,65694,32.0,25.7,28.6,41.7,25.7,33.4,24.8
Scarborough,2024-08-29,76.7,0.0,0.0,10.3,75.6,1013.7,36.9,10.8,252.1,21.8,21182,65658,32.2,26.1,29.2,40.1,26.1,34.1,24.6
Scarborough,2024-08-30,81.7,1.6001999999999998,12.5,9.2,115.9,1012.7,56.5,9.2,198.4,17.2,21182,65622,30.9,26.1,28.2,38.9,26.1,32.7,24.7
Scarborough,2024-08-31,79.6,0.0,0.0,6.9,105.0,1011.9,46.7,10.0,202.6,17.5,21180,65586,31.9,25.8,28.4,40.5,25.8,32.5,24.4
Scarborough,2024-09-01,79.0,0.0,0.0,18.3,81.6,1013.6,27.8,8.9,212.3,18.3,23085,64515,31.0,24.2,27.5,37.1,24.2,30.4,23.4
Scarborough,2024-09-02,75.5,0.0,0.0,15.0,93.6,1014.2,25.9,6.2,245.6,21.3,23137,65333,30.8,24.9,27.9,36.1,24.9,30.5,23.1
Scarborough,2024-09-03,78.6,0.0,0.0,13.9,100.7,1013.5,41.1,7.4,273.7,23.6,22396,65612,31.0,26.2,28.4,38.0,26.2,32.9,24.3
Scarborough,2024-09-04,71.9,0.0,0.0,14.8,89.0,1013.5,20.5,11.6,283.3,24.4,21283,65652,32.0,24.1,28.1,37.2,24.1,30.6,22.4
Scarborough,2024-09-05,75.1,0.0,0.0,15.0,104.1,1011.7,52.4,6.4,287.0,24.8,20491,65847,32.1,28.0,29.6,39.6,32.0,35.1,24.6
Scarborough,2024-09-06,81.5,9.017,8.33,17.2,90.7,1013.6,57.5,6.7,242.9,21.1,20367,66324,31.2,26.0,28.6,38.6,26.0,33.2,25.0
Scarborough,2024-09-07,79.7,0.0,0.0,15.0,89.0,1012.2,24.4,8.7,288.5,25.0,20766,66634,31.9,26.8,28.9,40.3,29.8,34.2,24.9
Scarborough,2024-09-08,79.5,2.9972,4.17,16.6,102.2,1012.2,42.4,10.8,266.6,23.0,21132,66272,32.1,25.7,28.7,39.3,25.7,33.7,24.8
Scarborough,2024-09-09,79.5,84.9884,4.17,11.4,122.0,1011.9,67.7,9.8,195.6,16.9,21162,65243,32.2,23.1,28.4,41.2,23.1,32.7,24.3
Scarborough,2024-09-10,78.4,10.0076,4.17,18.3,106.2,1012.6,47.6,8.5,239.0,20.6,21111,64090,33.2,25.0,29.2,41.8,25.0,34.6,25.0
Scarborough,2024-09-11,80.5,0.9905999999999999,4.17,11.4,119.8,1009.7,62.6,9.6,214.4,18.7,21431,63382,31.2,28.1,29.4,40.3,32.9,35.9,25.7
Scarborough,2024-09-12,80.2,6.2992,12.5,18.3,88.7,1012.3,39.3,9.7,200.7,17.3,22265,63609,30.1,23.9,27.0,35.1,23.9,29.0,23.2
Scarborough,2024-09-13,73.6,0.0,0.0,10.3,125.4,1011.4,30.2,7.4,288.0,24.9,21151,65085,32.0,29.0,30.4,40.7,34.4,36.9,25.1
Scarborough,2024-09-14,78.2,0.2032,4.17,8.1,116.1,1012.5,56.2,8.2,241.6,21.0,21148,65045,31.1,26.9,29.3,38.1,30.3,35.0,25.1
Scarborough,2024-09-15,80.4,0.9905999999999999,4.17,6.9,67.3,1012.2,51.2,11.1,241.0,20.7,21145,65006,31.9,26.9,28.9,40.5,29.9,34.5,25.2
Scarborough,2024-09-16,80.3,5.9944,4.17,11.9,106.2,1011.8,42.9,11.5,272.7,23.7,21142,64966,31.9,26.9,29.4,41.7,29.9,35.7,25.6
Scarborough,2024-09-17,76.7,0.0,0.0,6.9,128.4,1011.4,38.8,10.6,259.2,22.3,21139,64926,32.1,28.1,30.2,41.0,32.7,37.3,25.6
Scarborough,2024-09-18,75.4,0.0,0.0,9.2,120.9,1011.2,41.4,10.2,270.4,23.5,21136,64886,32.1,27.0,29.9,40.8,30.1,36.2,25.1
Scarborough,2024-09-19,74.0,0.0,0.0,11.4,146.5,1010.2,23.3,11.2,274.1,23.7,21133,64846,31.9,28.9,30.1,39.9,33.6,36.3,24.9
Scarborough,2024-09-20,74.7,0.0,0.0,10.3,127.8,1009.7,45.8,9.4,278.4,24.2,21130,64807,32.1,28.8,30.2,41.0,33.9,36.8,25.2
Scarborough,2024-09-21,74.4,0.0,0.0,9.2,124.4,1010.6,55.9,8.5,268.9,23.2,21127,64767,32.1,28.8,30.2,40.5,33.4,36.5,25.1
Scarborough,2024-09-22,74.9,0.0,0.0,11.6,115.9,1010.5,26.8,9.5,278.0,24.0,21125,64727,32.2,28.2,29.8,39.9,32.3,35.6,24.8
Scarborough,2024-09-23,83.6,0.0,0.0,9.2,106.9,1011.5,49.1,9.1,225.2,19.4,21122,64688,33.1,27.0,29.4,48.1,30.1,37.2,26.3
Scarborough,2024-09-24,84.4,0.0,0.0,8.1,104.2,1011.8,47.5,11.2,220.6,19.2,21120,64648,33.2,26.9,29.7,47.8,30.7,37.8,26.7
Scarborough,2024-09-25,82.3,0.1016,4.17,11.4,31.4,1010.9,52.9,9.9,203.3,17.7,21117,64609,32.0,27.0,28.9,43.9,30.5,34.9,25.6
Scarborough,2024-09-26,79.1,0.0,0.0,6.9,115.1,1010.8,51.0,10.5,219.2,19.0,21115,64570,32.8,26.8,29.4,41.8,29.7,35.5,25.3
Scarborough,2024-09-27,75.9,0.0,0.0,9.2,109.3,1011.4,48.8,11.9,249.3,21.6,21113,64531,32.8,27.7,30.1,41.4,32.1,36.4,25.2
Scarborough,2024-09-28,75.5,0.0,0.0,13.9,93.1,1010.8,50.2,9.9,278.1,24.1,21112,64493,33.0,26.7,29.4,40.6,29.4,34.4,24.5
Scarborough,2024-09-29,74.7,0.0,0.0,8.1,109.1,1010.7,61.0,12.4,252.9,21.9,21110,64454,32.9,26.9,29.6,40.2,29.8,34.9,24.5
Scarborough,2024-09-30,80.8,3.9878,4.17,6.9,30.1,1011.5,52.9,10.7,240.9,20.9,21109,64416,32.7,26.2,28.9,41.6,26.2,34.4,25.2
Scarborough,2024-10-01,73.0,0.6096,4.17,18.3,83.8,1013.8,26.8,7.8,236.6,20.4,23102,64547,31.1,25.8,27.8,36.2,25.8,29.9,22.4
Scarborough,2024-10-02,74.4,0.0,0.0,17.2,91.4,1014.6,24.2,6.2,254.2,22.1,23123,65351,31.1,25.2,27.7,36.5,25.2,29.9,22.7
Scarborough,2024-10-03,78.6,0.0,0.0,12.8,97.6,1013.7,41.7,7.1,273.3,23.6,22361,65615,31.1,24.9,27.7,37.5,24.9,30.4,23.5
Scarborough,2024-10-04,72.5,0.0,0.0,15.0,89.0,1012.7,21.1,12.1,292.9,25.3,21249,65654,32.0,24.9,28.1,37.7,24.9,30.4,22.6
Scarborough,2024-10-05,75.8,0.0,0.0,17.7,92.5,1012.0,59.8,6.9,253.1,21.9,20475,65859,31.1,27.1,28.9,37.1,30.2,33.6,24.2
Scarborough,2024-10-06,87.0,38.989,12.5,15.0,93.6,1013.1,67.4,7.5,165.0,14.4,20375,66340,29.8,25.1,27.2,36.9,25.1,30.6,24.8
Scarborough,2024-10-07,78.7,0.0,0.0,10.3,63.3,1011.2,26.9,8.1,280.3,24.1,20781,66635,31.8,26.7,28.8,40.0,29.4,33.7,24.6
Scarborough,2024-10-08,85.1,30.099,12.5,9.2,119.4,1014.2,70.9,9.0,159.2,13.7,21138,66247,28.2,24.2,26.4,33.1,24.2,28.1,23.7
Scarborough,2024-10-09,80.8,0.0,0.0,8.1,119.1,1010.8,57.2,11.2,238.0,20.5,21159,65204,31.8,25.1,28.4,40.4,25.1,33.1,24.8
Scarborough,2024-10-10,79.4,6.1975999999999996,12.5,13.9,93.0,1012.7,56.4,8.6,240.9,20.9,21113,64056,32.1,25.7,28.7,40.4,25.7,33.6,24.8
Scarborough,2024-10-11,82.2,0.7111999999999999,4.17,16.6,103.1,1010.8,64.0,9.4,229.1,19.8,21452,63374,31.2,25.0,28.6,40.8,25.0,33.9,25.2
Scarborough,2024-10-12,77.0,0.0,0.0,16.1,86.5,1011.7,34.6,11.0,210.9,18.2,22298,63632,30.8,25.0,27.4,36.2,25.0,29.6,22.9
Scarborough,2024-10-13,78.8,5.0038,4.17,11.4,106.1,1014.4,53.3,8.7,257.9,22.3,21122,63958,32.8,26.1,29.7,43.1,26.1,35.9,25.5
Scarborough,2024-10-14,76.8,0.0,0.0,10.3,100.5,1014.9,42.6,8.2,229.7,19.7,21126,63926,32.2,27.0,29.7,42.1,30.0,35.9,25.1
Scarborough,2024-10-15,74.0,0.1016,4.17,9.2,94.3,1013.3,40.2,10.1,273.0,23.8,21130,63895,32.2,26.1,29.2,39.3,26.1,33.7,24.0
Scarborough,2024-10-16,78.2,10.998199999999999,4.17,10.3,53.4,1012.3,46.1,10.1,230.9,20.0,21135,63864,31.8,26.2,28.2,40.0,26.2,32.2,24.0
Scarborough,2024-10-17,76.6,0.0,0.0,8.1,101.1,1011.6,30.0,10.5,256.6,22.0,21140,63835,31.9,26.0,28.9,39.3,26.0,32.9,24.3
Scarborough,2024-10-18,74.5,0.0,0.0,13.9,105.4,1011.7,23.2,13.1,256.7,22.1,21146,63806,32.8,27.0,29.9,41.9,30.1,35.9,24.8
Scarborough,2024-10-19,78.8,0.7874,4.17,16.1,91.4,1009.9,30.0,11.1,247.6,21.4,21153,63777,32.2,26.7,29.3,40.8,29.6,35.1,25.2
Scarborough,2024-10-20,81.0,4.5973999999999995,12.5,13.9,90.3,1009.1,42.9,7.7,214.8,18.5,21160,63750,32.1,26.2,28.7,40.2,26.2,33.7,25.0
Scarborough,2024-10-21,79.9,0.9905999999999999,4.17,21.9,89.8,1009.2,48.0,8.0,277.6,23.9,21167,63723,31.9,26.8,28.8,40.3,30.0,34.2,25.0
Scarborough,2024-10-22,83.9,11.0998,12.5,12.8,104.7,1011.7,63.7,8.7,190.8,16.4,21175,63697,30.1,24.8,27.7,37.8,24.8,31.9,24.7
Scarborough,2024-10-23,76.6,0.0,0.0,17.2,102.7,1012.4,58.8,9.2,225.1,19.5,21184,63672,32.2,28.0,29.8,40.9,32.1,36.3,25.3
Scarborough,2024-10-24,81.9,7.315199999999999,8.33,19.7,92.4,1010.6,62.0,8.0,230.8,20.0,21194,63647,31.8,26.2,28.7,40.6,26.2,34.0,25.2
Scarborough,2024-10-25,77.2,5.206999999999999,8.33,20.8,98.5,1011.8,51.8,7.8,245.3,21.2,21204,63623,32.0,24.9,29.1,40.2,24.9,34.2,24.6
Scarborough,2024-10-26,76.6,0.3048,4.17,18.3,80.3,1012.2,23.5,8.1,256.1,22.2,21214,63601,32.1,25.7,28.7,39.2,25.7,32.7,24.1
Scarborough,2024-10-27,78.8,0.0,0.0,16.1,85.5,1011.1,42.8,8.7,244.2,21.1,21225,63579,31.8,25.9,28.6,39.9,25.9,32.6,24.4
Scarborough,2024-10-28,79.0,4.8006,4.17,13.2,118.7,1011.4,60.4,8.7,267.2,23.1,21237,63558,31.9,26.2,29.2,40.5,26.2,34.9,25.2
Scarborough,2024-10-29,79.1,2.9972,4.17,9.2,131.0,1011.9,62.8,9.5,244.1,21.3,21250,63538,31.7,27.0,28.9,39.9,30.2,34.4,24.9
Scarborough,2024-10-30,80.0,0.0,0.0,5.8,78.2,1011.0,47.3,10.8,249.8,21.5,21263,63519,30.8,25.2,28.2,38.8,25.2,32.2,24.4
Scarborough,2024-10-31,77.9,0.0,0.0,6.9,118.0,1009.2,46.9,12.1,219.9,18.9,21277,63501,32.0,26.7,29.1,40.7,29.6,34.4,24.8
Scarborough,2024-11-01,72.4,0.0,0.0,15.0,82.9,1013.4,18.3,9.2,246.0,21.2,23118,64580,31.2,24.7,27.4,35.8,24.7,29.1,21.9
Scarborough,2024-11-02,73.9,0.0,0.0,18.3,81.4,1014.6,24.1,7.1,223.9,19.3,23107,65368,30.7,24.2,27.4,35.3,24.2,29.6,22.3
Scarborough,2024-11-03,77.4,0.0,0.0,12.8,103.1,1014.3,34.9,10.1,264.3,22.7,22327,65618,31.1,24.9,27.9,37.7,24.9,31.1,23.5
Scarborough,2024-11-04,71.6,0.0,0.0,19.9,84.1,1013.5,17.9,10.5,295.0,25.5,21215,65656,31.8,25.8,28.5,36.5,25.8,31.3,22.7
Scarborough,2024-11-05,74.3,0.0,0.0,17.2,90.1,1012.1,56.5,7.2,297.9,25.6,20460,65871,31.7,27.0,29.2,38.7,30.0,34.0,24.2
Scarborough,2024-11-06,80.7,0.2032,4.17,19.7,92.7,1013.9,61.6,8.4,173.8,14.9,20383,66356,30.2,26.6,28.6,37.8,26.6,33.5,24.9
Scarborough,2024-11-07,82.4,4.2926,16.67,20.8,93.7,1012.2,31.3,8.7,266.6,22.9,20797,66635,31.2,25.8,28.3,39.1,25.8,32.7,25.0
Scarborough,2024-11-08,85.9,10.0076,4.17,9.2,49.7,1013.3,45.8,8.5,276.2,23.9,21143,66222,30.8,24.9,26.9,40.3,24.9,28.8,24.3
Scarborough,2024-11-09,76.9,0.0,0.0,12.3,125.3,1010.2,40.2,13.6,241.2,20.9,21157,65164,32.0,27.0,29.8,40.3,30.2,36.1,25.2
Scarborough,2024-11-10,78.5,2.0065999999999997,4.17,13.9,88.0,1012.5,37.8,8.0,255.8,21.9,21115,64023,32.9,26.0,29.1,41.5,26.0,34.2,24.9
Scarborough,2024-11-11,88.7,7.010400000000001,12.5,10.3,89.1,1010.6,69.3,7.9,160.6,14.0,21473,63367,27.9,24.8,26.4,32.9,24.8,27.9,24.3
Scarborough,2024-11-12,84.1,13.589,12.5,10.3,78.0,1011.6,66.4,9.3,221.0,19.2,22330,63655,29.1,23.8,26.0,33.6,23.8,27.0,23.1
Scarborough,2024-11-13,80.1,0.1016,4.17,12.8,103.1,1008.7,37.1,8.6,227.2,19.6,21517,63357,31.8,25.2,28.7,40.2,25.2,33.4,24.8
Scarborough,2024-11-14,77.6,0.0,0.0,9.2,112.7,1008.6,46.9,9.0,233.9,20.2,21540,63353,31.2,27.7,29.2,38.8,31.6,34.7,24.8
Scarborough,2024-11-15,81.1,0.3048,8.33,12.5,99.8,1009.3,45.7,9.0,206.5,18.0,21563,63351,31.8,26.8,28.9,40.6,30.0,34.5,25.3
Scarborough,2024-11-16,81.5,2.9972,4.17,10.3,113.4,1009.5,38.0,9.9,211.3,18.3,21588,63349,31.2,27.2,28.8,38.7,30.9,34.2,25.2
Scarborough,2024-11-17,81.9,0.3048,4.17,11.4,81.6,1010.0,47.4,8.4,245.8,21.3,21612,63349,31.8,25.9,27.9,39.4,25.9,31.1,24.4
Scarborough,2024-11-18,82.2,7.1374,41.67,10.3,135.9,1009.2,32.2,6.2,194.2,16.8,21638,63350,30.9,25.0,28.1,38.9,25.0,32.0,24.7
Scarborough,2024-11-19,84.8,2.921,33.33,8.1,132.8,1009.6,32.7,6.0,212.8,18.3,21664,63352,29.0,24.0,27.6,35.6,24.0,31.7,24.8
Scarborough,2024-11-20,79.8,1.4223999999999999,12.5,8.1,117.3,1010.3,27.1,6.2,225.1,19.3,21690,63355,30.9,26.9,28.8,38.9,29.9,34.1,24.9
Scarborough,2024-11-21,81.4,0.9143999999999999,25.0,9.2,107.6,1010.6,30.9,7.5,217.2,18.8,21717,63359,31.0,26.0,28.6,39.1,26.0,33.6,25.1
Scarborough,2024-11-22,79.4,0.889,4.17,9.2,103.5,1011.3,30.0,11.0,249.5,21.7,21745,63364,31.2,26.2,28.8,38.9,26.2,33.9,24.9
Scarborough,2024-11-23,86.1,11.2776,12.5,9.2,105.5,1012.2,51.5,10.4,204.8,17.6,21773,63370,31.1,25.8,27.5,40.3,25.8,30.8,24.9
Scarborough,2024-11-24,85.5,6.985,8.33,15.0,65.5,1012.8,62.7,8.9,163.0,14.0,21801,63378,30.8,25.9,27.6,39.7,25.9,31.2,24.9
Scarborough,2024-11-25,78.1,1.9811999999999999,8.33,16.1,87.3,1012.7,33.5,9.8,218.5,19.0,21830,63386,30.8,26.1,28.4,37.1,26.1,32.5,24.2
Scarborough,2024-11-26,84.5,16.1798,16.67,18.3,85.4,1012.0,56.7,9.0,205.1,17.8,21859,63396,30.9,23.9,27.2,37.4,23.9,29.6,24.3
Scarborough,2024-11-27,83.8,7.112,12.5,11.4,108.4,1010.9,51.9,8.7,212.0,18.5,21889,63406,30.8,26.1,28.2,39.0,26.1,32.7,25.2
Scarborough,2024-11-28,84.0,13.716,8.33,13.9,96.4,1011.5,37.7,8.7,200.2,17.3,21919,63418,31.1,26.0,27.9,39.3,26.0,31.8,24.9
Scarborough,2024-11-29,83.6,0.8128,12.5,18.8,96.0,1012.2,39.1,9.5,208.8,18.3,21949,63430,31.2,24.2,27.9,39.4,24.2,31.8,24.8
Scarborough,2024-11-30,82.2,16.002,8.33,13.9,97.9,1012.5,48.9,7.8,203.4,17.7,21980,63444,31.1,24.2,27.8,37.9,24.2,31.2,24.4
Scarborough,2024-12-01,78.3,1.6001999999999998,8.33,12.8,90.2,1013.1,32.8,9.1,218.9,18.8,23133,64612,30.9,25.0,26.9,36.3,25.0,28.9,22.8
Scarborough,2024-12-02,72.4,0.0,0.0,19.7,85.5,1014.6,21.2,7.4,258.3,22.3,23091,65384,30.8,25.9,27.9,35.4,25.9,30.3,22.4
Scarborough,2024-12-03,72.7,0.0,0.0,15.0,98.2,1014.6,47.3,10.9,293.8,25.3,22292,65621,31.2,26.2,28.4,37.0,26.2,31.7,23.0
Scarborough,2024-12-04,71.8,0.0,0.0,18.3,85.0,1014.4,27.6,8.4,312.9,27.1,21182,65659,32.0,26.0,28.6,37.9,26.0,31.7,22.9
Scarborough,2024-12-05,72.6,0.0,0.0,15.0,101.1,1013.0,46.0,7.1,278.4,24.1,20446,65884,32.1,28.0,29.5,39.4,31.4,34.4,24.1
Scarborough,2024-12-06,77.2,0.0,0.0,15.0,88.0,1013.9,58.4,7.9,262.8,22.5,20392,66372,31.1,26.8,28.7,37.7,29.6,33.4,24.3
Scarborough,2024-12-07,90.2,20.9804,16.67,11.4,75.7,1015.1,64.0,8.4,122.5,10.6,20812,66634,29.1,24.2,25.9,35.7,24.2,27.1,24.2
Scarborough,2024-12-08,85.5,0.2032,4.17,10.3,305.3,1012.2,42.1,7.2,248.9,21.4,21149,66196,31.0,24.9,27.7,39.1,24.9,31.6,24.9
Scarborough,2024-12-09,77.8,0.1016,4.17,9.2,130.0,1010.9,39.5,10.0,241.1,20.8,21154,65125,32.2,29.1,30.2,42.4,34.6,37.6,25.8
Scarborough,2024-12-10,76.8,0.0,0.0,16.1,96.0,1013.0,41.2,8.2,266.2,22.9,21118,63990,32.9,26.7,29.4,42.3,29.5,35.0,24.8
Scarborough,2024-12-11,84.6,6.019799999999999,12.5,17.2,115.0,1010.2,64.7,8.1,159.6,13.7,21494,63362,29.0,24.8,27.0,33.9,24.8,29.4,24.2
Scarborough,2024-12-12,81.4,0.6096,4.17,10.3,55.7,1011.0,59.3,10.7,208.1,17.9,22362,63680,29.9,24.2,26.6,34.9,24.2,28.2,23.1
Scarborough,2024-12-13,81.9,0.0,0.0,9.2,53.9,1010.3,43.9,9.2,189.9,16.4,22394,63705,30.2,24.2,26.9,35.6,24.2,29.1,23.5
Scarborough,2024-12-14,80.4,0.1016,4.17,18.3,88.0,1010.7,50.2,9.9,205.2,17.7,22426,63730,30.7,24.8,27.3,35.2,24.8,29.9,23.6
Scarborough,2024-12-15,81.1,0.7111999999999999,4.17,15.0,101.4,1011.3,43.8,8.9,211.9,18.1,22457,63757,30.2,25.8,27.9,36.2,25.8,31.2,24.2
Scarborough,2024-12-16,81.8,0.7874,4.17,16.1,85.5,1011.7,41.6,8.7,209.6,18.0,22489,63784,31.0,25.0,27.7,37.8,25.0,30.5,24.2
Scarborough,2024-12-17,85.9,22.7076,12.5,16.1,94.5,1013.6,55.4,9.3,195.4,16.9,22520,63811,29.9,23.1,26.9,36.2,23.1,29.4,24.3
Scarborough,2024-12-18,90.6,24.409399999999998,8.33,14.3,87.6,1013.7,59.0,8.5,198.5,17.1,22551,63839,28.2,24.9,25.9,33.1,24.9,26.8,24.2
Scarborough,2024-12-19,92.1,79.09559999999999,16.67,16.1,81.8,1013.3,75.3,6.3,158.1,13.8,22582,63868,27.1,23.2,25.1,30.6,23.2,25.4,23.7
Scarborough,2024-12-20,82.5,0.3048,4.17,13.9,91.9,1011.9,44.9,10.0,209.4,18.2,22612,63897,30.7,25.2,27.7,37.6,25.2,31.1,24.4
Scarborough,2024-12-21,81.4,0.0,0.0,12.8,101.9,1012.2,47.0,9.0,215.1,18.6,22642,63927,30.1,26.2,27.9,37.2,26.2,32.1,24.4
Scarborough,2024-12-22,79.1,0.0,0.0,18.3,83.1,1013.3,46.5,8.2,229.8,20.0,22671,63957,30.0,25.7,27.6,35.1,25.7,30.4,23.6
Scarborough,2024-12-23,81.3,0.0,0.0,17.2,78.0,1013.6,44.6,7.6,181.0,15.7,22701,63988,30.2,24.2,27.2,36.3,24.2,29.6,23.6
Scarborough,2024-12-24,78.4,0.0,0.0,17.2,78.1,1012.7,61.0,4.0,227.8,19.6,22729,64019,30.0,25.2,27.3,35.1,25.2,29.2,23.1
Scarborough,2024-12-25,76.4,0.0,0.0,17.2,81.9,1012.0,46.2,7.3,225.3,19.5,22757,64050,29.9,25.1,27.2,34.7,25.1,29.5,22.7
Scarborough,2024-12-26,77.5,0.0,0.0,16.1,84.0,1011.9,40.0,8.9,223.6,19.3,22785,64082,30.1,23.9,26.6,33.8,23.9,28.0,22.2
Scarborough,2024-12-27,76.7,0.1016,4.17,13.6,82.9,1012.0,53.7,10.5,226.4,19.6,22812,64114,30.1,24.2,26.9,34.7,24.2,28.6,22.3
Scarborough,2024-12-28,78.8,0.1016,4.17,9.2,74.9,1012.6,51.1,11.0,227.8,19.7,22838,64146,30.1,24.0,26.8,35.4,24.0,28.6,22.7
Scarborough,2024-12-29,80.3,5.0038,4.17,9.2,63.7,1012.2,46.1,10.9,208.2,17.9,22864,64179,28.2,24.9,26.3,31.8,24.9,27.6,22.7
Scarborough,2024-12-30,81.0,2.2097999999999995,8.33,9.2,66.1,1011.5,64.0,10.6,211.2,18.2,22889,64211,29.2,23.2,25.9,33.7,23.2,27.0,22.4
Scarborough,2024-12-31,76.2,0.0,0.0,11.4,56.6,1011.4,64.2,10.6,210.9,18.3,22914,64244,28.1,24.7,26.2,30.8,24.7,27.2,21.7
Scarborough,2025-01-01,81.9,8.7884,8.33,11.4,62.3,1012.1,67.1,9.1,166.9,14.3,22937,64277,28.8,24.9,26.3,33.0,24.9,27.3,22.9
Scarborough,2025-01-02,72.8,0.0,0.0,18.3,85.9,1013.8,31.2,7.2,247.0,21.1,23215,65189,29.8,24.9,27.2,34.5,24.9,29.0,21.9
Scarborough,2025-01-03,73.0,0.508,4.17,17.2,95.9,1013.2,41.2,7.5,289.9,25.2,22662,65575,29.9,24.1,26.8,32.3,24.1,27.8,21.4
Scarborough,2025-01-04,71.5,0.0,0.0,20.8,91.1,1013.6,42.3,8.8,269.5,23.4,21574,65642,30.0,26.1,27.5,34.2,26.1,29.4,21.8
Scarborough,2025-01-13,75.2,0.9905999999999999,4.17,11.4,63.1,1013.8,27.1,10.9,225.4,19.5,23158,64668,29.1,23.1,25.9,32.1,23.1,27.0,21.1
Scarborough,2025-01-14,74.9,0.3048,4.17,9.2,44.9,1013.5,30.2,12.0,252.5,21.9,23170,64700,30.0,22.8,26.1,33.4,22.8,27.3,21.2
Scarborough,2025-01-15,76.4,0.0,0.0,13.9,79.7,1013.4,52.7,10.1,219.1,19.0,23181,64731,29.9,23.7,26.4,34.7,23.7,27.6,21.8
Scarborough,2025-01-16,83.5,7.213599999999999,16.67,13.9,88.2,1013.8,59.8,8.4,202.4,17.5,23192,64761,28.9,23.0,25.7,33.0,23.0,26.7,22.6
Scarborough,2025-01-17,81.6,5.308599999999999,12.5,15.0,81.6,1014.8,36.0,9.5,224.9,19.4,23201,64792,29.8,23.7,26.3,33.8,23.7,27.8,22.8
Scarborough,2025-01-18,77.4,0.7111999999999999,8.33,20.8,77.2,1015.3,38.8,9.8,204.0,17.6,23209,64822,29.7,24.8,26.7,33.9,24.8,28.3,22.4
Scarborough,2025-01-19,78.4,2.9972,4.17,19.7,89.8,1015.0,48.3,10.1,216.9,18.7,23217,64851,30.7,24.0,26.7,35.8,24.0,28.1,22.6
Scarborough,2025-01-20,76.2,6.7056,8.33,23.0,84.5,1014.7,39.4,9.0,241.9,20.8,23223,64880,29.9,24.2,27.1,34.0,24.2,28.8,22.4
Scarborough,2025-01-21,76.6,0.8128,12.5,21.9,81.1,1014.7,45.2,8.5,219.9,18.8,23228,64909,29.9,24.9,26.7,33.9,24.9,28.1,22.2
Scarborough,2025-01-22,78.7,4.191,16.67,18.3,90.2,1015.1,36.6,8.9,221.4,19.1,23232,64937,30.2,24.2,26.6,34.4,24.2,28.0,22.5
Scarborough,2025-01-23,74.9,2.9972,4.17,13.9,71.6,1014.6,27.1,10.3,239.7,20.8,23235,64965,30.1,24.0,26.8,33.9,24.0,28.1,21.8
Scarborough,2025-01-24,71.5,0.0,0.0,12.8,99.8,1013.4,19.8,10.7,235.6,20.4,23237,64992,30.1,24.9,27.5,34.3,24.9,29.5,21.8
Scarborough,2025-01-25,84.0,31.8008,16.67,18.3,92.7,1014.7,53.8,8.9,225.4,19.4,23238,65019,29.1,23.9,25.9,33.0,23.9,26.6,22.9
Scarborough,2025-01-26,75.4,0.0,0.0,12.8,93.4,1014.8,35.0,11.0,251.7,21.9,23238,65045,29.2,23.1,26.7,33.6,23.1,28.4,21.9
Scarborough,2025-01-27,83.0,10.0838,12.5,16.1,81.3,1013.6,55.8,9.3,227.4,19.5,23237,65070,28.2,23.2,25.8,32.2,23.2,26.8,22.7
Scarborough,2025-01-28,84.9,12.318999999999999,12.5,19.7,89.7,1012.7,46.0,9.3,211.1,18.0,23234,65095,28.8,23.9,26.2,34.2,23.9,28.1,23.4
Scarborough,2025-01-29,84.2,3.9878,8.33,17.7,93.3,1013.7,48.0,9.4,189.9,16.4,23231,65119,29.7,25.2,27.1,35.4,25.2,29.6,24.2
Scarborough,2025-01-30,74.2,0.9905999999999999,4.17,18.3,85.9,1014.7,25.0,9.2,241.0,20.9,23227,65143,30.1,25.0,27.3,34.7,25.0,29.1,22.2
Scarborough,2025-01-31,76.4,0.1016,4.17,19.7,82.5,1014.5,32.6,7.5,238.1,20.6,23221,65166,29.8,24.9,27.1,33.9,24.9,28.9,22.5
Scarborough,2025-02-01,89.1,52.78119999999999,12.5,19.7,67.4,1012.4,73.1,7.4,152.9,13.1,22960,64310,27.8,23.9,25.4,31.5,23.9,26.1,23.4
Scarborough,2025-02-02,75.2,0.0,0.0,15.9,87.4,1012.9,36.2,6.8,243.0,21.0,23207,65211,29.9,23.8,26.7,33.3,23.8,28.2,21.8
Scarborough,2025-02-03,73.9,0.4064,4.17,13.9,98.8,1013.1,57.0,7.4,246.6,21.3,22632,65581,29.9,23.2,26.7,33.2,23.2,27.9,21.6
Scarborough,2025-02-04,71.9,2.0065999999999997,4.17,18.3,80.2,1013.4,65.1,8.6,288.5,25.0,21538,65642,30.8,25.8,27.4,34.2,25.8,29.4,21.8
Scarborough,2025-02-13,75.9,0.7874,4.17,21.5,81.6,1015.0,36.3,8.1,221.2,19.2,23060,65411,29.1,24.1,26.3,32.5,24.1,27.3,21.6
Scarborough,2025-02-14,70.7,0.0,0.0,18.3,76.2,1014.5,47.2,8.2,222.6,19.4,23041,65426,29.9,24.1,26.4,32.3,24.1,27.3,20.6
Scarborough,2025-02-15,76.9,2.8956,12.5,18.3,82.1,1013.1,65.5,7.8,236.3,20.6,23021,65440,29.0,23.7,25.6,32.1,23.7,26.3,21.2
Scarborough,2025-02-16,75.2,0.3048,4.17,17.2,90.3,1013.5,46.3,8.9,229.7,19.7,23000,65453,29.8,24.2,26.8,33.7,24.2,28.1,22.0
Scarborough,2025-02-17,69.9,0.1016,4.17,21.9,85.6,1013.6,31.7,8.0,263.3,22.9,22979,65466,29.7,24.8,26.9,32.1,24.8,27.8,20.8
Scarborough,2025-02-18,74.3,0.0,0.0,17.2,84.2,1013.4,18.3,8.7,260.0,22.5,22956,65478,29.7,23.2,26.6,33.8,23.2,27.9,21.6
Scarborough,2025-02-19,72.6,0.0,0.0,18.3,89.0,1014.3,19.5,9.1,290.1,25.2,22933,65489,30.1,23.1,26.7,33.5,23.1,28.1,21.3
Scarborough,2025-02-20,77.8,1.2953999999999999,8.33,18.3,91.1,1014.7,34.4,7.9,251.0,21.6,22909,65500,30.0,24.2,26.8,34.3,24.2,28.7,22.6
Scarborough,2025-02-21,75.2,0.0,0.0,16.1,89.9,1014.7,17.8,8.2,257.7,22.1,22884,65510,30.2,24.2,27.0,34.6,24.2,28.6,22.2
Scarborough,2025-02-22,76.2,0.0,0.0,12.8,92.6,1014.9,18.3,7.6,269.8,23.4,22859,65520,30.8,23.8,26.6,33.3,23.8,27.8,21.8
Scarborough,2025-02-23,77.8,0.0,0.0,15.4,90.9,1014.2,26.1,8.0,258.5,22.4,22833,65530,29.9,24.0,26.9,34.2,24.0,29.0,22.7
Scarborough,2025-02-24,77.7,0.0,0.0,15.9,110.0,1013.5,23.5,7.5,244.5,21.2,22806,65538,30.1,25.9,27.6,35.2,25.9,30.2,23.3
Scarborough,2025-02-25,74.9,0.0,0.0,18.3,103.7,1013.9,21.2,7.6,279.1,24.2,22778,65547,30.1,25.9,27.6,34.2,25.9,29.8,22.7
Scarborough,2025-02-26,74.8,0.0,0.0,13.9,105.5,1014.7,22.1,7.5,282.5,24.6,22750,65555,30.7,23.8,27.4,35.8,23.8,29.3,22.5
Scarborough,2025-02-27,74.9,0.0,0.0,13.9,105.0,1013.8,33.0,7.1,268.8,23.3,22721,65562,30.1,25.8,27.5,34.9,25.8,29.6,22.6
Scarborough,2025-02-28,73.5,0.2032,8.33,15.0,104.4,1013.0,24.8,6.6,262.5,22.9,22692,65569,31.0,26.0,27.6,36.6,26.0,29.8,22.4
Scarborough,2025-03-01,89.6,22.7838,12.5,9.2,62.2,1012.5,59.4,9.4,184.7,16.0,22983,64343,28.9,23.9,26.0,34.4,23.9,27.5,24.1
Scarborough,2025-03-02,75.8,0.0,0.0,20.8,81.7,1012.0,45.3,6.2,245.6,21.2,23199,65232,30.1,24.8,27.2,35.1,24.8,29.1,22.4
Scarborough,2025-03-03,74.4,0.0,0.0,13.9,97.4,1012.2,26.2,8.2,277.3,24.0,22601,65587,30.1,24.9,27.2,34.7,24.9,29.0,22.2
Scarborough,2025-03-04,71.1,2.0065999999999997,4.17,18.3,67.7,1013.8,58.7,7.9,277.0,23.9,21502,65643,30.0,24.8,26.8,33.3,24.8,27.8,21.1
Scarborough,2025-03-13,77.1,0.0,0.0,12.8,85.9,1013.7,25.6,13.2,279.9,24.2,22266,65623,31.0,23.9,27.2,35.4,23.9,29.3,22.7
Scarborough,2025-03-14,80.6,0.7111999999999999,4.17,16.1,87.0,1012.2,58.3,11.2,200.1,17.2,22231,65625,30.7,24.7,26.7,35.0,24.7,28.4,23.0
Scarborough,2025-03-15,80.4,1.2192,8.33,10.3,116.5,1012.6,59.3,11.8,257.0,22.2,22195,65627,30.2,24.1,27.2,35.4,24.1,29.7,23.4
Scarborough,2025-03-16,78.9,0.0,0.0,10.3,109.0,1013.8,30.5,9.9,269.6,23.2,22159,65628,30.9,26.8,28.3,37.4,29.3,32.4,24.2
Scarborough,2025-03-17,79.8,0.0,0.0,10.3,103.9,1013.8,24.5,7.9,290.0,25.0,22123,65630,30.8,25.6,27.8,37.1,25.6,30.8,23.9
Scarborough,2025-03-18,77.2,0.0,0.0,10.3,122.1,1013.5,46.7,7.9,293.5,25.3,22087,65631,30.0,26.8,28.0,35.1,29.4,31.7,23.6
Scarborough,2025-03-19,76.8,0.0,0.0,16.8,116.7,1013.3,33.8,8.4,303.0,26.2,22051,65632,30.8,26.2,28.2,37.3,26.2,31.9,23.7
Scarborough,2025-03-20,76.0,0.0,0.0,15.0,108.1,1014.7,47.1,8.5,291.4,25.3,22014,65633,31.0,26.9,28.4,37.3,29.5,32.4,23.7
Scarborough,2025-03-21,73.6,0.0,0.0,18.1,97.4,1015.6,57.9,7.7,288.5,24.9,21977,65634,31.0,26.8,28.2,35.7,29.2,31.4,23.0
Scarborough,2025-03-22,72.1,0.0,0.0,18.3,88.0,1016.0,24.2,7.8,271.6,23.6,21941,65635,30.8,25.8,27.8,35.9,25.8,30.2,22.3
Scarborough,2025-03-23,71.2,0.0,0.0,18.3,87.3,1015.1,23.8,8.3,256.0,22.1,21904,65636,30.9,25.8,27.8,36.1,25.8,29.9,22.1
Scarborough,2025-03-24,71.4,0.9905999999999999,4.17,20.1,85.6,1014.9,18.6,8.3,299.2,25.9,21867,65636,30.8,24.7,27.4,34.3,24.7,29.3,21.7
Scarborough,2025-03-25,73.6,0.2032,4.17,24.2,87.7,1015.0,33.5,7.8,285.7,24.7,21830,65637,31.0,24.9,27.3,33.8,24.9,29.2,22.1
Scarborough,2025-03-26,71.8,2.2097999999999995,8.33,18.3,98.6,1014.6,29.4,7.9,269.0,23.3,21794,65638,31.0,26.1,28.1,35.5,26.1,30.7,22.4
Scarborough,2025-03-27,74.7,2.9972,4.17,21.9,99.6,1013.7,47.3,7.2,278.0,24.1,21757,65638,31.0,24.0,27.6,35.5,24.0,29.8,22.6
Scarborough,2025-03-28,73.1,0.0,0.0,16.1,102.4,1013.1,48.6,7.5,259.8,22.4,21720,65639,30.9,25.7,27.7,35.2,25.7,29.8,22.4
Scarborough,2025-03-29,75.2,2.5146,8.33,16.1,88.9,1013.1,59.6,7.5,274.8,23.8,21683,65639,30.9,23.8,26.7,33.6,23.8,28.1,21.9
Scarborough,2025-03-30,78.0,5.5118,12.5,19.7,81.3,1012.3,58.5,8.2,273.4,23.7,21647,65640,29.2,22.2,26.1,33.6,22.2,27.5,21.9
Scarborough,2025-03-31,69.6,0.1016,4.17,19.7,86.5,1012.8,52.9,8.7,299.9,26.1,21610,65641,30.2,24.1,27.2,33.7,24.1,28.7,21.2
Scarborough,2025-04-01,84.5,0.3048,4.17,13.9,85.7,1012.2,32.4,9.1,216.5,18.9,23004,64376,30.1,24.9,27.3,36.5,24.9,30.2,24.4
Scarborough,2025-04-02,72.7,0.0,0.0,17.2,83.0,1012.3,33.8,7.4,252.4,21.9,23189,65253,30.1,24.7,27.1,34.0,24.7,28.4,21.6
Scarborough,2025-04-03,74.8,0.0,0.0,13.9,91.8,1012.0,42.2,8.2,265.7,23.1,22569,65592,30.1,24.1,27.0,35.1,24.1,28.6,22.1
Scarborough,2025-04-04,73.1,0.3048,4.17,19.7,79.5,1014.9,64.2,7.7,245.1,21.2,21466,65644,29.9,23.2,26.4,33.1,23.2,27.4,21.1
Scarborough,2025-04-13,76.1,0.0,0.0,13.9,110.2,1013.2,23.8,8.2,274.3,23.7,21157,65662,30.0,26.0,28.0,35.9,26.0,31.4,23.3
Scarborough,2025-04-14,77.1,0.0,0.0,17.2,88.9,1014.2,23.8,8.3,293.9,25.3,21125,65665,30.9,25.1,27.6,35.5,25.1,30.2,23.2
Scarborough,2025-04-15,83.6,10.998199999999999,8.33,17.2,78.1,1013.4,50.3,8.4,258.0,22.5,21093,65668,29.8,23.7,26.0,34.5,23.7,27.2,22.9
Scarborough,2025-04-16,76.1,0.0,0.0,15.0,101.6,1012.7,32.9,8.6,280.0,24.2,21061,65672,30.2,25.2,27.7,35.4,25.2,30.2,23.0
Scarborough,2025-04-17,75.5,0.0,0.0,19.7,99.5,1013.0,45.2,8.8,262.6,22.8,21030,65676,30.8,26.1,28.1,36.3,26.1,31.6,23.3
Scarborough,2025-04-18,75.0,0.0,0.0,17.2,97.7,1013.1,43.1,7.9,285.2,24.5,20999,65680,30.9,26.8,28.3,37.2,29.2,32.1,23.4
Scarborough,2025-04-19,77.3,0.0,0.0,15.0,96.0,1013.0,44.3,8.2,290.2,24.9,20969,65684,30.9,26.9,28.3,37.4,29.4,32.2,23.8
Scarborough,2025-04-20,77.0,0.0,0.0,11.4,102.7,1012.2,52.0,8.1,252.0,21.7,20939,65689,30.2,25.9,27.9,35.4,25.9,30.9,23.4
Scarborough,2025-04-21,77.1,0.0,0.0,9.2,135.1,1010.4,37.2,7.8,283.6,24.6,20910,65694,30.1,25.1,27.6,36.1,25.1,30.2,23.2
Scarborough,2025-04-22,75.6,0.0,0.0,12.4,125.2,1010.2,35.0,8.3,278.0,23.9,20882,65699,30.7,25.0,27.8,35.9,25.0,30.5,23.0
Scarborough,2025-04-23,78.9,0.0,0.0,13.9,113.4,1011.1,60.8,8.5,254.2,21.9,20854,65705,30.8,27.0,28.3,37.6,29.8,32.7,24.3
Scarborough,2025-04-24,78.1,0.0,0.0,13.9,104.3,1011.3,66.5,8.0,188.6,16.4,20826,65711,30.1,27.2,28.2,36.0,30.4,32.2,24.0
Scarborough,2025-04-25,76.0,0.0,0.0,12.8,103.0,1011.3,46.2,8.3,299.8,25.8,20799,65717,31.1,26.7,28.4,37.4,29.2,32.4,23.8
Scarborough,2025-04-26,73.4,0.2032,4.17,15.0,101.7,1011.4,31.7,8.1,273.1,23.5,20773,65724,31.8,26.0,28.5,37.7,26.0,32.0,23.2
Scarborough,2025-04-27,71.2,0.2032,8.33,15.0,106.3,1012.0,40.3,7.9,269.4,23.3,20748,65731,30.9,26.9,28.4,36.4,29.1,31.7,22.7
Scarborough,2025-04-28,72.6,0.0,0.0,10.3,104.8,1012.7,51.1,7.9,286.4,24.7,20723,65739,30.9,26.1,28.5,36.4,26.1,32.0,23.1
Scarborough,2025-04-29,75.0,0.0,0.0,16.6,102.5,1011.7,66.6,8.3,273.7,23.7,20699,65747,31.1,26.1,28.6,37.7,26.1,32.4,23.6
Scarborough,2025-04-30,78.4,0.0,0.0,10.3,108.1,1011.3,68.1,7.8,289.2,25.1,20675,65755,30.9,25.1,27.8,37.6,25.1,30.7,23.6
Scarborough,2025-05-01,78.2,0.0,0.0,16.1,85.5,1013.1,49.8,8.7,218.8,18.8,23025,64409,30.8,25.7,27.7,36.0,25.7,30.2,23.4
Scarborough,2025-05-02,77.2,0.0,0.0,10.3,108.3,1011.6,55.7,7.8,268.7,23.3,20630,65772,31.1,25.9,28.4,37.6,25.9,32.3,23.9
Scarborough,2025-05-03,90.0,27.9908,16.67,12.8,79.4,1011.9,74.0,6.8,248.7,21.5,20609,65782,28.8,24.9,26.2,34.3,24.9,28.0,24.4
Scarborough,2025-05-04,78.9,4.9784,12.5,18.3,74.4,1015.0,69.4,7.5,249.1,21.4,21431,65646,30.0,23.2,26.0,33.3,23.2,27.1,21.9
Scarborough,2025-05-05,78.9,0.0,0.0,11.4,115.2,1012.2,71.1,7.6,276.6,24.0,20568,65801,30.8,27.1,28.6,37.6,30.1,33.3,24.5
Scarborough,2025-05-06,74.6,0.0,0.0,12.3,100.0,1012.0,40.5,7.6,288.1,24.8,20549,65812,30.9,25.9,28.4,36.4,25.9,31.9,23.4
Scarborough,2025-05-07,75.9,0.0,0.0,10.3,111.2,1012.1,56.5,7.6,271.2,23.3,20530,65822,30.9,25.9,28.2,36.6,25.9,31.6,23.5
Scarborough,2025-05-08,75.1,0.0,0.0,11.4,101.6,1012.8,71.7,7.6,203.8,17.7,20513,65834,29.9,26.9,28.2,35.2,29.5,31.9,23.4
Scarborough,2025-05-09,79.3,10.0076,4.17,13.6,95.3,1013.1,73.2,9.3,243.1,21.0,20496,65845,30.9,25.9,28.1,37.7,25.9,31.7,24.1
Scarborough,2025-05-10,82.9,10.7188,12.5,15.0,98.9,1014.8,70.4,8.4,265.4,23.0,20480,65857,30.1,26.1,27.7,37.2,26.1,31.3,24.5
Scarborough,2025-05-11,74.2,0.0,0.0,15.0,94.5,1014.7,28.7,8.5,295.1,25.5,20464,65869,30.9,25.9,28.4,36.4,25.9,31.6,23.3
Scarborough,2025-05-12,76.7,0.0,0.0,13.9,102.7,1013.9,40.6,8.2,283.1,24.5,20450,65882,31.9,26.1,28.3,39.1,26.1,32.4,23.8
Scarborough,2025-05-13,77.8,0.0,0.0,18.3,91.2,1012.8,27.7,7.8,249.9,21.6,20436,65895,31.1,25.9,28.4,37.7,25.9,32.2,24.1
Scarborough,2025-05-14,84.5,19.5072,16.67,19.7,105.6,1012.5,47.9,6.7,243.6,21.2,20423,65908,31.0,24.9,27.4,38.9,24.9,30.3,24.4
Scarborough,2025-05-15,79.2,0.7874,4.17,18.3,93.7,1012.7,31.8,7.3,274.3,23.7,20411,65921,31.1,27.0,28.6,38.9,30.2,33.3,24.6
Scarborough,2025-05-16,79.6,2.0065999999999997,4.17,17.2,94.3,1012.7,60.3,7.3,282.4,24.4,20400,65935,30.8,25.7,28.3,38.7,25.7,32.3,24.4
Scarborough,2025-05-17,80.0,5.0038,4.17,23.0,98.7,1012.4,72.2,6.5,212.2,18.2,20389,65949,30.9,26.1,28.4,38.9,26.1,33.1,24.6
Scarborough,2025-05-18,78.8,0.0,0.0,15.0,98.5,1013.0,70.2,6.4,238.8,20.5,20380,65964,29.0,27.8,28.1,33.7,31.7,32.2,24.1
Scarborough,2025-05-19,79.5,0.0,0.0,15.0,105.4,1013.2,72.2,6.6,177.7,15.3,20371,65978,30.1,27.0,28.3,36.4,30.2,32.9,24.4
Scarborough,2025-05-20,83.4,2.6161999999999996,8.33,15.0,104.1,1013.2,77.1,7.0,143.8,12.5,20363,65993,29.1,25.9,27.7,34.7,25.9,31.6,24.6
Scarborough,2025-05-21,81.1,0.0,0.0,18.3,86.6,1013.3,69.0,7.3,220.8,19.2,20356,66008,29.9,26.0,27.7,36.2,26.0,31.2,24.2
Scarborough,2025-05-22,77.1,0.0,0.0,17.2,89.9,1013.8,64.1,7.3,225.4,19.5,20349,66024,30.8,26.1,28.5,37.4,26.1,32.7,24.1
Scarborough,2025-05-23,74.7,23.0124,4.17,18.3,93.2,1015.2,68.4,7.3,276.8,23.9,20344,66039,31.0,26.9,28.4,35.7,29.6,32.2,23.4
Scarborough,2025-05-24,77.5,1.778,8.33,17.2,92.9,1015.0,47.8,7.1,267.8,23.2,20339,66055,30.9,26.9,28.3,38.9,29.4,32.5,24.0
Scarborough,2025-05-25,78.7,0.3048,4.17,23.0,90.3,1014.6,64.0,7.2,216.0,18.6,20335,66071,30.8,26.9,28.4,37.4,29.9,32.8,24.3
Scarborough,2025-05-26,76.0,0.0,0.0,18.3,91.6,1015.0,52.8,6.5,245.6,21.2,20332,66088,30.9,27.7,28.8,37.5,31.2,33.3,24.1
Scarborough,2025-05-27,79.1,0.2032,4.17,19.7,88.6,1015.3,56.1,6.5,248.1,21.4,20329,66104,30.8,26.0,27.8,36.3,26.0,31.2,23.8
Scarborough,2025-05-28,82.3,5.0038,8.33,21.9,85.8,1015.7,66.8,6.8,265.9,23.0,20328,66120,30.1,25.9,27.3,36.6,25.9,29.6,23.9
Scarborough,2025-05-29,83.2,6.5024,12.5,20.8,89.9,1015.6,47.8,7.3,200.5,17.5,20327,66137,30.8,24.9,27.9,38.7,24.9,31.9,24.8
Scarborough,2025-05-30,86.3,11.2014,12.5,21.9,90.9,1014.9,68.2,7.5,231.4,19.9,20327,66154,28.9,25.8,27.3,35.6,25.8,30.9,24.8
Scarborough,2025-05-31,78.5,2.0065999999999997,4.17,21.6,93.4,1014.6,68.5,6.4,270.6,23.4,20328,66170,30.1,26.1,28.3,36.3,26.1,32.4,24.2
Scarborough,2025-06-01,77.1,0.0,0.0,13.9,85.9,1013.3,45.0,9.3,232.0,20.3,23044,64442,30.1,24.1,27.2,34.2,24.1,28.9,22.7
Scarborough,2025-06-02,75.7,0.0,0.0,16.1,84.9,1012.7,44.3,9.0,236.0,20.4,23167,65293,30.2,24.8,26.8,34.2,24.8,28.5,22.1
Scarborough,2025-06-03,72.2,0.0,0.0,17.2,99.9,1012.7,47.9,8.8,277.0,24.0,22504,65601,29.9,25.8,27.4,33.8,25.8,28.9,21.9
Scarborough,2025-06-04,87.0,20.193,12.5,17.2,75.8,1013.8,60.7,7.7,240.5,20.7,21396,65647,25.9,23.8,24.9,25.9,23.8,24.9,22.6
Scarborough,2025-06-05,78.1,2.0065999999999997,4.17,17.2,93.2,1013.8,66.8,8.3,240.8,20.8,20342,66254,31.0,25.8,27.8,36.7,25.8,30.7,23.6
Scarborough,2025-06-06,85.0,13.182599999999999,12.5,17.2,81.8,1014.2,78.3,7.4,178.1,15.4,20347,66271,28.9,25.1,26.9,34.2,25.1,28.9,24.1
Scarborough,2025-06-07,79.2,0.1016,4.17,18.3,93.9,1014.3,60.7,7.6,271.0,23.4,20353,66288,30.1,26.9,28.2,36.3,29.9,32.2,24.2
Scarborough,2025-06-08,76.4,0.0,0.0,20.8,83.8,1014.1,33.4,6.0,292.0,25.1,20359,66304,30.1,26.1,28.1,35.3,26.1,31.4,23.4
Scarborough,2025-06-09,79.7,6.400799999999999,8.33,19.7,92.4,1013.9,58.6,5.9,265.8,23.0,20366,66321,30.1,25.1,27.7,36.1,25.1,30.7,23.8
Scarborough,2025-06-10,87.2,71.0946,16.67,17.2,86.8,1014.5,79.5,5.9,192.2,16.6,20374,66337,28.1,24.0,26.5,32.0,24.0,28.6,24.2
Scarborough,2025-06-11,89.1,28.498800000000003,12.5,17.2,86.0,1014.6,74.2,6.1,156.0,13.3,20382,66353,27.8,24.1,25.8,31.7,24.1,26.8,23.9
Scarborough,2025-06-12,83.3,26.695399999999996,12.5,23.0,81.5,1014.4,72.3,7.0,190.1,16.4,20391,66369,29.0,23.9,26.8,33.7,23.9,28.6,23.7
Scarborough,2025-06-13,78.2,6.5024,8.33,23.0,85.3,1014.6,69.2,7.0,208.5,18.2,20400,66385,29.1,25.8,27.6,33.7,25.8,30.3,23.4
Scarborough,2025-06-14,78.3,0.9905999999999999,4.17,18.3,84.2,1015.8,61.0,7.0,250.3,21.5,20410,66400,29.9,24.1,27.4,35.9,24.1,29.9,23.2
Scarborough,2025-06-15,79.7,1.9049999999999998,12.5,16.1,84.7,1016.8,31.3,7.2,268.6,23.3,20420,66415,29.9,25.1,27.4,35.1,25.1,30.2,23.6
Scarborough,2025-06-16,78.2,0.0,0.0,18.3,88.2,1015.5,23.5,7.3,266.3,22.9,20431,66430,30.1,25.1,27.8,35.3,25.1,31.2,23.7
Scarborough,2025-06-17,80.3,0.0,0.0,15.0,92.8,1015.0,37.1,7.5,256.1,22.1,20442,66444,30.1,26.9,28.2,37.1,29.8,32.7,24.5
Scarborough,2025-06-18,80.2,4.495799999999999,8.33,13.9,89.4,1015.3,66.8,8.0,246.2,21.2,20454,66458,29.96666666666667,25.1,28.7,58.0,25.1,31.7,24.3
Scarborough,2025-06-19,81.1,0.4064,8.33,20.8,87.1,1014.9,70.3,7.6,241.6,20.9,20466,66472,30.8,26.1,27.9,38.6,26.1,31.9,24.4
Scarborough,2025-06-20,76.3,0.3048,4.17,23.0,83.2,1014.9,60.5,7.3,263.9,22.7,20479,66486,29.9,25.9,28.1,34.9,25.9,31.6,23.5
Scarborough,2025-06-21,75.4,0.2032,4.17,19.7,84.7,1014.5,60.6,7.4,254.8,22.0,20492,66499,30.8,26.9,28.2,36.4,29.4,31.9,23.4
Scarborough,2025-06-22,84.4,8.102599999999999,8.33,17.2,79.4,1012.8,68.0,7.0,207.6,18.0,20505,66511,30.8,25.0,26.9,37.4,25.0,28.7,23.9
Scarborough,2025-06-23,83.0,3.1241999999999996,12.5,20.8,92.5,1013.1,67.1,6.9,240.1,20.8,20519,66523,30.1,25.1,27.7,36.2,25.1,30.8,24.4
Scarborough,2025-06-24,77.3,0.0,0.0,24.2,87.5,1014.6,68.2,7.1,261.3,22.5,20533,66534,30.1,26.1,28.3,36.2,26.1,32.2,23.9
Scarborough,2025-06-25,76.0,0.0,0.0,21.9,84.8,1014.4,48.4,7.1,230.1,19.8,20547,66545,30.1,26.9,28.3,36.1,29.4,32.2,23.7
Scarborough,2025-06-26,75.5,0.0,0.0,17.2,86.0,1014.2,43.8,7.1,288.1,24.8,20562,66556,30.1,26.0,27.9,35.1,26.0,30.9,23.2
Scarborough,2025-06-27,80.9,2.9972,4.17,17.7,83.7,1014.4,54.3,8.1,267.3,23.1,20576,66566,31.1,25.1,27.4,36.9,25.1,29.9,23.8
Scarborough,2025-06-28,85.7,2.413,8.33,8.1,103.4,1014.0,54.2,9.0,252.2,21.7,20591,66575,30.0,25.1,27.4,37.3,25.1,30.9,24.8
Scarborough,2025-06-29,89.7,43.992799999999995,16.67,16.1,86.8,1014.5,72.9,6.9,221.7,19.1,20606,66584,28.9,24.1,26.4,35.3,24.1,28.7,24.6
Scarborough,2025-06-30,78.4,0.0,0.0,19.7,88.1,1015.3,41.7,7.6,291.6,25.1,20622,66592,30.1,26.0,27.9,35.2,26.0,31.1,23.8
Scarborough,2025-07-01,75.1,0.0,0.0,10.3,106.9,1013.0,24.4,9.3,237.1,20.4,23063,64475,30.1,25.0,27.8,35.1,25.0,30.5,22.9
Scarborough,2025-07-02,76.5,0.0,0.0,18.3,79.1,1012.3,55.7,7.9,238.1,20.7,23155,65311,30.1,23.8,26.7,34.7,23.8,28.2,22.1
Scarborough,2025-07-03,80.4,0.2032,4.17,15.0,91.9,1015.1,50.6,8.1,218.8,18.9,20668,66612,30.0,25.9,27.9,36.2,25.9,31.2,24.2
Scarborough,2025-07-04,83.8,4.013199999999999,8.33,9.2,109.9,1016.1,70.0,9.0,175.3,15.1,20684,66618,29.9,25.0,27.5,37.2,25.0,30.6,24.4
Scarborough,2025-07-05,81.9,0.3048,4.17,10.8,74.0,1016.1,54.1,9.1,244.1,21.2,20700,66623,30.1,25.1,27.5,36.4,25.1,30.4,24.1
Scarborough,2025-07-06,82.3,27.9908,8.33,12.8,74.5,1015.5,41.5,7.8,265.3,22.7,20716,66627,28.1,23.9,26.1,32.8,23.9,27.1,22.8
Scarborough,2025-07-07,83.5,11.4046,12.5,17.2,83.3,1015.0,36.9,8.5,263.0,22.7,20731,66630,29.1,24.1,26.6,34.5,24.1,28.5,23.5
Scarborough,2025-07-08,84.1,6.095999999999999,12.5,18.3,83.3,1015.6,63.0,8.5,128.5,11.1,20747,66632,30.1,24.9,26.8,35.3,24.9,28.6,23.9
Scarborough,2025-07-09,80.8,1.2192,8.33,16.1,90.0,1015.6,38.8,8.3,250.6,21.5,20763,66634,30.1,25.8,27.7,36.4,25.8,30.6,24.1
Scarborough,2025-07-10,87.0,35.0012,8.33,12.8,85.4,1015.2,56.0,8.0,240.4,20.7,20778,66635,29.9,25.0,26.7,36.2,25.0,28.8,24.3
Scarborough,2025-07-11,83.3,7.416799999999999,8.33,11.4,100.7,1015.5,62.4,8.6,234.7,20.3,20794,66635,29.9,26.0,27.7,36.2,26.0,31.6,24.6
Scarborough,2025-07-12,78.3,0.9905999999999999,4.17,13.9,82.4,1015.8,52.9,8.0,242.1,20.8,20809,66635,31.0,25.9,28.1,37.3,25.9,31.2,23.8
Scarborough,2025-07-13,79.3,0.0,0.0,12.8,88.3,1015.7,34.9,7.7,286.6,24.8,20825,66633,30.1,25.1,27.8,36.3,25.1,30.8,23.8
Scarborough,2025-07-14,77.0,0.0,0.0,13.9,88.4,1016.3,22.8,8.8,295.9,25.4,20840,66631,30.8,24.9,27.6,36.3,24.9,30.0,23.1
Scarborough,2025-07-15,86.2,0.2032,4.17,10.5,55.9,1015.1,56.8,9.2,232.7,20.1,20855,66628,28.8,25.1,26.8,34.4,25.1,29.4,24.3
Scarborough,2025-07-16,78.8,0.0,0.0,12.8,93.6,1014.0,41.6,9.5,292.9,25.3,20869,66624,30.8,24.9,28.1,37.4,24.9,30.9,23.9
Scarborough,2025-07-17,82.4,10.998199999999999,8.33,19.5,80.4,1014.0,51.3,8.3,255.6,22.1,20884,66620,30.9,25.1,27.8,37.7,25.1,31.1,24.4
Scarborough,2025-07-18,84.5,3.2003999999999997,8.33,15.0,88.8,1014.8,57.2,7.8,163.6,14.1,20898,66614,30.1,25.0,27.0,36.4,25.0,29.2,24.1
Scarborough,2025-07-19,85.8,16.7132,12.5,17.2,83.3,1014.8,57.9,8.3,234.5,20.4,20912,66608,30.1,25.1,27.2,37.7,25.1,29.9,24.6
Scarborough,2025-07-20,79.2,21.4122,8.33,13.9,94.3,1014.9,58.2,8.7,246.4,21.2,20926,66600,30.8,24.1,27.8,37.3,24.1,30.8,23.7
Scarborough,2025-07-21,79.2,0.0,0.0,17.2,89.8,1013.3,32.7,8.9,260.9,22.5,20940,66592,30.8,25.1,28.1,37.6,25.1,31.8,24.2
Scarborough,2025-07-22,81.1,2.0065999999999997,4.17,13.9,96.8,1013.1,35.7,7.9,246.2,21.3,20953,66583,30.9,25.1,28.1,38.8,25.1,31.7,24.4
Scarborough,2025-07-23,82.5,15.011399999999998,4.17,13.9,103.4,1014.6,62.7,8.1,207.1,17.9,20966,66573,30.8,25.9,28.3,39.1,25.9,33.1,25.0
Scarborough,2025-07-24,79.2,0.0,0.0,16.1,83.3,1014.6,65.5,7.3,231.9,20.0,20979,66563,30.1,26.1,28.0,36.2,26.1,31.7,24.0
Scarborough,2025-07-25,78.1,0.0,0.0,16.1,84.3,1012.6,53.3,7.0,253.2,21.9,20991,66551,31.8,25.9,28.3,37.8,25.9,31.7,24.0
Scarborough,2025-07-26,83.1,0.9905999999999999,4.17,10.3,132.6,1012.5,71.4,8.5,254.2,22.0,21003,66539,30.9,25.1,28.3,39.1,25.1,33.2,25.1
Scarborough,2025-07-27,80.3,2.0065999999999997,4.17,15.2,96.2,1013.9,37.3,8.7,270.5,23.2,21014,66526,30.9,27.0,28.7,38.7,30.2,34.0,24.9
Scarborough,2025-07-28,85.7,3.9878,4.17,13.9,90.9,1014.6,40.2,7.4,251.5,21.7,21026,66512,30.1,25.1,27.7,38.7,25.1,31.8,25.1
Scarborough,2025-07-29,78.4,3.9878,4.17,12.8,74.7,1014.8,28.6,8.9,291.2,25.1,21037,66497,30.9,25.9,27.9,37.5,25.9,31.1,23.7
Scarborough,2025-07-30,76.6,0.0,0.0,10.3,101.4,1014.7,24.7,8.6,294.5,25.3,21047,66481,30.1,24.9,27.8,35.9,24.9,30.9,23.3
Scarborough,2025-07-31,77.8,0.0,0.0,15.0,88.1,1015.5,48.3,9.5,283.3,24.4,21057,66464,31.0,25.1,28.2,37.4,25.1,31.7,23.9
Scarborough,2025-08-01,75.5,1.1938,8.33,11.4,94.5,1013.2,18.3,9.0,243.4,21.2,23081,64507,30.1,24.8,27.1,34.7,24.8,28.8,22.3
Scarborough,2025-08-02,78.3,0.0,0.0,10.3,54.4,1012.8,61.0,9.0,245.2,21.3,23141,65330,30.1,23.9,26.2,33.2,23.9,27.4,22.1
Scarborough,2025-08-03,80.3,0.0,0.0,11.4,88.4,1014.6,39.5,8.8,275.3,23.7,21085,66409,31.1,25.1,28.5,39.1,25.1,32.8,24.7
Scarborough,2025-08-04,79.2,0.3048,8.33,16.1,83.8,1014.6,31.7,8.3,244.6,21.1,21094,66390,31.1,26.1,28.8,39.1,26.1,33.6,24.7
Scarborough,2025-08-05,76.1,0.4064,4.17,17.2,77.9,1015.5,45.9,8.0,259.1,22.4,21102,66369,31.9,26.1,28.7,37.9,26.1,32.7,24.0
Scarborough,2025-08-06,80.5,6.1975999999999996,8.33,10.3,50.3,1015.1,64.6,7.3,261.5,22.7,21110,66347,30.1,24.9,27.6,36.4,24.9,30.7,23.9
Scarborough,2025-08-07,87.7,14.985999999999999,16.67,18.3,79.9,1012.7,74.3,6.7,215.1,18.5,21117,66325,30.9,24.1,26.6,37.5,24.1,28.4,24.3
Scarborough,2025-08-08,83.5,1.2953999999999999,8.33,17.2,89.3,1012.5,65.0,7.6,251.4,21.7,21124,66302,30.1,25.8,27.9,37.6,25.8,31.9,24.8
Scarborough,2025-08-09,82.8,8.001,8.33,11.4,107.9,1014.1,62.9,8.1,244.1,21.3,21131,66279,29.9,25.1,27.5,36.2,25.1,30.9,24.3
Scarborough,2025-08-10,83.0,3.9878,4.17,11.4,71.1,1014.7,57.5,8.4,194.9,16.9,21137,66254,30.1,24.9,26.9,36.3,24.9,28.9,23.8
Scarborough,2025-08-11,81.2,2.0065999999999997,4.17,11.4,79.0,1013.8,31.7,8.4,271.8,23.3,21143,66229,30.9,24.9,28.1,37.6,24.9,32.0,24.4
Scarborough,2025-08-12,77.7,0.0,0.0,17.2,82.4,1013.0,33.7,6.8,265.0,23.1,21148,66203,31.1,25.9,28.7,39.4,25.9,33.0,24.3
Scarborough,2025-08-13,74.8,0.1016,4.17,14.3,86.4,1012.2,29.2,8.6,281.4,24.2,21153,66176,30.9,25.8,28.3,37.6,25.8,31.5,23.3
Scarborough,2025-08-14,81.6,0.0,0.0,8.1,103.8,1012.7,36.4,8.9,255.0,22.2,21158,66149,30.9,25.1,28.3,38.7,25.1,32.6,24.8
Scarborough,2025-08-15,84.0,5.0038,8.33,11.4,148.3,1013.1,58.8,9.2,256.7,22.3,21162,66121,30.1,24.9,27.7,37.7,24.9,31.8,24.7
Scarborough,2025-08-16,82.0,0.0,0.0,10.3,166.6,1012.2,55.4,10.0,271.4,23.7,21166,66092,30.1,26.9,28.7,37.7,30.3,34.3,25.3
Scarborough,2025-08-17,79.8,7.010400000000001,4.17,15.0,125.5,1012.4,47.6,9.0,253.5,21.9,21169,66063,31.9,26.0,29.1,40.4,26.0,34.8,25.2
Scarborough,2025-08-18,77.9,0.9143999999999999,8.33,9.2,109.2,1013.8,54.0,8.3,251.0,21.7,21172,66033,31.1,26.9,29.1,38.9,30.3,34.3,24.8
Scarborough,2025-08-19,76.6,0.0,0.0,12.1,88.5,1013.8,31.1,9.5,271.9,23.5,21175,66003,31.8,26.0,28.8,39.0,26.0,32.9,24.2
Scarborough,2025-08-20,75.4,0.0,0.0,18.3,72.2,1013.0,48.6,8.0,274.0,23.7,21177,65971,32.0,26.9,29.1,39.3,30.1,33.6,24.1
Scarborough,2025-08-21,78.8,0.0,0.0,9.2,105.6,1011.7,57.0,7.2,259.0,22.1,21179,65940,30.9,25.9,28.4,37.7,25.9,32.8,24.3
Scarborough,2025-08-22,79.2,0.0,0.0,9.2,117.1,1012.3,38.4,8.9,241.5,20.7,21181,65907,31.9,26.9,29.4,41.8,30.3,35.6,25.3
Scarborough,2025-08-23,80.9,21.005799999999997,4.17,17.6,79.2,1013.3,41.1,8.2,257.1,22.2,21182,65875,32.1,25.0,28.6,40.9,25.0,33.2,24.8
Scarborough,2025-08-24,83.4,0.9143999999999999,8.33,11.4,63.4,1012.8,67.9,7.7,237.6,20.4,21183,65841,30.9,26.0,27.8,37.7,26.0,31.8,24.7
Scarborough,2025-08-25,82.8,3.0479999999999996,62.5,19.7,106.0,1013.1,60.9,5.9,246.7,21.3,21184,65808,32.0,25.0,28.3,42.3,25.0,33.1,25.1
Scarborough,2025-08-26,81.1,7.492999999999999,75.0,12.8,90.4,1014.3,46.6,6.3,258.9,22.5,21184,65773,31.0,25.0,28.1,37.8,25.0,31.8,24.4
Scarborough,2025-08-27,80.2,4.0386,37.5,10.3,122.4,1015.5,64.6,6.0,259.2,22.5,21184,65738,31.0,27.0,28.8,39.1,30.1,34.3,25.1
Scarborough,2025-08-28,84.9,4.9276,37.5,11.4,55.8,1015.9,55.4,6.1,244.8,21.1,21184,65703,31.0,26.0,27.8,39.1,26.0,31.8,24.9
Scarborough,2025-08-29,83.5,9.9314,83.33,11.4,65.8,1013.0,57.2,6.2,202.3,17.5,21183,65668,31.0,26.0,28.6,39.1,26.0,33.8,25.4
Scarborough,2025-08-30,79.5,1.6256,41.67,15.0,89.3,1011.5,38.1,6.2,249.4,21.5,21183,65632,31.9,26.9,28.7,40.5,29.5,33.6,24.7
Scarborough,2025-08-31,84.0,2.54,66.67,13.9,95.5,1012.7,36.0,6.0,246.2,21.4,21182,65595,30.9,24.9,27.8,40.5,24.9,31.8,24.8
Scarborough,2025-09-01,81.4,3.1496,58.33,10.3,105.7,1012.8,40.7,6.1,249.5,21.9,21180,65558,30.9,26.9,28.4,38.9,29.9,33.4,24.9
Scarborough,2025-09-02,78.8,1.8287999999999998,45.83,15.0,103.6,1013.4,30.2,6.3,271.3,23.3,21179,65521,31.1,25.9,28.9,39.3,25.9,34.1,24.8
Scarborough,2025-09-03,80.5,13.030199999999999,66.67,11.4,85.1,1013.2,39.3,6.0,228.0,19.6,21177,65484,31.0,26.0,28.1,37.8,26.0,31.9,24.3
Scarborough,2025-09-04,79.3,6.7818,79.17,13.9,109.2,1013.0,39.6,6.1,252.9,21.8,21175,65446,30.0,26.0,28.6,37.4,26.0,33.4,24.6
Scarborough,2025-09-05,77.5,9.652,75.0,13.9,98.0,1013.4,48.2,6.2,260.0,22.4,21173,65408,32.0,27.0,29.1,40.7,30.1,34.3,24.7
Scarborough,2025-09-06,80.0,4.1402,58.33,15.0,102.8,1013.6,65.7,6.2,244.9,21.3,21171,65370,31.0,26.0,27.7,39.1,26.0,30.9,23.9
Scarborough,2025-09-07,78.7,4.9022,33.33,9.2,98.7,1014.3,38.7,6.2,266.0,22.9,21169,65331,31.0,26.0,28.3,37.8,26.0,32.2,24.2
Scarborough,2025-09-08,78.2,0.1016,4.17,9.2,95.9,1014.1,24.4,6.8,285.5,24.7,21166,65292,31.0,25.0,28.3,37.8,25.0,31.8,24.0
Scarborough,2025-09-09,79.5,1.2192,37.5,10.3,89.0,1014.5,34.4,6.3,261.2,22.6,21164,65253,32.0,25.0,28.5,39.1,25.0,32.5,24.5
Scarborough,2025-09-10,78.7,1.7272,45.83,12.8,90.3,1013.9,31.7,6.2,251.3,21.7,21161,65214,32.0,26.0,28.9,40.7,26.0,34.1,24.8
Scarborough,2025-09-11,81.8,11.557,70.83,11.4,85.1,1012.8,61.8,5.8,218.1,18.9,21158,65175,31.0,26.0,28.2,39.1,26.0,32.5,24.7
Scarborough,2025-09-12,80.7,4.521199999999999,41.67,6.9,88.4,1012.3,45.9,6.2,253.2,21.9,21155,65135,31.0,26.0,28.6,39.1,26.0,33.3,24.8
Scarborough,2025-09-13,82.8,6.0706,70.83,13.9,123.7,1011.9,60.7,6.2,223.3,19.4,21152,65095,31.0,26.0,28.6,40.7,26.0,33.7,25.3
Scarborough,2025-09-14,84.3,8.3058,62.5,9.2,114.6,1011.8,72.8,5.9,214.5,18.7,21149,65056,31.0,25.0,28.1,39.1,25.0,32.3,25.1
Scarborough,2025-09-15,82.9,7.823199999999999,50.0,10.3,85.7,1012.3,34.8,6.2,265.1,22.9,21146,65016,30.0,26.0,28.1,37.4,26.0,32.5,24.8
Scarborough,2025-09-16,84.3,4.826,62.5,13.9,95.5,1011.2,47.7,6.1,249.9,21.4,21143,64976,31.0,26.0,28.1,39.1,26.0,32.2,25.1
Scarborough,2025-09-17,80.0,0.508,20.83,10.3,92.3,1010.7,58.8,6.2,279.4,24.0,21140,64936,31.0,26.0,28.6,40.7,26.0,33.3,24.7
Scarborough,2025-09-18,80.9,0.1016,4.17,8.1,97.9,1011.1,61.5,6.2,260.0,22.5,21137,64896,32.0,27.0,29.1,42.3,30.6,35.0,25.4
Scarborough,2025-09-19,79.5,2.54,41.67,8.1,112.6,1012.5,62.8,6.2,251.1,21.7,21134,64857,32.0,27.0,29.4,40.7,30.6,35.4,25.4
Scarborough,2025-09-20,79.2,5.7658,70.83,10.3,114.6,1013.5,46.3,6.1,253.1,22.0,21131,64817,31.0,27.0,29.2,40.7,29.7,35.2,25.2
Scarborough,2025-09-21,80.0,0.7111999999999999,20.83,13.9,93.9,1012.7,39.3,6.0,282.7,24.5,21129,64777,32.0,26.0,28.8,40.7,26.0,33.3,24.9
Scarborough,2025-09-22,77.4,1.9304,58.33,12.8,79.1,1011.6,40.7,6.2,260.1,22.4,21126,64737,32.0,25.0,29.1,40.7,25.0,34.2,24.6
Scarborough,2025-09-23,80.3,11.7094,62.5,11.4,115.3,1011.8,53.9,6.6,185.1,16.0,21123,64698,32.0,27.0,29.1,42.3,30.1,35.1,25.3
Scarborough,2025-09-24,76.6,0.6096,25.0,11.4,122.5,1013.8,52.4,6.6,253.8,22.0,21121,64659,32.0,28.0,29.9,40.7,32.7,36.3,25.3
Scarborough,2025-09-25,74.9,0.0,0.0,9.2,117.7,1014.1,29.0,6.2,286.4,24.7,21119,64619,32.0,28.0,29.7,40.7,31.9,35.5,24.8
Scarborough,2025-09-26,78.8,0.2032,8.33,9.2,118.7,1012.9,48.6,6.2,269.6,23.2,21116,64580,32.0,27.0,29.1,40.7,29.7,34.8,25.1
Scarborough,2025-09-27,76.0,1.2192,45.83,10.3,107.9,1012.0,37.9,6.2,264.5,22.9,21114,64541,32.0,27.0,29.7,40.7,30.1,35.5,24.9
Scarborough,2025-09-28,78.0,7.7216,54.17,12.8,112.5,1013.6,39.0,6.2,242.6,21.0,21113,64503,32.0,26.0,29.1,40.7,26.0,34.4,24.8
Scarborough,2025-09-29,79.5,2.1336,54.17,12.8,102.2,1013.9,59.5,6.0,223.1,19.3,21111,64464,31.9,26.0,28.6,39.1,26.0,33.3,24.6
Scarborough,2025-09-30,78.6,0.1016,4.17,9.2,82.9,1013.4,44.0,6.6,264.1,22.8,21110,64426,32.0,25.0,28.2,39.2,25.0,31.5,24.0
Scarborough,2025-10-01,80.3,0.2032,4.17,6.9,109.1,1013.3,27.4,6.2,273.0,23.5,21109,64388,32.0,26.0,28.8,40.7,26.0,33.8,25.0
Scarborough,2025-10-02,76.3,0.3048,4.17,19.7,77.1,1013.8,53.1,8.4,223.7,19.2,23112,65364,29.1,24.0,26.2,32.1,24.0,27.2,21.6
Scarborough,2025-10-03,80.2,1.4986,16.67,8.1,106.9,1011.3,57.3,6.2,263.8,22.8,21107,64314,32.0,26.0,28.8,40.7,26.0,33.9,24.9
Scarborough,2025-10-04,78.2,0.0,0.0,13.9,102.3,1014.1,37.1,8.2,280.6,24.4,21257,65654,30.1,26.2,27.9,36.2,26.2,31.4,23.7
Scarborough,2025-10-05,76.7,0.0,0.0,6.9,120.4,1011.8,35.6,6.2,284.8,24.6,21107,64240,32.0,26.0,29.1,39.2,26.0,33.7,24.4
Scarborough,2025-10-06,75.0,0.0,0.0,8.1,138.4,1010.7,40.0,6.2,280.3,24.3,21108,64204,32.0,27.0,29.4,40.7,30.1,34.6,24.4
Scarborough,2025-10-07,83.2,4.419599999999999,33.33,8.1,89.7,1010.7,45.4,6.2,198.0,17.0,21108,64169,32.0,27.0,28.3,40.7,30.1,33.2,25.1
Scarborough,2025-10-08,82.0,8.839199999999998,54.17,6.9,108.9,1010.5,46.8,6.2,228.1,19.7,21110,64134,33.0,26.0,28.8,42.3,26.0,33.8,25.3
Scarborough,2025-10-09,81.2,1.6256,25.0,11.4,153.8,1011.0,59.8,6.0,245.9,21.3,21111,64099,32.0,26.0,29.4,40.7,26.0,35.8,25.8
Scarborough,2025-10-10,78.6,5.842,75.0,12.8,119.5,1012.6,64.3,6.2,203.9,17.6,21113,64065,32.0,27.0,29.3,40.7,30.1,35.2,25.2
Scarborough,2025-10-11,81.1,6.324599999999999,54.17,11.4,97.1,1011.8,67.2,6.1,227.5,19.6,21115,64031,32.0,26.0,28.6,40.7,26.0,33.4,24.9
Scarborough,2025-10-12,80.7,8.839199999999998,83.33,12.8,88.6,1010.5,52.5,6.2,253.5,21.9,21118,63998,32.0,26.0,28.1,39.2,26.0,31.8,24.4
Scarborough,2025-10-13,80.3,10.4394,75.0,11.4,90.6,1010.3,64.9,6.2,165.1,14.2,21122,63966,32.0,25.0,28.3,37.9,25.0,32.1,24.4
Scarborough,2025-10-14,77.1,5.1054,41.67,9.2,111.6,1009.7,65.0,6.2,225.8,19.4,21125,63934,32.0,27.0,29.2,40.7,30.1,34.6,24.8
Scarborough,2025-10-15,76.5,0.0,0.0,9.2,137.6,1009.9,53.0,6.2,262.0,22.6,21130,63903,32.0,27.0,29.5,40.7,30.1,35.2,24.9
Scarborough,2025-10-16,76.1,0.0,0.0,12.8,141.9,1010.3,56.5,6.2,249.2,21.6,21134,63872,32.0,29.0,29.9,40.7,34.6,36.2,25.2
Scarborough,2025-10-17,75.5,0.0,0.0,11.4,122.6,1011.3,51.9,6.2,264.3,22.8,21140,63842,32.0,28.0,29.8,40.7,31.9,35.9,25.0
Scarborough,2025-10-18,82.1,12.420599999999999,58.33,20.8,66.0,1012.4,64.1,6.1,155.0,13.5,21145,63813,29.0,25.0,26.9,34.6,25.0,29.2,23.6
Scarborough,2025-10-19,87.4,20.32,87.5,15.0,94.2,1012.2,70.8,5.9,185.2,16.0,21152,63785,30.0,24.0,26.5,36.2,24.0,28.0,24.2
Scarborough,2025-10-20,82.7,21.8948,91.67,16.1,98.2,1012.5,61.0,6.0,205.5,17.7,21159,63757,32.0,25.0,27.8,40.7,25.0,31.2,24.6
Scarborough,2025-10-21,79.6,1.016,41.67,17.2,84.0,1011.7,62.8,6.3,249.7,21.7,21166,63730,31.0,25.0,28.1,37.8,25.0,31.4,24.2
Scarborough,2025-10-22,84.4,3.0479999999999996,70.83,16.1,107.7,1011.3,63.1,6.0,233.4,20.2,21174,63704,31.0,25.0,27.6,39.1,25.0,30.6,24.6
Scarborough,2025-10-23,82.2,1.5239999999999998,62.5,11.4,113.5,1011.9,35.4,6.2,249.4,21.7,21183,63678,31.0,26.0,28.7,39.1,26.0,34.2,25.3
Scarborough,2025-10-24,79.5,2.032,50.0,10.3,109.7,1011.9,39.1,6.2,230.4,19.9,21192,63654,31.0,27.0,29.1,39.1,30.1,34.8,25.1
Scarborough,2025-10-25,80.8,4.1655999999999995,50.0,14.3,99.7,1011.7,38.9,7.0,193.9,16.7,21202,63630,31.0,25.0,28.3,39.1,25.0,32.8,24.6
Scarborough,2025-10-26,82.1,4.419599999999999,41.67,12.8,91.9,1011.0,52.2,5.7,231.7,20.1,21212,63607,31.0,24.0,27.9,39.1,24.0,31.9,24.6
Scarborough,2025-10-27,78.6,1.8033999999999997,20.83,13.9,101.8,1010.5,36.6,6.2,257.5,22.4,21223,63585,31.0,27.0,29.0,39.1,30.1,34.4,24.9
Scarborough,2025-10-28,78.6,0.6096,20.83,15.7,112.4,1012.1,51.6,6.5,255.8,22.3,21235,63564,31.0,26.0,28.8,39.1,26.0,33.8,24.7
Scarborough,2025-10-29,83.1,0.7111999999999999,16.67,9.2,119.5,1013.2,52.4,6.5,248.0,21.6,21247,63543,31.0,27.0,28.6,39.1,30.6,34.1,25.4
Scarborough,2025-10-30,82.3,11.937999999999999,62.5,6.9,108.6,1012.8,39.9,6.2,217.3,18.8,21260,63524,31.0,26.0,28.4,39.1,26.0,33.3,25.1
Scarborough,2025-10-31,86.3,13.334999999999999,75.0,10.3,118.7,1012.8,64.0,5.9,161.8,13.9,21274,63506,30.0,25.0,27.2,37.4,25.0,30.4,24.7
Scarborough,2025-11-01,77.9,1.0921999999999998,8.33,13.9,87.0,1013.0,43.1,9.3,227.8,19.8,23130,64605,30.2,23.8,26.9,34.7,23.8,28.7,22.6
Scarborough,2025-11-02,71.8,0.0,0.0,21.7,80.2,1012.8,49.1,8.5,256.6,22.2,23095,65381,29.7,23.9,26.4,32.8,23.9,27.3,20.8
Scarborough,2025-11-03,74.4,0.0,0.0,13.9,95.3,1013.3,45.7,12.1,259.6,22.4,22336,65618,30.0,24.1,26.9,33.8,24.1,28.6,21.9
Scarborough,2025-11-04,76.6,0.0,0.0,15.0,97.4,1013.3,23.0,8.2,278.6,24.0,21224,65657,31.0,26.2,27.8,36.6,26.2,30.6,23.3
Scarborough,2025-11-05,81.1,3.6067999999999993,45.83,9.2,73.8,1013.6,54.7,6.2,233.3,20.0,21352,63428,32.0,25.0,27.9,37.8,25.0,30.8,24.1
Scarborough,2025-11-06,83.2,7.264399999999999,79.17,18.3,82.0,1012.2,61.0,6.2,224.6,19.3,21370,63416,31.0,25.0,28.0,39.1,25.0,32.1,24.8
Scarborough,2025-11-07,86.9,19.2024,83.33,15.0,106.2,1011.7,66.4,6.0,178.2,15.5,21388,63405,31.0,24.0,26.6,36.6,24.0,28.2,24.2
Scarborough,2025-11-08,82.4,2.1336,58.33,17.2,97.6,1011.7,63.7,6.6,220.6,19.0,21407,63394,31.0,26.0,27.9,39.1,26.0,32.1,24.6
Scarborough,2025-11-09,76.1,0.0,0.0,21.9,92.0,1012.7,35.1,6.1,243.2,21.0,21427,63385,30.0,26.0,28.2,35.1,26.0,31.8,23.6
Scarborough,2025-11-10,77.0,0.1016,4.17,18.3,84.4,1012.9,36.6,6.2,240.3,20.8,21447,63377,30.0,26.0,28.2,35.1,26.0,31.5,23.7
Scarborough,2025-11-11,82.1,2.3367999999999998,66.67,15.0,79.7,1012.8,40.2,6.0,210.3,18.1,21468,63370,30.0,26.0,27.6,36.2,26.0,30.7,24.2
Scarborough,2025-11-12,76.1,0.8128,16.67,15.0,77.8,1012.7,26.3,6.2,248.5,21.5,21490,63364,30.0,25.0,27.6,35.1,25.0,29.8,22.9
Scarborough,2025-11-13,78.5,0.0,0.0,16.1,78.5,1012.0,25.0,6.2,252.3,21.9,21512,63359,30.0,25.0,27.5,36.2,25.0,29.9,23.3
Scarborough,2025-11-14,77.9,1.016,37.5,15.2,86.5,1012.1,25.7,6.6,236.4,20.3,21535,63355,31.0,24.0,27.6,36.6,24.0,30.5,23.3
Scarborough,2025-11-15,82.3,3.4544,66.67,15.0,97.3,1010.8,50.0,6.2,183.4,15.9,21558,63352,30.0,24.0,27.2,36.2,24.0,29.8,23.9
Scarborough,2025-11-16,82.1,9.372599999999998,79.17,8.1,114.0,1011.1,49.8,6.2,195.0,16.8,21582,63350,30.0,26.0,28.1,37.4,26.0,32.6,24.7
Scarborough,2025-11-17,82.2,5.0292,37.5,15.0,86.6,1013.2,46.7,6.7,187.1,16.1,21607,63350,31.0,25.0,28.0,39.1,25.0,31.6,24.6
Scarborough,2025-11-18,83.3,11.6332,79.17,13.9,84.6,1013.4,41.3,6.7,212.1,18.4,21632,63350,31.0,25.0,27.4,39.1,25.0,30.1,24.3
Scarborough,2025-11-19,85.5,11.2522,91.67,17.2,84.8,1012.2,59.0,6.3,199.8,17.4,21658,63352,29.0,25.0,26.9,34.6,25.0,29.4,24.2
Scarborough,2025-11-20,88.8,14.528799999999999,95.83,13.9,95.3,1011.2,61.6,6.0,90.1,7.9,21684,63355,28.0,25.0,25.9,32.7,25.0,26.5,23.9
Scarborough,2025-11-21,83.5,9.143999999999998,75.0,11.4,74.6,1011.4,53.9,6.2,191.2,16.4,21711,63359,31.0,25.0,27.4,37.8,25.0,30.5,24.3
Scarborough,2025-11-22,77.6,3.7591999999999994,54.17,15.0,78.1,1011.4,43.8,6.2,222.0,19.3,21739,63363,31.0,26.0,28.0,37.8,26.0,31.1,23.7
Scarborough,2025-11-23,83.1,7.823199999999999,83.33,18.3,76.2,1010.7,49.4,6.2,181.6,15.8,21766,63369,30.0,25.0,27.3,36.2,25.0,30.1,24.2
Scarborough,2025-11-24,82.8,4.3434,75.0,18.1,88.5,1011.0,59.1,6.6,215.7,18.8,21795,63377,30.0,25.0,27.3,36.2,25.0,29.6,24.1
Scarborough,2025-11-25,92.2,15.620999999999999,100.0,16.1,89.4,1012.5,62.2,5.9,174.4,15.1,21823,63385,27.0,24.0,25.4,30.6,24.0,25.8,24.1
Scarborough,2025-11-26,79.4,0.4064,16.67,20.8,80.6,1012.3,50.9,6.2,161.4,13.9,21853,63394,30.0,25.0,27.4,35.1,25.0,29.4,23.4
Scarborough,2025-11-27,78.8,0.4064,16.67,16.1,81.0,1011.5,29.9,6.2,225.2,19.5,21882,63404,30.0,25.0,27.4,35.1,25.0,29.7,23.4
Scarborough,2025-11-28,80.3,1.3208,37.5,17.2,82.9,1011.4,35.9,6.2,213.4,18.5,21912,63415,31.0,25.0,27.4,36.6,25.0,29.7,23.6
Scarborough,2025-11-29,80.3,0.2032,8.33,16.1,81.6,1011.1,46.4,6.1,221.2,19.0,21942,63428,30.0,25.0,26.9,36.2,25.0,29.0,23.2
Scarborough,2025-11-30,77.3,2.4384,79.17,17.2,79.8,1010.3,43.2,6.2,213.4,18.5,21973,63441,30.0,25.0,27.2,35.1,25.0,29.3,22.8
Scarborough,2025-12-01,71.8,0.0,0.0,13.9,80.9,1013.9,19.0,11.3,253.4,21.8,23144,64637,29.9,24.7,27.0,34.7,24.7,28.6,21.4
Scarborough,2025-12-02,86.1,15.798799999999998,87.5,13.9,61.3,1010.4,64.2,5.9,193.1,16.7,22035,63471,30.0,24.0,26.4,36.2,24.0,28.3,23.9
Scarborough,2025-12-03,88.2,55.4736,100.0,21.9,86.1,1011.2,78.9,5.7,92.3,7.9,22067,63487,27.0,24.0,25.3,30.1,24.0,25.4,23.2
Scarborough,2025-12-04,75.3,0.0,0.0,16.1,92.2,1012.9,32.4,8.9,305.0,26.3,21190,65659,31.0,25.2,27.6,35.5,25.2,29.7,22.7
Scarborough,2025-12-05,79.4,1.9049999999999998,20.83,18.3,81.1,1011.9,59.9,6.3,217.4,18.8,22130,63523,30.0,25.0,27.1,35.1,25.0,28.8,23.1
Scarborough,2025-12-06,79.9,5.4102,41.67,16.1,85.7,1012.5,57.9,5.7,213.9,18.3,22162,63542,30.0,24.0,26.8,35.1,24.0,28.7,22.9
Scarborough,2025-12-07,86.7,17.551399999999997,95.83,21.9,85.2,1012.9,64.4,6.2,162.0,13.9,22194,63562,28.0,25.0,26.3,31.9,25.0,27.2,23.8
Scarborough,2025-12-08,81.8,2.032,66.67,15.0,91.7,1012.8,53.7,6.2,218.7,19.0,22226,63583,29.0,25.0,26.9,34.6,25.0,29.0,23.5
Scarborough,2025-12-09,71.3,1.4223999999999999,37.5,16.1,90.4,1012.6,25.0,6.2,246.9,21.3,22258,63604,29.0,26.0,27.2,32.8,26.0,28.6,21.4
Scarborough,2025-12-10,75.1,0.508,16.67,18.3,90.7,1012.6,28.1,6.2,232.8,20.1,22290,63627,30.0,27.0,27.8,35.1,29.2,30.9,22.9
Scarborough,2025-12-11,78.1,0.3048,12.5,15.0,86.0,1012.6,27.6,6.2,230.4,19.8,22322,63650,29.0,24.0,27.1,33.6,24.0,29.1,22.9
Scarborough,2025-12-12,78.3,2.032,54.17,23.0,85.9,1012.0,42.3,6.2,231.3,19.9,22355,63674,30.0,25.0,27.2,35.1,25.0,29.3,23.1
Scarborough,2025-12-13,83.3,2.54,79.17,19.7,81.5,1012.2,51.8,6.2,197.4,17.2,22387,63699,29.0,25.0,26.1,34.6,25.0,26.9,22.9
Scarborough,2025-12-14,79.6,0.7111999999999999,29.17,20.8,92.1,1012.6,37.2,6.2,222.3,19.0,22418,63724,29.0,25.0,27.1,33.6,25.0,29.1,23.3
Scarborough,2025-12-15,78.3,0.4064,16.67,15.0,83.2,1012.5,41.1,6.2,238.4,20.5,22450,63751,30.0,24.0,26.8,34.2,24.0,28.4,22.7
Scarborough,2025-12-16,81.2,2.032,62.5,11.4,84.2,1012.1,51.7,6.2,215.0,18.4,22482,63778,30.0,25.0,26.9,36.2,25.0,29.3,23.4
Scarborough,2025-12-17,79.5,2.7432,50.0,18.3,87.9,1011.7,54.0,6.1,223.4,19.3,22513,63805,29.0,24.0,26.9,33.6,24.0,28.9,23.1
Scarborough,2025-12-18,77.0,0.4064,16.67,15.0,81.0,1011.8,48.1,6.2,229.7,19.8,22544,63833,30.0,24.0,26.5,34.2,24.0,27.9,22.1
Scarborough,2025-12-19,80.7,2.4384,75.0,18.3,71.0,1012.5,67.2,6.9,204.1,17.6,22575,63862,29.0,24.0,25.9,32.8,24.0,26.7,22.2
Scarborough,2025-12-20,78.5,2.2352,75.0,15.0,81.9,1012.6,47.4,6.2,195.8,16.8,22605,63891,29.0,24.0,26.7,33.6,24.0,28.4,22.6
Scarborough,2025-12-21,77.1,0.508,20.83,15.0,80.0,1012.8,27.7,6.2,224.4,19.4,22635,63920,30.0,24.0,26.8,35.1,24.0,28.5,22.3
Scarborough,2025-12-22,74.9,0.1016,4.17,11.4,65.2,1012.2,26.3,6.2,236.1,20.3,22665,63951,29.0,24.0,26.3,32.0,24.0,27.5,21.4
Scarborough,2025-12-23,78.7,1.9304,58.33,16.1,79.6,1011.7,41.9,6.2,209.3,18.0,22694,63981,29.0,24.0,26.3,32.8,24.0,27.7,22.2
Scarborough,2025-12-24,80.1,0.6096,25.0,10.3,39.7,1011.9,34.2,6.2,241.8,21.0,22723,64012,29.0,23.0,25.8,33.6,23.0,27.2,22.1
Scarborough,2025-12-25,85.2,0.4064,16.67,8.1,38.0,1011.8,43.6,6.2,227.1,19.7,22751,64043,29.0,23.0,24.9,32.8,23.0,25.7,22.2
Scarborough,2025-12-26,78.0,0.1016,4.17,11.4,75.3,1012.9,42.5,6.2,231.6,20.0,22779,64075,30.0,23.0,26.3,35.1,23.0,27.7,22.1
Scarborough,2025-12-27,81.6,7.543799999999999,58.33,13.9,47.0,1013.1,57.9,6.1,178.8,15.4,22806,64107,29.0,23.0,26.0,32.8,23.0,27.3,22.6
Scarborough,2025-12-28,90.4,19.6596,91.67,19.7,77.4,1013.2,66.5,5.7,151.4,13.1,22832,64139,28.0,23.0,24.8,31.9,23.0,25.4,23.0
Scarborough,2025-12-29,86.2,15.722599999999998,66.67,16.1,87.8,1013.2,53.6,6.2,120.7,10.3,22858,64171,29.0,24.0,26.3,33.6,24.0,28.2,23.7
Scarborough,2025-12-30,85.3,1.7272,50.0,17.2,92.2,1013.7,44.7,6.2,225.6,19.4,22884,64204,29.0,25.0,26.6,33.6,25.0,28.1,23.9
Scarborough,2025-12-31,78.7,1.4223999999999999,54.17,15.0,94.7,1014.8,26.3,6.2,223.3,19.2,22908,64237,29.0,25.0,27.1,33.6,25.0,29.0,23.1
Scarborough,2026-01-01,77.3,0.0,0.0,15.7,96.6,1014.1,24.8,6.6,220.1,19.0,22932,64270,29.0,25.0,27.0,34.6,25.0,28.8,22.7
Scarborough,2026-01-02,86.3,1.7272,54.17,15.4,79.5,1012.8,45.8,6.2,207.8,17.9,22955,64303,29.0,24.0,25.6,33.6,24.0,26.3,23.1
Scarborough,2026-01-03,81.3,0.4064,16.67,12.8,83.6,1013.1,43.1,6.2,224.5,19.4,22978,64335,29.0,24.0,26.3,33.6,24.0,27.9,22.8
Scarborough,2026-01-04,78.6,0.0,0.0,15.0,83.8,1013.4,29.1,6.6,240.5,20.8,22999,64368,29.0,24.0,26.3,32.8,24.0,27.6,22.2
Scarborough,2026-01-05,79.1,0.0,0.0,10.3,89.3,1012.6,38.8,6.2,237.3,20.5,23020,64401,29.0,23.0,26.0,32.8,23.0,27.3,22.0
Scarborough,2026-01-06,80.0,0.2032,8.33,12.8,89.2,1012.4,43.8,6.5,231.6,20.1,23040,64434,29.0,24.0,26.6,33.6,24.0,28.4,22.8
Scarborough,2026-01-07,80.0,0.1016,4.17,11.4,86.8,1013.6,57.7,6.2,219.5,18.9,23059,64467,30.0,24.0,26.6,35.1,24.0,28.4,22.8
Scarborough,2026-01-08,79.8,0.2032,8.33,16.8,81.5,1013.6,37.1,6.8,225.3,19.7,23077,64500,30.0,24.0,26.6,35.1,24.0,28.3,22.8
Scarborough,2026-01-09,86.7,6.2992,87.5,15.0,75.7,1013.3,70.1,5.9,170.9,14.7,23095,64533,29.0,24.0,25.4,33.6,24.0,25.8,22.9
Scarborough,2026-01-10,81.5,1.6256,66.67,17.2,72.7,1012.6,61.0,6.6,146.2,12.6,23111,64565,30.0,24.0,26.6,35.1,24.0,28.4,23.1
Scarborough,2026-01-11,76.8,1.9304,50.0,17.2,79.6,1012.7,44.1,6.2,223.8,19.4,23127,64597,30.0,24.0,26.7,35.1,24.0,28.2,22.2
Scarborough,2026-01-12,80.3,1.7272,54.17,16.1,81.2,1013.4,63.4,6.4,197.5,17.1,23141,64629,30.0,23.8,26.1,34.2,23.8,27.3,22.2
Scarborough,2026-01-13,82.3,4.571999999999999,83.33,12.8,87.0,1013.1,62.1,6.2,131.7,11.4,23155,64661,29.0,24.0,26.1,33.6,24.0,27.3,22.8
Scarborough,2026-01-14,83.3,2.9464,62.5,17.0,82.5,1012.5,47.6,6.6,203.7,17.6,23167,64693,30.0,24.0,26.6,35.1,24.0,28.4,23.5
Scarborough,2026-01-15,83.9,4.8768,79.17,18.3,86.1,1012.4,63.5,6.2,173.7,15.0,23179,64724,30.0,24.0,26.7,36.2,24.0,28.9,23.8
Scarborough,2026-01-16,81.7,1.9304,75.0,19.7,81.5,1013.1,40.1,6.3,219.4,18.8,23190,64754,30.0,24.0,26.8,35.1,24.0,28.7,23.3
Scarborough,2026-01-17,76.1,0.1016,4.17,19.7,79.8,1013.2,37.5,6.2,246.1,21.3,23199,64785,29.0,25.0,26.5,33.6,25.0,27.9,21.9
Scarborough,2026-01-18,77.0,0.0,0.0,15.0,79.2,1012.5,25.0,6.2,238.8,20.6,23208,64815,30.0,24.0,26.4,34.2,24.0,27.9,22.0
Scarborough,2026-01-19,78.4,0.0,0.0,15.0,84.5,1012.5,25.8,6.4,245.3,21.2,23215,64845,30.0,24.0,26.7,34.2,24.0,28.6,22.6
Scarborough,2026-01-20,79.5,1.3208,41.67,16.1,81.6,1012.3,27.0,6.2,227.3,19.6,23222,64874,30.0,24.0,26.6,34.2,24.0,28.3,22.7
Scarborough,2026-01-21,78.1,1.7272,41.67,17.2,84.4,1011.8,25.0,6.2,216.6,18.7,23227,64903,30.0,24.0,26.6,34.2,24.0,28.1,22.4
Scarborough,2026-01-22,80.2,3.8608,75.0,15.4,83.8,1011.7,28.9,6.6,208.5,17.9,23232,64931,30.0,24.0,26.8,35.1,24.0,28.8,23.1
Scarborough,2026-01-23,88.7,2.7432,41.67,12.8,91.2,1012.5,53.8,5.6,214.5,18.5,23235,64959,28.8,23.0,25.6,33.9,23.0,26.6,23.6
Scarborough,2026-01-24,82.7,3.4544,83.33,17.2,82.7,1012.9,24.5,6.3,219.6,19.1,23237,64986,29.1,24.0,26.4,33.6,24.0,28.1,23.2
Scarborough,2026-01-25,81.7,3.2512,79.17,20.8,83.7,1014.0,44.0,6.2,233.7,20.0,23238,65013,29.0,24.0,26.1,33.6,24.0,27.3,22.7
Scarborough,2026-01-26,77.3,0.8128,25.0,21.9,81.0,1014.8,28.3,6.2,239.7,20.7,23239,65039,29.0,24.0,26.6,32.8,24.0,27.9,22.2
Scarborough,2026-01-27,75.1,0.6096,25.0,18.3,80.9,1015.2,25.0,6.2,249.0,21.5,23238,65065,30.0,24.0,26.4,33.3,24.0,27.6,21.6
Scarborough,2026-01-28,76.1,0.0,0.0,15.0,77.9,1014.2,25.0,6.2,255.2,22.1,23236,65090,30.0,24.0,26.3,35.1,24.0,27.8,21.7
Scarborough,2026-01-29,84.2,3.8608,66.67,10.3,84.1,1013.8,31.9,6.6,214.9,18.4,23233,65114,30.0,24.3,26.6,36.2,24.3,28.3,23.6
Scarborough,2026-01-30,87.7,8.382,95.83,18.3,101.0,1013.8,74.8,5.9,181.2,15.6,23228,65138,29.0,24.0,26.4,34.6,24.0,28.2,24.1
Scarborough,2026-01-31,83.0,1.2192,29.17,18.3,94.9,1013.6,44.5,6.2,209.5,17.9,23223,65161,29.0,26.0,27.2,34.6,26.0,29.9,24.1
Scarborough,2026-02-01,80.2,0.0,0.0,13.9,102.3,1013.9,29.7,6.2,249.8,21.6,23217,65184,30.0,25.0,27.1,35.1,25.0,29.1,23.4
Scarborough,2026-02-02,78.2,0.4064,12.5,12.8,90.2,1015.0,42.5,6.2,242.6,21.0,23210,65206,30.0,24.0,27.1,35.1,24.0,29.2,22.9
Scarborough,2026-02-03,80.1,1.2192,50.0,15.0,87.0,1015.3,42.5,6.2,231.4,20.0,23202,65228,30.0,25.0,26.9,35.1,25.0,28.7,23.1
Scarborough,2026-02-04,75.6,0.8128,25.0,18.3,84.5,1015.5,33.6,6.2,227.6,19.8,23192,65249,29.0,24.0,26.7,32.8,24.0,28.0,21.9
Scarborough,2026-02-05,74.9,1.2192,41.67,15.0,92.2,1014.1,24.5,6.4,228.3,19.8,23182,65269,30.0,24.0,26.7,34.2,24.0,27.9,21.8
Scarborough,2026-02-06,77.1,0.0,0.0,12.8,94.3,1013.9,26.8,6.2,264.6,22.9,23171,65289,30.0,25.0,26.8,35.1,25.0,28.3,22.4
Scarborough,2026-02-07,80.1,1.7272,58.33,9.2,110.6,1014.1,25.0,6.2,238.4,20.5,23159,65308,30.0,24.0,26.9,36.2,24.0,29.1,23.2
Scarborough,2026-02-08,77.8,0.9143999999999999,25.0,9.2,107.6,1015.5,25.0,6.2,264.0,22.7,23145,65326,30.0,25.0,27.3,35.1,25.0,29.2,23.0
Scarborough,2026-02-09,80.2,2.3367999999999998,66.67,12.8,90.9,1015.2,27.1,6.2,225.9,19.6,23131,65344,30.0,24.0,27.1,35.1,24.0,29.3,23.3
Scarborough,2026-02-10,75.8,0.1016,4.17,16.1,89.6,1015.4,25.0,6.2,267.3,23.1,23116,65361,30.0,25.0,27.0,34.2,25.0,28.6,22.3
Scarborough,2026-02-11,75.0,1.2192,37.5,19.7,89.5,1015.1,33.2,6.2,245.7,21.2,23100,65377,30.0,23.0,26.8,35.1,23.0,28.4,21.9
Scarborough,2026-02-12,77.7,0.4064,12.5,16.1,95.8,1014.8,36.8,6.1,246.9,21.4,23083,65393,30.0,23.0,27.0,34.2,23.0,28.9,22.7
Scarborough,2026-02-13,76.2,1.016,37.5,22.1,95.9,1013.9,29.0,6.6,226.2,19.6,23065,65408,30.0,26.0,27.3,35.1,26.0,29.3,22.7
Scarborough,2026-02-14,82.5,0.508,20.83,13.9,88.0,1013.6,53.2,6.0,255.9,22.1,23046,65423,29.0,23.0,26.3,33.6,23.0,27.6,23.0
Scarborough,2026-02-15,79.6,0.4064,16.67,15.0,88.1,1013.5,32.9,6.5,248.5,21.6,23026,65437,30.0,24.0,26.6,35.1,24.0,28.3,22.7
Scarborough,2026-02-16,78.4,0.7111999999999999,20.83,17.2,84.4,1014.1,44.4,6.2,256.3,22.2,23006,65450,30.0,23.0,26.4,34.2,23.0,27.9,22.3
Scarborough,2026-02-17,78.5,1.8287999999999998,75.0,17.2,102.2,1014.3,36.9,6.2,248.5,21.7,22984,65463,30.0,25.0,27.1,35.1,25.0,29.2,23.0
Scarborough,2026-02-18,80.0,1.4223999999999999,54.17,17.2,86.8,1014.3,31.5,6.6,259.9,22.5,22962,65475,30.0,24.8,26.7,35.1,24.8,28.4,22.9
Scarborough,2026-02-19,80.6,2.1336,79.17,18.3,92.1,1013.6,53.8,6.0,231.3,19.9,22939,65487,29.0,24.0,26.3,32.8,24.0,27.9,22.6
Scarborough,2026-02-20,76.8,1.4223999999999999,54.17,21.9,80.1,1013.9,27.0,6.2,260.3,22.5,22915,65498,29.0,24.0,26.3,32.8,24.0,27.6,21.8
Scarborough,2026-02-21,75.9,0.3048,12.5,19.7,85.3,1014.6,32.0,6.2,258.7,22.5,22891,65509,30.0,24.0,26.7,34.2,24.0,28.3,22.1
Scarborough,2026-02-22,76.6,0.7111999999999999,29.17,17.2,84.8,1014.7,25.0,6.0,261.2,22.6,22866,65519,29.0,25.0,26.8,32.8,25.0,28.2,22.3
Scarborough,2026-02-23,74.9,0.1016,4.17,13.9,96.4,1013.6,32.2,5.6,286.1,24.7,22840,65528,29.0,25.0,26.9,32.8,25.0,28.5,22.1
Scarborough,2026-02-24,74.4,1.2192,33.33,18.3,93.9,1013.3,39.6,6.1,260.2,22.6,22813,65537,29.0,25.0,26.9,32.0,25.0,27.9,21.9
Scarborough,2026-02-25,74.5,0.6096,16.67,16.1,87.7,1013.7,27.5,6.2,265.3,23.1,22786,65545,30.0,24.0,26.9,34.2,24.0,28.3,21.9
Scarborough,2026-02-26,76.4,1.5239999999999998,41.67,20.8,84.2,1014.5,21.9,6.7,259.1,22.3,22758,65553,29.0,25.0,26.8,32.8,25.0,28.4,22.3
Scarborough,2026-02-27,73.9,1.1176,29.17,18.3,90.2,1014.3,13.8,7.5,261.1,22.4,22729,65561,29.8,23.0,26.4,33.7,23.0,27.6,21.3
Scarborough,2026-02-28,72.5,0.8128,33.33,15.0,103.3,1014.0,10.7,8.0,235.5,20.3,22700,65568,29.7,25.1,26.9,33.4,25.1,28.2,21.5
Scarborough,2026-03-01,74.3,1.8287999999999998,58.33,17.2,98.2,1013.5,11.1,7.9,256.9,22.3,22670,65574,29.8,24.9,26.9,33.6,24.9,28.2,21.8
Scarborough,2026-03-02,79.8,1.5239999999999998,58.33,18.3,99.7,1012.7,16.5,8.1,247.2,21.4,22640,65580,28.9,23.1,26.3,33.2,23.1,27.6,22.4
Scarborough,2026-03-03,72.4,0.1016,4.17,21.9,94.8,1012.4,10.7,8.7,268.7,23.1,22609,65586,29.9,25.9,27.1,33.8,25.9,28.4,21.6
Scarborough,2026-03-04,77.3,1.6256,45.83,21.9,88.7,1013.0,16.0,7.7,260.8,22.5,22577,65591,29.1,23.2,25.8,31.7,23.2,26.7,21.4
Scarborough,2026-03-05,75.1,1.7272,62.5,18.3,87.9,1013.2,10.7,8.3,255.6,22.0,22545,65596,28.7,24.1,26.1,31.7,24.1,27.2,21.3
Scarborough,2026-03-06,74.0,0.6096,25.0,20.8,80.7,1013.1,11.8,8.6,254.0,22.0,22513,65601,29.9,23.8,26.3,33.2,23.8,27.3,21.2
Scarborough,2026-03-07,78.5,1.2192,29.17,19.5,72.8,1012.8,13.3,8.1,250.7,21.7,22480,65605,29.9,23.9,25.7,33.8,23.9,26.3,21.6
Scarborough,2026-03-08,75.2,0.1016,4.17,20.8,85.6,1012.6,11.6,8.7,281.2,24.2,22447,65609,29.1,23.1,25.9,31.5,23.1,26.7,21.1
Scarborough,2026-03-09,72.1,0.4064,12.5,21.9,85.8,1014.3,10.7,9.0,280.7,24.2,22413,65612,29.7,24.0,26.5,32.8,24.0,27.6,21.0
Scarborough,2026-03-10,68.4,0.0,0.0,21.9,85.3,1014.1,10.7,9.1,276.9,24.0,22379,65615,28.8,24.8,26.4,30.5,24.8,27.1,20.1
Scarborough,2026-03-11,74.8,1.1176,45.83,18.3,84.8,1014.0,11.1,9.0,237.1,20.5,22345,65618,28.9,24.1,26.0,32.2,24.1,27.0,21.2
Scarborough,2026-03-12,73.5,0.4064,16.67,17.2,86.6,1013.5,12.0,8.6,254.0,21.8,22310,65621,29.2,24.8,26.4,32.6,24.8,27.6,21.3
Scarborough,2026-03-13,73.7,0.4064,16.67,19.7,88.5,1013.7,12.5,8.7,266.2,23.1,22275,65623,29.9,24.2,26.6,32.9,24.2,27.6,21.4
Scarborough,2026-03-14,74.2,0.4064,16.67,16.1,82.9,1013.7,12.9,8.4,280.8,24.3,22240,65625,30.0,23.7,26.2,33.3,23.7,27.3,21.2
Scarborough,2026-03-15,83.8,2.6416,62.5,21.9,92.8,1012.8,15.4,9.1,241.1,20.8,22204,65627,29.7,24.2,26.0,34.7,24.2,27.3,23.0
Scarborough,2026-03-16,72.6,1.5239999999999998,29.17,23.0,84.9,1014.0,13.4,9.1,260.5,22.5,22168,65629,29.1,24.8,26.7,32.0,24.8,27.8,21.3
Scarborough,2026-03-17,70.7,0.9143999999999999,29.17,21.9,89.2,1013.9,12.3,9.2,254.3,22.0,22132,65630,28.9,23.8,26.3,31.7,23.8,27.2,20.5
Scarborough,2026-03-18,75.2,1.3208,45.83,19.7,84.4,1013.6,16.1,8.1,263.3,22.8,22096,65631,28.2,23.2,25.5,30.6,23.2,25.9,20.7
Scarborough,2026-03-19,74.1,0.508,20.83,20.8,82.4,1012.6,12.2,7.8,283.0,24.5,22060,65633,29.0,23.0,25.9,32.0,23.0,26.7,20.8
Scarborough,2026-03-20,73.0,0.0,0.0,18.3,88.9,1011.8,10.7,8.7,268.6,23.1,22024,65634,28.7,22.2,25.7,31.1,22.2,26.4,20.4
Scarborough,2026-03-21,68.6,0.2032,8.33,13.9,109.9,1011.2,10.7,10.2,316.8,27.5,21987,65635,28.9,22.9,26.2,30.4,22.9,26.7,19.8
Scarborough,2026-03-22,76.9,0.0,0.0,10.3,114.9,1011.3,10.7,12.5,302.8,26.2,21950,65635,29.1,23.0,26.3,32.9,23.0,27.8,21.8
Scarborough,2026-03-23,81.8,2.7432,83.33,15.4,103.4,1011.4,11.9,11.0,259.6,22.6,21914,65636,30.2,24.9,27.4,36.2,24.9,29.9,23.9
Scarborough,2026-03-24,76.8,1.1176,33.33,17.2,92.5,1012.2,11.1,9.0,278.8,24.0,21877,65637,30.1,25.8,27.4,34.3,25.8,29.1,22.9
Scarborough,2026-03-25,72.4,0.2032,8.33,15.0,82.2,1012.3,10.4,9.0,288.4,25.0,21840,65638,30.2,24.8,26.6,32.9,24.8,27.4,21.1
Scarborough,2026-03-26,73.0,0.3048,12.5,17.2,86.0,1012.2,16.7,7.9,272.9,23.7,21803,65638,29.9,24.1,26.8,33.2,24.1,28.0,21.4
Scarborough,2026-03-27,74.2,0.0,0.0,17.2,89.8,1011.5,25.0,6.2,269.1,23.1,21766,65639,29.9,23.9,26.6,33.2,23.9,27.8,21.5
Scarborough,2026-03-28,75.1,0.0,0.0,15.0,97.2,1012.2,30.5,6.6,291.6,25.1,21730,65639,29.9,23.9,27.1,34.1,23.9,28.8,22.2
Scarborough,2026-03-29,76.5,0.0,0.0,15.0,90.4,1012.3,30.2,6.2,288.1,24.9,21693,65640,29.9,24.9,26.8,33.2,24.9,28.3,22.3
Scarborough,2026-03-30,72.4,0.508,20.83,13.9,87.7,1012.5,28.0,6.6,260.5,22.4,21656,65641,29.9,23.9,26.8,34.1,23.9,28.0,21.3
Scarborough,2026-03-31,78.0,1.7272,25.0,10.3,51.7,1012.4,30.2,6.2,277.5,24.0,21620,65641,27.9,23.9,25.9,31.2,23.9,26.8,21.7
Scarborough,2026-04-01,77.3,0.9143999999999999,33.33,16.1,83.6,1011.9,27.5,6.6,298.5,25.8,21584,65642,28.9,23.9,25.9,32.6,23.9,26.9,21.6
Scarborough,2026-04-02,75.0,0.4064,12.5,17.7,83.6,1012.3,23.3,7.3,314.9,27.1,21547,65643,29.9,22.9,26.7,34.1,22.9,28.2,21.8
Scarborough,2026-04-03,75.4,2.0065999999999997,29.17,13.9,88.7,1012.6,27.1,6.2,314.2,27.1,21511,65644,30.9,23.9,26.9,34.4,23.9,28.4,22.1
Scarborough,2026-04-04,79.5,10.3124,75.0,19.7,87.7,1012.7,36.5,6.0,280.0,24.3,21476,65645,29.9,23.9,26.9,35.0,23.9,28.6,22.9
